INFO:root:*** PARAMETERS ***
INFO:root:{'adj_mat_time_window': 1,
 'adj_mat_time_window_max': 10,
 'adj_mat_time_window_min': 1,
 'class_weights': [1.0, 10.0],
 'comments': ['comments'],
 'data': 'sp',
 'data_loading_params': {'batch_size': 1, 'num_workers': 0},
 'dev_proportion': 0.125,
 'device': 'cpu',
 'early_stop_patience': 100,
 'eval_after_epochs': 5,
 'gcn_parameters': {'cls_feats': 306,
                    'cls_feats_max': 420,
                    'cls_feats_min': 60,
                    'feats_per_node': 30,
                    'feats_per_node_max': 187,
                    'feats_per_node_min': 18,
                    'k_top_grcu': 200,
                    'layer_1_feats': 46,
                    'layer_1_feats_max': 300,
                    'layer_1_feats_min': 18,
                    'layer_2_feats': 46,
                    'layer_2_feats_same_as_l1': True,
                    'lstm_l1_feats': 75,
                    'lstm_l1_feats_max': 300,
                    'lstm_l1_feats_min': 30,
                    'lstm_l1_layers': 1,
                    'lstm_l2_feats': 75,
                    'lstm_l2_feats_same_as_l1': True,
                    'lstm_l2_layers': 1,
                    'num_layers': 2},
 'learning_rate': 0.001,
 'learning_rate_max': 0.02,
 'learning_rate_min': 0.001,
 'model': 'egcn_h',
 'negative_mult_test': 100,
 'negative_mult_training': 20,
 'num_epochs': 2000,
 'num_hist_steps': 5,
 'num_hist_steps_max': 21,
 'num_hist_steps_min': 3,
 'rank': 0,
 'save_node_embeddings': False,
 'seed': 1234,
 'smart_neg_sampling': False,
 'sp_args': <utils.Namespace object at 0x7f810d38c550>,
 'steps_accum_gradients': 1,
 'target_class': 1,
 'target_measure': 'F1',
 'task': 'node_cls',
 'train_proportion': 0.75,
 'use_1_hot_node_feats': False,
 'use_2_hot_node_feats': False,
 'use_cuda': False,
 'use_logfile': True,
 'wsize': 1}
INFO:root:
INFO:root:################ TRAIN epoch 0 ###################
INFO:root:TRAIN mean losses tensor(11.5390)
INFO:root:TRAIN mean errors 0.03333333507180214
INFO:root:TRAIN mean MRR 0.0 - mean MAP 1.0
INFO:root:TRAIN tp {0: tensor(0), 1: tensor(1363)},fn {0: tensor(0), 1: tensor(47)},fp {0: tensor(47), 1: tensor(0)}
INFO:root:TRAIN measures microavg - precision 0.9667 - recall 0.9667 - f1 0.9667 
INFO:root:TRAIN measures for class 0 - precision 0.0000 - recall 0.0000 - f1 0.0000 
INFO:root:TRAIN measures for class 1 - precision 1.0000 - recall 0.9667 - f1 0.9831 
INFO:root:TRAIN measures@10 microavg - precision 1.0000 - recall 0.2128 - f1 0.3509 
INFO:root:TRAIN measures@10 for class 0 - precision 0.0000 - recall 0.0000 - f1 0.0000 
INFO:root:TRAIN measures@10 for class 1 - precision 1.0000 - recall 0.2128 - f1 0.3509 
INFO:root:TRAIN measures@100 microavg - precision 1.0000 - recall 1.0000 - f1 1.0000 
INFO:root:TRAIN measures@100 for class 0 - precision 0.0000 - recall 0.0000 - f1 0.0000 
INFO:root:TRAIN measures@100 for class 1 - precision 1.0000 - recall 1.0000 - f1 1.0000 
INFO:root:TRAIN measures@1000 microavg - precision 1.0000 - recall 1.0000 - f1 1.0000 
INFO:root:TRAIN measures@1000 for class 0 - precision 0.0000 - recall 0.0000 - f1 0.0000 
INFO:root:TRAIN measures@1000 for class 1 - precision 1.0000 - recall 1.0000 - f1 1.0000 
INFO:root:TRAIN Total epoch time: 0.9299143709999953
INFO:root:################ TRAIN epoch 1 ###################
INFO:root:TRAIN mean losses tensor(0.)
INFO:root:TRAIN mean errors 0.0
INFO:root:TRAIN mean MRR 0.0 - mean MAP 1.0
INFO:root:TRAIN tp {0: tensor(0), 1: tensor(1410)},fn {0: tensor(0), 1: tensor(0)},fp {0: tensor(0), 1: tensor(0)}
INFO:root:TRAIN measures microavg - precision 1.0000 - recall 1.0000 - f1 1.0000 
INFO:root:TRAIN measures for class 0 - precision 0.0000 - recall 0.0000 - f1 0.0000 
INFO:root:TRAIN measures for class 1 - precision 1.0000 - recall 1.0000 - f1 1.0000 
INFO:root:TRAIN measures@10 microavg - precision 1.0000 - recall 0.2128 - f1 0.3509 
INFO:root:TRAIN measures@10 for class 0 - precision 0.0000 - recall 0.0000 - f1 0.0000 
INFO:root:TRAIN measures@10 for class 1 - precision 1.0000 - recall 0.2128 - f1 0.3509 
INFO:root:TRAIN measures@100 microavg - precision 1.0000 - recall 1.0000 - f1 1.0000 
INFO:root:TRAIN measures@100 for class 0 - precision 0.0000 - recall 0.0000 - f1 0.0000 
INFO:root:TRAIN measures@100 for class 1 - precision 1.0000 - recall 1.0000 - f1 1.0000 
INFO:root:TRAIN measures@1000 microavg - precision 1.0000 - recall 1.0000 - f1 1.0000 
INFO:root:TRAIN measures@1000 for class 0 - precision 0.0000 - recall 0.0000 - f1 0.0000 
INFO:root:TRAIN measures@1000 for class 1 - precision 1.0000 - recall 1.0000 - f1 1.0000 
INFO:root:TRAIN Total epoch time: 0.5205151200002547
INFO:root:################ TRAIN epoch 2 ###################
INFO:root:TRAIN mean losses tensor(0.)
INFO:root:TRAIN mean errors 0.0
INFO:root:TRAIN mean MRR 0.0 - mean MAP 1.0
INFO:root:TRAIN tp {0: tensor(0), 1: tensor(1410)},fn {0: tensor(0), 1: tensor(0)},fp {0: tensor(0), 1: tensor(0)}
INFO:root:TRAIN measures microavg - precision 1.0000 - recall 1.0000 - f1 1.0000 
INFO:root:TRAIN measures for class 0 - precision 0.0000 - recall 0.0000 - f1 0.0000 
INFO:root:TRAIN measures for class 1 - precision 1.0000 - recall 1.0000 - f1 1.0000 
INFO:root:TRAIN measures@10 microavg - precision 1.0000 - recall 0.2128 - f1 0.3509 
INFO:root:TRAIN measures@10 for class 0 - precision 0.0000 - recall 0.0000 - f1 0.0000 
INFO:root:TRAIN measures@10 for class 1 - precision 1.0000 - recall 0.2128 - f1 0.3509 
INFO:root:TRAIN measures@100 microavg - precision 1.0000 - recall 1.0000 - f1 1.0000 
INFO:root:TRAIN measures@100 for class 0 - precision 0.0000 - recall 0.0000 - f1 0.0000 
INFO:root:TRAIN measures@100 for class 1 - precision 1.0000 - recall 1.0000 - f1 1.0000 
INFO:root:TRAIN measures@1000 microavg - precision 1.0000 - recall 1.0000 - f1 1.0000 
INFO:root:TRAIN measures@1000 for class 0 - precision 0.0000 - recall 0.0000 - f1 0.0000 
INFO:root:TRAIN measures@1000 for class 1 - precision 1.0000 - recall 1.0000 - f1 1.0000 
INFO:root:TRAIN Total epoch time: 0.5270276659998672
INFO:root:################ TRAIN epoch 3 ###################
INFO:root:TRAIN mean losses tensor(0.)
INFO:root:TRAIN mean errors 0.0
INFO:root:TRAIN mean MRR 0.0 - mean MAP 1.0
INFO:root:TRAIN tp {0: tensor(0), 1: tensor(1410)},fn {0: tensor(0), 1: tensor(0)},fp {0: tensor(0), 1: tensor(0)}
INFO:root:TRAIN measures microavg - precision 1.0000 - recall 1.0000 - f1 1.0000 
INFO:root:TRAIN measures for class 0 - precision 0.0000 - recall 0.0000 - f1 0.0000 
INFO:root:TRAIN measures for class 1 - precision 1.0000 - recall 1.0000 - f1 1.0000 
INFO:root:TRAIN measures@10 microavg - precision 1.0000 - recall 0.2128 - f1 0.3509 
INFO:root:TRAIN measures@10 for class 0 - precision 0.0000 - recall 0.0000 - f1 0.0000 
INFO:root:TRAIN measures@10 for class 1 - precision 1.0000 - recall 0.2128 - f1 0.3509 
INFO:root:TRAIN measures@100 microavg - precision 1.0000 - recall 1.0000 - f1 1.0000 
INFO:root:TRAIN measures@100 for class 0 - precision 0.0000 - recall 0.0000 - f1 0.0000 
INFO:root:TRAIN measures@100 for class 1 - precision 1.0000 - recall 1.0000 - f1 1.0000 
INFO:root:TRAIN measures@1000 microavg - precision 1.0000 - recall 1.0000 - f1 1.0000 
INFO:root:TRAIN measures@1000 for class 0 - precision 0.0000 - recall 0.0000 - f1 0.0000 
INFO:root:TRAIN measures@1000 for class 1 - precision 1.0000 - recall 1.0000 - f1 1.0000 
INFO:root:TRAIN Total epoch time: 0.49372850999998263
INFO:root:################ TRAIN epoch 4 ###################
INFO:root:TRAIN mean losses tensor(0.)
INFO:root:TRAIN mean errors 0.0
INFO:root:TRAIN mean MRR 0.0 - mean MAP 1.0
INFO:root:TRAIN tp {0: tensor(0), 1: tensor(1410)},fn {0: tensor(0), 1: tensor(0)},fp {0: tensor(0), 1: tensor(0)}
INFO:root:TRAIN measures microavg - precision 1.0000 - recall 1.0000 - f1 1.0000 
INFO:root:TRAIN measures for class 0 - precision 0.0000 - recall 0.0000 - f1 0.0000 
INFO:root:TRAIN measures for class 1 - precision 1.0000 - recall 1.0000 - f1 1.0000 
INFO:root:TRAIN measures@10 microavg - precision 1.0000 - recall 0.2128 - f1 0.3509 
INFO:root:TRAIN measures@10 for class 0 - precision 0.0000 - recall 0.0000 - f1 0.0000 
INFO:root:TRAIN measures@10 for class 1 - precision 1.0000 - recall 0.2128 - f1 0.3509 
INFO:root:TRAIN measures@100 microavg - precision 1.0000 - recall 1.0000 - f1 1.0000 
INFO:root:TRAIN measures@100 for class 0 - precision 0.0000 - recall 0.0000 - f1 0.0000 
INFO:root:TRAIN measures@100 for class 1 - precision 1.0000 - recall 1.0000 - f1 1.0000 
INFO:root:TRAIN measures@1000 microavg - precision 1.0000 - recall 1.0000 - f1 1.0000 
INFO:root:TRAIN measures@1000 for class 0 - precision 0.0000 - recall 0.0000 - f1 0.0000 
INFO:root:TRAIN measures@1000 for class 1 - precision 1.0000 - recall 1.0000 - f1 1.0000 
INFO:root:TRAIN Total epoch time: 0.479964955000014
INFO:root:################ TRAIN epoch 5 ###################
INFO:root:TRAIN mean losses tensor(0.)
INFO:root:TRAIN mean errors 0.0
INFO:root:TRAIN mean MRR 0.0 - mean MAP 1.0
INFO:root:TRAIN tp {0: tensor(0), 1: tensor(1410)},fn {0: tensor(0), 1: tensor(0)},fp {0: tensor(0), 1: tensor(0)}
INFO:root:TRAIN measures microavg - precision 1.0000 - recall 1.0000 - f1 1.0000 
INFO:root:TRAIN measures for class 0 - precision 0.0000 - recall 0.0000 - f1 0.0000 
INFO:root:TRAIN measures for class 1 - precision 1.0000 - recall 1.0000 - f1 1.0000 
INFO:root:TRAIN measures@10 microavg - precision 1.0000 - recall 0.2128 - f1 0.3509 
INFO:root:TRAIN measures@10 for class 0 - precision 0.0000 - recall 0.0000 - f1 0.0000 
INFO:root:TRAIN measures@10 for class 1 - precision 1.0000 - recall 0.2128 - f1 0.3509 
INFO:root:TRAIN measures@100 microavg - precision 1.0000 - recall 1.0000 - f1 1.0000 
INFO:root:TRAIN measures@100 for class 0 - precision 0.0000 - recall 0.0000 - f1 0.0000 
INFO:root:TRAIN measures@100 for class 1 - precision 1.0000 - recall 1.0000 - f1 1.0000 
INFO:root:TRAIN measures@1000 microavg - precision 1.0000 - recall 1.0000 - f1 1.0000 
INFO:root:TRAIN measures@1000 for class 0 - precision 0.0000 - recall 0.0000 - f1 0.0000 
INFO:root:TRAIN measures@1000 for class 1 - precision 1.0000 - recall 1.0000 - f1 1.0000 
INFO:root:TRAIN Total epoch time: 0.48304743899961977
INFO:root:################ TRAIN epoch 6 ###################
INFO:root:TRAIN mean losses tensor(0.)
INFO:root:TRAIN mean errors 0.0
INFO:root:TRAIN mean MRR 0.0 - mean MAP 1.0
INFO:root:TRAIN tp {0: tensor(0), 1: tensor(1410)},fn {0: tensor(0), 1: tensor(0)},fp {0: tensor(0), 1: tensor(0)}
INFO:root:TRAIN measures microavg - precision 1.0000 - recall 1.0000 - f1 1.0000 
INFO:root:TRAIN measures for class 0 - precision 0.0000 - recall 0.0000 - f1 0.0000 
INFO:root:TRAIN measures for class 1 - precision 1.0000 - recall 1.0000 - f1 1.0000 
INFO:root:TRAIN measures@10 microavg - precision 1.0000 - recall 0.2128 - f1 0.3509 
INFO:root:TRAIN measures@10 for class 0 - precision 0.0000 - recall 0.0000 - f1 0.0000 
INFO:root:TRAIN measures@10 for class 1 - precision 1.0000 - recall 0.2128 - f1 0.3509 
INFO:root:TRAIN measures@100 microavg - precision 1.0000 - recall 1.0000 - f1 1.0000 
INFO:root:TRAIN measures@100 for class 0 - precision 0.0000 - recall 0.0000 - f1 0.0000 
INFO:root:TRAIN measures@100 for class 1 - precision 1.0000 - recall 1.0000 - f1 1.0000 
INFO:root:TRAIN measures@1000 microavg - precision 1.0000 - recall 1.0000 - f1 1.0000 
INFO:root:TRAIN measures@1000 for class 0 - precision 0.0000 - recall 0.0000 - f1 0.0000 
INFO:root:TRAIN measures@1000 for class 1 - precision 1.0000 - recall 1.0000 - f1 1.0000 
INFO:root:TRAIN Total epoch time: 0.5703730930003985
INFO:root:################ VALID epoch 6 ###################
INFO:root:VALID mean losses tensor(0.)
INFO:root:VALID mean errors 0.0
INFO:root:VALID mean MRR 0.0 - mean MAP 1.0
INFO:root:VALID tp {0: tensor(0), 1: tensor(282)},fn {0: tensor(0), 1: tensor(0)},fp {0: tensor(0), 1: tensor(0)}
INFO:root:VALID measures microavg - precision 1.0000 - recall 1.0000 - f1 1.0000 
INFO:root:VALID measures for class 0 - precision 0.0000 - recall 0.0000 - f1 0.0000 
INFO:root:VALID measures for class 1 - precision 1.0000 - recall 1.0000 - f1 1.0000 
INFO:root:VALID measures@10 microavg - precision 1.0000 - recall 0.2128 - f1 0.3509 
INFO:root:VALID measures@10 for class 0 - precision 0.0000 - recall 0.0000 - f1 0.0000 
INFO:root:VALID measures@10 for class 1 - precision 1.0000 - recall 0.2128 - f1 0.3509 
INFO:root:VALID measures@100 microavg - precision 1.0000 - recall 1.0000 - f1 1.0000 
INFO:root:VALID measures@100 for class 0 - precision 0.0000 - recall 0.0000 - f1 0.0000 
INFO:root:VALID measures@100 for class 1 - precision 1.0000 - recall 1.0000 - f1 1.0000 
INFO:root:VALID measures@1000 microavg - precision 1.0000 - recall 1.0000 - f1 1.0000 
INFO:root:VALID measures@1000 for class 0 - precision 0.0000 - recall 0.0000 - f1 0.0000 
INFO:root:VALID measures@1000 for class 1 - precision 1.0000 - recall 1.0000 - f1 1.0000 
INFO:root:VALID Total epoch time: 0.06291532099976394
INFO:root:################ TEST epoch 6 ###################
INFO:root:TEST batch 1 / 7 - partial error 0.0000 - partial loss 0.0000 - partial MRR  0.0000 - partial MAP 1.0000
INFO:root:TEST batch 1 / 7 -  partial tp {0: tensor(0), 1: tensor(47)},fn {0: tensor(0), 1: tensor(0)},fp {0: tensor(0), 1: tensor(0)}
INFO:root:TEST batch 1 / 7 - measures partial microavg - precision 1.0000 - recall 1.0000 - f1 1.0000 
INFO:root:TEST batch 1 / 7 - measures partial for class 0 - precision 0.0000 - recall 0.0000 - f1 0.0000 
INFO:root:TEST batch 1 / 7 - measures partial for class 1 - precision 1.0000 - recall 1.0000 - f1 1.0000 
INFO:root:TEST batch 1 / 7 - Batch time 0 
INFO:root:TEST batch 2 / 7 - partial error 0.0106 - partial loss 9.1364 - partial MRR  0.0000 - partial MAP 0.9894
INFO:root:TEST batch 2 / 7 -  partial tp {0: tensor(0), 1: tensor(46)},fn {0: tensor(1), 1: tensor(0)},fp {0: tensor(0), 1: tensor(1)}
INFO:root:TEST batch 2 / 7 - measures partial microavg - precision 0.9787 - recall 0.9787 - f1 0.9787 
INFO:root:TEST batch 2 / 7 - measures partial for class 0 - precision 0.0000 - recall 0.0000 - f1 0.0000 
INFO:root:TEST batch 2 / 7 - measures partial for class 1 - precision 0.9787 - recall 1.0000 - f1 0.9892 
INFO:root:TEST batch 2 / 7 - Batch time 0 
INFO:root:TEST batch 3 / 7 - partial error 0.0071 - partial loss 6.0909 - partial MRR  0.0000 - partial MAP 0.9929
INFO:root:TEST batch 3 / 7 -  partial tp {0: tensor(0), 1: tensor(47)},fn {0: tensor(0), 1: tensor(0)},fp {0: tensor(0), 1: tensor(0)}
INFO:root:TEST batch 3 / 7 - measures partial microavg - precision 1.0000 - recall 1.0000 - f1 1.0000 
INFO:root:TEST batch 3 / 7 - measures partial for class 0 - precision 0.0000 - recall 0.0000 - f1 0.0000 
INFO:root:TEST batch 3 / 7 - measures partial for class 1 - precision 1.0000 - recall 1.0000 - f1 1.0000 
INFO:root:TEST batch 3 / 7 - Batch time 0 
INFO:root:TEST batch 4 / 7 - partial error 0.0053 - partial loss 4.5682 - partial MRR  0.0000 - partial MAP 0.9947
INFO:root:TEST batch 4 / 7 -  partial tp {0: tensor(0), 1: tensor(47)},fn {0: tensor(0), 1: tensor(0)},fp {0: tensor(0), 1: tensor(0)}
INFO:root:TEST batch 4 / 7 - measures partial microavg - precision 1.0000 - recall 1.0000 - f1 1.0000 
INFO:root:TEST batch 4 / 7 - measures partial for class 0 - precision 0.0000 - recall 0.0000 - f1 0.0000 
INFO:root:TEST batch 4 / 7 - measures partial for class 1 - precision 1.0000 - recall 1.0000 - f1 1.0000 
INFO:root:TEST batch 4 / 7 - Batch time 0 
INFO:root:TEST batch 5 / 7 - partial error 0.0043 - partial loss 3.6546 - partial MRR  0.0000 - partial MAP 0.9957
INFO:root:TEST batch 5 / 7 -  partial tp {0: tensor(0), 1: tensor(47)},fn {0: tensor(0), 1: tensor(0)},fp {0: tensor(0), 1: tensor(0)}
INFO:root:TEST batch 5 / 7 - measures partial microavg - precision 1.0000 - recall 1.0000 - f1 1.0000 
INFO:root:TEST batch 5 / 7 - measures partial for class 0 - precision 0.0000 - recall 0.0000 - f1 0.0000 
INFO:root:TEST batch 5 / 7 - measures partial for class 1 - precision 1.0000 - recall 1.0000 - f1 1.0000 
INFO:root:TEST batch 5 / 7 - Batch time 0 
INFO:root:TEST batch 6 / 7 - partial error 0.0035 - partial loss 3.0455 - partial MRR  0.0000 - partial MAP 0.9965
INFO:root:TEST batch 6 / 7 -  partial tp {0: tensor(0), 1: tensor(47)},fn {0: tensor(0), 1: tensor(0)},fp {0: tensor(0), 1: tensor(0)}
INFO:root:TEST batch 6 / 7 - measures partial microavg - precision 1.0000 - recall 1.0000 - f1 1.0000 
INFO:root:TEST batch 6 / 7 - measures partial for class 0 - precision 0.0000 - recall 0.0000 - f1 0.0000 
INFO:root:TEST batch 6 / 7 - measures partial for class 1 - precision 1.0000 - recall 1.0000 - f1 1.0000 
INFO:root:TEST batch 6 / 7 - Batch time 0 
INFO:root:TEST batch 7 / 7 - partial error 0.0030 - partial loss 2.6104 - partial MRR  0.0000 - partial MAP 0.9970
INFO:root:TEST batch 7 / 7 -  partial tp {0: tensor(0), 1: tensor(47)},fn {0: tensor(0), 1: tensor(0)},fp {0: tensor(0), 1: tensor(0)}
INFO:root:TEST batch 7 / 7 - measures partial microavg - precision 1.0000 - recall 1.0000 - f1 1.0000 
INFO:root:TEST batch 7 / 7 - measures partial for class 0 - precision 0.0000 - recall 0.0000 - f1 0.0000 
INFO:root:TEST batch 7 / 7 - measures partial for class 1 - precision 1.0000 - recall 1.0000 - f1 1.0000 
INFO:root:TEST batch 7 / 7 - Batch time 0 
INFO:root:TEST mean losses tensor(2.6104)
INFO:root:TEST mean errors 0.0030395134817808867
INFO:root:TEST mean MRR 0.0 - mean MAP 0.996960461139679
INFO:root:TEST tp {0: tensor(0), 1: tensor(328)},fn {0: tensor(1), 1: tensor(0)},fp {0: tensor(0), 1: tensor(1)}
INFO:root:TEST measures microavg - precision 0.9970 - recall 0.9970 - f1 0.9970 
INFO:root:TEST measures for class 0 - precision 0.0000 - recall 0.0000 - f1 0.0000 
INFO:root:TEST measures for class 1 - precision 0.9970 - recall 1.0000 - f1 0.9985 
INFO:root:TEST measures@10 microavg - precision 1.0000 - recall 0.2128 - f1 0.3509 
INFO:root:TEST measures@10 for class 0 - precision 0.0000 - recall 0.0000 - f1 0.0000 
INFO:root:TEST measures@10 for class 1 - precision 1.0000 - recall 0.2134 - f1 0.3518 
INFO:root:TEST measures@100 microavg - precision 0.9970 - recall 0.9970 - f1 0.9970 
INFO:root:TEST measures@100 for class 0 - precision 0.0000 - recall 0.0000 - f1 0.0000 
INFO:root:TEST measures@100 for class 1 - precision 0.9970 - recall 1.0000 - f1 0.9985 
INFO:root:TEST measures@1000 microavg - precision 0.9970 - recall 0.9970 - f1 0.9970 
INFO:root:TEST measures@1000 for class 0 - precision 0.0000 - recall 0.0000 - f1 0.0000 
INFO:root:TEST measures@1000 for class 1 - precision 0.9970 - recall 1.0000 - f1 0.9985 
INFO:root:TEST Total epoch time: 0.09146589000010863
INFO:root:################ TRAIN epoch 7 ###################
INFO:root:TRAIN mean losses tensor(0.)
INFO:root:TRAIN mean errors 0.0
INFO:root:TRAIN mean MRR 0.0 - mean MAP 1.0
INFO:root:TRAIN tp {0: tensor(0), 1: tensor(1410)},fn {0: tensor(0), 1: tensor(0)},fp {0: tensor(0), 1: tensor(0)}
INFO:root:TRAIN measures microavg - precision 1.0000 - recall 1.0000 - f1 1.0000 
INFO:root:TRAIN measures for class 0 - precision 0.0000 - recall 0.0000 - f1 0.0000 
INFO:root:TRAIN measures for class 1 - precision 1.0000 - recall 1.0000 - f1 1.0000 
INFO:root:TRAIN measures@10 microavg - precision 1.0000 - recall 0.2128 - f1 0.3509 
INFO:root:TRAIN measures@10 for class 0 - precision 0.0000 - recall 0.0000 - f1 0.0000 
INFO:root:TRAIN measures@10 for class 1 - precision 1.0000 - recall 0.2128 - f1 0.3509 
INFO:root:TRAIN measures@100 microavg - precision 1.0000 - recall 1.0000 - f1 1.0000 
INFO:root:TRAIN measures@100 for class 0 - precision 0.0000 - recall 0.0000 - f1 0.0000 
INFO:root:TRAIN measures@100 for class 1 - precision 1.0000 - recall 1.0000 - f1 1.0000 
INFO:root:TRAIN measures@1000 microavg - precision 1.0000 - recall 1.0000 - f1 1.0000 
INFO:root:TRAIN measures@1000 for class 0 - precision 0.0000 - recall 0.0000 - f1 0.0000 
INFO:root:TRAIN measures@1000 for class 1 - precision 1.0000 - recall 1.0000 - f1 1.0000 
INFO:root:TRAIN Total epoch time: 0.4977675800000725
INFO:root:################ VALID epoch 7 ###################
INFO:root:VALID mean losses tensor(0.)
INFO:root:VALID mean errors 0.0
INFO:root:VALID mean MRR 0.0 - mean MAP 1.0
INFO:root:VALID tp {0: tensor(0), 1: tensor(282)},fn {0: tensor(0), 1: tensor(0)},fp {0: tensor(0), 1: tensor(0)}
INFO:root:VALID measures microavg - precision 1.0000 - recall 1.0000 - f1 1.0000 
INFO:root:VALID measures for class 0 - precision 0.0000 - recall 0.0000 - f1 0.0000 
INFO:root:VALID measures for class 1 - precision 1.0000 - recall 1.0000 - f1 1.0000 
INFO:root:VALID measures@10 microavg - precision 1.0000 - recall 0.2128 - f1 0.3509 
INFO:root:VALID measures@10 for class 0 - precision 0.0000 - recall 0.0000 - f1 0.0000 
INFO:root:VALID measures@10 for class 1 - precision 1.0000 - recall 0.2128 - f1 0.3509 
INFO:root:VALID measures@100 microavg - precision 1.0000 - recall 1.0000 - f1 1.0000 
INFO:root:VALID measures@100 for class 0 - precision 0.0000 - recall 0.0000 - f1 0.0000 
INFO:root:VALID measures@100 for class 1 - precision 1.0000 - recall 1.0000 - f1 1.0000 
INFO:root:VALID measures@1000 microavg - precision 1.0000 - recall 1.0000 - f1 1.0000 
INFO:root:VALID measures@1000 for class 0 - precision 0.0000 - recall 0.0000 - f1 0.0000 
INFO:root:VALID measures@1000 for class 1 - precision 1.0000 - recall 1.0000 - f1 1.0000 
INFO:root:VALID Total epoch time: 0.06229345099973216
INFO:root:################ TEST epoch 7 ###################
INFO:root:TEST batch 1 / 7 - partial error 0.0000 - partial loss 0.0000 - partial MRR  0.0000 - partial MAP 1.0000
INFO:root:TEST batch 1 / 7 -  partial tp {0: tensor(0), 1: tensor(47)},fn {0: tensor(0), 1: tensor(0)},fp {0: tensor(0), 1: tensor(0)}
INFO:root:TEST batch 1 / 7 - measures partial microavg - precision 1.0000 - recall 1.0000 - f1 1.0000 
INFO:root:TEST batch 1 / 7 - measures partial for class 0 - precision 0.0000 - recall 0.0000 - f1 0.0000 
INFO:root:TEST batch 1 / 7 - measures partial for class 1 - precision 1.0000 - recall 1.0000 - f1 1.0000 
INFO:root:TEST batch 1 / 7 - Batch time 0 
INFO:root:TEST batch 2 / 7 - partial error 0.0106 - partial loss 9.1001 - partial MRR  0.0000 - partial MAP 0.9894
INFO:root:TEST batch 2 / 7 -  partial tp {0: tensor(0), 1: tensor(46)},fn {0: tensor(1), 1: tensor(0)},fp {0: tensor(0), 1: tensor(1)}
INFO:root:TEST batch 2 / 7 - measures partial microavg - precision 0.9787 - recall 0.9787 - f1 0.9787 
INFO:root:TEST batch 2 / 7 - measures partial for class 0 - precision 0.0000 - recall 0.0000 - f1 0.0000 
INFO:root:TEST batch 2 / 7 - measures partial for class 1 - precision 0.9787 - recall 1.0000 - f1 0.9892 
INFO:root:TEST batch 2 / 7 - Batch time 0 
INFO:root:TEST batch 3 / 7 - partial error 0.0071 - partial loss 6.0667 - partial MRR  0.0000 - partial MAP 0.9929
INFO:root:TEST batch 3 / 7 -  partial tp {0: tensor(0), 1: tensor(47)},fn {0: tensor(0), 1: tensor(0)},fp {0: tensor(0), 1: tensor(0)}
INFO:root:TEST batch 3 / 7 - measures partial microavg - precision 1.0000 - recall 1.0000 - f1 1.0000 
INFO:root:TEST batch 3 / 7 - measures partial for class 0 - precision 0.0000 - recall 0.0000 - f1 0.0000 
INFO:root:TEST batch 3 / 7 - measures partial for class 1 - precision 1.0000 - recall 1.0000 - f1 1.0000 
INFO:root:TEST batch 3 / 7 - Batch time 0 
INFO:root:TEST batch 4 / 7 - partial error 0.0053 - partial loss 4.5500 - partial MRR  0.0000 - partial MAP 0.9947
INFO:root:TEST batch 4 / 7 -  partial tp {0: tensor(0), 1: tensor(47)},fn {0: tensor(0), 1: tensor(0)},fp {0: tensor(0), 1: tensor(0)}
INFO:root:TEST batch 4 / 7 - measures partial microavg - precision 1.0000 - recall 1.0000 - f1 1.0000 
INFO:root:TEST batch 4 / 7 - measures partial for class 0 - precision 0.0000 - recall 0.0000 - f1 0.0000 
INFO:root:TEST batch 4 / 7 - measures partial for class 1 - precision 1.0000 - recall 1.0000 - f1 1.0000 
INFO:root:TEST batch 4 / 7 - Batch time 0 
INFO:root:TEST batch 5 / 7 - partial error 0.0043 - partial loss 3.6400 - partial MRR  0.0000 - partial MAP 0.9957
INFO:root:TEST batch 5 / 7 -  partial tp {0: tensor(0), 1: tensor(47)},fn {0: tensor(0), 1: tensor(0)},fp {0: tensor(0), 1: tensor(0)}
INFO:root:TEST batch 5 / 7 - measures partial microavg - precision 1.0000 - recall 1.0000 - f1 1.0000 
INFO:root:TEST batch 5 / 7 - measures partial for class 0 - precision 0.0000 - recall 0.0000 - f1 0.0000 
INFO:root:TEST batch 5 / 7 - measures partial for class 1 - precision 1.0000 - recall 1.0000 - f1 1.0000 
INFO:root:TEST batch 5 / 7 - Batch time 0 
INFO:root:TEST batch 6 / 7 - partial error 0.0035 - partial loss 3.0334 - partial MRR  0.0000 - partial MAP 0.9965
INFO:root:TEST batch 6 / 7 -  partial tp {0: tensor(0), 1: tensor(47)},fn {0: tensor(0), 1: tensor(0)},fp {0: tensor(0), 1: tensor(0)}
INFO:root:TEST batch 6 / 7 - measures partial microavg - precision 1.0000 - recall 1.0000 - f1 1.0000 
INFO:root:TEST batch 6 / 7 - measures partial for class 0 - precision 0.0000 - recall 0.0000 - f1 0.0000 
INFO:root:TEST batch 6 / 7 - measures partial for class 1 - precision 1.0000 - recall 1.0000 - f1 1.0000 
INFO:root:TEST batch 6 / 7 - Batch time 0 
INFO:root:TEST batch 7 / 7 - partial error 0.0030 - partial loss 2.6000 - partial MRR  0.0000 - partial MAP 0.9970
INFO:root:TEST batch 7 / 7 -  partial tp {0: tensor(0), 1: tensor(47)},fn {0: tensor(0), 1: tensor(0)},fp {0: tensor(0), 1: tensor(0)}
INFO:root:TEST batch 7 / 7 - measures partial microavg - precision 1.0000 - recall 1.0000 - f1 1.0000 
INFO:root:TEST batch 7 / 7 - measures partial for class 0 - precision 0.0000 - recall 0.0000 - f1 0.0000 
INFO:root:TEST batch 7 / 7 - measures partial for class 1 - precision 1.0000 - recall 1.0000 - f1 1.0000 
INFO:root:TEST batch 7 / 7 - Batch time 0 
INFO:root:TEST mean losses tensor(2.6000)
INFO:root:TEST mean errors 0.0030395134817808867
INFO:root:TEST mean MRR 0.0 - mean MAP 0.996960461139679
INFO:root:TEST tp {0: tensor(0), 1: tensor(328)},fn {0: tensor(1), 1: tensor(0)},fp {0: tensor(0), 1: tensor(1)}
INFO:root:TEST measures microavg - precision 0.9970 - recall 0.9970 - f1 0.9970 
INFO:root:TEST measures for class 0 - precision 0.0000 - recall 0.0000 - f1 0.0000 
INFO:root:TEST measures for class 1 - precision 0.9970 - recall 1.0000 - f1 0.9985 
INFO:root:TEST measures@10 microavg - precision 1.0000 - recall 0.2128 - f1 0.3509 
INFO:root:TEST measures@10 for class 0 - precision 0.0000 - recall 0.0000 - f1 0.0000 
INFO:root:TEST measures@10 for class 1 - precision 1.0000 - recall 0.2134 - f1 0.3518 
INFO:root:TEST measures@100 microavg - precision 0.9970 - recall 0.9970 - f1 0.9970 
INFO:root:TEST measures@100 for class 0 - precision 0.0000 - recall 0.0000 - f1 0.0000 
INFO:root:TEST measures@100 for class 1 - precision 0.9970 - recall 1.0000 - f1 0.9985 
INFO:root:TEST measures@1000 microavg - precision 0.9970 - recall 0.9970 - f1 0.9970 
INFO:root:TEST measures@1000 for class 0 - precision 0.0000 - recall 0.0000 - f1 0.0000 
INFO:root:TEST measures@1000 for class 1 - precision 0.9970 - recall 1.0000 - f1 0.9985 
INFO:root:TEST Total epoch time: 0.08324661700044089
INFO:root:################ TRAIN epoch 8 ###################
INFO:root:TRAIN mean losses tensor(0.)
INFO:root:TRAIN mean errors 0.0
INFO:root:TRAIN mean MRR 0.0 - mean MAP 1.0
INFO:root:TRAIN tp {0: tensor(0), 1: tensor(1410)},fn {0: tensor(0), 1: tensor(0)},fp {0: tensor(0), 1: tensor(0)}
INFO:root:TRAIN measures microavg - precision 1.0000 - recall 1.0000 - f1 1.0000 
INFO:root:TRAIN measures for class 0 - precision 0.0000 - recall 0.0000 - f1 0.0000 
INFO:root:TRAIN measures for class 1 - precision 1.0000 - recall 1.0000 - f1 1.0000 
INFO:root:TRAIN measures@10 microavg - precision 1.0000 - recall 0.2128 - f1 0.3509 
INFO:root:TRAIN measures@10 for class 0 - precision 0.0000 - recall 0.0000 - f1 0.0000 
INFO:root:TRAIN measures@10 for class 1 - precision 1.0000 - recall 0.2128 - f1 0.3509 
INFO:root:TRAIN measures@100 microavg - precision 1.0000 - recall 1.0000 - f1 1.0000 
INFO:root:TRAIN measures@100 for class 0 - precision 0.0000 - recall 0.0000 - f1 0.0000 
INFO:root:TRAIN measures@100 for class 1 - precision 1.0000 - recall 1.0000 - f1 1.0000 
INFO:root:TRAIN measures@1000 microavg - precision 1.0000 - recall 1.0000 - f1 1.0000 
INFO:root:TRAIN measures@1000 for class 0 - precision 0.0000 - recall 0.0000 - f1 0.0000 
INFO:root:TRAIN measures@1000 for class 1 - precision 1.0000 - recall 1.0000 - f1 1.0000 
INFO:root:TRAIN Total epoch time: 0.5440070149998064
INFO:root:################ VALID epoch 8 ###################
INFO:root:VALID mean losses tensor(0.)
INFO:root:VALID mean errors 0.0
INFO:root:VALID mean MRR 0.0 - mean MAP 1.0
INFO:root:VALID tp {0: tensor(0), 1: tensor(282)},fn {0: tensor(0), 1: tensor(0)},fp {0: tensor(0), 1: tensor(0)}
INFO:root:VALID measures microavg - precision 1.0000 - recall 1.0000 - f1 1.0000 
INFO:root:VALID measures for class 0 - precision 0.0000 - recall 0.0000 - f1 0.0000 
INFO:root:VALID measures for class 1 - precision 1.0000 - recall 1.0000 - f1 1.0000 
INFO:root:VALID measures@10 microavg - precision 1.0000 - recall 0.2128 - f1 0.3509 
INFO:root:VALID measures@10 for class 0 - precision 0.0000 - recall 0.0000 - f1 0.0000 
INFO:root:VALID measures@10 for class 1 - precision 1.0000 - recall 0.2128 - f1 0.3509 
INFO:root:VALID measures@100 microavg - precision 1.0000 - recall 1.0000 - f1 1.0000 
INFO:root:VALID measures@100 for class 0 - precision 0.0000 - recall 0.0000 - f1 0.0000 
INFO:root:VALID measures@100 for class 1 - precision 1.0000 - recall 1.0000 - f1 1.0000 
INFO:root:VALID measures@1000 microavg - precision 1.0000 - recall 1.0000 - f1 1.0000 
INFO:root:VALID measures@1000 for class 0 - precision 0.0000 - recall 0.0000 - f1 0.0000 
INFO:root:VALID measures@1000 for class 1 - precision 1.0000 - recall 1.0000 - f1 1.0000 
INFO:root:VALID Total epoch time: 0.06821166800000356
INFO:root:################ TEST epoch 8 ###################
INFO:root:TEST batch 1 / 7 - partial error 0.0000 - partial loss 0.0000 - partial MRR  0.0000 - partial MAP 1.0000
INFO:root:TEST batch 1 / 7 -  partial tp {0: tensor(0), 1: tensor(47)},fn {0: tensor(0), 1: tensor(0)},fp {0: tensor(0), 1: tensor(0)}
INFO:root:TEST batch 1 / 7 - measures partial microavg - precision 1.0000 - recall 1.0000 - f1 1.0000 
INFO:root:TEST batch 1 / 7 - measures partial for class 0 - precision 0.0000 - recall 0.0000 - f1 0.0000 
INFO:root:TEST batch 1 / 7 - measures partial for class 1 - precision 1.0000 - recall 1.0000 - f1 1.0000 
INFO:root:TEST batch 1 / 7 - Batch time 0 
INFO:root:TEST batch 2 / 7 - partial error 0.0106 - partial loss 8.6615 - partial MRR  0.0000 - partial MAP 0.9894
INFO:root:TEST batch 2 / 7 -  partial tp {0: tensor(0), 1: tensor(46)},fn {0: tensor(1), 1: tensor(0)},fp {0: tensor(0), 1: tensor(1)}
INFO:root:TEST batch 2 / 7 - measures partial microavg - precision 0.9787 - recall 0.9787 - f1 0.9787 
INFO:root:TEST batch 2 / 7 - measures partial for class 0 - precision 0.0000 - recall 0.0000 - f1 0.0000 
INFO:root:TEST batch 2 / 7 - measures partial for class 1 - precision 0.9787 - recall 1.0000 - f1 0.9892 
INFO:root:TEST batch 2 / 7 - Batch time 0 
INFO:root:TEST batch 3 / 7 - partial error 0.0071 - partial loss 5.7743 - partial MRR  0.0000 - partial MAP 0.9929
INFO:root:TEST batch 3 / 7 -  partial tp {0: tensor(0), 1: tensor(47)},fn {0: tensor(0), 1: tensor(0)},fp {0: tensor(0), 1: tensor(0)}
INFO:root:TEST batch 3 / 7 - measures partial microavg - precision 1.0000 - recall 1.0000 - f1 1.0000 
INFO:root:TEST batch 3 / 7 - measures partial for class 0 - precision 0.0000 - recall 0.0000 - f1 0.0000 
INFO:root:TEST batch 3 / 7 - measures partial for class 1 - precision 1.0000 - recall 1.0000 - f1 1.0000 
INFO:root:TEST batch 3 / 7 - Batch time 0 
INFO:root:TEST batch 4 / 7 - partial error 0.0053 - partial loss 4.3307 - partial MRR  0.0000 - partial MAP 0.9947
INFO:root:TEST batch 4 / 7 -  partial tp {0: tensor(0), 1: tensor(47)},fn {0: tensor(0), 1: tensor(0)},fp {0: tensor(0), 1: tensor(0)}
INFO:root:TEST batch 4 / 7 - measures partial microavg - precision 1.0000 - recall 1.0000 - f1 1.0000 
INFO:root:TEST batch 4 / 7 - measures partial for class 0 - precision 0.0000 - recall 0.0000 - f1 0.0000 
INFO:root:TEST batch 4 / 7 - measures partial for class 1 - precision 1.0000 - recall 1.0000 - f1 1.0000 
INFO:root:TEST batch 4 / 7 - Batch time 0 
INFO:root:TEST batch 5 / 7 - partial error 0.0043 - partial loss 3.4646 - partial MRR  0.0000 - partial MAP 0.9957
INFO:root:TEST batch 5 / 7 -  partial tp {0: tensor(0), 1: tensor(47)},fn {0: tensor(0), 1: tensor(0)},fp {0: tensor(0), 1: tensor(0)}
INFO:root:TEST batch 5 / 7 - measures partial microavg - precision 1.0000 - recall 1.0000 - f1 1.0000 
INFO:root:TEST batch 5 / 7 - measures partial for class 0 - precision 0.0000 - recall 0.0000 - f1 0.0000 
INFO:root:TEST batch 5 / 7 - measures partial for class 1 - precision 1.0000 - recall 1.0000 - f1 1.0000 
INFO:root:TEST batch 5 / 7 - Batch time 0 
INFO:root:TEST batch 6 / 7 - partial error 0.0035 - partial loss 2.8872 - partial MRR  0.0000 - partial MAP 0.9965
INFO:root:TEST batch 6 / 7 -  partial tp {0: tensor(0), 1: tensor(47)},fn {0: tensor(0), 1: tensor(0)},fp {0: tensor(0), 1: tensor(0)}
INFO:root:TEST batch 6 / 7 - measures partial microavg - precision 1.0000 - recall 1.0000 - f1 1.0000 
INFO:root:TEST batch 6 / 7 - measures partial for class 0 - precision 0.0000 - recall 0.0000 - f1 0.0000 
INFO:root:TEST batch 6 / 7 - measures partial for class 1 - precision 1.0000 - recall 1.0000 - f1 1.0000 
INFO:root:TEST batch 6 / 7 - Batch time 0 
INFO:root:TEST batch 7 / 7 - partial error 0.0030 - partial loss 2.4747 - partial MRR  0.0000 - partial MAP 0.9970
INFO:root:TEST batch 7 / 7 -  partial tp {0: tensor(0), 1: tensor(47)},fn {0: tensor(0), 1: tensor(0)},fp {0: tensor(0), 1: tensor(0)}
INFO:root:TEST batch 7 / 7 - measures partial microavg - precision 1.0000 - recall 1.0000 - f1 1.0000 
INFO:root:TEST batch 7 / 7 - measures partial for class 0 - precision 0.0000 - recall 0.0000 - f1 0.0000 
INFO:root:TEST batch 7 / 7 - measures partial for class 1 - precision 1.0000 - recall 1.0000 - f1 1.0000 
INFO:root:TEST batch 7 / 7 - Batch time 0 
INFO:root:TEST mean losses tensor(2.4747)
INFO:root:TEST mean errors 0.0030395134817808867
INFO:root:TEST mean MRR 0.0 - mean MAP 0.996960461139679
INFO:root:TEST tp {0: tensor(0), 1: tensor(328)},fn {0: tensor(1), 1: tensor(0)},fp {0: tensor(0), 1: tensor(1)}
INFO:root:TEST measures microavg - precision 0.9970 - recall 0.9970 - f1 0.9970 
INFO:root:TEST measures for class 0 - precision 0.0000 - recall 0.0000 - f1 0.0000 
INFO:root:TEST measures for class 1 - precision 0.9970 - recall 1.0000 - f1 0.9985 
INFO:root:TEST measures@10 microavg - precision 1.0000 - recall 0.2128 - f1 0.3509 
INFO:root:TEST measures@10 for class 0 - precision 0.0000 - recall 0.0000 - f1 0.0000 
INFO:root:TEST measures@10 for class 1 - precision 1.0000 - recall 0.2134 - f1 0.3518 
INFO:root:TEST measures@100 microavg - precision 0.9970 - recall 0.9970 - f1 0.9970 
INFO:root:TEST measures@100 for class 0 - precision 0.0000 - recall 0.0000 - f1 0.0000 
INFO:root:TEST measures@100 for class 1 - precision 0.9970 - recall 1.0000 - f1 0.9985 
INFO:root:TEST measures@1000 microavg - precision 0.9970 - recall 0.9970 - f1 0.9970 
INFO:root:TEST measures@1000 for class 0 - precision 0.0000 - recall 0.0000 - f1 0.0000 
INFO:root:TEST measures@1000 for class 1 - precision 0.9970 - recall 1.0000 - f1 0.9985 
INFO:root:TEST Total epoch time: 0.085199035000187
INFO:root:################ TRAIN epoch 9 ###################
INFO:root:TRAIN mean losses tensor(0.)
INFO:root:TRAIN mean errors 0.0
INFO:root:TRAIN mean MRR 0.0 - mean MAP 1.0
INFO:root:TRAIN tp {0: tensor(0), 1: tensor(1410)},fn {0: tensor(0), 1: tensor(0)},fp {0: tensor(0), 1: tensor(0)}
INFO:root:TRAIN measures microavg - precision 1.0000 - recall 1.0000 - f1 1.0000 
INFO:root:TRAIN measures for class 0 - precision 0.0000 - recall 0.0000 - f1 0.0000 
INFO:root:TRAIN measures for class 1 - precision 1.0000 - recall 1.0000 - f1 1.0000 
INFO:root:TRAIN measures@10 microavg - precision 1.0000 - recall 0.2128 - f1 0.3509 
INFO:root:TRAIN measures@10 for class 0 - precision 0.0000 - recall 0.0000 - f1 0.0000 
INFO:root:TRAIN measures@10 for class 1 - precision 1.0000 - recall 0.2128 - f1 0.3509 
INFO:root:TRAIN measures@100 microavg - precision 1.0000 - recall 1.0000 - f1 1.0000 
INFO:root:TRAIN measures@100 for class 0 - precision 0.0000 - recall 0.0000 - f1 0.0000 
INFO:root:TRAIN measures@100 for class 1 - precision 1.0000 - recall 1.0000 - f1 1.0000 
INFO:root:TRAIN measures@1000 microavg - precision 1.0000 - recall 1.0000 - f1 1.0000 
INFO:root:TRAIN measures@1000 for class 0 - precision 0.0000 - recall 0.0000 - f1 0.0000 
INFO:root:TRAIN measures@1000 for class 1 - precision 1.0000 - recall 1.0000 - f1 1.0000 
INFO:root:TRAIN Total epoch time: 0.5209465829998408
INFO:root:################ VALID epoch 9 ###################
INFO:root:VALID mean losses tensor(0.)
INFO:root:VALID mean errors 0.0
INFO:root:VALID mean MRR 0.0 - mean MAP 1.0
INFO:root:VALID tp {0: tensor(0), 1: tensor(282)},fn {0: tensor(0), 1: tensor(0)},fp {0: tensor(0), 1: tensor(0)}
INFO:root:VALID measures microavg - precision 1.0000 - recall 1.0000 - f1 1.0000 
INFO:root:VALID measures for class 0 - precision 0.0000 - recall 0.0000 - f1 0.0000 
INFO:root:VALID measures for class 1 - precision 1.0000 - recall 1.0000 - f1 1.0000 
INFO:root:VALID measures@10 microavg - precision 1.0000 - recall 0.2128 - f1 0.3509 
INFO:root:VALID measures@10 for class 0 - precision 0.0000 - recall 0.0000 - f1 0.0000 
INFO:root:VALID measures@10 for class 1 - precision 1.0000 - recall 0.2128 - f1 0.3509 
INFO:root:VALID measures@100 microavg - precision 1.0000 - recall 1.0000 - f1 1.0000 
INFO:root:VALID measures@100 for class 0 - precision 0.0000 - recall 0.0000 - f1 0.0000 
INFO:root:VALID measures@100 for class 1 - precision 1.0000 - recall 1.0000 - f1 1.0000 
INFO:root:VALID measures@1000 microavg - precision 1.0000 - recall 1.0000 - f1 1.0000 
INFO:root:VALID measures@1000 for class 0 - precision 0.0000 - recall 0.0000 - f1 0.0000 
INFO:root:VALID measures@1000 for class 1 - precision 1.0000 - recall 1.0000 - f1 1.0000 
INFO:root:VALID Total epoch time: 0.0649294730001202
INFO:root:################ TEST epoch 9 ###################
INFO:root:TEST batch 1 / 7 - partial error 0.0000 - partial loss 0.0000 - partial MRR  0.0000 - partial MAP 1.0000
INFO:root:TEST batch 1 / 7 -  partial tp {0: tensor(0), 1: tensor(47)},fn {0: tensor(0), 1: tensor(0)},fp {0: tensor(0), 1: tensor(0)}
INFO:root:TEST batch 1 / 7 - measures partial microavg - precision 1.0000 - recall 1.0000 - f1 1.0000 
INFO:root:TEST batch 1 / 7 - measures partial for class 0 - precision 0.0000 - recall 0.0000 - f1 0.0000 
INFO:root:TEST batch 1 / 7 - measures partial for class 1 - precision 1.0000 - recall 1.0000 - f1 1.0000 
INFO:root:TEST batch 1 / 7 - Batch time 0 
INFO:root:TEST batch 2 / 7 - partial error 0.0106 - partial loss 8.7358 - partial MRR  0.0000 - partial MAP 0.9894
INFO:root:TEST batch 2 / 7 -  partial tp {0: tensor(0), 1: tensor(46)},fn {0: tensor(1), 1: tensor(0)},fp {0: tensor(0), 1: tensor(1)}
INFO:root:TEST batch 2 / 7 - measures partial microavg - precision 0.9787 - recall 0.9787 - f1 0.9787 
INFO:root:TEST batch 2 / 7 - measures partial for class 0 - precision 0.0000 - recall 0.0000 - f1 0.0000 
INFO:root:TEST batch 2 / 7 - measures partial for class 1 - precision 0.9787 - recall 1.0000 - f1 0.9892 
INFO:root:TEST batch 2 / 7 - Batch time 0 
INFO:root:TEST batch 3 / 7 - partial error 0.0071 - partial loss 5.8238 - partial MRR  0.0000 - partial MAP 0.9929
INFO:root:TEST batch 3 / 7 -  partial tp {0: tensor(0), 1: tensor(47)},fn {0: tensor(0), 1: tensor(0)},fp {0: tensor(0), 1: tensor(0)}
INFO:root:TEST batch 3 / 7 - measures partial microavg - precision 1.0000 - recall 1.0000 - f1 1.0000 
INFO:root:TEST batch 3 / 7 - measures partial for class 0 - precision 0.0000 - recall 0.0000 - f1 0.0000 
INFO:root:TEST batch 3 / 7 - measures partial for class 1 - precision 1.0000 - recall 1.0000 - f1 1.0000 
INFO:root:TEST batch 3 / 7 - Batch time 0 
INFO:root:TEST batch 4 / 7 - partial error 0.0053 - partial loss 4.3679 - partial MRR  0.0000 - partial MAP 0.9947
INFO:root:TEST batch 4 / 7 -  partial tp {0: tensor(0), 1: tensor(47)},fn {0: tensor(0), 1: tensor(0)},fp {0: tensor(0), 1: tensor(0)}
INFO:root:TEST batch 4 / 7 - measures partial microavg - precision 1.0000 - recall 1.0000 - f1 1.0000 
INFO:root:TEST batch 4 / 7 - measures partial for class 0 - precision 0.0000 - recall 0.0000 - f1 0.0000 
INFO:root:TEST batch 4 / 7 - measures partial for class 1 - precision 1.0000 - recall 1.0000 - f1 1.0000 
INFO:root:TEST batch 4 / 7 - Batch time 0 
INFO:root:TEST batch 5 / 7 - partial error 0.0043 - partial loss 3.4943 - partial MRR  0.0000 - partial MAP 0.9957
INFO:root:TEST batch 5 / 7 -  partial tp {0: tensor(0), 1: tensor(47)},fn {0: tensor(0), 1: tensor(0)},fp {0: tensor(0), 1: tensor(0)}
INFO:root:TEST batch 5 / 7 - measures partial microavg - precision 1.0000 - recall 1.0000 - f1 1.0000 
INFO:root:TEST batch 5 / 7 - measures partial for class 0 - precision 0.0000 - recall 0.0000 - f1 0.0000 
INFO:root:TEST batch 5 / 7 - measures partial for class 1 - precision 1.0000 - recall 1.0000 - f1 1.0000 
INFO:root:TEST batch 5 / 7 - Batch time 0 
INFO:root:TEST batch 6 / 7 - partial error 0.0035 - partial loss 2.9119 - partial MRR  0.0000 - partial MAP 0.9965
INFO:root:TEST batch 6 / 7 -  partial tp {0: tensor(0), 1: tensor(47)},fn {0: tensor(0), 1: tensor(0)},fp {0: tensor(0), 1: tensor(0)}
INFO:root:TEST batch 6 / 7 - measures partial microavg - precision 1.0000 - recall 1.0000 - f1 1.0000 
INFO:root:TEST batch 6 / 7 - measures partial for class 0 - precision 0.0000 - recall 0.0000 - f1 0.0000 
INFO:root:TEST batch 6 / 7 - measures partial for class 1 - precision 1.0000 - recall 1.0000 - f1 1.0000 
INFO:root:TEST batch 6 / 7 - Batch time 0 
INFO:root:TEST batch 7 / 7 - partial error 0.0030 - partial loss 2.4959 - partial MRR  0.0000 - partial MAP 0.9970
INFO:root:TEST batch 7 / 7 -  partial tp {0: tensor(0), 1: tensor(47)},fn {0: tensor(0), 1: tensor(0)},fp {0: tensor(0), 1: tensor(0)}
INFO:root:TEST batch 7 / 7 - measures partial microavg - precision 1.0000 - recall 1.0000 - f1 1.0000 
INFO:root:TEST batch 7 / 7 - measures partial for class 0 - precision 0.0000 - recall 0.0000 - f1 0.0000 
INFO:root:TEST batch 7 / 7 - measures partial for class 1 - precision 1.0000 - recall 1.0000 - f1 1.0000 
INFO:root:TEST batch 7 / 7 - Batch time 0 
INFO:root:TEST mean losses tensor(2.4959)
INFO:root:TEST mean errors 0.0030395134817808867
INFO:root:TEST mean MRR 0.0 - mean MAP 0.996960461139679
INFO:root:TEST tp {0: tensor(0), 1: tensor(328)},fn {0: tensor(1), 1: tensor(0)},fp {0: tensor(0), 1: tensor(1)}
INFO:root:TEST measures microavg - precision 0.9970 - recall 0.9970 - f1 0.9970 
INFO:root:TEST measures for class 0 - precision 0.0000 - recall 0.0000 - f1 0.0000 
INFO:root:TEST measures for class 1 - precision 0.9970 - recall 1.0000 - f1 0.9985 
INFO:root:TEST measures@10 microavg - precision 1.0000 - recall 0.2128 - f1 0.3509 
INFO:root:TEST measures@10 for class 0 - precision 0.0000 - recall 0.0000 - f1 0.0000 
INFO:root:TEST measures@10 for class 1 - precision 1.0000 - recall 0.2134 - f1 0.3518 
INFO:root:TEST measures@100 microavg - precision 0.9970 - recall 0.9970 - f1 0.9970 
INFO:root:TEST measures@100 for class 0 - precision 0.0000 - recall 0.0000 - f1 0.0000 
INFO:root:TEST measures@100 for class 1 - precision 0.9970 - recall 1.0000 - f1 0.9985 
INFO:root:TEST measures@1000 microavg - precision 0.9970 - recall 0.9970 - f1 0.9970 
INFO:root:TEST measures@1000 for class 0 - precision 0.0000 - recall 0.0000 - f1 0.0000 
INFO:root:TEST measures@1000 for class 1 - precision 0.9970 - recall 1.0000 - f1 0.9985 
INFO:root:TEST Total epoch time: 0.08143212599998151
INFO:root:################ TRAIN epoch 10 ###################
INFO:root:TRAIN mean losses tensor(0.)
INFO:root:TRAIN mean errors 0.0
INFO:root:TRAIN mean MRR 0.0 - mean MAP 1.0
INFO:root:TRAIN tp {0: tensor(0), 1: tensor(1410)},fn {0: tensor(0), 1: tensor(0)},fp {0: tensor(0), 1: tensor(0)}
INFO:root:TRAIN measures microavg - precision 1.0000 - recall 1.0000 - f1 1.0000 
INFO:root:TRAIN measures for class 0 - precision 0.0000 - recall 0.0000 - f1 0.0000 
INFO:root:TRAIN measures for class 1 - precision 1.0000 - recall 1.0000 - f1 1.0000 
INFO:root:TRAIN measures@10 microavg - precision 1.0000 - recall 0.2128 - f1 0.3509 
INFO:root:TRAIN measures@10 for class 0 - precision 0.0000 - recall 0.0000 - f1 0.0000 
INFO:root:TRAIN measures@10 for class 1 - precision 1.0000 - recall 0.2128 - f1 0.3509 
INFO:root:TRAIN measures@100 microavg - precision 1.0000 - recall 1.0000 - f1 1.0000 
INFO:root:TRAIN measures@100 for class 0 - precision 0.0000 - recall 0.0000 - f1 0.0000 
INFO:root:TRAIN measures@100 for class 1 - precision 1.0000 - recall 1.0000 - f1 1.0000 
INFO:root:TRAIN measures@1000 microavg - precision 1.0000 - recall 1.0000 - f1 1.0000 
INFO:root:TRAIN measures@1000 for class 0 - precision 0.0000 - recall 0.0000 - f1 0.0000 
INFO:root:TRAIN measures@1000 for class 1 - precision 1.0000 - recall 1.0000 - f1 1.0000 
INFO:root:TRAIN Total epoch time: 0.467834158000187
INFO:root:################ VALID epoch 10 ###################
INFO:root:VALID mean losses tensor(0.)
INFO:root:VALID mean errors 0.0
INFO:root:VALID mean MRR 0.0 - mean MAP 1.0
INFO:root:VALID tp {0: tensor(0), 1: tensor(282)},fn {0: tensor(0), 1: tensor(0)},fp {0: tensor(0), 1: tensor(0)}
INFO:root:VALID measures microavg - precision 1.0000 - recall 1.0000 - f1 1.0000 
INFO:root:VALID measures for class 0 - precision 0.0000 - recall 0.0000 - f1 0.0000 
INFO:root:VALID measures for class 1 - precision 1.0000 - recall 1.0000 - f1 1.0000 
INFO:root:VALID measures@10 microavg - precision 1.0000 - recall 0.2128 - f1 0.3509 
INFO:root:VALID measures@10 for class 0 - precision 0.0000 - recall 0.0000 - f1 0.0000 
INFO:root:VALID measures@10 for class 1 - precision 1.0000 - recall 0.2128 - f1 0.3509 
INFO:root:VALID measures@100 microavg - precision 1.0000 - recall 1.0000 - f1 1.0000 
INFO:root:VALID measures@100 for class 0 - precision 0.0000 - recall 0.0000 - f1 0.0000 
INFO:root:VALID measures@100 for class 1 - precision 1.0000 - recall 1.0000 - f1 1.0000 
INFO:root:VALID measures@1000 microavg - precision 1.0000 - recall 1.0000 - f1 1.0000 
INFO:root:VALID measures@1000 for class 0 - precision 0.0000 - recall 0.0000 - f1 0.0000 
INFO:root:VALID measures@1000 for class 1 - precision 1.0000 - recall 1.0000 - f1 1.0000 
INFO:root:VALID Total epoch time: 0.05857983099986086
INFO:root:################ TEST epoch 10 ###################
INFO:root:TEST batch 1 / 7 - partial error 0.0000 - partial loss 0.0000 - partial MRR  0.0000 - partial MAP 1.0000
INFO:root:TEST batch 1 / 7 -  partial tp {0: tensor(0), 1: tensor(47)},fn {0: tensor(0), 1: tensor(0)},fp {0: tensor(0), 1: tensor(0)}
INFO:root:TEST batch 1 / 7 - measures partial microavg - precision 1.0000 - recall 1.0000 - f1 1.0000 
INFO:root:TEST batch 1 / 7 - measures partial for class 0 - precision 0.0000 - recall 0.0000 - f1 0.0000 
INFO:root:TEST batch 1 / 7 - measures partial for class 1 - precision 1.0000 - recall 1.0000 - f1 1.0000 
INFO:root:TEST batch 1 / 7 - Batch time 0 
INFO:root:TEST batch 2 / 7 - partial error 0.0106 - partial loss 8.7762 - partial MRR  0.0000 - partial MAP 0.9894
INFO:root:TEST batch 2 / 7 -  partial tp {0: tensor(0), 1: tensor(46)},fn {0: tensor(1), 1: tensor(0)},fp {0: tensor(0), 1: tensor(1)}
INFO:root:TEST batch 2 / 7 - measures partial microavg - precision 0.9787 - recall 0.9787 - f1 0.9787 
INFO:root:TEST batch 2 / 7 - measures partial for class 0 - precision 0.0000 - recall 0.0000 - f1 0.0000 
INFO:root:TEST batch 2 / 7 - measures partial for class 1 - precision 0.9787 - recall 1.0000 - f1 0.9892 
INFO:root:TEST batch 2 / 7 - Batch time 0 
INFO:root:TEST batch 3 / 7 - partial error 0.0071 - partial loss 5.8508 - partial MRR  0.0000 - partial MAP 0.9929
INFO:root:TEST batch 3 / 7 -  partial tp {0: tensor(0), 1: tensor(47)},fn {0: tensor(0), 1: tensor(0)},fp {0: tensor(0), 1: tensor(0)}
INFO:root:TEST batch 3 / 7 - measures partial microavg - precision 1.0000 - recall 1.0000 - f1 1.0000 
INFO:root:TEST batch 3 / 7 - measures partial for class 0 - precision 0.0000 - recall 0.0000 - f1 0.0000 
INFO:root:TEST batch 3 / 7 - measures partial for class 1 - precision 1.0000 - recall 1.0000 - f1 1.0000 
INFO:root:TEST batch 3 / 7 - Batch time 0 
INFO:root:TEST batch 4 / 7 - partial error 0.0053 - partial loss 4.3881 - partial MRR  0.0000 - partial MAP 0.9947
INFO:root:TEST batch 4 / 7 -  partial tp {0: tensor(0), 1: tensor(47)},fn {0: tensor(0), 1: tensor(0)},fp {0: tensor(0), 1: tensor(0)}
INFO:root:TEST batch 4 / 7 - measures partial microavg - precision 1.0000 - recall 1.0000 - f1 1.0000 
INFO:root:TEST batch 4 / 7 - measures partial for class 0 - precision 0.0000 - recall 0.0000 - f1 0.0000 
INFO:root:TEST batch 4 / 7 - measures partial for class 1 - precision 1.0000 - recall 1.0000 - f1 1.0000 
INFO:root:TEST batch 4 / 7 - Batch time 0 
INFO:root:TEST batch 5 / 7 - partial error 0.0043 - partial loss 3.5105 - partial MRR  0.0000 - partial MAP 0.9957
INFO:root:TEST batch 5 / 7 -  partial tp {0: tensor(0), 1: tensor(47)},fn {0: tensor(0), 1: tensor(0)},fp {0: tensor(0), 1: tensor(0)}
INFO:root:TEST batch 5 / 7 - measures partial microavg - precision 1.0000 - recall 1.0000 - f1 1.0000 
INFO:root:TEST batch 5 / 7 - measures partial for class 0 - precision 0.0000 - recall 0.0000 - f1 0.0000 
INFO:root:TEST batch 5 / 7 - measures partial for class 1 - precision 1.0000 - recall 1.0000 - f1 1.0000 
INFO:root:TEST batch 5 / 7 - Batch time 0 
INFO:root:TEST batch 6 / 7 - partial error 0.0035 - partial loss 2.9254 - partial MRR  0.0000 - partial MAP 0.9965
INFO:root:TEST batch 6 / 7 -  partial tp {0: tensor(0), 1: tensor(47)},fn {0: tensor(0), 1: tensor(0)},fp {0: tensor(0), 1: tensor(0)}
INFO:root:TEST batch 6 / 7 - measures partial microavg - precision 1.0000 - recall 1.0000 - f1 1.0000 
INFO:root:TEST batch 6 / 7 - measures partial for class 0 - precision 0.0000 - recall 0.0000 - f1 0.0000 
INFO:root:TEST batch 6 / 7 - measures partial for class 1 - precision 1.0000 - recall 1.0000 - f1 1.0000 
INFO:root:TEST batch 6 / 7 - Batch time 0 
INFO:root:TEST batch 7 / 7 - partial error 0.0030 - partial loss 2.5075 - partial MRR  0.0000 - partial MAP 0.9970
INFO:root:TEST batch 7 / 7 -  partial tp {0: tensor(0), 1: tensor(47)},fn {0: tensor(0), 1: tensor(0)},fp {0: tensor(0), 1: tensor(0)}
INFO:root:TEST batch 7 / 7 - measures partial microavg - precision 1.0000 - recall 1.0000 - f1 1.0000 
INFO:root:TEST batch 7 / 7 - measures partial for class 0 - precision 0.0000 - recall 0.0000 - f1 0.0000 
INFO:root:TEST batch 7 / 7 - measures partial for class 1 - precision 1.0000 - recall 1.0000 - f1 1.0000 
INFO:root:TEST batch 7 / 7 - Batch time 0 
INFO:root:TEST mean losses tensor(2.5075)
INFO:root:TEST mean errors 0.0030395134817808867
INFO:root:TEST mean MRR 0.0 - mean MAP 0.996960461139679
INFO:root:TEST tp {0: tensor(0), 1: tensor(328)},fn {0: tensor(1), 1: tensor(0)},fp {0: tensor(0), 1: tensor(1)}
INFO:root:TEST measures microavg - precision 0.9970 - recall 0.9970 - f1 0.9970 
INFO:root:TEST measures for class 0 - precision 0.0000 - recall 0.0000 - f1 0.0000 
INFO:root:TEST measures for class 1 - precision 0.9970 - recall 1.0000 - f1 0.9985 
INFO:root:TEST measures@10 microavg - precision 1.0000 - recall 0.2128 - f1 0.3509 
INFO:root:TEST measures@10 for class 0 - precision 0.0000 - recall 0.0000 - f1 0.0000 
INFO:root:TEST measures@10 for class 1 - precision 1.0000 - recall 0.2134 - f1 0.3518 
INFO:root:TEST measures@100 microavg - precision 0.9970 - recall 0.9970 - f1 0.9970 
INFO:root:TEST measures@100 for class 0 - precision 0.0000 - recall 0.0000 - f1 0.0000 
INFO:root:TEST measures@100 for class 1 - precision 0.9970 - recall 1.0000 - f1 0.9985 
INFO:root:TEST measures@1000 microavg - precision 0.9970 - recall 0.9970 - f1 0.9970 
INFO:root:TEST measures@1000 for class 0 - precision 0.0000 - recall 0.0000 - f1 0.0000 
INFO:root:TEST measures@1000 for class 1 - precision 0.9970 - recall 1.0000 - f1 0.9985 
INFO:root:TEST Total epoch time: 0.07571280899992416
INFO:root:################ TRAIN epoch 11 ###################
INFO:root:TRAIN mean losses tensor(0.)
INFO:root:TRAIN mean errors 0.0
INFO:root:TRAIN mean MRR 0.0 - mean MAP 1.0
INFO:root:TRAIN tp {0: tensor(0), 1: tensor(1410)},fn {0: tensor(0), 1: tensor(0)},fp {0: tensor(0), 1: tensor(0)}
INFO:root:TRAIN measures microavg - precision 1.0000 - recall 1.0000 - f1 1.0000 
INFO:root:TRAIN measures for class 0 - precision 0.0000 - recall 0.0000 - f1 0.0000 
INFO:root:TRAIN measures for class 1 - precision 1.0000 - recall 1.0000 - f1 1.0000 
INFO:root:TRAIN measures@10 microavg - precision 1.0000 - recall 0.2128 - f1 0.3509 
INFO:root:TRAIN measures@10 for class 0 - precision 0.0000 - recall 0.0000 - f1 0.0000 
INFO:root:TRAIN measures@10 for class 1 - precision 1.0000 - recall 0.2128 - f1 0.3509 
INFO:root:TRAIN measures@100 microavg - precision 1.0000 - recall 1.0000 - f1 1.0000 
INFO:root:TRAIN measures@100 for class 0 - precision 0.0000 - recall 0.0000 - f1 0.0000 
INFO:root:TRAIN measures@100 for class 1 - precision 1.0000 - recall 1.0000 - f1 1.0000 
INFO:root:TRAIN measures@1000 microavg - precision 1.0000 - recall 1.0000 - f1 1.0000 
INFO:root:TRAIN measures@1000 for class 0 - precision 0.0000 - recall 0.0000 - f1 0.0000 
INFO:root:TRAIN measures@1000 for class 1 - precision 1.0000 - recall 1.0000 - f1 1.0000 
INFO:root:TRAIN Total epoch time: 0.4825382340000033
INFO:root:################ VALID epoch 11 ###################
INFO:root:VALID mean losses tensor(0.)
INFO:root:VALID mean errors 0.0
INFO:root:VALID mean MRR 0.0 - mean MAP 1.0
INFO:root:VALID tp {0: tensor(0), 1: tensor(282)},fn {0: tensor(0), 1: tensor(0)},fp {0: tensor(0), 1: tensor(0)}
INFO:root:VALID measures microavg - precision 1.0000 - recall 1.0000 - f1 1.0000 
INFO:root:VALID measures for class 0 - precision 0.0000 - recall 0.0000 - f1 0.0000 
INFO:root:VALID measures for class 1 - precision 1.0000 - recall 1.0000 - f1 1.0000 
INFO:root:VALID measures@10 microavg - precision 1.0000 - recall 0.2128 - f1 0.3509 
INFO:root:VALID measures@10 for class 0 - precision 0.0000 - recall 0.0000 - f1 0.0000 
INFO:root:VALID measures@10 for class 1 - precision 1.0000 - recall 0.2128 - f1 0.3509 
INFO:root:VALID measures@100 microavg - precision 1.0000 - recall 1.0000 - f1 1.0000 
INFO:root:VALID measures@100 for class 0 - precision 0.0000 - recall 0.0000 - f1 0.0000 
INFO:root:VALID measures@100 for class 1 - precision 1.0000 - recall 1.0000 - f1 1.0000 
INFO:root:VALID measures@1000 microavg - precision 1.0000 - recall 1.0000 - f1 1.0000 
INFO:root:VALID measures@1000 for class 0 - precision 0.0000 - recall 0.0000 - f1 0.0000 
INFO:root:VALID measures@1000 for class 1 - precision 1.0000 - recall 1.0000 - f1 1.0000 
INFO:root:VALID Total epoch time: 0.059661658000095485
INFO:root:################ TEST epoch 11 ###################
INFO:root:TEST batch 1 / 7 - partial error 0.0000 - partial loss 0.0000 - partial MRR  0.0000 - partial MAP 1.0000
INFO:root:TEST batch 1 / 7 -  partial tp {0: tensor(0), 1: tensor(47)},fn {0: tensor(0), 1: tensor(0)},fp {0: tensor(0), 1: tensor(0)}
INFO:root:TEST batch 1 / 7 - measures partial microavg - precision 1.0000 - recall 1.0000 - f1 1.0000 
INFO:root:TEST batch 1 / 7 - measures partial for class 0 - precision 0.0000 - recall 0.0000 - f1 0.0000 
INFO:root:TEST batch 1 / 7 - measures partial for class 1 - precision 1.0000 - recall 1.0000 - f1 1.0000 
INFO:root:TEST batch 1 / 7 - Batch time 0 
INFO:root:TEST batch 2 / 7 - partial error 0.0106 - partial loss 8.9554 - partial MRR  0.0000 - partial MAP 0.9894
INFO:root:TEST batch 2 / 7 -  partial tp {0: tensor(0), 1: tensor(46)},fn {0: tensor(1), 1: tensor(0)},fp {0: tensor(0), 1: tensor(1)}
INFO:root:TEST batch 2 / 7 - measures partial microavg - precision 0.9787 - recall 0.9787 - f1 0.9787 
INFO:root:TEST batch 2 / 7 - measures partial for class 0 - precision 0.0000 - recall 0.0000 - f1 0.0000 
INFO:root:TEST batch 2 / 7 - measures partial for class 1 - precision 0.9787 - recall 1.0000 - f1 0.9892 
INFO:root:TEST batch 2 / 7 - Batch time 0 
INFO:root:TEST batch 3 / 7 - partial error 0.0071 - partial loss 5.9703 - partial MRR  0.0000 - partial MAP 0.9929
INFO:root:TEST batch 3 / 7 -  partial tp {0: tensor(0), 1: tensor(47)},fn {0: tensor(0), 1: tensor(0)},fp {0: tensor(0), 1: tensor(0)}
INFO:root:TEST batch 3 / 7 - measures partial microavg - precision 1.0000 - recall 1.0000 - f1 1.0000 
INFO:root:TEST batch 3 / 7 - measures partial for class 0 - precision 0.0000 - recall 0.0000 - f1 0.0000 
INFO:root:TEST batch 3 / 7 - measures partial for class 1 - precision 1.0000 - recall 1.0000 - f1 1.0000 
INFO:root:TEST batch 3 / 7 - Batch time 0 
INFO:root:TEST batch 4 / 7 - partial error 0.0053 - partial loss 4.4777 - partial MRR  0.0000 - partial MAP 0.9947
INFO:root:TEST batch 4 / 7 -  partial tp {0: tensor(0), 1: tensor(47)},fn {0: tensor(0), 1: tensor(0)},fp {0: tensor(0), 1: tensor(0)}
INFO:root:TEST batch 4 / 7 - measures partial microavg - precision 1.0000 - recall 1.0000 - f1 1.0000 
INFO:root:TEST batch 4 / 7 - measures partial for class 0 - precision 0.0000 - recall 0.0000 - f1 0.0000 
INFO:root:TEST batch 4 / 7 - measures partial for class 1 - precision 1.0000 - recall 1.0000 - f1 1.0000 
INFO:root:TEST batch 4 / 7 - Batch time 0 
INFO:root:TEST batch 5 / 7 - partial error 0.0043 - partial loss 3.5822 - partial MRR  0.0000 - partial MAP 0.9957
INFO:root:TEST batch 5 / 7 -  partial tp {0: tensor(0), 1: tensor(47)},fn {0: tensor(0), 1: tensor(0)},fp {0: tensor(0), 1: tensor(0)}
INFO:root:TEST batch 5 / 7 - measures partial microavg - precision 1.0000 - recall 1.0000 - f1 1.0000 
INFO:root:TEST batch 5 / 7 - measures partial for class 0 - precision 0.0000 - recall 0.0000 - f1 0.0000 
INFO:root:TEST batch 5 / 7 - measures partial for class 1 - precision 1.0000 - recall 1.0000 - f1 1.0000 
INFO:root:TEST batch 5 / 7 - Batch time 0 
INFO:root:TEST batch 6 / 7 - partial error 0.0035 - partial loss 2.9851 - partial MRR  0.0000 - partial MAP 0.9965
INFO:root:TEST batch 6 / 7 -  partial tp {0: tensor(0), 1: tensor(47)},fn {0: tensor(0), 1: tensor(0)},fp {0: tensor(0), 1: tensor(0)}
INFO:root:TEST batch 6 / 7 - measures partial microavg - precision 1.0000 - recall 1.0000 - f1 1.0000 
INFO:root:TEST batch 6 / 7 - measures partial for class 0 - precision 0.0000 - recall 0.0000 - f1 0.0000 
INFO:root:TEST batch 6 / 7 - measures partial for class 1 - precision 1.0000 - recall 1.0000 - f1 1.0000 
INFO:root:TEST batch 6 / 7 - Batch time 0 
INFO:root:TEST batch 7 / 7 - partial error 0.0030 - partial loss 2.5587 - partial MRR  0.0000 - partial MAP 0.9970
INFO:root:TEST batch 7 / 7 -  partial tp {0: tensor(0), 1: tensor(47)},fn {0: tensor(0), 1: tensor(0)},fp {0: tensor(0), 1: tensor(0)}
INFO:root:TEST batch 7 / 7 - measures partial microavg - precision 1.0000 - recall 1.0000 - f1 1.0000 
INFO:root:TEST batch 7 / 7 - measures partial for class 0 - precision 0.0000 - recall 0.0000 - f1 0.0000 
INFO:root:TEST batch 7 / 7 - measures partial for class 1 - precision 1.0000 - recall 1.0000 - f1 1.0000 
INFO:root:TEST batch 7 / 7 - Batch time 0 
INFO:root:TEST mean losses tensor(2.5587)
INFO:root:TEST mean errors 0.0030395134817808867
INFO:root:TEST mean MRR 0.0 - mean MAP 0.996960461139679
INFO:root:TEST tp {0: tensor(0), 1: tensor(328)},fn {0: tensor(1), 1: tensor(0)},fp {0: tensor(0), 1: tensor(1)}
INFO:root:TEST measures microavg - precision 0.9970 - recall 0.9970 - f1 0.9970 
INFO:root:TEST measures for class 0 - precision 0.0000 - recall 0.0000 - f1 0.0000 
INFO:root:TEST measures for class 1 - precision 0.9970 - recall 1.0000 - f1 0.9985 
INFO:root:TEST measures@10 microavg - precision 1.0000 - recall 0.2128 - f1 0.3509 
INFO:root:TEST measures@10 for class 0 - precision 0.0000 - recall 0.0000 - f1 0.0000 
INFO:root:TEST measures@10 for class 1 - precision 1.0000 - recall 0.2134 - f1 0.3518 
INFO:root:TEST measures@100 microavg - precision 0.9970 - recall 0.9970 - f1 0.9970 
INFO:root:TEST measures@100 for class 0 - precision 0.0000 - recall 0.0000 - f1 0.0000 
INFO:root:TEST measures@100 for class 1 - precision 0.9970 - recall 1.0000 - f1 0.9985 
INFO:root:TEST measures@1000 microavg - precision 0.9970 - recall 0.9970 - f1 0.9970 
INFO:root:TEST measures@1000 for class 0 - precision 0.0000 - recall 0.0000 - f1 0.0000 
INFO:root:TEST measures@1000 for class 1 - precision 0.9970 - recall 1.0000 - f1 0.9985 
INFO:root:TEST Total epoch time: 0.07744204099981289
INFO:root:################ TRAIN epoch 12 ###################
INFO:root:TRAIN mean losses tensor(0.)
INFO:root:TRAIN mean errors 0.0
INFO:root:TRAIN mean MRR 0.0 - mean MAP 1.0
INFO:root:TRAIN tp {0: tensor(0), 1: tensor(1410)},fn {0: tensor(0), 1: tensor(0)},fp {0: tensor(0), 1: tensor(0)}
INFO:root:TRAIN measures microavg - precision 1.0000 - recall 1.0000 - f1 1.0000 
INFO:root:TRAIN measures for class 0 - precision 0.0000 - recall 0.0000 - f1 0.0000 
INFO:root:TRAIN measures for class 1 - precision 1.0000 - recall 1.0000 - f1 1.0000 
INFO:root:TRAIN measures@10 microavg - precision 1.0000 - recall 0.2128 - f1 0.3509 
INFO:root:TRAIN measures@10 for class 0 - precision 0.0000 - recall 0.0000 - f1 0.0000 
INFO:root:TRAIN measures@10 for class 1 - precision 1.0000 - recall 0.2128 - f1 0.3509 
INFO:root:TRAIN measures@100 microavg - precision 1.0000 - recall 1.0000 - f1 1.0000 
INFO:root:TRAIN measures@100 for class 0 - precision 0.0000 - recall 0.0000 - f1 0.0000 
INFO:root:TRAIN measures@100 for class 1 - precision 1.0000 - recall 1.0000 - f1 1.0000 
INFO:root:TRAIN measures@1000 microavg - precision 1.0000 - recall 1.0000 - f1 1.0000 
INFO:root:TRAIN measures@1000 for class 0 - precision 0.0000 - recall 0.0000 - f1 0.0000 
INFO:root:TRAIN measures@1000 for class 1 - precision 1.0000 - recall 1.0000 - f1 1.0000 
INFO:root:TRAIN Total epoch time: 0.5151219590002256
INFO:root:################ VALID epoch 12 ###################
INFO:root:VALID mean losses tensor(0.)
INFO:root:VALID mean errors 0.0
INFO:root:VALID mean MRR 0.0 - mean MAP 1.0
INFO:root:VALID tp {0: tensor(0), 1: tensor(282)},fn {0: tensor(0), 1: tensor(0)},fp {0: tensor(0), 1: tensor(0)}
INFO:root:VALID measures microavg - precision 1.0000 - recall 1.0000 - f1 1.0000 
INFO:root:VALID measures for class 0 - precision 0.0000 - recall 0.0000 - f1 0.0000 
INFO:root:VALID measures for class 1 - precision 1.0000 - recall 1.0000 - f1 1.0000 
INFO:root:VALID measures@10 microavg - precision 1.0000 - recall 0.2128 - f1 0.3509 
INFO:root:VALID measures@10 for class 0 - precision 0.0000 - recall 0.0000 - f1 0.0000 
INFO:root:VALID measures@10 for class 1 - precision 1.0000 - recall 0.2128 - f1 0.3509 
INFO:root:VALID measures@100 microavg - precision 1.0000 - recall 1.0000 - f1 1.0000 
INFO:root:VALID measures@100 for class 0 - precision 0.0000 - recall 0.0000 - f1 0.0000 
INFO:root:VALID measures@100 for class 1 - precision 1.0000 - recall 1.0000 - f1 1.0000 
INFO:root:VALID measures@1000 microavg - precision 1.0000 - recall 1.0000 - f1 1.0000 
INFO:root:VALID measures@1000 for class 0 - precision 0.0000 - recall 0.0000 - f1 0.0000 
INFO:root:VALID measures@1000 for class 1 - precision 1.0000 - recall 1.0000 - f1 1.0000 
INFO:root:VALID Total epoch time: 0.06451931599985983
INFO:root:################ TEST epoch 12 ###################
INFO:root:TEST batch 1 / 7 - partial error 0.0000 - partial loss 0.0000 - partial MRR  0.0000 - partial MAP 1.0000
INFO:root:TEST batch 1 / 7 -  partial tp {0: tensor(0), 1: tensor(47)},fn {0: tensor(0), 1: tensor(0)},fp {0: tensor(0), 1: tensor(0)}
INFO:root:TEST batch 1 / 7 - measures partial microavg - precision 1.0000 - recall 1.0000 - f1 1.0000 
INFO:root:TEST batch 1 / 7 - measures partial for class 0 - precision 0.0000 - recall 0.0000 - f1 0.0000 
INFO:root:TEST batch 1 / 7 - measures partial for class 1 - precision 1.0000 - recall 1.0000 - f1 1.0000 
INFO:root:TEST batch 1 / 7 - Batch time 0 
INFO:root:TEST batch 2 / 7 - partial error 0.0106 - partial loss 8.9439 - partial MRR  0.0000 - partial MAP 0.9894
INFO:root:TEST batch 2 / 7 -  partial tp {0: tensor(0), 1: tensor(46)},fn {0: tensor(1), 1: tensor(0)},fp {0: tensor(0), 1: tensor(1)}
INFO:root:TEST batch 2 / 7 - measures partial microavg - precision 0.9787 - recall 0.9787 - f1 0.9787 
INFO:root:TEST batch 2 / 7 - measures partial for class 0 - precision 0.0000 - recall 0.0000 - f1 0.0000 
INFO:root:TEST batch 2 / 7 - measures partial for class 1 - precision 0.9787 - recall 1.0000 - f1 0.9892 
INFO:root:TEST batch 2 / 7 - Batch time 0 
INFO:root:TEST batch 3 / 7 - partial error 0.0071 - partial loss 5.9626 - partial MRR  0.0000 - partial MAP 0.9929
INFO:root:TEST batch 3 / 7 -  partial tp {0: tensor(0), 1: tensor(47)},fn {0: tensor(0), 1: tensor(0)},fp {0: tensor(0), 1: tensor(0)}
INFO:root:TEST batch 3 / 7 - measures partial microavg - precision 1.0000 - recall 1.0000 - f1 1.0000 
INFO:root:TEST batch 3 / 7 - measures partial for class 0 - precision 0.0000 - recall 0.0000 - f1 0.0000 
INFO:root:TEST batch 3 / 7 - measures partial for class 1 - precision 1.0000 - recall 1.0000 - f1 1.0000 
INFO:root:TEST batch 3 / 7 - Batch time 0 
INFO:root:TEST batch 4 / 7 - partial error 0.0053 - partial loss 4.4720 - partial MRR  0.0000 - partial MAP 0.9947
INFO:root:TEST batch 4 / 7 -  partial tp {0: tensor(0), 1: tensor(47)},fn {0: tensor(0), 1: tensor(0)},fp {0: tensor(0), 1: tensor(0)}
INFO:root:TEST batch 4 / 7 - measures partial microavg - precision 1.0000 - recall 1.0000 - f1 1.0000 
INFO:root:TEST batch 4 / 7 - measures partial for class 0 - precision 0.0000 - recall 0.0000 - f1 0.0000 
INFO:root:TEST batch 4 / 7 - measures partial for class 1 - precision 1.0000 - recall 1.0000 - f1 1.0000 
INFO:root:TEST batch 4 / 7 - Batch time 0 
INFO:root:TEST batch 5 / 7 - partial error 0.0043 - partial loss 3.5776 - partial MRR  0.0000 - partial MAP 0.9957
INFO:root:TEST batch 5 / 7 -  partial tp {0: tensor(0), 1: tensor(47)},fn {0: tensor(0), 1: tensor(0)},fp {0: tensor(0), 1: tensor(0)}
INFO:root:TEST batch 5 / 7 - measures partial microavg - precision 1.0000 - recall 1.0000 - f1 1.0000 
INFO:root:TEST batch 5 / 7 - measures partial for class 0 - precision 0.0000 - recall 0.0000 - f1 0.0000 
INFO:root:TEST batch 5 / 7 - measures partial for class 1 - precision 1.0000 - recall 1.0000 - f1 1.0000 
INFO:root:TEST batch 5 / 7 - Batch time 0 
INFO:root:TEST batch 6 / 7 - partial error 0.0035 - partial loss 2.9813 - partial MRR  0.0000 - partial MAP 0.9965
INFO:root:TEST batch 6 / 7 -  partial tp {0: tensor(0), 1: tensor(47)},fn {0: tensor(0), 1: tensor(0)},fp {0: tensor(0), 1: tensor(0)}
INFO:root:TEST batch 6 / 7 - measures partial microavg - precision 1.0000 - recall 1.0000 - f1 1.0000 
INFO:root:TEST batch 6 / 7 - measures partial for class 0 - precision 0.0000 - recall 0.0000 - f1 0.0000 
INFO:root:TEST batch 6 / 7 - measures partial for class 1 - precision 1.0000 - recall 1.0000 - f1 1.0000 
INFO:root:TEST batch 6 / 7 - Batch time 0 
INFO:root:TEST batch 7 / 7 - partial error 0.0030 - partial loss 2.5554 - partial MRR  0.0000 - partial MAP 0.9970
INFO:root:TEST batch 7 / 7 -  partial tp {0: tensor(0), 1: tensor(47)},fn {0: tensor(0), 1: tensor(0)},fp {0: tensor(0), 1: tensor(0)}
INFO:root:TEST batch 7 / 7 - measures partial microavg - precision 1.0000 - recall 1.0000 - f1 1.0000 
INFO:root:TEST batch 7 / 7 - measures partial for class 0 - precision 0.0000 - recall 0.0000 - f1 0.0000 
INFO:root:TEST batch 7 / 7 - measures partial for class 1 - precision 1.0000 - recall 1.0000 - f1 1.0000 
INFO:root:TEST batch 7 / 7 - Batch time 0 
INFO:root:TEST mean losses tensor(2.5554)
INFO:root:TEST mean errors 0.0030395134817808867
INFO:root:TEST mean MRR 0.0 - mean MAP 0.996960461139679
INFO:root:TEST tp {0: tensor(0), 1: tensor(328)},fn {0: tensor(1), 1: tensor(0)},fp {0: tensor(0), 1: tensor(1)}
INFO:root:TEST measures microavg - precision 0.9970 - recall 0.9970 - f1 0.9970 
INFO:root:TEST measures for class 0 - precision 0.0000 - recall 0.0000 - f1 0.0000 
INFO:root:TEST measures for class 1 - precision 0.9970 - recall 1.0000 - f1 0.9985 
INFO:root:TEST measures@10 microavg - precision 1.0000 - recall 0.2128 - f1 0.3509 
INFO:root:TEST measures@10 for class 0 - precision 0.0000 - recall 0.0000 - f1 0.0000 
INFO:root:TEST measures@10 for class 1 - precision 1.0000 - recall 0.2134 - f1 0.3518 
INFO:root:TEST measures@100 microavg - precision 0.9970 - recall 0.9970 - f1 0.9970 
INFO:root:TEST measures@100 for class 0 - precision 0.0000 - recall 0.0000 - f1 0.0000 
INFO:root:TEST measures@100 for class 1 - precision 0.9970 - recall 1.0000 - f1 0.9985 
INFO:root:TEST measures@1000 microavg - precision 0.9970 - recall 0.9970 - f1 0.9970 
INFO:root:TEST measures@1000 for class 0 - precision 0.0000 - recall 0.0000 - f1 0.0000 
INFO:root:TEST measures@1000 for class 1 - precision 0.9970 - recall 1.0000 - f1 0.9985 
INFO:root:TEST Total epoch time: 0.08371428200007358
INFO:root:################ TRAIN epoch 13 ###################
INFO:root:TRAIN mean losses tensor(0.)
INFO:root:TRAIN mean errors 0.0
INFO:root:TRAIN mean MRR 0.0 - mean MAP 1.0
INFO:root:TRAIN tp {0: tensor(0), 1: tensor(1410)},fn {0: tensor(0), 1: tensor(0)},fp {0: tensor(0), 1: tensor(0)}
INFO:root:TRAIN measures microavg - precision 1.0000 - recall 1.0000 - f1 1.0000 
INFO:root:TRAIN measures for class 0 - precision 0.0000 - recall 0.0000 - f1 0.0000 
INFO:root:TRAIN measures for class 1 - precision 1.0000 - recall 1.0000 - f1 1.0000 
INFO:root:TRAIN measures@10 microavg - precision 1.0000 - recall 0.2128 - f1 0.3509 
INFO:root:TRAIN measures@10 for class 0 - precision 0.0000 - recall 0.0000 - f1 0.0000 
INFO:root:TRAIN measures@10 for class 1 - precision 1.0000 - recall 0.2128 - f1 0.3509 
INFO:root:TRAIN measures@100 microavg - precision 1.0000 - recall 1.0000 - f1 1.0000 
INFO:root:TRAIN measures@100 for class 0 - precision 0.0000 - recall 0.0000 - f1 0.0000 
INFO:root:TRAIN measures@100 for class 1 - precision 1.0000 - recall 1.0000 - f1 1.0000 
INFO:root:TRAIN measures@1000 microavg - precision 1.0000 - recall 1.0000 - f1 1.0000 
INFO:root:TRAIN measures@1000 for class 0 - precision 0.0000 - recall 0.0000 - f1 0.0000 
INFO:root:TRAIN measures@1000 for class 1 - precision 1.0000 - recall 1.0000 - f1 1.0000 
INFO:root:TRAIN Total epoch time: 0.516235566999967
INFO:root:################ VALID epoch 13 ###################
INFO:root:VALID mean losses tensor(0.)
INFO:root:VALID mean errors 0.0
INFO:root:VALID mean MRR 0.0 - mean MAP 1.0
INFO:root:VALID tp {0: tensor(0), 1: tensor(282)},fn {0: tensor(0), 1: tensor(0)},fp {0: tensor(0), 1: tensor(0)}
INFO:root:VALID measures microavg - precision 1.0000 - recall 1.0000 - f1 1.0000 
INFO:root:VALID measures for class 0 - precision 0.0000 - recall 0.0000 - f1 0.0000 
INFO:root:VALID measures for class 1 - precision 1.0000 - recall 1.0000 - f1 1.0000 
INFO:root:VALID measures@10 microavg - precision 1.0000 - recall 0.2128 - f1 0.3509 
INFO:root:VALID measures@10 for class 0 - precision 0.0000 - recall 0.0000 - f1 0.0000 
INFO:root:VALID measures@10 for class 1 - precision 1.0000 - recall 0.2128 - f1 0.3509 
INFO:root:VALID measures@100 microavg - precision 1.0000 - recall 1.0000 - f1 1.0000 
INFO:root:VALID measures@100 for class 0 - precision 0.0000 - recall 0.0000 - f1 0.0000 
INFO:root:VALID measures@100 for class 1 - precision 1.0000 - recall 1.0000 - f1 1.0000 
INFO:root:VALID measures@1000 microavg - precision 1.0000 - recall 1.0000 - f1 1.0000 
INFO:root:VALID measures@1000 for class 0 - precision 0.0000 - recall 0.0000 - f1 0.0000 
INFO:root:VALID measures@1000 for class 1 - precision 1.0000 - recall 1.0000 - f1 1.0000 
INFO:root:VALID Total epoch time: 0.0653808189999836
INFO:root:################ TEST epoch 13 ###################
INFO:root:TEST batch 1 / 7 - partial error 0.0000 - partial loss 0.0000 - partial MRR  0.0000 - partial MAP 1.0000
INFO:root:TEST batch 1 / 7 -  partial tp {0: tensor(0), 1: tensor(47)},fn {0: tensor(0), 1: tensor(0)},fp {0: tensor(0), 1: tensor(0)}
INFO:root:TEST batch 1 / 7 - measures partial microavg - precision 1.0000 - recall 1.0000 - f1 1.0000 
INFO:root:TEST batch 1 / 7 - measures partial for class 0 - precision 0.0000 - recall 0.0000 - f1 0.0000 
INFO:root:TEST batch 1 / 7 - measures partial for class 1 - precision 1.0000 - recall 1.0000 - f1 1.0000 
INFO:root:TEST batch 1 / 7 - Batch time 0 
INFO:root:TEST batch 2 / 7 - partial error 0.0106 - partial loss 9.1452 - partial MRR  0.0000 - partial MAP 0.9894
INFO:root:TEST batch 2 / 7 -  partial tp {0: tensor(0), 1: tensor(46)},fn {0: tensor(1), 1: tensor(0)},fp {0: tensor(0), 1: tensor(1)}
INFO:root:TEST batch 2 / 7 - measures partial microavg - precision 0.9787 - recall 0.9787 - f1 0.9787 
INFO:root:TEST batch 2 / 7 - measures partial for class 0 - precision 0.0000 - recall 0.0000 - f1 0.0000 
INFO:root:TEST batch 2 / 7 - measures partial for class 1 - precision 0.9787 - recall 1.0000 - f1 0.9892 
INFO:root:TEST batch 2 / 7 - Batch time 0 
INFO:root:TEST batch 3 / 7 - partial error 0.0071 - partial loss 6.0968 - partial MRR  0.0000 - partial MAP 0.9929
INFO:root:TEST batch 3 / 7 -  partial tp {0: tensor(0), 1: tensor(47)},fn {0: tensor(0), 1: tensor(0)},fp {0: tensor(0), 1: tensor(0)}
INFO:root:TEST batch 3 / 7 - measures partial microavg - precision 1.0000 - recall 1.0000 - f1 1.0000 
INFO:root:TEST batch 3 / 7 - measures partial for class 0 - precision 0.0000 - recall 0.0000 - f1 0.0000 
INFO:root:TEST batch 3 / 7 - measures partial for class 1 - precision 1.0000 - recall 1.0000 - f1 1.0000 
INFO:root:TEST batch 3 / 7 - Batch time 0 
INFO:root:TEST batch 4 / 7 - partial error 0.0053 - partial loss 4.5726 - partial MRR  0.0000 - partial MAP 0.9947
INFO:root:TEST batch 4 / 7 -  partial tp {0: tensor(0), 1: tensor(47)},fn {0: tensor(0), 1: tensor(0)},fp {0: tensor(0), 1: tensor(0)}
INFO:root:TEST batch 4 / 7 - measures partial microavg - precision 1.0000 - recall 1.0000 - f1 1.0000 
INFO:root:TEST batch 4 / 7 - measures partial for class 0 - precision 0.0000 - recall 0.0000 - f1 0.0000 
INFO:root:TEST batch 4 / 7 - measures partial for class 1 - precision 1.0000 - recall 1.0000 - f1 1.0000 
INFO:root:TEST batch 4 / 7 - Batch time 0 
INFO:root:TEST batch 5 / 7 - partial error 0.0043 - partial loss 3.6581 - partial MRR  0.0000 - partial MAP 0.9957
INFO:root:TEST batch 5 / 7 -  partial tp {0: tensor(0), 1: tensor(47)},fn {0: tensor(0), 1: tensor(0)},fp {0: tensor(0), 1: tensor(0)}
INFO:root:TEST batch 5 / 7 - measures partial microavg - precision 1.0000 - recall 1.0000 - f1 1.0000 
INFO:root:TEST batch 5 / 7 - measures partial for class 0 - precision 0.0000 - recall 0.0000 - f1 0.0000 
INFO:root:TEST batch 5 / 7 - measures partial for class 1 - precision 1.0000 - recall 1.0000 - f1 1.0000 
INFO:root:TEST batch 5 / 7 - Batch time 0 
INFO:root:TEST batch 6 / 7 - partial error 0.0035 - partial loss 3.0484 - partial MRR  0.0000 - partial MAP 0.9965
INFO:root:TEST batch 6 / 7 -  partial tp {0: tensor(0), 1: tensor(47)},fn {0: tensor(0), 1: tensor(0)},fp {0: tensor(0), 1: tensor(0)}
INFO:root:TEST batch 6 / 7 - measures partial microavg - precision 1.0000 - recall 1.0000 - f1 1.0000 
INFO:root:TEST batch 6 / 7 - measures partial for class 0 - precision 0.0000 - recall 0.0000 - f1 0.0000 
INFO:root:TEST batch 6 / 7 - measures partial for class 1 - precision 1.0000 - recall 1.0000 - f1 1.0000 
INFO:root:TEST batch 6 / 7 - Batch time 0 
INFO:root:TEST batch 7 / 7 - partial error 0.0030 - partial loss 2.6129 - partial MRR  0.0000 - partial MAP 0.9970
INFO:root:TEST batch 7 / 7 -  partial tp {0: tensor(0), 1: tensor(47)},fn {0: tensor(0), 1: tensor(0)},fp {0: tensor(0), 1: tensor(0)}
INFO:root:TEST batch 7 / 7 - measures partial microavg - precision 1.0000 - recall 1.0000 - f1 1.0000 
INFO:root:TEST batch 7 / 7 - measures partial for class 0 - precision 0.0000 - recall 0.0000 - f1 0.0000 
INFO:root:TEST batch 7 / 7 - measures partial for class 1 - precision 1.0000 - recall 1.0000 - f1 1.0000 
INFO:root:TEST batch 7 / 7 - Batch time 0 
INFO:root:TEST mean losses tensor(2.6129)
INFO:root:TEST mean errors 0.0030395134817808867
INFO:root:TEST mean MRR 0.0 - mean MAP 0.996960461139679
INFO:root:TEST tp {0: tensor(0), 1: tensor(328)},fn {0: tensor(1), 1: tensor(0)},fp {0: tensor(0), 1: tensor(1)}
INFO:root:TEST measures microavg - precision 0.9970 - recall 0.9970 - f1 0.9970 
INFO:root:TEST measures for class 0 - precision 0.0000 - recall 0.0000 - f1 0.0000 
INFO:root:TEST measures for class 1 - precision 0.9970 - recall 1.0000 - f1 0.9985 
INFO:root:TEST measures@10 microavg - precision 1.0000 - recall 0.2128 - f1 0.3509 
INFO:root:TEST measures@10 for class 0 - precision 0.0000 - recall 0.0000 - f1 0.0000 
INFO:root:TEST measures@10 for class 1 - precision 1.0000 - recall 0.2134 - f1 0.3518 
INFO:root:TEST measures@100 microavg - precision 0.9970 - recall 0.9970 - f1 0.9970 
INFO:root:TEST measures@100 for class 0 - precision 0.0000 - recall 0.0000 - f1 0.0000 
INFO:root:TEST measures@100 for class 1 - precision 0.9970 - recall 1.0000 - f1 0.9985 
INFO:root:TEST measures@1000 microavg - precision 0.9970 - recall 0.9970 - f1 0.9970 
INFO:root:TEST measures@1000 for class 0 - precision 0.0000 - recall 0.0000 - f1 0.0000 
INFO:root:TEST measures@1000 for class 1 - precision 0.9970 - recall 1.0000 - f1 0.9985 
INFO:root:TEST Total epoch time: 0.08383588599963332
INFO:root:################ TRAIN epoch 14 ###################
INFO:root:TRAIN mean losses tensor(0.)
INFO:root:TRAIN mean errors 0.0
INFO:root:TRAIN mean MRR 0.0 - mean MAP 1.0
INFO:root:TRAIN tp {0: tensor(0), 1: tensor(1410)},fn {0: tensor(0), 1: tensor(0)},fp {0: tensor(0), 1: tensor(0)}
INFO:root:TRAIN measures microavg - precision 1.0000 - recall 1.0000 - f1 1.0000 
INFO:root:TRAIN measures for class 0 - precision 0.0000 - recall 0.0000 - f1 0.0000 
INFO:root:TRAIN measures for class 1 - precision 1.0000 - recall 1.0000 - f1 1.0000 
INFO:root:TRAIN measures@10 microavg - precision 1.0000 - recall 0.2128 - f1 0.3509 
INFO:root:TRAIN measures@10 for class 0 - precision 0.0000 - recall 0.0000 - f1 0.0000 
INFO:root:TRAIN measures@10 for class 1 - precision 1.0000 - recall 0.2128 - f1 0.3509 
INFO:root:TRAIN measures@100 microavg - precision 1.0000 - recall 1.0000 - f1 1.0000 
INFO:root:TRAIN measures@100 for class 0 - precision 0.0000 - recall 0.0000 - f1 0.0000 
INFO:root:TRAIN measures@100 for class 1 - precision 1.0000 - recall 1.0000 - f1 1.0000 
INFO:root:TRAIN measures@1000 microavg - precision 1.0000 - recall 1.0000 - f1 1.0000 
INFO:root:TRAIN measures@1000 for class 0 - precision 0.0000 - recall 0.0000 - f1 0.0000 
INFO:root:TRAIN measures@1000 for class 1 - precision 1.0000 - recall 1.0000 - f1 1.0000 
INFO:root:TRAIN Total epoch time: 0.5061100709999664
INFO:root:################ VALID epoch 14 ###################
INFO:root:VALID mean losses tensor(0.)
INFO:root:VALID mean errors 0.0
INFO:root:VALID mean MRR 0.0 - mean MAP 1.0
INFO:root:VALID tp {0: tensor(0), 1: tensor(282)},fn {0: tensor(0), 1: tensor(0)},fp {0: tensor(0), 1: tensor(0)}
INFO:root:VALID measures microavg - precision 1.0000 - recall 1.0000 - f1 1.0000 
INFO:root:VALID measures for class 0 - precision 0.0000 - recall 0.0000 - f1 0.0000 
INFO:root:VALID measures for class 1 - precision 1.0000 - recall 1.0000 - f1 1.0000 
INFO:root:VALID measures@10 microavg - precision 1.0000 - recall 0.2128 - f1 0.3509 
INFO:root:VALID measures@10 for class 0 - precision 0.0000 - recall 0.0000 - f1 0.0000 
INFO:root:VALID measures@10 for class 1 - precision 1.0000 - recall 0.2128 - f1 0.3509 
INFO:root:VALID measures@100 microavg - precision 1.0000 - recall 1.0000 - f1 1.0000 
INFO:root:VALID measures@100 for class 0 - precision 0.0000 - recall 0.0000 - f1 0.0000 
INFO:root:VALID measures@100 for class 1 - precision 1.0000 - recall 1.0000 - f1 1.0000 
INFO:root:VALID measures@1000 microavg - precision 1.0000 - recall 1.0000 - f1 1.0000 
INFO:root:VALID measures@1000 for class 0 - precision 0.0000 - recall 0.0000 - f1 0.0000 
INFO:root:VALID measures@1000 for class 1 - precision 1.0000 - recall 1.0000 - f1 1.0000 
INFO:root:VALID Total epoch time: 0.06442710400006035
INFO:root:################ TEST epoch 14 ###################
INFO:root:TEST batch 1 / 7 - partial error 0.0000 - partial loss 0.0000 - partial MRR  0.0000 - partial MAP 1.0000
INFO:root:TEST batch 1 / 7 -  partial tp {0: tensor(0), 1: tensor(47)},fn {0: tensor(0), 1: tensor(0)},fp {0: tensor(0), 1: tensor(0)}
INFO:root:TEST batch 1 / 7 - measures partial microavg - precision 1.0000 - recall 1.0000 - f1 1.0000 
INFO:root:TEST batch 1 / 7 - measures partial for class 0 - precision 0.0000 - recall 0.0000 - f1 0.0000 
INFO:root:TEST batch 1 / 7 - measures partial for class 1 - precision 1.0000 - recall 1.0000 - f1 1.0000 
INFO:root:TEST batch 1 / 7 - Batch time 0 
INFO:root:TEST batch 2 / 7 - partial error 0.0106 - partial loss 9.0342 - partial MRR  0.0000 - partial MAP 0.9894
INFO:root:TEST batch 2 / 7 -  partial tp {0: tensor(0), 1: tensor(46)},fn {0: tensor(1), 1: tensor(0)},fp {0: tensor(0), 1: tensor(1)}
INFO:root:TEST batch 2 / 7 - measures partial microavg - precision 0.9787 - recall 0.9787 - f1 0.9787 
INFO:root:TEST batch 2 / 7 - measures partial for class 0 - precision 0.0000 - recall 0.0000 - f1 0.0000 
INFO:root:TEST batch 2 / 7 - measures partial for class 1 - precision 0.9787 - recall 1.0000 - f1 0.9892 
INFO:root:TEST batch 2 / 7 - Batch time 0 
INFO:root:TEST batch 3 / 7 - partial error 0.0071 - partial loss 6.0228 - partial MRR  0.0000 - partial MAP 0.9929
INFO:root:TEST batch 3 / 7 -  partial tp {0: tensor(0), 1: tensor(47)},fn {0: tensor(0), 1: tensor(0)},fp {0: tensor(0), 1: tensor(0)}
INFO:root:TEST batch 3 / 7 - measures partial microavg - precision 1.0000 - recall 1.0000 - f1 1.0000 
INFO:root:TEST batch 3 / 7 - measures partial for class 0 - precision 0.0000 - recall 0.0000 - f1 0.0000 
INFO:root:TEST batch 3 / 7 - measures partial for class 1 - precision 1.0000 - recall 1.0000 - f1 1.0000 
INFO:root:TEST batch 3 / 7 - Batch time 0 
INFO:root:TEST batch 4 / 7 - partial error 0.0053 - partial loss 4.5171 - partial MRR  0.0000 - partial MAP 0.9947
INFO:root:TEST batch 4 / 7 -  partial tp {0: tensor(0), 1: tensor(47)},fn {0: tensor(0), 1: tensor(0)},fp {0: tensor(0), 1: tensor(0)}
INFO:root:TEST batch 4 / 7 - measures partial microavg - precision 1.0000 - recall 1.0000 - f1 1.0000 
INFO:root:TEST batch 4 / 7 - measures partial for class 0 - precision 0.0000 - recall 0.0000 - f1 0.0000 
INFO:root:TEST batch 4 / 7 - measures partial for class 1 - precision 1.0000 - recall 1.0000 - f1 1.0000 
INFO:root:TEST batch 4 / 7 - Batch time 0 
INFO:root:TEST batch 5 / 7 - partial error 0.0043 - partial loss 3.6137 - partial MRR  0.0000 - partial MAP 0.9957
INFO:root:TEST batch 5 / 7 -  partial tp {0: tensor(0), 1: tensor(47)},fn {0: tensor(0), 1: tensor(0)},fp {0: tensor(0), 1: tensor(0)}
INFO:root:TEST batch 5 / 7 - measures partial microavg - precision 1.0000 - recall 1.0000 - f1 1.0000 
INFO:root:TEST batch 5 / 7 - measures partial for class 0 - precision 0.0000 - recall 0.0000 - f1 0.0000 
INFO:root:TEST batch 5 / 7 - measures partial for class 1 - precision 1.0000 - recall 1.0000 - f1 1.0000 
INFO:root:TEST batch 5 / 7 - Batch time 0 
INFO:root:TEST batch 6 / 7 - partial error 0.0035 - partial loss 3.0114 - partial MRR  0.0000 - partial MAP 0.9965
INFO:root:TEST batch 6 / 7 -  partial tp {0: tensor(0), 1: tensor(47)},fn {0: tensor(0), 1: tensor(0)},fp {0: tensor(0), 1: tensor(0)}
INFO:root:TEST batch 6 / 7 - measures partial microavg - precision 1.0000 - recall 1.0000 - f1 1.0000 
INFO:root:TEST batch 6 / 7 - measures partial for class 0 - precision 0.0000 - recall 0.0000 - f1 0.0000 
INFO:root:TEST batch 6 / 7 - measures partial for class 1 - precision 1.0000 - recall 1.0000 - f1 1.0000 
INFO:root:TEST batch 6 / 7 - Batch time 0 
INFO:root:TEST batch 7 / 7 - partial error 0.0030 - partial loss 2.5812 - partial MRR  0.0000 - partial MAP 0.9970
INFO:root:TEST batch 7 / 7 -  partial tp {0: tensor(0), 1: tensor(47)},fn {0: tensor(0), 1: tensor(0)},fp {0: tensor(0), 1: tensor(0)}
INFO:root:TEST batch 7 / 7 - measures partial microavg - precision 1.0000 - recall 1.0000 - f1 1.0000 
INFO:root:TEST batch 7 / 7 - measures partial for class 0 - precision 0.0000 - recall 0.0000 - f1 0.0000 
INFO:root:TEST batch 7 / 7 - measures partial for class 1 - precision 1.0000 - recall 1.0000 - f1 1.0000 
INFO:root:TEST batch 7 / 7 - Batch time 0 
INFO:root:TEST mean losses tensor(2.5812)
INFO:root:TEST mean errors 0.0030395134817808867
INFO:root:TEST mean MRR 0.0 - mean MAP 0.996960461139679
INFO:root:TEST tp {0: tensor(0), 1: tensor(328)},fn {0: tensor(1), 1: tensor(0)},fp {0: tensor(0), 1: tensor(1)}
INFO:root:TEST measures microavg - precision 0.9970 - recall 0.9970 - f1 0.9970 
INFO:root:TEST measures for class 0 - precision 0.0000 - recall 0.0000 - f1 0.0000 
INFO:root:TEST measures for class 1 - precision 0.9970 - recall 1.0000 - f1 0.9985 
INFO:root:TEST measures@10 microavg - precision 1.0000 - recall 0.2128 - f1 0.3509 
INFO:root:TEST measures@10 for class 0 - precision 0.0000 - recall 0.0000 - f1 0.0000 
INFO:root:TEST measures@10 for class 1 - precision 1.0000 - recall 0.2134 - f1 0.3518 
INFO:root:TEST measures@100 microavg - precision 0.9970 - recall 0.9970 - f1 0.9970 
INFO:root:TEST measures@100 for class 0 - precision 0.0000 - recall 0.0000 - f1 0.0000 
INFO:root:TEST measures@100 for class 1 - precision 0.9970 - recall 1.0000 - f1 0.9985 
INFO:root:TEST measures@1000 microavg - precision 0.9970 - recall 0.9970 - f1 0.9970 
INFO:root:TEST measures@1000 for class 0 - precision 0.0000 - recall 0.0000 - f1 0.0000 
INFO:root:TEST measures@1000 for class 1 - precision 0.9970 - recall 1.0000 - f1 0.9985 
INFO:root:TEST Total epoch time: 0.08435074799990616
INFO:root:################ TRAIN epoch 15 ###################
INFO:root:TRAIN mean losses tensor(0.)
INFO:root:TRAIN mean errors 0.0
INFO:root:TRAIN mean MRR 0.0 - mean MAP 1.0
INFO:root:TRAIN tp {0: tensor(0), 1: tensor(1410)},fn {0: tensor(0), 1: tensor(0)},fp {0: tensor(0), 1: tensor(0)}
INFO:root:TRAIN measures microavg - precision 1.0000 - recall 1.0000 - f1 1.0000 
INFO:root:TRAIN measures for class 0 - precision 0.0000 - recall 0.0000 - f1 0.0000 
INFO:root:TRAIN measures for class 1 - precision 1.0000 - recall 1.0000 - f1 1.0000 
INFO:root:TRAIN measures@10 microavg - precision 1.0000 - recall 0.2128 - f1 0.3509 
INFO:root:TRAIN measures@10 for class 0 - precision 0.0000 - recall 0.0000 - f1 0.0000 
INFO:root:TRAIN measures@10 for class 1 - precision 1.0000 - recall 0.2128 - f1 0.3509 
INFO:root:TRAIN measures@100 microavg - precision 1.0000 - recall 1.0000 - f1 1.0000 
INFO:root:TRAIN measures@100 for class 0 - precision 0.0000 - recall 0.0000 - f1 0.0000 
INFO:root:TRAIN measures@100 for class 1 - precision 1.0000 - recall 1.0000 - f1 1.0000 
INFO:root:TRAIN measures@1000 microavg - precision 1.0000 - recall 1.0000 - f1 1.0000 
INFO:root:TRAIN measures@1000 for class 0 - precision 0.0000 - recall 0.0000 - f1 0.0000 
INFO:root:TRAIN measures@1000 for class 1 - precision 1.0000 - recall 1.0000 - f1 1.0000 
INFO:root:TRAIN Total epoch time: 0.5191744510002536
INFO:root:################ VALID epoch 15 ###################
INFO:root:VALID mean losses tensor(0.)
INFO:root:VALID mean errors 0.0
INFO:root:VALID mean MRR 0.0 - mean MAP 1.0
INFO:root:VALID tp {0: tensor(0), 1: tensor(282)},fn {0: tensor(0), 1: tensor(0)},fp {0: tensor(0), 1: tensor(0)}
INFO:root:VALID measures microavg - precision 1.0000 - recall 1.0000 - f1 1.0000 
INFO:root:VALID measures for class 0 - precision 0.0000 - recall 0.0000 - f1 0.0000 
INFO:root:VALID measures for class 1 - precision 1.0000 - recall 1.0000 - f1 1.0000 
INFO:root:VALID measures@10 microavg - precision 1.0000 - recall 0.2128 - f1 0.3509 
INFO:root:VALID measures@10 for class 0 - precision 0.0000 - recall 0.0000 - f1 0.0000 
INFO:root:VALID measures@10 for class 1 - precision 1.0000 - recall 0.2128 - f1 0.3509 
INFO:root:VALID measures@100 microavg - precision 1.0000 - recall 1.0000 - f1 1.0000 
INFO:root:VALID measures@100 for class 0 - precision 0.0000 - recall 0.0000 - f1 0.0000 
INFO:root:VALID measures@100 for class 1 - precision 1.0000 - recall 1.0000 - f1 1.0000 
INFO:root:VALID measures@1000 microavg - precision 1.0000 - recall 1.0000 - f1 1.0000 
INFO:root:VALID measures@1000 for class 0 - precision 0.0000 - recall 0.0000 - f1 0.0000 
INFO:root:VALID measures@1000 for class 1 - precision 1.0000 - recall 1.0000 - f1 1.0000 
INFO:root:VALID Total epoch time: 0.14811567400010972
INFO:root:################ TEST epoch 15 ###################
INFO:root:TEST batch 1 / 7 - partial error 0.0000 - partial loss 0.0000 - partial MRR  0.0000 - partial MAP 1.0000
INFO:root:TEST batch 1 / 7 -  partial tp {0: tensor(0), 1: tensor(47)},fn {0: tensor(0), 1: tensor(0)},fp {0: tensor(0), 1: tensor(0)}
INFO:root:TEST batch 1 / 7 - measures partial microavg - precision 1.0000 - recall 1.0000 - f1 1.0000 
INFO:root:TEST batch 1 / 7 - measures partial for class 0 - precision 0.0000 - recall 0.0000 - f1 0.0000 
INFO:root:TEST batch 1 / 7 - measures partial for class 1 - precision 1.0000 - recall 1.0000 - f1 1.0000 
INFO:root:TEST batch 1 / 7 - Batch time 0 
INFO:root:TEST batch 2 / 7 - partial error 0.0106 - partial loss 8.7749 - partial MRR  0.0000 - partial MAP 0.9894
INFO:root:TEST batch 2 / 7 -  partial tp {0: tensor(0), 1: tensor(46)},fn {0: tensor(1), 1: tensor(0)},fp {0: tensor(0), 1: tensor(1)}
INFO:root:TEST batch 2 / 7 - measures partial microavg - precision 0.9787 - recall 0.9787 - f1 0.9787 
INFO:root:TEST batch 2 / 7 - measures partial for class 0 - precision 0.0000 - recall 0.0000 - f1 0.0000 
INFO:root:TEST batch 2 / 7 - measures partial for class 1 - precision 0.9787 - recall 1.0000 - f1 0.9892 
INFO:root:TEST batch 2 / 7 - Batch time 0 
INFO:root:TEST batch 3 / 7 - partial error 0.0071 - partial loss 5.8499 - partial MRR  0.0000 - partial MAP 0.9929
INFO:root:TEST batch 3 / 7 -  partial tp {0: tensor(0), 1: tensor(47)},fn {0: tensor(0), 1: tensor(0)},fp {0: tensor(0), 1: tensor(0)}
INFO:root:TEST batch 3 / 7 - measures partial microavg - precision 1.0000 - recall 1.0000 - f1 1.0000 
INFO:root:TEST batch 3 / 7 - measures partial for class 0 - precision 0.0000 - recall 0.0000 - f1 0.0000 
INFO:root:TEST batch 3 / 7 - measures partial for class 1 - precision 1.0000 - recall 1.0000 - f1 1.0000 
INFO:root:TEST batch 3 / 7 - Batch time 0 
INFO:root:TEST batch 4 / 7 - partial error 0.0053 - partial loss 4.3874 - partial MRR  0.0000 - partial MAP 0.9947
INFO:root:TEST batch 4 / 7 -  partial tp {0: tensor(0), 1: tensor(47)},fn {0: tensor(0), 1: tensor(0)},fp {0: tensor(0), 1: tensor(0)}
INFO:root:TEST batch 4 / 7 - measures partial microavg - precision 1.0000 - recall 1.0000 - f1 1.0000 
INFO:root:TEST batch 4 / 7 - measures partial for class 0 - precision 0.0000 - recall 0.0000 - f1 0.0000 
INFO:root:TEST batch 4 / 7 - measures partial for class 1 - precision 1.0000 - recall 1.0000 - f1 1.0000 
INFO:root:TEST batch 4 / 7 - Batch time 0 
INFO:root:TEST batch 5 / 7 - partial error 0.0043 - partial loss 3.5100 - partial MRR  0.0000 - partial MAP 0.9957
INFO:root:TEST batch 5 / 7 -  partial tp {0: tensor(0), 1: tensor(47)},fn {0: tensor(0), 1: tensor(0)},fp {0: tensor(0), 1: tensor(0)}
INFO:root:TEST batch 5 / 7 - measures partial microavg - precision 1.0000 - recall 1.0000 - f1 1.0000 
INFO:root:TEST batch 5 / 7 - measures partial for class 0 - precision 0.0000 - recall 0.0000 - f1 0.0000 
INFO:root:TEST batch 5 / 7 - measures partial for class 1 - precision 1.0000 - recall 1.0000 - f1 1.0000 
INFO:root:TEST batch 5 / 7 - Batch time 0 
INFO:root:TEST batch 6 / 7 - partial error 0.0035 - partial loss 2.9250 - partial MRR  0.0000 - partial MAP 0.9965
INFO:root:TEST batch 6 / 7 -  partial tp {0: tensor(0), 1: tensor(47)},fn {0: tensor(0), 1: tensor(0)},fp {0: tensor(0), 1: tensor(0)}
INFO:root:TEST batch 6 / 7 - measures partial microavg - precision 1.0000 - recall 1.0000 - f1 1.0000 
INFO:root:TEST batch 6 / 7 - measures partial for class 0 - precision 0.0000 - recall 0.0000 - f1 0.0000 
INFO:root:TEST batch 6 / 7 - measures partial for class 1 - precision 1.0000 - recall 1.0000 - f1 1.0000 
INFO:root:TEST batch 6 / 7 - Batch time 0 
INFO:root:TEST batch 7 / 7 - partial error 0.0030 - partial loss 2.5071 - partial MRR  0.0000 - partial MAP 0.9970
INFO:root:TEST batch 7 / 7 -  partial tp {0: tensor(0), 1: tensor(47)},fn {0: tensor(0), 1: tensor(0)},fp {0: tensor(0), 1: tensor(0)}
INFO:root:TEST batch 7 / 7 - measures partial microavg - precision 1.0000 - recall 1.0000 - f1 1.0000 
INFO:root:TEST batch 7 / 7 - measures partial for class 0 - precision 0.0000 - recall 0.0000 - f1 0.0000 
INFO:root:TEST batch 7 / 7 - measures partial for class 1 - precision 1.0000 - recall 1.0000 - f1 1.0000 
INFO:root:TEST batch 7 / 7 - Batch time 0 
INFO:root:TEST mean losses tensor(2.5071)
INFO:root:TEST mean errors 0.0030395134817808867
INFO:root:TEST mean MRR 0.0 - mean MAP 0.996960461139679
INFO:root:TEST tp {0: tensor(0), 1: tensor(328)},fn {0: tensor(1), 1: tensor(0)},fp {0: tensor(0), 1: tensor(1)}
INFO:root:TEST measures microavg - precision 0.9970 - recall 0.9970 - f1 0.9970 
INFO:root:TEST measures for class 0 - precision 0.0000 - recall 0.0000 - f1 0.0000 
INFO:root:TEST measures for class 1 - precision 0.9970 - recall 1.0000 - f1 0.9985 
INFO:root:TEST measures@10 microavg - precision 1.0000 - recall 0.2128 - f1 0.3509 
INFO:root:TEST measures@10 for class 0 - precision 0.0000 - recall 0.0000 - f1 0.0000 
INFO:root:TEST measures@10 for class 1 - precision 1.0000 - recall 0.2134 - f1 0.3518 
INFO:root:TEST measures@100 microavg - precision 0.9970 - recall 0.9970 - f1 0.9970 
INFO:root:TEST measures@100 for class 0 - precision 0.0000 - recall 0.0000 - f1 0.0000 
INFO:root:TEST measures@100 for class 1 - precision 0.9970 - recall 1.0000 - f1 0.9985 
INFO:root:TEST measures@1000 microavg - precision 0.9970 - recall 0.9970 - f1 0.9970 
INFO:root:TEST measures@1000 for class 0 - precision 0.0000 - recall 0.0000 - f1 0.0000 
INFO:root:TEST measures@1000 for class 1 - precision 0.9970 - recall 1.0000 - f1 0.9985 
INFO:root:TEST Total epoch time: 0.09377750800013018
INFO:root:################ TRAIN epoch 16 ###################
INFO:root:TRAIN mean losses tensor(0.)
INFO:root:TRAIN mean errors 0.0
INFO:root:TRAIN mean MRR 0.0 - mean MAP 1.0
INFO:root:TRAIN tp {0: tensor(0), 1: tensor(1410)},fn {0: tensor(0), 1: tensor(0)},fp {0: tensor(0), 1: tensor(0)}
INFO:root:TRAIN measures microavg - precision 1.0000 - recall 1.0000 - f1 1.0000 
INFO:root:TRAIN measures for class 0 - precision 0.0000 - recall 0.0000 - f1 0.0000 
INFO:root:TRAIN measures for class 1 - precision 1.0000 - recall 1.0000 - f1 1.0000 
INFO:root:TRAIN measures@10 microavg - precision 1.0000 - recall 0.2128 - f1 0.3509 
INFO:root:TRAIN measures@10 for class 0 - precision 0.0000 - recall 0.0000 - f1 0.0000 
INFO:root:TRAIN measures@10 for class 1 - precision 1.0000 - recall 0.2128 - f1 0.3509 
INFO:root:TRAIN measures@100 microavg - precision 1.0000 - recall 1.0000 - f1 1.0000 
INFO:root:TRAIN measures@100 for class 0 - precision 0.0000 - recall 0.0000 - f1 0.0000 
INFO:root:TRAIN measures@100 for class 1 - precision 1.0000 - recall 1.0000 - f1 1.0000 
INFO:root:TRAIN measures@1000 microavg - precision 1.0000 - recall 1.0000 - f1 1.0000 
INFO:root:TRAIN measures@1000 for class 0 - precision 0.0000 - recall 0.0000 - f1 0.0000 
INFO:root:TRAIN measures@1000 for class 1 - precision 1.0000 - recall 1.0000 - f1 1.0000 
INFO:root:TRAIN Total epoch time: 0.5451540379999642
INFO:root:################ VALID epoch 16 ###################
INFO:root:VALID mean losses tensor(0.)
INFO:root:VALID mean errors 0.0
INFO:root:VALID mean MRR 0.0 - mean MAP 1.0
INFO:root:VALID tp {0: tensor(0), 1: tensor(282)},fn {0: tensor(0), 1: tensor(0)},fp {0: tensor(0), 1: tensor(0)}
INFO:root:VALID measures microavg - precision 1.0000 - recall 1.0000 - f1 1.0000 
INFO:root:VALID measures for class 0 - precision 0.0000 - recall 0.0000 - f1 0.0000 
INFO:root:VALID measures for class 1 - precision 1.0000 - recall 1.0000 - f1 1.0000 
INFO:root:VALID measures@10 microavg - precision 1.0000 - recall 0.2128 - f1 0.3509 
INFO:root:VALID measures@10 for class 0 - precision 0.0000 - recall 0.0000 - f1 0.0000 
INFO:root:VALID measures@10 for class 1 - precision 1.0000 - recall 0.2128 - f1 0.3509 
INFO:root:VALID measures@100 microavg - precision 1.0000 - recall 1.0000 - f1 1.0000 
INFO:root:VALID measures@100 for class 0 - precision 0.0000 - recall 0.0000 - f1 0.0000 
INFO:root:VALID measures@100 for class 1 - precision 1.0000 - recall 1.0000 - f1 1.0000 
INFO:root:VALID measures@1000 microavg - precision 1.0000 - recall 1.0000 - f1 1.0000 
INFO:root:VALID measures@1000 for class 0 - precision 0.0000 - recall 0.0000 - f1 0.0000 
INFO:root:VALID measures@1000 for class 1 - precision 1.0000 - recall 1.0000 - f1 1.0000 
INFO:root:VALID Total epoch time: 0.06796769599986874
INFO:root:################ TEST epoch 16 ###################
INFO:root:TEST batch 1 / 7 - partial error 0.0000 - partial loss 0.0000 - partial MRR  0.0000 - partial MAP 1.0000
INFO:root:TEST batch 1 / 7 -  partial tp {0: tensor(0), 1: tensor(47)},fn {0: tensor(0), 1: tensor(0)},fp {0: tensor(0), 1: tensor(0)}
INFO:root:TEST batch 1 / 7 - measures partial microavg - precision 1.0000 - recall 1.0000 - f1 1.0000 
INFO:root:TEST batch 1 / 7 - measures partial for class 0 - precision 0.0000 - recall 0.0000 - f1 0.0000 
INFO:root:TEST batch 1 / 7 - measures partial for class 1 - precision 1.0000 - recall 1.0000 - f1 1.0000 
INFO:root:TEST batch 1 / 7 - Batch time 0 
INFO:root:TEST batch 2 / 7 - partial error 0.0106 - partial loss 9.3213 - partial MRR  0.0000 - partial MAP 0.9894
INFO:root:TEST batch 2 / 7 -  partial tp {0: tensor(0), 1: tensor(46)},fn {0: tensor(1), 1: tensor(0)},fp {0: tensor(0), 1: tensor(1)}
INFO:root:TEST batch 2 / 7 - measures partial microavg - precision 0.9787 - recall 0.9787 - f1 0.9787 
INFO:root:TEST batch 2 / 7 - measures partial for class 0 - precision 0.0000 - recall 0.0000 - f1 0.0000 
INFO:root:TEST batch 2 / 7 - measures partial for class 1 - precision 0.9787 - recall 1.0000 - f1 0.9892 
INFO:root:TEST batch 2 / 7 - Batch time 0 
INFO:root:TEST batch 3 / 7 - partial error 0.0071 - partial loss 6.2142 - partial MRR  0.0000 - partial MAP 0.9929
INFO:root:TEST batch 3 / 7 -  partial tp {0: tensor(0), 1: tensor(47)},fn {0: tensor(0), 1: tensor(0)},fp {0: tensor(0), 1: tensor(0)}
INFO:root:TEST batch 3 / 7 - measures partial microavg - precision 1.0000 - recall 1.0000 - f1 1.0000 
INFO:root:TEST batch 3 / 7 - measures partial for class 0 - precision 0.0000 - recall 0.0000 - f1 0.0000 
INFO:root:TEST batch 3 / 7 - measures partial for class 1 - precision 1.0000 - recall 1.0000 - f1 1.0000 
INFO:root:TEST batch 3 / 7 - Batch time 0 
INFO:root:TEST batch 4 / 7 - partial error 0.0053 - partial loss 4.6607 - partial MRR  0.0000 - partial MAP 0.9947
INFO:root:TEST batch 4 / 7 -  partial tp {0: tensor(0), 1: tensor(47)},fn {0: tensor(0), 1: tensor(0)},fp {0: tensor(0), 1: tensor(0)}
INFO:root:TEST batch 4 / 7 - measures partial microavg - precision 1.0000 - recall 1.0000 - f1 1.0000 
INFO:root:TEST batch 4 / 7 - measures partial for class 0 - precision 0.0000 - recall 0.0000 - f1 0.0000 
INFO:root:TEST batch 4 / 7 - measures partial for class 1 - precision 1.0000 - recall 1.0000 - f1 1.0000 
INFO:root:TEST batch 4 / 7 - Batch time 0 
INFO:root:TEST batch 5 / 7 - partial error 0.0043 - partial loss 3.7285 - partial MRR  0.0000 - partial MAP 0.9957
INFO:root:TEST batch 5 / 7 -  partial tp {0: tensor(0), 1: tensor(47)},fn {0: tensor(0), 1: tensor(0)},fp {0: tensor(0), 1: tensor(0)}
INFO:root:TEST batch 5 / 7 - measures partial microavg - precision 1.0000 - recall 1.0000 - f1 1.0000 
INFO:root:TEST batch 5 / 7 - measures partial for class 0 - precision 0.0000 - recall 0.0000 - f1 0.0000 
INFO:root:TEST batch 5 / 7 - measures partial for class 1 - precision 1.0000 - recall 1.0000 - f1 1.0000 
INFO:root:TEST batch 5 / 7 - Batch time 0 
INFO:root:TEST batch 6 / 7 - partial error 0.0035 - partial loss 3.1071 - partial MRR  0.0000 - partial MAP 0.9965
INFO:root:TEST batch 6 / 7 -  partial tp {0: tensor(0), 1: tensor(47)},fn {0: tensor(0), 1: tensor(0)},fp {0: tensor(0), 1: tensor(0)}
INFO:root:TEST batch 6 / 7 - measures partial microavg - precision 1.0000 - recall 1.0000 - f1 1.0000 
INFO:root:TEST batch 6 / 7 - measures partial for class 0 - precision 0.0000 - recall 0.0000 - f1 0.0000 
INFO:root:TEST batch 6 / 7 - measures partial for class 1 - precision 1.0000 - recall 1.0000 - f1 1.0000 
INFO:root:TEST batch 6 / 7 - Batch time 0 
INFO:root:TEST batch 7 / 7 - partial error 0.0030 - partial loss 2.6632 - partial MRR  0.0000 - partial MAP 0.9970
INFO:root:TEST batch 7 / 7 -  partial tp {0: tensor(0), 1: tensor(47)},fn {0: tensor(0), 1: tensor(0)},fp {0: tensor(0), 1: tensor(0)}
INFO:root:TEST batch 7 / 7 - measures partial microavg - precision 1.0000 - recall 1.0000 - f1 1.0000 
INFO:root:TEST batch 7 / 7 - measures partial for class 0 - precision 0.0000 - recall 0.0000 - f1 0.0000 
INFO:root:TEST batch 7 / 7 - measures partial for class 1 - precision 1.0000 - recall 1.0000 - f1 1.0000 
INFO:root:TEST batch 7 / 7 - Batch time 0 
INFO:root:TEST mean losses tensor(2.6632)
INFO:root:TEST mean errors 0.0030395134817808867
INFO:root:TEST mean MRR 0.0 - mean MAP 0.996960461139679
INFO:root:TEST tp {0: tensor(0), 1: tensor(328)},fn {0: tensor(1), 1: tensor(0)},fp {0: tensor(0), 1: tensor(1)}
INFO:root:TEST measures microavg - precision 0.9970 - recall 0.9970 - f1 0.9970 
INFO:root:TEST measures for class 0 - precision 0.0000 - recall 0.0000 - f1 0.0000 
INFO:root:TEST measures for class 1 - precision 0.9970 - recall 1.0000 - f1 0.9985 
INFO:root:TEST measures@10 microavg - precision 1.0000 - recall 0.2128 - f1 0.3509 
INFO:root:TEST measures@10 for class 0 - precision 0.0000 - recall 0.0000 - f1 0.0000 
INFO:root:TEST measures@10 for class 1 - precision 1.0000 - recall 0.2134 - f1 0.3518 
INFO:root:TEST measures@100 microavg - precision 0.9970 - recall 0.9970 - f1 0.9970 
INFO:root:TEST measures@100 for class 0 - precision 0.0000 - recall 0.0000 - f1 0.0000 
INFO:root:TEST measures@100 for class 1 - precision 0.9970 - recall 1.0000 - f1 0.9985 
INFO:root:TEST measures@1000 microavg - precision 0.9970 - recall 0.9970 - f1 0.9970 
INFO:root:TEST measures@1000 for class 0 - precision 0.0000 - recall 0.0000 - f1 0.0000 
INFO:root:TEST measures@1000 for class 1 - precision 0.9970 - recall 1.0000 - f1 0.9985 
INFO:root:TEST Total epoch time: 0.08608216400034507
INFO:root:################ TRAIN epoch 17 ###################
INFO:root:TRAIN mean losses tensor(0.)
INFO:root:TRAIN mean errors 0.0
INFO:root:TRAIN mean MRR 0.0 - mean MAP 1.0
INFO:root:TRAIN tp {0: tensor(0), 1: tensor(1410)},fn {0: tensor(0), 1: tensor(0)},fp {0: tensor(0), 1: tensor(0)}
INFO:root:TRAIN measures microavg - precision 1.0000 - recall 1.0000 - f1 1.0000 
INFO:root:TRAIN measures for class 0 - precision 0.0000 - recall 0.0000 - f1 0.0000 
INFO:root:TRAIN measures for class 1 - precision 1.0000 - recall 1.0000 - f1 1.0000 
INFO:root:TRAIN measures@10 microavg - precision 1.0000 - recall 0.2128 - f1 0.3509 
INFO:root:TRAIN measures@10 for class 0 - precision 0.0000 - recall 0.0000 - f1 0.0000 
INFO:root:TRAIN measures@10 for class 1 - precision 1.0000 - recall 0.2128 - f1 0.3509 
INFO:root:TRAIN measures@100 microavg - precision 1.0000 - recall 1.0000 - f1 1.0000 
INFO:root:TRAIN measures@100 for class 0 - precision 0.0000 - recall 0.0000 - f1 0.0000 
INFO:root:TRAIN measures@100 for class 1 - precision 1.0000 - recall 1.0000 - f1 1.0000 
INFO:root:TRAIN measures@1000 microavg - precision 1.0000 - recall 1.0000 - f1 1.0000 
INFO:root:TRAIN measures@1000 for class 0 - precision 0.0000 - recall 0.0000 - f1 0.0000 
INFO:root:TRAIN measures@1000 for class 1 - precision 1.0000 - recall 1.0000 - f1 1.0000 
INFO:root:TRAIN Total epoch time: 0.536840736999693
INFO:root:################ VALID epoch 17 ###################
INFO:root:VALID mean losses tensor(0.)
INFO:root:VALID mean errors 0.0
INFO:root:VALID mean MRR 0.0 - mean MAP 1.0
INFO:root:VALID tp {0: tensor(0), 1: tensor(282)},fn {0: tensor(0), 1: tensor(0)},fp {0: tensor(0), 1: tensor(0)}
INFO:root:VALID measures microavg - precision 1.0000 - recall 1.0000 - f1 1.0000 
INFO:root:VALID measures for class 0 - precision 0.0000 - recall 0.0000 - f1 0.0000 
INFO:root:VALID measures for class 1 - precision 1.0000 - recall 1.0000 - f1 1.0000 
INFO:root:VALID measures@10 microavg - precision 1.0000 - recall 0.2128 - f1 0.3509 
INFO:root:VALID measures@10 for class 0 - precision 0.0000 - recall 0.0000 - f1 0.0000 
INFO:root:VALID measures@10 for class 1 - precision 1.0000 - recall 0.2128 - f1 0.3509 
INFO:root:VALID measures@100 microavg - precision 1.0000 - recall 1.0000 - f1 1.0000 
INFO:root:VALID measures@100 for class 0 - precision 0.0000 - recall 0.0000 - f1 0.0000 
INFO:root:VALID measures@100 for class 1 - precision 1.0000 - recall 1.0000 - f1 1.0000 
INFO:root:VALID measures@1000 microavg - precision 1.0000 - recall 1.0000 - f1 1.0000 
INFO:root:VALID measures@1000 for class 0 - precision 0.0000 - recall 0.0000 - f1 0.0000 
INFO:root:VALID measures@1000 for class 1 - precision 1.0000 - recall 1.0000 - f1 1.0000 
INFO:root:VALID Total epoch time: 0.06752945500011265
INFO:root:################ TEST epoch 17 ###################
INFO:root:TEST batch 1 / 7 - partial error 0.0000 - partial loss 0.0000 - partial MRR  0.0000 - partial MAP 1.0000
INFO:root:TEST batch 1 / 7 -  partial tp {0: tensor(0), 1: tensor(47)},fn {0: tensor(0), 1: tensor(0)},fp {0: tensor(0), 1: tensor(0)}
INFO:root:TEST batch 1 / 7 - measures partial microavg - precision 1.0000 - recall 1.0000 - f1 1.0000 
INFO:root:TEST batch 1 / 7 - measures partial for class 0 - precision 0.0000 - recall 0.0000 - f1 0.0000 
INFO:root:TEST batch 1 / 7 - measures partial for class 1 - precision 1.0000 - recall 1.0000 - f1 1.0000 
INFO:root:TEST batch 1 / 7 - Batch time 0 
INFO:root:TEST batch 2 / 7 - partial error 0.0106 - partial loss 9.2214 - partial MRR  0.0000 - partial MAP 0.9894
INFO:root:TEST batch 2 / 7 -  partial tp {0: tensor(0), 1: tensor(46)},fn {0: tensor(1), 1: tensor(0)},fp {0: tensor(0), 1: tensor(1)}
INFO:root:TEST batch 2 / 7 - measures partial microavg - precision 0.9787 - recall 0.9787 - f1 0.9787 
INFO:root:TEST batch 2 / 7 - measures partial for class 0 - precision 0.0000 - recall 0.0000 - f1 0.0000 
INFO:root:TEST batch 2 / 7 - measures partial for class 1 - precision 0.9787 - recall 1.0000 - f1 0.9892 
INFO:root:TEST batch 2 / 7 - Batch time 0 
INFO:root:TEST batch 3 / 7 - partial error 0.0071 - partial loss 6.1476 - partial MRR  0.0000 - partial MAP 0.9929
INFO:root:TEST batch 3 / 7 -  partial tp {0: tensor(0), 1: tensor(47)},fn {0: tensor(0), 1: tensor(0)},fp {0: tensor(0), 1: tensor(0)}
INFO:root:TEST batch 3 / 7 - measures partial microavg - precision 1.0000 - recall 1.0000 - f1 1.0000 
INFO:root:TEST batch 3 / 7 - measures partial for class 0 - precision 0.0000 - recall 0.0000 - f1 0.0000 
INFO:root:TEST batch 3 / 7 - measures partial for class 1 - precision 1.0000 - recall 1.0000 - f1 1.0000 
INFO:root:TEST batch 3 / 7 - Batch time 0 
INFO:root:TEST batch 4 / 7 - partial error 0.0053 - partial loss 4.6107 - partial MRR  0.0000 - partial MAP 0.9947
INFO:root:TEST batch 4 / 7 -  partial tp {0: tensor(0), 1: tensor(47)},fn {0: tensor(0), 1: tensor(0)},fp {0: tensor(0), 1: tensor(0)}
INFO:root:TEST batch 4 / 7 - measures partial microavg - precision 1.0000 - recall 1.0000 - f1 1.0000 
INFO:root:TEST batch 4 / 7 - measures partial for class 0 - precision 0.0000 - recall 0.0000 - f1 0.0000 
INFO:root:TEST batch 4 / 7 - measures partial for class 1 - precision 1.0000 - recall 1.0000 - f1 1.0000 
INFO:root:TEST batch 4 / 7 - Batch time 0 
INFO:root:TEST batch 5 / 7 - partial error 0.0043 - partial loss 3.6886 - partial MRR  0.0000 - partial MAP 0.9957
INFO:root:TEST batch 5 / 7 -  partial tp {0: tensor(0), 1: tensor(47)},fn {0: tensor(0), 1: tensor(0)},fp {0: tensor(0), 1: tensor(0)}
INFO:root:TEST batch 5 / 7 - measures partial microavg - precision 1.0000 - recall 1.0000 - f1 1.0000 
INFO:root:TEST batch 5 / 7 - measures partial for class 0 - precision 0.0000 - recall 0.0000 - f1 0.0000 
INFO:root:TEST batch 5 / 7 - measures partial for class 1 - precision 1.0000 - recall 1.0000 - f1 1.0000 
INFO:root:TEST batch 5 / 7 - Batch time 0 
INFO:root:TEST batch 6 / 7 - partial error 0.0035 - partial loss 3.0738 - partial MRR  0.0000 - partial MAP 0.9965
INFO:root:TEST batch 6 / 7 -  partial tp {0: tensor(0), 1: tensor(47)},fn {0: tensor(0), 1: tensor(0)},fp {0: tensor(0), 1: tensor(0)}
INFO:root:TEST batch 6 / 7 - measures partial microavg - precision 1.0000 - recall 1.0000 - f1 1.0000 
INFO:root:TEST batch 6 / 7 - measures partial for class 0 - precision 0.0000 - recall 0.0000 - f1 0.0000 
INFO:root:TEST batch 6 / 7 - measures partial for class 1 - precision 1.0000 - recall 1.0000 - f1 1.0000 
INFO:root:TEST batch 6 / 7 - Batch time 0 
INFO:root:TEST batch 7 / 7 - partial error 0.0030 - partial loss 2.6347 - partial MRR  0.0000 - partial MAP 0.9970
INFO:root:TEST batch 7 / 7 -  partial tp {0: tensor(0), 1: tensor(47)},fn {0: tensor(0), 1: tensor(0)},fp {0: tensor(0), 1: tensor(0)}
INFO:root:TEST batch 7 / 7 - measures partial microavg - precision 1.0000 - recall 1.0000 - f1 1.0000 
INFO:root:TEST batch 7 / 7 - measures partial for class 0 - precision 0.0000 - recall 0.0000 - f1 0.0000 
INFO:root:TEST batch 7 / 7 - measures partial for class 1 - precision 1.0000 - recall 1.0000 - f1 1.0000 
INFO:root:TEST batch 7 / 7 - Batch time 0 
INFO:root:TEST mean losses tensor(2.6347)
INFO:root:TEST mean errors 0.0030395134817808867
INFO:root:TEST mean MRR 0.0 - mean MAP 0.996960461139679
INFO:root:TEST tp {0: tensor(0), 1: tensor(328)},fn {0: tensor(1), 1: tensor(0)},fp {0: tensor(0), 1: tensor(1)}
INFO:root:TEST measures microavg - precision 0.9970 - recall 0.9970 - f1 0.9970 
INFO:root:TEST measures for class 0 - precision 0.0000 - recall 0.0000 - f1 0.0000 
INFO:root:TEST measures for class 1 - precision 0.9970 - recall 1.0000 - f1 0.9985 
INFO:root:TEST measures@10 microavg - precision 1.0000 - recall 0.2128 - f1 0.3509 
INFO:root:TEST measures@10 for class 0 - precision 0.0000 - recall 0.0000 - f1 0.0000 
INFO:root:TEST measures@10 for class 1 - precision 1.0000 - recall 0.2134 - f1 0.3518 
INFO:root:TEST measures@100 microavg - precision 0.9970 - recall 0.9970 - f1 0.9970 
INFO:root:TEST measures@100 for class 0 - precision 0.0000 - recall 0.0000 - f1 0.0000 
INFO:root:TEST measures@100 for class 1 - precision 0.9970 - recall 1.0000 - f1 0.9985 
INFO:root:TEST measures@1000 microavg - precision 0.9970 - recall 0.9970 - f1 0.9970 
INFO:root:TEST measures@1000 for class 0 - precision 0.0000 - recall 0.0000 - f1 0.0000 
INFO:root:TEST measures@1000 for class 1 - precision 0.9970 - recall 1.0000 - f1 0.9985 
INFO:root:TEST Total epoch time: 0.08627536999983931
INFO:root:################ TRAIN epoch 18 ###################
INFO:root:TRAIN mean losses tensor(0.)
INFO:root:TRAIN mean errors 0.0
INFO:root:TRAIN mean MRR 0.0 - mean MAP 1.0
INFO:root:TRAIN tp {0: tensor(0), 1: tensor(1410)},fn {0: tensor(0), 1: tensor(0)},fp {0: tensor(0), 1: tensor(0)}
INFO:root:TRAIN measures microavg - precision 1.0000 - recall 1.0000 - f1 1.0000 
INFO:root:TRAIN measures for class 0 - precision 0.0000 - recall 0.0000 - f1 0.0000 
INFO:root:TRAIN measures for class 1 - precision 1.0000 - recall 1.0000 - f1 1.0000 
INFO:root:TRAIN measures@10 microavg - precision 1.0000 - recall 0.2128 - f1 0.3509 
INFO:root:TRAIN measures@10 for class 0 - precision 0.0000 - recall 0.0000 - f1 0.0000 
INFO:root:TRAIN measures@10 for class 1 - precision 1.0000 - recall 0.2128 - f1 0.3509 
INFO:root:TRAIN measures@100 microavg - precision 1.0000 - recall 1.0000 - f1 1.0000 
INFO:root:TRAIN measures@100 for class 0 - precision 0.0000 - recall 0.0000 - f1 0.0000 
INFO:root:TRAIN measures@100 for class 1 - precision 1.0000 - recall 1.0000 - f1 1.0000 
INFO:root:TRAIN measures@1000 microavg - precision 1.0000 - recall 1.0000 - f1 1.0000 
INFO:root:TRAIN measures@1000 for class 0 - precision 0.0000 - recall 0.0000 - f1 0.0000 
INFO:root:TRAIN measures@1000 for class 1 - precision 1.0000 - recall 1.0000 - f1 1.0000 
INFO:root:TRAIN Total epoch time: 0.4879382330000226
INFO:root:################ VALID epoch 18 ###################
INFO:root:VALID mean losses tensor(0.)
INFO:root:VALID mean errors 0.0
INFO:root:VALID mean MRR 0.0 - mean MAP 1.0
INFO:root:VALID tp {0: tensor(0), 1: tensor(282)},fn {0: tensor(0), 1: tensor(0)},fp {0: tensor(0), 1: tensor(0)}
INFO:root:VALID measures microavg - precision 1.0000 - recall 1.0000 - f1 1.0000 
INFO:root:VALID measures for class 0 - precision 0.0000 - recall 0.0000 - f1 0.0000 
INFO:root:VALID measures for class 1 - precision 1.0000 - recall 1.0000 - f1 1.0000 
INFO:root:VALID measures@10 microavg - precision 1.0000 - recall 0.2128 - f1 0.3509 
INFO:root:VALID measures@10 for class 0 - precision 0.0000 - recall 0.0000 - f1 0.0000 
INFO:root:VALID measures@10 for class 1 - precision 1.0000 - recall 0.2128 - f1 0.3509 
INFO:root:VALID measures@100 microavg - precision 1.0000 - recall 1.0000 - f1 1.0000 
INFO:root:VALID measures@100 for class 0 - precision 0.0000 - recall 0.0000 - f1 0.0000 
INFO:root:VALID measures@100 for class 1 - precision 1.0000 - recall 1.0000 - f1 1.0000 
INFO:root:VALID measures@1000 microavg - precision 1.0000 - recall 1.0000 - f1 1.0000 
INFO:root:VALID measures@1000 for class 0 - precision 0.0000 - recall 0.0000 - f1 0.0000 
INFO:root:VALID measures@1000 for class 1 - precision 1.0000 - recall 1.0000 - f1 1.0000 
INFO:root:VALID Total epoch time: 0.05917865299988989
INFO:root:################ TEST epoch 18 ###################
INFO:root:TEST batch 1 / 7 - partial error 0.0000 - partial loss 0.0000 - partial MRR  0.0000 - partial MAP 1.0000
INFO:root:TEST batch 1 / 7 -  partial tp {0: tensor(0), 1: tensor(47)},fn {0: tensor(0), 1: tensor(0)},fp {0: tensor(0), 1: tensor(0)}
INFO:root:TEST batch 1 / 7 - measures partial microavg - precision 1.0000 - recall 1.0000 - f1 1.0000 
INFO:root:TEST batch 1 / 7 - measures partial for class 0 - precision 0.0000 - recall 0.0000 - f1 0.0000 
INFO:root:TEST batch 1 / 7 - measures partial for class 1 - precision 1.0000 - recall 1.0000 - f1 1.0000 
INFO:root:TEST batch 1 / 7 - Batch time 0 
INFO:root:TEST batch 2 / 7 - partial error 0.0106 - partial loss 8.9637 - partial MRR  0.0000 - partial MAP 0.9894
INFO:root:TEST batch 2 / 7 -  partial tp {0: tensor(0), 1: tensor(46)},fn {0: tensor(1), 1: tensor(0)},fp {0: tensor(0), 1: tensor(1)}
INFO:root:TEST batch 2 / 7 - measures partial microavg - precision 0.9787 - recall 0.9787 - f1 0.9787 
INFO:root:TEST batch 2 / 7 - measures partial for class 0 - precision 0.0000 - recall 0.0000 - f1 0.0000 
INFO:root:TEST batch 2 / 7 - measures partial for class 1 - precision 0.9787 - recall 1.0000 - f1 0.9892 
INFO:root:TEST batch 2 / 7 - Batch time 0 
INFO:root:TEST batch 3 / 7 - partial error 0.0071 - partial loss 5.9758 - partial MRR  0.0000 - partial MAP 0.9929
INFO:root:TEST batch 3 / 7 -  partial tp {0: tensor(0), 1: tensor(47)},fn {0: tensor(0), 1: tensor(0)},fp {0: tensor(0), 1: tensor(0)}
INFO:root:TEST batch 3 / 7 - measures partial microavg - precision 1.0000 - recall 1.0000 - f1 1.0000 
INFO:root:TEST batch 3 / 7 - measures partial for class 0 - precision 0.0000 - recall 0.0000 - f1 0.0000 
INFO:root:TEST batch 3 / 7 - measures partial for class 1 - precision 1.0000 - recall 1.0000 - f1 1.0000 
INFO:root:TEST batch 3 / 7 - Batch time 0 
INFO:root:TEST batch 4 / 7 - partial error 0.0053 - partial loss 4.4819 - partial MRR  0.0000 - partial MAP 0.9947
INFO:root:TEST batch 4 / 7 -  partial tp {0: tensor(0), 1: tensor(47)},fn {0: tensor(0), 1: tensor(0)},fp {0: tensor(0), 1: tensor(0)}
INFO:root:TEST batch 4 / 7 - measures partial microavg - precision 1.0000 - recall 1.0000 - f1 1.0000 
INFO:root:TEST batch 4 / 7 - measures partial for class 0 - precision 0.0000 - recall 0.0000 - f1 0.0000 
INFO:root:TEST batch 4 / 7 - measures partial for class 1 - precision 1.0000 - recall 1.0000 - f1 1.0000 
INFO:root:TEST batch 4 / 7 - Batch time 0 
INFO:root:TEST batch 5 / 7 - partial error 0.0043 - partial loss 3.5855 - partial MRR  0.0000 - partial MAP 0.9957
INFO:root:TEST batch 5 / 7 -  partial tp {0: tensor(0), 1: tensor(47)},fn {0: tensor(0), 1: tensor(0)},fp {0: tensor(0), 1: tensor(0)}
INFO:root:TEST batch 5 / 7 - measures partial microavg - precision 1.0000 - recall 1.0000 - f1 1.0000 
INFO:root:TEST batch 5 / 7 - measures partial for class 0 - precision 0.0000 - recall 0.0000 - f1 0.0000 
INFO:root:TEST batch 5 / 7 - measures partial for class 1 - precision 1.0000 - recall 1.0000 - f1 1.0000 
INFO:root:TEST batch 5 / 7 - Batch time 0 
INFO:root:TEST batch 6 / 7 - partial error 0.0035 - partial loss 2.9879 - partial MRR  0.0000 - partial MAP 0.9965
INFO:root:TEST batch 6 / 7 -  partial tp {0: tensor(0), 1: tensor(47)},fn {0: tensor(0), 1: tensor(0)},fp {0: tensor(0), 1: tensor(0)}
INFO:root:TEST batch 6 / 7 - measures partial microavg - precision 1.0000 - recall 1.0000 - f1 1.0000 
INFO:root:TEST batch 6 / 7 - measures partial for class 0 - precision 0.0000 - recall 0.0000 - f1 0.0000 
INFO:root:TEST batch 6 / 7 - measures partial for class 1 - precision 1.0000 - recall 1.0000 - f1 1.0000 
INFO:root:TEST batch 6 / 7 - Batch time 0 
INFO:root:TEST batch 7 / 7 - partial error 0.0030 - partial loss 2.5611 - partial MRR  0.0000 - partial MAP 0.9970
INFO:root:TEST batch 7 / 7 -  partial tp {0: tensor(0), 1: tensor(47)},fn {0: tensor(0), 1: tensor(0)},fp {0: tensor(0), 1: tensor(0)}
INFO:root:TEST batch 7 / 7 - measures partial microavg - precision 1.0000 - recall 1.0000 - f1 1.0000 
INFO:root:TEST batch 7 / 7 - measures partial for class 0 - precision 0.0000 - recall 0.0000 - f1 0.0000 
INFO:root:TEST batch 7 / 7 - measures partial for class 1 - precision 1.0000 - recall 1.0000 - f1 1.0000 
INFO:root:TEST batch 7 / 7 - Batch time 0 
INFO:root:TEST mean losses tensor(2.5611)
INFO:root:TEST mean errors 0.0030395134817808867
INFO:root:TEST mean MRR 0.0 - mean MAP 0.996960461139679
INFO:root:TEST tp {0: tensor(0), 1: tensor(328)},fn {0: tensor(1), 1: tensor(0)},fp {0: tensor(0), 1: tensor(1)}
INFO:root:TEST measures microavg - precision 0.9970 - recall 0.9970 - f1 0.9970 
INFO:root:TEST measures for class 0 - precision 0.0000 - recall 0.0000 - f1 0.0000 
INFO:root:TEST measures for class 1 - precision 0.9970 - recall 1.0000 - f1 0.9985 
INFO:root:TEST measures@10 microavg - precision 1.0000 - recall 0.2128 - f1 0.3509 
INFO:root:TEST measures@10 for class 0 - precision 0.0000 - recall 0.0000 - f1 0.0000 
INFO:root:TEST measures@10 for class 1 - precision 1.0000 - recall 0.2134 - f1 0.3518 
INFO:root:TEST measures@100 microavg - precision 0.9970 - recall 0.9970 - f1 0.9970 
INFO:root:TEST measures@100 for class 0 - precision 0.0000 - recall 0.0000 - f1 0.0000 
INFO:root:TEST measures@100 for class 1 - precision 0.9970 - recall 1.0000 - f1 0.9985 
INFO:root:TEST measures@1000 microavg - precision 0.9970 - recall 0.9970 - f1 0.9970 
INFO:root:TEST measures@1000 for class 0 - precision 0.0000 - recall 0.0000 - f1 0.0000 
INFO:root:TEST measures@1000 for class 1 - precision 0.9970 - recall 1.0000 - f1 0.9985 
INFO:root:TEST Total epoch time: 0.07623382699966896
INFO:root:################ TRAIN epoch 19 ###################
INFO:root:TRAIN mean losses tensor(0.)
INFO:root:TRAIN mean errors 0.0
INFO:root:TRAIN mean MRR 0.0 - mean MAP 1.0
INFO:root:TRAIN tp {0: tensor(0), 1: tensor(1410)},fn {0: tensor(0), 1: tensor(0)},fp {0: tensor(0), 1: tensor(0)}
INFO:root:TRAIN measures microavg - precision 1.0000 - recall 1.0000 - f1 1.0000 
INFO:root:TRAIN measures for class 0 - precision 0.0000 - recall 0.0000 - f1 0.0000 
INFO:root:TRAIN measures for class 1 - precision 1.0000 - recall 1.0000 - f1 1.0000 
INFO:root:TRAIN measures@10 microavg - precision 1.0000 - recall 0.2128 - f1 0.3509 
INFO:root:TRAIN measures@10 for class 0 - precision 0.0000 - recall 0.0000 - f1 0.0000 
INFO:root:TRAIN measures@10 for class 1 - precision 1.0000 - recall 0.2128 - f1 0.3509 
INFO:root:TRAIN measures@100 microavg - precision 1.0000 - recall 1.0000 - f1 1.0000 
INFO:root:TRAIN measures@100 for class 0 - precision 0.0000 - recall 0.0000 - f1 0.0000 
INFO:root:TRAIN measures@100 for class 1 - precision 1.0000 - recall 1.0000 - f1 1.0000 
INFO:root:TRAIN measures@1000 microavg - precision 1.0000 - recall 1.0000 - f1 1.0000 
INFO:root:TRAIN measures@1000 for class 0 - precision 0.0000 - recall 0.0000 - f1 0.0000 
INFO:root:TRAIN measures@1000 for class 1 - precision 1.0000 - recall 1.0000 - f1 1.0000 
INFO:root:TRAIN Total epoch time: 0.506827365999925
INFO:root:################ VALID epoch 19 ###################
INFO:root:VALID mean losses tensor(0.)
INFO:root:VALID mean errors 0.0
INFO:root:VALID mean MRR 0.0 - mean MAP 1.0
INFO:root:VALID tp {0: tensor(0), 1: tensor(282)},fn {0: tensor(0), 1: tensor(0)},fp {0: tensor(0), 1: tensor(0)}
INFO:root:VALID measures microavg - precision 1.0000 - recall 1.0000 - f1 1.0000 
INFO:root:VALID measures for class 0 - precision 0.0000 - recall 0.0000 - f1 0.0000 
INFO:root:VALID measures for class 1 - precision 1.0000 - recall 1.0000 - f1 1.0000 
INFO:root:VALID measures@10 microavg - precision 1.0000 - recall 0.2128 - f1 0.3509 
INFO:root:VALID measures@10 for class 0 - precision 0.0000 - recall 0.0000 - f1 0.0000 
INFO:root:VALID measures@10 for class 1 - precision 1.0000 - recall 0.2128 - f1 0.3509 
INFO:root:VALID measures@100 microavg - precision 1.0000 - recall 1.0000 - f1 1.0000 
INFO:root:VALID measures@100 for class 0 - precision 0.0000 - recall 0.0000 - f1 0.0000 
INFO:root:VALID measures@100 for class 1 - precision 1.0000 - recall 1.0000 - f1 1.0000 
INFO:root:VALID measures@1000 microavg - precision 1.0000 - recall 1.0000 - f1 1.0000 
INFO:root:VALID measures@1000 for class 0 - precision 0.0000 - recall 0.0000 - f1 0.0000 
INFO:root:VALID measures@1000 for class 1 - precision 1.0000 - recall 1.0000 - f1 1.0000 
INFO:root:VALID Total epoch time: 0.06530423599997448
INFO:root:################ TEST epoch 19 ###################
INFO:root:TEST batch 1 / 7 - partial error 0.0000 - partial loss 0.0000 - partial MRR  0.0000 - partial MAP 1.0000
INFO:root:TEST batch 1 / 7 -  partial tp {0: tensor(0), 1: tensor(47)},fn {0: tensor(0), 1: tensor(0)},fp {0: tensor(0), 1: tensor(0)}
INFO:root:TEST batch 1 / 7 - measures partial microavg - precision 1.0000 - recall 1.0000 - f1 1.0000 
INFO:root:TEST batch 1 / 7 - measures partial for class 0 - precision 0.0000 - recall 0.0000 - f1 0.0000 
INFO:root:TEST batch 1 / 7 - measures partial for class 1 - precision 1.0000 - recall 1.0000 - f1 1.0000 
INFO:root:TEST batch 1 / 7 - Batch time 0 
INFO:root:TEST batch 2 / 7 - partial error 0.0106 - partial loss 9.0979 - partial MRR  0.0000 - partial MAP 0.9894
INFO:root:TEST batch 2 / 7 -  partial tp {0: tensor(0), 1: tensor(46)},fn {0: tensor(1), 1: tensor(0)},fp {0: tensor(0), 1: tensor(1)}
INFO:root:TEST batch 2 / 7 - measures partial microavg - precision 0.9787 - recall 0.9787 - f1 0.9787 
INFO:root:TEST batch 2 / 7 - measures partial for class 0 - precision 0.0000 - recall 0.0000 - f1 0.0000 
INFO:root:TEST batch 2 / 7 - measures partial for class 1 - precision 0.9787 - recall 1.0000 - f1 0.9892 
INFO:root:TEST batch 2 / 7 - Batch time 0 
INFO:root:TEST batch 3 / 7 - partial error 0.0071 - partial loss 6.0653 - partial MRR  0.0000 - partial MAP 0.9929
INFO:root:TEST batch 3 / 7 -  partial tp {0: tensor(0), 1: tensor(47)},fn {0: tensor(0), 1: tensor(0)},fp {0: tensor(0), 1: tensor(0)}
INFO:root:TEST batch 3 / 7 - measures partial microavg - precision 1.0000 - recall 1.0000 - f1 1.0000 
INFO:root:TEST batch 3 / 7 - measures partial for class 0 - precision 0.0000 - recall 0.0000 - f1 0.0000 
INFO:root:TEST batch 3 / 7 - measures partial for class 1 - precision 1.0000 - recall 1.0000 - f1 1.0000 
INFO:root:TEST batch 3 / 7 - Batch time 0 
INFO:root:TEST batch 4 / 7 - partial error 0.0053 - partial loss 4.5490 - partial MRR  0.0000 - partial MAP 0.9947
INFO:root:TEST batch 4 / 7 -  partial tp {0: tensor(0), 1: tensor(47)},fn {0: tensor(0), 1: tensor(0)},fp {0: tensor(0), 1: tensor(0)}
INFO:root:TEST batch 4 / 7 - measures partial microavg - precision 1.0000 - recall 1.0000 - f1 1.0000 
INFO:root:TEST batch 4 / 7 - measures partial for class 0 - precision 0.0000 - recall 0.0000 - f1 0.0000 
INFO:root:TEST batch 4 / 7 - measures partial for class 1 - precision 1.0000 - recall 1.0000 - f1 1.0000 
INFO:root:TEST batch 4 / 7 - Batch time 0 
INFO:root:TEST batch 5 / 7 - partial error 0.0043 - partial loss 3.6392 - partial MRR  0.0000 - partial MAP 0.9957
INFO:root:TEST batch 5 / 7 -  partial tp {0: tensor(0), 1: tensor(47)},fn {0: tensor(0), 1: tensor(0)},fp {0: tensor(0), 1: tensor(0)}
INFO:root:TEST batch 5 / 7 - measures partial microavg - precision 1.0000 - recall 1.0000 - f1 1.0000 
INFO:root:TEST batch 5 / 7 - measures partial for class 0 - precision 0.0000 - recall 0.0000 - f1 0.0000 
INFO:root:TEST batch 5 / 7 - measures partial for class 1 - precision 1.0000 - recall 1.0000 - f1 1.0000 
INFO:root:TEST batch 5 / 7 - Batch time 0 
INFO:root:TEST batch 6 / 7 - partial error 0.0035 - partial loss 3.0326 - partial MRR  0.0000 - partial MAP 0.9965
INFO:root:TEST batch 6 / 7 -  partial tp {0: tensor(0), 1: tensor(47)},fn {0: tensor(0), 1: tensor(0)},fp {0: tensor(0), 1: tensor(0)}
INFO:root:TEST batch 6 / 7 - measures partial microavg - precision 1.0000 - recall 1.0000 - f1 1.0000 
INFO:root:TEST batch 6 / 7 - measures partial for class 0 - precision 0.0000 - recall 0.0000 - f1 0.0000 
INFO:root:TEST batch 6 / 7 - measures partial for class 1 - precision 1.0000 - recall 1.0000 - f1 1.0000 
INFO:root:TEST batch 6 / 7 - Batch time 0 
INFO:root:TEST batch 7 / 7 - partial error 0.0030 - partial loss 2.5994 - partial MRR  0.0000 - partial MAP 0.9970
INFO:root:TEST batch 7 / 7 -  partial tp {0: tensor(0), 1: tensor(47)},fn {0: tensor(0), 1: tensor(0)},fp {0: tensor(0), 1: tensor(0)}
INFO:root:TEST batch 7 / 7 - measures partial microavg - precision 1.0000 - recall 1.0000 - f1 1.0000 
INFO:root:TEST batch 7 / 7 - measures partial for class 0 - precision 0.0000 - recall 0.0000 - f1 0.0000 
INFO:root:TEST batch 7 / 7 - measures partial for class 1 - precision 1.0000 - recall 1.0000 - f1 1.0000 
INFO:root:TEST batch 7 / 7 - Batch time 0 
INFO:root:TEST mean losses tensor(2.5994)
INFO:root:TEST mean errors 0.0030395134817808867
INFO:root:TEST mean MRR 0.0 - mean MAP 0.996960461139679
INFO:root:TEST tp {0: tensor(0), 1: tensor(328)},fn {0: tensor(1), 1: tensor(0)},fp {0: tensor(0), 1: tensor(1)}
INFO:root:TEST measures microavg - precision 0.9970 - recall 0.9970 - f1 0.9970 
INFO:root:TEST measures for class 0 - precision 0.0000 - recall 0.0000 - f1 0.0000 
INFO:root:TEST measures for class 1 - precision 0.9970 - recall 1.0000 - f1 0.9985 
INFO:root:TEST measures@10 microavg - precision 1.0000 - recall 0.2128 - f1 0.3509 
INFO:root:TEST measures@10 for class 0 - precision 0.0000 - recall 0.0000 - f1 0.0000 
INFO:root:TEST measures@10 for class 1 - precision 1.0000 - recall 0.2134 - f1 0.3518 
INFO:root:TEST measures@100 microavg - precision 0.9970 - recall 0.9970 - f1 0.9970 
INFO:root:TEST measures@100 for class 0 - precision 0.0000 - recall 0.0000 - f1 0.0000 
INFO:root:TEST measures@100 for class 1 - precision 0.9970 - recall 1.0000 - f1 0.9985 
INFO:root:TEST measures@1000 microavg - precision 0.9970 - recall 0.9970 - f1 0.9970 
INFO:root:TEST measures@1000 for class 0 - precision 0.0000 - recall 0.0000 - f1 0.0000 
INFO:root:TEST measures@1000 for class 1 - precision 0.9970 - recall 1.0000 - f1 0.9985 
INFO:root:TEST Total epoch time: 0.0840147649996652
INFO:root:################ TRAIN epoch 20 ###################
INFO:root:TRAIN mean losses tensor(0.)
INFO:root:TRAIN mean errors 0.0
INFO:root:TRAIN mean MRR 0.0 - mean MAP 1.0
INFO:root:TRAIN tp {0: tensor(0), 1: tensor(1410)},fn {0: tensor(0), 1: tensor(0)},fp {0: tensor(0), 1: tensor(0)}
INFO:root:TRAIN measures microavg - precision 1.0000 - recall 1.0000 - f1 1.0000 
INFO:root:TRAIN measures for class 0 - precision 0.0000 - recall 0.0000 - f1 0.0000 
INFO:root:TRAIN measures for class 1 - precision 1.0000 - recall 1.0000 - f1 1.0000 
INFO:root:TRAIN measures@10 microavg - precision 1.0000 - recall 0.2128 - f1 0.3509 
INFO:root:TRAIN measures@10 for class 0 - precision 0.0000 - recall 0.0000 - f1 0.0000 
INFO:root:TRAIN measures@10 for class 1 - precision 1.0000 - recall 0.2128 - f1 0.3509 
INFO:root:TRAIN measures@100 microavg - precision 1.0000 - recall 1.0000 - f1 1.0000 
INFO:root:TRAIN measures@100 for class 0 - precision 0.0000 - recall 0.0000 - f1 0.0000 
INFO:root:TRAIN measures@100 for class 1 - precision 1.0000 - recall 1.0000 - f1 1.0000 
INFO:root:TRAIN measures@1000 microavg - precision 1.0000 - recall 1.0000 - f1 1.0000 
INFO:root:TRAIN measures@1000 for class 0 - precision 0.0000 - recall 0.0000 - f1 0.0000 
INFO:root:TRAIN measures@1000 for class 1 - precision 1.0000 - recall 1.0000 - f1 1.0000 
INFO:root:TRAIN Total epoch time: 0.5187271310001051
INFO:root:################ VALID epoch 20 ###################
INFO:root:VALID mean losses tensor(0.)
INFO:root:VALID mean errors 0.0
INFO:root:VALID mean MRR 0.0 - mean MAP 1.0
INFO:root:VALID tp {0: tensor(0), 1: tensor(282)},fn {0: tensor(0), 1: tensor(0)},fp {0: tensor(0), 1: tensor(0)}
INFO:root:VALID measures microavg - precision 1.0000 - recall 1.0000 - f1 1.0000 
INFO:root:VALID measures for class 0 - precision 0.0000 - recall 0.0000 - f1 0.0000 
INFO:root:VALID measures for class 1 - precision 1.0000 - recall 1.0000 - f1 1.0000 
INFO:root:VALID measures@10 microavg - precision 1.0000 - recall 0.2128 - f1 0.3509 
INFO:root:VALID measures@10 for class 0 - precision 0.0000 - recall 0.0000 - f1 0.0000 
INFO:root:VALID measures@10 for class 1 - precision 1.0000 - recall 0.2128 - f1 0.3509 
INFO:root:VALID measures@100 microavg - precision 1.0000 - recall 1.0000 - f1 1.0000 
INFO:root:VALID measures@100 for class 0 - precision 0.0000 - recall 0.0000 - f1 0.0000 
INFO:root:VALID measures@100 for class 1 - precision 1.0000 - recall 1.0000 - f1 1.0000 
INFO:root:VALID measures@1000 microavg - precision 1.0000 - recall 1.0000 - f1 1.0000 
INFO:root:VALID measures@1000 for class 0 - precision 0.0000 - recall 0.0000 - f1 0.0000 
INFO:root:VALID measures@1000 for class 1 - precision 1.0000 - recall 1.0000 - f1 1.0000 
INFO:root:VALID Total epoch time: 0.0652761959995587
INFO:root:################ TEST epoch 20 ###################
INFO:root:TEST batch 1 / 7 - partial error 0.0000 - partial loss 0.0000 - partial MRR  0.0000 - partial MAP 1.0000
INFO:root:TEST batch 1 / 7 -  partial tp {0: tensor(0), 1: tensor(47)},fn {0: tensor(0), 1: tensor(0)},fp {0: tensor(0), 1: tensor(0)}
INFO:root:TEST batch 1 / 7 - measures partial microavg - precision 1.0000 - recall 1.0000 - f1 1.0000 
INFO:root:TEST batch 1 / 7 - measures partial for class 0 - precision 0.0000 - recall 0.0000 - f1 0.0000 
INFO:root:TEST batch 1 / 7 - measures partial for class 1 - precision 1.0000 - recall 1.0000 - f1 1.0000 
INFO:root:TEST batch 1 / 7 - Batch time 0 
INFO:root:TEST batch 2 / 7 - partial error 0.0106 - partial loss 9.0253 - partial MRR  0.0000 - partial MAP 0.9894
INFO:root:TEST batch 2 / 7 -  partial tp {0: tensor(0), 1: tensor(46)},fn {0: tensor(1), 1: tensor(0)},fp {0: tensor(0), 1: tensor(1)}
INFO:root:TEST batch 2 / 7 - measures partial microavg - precision 0.9787 - recall 0.9787 - f1 0.9787 
INFO:root:TEST batch 2 / 7 - measures partial for class 0 - precision 0.0000 - recall 0.0000 - f1 0.0000 
INFO:root:TEST batch 2 / 7 - measures partial for class 1 - precision 0.9787 - recall 1.0000 - f1 0.9892 
INFO:root:TEST batch 2 / 7 - Batch time 0 
INFO:root:TEST batch 3 / 7 - partial error 0.0071 - partial loss 6.0169 - partial MRR  0.0000 - partial MAP 0.9929
INFO:root:TEST batch 3 / 7 -  partial tp {0: tensor(0), 1: tensor(47)},fn {0: tensor(0), 1: tensor(0)},fp {0: tensor(0), 1: tensor(0)}
INFO:root:TEST batch 3 / 7 - measures partial microavg - precision 1.0000 - recall 1.0000 - f1 1.0000 
INFO:root:TEST batch 3 / 7 - measures partial for class 0 - precision 0.0000 - recall 0.0000 - f1 0.0000 
INFO:root:TEST batch 3 / 7 - measures partial for class 1 - precision 1.0000 - recall 1.0000 - f1 1.0000 
INFO:root:TEST batch 3 / 7 - Batch time 0 
INFO:root:TEST batch 4 / 7 - partial error 0.0053 - partial loss 4.5127 - partial MRR  0.0000 - partial MAP 0.9947
INFO:root:TEST batch 4 / 7 -  partial tp {0: tensor(0), 1: tensor(47)},fn {0: tensor(0), 1: tensor(0)},fp {0: tensor(0), 1: tensor(0)}
INFO:root:TEST batch 4 / 7 - measures partial microavg - precision 1.0000 - recall 1.0000 - f1 1.0000 
INFO:root:TEST batch 4 / 7 - measures partial for class 0 - precision 0.0000 - recall 0.0000 - f1 0.0000 
INFO:root:TEST batch 4 / 7 - measures partial for class 1 - precision 1.0000 - recall 1.0000 - f1 1.0000 
INFO:root:TEST batch 4 / 7 - Batch time 0 
INFO:root:TEST batch 5 / 7 - partial error 0.0043 - partial loss 3.6101 - partial MRR  0.0000 - partial MAP 0.9957
INFO:root:TEST batch 5 / 7 -  partial tp {0: tensor(0), 1: tensor(47)},fn {0: tensor(0), 1: tensor(0)},fp {0: tensor(0), 1: tensor(0)}
INFO:root:TEST batch 5 / 7 - measures partial microavg - precision 1.0000 - recall 1.0000 - f1 1.0000 
INFO:root:TEST batch 5 / 7 - measures partial for class 0 - precision 0.0000 - recall 0.0000 - f1 0.0000 
INFO:root:TEST batch 5 / 7 - measures partial for class 1 - precision 1.0000 - recall 1.0000 - f1 1.0000 
INFO:root:TEST batch 5 / 7 - Batch time 0 
INFO:root:TEST batch 6 / 7 - partial error 0.0035 - partial loss 3.0084 - partial MRR  0.0000 - partial MAP 0.9965
INFO:root:TEST batch 6 / 7 -  partial tp {0: tensor(0), 1: tensor(47)},fn {0: tensor(0), 1: tensor(0)},fp {0: tensor(0), 1: tensor(0)}
INFO:root:TEST batch 6 / 7 - measures partial microavg - precision 1.0000 - recall 1.0000 - f1 1.0000 
INFO:root:TEST batch 6 / 7 - measures partial for class 0 - precision 0.0000 - recall 0.0000 - f1 0.0000 
INFO:root:TEST batch 6 / 7 - measures partial for class 1 - precision 1.0000 - recall 1.0000 - f1 1.0000 
INFO:root:TEST batch 6 / 7 - Batch time 0 
INFO:root:TEST batch 7 / 7 - partial error 0.0030 - partial loss 2.5787 - partial MRR  0.0000 - partial MAP 0.9970
INFO:root:TEST batch 7 / 7 -  partial tp {0: tensor(0), 1: tensor(47)},fn {0: tensor(0), 1: tensor(0)},fp {0: tensor(0), 1: tensor(0)}
INFO:root:TEST batch 7 / 7 - measures partial microavg - precision 1.0000 - recall 1.0000 - f1 1.0000 
INFO:root:TEST batch 7 / 7 - measures partial for class 0 - precision 0.0000 - recall 0.0000 - f1 0.0000 
INFO:root:TEST batch 7 / 7 - measures partial for class 1 - precision 1.0000 - recall 1.0000 - f1 1.0000 
INFO:root:TEST batch 7 / 7 - Batch time 0 
INFO:root:TEST mean losses tensor(2.5787)
INFO:root:TEST mean errors 0.0030395134817808867
INFO:root:TEST mean MRR 0.0 - mean MAP 0.996960461139679
INFO:root:TEST tp {0: tensor(0), 1: tensor(328)},fn {0: tensor(1), 1: tensor(0)},fp {0: tensor(0), 1: tensor(1)}
INFO:root:TEST measures microavg - precision 0.9970 - recall 0.9970 - f1 0.9970 
INFO:root:TEST measures for class 0 - precision 0.0000 - recall 0.0000 - f1 0.0000 
INFO:root:TEST measures for class 1 - precision 0.9970 - recall 1.0000 - f1 0.9985 
INFO:root:TEST measures@10 microavg - precision 1.0000 - recall 0.2128 - f1 0.3509 
INFO:root:TEST measures@10 for class 0 - precision 0.0000 - recall 0.0000 - f1 0.0000 
INFO:root:TEST measures@10 for class 1 - precision 1.0000 - recall 0.2134 - f1 0.3518 
INFO:root:TEST measures@100 microavg - precision 0.9970 - recall 0.9970 - f1 0.9970 
INFO:root:TEST measures@100 for class 0 - precision 0.0000 - recall 0.0000 - f1 0.0000 
INFO:root:TEST measures@100 for class 1 - precision 0.9970 - recall 1.0000 - f1 0.9985 
INFO:root:TEST measures@1000 microavg - precision 0.9970 - recall 0.9970 - f1 0.9970 
INFO:root:TEST measures@1000 for class 0 - precision 0.0000 - recall 0.0000 - f1 0.0000 
INFO:root:TEST measures@1000 for class 1 - precision 0.9970 - recall 1.0000 - f1 0.9985 
INFO:root:TEST Total epoch time: 0.08407148800006325
INFO:root:################ TRAIN epoch 21 ###################
INFO:root:TRAIN mean losses tensor(0.)
INFO:root:TRAIN mean errors 0.0
INFO:root:TRAIN mean MRR 0.0 - mean MAP 1.0
INFO:root:TRAIN tp {0: tensor(0), 1: tensor(1410)},fn {0: tensor(0), 1: tensor(0)},fp {0: tensor(0), 1: tensor(0)}
INFO:root:TRAIN measures microavg - precision 1.0000 - recall 1.0000 - f1 1.0000 
INFO:root:TRAIN measures for class 0 - precision 0.0000 - recall 0.0000 - f1 0.0000 
INFO:root:TRAIN measures for class 1 - precision 1.0000 - recall 1.0000 - f1 1.0000 
INFO:root:TRAIN measures@10 microavg - precision 1.0000 - recall 0.2128 - f1 0.3509 
INFO:root:TRAIN measures@10 for class 0 - precision 0.0000 - recall 0.0000 - f1 0.0000 
INFO:root:TRAIN measures@10 for class 1 - precision 1.0000 - recall 0.2128 - f1 0.3509 
INFO:root:TRAIN measures@100 microavg - precision 1.0000 - recall 1.0000 - f1 1.0000 
INFO:root:TRAIN measures@100 for class 0 - precision 0.0000 - recall 0.0000 - f1 0.0000 
INFO:root:TRAIN measures@100 for class 1 - precision 1.0000 - recall 1.0000 - f1 1.0000 
INFO:root:TRAIN measures@1000 microavg - precision 1.0000 - recall 1.0000 - f1 1.0000 
INFO:root:TRAIN measures@1000 for class 0 - precision 0.0000 - recall 0.0000 - f1 0.0000 
INFO:root:TRAIN measures@1000 for class 1 - precision 1.0000 - recall 1.0000 - f1 1.0000 
INFO:root:TRAIN Total epoch time: 0.5154809390000992
INFO:root:################ VALID epoch 21 ###################
INFO:root:VALID mean losses tensor(0.)
INFO:root:VALID mean errors 0.0
INFO:root:VALID mean MRR 0.0 - mean MAP 1.0
INFO:root:VALID tp {0: tensor(0), 1: tensor(282)},fn {0: tensor(0), 1: tensor(0)},fp {0: tensor(0), 1: tensor(0)}
INFO:root:VALID measures microavg - precision 1.0000 - recall 1.0000 - f1 1.0000 
INFO:root:VALID measures for class 0 - precision 0.0000 - recall 0.0000 - f1 0.0000 
INFO:root:VALID measures for class 1 - precision 1.0000 - recall 1.0000 - f1 1.0000 
INFO:root:VALID measures@10 microavg - precision 1.0000 - recall 0.2128 - f1 0.3509 
INFO:root:VALID measures@10 for class 0 - precision 0.0000 - recall 0.0000 - f1 0.0000 
INFO:root:VALID measures@10 for class 1 - precision 1.0000 - recall 0.2128 - f1 0.3509 
INFO:root:VALID measures@100 microavg - precision 1.0000 - recall 1.0000 - f1 1.0000 
INFO:root:VALID measures@100 for class 0 - precision 0.0000 - recall 0.0000 - f1 0.0000 
INFO:root:VALID measures@100 for class 1 - precision 1.0000 - recall 1.0000 - f1 1.0000 
INFO:root:VALID measures@1000 microavg - precision 1.0000 - recall 1.0000 - f1 1.0000 
INFO:root:VALID measures@1000 for class 0 - precision 0.0000 - recall 0.0000 - f1 0.0000 
INFO:root:VALID measures@1000 for class 1 - precision 1.0000 - recall 1.0000 - f1 1.0000 
INFO:root:VALID Total epoch time: 0.0628148640003019
INFO:root:################ TEST epoch 21 ###################
INFO:root:TEST batch 1 / 7 - partial error 0.0000 - partial loss 0.0000 - partial MRR  0.0000 - partial MAP 1.0000
INFO:root:TEST batch 1 / 7 -  partial tp {0: tensor(0), 1: tensor(47)},fn {0: tensor(0), 1: tensor(0)},fp {0: tensor(0), 1: tensor(0)}
INFO:root:TEST batch 1 / 7 - measures partial microavg - precision 1.0000 - recall 1.0000 - f1 1.0000 
INFO:root:TEST batch 1 / 7 - measures partial for class 0 - precision 0.0000 - recall 0.0000 - f1 0.0000 
INFO:root:TEST batch 1 / 7 - measures partial for class 1 - precision 1.0000 - recall 1.0000 - f1 1.0000 
INFO:root:TEST batch 1 / 7 - Batch time 0 
INFO:root:TEST batch 2 / 7 - partial error 0.0106 - partial loss 9.1335 - partial MRR  0.0000 - partial MAP 0.9894
INFO:root:TEST batch 2 / 7 -  partial tp {0: tensor(0), 1: tensor(46)},fn {0: tensor(1), 1: tensor(0)},fp {0: tensor(0), 1: tensor(1)}
INFO:root:TEST batch 2 / 7 - measures partial microavg - precision 0.9787 - recall 0.9787 - f1 0.9787 
INFO:root:TEST batch 2 / 7 - measures partial for class 0 - precision 0.0000 - recall 0.0000 - f1 0.0000 
INFO:root:TEST batch 2 / 7 - measures partial for class 1 - precision 0.9787 - recall 1.0000 - f1 0.9892 
INFO:root:TEST batch 2 / 7 - Batch time 0 
INFO:root:TEST batch 3 / 7 - partial error 0.0071 - partial loss 6.0890 - partial MRR  0.0000 - partial MAP 0.9929
INFO:root:TEST batch 3 / 7 -  partial tp {0: tensor(0), 1: tensor(47)},fn {0: tensor(0), 1: tensor(0)},fp {0: tensor(0), 1: tensor(0)}
INFO:root:TEST batch 3 / 7 - measures partial microavg - precision 1.0000 - recall 1.0000 - f1 1.0000 
INFO:root:TEST batch 3 / 7 - measures partial for class 0 - precision 0.0000 - recall 0.0000 - f1 0.0000 
INFO:root:TEST batch 3 / 7 - measures partial for class 1 - precision 1.0000 - recall 1.0000 - f1 1.0000 
INFO:root:TEST batch 3 / 7 - Batch time 0 
INFO:root:TEST batch 4 / 7 - partial error 0.0053 - partial loss 4.5668 - partial MRR  0.0000 - partial MAP 0.9947
INFO:root:TEST batch 4 / 7 -  partial tp {0: tensor(0), 1: tensor(47)},fn {0: tensor(0), 1: tensor(0)},fp {0: tensor(0), 1: tensor(0)}
INFO:root:TEST batch 4 / 7 - measures partial microavg - precision 1.0000 - recall 1.0000 - f1 1.0000 
INFO:root:TEST batch 4 / 7 - measures partial for class 0 - precision 0.0000 - recall 0.0000 - f1 0.0000 
INFO:root:TEST batch 4 / 7 - measures partial for class 1 - precision 1.0000 - recall 1.0000 - f1 1.0000 
INFO:root:TEST batch 4 / 7 - Batch time 0 
INFO:root:TEST batch 5 / 7 - partial error 0.0043 - partial loss 3.6534 - partial MRR  0.0000 - partial MAP 0.9957
INFO:root:TEST batch 5 / 7 -  partial tp {0: tensor(0), 1: tensor(47)},fn {0: tensor(0), 1: tensor(0)},fp {0: tensor(0), 1: tensor(0)}
INFO:root:TEST batch 5 / 7 - measures partial microavg - precision 1.0000 - recall 1.0000 - f1 1.0000 
INFO:root:TEST batch 5 / 7 - measures partial for class 0 - precision 0.0000 - recall 0.0000 - f1 0.0000 
INFO:root:TEST batch 5 / 7 - measures partial for class 1 - precision 1.0000 - recall 1.0000 - f1 1.0000 
INFO:root:TEST batch 5 / 7 - Batch time 0 
INFO:root:TEST batch 6 / 7 - partial error 0.0035 - partial loss 3.0445 - partial MRR  0.0000 - partial MAP 0.9965
INFO:root:TEST batch 6 / 7 -  partial tp {0: tensor(0), 1: tensor(47)},fn {0: tensor(0), 1: tensor(0)},fp {0: tensor(0), 1: tensor(0)}
INFO:root:TEST batch 6 / 7 - measures partial microavg - precision 1.0000 - recall 1.0000 - f1 1.0000 
INFO:root:TEST batch 6 / 7 - measures partial for class 0 - precision 0.0000 - recall 0.0000 - f1 0.0000 
INFO:root:TEST batch 6 / 7 - measures partial for class 1 - precision 1.0000 - recall 1.0000 - f1 1.0000 
INFO:root:TEST batch 6 / 7 - Batch time 0 
INFO:root:TEST batch 7 / 7 - partial error 0.0030 - partial loss 2.6096 - partial MRR  0.0000 - partial MAP 0.9970
INFO:root:TEST batch 7 / 7 -  partial tp {0: tensor(0), 1: tensor(47)},fn {0: tensor(0), 1: tensor(0)},fp {0: tensor(0), 1: tensor(0)}
INFO:root:TEST batch 7 / 7 - measures partial microavg - precision 1.0000 - recall 1.0000 - f1 1.0000 
INFO:root:TEST batch 7 / 7 - measures partial for class 0 - precision 0.0000 - recall 0.0000 - f1 0.0000 
INFO:root:TEST batch 7 / 7 - measures partial for class 1 - precision 1.0000 - recall 1.0000 - f1 1.0000 
INFO:root:TEST batch 7 / 7 - Batch time 0 
INFO:root:TEST mean losses tensor(2.6096)
INFO:root:TEST mean errors 0.0030395134817808867
INFO:root:TEST mean MRR 0.0 - mean MAP 0.996960461139679
INFO:root:TEST tp {0: tensor(0), 1: tensor(328)},fn {0: tensor(1), 1: tensor(0)},fp {0: tensor(0), 1: tensor(1)}
INFO:root:TEST measures microavg - precision 0.9970 - recall 0.9970 - f1 0.9970 
INFO:root:TEST measures for class 0 - precision 0.0000 - recall 0.0000 - f1 0.0000 
INFO:root:TEST measures for class 1 - precision 0.9970 - recall 1.0000 - f1 0.9985 
INFO:root:TEST measures@10 microavg - precision 1.0000 - recall 0.2128 - f1 0.3509 
INFO:root:TEST measures@10 for class 0 - precision 0.0000 - recall 0.0000 - f1 0.0000 
INFO:root:TEST measures@10 for class 1 - precision 1.0000 - recall 0.2134 - f1 0.3518 
INFO:root:TEST measures@100 microavg - precision 0.9970 - recall 0.9970 - f1 0.9970 
INFO:root:TEST measures@100 for class 0 - precision 0.0000 - recall 0.0000 - f1 0.0000 
INFO:root:TEST measures@100 for class 1 - precision 0.9970 - recall 1.0000 - f1 0.9985 
INFO:root:TEST measures@1000 microavg - precision 0.9970 - recall 0.9970 - f1 0.9970 
INFO:root:TEST measures@1000 for class 0 - precision 0.0000 - recall 0.0000 - f1 0.0000 
INFO:root:TEST measures@1000 for class 1 - precision 0.9970 - recall 1.0000 - f1 0.9985 
INFO:root:TEST Total epoch time: 0.07927945700021155
INFO:root:################ TRAIN epoch 22 ###################
INFO:root:TRAIN mean losses tensor(0.)
INFO:root:TRAIN mean errors 0.0
INFO:root:TRAIN mean MRR 0.0 - mean MAP 1.0
INFO:root:TRAIN tp {0: tensor(0), 1: tensor(1410)},fn {0: tensor(0), 1: tensor(0)},fp {0: tensor(0), 1: tensor(0)}
INFO:root:TRAIN measures microavg - precision 1.0000 - recall 1.0000 - f1 1.0000 
INFO:root:TRAIN measures for class 0 - precision 0.0000 - recall 0.0000 - f1 0.0000 
INFO:root:TRAIN measures for class 1 - precision 1.0000 - recall 1.0000 - f1 1.0000 
INFO:root:TRAIN measures@10 microavg - precision 1.0000 - recall 0.2128 - f1 0.3509 
INFO:root:TRAIN measures@10 for class 0 - precision 0.0000 - recall 0.0000 - f1 0.0000 
INFO:root:TRAIN measures@10 for class 1 - precision 1.0000 - recall 0.2128 - f1 0.3509 
INFO:root:TRAIN measures@100 microavg - precision 1.0000 - recall 1.0000 - f1 1.0000 
INFO:root:TRAIN measures@100 for class 0 - precision 0.0000 - recall 0.0000 - f1 0.0000 
INFO:root:TRAIN measures@100 for class 1 - precision 1.0000 - recall 1.0000 - f1 1.0000 
INFO:root:TRAIN measures@1000 microavg - precision 1.0000 - recall 1.0000 - f1 1.0000 
INFO:root:TRAIN measures@1000 for class 0 - precision 0.0000 - recall 0.0000 - f1 0.0000 
INFO:root:TRAIN measures@1000 for class 1 - precision 1.0000 - recall 1.0000 - f1 1.0000 
INFO:root:TRAIN Total epoch time: 0.47577342800013867
INFO:root:################ VALID epoch 22 ###################
INFO:root:VALID mean losses tensor(0.)
INFO:root:VALID mean errors 0.0
INFO:root:VALID mean MRR 0.0 - mean MAP 1.0
INFO:root:VALID tp {0: tensor(0), 1: tensor(282)},fn {0: tensor(0), 1: tensor(0)},fp {0: tensor(0), 1: tensor(0)}
INFO:root:VALID measures microavg - precision 1.0000 - recall 1.0000 - f1 1.0000 
INFO:root:VALID measures for class 0 - precision 0.0000 - recall 0.0000 - f1 0.0000 
INFO:root:VALID measures for class 1 - precision 1.0000 - recall 1.0000 - f1 1.0000 
INFO:root:VALID measures@10 microavg - precision 1.0000 - recall 0.2128 - f1 0.3509 
INFO:root:VALID measures@10 for class 0 - precision 0.0000 - recall 0.0000 - f1 0.0000 
INFO:root:VALID measures@10 for class 1 - precision 1.0000 - recall 0.2128 - f1 0.3509 
INFO:root:VALID measures@100 microavg - precision 1.0000 - recall 1.0000 - f1 1.0000 
INFO:root:VALID measures@100 for class 0 - precision 0.0000 - recall 0.0000 - f1 0.0000 
INFO:root:VALID measures@100 for class 1 - precision 1.0000 - recall 1.0000 - f1 1.0000 
INFO:root:VALID measures@1000 microavg - precision 1.0000 - recall 1.0000 - f1 1.0000 
INFO:root:VALID measures@1000 for class 0 - precision 0.0000 - recall 0.0000 - f1 0.0000 
INFO:root:VALID measures@1000 for class 1 - precision 1.0000 - recall 1.0000 - f1 1.0000 
INFO:root:VALID Total epoch time: 0.05946988499999861
INFO:root:################ TEST epoch 22 ###################
INFO:root:TEST batch 1 / 7 - partial error 0.0000 - partial loss 0.0000 - partial MRR  0.0000 - partial MAP 1.0000
INFO:root:TEST batch 1 / 7 -  partial tp {0: tensor(0), 1: tensor(47)},fn {0: tensor(0), 1: tensor(0)},fp {0: tensor(0), 1: tensor(0)}
INFO:root:TEST batch 1 / 7 - measures partial microavg - precision 1.0000 - recall 1.0000 - f1 1.0000 
INFO:root:TEST batch 1 / 7 - measures partial for class 0 - precision 0.0000 - recall 0.0000 - f1 0.0000 
INFO:root:TEST batch 1 / 7 - measures partial for class 1 - precision 1.0000 - recall 1.0000 - f1 1.0000 
INFO:root:TEST batch 1 / 7 - Batch time 0 
INFO:root:TEST batch 2 / 7 - partial error 0.0106 - partial loss 9.0504 - partial MRR  0.0000 - partial MAP 0.9894
INFO:root:TEST batch 2 / 7 -  partial tp {0: tensor(0), 1: tensor(46)},fn {0: tensor(1), 1: tensor(0)},fp {0: tensor(0), 1: tensor(1)}
INFO:root:TEST batch 2 / 7 - measures partial microavg - precision 0.9787 - recall 0.9787 - f1 0.9787 
INFO:root:TEST batch 2 / 7 - measures partial for class 0 - precision 0.0000 - recall 0.0000 - f1 0.0000 
INFO:root:TEST batch 2 / 7 - measures partial for class 1 - precision 0.9787 - recall 1.0000 - f1 0.9892 
INFO:root:TEST batch 2 / 7 - Batch time 0 
INFO:root:TEST batch 3 / 7 - partial error 0.0071 - partial loss 6.0336 - partial MRR  0.0000 - partial MAP 0.9929
INFO:root:TEST batch 3 / 7 -  partial tp {0: tensor(0), 1: tensor(47)},fn {0: tensor(0), 1: tensor(0)},fp {0: tensor(0), 1: tensor(0)}
INFO:root:TEST batch 3 / 7 - measures partial microavg - precision 1.0000 - recall 1.0000 - f1 1.0000 
INFO:root:TEST batch 3 / 7 - measures partial for class 0 - precision 0.0000 - recall 0.0000 - f1 0.0000 
INFO:root:TEST batch 3 / 7 - measures partial for class 1 - precision 1.0000 - recall 1.0000 - f1 1.0000 
INFO:root:TEST batch 3 / 7 - Batch time 0 
INFO:root:TEST batch 4 / 7 - partial error 0.0053 - partial loss 4.5252 - partial MRR  0.0000 - partial MAP 0.9947
INFO:root:TEST batch 4 / 7 -  partial tp {0: tensor(0), 1: tensor(47)},fn {0: tensor(0), 1: tensor(0)},fp {0: tensor(0), 1: tensor(0)}
INFO:root:TEST batch 4 / 7 - measures partial microavg - precision 1.0000 - recall 1.0000 - f1 1.0000 
INFO:root:TEST batch 4 / 7 - measures partial for class 0 - precision 0.0000 - recall 0.0000 - f1 0.0000 
INFO:root:TEST batch 4 / 7 - measures partial for class 1 - precision 1.0000 - recall 1.0000 - f1 1.0000 
INFO:root:TEST batch 4 / 7 - Batch time 0 
INFO:root:TEST batch 5 / 7 - partial error 0.0043 - partial loss 3.6201 - partial MRR  0.0000 - partial MAP 0.9957
INFO:root:TEST batch 5 / 7 -  partial tp {0: tensor(0), 1: tensor(47)},fn {0: tensor(0), 1: tensor(0)},fp {0: tensor(0), 1: tensor(0)}
INFO:root:TEST batch 5 / 7 - measures partial microavg - precision 1.0000 - recall 1.0000 - f1 1.0000 
INFO:root:TEST batch 5 / 7 - measures partial for class 0 - precision 0.0000 - recall 0.0000 - f1 0.0000 
INFO:root:TEST batch 5 / 7 - measures partial for class 1 - precision 1.0000 - recall 1.0000 - f1 1.0000 
INFO:root:TEST batch 5 / 7 - Batch time 0 
INFO:root:TEST batch 6 / 7 - partial error 0.0035 - partial loss 3.0168 - partial MRR  0.0000 - partial MAP 0.9965
INFO:root:TEST batch 6 / 7 -  partial tp {0: tensor(0), 1: tensor(47)},fn {0: tensor(0), 1: tensor(0)},fp {0: tensor(0), 1: tensor(0)}
INFO:root:TEST batch 6 / 7 - measures partial microavg - precision 1.0000 - recall 1.0000 - f1 1.0000 
INFO:root:TEST batch 6 / 7 - measures partial for class 0 - precision 0.0000 - recall 0.0000 - f1 0.0000 
INFO:root:TEST batch 6 / 7 - measures partial for class 1 - precision 1.0000 - recall 1.0000 - f1 1.0000 
INFO:root:TEST batch 6 / 7 - Batch time 0 
INFO:root:TEST batch 7 / 7 - partial error 0.0030 - partial loss 2.5858 - partial MRR  0.0000 - partial MAP 0.9970
INFO:root:TEST batch 7 / 7 -  partial tp {0: tensor(0), 1: tensor(47)},fn {0: tensor(0), 1: tensor(0)},fp {0: tensor(0), 1: tensor(0)}
INFO:root:TEST batch 7 / 7 - measures partial microavg - precision 1.0000 - recall 1.0000 - f1 1.0000 
INFO:root:TEST batch 7 / 7 - measures partial for class 0 - precision 0.0000 - recall 0.0000 - f1 0.0000 
INFO:root:TEST batch 7 / 7 - measures partial for class 1 - precision 1.0000 - recall 1.0000 - f1 1.0000 
INFO:root:TEST batch 7 / 7 - Batch time 0 
INFO:root:TEST mean losses tensor(2.5858)
INFO:root:TEST mean errors 0.0030395134817808867
INFO:root:TEST mean MRR 0.0 - mean MAP 0.996960461139679
INFO:root:TEST tp {0: tensor(0), 1: tensor(328)},fn {0: tensor(1), 1: tensor(0)},fp {0: tensor(0), 1: tensor(1)}
INFO:root:TEST measures microavg - precision 0.9970 - recall 0.9970 - f1 0.9970 
INFO:root:TEST measures for class 0 - precision 0.0000 - recall 0.0000 - f1 0.0000 
INFO:root:TEST measures for class 1 - precision 0.9970 - recall 1.0000 - f1 0.9985 
INFO:root:TEST measures@10 microavg - precision 1.0000 - recall 0.2128 - f1 0.3509 
INFO:root:TEST measures@10 for class 0 - precision 0.0000 - recall 0.0000 - f1 0.0000 
INFO:root:TEST measures@10 for class 1 - precision 1.0000 - recall 0.2134 - f1 0.3518 
INFO:root:TEST measures@100 microavg - precision 0.9970 - recall 0.9970 - f1 0.9970 
INFO:root:TEST measures@100 for class 0 - precision 0.0000 - recall 0.0000 - f1 0.0000 
INFO:root:TEST measures@100 for class 1 - precision 0.9970 - recall 1.0000 - f1 0.9985 
INFO:root:TEST measures@1000 microavg - precision 0.9970 - recall 0.9970 - f1 0.9970 
INFO:root:TEST measures@1000 for class 0 - precision 0.0000 - recall 0.0000 - f1 0.0000 
INFO:root:TEST measures@1000 for class 1 - precision 0.9970 - recall 1.0000 - f1 0.9985 
INFO:root:TEST Total epoch time: 0.07765363699991212
INFO:root:################ TRAIN epoch 23 ###################
INFO:root:TRAIN mean losses tensor(0.)
INFO:root:TRAIN mean errors 0.0
INFO:root:TRAIN mean MRR 0.0 - mean MAP 1.0
INFO:root:TRAIN tp {0: tensor(0), 1: tensor(1410)},fn {0: tensor(0), 1: tensor(0)},fp {0: tensor(0), 1: tensor(0)}
INFO:root:TRAIN measures microavg - precision 1.0000 - recall 1.0000 - f1 1.0000 
INFO:root:TRAIN measures for class 0 - precision 0.0000 - recall 0.0000 - f1 0.0000 
INFO:root:TRAIN measures for class 1 - precision 1.0000 - recall 1.0000 - f1 1.0000 
INFO:root:TRAIN measures@10 microavg - precision 1.0000 - recall 0.2128 - f1 0.3509 
INFO:root:TRAIN measures@10 for class 0 - precision 0.0000 - recall 0.0000 - f1 0.0000 
INFO:root:TRAIN measures@10 for class 1 - precision 1.0000 - recall 0.2128 - f1 0.3509 
INFO:root:TRAIN measures@100 microavg - precision 1.0000 - recall 1.0000 - f1 1.0000 
INFO:root:TRAIN measures@100 for class 0 - precision 0.0000 - recall 0.0000 - f1 0.0000 
INFO:root:TRAIN measures@100 for class 1 - precision 1.0000 - recall 1.0000 - f1 1.0000 
INFO:root:TRAIN measures@1000 microavg - precision 1.0000 - recall 1.0000 - f1 1.0000 
INFO:root:TRAIN measures@1000 for class 0 - precision 0.0000 - recall 0.0000 - f1 0.0000 
INFO:root:TRAIN measures@1000 for class 1 - precision 1.0000 - recall 1.0000 - f1 1.0000 
INFO:root:TRAIN Total epoch time: 0.4772438560003138
INFO:root:################ VALID epoch 23 ###################
INFO:root:VALID mean losses tensor(0.)
INFO:root:VALID mean errors 0.0
INFO:root:VALID mean MRR 0.0 - mean MAP 1.0
INFO:root:VALID tp {0: tensor(0), 1: tensor(282)},fn {0: tensor(0), 1: tensor(0)},fp {0: tensor(0), 1: tensor(0)}
INFO:root:VALID measures microavg - precision 1.0000 - recall 1.0000 - f1 1.0000 
INFO:root:VALID measures for class 0 - precision 0.0000 - recall 0.0000 - f1 0.0000 
INFO:root:VALID measures for class 1 - precision 1.0000 - recall 1.0000 - f1 1.0000 
INFO:root:VALID measures@10 microavg - precision 1.0000 - recall 0.2128 - f1 0.3509 
INFO:root:VALID measures@10 for class 0 - precision 0.0000 - recall 0.0000 - f1 0.0000 
INFO:root:VALID measures@10 for class 1 - precision 1.0000 - recall 0.2128 - f1 0.3509 
INFO:root:VALID measures@100 microavg - precision 1.0000 - recall 1.0000 - f1 1.0000 
INFO:root:VALID measures@100 for class 0 - precision 0.0000 - recall 0.0000 - f1 0.0000 
INFO:root:VALID measures@100 for class 1 - precision 1.0000 - recall 1.0000 - f1 1.0000 
INFO:root:VALID measures@1000 microavg - precision 1.0000 - recall 1.0000 - f1 1.0000 
INFO:root:VALID measures@1000 for class 0 - precision 0.0000 - recall 0.0000 - f1 0.0000 
INFO:root:VALID measures@1000 for class 1 - precision 1.0000 - recall 1.0000 - f1 1.0000 
INFO:root:VALID Total epoch time: 0.05967544800023461
INFO:root:################ TEST epoch 23 ###################
INFO:root:TEST batch 1 / 7 - partial error 0.0000 - partial loss 0.0000 - partial MRR  0.0000 - partial MAP 1.0000
INFO:root:TEST batch 1 / 7 -  partial tp {0: tensor(0), 1: tensor(47)},fn {0: tensor(0), 1: tensor(0)},fp {0: tensor(0), 1: tensor(0)}
INFO:root:TEST batch 1 / 7 - measures partial microavg - precision 1.0000 - recall 1.0000 - f1 1.0000 
INFO:root:TEST batch 1 / 7 - measures partial for class 0 - precision 0.0000 - recall 0.0000 - f1 0.0000 
INFO:root:TEST batch 1 / 7 - measures partial for class 1 - precision 1.0000 - recall 1.0000 - f1 1.0000 
INFO:root:TEST batch 1 / 7 - Batch time 0 
INFO:root:TEST batch 2 / 7 - partial error 0.0106 - partial loss 9.3751 - partial MRR  0.0000 - partial MAP 0.9894
INFO:root:TEST batch 2 / 7 -  partial tp {0: tensor(0), 1: tensor(46)},fn {0: tensor(1), 1: tensor(0)},fp {0: tensor(0), 1: tensor(1)}
INFO:root:TEST batch 2 / 7 - measures partial microavg - precision 0.9787 - recall 0.9787 - f1 0.9787 
INFO:root:TEST batch 2 / 7 - measures partial for class 0 - precision 0.0000 - recall 0.0000 - f1 0.0000 
INFO:root:TEST batch 2 / 7 - measures partial for class 1 - precision 0.9787 - recall 1.0000 - f1 0.9892 
INFO:root:TEST batch 2 / 7 - Batch time 0 
INFO:root:TEST batch 3 / 7 - partial error 0.0071 - partial loss 6.2501 - partial MRR  0.0000 - partial MAP 0.9929
INFO:root:TEST batch 3 / 7 -  partial tp {0: tensor(0), 1: tensor(47)},fn {0: tensor(0), 1: tensor(0)},fp {0: tensor(0), 1: tensor(0)}
INFO:root:TEST batch 3 / 7 - measures partial microavg - precision 1.0000 - recall 1.0000 - f1 1.0000 
INFO:root:TEST batch 3 / 7 - measures partial for class 0 - precision 0.0000 - recall 0.0000 - f1 0.0000 
INFO:root:TEST batch 3 / 7 - measures partial for class 1 - precision 1.0000 - recall 1.0000 - f1 1.0000 
INFO:root:TEST batch 3 / 7 - Batch time 0 
INFO:root:TEST batch 4 / 7 - partial error 0.0053 - partial loss 4.6875 - partial MRR  0.0000 - partial MAP 0.9947
INFO:root:TEST batch 4 / 7 -  partial tp {0: tensor(0), 1: tensor(47)},fn {0: tensor(0), 1: tensor(0)},fp {0: tensor(0), 1: tensor(0)}
INFO:root:TEST batch 4 / 7 - measures partial microavg - precision 1.0000 - recall 1.0000 - f1 1.0000 
INFO:root:TEST batch 4 / 7 - measures partial for class 0 - precision 0.0000 - recall 0.0000 - f1 0.0000 
INFO:root:TEST batch 4 / 7 - measures partial for class 1 - precision 1.0000 - recall 1.0000 - f1 1.0000 
INFO:root:TEST batch 4 / 7 - Batch time 0 
INFO:root:TEST batch 5 / 7 - partial error 0.0043 - partial loss 3.7500 - partial MRR  0.0000 - partial MAP 0.9957
INFO:root:TEST batch 5 / 7 -  partial tp {0: tensor(0), 1: tensor(47)},fn {0: tensor(0), 1: tensor(0)},fp {0: tensor(0), 1: tensor(0)}
INFO:root:TEST batch 5 / 7 - measures partial microavg - precision 1.0000 - recall 1.0000 - f1 1.0000 
INFO:root:TEST batch 5 / 7 - measures partial for class 0 - precision 0.0000 - recall 0.0000 - f1 0.0000 
INFO:root:TEST batch 5 / 7 - measures partial for class 1 - precision 1.0000 - recall 1.0000 - f1 1.0000 
INFO:root:TEST batch 5 / 7 - Batch time 0 
INFO:root:TEST batch 6 / 7 - partial error 0.0035 - partial loss 3.1250 - partial MRR  0.0000 - partial MAP 0.9965
INFO:root:TEST batch 6 / 7 -  partial tp {0: tensor(0), 1: tensor(47)},fn {0: tensor(0), 1: tensor(0)},fp {0: tensor(0), 1: tensor(0)}
INFO:root:TEST batch 6 / 7 - measures partial microavg - precision 1.0000 - recall 1.0000 - f1 1.0000 
INFO:root:TEST batch 6 / 7 - measures partial for class 0 - precision 0.0000 - recall 0.0000 - f1 0.0000 
INFO:root:TEST batch 6 / 7 - measures partial for class 1 - precision 1.0000 - recall 1.0000 - f1 1.0000 
INFO:root:TEST batch 6 / 7 - Batch time 0 
INFO:root:TEST batch 7 / 7 - partial error 0.0030 - partial loss 2.6786 - partial MRR  0.0000 - partial MAP 0.9970
INFO:root:TEST batch 7 / 7 -  partial tp {0: tensor(0), 1: tensor(47)},fn {0: tensor(0), 1: tensor(0)},fp {0: tensor(0), 1: tensor(0)}
INFO:root:TEST batch 7 / 7 - measures partial microavg - precision 1.0000 - recall 1.0000 - f1 1.0000 
INFO:root:TEST batch 7 / 7 - measures partial for class 0 - precision 0.0000 - recall 0.0000 - f1 0.0000 
INFO:root:TEST batch 7 / 7 - measures partial for class 1 - precision 1.0000 - recall 1.0000 - f1 1.0000 
INFO:root:TEST batch 7 / 7 - Batch time 0 
INFO:root:TEST mean losses tensor(2.6786)
INFO:root:TEST mean errors 0.0030395134817808867
INFO:root:TEST mean MRR 0.0 - mean MAP 0.996960461139679
INFO:root:TEST tp {0: tensor(0), 1: tensor(328)},fn {0: tensor(1), 1: tensor(0)},fp {0: tensor(0), 1: tensor(1)}
INFO:root:TEST measures microavg - precision 0.9970 - recall 0.9970 - f1 0.9970 
INFO:root:TEST measures for class 0 - precision 0.0000 - recall 0.0000 - f1 0.0000 
INFO:root:TEST measures for class 1 - precision 0.9970 - recall 1.0000 - f1 0.9985 
INFO:root:TEST measures@10 microavg - precision 1.0000 - recall 0.2128 - f1 0.3509 
INFO:root:TEST measures@10 for class 0 - precision 0.0000 - recall 0.0000 - f1 0.0000 
INFO:root:TEST measures@10 for class 1 - precision 1.0000 - recall 0.2134 - f1 0.3518 
INFO:root:TEST measures@100 microavg - precision 0.9970 - recall 0.9970 - f1 0.9970 
INFO:root:TEST measures@100 for class 0 - precision 0.0000 - recall 0.0000 - f1 0.0000 
INFO:root:TEST measures@100 for class 1 - precision 0.9970 - recall 1.0000 - f1 0.9985 
INFO:root:TEST measures@1000 microavg - precision 0.9970 - recall 0.9970 - f1 0.9970 
INFO:root:TEST measures@1000 for class 0 - precision 0.0000 - recall 0.0000 - f1 0.0000 
INFO:root:TEST measures@1000 for class 1 - precision 0.9970 - recall 1.0000 - f1 0.9985 
INFO:root:TEST Total epoch time: 0.07998992600005295
INFO:root:################ TRAIN epoch 24 ###################
INFO:root:TRAIN mean losses tensor(0.)
INFO:root:TRAIN mean errors 0.0
INFO:root:TRAIN mean MRR 0.0 - mean MAP 1.0
INFO:root:TRAIN tp {0: tensor(0), 1: tensor(1410)},fn {0: tensor(0), 1: tensor(0)},fp {0: tensor(0), 1: tensor(0)}
INFO:root:TRAIN measures microavg - precision 1.0000 - recall 1.0000 - f1 1.0000 
INFO:root:TRAIN measures for class 0 - precision 0.0000 - recall 0.0000 - f1 0.0000 
INFO:root:TRAIN measures for class 1 - precision 1.0000 - recall 1.0000 - f1 1.0000 
INFO:root:TRAIN measures@10 microavg - precision 1.0000 - recall 0.2128 - f1 0.3509 
INFO:root:TRAIN measures@10 for class 0 - precision 0.0000 - recall 0.0000 - f1 0.0000 
INFO:root:TRAIN measures@10 for class 1 - precision 1.0000 - recall 0.2128 - f1 0.3509 
INFO:root:TRAIN measures@100 microavg - precision 1.0000 - recall 1.0000 - f1 1.0000 
INFO:root:TRAIN measures@100 for class 0 - precision 0.0000 - recall 0.0000 - f1 0.0000 
INFO:root:TRAIN measures@100 for class 1 - precision 1.0000 - recall 1.0000 - f1 1.0000 
INFO:root:TRAIN measures@1000 microavg - precision 1.0000 - recall 1.0000 - f1 1.0000 
INFO:root:TRAIN measures@1000 for class 0 - precision 0.0000 - recall 0.0000 - f1 0.0000 
INFO:root:TRAIN measures@1000 for class 1 - precision 1.0000 - recall 1.0000 - f1 1.0000 
INFO:root:TRAIN Total epoch time: 0.5186509259997365
INFO:root:################ VALID epoch 24 ###################
INFO:root:VALID mean losses tensor(0.)
INFO:root:VALID mean errors 0.0
INFO:root:VALID mean MRR 0.0 - mean MAP 1.0
INFO:root:VALID tp {0: tensor(0), 1: tensor(282)},fn {0: tensor(0), 1: tensor(0)},fp {0: tensor(0), 1: tensor(0)}
INFO:root:VALID measures microavg - precision 1.0000 - recall 1.0000 - f1 1.0000 
INFO:root:VALID measures for class 0 - precision 0.0000 - recall 0.0000 - f1 0.0000 
INFO:root:VALID measures for class 1 - precision 1.0000 - recall 1.0000 - f1 1.0000 
INFO:root:VALID measures@10 microavg - precision 1.0000 - recall 0.2128 - f1 0.3509 
INFO:root:VALID measures@10 for class 0 - precision 0.0000 - recall 0.0000 - f1 0.0000 
INFO:root:VALID measures@10 for class 1 - precision 1.0000 - recall 0.2128 - f1 0.3509 
INFO:root:VALID measures@100 microavg - precision 1.0000 - recall 1.0000 - f1 1.0000 
INFO:root:VALID measures@100 for class 0 - precision 0.0000 - recall 0.0000 - f1 0.0000 
INFO:root:VALID measures@100 for class 1 - precision 1.0000 - recall 1.0000 - f1 1.0000 
INFO:root:VALID measures@1000 microavg - precision 1.0000 - recall 1.0000 - f1 1.0000 
INFO:root:VALID measures@1000 for class 0 - precision 0.0000 - recall 0.0000 - f1 0.0000 
INFO:root:VALID measures@1000 for class 1 - precision 1.0000 - recall 1.0000 - f1 1.0000 
INFO:root:VALID Total epoch time: 0.06506480899997769
INFO:root:################ TEST epoch 24 ###################
INFO:root:TEST batch 1 / 7 - partial error 0.0000 - partial loss 0.0000 - partial MRR  0.0000 - partial MAP 1.0000
INFO:root:TEST batch 1 / 7 -  partial tp {0: tensor(0), 1: tensor(47)},fn {0: tensor(0), 1: tensor(0)},fp {0: tensor(0), 1: tensor(0)}
INFO:root:TEST batch 1 / 7 - measures partial microavg - precision 1.0000 - recall 1.0000 - f1 1.0000 
INFO:root:TEST batch 1 / 7 - measures partial for class 0 - precision 0.0000 - recall 0.0000 - f1 0.0000 
INFO:root:TEST batch 1 / 7 - measures partial for class 1 - precision 1.0000 - recall 1.0000 - f1 1.0000 
INFO:root:TEST batch 1 / 7 - Batch time 0 
INFO:root:TEST batch 2 / 7 - partial error 0.0106 - partial loss 8.9702 - partial MRR  0.0000 - partial MAP 0.9894
INFO:root:TEST batch 2 / 7 -  partial tp {0: tensor(0), 1: tensor(46)},fn {0: tensor(1), 1: tensor(0)},fp {0: tensor(0), 1: tensor(1)}
INFO:root:TEST batch 2 / 7 - measures partial microavg - precision 0.9787 - recall 0.9787 - f1 0.9787 
INFO:root:TEST batch 2 / 7 - measures partial for class 0 - precision 0.0000 - recall 0.0000 - f1 0.0000 
INFO:root:TEST batch 2 / 7 - measures partial for class 1 - precision 0.9787 - recall 1.0000 - f1 0.9892 
INFO:root:TEST batch 2 / 7 - Batch time 0 
INFO:root:TEST batch 3 / 7 - partial error 0.0071 - partial loss 5.9801 - partial MRR  0.0000 - partial MAP 0.9929
INFO:root:TEST batch 3 / 7 -  partial tp {0: tensor(0), 1: tensor(47)},fn {0: tensor(0), 1: tensor(0)},fp {0: tensor(0), 1: tensor(0)}
INFO:root:TEST batch 3 / 7 - measures partial microavg - precision 1.0000 - recall 1.0000 - f1 1.0000 
INFO:root:TEST batch 3 / 7 - measures partial for class 0 - precision 0.0000 - recall 0.0000 - f1 0.0000 
INFO:root:TEST batch 3 / 7 - measures partial for class 1 - precision 1.0000 - recall 1.0000 - f1 1.0000 
INFO:root:TEST batch 3 / 7 - Batch time 0 
INFO:root:TEST batch 4 / 7 - partial error 0.0053 - partial loss 4.4851 - partial MRR  0.0000 - partial MAP 0.9947
INFO:root:TEST batch 4 / 7 -  partial tp {0: tensor(0), 1: tensor(47)},fn {0: tensor(0), 1: tensor(0)},fp {0: tensor(0), 1: tensor(0)}
INFO:root:TEST batch 4 / 7 - measures partial microavg - precision 1.0000 - recall 1.0000 - f1 1.0000 
INFO:root:TEST batch 4 / 7 - measures partial for class 0 - precision 0.0000 - recall 0.0000 - f1 0.0000 
INFO:root:TEST batch 4 / 7 - measures partial for class 1 - precision 1.0000 - recall 1.0000 - f1 1.0000 
INFO:root:TEST batch 4 / 7 - Batch time 0 
INFO:root:TEST batch 5 / 7 - partial error 0.0043 - partial loss 3.5881 - partial MRR  0.0000 - partial MAP 0.9957
INFO:root:TEST batch 5 / 7 -  partial tp {0: tensor(0), 1: tensor(47)},fn {0: tensor(0), 1: tensor(0)},fp {0: tensor(0), 1: tensor(0)}
INFO:root:TEST batch 5 / 7 - measures partial microavg - precision 1.0000 - recall 1.0000 - f1 1.0000 
INFO:root:TEST batch 5 / 7 - measures partial for class 0 - precision 0.0000 - recall 0.0000 - f1 0.0000 
INFO:root:TEST batch 5 / 7 - measures partial for class 1 - precision 1.0000 - recall 1.0000 - f1 1.0000 
INFO:root:TEST batch 5 / 7 - Batch time 0 
INFO:root:TEST batch 6 / 7 - partial error 0.0035 - partial loss 2.9901 - partial MRR  0.0000 - partial MAP 0.9965
INFO:root:TEST batch 6 / 7 -  partial tp {0: tensor(0), 1: tensor(47)},fn {0: tensor(0), 1: tensor(0)},fp {0: tensor(0), 1: tensor(0)}
INFO:root:TEST batch 6 / 7 - measures partial microavg - precision 1.0000 - recall 1.0000 - f1 1.0000 
INFO:root:TEST batch 6 / 7 - measures partial for class 0 - precision 0.0000 - recall 0.0000 - f1 0.0000 
INFO:root:TEST batch 6 / 7 - measures partial for class 1 - precision 1.0000 - recall 1.0000 - f1 1.0000 
INFO:root:TEST batch 6 / 7 - Batch time 0 
INFO:root:TEST batch 7 / 7 - partial error 0.0030 - partial loss 2.5629 - partial MRR  0.0000 - partial MAP 0.9970
INFO:root:TEST batch 7 / 7 -  partial tp {0: tensor(0), 1: tensor(47)},fn {0: tensor(0), 1: tensor(0)},fp {0: tensor(0), 1: tensor(0)}
INFO:root:TEST batch 7 / 7 - measures partial microavg - precision 1.0000 - recall 1.0000 - f1 1.0000 
INFO:root:TEST batch 7 / 7 - measures partial for class 0 - precision 0.0000 - recall 0.0000 - f1 0.0000 
INFO:root:TEST batch 7 / 7 - measures partial for class 1 - precision 1.0000 - recall 1.0000 - f1 1.0000 
INFO:root:TEST batch 7 / 7 - Batch time 0 
INFO:root:TEST mean losses tensor(2.5629)
INFO:root:TEST mean errors 0.0030395134817808867
INFO:root:TEST mean MRR 0.0 - mean MAP 0.996960461139679
INFO:root:TEST tp {0: tensor(0), 1: tensor(328)},fn {0: tensor(1), 1: tensor(0)},fp {0: tensor(0), 1: tensor(1)}
INFO:root:TEST measures microavg - precision 0.9970 - recall 0.9970 - f1 0.9970 
INFO:root:TEST measures for class 0 - precision 0.0000 - recall 0.0000 - f1 0.0000 
INFO:root:TEST measures for class 1 - precision 0.9970 - recall 1.0000 - f1 0.9985 
INFO:root:TEST measures@10 microavg - precision 1.0000 - recall 0.2128 - f1 0.3509 
INFO:root:TEST measures@10 for class 0 - precision 0.0000 - recall 0.0000 - f1 0.0000 
INFO:root:TEST measures@10 for class 1 - precision 1.0000 - recall 0.2134 - f1 0.3518 
INFO:root:TEST measures@100 microavg - precision 0.9970 - recall 0.9970 - f1 0.9970 
INFO:root:TEST measures@100 for class 0 - precision 0.0000 - recall 0.0000 - f1 0.0000 
INFO:root:TEST measures@100 for class 1 - precision 0.9970 - recall 1.0000 - f1 0.9985 
INFO:root:TEST measures@1000 microavg - precision 0.9970 - recall 0.9970 - f1 0.9970 
INFO:root:TEST measures@1000 for class 0 - precision 0.0000 - recall 0.0000 - f1 0.0000 
INFO:root:TEST measures@1000 for class 1 - precision 0.9970 - recall 1.0000 - f1 0.9985 
INFO:root:TEST Total epoch time: 0.1392647930001658
INFO:root:################ TRAIN epoch 25 ###################
INFO:root:TRAIN mean losses tensor(0.)
INFO:root:TRAIN mean errors 0.0
INFO:root:TRAIN mean MRR 0.0 - mean MAP 1.0
INFO:root:TRAIN tp {0: tensor(0), 1: tensor(1410)},fn {0: tensor(0), 1: tensor(0)},fp {0: tensor(0), 1: tensor(0)}
INFO:root:TRAIN measures microavg - precision 1.0000 - recall 1.0000 - f1 1.0000 
INFO:root:TRAIN measures for class 0 - precision 0.0000 - recall 0.0000 - f1 0.0000 
INFO:root:TRAIN measures for class 1 - precision 1.0000 - recall 1.0000 - f1 1.0000 
INFO:root:TRAIN measures@10 microavg - precision 1.0000 - recall 0.2128 - f1 0.3509 
INFO:root:TRAIN measures@10 for class 0 - precision 0.0000 - recall 0.0000 - f1 0.0000 
INFO:root:TRAIN measures@10 for class 1 - precision 1.0000 - recall 0.2128 - f1 0.3509 
INFO:root:TRAIN measures@100 microavg - precision 1.0000 - recall 1.0000 - f1 1.0000 
INFO:root:TRAIN measures@100 for class 0 - precision 0.0000 - recall 0.0000 - f1 0.0000 
INFO:root:TRAIN measures@100 for class 1 - precision 1.0000 - recall 1.0000 - f1 1.0000 
INFO:root:TRAIN measures@1000 microavg - precision 1.0000 - recall 1.0000 - f1 1.0000 
INFO:root:TRAIN measures@1000 for class 0 - precision 0.0000 - recall 0.0000 - f1 0.0000 
INFO:root:TRAIN measures@1000 for class 1 - precision 1.0000 - recall 1.0000 - f1 1.0000 
INFO:root:TRAIN Total epoch time: 0.5660980910001854
INFO:root:################ VALID epoch 25 ###################
INFO:root:VALID mean losses tensor(0.)
INFO:root:VALID mean errors 0.0
INFO:root:VALID mean MRR 0.0 - mean MAP 1.0
INFO:root:VALID tp {0: tensor(0), 1: tensor(282)},fn {0: tensor(0), 1: tensor(0)},fp {0: tensor(0), 1: tensor(0)}
INFO:root:VALID measures microavg - precision 1.0000 - recall 1.0000 - f1 1.0000 
INFO:root:VALID measures for class 0 - precision 0.0000 - recall 0.0000 - f1 0.0000 
INFO:root:VALID measures for class 1 - precision 1.0000 - recall 1.0000 - f1 1.0000 
INFO:root:VALID measures@10 microavg - precision 1.0000 - recall 0.2128 - f1 0.3509 
INFO:root:VALID measures@10 for class 0 - precision 0.0000 - recall 0.0000 - f1 0.0000 
INFO:root:VALID measures@10 for class 1 - precision 1.0000 - recall 0.2128 - f1 0.3509 
INFO:root:VALID measures@100 microavg - precision 1.0000 - recall 1.0000 - f1 1.0000 
INFO:root:VALID measures@100 for class 0 - precision 0.0000 - recall 0.0000 - f1 0.0000 
INFO:root:VALID measures@100 for class 1 - precision 1.0000 - recall 1.0000 - f1 1.0000 
INFO:root:VALID measures@1000 microavg - precision 1.0000 - recall 1.0000 - f1 1.0000 
INFO:root:VALID measures@1000 for class 0 - precision 0.0000 - recall 0.0000 - f1 0.0000 
INFO:root:VALID measures@1000 for class 1 - precision 1.0000 - recall 1.0000 - f1 1.0000 
INFO:root:VALID Total epoch time: 0.07030617899999925
INFO:root:################ TEST epoch 25 ###################
INFO:root:TEST batch 1 / 7 - partial error 0.0000 - partial loss 0.0000 - partial MRR  0.0000 - partial MAP 1.0000
INFO:root:TEST batch 1 / 7 -  partial tp {0: tensor(0), 1: tensor(47)},fn {0: tensor(0), 1: tensor(0)},fp {0: tensor(0), 1: tensor(0)}
INFO:root:TEST batch 1 / 7 - measures partial microavg - precision 1.0000 - recall 1.0000 - f1 1.0000 
INFO:root:TEST batch 1 / 7 - measures partial for class 0 - precision 0.0000 - recall 0.0000 - f1 0.0000 
INFO:root:TEST batch 1 / 7 - measures partial for class 1 - precision 1.0000 - recall 1.0000 - f1 1.0000 
INFO:root:TEST batch 1 / 7 - Batch time 0 
INFO:root:TEST batch 2 / 7 - partial error 0.0106 - partial loss 9.5859 - partial MRR  0.0000 - partial MAP 0.9894
INFO:root:TEST batch 2 / 7 -  partial tp {0: tensor(0), 1: tensor(46)},fn {0: tensor(1), 1: tensor(0)},fp {0: tensor(0), 1: tensor(1)}
INFO:root:TEST batch 2 / 7 - measures partial microavg - precision 0.9787 - recall 0.9787 - f1 0.9787 
INFO:root:TEST batch 2 / 7 - measures partial for class 0 - precision 0.0000 - recall 0.0000 - f1 0.0000 
INFO:root:TEST batch 2 / 7 - measures partial for class 1 - precision 0.9787 - recall 1.0000 - f1 0.9892 
INFO:root:TEST batch 2 / 7 - Batch time 0 
INFO:root:TEST batch 3 / 7 - partial error 0.0071 - partial loss 6.3906 - partial MRR  0.0000 - partial MAP 0.9929
INFO:root:TEST batch 3 / 7 -  partial tp {0: tensor(0), 1: tensor(47)},fn {0: tensor(0), 1: tensor(0)},fp {0: tensor(0), 1: tensor(0)}
INFO:root:TEST batch 3 / 7 - measures partial microavg - precision 1.0000 - recall 1.0000 - f1 1.0000 
INFO:root:TEST batch 3 / 7 - measures partial for class 0 - precision 0.0000 - recall 0.0000 - f1 0.0000 
INFO:root:TEST batch 3 / 7 - measures partial for class 1 - precision 1.0000 - recall 1.0000 - f1 1.0000 
INFO:root:TEST batch 3 / 7 - Batch time 0 
INFO:root:TEST batch 4 / 7 - partial error 0.0053 - partial loss 4.7929 - partial MRR  0.0000 - partial MAP 0.9947
INFO:root:TEST batch 4 / 7 -  partial tp {0: tensor(0), 1: tensor(47)},fn {0: tensor(0), 1: tensor(0)},fp {0: tensor(0), 1: tensor(0)}
INFO:root:TEST batch 4 / 7 - measures partial microavg - precision 1.0000 - recall 1.0000 - f1 1.0000 
INFO:root:TEST batch 4 / 7 - measures partial for class 0 - precision 0.0000 - recall 0.0000 - f1 0.0000 
INFO:root:TEST batch 4 / 7 - measures partial for class 1 - precision 1.0000 - recall 1.0000 - f1 1.0000 
INFO:root:TEST batch 4 / 7 - Batch time 0 
INFO:root:TEST batch 5 / 7 - partial error 0.0043 - partial loss 3.8344 - partial MRR  0.0000 - partial MAP 0.9957
INFO:root:TEST batch 5 / 7 -  partial tp {0: tensor(0), 1: tensor(47)},fn {0: tensor(0), 1: tensor(0)},fp {0: tensor(0), 1: tensor(0)}
INFO:root:TEST batch 5 / 7 - measures partial microavg - precision 1.0000 - recall 1.0000 - f1 1.0000 
INFO:root:TEST batch 5 / 7 - measures partial for class 0 - precision 0.0000 - recall 0.0000 - f1 0.0000 
INFO:root:TEST batch 5 / 7 - measures partial for class 1 - precision 1.0000 - recall 1.0000 - f1 1.0000 
INFO:root:TEST batch 5 / 7 - Batch time 0 
INFO:root:TEST batch 6 / 7 - partial error 0.0035 - partial loss 3.1953 - partial MRR  0.0000 - partial MAP 0.9965
INFO:root:TEST batch 6 / 7 -  partial tp {0: tensor(0), 1: tensor(47)},fn {0: tensor(0), 1: tensor(0)},fp {0: tensor(0), 1: tensor(0)}
INFO:root:TEST batch 6 / 7 - measures partial microavg - precision 1.0000 - recall 1.0000 - f1 1.0000 
INFO:root:TEST batch 6 / 7 - measures partial for class 0 - precision 0.0000 - recall 0.0000 - f1 0.0000 
INFO:root:TEST batch 6 / 7 - measures partial for class 1 - precision 1.0000 - recall 1.0000 - f1 1.0000 
INFO:root:TEST batch 6 / 7 - Batch time 0 
INFO:root:TEST batch 7 / 7 - partial error 0.0030 - partial loss 2.7388 - partial MRR  0.0000 - partial MAP 0.9970
INFO:root:TEST batch 7 / 7 -  partial tp {0: tensor(0), 1: tensor(47)},fn {0: tensor(0), 1: tensor(0)},fp {0: tensor(0), 1: tensor(0)}
INFO:root:TEST batch 7 / 7 - measures partial microavg - precision 1.0000 - recall 1.0000 - f1 1.0000 
INFO:root:TEST batch 7 / 7 - measures partial for class 0 - precision 0.0000 - recall 0.0000 - f1 0.0000 
INFO:root:TEST batch 7 / 7 - measures partial for class 1 - precision 1.0000 - recall 1.0000 - f1 1.0000 
INFO:root:TEST batch 7 / 7 - Batch time 0 
INFO:root:TEST mean losses tensor(2.7388)
INFO:root:TEST mean errors 0.0030395134817808867
INFO:root:TEST mean MRR 0.0 - mean MAP 0.996960461139679
INFO:root:TEST tp {0: tensor(0), 1: tensor(328)},fn {0: tensor(1), 1: tensor(0)},fp {0: tensor(0), 1: tensor(1)}
INFO:root:TEST measures microavg - precision 0.9970 - recall 0.9970 - f1 0.9970 
INFO:root:TEST measures for class 0 - precision 0.0000 - recall 0.0000 - f1 0.0000 
INFO:root:TEST measures for class 1 - precision 0.9970 - recall 1.0000 - f1 0.9985 
INFO:root:TEST measures@10 microavg - precision 1.0000 - recall 0.2128 - f1 0.3509 
INFO:root:TEST measures@10 for class 0 - precision 0.0000 - recall 0.0000 - f1 0.0000 
INFO:root:TEST measures@10 for class 1 - precision 1.0000 - recall 0.2134 - f1 0.3518 
INFO:root:TEST measures@100 microavg - precision 0.9970 - recall 0.9970 - f1 0.9970 
INFO:root:TEST measures@100 for class 0 - precision 0.0000 - recall 0.0000 - f1 0.0000 
INFO:root:TEST measures@100 for class 1 - precision 0.9970 - recall 1.0000 - f1 0.9985 
INFO:root:TEST measures@1000 microavg - precision 0.9970 - recall 0.9970 - f1 0.9970 
INFO:root:TEST measures@1000 for class 0 - precision 0.0000 - recall 0.0000 - f1 0.0000 
INFO:root:TEST measures@1000 for class 1 - precision 0.9970 - recall 1.0000 - f1 0.9985 
INFO:root:TEST Total epoch time: 0.08716091099995538
INFO:root:################ TRAIN epoch 26 ###################
INFO:root:TRAIN mean losses tensor(0.)
INFO:root:TRAIN mean errors 0.0
INFO:root:TRAIN mean MRR 0.0 - mean MAP 1.0
INFO:root:TRAIN tp {0: tensor(0), 1: tensor(1410)},fn {0: tensor(0), 1: tensor(0)},fp {0: tensor(0), 1: tensor(0)}
INFO:root:TRAIN measures microavg - precision 1.0000 - recall 1.0000 - f1 1.0000 
INFO:root:TRAIN measures for class 0 - precision 0.0000 - recall 0.0000 - f1 0.0000 
INFO:root:TRAIN measures for class 1 - precision 1.0000 - recall 1.0000 - f1 1.0000 
INFO:root:TRAIN measures@10 microavg - precision 1.0000 - recall 0.2128 - f1 0.3509 
INFO:root:TRAIN measures@10 for class 0 - precision 0.0000 - recall 0.0000 - f1 0.0000 
INFO:root:TRAIN measures@10 for class 1 - precision 1.0000 - recall 0.2128 - f1 0.3509 
INFO:root:TRAIN measures@100 microavg - precision 1.0000 - recall 1.0000 - f1 1.0000 
INFO:root:TRAIN measures@100 for class 0 - precision 0.0000 - recall 0.0000 - f1 0.0000 
INFO:root:TRAIN measures@100 for class 1 - precision 1.0000 - recall 1.0000 - f1 1.0000 
INFO:root:TRAIN measures@1000 microavg - precision 1.0000 - recall 1.0000 - f1 1.0000 
INFO:root:TRAIN measures@1000 for class 0 - precision 0.0000 - recall 0.0000 - f1 0.0000 
INFO:root:TRAIN measures@1000 for class 1 - precision 1.0000 - recall 1.0000 - f1 1.0000 
INFO:root:TRAIN Total epoch time: 0.534984846000043
INFO:root:################ VALID epoch 26 ###################
INFO:root:VALID mean losses tensor(0.)
INFO:root:VALID mean errors 0.0
INFO:root:VALID mean MRR 0.0 - mean MAP 1.0
INFO:root:VALID tp {0: tensor(0), 1: tensor(282)},fn {0: tensor(0), 1: tensor(0)},fp {0: tensor(0), 1: tensor(0)}
INFO:root:VALID measures microavg - precision 1.0000 - recall 1.0000 - f1 1.0000 
INFO:root:VALID measures for class 0 - precision 0.0000 - recall 0.0000 - f1 0.0000 
INFO:root:VALID measures for class 1 - precision 1.0000 - recall 1.0000 - f1 1.0000 
INFO:root:VALID measures@10 microavg - precision 1.0000 - recall 0.2128 - f1 0.3509 
INFO:root:VALID measures@10 for class 0 - precision 0.0000 - recall 0.0000 - f1 0.0000 
INFO:root:VALID measures@10 for class 1 - precision 1.0000 - recall 0.2128 - f1 0.3509 
INFO:root:VALID measures@100 microavg - precision 1.0000 - recall 1.0000 - f1 1.0000 
INFO:root:VALID measures@100 for class 0 - precision 0.0000 - recall 0.0000 - f1 0.0000 
INFO:root:VALID measures@100 for class 1 - precision 1.0000 - recall 1.0000 - f1 1.0000 
INFO:root:VALID measures@1000 microavg - precision 1.0000 - recall 1.0000 - f1 1.0000 
INFO:root:VALID measures@1000 for class 0 - precision 0.0000 - recall 0.0000 - f1 0.0000 
INFO:root:VALID measures@1000 for class 1 - precision 1.0000 - recall 1.0000 - f1 1.0000 
INFO:root:VALID Total epoch time: 0.06760358099973018
INFO:root:################ TEST epoch 26 ###################
INFO:root:TEST batch 1 / 7 - partial error 0.0000 - partial loss 0.0000 - partial MRR  0.0000 - partial MAP 1.0000
INFO:root:TEST batch 1 / 7 -  partial tp {0: tensor(0), 1: tensor(47)},fn {0: tensor(0), 1: tensor(0)},fp {0: tensor(0), 1: tensor(0)}
INFO:root:TEST batch 1 / 7 - measures partial microavg - precision 1.0000 - recall 1.0000 - f1 1.0000 
INFO:root:TEST batch 1 / 7 - measures partial for class 0 - precision 0.0000 - recall 0.0000 - f1 0.0000 
INFO:root:TEST batch 1 / 7 - measures partial for class 1 - precision 1.0000 - recall 1.0000 - f1 1.0000 
INFO:root:TEST batch 1 / 7 - Batch time 0 
INFO:root:TEST batch 2 / 7 - partial error 0.0106 - partial loss 8.9581 - partial MRR  0.0000 - partial MAP 0.9894
INFO:root:TEST batch 2 / 7 -  partial tp {0: tensor(0), 1: tensor(46)},fn {0: tensor(1), 1: tensor(0)},fp {0: tensor(0), 1: tensor(1)}
INFO:root:TEST batch 2 / 7 - measures partial microavg - precision 0.9787 - recall 0.9787 - f1 0.9787 
INFO:root:TEST batch 2 / 7 - measures partial for class 0 - precision 0.0000 - recall 0.0000 - f1 0.0000 
INFO:root:TEST batch 2 / 7 - measures partial for class 1 - precision 0.9787 - recall 1.0000 - f1 0.9892 
INFO:root:TEST batch 2 / 7 - Batch time 0 
INFO:root:TEST batch 3 / 7 - partial error 0.0071 - partial loss 5.9721 - partial MRR  0.0000 - partial MAP 0.9929
INFO:root:TEST batch 3 / 7 -  partial tp {0: tensor(0), 1: tensor(47)},fn {0: tensor(0), 1: tensor(0)},fp {0: tensor(0), 1: tensor(0)}
INFO:root:TEST batch 3 / 7 - measures partial microavg - precision 1.0000 - recall 1.0000 - f1 1.0000 
INFO:root:TEST batch 3 / 7 - measures partial for class 0 - precision 0.0000 - recall 0.0000 - f1 0.0000 
INFO:root:TEST batch 3 / 7 - measures partial for class 1 - precision 1.0000 - recall 1.0000 - f1 1.0000 
INFO:root:TEST batch 3 / 7 - Batch time 0 
INFO:root:TEST batch 4 / 7 - partial error 0.0053 - partial loss 4.4790 - partial MRR  0.0000 - partial MAP 0.9947
INFO:root:TEST batch 4 / 7 -  partial tp {0: tensor(0), 1: tensor(47)},fn {0: tensor(0), 1: tensor(0)},fp {0: tensor(0), 1: tensor(0)}
INFO:root:TEST batch 4 / 7 - measures partial microavg - precision 1.0000 - recall 1.0000 - f1 1.0000 
INFO:root:TEST batch 4 / 7 - measures partial for class 0 - precision 0.0000 - recall 0.0000 - f1 0.0000 
INFO:root:TEST batch 4 / 7 - measures partial for class 1 - precision 1.0000 - recall 1.0000 - f1 1.0000 
INFO:root:TEST batch 4 / 7 - Batch time 0 
INFO:root:TEST batch 5 / 7 - partial error 0.0043 - partial loss 3.5832 - partial MRR  0.0000 - partial MAP 0.9957
INFO:root:TEST batch 5 / 7 -  partial tp {0: tensor(0), 1: tensor(47)},fn {0: tensor(0), 1: tensor(0)},fp {0: tensor(0), 1: tensor(0)}
INFO:root:TEST batch 5 / 7 - measures partial microavg - precision 1.0000 - recall 1.0000 - f1 1.0000 
INFO:root:TEST batch 5 / 7 - measures partial for class 0 - precision 0.0000 - recall 0.0000 - f1 0.0000 
INFO:root:TEST batch 5 / 7 - measures partial for class 1 - precision 1.0000 - recall 1.0000 - f1 1.0000 
INFO:root:TEST batch 5 / 7 - Batch time 0 
INFO:root:TEST batch 6 / 7 - partial error 0.0035 - partial loss 2.9860 - partial MRR  0.0000 - partial MAP 0.9965
INFO:root:TEST batch 6 / 7 -  partial tp {0: tensor(0), 1: tensor(47)},fn {0: tensor(0), 1: tensor(0)},fp {0: tensor(0), 1: tensor(0)}
INFO:root:TEST batch 6 / 7 - measures partial microavg - precision 1.0000 - recall 1.0000 - f1 1.0000 
INFO:root:TEST batch 6 / 7 - measures partial for class 0 - precision 0.0000 - recall 0.0000 - f1 0.0000 
INFO:root:TEST batch 6 / 7 - measures partial for class 1 - precision 1.0000 - recall 1.0000 - f1 1.0000 
INFO:root:TEST batch 6 / 7 - Batch time 0 
INFO:root:TEST batch 7 / 7 - partial error 0.0030 - partial loss 2.5595 - partial MRR  0.0000 - partial MAP 0.9970
INFO:root:TEST batch 7 / 7 -  partial tp {0: tensor(0), 1: tensor(47)},fn {0: tensor(0), 1: tensor(0)},fp {0: tensor(0), 1: tensor(0)}
INFO:root:TEST batch 7 / 7 - measures partial microavg - precision 1.0000 - recall 1.0000 - f1 1.0000 
INFO:root:TEST batch 7 / 7 - measures partial for class 0 - precision 0.0000 - recall 0.0000 - f1 0.0000 
INFO:root:TEST batch 7 / 7 - measures partial for class 1 - precision 1.0000 - recall 1.0000 - f1 1.0000 
INFO:root:TEST batch 7 / 7 - Batch time 0 
INFO:root:TEST mean losses tensor(2.5595)
INFO:root:TEST mean errors 0.0030395134817808867
INFO:root:TEST mean MRR 0.0 - mean MAP 0.996960461139679
INFO:root:TEST tp {0: tensor(0), 1: tensor(328)},fn {0: tensor(1), 1: tensor(0)},fp {0: tensor(0), 1: tensor(1)}
INFO:root:TEST measures microavg - precision 0.9970 - recall 0.9970 - f1 0.9970 
INFO:root:TEST measures for class 0 - precision 0.0000 - recall 0.0000 - f1 0.0000 
INFO:root:TEST measures for class 1 - precision 0.9970 - recall 1.0000 - f1 0.9985 
INFO:root:TEST measures@10 microavg - precision 1.0000 - recall 0.2128 - f1 0.3509 
INFO:root:TEST measures@10 for class 0 - precision 0.0000 - recall 0.0000 - f1 0.0000 
INFO:root:TEST measures@10 for class 1 - precision 1.0000 - recall 0.2134 - f1 0.3518 
INFO:root:TEST measures@100 microavg - precision 0.9970 - recall 0.9970 - f1 0.9970 
INFO:root:TEST measures@100 for class 0 - precision 0.0000 - recall 0.0000 - f1 0.0000 
INFO:root:TEST measures@100 for class 1 - precision 0.9970 - recall 1.0000 - f1 0.9985 
INFO:root:TEST measures@1000 microavg - precision 0.9970 - recall 0.9970 - f1 0.9970 
INFO:root:TEST measures@1000 for class 0 - precision 0.0000 - recall 0.0000 - f1 0.0000 
INFO:root:TEST measures@1000 for class 1 - precision 0.9970 - recall 1.0000 - f1 0.9985 
INFO:root:TEST Total epoch time: 0.08783670699995128
INFO:root:################ TRAIN epoch 27 ###################
INFO:root:TRAIN mean losses tensor(0.)
INFO:root:TRAIN mean errors 0.0
INFO:root:TRAIN mean MRR 0.0 - mean MAP 1.0
INFO:root:TRAIN tp {0: tensor(0), 1: tensor(1410)},fn {0: tensor(0), 1: tensor(0)},fp {0: tensor(0), 1: tensor(0)}
INFO:root:TRAIN measures microavg - precision 1.0000 - recall 1.0000 - f1 1.0000 
INFO:root:TRAIN measures for class 0 - precision 0.0000 - recall 0.0000 - f1 0.0000 
INFO:root:TRAIN measures for class 1 - precision 1.0000 - recall 1.0000 - f1 1.0000 
INFO:root:TRAIN measures@10 microavg - precision 1.0000 - recall 0.2128 - f1 0.3509 
INFO:root:TRAIN measures@10 for class 0 - precision 0.0000 - recall 0.0000 - f1 0.0000 
INFO:root:TRAIN measures@10 for class 1 - precision 1.0000 - recall 0.2128 - f1 0.3509 
INFO:root:TRAIN measures@100 microavg - precision 1.0000 - recall 1.0000 - f1 1.0000 
INFO:root:TRAIN measures@100 for class 0 - precision 0.0000 - recall 0.0000 - f1 0.0000 
INFO:root:TRAIN measures@100 for class 1 - precision 1.0000 - recall 1.0000 - f1 1.0000 
INFO:root:TRAIN measures@1000 microavg - precision 1.0000 - recall 1.0000 - f1 1.0000 
INFO:root:TRAIN measures@1000 for class 0 - precision 0.0000 - recall 0.0000 - f1 0.0000 
INFO:root:TRAIN measures@1000 for class 1 - precision 1.0000 - recall 1.0000 - f1 1.0000 
INFO:root:TRAIN Total epoch time: 0.5228330670001924
INFO:root:################ VALID epoch 27 ###################
INFO:root:VALID mean losses tensor(0.)
INFO:root:VALID mean errors 0.0
INFO:root:VALID mean MRR 0.0 - mean MAP 1.0
INFO:root:VALID tp {0: tensor(0), 1: tensor(282)},fn {0: tensor(0), 1: tensor(0)},fp {0: tensor(0), 1: tensor(0)}
INFO:root:VALID measures microavg - precision 1.0000 - recall 1.0000 - f1 1.0000 
INFO:root:VALID measures for class 0 - precision 0.0000 - recall 0.0000 - f1 0.0000 
INFO:root:VALID measures for class 1 - precision 1.0000 - recall 1.0000 - f1 1.0000 
INFO:root:VALID measures@10 microavg - precision 1.0000 - recall 0.2128 - f1 0.3509 
INFO:root:VALID measures@10 for class 0 - precision 0.0000 - recall 0.0000 - f1 0.0000 
INFO:root:VALID measures@10 for class 1 - precision 1.0000 - recall 0.2128 - f1 0.3509 
INFO:root:VALID measures@100 microavg - precision 1.0000 - recall 1.0000 - f1 1.0000 
INFO:root:VALID measures@100 for class 0 - precision 0.0000 - recall 0.0000 - f1 0.0000 
INFO:root:VALID measures@100 for class 1 - precision 1.0000 - recall 1.0000 - f1 1.0000 
INFO:root:VALID measures@1000 microavg - precision 1.0000 - recall 1.0000 - f1 1.0000 
INFO:root:VALID measures@1000 for class 0 - precision 0.0000 - recall 0.0000 - f1 0.0000 
INFO:root:VALID measures@1000 for class 1 - precision 1.0000 - recall 1.0000 - f1 1.0000 
INFO:root:VALID Total epoch time: 0.06427365699983056
INFO:root:################ TEST epoch 27 ###################
INFO:root:TEST batch 1 / 7 - partial error 0.0000 - partial loss 0.0000 - partial MRR  0.0000 - partial MAP 1.0000
INFO:root:TEST batch 1 / 7 -  partial tp {0: tensor(0), 1: tensor(47)},fn {0: tensor(0), 1: tensor(0)},fp {0: tensor(0), 1: tensor(0)}
INFO:root:TEST batch 1 / 7 - measures partial microavg - precision 1.0000 - recall 1.0000 - f1 1.0000 
INFO:root:TEST batch 1 / 7 - measures partial for class 0 - precision 0.0000 - recall 0.0000 - f1 0.0000 
INFO:root:TEST batch 1 / 7 - measures partial for class 1 - precision 1.0000 - recall 1.0000 - f1 1.0000 
INFO:root:TEST batch 1 / 7 - Batch time 0 
INFO:root:TEST batch 2 / 7 - partial error 0.0106 - partial loss 8.6892 - partial MRR  0.0000 - partial MAP 0.9894
INFO:root:TEST batch 2 / 7 -  partial tp {0: tensor(0), 1: tensor(46)},fn {0: tensor(1), 1: tensor(0)},fp {0: tensor(0), 1: tensor(1)}
INFO:root:TEST batch 2 / 7 - measures partial microavg - precision 0.9787 - recall 0.9787 - f1 0.9787 
INFO:root:TEST batch 2 / 7 - measures partial for class 0 - precision 0.0000 - recall 0.0000 - f1 0.0000 
INFO:root:TEST batch 2 / 7 - measures partial for class 1 - precision 0.9787 - recall 1.0000 - f1 0.9892 
INFO:root:TEST batch 2 / 7 - Batch time 0 
INFO:root:TEST batch 3 / 7 - partial error 0.0071 - partial loss 5.7928 - partial MRR  0.0000 - partial MAP 0.9929
INFO:root:TEST batch 3 / 7 -  partial tp {0: tensor(0), 1: tensor(47)},fn {0: tensor(0), 1: tensor(0)},fp {0: tensor(0), 1: tensor(0)}
INFO:root:TEST batch 3 / 7 - measures partial microavg - precision 1.0000 - recall 1.0000 - f1 1.0000 
INFO:root:TEST batch 3 / 7 - measures partial for class 0 - precision 0.0000 - recall 0.0000 - f1 0.0000 
INFO:root:TEST batch 3 / 7 - measures partial for class 1 - precision 1.0000 - recall 1.0000 - f1 1.0000 
INFO:root:TEST batch 3 / 7 - Batch time 0 
INFO:root:TEST batch 4 / 7 - partial error 0.0053 - partial loss 4.3446 - partial MRR  0.0000 - partial MAP 0.9947
INFO:root:TEST batch 4 / 7 -  partial tp {0: tensor(0), 1: tensor(47)},fn {0: tensor(0), 1: tensor(0)},fp {0: tensor(0), 1: tensor(0)}
INFO:root:TEST batch 4 / 7 - measures partial microavg - precision 1.0000 - recall 1.0000 - f1 1.0000 
INFO:root:TEST batch 4 / 7 - measures partial for class 0 - precision 0.0000 - recall 0.0000 - f1 0.0000 
INFO:root:TEST batch 4 / 7 - measures partial for class 1 - precision 1.0000 - recall 1.0000 - f1 1.0000 
INFO:root:TEST batch 4 / 7 - Batch time 0 
INFO:root:TEST batch 5 / 7 - partial error 0.0043 - partial loss 3.4757 - partial MRR  0.0000 - partial MAP 0.9957
INFO:root:TEST batch 5 / 7 -  partial tp {0: tensor(0), 1: tensor(47)},fn {0: tensor(0), 1: tensor(0)},fp {0: tensor(0), 1: tensor(0)}
INFO:root:TEST batch 5 / 7 - measures partial microavg - precision 1.0000 - recall 1.0000 - f1 1.0000 
INFO:root:TEST batch 5 / 7 - measures partial for class 0 - precision 0.0000 - recall 0.0000 - f1 0.0000 
INFO:root:TEST batch 5 / 7 - measures partial for class 1 - precision 1.0000 - recall 1.0000 - f1 1.0000 
INFO:root:TEST batch 5 / 7 - Batch time 0 
INFO:root:TEST batch 6 / 7 - partial error 0.0035 - partial loss 2.8964 - partial MRR  0.0000 - partial MAP 0.9965
INFO:root:TEST batch 6 / 7 -  partial tp {0: tensor(0), 1: tensor(47)},fn {0: tensor(0), 1: tensor(0)},fp {0: tensor(0), 1: tensor(0)}
INFO:root:TEST batch 6 / 7 - measures partial microavg - precision 1.0000 - recall 1.0000 - f1 1.0000 
INFO:root:TEST batch 6 / 7 - measures partial for class 0 - precision 0.0000 - recall 0.0000 - f1 0.0000 
INFO:root:TEST batch 6 / 7 - measures partial for class 1 - precision 1.0000 - recall 1.0000 - f1 1.0000 
INFO:root:TEST batch 6 / 7 - Batch time 0 
INFO:root:TEST batch 7 / 7 - partial error 0.0030 - partial loss 2.4826 - partial MRR  0.0000 - partial MAP 0.9970
INFO:root:TEST batch 7 / 7 -  partial tp {0: tensor(0), 1: tensor(47)},fn {0: tensor(0), 1: tensor(0)},fp {0: tensor(0), 1: tensor(0)}
INFO:root:TEST batch 7 / 7 - measures partial microavg - precision 1.0000 - recall 1.0000 - f1 1.0000 
INFO:root:TEST batch 7 / 7 - measures partial for class 0 - precision 0.0000 - recall 0.0000 - f1 0.0000 
INFO:root:TEST batch 7 / 7 - measures partial for class 1 - precision 1.0000 - recall 1.0000 - f1 1.0000 
INFO:root:TEST batch 7 / 7 - Batch time 0 
INFO:root:TEST mean losses tensor(2.4826)
INFO:root:TEST mean errors 0.0030395134817808867
INFO:root:TEST mean MRR 0.0 - mean MAP 0.996960461139679
INFO:root:TEST tp {0: tensor(0), 1: tensor(328)},fn {0: tensor(1), 1: tensor(0)},fp {0: tensor(0), 1: tensor(1)}
INFO:root:TEST measures microavg - precision 0.9970 - recall 0.9970 - f1 0.9970 
INFO:root:TEST measures for class 0 - precision 0.0000 - recall 0.0000 - f1 0.0000 
INFO:root:TEST measures for class 1 - precision 0.9970 - recall 1.0000 - f1 0.9985 
INFO:root:TEST measures@10 microavg - precision 1.0000 - recall 0.2128 - f1 0.3509 
INFO:root:TEST measures@10 for class 0 - precision 0.0000 - recall 0.0000 - f1 0.0000 
INFO:root:TEST measures@10 for class 1 - precision 1.0000 - recall 0.2134 - f1 0.3518 
INFO:root:TEST measures@100 microavg - precision 0.9970 - recall 0.9970 - f1 0.9970 
INFO:root:TEST measures@100 for class 0 - precision 0.0000 - recall 0.0000 - f1 0.0000 
INFO:root:TEST measures@100 for class 1 - precision 0.9970 - recall 1.0000 - f1 0.9985 
INFO:root:TEST measures@1000 microavg - precision 0.9970 - recall 0.9970 - f1 0.9970 
INFO:root:TEST measures@1000 for class 0 - precision 0.0000 - recall 0.0000 - f1 0.0000 
INFO:root:TEST measures@1000 for class 1 - precision 0.9970 - recall 1.0000 - f1 0.9985 
INFO:root:TEST Total epoch time: 0.08313534000035361
INFO:root:################ TRAIN epoch 28 ###################
INFO:root:TRAIN mean losses tensor(0.)
INFO:root:TRAIN mean errors 0.0
INFO:root:TRAIN mean MRR 0.0 - mean MAP 1.0
INFO:root:TRAIN tp {0: tensor(0), 1: tensor(1410)},fn {0: tensor(0), 1: tensor(0)},fp {0: tensor(0), 1: tensor(0)}
INFO:root:TRAIN measures microavg - precision 1.0000 - recall 1.0000 - f1 1.0000 
INFO:root:TRAIN measures for class 0 - precision 0.0000 - recall 0.0000 - f1 0.0000 
INFO:root:TRAIN measures for class 1 - precision 1.0000 - recall 1.0000 - f1 1.0000 
INFO:root:TRAIN measures@10 microavg - precision 1.0000 - recall 0.2128 - f1 0.3509 
INFO:root:TRAIN measures@10 for class 0 - precision 0.0000 - recall 0.0000 - f1 0.0000 
INFO:root:TRAIN measures@10 for class 1 - precision 1.0000 - recall 0.2128 - f1 0.3509 
INFO:root:TRAIN measures@100 microavg - precision 1.0000 - recall 1.0000 - f1 1.0000 
INFO:root:TRAIN measures@100 for class 0 - precision 0.0000 - recall 0.0000 - f1 0.0000 
INFO:root:TRAIN measures@100 for class 1 - precision 1.0000 - recall 1.0000 - f1 1.0000 
INFO:root:TRAIN measures@1000 microavg - precision 1.0000 - recall 1.0000 - f1 1.0000 
INFO:root:TRAIN measures@1000 for class 0 - precision 0.0000 - recall 0.0000 - f1 0.0000 
INFO:root:TRAIN measures@1000 for class 1 - precision 1.0000 - recall 1.0000 - f1 1.0000 
INFO:root:TRAIN Total epoch time: 0.521249311000247
INFO:root:################ VALID epoch 28 ###################
INFO:root:VALID mean losses tensor(0.)
INFO:root:VALID mean errors 0.0
INFO:root:VALID mean MRR 0.0 - mean MAP 1.0
INFO:root:VALID tp {0: tensor(0), 1: tensor(282)},fn {0: tensor(0), 1: tensor(0)},fp {0: tensor(0), 1: tensor(0)}
INFO:root:VALID measures microavg - precision 1.0000 - recall 1.0000 - f1 1.0000 
INFO:root:VALID measures for class 0 - precision 0.0000 - recall 0.0000 - f1 0.0000 
INFO:root:VALID measures for class 1 - precision 1.0000 - recall 1.0000 - f1 1.0000 
INFO:root:VALID measures@10 microavg - precision 1.0000 - recall 0.2128 - f1 0.3509 
INFO:root:VALID measures@10 for class 0 - precision 0.0000 - recall 0.0000 - f1 0.0000 
INFO:root:VALID measures@10 for class 1 - precision 1.0000 - recall 0.2128 - f1 0.3509 
INFO:root:VALID measures@100 microavg - precision 1.0000 - recall 1.0000 - f1 1.0000 
INFO:root:VALID measures@100 for class 0 - precision 0.0000 - recall 0.0000 - f1 0.0000 
INFO:root:VALID measures@100 for class 1 - precision 1.0000 - recall 1.0000 - f1 1.0000 
INFO:root:VALID measures@1000 microavg - precision 1.0000 - recall 1.0000 - f1 1.0000 
INFO:root:VALID measures@1000 for class 0 - precision 0.0000 - recall 0.0000 - f1 0.0000 
INFO:root:VALID measures@1000 for class 1 - precision 1.0000 - recall 1.0000 - f1 1.0000 
INFO:root:VALID Total epoch time: 0.06470227099998738
INFO:root:################ TEST epoch 28 ###################
INFO:root:TEST batch 1 / 7 - partial error 0.0000 - partial loss 0.0000 - partial MRR  0.0000 - partial MAP 1.0000
INFO:root:TEST batch 1 / 7 -  partial tp {0: tensor(0), 1: tensor(47)},fn {0: tensor(0), 1: tensor(0)},fp {0: tensor(0), 1: tensor(0)}
INFO:root:TEST batch 1 / 7 - measures partial microavg - precision 1.0000 - recall 1.0000 - f1 1.0000 
INFO:root:TEST batch 1 / 7 - measures partial for class 0 - precision 0.0000 - recall 0.0000 - f1 0.0000 
INFO:root:TEST batch 1 / 7 - measures partial for class 1 - precision 1.0000 - recall 1.0000 - f1 1.0000 
INFO:root:TEST batch 1 / 7 - Batch time 0 
INFO:root:TEST batch 2 / 7 - partial error 0.0106 - partial loss 8.6660 - partial MRR  0.0000 - partial MAP 0.9894
INFO:root:TEST batch 2 / 7 -  partial tp {0: tensor(0), 1: tensor(46)},fn {0: tensor(1), 1: tensor(0)},fp {0: tensor(0), 1: tensor(1)}
INFO:root:TEST batch 2 / 7 - measures partial microavg - precision 0.9787 - recall 0.9787 - f1 0.9787 
INFO:root:TEST batch 2 / 7 - measures partial for class 0 - precision 0.0000 - recall 0.0000 - f1 0.0000 
INFO:root:TEST batch 2 / 7 - measures partial for class 1 - precision 0.9787 - recall 1.0000 - f1 0.9892 
INFO:root:TEST batch 2 / 7 - Batch time 0 
INFO:root:TEST batch 3 / 7 - partial error 0.0071 - partial loss 5.7774 - partial MRR  0.0000 - partial MAP 0.9929
INFO:root:TEST batch 3 / 7 -  partial tp {0: tensor(0), 1: tensor(47)},fn {0: tensor(0), 1: tensor(0)},fp {0: tensor(0), 1: tensor(0)}
INFO:root:TEST batch 3 / 7 - measures partial microavg - precision 1.0000 - recall 1.0000 - f1 1.0000 
INFO:root:TEST batch 3 / 7 - measures partial for class 0 - precision 0.0000 - recall 0.0000 - f1 0.0000 
INFO:root:TEST batch 3 / 7 - measures partial for class 1 - precision 1.0000 - recall 1.0000 - f1 1.0000 
INFO:root:TEST batch 3 / 7 - Batch time 0 
INFO:root:TEST batch 4 / 7 - partial error 0.0053 - partial loss 4.3330 - partial MRR  0.0000 - partial MAP 0.9947
INFO:root:TEST batch 4 / 7 -  partial tp {0: tensor(0), 1: tensor(47)},fn {0: tensor(0), 1: tensor(0)},fp {0: tensor(0), 1: tensor(0)}
INFO:root:TEST batch 4 / 7 - measures partial microavg - precision 1.0000 - recall 1.0000 - f1 1.0000 
INFO:root:TEST batch 4 / 7 - measures partial for class 0 - precision 0.0000 - recall 0.0000 - f1 0.0000 
INFO:root:TEST batch 4 / 7 - measures partial for class 1 - precision 1.0000 - recall 1.0000 - f1 1.0000 
INFO:root:TEST batch 4 / 7 - Batch time 0 
INFO:root:TEST batch 5 / 7 - partial error 0.0043 - partial loss 3.4664 - partial MRR  0.0000 - partial MAP 0.9957
INFO:root:TEST batch 5 / 7 -  partial tp {0: tensor(0), 1: tensor(47)},fn {0: tensor(0), 1: tensor(0)},fp {0: tensor(0), 1: tensor(0)}
INFO:root:TEST batch 5 / 7 - measures partial microavg - precision 1.0000 - recall 1.0000 - f1 1.0000 
INFO:root:TEST batch 5 / 7 - measures partial for class 0 - precision 0.0000 - recall 0.0000 - f1 0.0000 
INFO:root:TEST batch 5 / 7 - measures partial for class 1 - precision 1.0000 - recall 1.0000 - f1 1.0000 
INFO:root:TEST batch 5 / 7 - Batch time 0 
INFO:root:TEST batch 6 / 7 - partial error 0.0035 - partial loss 2.8887 - partial MRR  0.0000 - partial MAP 0.9965
INFO:root:TEST batch 6 / 7 -  partial tp {0: tensor(0), 1: tensor(47)},fn {0: tensor(0), 1: tensor(0)},fp {0: tensor(0), 1: tensor(0)}
INFO:root:TEST batch 6 / 7 - measures partial microavg - precision 1.0000 - recall 1.0000 - f1 1.0000 
INFO:root:TEST batch 6 / 7 - measures partial for class 0 - precision 0.0000 - recall 0.0000 - f1 0.0000 
INFO:root:TEST batch 6 / 7 - measures partial for class 1 - precision 1.0000 - recall 1.0000 - f1 1.0000 
INFO:root:TEST batch 6 / 7 - Batch time 0 
INFO:root:TEST batch 7 / 7 - partial error 0.0030 - partial loss 2.4760 - partial MRR  0.0000 - partial MAP 0.9970
INFO:root:TEST batch 7 / 7 -  partial tp {0: tensor(0), 1: tensor(47)},fn {0: tensor(0), 1: tensor(0)},fp {0: tensor(0), 1: tensor(0)}
INFO:root:TEST batch 7 / 7 - measures partial microavg - precision 1.0000 - recall 1.0000 - f1 1.0000 
INFO:root:TEST batch 7 / 7 - measures partial for class 0 - precision 0.0000 - recall 0.0000 - f1 0.0000 
INFO:root:TEST batch 7 / 7 - measures partial for class 1 - precision 1.0000 - recall 1.0000 - f1 1.0000 
INFO:root:TEST batch 7 / 7 - Batch time 0 
INFO:root:TEST mean losses tensor(2.4760)
INFO:root:TEST mean errors 0.0030395134817808867
INFO:root:TEST mean MRR 0.0 - mean MAP 0.996960461139679
INFO:root:TEST tp {0: tensor(0), 1: tensor(328)},fn {0: tensor(1), 1: tensor(0)},fp {0: tensor(0), 1: tensor(1)}
INFO:root:TEST measures microavg - precision 0.9970 - recall 0.9970 - f1 0.9970 
INFO:root:TEST measures for class 0 - precision 0.0000 - recall 0.0000 - f1 0.0000 
INFO:root:TEST measures for class 1 - precision 0.9970 - recall 1.0000 - f1 0.9985 
INFO:root:TEST measures@10 microavg - precision 1.0000 - recall 0.2128 - f1 0.3509 
INFO:root:TEST measures@10 for class 0 - precision 0.0000 - recall 0.0000 - f1 0.0000 
INFO:root:TEST measures@10 for class 1 - precision 1.0000 - recall 0.2134 - f1 0.3518 
INFO:root:TEST measures@100 microavg - precision 0.9970 - recall 0.9970 - f1 0.9970 
INFO:root:TEST measures@100 for class 0 - precision 0.0000 - recall 0.0000 - f1 0.0000 
INFO:root:TEST measures@100 for class 1 - precision 0.9970 - recall 1.0000 - f1 0.9985 
INFO:root:TEST measures@1000 microavg - precision 0.9970 - recall 0.9970 - f1 0.9970 
INFO:root:TEST measures@1000 for class 0 - precision 0.0000 - recall 0.0000 - f1 0.0000 
INFO:root:TEST measures@1000 for class 1 - precision 0.9970 - recall 1.0000 - f1 0.9985 
INFO:root:TEST Total epoch time: 0.08354179099978865
INFO:root:################ TRAIN epoch 29 ###################
INFO:root:TRAIN mean losses tensor(0.)
INFO:root:TRAIN mean errors 0.0
INFO:root:TRAIN mean MRR 0.0 - mean MAP 1.0
INFO:root:TRAIN tp {0: tensor(0), 1: tensor(1410)},fn {0: tensor(0), 1: tensor(0)},fp {0: tensor(0), 1: tensor(0)}
INFO:root:TRAIN measures microavg - precision 1.0000 - recall 1.0000 - f1 1.0000 
INFO:root:TRAIN measures for class 0 - precision 0.0000 - recall 0.0000 - f1 0.0000 
INFO:root:TRAIN measures for class 1 - precision 1.0000 - recall 1.0000 - f1 1.0000 
INFO:root:TRAIN measures@10 microavg - precision 1.0000 - recall 0.2128 - f1 0.3509 
INFO:root:TRAIN measures@10 for class 0 - precision 0.0000 - recall 0.0000 - f1 0.0000 
INFO:root:TRAIN measures@10 for class 1 - precision 1.0000 - recall 0.2128 - f1 0.3509 
INFO:root:TRAIN measures@100 microavg - precision 1.0000 - recall 1.0000 - f1 1.0000 
INFO:root:TRAIN measures@100 for class 0 - precision 0.0000 - recall 0.0000 - f1 0.0000 
INFO:root:TRAIN measures@100 for class 1 - precision 1.0000 - recall 1.0000 - f1 1.0000 
INFO:root:TRAIN measures@1000 microavg - precision 1.0000 - recall 1.0000 - f1 1.0000 
INFO:root:TRAIN measures@1000 for class 0 - precision 0.0000 - recall 0.0000 - f1 0.0000 
INFO:root:TRAIN measures@1000 for class 1 - precision 1.0000 - recall 1.0000 - f1 1.0000 
INFO:root:TRAIN Total epoch time: 0.5221688839997114
INFO:root:################ VALID epoch 29 ###################
INFO:root:VALID mean losses tensor(0.)
INFO:root:VALID mean errors 0.0
INFO:root:VALID mean MRR 0.0 - mean MAP 1.0
INFO:root:VALID tp {0: tensor(0), 1: tensor(282)},fn {0: tensor(0), 1: tensor(0)},fp {0: tensor(0), 1: tensor(0)}
INFO:root:VALID measures microavg - precision 1.0000 - recall 1.0000 - f1 1.0000 
INFO:root:VALID measures for class 0 - precision 0.0000 - recall 0.0000 - f1 0.0000 
INFO:root:VALID measures for class 1 - precision 1.0000 - recall 1.0000 - f1 1.0000 
INFO:root:VALID measures@10 microavg - precision 1.0000 - recall 0.2128 - f1 0.3509 
INFO:root:VALID measures@10 for class 0 - precision 0.0000 - recall 0.0000 - f1 0.0000 
INFO:root:VALID measures@10 for class 1 - precision 1.0000 - recall 0.2128 - f1 0.3509 
INFO:root:VALID measures@100 microavg - precision 1.0000 - recall 1.0000 - f1 1.0000 
INFO:root:VALID measures@100 for class 0 - precision 0.0000 - recall 0.0000 - f1 0.0000 
INFO:root:VALID measures@100 for class 1 - precision 1.0000 - recall 1.0000 - f1 1.0000 
INFO:root:VALID measures@1000 microavg - precision 1.0000 - recall 1.0000 - f1 1.0000 
INFO:root:VALID measures@1000 for class 0 - precision 0.0000 - recall 0.0000 - f1 0.0000 
INFO:root:VALID measures@1000 for class 1 - precision 1.0000 - recall 1.0000 - f1 1.0000 
INFO:root:VALID Total epoch time: 0.06549491399982799
INFO:root:################ TEST epoch 29 ###################
INFO:root:TEST batch 1 / 7 - partial error 0.0000 - partial loss 0.0000 - partial MRR  0.0000 - partial MAP 1.0000
INFO:root:TEST batch 1 / 7 -  partial tp {0: tensor(0), 1: tensor(47)},fn {0: tensor(0), 1: tensor(0)},fp {0: tensor(0), 1: tensor(0)}
INFO:root:TEST batch 1 / 7 - measures partial microavg - precision 1.0000 - recall 1.0000 - f1 1.0000 
INFO:root:TEST batch 1 / 7 - measures partial for class 0 - precision 0.0000 - recall 0.0000 - f1 0.0000 
INFO:root:TEST batch 1 / 7 - measures partial for class 1 - precision 1.0000 - recall 1.0000 - f1 1.0000 
INFO:root:TEST batch 1 / 7 - Batch time 0 
INFO:root:TEST batch 2 / 7 - partial error 0.0106 - partial loss 8.7721 - partial MRR  0.0000 - partial MAP 0.9894
INFO:root:TEST batch 2 / 7 -  partial tp {0: tensor(0), 1: tensor(46)},fn {0: tensor(1), 1: tensor(0)},fp {0: tensor(0), 1: tensor(1)}
INFO:root:TEST batch 2 / 7 - measures partial microavg - precision 0.9787 - recall 0.9787 - f1 0.9787 
INFO:root:TEST batch 2 / 7 - measures partial for class 0 - precision 0.0000 - recall 0.0000 - f1 0.0000 
INFO:root:TEST batch 2 / 7 - measures partial for class 1 - precision 0.9787 - recall 1.0000 - f1 0.9892 
INFO:root:TEST batch 2 / 7 - Batch time 0 
INFO:root:TEST batch 3 / 7 - partial error 0.0071 - partial loss 5.8481 - partial MRR  0.0000 - partial MAP 0.9929
INFO:root:TEST batch 3 / 7 -  partial tp {0: tensor(0), 1: tensor(47)},fn {0: tensor(0), 1: tensor(0)},fp {0: tensor(0), 1: tensor(0)}
INFO:root:TEST batch 3 / 7 - measures partial microavg - precision 1.0000 - recall 1.0000 - f1 1.0000 
INFO:root:TEST batch 3 / 7 - measures partial for class 0 - precision 0.0000 - recall 0.0000 - f1 0.0000 
INFO:root:TEST batch 3 / 7 - measures partial for class 1 - precision 1.0000 - recall 1.0000 - f1 1.0000 
INFO:root:TEST batch 3 / 7 - Batch time 0 
INFO:root:TEST batch 4 / 7 - partial error 0.0053 - partial loss 4.3861 - partial MRR  0.0000 - partial MAP 0.9947
INFO:root:TEST batch 4 / 7 -  partial tp {0: tensor(0), 1: tensor(47)},fn {0: tensor(0), 1: tensor(0)},fp {0: tensor(0), 1: tensor(0)}
INFO:root:TEST batch 4 / 7 - measures partial microavg - precision 1.0000 - recall 1.0000 - f1 1.0000 
INFO:root:TEST batch 4 / 7 - measures partial for class 0 - precision 0.0000 - recall 0.0000 - f1 0.0000 
INFO:root:TEST batch 4 / 7 - measures partial for class 1 - precision 1.0000 - recall 1.0000 - f1 1.0000 
INFO:root:TEST batch 4 / 7 - Batch time 0 
INFO:root:TEST batch 5 / 7 - partial error 0.0043 - partial loss 3.5089 - partial MRR  0.0000 - partial MAP 0.9957
INFO:root:TEST batch 5 / 7 -  partial tp {0: tensor(0), 1: tensor(47)},fn {0: tensor(0), 1: tensor(0)},fp {0: tensor(0), 1: tensor(0)}
INFO:root:TEST batch 5 / 7 - measures partial microavg - precision 1.0000 - recall 1.0000 - f1 1.0000 
INFO:root:TEST batch 5 / 7 - measures partial for class 0 - precision 0.0000 - recall 0.0000 - f1 0.0000 
INFO:root:TEST batch 5 / 7 - measures partial for class 1 - precision 1.0000 - recall 1.0000 - f1 1.0000 
INFO:root:TEST batch 5 / 7 - Batch time 0 
INFO:root:TEST batch 6 / 7 - partial error 0.0035 - partial loss 2.9240 - partial MRR  0.0000 - partial MAP 0.9965
INFO:root:TEST batch 6 / 7 -  partial tp {0: tensor(0), 1: tensor(47)},fn {0: tensor(0), 1: tensor(0)},fp {0: tensor(0), 1: tensor(0)}
INFO:root:TEST batch 6 / 7 - measures partial microavg - precision 1.0000 - recall 1.0000 - f1 1.0000 
INFO:root:TEST batch 6 / 7 - measures partial for class 0 - precision 0.0000 - recall 0.0000 - f1 0.0000 
INFO:root:TEST batch 6 / 7 - measures partial for class 1 - precision 1.0000 - recall 1.0000 - f1 1.0000 
INFO:root:TEST batch 6 / 7 - Batch time 0 
INFO:root:TEST batch 7 / 7 - partial error 0.0030 - partial loss 2.5063 - partial MRR  0.0000 - partial MAP 0.9970
INFO:root:TEST batch 7 / 7 -  partial tp {0: tensor(0), 1: tensor(47)},fn {0: tensor(0), 1: tensor(0)},fp {0: tensor(0), 1: tensor(0)}
INFO:root:TEST batch 7 / 7 - measures partial microavg - precision 1.0000 - recall 1.0000 - f1 1.0000 
INFO:root:TEST batch 7 / 7 - measures partial for class 0 - precision 0.0000 - recall 0.0000 - f1 0.0000 
INFO:root:TEST batch 7 / 7 - measures partial for class 1 - precision 1.0000 - recall 1.0000 - f1 1.0000 
INFO:root:TEST batch 7 / 7 - Batch time 0 
INFO:root:TEST mean losses tensor(2.5063)
INFO:root:TEST mean errors 0.0030395134817808867
INFO:root:TEST mean MRR 0.0 - mean MAP 0.996960461139679
INFO:root:TEST tp {0: tensor(0), 1: tensor(328)},fn {0: tensor(1), 1: tensor(0)},fp {0: tensor(0), 1: tensor(1)}
INFO:root:TEST measures microavg - precision 0.9970 - recall 0.9970 - f1 0.9970 
INFO:root:TEST measures for class 0 - precision 0.0000 - recall 0.0000 - f1 0.0000 
INFO:root:TEST measures for class 1 - precision 0.9970 - recall 1.0000 - f1 0.9985 
INFO:root:TEST measures@10 microavg - precision 1.0000 - recall 0.2128 - f1 0.3509 
INFO:root:TEST measures@10 for class 0 - precision 0.0000 - recall 0.0000 - f1 0.0000 
INFO:root:TEST measures@10 for class 1 - precision 1.0000 - recall 0.2134 - f1 0.3518 
INFO:root:TEST measures@100 microavg - precision 0.9970 - recall 0.9970 - f1 0.9970 
INFO:root:TEST measures@100 for class 0 - precision 0.0000 - recall 0.0000 - f1 0.0000 
INFO:root:TEST measures@100 for class 1 - precision 0.9970 - recall 1.0000 - f1 0.9985 
INFO:root:TEST measures@1000 microavg - precision 0.9970 - recall 0.9970 - f1 0.9970 
INFO:root:TEST measures@1000 for class 0 - precision 0.0000 - recall 0.0000 - f1 0.0000 
INFO:root:TEST measures@1000 for class 1 - precision 0.9970 - recall 1.0000 - f1 0.9985 
INFO:root:TEST Total epoch time: 0.08321789399997215
INFO:root:################ TRAIN epoch 30 ###################
INFO:root:TRAIN mean losses tensor(0.)
INFO:root:TRAIN mean errors 0.0
INFO:root:TRAIN mean MRR 0.0 - mean MAP 1.0
INFO:root:TRAIN tp {0: tensor(0), 1: tensor(1410)},fn {0: tensor(0), 1: tensor(0)},fp {0: tensor(0), 1: tensor(0)}
INFO:root:TRAIN measures microavg - precision 1.0000 - recall 1.0000 - f1 1.0000 
INFO:root:TRAIN measures for class 0 - precision 0.0000 - recall 0.0000 - f1 0.0000 
INFO:root:TRAIN measures for class 1 - precision 1.0000 - recall 1.0000 - f1 1.0000 
INFO:root:TRAIN measures@10 microavg - precision 1.0000 - recall 0.2128 - f1 0.3509 
INFO:root:TRAIN measures@10 for class 0 - precision 0.0000 - recall 0.0000 - f1 0.0000 
INFO:root:TRAIN measures@10 for class 1 - precision 1.0000 - recall 0.2128 - f1 0.3509 
INFO:root:TRAIN measures@100 microavg - precision 1.0000 - recall 1.0000 - f1 1.0000 
INFO:root:TRAIN measures@100 for class 0 - precision 0.0000 - recall 0.0000 - f1 0.0000 
INFO:root:TRAIN measures@100 for class 1 - precision 1.0000 - recall 1.0000 - f1 1.0000 
INFO:root:TRAIN measures@1000 microavg - precision 1.0000 - recall 1.0000 - f1 1.0000 
INFO:root:TRAIN measures@1000 for class 0 - precision 0.0000 - recall 0.0000 - f1 0.0000 
INFO:root:TRAIN measures@1000 for class 1 - precision 1.0000 - recall 1.0000 - f1 1.0000 
INFO:root:TRAIN Total epoch time: 0.5222997420000866
INFO:root:################ VALID epoch 30 ###################
INFO:root:VALID mean losses tensor(0.)
INFO:root:VALID mean errors 0.0
INFO:root:VALID mean MRR 0.0 - mean MAP 1.0
INFO:root:VALID tp {0: tensor(0), 1: tensor(282)},fn {0: tensor(0), 1: tensor(0)},fp {0: tensor(0), 1: tensor(0)}
INFO:root:VALID measures microavg - precision 1.0000 - recall 1.0000 - f1 1.0000 
INFO:root:VALID measures for class 0 - precision 0.0000 - recall 0.0000 - f1 0.0000 
INFO:root:VALID measures for class 1 - precision 1.0000 - recall 1.0000 - f1 1.0000 
INFO:root:VALID measures@10 microavg - precision 1.0000 - recall 0.2128 - f1 0.3509 
INFO:root:VALID measures@10 for class 0 - precision 0.0000 - recall 0.0000 - f1 0.0000 
INFO:root:VALID measures@10 for class 1 - precision 1.0000 - recall 0.2128 - f1 0.3509 
INFO:root:VALID measures@100 microavg - precision 1.0000 - recall 1.0000 - f1 1.0000 
INFO:root:VALID measures@100 for class 0 - precision 0.0000 - recall 0.0000 - f1 0.0000 
INFO:root:VALID measures@100 for class 1 - precision 1.0000 - recall 1.0000 - f1 1.0000 
INFO:root:VALID measures@1000 microavg - precision 1.0000 - recall 1.0000 - f1 1.0000 
INFO:root:VALID measures@1000 for class 0 - precision 0.0000 - recall 0.0000 - f1 0.0000 
INFO:root:VALID measures@1000 for class 1 - precision 1.0000 - recall 1.0000 - f1 1.0000 
INFO:root:VALID Total epoch time: 0.06494856000017535
INFO:root:################ TEST epoch 30 ###################
INFO:root:TEST batch 1 / 7 - partial error 0.0000 - partial loss 0.0000 - partial MRR  0.0000 - partial MAP 1.0000
INFO:root:TEST batch 1 / 7 -  partial tp {0: tensor(0), 1: tensor(47)},fn {0: tensor(0), 1: tensor(0)},fp {0: tensor(0), 1: tensor(0)}
INFO:root:TEST batch 1 / 7 - measures partial microavg - precision 1.0000 - recall 1.0000 - f1 1.0000 
INFO:root:TEST batch 1 / 7 - measures partial for class 0 - precision 0.0000 - recall 0.0000 - f1 0.0000 
INFO:root:TEST batch 1 / 7 - measures partial for class 1 - precision 1.0000 - recall 1.0000 - f1 1.0000 
INFO:root:TEST batch 1 / 7 - Batch time 0 
INFO:root:TEST batch 2 / 7 - partial error 0.0106 - partial loss 9.0534 - partial MRR  0.0000 - partial MAP 0.9894
INFO:root:TEST batch 2 / 7 -  partial tp {0: tensor(0), 1: tensor(46)},fn {0: tensor(1), 1: tensor(0)},fp {0: tensor(0), 1: tensor(1)}
INFO:root:TEST batch 2 / 7 - measures partial microavg - precision 0.9787 - recall 0.9787 - f1 0.9787 
INFO:root:TEST batch 2 / 7 - measures partial for class 0 - precision 0.0000 - recall 0.0000 - f1 0.0000 
INFO:root:TEST batch 2 / 7 - measures partial for class 1 - precision 0.9787 - recall 1.0000 - f1 0.9892 
INFO:root:TEST batch 2 / 7 - Batch time 0 
INFO:root:TEST batch 3 / 7 - partial error 0.0071 - partial loss 6.0356 - partial MRR  0.0000 - partial MAP 0.9929
INFO:root:TEST batch 3 / 7 -  partial tp {0: tensor(0), 1: tensor(47)},fn {0: tensor(0), 1: tensor(0)},fp {0: tensor(0), 1: tensor(0)}
INFO:root:TEST batch 3 / 7 - measures partial microavg - precision 1.0000 - recall 1.0000 - f1 1.0000 
INFO:root:TEST batch 3 / 7 - measures partial for class 0 - precision 0.0000 - recall 0.0000 - f1 0.0000 
INFO:root:TEST batch 3 / 7 - measures partial for class 1 - precision 1.0000 - recall 1.0000 - f1 1.0000 
INFO:root:TEST batch 3 / 7 - Batch time 0 
INFO:root:TEST batch 4 / 7 - partial error 0.0053 - partial loss 4.5267 - partial MRR  0.0000 - partial MAP 0.9947
INFO:root:TEST batch 4 / 7 -  partial tp {0: tensor(0), 1: tensor(47)},fn {0: tensor(0), 1: tensor(0)},fp {0: tensor(0), 1: tensor(0)}
INFO:root:TEST batch 4 / 7 - measures partial microavg - precision 1.0000 - recall 1.0000 - f1 1.0000 
INFO:root:TEST batch 4 / 7 - measures partial for class 0 - precision 0.0000 - recall 0.0000 - f1 0.0000 
INFO:root:TEST batch 4 / 7 - measures partial for class 1 - precision 1.0000 - recall 1.0000 - f1 1.0000 
INFO:root:TEST batch 4 / 7 - Batch time 0 
INFO:root:TEST batch 5 / 7 - partial error 0.0043 - partial loss 3.6214 - partial MRR  0.0000 - partial MAP 0.9957
INFO:root:TEST batch 5 / 7 -  partial tp {0: tensor(0), 1: tensor(47)},fn {0: tensor(0), 1: tensor(0)},fp {0: tensor(0), 1: tensor(0)}
INFO:root:TEST batch 5 / 7 - measures partial microavg - precision 1.0000 - recall 1.0000 - f1 1.0000 
INFO:root:TEST batch 5 / 7 - measures partial for class 0 - precision 0.0000 - recall 0.0000 - f1 0.0000 
INFO:root:TEST batch 5 / 7 - measures partial for class 1 - precision 1.0000 - recall 1.0000 - f1 1.0000 
INFO:root:TEST batch 5 / 7 - Batch time 0 
INFO:root:TEST batch 6 / 7 - partial error 0.0035 - partial loss 3.0178 - partial MRR  0.0000 - partial MAP 0.9965
INFO:root:TEST batch 6 / 7 -  partial tp {0: tensor(0), 1: tensor(47)},fn {0: tensor(0), 1: tensor(0)},fp {0: tensor(0), 1: tensor(0)}
INFO:root:TEST batch 6 / 7 - measures partial microavg - precision 1.0000 - recall 1.0000 - f1 1.0000 
INFO:root:TEST batch 6 / 7 - measures partial for class 0 - precision 0.0000 - recall 0.0000 - f1 0.0000 
INFO:root:TEST batch 6 / 7 - measures partial for class 1 - precision 1.0000 - recall 1.0000 - f1 1.0000 
INFO:root:TEST batch 6 / 7 - Batch time 0 
INFO:root:TEST batch 7 / 7 - partial error 0.0030 - partial loss 2.5867 - partial MRR  0.0000 - partial MAP 0.9970
INFO:root:TEST batch 7 / 7 -  partial tp {0: tensor(0), 1: tensor(47)},fn {0: tensor(0), 1: tensor(0)},fp {0: tensor(0), 1: tensor(0)}
INFO:root:TEST batch 7 / 7 - measures partial microavg - precision 1.0000 - recall 1.0000 - f1 1.0000 
INFO:root:TEST batch 7 / 7 - measures partial for class 0 - precision 0.0000 - recall 0.0000 - f1 0.0000 
INFO:root:TEST batch 7 / 7 - measures partial for class 1 - precision 1.0000 - recall 1.0000 - f1 1.0000 
INFO:root:TEST batch 7 / 7 - Batch time 0 
INFO:root:TEST mean losses tensor(2.5867)
INFO:root:TEST mean errors 0.0030395134817808867
INFO:root:TEST mean MRR 0.0 - mean MAP 0.996960461139679
INFO:root:TEST tp {0: tensor(0), 1: tensor(328)},fn {0: tensor(1), 1: tensor(0)},fp {0: tensor(0), 1: tensor(1)}
INFO:root:TEST measures microavg - precision 0.9970 - recall 0.9970 - f1 0.9970 
INFO:root:TEST measures for class 0 - precision 0.0000 - recall 0.0000 - f1 0.0000 
INFO:root:TEST measures for class 1 - precision 0.9970 - recall 1.0000 - f1 0.9985 
INFO:root:TEST measures@10 microavg - precision 1.0000 - recall 0.2128 - f1 0.3509 
INFO:root:TEST measures@10 for class 0 - precision 0.0000 - recall 0.0000 - f1 0.0000 
INFO:root:TEST measures@10 for class 1 - precision 1.0000 - recall 0.2134 - f1 0.3518 
INFO:root:TEST measures@100 microavg - precision 0.9970 - recall 0.9970 - f1 0.9970 
INFO:root:TEST measures@100 for class 0 - precision 0.0000 - recall 0.0000 - f1 0.0000 
INFO:root:TEST measures@100 for class 1 - precision 0.9970 - recall 1.0000 - f1 0.9985 
INFO:root:TEST measures@1000 microavg - precision 0.9970 - recall 0.9970 - f1 0.9970 
INFO:root:TEST measures@1000 for class 0 - precision 0.0000 - recall 0.0000 - f1 0.0000 
INFO:root:TEST measures@1000 for class 1 - precision 0.9970 - recall 1.0000 - f1 0.9985 
INFO:root:TEST Total epoch time: 0.08235835100003897
INFO:root:################ TRAIN epoch 31 ###################
INFO:root:TRAIN mean losses tensor(0.)
INFO:root:TRAIN mean errors 0.0
INFO:root:TRAIN mean MRR 0.0 - mean MAP 1.0
INFO:root:TRAIN tp {0: tensor(0), 1: tensor(1410)},fn {0: tensor(0), 1: tensor(0)},fp {0: tensor(0), 1: tensor(0)}
INFO:root:TRAIN measures microavg - precision 1.0000 - recall 1.0000 - f1 1.0000 
INFO:root:TRAIN measures for class 0 - precision 0.0000 - recall 0.0000 - f1 0.0000 
INFO:root:TRAIN measures for class 1 - precision 1.0000 - recall 1.0000 - f1 1.0000 
INFO:root:TRAIN measures@10 microavg - precision 1.0000 - recall 0.2128 - f1 0.3509 
INFO:root:TRAIN measures@10 for class 0 - precision 0.0000 - recall 0.0000 - f1 0.0000 
INFO:root:TRAIN measures@10 for class 1 - precision 1.0000 - recall 0.2128 - f1 0.3509 
INFO:root:TRAIN measures@100 microavg - precision 1.0000 - recall 1.0000 - f1 1.0000 
INFO:root:TRAIN measures@100 for class 0 - precision 0.0000 - recall 0.0000 - f1 0.0000 
INFO:root:TRAIN measures@100 for class 1 - precision 1.0000 - recall 1.0000 - f1 1.0000 
INFO:root:TRAIN measures@1000 microavg - precision 1.0000 - recall 1.0000 - f1 1.0000 
INFO:root:TRAIN measures@1000 for class 0 - precision 0.0000 - recall 0.0000 - f1 0.0000 
INFO:root:TRAIN measures@1000 for class 1 - precision 1.0000 - recall 1.0000 - f1 1.0000 
INFO:root:TRAIN Total epoch time: 0.5238121020001927
INFO:root:################ VALID epoch 31 ###################
INFO:root:VALID mean losses tensor(0.)
INFO:root:VALID mean errors 0.0
INFO:root:VALID mean MRR 0.0 - mean MAP 1.0
INFO:root:VALID tp {0: tensor(0), 1: tensor(282)},fn {0: tensor(0), 1: tensor(0)},fp {0: tensor(0), 1: tensor(0)}
INFO:root:VALID measures microavg - precision 1.0000 - recall 1.0000 - f1 1.0000 
INFO:root:VALID measures for class 0 - precision 0.0000 - recall 0.0000 - f1 0.0000 
INFO:root:VALID measures for class 1 - precision 1.0000 - recall 1.0000 - f1 1.0000 
INFO:root:VALID measures@10 microavg - precision 1.0000 - recall 0.2128 - f1 0.3509 
INFO:root:VALID measures@10 for class 0 - precision 0.0000 - recall 0.0000 - f1 0.0000 
INFO:root:VALID measures@10 for class 1 - precision 1.0000 - recall 0.2128 - f1 0.3509 
INFO:root:VALID measures@100 microavg - precision 1.0000 - recall 1.0000 - f1 1.0000 
INFO:root:VALID measures@100 for class 0 - precision 0.0000 - recall 0.0000 - f1 0.0000 
INFO:root:VALID measures@100 for class 1 - precision 1.0000 - recall 1.0000 - f1 1.0000 
INFO:root:VALID measures@1000 microavg - precision 1.0000 - recall 1.0000 - f1 1.0000 
INFO:root:VALID measures@1000 for class 0 - precision 0.0000 - recall 0.0000 - f1 0.0000 
INFO:root:VALID measures@1000 for class 1 - precision 1.0000 - recall 1.0000 - f1 1.0000 
INFO:root:VALID Total epoch time: 0.06498910999971486
INFO:root:################ TEST epoch 31 ###################
INFO:root:TEST batch 1 / 7 - partial error 0.0000 - partial loss 0.0000 - partial MRR  0.0000 - partial MAP 1.0000
INFO:root:TEST batch 1 / 7 -  partial tp {0: tensor(0), 1: tensor(47)},fn {0: tensor(0), 1: tensor(0)},fp {0: tensor(0), 1: tensor(0)}
INFO:root:TEST batch 1 / 7 - measures partial microavg - precision 1.0000 - recall 1.0000 - f1 1.0000 
INFO:root:TEST batch 1 / 7 - measures partial for class 0 - precision 0.0000 - recall 0.0000 - f1 0.0000 
INFO:root:TEST batch 1 / 7 - measures partial for class 1 - precision 1.0000 - recall 1.0000 - f1 1.0000 
INFO:root:TEST batch 1 / 7 - Batch time 0 
INFO:root:TEST batch 2 / 7 - partial error 0.0106 - partial loss 8.9055 - partial MRR  0.0000 - partial MAP 0.9894
INFO:root:TEST batch 2 / 7 -  partial tp {0: tensor(0), 1: tensor(46)},fn {0: tensor(1), 1: tensor(0)},fp {0: tensor(0), 1: tensor(1)}
INFO:root:TEST batch 2 / 7 - measures partial microavg - precision 0.9787 - recall 0.9787 - f1 0.9787 
INFO:root:TEST batch 2 / 7 - measures partial for class 0 - precision 0.0000 - recall 0.0000 - f1 0.0000 
INFO:root:TEST batch 2 / 7 - measures partial for class 1 - precision 0.9787 - recall 1.0000 - f1 0.9892 
INFO:root:TEST batch 2 / 7 - Batch time 0 
INFO:root:TEST batch 3 / 7 - partial error 0.0071 - partial loss 5.9370 - partial MRR  0.0000 - partial MAP 0.9929
INFO:root:TEST batch 3 / 7 -  partial tp {0: tensor(0), 1: tensor(47)},fn {0: tensor(0), 1: tensor(0)},fp {0: tensor(0), 1: tensor(0)}
INFO:root:TEST batch 3 / 7 - measures partial microavg - precision 1.0000 - recall 1.0000 - f1 1.0000 
INFO:root:TEST batch 3 / 7 - measures partial for class 0 - precision 0.0000 - recall 0.0000 - f1 0.0000 
INFO:root:TEST batch 3 / 7 - measures partial for class 1 - precision 1.0000 - recall 1.0000 - f1 1.0000 
INFO:root:TEST batch 3 / 7 - Batch time 0 
INFO:root:TEST batch 4 / 7 - partial error 0.0053 - partial loss 4.4528 - partial MRR  0.0000 - partial MAP 0.9947
INFO:root:TEST batch 4 / 7 -  partial tp {0: tensor(0), 1: tensor(47)},fn {0: tensor(0), 1: tensor(0)},fp {0: tensor(0), 1: tensor(0)}
INFO:root:TEST batch 4 / 7 - measures partial microavg - precision 1.0000 - recall 1.0000 - f1 1.0000 
INFO:root:TEST batch 4 / 7 - measures partial for class 0 - precision 0.0000 - recall 0.0000 - f1 0.0000 
INFO:root:TEST batch 4 / 7 - measures partial for class 1 - precision 1.0000 - recall 1.0000 - f1 1.0000 
INFO:root:TEST batch 4 / 7 - Batch time 0 
INFO:root:TEST batch 5 / 7 - partial error 0.0043 - partial loss 3.5622 - partial MRR  0.0000 - partial MAP 0.9957
INFO:root:TEST batch 5 / 7 -  partial tp {0: tensor(0), 1: tensor(47)},fn {0: tensor(0), 1: tensor(0)},fp {0: tensor(0), 1: tensor(0)}
INFO:root:TEST batch 5 / 7 - measures partial microavg - precision 1.0000 - recall 1.0000 - f1 1.0000 
INFO:root:TEST batch 5 / 7 - measures partial for class 0 - precision 0.0000 - recall 0.0000 - f1 0.0000 
INFO:root:TEST batch 5 / 7 - measures partial for class 1 - precision 1.0000 - recall 1.0000 - f1 1.0000 
INFO:root:TEST batch 5 / 7 - Batch time 0 
INFO:root:TEST batch 6 / 7 - partial error 0.0035 - partial loss 2.9685 - partial MRR  0.0000 - partial MAP 0.9965
INFO:root:TEST batch 6 / 7 -  partial tp {0: tensor(0), 1: tensor(47)},fn {0: tensor(0), 1: tensor(0)},fp {0: tensor(0), 1: tensor(0)}
INFO:root:TEST batch 6 / 7 - measures partial microavg - precision 1.0000 - recall 1.0000 - f1 1.0000 
INFO:root:TEST batch 6 / 7 - measures partial for class 0 - precision 0.0000 - recall 0.0000 - f1 0.0000 
INFO:root:TEST batch 6 / 7 - measures partial for class 1 - precision 1.0000 - recall 1.0000 - f1 1.0000 
INFO:root:TEST batch 6 / 7 - Batch time 0 
INFO:root:TEST batch 7 / 7 - partial error 0.0030 - partial loss 2.5444 - partial MRR  0.0000 - partial MAP 0.9970
INFO:root:TEST batch 7 / 7 -  partial tp {0: tensor(0), 1: tensor(47)},fn {0: tensor(0), 1: tensor(0)},fp {0: tensor(0), 1: tensor(0)}
INFO:root:TEST batch 7 / 7 - measures partial microavg - precision 1.0000 - recall 1.0000 - f1 1.0000 
INFO:root:TEST batch 7 / 7 - measures partial for class 0 - precision 0.0000 - recall 0.0000 - f1 0.0000 
INFO:root:TEST batch 7 / 7 - measures partial for class 1 - precision 1.0000 - recall 1.0000 - f1 1.0000 
INFO:root:TEST batch 7 / 7 - Batch time 0 
INFO:root:TEST mean losses tensor(2.5444)
INFO:root:TEST mean errors 0.0030395134817808867
INFO:root:TEST mean MRR 0.0 - mean MAP 0.996960461139679
INFO:root:TEST tp {0: tensor(0), 1: tensor(328)},fn {0: tensor(1), 1: tensor(0)},fp {0: tensor(0), 1: tensor(1)}
INFO:root:TEST measures microavg - precision 0.9970 - recall 0.9970 - f1 0.9970 
INFO:root:TEST measures for class 0 - precision 0.0000 - recall 0.0000 - f1 0.0000 
INFO:root:TEST measures for class 1 - precision 0.9970 - recall 1.0000 - f1 0.9985 
INFO:root:TEST measures@10 microavg - precision 1.0000 - recall 0.2128 - f1 0.3509 
INFO:root:TEST measures@10 for class 0 - precision 0.0000 - recall 0.0000 - f1 0.0000 
INFO:root:TEST measures@10 for class 1 - precision 1.0000 - recall 0.2134 - f1 0.3518 
INFO:root:TEST measures@100 microavg - precision 0.9970 - recall 0.9970 - f1 0.9970 
INFO:root:TEST measures@100 for class 0 - precision 0.0000 - recall 0.0000 - f1 0.0000 
INFO:root:TEST measures@100 for class 1 - precision 0.9970 - recall 1.0000 - f1 0.9985 
INFO:root:TEST measures@1000 microavg - precision 0.9970 - recall 0.9970 - f1 0.9970 
INFO:root:TEST measures@1000 for class 0 - precision 0.0000 - recall 0.0000 - f1 0.0000 
INFO:root:TEST measures@1000 for class 1 - precision 0.9970 - recall 1.0000 - f1 0.9985 
INFO:root:TEST Total epoch time: 0.08432252200009316
INFO:root:################ TRAIN epoch 32 ###################
INFO:root:TRAIN mean losses tensor(0.)
INFO:root:TRAIN mean errors 0.0
INFO:root:TRAIN mean MRR 0.0 - mean MAP 1.0
INFO:root:TRAIN tp {0: tensor(0), 1: tensor(1410)},fn {0: tensor(0), 1: tensor(0)},fp {0: tensor(0), 1: tensor(0)}
INFO:root:TRAIN measures microavg - precision 1.0000 - recall 1.0000 - f1 1.0000 
INFO:root:TRAIN measures for class 0 - precision 0.0000 - recall 0.0000 - f1 0.0000 
INFO:root:TRAIN measures for class 1 - precision 1.0000 - recall 1.0000 - f1 1.0000 
INFO:root:TRAIN measures@10 microavg - precision 1.0000 - recall 0.2128 - f1 0.3509 
INFO:root:TRAIN measures@10 for class 0 - precision 0.0000 - recall 0.0000 - f1 0.0000 
INFO:root:TRAIN measures@10 for class 1 - precision 1.0000 - recall 0.2128 - f1 0.3509 
INFO:root:TRAIN measures@100 microavg - precision 1.0000 - recall 1.0000 - f1 1.0000 
INFO:root:TRAIN measures@100 for class 0 - precision 0.0000 - recall 0.0000 - f1 0.0000 
INFO:root:TRAIN measures@100 for class 1 - precision 1.0000 - recall 1.0000 - f1 1.0000 
INFO:root:TRAIN measures@1000 microavg - precision 1.0000 - recall 1.0000 - f1 1.0000 
INFO:root:TRAIN measures@1000 for class 0 - precision 0.0000 - recall 0.0000 - f1 0.0000 
INFO:root:TRAIN measures@1000 for class 1 - precision 1.0000 - recall 1.0000 - f1 1.0000 
INFO:root:TRAIN Total epoch time: 0.5250669000001835
INFO:root:################ VALID epoch 32 ###################
INFO:root:VALID mean losses tensor(0.)
INFO:root:VALID mean errors 0.0
INFO:root:VALID mean MRR 0.0 - mean MAP 1.0
INFO:root:VALID tp {0: tensor(0), 1: tensor(282)},fn {0: tensor(0), 1: tensor(0)},fp {0: tensor(0), 1: tensor(0)}
INFO:root:VALID measures microavg - precision 1.0000 - recall 1.0000 - f1 1.0000 
INFO:root:VALID measures for class 0 - precision 0.0000 - recall 0.0000 - f1 0.0000 
INFO:root:VALID measures for class 1 - precision 1.0000 - recall 1.0000 - f1 1.0000 
INFO:root:VALID measures@10 microavg - precision 1.0000 - recall 0.2128 - f1 0.3509 
INFO:root:VALID measures@10 for class 0 - precision 0.0000 - recall 0.0000 - f1 0.0000 
INFO:root:VALID measures@10 for class 1 - precision 1.0000 - recall 0.2128 - f1 0.3509 
INFO:root:VALID measures@100 microavg - precision 1.0000 - recall 1.0000 - f1 1.0000 
INFO:root:VALID measures@100 for class 0 - precision 0.0000 - recall 0.0000 - f1 0.0000 
INFO:root:VALID measures@100 for class 1 - precision 1.0000 - recall 1.0000 - f1 1.0000 
INFO:root:VALID measures@1000 microavg - precision 1.0000 - recall 1.0000 - f1 1.0000 
INFO:root:VALID measures@1000 for class 0 - precision 0.0000 - recall 0.0000 - f1 0.0000 
INFO:root:VALID measures@1000 for class 1 - precision 1.0000 - recall 1.0000 - f1 1.0000 
INFO:root:VALID Total epoch time: 0.0655348430000231
INFO:root:################ TEST epoch 32 ###################
INFO:root:TEST batch 1 / 7 - partial error 0.0000 - partial loss 0.0000 - partial MRR  0.0000 - partial MAP 1.0000
INFO:root:TEST batch 1 / 7 -  partial tp {0: tensor(0), 1: tensor(47)},fn {0: tensor(0), 1: tensor(0)},fp {0: tensor(0), 1: tensor(0)}
INFO:root:TEST batch 1 / 7 - measures partial microavg - precision 1.0000 - recall 1.0000 - f1 1.0000 
INFO:root:TEST batch 1 / 7 - measures partial for class 0 - precision 0.0000 - recall 0.0000 - f1 0.0000 
INFO:root:TEST batch 1 / 7 - measures partial for class 1 - precision 1.0000 - recall 1.0000 - f1 1.0000 
INFO:root:TEST batch 1 / 7 - Batch time 0 
INFO:root:TEST batch 2 / 7 - partial error 0.0106 - partial loss 8.7110 - partial MRR  0.0000 - partial MAP 0.9894
INFO:root:TEST batch 2 / 7 -  partial tp {0: tensor(0), 1: tensor(46)},fn {0: tensor(1), 1: tensor(0)},fp {0: tensor(0), 1: tensor(1)}
INFO:root:TEST batch 2 / 7 - measures partial microavg - precision 0.9787 - recall 0.9787 - f1 0.9787 
INFO:root:TEST batch 2 / 7 - measures partial for class 0 - precision 0.0000 - recall 0.0000 - f1 0.0000 
INFO:root:TEST batch 2 / 7 - measures partial for class 1 - precision 0.9787 - recall 1.0000 - f1 0.9892 
INFO:root:TEST batch 2 / 7 - Batch time 0 
INFO:root:TEST batch 3 / 7 - partial error 0.0071 - partial loss 5.8073 - partial MRR  0.0000 - partial MAP 0.9929
INFO:root:TEST batch 3 / 7 -  partial tp {0: tensor(0), 1: tensor(47)},fn {0: tensor(0), 1: tensor(0)},fp {0: tensor(0), 1: tensor(0)}
INFO:root:TEST batch 3 / 7 - measures partial microavg - precision 1.0000 - recall 1.0000 - f1 1.0000 
INFO:root:TEST batch 3 / 7 - measures partial for class 0 - precision 0.0000 - recall 0.0000 - f1 0.0000 
INFO:root:TEST batch 3 / 7 - measures partial for class 1 - precision 1.0000 - recall 1.0000 - f1 1.0000 
INFO:root:TEST batch 3 / 7 - Batch time 0 
INFO:root:TEST batch 4 / 7 - partial error 0.0053 - partial loss 4.3555 - partial MRR  0.0000 - partial MAP 0.9947
INFO:root:TEST batch 4 / 7 -  partial tp {0: tensor(0), 1: tensor(47)},fn {0: tensor(0), 1: tensor(0)},fp {0: tensor(0), 1: tensor(0)}
INFO:root:TEST batch 4 / 7 - measures partial microavg - precision 1.0000 - recall 1.0000 - f1 1.0000 
INFO:root:TEST batch 4 / 7 - measures partial for class 0 - precision 0.0000 - recall 0.0000 - f1 0.0000 
INFO:root:TEST batch 4 / 7 - measures partial for class 1 - precision 1.0000 - recall 1.0000 - f1 1.0000 
INFO:root:TEST batch 4 / 7 - Batch time 0 
INFO:root:TEST batch 5 / 7 - partial error 0.0043 - partial loss 3.4844 - partial MRR  0.0000 - partial MAP 0.9957
INFO:root:TEST batch 5 / 7 -  partial tp {0: tensor(0), 1: tensor(47)},fn {0: tensor(0), 1: tensor(0)},fp {0: tensor(0), 1: tensor(0)}
INFO:root:TEST batch 5 / 7 - measures partial microavg - precision 1.0000 - recall 1.0000 - f1 1.0000 
INFO:root:TEST batch 5 / 7 - measures partial for class 0 - precision 0.0000 - recall 0.0000 - f1 0.0000 
INFO:root:TEST batch 5 / 7 - measures partial for class 1 - precision 1.0000 - recall 1.0000 - f1 1.0000 
INFO:root:TEST batch 5 / 7 - Batch time 0 
INFO:root:TEST batch 6 / 7 - partial error 0.0035 - partial loss 2.9037 - partial MRR  0.0000 - partial MAP 0.9965
INFO:root:TEST batch 6 / 7 -  partial tp {0: tensor(0), 1: tensor(47)},fn {0: tensor(0), 1: tensor(0)},fp {0: tensor(0), 1: tensor(0)}
INFO:root:TEST batch 6 / 7 - measures partial microavg - precision 1.0000 - recall 1.0000 - f1 1.0000 
INFO:root:TEST batch 6 / 7 - measures partial for class 0 - precision 0.0000 - recall 0.0000 - f1 0.0000 
INFO:root:TEST batch 6 / 7 - measures partial for class 1 - precision 1.0000 - recall 1.0000 - f1 1.0000 
INFO:root:TEST batch 6 / 7 - Batch time 0 
INFO:root:TEST batch 7 / 7 - partial error 0.0030 - partial loss 2.4889 - partial MRR  0.0000 - partial MAP 0.9970
INFO:root:TEST batch 7 / 7 -  partial tp {0: tensor(0), 1: tensor(47)},fn {0: tensor(0), 1: tensor(0)},fp {0: tensor(0), 1: tensor(0)}
INFO:root:TEST batch 7 / 7 - measures partial microavg - precision 1.0000 - recall 1.0000 - f1 1.0000 
INFO:root:TEST batch 7 / 7 - measures partial for class 0 - precision 0.0000 - recall 0.0000 - f1 0.0000 
INFO:root:TEST batch 7 / 7 - measures partial for class 1 - precision 1.0000 - recall 1.0000 - f1 1.0000 
INFO:root:TEST batch 7 / 7 - Batch time 0 
INFO:root:TEST mean losses tensor(2.4889)
INFO:root:TEST mean errors 0.0030395134817808867
INFO:root:TEST mean MRR 0.0 - mean MAP 0.996960461139679
INFO:root:TEST tp {0: tensor(0), 1: tensor(328)},fn {0: tensor(1), 1: tensor(0)},fp {0: tensor(0), 1: tensor(1)}
INFO:root:TEST measures microavg - precision 0.9970 - recall 0.9970 - f1 0.9970 
INFO:root:TEST measures for class 0 - precision 0.0000 - recall 0.0000 - f1 0.0000 
INFO:root:TEST measures for class 1 - precision 0.9970 - recall 1.0000 - f1 0.9985 
INFO:root:TEST measures@10 microavg - precision 1.0000 - recall 0.2128 - f1 0.3509 
INFO:root:TEST measures@10 for class 0 - precision 0.0000 - recall 0.0000 - f1 0.0000 
INFO:root:TEST measures@10 for class 1 - precision 1.0000 - recall 0.2134 - f1 0.3518 
INFO:root:TEST measures@100 microavg - precision 0.9970 - recall 0.9970 - f1 0.9970 
INFO:root:TEST measures@100 for class 0 - precision 0.0000 - recall 0.0000 - f1 0.0000 
INFO:root:TEST measures@100 for class 1 - precision 0.9970 - recall 1.0000 - f1 0.9985 
INFO:root:TEST measures@1000 microavg - precision 0.9970 - recall 0.9970 - f1 0.9970 
INFO:root:TEST measures@1000 for class 0 - precision 0.0000 - recall 0.0000 - f1 0.0000 
INFO:root:TEST measures@1000 for class 1 - precision 0.9970 - recall 1.0000 - f1 0.9985 
INFO:root:TEST Total epoch time: 0.08424272899992502
INFO:root:################ TRAIN epoch 33 ###################
INFO:root:TRAIN mean losses tensor(0.)
INFO:root:TRAIN mean errors 0.0
INFO:root:TRAIN mean MRR 0.0 - mean MAP 1.0
INFO:root:TRAIN tp {0: tensor(0), 1: tensor(1410)},fn {0: tensor(0), 1: tensor(0)},fp {0: tensor(0), 1: tensor(0)}
INFO:root:TRAIN measures microavg - precision 1.0000 - recall 1.0000 - f1 1.0000 
INFO:root:TRAIN measures for class 0 - precision 0.0000 - recall 0.0000 - f1 0.0000 
INFO:root:TRAIN measures for class 1 - precision 1.0000 - recall 1.0000 - f1 1.0000 
INFO:root:TRAIN measures@10 microavg - precision 1.0000 - recall 0.2128 - f1 0.3509 
INFO:root:TRAIN measures@10 for class 0 - precision 0.0000 - recall 0.0000 - f1 0.0000 
INFO:root:TRAIN measures@10 for class 1 - precision 1.0000 - recall 0.2128 - f1 0.3509 
INFO:root:TRAIN measures@100 microavg - precision 1.0000 - recall 1.0000 - f1 1.0000 
INFO:root:TRAIN measures@100 for class 0 - precision 0.0000 - recall 0.0000 - f1 0.0000 
INFO:root:TRAIN measures@100 for class 1 - precision 1.0000 - recall 1.0000 - f1 1.0000 
INFO:root:TRAIN measures@1000 microavg - precision 1.0000 - recall 1.0000 - f1 1.0000 
INFO:root:TRAIN measures@1000 for class 0 - precision 0.0000 - recall 0.0000 - f1 0.0000 
INFO:root:TRAIN measures@1000 for class 1 - precision 1.0000 - recall 1.0000 - f1 1.0000 
INFO:root:TRAIN Total epoch time: 0.5281916609997097
INFO:root:################ VALID epoch 33 ###################
INFO:root:VALID mean losses tensor(0.)
INFO:root:VALID mean errors 0.0
INFO:root:VALID mean MRR 0.0 - mean MAP 1.0
INFO:root:VALID tp {0: tensor(0), 1: tensor(282)},fn {0: tensor(0), 1: tensor(0)},fp {0: tensor(0), 1: tensor(0)}
INFO:root:VALID measures microavg - precision 1.0000 - recall 1.0000 - f1 1.0000 
INFO:root:VALID measures for class 0 - precision 0.0000 - recall 0.0000 - f1 0.0000 
INFO:root:VALID measures for class 1 - precision 1.0000 - recall 1.0000 - f1 1.0000 
INFO:root:VALID measures@10 microavg - precision 1.0000 - recall 0.2128 - f1 0.3509 
INFO:root:VALID measures@10 for class 0 - precision 0.0000 - recall 0.0000 - f1 0.0000 
INFO:root:VALID measures@10 for class 1 - precision 1.0000 - recall 0.2128 - f1 0.3509 
INFO:root:VALID measures@100 microavg - precision 1.0000 - recall 1.0000 - f1 1.0000 
INFO:root:VALID measures@100 for class 0 - precision 0.0000 - recall 0.0000 - f1 0.0000 
INFO:root:VALID measures@100 for class 1 - precision 1.0000 - recall 1.0000 - f1 1.0000 
INFO:root:VALID measures@1000 microavg - precision 1.0000 - recall 1.0000 - f1 1.0000 
INFO:root:VALID measures@1000 for class 0 - precision 0.0000 - recall 0.0000 - f1 0.0000 
INFO:root:VALID measures@1000 for class 1 - precision 1.0000 - recall 1.0000 - f1 1.0000 
INFO:root:VALID Total epoch time: 0.13866867699971408
INFO:root:################ TEST epoch 33 ###################
INFO:root:TEST batch 1 / 7 - partial error 0.0000 - partial loss 0.0000 - partial MRR  0.0000 - partial MAP 1.0000
INFO:root:TEST batch 1 / 7 -  partial tp {0: tensor(0), 1: tensor(47)},fn {0: tensor(0), 1: tensor(0)},fp {0: tensor(0), 1: tensor(0)}
INFO:root:TEST batch 1 / 7 - measures partial microavg - precision 1.0000 - recall 1.0000 - f1 1.0000 
INFO:root:TEST batch 1 / 7 - measures partial for class 0 - precision 0.0000 - recall 0.0000 - f1 0.0000 
INFO:root:TEST batch 1 / 7 - measures partial for class 1 - precision 1.0000 - recall 1.0000 - f1 1.0000 
INFO:root:TEST batch 1 / 7 - Batch time 0 
INFO:root:TEST batch 2 / 7 - partial error 0.0106 - partial loss 9.0852 - partial MRR  0.0000 - partial MAP 0.9894
INFO:root:TEST batch 2 / 7 -  partial tp {0: tensor(0), 1: tensor(46)},fn {0: tensor(1), 1: tensor(0)},fp {0: tensor(0), 1: tensor(1)}
INFO:root:TEST batch 2 / 7 - measures partial microavg - precision 0.9787 - recall 0.9787 - f1 0.9787 
INFO:root:TEST batch 2 / 7 - measures partial for class 0 - precision 0.0000 - recall 0.0000 - f1 0.0000 
INFO:root:TEST batch 2 / 7 - measures partial for class 1 - precision 0.9787 - recall 1.0000 - f1 0.9892 
INFO:root:TEST batch 2 / 7 - Batch time 0 
INFO:root:TEST batch 3 / 7 - partial error 0.0071 - partial loss 6.0568 - partial MRR  0.0000 - partial MAP 0.9929
INFO:root:TEST batch 3 / 7 -  partial tp {0: tensor(0), 1: tensor(47)},fn {0: tensor(0), 1: tensor(0)},fp {0: tensor(0), 1: tensor(0)}
INFO:root:TEST batch 3 / 7 - measures partial microavg - precision 1.0000 - recall 1.0000 - f1 1.0000 
INFO:root:TEST batch 3 / 7 - measures partial for class 0 - precision 0.0000 - recall 0.0000 - f1 0.0000 
INFO:root:TEST batch 3 / 7 - measures partial for class 1 - precision 1.0000 - recall 1.0000 - f1 1.0000 
INFO:root:TEST batch 3 / 7 - Batch time 0 
INFO:root:TEST batch 4 / 7 - partial error 0.0053 - partial loss 4.5426 - partial MRR  0.0000 - partial MAP 0.9947
INFO:root:TEST batch 4 / 7 -  partial tp {0: tensor(0), 1: tensor(47)},fn {0: tensor(0), 1: tensor(0)},fp {0: tensor(0), 1: tensor(0)}
INFO:root:TEST batch 4 / 7 - measures partial microavg - precision 1.0000 - recall 1.0000 - f1 1.0000 
INFO:root:TEST batch 4 / 7 - measures partial for class 0 - precision 0.0000 - recall 0.0000 - f1 0.0000 
INFO:root:TEST batch 4 / 7 - measures partial for class 1 - precision 1.0000 - recall 1.0000 - f1 1.0000 
INFO:root:TEST batch 4 / 7 - Batch time 0 
INFO:root:TEST batch 5 / 7 - partial error 0.0043 - partial loss 3.6341 - partial MRR  0.0000 - partial MAP 0.9957
INFO:root:TEST batch 5 / 7 -  partial tp {0: tensor(0), 1: tensor(47)},fn {0: tensor(0), 1: tensor(0)},fp {0: tensor(0), 1: tensor(0)}
INFO:root:TEST batch 5 / 7 - measures partial microavg - precision 1.0000 - recall 1.0000 - f1 1.0000 
INFO:root:TEST batch 5 / 7 - measures partial for class 0 - precision 0.0000 - recall 0.0000 - f1 0.0000 
INFO:root:TEST batch 5 / 7 - measures partial for class 1 - precision 1.0000 - recall 1.0000 - f1 1.0000 
INFO:root:TEST batch 5 / 7 - Batch time 0 
INFO:root:TEST batch 6 / 7 - partial error 0.0035 - partial loss 3.0284 - partial MRR  0.0000 - partial MAP 0.9965
INFO:root:TEST batch 6 / 7 -  partial tp {0: tensor(0), 1: tensor(47)},fn {0: tensor(0), 1: tensor(0)},fp {0: tensor(0), 1: tensor(0)}
INFO:root:TEST batch 6 / 7 - measures partial microavg - precision 1.0000 - recall 1.0000 - f1 1.0000 
INFO:root:TEST batch 6 / 7 - measures partial for class 0 - precision 0.0000 - recall 0.0000 - f1 0.0000 
INFO:root:TEST batch 6 / 7 - measures partial for class 1 - precision 1.0000 - recall 1.0000 - f1 1.0000 
INFO:root:TEST batch 6 / 7 - Batch time 0 
INFO:root:TEST batch 7 / 7 - partial error 0.0030 - partial loss 2.5958 - partial MRR  0.0000 - partial MAP 0.9970
INFO:root:TEST batch 7 / 7 -  partial tp {0: tensor(0), 1: tensor(47)},fn {0: tensor(0), 1: tensor(0)},fp {0: tensor(0), 1: tensor(0)}
INFO:root:TEST batch 7 / 7 - measures partial microavg - precision 1.0000 - recall 1.0000 - f1 1.0000 
INFO:root:TEST batch 7 / 7 - measures partial for class 0 - precision 0.0000 - recall 0.0000 - f1 0.0000 
INFO:root:TEST batch 7 / 7 - measures partial for class 1 - precision 1.0000 - recall 1.0000 - f1 1.0000 
INFO:root:TEST batch 7 / 7 - Batch time 0 
INFO:root:TEST mean losses tensor(2.5958)
INFO:root:TEST mean errors 0.0030395134817808867
INFO:root:TEST mean MRR 0.0 - mean MAP 0.996960461139679
INFO:root:TEST tp {0: tensor(0), 1: tensor(328)},fn {0: tensor(1), 1: tensor(0)},fp {0: tensor(0), 1: tensor(1)}
INFO:root:TEST measures microavg - precision 0.9970 - recall 0.9970 - f1 0.9970 
INFO:root:TEST measures for class 0 - precision 0.0000 - recall 0.0000 - f1 0.0000 
INFO:root:TEST measures for class 1 - precision 0.9970 - recall 1.0000 - f1 0.9985 
INFO:root:TEST measures@10 microavg - precision 1.0000 - recall 0.2128 - f1 0.3509 
INFO:root:TEST measures@10 for class 0 - precision 0.0000 - recall 0.0000 - f1 0.0000 
INFO:root:TEST measures@10 for class 1 - precision 1.0000 - recall 0.2134 - f1 0.3518 
INFO:root:TEST measures@100 microavg - precision 0.9970 - recall 0.9970 - f1 0.9970 
INFO:root:TEST measures@100 for class 0 - precision 0.0000 - recall 0.0000 - f1 0.0000 
INFO:root:TEST measures@100 for class 1 - precision 0.9970 - recall 1.0000 - f1 0.9985 
INFO:root:TEST measures@1000 microavg - precision 0.9970 - recall 0.9970 - f1 0.9970 
INFO:root:TEST measures@1000 for class 0 - precision 0.0000 - recall 0.0000 - f1 0.0000 
INFO:root:TEST measures@1000 for class 1 - precision 0.9970 - recall 1.0000 - f1 0.9985 
INFO:root:TEST Total epoch time: 0.09527923199993893
INFO:root:################ TRAIN epoch 34 ###################
INFO:root:TRAIN mean losses tensor(0.)
INFO:root:TRAIN mean errors 0.0
INFO:root:TRAIN mean MRR 0.0 - mean MAP 1.0
INFO:root:TRAIN tp {0: tensor(0), 1: tensor(1410)},fn {0: tensor(0), 1: tensor(0)},fp {0: tensor(0), 1: tensor(0)}
INFO:root:TRAIN measures microavg - precision 1.0000 - recall 1.0000 - f1 1.0000 
INFO:root:TRAIN measures for class 0 - precision 0.0000 - recall 0.0000 - f1 0.0000 
INFO:root:TRAIN measures for class 1 - precision 1.0000 - recall 1.0000 - f1 1.0000 
INFO:root:TRAIN measures@10 microavg - precision 1.0000 - recall 0.2128 - f1 0.3509 
INFO:root:TRAIN measures@10 for class 0 - precision 0.0000 - recall 0.0000 - f1 0.0000 
INFO:root:TRAIN measures@10 for class 1 - precision 1.0000 - recall 0.2128 - f1 0.3509 
INFO:root:TRAIN measures@100 microavg - precision 1.0000 - recall 1.0000 - f1 1.0000 
INFO:root:TRAIN measures@100 for class 0 - precision 0.0000 - recall 0.0000 - f1 0.0000 
INFO:root:TRAIN measures@100 for class 1 - precision 1.0000 - recall 1.0000 - f1 1.0000 
INFO:root:TRAIN measures@1000 microavg - precision 1.0000 - recall 1.0000 - f1 1.0000 
INFO:root:TRAIN measures@1000 for class 0 - precision 0.0000 - recall 0.0000 - f1 0.0000 
INFO:root:TRAIN measures@1000 for class 1 - precision 1.0000 - recall 1.0000 - f1 1.0000 
INFO:root:TRAIN Total epoch time: 0.5008952640000643
INFO:root:################ VALID epoch 34 ###################
INFO:root:VALID mean losses tensor(0.)
INFO:root:VALID mean errors 0.0
INFO:root:VALID mean MRR 0.0 - mean MAP 1.0
INFO:root:VALID tp {0: tensor(0), 1: tensor(282)},fn {0: tensor(0), 1: tensor(0)},fp {0: tensor(0), 1: tensor(0)}
INFO:root:VALID measures microavg - precision 1.0000 - recall 1.0000 - f1 1.0000 
INFO:root:VALID measures for class 0 - precision 0.0000 - recall 0.0000 - f1 0.0000 
INFO:root:VALID measures for class 1 - precision 1.0000 - recall 1.0000 - f1 1.0000 
INFO:root:VALID measures@10 microavg - precision 1.0000 - recall 0.2128 - f1 0.3509 
INFO:root:VALID measures@10 for class 0 - precision 0.0000 - recall 0.0000 - f1 0.0000 
INFO:root:VALID measures@10 for class 1 - precision 1.0000 - recall 0.2128 - f1 0.3509 
INFO:root:VALID measures@100 microavg - precision 1.0000 - recall 1.0000 - f1 1.0000 
INFO:root:VALID measures@100 for class 0 - precision 0.0000 - recall 0.0000 - f1 0.0000 
INFO:root:VALID measures@100 for class 1 - precision 1.0000 - recall 1.0000 - f1 1.0000 
INFO:root:VALID measures@1000 microavg - precision 1.0000 - recall 1.0000 - f1 1.0000 
INFO:root:VALID measures@1000 for class 0 - precision 0.0000 - recall 0.0000 - f1 0.0000 
INFO:root:VALID measures@1000 for class 1 - precision 1.0000 - recall 1.0000 - f1 1.0000 
INFO:root:VALID Total epoch time: 0.05926522499976272
INFO:root:################ TEST epoch 34 ###################
INFO:root:TEST batch 1 / 7 - partial error 0.0000 - partial loss 0.0000 - partial MRR  0.0000 - partial MAP 1.0000
INFO:root:TEST batch 1 / 7 -  partial tp {0: tensor(0), 1: tensor(47)},fn {0: tensor(0), 1: tensor(0)},fp {0: tensor(0), 1: tensor(0)}
INFO:root:TEST batch 1 / 7 - measures partial microavg - precision 1.0000 - recall 1.0000 - f1 1.0000 
INFO:root:TEST batch 1 / 7 - measures partial for class 0 - precision 0.0000 - recall 0.0000 - f1 0.0000 
INFO:root:TEST batch 1 / 7 - measures partial for class 1 - precision 1.0000 - recall 1.0000 - f1 1.0000 
INFO:root:TEST batch 1 / 7 - Batch time 0 
INFO:root:TEST batch 2 / 7 - partial error 0.0106 - partial loss 8.6996 - partial MRR  0.0000 - partial MAP 0.9894
INFO:root:TEST batch 2 / 7 -  partial tp {0: tensor(0), 1: tensor(46)},fn {0: tensor(1), 1: tensor(0)},fp {0: tensor(0), 1: tensor(1)}
INFO:root:TEST batch 2 / 7 - measures partial microavg - precision 0.9787 - recall 0.9787 - f1 0.9787 
INFO:root:TEST batch 2 / 7 - measures partial for class 0 - precision 0.0000 - recall 0.0000 - f1 0.0000 
INFO:root:TEST batch 2 / 7 - measures partial for class 1 - precision 0.9787 - recall 1.0000 - f1 0.9892 
INFO:root:TEST batch 2 / 7 - Batch time 0 
INFO:root:TEST batch 3 / 7 - partial error 0.0071 - partial loss 5.7997 - partial MRR  0.0000 - partial MAP 0.9929
INFO:root:TEST batch 3 / 7 -  partial tp {0: tensor(0), 1: tensor(47)},fn {0: tensor(0), 1: tensor(0)},fp {0: tensor(0), 1: tensor(0)}
INFO:root:TEST batch 3 / 7 - measures partial microavg - precision 1.0000 - recall 1.0000 - f1 1.0000 
INFO:root:TEST batch 3 / 7 - measures partial for class 0 - precision 0.0000 - recall 0.0000 - f1 0.0000 
INFO:root:TEST batch 3 / 7 - measures partial for class 1 - precision 1.0000 - recall 1.0000 - f1 1.0000 
INFO:root:TEST batch 3 / 7 - Batch time 0 
INFO:root:TEST batch 4 / 7 - partial error 0.0053 - partial loss 4.3498 - partial MRR  0.0000 - partial MAP 0.9947
INFO:root:TEST batch 4 / 7 -  partial tp {0: tensor(0), 1: tensor(47)},fn {0: tensor(0), 1: tensor(0)},fp {0: tensor(0), 1: tensor(0)}
INFO:root:TEST batch 4 / 7 - measures partial microavg - precision 1.0000 - recall 1.0000 - f1 1.0000 
INFO:root:TEST batch 4 / 7 - measures partial for class 0 - precision 0.0000 - recall 0.0000 - f1 0.0000 
INFO:root:TEST batch 4 / 7 - measures partial for class 1 - precision 1.0000 - recall 1.0000 - f1 1.0000 
INFO:root:TEST batch 4 / 7 - Batch time 0 
INFO:root:TEST batch 5 / 7 - partial error 0.0043 - partial loss 3.4798 - partial MRR  0.0000 - partial MAP 0.9957
INFO:root:TEST batch 5 / 7 -  partial tp {0: tensor(0), 1: tensor(47)},fn {0: tensor(0), 1: tensor(0)},fp {0: tensor(0), 1: tensor(0)}
INFO:root:TEST batch 5 / 7 - measures partial microavg - precision 1.0000 - recall 1.0000 - f1 1.0000 
INFO:root:TEST batch 5 / 7 - measures partial for class 0 - precision 0.0000 - recall 0.0000 - f1 0.0000 
INFO:root:TEST batch 5 / 7 - measures partial for class 1 - precision 1.0000 - recall 1.0000 - f1 1.0000 
INFO:root:TEST batch 5 / 7 - Batch time 0 
INFO:root:TEST batch 6 / 7 - partial error 0.0035 - partial loss 2.8999 - partial MRR  0.0000 - partial MAP 0.9965
INFO:root:TEST batch 6 / 7 -  partial tp {0: tensor(0), 1: tensor(47)},fn {0: tensor(0), 1: tensor(0)},fp {0: tensor(0), 1: tensor(0)}
INFO:root:TEST batch 6 / 7 - measures partial microavg - precision 1.0000 - recall 1.0000 - f1 1.0000 
INFO:root:TEST batch 6 / 7 - measures partial for class 0 - precision 0.0000 - recall 0.0000 - f1 0.0000 
INFO:root:TEST batch 6 / 7 - measures partial for class 1 - precision 1.0000 - recall 1.0000 - f1 1.0000 
INFO:root:TEST batch 6 / 7 - Batch time 0 
INFO:root:TEST batch 7 / 7 - partial error 0.0030 - partial loss 2.4856 - partial MRR  0.0000 - partial MAP 0.9970
INFO:root:TEST batch 7 / 7 -  partial tp {0: tensor(0), 1: tensor(47)},fn {0: tensor(0), 1: tensor(0)},fp {0: tensor(0), 1: tensor(0)}
INFO:root:TEST batch 7 / 7 - measures partial microavg - precision 1.0000 - recall 1.0000 - f1 1.0000 
INFO:root:TEST batch 7 / 7 - measures partial for class 0 - precision 0.0000 - recall 0.0000 - f1 0.0000 
INFO:root:TEST batch 7 / 7 - measures partial for class 1 - precision 1.0000 - recall 1.0000 - f1 1.0000 
INFO:root:TEST batch 7 / 7 - Batch time 0 
INFO:root:TEST mean losses tensor(2.4856)
INFO:root:TEST mean errors 0.0030395134817808867
INFO:root:TEST mean MRR 0.0 - mean MAP 0.996960461139679
INFO:root:TEST tp {0: tensor(0), 1: tensor(328)},fn {0: tensor(1), 1: tensor(0)},fp {0: tensor(0), 1: tensor(1)}
INFO:root:TEST measures microavg - precision 0.9970 - recall 0.9970 - f1 0.9970 
INFO:root:TEST measures for class 0 - precision 0.0000 - recall 0.0000 - f1 0.0000 
INFO:root:TEST measures for class 1 - precision 0.9970 - recall 1.0000 - f1 0.9985 
INFO:root:TEST measures@10 microavg - precision 1.0000 - recall 0.2128 - f1 0.3509 
INFO:root:TEST measures@10 for class 0 - precision 0.0000 - recall 0.0000 - f1 0.0000 
INFO:root:TEST measures@10 for class 1 - precision 1.0000 - recall 0.2134 - f1 0.3518 
INFO:root:TEST measures@100 microavg - precision 0.9970 - recall 0.9970 - f1 0.9970 
INFO:root:TEST measures@100 for class 0 - precision 0.0000 - recall 0.0000 - f1 0.0000 
INFO:root:TEST measures@100 for class 1 - precision 0.9970 - recall 1.0000 - f1 0.9985 
INFO:root:TEST measures@1000 microavg - precision 0.9970 - recall 0.9970 - f1 0.9970 
INFO:root:TEST measures@1000 for class 0 - precision 0.0000 - recall 0.0000 - f1 0.0000 
INFO:root:TEST measures@1000 for class 1 - precision 0.9970 - recall 1.0000 - f1 0.9985 
INFO:root:TEST Total epoch time: 0.0770453240002098
INFO:root:################ TRAIN epoch 35 ###################
INFO:root:TRAIN mean losses tensor(0.)
INFO:root:TRAIN mean errors 0.0
INFO:root:TRAIN mean MRR 0.0 - mean MAP 1.0
INFO:root:TRAIN tp {0: tensor(0), 1: tensor(1410)},fn {0: tensor(0), 1: tensor(0)},fp {0: tensor(0), 1: tensor(0)}
INFO:root:TRAIN measures microavg - precision 1.0000 - recall 1.0000 - f1 1.0000 
INFO:root:TRAIN measures for class 0 - precision 0.0000 - recall 0.0000 - f1 0.0000 
INFO:root:TRAIN measures for class 1 - precision 1.0000 - recall 1.0000 - f1 1.0000 
INFO:root:TRAIN measures@10 microavg - precision 1.0000 - recall 0.2128 - f1 0.3509 
INFO:root:TRAIN measures@10 for class 0 - precision 0.0000 - recall 0.0000 - f1 0.0000 
INFO:root:TRAIN measures@10 for class 1 - precision 1.0000 - recall 0.2128 - f1 0.3509 
INFO:root:TRAIN measures@100 microavg - precision 1.0000 - recall 1.0000 - f1 1.0000 
INFO:root:TRAIN measures@100 for class 0 - precision 0.0000 - recall 0.0000 - f1 0.0000 
INFO:root:TRAIN measures@100 for class 1 - precision 1.0000 - recall 1.0000 - f1 1.0000 
INFO:root:TRAIN measures@1000 microavg - precision 1.0000 - recall 1.0000 - f1 1.0000 
INFO:root:TRAIN measures@1000 for class 0 - precision 0.0000 - recall 0.0000 - f1 0.0000 
INFO:root:TRAIN measures@1000 for class 1 - precision 1.0000 - recall 1.0000 - f1 1.0000 
INFO:root:TRAIN Total epoch time: 0.48709548000033465
INFO:root:################ VALID epoch 35 ###################
INFO:root:VALID mean losses tensor(0.)
INFO:root:VALID mean errors 0.0
INFO:root:VALID mean MRR 0.0 - mean MAP 1.0
INFO:root:VALID tp {0: tensor(0), 1: tensor(282)},fn {0: tensor(0), 1: tensor(0)},fp {0: tensor(0), 1: tensor(0)}
INFO:root:VALID measures microavg - precision 1.0000 - recall 1.0000 - f1 1.0000 
INFO:root:VALID measures for class 0 - precision 0.0000 - recall 0.0000 - f1 0.0000 
INFO:root:VALID measures for class 1 - precision 1.0000 - recall 1.0000 - f1 1.0000 
INFO:root:VALID measures@10 microavg - precision 1.0000 - recall 0.2128 - f1 0.3509 
INFO:root:VALID measures@10 for class 0 - precision 0.0000 - recall 0.0000 - f1 0.0000 
INFO:root:VALID measures@10 for class 1 - precision 1.0000 - recall 0.2128 - f1 0.3509 
INFO:root:VALID measures@100 microavg - precision 1.0000 - recall 1.0000 - f1 1.0000 
INFO:root:VALID measures@100 for class 0 - precision 0.0000 - recall 0.0000 - f1 0.0000 
INFO:root:VALID measures@100 for class 1 - precision 1.0000 - recall 1.0000 - f1 1.0000 
INFO:root:VALID measures@1000 microavg - precision 1.0000 - recall 1.0000 - f1 1.0000 
INFO:root:VALID measures@1000 for class 0 - precision 0.0000 - recall 0.0000 - f1 0.0000 
INFO:root:VALID measures@1000 for class 1 - precision 1.0000 - recall 1.0000 - f1 1.0000 
INFO:root:VALID Total epoch time: 0.06334212499996283
INFO:root:################ TEST epoch 35 ###################
INFO:root:TEST batch 1 / 7 - partial error 0.0000 - partial loss 0.0000 - partial MRR  0.0000 - partial MAP 1.0000
INFO:root:TEST batch 1 / 7 -  partial tp {0: tensor(0), 1: tensor(47)},fn {0: tensor(0), 1: tensor(0)},fp {0: tensor(0), 1: tensor(0)}
INFO:root:TEST batch 1 / 7 - measures partial microavg - precision 1.0000 - recall 1.0000 - f1 1.0000 
INFO:root:TEST batch 1 / 7 - measures partial for class 0 - precision 0.0000 - recall 0.0000 - f1 0.0000 
INFO:root:TEST batch 1 / 7 - measures partial for class 1 - precision 1.0000 - recall 1.0000 - f1 1.0000 
INFO:root:TEST batch 1 / 7 - Batch time 0 
INFO:root:TEST batch 2 / 7 - partial error 0.0106 - partial loss 9.2896 - partial MRR  0.0000 - partial MAP 0.9894
INFO:root:TEST batch 2 / 7 -  partial tp {0: tensor(0), 1: tensor(46)},fn {0: tensor(1), 1: tensor(0)},fp {0: tensor(0), 1: tensor(1)}
INFO:root:TEST batch 2 / 7 - measures partial microavg - precision 0.9787 - recall 0.9787 - f1 0.9787 
INFO:root:TEST batch 2 / 7 - measures partial for class 0 - precision 0.0000 - recall 0.0000 - f1 0.0000 
INFO:root:TEST batch 2 / 7 - measures partial for class 1 - precision 0.9787 - recall 1.0000 - f1 0.9892 
INFO:root:TEST batch 2 / 7 - Batch time 0 
INFO:root:TEST batch 3 / 7 - partial error 0.0071 - partial loss 6.1931 - partial MRR  0.0000 - partial MAP 0.9929
INFO:root:TEST batch 3 / 7 -  partial tp {0: tensor(0), 1: tensor(47)},fn {0: tensor(0), 1: tensor(0)},fp {0: tensor(0), 1: tensor(0)}
INFO:root:TEST batch 3 / 7 - measures partial microavg - precision 1.0000 - recall 1.0000 - f1 1.0000 
INFO:root:TEST batch 3 / 7 - measures partial for class 0 - precision 0.0000 - recall 0.0000 - f1 0.0000 
INFO:root:TEST batch 3 / 7 - measures partial for class 1 - precision 1.0000 - recall 1.0000 - f1 1.0000 
INFO:root:TEST batch 3 / 7 - Batch time 0 
INFO:root:TEST batch 4 / 7 - partial error 0.0053 - partial loss 4.6448 - partial MRR  0.0000 - partial MAP 0.9947
INFO:root:TEST batch 4 / 7 -  partial tp {0: tensor(0), 1: tensor(47)},fn {0: tensor(0), 1: tensor(0)},fp {0: tensor(0), 1: tensor(0)}
INFO:root:TEST batch 4 / 7 - measures partial microavg - precision 1.0000 - recall 1.0000 - f1 1.0000 
INFO:root:TEST batch 4 / 7 - measures partial for class 0 - precision 0.0000 - recall 0.0000 - f1 0.0000 
INFO:root:TEST batch 4 / 7 - measures partial for class 1 - precision 1.0000 - recall 1.0000 - f1 1.0000 
INFO:root:TEST batch 4 / 7 - Batch time 0 
INFO:root:TEST batch 5 / 7 - partial error 0.0043 - partial loss 3.7159 - partial MRR  0.0000 - partial MAP 0.9957
INFO:root:TEST batch 5 / 7 -  partial tp {0: tensor(0), 1: tensor(47)},fn {0: tensor(0), 1: tensor(0)},fp {0: tensor(0), 1: tensor(0)}
INFO:root:TEST batch 5 / 7 - measures partial microavg - precision 1.0000 - recall 1.0000 - f1 1.0000 
INFO:root:TEST batch 5 / 7 - measures partial for class 0 - precision 0.0000 - recall 0.0000 - f1 0.0000 
INFO:root:TEST batch 5 / 7 - measures partial for class 1 - precision 1.0000 - recall 1.0000 - f1 1.0000 
INFO:root:TEST batch 5 / 7 - Batch time 0 
INFO:root:TEST batch 6 / 7 - partial error 0.0035 - partial loss 3.0965 - partial MRR  0.0000 - partial MAP 0.9965
INFO:root:TEST batch 6 / 7 -  partial tp {0: tensor(0), 1: tensor(47)},fn {0: tensor(0), 1: tensor(0)},fp {0: tensor(0), 1: tensor(0)}
INFO:root:TEST batch 6 / 7 - measures partial microavg - precision 1.0000 - recall 1.0000 - f1 1.0000 
INFO:root:TEST batch 6 / 7 - measures partial for class 0 - precision 0.0000 - recall 0.0000 - f1 0.0000 
INFO:root:TEST batch 6 / 7 - measures partial for class 1 - precision 1.0000 - recall 1.0000 - f1 1.0000 
INFO:root:TEST batch 6 / 7 - Batch time 0 
INFO:root:TEST batch 7 / 7 - partial error 0.0030 - partial loss 2.6542 - partial MRR  0.0000 - partial MAP 0.9970
INFO:root:TEST batch 7 / 7 -  partial tp {0: tensor(0), 1: tensor(47)},fn {0: tensor(0), 1: tensor(0)},fp {0: tensor(0), 1: tensor(0)}
INFO:root:TEST batch 7 / 7 - measures partial microavg - precision 1.0000 - recall 1.0000 - f1 1.0000 
INFO:root:TEST batch 7 / 7 - measures partial for class 0 - precision 0.0000 - recall 0.0000 - f1 0.0000 
INFO:root:TEST batch 7 / 7 - measures partial for class 1 - precision 1.0000 - recall 1.0000 - f1 1.0000 
INFO:root:TEST batch 7 / 7 - Batch time 0 
INFO:root:TEST mean losses tensor(2.6542)
INFO:root:TEST mean errors 0.0030395134817808867
INFO:root:TEST mean MRR 0.0 - mean MAP 0.996960461139679
INFO:root:TEST tp {0: tensor(0), 1: tensor(328)},fn {0: tensor(1), 1: tensor(0)},fp {0: tensor(0), 1: tensor(1)}
INFO:root:TEST measures microavg - precision 0.9970 - recall 0.9970 - f1 0.9970 
INFO:root:TEST measures for class 0 - precision 0.0000 - recall 0.0000 - f1 0.0000 
INFO:root:TEST measures for class 1 - precision 0.9970 - recall 1.0000 - f1 0.9985 
INFO:root:TEST measures@10 microavg - precision 1.0000 - recall 0.2128 - f1 0.3509 
INFO:root:TEST measures@10 for class 0 - precision 0.0000 - recall 0.0000 - f1 0.0000 
INFO:root:TEST measures@10 for class 1 - precision 1.0000 - recall 0.2134 - f1 0.3518 
INFO:root:TEST measures@100 microavg - precision 0.9970 - recall 0.9970 - f1 0.9970 
INFO:root:TEST measures@100 for class 0 - precision 0.0000 - recall 0.0000 - f1 0.0000 
INFO:root:TEST measures@100 for class 1 - precision 0.9970 - recall 1.0000 - f1 0.9985 
INFO:root:TEST measures@1000 microavg - precision 0.9970 - recall 0.9970 - f1 0.9970 
INFO:root:TEST measures@1000 for class 0 - precision 0.0000 - recall 0.0000 - f1 0.0000 
INFO:root:TEST measures@1000 for class 1 - precision 0.9970 - recall 1.0000 - f1 0.9985 
INFO:root:TEST Total epoch time: 0.08388413700004094
INFO:root:################ TRAIN epoch 36 ###################
INFO:root:TRAIN mean losses tensor(0.)
INFO:root:TRAIN mean errors 0.0
INFO:root:TRAIN mean MRR 0.0 - mean MAP 1.0
INFO:root:TRAIN tp {0: tensor(0), 1: tensor(1410)},fn {0: tensor(0), 1: tensor(0)},fp {0: tensor(0), 1: tensor(0)}
INFO:root:TRAIN measures microavg - precision 1.0000 - recall 1.0000 - f1 1.0000 
INFO:root:TRAIN measures for class 0 - precision 0.0000 - recall 0.0000 - f1 0.0000 
INFO:root:TRAIN measures for class 1 - precision 1.0000 - recall 1.0000 - f1 1.0000 
INFO:root:TRAIN measures@10 microavg - precision 1.0000 - recall 0.2128 - f1 0.3509 
INFO:root:TRAIN measures@10 for class 0 - precision 0.0000 - recall 0.0000 - f1 0.0000 
INFO:root:TRAIN measures@10 for class 1 - precision 1.0000 - recall 0.2128 - f1 0.3509 
INFO:root:TRAIN measures@100 microavg - precision 1.0000 - recall 1.0000 - f1 1.0000 
INFO:root:TRAIN measures@100 for class 0 - precision 0.0000 - recall 0.0000 - f1 0.0000 
INFO:root:TRAIN measures@100 for class 1 - precision 1.0000 - recall 1.0000 - f1 1.0000 
INFO:root:TRAIN measures@1000 microavg - precision 1.0000 - recall 1.0000 - f1 1.0000 
INFO:root:TRAIN measures@1000 for class 0 - precision 0.0000 - recall 0.0000 - f1 0.0000 
INFO:root:TRAIN measures@1000 for class 1 - precision 1.0000 - recall 1.0000 - f1 1.0000 
INFO:root:TRAIN Total epoch time: 0.5215754850000849
INFO:root:################ VALID epoch 36 ###################
INFO:root:VALID mean losses tensor(0.)
INFO:root:VALID mean errors 0.0
INFO:root:VALID mean MRR 0.0 - mean MAP 1.0
INFO:root:VALID tp {0: tensor(0), 1: tensor(282)},fn {0: tensor(0), 1: tensor(0)},fp {0: tensor(0), 1: tensor(0)}
INFO:root:VALID measures microavg - precision 1.0000 - recall 1.0000 - f1 1.0000 
INFO:root:VALID measures for class 0 - precision 0.0000 - recall 0.0000 - f1 0.0000 
INFO:root:VALID measures for class 1 - precision 1.0000 - recall 1.0000 - f1 1.0000 
INFO:root:VALID measures@10 microavg - precision 1.0000 - recall 0.2128 - f1 0.3509 
INFO:root:VALID measures@10 for class 0 - precision 0.0000 - recall 0.0000 - f1 0.0000 
INFO:root:VALID measures@10 for class 1 - precision 1.0000 - recall 0.2128 - f1 0.3509 
INFO:root:VALID measures@100 microavg - precision 1.0000 - recall 1.0000 - f1 1.0000 
INFO:root:VALID measures@100 for class 0 - precision 0.0000 - recall 0.0000 - f1 0.0000 
INFO:root:VALID measures@100 for class 1 - precision 1.0000 - recall 1.0000 - f1 1.0000 
INFO:root:VALID measures@1000 microavg - precision 1.0000 - recall 1.0000 - f1 1.0000 
INFO:root:VALID measures@1000 for class 0 - precision 0.0000 - recall 0.0000 - f1 0.0000 
INFO:root:VALID measures@1000 for class 1 - precision 1.0000 - recall 1.0000 - f1 1.0000 
INFO:root:VALID Total epoch time: 0.06768748300009975
INFO:root:################ TEST epoch 36 ###################
INFO:root:TEST batch 1 / 7 - partial error 0.0000 - partial loss 0.0000 - partial MRR  0.0000 - partial MAP 1.0000
INFO:root:TEST batch 1 / 7 -  partial tp {0: tensor(0), 1: tensor(47)},fn {0: tensor(0), 1: tensor(0)},fp {0: tensor(0), 1: tensor(0)}
INFO:root:TEST batch 1 / 7 - measures partial microavg - precision 1.0000 - recall 1.0000 - f1 1.0000 
INFO:root:TEST batch 1 / 7 - measures partial for class 0 - precision 0.0000 - recall 0.0000 - f1 0.0000 
INFO:root:TEST batch 1 / 7 - measures partial for class 1 - precision 1.0000 - recall 1.0000 - f1 1.0000 
INFO:root:TEST batch 1 / 7 - Batch time 0 
INFO:root:TEST batch 2 / 7 - partial error 0.0106 - partial loss 9.2946 - partial MRR  0.0000 - partial MAP 0.9894
INFO:root:TEST batch 2 / 7 -  partial tp {0: tensor(0), 1: tensor(46)},fn {0: tensor(1), 1: tensor(0)},fp {0: tensor(0), 1: tensor(1)}
INFO:root:TEST batch 2 / 7 - measures partial microavg - precision 0.9787 - recall 0.9787 - f1 0.9787 
INFO:root:TEST batch 2 / 7 - measures partial for class 0 - precision 0.0000 - recall 0.0000 - f1 0.0000 
INFO:root:TEST batch 2 / 7 - measures partial for class 1 - precision 0.9787 - recall 1.0000 - f1 0.9892 
INFO:root:TEST batch 2 / 7 - Batch time 0 
INFO:root:TEST batch 3 / 7 - partial error 0.0071 - partial loss 6.1964 - partial MRR  0.0000 - partial MAP 0.9929
INFO:root:TEST batch 3 / 7 -  partial tp {0: tensor(0), 1: tensor(47)},fn {0: tensor(0), 1: tensor(0)},fp {0: tensor(0), 1: tensor(0)}
INFO:root:TEST batch 3 / 7 - measures partial microavg - precision 1.0000 - recall 1.0000 - f1 1.0000 
INFO:root:TEST batch 3 / 7 - measures partial for class 0 - precision 0.0000 - recall 0.0000 - f1 0.0000 
INFO:root:TEST batch 3 / 7 - measures partial for class 1 - precision 1.0000 - recall 1.0000 - f1 1.0000 
INFO:root:TEST batch 3 / 7 - Batch time 0 
INFO:root:TEST batch 4 / 7 - partial error 0.0053 - partial loss 4.6473 - partial MRR  0.0000 - partial MAP 0.9947
INFO:root:TEST batch 4 / 7 -  partial tp {0: tensor(0), 1: tensor(47)},fn {0: tensor(0), 1: tensor(0)},fp {0: tensor(0), 1: tensor(0)}
INFO:root:TEST batch 4 / 7 - measures partial microavg - precision 1.0000 - recall 1.0000 - f1 1.0000 
INFO:root:TEST batch 4 / 7 - measures partial for class 0 - precision 0.0000 - recall 0.0000 - f1 0.0000 
INFO:root:TEST batch 4 / 7 - measures partial for class 1 - precision 1.0000 - recall 1.0000 - f1 1.0000 
INFO:root:TEST batch 4 / 7 - Batch time 0 
INFO:root:TEST batch 5 / 7 - partial error 0.0043 - partial loss 3.7178 - partial MRR  0.0000 - partial MAP 0.9957
INFO:root:TEST batch 5 / 7 -  partial tp {0: tensor(0), 1: tensor(47)},fn {0: tensor(0), 1: tensor(0)},fp {0: tensor(0), 1: tensor(0)}
INFO:root:TEST batch 5 / 7 - measures partial microavg - precision 1.0000 - recall 1.0000 - f1 1.0000 
INFO:root:TEST batch 5 / 7 - measures partial for class 0 - precision 0.0000 - recall 0.0000 - f1 0.0000 
INFO:root:TEST batch 5 / 7 - measures partial for class 1 - precision 1.0000 - recall 1.0000 - f1 1.0000 
INFO:root:TEST batch 5 / 7 - Batch time 0 
INFO:root:TEST batch 6 / 7 - partial error 0.0035 - partial loss 3.0982 - partial MRR  0.0000 - partial MAP 0.9965
INFO:root:TEST batch 6 / 7 -  partial tp {0: tensor(0), 1: tensor(47)},fn {0: tensor(0), 1: tensor(0)},fp {0: tensor(0), 1: tensor(0)}
INFO:root:TEST batch 6 / 7 - measures partial microavg - precision 1.0000 - recall 1.0000 - f1 1.0000 
INFO:root:TEST batch 6 / 7 - measures partial for class 0 - precision 0.0000 - recall 0.0000 - f1 0.0000 
INFO:root:TEST batch 6 / 7 - measures partial for class 1 - precision 1.0000 - recall 1.0000 - f1 1.0000 
INFO:root:TEST batch 6 / 7 - Batch time 0 
INFO:root:TEST batch 7 / 7 - partial error 0.0030 - partial loss 2.6556 - partial MRR  0.0000 - partial MAP 0.9970
INFO:root:TEST batch 7 / 7 -  partial tp {0: tensor(0), 1: tensor(47)},fn {0: tensor(0), 1: tensor(0)},fp {0: tensor(0), 1: tensor(0)}
INFO:root:TEST batch 7 / 7 - measures partial microavg - precision 1.0000 - recall 1.0000 - f1 1.0000 
INFO:root:TEST batch 7 / 7 - measures partial for class 0 - precision 0.0000 - recall 0.0000 - f1 0.0000 
INFO:root:TEST batch 7 / 7 - measures partial for class 1 - precision 1.0000 - recall 1.0000 - f1 1.0000 
INFO:root:TEST batch 7 / 7 - Batch time 0 
INFO:root:TEST mean losses tensor(2.6556)
INFO:root:TEST mean errors 0.0030395134817808867
INFO:root:TEST mean MRR 0.0 - mean MAP 0.996960461139679
INFO:root:TEST tp {0: tensor(0), 1: tensor(328)},fn {0: tensor(1), 1: tensor(0)},fp {0: tensor(0), 1: tensor(1)}
INFO:root:TEST measures microavg - precision 0.9970 - recall 0.9970 - f1 0.9970 
INFO:root:TEST measures for class 0 - precision 0.0000 - recall 0.0000 - f1 0.0000 
INFO:root:TEST measures for class 1 - precision 0.9970 - recall 1.0000 - f1 0.9985 
INFO:root:TEST measures@10 microavg - precision 1.0000 - recall 0.2128 - f1 0.3509 
INFO:root:TEST measures@10 for class 0 - precision 0.0000 - recall 0.0000 - f1 0.0000 
INFO:root:TEST measures@10 for class 1 - precision 1.0000 - recall 0.2134 - f1 0.3518 
INFO:root:TEST measures@100 microavg - precision 0.9970 - recall 0.9970 - f1 0.9970 
INFO:root:TEST measures@100 for class 0 - precision 0.0000 - recall 0.0000 - f1 0.0000 
INFO:root:TEST measures@100 for class 1 - precision 0.9970 - recall 1.0000 - f1 0.9985 
INFO:root:TEST measures@1000 microavg - precision 0.9970 - recall 0.9970 - f1 0.9970 
INFO:root:TEST measures@1000 for class 0 - precision 0.0000 - recall 0.0000 - f1 0.0000 
INFO:root:TEST measures@1000 for class 1 - precision 0.9970 - recall 1.0000 - f1 0.9985 
INFO:root:TEST Total epoch time: 0.08426758299992798
INFO:root:################ TRAIN epoch 37 ###################
INFO:root:TRAIN mean losses tensor(0.)
INFO:root:TRAIN mean errors 0.0
INFO:root:TRAIN mean MRR 0.0 - mean MAP 1.0
INFO:root:TRAIN tp {0: tensor(0), 1: tensor(1410)},fn {0: tensor(0), 1: tensor(0)},fp {0: tensor(0), 1: tensor(0)}
INFO:root:TRAIN measures microavg - precision 1.0000 - recall 1.0000 - f1 1.0000 
INFO:root:TRAIN measures for class 0 - precision 0.0000 - recall 0.0000 - f1 0.0000 
INFO:root:TRAIN measures for class 1 - precision 1.0000 - recall 1.0000 - f1 1.0000 
INFO:root:TRAIN measures@10 microavg - precision 1.0000 - recall 0.2128 - f1 0.3509 
INFO:root:TRAIN measures@10 for class 0 - precision 0.0000 - recall 0.0000 - f1 0.0000 
INFO:root:TRAIN measures@10 for class 1 - precision 1.0000 - recall 0.2128 - f1 0.3509 
INFO:root:TRAIN measures@100 microavg - precision 1.0000 - recall 1.0000 - f1 1.0000 
INFO:root:TRAIN measures@100 for class 0 - precision 0.0000 - recall 0.0000 - f1 0.0000 
INFO:root:TRAIN measures@100 for class 1 - precision 1.0000 - recall 1.0000 - f1 1.0000 
INFO:root:TRAIN measures@1000 microavg - precision 1.0000 - recall 1.0000 - f1 1.0000 
INFO:root:TRAIN measures@1000 for class 0 - precision 0.0000 - recall 0.0000 - f1 0.0000 
INFO:root:TRAIN measures@1000 for class 1 - precision 1.0000 - recall 1.0000 - f1 1.0000 
INFO:root:TRAIN Total epoch time: 0.535093056000278
INFO:root:################ VALID epoch 37 ###################
INFO:root:VALID mean losses tensor(0.)
INFO:root:VALID mean errors 0.0
INFO:root:VALID mean MRR 0.0 - mean MAP 1.0
INFO:root:VALID tp {0: tensor(0), 1: tensor(282)},fn {0: tensor(0), 1: tensor(0)},fp {0: tensor(0), 1: tensor(0)}
INFO:root:VALID measures microavg - precision 1.0000 - recall 1.0000 - f1 1.0000 
INFO:root:VALID measures for class 0 - precision 0.0000 - recall 0.0000 - f1 0.0000 
INFO:root:VALID measures for class 1 - precision 1.0000 - recall 1.0000 - f1 1.0000 
INFO:root:VALID measures@10 microavg - precision 1.0000 - recall 0.2128 - f1 0.3509 
INFO:root:VALID measures@10 for class 0 - precision 0.0000 - recall 0.0000 - f1 0.0000 
INFO:root:VALID measures@10 for class 1 - precision 1.0000 - recall 0.2128 - f1 0.3509 
INFO:root:VALID measures@100 microavg - precision 1.0000 - recall 1.0000 - f1 1.0000 
INFO:root:VALID measures@100 for class 0 - precision 0.0000 - recall 0.0000 - f1 0.0000 
INFO:root:VALID measures@100 for class 1 - precision 1.0000 - recall 1.0000 - f1 1.0000 
INFO:root:VALID measures@1000 microavg - precision 1.0000 - recall 1.0000 - f1 1.0000 
INFO:root:VALID measures@1000 for class 0 - precision 0.0000 - recall 0.0000 - f1 0.0000 
INFO:root:VALID measures@1000 for class 1 - precision 1.0000 - recall 1.0000 - f1 1.0000 
INFO:root:VALID Total epoch time: 0.06784669200033022
INFO:root:################ TEST epoch 37 ###################
INFO:root:TEST batch 1 / 7 - partial error 0.0000 - partial loss 0.0000 - partial MRR  0.0000 - partial MAP 1.0000
INFO:root:TEST batch 1 / 7 -  partial tp {0: tensor(0), 1: tensor(47)},fn {0: tensor(0), 1: tensor(0)},fp {0: tensor(0), 1: tensor(0)}
INFO:root:TEST batch 1 / 7 - measures partial microavg - precision 1.0000 - recall 1.0000 - f1 1.0000 
INFO:root:TEST batch 1 / 7 - measures partial for class 0 - precision 0.0000 - recall 0.0000 - f1 0.0000 
INFO:root:TEST batch 1 / 7 - measures partial for class 1 - precision 1.0000 - recall 1.0000 - f1 1.0000 
INFO:root:TEST batch 1 / 7 - Batch time 0 
INFO:root:TEST batch 2 / 7 - partial error 0.0106 - partial loss 9.0740 - partial MRR  0.0000 - partial MAP 0.9894
INFO:root:TEST batch 2 / 7 -  partial tp {0: tensor(0), 1: tensor(46)},fn {0: tensor(1), 1: tensor(0)},fp {0: tensor(0), 1: tensor(1)}
INFO:root:TEST batch 2 / 7 - measures partial microavg - precision 0.9787 - recall 0.9787 - f1 0.9787 
INFO:root:TEST batch 2 / 7 - measures partial for class 0 - precision 0.0000 - recall 0.0000 - f1 0.0000 
INFO:root:TEST batch 2 / 7 - measures partial for class 1 - precision 0.9787 - recall 1.0000 - f1 0.9892 
INFO:root:TEST batch 2 / 7 - Batch time 0 
INFO:root:TEST batch 3 / 7 - partial error 0.0071 - partial loss 6.0493 - partial MRR  0.0000 - partial MAP 0.9929
INFO:root:TEST batch 3 / 7 -  partial tp {0: tensor(0), 1: tensor(47)},fn {0: tensor(0), 1: tensor(0)},fp {0: tensor(0), 1: tensor(0)}
INFO:root:TEST batch 3 / 7 - measures partial microavg - precision 1.0000 - recall 1.0000 - f1 1.0000 
INFO:root:TEST batch 3 / 7 - measures partial for class 0 - precision 0.0000 - recall 0.0000 - f1 0.0000 
INFO:root:TEST batch 3 / 7 - measures partial for class 1 - precision 1.0000 - recall 1.0000 - f1 1.0000 
INFO:root:TEST batch 3 / 7 - Batch time 0 
INFO:root:TEST batch 4 / 7 - partial error 0.0053 - partial loss 4.5370 - partial MRR  0.0000 - partial MAP 0.9947
INFO:root:TEST batch 4 / 7 -  partial tp {0: tensor(0), 1: tensor(47)},fn {0: tensor(0), 1: tensor(0)},fp {0: tensor(0), 1: tensor(0)}
INFO:root:TEST batch 4 / 7 - measures partial microavg - precision 1.0000 - recall 1.0000 - f1 1.0000 
INFO:root:TEST batch 4 / 7 - measures partial for class 0 - precision 0.0000 - recall 0.0000 - f1 0.0000 
INFO:root:TEST batch 4 / 7 - measures partial for class 1 - precision 1.0000 - recall 1.0000 - f1 1.0000 
INFO:root:TEST batch 4 / 7 - Batch time 0 
INFO:root:TEST batch 5 / 7 - partial error 0.0043 - partial loss 3.6296 - partial MRR  0.0000 - partial MAP 0.9957
INFO:root:TEST batch 5 / 7 -  partial tp {0: tensor(0), 1: tensor(47)},fn {0: tensor(0), 1: tensor(0)},fp {0: tensor(0), 1: tensor(0)}
INFO:root:TEST batch 5 / 7 - measures partial microavg - precision 1.0000 - recall 1.0000 - f1 1.0000 
INFO:root:TEST batch 5 / 7 - measures partial for class 0 - precision 0.0000 - recall 0.0000 - f1 0.0000 
INFO:root:TEST batch 5 / 7 - measures partial for class 1 - precision 1.0000 - recall 1.0000 - f1 1.0000 
INFO:root:TEST batch 5 / 7 - Batch time 0 
INFO:root:TEST batch 6 / 7 - partial error 0.0035 - partial loss 3.0247 - partial MRR  0.0000 - partial MAP 0.9965
INFO:root:TEST batch 6 / 7 -  partial tp {0: tensor(0), 1: tensor(47)},fn {0: tensor(0), 1: tensor(0)},fp {0: tensor(0), 1: tensor(0)}
INFO:root:TEST batch 6 / 7 - measures partial microavg - precision 1.0000 - recall 1.0000 - f1 1.0000 
INFO:root:TEST batch 6 / 7 - measures partial for class 0 - precision 0.0000 - recall 0.0000 - f1 0.0000 
INFO:root:TEST batch 6 / 7 - measures partial for class 1 - precision 1.0000 - recall 1.0000 - f1 1.0000 
INFO:root:TEST batch 6 / 7 - Batch time 0 
INFO:root:TEST batch 7 / 7 - partial error 0.0030 - partial loss 2.5926 - partial MRR  0.0000 - partial MAP 0.9970
INFO:root:TEST batch 7 / 7 -  partial tp {0: tensor(0), 1: tensor(47)},fn {0: tensor(0), 1: tensor(0)},fp {0: tensor(0), 1: tensor(0)}
INFO:root:TEST batch 7 / 7 - measures partial microavg - precision 1.0000 - recall 1.0000 - f1 1.0000 
INFO:root:TEST batch 7 / 7 - measures partial for class 0 - precision 0.0000 - recall 0.0000 - f1 0.0000 
INFO:root:TEST batch 7 / 7 - measures partial for class 1 - precision 1.0000 - recall 1.0000 - f1 1.0000 
INFO:root:TEST batch 7 / 7 - Batch time 0 
INFO:root:TEST mean losses tensor(2.5926)
INFO:root:TEST mean errors 0.0030395134817808867
INFO:root:TEST mean MRR 0.0 - mean MAP 0.996960461139679
INFO:root:TEST tp {0: tensor(0), 1: tensor(328)},fn {0: tensor(1), 1: tensor(0)},fp {0: tensor(0), 1: tensor(1)}
INFO:root:TEST measures microavg - precision 0.9970 - recall 0.9970 - f1 0.9970 
INFO:root:TEST measures for class 0 - precision 0.0000 - recall 0.0000 - f1 0.0000 
INFO:root:TEST measures for class 1 - precision 0.9970 - recall 1.0000 - f1 0.9985 
INFO:root:TEST measures@10 microavg - precision 1.0000 - recall 0.2128 - f1 0.3509 
INFO:root:TEST measures@10 for class 0 - precision 0.0000 - recall 0.0000 - f1 0.0000 
INFO:root:TEST measures@10 for class 1 - precision 1.0000 - recall 0.2134 - f1 0.3518 
INFO:root:TEST measures@100 microavg - precision 0.9970 - recall 0.9970 - f1 0.9970 
INFO:root:TEST measures@100 for class 0 - precision 0.0000 - recall 0.0000 - f1 0.0000 
INFO:root:TEST measures@100 for class 1 - precision 0.9970 - recall 1.0000 - f1 0.9985 
INFO:root:TEST measures@1000 microavg - precision 0.9970 - recall 0.9970 - f1 0.9970 
INFO:root:TEST measures@1000 for class 0 - precision 0.0000 - recall 0.0000 - f1 0.0000 
INFO:root:TEST measures@1000 for class 1 - precision 0.9970 - recall 1.0000 - f1 0.9985 
INFO:root:TEST Total epoch time: 0.08638753800005361
INFO:root:################ TRAIN epoch 38 ###################
INFO:root:TRAIN mean losses tensor(0.)
INFO:root:TRAIN mean errors 0.0
INFO:root:TRAIN mean MRR 0.0 - mean MAP 1.0
INFO:root:TRAIN tp {0: tensor(0), 1: tensor(1410)},fn {0: tensor(0), 1: tensor(0)},fp {0: tensor(0), 1: tensor(0)}
INFO:root:TRAIN measures microavg - precision 1.0000 - recall 1.0000 - f1 1.0000 
INFO:root:TRAIN measures for class 0 - precision 0.0000 - recall 0.0000 - f1 0.0000 
INFO:root:TRAIN measures for class 1 - precision 1.0000 - recall 1.0000 - f1 1.0000 
INFO:root:TRAIN measures@10 microavg - precision 1.0000 - recall 0.2128 - f1 0.3509 
INFO:root:TRAIN measures@10 for class 0 - precision 0.0000 - recall 0.0000 - f1 0.0000 
INFO:root:TRAIN measures@10 for class 1 - precision 1.0000 - recall 0.2128 - f1 0.3509 
INFO:root:TRAIN measures@100 microavg - precision 1.0000 - recall 1.0000 - f1 1.0000 
INFO:root:TRAIN measures@100 for class 0 - precision 0.0000 - recall 0.0000 - f1 0.0000 
INFO:root:TRAIN measures@100 for class 1 - precision 1.0000 - recall 1.0000 - f1 1.0000 
INFO:root:TRAIN measures@1000 microavg - precision 1.0000 - recall 1.0000 - f1 1.0000 
INFO:root:TRAIN measures@1000 for class 0 - precision 0.0000 - recall 0.0000 - f1 0.0000 
INFO:root:TRAIN measures@1000 for class 1 - precision 1.0000 - recall 1.0000 - f1 1.0000 
INFO:root:TRAIN Total epoch time: 0.5349658519999139
INFO:root:################ VALID epoch 38 ###################
INFO:root:VALID mean losses tensor(0.)
INFO:root:VALID mean errors 0.0
INFO:root:VALID mean MRR 0.0 - mean MAP 1.0
INFO:root:VALID tp {0: tensor(0), 1: tensor(282)},fn {0: tensor(0), 1: tensor(0)},fp {0: tensor(0), 1: tensor(0)}
INFO:root:VALID measures microavg - precision 1.0000 - recall 1.0000 - f1 1.0000 
INFO:root:VALID measures for class 0 - precision 0.0000 - recall 0.0000 - f1 0.0000 
INFO:root:VALID measures for class 1 - precision 1.0000 - recall 1.0000 - f1 1.0000 
INFO:root:VALID measures@10 microavg - precision 1.0000 - recall 0.2128 - f1 0.3509 
INFO:root:VALID measures@10 for class 0 - precision 0.0000 - recall 0.0000 - f1 0.0000 
INFO:root:VALID measures@10 for class 1 - precision 1.0000 - recall 0.2128 - f1 0.3509 
INFO:root:VALID measures@100 microavg - precision 1.0000 - recall 1.0000 - f1 1.0000 
INFO:root:VALID measures@100 for class 0 - precision 0.0000 - recall 0.0000 - f1 0.0000 
INFO:root:VALID measures@100 for class 1 - precision 1.0000 - recall 1.0000 - f1 1.0000 
INFO:root:VALID measures@1000 microavg - precision 1.0000 - recall 1.0000 - f1 1.0000 
INFO:root:VALID measures@1000 for class 0 - precision 0.0000 - recall 0.0000 - f1 0.0000 
INFO:root:VALID measures@1000 for class 1 - precision 1.0000 - recall 1.0000 - f1 1.0000 
INFO:root:VALID Total epoch time: 0.06747164300031727
INFO:root:################ TEST epoch 38 ###################
INFO:root:TEST batch 1 / 7 - partial error 0.0000 - partial loss 0.0000 - partial MRR  0.0000 - partial MAP 1.0000
INFO:root:TEST batch 1 / 7 -  partial tp {0: tensor(0), 1: tensor(47)},fn {0: tensor(0), 1: tensor(0)},fp {0: tensor(0), 1: tensor(0)}
INFO:root:TEST batch 1 / 7 - measures partial microavg - precision 1.0000 - recall 1.0000 - f1 1.0000 
INFO:root:TEST batch 1 / 7 - measures partial for class 0 - precision 0.0000 - recall 0.0000 - f1 0.0000 
INFO:root:TEST batch 1 / 7 - measures partial for class 1 - precision 1.0000 - recall 1.0000 - f1 1.0000 
INFO:root:TEST batch 1 / 7 - Batch time 0 
INFO:root:TEST batch 2 / 7 - partial error 0.0106 - partial loss 9.2593 - partial MRR  0.0000 - partial MAP 0.9894
INFO:root:TEST batch 2 / 7 -  partial tp {0: tensor(0), 1: tensor(46)},fn {0: tensor(1), 1: tensor(0)},fp {0: tensor(0), 1: tensor(1)}
INFO:root:TEST batch 2 / 7 - measures partial microavg - precision 0.9787 - recall 0.9787 - f1 0.9787 
INFO:root:TEST batch 2 / 7 - measures partial for class 0 - precision 0.0000 - recall 0.0000 - f1 0.0000 
INFO:root:TEST batch 2 / 7 - measures partial for class 1 - precision 0.9787 - recall 1.0000 - f1 0.9892 
INFO:root:TEST batch 2 / 7 - Batch time 0 
INFO:root:TEST batch 3 / 7 - partial error 0.0071 - partial loss 6.1729 - partial MRR  0.0000 - partial MAP 0.9929
INFO:root:TEST batch 3 / 7 -  partial tp {0: tensor(0), 1: tensor(47)},fn {0: tensor(0), 1: tensor(0)},fp {0: tensor(0), 1: tensor(0)}
INFO:root:TEST batch 3 / 7 - measures partial microavg - precision 1.0000 - recall 1.0000 - f1 1.0000 
INFO:root:TEST batch 3 / 7 - measures partial for class 0 - precision 0.0000 - recall 0.0000 - f1 0.0000 
INFO:root:TEST batch 3 / 7 - measures partial for class 1 - precision 1.0000 - recall 1.0000 - f1 1.0000 
INFO:root:TEST batch 3 / 7 - Batch time 0 
INFO:root:TEST batch 4 / 7 - partial error 0.0053 - partial loss 4.6297 - partial MRR  0.0000 - partial MAP 0.9947
INFO:root:TEST batch 4 / 7 -  partial tp {0: tensor(0), 1: tensor(47)},fn {0: tensor(0), 1: tensor(0)},fp {0: tensor(0), 1: tensor(0)}
INFO:root:TEST batch 4 / 7 - measures partial microavg - precision 1.0000 - recall 1.0000 - f1 1.0000 
INFO:root:TEST batch 4 / 7 - measures partial for class 0 - precision 0.0000 - recall 0.0000 - f1 0.0000 
INFO:root:TEST batch 4 / 7 - measures partial for class 1 - precision 1.0000 - recall 1.0000 - f1 1.0000 
INFO:root:TEST batch 4 / 7 - Batch time 0 
INFO:root:TEST batch 5 / 7 - partial error 0.0043 - partial loss 3.7037 - partial MRR  0.0000 - partial MAP 0.9957
INFO:root:TEST batch 5 / 7 -  partial tp {0: tensor(0), 1: tensor(47)},fn {0: tensor(0), 1: tensor(0)},fp {0: tensor(0), 1: tensor(0)}
INFO:root:TEST batch 5 / 7 - measures partial microavg - precision 1.0000 - recall 1.0000 - f1 1.0000 
INFO:root:TEST batch 5 / 7 - measures partial for class 0 - precision 0.0000 - recall 0.0000 - f1 0.0000 
INFO:root:TEST batch 5 / 7 - measures partial for class 1 - precision 1.0000 - recall 1.0000 - f1 1.0000 
INFO:root:TEST batch 5 / 7 - Batch time 0 
INFO:root:TEST batch 6 / 7 - partial error 0.0035 - partial loss 3.0864 - partial MRR  0.0000 - partial MAP 0.9965
INFO:root:TEST batch 6 / 7 -  partial tp {0: tensor(0), 1: tensor(47)},fn {0: tensor(0), 1: tensor(0)},fp {0: tensor(0), 1: tensor(0)}
INFO:root:TEST batch 6 / 7 - measures partial microavg - precision 1.0000 - recall 1.0000 - f1 1.0000 
INFO:root:TEST batch 6 / 7 - measures partial for class 0 - precision 0.0000 - recall 0.0000 - f1 0.0000 
INFO:root:TEST batch 6 / 7 - measures partial for class 1 - precision 1.0000 - recall 1.0000 - f1 1.0000 
INFO:root:TEST batch 6 / 7 - Batch time 0 
INFO:root:TEST batch 7 / 7 - partial error 0.0030 - partial loss 2.6455 - partial MRR  0.0000 - partial MAP 0.9970
INFO:root:TEST batch 7 / 7 -  partial tp {0: tensor(0), 1: tensor(47)},fn {0: tensor(0), 1: tensor(0)},fp {0: tensor(0), 1: tensor(0)}
INFO:root:TEST batch 7 / 7 - measures partial microavg - precision 1.0000 - recall 1.0000 - f1 1.0000 
INFO:root:TEST batch 7 / 7 - measures partial for class 0 - precision 0.0000 - recall 0.0000 - f1 0.0000 
INFO:root:TEST batch 7 / 7 - measures partial for class 1 - precision 1.0000 - recall 1.0000 - f1 1.0000 
INFO:root:TEST batch 7 / 7 - Batch time 0 
INFO:root:TEST mean losses tensor(2.6455)
INFO:root:TEST mean errors 0.0030395134817808867
INFO:root:TEST mean MRR 0.0 - mean MAP 0.996960461139679
INFO:root:TEST tp {0: tensor(0), 1: tensor(328)},fn {0: tensor(1), 1: tensor(0)},fp {0: tensor(0), 1: tensor(1)}
INFO:root:TEST measures microavg - precision 0.9970 - recall 0.9970 - f1 0.9970 
INFO:root:TEST measures for class 0 - precision 0.0000 - recall 0.0000 - f1 0.0000 
INFO:root:TEST measures for class 1 - precision 0.9970 - recall 1.0000 - f1 0.9985 
INFO:root:TEST measures@10 microavg - precision 1.0000 - recall 0.2128 - f1 0.3509 
INFO:root:TEST measures@10 for class 0 - precision 0.0000 - recall 0.0000 - f1 0.0000 
INFO:root:TEST measures@10 for class 1 - precision 1.0000 - recall 0.2134 - f1 0.3518 
INFO:root:TEST measures@100 microavg - precision 0.9970 - recall 0.9970 - f1 0.9970 
INFO:root:TEST measures@100 for class 0 - precision 0.0000 - recall 0.0000 - f1 0.0000 
INFO:root:TEST measures@100 for class 1 - precision 0.9970 - recall 1.0000 - f1 0.9985 
INFO:root:TEST measures@1000 microavg - precision 0.9970 - recall 0.9970 - f1 0.9970 
INFO:root:TEST measures@1000 for class 0 - precision 0.0000 - recall 0.0000 - f1 0.0000 
INFO:root:TEST measures@1000 for class 1 - precision 0.9970 - recall 1.0000 - f1 0.9985 
INFO:root:TEST Total epoch time: 0.08716998299996703
INFO:root:################ TRAIN epoch 39 ###################
INFO:root:TRAIN mean losses tensor(0.)
INFO:root:TRAIN mean errors 0.0
INFO:root:TRAIN mean MRR 0.0 - mean MAP 1.0
INFO:root:TRAIN tp {0: tensor(0), 1: tensor(1410)},fn {0: tensor(0), 1: tensor(0)},fp {0: tensor(0), 1: tensor(0)}
INFO:root:TRAIN measures microavg - precision 1.0000 - recall 1.0000 - f1 1.0000 
INFO:root:TRAIN measures for class 0 - precision 0.0000 - recall 0.0000 - f1 0.0000 
INFO:root:TRAIN measures for class 1 - precision 1.0000 - recall 1.0000 - f1 1.0000 
INFO:root:TRAIN measures@10 microavg - precision 1.0000 - recall 0.2128 - f1 0.3509 
INFO:root:TRAIN measures@10 for class 0 - precision 0.0000 - recall 0.0000 - f1 0.0000 
INFO:root:TRAIN measures@10 for class 1 - precision 1.0000 - recall 0.2128 - f1 0.3509 
INFO:root:TRAIN measures@100 microavg - precision 1.0000 - recall 1.0000 - f1 1.0000 
INFO:root:TRAIN measures@100 for class 0 - precision 0.0000 - recall 0.0000 - f1 0.0000 
INFO:root:TRAIN measures@100 for class 1 - precision 1.0000 - recall 1.0000 - f1 1.0000 
INFO:root:TRAIN measures@1000 microavg - precision 1.0000 - recall 1.0000 - f1 1.0000 
INFO:root:TRAIN measures@1000 for class 0 - precision 0.0000 - recall 0.0000 - f1 0.0000 
INFO:root:TRAIN measures@1000 for class 1 - precision 1.0000 - recall 1.0000 - f1 1.0000 
INFO:root:TRAIN Total epoch time: 0.5366858229999707
INFO:root:################ VALID epoch 39 ###################
INFO:root:VALID mean losses tensor(0.)
INFO:root:VALID mean errors 0.0
INFO:root:VALID mean MRR 0.0 - mean MAP 1.0
INFO:root:VALID tp {0: tensor(0), 1: tensor(282)},fn {0: tensor(0), 1: tensor(0)},fp {0: tensor(0), 1: tensor(0)}
INFO:root:VALID measures microavg - precision 1.0000 - recall 1.0000 - f1 1.0000 
INFO:root:VALID measures for class 0 - precision 0.0000 - recall 0.0000 - f1 0.0000 
INFO:root:VALID measures for class 1 - precision 1.0000 - recall 1.0000 - f1 1.0000 
INFO:root:VALID measures@10 microavg - precision 1.0000 - recall 0.2128 - f1 0.3509 
INFO:root:VALID measures@10 for class 0 - precision 0.0000 - recall 0.0000 - f1 0.0000 
INFO:root:VALID measures@10 for class 1 - precision 1.0000 - recall 0.2128 - f1 0.3509 
INFO:root:VALID measures@100 microavg - precision 1.0000 - recall 1.0000 - f1 1.0000 
INFO:root:VALID measures@100 for class 0 - precision 0.0000 - recall 0.0000 - f1 0.0000 
INFO:root:VALID measures@100 for class 1 - precision 1.0000 - recall 1.0000 - f1 1.0000 
INFO:root:VALID measures@1000 microavg - precision 1.0000 - recall 1.0000 - f1 1.0000 
INFO:root:VALID measures@1000 for class 0 - precision 0.0000 - recall 0.0000 - f1 0.0000 
INFO:root:VALID measures@1000 for class 1 - precision 1.0000 - recall 1.0000 - f1 1.0000 
INFO:root:VALID Total epoch time: 0.06748852700002317
INFO:root:################ TEST epoch 39 ###################
INFO:root:TEST batch 1 / 7 - partial error 0.0000 - partial loss 0.0000 - partial MRR  0.0000 - partial MAP 1.0000
INFO:root:TEST batch 1 / 7 -  partial tp {0: tensor(0), 1: tensor(47)},fn {0: tensor(0), 1: tensor(0)},fp {0: tensor(0), 1: tensor(0)}
INFO:root:TEST batch 1 / 7 - measures partial microavg - precision 1.0000 - recall 1.0000 - f1 1.0000 
INFO:root:TEST batch 1 / 7 - measures partial for class 0 - precision 0.0000 - recall 0.0000 - f1 0.0000 
INFO:root:TEST batch 1 / 7 - measures partial for class 1 - precision 1.0000 - recall 1.0000 - f1 1.0000 
INFO:root:TEST batch 1 / 7 - Batch time 0 
INFO:root:TEST batch 2 / 7 - partial error 0.0106 - partial loss 9.1100 - partial MRR  0.0000 - partial MAP 0.9894
INFO:root:TEST batch 2 / 7 -  partial tp {0: tensor(0), 1: tensor(46)},fn {0: tensor(1), 1: tensor(0)},fp {0: tensor(0), 1: tensor(1)}
INFO:root:TEST batch 2 / 7 - measures partial microavg - precision 0.9787 - recall 0.9787 - f1 0.9787 
INFO:root:TEST batch 2 / 7 - measures partial for class 0 - precision 0.0000 - recall 0.0000 - f1 0.0000 
INFO:root:TEST batch 2 / 7 - measures partial for class 1 - precision 0.9787 - recall 1.0000 - f1 0.9892 
INFO:root:TEST batch 2 / 7 - Batch time 0 
INFO:root:TEST batch 3 / 7 - partial error 0.0071 - partial loss 6.0734 - partial MRR  0.0000 - partial MAP 0.9929
INFO:root:TEST batch 3 / 7 -  partial tp {0: tensor(0), 1: tensor(47)},fn {0: tensor(0), 1: tensor(0)},fp {0: tensor(0), 1: tensor(0)}
INFO:root:TEST batch 3 / 7 - measures partial microavg - precision 1.0000 - recall 1.0000 - f1 1.0000 
INFO:root:TEST batch 3 / 7 - measures partial for class 0 - precision 0.0000 - recall 0.0000 - f1 0.0000 
INFO:root:TEST batch 3 / 7 - measures partial for class 1 - precision 1.0000 - recall 1.0000 - f1 1.0000 
INFO:root:TEST batch 3 / 7 - Batch time 0 
INFO:root:TEST batch 4 / 7 - partial error 0.0053 - partial loss 4.5550 - partial MRR  0.0000 - partial MAP 0.9947
INFO:root:TEST batch 4 / 7 -  partial tp {0: tensor(0), 1: tensor(47)},fn {0: tensor(0), 1: tensor(0)},fp {0: tensor(0), 1: tensor(0)}
INFO:root:TEST batch 4 / 7 - measures partial microavg - precision 1.0000 - recall 1.0000 - f1 1.0000 
INFO:root:TEST batch 4 / 7 - measures partial for class 0 - precision 0.0000 - recall 0.0000 - f1 0.0000 
INFO:root:TEST batch 4 / 7 - measures partial for class 1 - precision 1.0000 - recall 1.0000 - f1 1.0000 
INFO:root:TEST batch 4 / 7 - Batch time 0 
INFO:root:TEST batch 5 / 7 - partial error 0.0043 - partial loss 3.6440 - partial MRR  0.0000 - partial MAP 0.9957
INFO:root:TEST batch 5 / 7 -  partial tp {0: tensor(0), 1: tensor(47)},fn {0: tensor(0), 1: tensor(0)},fp {0: tensor(0), 1: tensor(0)}
INFO:root:TEST batch 5 / 7 - measures partial microavg - precision 1.0000 - recall 1.0000 - f1 1.0000 
INFO:root:TEST batch 5 / 7 - measures partial for class 0 - precision 0.0000 - recall 0.0000 - f1 0.0000 
INFO:root:TEST batch 5 / 7 - measures partial for class 1 - precision 1.0000 - recall 1.0000 - f1 1.0000 
INFO:root:TEST batch 5 / 7 - Batch time 0 
INFO:root:TEST batch 6 / 7 - partial error 0.0035 - partial loss 3.0367 - partial MRR  0.0000 - partial MAP 0.9965
INFO:root:TEST batch 6 / 7 -  partial tp {0: tensor(0), 1: tensor(47)},fn {0: tensor(0), 1: tensor(0)},fp {0: tensor(0), 1: tensor(0)}
INFO:root:TEST batch 6 / 7 - measures partial microavg - precision 1.0000 - recall 1.0000 - f1 1.0000 
INFO:root:TEST batch 6 / 7 - measures partial for class 0 - precision 0.0000 - recall 0.0000 - f1 0.0000 
INFO:root:TEST batch 6 / 7 - measures partial for class 1 - precision 1.0000 - recall 1.0000 - f1 1.0000 
INFO:root:TEST batch 6 / 7 - Batch time 0 
INFO:root:TEST batch 7 / 7 - partial error 0.0030 - partial loss 2.6029 - partial MRR  0.0000 - partial MAP 0.9970
INFO:root:TEST batch 7 / 7 -  partial tp {0: tensor(0), 1: tensor(47)},fn {0: tensor(0), 1: tensor(0)},fp {0: tensor(0), 1: tensor(0)}
INFO:root:TEST batch 7 / 7 - measures partial microavg - precision 1.0000 - recall 1.0000 - f1 1.0000 
INFO:root:TEST batch 7 / 7 - measures partial for class 0 - precision 0.0000 - recall 0.0000 - f1 0.0000 
INFO:root:TEST batch 7 / 7 - measures partial for class 1 - precision 1.0000 - recall 1.0000 - f1 1.0000 
INFO:root:TEST batch 7 / 7 - Batch time 0 
INFO:root:TEST mean losses tensor(2.6029)
INFO:root:TEST mean errors 0.0030395134817808867
INFO:root:TEST mean MRR 0.0 - mean MAP 0.996960461139679
INFO:root:TEST tp {0: tensor(0), 1: tensor(328)},fn {0: tensor(1), 1: tensor(0)},fp {0: tensor(0), 1: tensor(1)}
INFO:root:TEST measures microavg - precision 0.9970 - recall 0.9970 - f1 0.9970 
INFO:root:TEST measures for class 0 - precision 0.0000 - recall 0.0000 - f1 0.0000 
INFO:root:TEST measures for class 1 - precision 0.9970 - recall 1.0000 - f1 0.9985 
INFO:root:TEST measures@10 microavg - precision 1.0000 - recall 0.2128 - f1 0.3509 
INFO:root:TEST measures@10 for class 0 - precision 0.0000 - recall 0.0000 - f1 0.0000 
INFO:root:TEST measures@10 for class 1 - precision 1.0000 - recall 0.2134 - f1 0.3518 
INFO:root:TEST measures@100 microavg - precision 0.9970 - recall 0.9970 - f1 0.9970 
INFO:root:TEST measures@100 for class 0 - precision 0.0000 - recall 0.0000 - f1 0.0000 
INFO:root:TEST measures@100 for class 1 - precision 0.9970 - recall 1.0000 - f1 0.9985 
INFO:root:TEST measures@1000 microavg - precision 0.9970 - recall 0.9970 - f1 0.9970 
INFO:root:TEST measures@1000 for class 0 - precision 0.0000 - recall 0.0000 - f1 0.0000 
INFO:root:TEST measures@1000 for class 1 - precision 0.9970 - recall 1.0000 - f1 0.9985 
INFO:root:TEST Total epoch time: 0.08744886900012716
INFO:root:################ TRAIN epoch 40 ###################
INFO:root:TRAIN mean losses tensor(0.)
INFO:root:TRAIN mean errors 0.0
INFO:root:TRAIN mean MRR 0.0 - mean MAP 1.0
INFO:root:TRAIN tp {0: tensor(0), 1: tensor(1410)},fn {0: tensor(0), 1: tensor(0)},fp {0: tensor(0), 1: tensor(0)}
INFO:root:TRAIN measures microavg - precision 1.0000 - recall 1.0000 - f1 1.0000 
INFO:root:TRAIN measures for class 0 - precision 0.0000 - recall 0.0000 - f1 0.0000 
INFO:root:TRAIN measures for class 1 - precision 1.0000 - recall 1.0000 - f1 1.0000 
INFO:root:TRAIN measures@10 microavg - precision 1.0000 - recall 0.2128 - f1 0.3509 
INFO:root:TRAIN measures@10 for class 0 - precision 0.0000 - recall 0.0000 - f1 0.0000 
INFO:root:TRAIN measures@10 for class 1 - precision 1.0000 - recall 0.2128 - f1 0.3509 
INFO:root:TRAIN measures@100 microavg - precision 1.0000 - recall 1.0000 - f1 1.0000 
INFO:root:TRAIN measures@100 for class 0 - precision 0.0000 - recall 0.0000 - f1 0.0000 
INFO:root:TRAIN measures@100 for class 1 - precision 1.0000 - recall 1.0000 - f1 1.0000 
INFO:root:TRAIN measures@1000 microavg - precision 1.0000 - recall 1.0000 - f1 1.0000 
INFO:root:TRAIN measures@1000 for class 0 - precision 0.0000 - recall 0.0000 - f1 0.0000 
INFO:root:TRAIN measures@1000 for class 1 - precision 1.0000 - recall 1.0000 - f1 1.0000 
INFO:root:TRAIN Total epoch time: 0.5353175569998712
INFO:root:################ VALID epoch 40 ###################
INFO:root:VALID mean losses tensor(0.)
INFO:root:VALID mean errors 0.0
INFO:root:VALID mean MRR 0.0 - mean MAP 1.0
INFO:root:VALID tp {0: tensor(0), 1: tensor(282)},fn {0: tensor(0), 1: tensor(0)},fp {0: tensor(0), 1: tensor(0)}
INFO:root:VALID measures microavg - precision 1.0000 - recall 1.0000 - f1 1.0000 
INFO:root:VALID measures for class 0 - precision 0.0000 - recall 0.0000 - f1 0.0000 
INFO:root:VALID measures for class 1 - precision 1.0000 - recall 1.0000 - f1 1.0000 
INFO:root:VALID measures@10 microavg - precision 1.0000 - recall 0.2128 - f1 0.3509 
INFO:root:VALID measures@10 for class 0 - precision 0.0000 - recall 0.0000 - f1 0.0000 
INFO:root:VALID measures@10 for class 1 - precision 1.0000 - recall 0.2128 - f1 0.3509 
INFO:root:VALID measures@100 microavg - precision 1.0000 - recall 1.0000 - f1 1.0000 
INFO:root:VALID measures@100 for class 0 - precision 0.0000 - recall 0.0000 - f1 0.0000 
INFO:root:VALID measures@100 for class 1 - precision 1.0000 - recall 1.0000 - f1 1.0000 
INFO:root:VALID measures@1000 microavg - precision 1.0000 - recall 1.0000 - f1 1.0000 
INFO:root:VALID measures@1000 for class 0 - precision 0.0000 - recall 0.0000 - f1 0.0000 
INFO:root:VALID measures@1000 for class 1 - precision 1.0000 - recall 1.0000 - f1 1.0000 
INFO:root:VALID Total epoch time: 0.06829600399987612
INFO:root:################ TEST epoch 40 ###################
INFO:root:TEST batch 1 / 7 - partial error 0.0000 - partial loss 0.0000 - partial MRR  0.0000 - partial MAP 1.0000
INFO:root:TEST batch 1 / 7 -  partial tp {0: tensor(0), 1: tensor(47)},fn {0: tensor(0), 1: tensor(0)},fp {0: tensor(0), 1: tensor(0)}
INFO:root:TEST batch 1 / 7 - measures partial microavg - precision 1.0000 - recall 1.0000 - f1 1.0000 
INFO:root:TEST batch 1 / 7 - measures partial for class 0 - precision 0.0000 - recall 0.0000 - f1 0.0000 
INFO:root:TEST batch 1 / 7 - measures partial for class 1 - precision 1.0000 - recall 1.0000 - f1 1.0000 
INFO:root:TEST batch 1 / 7 - Batch time 0 
INFO:root:TEST batch 2 / 7 - partial error 0.0106 - partial loss 9.3953 - partial MRR  0.0000 - partial MAP 0.9894
INFO:root:TEST batch 2 / 7 -  partial tp {0: tensor(0), 1: tensor(46)},fn {0: tensor(1), 1: tensor(0)},fp {0: tensor(0), 1: tensor(1)}
INFO:root:TEST batch 2 / 7 - measures partial microavg - precision 0.9787 - recall 0.9787 - f1 0.9787 
INFO:root:TEST batch 2 / 7 - measures partial for class 0 - precision 0.0000 - recall 0.0000 - f1 0.0000 
INFO:root:TEST batch 2 / 7 - measures partial for class 1 - precision 0.9787 - recall 1.0000 - f1 0.9892 
INFO:root:TEST batch 2 / 7 - Batch time 0 
INFO:root:TEST batch 3 / 7 - partial error 0.0071 - partial loss 6.2636 - partial MRR  0.0000 - partial MAP 0.9929
INFO:root:TEST batch 3 / 7 -  partial tp {0: tensor(0), 1: tensor(47)},fn {0: tensor(0), 1: tensor(0)},fp {0: tensor(0), 1: tensor(0)}
INFO:root:TEST batch 3 / 7 - measures partial microavg - precision 1.0000 - recall 1.0000 - f1 1.0000 
INFO:root:TEST batch 3 / 7 - measures partial for class 0 - precision 0.0000 - recall 0.0000 - f1 0.0000 
INFO:root:TEST batch 3 / 7 - measures partial for class 1 - precision 1.0000 - recall 1.0000 - f1 1.0000 
INFO:root:TEST batch 3 / 7 - Batch time 0 
INFO:root:TEST batch 4 / 7 - partial error 0.0053 - partial loss 4.6977 - partial MRR  0.0000 - partial MAP 0.9947
INFO:root:TEST batch 4 / 7 -  partial tp {0: tensor(0), 1: tensor(47)},fn {0: tensor(0), 1: tensor(0)},fp {0: tensor(0), 1: tensor(0)}
INFO:root:TEST batch 4 / 7 - measures partial microavg - precision 1.0000 - recall 1.0000 - f1 1.0000 
INFO:root:TEST batch 4 / 7 - measures partial for class 0 - precision 0.0000 - recall 0.0000 - f1 0.0000 
INFO:root:TEST batch 4 / 7 - measures partial for class 1 - precision 1.0000 - recall 1.0000 - f1 1.0000 
INFO:root:TEST batch 4 / 7 - Batch time 0 
INFO:root:TEST batch 5 / 7 - partial error 0.0043 - partial loss 3.7581 - partial MRR  0.0000 - partial MAP 0.9957
INFO:root:TEST batch 5 / 7 -  partial tp {0: tensor(0), 1: tensor(47)},fn {0: tensor(0), 1: tensor(0)},fp {0: tensor(0), 1: tensor(0)}
INFO:root:TEST batch 5 / 7 - measures partial microavg - precision 1.0000 - recall 1.0000 - f1 1.0000 
INFO:root:TEST batch 5 / 7 - measures partial for class 0 - precision 0.0000 - recall 0.0000 - f1 0.0000 
INFO:root:TEST batch 5 / 7 - measures partial for class 1 - precision 1.0000 - recall 1.0000 - f1 1.0000 
INFO:root:TEST batch 5 / 7 - Batch time 0 
INFO:root:TEST batch 6 / 7 - partial error 0.0035 - partial loss 3.1318 - partial MRR  0.0000 - partial MAP 0.9965
INFO:root:TEST batch 6 / 7 -  partial tp {0: tensor(0), 1: tensor(47)},fn {0: tensor(0), 1: tensor(0)},fp {0: tensor(0), 1: tensor(0)}
INFO:root:TEST batch 6 / 7 - measures partial microavg - precision 1.0000 - recall 1.0000 - f1 1.0000 
INFO:root:TEST batch 6 / 7 - measures partial for class 0 - precision 0.0000 - recall 0.0000 - f1 0.0000 
INFO:root:TEST batch 6 / 7 - measures partial for class 1 - precision 1.0000 - recall 1.0000 - f1 1.0000 
INFO:root:TEST batch 6 / 7 - Batch time 0 
INFO:root:TEST batch 7 / 7 - partial error 0.0030 - partial loss 2.6844 - partial MRR  0.0000 - partial MAP 0.9970
INFO:root:TEST batch 7 / 7 -  partial tp {0: tensor(0), 1: tensor(47)},fn {0: tensor(0), 1: tensor(0)},fp {0: tensor(0), 1: tensor(0)}
INFO:root:TEST batch 7 / 7 - measures partial microavg - precision 1.0000 - recall 1.0000 - f1 1.0000 
INFO:root:TEST batch 7 / 7 - measures partial for class 0 - precision 0.0000 - recall 0.0000 - f1 0.0000 
INFO:root:TEST batch 7 / 7 - measures partial for class 1 - precision 1.0000 - recall 1.0000 - f1 1.0000 
INFO:root:TEST batch 7 / 7 - Batch time 0 
INFO:root:TEST mean losses tensor(2.6844)
INFO:root:TEST mean errors 0.0030395134817808867
INFO:root:TEST mean MRR 0.0 - mean MAP 0.996960461139679
INFO:root:TEST tp {0: tensor(0), 1: tensor(328)},fn {0: tensor(1), 1: tensor(0)},fp {0: tensor(0), 1: tensor(1)}
INFO:root:TEST measures microavg - precision 0.9970 - recall 0.9970 - f1 0.9970 
INFO:root:TEST measures for class 0 - precision 0.0000 - recall 0.0000 - f1 0.0000 
INFO:root:TEST measures for class 1 - precision 0.9970 - recall 1.0000 - f1 0.9985 
INFO:root:TEST measures@10 microavg - precision 1.0000 - recall 0.2128 - f1 0.3509 
INFO:root:TEST measures@10 for class 0 - precision 0.0000 - recall 0.0000 - f1 0.0000 
INFO:root:TEST measures@10 for class 1 - precision 1.0000 - recall 0.2134 - f1 0.3518 
INFO:root:TEST measures@100 microavg - precision 0.9970 - recall 0.9970 - f1 0.9970 
INFO:root:TEST measures@100 for class 0 - precision 0.0000 - recall 0.0000 - f1 0.0000 
INFO:root:TEST measures@100 for class 1 - precision 0.9970 - recall 1.0000 - f1 0.9985 
INFO:root:TEST measures@1000 microavg - precision 0.9970 - recall 0.9970 - f1 0.9970 
INFO:root:TEST measures@1000 for class 0 - precision 0.0000 - recall 0.0000 - f1 0.0000 
INFO:root:TEST measures@1000 for class 1 - precision 0.9970 - recall 1.0000 - f1 0.9985 
INFO:root:TEST Total epoch time: 0.08774382399997194
INFO:root:################ TRAIN epoch 41 ###################
INFO:root:TRAIN mean losses tensor(0.)
INFO:root:TRAIN mean errors 0.0
INFO:root:TRAIN mean MRR 0.0 - mean MAP 1.0
INFO:root:TRAIN tp {0: tensor(0), 1: tensor(1410)},fn {0: tensor(0), 1: tensor(0)},fp {0: tensor(0), 1: tensor(0)}
INFO:root:TRAIN measures microavg - precision 1.0000 - recall 1.0000 - f1 1.0000 
INFO:root:TRAIN measures for class 0 - precision 0.0000 - recall 0.0000 - f1 0.0000 
INFO:root:TRAIN measures for class 1 - precision 1.0000 - recall 1.0000 - f1 1.0000 
INFO:root:TRAIN measures@10 microavg - precision 1.0000 - recall 0.2128 - f1 0.3509 
INFO:root:TRAIN measures@10 for class 0 - precision 0.0000 - recall 0.0000 - f1 0.0000 
INFO:root:TRAIN measures@10 for class 1 - precision 1.0000 - recall 0.2128 - f1 0.3509 
INFO:root:TRAIN measures@100 microavg - precision 1.0000 - recall 1.0000 - f1 1.0000 
INFO:root:TRAIN measures@100 for class 0 - precision 0.0000 - recall 0.0000 - f1 0.0000 
INFO:root:TRAIN measures@100 for class 1 - precision 1.0000 - recall 1.0000 - f1 1.0000 
INFO:root:TRAIN measures@1000 microavg - precision 1.0000 - recall 1.0000 - f1 1.0000 
INFO:root:TRAIN measures@1000 for class 0 - precision 0.0000 - recall 0.0000 - f1 0.0000 
INFO:root:TRAIN measures@1000 for class 1 - precision 1.0000 - recall 1.0000 - f1 1.0000 
INFO:root:TRAIN Total epoch time: 0.5377567559999079
INFO:root:################ VALID epoch 41 ###################
INFO:root:VALID mean losses tensor(0.)
INFO:root:VALID mean errors 0.0
INFO:root:VALID mean MRR 0.0 - mean MAP 1.0
INFO:root:VALID tp {0: tensor(0), 1: tensor(282)},fn {0: tensor(0), 1: tensor(0)},fp {0: tensor(0), 1: tensor(0)}
INFO:root:VALID measures microavg - precision 1.0000 - recall 1.0000 - f1 1.0000 
INFO:root:VALID measures for class 0 - precision 0.0000 - recall 0.0000 - f1 0.0000 
INFO:root:VALID measures for class 1 - precision 1.0000 - recall 1.0000 - f1 1.0000 
INFO:root:VALID measures@10 microavg - precision 1.0000 - recall 0.2128 - f1 0.3509 
INFO:root:VALID measures@10 for class 0 - precision 0.0000 - recall 0.0000 - f1 0.0000 
INFO:root:VALID measures@10 for class 1 - precision 1.0000 - recall 0.2128 - f1 0.3509 
INFO:root:VALID measures@100 microavg - precision 1.0000 - recall 1.0000 - f1 1.0000 
INFO:root:VALID measures@100 for class 0 - precision 0.0000 - recall 0.0000 - f1 0.0000 
INFO:root:VALID measures@100 for class 1 - precision 1.0000 - recall 1.0000 - f1 1.0000 
INFO:root:VALID measures@1000 microavg - precision 1.0000 - recall 1.0000 - f1 1.0000 
INFO:root:VALID measures@1000 for class 0 - precision 0.0000 - recall 0.0000 - f1 0.0000 
INFO:root:VALID measures@1000 for class 1 - precision 1.0000 - recall 1.0000 - f1 1.0000 
INFO:root:VALID Total epoch time: 0.06853998799988403
INFO:root:################ TEST epoch 41 ###################
INFO:root:TEST batch 1 / 7 - partial error 0.0000 - partial loss 0.0000 - partial MRR  0.0000 - partial MAP 1.0000
INFO:root:TEST batch 1 / 7 -  partial tp {0: tensor(0), 1: tensor(47)},fn {0: tensor(0), 1: tensor(0)},fp {0: tensor(0), 1: tensor(0)}
INFO:root:TEST batch 1 / 7 - measures partial microavg - precision 1.0000 - recall 1.0000 - f1 1.0000 
INFO:root:TEST batch 1 / 7 - measures partial for class 0 - precision 0.0000 - recall 0.0000 - f1 0.0000 
INFO:root:TEST batch 1 / 7 - measures partial for class 1 - precision 1.0000 - recall 1.0000 - f1 1.0000 
INFO:root:TEST batch 1 / 7 - Batch time 0 
INFO:root:TEST batch 2 / 7 - partial error 0.0106 - partial loss 8.8178 - partial MRR  0.0000 - partial MAP 0.9894
INFO:root:TEST batch 2 / 7 -  partial tp {0: tensor(0), 1: tensor(46)},fn {0: tensor(1), 1: tensor(0)},fp {0: tensor(0), 1: tensor(1)}
INFO:root:TEST batch 2 / 7 - measures partial microavg - precision 0.9787 - recall 0.9787 - f1 0.9787 
INFO:root:TEST batch 2 / 7 - measures partial for class 0 - precision 0.0000 - recall 0.0000 - f1 0.0000 
INFO:root:TEST batch 2 / 7 - measures partial for class 1 - precision 0.9787 - recall 1.0000 - f1 0.9892 
INFO:root:TEST batch 2 / 7 - Batch time 0 
INFO:root:TEST batch 3 / 7 - partial error 0.0071 - partial loss 5.8786 - partial MRR  0.0000 - partial MAP 0.9929
INFO:root:TEST batch 3 / 7 -  partial tp {0: tensor(0), 1: tensor(47)},fn {0: tensor(0), 1: tensor(0)},fp {0: tensor(0), 1: tensor(0)}
INFO:root:TEST batch 3 / 7 - measures partial microavg - precision 1.0000 - recall 1.0000 - f1 1.0000 
INFO:root:TEST batch 3 / 7 - measures partial for class 0 - precision 0.0000 - recall 0.0000 - f1 0.0000 
INFO:root:TEST batch 3 / 7 - measures partial for class 1 - precision 1.0000 - recall 1.0000 - f1 1.0000 
INFO:root:TEST batch 3 / 7 - Batch time 0 
INFO:root:TEST batch 4 / 7 - partial error 0.0053 - partial loss 4.4089 - partial MRR  0.0000 - partial MAP 0.9947
INFO:root:TEST batch 4 / 7 -  partial tp {0: tensor(0), 1: tensor(47)},fn {0: tensor(0), 1: tensor(0)},fp {0: tensor(0), 1: tensor(0)}
INFO:root:TEST batch 4 / 7 - measures partial microavg - precision 1.0000 - recall 1.0000 - f1 1.0000 
INFO:root:TEST batch 4 / 7 - measures partial for class 0 - precision 0.0000 - recall 0.0000 - f1 0.0000 
INFO:root:TEST batch 4 / 7 - measures partial for class 1 - precision 1.0000 - recall 1.0000 - f1 1.0000 
INFO:root:TEST batch 4 / 7 - Batch time 0 
INFO:root:TEST batch 5 / 7 - partial error 0.0043 - partial loss 3.5271 - partial MRR  0.0000 - partial MAP 0.9957
INFO:root:TEST batch 5 / 7 -  partial tp {0: tensor(0), 1: tensor(47)},fn {0: tensor(0), 1: tensor(0)},fp {0: tensor(0), 1: tensor(0)}
INFO:root:TEST batch 5 / 7 - measures partial microavg - precision 1.0000 - recall 1.0000 - f1 1.0000 
INFO:root:TEST batch 5 / 7 - measures partial for class 0 - precision 0.0000 - recall 0.0000 - f1 0.0000 
INFO:root:TEST batch 5 / 7 - measures partial for class 1 - precision 1.0000 - recall 1.0000 - f1 1.0000 
INFO:root:TEST batch 5 / 7 - Batch time 0 
INFO:root:TEST batch 6 / 7 - partial error 0.0035 - partial loss 2.9393 - partial MRR  0.0000 - partial MAP 0.9965
INFO:root:TEST batch 6 / 7 -  partial tp {0: tensor(0), 1: tensor(47)},fn {0: tensor(0), 1: tensor(0)},fp {0: tensor(0), 1: tensor(0)}
INFO:root:TEST batch 6 / 7 - measures partial microavg - precision 1.0000 - recall 1.0000 - f1 1.0000 
INFO:root:TEST batch 6 / 7 - measures partial for class 0 - precision 0.0000 - recall 0.0000 - f1 0.0000 
INFO:root:TEST batch 6 / 7 - measures partial for class 1 - precision 1.0000 - recall 1.0000 - f1 1.0000 
INFO:root:TEST batch 6 / 7 - Batch time 0 
INFO:root:TEST batch 7 / 7 - partial error 0.0030 - partial loss 2.5194 - partial MRR  0.0000 - partial MAP 0.9970
INFO:root:TEST batch 7 / 7 -  partial tp {0: tensor(0), 1: tensor(47)},fn {0: tensor(0), 1: tensor(0)},fp {0: tensor(0), 1: tensor(0)}
INFO:root:TEST batch 7 / 7 - measures partial microavg - precision 1.0000 - recall 1.0000 - f1 1.0000 
INFO:root:TEST batch 7 / 7 - measures partial for class 0 - precision 0.0000 - recall 0.0000 - f1 0.0000 
INFO:root:TEST batch 7 / 7 - measures partial for class 1 - precision 1.0000 - recall 1.0000 - f1 1.0000 
INFO:root:TEST batch 7 / 7 - Batch time 0 
INFO:root:TEST mean losses tensor(2.5194)
INFO:root:TEST mean errors 0.0030395134817808867
INFO:root:TEST mean MRR 0.0 - mean MAP 0.996960461139679
INFO:root:TEST tp {0: tensor(0), 1: tensor(328)},fn {0: tensor(1), 1: tensor(0)},fp {0: tensor(0), 1: tensor(1)}
INFO:root:TEST measures microavg - precision 0.9970 - recall 0.9970 - f1 0.9970 
INFO:root:TEST measures for class 0 - precision 0.0000 - recall 0.0000 - f1 0.0000 
INFO:root:TEST measures for class 1 - precision 0.9970 - recall 1.0000 - f1 0.9985 
INFO:root:TEST measures@10 microavg - precision 1.0000 - recall 0.2128 - f1 0.3509 
INFO:root:TEST measures@10 for class 0 - precision 0.0000 - recall 0.0000 - f1 0.0000 
INFO:root:TEST measures@10 for class 1 - precision 1.0000 - recall 0.2134 - f1 0.3518 
INFO:root:TEST measures@100 microavg - precision 0.9970 - recall 0.9970 - f1 0.9970 
INFO:root:TEST measures@100 for class 0 - precision 0.0000 - recall 0.0000 - f1 0.0000 
INFO:root:TEST measures@100 for class 1 - precision 0.9970 - recall 1.0000 - f1 0.9985 
INFO:root:TEST measures@1000 microavg - precision 0.9970 - recall 0.9970 - f1 0.9970 
INFO:root:TEST measures@1000 for class 0 - precision 0.0000 - recall 0.0000 - f1 0.0000 
INFO:root:TEST measures@1000 for class 1 - precision 0.9970 - recall 1.0000 - f1 0.9985 
INFO:root:TEST Total epoch time: 0.08654501399996661
INFO:root:################ TRAIN epoch 42 ###################
INFO:root:TRAIN mean losses tensor(0.)
INFO:root:TRAIN mean errors 0.0
INFO:root:TRAIN mean MRR 0.0 - mean MAP 1.0
INFO:root:TRAIN tp {0: tensor(0), 1: tensor(1410)},fn {0: tensor(0), 1: tensor(0)},fp {0: tensor(0), 1: tensor(0)}
INFO:root:TRAIN measures microavg - precision 1.0000 - recall 1.0000 - f1 1.0000 
INFO:root:TRAIN measures for class 0 - precision 0.0000 - recall 0.0000 - f1 0.0000 
INFO:root:TRAIN measures for class 1 - precision 1.0000 - recall 1.0000 - f1 1.0000 
INFO:root:TRAIN measures@10 microavg - precision 1.0000 - recall 0.2128 - f1 0.3509 
INFO:root:TRAIN measures@10 for class 0 - precision 0.0000 - recall 0.0000 - f1 0.0000 
INFO:root:TRAIN measures@10 for class 1 - precision 1.0000 - recall 0.2128 - f1 0.3509 
INFO:root:TRAIN measures@100 microavg - precision 1.0000 - recall 1.0000 - f1 1.0000 
INFO:root:TRAIN measures@100 for class 0 - precision 0.0000 - recall 0.0000 - f1 0.0000 
INFO:root:TRAIN measures@100 for class 1 - precision 1.0000 - recall 1.0000 - f1 1.0000 
INFO:root:TRAIN measures@1000 microavg - precision 1.0000 - recall 1.0000 - f1 1.0000 
INFO:root:TRAIN measures@1000 for class 0 - precision 0.0000 - recall 0.0000 - f1 0.0000 
INFO:root:TRAIN measures@1000 for class 1 - precision 1.0000 - recall 1.0000 - f1 1.0000 
INFO:root:TRAIN Total epoch time: 0.618935787999817
INFO:root:################ VALID epoch 42 ###################
INFO:root:VALID mean losses tensor(0.)
INFO:root:VALID mean errors 0.0
INFO:root:VALID mean MRR 0.0 - mean MAP 1.0
INFO:root:VALID tp {0: tensor(0), 1: tensor(282)},fn {0: tensor(0), 1: tensor(0)},fp {0: tensor(0), 1: tensor(0)}
INFO:root:VALID measures microavg - precision 1.0000 - recall 1.0000 - f1 1.0000 
INFO:root:VALID measures for class 0 - precision 0.0000 - recall 0.0000 - f1 0.0000 
INFO:root:VALID measures for class 1 - precision 1.0000 - recall 1.0000 - f1 1.0000 
INFO:root:VALID measures@10 microavg - precision 1.0000 - recall 0.2128 - f1 0.3509 
INFO:root:VALID measures@10 for class 0 - precision 0.0000 - recall 0.0000 - f1 0.0000 
INFO:root:VALID measures@10 for class 1 - precision 1.0000 - recall 0.2128 - f1 0.3509 
INFO:root:VALID measures@100 microavg - precision 1.0000 - recall 1.0000 - f1 1.0000 
INFO:root:VALID measures@100 for class 0 - precision 0.0000 - recall 0.0000 - f1 0.0000 
INFO:root:VALID measures@100 for class 1 - precision 1.0000 - recall 1.0000 - f1 1.0000 
INFO:root:VALID measures@1000 microavg - precision 1.0000 - recall 1.0000 - f1 1.0000 
INFO:root:VALID measures@1000 for class 0 - precision 0.0000 - recall 0.0000 - f1 0.0000 
INFO:root:VALID measures@1000 for class 1 - precision 1.0000 - recall 1.0000 - f1 1.0000 
INFO:root:VALID Total epoch time: 0.06441350799968859
INFO:root:################ TEST epoch 42 ###################
INFO:root:TEST batch 1 / 7 - partial error 0.0000 - partial loss 0.0000 - partial MRR  0.0000 - partial MAP 1.0000
INFO:root:TEST batch 1 / 7 -  partial tp {0: tensor(0), 1: tensor(47)},fn {0: tensor(0), 1: tensor(0)},fp {0: tensor(0), 1: tensor(0)}
INFO:root:TEST batch 1 / 7 - measures partial microavg - precision 1.0000 - recall 1.0000 - f1 1.0000 
INFO:root:TEST batch 1 / 7 - measures partial for class 0 - precision 0.0000 - recall 0.0000 - f1 0.0000 
INFO:root:TEST batch 1 / 7 - measures partial for class 1 - precision 1.0000 - recall 1.0000 - f1 1.0000 
INFO:root:TEST batch 1 / 7 - Batch time 0 
INFO:root:TEST batch 2 / 7 - partial error 0.0106 - partial loss 9.5959 - partial MRR  0.0000 - partial MAP 0.9894
INFO:root:TEST batch 2 / 7 -  partial tp {0: tensor(0), 1: tensor(46)},fn {0: tensor(1), 1: tensor(0)},fp {0: tensor(0), 1: tensor(1)}
INFO:root:TEST batch 2 / 7 - measures partial microavg - precision 0.9787 - recall 0.9787 - f1 0.9787 
INFO:root:TEST batch 2 / 7 - measures partial for class 0 - precision 0.0000 - recall 0.0000 - f1 0.0000 
INFO:root:TEST batch 2 / 7 - measures partial for class 1 - precision 0.9787 - recall 1.0000 - f1 0.9892 
INFO:root:TEST batch 2 / 7 - Batch time 0 
INFO:root:TEST batch 3 / 7 - partial error 0.0071 - partial loss 6.3973 - partial MRR  0.0000 - partial MAP 0.9929
INFO:root:TEST batch 3 / 7 -  partial tp {0: tensor(0), 1: tensor(47)},fn {0: tensor(0), 1: tensor(0)},fp {0: tensor(0), 1: tensor(0)}
INFO:root:TEST batch 3 / 7 - measures partial microavg - precision 1.0000 - recall 1.0000 - f1 1.0000 
INFO:root:TEST batch 3 / 7 - measures partial for class 0 - precision 0.0000 - recall 0.0000 - f1 0.0000 
INFO:root:TEST batch 3 / 7 - measures partial for class 1 - precision 1.0000 - recall 1.0000 - f1 1.0000 
INFO:root:TEST batch 3 / 7 - Batch time 0 
INFO:root:TEST batch 4 / 7 - partial error 0.0053 - partial loss 4.7980 - partial MRR  0.0000 - partial MAP 0.9947
INFO:root:TEST batch 4 / 7 -  partial tp {0: tensor(0), 1: tensor(47)},fn {0: tensor(0), 1: tensor(0)},fp {0: tensor(0), 1: tensor(0)}
INFO:root:TEST batch 4 / 7 - measures partial microavg - precision 1.0000 - recall 1.0000 - f1 1.0000 
INFO:root:TEST batch 4 / 7 - measures partial for class 0 - precision 0.0000 - recall 0.0000 - f1 0.0000 
INFO:root:TEST batch 4 / 7 - measures partial for class 1 - precision 1.0000 - recall 1.0000 - f1 1.0000 
INFO:root:TEST batch 4 / 7 - Batch time 0 
INFO:root:TEST batch 5 / 7 - partial error 0.0043 - partial loss 3.8384 - partial MRR  0.0000 - partial MAP 0.9957
INFO:root:TEST batch 5 / 7 -  partial tp {0: tensor(0), 1: tensor(47)},fn {0: tensor(0), 1: tensor(0)},fp {0: tensor(0), 1: tensor(0)}
INFO:root:TEST batch 5 / 7 - measures partial microavg - precision 1.0000 - recall 1.0000 - f1 1.0000 
INFO:root:TEST batch 5 / 7 - measures partial for class 0 - precision 0.0000 - recall 0.0000 - f1 0.0000 
INFO:root:TEST batch 5 / 7 - measures partial for class 1 - precision 1.0000 - recall 1.0000 - f1 1.0000 
INFO:root:TEST batch 5 / 7 - Batch time 0 
INFO:root:TEST batch 6 / 7 - partial error 0.0035 - partial loss 3.1986 - partial MRR  0.0000 - partial MAP 0.9965
INFO:root:TEST batch 6 / 7 -  partial tp {0: tensor(0), 1: tensor(47)},fn {0: tensor(0), 1: tensor(0)},fp {0: tensor(0), 1: tensor(0)}
INFO:root:TEST batch 6 / 7 - measures partial microavg - precision 1.0000 - recall 1.0000 - f1 1.0000 
INFO:root:TEST batch 6 / 7 - measures partial for class 0 - precision 0.0000 - recall 0.0000 - f1 0.0000 
INFO:root:TEST batch 6 / 7 - measures partial for class 1 - precision 1.0000 - recall 1.0000 - f1 1.0000 
INFO:root:TEST batch 6 / 7 - Batch time 0 
INFO:root:TEST batch 7 / 7 - partial error 0.0030 - partial loss 2.7417 - partial MRR  0.0000 - partial MAP 0.9970
INFO:root:TEST batch 7 / 7 -  partial tp {0: tensor(0), 1: tensor(47)},fn {0: tensor(0), 1: tensor(0)},fp {0: tensor(0), 1: tensor(0)}
INFO:root:TEST batch 7 / 7 - measures partial microavg - precision 1.0000 - recall 1.0000 - f1 1.0000 
INFO:root:TEST batch 7 / 7 - measures partial for class 0 - precision 0.0000 - recall 0.0000 - f1 0.0000 
INFO:root:TEST batch 7 / 7 - measures partial for class 1 - precision 1.0000 - recall 1.0000 - f1 1.0000 
INFO:root:TEST batch 7 / 7 - Batch time 0 
INFO:root:TEST mean losses tensor(2.7417)
INFO:root:TEST mean errors 0.0030395134817808867
INFO:root:TEST mean MRR 0.0 - mean MAP 0.996960461139679
INFO:root:TEST tp {0: tensor(0), 1: tensor(328)},fn {0: tensor(1), 1: tensor(0)},fp {0: tensor(0), 1: tensor(1)}
INFO:root:TEST measures microavg - precision 0.9970 - recall 0.9970 - f1 0.9970 
INFO:root:TEST measures for class 0 - precision 0.0000 - recall 0.0000 - f1 0.0000 
INFO:root:TEST measures for class 1 - precision 0.9970 - recall 1.0000 - f1 0.9985 
INFO:root:TEST measures@10 microavg - precision 1.0000 - recall 0.2128 - f1 0.3509 
INFO:root:TEST measures@10 for class 0 - precision 0.0000 - recall 0.0000 - f1 0.0000 
INFO:root:TEST measures@10 for class 1 - precision 1.0000 - recall 0.2134 - f1 0.3518 
INFO:root:TEST measures@100 microavg - precision 0.9970 - recall 0.9970 - f1 0.9970 
INFO:root:TEST measures@100 for class 0 - precision 0.0000 - recall 0.0000 - f1 0.0000 
INFO:root:TEST measures@100 for class 1 - precision 0.9970 - recall 1.0000 - f1 0.9985 
INFO:root:TEST measures@1000 microavg - precision 0.9970 - recall 0.9970 - f1 0.9970 
INFO:root:TEST measures@1000 for class 0 - precision 0.0000 - recall 0.0000 - f1 0.0000 
INFO:root:TEST measures@1000 for class 1 - precision 0.9970 - recall 1.0000 - f1 0.9985 
INFO:root:TEST Total epoch time: 0.07976477600004728
INFO:root:################ TRAIN epoch 43 ###################
INFO:root:TRAIN mean losses tensor(0.)
INFO:root:TRAIN mean errors 0.0
INFO:root:TRAIN mean MRR 0.0 - mean MAP 1.0
INFO:root:TRAIN tp {0: tensor(0), 1: tensor(1410)},fn {0: tensor(0), 1: tensor(0)},fp {0: tensor(0), 1: tensor(0)}
INFO:root:TRAIN measures microavg - precision 1.0000 - recall 1.0000 - f1 1.0000 
INFO:root:TRAIN measures for class 0 - precision 0.0000 - recall 0.0000 - f1 0.0000 
INFO:root:TRAIN measures for class 1 - precision 1.0000 - recall 1.0000 - f1 1.0000 
INFO:root:TRAIN measures@10 microavg - precision 1.0000 - recall 0.2128 - f1 0.3509 
INFO:root:TRAIN measures@10 for class 0 - precision 0.0000 - recall 0.0000 - f1 0.0000 
INFO:root:TRAIN measures@10 for class 1 - precision 1.0000 - recall 0.2128 - f1 0.3509 
INFO:root:TRAIN measures@100 microavg - precision 1.0000 - recall 1.0000 - f1 1.0000 
INFO:root:TRAIN measures@100 for class 0 - precision 0.0000 - recall 0.0000 - f1 0.0000 
INFO:root:TRAIN measures@100 for class 1 - precision 1.0000 - recall 1.0000 - f1 1.0000 
INFO:root:TRAIN measures@1000 microavg - precision 1.0000 - recall 1.0000 - f1 1.0000 
INFO:root:TRAIN measures@1000 for class 0 - precision 0.0000 - recall 0.0000 - f1 0.0000 
INFO:root:TRAIN measures@1000 for class 1 - precision 1.0000 - recall 1.0000 - f1 1.0000 
INFO:root:TRAIN Total epoch time: 0.4844572599999992
INFO:root:################ VALID epoch 43 ###################
INFO:root:VALID mean losses tensor(0.)
INFO:root:VALID mean errors 0.0
INFO:root:VALID mean MRR 0.0 - mean MAP 1.0
INFO:root:VALID tp {0: tensor(0), 1: tensor(282)},fn {0: tensor(0), 1: tensor(0)},fp {0: tensor(0), 1: tensor(0)}
INFO:root:VALID measures microavg - precision 1.0000 - recall 1.0000 - f1 1.0000 
INFO:root:VALID measures for class 0 - precision 0.0000 - recall 0.0000 - f1 0.0000 
INFO:root:VALID measures for class 1 - precision 1.0000 - recall 1.0000 - f1 1.0000 
INFO:root:VALID measures@10 microavg - precision 1.0000 - recall 0.2128 - f1 0.3509 
INFO:root:VALID measures@10 for class 0 - precision 0.0000 - recall 0.0000 - f1 0.0000 
INFO:root:VALID measures@10 for class 1 - precision 1.0000 - recall 0.2128 - f1 0.3509 
INFO:root:VALID measures@100 microavg - precision 1.0000 - recall 1.0000 - f1 1.0000 
INFO:root:VALID measures@100 for class 0 - precision 0.0000 - recall 0.0000 - f1 0.0000 
INFO:root:VALID measures@100 for class 1 - precision 1.0000 - recall 1.0000 - f1 1.0000 
INFO:root:VALID measures@1000 microavg - precision 1.0000 - recall 1.0000 - f1 1.0000 
INFO:root:VALID measures@1000 for class 0 - precision 0.0000 - recall 0.0000 - f1 0.0000 
INFO:root:VALID measures@1000 for class 1 - precision 1.0000 - recall 1.0000 - f1 1.0000 
INFO:root:VALID Total epoch time: 0.06035729499990339
INFO:root:################ TEST epoch 43 ###################
INFO:root:TEST batch 1 / 7 - partial error 0.0000 - partial loss 0.0000 - partial MRR  0.0000 - partial MAP 1.0000
INFO:root:TEST batch 1 / 7 -  partial tp {0: tensor(0), 1: tensor(47)},fn {0: tensor(0), 1: tensor(0)},fp {0: tensor(0), 1: tensor(0)}
INFO:root:TEST batch 1 / 7 - measures partial microavg - precision 1.0000 - recall 1.0000 - f1 1.0000 
INFO:root:TEST batch 1 / 7 - measures partial for class 0 - precision 0.0000 - recall 0.0000 - f1 0.0000 
INFO:root:TEST batch 1 / 7 - measures partial for class 1 - precision 1.0000 - recall 1.0000 - f1 1.0000 
INFO:root:TEST batch 1 / 7 - Batch time 0 
INFO:root:TEST batch 2 / 7 - partial error 0.0106 - partial loss 8.8313 - partial MRR  0.0000 - partial MAP 0.9894
INFO:root:TEST batch 2 / 7 -  partial tp {0: tensor(0), 1: tensor(46)},fn {0: tensor(1), 1: tensor(0)},fp {0: tensor(0), 1: tensor(1)}
INFO:root:TEST batch 2 / 7 - measures partial microavg - precision 0.9787 - recall 0.9787 - f1 0.9787 
INFO:root:TEST batch 2 / 7 - measures partial for class 0 - precision 0.0000 - recall 0.0000 - f1 0.0000 
INFO:root:TEST batch 2 / 7 - measures partial for class 1 - precision 0.9787 - recall 1.0000 - f1 0.9892 
INFO:root:TEST batch 2 / 7 - Batch time 0 
INFO:root:TEST batch 3 / 7 - partial error 0.0071 - partial loss 5.8875 - partial MRR  0.0000 - partial MAP 0.9929
INFO:root:TEST batch 3 / 7 -  partial tp {0: tensor(0), 1: tensor(47)},fn {0: tensor(0), 1: tensor(0)},fp {0: tensor(0), 1: tensor(0)}
INFO:root:TEST batch 3 / 7 - measures partial microavg - precision 1.0000 - recall 1.0000 - f1 1.0000 
INFO:root:TEST batch 3 / 7 - measures partial for class 0 - precision 0.0000 - recall 0.0000 - f1 0.0000 
INFO:root:TEST batch 3 / 7 - measures partial for class 1 - precision 1.0000 - recall 1.0000 - f1 1.0000 
INFO:root:TEST batch 3 / 7 - Batch time 0 
INFO:root:TEST batch 4 / 7 - partial error 0.0053 - partial loss 4.4157 - partial MRR  0.0000 - partial MAP 0.9947
INFO:root:TEST batch 4 / 7 -  partial tp {0: tensor(0), 1: tensor(47)},fn {0: tensor(0), 1: tensor(0)},fp {0: tensor(0), 1: tensor(0)}
INFO:root:TEST batch 4 / 7 - measures partial microavg - precision 1.0000 - recall 1.0000 - f1 1.0000 
INFO:root:TEST batch 4 / 7 - measures partial for class 0 - precision 0.0000 - recall 0.0000 - f1 0.0000 
INFO:root:TEST batch 4 / 7 - measures partial for class 1 - precision 1.0000 - recall 1.0000 - f1 1.0000 
INFO:root:TEST batch 4 / 7 - Batch time 0 
INFO:root:TEST batch 5 / 7 - partial error 0.0043 - partial loss 3.5325 - partial MRR  0.0000 - partial MAP 0.9957
INFO:root:TEST batch 5 / 7 -  partial tp {0: tensor(0), 1: tensor(47)},fn {0: tensor(0), 1: tensor(0)},fp {0: tensor(0), 1: tensor(0)}
INFO:root:TEST batch 5 / 7 - measures partial microavg - precision 1.0000 - recall 1.0000 - f1 1.0000 
INFO:root:TEST batch 5 / 7 - measures partial for class 0 - precision 0.0000 - recall 0.0000 - f1 0.0000 
INFO:root:TEST batch 5 / 7 - measures partial for class 1 - precision 1.0000 - recall 1.0000 - f1 1.0000 
INFO:root:TEST batch 5 / 7 - Batch time 0 
INFO:root:TEST batch 6 / 7 - partial error 0.0035 - partial loss 2.9438 - partial MRR  0.0000 - partial MAP 0.9965
INFO:root:TEST batch 6 / 7 -  partial tp {0: tensor(0), 1: tensor(47)},fn {0: tensor(0), 1: tensor(0)},fp {0: tensor(0), 1: tensor(0)}
INFO:root:TEST batch 6 / 7 - measures partial microavg - precision 1.0000 - recall 1.0000 - f1 1.0000 
INFO:root:TEST batch 6 / 7 - measures partial for class 0 - precision 0.0000 - recall 0.0000 - f1 0.0000 
INFO:root:TEST batch 6 / 7 - measures partial for class 1 - precision 1.0000 - recall 1.0000 - f1 1.0000 
INFO:root:TEST batch 6 / 7 - Batch time 0 
INFO:root:TEST batch 7 / 7 - partial error 0.0030 - partial loss 2.5232 - partial MRR  0.0000 - partial MAP 0.9970
INFO:root:TEST batch 7 / 7 -  partial tp {0: tensor(0), 1: tensor(47)},fn {0: tensor(0), 1: tensor(0)},fp {0: tensor(0), 1: tensor(0)}
INFO:root:TEST batch 7 / 7 - measures partial microavg - precision 1.0000 - recall 1.0000 - f1 1.0000 
INFO:root:TEST batch 7 / 7 - measures partial for class 0 - precision 0.0000 - recall 0.0000 - f1 0.0000 
INFO:root:TEST batch 7 / 7 - measures partial for class 1 - precision 1.0000 - recall 1.0000 - f1 1.0000 
INFO:root:TEST batch 7 / 7 - Batch time 0 
INFO:root:TEST mean losses tensor(2.5232)
INFO:root:TEST mean errors 0.0030395134817808867
INFO:root:TEST mean MRR 0.0 - mean MAP 0.996960461139679
INFO:root:TEST tp {0: tensor(0), 1: tensor(328)},fn {0: tensor(1), 1: tensor(0)},fp {0: tensor(0), 1: tensor(1)}
INFO:root:TEST measures microavg - precision 0.9970 - recall 0.9970 - f1 0.9970 
INFO:root:TEST measures for class 0 - precision 0.0000 - recall 0.0000 - f1 0.0000 
INFO:root:TEST measures for class 1 - precision 0.9970 - recall 1.0000 - f1 0.9985 
INFO:root:TEST measures@10 microavg - precision 1.0000 - recall 0.2128 - f1 0.3509 
INFO:root:TEST measures@10 for class 0 - precision 0.0000 - recall 0.0000 - f1 0.0000 
INFO:root:TEST measures@10 for class 1 - precision 1.0000 - recall 0.2134 - f1 0.3518 
INFO:root:TEST measures@100 microavg - precision 0.9970 - recall 0.9970 - f1 0.9970 
INFO:root:TEST measures@100 for class 0 - precision 0.0000 - recall 0.0000 - f1 0.0000 
INFO:root:TEST measures@100 for class 1 - precision 0.9970 - recall 1.0000 - f1 0.9985 
INFO:root:TEST measures@1000 microavg - precision 0.9970 - recall 0.9970 - f1 0.9970 
INFO:root:TEST measures@1000 for class 0 - precision 0.0000 - recall 0.0000 - f1 0.0000 
INFO:root:TEST measures@1000 for class 1 - precision 0.9970 - recall 1.0000 - f1 0.9985 
INFO:root:TEST Total epoch time: 0.07829141999991407
INFO:root:################ TRAIN epoch 44 ###################
INFO:root:TRAIN mean losses tensor(0.)
INFO:root:TRAIN mean errors 0.0
INFO:root:TRAIN mean MRR 0.0 - mean MAP 1.0
INFO:root:TRAIN tp {0: tensor(0), 1: tensor(1410)},fn {0: tensor(0), 1: tensor(0)},fp {0: tensor(0), 1: tensor(0)}
INFO:root:TRAIN measures microavg - precision 1.0000 - recall 1.0000 - f1 1.0000 
INFO:root:TRAIN measures for class 0 - precision 0.0000 - recall 0.0000 - f1 0.0000 
INFO:root:TRAIN measures for class 1 - precision 1.0000 - recall 1.0000 - f1 1.0000 
INFO:root:TRAIN measures@10 microavg - precision 1.0000 - recall 0.2128 - f1 0.3509 
INFO:root:TRAIN measures@10 for class 0 - precision 0.0000 - recall 0.0000 - f1 0.0000 
INFO:root:TRAIN measures@10 for class 1 - precision 1.0000 - recall 0.2128 - f1 0.3509 
INFO:root:TRAIN measures@100 microavg - precision 1.0000 - recall 1.0000 - f1 1.0000 
INFO:root:TRAIN measures@100 for class 0 - precision 0.0000 - recall 0.0000 - f1 0.0000 
INFO:root:TRAIN measures@100 for class 1 - precision 1.0000 - recall 1.0000 - f1 1.0000 
INFO:root:TRAIN measures@1000 microavg - precision 1.0000 - recall 1.0000 - f1 1.0000 
INFO:root:TRAIN measures@1000 for class 0 - precision 0.0000 - recall 0.0000 - f1 0.0000 
INFO:root:TRAIN measures@1000 for class 1 - precision 1.0000 - recall 1.0000 - f1 1.0000 
INFO:root:TRAIN Total epoch time: 0.48485403199993016
INFO:root:################ VALID epoch 44 ###################
INFO:root:VALID mean losses tensor(0.)
INFO:root:VALID mean errors 0.0
INFO:root:VALID mean MRR 0.0 - mean MAP 1.0
INFO:root:VALID tp {0: tensor(0), 1: tensor(282)},fn {0: tensor(0), 1: tensor(0)},fp {0: tensor(0), 1: tensor(0)}
INFO:root:VALID measures microavg - precision 1.0000 - recall 1.0000 - f1 1.0000 
INFO:root:VALID measures for class 0 - precision 0.0000 - recall 0.0000 - f1 0.0000 
INFO:root:VALID measures for class 1 - precision 1.0000 - recall 1.0000 - f1 1.0000 
INFO:root:VALID measures@10 microavg - precision 1.0000 - recall 0.2128 - f1 0.3509 
INFO:root:VALID measures@10 for class 0 - precision 0.0000 - recall 0.0000 - f1 0.0000 
INFO:root:VALID measures@10 for class 1 - precision 1.0000 - recall 0.2128 - f1 0.3509 
INFO:root:VALID measures@100 microavg - precision 1.0000 - recall 1.0000 - f1 1.0000 
INFO:root:VALID measures@100 for class 0 - precision 0.0000 - recall 0.0000 - f1 0.0000 
INFO:root:VALID measures@100 for class 1 - precision 1.0000 - recall 1.0000 - f1 1.0000 
INFO:root:VALID measures@1000 microavg - precision 1.0000 - recall 1.0000 - f1 1.0000 
INFO:root:VALID measures@1000 for class 0 - precision 0.0000 - recall 0.0000 - f1 0.0000 
INFO:root:VALID measures@1000 for class 1 - precision 1.0000 - recall 1.0000 - f1 1.0000 
INFO:root:VALID Total epoch time: 0.05898379299969747
INFO:root:################ TEST epoch 44 ###################
INFO:root:TEST batch 1 / 7 - partial error 0.0000 - partial loss 0.0000 - partial MRR  0.0000 - partial MAP 1.0000
INFO:root:TEST batch 1 / 7 -  partial tp {0: tensor(0), 1: tensor(47)},fn {0: tensor(0), 1: tensor(0)},fp {0: tensor(0), 1: tensor(0)}
INFO:root:TEST batch 1 / 7 - measures partial microavg - precision 1.0000 - recall 1.0000 - f1 1.0000 
INFO:root:TEST batch 1 / 7 - measures partial for class 0 - precision 0.0000 - recall 0.0000 - f1 0.0000 
INFO:root:TEST batch 1 / 7 - measures partial for class 1 - precision 1.0000 - recall 1.0000 - f1 1.0000 
INFO:root:TEST batch 1 / 7 - Batch time 0 
INFO:root:TEST batch 2 / 7 - partial error 0.0106 - partial loss 9.3645 - partial MRR  0.0000 - partial MAP 0.9894
INFO:root:TEST batch 2 / 7 -  partial tp {0: tensor(0), 1: tensor(46)},fn {0: tensor(1), 1: tensor(0)},fp {0: tensor(0), 1: tensor(1)}
INFO:root:TEST batch 2 / 7 - measures partial microavg - precision 0.9787 - recall 0.9787 - f1 0.9787 
INFO:root:TEST batch 2 / 7 - measures partial for class 0 - precision 0.0000 - recall 0.0000 - f1 0.0000 
INFO:root:TEST batch 2 / 7 - measures partial for class 1 - precision 0.9787 - recall 1.0000 - f1 0.9892 
INFO:root:TEST batch 2 / 7 - Batch time 0 
INFO:root:TEST batch 3 / 7 - partial error 0.0071 - partial loss 6.2430 - partial MRR  0.0000 - partial MAP 0.9929
INFO:root:TEST batch 3 / 7 -  partial tp {0: tensor(0), 1: tensor(47)},fn {0: tensor(0), 1: tensor(0)},fp {0: tensor(0), 1: tensor(0)}
INFO:root:TEST batch 3 / 7 - measures partial microavg - precision 1.0000 - recall 1.0000 - f1 1.0000 
INFO:root:TEST batch 3 / 7 - measures partial for class 0 - precision 0.0000 - recall 0.0000 - f1 0.0000 
INFO:root:TEST batch 3 / 7 - measures partial for class 1 - precision 1.0000 - recall 1.0000 - f1 1.0000 
INFO:root:TEST batch 3 / 7 - Batch time 0 
INFO:root:TEST batch 4 / 7 - partial error 0.0053 - partial loss 4.6822 - partial MRR  0.0000 - partial MAP 0.9947
INFO:root:TEST batch 4 / 7 -  partial tp {0: tensor(0), 1: tensor(47)},fn {0: tensor(0), 1: tensor(0)},fp {0: tensor(0), 1: tensor(0)}
INFO:root:TEST batch 4 / 7 - measures partial microavg - precision 1.0000 - recall 1.0000 - f1 1.0000 
INFO:root:TEST batch 4 / 7 - measures partial for class 0 - precision 0.0000 - recall 0.0000 - f1 0.0000 
INFO:root:TEST batch 4 / 7 - measures partial for class 1 - precision 1.0000 - recall 1.0000 - f1 1.0000 
INFO:root:TEST batch 4 / 7 - Batch time 0 
INFO:root:TEST batch 5 / 7 - partial error 0.0043 - partial loss 3.7458 - partial MRR  0.0000 - partial MAP 0.9957
INFO:root:TEST batch 5 / 7 -  partial tp {0: tensor(0), 1: tensor(47)},fn {0: tensor(0), 1: tensor(0)},fp {0: tensor(0), 1: tensor(0)}
INFO:root:TEST batch 5 / 7 - measures partial microavg - precision 1.0000 - recall 1.0000 - f1 1.0000 
INFO:root:TEST batch 5 / 7 - measures partial for class 0 - precision 0.0000 - recall 0.0000 - f1 0.0000 
INFO:root:TEST batch 5 / 7 - measures partial for class 1 - precision 1.0000 - recall 1.0000 - f1 1.0000 
INFO:root:TEST batch 5 / 7 - Batch time 0 
INFO:root:TEST batch 6 / 7 - partial error 0.0035 - partial loss 3.1215 - partial MRR  0.0000 - partial MAP 0.9965
INFO:root:TEST batch 6 / 7 -  partial tp {0: tensor(0), 1: tensor(47)},fn {0: tensor(0), 1: tensor(0)},fp {0: tensor(0), 1: tensor(0)}
INFO:root:TEST batch 6 / 7 - measures partial microavg - precision 1.0000 - recall 1.0000 - f1 1.0000 
INFO:root:TEST batch 6 / 7 - measures partial for class 0 - precision 0.0000 - recall 0.0000 - f1 0.0000 
INFO:root:TEST batch 6 / 7 - measures partial for class 1 - precision 1.0000 - recall 1.0000 - f1 1.0000 
INFO:root:TEST batch 6 / 7 - Batch time 0 
INFO:root:TEST batch 7 / 7 - partial error 0.0030 - partial loss 2.6756 - partial MRR  0.0000 - partial MAP 0.9970
INFO:root:TEST batch 7 / 7 -  partial tp {0: tensor(0), 1: tensor(47)},fn {0: tensor(0), 1: tensor(0)},fp {0: tensor(0), 1: tensor(0)}
INFO:root:TEST batch 7 / 7 - measures partial microavg - precision 1.0000 - recall 1.0000 - f1 1.0000 
INFO:root:TEST batch 7 / 7 - measures partial for class 0 - precision 0.0000 - recall 0.0000 - f1 0.0000 
INFO:root:TEST batch 7 / 7 - measures partial for class 1 - precision 1.0000 - recall 1.0000 - f1 1.0000 
INFO:root:TEST batch 7 / 7 - Batch time 0 
INFO:root:TEST mean losses tensor(2.6756)
INFO:root:TEST mean errors 0.0030395134817808867
INFO:root:TEST mean MRR 0.0 - mean MAP 0.996960461139679
INFO:root:TEST tp {0: tensor(0), 1: tensor(328)},fn {0: tensor(1), 1: tensor(0)},fp {0: tensor(0), 1: tensor(1)}
INFO:root:TEST measures microavg - precision 0.9970 - recall 0.9970 - f1 0.9970 
INFO:root:TEST measures for class 0 - precision 0.0000 - recall 0.0000 - f1 0.0000 
INFO:root:TEST measures for class 1 - precision 0.9970 - recall 1.0000 - f1 0.9985 
INFO:root:TEST measures@10 microavg - precision 1.0000 - recall 0.2128 - f1 0.3509 
INFO:root:TEST measures@10 for class 0 - precision 0.0000 - recall 0.0000 - f1 0.0000 
INFO:root:TEST measures@10 for class 1 - precision 1.0000 - recall 0.2134 - f1 0.3518 
INFO:root:TEST measures@100 microavg - precision 0.9970 - recall 0.9970 - f1 0.9970 
INFO:root:TEST measures@100 for class 0 - precision 0.0000 - recall 0.0000 - f1 0.0000 
INFO:root:TEST measures@100 for class 1 - precision 0.9970 - recall 1.0000 - f1 0.9985 
INFO:root:TEST measures@1000 microavg - precision 0.9970 - recall 0.9970 - f1 0.9970 
INFO:root:TEST measures@1000 for class 0 - precision 0.0000 - recall 0.0000 - f1 0.0000 
INFO:root:TEST measures@1000 for class 1 - precision 0.9970 - recall 1.0000 - f1 0.9985 
INFO:root:TEST Total epoch time: 0.0765885209998487
INFO:root:################ TRAIN epoch 45 ###################
INFO:root:TRAIN mean losses tensor(0.)
INFO:root:TRAIN mean errors 0.0
INFO:root:TRAIN mean MRR 0.0 - mean MAP 1.0
INFO:root:TRAIN tp {0: tensor(0), 1: tensor(1410)},fn {0: tensor(0), 1: tensor(0)},fp {0: tensor(0), 1: tensor(0)}
INFO:root:TRAIN measures microavg - precision 1.0000 - recall 1.0000 - f1 1.0000 
INFO:root:TRAIN measures for class 0 - precision 0.0000 - recall 0.0000 - f1 0.0000 
INFO:root:TRAIN measures for class 1 - precision 1.0000 - recall 1.0000 - f1 1.0000 
INFO:root:TRAIN measures@10 microavg - precision 1.0000 - recall 0.2128 - f1 0.3509 
INFO:root:TRAIN measures@10 for class 0 - precision 0.0000 - recall 0.0000 - f1 0.0000 
INFO:root:TRAIN measures@10 for class 1 - precision 1.0000 - recall 0.2128 - f1 0.3509 
INFO:root:TRAIN measures@100 microavg - precision 1.0000 - recall 1.0000 - f1 1.0000 
INFO:root:TRAIN measures@100 for class 0 - precision 0.0000 - recall 0.0000 - f1 0.0000 
INFO:root:TRAIN measures@100 for class 1 - precision 1.0000 - recall 1.0000 - f1 1.0000 
INFO:root:TRAIN measures@1000 microavg - precision 1.0000 - recall 1.0000 - f1 1.0000 
INFO:root:TRAIN measures@1000 for class 0 - precision 0.0000 - recall 0.0000 - f1 0.0000 
INFO:root:TRAIN measures@1000 for class 1 - precision 1.0000 - recall 1.0000 - f1 1.0000 
INFO:root:TRAIN Total epoch time: 0.48455159300010564
INFO:root:################ VALID epoch 45 ###################
INFO:root:VALID mean losses tensor(0.)
INFO:root:VALID mean errors 0.0
INFO:root:VALID mean MRR 0.0 - mean MAP 1.0
INFO:root:VALID tp {0: tensor(0), 1: tensor(282)},fn {0: tensor(0), 1: tensor(0)},fp {0: tensor(0), 1: tensor(0)}
INFO:root:VALID measures microavg - precision 1.0000 - recall 1.0000 - f1 1.0000 
INFO:root:VALID measures for class 0 - precision 0.0000 - recall 0.0000 - f1 0.0000 
INFO:root:VALID measures for class 1 - precision 1.0000 - recall 1.0000 - f1 1.0000 
INFO:root:VALID measures@10 microavg - precision 1.0000 - recall 0.2128 - f1 0.3509 
INFO:root:VALID measures@10 for class 0 - precision 0.0000 - recall 0.0000 - f1 0.0000 
INFO:root:VALID measures@10 for class 1 - precision 1.0000 - recall 0.2128 - f1 0.3509 
INFO:root:VALID measures@100 microavg - precision 1.0000 - recall 1.0000 - f1 1.0000 
INFO:root:VALID measures@100 for class 0 - precision 0.0000 - recall 0.0000 - f1 0.0000 
INFO:root:VALID measures@100 for class 1 - precision 1.0000 - recall 1.0000 - f1 1.0000 
INFO:root:VALID measures@1000 microavg - precision 1.0000 - recall 1.0000 - f1 1.0000 
INFO:root:VALID measures@1000 for class 0 - precision 0.0000 - recall 0.0000 - f1 0.0000 
INFO:root:VALID measures@1000 for class 1 - precision 1.0000 - recall 1.0000 - f1 1.0000 
INFO:root:VALID Total epoch time: 0.06356920999996873
INFO:root:################ TEST epoch 45 ###################
INFO:root:TEST batch 1 / 7 - partial error 0.0000 - partial loss 0.0000 - partial MRR  0.0000 - partial MAP 1.0000
INFO:root:TEST batch 1 / 7 -  partial tp {0: tensor(0), 1: tensor(47)},fn {0: tensor(0), 1: tensor(0)},fp {0: tensor(0), 1: tensor(0)}
INFO:root:TEST batch 1 / 7 - measures partial microavg - precision 1.0000 - recall 1.0000 - f1 1.0000 
INFO:root:TEST batch 1 / 7 - measures partial for class 0 - precision 0.0000 - recall 0.0000 - f1 0.0000 
INFO:root:TEST batch 1 / 7 - measures partial for class 1 - precision 1.0000 - recall 1.0000 - f1 1.0000 
INFO:root:TEST batch 1 / 7 - Batch time 0 
INFO:root:TEST batch 2 / 7 - partial error 0.0106 - partial loss 9.6732 - partial MRR  0.0000 - partial MAP 0.9894
INFO:root:TEST batch 2 / 7 -  partial tp {0: tensor(0), 1: tensor(46)},fn {0: tensor(1), 1: tensor(0)},fp {0: tensor(0), 1: tensor(1)}
INFO:root:TEST batch 2 / 7 - measures partial microavg - precision 0.9787 - recall 0.9787 - f1 0.9787 
INFO:root:TEST batch 2 / 7 - measures partial for class 0 - precision 0.0000 - recall 0.0000 - f1 0.0000 
INFO:root:TEST batch 2 / 7 - measures partial for class 1 - precision 0.9787 - recall 1.0000 - f1 0.9892 
INFO:root:TEST batch 2 / 7 - Batch time 0 
INFO:root:TEST batch 3 / 7 - partial error 0.0071 - partial loss 6.4488 - partial MRR  0.0000 - partial MAP 0.9929
INFO:root:TEST batch 3 / 7 -  partial tp {0: tensor(0), 1: tensor(47)},fn {0: tensor(0), 1: tensor(0)},fp {0: tensor(0), 1: tensor(0)}
INFO:root:TEST batch 3 / 7 - measures partial microavg - precision 1.0000 - recall 1.0000 - f1 1.0000 
INFO:root:TEST batch 3 / 7 - measures partial for class 0 - precision 0.0000 - recall 0.0000 - f1 0.0000 
INFO:root:TEST batch 3 / 7 - measures partial for class 1 - precision 1.0000 - recall 1.0000 - f1 1.0000 
INFO:root:TEST batch 3 / 7 - Batch time 0 
INFO:root:TEST batch 4 / 7 - partial error 0.0053 - partial loss 4.8366 - partial MRR  0.0000 - partial MAP 0.9947
INFO:root:TEST batch 4 / 7 -  partial tp {0: tensor(0), 1: tensor(47)},fn {0: tensor(0), 1: tensor(0)},fp {0: tensor(0), 1: tensor(0)}
INFO:root:TEST batch 4 / 7 - measures partial microavg - precision 1.0000 - recall 1.0000 - f1 1.0000 
INFO:root:TEST batch 4 / 7 - measures partial for class 0 - precision 0.0000 - recall 0.0000 - f1 0.0000 
INFO:root:TEST batch 4 / 7 - measures partial for class 1 - precision 1.0000 - recall 1.0000 - f1 1.0000 
INFO:root:TEST batch 4 / 7 - Batch time 0 
INFO:root:TEST batch 5 / 7 - partial error 0.0043 - partial loss 3.8693 - partial MRR  0.0000 - partial MAP 0.9957
INFO:root:TEST batch 5 / 7 -  partial tp {0: tensor(0), 1: tensor(47)},fn {0: tensor(0), 1: tensor(0)},fp {0: tensor(0), 1: tensor(0)}
INFO:root:TEST batch 5 / 7 - measures partial microavg - precision 1.0000 - recall 1.0000 - f1 1.0000 
INFO:root:TEST batch 5 / 7 - measures partial for class 0 - precision 0.0000 - recall 0.0000 - f1 0.0000 
INFO:root:TEST batch 5 / 7 - measures partial for class 1 - precision 1.0000 - recall 1.0000 - f1 1.0000 
INFO:root:TEST batch 5 / 7 - Batch time 0 
INFO:root:TEST batch 6 / 7 - partial error 0.0035 - partial loss 3.2244 - partial MRR  0.0000 - partial MAP 0.9965
INFO:root:TEST batch 6 / 7 -  partial tp {0: tensor(0), 1: tensor(47)},fn {0: tensor(0), 1: tensor(0)},fp {0: tensor(0), 1: tensor(0)}
INFO:root:TEST batch 6 / 7 - measures partial microavg - precision 1.0000 - recall 1.0000 - f1 1.0000 
INFO:root:TEST batch 6 / 7 - measures partial for class 0 - precision 0.0000 - recall 0.0000 - f1 0.0000 
INFO:root:TEST batch 6 / 7 - measures partial for class 1 - precision 1.0000 - recall 1.0000 - f1 1.0000 
INFO:root:TEST batch 6 / 7 - Batch time 0 
INFO:root:TEST batch 7 / 7 - partial error 0.0030 - partial loss 2.7638 - partial MRR  0.0000 - partial MAP 0.9970
INFO:root:TEST batch 7 / 7 -  partial tp {0: tensor(0), 1: tensor(47)},fn {0: tensor(0), 1: tensor(0)},fp {0: tensor(0), 1: tensor(0)}
INFO:root:TEST batch 7 / 7 - measures partial microavg - precision 1.0000 - recall 1.0000 - f1 1.0000 
INFO:root:TEST batch 7 / 7 - measures partial for class 0 - precision 0.0000 - recall 0.0000 - f1 0.0000 
INFO:root:TEST batch 7 / 7 - measures partial for class 1 - precision 1.0000 - recall 1.0000 - f1 1.0000 
INFO:root:TEST batch 7 / 7 - Batch time 0 
INFO:root:TEST mean losses tensor(2.7638)
INFO:root:TEST mean errors 0.0030395134817808867
INFO:root:TEST mean MRR 0.0 - mean MAP 0.996960461139679
INFO:root:TEST tp {0: tensor(0), 1: tensor(328)},fn {0: tensor(1), 1: tensor(0)},fp {0: tensor(0), 1: tensor(1)}
INFO:root:TEST measures microavg - precision 0.9970 - recall 0.9970 - f1 0.9970 
INFO:root:TEST measures for class 0 - precision 0.0000 - recall 0.0000 - f1 0.0000 
INFO:root:TEST measures for class 1 - precision 0.9970 - recall 1.0000 - f1 0.9985 
INFO:root:TEST measures@10 microavg - precision 1.0000 - recall 0.2128 - f1 0.3509 
INFO:root:TEST measures@10 for class 0 - precision 0.0000 - recall 0.0000 - f1 0.0000 
INFO:root:TEST measures@10 for class 1 - precision 1.0000 - recall 0.2134 - f1 0.3518 
INFO:root:TEST measures@100 microavg - precision 0.9970 - recall 0.9970 - f1 0.9970 
INFO:root:TEST measures@100 for class 0 - precision 0.0000 - recall 0.0000 - f1 0.0000 
INFO:root:TEST measures@100 for class 1 - precision 0.9970 - recall 1.0000 - f1 0.9985 
INFO:root:TEST measures@1000 microavg - precision 0.9970 - recall 0.9970 - f1 0.9970 
INFO:root:TEST measures@1000 for class 0 - precision 0.0000 - recall 0.0000 - f1 0.0000 
INFO:root:TEST measures@1000 for class 1 - precision 0.9970 - recall 1.0000 - f1 0.9985 
INFO:root:TEST Total epoch time: 0.08327042800010531
INFO:root:################ TRAIN epoch 46 ###################
INFO:root:TRAIN mean losses tensor(0.)
INFO:root:TRAIN mean errors 0.0
INFO:root:TRAIN mean MRR 0.0 - mean MAP 1.0
INFO:root:TRAIN tp {0: tensor(0), 1: tensor(1410)},fn {0: tensor(0), 1: tensor(0)},fp {0: tensor(0), 1: tensor(0)}
INFO:root:TRAIN measures microavg - precision 1.0000 - recall 1.0000 - f1 1.0000 
INFO:root:TRAIN measures for class 0 - precision 0.0000 - recall 0.0000 - f1 0.0000 
INFO:root:TRAIN measures for class 1 - precision 1.0000 - recall 1.0000 - f1 1.0000 
INFO:root:TRAIN measures@10 microavg - precision 1.0000 - recall 0.2128 - f1 0.3509 
INFO:root:TRAIN measures@10 for class 0 - precision 0.0000 - recall 0.0000 - f1 0.0000 
INFO:root:TRAIN measures@10 for class 1 - precision 1.0000 - recall 0.2128 - f1 0.3509 
INFO:root:TRAIN measures@100 microavg - precision 1.0000 - recall 1.0000 - f1 1.0000 
INFO:root:TRAIN measures@100 for class 0 - precision 0.0000 - recall 0.0000 - f1 0.0000 
INFO:root:TRAIN measures@100 for class 1 - precision 1.0000 - recall 1.0000 - f1 1.0000 
INFO:root:TRAIN measures@1000 microavg - precision 1.0000 - recall 1.0000 - f1 1.0000 
INFO:root:TRAIN measures@1000 for class 0 - precision 0.0000 - recall 0.0000 - f1 0.0000 
INFO:root:TRAIN measures@1000 for class 1 - precision 1.0000 - recall 1.0000 - f1 1.0000 
INFO:root:TRAIN Total epoch time: 0.5197729080000499
INFO:root:################ VALID epoch 46 ###################
INFO:root:VALID mean losses tensor(0.)
INFO:root:VALID mean errors 0.0
INFO:root:VALID mean MRR 0.0 - mean MAP 1.0
INFO:root:VALID tp {0: tensor(0), 1: tensor(282)},fn {0: tensor(0), 1: tensor(0)},fp {0: tensor(0), 1: tensor(0)}
INFO:root:VALID measures microavg - precision 1.0000 - recall 1.0000 - f1 1.0000 
INFO:root:VALID measures for class 0 - precision 0.0000 - recall 0.0000 - f1 0.0000 
INFO:root:VALID measures for class 1 - precision 1.0000 - recall 1.0000 - f1 1.0000 
INFO:root:VALID measures@10 microavg - precision 1.0000 - recall 0.2128 - f1 0.3509 
INFO:root:VALID measures@10 for class 0 - precision 0.0000 - recall 0.0000 - f1 0.0000 
INFO:root:VALID measures@10 for class 1 - precision 1.0000 - recall 0.2128 - f1 0.3509 
INFO:root:VALID measures@100 microavg - precision 1.0000 - recall 1.0000 - f1 1.0000 
INFO:root:VALID measures@100 for class 0 - precision 0.0000 - recall 0.0000 - f1 0.0000 
INFO:root:VALID measures@100 for class 1 - precision 1.0000 - recall 1.0000 - f1 1.0000 
INFO:root:VALID measures@1000 microavg - precision 1.0000 - recall 1.0000 - f1 1.0000 
INFO:root:VALID measures@1000 for class 0 - precision 0.0000 - recall 0.0000 - f1 0.0000 
INFO:root:VALID measures@1000 for class 1 - precision 1.0000 - recall 1.0000 - f1 1.0000 
INFO:root:VALID Total epoch time: 0.06622155400009433
INFO:root:################ TEST epoch 46 ###################
INFO:root:TEST batch 1 / 7 - partial error 0.0000 - partial loss 0.0000 - partial MRR  0.0000 - partial MAP 1.0000
INFO:root:TEST batch 1 / 7 -  partial tp {0: tensor(0), 1: tensor(47)},fn {0: tensor(0), 1: tensor(0)},fp {0: tensor(0), 1: tensor(0)}
INFO:root:TEST batch 1 / 7 - measures partial microavg - precision 1.0000 - recall 1.0000 - f1 1.0000 
INFO:root:TEST batch 1 / 7 - measures partial for class 0 - precision 0.0000 - recall 0.0000 - f1 0.0000 
INFO:root:TEST batch 1 / 7 - measures partial for class 1 - precision 1.0000 - recall 1.0000 - f1 1.0000 
INFO:root:TEST batch 1 / 7 - Batch time 0 
INFO:root:TEST batch 2 / 7 - partial error 0.0106 - partial loss 9.1845 - partial MRR  0.0000 - partial MAP 0.9894
INFO:root:TEST batch 2 / 7 -  partial tp {0: tensor(0), 1: tensor(46)},fn {0: tensor(1), 1: tensor(0)},fp {0: tensor(0), 1: tensor(1)}
INFO:root:TEST batch 2 / 7 - measures partial microavg - precision 0.9787 - recall 0.9787 - f1 0.9787 
INFO:root:TEST batch 2 / 7 - measures partial for class 0 - precision 0.0000 - recall 0.0000 - f1 0.0000 
INFO:root:TEST batch 2 / 7 - measures partial for class 1 - precision 0.9787 - recall 1.0000 - f1 0.9892 
INFO:root:TEST batch 2 / 7 - Batch time 0 
INFO:root:TEST batch 3 / 7 - partial error 0.0071 - partial loss 6.1230 - partial MRR  0.0000 - partial MAP 0.9929
INFO:root:TEST batch 3 / 7 -  partial tp {0: tensor(0), 1: tensor(47)},fn {0: tensor(0), 1: tensor(0)},fp {0: tensor(0), 1: tensor(0)}
INFO:root:TEST batch 3 / 7 - measures partial microavg - precision 1.0000 - recall 1.0000 - f1 1.0000 
INFO:root:TEST batch 3 / 7 - measures partial for class 0 - precision 0.0000 - recall 0.0000 - f1 0.0000 
INFO:root:TEST batch 3 / 7 - measures partial for class 1 - precision 1.0000 - recall 1.0000 - f1 1.0000 
INFO:root:TEST batch 3 / 7 - Batch time 0 
INFO:root:TEST batch 4 / 7 - partial error 0.0053 - partial loss 4.5923 - partial MRR  0.0000 - partial MAP 0.9947
INFO:root:TEST batch 4 / 7 -  partial tp {0: tensor(0), 1: tensor(47)},fn {0: tensor(0), 1: tensor(0)},fp {0: tensor(0), 1: tensor(0)}
INFO:root:TEST batch 4 / 7 - measures partial microavg - precision 1.0000 - recall 1.0000 - f1 1.0000 
INFO:root:TEST batch 4 / 7 - measures partial for class 0 - precision 0.0000 - recall 0.0000 - f1 0.0000 
INFO:root:TEST batch 4 / 7 - measures partial for class 1 - precision 1.0000 - recall 1.0000 - f1 1.0000 
INFO:root:TEST batch 4 / 7 - Batch time 0 
INFO:root:TEST batch 5 / 7 - partial error 0.0043 - partial loss 3.6738 - partial MRR  0.0000 - partial MAP 0.9957
INFO:root:TEST batch 5 / 7 -  partial tp {0: tensor(0), 1: tensor(47)},fn {0: tensor(0), 1: tensor(0)},fp {0: tensor(0), 1: tensor(0)}
INFO:root:TEST batch 5 / 7 - measures partial microavg - precision 1.0000 - recall 1.0000 - f1 1.0000 
INFO:root:TEST batch 5 / 7 - measures partial for class 0 - precision 0.0000 - recall 0.0000 - f1 0.0000 
INFO:root:TEST batch 5 / 7 - measures partial for class 1 - precision 1.0000 - recall 1.0000 - f1 1.0000 
INFO:root:TEST batch 5 / 7 - Batch time 0 
INFO:root:TEST batch 6 / 7 - partial error 0.0035 - partial loss 3.0615 - partial MRR  0.0000 - partial MAP 0.9965
INFO:root:TEST batch 6 / 7 -  partial tp {0: tensor(0), 1: tensor(47)},fn {0: tensor(0), 1: tensor(0)},fp {0: tensor(0), 1: tensor(0)}
INFO:root:TEST batch 6 / 7 - measures partial microavg - precision 1.0000 - recall 1.0000 - f1 1.0000 
INFO:root:TEST batch 6 / 7 - measures partial for class 0 - precision 0.0000 - recall 0.0000 - f1 0.0000 
INFO:root:TEST batch 6 / 7 - measures partial for class 1 - precision 1.0000 - recall 1.0000 - f1 1.0000 
INFO:root:TEST batch 6 / 7 - Batch time 0 
INFO:root:TEST batch 7 / 7 - partial error 0.0030 - partial loss 2.6241 - partial MRR  0.0000 - partial MAP 0.9970
INFO:root:TEST batch 7 / 7 -  partial tp {0: tensor(0), 1: tensor(47)},fn {0: tensor(0), 1: tensor(0)},fp {0: tensor(0), 1: tensor(0)}
INFO:root:TEST batch 7 / 7 - measures partial microavg - precision 1.0000 - recall 1.0000 - f1 1.0000 
INFO:root:TEST batch 7 / 7 - measures partial for class 0 - precision 0.0000 - recall 0.0000 - f1 0.0000 
INFO:root:TEST batch 7 / 7 - measures partial for class 1 - precision 1.0000 - recall 1.0000 - f1 1.0000 
INFO:root:TEST batch 7 / 7 - Batch time 0 
INFO:root:TEST mean losses tensor(2.6241)
INFO:root:TEST mean errors 0.0030395134817808867
INFO:root:TEST mean MRR 0.0 - mean MAP 0.996960461139679
INFO:root:TEST tp {0: tensor(0), 1: tensor(328)},fn {0: tensor(1), 1: tensor(0)},fp {0: tensor(0), 1: tensor(1)}
INFO:root:TEST measures microavg - precision 0.9970 - recall 0.9970 - f1 0.9970 
INFO:root:TEST measures for class 0 - precision 0.0000 - recall 0.0000 - f1 0.0000 
INFO:root:TEST measures for class 1 - precision 0.9970 - recall 1.0000 - f1 0.9985 
INFO:root:TEST measures@10 microavg - precision 1.0000 - recall 0.2128 - f1 0.3509 
INFO:root:TEST measures@10 for class 0 - precision 0.0000 - recall 0.0000 - f1 0.0000 
INFO:root:TEST measures@10 for class 1 - precision 1.0000 - recall 0.2134 - f1 0.3518 
INFO:root:TEST measures@100 microavg - precision 0.9970 - recall 0.9970 - f1 0.9970 
INFO:root:TEST measures@100 for class 0 - precision 0.0000 - recall 0.0000 - f1 0.0000 
INFO:root:TEST measures@100 for class 1 - precision 0.9970 - recall 1.0000 - f1 0.9985 
INFO:root:TEST measures@1000 microavg - precision 0.9970 - recall 0.9970 - f1 0.9970 
INFO:root:TEST measures@1000 for class 0 - precision 0.0000 - recall 0.0000 - f1 0.0000 
INFO:root:TEST measures@1000 for class 1 - precision 0.9970 - recall 1.0000 - f1 0.9985 
INFO:root:TEST Total epoch time: 0.0828772349996143
INFO:root:################ TRAIN epoch 47 ###################
INFO:root:TRAIN mean losses tensor(0.)
INFO:root:TRAIN mean errors 0.0
INFO:root:TRAIN mean MRR 0.0 - mean MAP 1.0
INFO:root:TRAIN tp {0: tensor(0), 1: tensor(1410)},fn {0: tensor(0), 1: tensor(0)},fp {0: tensor(0), 1: tensor(0)}
INFO:root:TRAIN measures microavg - precision 1.0000 - recall 1.0000 - f1 1.0000 
INFO:root:TRAIN measures for class 0 - precision 0.0000 - recall 0.0000 - f1 0.0000 
INFO:root:TRAIN measures for class 1 - precision 1.0000 - recall 1.0000 - f1 1.0000 
INFO:root:TRAIN measures@10 microavg - precision 1.0000 - recall 0.2128 - f1 0.3509 
INFO:root:TRAIN measures@10 for class 0 - precision 0.0000 - recall 0.0000 - f1 0.0000 
INFO:root:TRAIN measures@10 for class 1 - precision 1.0000 - recall 0.2128 - f1 0.3509 
INFO:root:TRAIN measures@100 microavg - precision 1.0000 - recall 1.0000 - f1 1.0000 
INFO:root:TRAIN measures@100 for class 0 - precision 0.0000 - recall 0.0000 - f1 0.0000 
INFO:root:TRAIN measures@100 for class 1 - precision 1.0000 - recall 1.0000 - f1 1.0000 
INFO:root:TRAIN measures@1000 microavg - precision 1.0000 - recall 1.0000 - f1 1.0000 
INFO:root:TRAIN measures@1000 for class 0 - precision 0.0000 - recall 0.0000 - f1 0.0000 
INFO:root:TRAIN measures@1000 for class 1 - precision 1.0000 - recall 1.0000 - f1 1.0000 
INFO:root:TRAIN Total epoch time: 0.4987024380002367
INFO:root:################ VALID epoch 47 ###################
INFO:root:VALID mean losses tensor(0.)
INFO:root:VALID mean errors 0.0
INFO:root:VALID mean MRR 0.0 - mean MAP 1.0
INFO:root:VALID tp {0: tensor(0), 1: tensor(282)},fn {0: tensor(0), 1: tensor(0)},fp {0: tensor(0), 1: tensor(0)}
INFO:root:VALID measures microavg - precision 1.0000 - recall 1.0000 - f1 1.0000 
INFO:root:VALID measures for class 0 - precision 0.0000 - recall 0.0000 - f1 0.0000 
INFO:root:VALID measures for class 1 - precision 1.0000 - recall 1.0000 - f1 1.0000 
INFO:root:VALID measures@10 microavg - precision 1.0000 - recall 0.2128 - f1 0.3509 
INFO:root:VALID measures@10 for class 0 - precision 0.0000 - recall 0.0000 - f1 0.0000 
INFO:root:VALID measures@10 for class 1 - precision 1.0000 - recall 0.2128 - f1 0.3509 
INFO:root:VALID measures@100 microavg - precision 1.0000 - recall 1.0000 - f1 1.0000 
INFO:root:VALID measures@100 for class 0 - precision 0.0000 - recall 0.0000 - f1 0.0000 
INFO:root:VALID measures@100 for class 1 - precision 1.0000 - recall 1.0000 - f1 1.0000 
INFO:root:VALID measures@1000 microavg - precision 1.0000 - recall 1.0000 - f1 1.0000 
INFO:root:VALID measures@1000 for class 0 - precision 0.0000 - recall 0.0000 - f1 0.0000 
INFO:root:VALID measures@1000 for class 1 - precision 1.0000 - recall 1.0000 - f1 1.0000 
INFO:root:VALID Total epoch time: 0.06255379599997468
INFO:root:################ TEST epoch 47 ###################
INFO:root:TEST batch 1 / 7 - partial error 0.0000 - partial loss 0.0000 - partial MRR  0.0000 - partial MAP 1.0000
INFO:root:TEST batch 1 / 7 -  partial tp {0: tensor(0), 1: tensor(47)},fn {0: tensor(0), 1: tensor(0)},fp {0: tensor(0), 1: tensor(0)}
INFO:root:TEST batch 1 / 7 - measures partial microavg - precision 1.0000 - recall 1.0000 - f1 1.0000 
INFO:root:TEST batch 1 / 7 - measures partial for class 0 - precision 0.0000 - recall 0.0000 - f1 0.0000 
INFO:root:TEST batch 1 / 7 - measures partial for class 1 - precision 1.0000 - recall 1.0000 - f1 1.0000 
INFO:root:TEST batch 1 / 7 - Batch time 0 
INFO:root:TEST batch 2 / 7 - partial error 0.0106 - partial loss 8.5538 - partial MRR  0.0000 - partial MAP 0.9894
INFO:root:TEST batch 2 / 7 -  partial tp {0: tensor(0), 1: tensor(46)},fn {0: tensor(1), 1: tensor(0)},fp {0: tensor(0), 1: tensor(1)}
INFO:root:TEST batch 2 / 7 - measures partial microavg - precision 0.9787 - recall 0.9787 - f1 0.9787 
INFO:root:TEST batch 2 / 7 - measures partial for class 0 - precision 0.0000 - recall 0.0000 - f1 0.0000 
INFO:root:TEST batch 2 / 7 - measures partial for class 1 - precision 0.9787 - recall 1.0000 - f1 0.9892 
INFO:root:TEST batch 2 / 7 - Batch time 0 
INFO:root:TEST batch 3 / 7 - partial error 0.0071 - partial loss 5.7025 - partial MRR  0.0000 - partial MAP 0.9929
INFO:root:TEST batch 3 / 7 -  partial tp {0: tensor(0), 1: tensor(47)},fn {0: tensor(0), 1: tensor(0)},fp {0: tensor(0), 1: tensor(0)}
INFO:root:TEST batch 3 / 7 - measures partial microavg - precision 1.0000 - recall 1.0000 - f1 1.0000 
INFO:root:TEST batch 3 / 7 - measures partial for class 0 - precision 0.0000 - recall 0.0000 - f1 0.0000 
INFO:root:TEST batch 3 / 7 - measures partial for class 1 - precision 1.0000 - recall 1.0000 - f1 1.0000 
INFO:root:TEST batch 3 / 7 - Batch time 0 
INFO:root:TEST batch 4 / 7 - partial error 0.0053 - partial loss 4.2769 - partial MRR  0.0000 - partial MAP 0.9947
INFO:root:TEST batch 4 / 7 -  partial tp {0: tensor(0), 1: tensor(47)},fn {0: tensor(0), 1: tensor(0)},fp {0: tensor(0), 1: tensor(0)}
INFO:root:TEST batch 4 / 7 - measures partial microavg - precision 1.0000 - recall 1.0000 - f1 1.0000 
INFO:root:TEST batch 4 / 7 - measures partial for class 0 - precision 0.0000 - recall 0.0000 - f1 0.0000 
INFO:root:TEST batch 4 / 7 - measures partial for class 1 - precision 1.0000 - recall 1.0000 - f1 1.0000 
INFO:root:TEST batch 4 / 7 - Batch time 0 
INFO:root:TEST batch 5 / 7 - partial error 0.0043 - partial loss 3.4215 - partial MRR  0.0000 - partial MAP 0.9957
INFO:root:TEST batch 5 / 7 -  partial tp {0: tensor(0), 1: tensor(47)},fn {0: tensor(0), 1: tensor(0)},fp {0: tensor(0), 1: tensor(0)}
INFO:root:TEST batch 5 / 7 - measures partial microavg - precision 1.0000 - recall 1.0000 - f1 1.0000 
INFO:root:TEST batch 5 / 7 - measures partial for class 0 - precision 0.0000 - recall 0.0000 - f1 0.0000 
INFO:root:TEST batch 5 / 7 - measures partial for class 1 - precision 1.0000 - recall 1.0000 - f1 1.0000 
INFO:root:TEST batch 5 / 7 - Batch time 0 
INFO:root:TEST batch 6 / 7 - partial error 0.0035 - partial loss 2.8513 - partial MRR  0.0000 - partial MAP 0.9965
INFO:root:TEST batch 6 / 7 -  partial tp {0: tensor(0), 1: tensor(47)},fn {0: tensor(0), 1: tensor(0)},fp {0: tensor(0), 1: tensor(0)}
INFO:root:TEST batch 6 / 7 - measures partial microavg - precision 1.0000 - recall 1.0000 - f1 1.0000 
INFO:root:TEST batch 6 / 7 - measures partial for class 0 - precision 0.0000 - recall 0.0000 - f1 0.0000 
INFO:root:TEST batch 6 / 7 - measures partial for class 1 - precision 1.0000 - recall 1.0000 - f1 1.0000 
INFO:root:TEST batch 6 / 7 - Batch time 0 
INFO:root:TEST batch 7 / 7 - partial error 0.0030 - partial loss 2.4439 - partial MRR  0.0000 - partial MAP 0.9970
INFO:root:TEST batch 7 / 7 -  partial tp {0: tensor(0), 1: tensor(47)},fn {0: tensor(0), 1: tensor(0)},fp {0: tensor(0), 1: tensor(0)}
INFO:root:TEST batch 7 / 7 - measures partial microavg - precision 1.0000 - recall 1.0000 - f1 1.0000 
INFO:root:TEST batch 7 / 7 - measures partial for class 0 - precision 0.0000 - recall 0.0000 - f1 0.0000 
INFO:root:TEST batch 7 / 7 - measures partial for class 1 - precision 1.0000 - recall 1.0000 - f1 1.0000 
INFO:root:TEST batch 7 / 7 - Batch time 0 
INFO:root:TEST mean losses tensor(2.4439)
INFO:root:TEST mean errors 0.0030395134817808867
INFO:root:TEST mean MRR 0.0 - mean MAP 0.996960461139679
INFO:root:TEST tp {0: tensor(0), 1: tensor(328)},fn {0: tensor(1), 1: tensor(0)},fp {0: tensor(0), 1: tensor(1)}
INFO:root:TEST measures microavg - precision 0.9970 - recall 0.9970 - f1 0.9970 
INFO:root:TEST measures for class 0 - precision 0.0000 - recall 0.0000 - f1 0.0000 
INFO:root:TEST measures for class 1 - precision 0.9970 - recall 1.0000 - f1 0.9985 
INFO:root:TEST measures@10 microavg - precision 1.0000 - recall 0.2128 - f1 0.3509 
INFO:root:TEST measures@10 for class 0 - precision 0.0000 - recall 0.0000 - f1 0.0000 
INFO:root:TEST measures@10 for class 1 - precision 1.0000 - recall 0.2134 - f1 0.3518 
INFO:root:TEST measures@100 microavg - precision 0.9970 - recall 0.9970 - f1 0.9970 
INFO:root:TEST measures@100 for class 0 - precision 0.0000 - recall 0.0000 - f1 0.0000 
INFO:root:TEST measures@100 for class 1 - precision 0.9970 - recall 1.0000 - f1 0.9985 
INFO:root:TEST measures@1000 microavg - precision 0.9970 - recall 0.9970 - f1 0.9970 
INFO:root:TEST measures@1000 for class 0 - precision 0.0000 - recall 0.0000 - f1 0.0000 
INFO:root:TEST measures@1000 for class 1 - precision 0.9970 - recall 1.0000 - f1 0.9985 
INFO:root:TEST Total epoch time: 0.08094754000012472
INFO:root:################ TRAIN epoch 48 ###################
INFO:root:TRAIN mean losses tensor(0.)
INFO:root:TRAIN mean errors 0.0
INFO:root:TRAIN mean MRR 0.0 - mean MAP 1.0
INFO:root:TRAIN tp {0: tensor(0), 1: tensor(1410)},fn {0: tensor(0), 1: tensor(0)},fp {0: tensor(0), 1: tensor(0)}
INFO:root:TRAIN measures microavg - precision 1.0000 - recall 1.0000 - f1 1.0000 
INFO:root:TRAIN measures for class 0 - precision 0.0000 - recall 0.0000 - f1 0.0000 
INFO:root:TRAIN measures for class 1 - precision 1.0000 - recall 1.0000 - f1 1.0000 
INFO:root:TRAIN measures@10 microavg - precision 1.0000 - recall 0.2128 - f1 0.3509 
INFO:root:TRAIN measures@10 for class 0 - precision 0.0000 - recall 0.0000 - f1 0.0000 
INFO:root:TRAIN measures@10 for class 1 - precision 1.0000 - recall 0.2128 - f1 0.3509 
INFO:root:TRAIN measures@100 microavg - precision 1.0000 - recall 1.0000 - f1 1.0000 
INFO:root:TRAIN measures@100 for class 0 - precision 0.0000 - recall 0.0000 - f1 0.0000 
INFO:root:TRAIN measures@100 for class 1 - precision 1.0000 - recall 1.0000 - f1 1.0000 
INFO:root:TRAIN measures@1000 microavg - precision 1.0000 - recall 1.0000 - f1 1.0000 
INFO:root:TRAIN measures@1000 for class 0 - precision 0.0000 - recall 0.0000 - f1 0.0000 
INFO:root:TRAIN measures@1000 for class 1 - precision 1.0000 - recall 1.0000 - f1 1.0000 
INFO:root:TRAIN Total epoch time: 0.4979458880002312
INFO:root:################ VALID epoch 48 ###################
INFO:root:VALID mean losses tensor(0.)
INFO:root:VALID mean errors 0.0
INFO:root:VALID mean MRR 0.0 - mean MAP 1.0
INFO:root:VALID tp {0: tensor(0), 1: tensor(282)},fn {0: tensor(0), 1: tensor(0)},fp {0: tensor(0), 1: tensor(0)}
INFO:root:VALID measures microavg - precision 1.0000 - recall 1.0000 - f1 1.0000 
INFO:root:VALID measures for class 0 - precision 0.0000 - recall 0.0000 - f1 0.0000 
INFO:root:VALID measures for class 1 - precision 1.0000 - recall 1.0000 - f1 1.0000 
INFO:root:VALID measures@10 microavg - precision 1.0000 - recall 0.2128 - f1 0.3509 
INFO:root:VALID measures@10 for class 0 - precision 0.0000 - recall 0.0000 - f1 0.0000 
INFO:root:VALID measures@10 for class 1 - precision 1.0000 - recall 0.2128 - f1 0.3509 
INFO:root:VALID measures@100 microavg - precision 1.0000 - recall 1.0000 - f1 1.0000 
INFO:root:VALID measures@100 for class 0 - precision 0.0000 - recall 0.0000 - f1 0.0000 
INFO:root:VALID measures@100 for class 1 - precision 1.0000 - recall 1.0000 - f1 1.0000 
INFO:root:VALID measures@1000 microavg - precision 1.0000 - recall 1.0000 - f1 1.0000 
INFO:root:VALID measures@1000 for class 0 - precision 0.0000 - recall 0.0000 - f1 0.0000 
INFO:root:VALID measures@1000 for class 1 - precision 1.0000 - recall 1.0000 - f1 1.0000 
INFO:root:VALID Total epoch time: 0.0628984740001215
INFO:root:################ TEST epoch 48 ###################
INFO:root:TEST batch 1 / 7 - partial error 0.0000 - partial loss 0.0000 - partial MRR  0.0000 - partial MAP 1.0000
INFO:root:TEST batch 1 / 7 -  partial tp {0: tensor(0), 1: tensor(47)},fn {0: tensor(0), 1: tensor(0)},fp {0: tensor(0), 1: tensor(0)}
INFO:root:TEST batch 1 / 7 - measures partial microavg - precision 1.0000 - recall 1.0000 - f1 1.0000 
INFO:root:TEST batch 1 / 7 - measures partial for class 0 - precision 0.0000 - recall 0.0000 - f1 0.0000 
INFO:root:TEST batch 1 / 7 - measures partial for class 1 - precision 1.0000 - recall 1.0000 - f1 1.0000 
INFO:root:TEST batch 1 / 7 - Batch time 0 
INFO:root:TEST batch 2 / 7 - partial error 0.0106 - partial loss 8.7973 - partial MRR  0.0000 - partial MAP 0.9894
INFO:root:TEST batch 2 / 7 -  partial tp {0: tensor(0), 1: tensor(46)},fn {0: tensor(1), 1: tensor(0)},fp {0: tensor(0), 1: tensor(1)}
INFO:root:TEST batch 2 / 7 - measures partial microavg - precision 0.9787 - recall 0.9787 - f1 0.9787 
INFO:root:TEST batch 2 / 7 - measures partial for class 0 - precision 0.0000 - recall 0.0000 - f1 0.0000 
INFO:root:TEST batch 2 / 7 - measures partial for class 1 - precision 0.9787 - recall 1.0000 - f1 0.9892 
INFO:root:TEST batch 2 / 7 - Batch time 0 
INFO:root:TEST batch 3 / 7 - partial error 0.0071 - partial loss 5.8648 - partial MRR  0.0000 - partial MAP 0.9929
INFO:root:TEST batch 3 / 7 -  partial tp {0: tensor(0), 1: tensor(47)},fn {0: tensor(0), 1: tensor(0)},fp {0: tensor(0), 1: tensor(0)}
INFO:root:TEST batch 3 / 7 - measures partial microavg - precision 1.0000 - recall 1.0000 - f1 1.0000 
INFO:root:TEST batch 3 / 7 - measures partial for class 0 - precision 0.0000 - recall 0.0000 - f1 0.0000 
INFO:root:TEST batch 3 / 7 - measures partial for class 1 - precision 1.0000 - recall 1.0000 - f1 1.0000 
INFO:root:TEST batch 3 / 7 - Batch time 0 
INFO:root:TEST batch 4 / 7 - partial error 0.0053 - partial loss 4.3986 - partial MRR  0.0000 - partial MAP 0.9947
INFO:root:TEST batch 4 / 7 -  partial tp {0: tensor(0), 1: tensor(47)},fn {0: tensor(0), 1: tensor(0)},fp {0: tensor(0), 1: tensor(0)}
INFO:root:TEST batch 4 / 7 - measures partial microavg - precision 1.0000 - recall 1.0000 - f1 1.0000 
INFO:root:TEST batch 4 / 7 - measures partial for class 0 - precision 0.0000 - recall 0.0000 - f1 0.0000 
INFO:root:TEST batch 4 / 7 - measures partial for class 1 - precision 1.0000 - recall 1.0000 - f1 1.0000 
INFO:root:TEST batch 4 / 7 - Batch time 0 
INFO:root:TEST batch 5 / 7 - partial error 0.0043 - partial loss 3.5189 - partial MRR  0.0000 - partial MAP 0.9957
INFO:root:TEST batch 5 / 7 -  partial tp {0: tensor(0), 1: tensor(47)},fn {0: tensor(0), 1: tensor(0)},fp {0: tensor(0), 1: tensor(0)}
INFO:root:TEST batch 5 / 7 - measures partial microavg - precision 1.0000 - recall 1.0000 - f1 1.0000 
INFO:root:TEST batch 5 / 7 - measures partial for class 0 - precision 0.0000 - recall 0.0000 - f1 0.0000 
INFO:root:TEST batch 5 / 7 - measures partial for class 1 - precision 1.0000 - recall 1.0000 - f1 1.0000 
INFO:root:TEST batch 5 / 7 - Batch time 0 
INFO:root:TEST batch 6 / 7 - partial error 0.0035 - partial loss 2.9324 - partial MRR  0.0000 - partial MAP 0.9965
INFO:root:TEST batch 6 / 7 -  partial tp {0: tensor(0), 1: tensor(47)},fn {0: tensor(0), 1: tensor(0)},fp {0: tensor(0), 1: tensor(0)}
INFO:root:TEST batch 6 / 7 - measures partial microavg - precision 1.0000 - recall 1.0000 - f1 1.0000 
INFO:root:TEST batch 6 / 7 - measures partial for class 0 - precision 0.0000 - recall 0.0000 - f1 0.0000 
INFO:root:TEST batch 6 / 7 - measures partial for class 1 - precision 1.0000 - recall 1.0000 - f1 1.0000 
INFO:root:TEST batch 6 / 7 - Batch time 0 
INFO:root:TEST batch 7 / 7 - partial error 0.0030 - partial loss 2.5135 - partial MRR  0.0000 - partial MAP 0.9970
INFO:root:TEST batch 7 / 7 -  partial tp {0: tensor(0), 1: tensor(47)},fn {0: tensor(0), 1: tensor(0)},fp {0: tensor(0), 1: tensor(0)}
INFO:root:TEST batch 7 / 7 - measures partial microavg - precision 1.0000 - recall 1.0000 - f1 1.0000 
INFO:root:TEST batch 7 / 7 - measures partial for class 0 - precision 0.0000 - recall 0.0000 - f1 0.0000 
INFO:root:TEST batch 7 / 7 - measures partial for class 1 - precision 1.0000 - recall 1.0000 - f1 1.0000 
INFO:root:TEST batch 7 / 7 - Batch time 0 
INFO:root:TEST mean losses tensor(2.5135)
INFO:root:TEST mean errors 0.0030395134817808867
INFO:root:TEST mean MRR 0.0 - mean MAP 0.996960461139679
INFO:root:TEST tp {0: tensor(0), 1: tensor(328)},fn {0: tensor(1), 1: tensor(0)},fp {0: tensor(0), 1: tensor(1)}
INFO:root:TEST measures microavg - precision 0.9970 - recall 0.9970 - f1 0.9970 
INFO:root:TEST measures for class 0 - precision 0.0000 - recall 0.0000 - f1 0.0000 
INFO:root:TEST measures for class 1 - precision 0.9970 - recall 1.0000 - f1 0.9985 
INFO:root:TEST measures@10 microavg - precision 1.0000 - recall 0.2128 - f1 0.3509 
INFO:root:TEST measures@10 for class 0 - precision 0.0000 - recall 0.0000 - f1 0.0000 
INFO:root:TEST measures@10 for class 1 - precision 1.0000 - recall 0.2134 - f1 0.3518 
INFO:root:TEST measures@100 microavg - precision 0.9970 - recall 0.9970 - f1 0.9970 
INFO:root:TEST measures@100 for class 0 - precision 0.0000 - recall 0.0000 - f1 0.0000 
INFO:root:TEST measures@100 for class 1 - precision 0.9970 - recall 1.0000 - f1 0.9985 
INFO:root:TEST measures@1000 microavg - precision 0.9970 - recall 0.9970 - f1 0.9970 
INFO:root:TEST measures@1000 for class 0 - precision 0.0000 - recall 0.0000 - f1 0.0000 
INFO:root:TEST measures@1000 for class 1 - precision 0.9970 - recall 1.0000 - f1 0.9985 
INFO:root:TEST Total epoch time: 0.08204138099972624
INFO:root:################ TRAIN epoch 49 ###################
INFO:root:TRAIN mean losses tensor(0.)
INFO:root:TRAIN mean errors 0.0
INFO:root:TRAIN mean MRR 0.0 - mean MAP 1.0
INFO:root:TRAIN tp {0: tensor(0), 1: tensor(1410)},fn {0: tensor(0), 1: tensor(0)},fp {0: tensor(0), 1: tensor(0)}
INFO:root:TRAIN measures microavg - precision 1.0000 - recall 1.0000 - f1 1.0000 
INFO:root:TRAIN measures for class 0 - precision 0.0000 - recall 0.0000 - f1 0.0000 
INFO:root:TRAIN measures for class 1 - precision 1.0000 - recall 1.0000 - f1 1.0000 
INFO:root:TRAIN measures@10 microavg - precision 1.0000 - recall 0.2128 - f1 0.3509 
INFO:root:TRAIN measures@10 for class 0 - precision 0.0000 - recall 0.0000 - f1 0.0000 
INFO:root:TRAIN measures@10 for class 1 - precision 1.0000 - recall 0.2128 - f1 0.3509 
INFO:root:TRAIN measures@100 microavg - precision 1.0000 - recall 1.0000 - f1 1.0000 
INFO:root:TRAIN measures@100 for class 0 - precision 0.0000 - recall 0.0000 - f1 0.0000 
INFO:root:TRAIN measures@100 for class 1 - precision 1.0000 - recall 1.0000 - f1 1.0000 
INFO:root:TRAIN measures@1000 microavg - precision 1.0000 - recall 1.0000 - f1 1.0000 
INFO:root:TRAIN measures@1000 for class 0 - precision 0.0000 - recall 0.0000 - f1 0.0000 
INFO:root:TRAIN measures@1000 for class 1 - precision 1.0000 - recall 1.0000 - f1 1.0000 
INFO:root:TRAIN Total epoch time: 0.4953632739998284
INFO:root:################ VALID epoch 49 ###################
INFO:root:VALID mean losses tensor(0.)
INFO:root:VALID mean errors 0.0
INFO:root:VALID mean MRR 0.0 - mean MAP 1.0
INFO:root:VALID tp {0: tensor(0), 1: tensor(282)},fn {0: tensor(0), 1: tensor(0)},fp {0: tensor(0), 1: tensor(0)}
INFO:root:VALID measures microavg - precision 1.0000 - recall 1.0000 - f1 1.0000 
INFO:root:VALID measures for class 0 - precision 0.0000 - recall 0.0000 - f1 0.0000 
INFO:root:VALID measures for class 1 - precision 1.0000 - recall 1.0000 - f1 1.0000 
INFO:root:VALID measures@10 microavg - precision 1.0000 - recall 0.2128 - f1 0.3509 
INFO:root:VALID measures@10 for class 0 - precision 0.0000 - recall 0.0000 - f1 0.0000 
INFO:root:VALID measures@10 for class 1 - precision 1.0000 - recall 0.2128 - f1 0.3509 
INFO:root:VALID measures@100 microavg - precision 1.0000 - recall 1.0000 - f1 1.0000 
INFO:root:VALID measures@100 for class 0 - precision 0.0000 - recall 0.0000 - f1 0.0000 
INFO:root:VALID measures@100 for class 1 - precision 1.0000 - recall 1.0000 - f1 1.0000 
INFO:root:VALID measures@1000 microavg - precision 1.0000 - recall 1.0000 - f1 1.0000 
INFO:root:VALID measures@1000 for class 0 - precision 0.0000 - recall 0.0000 - f1 0.0000 
INFO:root:VALID measures@1000 for class 1 - precision 1.0000 - recall 1.0000 - f1 1.0000 
INFO:root:VALID Total epoch time: 0.06252885699996114
INFO:root:################ TEST epoch 49 ###################
INFO:root:TEST batch 1 / 7 - partial error 0.0000 - partial loss 0.0000 - partial MRR  0.0000 - partial MAP 1.0000
INFO:root:TEST batch 1 / 7 -  partial tp {0: tensor(0), 1: tensor(47)},fn {0: tensor(0), 1: tensor(0)},fp {0: tensor(0), 1: tensor(0)}
INFO:root:TEST batch 1 / 7 - measures partial microavg - precision 1.0000 - recall 1.0000 - f1 1.0000 
INFO:root:TEST batch 1 / 7 - measures partial for class 0 - precision 0.0000 - recall 0.0000 - f1 0.0000 
INFO:root:TEST batch 1 / 7 - measures partial for class 1 - precision 1.0000 - recall 1.0000 - f1 1.0000 
INFO:root:TEST batch 1 / 7 - Batch time 0 
INFO:root:TEST batch 2 / 7 - partial error 0.0106 - partial loss 8.9536 - partial MRR  0.0000 - partial MAP 0.9894
INFO:root:TEST batch 2 / 7 -  partial tp {0: tensor(0), 1: tensor(46)},fn {0: tensor(1), 1: tensor(0)},fp {0: tensor(0), 1: tensor(1)}
INFO:root:TEST batch 2 / 7 - measures partial microavg - precision 0.9787 - recall 0.9787 - f1 0.9787 
INFO:root:TEST batch 2 / 7 - measures partial for class 0 - precision 0.0000 - recall 0.0000 - f1 0.0000 
INFO:root:TEST batch 2 / 7 - measures partial for class 1 - precision 0.9787 - recall 1.0000 - f1 0.9892 
INFO:root:TEST batch 2 / 7 - Batch time 0 
INFO:root:TEST batch 3 / 7 - partial error 0.0071 - partial loss 5.9691 - partial MRR  0.0000 - partial MAP 0.9929
INFO:root:TEST batch 3 / 7 -  partial tp {0: tensor(0), 1: tensor(47)},fn {0: tensor(0), 1: tensor(0)},fp {0: tensor(0), 1: tensor(0)}
INFO:root:TEST batch 3 / 7 - measures partial microavg - precision 1.0000 - recall 1.0000 - f1 1.0000 
INFO:root:TEST batch 3 / 7 - measures partial for class 0 - precision 0.0000 - recall 0.0000 - f1 0.0000 
INFO:root:TEST batch 3 / 7 - measures partial for class 1 - precision 1.0000 - recall 1.0000 - f1 1.0000 
INFO:root:TEST batch 3 / 7 - Batch time 0 
INFO:root:TEST batch 4 / 7 - partial error 0.0053 - partial loss 4.4768 - partial MRR  0.0000 - partial MAP 0.9947
INFO:root:TEST batch 4 / 7 -  partial tp {0: tensor(0), 1: tensor(47)},fn {0: tensor(0), 1: tensor(0)},fp {0: tensor(0), 1: tensor(0)}
INFO:root:TEST batch 4 / 7 - measures partial microavg - precision 1.0000 - recall 1.0000 - f1 1.0000 
INFO:root:TEST batch 4 / 7 - measures partial for class 0 - precision 0.0000 - recall 0.0000 - f1 0.0000 
INFO:root:TEST batch 4 / 7 - measures partial for class 1 - precision 1.0000 - recall 1.0000 - f1 1.0000 
INFO:root:TEST batch 4 / 7 - Batch time 0 
INFO:root:TEST batch 5 / 7 - partial error 0.0043 - partial loss 3.5815 - partial MRR  0.0000 - partial MAP 0.9957
INFO:root:TEST batch 5 / 7 -  partial tp {0: tensor(0), 1: tensor(47)},fn {0: tensor(0), 1: tensor(0)},fp {0: tensor(0), 1: tensor(0)}
INFO:root:TEST batch 5 / 7 - measures partial microavg - precision 1.0000 - recall 1.0000 - f1 1.0000 
INFO:root:TEST batch 5 / 7 - measures partial for class 0 - precision 0.0000 - recall 0.0000 - f1 0.0000 
INFO:root:TEST batch 5 / 7 - measures partial for class 1 - precision 1.0000 - recall 1.0000 - f1 1.0000 
INFO:root:TEST batch 5 / 7 - Batch time 0 
INFO:root:TEST batch 6 / 7 - partial error 0.0035 - partial loss 2.9845 - partial MRR  0.0000 - partial MAP 0.9965
INFO:root:TEST batch 6 / 7 -  partial tp {0: tensor(0), 1: tensor(47)},fn {0: tensor(0), 1: tensor(0)},fp {0: tensor(0), 1: tensor(0)}
INFO:root:TEST batch 6 / 7 - measures partial microavg - precision 1.0000 - recall 1.0000 - f1 1.0000 
INFO:root:TEST batch 6 / 7 - measures partial for class 0 - precision 0.0000 - recall 0.0000 - f1 0.0000 
INFO:root:TEST batch 6 / 7 - measures partial for class 1 - precision 1.0000 - recall 1.0000 - f1 1.0000 
INFO:root:TEST batch 6 / 7 - Batch time 0 
INFO:root:TEST batch 7 / 7 - partial error 0.0030 - partial loss 2.5582 - partial MRR  0.0000 - partial MAP 0.9970
INFO:root:TEST batch 7 / 7 -  partial tp {0: tensor(0), 1: tensor(47)},fn {0: tensor(0), 1: tensor(0)},fp {0: tensor(0), 1: tensor(0)}
INFO:root:TEST batch 7 / 7 - measures partial microavg - precision 1.0000 - recall 1.0000 - f1 1.0000 
INFO:root:TEST batch 7 / 7 - measures partial for class 0 - precision 0.0000 - recall 0.0000 - f1 0.0000 
INFO:root:TEST batch 7 / 7 - measures partial for class 1 - precision 1.0000 - recall 1.0000 - f1 1.0000 
INFO:root:TEST batch 7 / 7 - Batch time 0 
INFO:root:TEST mean losses tensor(2.5582)
INFO:root:TEST mean errors 0.0030395134817808867
INFO:root:TEST mean MRR 0.0 - mean MAP 0.996960461139679
INFO:root:TEST tp {0: tensor(0), 1: tensor(328)},fn {0: tensor(1), 1: tensor(0)},fp {0: tensor(0), 1: tensor(1)}
INFO:root:TEST measures microavg - precision 0.9970 - recall 0.9970 - f1 0.9970 
INFO:root:TEST measures for class 0 - precision 0.0000 - recall 0.0000 - f1 0.0000 
INFO:root:TEST measures for class 1 - precision 0.9970 - recall 1.0000 - f1 0.9985 
INFO:root:TEST measures@10 microavg - precision 1.0000 - recall 0.2128 - f1 0.3509 
INFO:root:TEST measures@10 for class 0 - precision 0.0000 - recall 0.0000 - f1 0.0000 
INFO:root:TEST measures@10 for class 1 - precision 1.0000 - recall 0.2134 - f1 0.3518 
INFO:root:TEST measures@100 microavg - precision 0.9970 - recall 0.9970 - f1 0.9970 
INFO:root:TEST measures@100 for class 0 - precision 0.0000 - recall 0.0000 - f1 0.0000 
INFO:root:TEST measures@100 for class 1 - precision 0.9970 - recall 1.0000 - f1 0.9985 
INFO:root:TEST measures@1000 microavg - precision 0.9970 - recall 0.9970 - f1 0.9970 
INFO:root:TEST measures@1000 for class 0 - precision 0.0000 - recall 0.0000 - f1 0.0000 
INFO:root:TEST measures@1000 for class 1 - precision 0.9970 - recall 1.0000 - f1 0.9985 
INFO:root:TEST Total epoch time: 0.08092789299962533
INFO:root:################ TRAIN epoch 50 ###################
INFO:root:TRAIN mean losses tensor(0.)
INFO:root:TRAIN mean errors 0.0
INFO:root:TRAIN mean MRR 0.0 - mean MAP 1.0
INFO:root:TRAIN tp {0: tensor(0), 1: tensor(1410)},fn {0: tensor(0), 1: tensor(0)},fp {0: tensor(0), 1: tensor(0)}
INFO:root:TRAIN measures microavg - precision 1.0000 - recall 1.0000 - f1 1.0000 
INFO:root:TRAIN measures for class 0 - precision 0.0000 - recall 0.0000 - f1 0.0000 
INFO:root:TRAIN measures for class 1 - precision 1.0000 - recall 1.0000 - f1 1.0000 
INFO:root:TRAIN measures@10 microavg - precision 1.0000 - recall 0.2128 - f1 0.3509 
INFO:root:TRAIN measures@10 for class 0 - precision 0.0000 - recall 0.0000 - f1 0.0000 
INFO:root:TRAIN measures@10 for class 1 - precision 1.0000 - recall 0.2128 - f1 0.3509 
INFO:root:TRAIN measures@100 microavg - precision 1.0000 - recall 1.0000 - f1 1.0000 
INFO:root:TRAIN measures@100 for class 0 - precision 0.0000 - recall 0.0000 - f1 0.0000 
INFO:root:TRAIN measures@100 for class 1 - precision 1.0000 - recall 1.0000 - f1 1.0000 
INFO:root:TRAIN measures@1000 microavg - precision 1.0000 - recall 1.0000 - f1 1.0000 
INFO:root:TRAIN measures@1000 for class 0 - precision 0.0000 - recall 0.0000 - f1 0.0000 
INFO:root:TRAIN measures@1000 for class 1 - precision 1.0000 - recall 1.0000 - f1 1.0000 
INFO:root:TRAIN Total epoch time: 0.49999596799989376
INFO:root:################ VALID epoch 50 ###################
INFO:root:VALID mean losses tensor(0.)
INFO:root:VALID mean errors 0.0
INFO:root:VALID mean MRR 0.0 - mean MAP 1.0
INFO:root:VALID tp {0: tensor(0), 1: tensor(282)},fn {0: tensor(0), 1: tensor(0)},fp {0: tensor(0), 1: tensor(0)}
INFO:root:VALID measures microavg - precision 1.0000 - recall 1.0000 - f1 1.0000 
INFO:root:VALID measures for class 0 - precision 0.0000 - recall 0.0000 - f1 0.0000 
INFO:root:VALID measures for class 1 - precision 1.0000 - recall 1.0000 - f1 1.0000 
INFO:root:VALID measures@10 microavg - precision 1.0000 - recall 0.2128 - f1 0.3509 
INFO:root:VALID measures@10 for class 0 - precision 0.0000 - recall 0.0000 - f1 0.0000 
INFO:root:VALID measures@10 for class 1 - precision 1.0000 - recall 0.2128 - f1 0.3509 
INFO:root:VALID measures@100 microavg - precision 1.0000 - recall 1.0000 - f1 1.0000 
INFO:root:VALID measures@100 for class 0 - precision 0.0000 - recall 0.0000 - f1 0.0000 
INFO:root:VALID measures@100 for class 1 - precision 1.0000 - recall 1.0000 - f1 1.0000 
INFO:root:VALID measures@1000 microavg - precision 1.0000 - recall 1.0000 - f1 1.0000 
INFO:root:VALID measures@1000 for class 0 - precision 0.0000 - recall 0.0000 - f1 0.0000 
INFO:root:VALID measures@1000 for class 1 - precision 1.0000 - recall 1.0000 - f1 1.0000 
INFO:root:VALID Total epoch time: 0.06309042299972134
INFO:root:################ TEST epoch 50 ###################
INFO:root:TEST batch 1 / 7 - partial error 0.0000 - partial loss 0.0000 - partial MRR  0.0000 - partial MAP 1.0000
INFO:root:TEST batch 1 / 7 -  partial tp {0: tensor(0), 1: tensor(47)},fn {0: tensor(0), 1: tensor(0)},fp {0: tensor(0), 1: tensor(0)}
INFO:root:TEST batch 1 / 7 - measures partial microavg - precision 1.0000 - recall 1.0000 - f1 1.0000 
INFO:root:TEST batch 1 / 7 - measures partial for class 0 - precision 0.0000 - recall 0.0000 - f1 0.0000 
INFO:root:TEST batch 1 / 7 - measures partial for class 1 - precision 1.0000 - recall 1.0000 - f1 1.0000 
INFO:root:TEST batch 1 / 7 - Batch time 0 
INFO:root:TEST batch 2 / 7 - partial error 0.0106 - partial loss 8.6479 - partial MRR  0.0000 - partial MAP 0.9894
INFO:root:TEST batch 2 / 7 -  partial tp {0: tensor(0), 1: tensor(46)},fn {0: tensor(1), 1: tensor(0)},fp {0: tensor(0), 1: tensor(1)}
INFO:root:TEST batch 2 / 7 - measures partial microavg - precision 0.9787 - recall 0.9787 - f1 0.9787 
INFO:root:TEST batch 2 / 7 - measures partial for class 0 - precision 0.0000 - recall 0.0000 - f1 0.0000 
INFO:root:TEST batch 2 / 7 - measures partial for class 1 - precision 0.9787 - recall 1.0000 - f1 0.9892 
INFO:root:TEST batch 2 / 7 - Batch time 0 
INFO:root:TEST batch 3 / 7 - partial error 0.0071 - partial loss 5.7653 - partial MRR  0.0000 - partial MAP 0.9929
INFO:root:TEST batch 3 / 7 -  partial tp {0: tensor(0), 1: tensor(47)},fn {0: tensor(0), 1: tensor(0)},fp {0: tensor(0), 1: tensor(0)}
INFO:root:TEST batch 3 / 7 - measures partial microavg - precision 1.0000 - recall 1.0000 - f1 1.0000 
INFO:root:TEST batch 3 / 7 - measures partial for class 0 - precision 0.0000 - recall 0.0000 - f1 0.0000 
INFO:root:TEST batch 3 / 7 - measures partial for class 1 - precision 1.0000 - recall 1.0000 - f1 1.0000 
INFO:root:TEST batch 3 / 7 - Batch time 0 
INFO:root:TEST batch 4 / 7 - partial error 0.0053 - partial loss 4.3239 - partial MRR  0.0000 - partial MAP 0.9947
INFO:root:TEST batch 4 / 7 -  partial tp {0: tensor(0), 1: tensor(47)},fn {0: tensor(0), 1: tensor(0)},fp {0: tensor(0), 1: tensor(0)}
INFO:root:TEST batch 4 / 7 - measures partial microavg - precision 1.0000 - recall 1.0000 - f1 1.0000 
INFO:root:TEST batch 4 / 7 - measures partial for class 0 - precision 0.0000 - recall 0.0000 - f1 0.0000 
INFO:root:TEST batch 4 / 7 - measures partial for class 1 - precision 1.0000 - recall 1.0000 - f1 1.0000 
INFO:root:TEST batch 4 / 7 - Batch time 0 
INFO:root:TEST batch 5 / 7 - partial error 0.0043 - partial loss 3.4592 - partial MRR  0.0000 - partial MAP 0.9957
INFO:root:TEST batch 5 / 7 -  partial tp {0: tensor(0), 1: tensor(47)},fn {0: tensor(0), 1: tensor(0)},fp {0: tensor(0), 1: tensor(0)}
INFO:root:TEST batch 5 / 7 - measures partial microavg - precision 1.0000 - recall 1.0000 - f1 1.0000 
INFO:root:TEST batch 5 / 7 - measures partial for class 0 - precision 0.0000 - recall 0.0000 - f1 0.0000 
INFO:root:TEST batch 5 / 7 - measures partial for class 1 - precision 1.0000 - recall 1.0000 - f1 1.0000 
INFO:root:TEST batch 5 / 7 - Batch time 0 
INFO:root:TEST batch 6 / 7 - partial error 0.0035 - partial loss 2.8826 - partial MRR  0.0000 - partial MAP 0.9965
INFO:root:TEST batch 6 / 7 -  partial tp {0: tensor(0), 1: tensor(47)},fn {0: tensor(0), 1: tensor(0)},fp {0: tensor(0), 1: tensor(0)}
INFO:root:TEST batch 6 / 7 - measures partial microavg - precision 1.0000 - recall 1.0000 - f1 1.0000 
INFO:root:TEST batch 6 / 7 - measures partial for class 0 - precision 0.0000 - recall 0.0000 - f1 0.0000 
INFO:root:TEST batch 6 / 7 - measures partial for class 1 - precision 1.0000 - recall 1.0000 - f1 1.0000 
INFO:root:TEST batch 6 / 7 - Batch time 0 
INFO:root:TEST batch 7 / 7 - partial error 0.0030 - partial loss 2.4708 - partial MRR  0.0000 - partial MAP 0.9970
INFO:root:TEST batch 7 / 7 -  partial tp {0: tensor(0), 1: tensor(47)},fn {0: tensor(0), 1: tensor(0)},fp {0: tensor(0), 1: tensor(0)}
INFO:root:TEST batch 7 / 7 - measures partial microavg - precision 1.0000 - recall 1.0000 - f1 1.0000 
INFO:root:TEST batch 7 / 7 - measures partial for class 0 - precision 0.0000 - recall 0.0000 - f1 0.0000 
INFO:root:TEST batch 7 / 7 - measures partial for class 1 - precision 1.0000 - recall 1.0000 - f1 1.0000 
INFO:root:TEST batch 7 / 7 - Batch time 0 
INFO:root:TEST mean losses tensor(2.4708)
INFO:root:TEST mean errors 0.0030395134817808867
INFO:root:TEST mean MRR 0.0 - mean MAP 0.996960461139679
INFO:root:TEST tp {0: tensor(0), 1: tensor(328)},fn {0: tensor(1), 1: tensor(0)},fp {0: tensor(0), 1: tensor(1)}
INFO:root:TEST measures microavg - precision 0.9970 - recall 0.9970 - f1 0.9970 
INFO:root:TEST measures for class 0 - precision 0.0000 - recall 0.0000 - f1 0.0000 
INFO:root:TEST measures for class 1 - precision 0.9970 - recall 1.0000 - f1 0.9985 
INFO:root:TEST measures@10 microavg - precision 1.0000 - recall 0.2128 - f1 0.3509 
INFO:root:TEST measures@10 for class 0 - precision 0.0000 - recall 0.0000 - f1 0.0000 
INFO:root:TEST measures@10 for class 1 - precision 1.0000 - recall 0.2134 - f1 0.3518 
INFO:root:TEST measures@100 microavg - precision 0.9970 - recall 0.9970 - f1 0.9970 
INFO:root:TEST measures@100 for class 0 - precision 0.0000 - recall 0.0000 - f1 0.0000 
INFO:root:TEST measures@100 for class 1 - precision 0.9970 - recall 1.0000 - f1 0.9985 
INFO:root:TEST measures@1000 microavg - precision 0.9970 - recall 0.9970 - f1 0.9970 
INFO:root:TEST measures@1000 for class 0 - precision 0.0000 - recall 0.0000 - f1 0.0000 
INFO:root:TEST measures@1000 for class 1 - precision 0.9970 - recall 1.0000 - f1 0.9985 
INFO:root:TEST Total epoch time: 0.08182647900002848
INFO:root:################ TRAIN epoch 51 ###################
INFO:root:TRAIN mean losses tensor(0.)
INFO:root:TRAIN mean errors 0.0
INFO:root:TRAIN mean MRR 0.0 - mean MAP 1.0
INFO:root:TRAIN tp {0: tensor(0), 1: tensor(1410)},fn {0: tensor(0), 1: tensor(0)},fp {0: tensor(0), 1: tensor(0)}
INFO:root:TRAIN measures microavg - precision 1.0000 - recall 1.0000 - f1 1.0000 
INFO:root:TRAIN measures for class 0 - precision 0.0000 - recall 0.0000 - f1 0.0000 
INFO:root:TRAIN measures for class 1 - precision 1.0000 - recall 1.0000 - f1 1.0000 
INFO:root:TRAIN measures@10 microavg - precision 1.0000 - recall 0.2128 - f1 0.3509 
INFO:root:TRAIN measures@10 for class 0 - precision 0.0000 - recall 0.0000 - f1 0.0000 
INFO:root:TRAIN measures@10 for class 1 - precision 1.0000 - recall 0.2128 - f1 0.3509 
INFO:root:TRAIN measures@100 microavg - precision 1.0000 - recall 1.0000 - f1 1.0000 
INFO:root:TRAIN measures@100 for class 0 - precision 0.0000 - recall 0.0000 - f1 0.0000 
INFO:root:TRAIN measures@100 for class 1 - precision 1.0000 - recall 1.0000 - f1 1.0000 
INFO:root:TRAIN measures@1000 microavg - precision 1.0000 - recall 1.0000 - f1 1.0000 
INFO:root:TRAIN measures@1000 for class 0 - precision 0.0000 - recall 0.0000 - f1 0.0000 
INFO:root:TRAIN measures@1000 for class 1 - precision 1.0000 - recall 1.0000 - f1 1.0000 
INFO:root:TRAIN Total epoch time: 0.5001951439999175
INFO:root:################ VALID epoch 51 ###################
INFO:root:VALID mean losses tensor(0.)
INFO:root:VALID mean errors 0.0
INFO:root:VALID mean MRR 0.0 - mean MAP 1.0
INFO:root:VALID tp {0: tensor(0), 1: tensor(282)},fn {0: tensor(0), 1: tensor(0)},fp {0: tensor(0), 1: tensor(0)}
INFO:root:VALID measures microavg - precision 1.0000 - recall 1.0000 - f1 1.0000 
INFO:root:VALID measures for class 0 - precision 0.0000 - recall 0.0000 - f1 0.0000 
INFO:root:VALID measures for class 1 - precision 1.0000 - recall 1.0000 - f1 1.0000 
INFO:root:VALID measures@10 microavg - precision 1.0000 - recall 0.2128 - f1 0.3509 
INFO:root:VALID measures@10 for class 0 - precision 0.0000 - recall 0.0000 - f1 0.0000 
INFO:root:VALID measures@10 for class 1 - precision 1.0000 - recall 0.2128 - f1 0.3509 
INFO:root:VALID measures@100 microavg - precision 1.0000 - recall 1.0000 - f1 1.0000 
INFO:root:VALID measures@100 for class 0 - precision 0.0000 - recall 0.0000 - f1 0.0000 
INFO:root:VALID measures@100 for class 1 - precision 1.0000 - recall 1.0000 - f1 1.0000 
INFO:root:VALID measures@1000 microavg - precision 1.0000 - recall 1.0000 - f1 1.0000 
INFO:root:VALID measures@1000 for class 0 - precision 0.0000 - recall 0.0000 - f1 0.0000 
INFO:root:VALID measures@1000 for class 1 - precision 1.0000 - recall 1.0000 - f1 1.0000 
INFO:root:VALID Total epoch time: 0.07880096899998534
INFO:root:################ TEST epoch 51 ###################
INFO:root:TEST batch 1 / 7 - partial error 0.0000 - partial loss 0.0000 - partial MRR  0.0000 - partial MAP 1.0000
INFO:root:TEST batch 1 / 7 -  partial tp {0: tensor(0), 1: tensor(47)},fn {0: tensor(0), 1: tensor(0)},fp {0: tensor(0), 1: tensor(0)}
INFO:root:TEST batch 1 / 7 - measures partial microavg - precision 1.0000 - recall 1.0000 - f1 1.0000 
INFO:root:TEST batch 1 / 7 - measures partial for class 0 - precision 0.0000 - recall 0.0000 - f1 0.0000 
INFO:root:TEST batch 1 / 7 - measures partial for class 1 - precision 1.0000 - recall 1.0000 - f1 1.0000 
INFO:root:TEST batch 1 / 7 - Batch time 0 
INFO:root:TEST batch 2 / 7 - partial error 0.0106 - partial loss 8.5960 - partial MRR  0.0000 - partial MAP 0.9894
INFO:root:TEST batch 2 / 7 -  partial tp {0: tensor(0), 1: tensor(46)},fn {0: tensor(1), 1: tensor(0)},fp {0: tensor(0), 1: tensor(1)}
INFO:root:TEST batch 2 / 7 - measures partial microavg - precision 0.9787 - recall 0.9787 - f1 0.9787 
INFO:root:TEST batch 2 / 7 - measures partial for class 0 - precision 0.0000 - recall 0.0000 - f1 0.0000 
INFO:root:TEST batch 2 / 7 - measures partial for class 1 - precision 0.9787 - recall 1.0000 - f1 0.9892 
INFO:root:TEST batch 2 / 7 - Batch time 0 
INFO:root:TEST batch 3 / 7 - partial error 0.0071 - partial loss 5.7307 - partial MRR  0.0000 - partial MAP 0.9929
INFO:root:TEST batch 3 / 7 -  partial tp {0: tensor(0), 1: tensor(47)},fn {0: tensor(0), 1: tensor(0)},fp {0: tensor(0), 1: tensor(0)}
INFO:root:TEST batch 3 / 7 - measures partial microavg - precision 1.0000 - recall 1.0000 - f1 1.0000 
INFO:root:TEST batch 3 / 7 - measures partial for class 0 - precision 0.0000 - recall 0.0000 - f1 0.0000 
INFO:root:TEST batch 3 / 7 - measures partial for class 1 - precision 1.0000 - recall 1.0000 - f1 1.0000 
INFO:root:TEST batch 3 / 7 - Batch time 0 
INFO:root:TEST batch 4 / 7 - partial error 0.0053 - partial loss 4.2980 - partial MRR  0.0000 - partial MAP 0.9947
INFO:root:TEST batch 4 / 7 -  partial tp {0: tensor(0), 1: tensor(47)},fn {0: tensor(0), 1: tensor(0)},fp {0: tensor(0), 1: tensor(0)}
INFO:root:TEST batch 4 / 7 - measures partial microavg - precision 1.0000 - recall 1.0000 - f1 1.0000 
INFO:root:TEST batch 4 / 7 - measures partial for class 0 - precision 0.0000 - recall 0.0000 - f1 0.0000 
INFO:root:TEST batch 4 / 7 - measures partial for class 1 - precision 1.0000 - recall 1.0000 - f1 1.0000 
INFO:root:TEST batch 4 / 7 - Batch time 0 
INFO:root:TEST batch 5 / 7 - partial error 0.0043 - partial loss 3.4384 - partial MRR  0.0000 - partial MAP 0.9957
INFO:root:TEST batch 5 / 7 -  partial tp {0: tensor(0), 1: tensor(47)},fn {0: tensor(0), 1: tensor(0)},fp {0: tensor(0), 1: tensor(0)}
INFO:root:TEST batch 5 / 7 - measures partial microavg - precision 1.0000 - recall 1.0000 - f1 1.0000 
INFO:root:TEST batch 5 / 7 - measures partial for class 0 - precision 0.0000 - recall 0.0000 - f1 0.0000 
INFO:root:TEST batch 5 / 7 - measures partial for class 1 - precision 1.0000 - recall 1.0000 - f1 1.0000 
INFO:root:TEST batch 5 / 7 - Batch time 0 
INFO:root:TEST batch 6 / 7 - partial error 0.0035 - partial loss 2.8653 - partial MRR  0.0000 - partial MAP 0.9965
INFO:root:TEST batch 6 / 7 -  partial tp {0: tensor(0), 1: tensor(47)},fn {0: tensor(0), 1: tensor(0)},fp {0: tensor(0), 1: tensor(0)}
INFO:root:TEST batch 6 / 7 - measures partial microavg - precision 1.0000 - recall 1.0000 - f1 1.0000 
INFO:root:TEST batch 6 / 7 - measures partial for class 0 - precision 0.0000 - recall 0.0000 - f1 0.0000 
INFO:root:TEST batch 6 / 7 - measures partial for class 1 - precision 1.0000 - recall 1.0000 - f1 1.0000 
INFO:root:TEST batch 6 / 7 - Batch time 0 
INFO:root:TEST batch 7 / 7 - partial error 0.0030 - partial loss 2.4560 - partial MRR  0.0000 - partial MAP 0.9970
INFO:root:TEST batch 7 / 7 -  partial tp {0: tensor(0), 1: tensor(47)},fn {0: tensor(0), 1: tensor(0)},fp {0: tensor(0), 1: tensor(0)}
INFO:root:TEST batch 7 / 7 - measures partial microavg - precision 1.0000 - recall 1.0000 - f1 1.0000 
INFO:root:TEST batch 7 / 7 - measures partial for class 0 - precision 0.0000 - recall 0.0000 - f1 0.0000 
INFO:root:TEST batch 7 / 7 - measures partial for class 1 - precision 1.0000 - recall 1.0000 - f1 1.0000 
INFO:root:TEST batch 7 / 7 - Batch time 0 
INFO:root:TEST mean losses tensor(2.4560)
INFO:root:TEST mean errors 0.0030395134817808867
INFO:root:TEST mean MRR 0.0 - mean MAP 0.996960461139679
INFO:root:TEST tp {0: tensor(0), 1: tensor(328)},fn {0: tensor(1), 1: tensor(0)},fp {0: tensor(0), 1: tensor(1)}
INFO:root:TEST measures microavg - precision 0.9970 - recall 0.9970 - f1 0.9970 
INFO:root:TEST measures for class 0 - precision 0.0000 - recall 0.0000 - f1 0.0000 
INFO:root:TEST measures for class 1 - precision 0.9970 - recall 1.0000 - f1 0.9985 
INFO:root:TEST measures@10 microavg - precision 1.0000 - recall 0.2128 - f1 0.3509 
INFO:root:TEST measures@10 for class 0 - precision 0.0000 - recall 0.0000 - f1 0.0000 
INFO:root:TEST measures@10 for class 1 - precision 1.0000 - recall 0.2134 - f1 0.3518 
INFO:root:TEST measures@100 microavg - precision 0.9970 - recall 0.9970 - f1 0.9970 
INFO:root:TEST measures@100 for class 0 - precision 0.0000 - recall 0.0000 - f1 0.0000 
INFO:root:TEST measures@100 for class 1 - precision 0.9970 - recall 1.0000 - f1 0.9985 
INFO:root:TEST measures@1000 microavg - precision 0.9970 - recall 0.9970 - f1 0.9970 
INFO:root:TEST measures@1000 for class 0 - precision 0.0000 - recall 0.0000 - f1 0.0000 
INFO:root:TEST measures@1000 for class 1 - precision 0.9970 - recall 1.0000 - f1 0.9985 
INFO:root:TEST Total epoch time: 0.1407964790000733
INFO:root:################ TRAIN epoch 52 ###################
INFO:root:TRAIN mean losses tensor(0.)
INFO:root:TRAIN mean errors 0.0
INFO:root:TRAIN mean MRR 0.0 - mean MAP 1.0
INFO:root:TRAIN tp {0: tensor(0), 1: tensor(1410)},fn {0: tensor(0), 1: tensor(0)},fp {0: tensor(0), 1: tensor(0)}
INFO:root:TRAIN measures microavg - precision 1.0000 - recall 1.0000 - f1 1.0000 
INFO:root:TRAIN measures for class 0 - precision 0.0000 - recall 0.0000 - f1 0.0000 
INFO:root:TRAIN measures for class 1 - precision 1.0000 - recall 1.0000 - f1 1.0000 
INFO:root:TRAIN measures@10 microavg - precision 1.0000 - recall 0.2128 - f1 0.3509 
INFO:root:TRAIN measures@10 for class 0 - precision 0.0000 - recall 0.0000 - f1 0.0000 
INFO:root:TRAIN measures@10 for class 1 - precision 1.0000 - recall 0.2128 - f1 0.3509 
INFO:root:TRAIN measures@100 microavg - precision 1.0000 - recall 1.0000 - f1 1.0000 
INFO:root:TRAIN measures@100 for class 0 - precision 0.0000 - recall 0.0000 - f1 0.0000 
INFO:root:TRAIN measures@100 for class 1 - precision 1.0000 - recall 1.0000 - f1 1.0000 
INFO:root:TRAIN measures@1000 microavg - precision 1.0000 - recall 1.0000 - f1 1.0000 
INFO:root:TRAIN measures@1000 for class 0 - precision 0.0000 - recall 0.0000 - f1 0.0000 
INFO:root:TRAIN measures@1000 for class 1 - precision 1.0000 - recall 1.0000 - f1 1.0000 
INFO:root:TRAIN Total epoch time: 0.49745523999990837
INFO:root:################ VALID epoch 52 ###################
INFO:root:VALID mean losses tensor(0.)
INFO:root:VALID mean errors 0.0
INFO:root:VALID mean MRR 0.0 - mean MAP 1.0
INFO:root:VALID tp {0: tensor(0), 1: tensor(282)},fn {0: tensor(0), 1: tensor(0)},fp {0: tensor(0), 1: tensor(0)}
INFO:root:VALID measures microavg - precision 1.0000 - recall 1.0000 - f1 1.0000 
INFO:root:VALID measures for class 0 - precision 0.0000 - recall 0.0000 - f1 0.0000 
INFO:root:VALID measures for class 1 - precision 1.0000 - recall 1.0000 - f1 1.0000 
INFO:root:VALID measures@10 microavg - precision 1.0000 - recall 0.2128 - f1 0.3509 
INFO:root:VALID measures@10 for class 0 - precision 0.0000 - recall 0.0000 - f1 0.0000 
INFO:root:VALID measures@10 for class 1 - precision 1.0000 - recall 0.2128 - f1 0.3509 
INFO:root:VALID measures@100 microavg - precision 1.0000 - recall 1.0000 - f1 1.0000 
INFO:root:VALID measures@100 for class 0 - precision 0.0000 - recall 0.0000 - f1 0.0000 
INFO:root:VALID measures@100 for class 1 - precision 1.0000 - recall 1.0000 - f1 1.0000 
INFO:root:VALID measures@1000 microavg - precision 1.0000 - recall 1.0000 - f1 1.0000 
INFO:root:VALID measures@1000 for class 0 - precision 0.0000 - recall 0.0000 - f1 0.0000 
INFO:root:VALID measures@1000 for class 1 - precision 1.0000 - recall 1.0000 - f1 1.0000 
INFO:root:VALID Total epoch time: 0.061467946999982814
INFO:root:################ TEST epoch 52 ###################
INFO:root:TEST batch 1 / 7 - partial error 0.0000 - partial loss 0.0000 - partial MRR  0.0000 - partial MAP 1.0000
INFO:root:TEST batch 1 / 7 -  partial tp {0: tensor(0), 1: tensor(47)},fn {0: tensor(0), 1: tensor(0)},fp {0: tensor(0), 1: tensor(0)}
INFO:root:TEST batch 1 / 7 - measures partial microavg - precision 1.0000 - recall 1.0000 - f1 1.0000 
INFO:root:TEST batch 1 / 7 - measures partial for class 0 - precision 0.0000 - recall 0.0000 - f1 0.0000 
INFO:root:TEST batch 1 / 7 - measures partial for class 1 - precision 1.0000 - recall 1.0000 - f1 1.0000 
INFO:root:TEST batch 1 / 7 - Batch time 0 
INFO:root:TEST batch 2 / 7 - partial error 0.0106 - partial loss 9.0678 - partial MRR  0.0000 - partial MAP 0.9894
INFO:root:TEST batch 2 / 7 -  partial tp {0: tensor(0), 1: tensor(46)},fn {0: tensor(1), 1: tensor(0)},fp {0: tensor(0), 1: tensor(1)}
INFO:root:TEST batch 2 / 7 - measures partial microavg - precision 0.9787 - recall 0.9787 - f1 0.9787 
INFO:root:TEST batch 2 / 7 - measures partial for class 0 - precision 0.0000 - recall 0.0000 - f1 0.0000 
INFO:root:TEST batch 2 / 7 - measures partial for class 1 - precision 0.9787 - recall 1.0000 - f1 0.9892 
INFO:root:TEST batch 2 / 7 - Batch time 0 
INFO:root:TEST batch 3 / 7 - partial error 0.0071 - partial loss 6.0452 - partial MRR  0.0000 - partial MAP 0.9929
INFO:root:TEST batch 3 / 7 -  partial tp {0: tensor(0), 1: tensor(47)},fn {0: tensor(0), 1: tensor(0)},fp {0: tensor(0), 1: tensor(0)}
INFO:root:TEST batch 3 / 7 - measures partial microavg - precision 1.0000 - recall 1.0000 - f1 1.0000 
INFO:root:TEST batch 3 / 7 - measures partial for class 0 - precision 0.0000 - recall 0.0000 - f1 0.0000 
INFO:root:TEST batch 3 / 7 - measures partial for class 1 - precision 1.0000 - recall 1.0000 - f1 1.0000 
INFO:root:TEST batch 3 / 7 - Batch time 0 
INFO:root:TEST batch 4 / 7 - partial error 0.0053 - partial loss 4.5339 - partial MRR  0.0000 - partial MAP 0.9947
INFO:root:TEST batch 4 / 7 -  partial tp {0: tensor(0), 1: tensor(47)},fn {0: tensor(0), 1: tensor(0)},fp {0: tensor(0), 1: tensor(0)}
INFO:root:TEST batch 4 / 7 - measures partial microavg - precision 1.0000 - recall 1.0000 - f1 1.0000 
INFO:root:TEST batch 4 / 7 - measures partial for class 0 - precision 0.0000 - recall 0.0000 - f1 0.0000 
INFO:root:TEST batch 4 / 7 - measures partial for class 1 - precision 1.0000 - recall 1.0000 - f1 1.0000 
INFO:root:TEST batch 4 / 7 - Batch time 0 
INFO:root:TEST batch 5 / 7 - partial error 0.0043 - partial loss 3.6271 - partial MRR  0.0000 - partial MAP 0.9957
INFO:root:TEST batch 5 / 7 -  partial tp {0: tensor(0), 1: tensor(47)},fn {0: tensor(0), 1: tensor(0)},fp {0: tensor(0), 1: tensor(0)}
INFO:root:TEST batch 5 / 7 - measures partial microavg - precision 1.0000 - recall 1.0000 - f1 1.0000 
INFO:root:TEST batch 5 / 7 - measures partial for class 0 - precision 0.0000 - recall 0.0000 - f1 0.0000 
INFO:root:TEST batch 5 / 7 - measures partial for class 1 - precision 1.0000 - recall 1.0000 - f1 1.0000 
INFO:root:TEST batch 5 / 7 - Batch time 0 
INFO:root:TEST batch 6 / 7 - partial error 0.0035 - partial loss 3.0226 - partial MRR  0.0000 - partial MAP 0.9965
INFO:root:TEST batch 6 / 7 -  partial tp {0: tensor(0), 1: tensor(47)},fn {0: tensor(0), 1: tensor(0)},fp {0: tensor(0), 1: tensor(0)}
INFO:root:TEST batch 6 / 7 - measures partial microavg - precision 1.0000 - recall 1.0000 - f1 1.0000 
INFO:root:TEST batch 6 / 7 - measures partial for class 0 - precision 0.0000 - recall 0.0000 - f1 0.0000 
INFO:root:TEST batch 6 / 7 - measures partial for class 1 - precision 1.0000 - recall 1.0000 - f1 1.0000 
INFO:root:TEST batch 6 / 7 - Batch time 0 
INFO:root:TEST batch 7 / 7 - partial error 0.0030 - partial loss 2.5908 - partial MRR  0.0000 - partial MAP 0.9970
INFO:root:TEST batch 7 / 7 -  partial tp {0: tensor(0), 1: tensor(47)},fn {0: tensor(0), 1: tensor(0)},fp {0: tensor(0), 1: tensor(0)}
INFO:root:TEST batch 7 / 7 - measures partial microavg - precision 1.0000 - recall 1.0000 - f1 1.0000 
INFO:root:TEST batch 7 / 7 - measures partial for class 0 - precision 0.0000 - recall 0.0000 - f1 0.0000 
INFO:root:TEST batch 7 / 7 - measures partial for class 1 - precision 1.0000 - recall 1.0000 - f1 1.0000 
INFO:root:TEST batch 7 / 7 - Batch time 0 
INFO:root:TEST mean losses tensor(2.5908)
INFO:root:TEST mean errors 0.0030395134817808867
INFO:root:TEST mean MRR 0.0 - mean MAP 0.996960461139679
INFO:root:TEST tp {0: tensor(0), 1: tensor(328)},fn {0: tensor(1), 1: tensor(0)},fp {0: tensor(0), 1: tensor(1)}
INFO:root:TEST measures microavg - precision 0.9970 - recall 0.9970 - f1 0.9970 
INFO:root:TEST measures for class 0 - precision 0.0000 - recall 0.0000 - f1 0.0000 
INFO:root:TEST measures for class 1 - precision 0.9970 - recall 1.0000 - f1 0.9985 
INFO:root:TEST measures@10 microavg - precision 1.0000 - recall 0.2128 - f1 0.3509 
INFO:root:TEST measures@10 for class 0 - precision 0.0000 - recall 0.0000 - f1 0.0000 
INFO:root:TEST measures@10 for class 1 - precision 1.0000 - recall 0.2134 - f1 0.3518 
INFO:root:TEST measures@100 microavg - precision 0.9970 - recall 0.9970 - f1 0.9970 
INFO:root:TEST measures@100 for class 0 - precision 0.0000 - recall 0.0000 - f1 0.0000 
INFO:root:TEST measures@100 for class 1 - precision 0.9970 - recall 1.0000 - f1 0.9985 
INFO:root:TEST measures@1000 microavg - precision 0.9970 - recall 0.9970 - f1 0.9970 
INFO:root:TEST measures@1000 for class 0 - precision 0.0000 - recall 0.0000 - f1 0.0000 
INFO:root:TEST measures@1000 for class 1 - precision 0.9970 - recall 1.0000 - f1 0.9985 
INFO:root:TEST Total epoch time: 0.07903873900022518
INFO:root:################ TRAIN epoch 53 ###################
INFO:root:TRAIN mean losses tensor(0.)
INFO:root:TRAIN mean errors 0.0
INFO:root:TRAIN mean MRR 0.0 - mean MAP 1.0
INFO:root:TRAIN tp {0: tensor(0), 1: tensor(1410)},fn {0: tensor(0), 1: tensor(0)},fp {0: tensor(0), 1: tensor(0)}
INFO:root:TRAIN measures microavg - precision 1.0000 - recall 1.0000 - f1 1.0000 
INFO:root:TRAIN measures for class 0 - precision 0.0000 - recall 0.0000 - f1 0.0000 
INFO:root:TRAIN measures for class 1 - precision 1.0000 - recall 1.0000 - f1 1.0000 
INFO:root:TRAIN measures@10 microavg - precision 1.0000 - recall 0.2128 - f1 0.3509 
INFO:root:TRAIN measures@10 for class 0 - precision 0.0000 - recall 0.0000 - f1 0.0000 
INFO:root:TRAIN measures@10 for class 1 - precision 1.0000 - recall 0.2128 - f1 0.3509 
INFO:root:TRAIN measures@100 microavg - precision 1.0000 - recall 1.0000 - f1 1.0000 
INFO:root:TRAIN measures@100 for class 0 - precision 0.0000 - recall 0.0000 - f1 0.0000 
INFO:root:TRAIN measures@100 for class 1 - precision 1.0000 - recall 1.0000 - f1 1.0000 
INFO:root:TRAIN measures@1000 microavg - precision 1.0000 - recall 1.0000 - f1 1.0000 
INFO:root:TRAIN measures@1000 for class 0 - precision 0.0000 - recall 0.0000 - f1 0.0000 
INFO:root:TRAIN measures@1000 for class 1 - precision 1.0000 - recall 1.0000 - f1 1.0000 
INFO:root:TRAIN Total epoch time: 0.8889917340002285
INFO:root:################ VALID epoch 53 ###################
INFO:root:VALID mean losses tensor(0.)
INFO:root:VALID mean errors 0.0
INFO:root:VALID mean MRR 0.0 - mean MAP 1.0
INFO:root:VALID tp {0: tensor(0), 1: tensor(282)},fn {0: tensor(0), 1: tensor(0)},fp {0: tensor(0), 1: tensor(0)}
INFO:root:VALID measures microavg - precision 1.0000 - recall 1.0000 - f1 1.0000 
INFO:root:VALID measures for class 0 - precision 0.0000 - recall 0.0000 - f1 0.0000 
INFO:root:VALID measures for class 1 - precision 1.0000 - recall 1.0000 - f1 1.0000 
INFO:root:VALID measures@10 microavg - precision 1.0000 - recall 0.2128 - f1 0.3509 
INFO:root:VALID measures@10 for class 0 - precision 0.0000 - recall 0.0000 - f1 0.0000 
INFO:root:VALID measures@10 for class 1 - precision 1.0000 - recall 0.2128 - f1 0.3509 
INFO:root:VALID measures@100 microavg - precision 1.0000 - recall 1.0000 - f1 1.0000 
INFO:root:VALID measures@100 for class 0 - precision 0.0000 - recall 0.0000 - f1 0.0000 
INFO:root:VALID measures@100 for class 1 - precision 1.0000 - recall 1.0000 - f1 1.0000 
INFO:root:VALID measures@1000 microavg - precision 1.0000 - recall 1.0000 - f1 1.0000 
INFO:root:VALID measures@1000 for class 0 - precision 0.0000 - recall 0.0000 - f1 0.0000 
INFO:root:VALID measures@1000 for class 1 - precision 1.0000 - recall 1.0000 - f1 1.0000 
INFO:root:VALID Total epoch time: 0.06036531700010528
INFO:root:################ TEST epoch 53 ###################
INFO:root:TEST batch 1 / 7 - partial error 0.0000 - partial loss 0.0000 - partial MRR  0.0000 - partial MAP 1.0000
INFO:root:TEST batch 1 / 7 -  partial tp {0: tensor(0), 1: tensor(47)},fn {0: tensor(0), 1: tensor(0)},fp {0: tensor(0), 1: tensor(0)}
INFO:root:TEST batch 1 / 7 - measures partial microavg - precision 1.0000 - recall 1.0000 - f1 1.0000 
INFO:root:TEST batch 1 / 7 - measures partial for class 0 - precision 0.0000 - recall 0.0000 - f1 0.0000 
INFO:root:TEST batch 1 / 7 - measures partial for class 1 - precision 1.0000 - recall 1.0000 - f1 1.0000 
INFO:root:TEST batch 1 / 7 - Batch time 0 
INFO:root:TEST batch 2 / 7 - partial error 0.0106 - partial loss 8.7265 - partial MRR  0.0000 - partial MAP 0.9894
INFO:root:TEST batch 2 / 7 -  partial tp {0: tensor(0), 1: tensor(46)},fn {0: tensor(1), 1: tensor(0)},fp {0: tensor(0), 1: tensor(1)}
INFO:root:TEST batch 2 / 7 - measures partial microavg - precision 0.9787 - recall 0.9787 - f1 0.9787 
INFO:root:TEST batch 2 / 7 - measures partial for class 0 - precision 0.0000 - recall 0.0000 - f1 0.0000 
INFO:root:TEST batch 2 / 7 - measures partial for class 1 - precision 0.9787 - recall 1.0000 - f1 0.9892 
INFO:root:TEST batch 2 / 7 - Batch time 0 
INFO:root:TEST batch 3 / 7 - partial error 0.0071 - partial loss 5.8176 - partial MRR  0.0000 - partial MAP 0.9929
INFO:root:TEST batch 3 / 7 -  partial tp {0: tensor(0), 1: tensor(47)},fn {0: tensor(0), 1: tensor(0)},fp {0: tensor(0), 1: tensor(0)}
INFO:root:TEST batch 3 / 7 - measures partial microavg - precision 1.0000 - recall 1.0000 - f1 1.0000 
INFO:root:TEST batch 3 / 7 - measures partial for class 0 - precision 0.0000 - recall 0.0000 - f1 0.0000 
INFO:root:TEST batch 3 / 7 - measures partial for class 1 - precision 1.0000 - recall 1.0000 - f1 1.0000 
INFO:root:TEST batch 3 / 7 - Batch time 0 
INFO:root:TEST batch 4 / 7 - partial error 0.0053 - partial loss 4.3632 - partial MRR  0.0000 - partial MAP 0.9947
INFO:root:TEST batch 4 / 7 -  partial tp {0: tensor(0), 1: tensor(47)},fn {0: tensor(0), 1: tensor(0)},fp {0: tensor(0), 1: tensor(0)}
INFO:root:TEST batch 4 / 7 - measures partial microavg - precision 1.0000 - recall 1.0000 - f1 1.0000 
INFO:root:TEST batch 4 / 7 - measures partial for class 0 - precision 0.0000 - recall 0.0000 - f1 0.0000 
INFO:root:TEST batch 4 / 7 - measures partial for class 1 - precision 1.0000 - recall 1.0000 - f1 1.0000 
INFO:root:TEST batch 4 / 7 - Batch time 0 
INFO:root:TEST batch 5 / 7 - partial error 0.0043 - partial loss 3.4906 - partial MRR  0.0000 - partial MAP 0.9957
INFO:root:TEST batch 5 / 7 -  partial tp {0: tensor(0), 1: tensor(47)},fn {0: tensor(0), 1: tensor(0)},fp {0: tensor(0), 1: tensor(0)}
INFO:root:TEST batch 5 / 7 - measures partial microavg - precision 1.0000 - recall 1.0000 - f1 1.0000 
INFO:root:TEST batch 5 / 7 - measures partial for class 0 - precision 0.0000 - recall 0.0000 - f1 0.0000 
INFO:root:TEST batch 5 / 7 - measures partial for class 1 - precision 1.0000 - recall 1.0000 - f1 1.0000 
INFO:root:TEST batch 5 / 7 - Batch time 0 
INFO:root:TEST batch 6 / 7 - partial error 0.0035 - partial loss 2.9088 - partial MRR  0.0000 - partial MAP 0.9965
INFO:root:TEST batch 6 / 7 -  partial tp {0: tensor(0), 1: tensor(47)},fn {0: tensor(0), 1: tensor(0)},fp {0: tensor(0), 1: tensor(0)}
INFO:root:TEST batch 6 / 7 - measures partial microavg - precision 1.0000 - recall 1.0000 - f1 1.0000 
INFO:root:TEST batch 6 / 7 - measures partial for class 0 - precision 0.0000 - recall 0.0000 - f1 0.0000 
INFO:root:TEST batch 6 / 7 - measures partial for class 1 - precision 1.0000 - recall 1.0000 - f1 1.0000 
INFO:root:TEST batch 6 / 7 - Batch time 0 
INFO:root:TEST batch 7 / 7 - partial error 0.0030 - partial loss 2.4933 - partial MRR  0.0000 - partial MAP 0.9970
INFO:root:TEST batch 7 / 7 -  partial tp {0: tensor(0), 1: tensor(47)},fn {0: tensor(0), 1: tensor(0)},fp {0: tensor(0), 1: tensor(0)}
INFO:root:TEST batch 7 / 7 - measures partial microavg - precision 1.0000 - recall 1.0000 - f1 1.0000 
INFO:root:TEST batch 7 / 7 - measures partial for class 0 - precision 0.0000 - recall 0.0000 - f1 0.0000 
INFO:root:TEST batch 7 / 7 - measures partial for class 1 - precision 1.0000 - recall 1.0000 - f1 1.0000 
INFO:root:TEST batch 7 / 7 - Batch time 0 
INFO:root:TEST mean losses tensor(2.4933)
INFO:root:TEST mean errors 0.0030395134817808867
INFO:root:TEST mean MRR 0.0 - mean MAP 0.996960461139679
INFO:root:TEST tp {0: tensor(0), 1: tensor(328)},fn {0: tensor(1), 1: tensor(0)},fp {0: tensor(0), 1: tensor(1)}
INFO:root:TEST measures microavg - precision 0.9970 - recall 0.9970 - f1 0.9970 
INFO:root:TEST measures for class 0 - precision 0.0000 - recall 0.0000 - f1 0.0000 
INFO:root:TEST measures for class 1 - precision 0.9970 - recall 1.0000 - f1 0.9985 
INFO:root:TEST measures@10 microavg - precision 1.0000 - recall 0.2128 - f1 0.3509 
INFO:root:TEST measures@10 for class 0 - precision 0.0000 - recall 0.0000 - f1 0.0000 
INFO:root:TEST measures@10 for class 1 - precision 1.0000 - recall 0.2134 - f1 0.3518 
INFO:root:TEST measures@100 microavg - precision 0.9970 - recall 0.9970 - f1 0.9970 
INFO:root:TEST measures@100 for class 0 - precision 0.0000 - recall 0.0000 - f1 0.0000 
INFO:root:TEST measures@100 for class 1 - precision 0.9970 - recall 1.0000 - f1 0.9985 
INFO:root:TEST measures@1000 microavg - precision 0.9970 - recall 0.9970 - f1 0.9970 
INFO:root:TEST measures@1000 for class 0 - precision 0.0000 - recall 0.0000 - f1 0.0000 
INFO:root:TEST measures@1000 for class 1 - precision 0.9970 - recall 1.0000 - f1 0.9985 
INFO:root:TEST Total epoch time: 0.07549042000027839
INFO:root:################ TRAIN epoch 54 ###################
INFO:root:TRAIN mean losses tensor(0.)
INFO:root:TRAIN mean errors 0.0
INFO:root:TRAIN mean MRR 0.0 - mean MAP 1.0
INFO:root:TRAIN tp {0: tensor(0), 1: tensor(1410)},fn {0: tensor(0), 1: tensor(0)},fp {0: tensor(0), 1: tensor(0)}
INFO:root:TRAIN measures microavg - precision 1.0000 - recall 1.0000 - f1 1.0000 
INFO:root:TRAIN measures for class 0 - precision 0.0000 - recall 0.0000 - f1 0.0000 
INFO:root:TRAIN measures for class 1 - precision 1.0000 - recall 1.0000 - f1 1.0000 
INFO:root:TRAIN measures@10 microavg - precision 1.0000 - recall 0.2128 - f1 0.3509 
INFO:root:TRAIN measures@10 for class 0 - precision 0.0000 - recall 0.0000 - f1 0.0000 
INFO:root:TRAIN measures@10 for class 1 - precision 1.0000 - recall 0.2128 - f1 0.3509 
INFO:root:TRAIN measures@100 microavg - precision 1.0000 - recall 1.0000 - f1 1.0000 
INFO:root:TRAIN measures@100 for class 0 - precision 0.0000 - recall 0.0000 - f1 0.0000 
INFO:root:TRAIN measures@100 for class 1 - precision 1.0000 - recall 1.0000 - f1 1.0000 
INFO:root:TRAIN measures@1000 microavg - precision 1.0000 - recall 1.0000 - f1 1.0000 
INFO:root:TRAIN measures@1000 for class 0 - precision 0.0000 - recall 0.0000 - f1 0.0000 
INFO:root:TRAIN measures@1000 for class 1 - precision 1.0000 - recall 1.0000 - f1 1.0000 
INFO:root:TRAIN Total epoch time: 0.4821857719998661
INFO:root:################ VALID epoch 54 ###################
INFO:root:VALID mean losses tensor(0.)
INFO:root:VALID mean errors 0.0
INFO:root:VALID mean MRR 0.0 - mean MAP 1.0
INFO:root:VALID tp {0: tensor(0), 1: tensor(282)},fn {0: tensor(0), 1: tensor(0)},fp {0: tensor(0), 1: tensor(0)}
INFO:root:VALID measures microavg - precision 1.0000 - recall 1.0000 - f1 1.0000 
INFO:root:VALID measures for class 0 - precision 0.0000 - recall 0.0000 - f1 0.0000 
INFO:root:VALID measures for class 1 - precision 1.0000 - recall 1.0000 - f1 1.0000 
INFO:root:VALID measures@10 microavg - precision 1.0000 - recall 0.2128 - f1 0.3509 
INFO:root:VALID measures@10 for class 0 - precision 0.0000 - recall 0.0000 - f1 0.0000 
INFO:root:VALID measures@10 for class 1 - precision 1.0000 - recall 0.2128 - f1 0.3509 
INFO:root:VALID measures@100 microavg - precision 1.0000 - recall 1.0000 - f1 1.0000 
INFO:root:VALID measures@100 for class 0 - precision 0.0000 - recall 0.0000 - f1 0.0000 
INFO:root:VALID measures@100 for class 1 - precision 1.0000 - recall 1.0000 - f1 1.0000 
INFO:root:VALID measures@1000 microavg - precision 1.0000 - recall 1.0000 - f1 1.0000 
INFO:root:VALID measures@1000 for class 0 - precision 0.0000 - recall 0.0000 - f1 0.0000 
INFO:root:VALID measures@1000 for class 1 - precision 1.0000 - recall 1.0000 - f1 1.0000 
INFO:root:VALID Total epoch time: 0.0597419330001685
INFO:root:################ TEST epoch 54 ###################
INFO:root:TEST batch 1 / 7 - partial error 0.0000 - partial loss 0.0000 - partial MRR  0.0000 - partial MAP 1.0000
INFO:root:TEST batch 1 / 7 -  partial tp {0: tensor(0), 1: tensor(47)},fn {0: tensor(0), 1: tensor(0)},fp {0: tensor(0), 1: tensor(0)}
INFO:root:TEST batch 1 / 7 - measures partial microavg - precision 1.0000 - recall 1.0000 - f1 1.0000 
INFO:root:TEST batch 1 / 7 - measures partial for class 0 - precision 0.0000 - recall 0.0000 - f1 0.0000 
INFO:root:TEST batch 1 / 7 - measures partial for class 1 - precision 1.0000 - recall 1.0000 - f1 1.0000 
INFO:root:TEST batch 1 / 7 - Batch time 0 
INFO:root:TEST batch 2 / 7 - partial error 0.0106 - partial loss 9.0200 - partial MRR  0.0000 - partial MAP 0.9894
INFO:root:TEST batch 2 / 7 -  partial tp {0: tensor(0), 1: tensor(46)},fn {0: tensor(1), 1: tensor(0)},fp {0: tensor(0), 1: tensor(1)}
INFO:root:TEST batch 2 / 7 - measures partial microavg - precision 0.9787 - recall 0.9787 - f1 0.9787 
INFO:root:TEST batch 2 / 7 - measures partial for class 0 - precision 0.0000 - recall 0.0000 - f1 0.0000 
INFO:root:TEST batch 2 / 7 - measures partial for class 1 - precision 0.9787 - recall 1.0000 - f1 0.9892 
INFO:root:TEST batch 2 / 7 - Batch time 0 
INFO:root:TEST batch 3 / 7 - partial error 0.0071 - partial loss 6.0133 - partial MRR  0.0000 - partial MAP 0.9929
INFO:root:TEST batch 3 / 7 -  partial tp {0: tensor(0), 1: tensor(47)},fn {0: tensor(0), 1: tensor(0)},fp {0: tensor(0), 1: tensor(0)}
INFO:root:TEST batch 3 / 7 - measures partial microavg - precision 1.0000 - recall 1.0000 - f1 1.0000 
INFO:root:TEST batch 3 / 7 - measures partial for class 0 - precision 0.0000 - recall 0.0000 - f1 0.0000 
INFO:root:TEST batch 3 / 7 - measures partial for class 1 - precision 1.0000 - recall 1.0000 - f1 1.0000 
INFO:root:TEST batch 3 / 7 - Batch time 0 
INFO:root:TEST batch 4 / 7 - partial error 0.0053 - partial loss 4.5100 - partial MRR  0.0000 - partial MAP 0.9947
INFO:root:TEST batch 4 / 7 -  partial tp {0: tensor(0), 1: tensor(47)},fn {0: tensor(0), 1: tensor(0)},fp {0: tensor(0), 1: tensor(0)}
INFO:root:TEST batch 4 / 7 - measures partial microavg - precision 1.0000 - recall 1.0000 - f1 1.0000 
INFO:root:TEST batch 4 / 7 - measures partial for class 0 - precision 0.0000 - recall 0.0000 - f1 0.0000 
INFO:root:TEST batch 4 / 7 - measures partial for class 1 - precision 1.0000 - recall 1.0000 - f1 1.0000 
INFO:root:TEST batch 4 / 7 - Batch time 0 
INFO:root:TEST batch 5 / 7 - partial error 0.0043 - partial loss 3.6080 - partial MRR  0.0000 - partial MAP 0.9957
INFO:root:TEST batch 5 / 7 -  partial tp {0: tensor(0), 1: tensor(47)},fn {0: tensor(0), 1: tensor(0)},fp {0: tensor(0), 1: tensor(0)}
INFO:root:TEST batch 5 / 7 - measures partial microavg - precision 1.0000 - recall 1.0000 - f1 1.0000 
INFO:root:TEST batch 5 / 7 - measures partial for class 0 - precision 0.0000 - recall 0.0000 - f1 0.0000 
INFO:root:TEST batch 5 / 7 - measures partial for class 1 - precision 1.0000 - recall 1.0000 - f1 1.0000 
INFO:root:TEST batch 5 / 7 - Batch time 0 
INFO:root:TEST batch 6 / 7 - partial error 0.0035 - partial loss 3.0067 - partial MRR  0.0000 - partial MAP 0.9965
INFO:root:TEST batch 6 / 7 -  partial tp {0: tensor(0), 1: tensor(47)},fn {0: tensor(0), 1: tensor(0)},fp {0: tensor(0), 1: tensor(0)}
INFO:root:TEST batch 6 / 7 - measures partial microavg - precision 1.0000 - recall 1.0000 - f1 1.0000 
INFO:root:TEST batch 6 / 7 - measures partial for class 0 - precision 0.0000 - recall 0.0000 - f1 0.0000 
INFO:root:TEST batch 6 / 7 - measures partial for class 1 - precision 1.0000 - recall 1.0000 - f1 1.0000 
INFO:root:TEST batch 6 / 7 - Batch time 0 
INFO:root:TEST batch 7 / 7 - partial error 0.0030 - partial loss 2.5771 - partial MRR  0.0000 - partial MAP 0.9970
INFO:root:TEST batch 7 / 7 -  partial tp {0: tensor(0), 1: tensor(47)},fn {0: tensor(0), 1: tensor(0)},fp {0: tensor(0), 1: tensor(0)}
INFO:root:TEST batch 7 / 7 - measures partial microavg - precision 1.0000 - recall 1.0000 - f1 1.0000 
INFO:root:TEST batch 7 / 7 - measures partial for class 0 - precision 0.0000 - recall 0.0000 - f1 0.0000 
INFO:root:TEST batch 7 / 7 - measures partial for class 1 - precision 1.0000 - recall 1.0000 - f1 1.0000 
INFO:root:TEST batch 7 / 7 - Batch time 0 
INFO:root:TEST mean losses tensor(2.5771)
INFO:root:TEST mean errors 0.0030395134817808867
INFO:root:TEST mean MRR 0.0 - mean MAP 0.996960461139679
INFO:root:TEST tp {0: tensor(0), 1: tensor(328)},fn {0: tensor(1), 1: tensor(0)},fp {0: tensor(0), 1: tensor(1)}
INFO:root:TEST measures microavg - precision 0.9970 - recall 0.9970 - f1 0.9970 
INFO:root:TEST measures for class 0 - precision 0.0000 - recall 0.0000 - f1 0.0000 
INFO:root:TEST measures for class 1 - precision 0.9970 - recall 1.0000 - f1 0.9985 
INFO:root:TEST measures@10 microavg - precision 1.0000 - recall 0.2128 - f1 0.3509 
INFO:root:TEST measures@10 for class 0 - precision 0.0000 - recall 0.0000 - f1 0.0000 
INFO:root:TEST measures@10 for class 1 - precision 1.0000 - recall 0.2134 - f1 0.3518 
INFO:root:TEST measures@100 microavg - precision 0.9970 - recall 0.9970 - f1 0.9970 
INFO:root:TEST measures@100 for class 0 - precision 0.0000 - recall 0.0000 - f1 0.0000 
INFO:root:TEST measures@100 for class 1 - precision 0.9970 - recall 1.0000 - f1 0.9985 
INFO:root:TEST measures@1000 microavg - precision 0.9970 - recall 0.9970 - f1 0.9970 
INFO:root:TEST measures@1000 for class 0 - precision 0.0000 - recall 0.0000 - f1 0.0000 
INFO:root:TEST measures@1000 for class 1 - precision 0.9970 - recall 1.0000 - f1 0.9985 
INFO:root:TEST Total epoch time: 0.07773761299995385
INFO:root:################ TRAIN epoch 55 ###################
INFO:root:TRAIN mean losses tensor(0.)
INFO:root:TRAIN mean errors 0.0
INFO:root:TRAIN mean MRR 0.0 - mean MAP 1.0
INFO:root:TRAIN tp {0: tensor(0), 1: tensor(1410)},fn {0: tensor(0), 1: tensor(0)},fp {0: tensor(0), 1: tensor(0)}
INFO:root:TRAIN measures microavg - precision 1.0000 - recall 1.0000 - f1 1.0000 
INFO:root:TRAIN measures for class 0 - precision 0.0000 - recall 0.0000 - f1 0.0000 
INFO:root:TRAIN measures for class 1 - precision 1.0000 - recall 1.0000 - f1 1.0000 
INFO:root:TRAIN measures@10 microavg - precision 1.0000 - recall 0.2128 - f1 0.3509 
INFO:root:TRAIN measures@10 for class 0 - precision 0.0000 - recall 0.0000 - f1 0.0000 
INFO:root:TRAIN measures@10 for class 1 - precision 1.0000 - recall 0.2128 - f1 0.3509 
INFO:root:TRAIN measures@100 microavg - precision 1.0000 - recall 1.0000 - f1 1.0000 
INFO:root:TRAIN measures@100 for class 0 - precision 0.0000 - recall 0.0000 - f1 0.0000 
INFO:root:TRAIN measures@100 for class 1 - precision 1.0000 - recall 1.0000 - f1 1.0000 
INFO:root:TRAIN measures@1000 microavg - precision 1.0000 - recall 1.0000 - f1 1.0000 
INFO:root:TRAIN measures@1000 for class 0 - precision 0.0000 - recall 0.0000 - f1 0.0000 
INFO:root:TRAIN measures@1000 for class 1 - precision 1.0000 - recall 1.0000 - f1 1.0000 
INFO:root:TRAIN Total epoch time: 0.47867503599991323
INFO:root:################ VALID epoch 55 ###################
INFO:root:VALID mean losses tensor(0.)
INFO:root:VALID mean errors 0.0
INFO:root:VALID mean MRR 0.0 - mean MAP 1.0
INFO:root:VALID tp {0: tensor(0), 1: tensor(282)},fn {0: tensor(0), 1: tensor(0)},fp {0: tensor(0), 1: tensor(0)}
INFO:root:VALID measures microavg - precision 1.0000 - recall 1.0000 - f1 1.0000 
INFO:root:VALID measures for class 0 - precision 0.0000 - recall 0.0000 - f1 0.0000 
INFO:root:VALID measures for class 1 - precision 1.0000 - recall 1.0000 - f1 1.0000 
INFO:root:VALID measures@10 microavg - precision 1.0000 - recall 0.2128 - f1 0.3509 
INFO:root:VALID measures@10 for class 0 - precision 0.0000 - recall 0.0000 - f1 0.0000 
INFO:root:VALID measures@10 for class 1 - precision 1.0000 - recall 0.2128 - f1 0.3509 
INFO:root:VALID measures@100 microavg - precision 1.0000 - recall 1.0000 - f1 1.0000 
INFO:root:VALID measures@100 for class 0 - precision 0.0000 - recall 0.0000 - f1 0.0000 
INFO:root:VALID measures@100 for class 1 - precision 1.0000 - recall 1.0000 - f1 1.0000 
INFO:root:VALID measures@1000 microavg - precision 1.0000 - recall 1.0000 - f1 1.0000 
INFO:root:VALID measures@1000 for class 0 - precision 0.0000 - recall 0.0000 - f1 0.0000 
INFO:root:VALID measures@1000 for class 1 - precision 1.0000 - recall 1.0000 - f1 1.0000 
INFO:root:VALID Total epoch time: 0.06047564400023475
INFO:root:################ TEST epoch 55 ###################
INFO:root:TEST batch 1 / 7 - partial error 0.0000 - partial loss 0.0000 - partial MRR  0.0000 - partial MAP 1.0000
INFO:root:TEST batch 1 / 7 -  partial tp {0: tensor(0), 1: tensor(47)},fn {0: tensor(0), 1: tensor(0)},fp {0: tensor(0), 1: tensor(0)}
INFO:root:TEST batch 1 / 7 - measures partial microavg - precision 1.0000 - recall 1.0000 - f1 1.0000 
INFO:root:TEST batch 1 / 7 - measures partial for class 0 - precision 0.0000 - recall 0.0000 - f1 0.0000 
INFO:root:TEST batch 1 / 7 - measures partial for class 1 - precision 1.0000 - recall 1.0000 - f1 1.0000 
INFO:root:TEST batch 1 / 7 - Batch time 0 
INFO:root:TEST batch 2 / 7 - partial error 0.0106 - partial loss 9.0302 - partial MRR  0.0000 - partial MAP 0.9894
INFO:root:TEST batch 2 / 7 -  partial tp {0: tensor(0), 1: tensor(46)},fn {0: tensor(1), 1: tensor(0)},fp {0: tensor(0), 1: tensor(1)}
INFO:root:TEST batch 2 / 7 - measures partial microavg - precision 0.9787 - recall 0.9787 - f1 0.9787 
INFO:root:TEST batch 2 / 7 - measures partial for class 0 - precision 0.0000 - recall 0.0000 - f1 0.0000 
INFO:root:TEST batch 2 / 7 - measures partial for class 1 - precision 0.9787 - recall 1.0000 - f1 0.9892 
INFO:root:TEST batch 2 / 7 - Batch time 0 
INFO:root:TEST batch 3 / 7 - partial error 0.0071 - partial loss 6.0201 - partial MRR  0.0000 - partial MAP 0.9929
INFO:root:TEST batch 3 / 7 -  partial tp {0: tensor(0), 1: tensor(47)},fn {0: tensor(0), 1: tensor(0)},fp {0: tensor(0), 1: tensor(0)}
INFO:root:TEST batch 3 / 7 - measures partial microavg - precision 1.0000 - recall 1.0000 - f1 1.0000 
INFO:root:TEST batch 3 / 7 - measures partial for class 0 - precision 0.0000 - recall 0.0000 - f1 0.0000 
INFO:root:TEST batch 3 / 7 - measures partial for class 1 - precision 1.0000 - recall 1.0000 - f1 1.0000 
INFO:root:TEST batch 3 / 7 - Batch time 0 
INFO:root:TEST batch 4 / 7 - partial error 0.0053 - partial loss 4.5151 - partial MRR  0.0000 - partial MAP 0.9947
INFO:root:TEST batch 4 / 7 -  partial tp {0: tensor(0), 1: tensor(47)},fn {0: tensor(0), 1: tensor(0)},fp {0: tensor(0), 1: tensor(0)}
INFO:root:TEST batch 4 / 7 - measures partial microavg - precision 1.0000 - recall 1.0000 - f1 1.0000 
INFO:root:TEST batch 4 / 7 - measures partial for class 0 - precision 0.0000 - recall 0.0000 - f1 0.0000 
INFO:root:TEST batch 4 / 7 - measures partial for class 1 - precision 1.0000 - recall 1.0000 - f1 1.0000 
INFO:root:TEST batch 4 / 7 - Batch time 0 
INFO:root:TEST batch 5 / 7 - partial error 0.0043 - partial loss 3.6121 - partial MRR  0.0000 - partial MAP 0.9957
INFO:root:TEST batch 5 / 7 -  partial tp {0: tensor(0), 1: tensor(47)},fn {0: tensor(0), 1: tensor(0)},fp {0: tensor(0), 1: tensor(0)}
INFO:root:TEST batch 5 / 7 - measures partial microavg - precision 1.0000 - recall 1.0000 - f1 1.0000 
INFO:root:TEST batch 5 / 7 - measures partial for class 0 - precision 0.0000 - recall 0.0000 - f1 0.0000 
INFO:root:TEST batch 5 / 7 - measures partial for class 1 - precision 1.0000 - recall 1.0000 - f1 1.0000 
INFO:root:TEST batch 5 / 7 - Batch time 0 
INFO:root:TEST batch 6 / 7 - partial error 0.0035 - partial loss 3.0101 - partial MRR  0.0000 - partial MAP 0.9965
INFO:root:TEST batch 6 / 7 -  partial tp {0: tensor(0), 1: tensor(47)},fn {0: tensor(0), 1: tensor(0)},fp {0: tensor(0), 1: tensor(0)}
INFO:root:TEST batch 6 / 7 - measures partial microavg - precision 1.0000 - recall 1.0000 - f1 1.0000 
INFO:root:TEST batch 6 / 7 - measures partial for class 0 - precision 0.0000 - recall 0.0000 - f1 0.0000 
INFO:root:TEST batch 6 / 7 - measures partial for class 1 - precision 1.0000 - recall 1.0000 - f1 1.0000 
INFO:root:TEST batch 6 / 7 - Batch time 0 
INFO:root:TEST batch 7 / 7 - partial error 0.0030 - partial loss 2.5800 - partial MRR  0.0000 - partial MAP 0.9970
INFO:root:TEST batch 7 / 7 -  partial tp {0: tensor(0), 1: tensor(47)},fn {0: tensor(0), 1: tensor(0)},fp {0: tensor(0), 1: tensor(0)}
INFO:root:TEST batch 7 / 7 - measures partial microavg - precision 1.0000 - recall 1.0000 - f1 1.0000 
INFO:root:TEST batch 7 / 7 - measures partial for class 0 - precision 0.0000 - recall 0.0000 - f1 0.0000 
INFO:root:TEST batch 7 / 7 - measures partial for class 1 - precision 1.0000 - recall 1.0000 - f1 1.0000 
INFO:root:TEST batch 7 / 7 - Batch time 0 
INFO:root:TEST mean losses tensor(2.5800)
INFO:root:TEST mean errors 0.0030395134817808867
INFO:root:TEST mean MRR 0.0 - mean MAP 0.996960461139679
INFO:root:TEST tp {0: tensor(0), 1: tensor(328)},fn {0: tensor(1), 1: tensor(0)},fp {0: tensor(0), 1: tensor(1)}
INFO:root:TEST measures microavg - precision 0.9970 - recall 0.9970 - f1 0.9970 
INFO:root:TEST measures for class 0 - precision 0.0000 - recall 0.0000 - f1 0.0000 
INFO:root:TEST measures for class 1 - precision 0.9970 - recall 1.0000 - f1 0.9985 
INFO:root:TEST measures@10 microavg - precision 1.0000 - recall 0.2128 - f1 0.3509 
INFO:root:TEST measures@10 for class 0 - precision 0.0000 - recall 0.0000 - f1 0.0000 
INFO:root:TEST measures@10 for class 1 - precision 1.0000 - recall 0.2134 - f1 0.3518 
INFO:root:TEST measures@100 microavg - precision 0.9970 - recall 0.9970 - f1 0.9970 
INFO:root:TEST measures@100 for class 0 - precision 0.0000 - recall 0.0000 - f1 0.0000 
INFO:root:TEST measures@100 for class 1 - precision 0.9970 - recall 1.0000 - f1 0.9985 
INFO:root:TEST measures@1000 microavg - precision 0.9970 - recall 0.9970 - f1 0.9970 
INFO:root:TEST measures@1000 for class 0 - precision 0.0000 - recall 0.0000 - f1 0.0000 
INFO:root:TEST measures@1000 for class 1 - precision 0.9970 - recall 1.0000 - f1 0.9985 
INFO:root:TEST Total epoch time: 0.0778968170002372
INFO:root:################ TRAIN epoch 56 ###################
INFO:root:TRAIN mean losses tensor(0.)
INFO:root:TRAIN mean errors 0.0
INFO:root:TRAIN mean MRR 0.0 - mean MAP 1.0
INFO:root:TRAIN tp {0: tensor(0), 1: tensor(1410)},fn {0: tensor(0), 1: tensor(0)},fp {0: tensor(0), 1: tensor(0)}
INFO:root:TRAIN measures microavg - precision 1.0000 - recall 1.0000 - f1 1.0000 
INFO:root:TRAIN measures for class 0 - precision 0.0000 - recall 0.0000 - f1 0.0000 
INFO:root:TRAIN measures for class 1 - precision 1.0000 - recall 1.0000 - f1 1.0000 
INFO:root:TRAIN measures@10 microavg - precision 1.0000 - recall 0.2128 - f1 0.3509 
INFO:root:TRAIN measures@10 for class 0 - precision 0.0000 - recall 0.0000 - f1 0.0000 
INFO:root:TRAIN measures@10 for class 1 - precision 1.0000 - recall 0.2128 - f1 0.3509 
INFO:root:TRAIN measures@100 microavg - precision 1.0000 - recall 1.0000 - f1 1.0000 
INFO:root:TRAIN measures@100 for class 0 - precision 0.0000 - recall 0.0000 - f1 0.0000 
INFO:root:TRAIN measures@100 for class 1 - precision 1.0000 - recall 1.0000 - f1 1.0000 
INFO:root:TRAIN measures@1000 microavg - precision 1.0000 - recall 1.0000 - f1 1.0000 
INFO:root:TRAIN measures@1000 for class 0 - precision 0.0000 - recall 0.0000 - f1 0.0000 
INFO:root:TRAIN measures@1000 for class 1 - precision 1.0000 - recall 1.0000 - f1 1.0000 
INFO:root:TRAIN Total epoch time: 0.48413064899978053
INFO:root:################ VALID epoch 56 ###################
INFO:root:VALID mean losses tensor(0.)
INFO:root:VALID mean errors 0.0
INFO:root:VALID mean MRR 0.0 - mean MAP 1.0
INFO:root:VALID tp {0: tensor(0), 1: tensor(282)},fn {0: tensor(0), 1: tensor(0)},fp {0: tensor(0), 1: tensor(0)}
INFO:root:VALID measures microavg - precision 1.0000 - recall 1.0000 - f1 1.0000 
INFO:root:VALID measures for class 0 - precision 0.0000 - recall 0.0000 - f1 0.0000 
INFO:root:VALID measures for class 1 - precision 1.0000 - recall 1.0000 - f1 1.0000 
INFO:root:VALID measures@10 microavg - precision 1.0000 - recall 0.2128 - f1 0.3509 
INFO:root:VALID measures@10 for class 0 - precision 0.0000 - recall 0.0000 - f1 0.0000 
INFO:root:VALID measures@10 for class 1 - precision 1.0000 - recall 0.2128 - f1 0.3509 
INFO:root:VALID measures@100 microavg - precision 1.0000 - recall 1.0000 - f1 1.0000 
INFO:root:VALID measures@100 for class 0 - precision 0.0000 - recall 0.0000 - f1 0.0000 
INFO:root:VALID measures@100 for class 1 - precision 1.0000 - recall 1.0000 - f1 1.0000 
INFO:root:VALID measures@1000 microavg - precision 1.0000 - recall 1.0000 - f1 1.0000 
INFO:root:VALID measures@1000 for class 0 - precision 0.0000 - recall 0.0000 - f1 0.0000 
INFO:root:VALID measures@1000 for class 1 - precision 1.0000 - recall 1.0000 - f1 1.0000 
INFO:root:VALID Total epoch time: 0.059375811999871075
INFO:root:################ TEST epoch 56 ###################
INFO:root:TEST batch 1 / 7 - partial error 0.0000 - partial loss 0.0000 - partial MRR  0.0000 - partial MAP 1.0000
INFO:root:TEST batch 1 / 7 -  partial tp {0: tensor(0), 1: tensor(47)},fn {0: tensor(0), 1: tensor(0)},fp {0: tensor(0), 1: tensor(0)}
INFO:root:TEST batch 1 / 7 - measures partial microavg - precision 1.0000 - recall 1.0000 - f1 1.0000 
INFO:root:TEST batch 1 / 7 - measures partial for class 0 - precision 0.0000 - recall 0.0000 - f1 0.0000 
INFO:root:TEST batch 1 / 7 - measures partial for class 1 - precision 1.0000 - recall 1.0000 - f1 1.0000 
INFO:root:TEST batch 1 / 7 - Batch time 0 
INFO:root:TEST batch 2 / 7 - partial error 0.0106 - partial loss 8.6669 - partial MRR  0.0000 - partial MAP 0.9894
INFO:root:TEST batch 2 / 7 -  partial tp {0: tensor(0), 1: tensor(46)},fn {0: tensor(1), 1: tensor(0)},fp {0: tensor(0), 1: tensor(1)}
INFO:root:TEST batch 2 / 7 - measures partial microavg - precision 0.9787 - recall 0.9787 - f1 0.9787 
INFO:root:TEST batch 2 / 7 - measures partial for class 0 - precision 0.0000 - recall 0.0000 - f1 0.0000 
INFO:root:TEST batch 2 / 7 - measures partial for class 1 - precision 0.9787 - recall 1.0000 - f1 0.9892 
INFO:root:TEST batch 2 / 7 - Batch time 0 
INFO:root:TEST batch 3 / 7 - partial error 0.0071 - partial loss 5.7779 - partial MRR  0.0000 - partial MAP 0.9929
INFO:root:TEST batch 3 / 7 -  partial tp {0: tensor(0), 1: tensor(47)},fn {0: tensor(0), 1: tensor(0)},fp {0: tensor(0), 1: tensor(0)}
INFO:root:TEST batch 3 / 7 - measures partial microavg - precision 1.0000 - recall 1.0000 - f1 1.0000 
INFO:root:TEST batch 3 / 7 - measures partial for class 0 - precision 0.0000 - recall 0.0000 - f1 0.0000 
INFO:root:TEST batch 3 / 7 - measures partial for class 1 - precision 1.0000 - recall 1.0000 - f1 1.0000 
INFO:root:TEST batch 3 / 7 - Batch time 0 
INFO:root:TEST batch 4 / 7 - partial error 0.0053 - partial loss 4.3334 - partial MRR  0.0000 - partial MAP 0.9947
INFO:root:TEST batch 4 / 7 -  partial tp {0: tensor(0), 1: tensor(47)},fn {0: tensor(0), 1: tensor(0)},fp {0: tensor(0), 1: tensor(0)}
INFO:root:TEST batch 4 / 7 - measures partial microavg - precision 1.0000 - recall 1.0000 - f1 1.0000 
INFO:root:TEST batch 4 / 7 - measures partial for class 0 - precision 0.0000 - recall 0.0000 - f1 0.0000 
INFO:root:TEST batch 4 / 7 - measures partial for class 1 - precision 1.0000 - recall 1.0000 - f1 1.0000 
INFO:root:TEST batch 4 / 7 - Batch time 0 
INFO:root:TEST batch 5 / 7 - partial error 0.0043 - partial loss 3.4667 - partial MRR  0.0000 - partial MAP 0.9957
INFO:root:TEST batch 5 / 7 -  partial tp {0: tensor(0), 1: tensor(47)},fn {0: tensor(0), 1: tensor(0)},fp {0: tensor(0), 1: tensor(0)}
INFO:root:TEST batch 5 / 7 - measures partial microavg - precision 1.0000 - recall 1.0000 - f1 1.0000 
INFO:root:TEST batch 5 / 7 - measures partial for class 0 - precision 0.0000 - recall 0.0000 - f1 0.0000 
INFO:root:TEST batch 5 / 7 - measures partial for class 1 - precision 1.0000 - recall 1.0000 - f1 1.0000 
INFO:root:TEST batch 5 / 7 - Batch time 0 
INFO:root:TEST batch 6 / 7 - partial error 0.0035 - partial loss 2.8890 - partial MRR  0.0000 - partial MAP 0.9965
INFO:root:TEST batch 6 / 7 -  partial tp {0: tensor(0), 1: tensor(47)},fn {0: tensor(0), 1: tensor(0)},fp {0: tensor(0), 1: tensor(0)}
INFO:root:TEST batch 6 / 7 - measures partial microavg - precision 1.0000 - recall 1.0000 - f1 1.0000 
INFO:root:TEST batch 6 / 7 - measures partial for class 0 - precision 0.0000 - recall 0.0000 - f1 0.0000 
INFO:root:TEST batch 6 / 7 - measures partial for class 1 - precision 1.0000 - recall 1.0000 - f1 1.0000 
INFO:root:TEST batch 6 / 7 - Batch time 0 
INFO:root:TEST batch 7 / 7 - partial error 0.0030 - partial loss 2.4762 - partial MRR  0.0000 - partial MAP 0.9970
INFO:root:TEST batch 7 / 7 -  partial tp {0: tensor(0), 1: tensor(47)},fn {0: tensor(0), 1: tensor(0)},fp {0: tensor(0), 1: tensor(0)}
INFO:root:TEST batch 7 / 7 - measures partial microavg - precision 1.0000 - recall 1.0000 - f1 1.0000 
INFO:root:TEST batch 7 / 7 - measures partial for class 0 - precision 0.0000 - recall 0.0000 - f1 0.0000 
INFO:root:TEST batch 7 / 7 - measures partial for class 1 - precision 1.0000 - recall 1.0000 - f1 1.0000 
INFO:root:TEST batch 7 / 7 - Batch time 0 
INFO:root:TEST mean losses tensor(2.4762)
INFO:root:TEST mean errors 0.0030395134817808867
INFO:root:TEST mean MRR 0.0 - mean MAP 0.996960461139679
INFO:root:TEST tp {0: tensor(0), 1: tensor(328)},fn {0: tensor(1), 1: tensor(0)},fp {0: tensor(0), 1: tensor(1)}
INFO:root:TEST measures microavg - precision 0.9970 - recall 0.9970 - f1 0.9970 
INFO:root:TEST measures for class 0 - precision 0.0000 - recall 0.0000 - f1 0.0000 
INFO:root:TEST measures for class 1 - precision 0.9970 - recall 1.0000 - f1 0.9985 
INFO:root:TEST measures@10 microavg - precision 1.0000 - recall 0.2128 - f1 0.3509 
INFO:root:TEST measures@10 for class 0 - precision 0.0000 - recall 0.0000 - f1 0.0000 
INFO:root:TEST measures@10 for class 1 - precision 1.0000 - recall 0.2134 - f1 0.3518 
INFO:root:TEST measures@100 microavg - precision 0.9970 - recall 0.9970 - f1 0.9970 
INFO:root:TEST measures@100 for class 0 - precision 0.0000 - recall 0.0000 - f1 0.0000 
INFO:root:TEST measures@100 for class 1 - precision 0.9970 - recall 1.0000 - f1 0.9985 
INFO:root:TEST measures@1000 microavg - precision 0.9970 - recall 0.9970 - f1 0.9970 
INFO:root:TEST measures@1000 for class 0 - precision 0.0000 - recall 0.0000 - f1 0.0000 
INFO:root:TEST measures@1000 for class 1 - precision 0.9970 - recall 1.0000 - f1 0.9985 
INFO:root:TEST Total epoch time: 0.0774077149999357
INFO:root:################ TRAIN epoch 57 ###################
INFO:root:TRAIN mean losses tensor(0.)
INFO:root:TRAIN mean errors 0.0
INFO:root:TRAIN mean MRR 0.0 - mean MAP 1.0
INFO:root:TRAIN tp {0: tensor(0), 1: tensor(1410)},fn {0: tensor(0), 1: tensor(0)},fp {0: tensor(0), 1: tensor(0)}
INFO:root:TRAIN measures microavg - precision 1.0000 - recall 1.0000 - f1 1.0000 
INFO:root:TRAIN measures for class 0 - precision 0.0000 - recall 0.0000 - f1 0.0000 
INFO:root:TRAIN measures for class 1 - precision 1.0000 - recall 1.0000 - f1 1.0000 
INFO:root:TRAIN measures@10 microavg - precision 1.0000 - recall 0.2128 - f1 0.3509 
INFO:root:TRAIN measures@10 for class 0 - precision 0.0000 - recall 0.0000 - f1 0.0000 
INFO:root:TRAIN measures@10 for class 1 - precision 1.0000 - recall 0.2128 - f1 0.3509 
INFO:root:TRAIN measures@100 microavg - precision 1.0000 - recall 1.0000 - f1 1.0000 
INFO:root:TRAIN measures@100 for class 0 - precision 0.0000 - recall 0.0000 - f1 0.0000 
INFO:root:TRAIN measures@100 for class 1 - precision 1.0000 - recall 1.0000 - f1 1.0000 
INFO:root:TRAIN measures@1000 microavg - precision 1.0000 - recall 1.0000 - f1 1.0000 
INFO:root:TRAIN measures@1000 for class 0 - precision 0.0000 - recall 0.0000 - f1 0.0000 
INFO:root:TRAIN measures@1000 for class 1 - precision 1.0000 - recall 1.0000 - f1 1.0000 
INFO:root:TRAIN Total epoch time: 0.48019957099995736
INFO:root:################ VALID epoch 57 ###################
INFO:root:VALID mean losses tensor(0.)
INFO:root:VALID mean errors 0.0
INFO:root:VALID mean MRR 0.0 - mean MAP 1.0
INFO:root:VALID tp {0: tensor(0), 1: tensor(282)},fn {0: tensor(0), 1: tensor(0)},fp {0: tensor(0), 1: tensor(0)}
INFO:root:VALID measures microavg - precision 1.0000 - recall 1.0000 - f1 1.0000 
INFO:root:VALID measures for class 0 - precision 0.0000 - recall 0.0000 - f1 0.0000 
INFO:root:VALID measures for class 1 - precision 1.0000 - recall 1.0000 - f1 1.0000 
INFO:root:VALID measures@10 microavg - precision 1.0000 - recall 0.2128 - f1 0.3509 
INFO:root:VALID measures@10 for class 0 - precision 0.0000 - recall 0.0000 - f1 0.0000 
INFO:root:VALID measures@10 for class 1 - precision 1.0000 - recall 0.2128 - f1 0.3509 
INFO:root:VALID measures@100 microavg - precision 1.0000 - recall 1.0000 - f1 1.0000 
INFO:root:VALID measures@100 for class 0 - precision 0.0000 - recall 0.0000 - f1 0.0000 
INFO:root:VALID measures@100 for class 1 - precision 1.0000 - recall 1.0000 - f1 1.0000 
INFO:root:VALID measures@1000 microavg - precision 1.0000 - recall 1.0000 - f1 1.0000 
INFO:root:VALID measures@1000 for class 0 - precision 0.0000 - recall 0.0000 - f1 0.0000 
INFO:root:VALID measures@1000 for class 1 - precision 1.0000 - recall 1.0000 - f1 1.0000 
INFO:root:VALID Total epoch time: 0.05939174900004218
INFO:root:################ TEST epoch 57 ###################
INFO:root:TEST batch 1 / 7 - partial error 0.0000 - partial loss 0.0000 - partial MRR  0.0000 - partial MAP 1.0000
INFO:root:TEST batch 1 / 7 -  partial tp {0: tensor(0), 1: tensor(47)},fn {0: tensor(0), 1: tensor(0)},fp {0: tensor(0), 1: tensor(0)}
INFO:root:TEST batch 1 / 7 - measures partial microavg - precision 1.0000 - recall 1.0000 - f1 1.0000 
INFO:root:TEST batch 1 / 7 - measures partial for class 0 - precision 0.0000 - recall 0.0000 - f1 0.0000 
INFO:root:TEST batch 1 / 7 - measures partial for class 1 - precision 1.0000 - recall 1.0000 - f1 1.0000 
INFO:root:TEST batch 1 / 7 - Batch time 0 
INFO:root:TEST batch 2 / 7 - partial error 0.0106 - partial loss 8.7756 - partial MRR  0.0000 - partial MAP 0.9894
INFO:root:TEST batch 2 / 7 -  partial tp {0: tensor(0), 1: tensor(46)},fn {0: tensor(1), 1: tensor(0)},fp {0: tensor(0), 1: tensor(1)}
INFO:root:TEST batch 2 / 7 - measures partial microavg - precision 0.9787 - recall 0.9787 - f1 0.9787 
INFO:root:TEST batch 2 / 7 - measures partial for class 0 - precision 0.0000 - recall 0.0000 - f1 0.0000 
INFO:root:TEST batch 2 / 7 - measures partial for class 1 - precision 0.9787 - recall 1.0000 - f1 0.9892 
INFO:root:TEST batch 2 / 7 - Batch time 0 
INFO:root:TEST batch 3 / 7 - partial error 0.0071 - partial loss 5.8504 - partial MRR  0.0000 - partial MAP 0.9929
INFO:root:TEST batch 3 / 7 -  partial tp {0: tensor(0), 1: tensor(47)},fn {0: tensor(0), 1: tensor(0)},fp {0: tensor(0), 1: tensor(0)}
INFO:root:TEST batch 3 / 7 - measures partial microavg - precision 1.0000 - recall 1.0000 - f1 1.0000 
INFO:root:TEST batch 3 / 7 - measures partial for class 0 - precision 0.0000 - recall 0.0000 - f1 0.0000 
INFO:root:TEST batch 3 / 7 - measures partial for class 1 - precision 1.0000 - recall 1.0000 - f1 1.0000 
INFO:root:TEST batch 3 / 7 - Batch time 0 
INFO:root:TEST batch 4 / 7 - partial error 0.0053 - partial loss 4.3878 - partial MRR  0.0000 - partial MAP 0.9947
INFO:root:TEST batch 4 / 7 -  partial tp {0: tensor(0), 1: tensor(47)},fn {0: tensor(0), 1: tensor(0)},fp {0: tensor(0), 1: tensor(0)}
INFO:root:TEST batch 4 / 7 - measures partial microavg - precision 1.0000 - recall 1.0000 - f1 1.0000 
INFO:root:TEST batch 4 / 7 - measures partial for class 0 - precision 0.0000 - recall 0.0000 - f1 0.0000 
INFO:root:TEST batch 4 / 7 - measures partial for class 1 - precision 1.0000 - recall 1.0000 - f1 1.0000 
INFO:root:TEST batch 4 / 7 - Batch time 0 
INFO:root:TEST batch 5 / 7 - partial error 0.0043 - partial loss 3.5102 - partial MRR  0.0000 - partial MAP 0.9957
INFO:root:TEST batch 5 / 7 -  partial tp {0: tensor(0), 1: tensor(47)},fn {0: tensor(0), 1: tensor(0)},fp {0: tensor(0), 1: tensor(0)}
INFO:root:TEST batch 5 / 7 - measures partial microavg - precision 1.0000 - recall 1.0000 - f1 1.0000 
INFO:root:TEST batch 5 / 7 - measures partial for class 0 - precision 0.0000 - recall 0.0000 - f1 0.0000 
INFO:root:TEST batch 5 / 7 - measures partial for class 1 - precision 1.0000 - recall 1.0000 - f1 1.0000 
INFO:root:TEST batch 5 / 7 - Batch time 0 
INFO:root:TEST batch 6 / 7 - partial error 0.0035 - partial loss 2.9252 - partial MRR  0.0000 - partial MAP 0.9965
INFO:root:TEST batch 6 / 7 -  partial tp {0: tensor(0), 1: tensor(47)},fn {0: tensor(0), 1: tensor(0)},fp {0: tensor(0), 1: tensor(0)}
INFO:root:TEST batch 6 / 7 - measures partial microavg - precision 1.0000 - recall 1.0000 - f1 1.0000 
INFO:root:TEST batch 6 / 7 - measures partial for class 0 - precision 0.0000 - recall 0.0000 - f1 0.0000 
INFO:root:TEST batch 6 / 7 - measures partial for class 1 - precision 1.0000 - recall 1.0000 - f1 1.0000 
INFO:root:TEST batch 6 / 7 - Batch time 0 
INFO:root:TEST batch 7 / 7 - partial error 0.0030 - partial loss 2.5073 - partial MRR  0.0000 - partial MAP 0.9970
INFO:root:TEST batch 7 / 7 -  partial tp {0: tensor(0), 1: tensor(47)},fn {0: tensor(0), 1: tensor(0)},fp {0: tensor(0), 1: tensor(0)}
INFO:root:TEST batch 7 / 7 - measures partial microavg - precision 1.0000 - recall 1.0000 - f1 1.0000 
INFO:root:TEST batch 7 / 7 - measures partial for class 0 - precision 0.0000 - recall 0.0000 - f1 0.0000 
INFO:root:TEST batch 7 / 7 - measures partial for class 1 - precision 1.0000 - recall 1.0000 - f1 1.0000 
INFO:root:TEST batch 7 / 7 - Batch time 0 
INFO:root:TEST mean losses tensor(2.5073)
INFO:root:TEST mean errors 0.0030395134817808867
INFO:root:TEST mean MRR 0.0 - mean MAP 0.996960461139679
INFO:root:TEST tp {0: tensor(0), 1: tensor(328)},fn {0: tensor(1), 1: tensor(0)},fp {0: tensor(0), 1: tensor(1)}
INFO:root:TEST measures microavg - precision 0.9970 - recall 0.9970 - f1 0.9970 
INFO:root:TEST measures for class 0 - precision 0.0000 - recall 0.0000 - f1 0.0000 
INFO:root:TEST measures for class 1 - precision 0.9970 - recall 1.0000 - f1 0.9985 
INFO:root:TEST measures@10 microavg - precision 1.0000 - recall 0.2128 - f1 0.3509 
INFO:root:TEST measures@10 for class 0 - precision 0.0000 - recall 0.0000 - f1 0.0000 
INFO:root:TEST measures@10 for class 1 - precision 1.0000 - recall 0.2134 - f1 0.3518 
INFO:root:TEST measures@100 microavg - precision 0.9970 - recall 0.9970 - f1 0.9970 
INFO:root:TEST measures@100 for class 0 - precision 0.0000 - recall 0.0000 - f1 0.0000 
INFO:root:TEST measures@100 for class 1 - precision 0.9970 - recall 1.0000 - f1 0.9985 
INFO:root:TEST measures@1000 microavg - precision 0.9970 - recall 0.9970 - f1 0.9970 
INFO:root:TEST measures@1000 for class 0 - precision 0.0000 - recall 0.0000 - f1 0.0000 
INFO:root:TEST measures@1000 for class 1 - precision 0.9970 - recall 1.0000 - f1 0.9985 
INFO:root:TEST Total epoch time: 0.07710047099999429
INFO:root:################ TRAIN epoch 58 ###################
INFO:root:TRAIN mean losses tensor(0.)
INFO:root:TRAIN mean errors 0.0
INFO:root:TRAIN mean MRR 0.0 - mean MAP 1.0
INFO:root:TRAIN tp {0: tensor(0), 1: tensor(1410)},fn {0: tensor(0), 1: tensor(0)},fp {0: tensor(0), 1: tensor(0)}
INFO:root:TRAIN measures microavg - precision 1.0000 - recall 1.0000 - f1 1.0000 
INFO:root:TRAIN measures for class 0 - precision 0.0000 - recall 0.0000 - f1 0.0000 
INFO:root:TRAIN measures for class 1 - precision 1.0000 - recall 1.0000 - f1 1.0000 
INFO:root:TRAIN measures@10 microavg - precision 1.0000 - recall 0.2128 - f1 0.3509 
INFO:root:TRAIN measures@10 for class 0 - precision 0.0000 - recall 0.0000 - f1 0.0000 
INFO:root:TRAIN measures@10 for class 1 - precision 1.0000 - recall 0.2128 - f1 0.3509 
INFO:root:TRAIN measures@100 microavg - precision 1.0000 - recall 1.0000 - f1 1.0000 
INFO:root:TRAIN measures@100 for class 0 - precision 0.0000 - recall 0.0000 - f1 0.0000 
INFO:root:TRAIN measures@100 for class 1 - precision 1.0000 - recall 1.0000 - f1 1.0000 
INFO:root:TRAIN measures@1000 microavg - precision 1.0000 - recall 1.0000 - f1 1.0000 
INFO:root:TRAIN measures@1000 for class 0 - precision 0.0000 - recall 0.0000 - f1 0.0000 
INFO:root:TRAIN measures@1000 for class 1 - precision 1.0000 - recall 1.0000 - f1 1.0000 
INFO:root:TRAIN Total epoch time: 0.4768686480001634
INFO:root:################ VALID epoch 58 ###################
INFO:root:VALID mean losses tensor(0.)
INFO:root:VALID mean errors 0.0
INFO:root:VALID mean MRR 0.0 - mean MAP 1.0
INFO:root:VALID tp {0: tensor(0), 1: tensor(282)},fn {0: tensor(0), 1: tensor(0)},fp {0: tensor(0), 1: tensor(0)}
INFO:root:VALID measures microavg - precision 1.0000 - recall 1.0000 - f1 1.0000 
INFO:root:VALID measures for class 0 - precision 0.0000 - recall 0.0000 - f1 0.0000 
INFO:root:VALID measures for class 1 - precision 1.0000 - recall 1.0000 - f1 1.0000 
INFO:root:VALID measures@10 microavg - precision 1.0000 - recall 0.2128 - f1 0.3509 
INFO:root:VALID measures@10 for class 0 - precision 0.0000 - recall 0.0000 - f1 0.0000 
INFO:root:VALID measures@10 for class 1 - precision 1.0000 - recall 0.2128 - f1 0.3509 
INFO:root:VALID measures@100 microavg - precision 1.0000 - recall 1.0000 - f1 1.0000 
INFO:root:VALID measures@100 for class 0 - precision 0.0000 - recall 0.0000 - f1 0.0000 
INFO:root:VALID measures@100 for class 1 - precision 1.0000 - recall 1.0000 - f1 1.0000 
INFO:root:VALID measures@1000 microavg - precision 1.0000 - recall 1.0000 - f1 1.0000 
INFO:root:VALID measures@1000 for class 0 - precision 0.0000 - recall 0.0000 - f1 0.0000 
INFO:root:VALID measures@1000 for class 1 - precision 1.0000 - recall 1.0000 - f1 1.0000 
INFO:root:VALID Total epoch time: 0.05896610299987515
INFO:root:################ TEST epoch 58 ###################
INFO:root:TEST batch 1 / 7 - partial error 0.0000 - partial loss 0.0000 - partial MRR  0.0000 - partial MAP 1.0000
INFO:root:TEST batch 1 / 7 -  partial tp {0: tensor(0), 1: tensor(47)},fn {0: tensor(0), 1: tensor(0)},fp {0: tensor(0), 1: tensor(0)}
INFO:root:TEST batch 1 / 7 - measures partial microavg - precision 1.0000 - recall 1.0000 - f1 1.0000 
INFO:root:TEST batch 1 / 7 - measures partial for class 0 - precision 0.0000 - recall 0.0000 - f1 0.0000 
INFO:root:TEST batch 1 / 7 - measures partial for class 1 - precision 1.0000 - recall 1.0000 - f1 1.0000 
INFO:root:TEST batch 1 / 7 - Batch time 0 
INFO:root:TEST batch 2 / 7 - partial error 0.0106 - partial loss 9.2786 - partial MRR  0.0000 - partial MAP 0.9894
INFO:root:TEST batch 2 / 7 -  partial tp {0: tensor(0), 1: tensor(46)},fn {0: tensor(1), 1: tensor(0)},fp {0: tensor(0), 1: tensor(1)}
INFO:root:TEST batch 2 / 7 - measures partial microavg - precision 0.9787 - recall 0.9787 - f1 0.9787 
INFO:root:TEST batch 2 / 7 - measures partial for class 0 - precision 0.0000 - recall 0.0000 - f1 0.0000 
INFO:root:TEST batch 2 / 7 - measures partial for class 1 - precision 0.9787 - recall 1.0000 - f1 0.9892 
INFO:root:TEST batch 2 / 7 - Batch time 0 
INFO:root:TEST batch 3 / 7 - partial error 0.0071 - partial loss 6.1857 - partial MRR  0.0000 - partial MAP 0.9929
INFO:root:TEST batch 3 / 7 -  partial tp {0: tensor(0), 1: tensor(47)},fn {0: tensor(0), 1: tensor(0)},fp {0: tensor(0), 1: tensor(0)}
INFO:root:TEST batch 3 / 7 - measures partial microavg - precision 1.0000 - recall 1.0000 - f1 1.0000 
INFO:root:TEST batch 3 / 7 - measures partial for class 0 - precision 0.0000 - recall 0.0000 - f1 0.0000 
INFO:root:TEST batch 3 / 7 - measures partial for class 1 - precision 1.0000 - recall 1.0000 - f1 1.0000 
INFO:root:TEST batch 3 / 7 - Batch time 0 
INFO:root:TEST batch 4 / 7 - partial error 0.0053 - partial loss 4.6393 - partial MRR  0.0000 - partial MAP 0.9947
INFO:root:TEST batch 4 / 7 -  partial tp {0: tensor(0), 1: tensor(47)},fn {0: tensor(0), 1: tensor(0)},fp {0: tensor(0), 1: tensor(0)}
INFO:root:TEST batch 4 / 7 - measures partial microavg - precision 1.0000 - recall 1.0000 - f1 1.0000 
INFO:root:TEST batch 4 / 7 - measures partial for class 0 - precision 0.0000 - recall 0.0000 - f1 0.0000 
INFO:root:TEST batch 4 / 7 - measures partial for class 1 - precision 1.0000 - recall 1.0000 - f1 1.0000 
INFO:root:TEST batch 4 / 7 - Batch time 0 
INFO:root:TEST batch 5 / 7 - partial error 0.0043 - partial loss 3.7114 - partial MRR  0.0000 - partial MAP 0.9957
INFO:root:TEST batch 5 / 7 -  partial tp {0: tensor(0), 1: tensor(47)},fn {0: tensor(0), 1: tensor(0)},fp {0: tensor(0), 1: tensor(0)}
INFO:root:TEST batch 5 / 7 - measures partial microavg - precision 1.0000 - recall 1.0000 - f1 1.0000 
INFO:root:TEST batch 5 / 7 - measures partial for class 0 - precision 0.0000 - recall 0.0000 - f1 0.0000 
INFO:root:TEST batch 5 / 7 - measures partial for class 1 - precision 1.0000 - recall 1.0000 - f1 1.0000 
INFO:root:TEST batch 5 / 7 - Batch time 0 
INFO:root:TEST batch 6 / 7 - partial error 0.0035 - partial loss 3.0929 - partial MRR  0.0000 - partial MAP 0.9965
INFO:root:TEST batch 6 / 7 -  partial tp {0: tensor(0), 1: tensor(47)},fn {0: tensor(0), 1: tensor(0)},fp {0: tensor(0), 1: tensor(0)}
INFO:root:TEST batch 6 / 7 - measures partial microavg - precision 1.0000 - recall 1.0000 - f1 1.0000 
INFO:root:TEST batch 6 / 7 - measures partial for class 0 - precision 0.0000 - recall 0.0000 - f1 0.0000 
INFO:root:TEST batch 6 / 7 - measures partial for class 1 - precision 1.0000 - recall 1.0000 - f1 1.0000 
INFO:root:TEST batch 6 / 7 - Batch time 0 
INFO:root:TEST batch 7 / 7 - partial error 0.0030 - partial loss 2.6510 - partial MRR  0.0000 - partial MAP 0.9970
INFO:root:TEST batch 7 / 7 -  partial tp {0: tensor(0), 1: tensor(47)},fn {0: tensor(0), 1: tensor(0)},fp {0: tensor(0), 1: tensor(0)}
INFO:root:TEST batch 7 / 7 - measures partial microavg - precision 1.0000 - recall 1.0000 - f1 1.0000 
INFO:root:TEST batch 7 / 7 - measures partial for class 0 - precision 0.0000 - recall 0.0000 - f1 0.0000 
INFO:root:TEST batch 7 / 7 - measures partial for class 1 - precision 1.0000 - recall 1.0000 - f1 1.0000 
INFO:root:TEST batch 7 / 7 - Batch time 0 
INFO:root:TEST mean losses tensor(2.6510)
INFO:root:TEST mean errors 0.0030395134817808867
INFO:root:TEST mean MRR 0.0 - mean MAP 0.996960461139679
INFO:root:TEST tp {0: tensor(0), 1: tensor(328)},fn {0: tensor(1), 1: tensor(0)},fp {0: tensor(0), 1: tensor(1)}
INFO:root:TEST measures microavg - precision 0.9970 - recall 0.9970 - f1 0.9970 
INFO:root:TEST measures for class 0 - precision 0.0000 - recall 0.0000 - f1 0.0000 
INFO:root:TEST measures for class 1 - precision 0.9970 - recall 1.0000 - f1 0.9985 
INFO:root:TEST measures@10 microavg - precision 1.0000 - recall 0.2128 - f1 0.3509 
INFO:root:TEST measures@10 for class 0 - precision 0.0000 - recall 0.0000 - f1 0.0000 
INFO:root:TEST measures@10 for class 1 - precision 1.0000 - recall 0.2134 - f1 0.3518 
INFO:root:TEST measures@100 microavg - precision 0.9970 - recall 0.9970 - f1 0.9970 
INFO:root:TEST measures@100 for class 0 - precision 0.0000 - recall 0.0000 - f1 0.0000 
INFO:root:TEST measures@100 for class 1 - precision 0.9970 - recall 1.0000 - f1 0.9985 
INFO:root:TEST measures@1000 microavg - precision 0.9970 - recall 0.9970 - f1 0.9970 
INFO:root:TEST measures@1000 for class 0 - precision 0.0000 - recall 0.0000 - f1 0.0000 
INFO:root:TEST measures@1000 for class 1 - precision 0.9970 - recall 1.0000 - f1 0.9985 
INFO:root:TEST Total epoch time: 0.07630747399980464
INFO:root:################ TRAIN epoch 59 ###################
INFO:root:TRAIN mean losses tensor(0.)
INFO:root:TRAIN mean errors 0.0
INFO:root:TRAIN mean MRR 0.0 - mean MAP 1.0
INFO:root:TRAIN tp {0: tensor(0), 1: tensor(1410)},fn {0: tensor(0), 1: tensor(0)},fp {0: tensor(0), 1: tensor(0)}
INFO:root:TRAIN measures microavg - precision 1.0000 - recall 1.0000 - f1 1.0000 
INFO:root:TRAIN measures for class 0 - precision 0.0000 - recall 0.0000 - f1 0.0000 
INFO:root:TRAIN measures for class 1 - precision 1.0000 - recall 1.0000 - f1 1.0000 
INFO:root:TRAIN measures@10 microavg - precision 1.0000 - recall 0.2128 - f1 0.3509 
INFO:root:TRAIN measures@10 for class 0 - precision 0.0000 - recall 0.0000 - f1 0.0000 
INFO:root:TRAIN measures@10 for class 1 - precision 1.0000 - recall 0.2128 - f1 0.3509 
INFO:root:TRAIN measures@100 microavg - precision 1.0000 - recall 1.0000 - f1 1.0000 
INFO:root:TRAIN measures@100 for class 0 - precision 0.0000 - recall 0.0000 - f1 0.0000 
INFO:root:TRAIN measures@100 for class 1 - precision 1.0000 - recall 1.0000 - f1 1.0000 
INFO:root:TRAIN measures@1000 microavg - precision 1.0000 - recall 1.0000 - f1 1.0000 
INFO:root:TRAIN measures@1000 for class 0 - precision 0.0000 - recall 0.0000 - f1 0.0000 
INFO:root:TRAIN measures@1000 for class 1 - precision 1.0000 - recall 1.0000 - f1 1.0000 
INFO:root:TRAIN Total epoch time: 0.5044649409996964
INFO:root:################ VALID epoch 59 ###################
INFO:root:VALID mean losses tensor(0.)
INFO:root:VALID mean errors 0.0
INFO:root:VALID mean MRR 0.0 - mean MAP 1.0
INFO:root:VALID tp {0: tensor(0), 1: tensor(282)},fn {0: tensor(0), 1: tensor(0)},fp {0: tensor(0), 1: tensor(0)}
INFO:root:VALID measures microavg - precision 1.0000 - recall 1.0000 - f1 1.0000 
INFO:root:VALID measures for class 0 - precision 0.0000 - recall 0.0000 - f1 0.0000 
INFO:root:VALID measures for class 1 - precision 1.0000 - recall 1.0000 - f1 1.0000 
INFO:root:VALID measures@10 microavg - precision 1.0000 - recall 0.2128 - f1 0.3509 
INFO:root:VALID measures@10 for class 0 - precision 0.0000 - recall 0.0000 - f1 0.0000 
INFO:root:VALID measures@10 for class 1 - precision 1.0000 - recall 0.2128 - f1 0.3509 
INFO:root:VALID measures@100 microavg - precision 1.0000 - recall 1.0000 - f1 1.0000 
INFO:root:VALID measures@100 for class 0 - precision 0.0000 - recall 0.0000 - f1 0.0000 
INFO:root:VALID measures@100 for class 1 - precision 1.0000 - recall 1.0000 - f1 1.0000 
INFO:root:VALID measures@1000 microavg - precision 1.0000 - recall 1.0000 - f1 1.0000 
INFO:root:VALID measures@1000 for class 0 - precision 0.0000 - recall 0.0000 - f1 0.0000 
INFO:root:VALID measures@1000 for class 1 - precision 1.0000 - recall 1.0000 - f1 1.0000 
INFO:root:VALID Total epoch time: 0.06271694399993066
INFO:root:################ TEST epoch 59 ###################
INFO:root:TEST batch 1 / 7 - partial error 0.0000 - partial loss 0.0000 - partial MRR  0.0000 - partial MAP 1.0000
INFO:root:TEST batch 1 / 7 -  partial tp {0: tensor(0), 1: tensor(47)},fn {0: tensor(0), 1: tensor(0)},fp {0: tensor(0), 1: tensor(0)}
INFO:root:TEST batch 1 / 7 - measures partial microavg - precision 1.0000 - recall 1.0000 - f1 1.0000 
INFO:root:TEST batch 1 / 7 - measures partial for class 0 - precision 0.0000 - recall 0.0000 - f1 0.0000 
INFO:root:TEST batch 1 / 7 - measures partial for class 1 - precision 1.0000 - recall 1.0000 - f1 1.0000 
INFO:root:TEST batch 1 / 7 - Batch time 0 
INFO:root:TEST batch 2 / 7 - partial error 0.0106 - partial loss 9.0609 - partial MRR  0.0000 - partial MAP 0.9894
INFO:root:TEST batch 2 / 7 -  partial tp {0: tensor(0), 1: tensor(46)},fn {0: tensor(1), 1: tensor(0)},fp {0: tensor(0), 1: tensor(1)}
INFO:root:TEST batch 2 / 7 - measures partial microavg - precision 0.9787 - recall 0.9787 - f1 0.9787 
INFO:root:TEST batch 2 / 7 - measures partial for class 0 - precision 0.0000 - recall 0.0000 - f1 0.0000 
INFO:root:TEST batch 2 / 7 - measures partial for class 1 - precision 0.9787 - recall 1.0000 - f1 0.9892 
INFO:root:TEST batch 2 / 7 - Batch time 0 
INFO:root:TEST batch 3 / 7 - partial error 0.0071 - partial loss 6.0406 - partial MRR  0.0000 - partial MAP 0.9929
INFO:root:TEST batch 3 / 7 -  partial tp {0: tensor(0), 1: tensor(47)},fn {0: tensor(0), 1: tensor(0)},fp {0: tensor(0), 1: tensor(0)}
INFO:root:TEST batch 3 / 7 - measures partial microavg - precision 1.0000 - recall 1.0000 - f1 1.0000 
INFO:root:TEST batch 3 / 7 - measures partial for class 0 - precision 0.0000 - recall 0.0000 - f1 0.0000 
INFO:root:TEST batch 3 / 7 - measures partial for class 1 - precision 1.0000 - recall 1.0000 - f1 1.0000 
INFO:root:TEST batch 3 / 7 - Batch time 0 
INFO:root:TEST batch 4 / 7 - partial error 0.0053 - partial loss 4.5305 - partial MRR  0.0000 - partial MAP 0.9947
INFO:root:TEST batch 4 / 7 -  partial tp {0: tensor(0), 1: tensor(47)},fn {0: tensor(0), 1: tensor(0)},fp {0: tensor(0), 1: tensor(0)}
INFO:root:TEST batch 4 / 7 - measures partial microavg - precision 1.0000 - recall 1.0000 - f1 1.0000 
INFO:root:TEST batch 4 / 7 - measures partial for class 0 - precision 0.0000 - recall 0.0000 - f1 0.0000 
INFO:root:TEST batch 4 / 7 - measures partial for class 1 - precision 1.0000 - recall 1.0000 - f1 1.0000 
INFO:root:TEST batch 4 / 7 - Batch time 0 
INFO:root:TEST batch 5 / 7 - partial error 0.0043 - partial loss 3.6244 - partial MRR  0.0000 - partial MAP 0.9957
INFO:root:TEST batch 5 / 7 -  partial tp {0: tensor(0), 1: tensor(47)},fn {0: tensor(0), 1: tensor(0)},fp {0: tensor(0), 1: tensor(0)}
INFO:root:TEST batch 5 / 7 - measures partial microavg - precision 1.0000 - recall 1.0000 - f1 1.0000 
INFO:root:TEST batch 5 / 7 - measures partial for class 0 - precision 0.0000 - recall 0.0000 - f1 0.0000 
INFO:root:TEST batch 5 / 7 - measures partial for class 1 - precision 1.0000 - recall 1.0000 - f1 1.0000 
INFO:root:TEST batch 5 / 7 - Batch time 0 
INFO:root:TEST batch 6 / 7 - partial error 0.0035 - partial loss 3.0203 - partial MRR  0.0000 - partial MAP 0.9965
INFO:root:TEST batch 6 / 7 -  partial tp {0: tensor(0), 1: tensor(47)},fn {0: tensor(0), 1: tensor(0)},fp {0: tensor(0), 1: tensor(0)}
INFO:root:TEST batch 6 / 7 - measures partial microavg - precision 1.0000 - recall 1.0000 - f1 1.0000 
INFO:root:TEST batch 6 / 7 - measures partial for class 0 - precision 0.0000 - recall 0.0000 - f1 0.0000 
INFO:root:TEST batch 6 / 7 - measures partial for class 1 - precision 1.0000 - recall 1.0000 - f1 1.0000 
INFO:root:TEST batch 6 / 7 - Batch time 0 
INFO:root:TEST batch 7 / 7 - partial error 0.0030 - partial loss 2.5888 - partial MRR  0.0000 - partial MAP 0.9970
INFO:root:TEST batch 7 / 7 -  partial tp {0: tensor(0), 1: tensor(47)},fn {0: tensor(0), 1: tensor(0)},fp {0: tensor(0), 1: tensor(0)}
INFO:root:TEST batch 7 / 7 - measures partial microavg - precision 1.0000 - recall 1.0000 - f1 1.0000 
INFO:root:TEST batch 7 / 7 - measures partial for class 0 - precision 0.0000 - recall 0.0000 - f1 0.0000 
INFO:root:TEST batch 7 / 7 - measures partial for class 1 - precision 1.0000 - recall 1.0000 - f1 1.0000 
INFO:root:TEST batch 7 / 7 - Batch time 0 
INFO:root:TEST mean losses tensor(2.5888)
INFO:root:TEST mean errors 0.0030395134817808867
INFO:root:TEST mean MRR 0.0 - mean MAP 0.996960461139679
INFO:root:TEST tp {0: tensor(0), 1: tensor(328)},fn {0: tensor(1), 1: tensor(0)},fp {0: tensor(0), 1: tensor(1)}
INFO:root:TEST measures microavg - precision 0.9970 - recall 0.9970 - f1 0.9970 
INFO:root:TEST measures for class 0 - precision 0.0000 - recall 0.0000 - f1 0.0000 
INFO:root:TEST measures for class 1 - precision 0.9970 - recall 1.0000 - f1 0.9985 
INFO:root:TEST measures@10 microavg - precision 1.0000 - recall 0.2128 - f1 0.3509 
INFO:root:TEST measures@10 for class 0 - precision 0.0000 - recall 0.0000 - f1 0.0000 
INFO:root:TEST measures@10 for class 1 - precision 1.0000 - recall 0.2134 - f1 0.3518 
INFO:root:TEST measures@100 microavg - precision 0.9970 - recall 0.9970 - f1 0.9970 
INFO:root:TEST measures@100 for class 0 - precision 0.0000 - recall 0.0000 - f1 0.0000 
INFO:root:TEST measures@100 for class 1 - precision 0.9970 - recall 1.0000 - f1 0.9985 
INFO:root:TEST measures@1000 microavg - precision 0.9970 - recall 0.9970 - f1 0.9970 
INFO:root:TEST measures@1000 for class 0 - precision 0.0000 - recall 0.0000 - f1 0.0000 
INFO:root:TEST measures@1000 for class 1 - precision 0.9970 - recall 1.0000 - f1 0.9985 
INFO:root:TEST Total epoch time: 0.08411738299992066
INFO:root:################ TRAIN epoch 60 ###################
INFO:root:TRAIN mean losses tensor(0.)
INFO:root:TRAIN mean errors 0.0
INFO:root:TRAIN mean MRR 0.0 - mean MAP 1.0
INFO:root:TRAIN tp {0: tensor(0), 1: tensor(1410)},fn {0: tensor(0), 1: tensor(0)},fp {0: tensor(0), 1: tensor(0)}
INFO:root:TRAIN measures microavg - precision 1.0000 - recall 1.0000 - f1 1.0000 
INFO:root:TRAIN measures for class 0 - precision 0.0000 - recall 0.0000 - f1 0.0000 
INFO:root:TRAIN measures for class 1 - precision 1.0000 - recall 1.0000 - f1 1.0000 
INFO:root:TRAIN measures@10 microavg - precision 1.0000 - recall 0.2128 - f1 0.3509 
INFO:root:TRAIN measures@10 for class 0 - precision 0.0000 - recall 0.0000 - f1 0.0000 
INFO:root:TRAIN measures@10 for class 1 - precision 1.0000 - recall 0.2128 - f1 0.3509 
INFO:root:TRAIN measures@100 microavg - precision 1.0000 - recall 1.0000 - f1 1.0000 
INFO:root:TRAIN measures@100 for class 0 - precision 0.0000 - recall 0.0000 - f1 0.0000 
INFO:root:TRAIN measures@100 for class 1 - precision 1.0000 - recall 1.0000 - f1 1.0000 
INFO:root:TRAIN measures@1000 microavg - precision 1.0000 - recall 1.0000 - f1 1.0000 
INFO:root:TRAIN measures@1000 for class 0 - precision 0.0000 - recall 0.0000 - f1 0.0000 
INFO:root:TRAIN measures@1000 for class 1 - precision 1.0000 - recall 1.0000 - f1 1.0000 
INFO:root:TRAIN Total epoch time: 0.591088457999831
INFO:root:################ VALID epoch 60 ###################
INFO:root:VALID mean losses tensor(0.)
INFO:root:VALID mean errors 0.0
INFO:root:VALID mean MRR 0.0 - mean MAP 1.0
INFO:root:VALID tp {0: tensor(0), 1: tensor(282)},fn {0: tensor(0), 1: tensor(0)},fp {0: tensor(0), 1: tensor(0)}
INFO:root:VALID measures microavg - precision 1.0000 - recall 1.0000 - f1 1.0000 
INFO:root:VALID measures for class 0 - precision 0.0000 - recall 0.0000 - f1 0.0000 
INFO:root:VALID measures for class 1 - precision 1.0000 - recall 1.0000 - f1 1.0000 
INFO:root:VALID measures@10 microavg - precision 1.0000 - recall 0.2128 - f1 0.3509 
INFO:root:VALID measures@10 for class 0 - precision 0.0000 - recall 0.0000 - f1 0.0000 
INFO:root:VALID measures@10 for class 1 - precision 1.0000 - recall 0.2128 - f1 0.3509 
INFO:root:VALID measures@100 microavg - precision 1.0000 - recall 1.0000 - f1 1.0000 
INFO:root:VALID measures@100 for class 0 - precision 0.0000 - recall 0.0000 - f1 0.0000 
INFO:root:VALID measures@100 for class 1 - precision 1.0000 - recall 1.0000 - f1 1.0000 
INFO:root:VALID measures@1000 microavg - precision 1.0000 - recall 1.0000 - f1 1.0000 
INFO:root:VALID measures@1000 for class 0 - precision 0.0000 - recall 0.0000 - f1 0.0000 
INFO:root:VALID measures@1000 for class 1 - precision 1.0000 - recall 1.0000 - f1 1.0000 
INFO:root:VALID Total epoch time: 0.07938953399980164
INFO:root:################ TEST epoch 60 ###################
INFO:root:TEST batch 1 / 7 - partial error 0.0000 - partial loss 0.0000 - partial MRR  0.0000 - partial MAP 1.0000
INFO:root:TEST batch 1 / 7 -  partial tp {0: tensor(0), 1: tensor(47)},fn {0: tensor(0), 1: tensor(0)},fp {0: tensor(0), 1: tensor(0)}
INFO:root:TEST batch 1 / 7 - measures partial microavg - precision 1.0000 - recall 1.0000 - f1 1.0000 
INFO:root:TEST batch 1 / 7 - measures partial for class 0 - precision 0.0000 - recall 0.0000 - f1 0.0000 
INFO:root:TEST batch 1 / 7 - measures partial for class 1 - precision 1.0000 - recall 1.0000 - f1 1.0000 
INFO:root:TEST batch 1 / 7 - Batch time 0 
INFO:root:TEST batch 2 / 7 - partial error 0.0106 - partial loss 8.6759 - partial MRR  0.0000 - partial MAP 0.9894
INFO:root:TEST batch 2 / 7 -  partial tp {0: tensor(0), 1: tensor(46)},fn {0: tensor(1), 1: tensor(0)},fp {0: tensor(0), 1: tensor(1)}
INFO:root:TEST batch 2 / 7 - measures partial microavg - precision 0.9787 - recall 0.9787 - f1 0.9787 
INFO:root:TEST batch 2 / 7 - measures partial for class 0 - precision 0.0000 - recall 0.0000 - f1 0.0000 
INFO:root:TEST batch 2 / 7 - measures partial for class 1 - precision 0.9787 - recall 1.0000 - f1 0.9892 
INFO:root:TEST batch 2 / 7 - Batch time 0 
INFO:root:TEST batch 3 / 7 - partial error 0.0071 - partial loss 5.7839 - partial MRR  0.0000 - partial MAP 0.9929
INFO:root:TEST batch 3 / 7 -  partial tp {0: tensor(0), 1: tensor(47)},fn {0: tensor(0), 1: tensor(0)},fp {0: tensor(0), 1: tensor(0)}
INFO:root:TEST batch 3 / 7 - measures partial microavg - precision 1.0000 - recall 1.0000 - f1 1.0000 
INFO:root:TEST batch 3 / 7 - measures partial for class 0 - precision 0.0000 - recall 0.0000 - f1 0.0000 
INFO:root:TEST batch 3 / 7 - measures partial for class 1 - precision 1.0000 - recall 1.0000 - f1 1.0000 
INFO:root:TEST batch 3 / 7 - Batch time 0 
INFO:root:TEST batch 4 / 7 - partial error 0.0053 - partial loss 4.3379 - partial MRR  0.0000 - partial MAP 0.9947
INFO:root:TEST batch 4 / 7 -  partial tp {0: tensor(0), 1: tensor(47)},fn {0: tensor(0), 1: tensor(0)},fp {0: tensor(0), 1: tensor(0)}
INFO:root:TEST batch 4 / 7 - measures partial microavg - precision 1.0000 - recall 1.0000 - f1 1.0000 
INFO:root:TEST batch 4 / 7 - measures partial for class 0 - precision 0.0000 - recall 0.0000 - f1 0.0000 
INFO:root:TEST batch 4 / 7 - measures partial for class 1 - precision 1.0000 - recall 1.0000 - f1 1.0000 
INFO:root:TEST batch 4 / 7 - Batch time 0 
INFO:root:TEST batch 5 / 7 - partial error 0.0043 - partial loss 3.4703 - partial MRR  0.0000 - partial MAP 0.9957
INFO:root:TEST batch 5 / 7 -  partial tp {0: tensor(0), 1: tensor(47)},fn {0: tensor(0), 1: tensor(0)},fp {0: tensor(0), 1: tensor(0)}
INFO:root:TEST batch 5 / 7 - measures partial microavg - precision 1.0000 - recall 1.0000 - f1 1.0000 
INFO:root:TEST batch 5 / 7 - measures partial for class 0 - precision 0.0000 - recall 0.0000 - f1 0.0000 
INFO:root:TEST batch 5 / 7 - measures partial for class 1 - precision 1.0000 - recall 1.0000 - f1 1.0000 
INFO:root:TEST batch 5 / 7 - Batch time 0 
INFO:root:TEST batch 6 / 7 - partial error 0.0035 - partial loss 2.8920 - partial MRR  0.0000 - partial MAP 0.9965
INFO:root:TEST batch 6 / 7 -  partial tp {0: tensor(0), 1: tensor(47)},fn {0: tensor(0), 1: tensor(0)},fp {0: tensor(0), 1: tensor(0)}
INFO:root:TEST batch 6 / 7 - measures partial microavg - precision 1.0000 - recall 1.0000 - f1 1.0000 
INFO:root:TEST batch 6 / 7 - measures partial for class 0 - precision 0.0000 - recall 0.0000 - f1 0.0000 
INFO:root:TEST batch 6 / 7 - measures partial for class 1 - precision 1.0000 - recall 1.0000 - f1 1.0000 
INFO:root:TEST batch 6 / 7 - Batch time 0 
INFO:root:TEST batch 7 / 7 - partial error 0.0030 - partial loss 2.4788 - partial MRR  0.0000 - partial MAP 0.9970
INFO:root:TEST batch 7 / 7 -  partial tp {0: tensor(0), 1: tensor(47)},fn {0: tensor(0), 1: tensor(0)},fp {0: tensor(0), 1: tensor(0)}
INFO:root:TEST batch 7 / 7 - measures partial microavg - precision 1.0000 - recall 1.0000 - f1 1.0000 
INFO:root:TEST batch 7 / 7 - measures partial for class 0 - precision 0.0000 - recall 0.0000 - f1 0.0000 
INFO:root:TEST batch 7 / 7 - measures partial for class 1 - precision 1.0000 - recall 1.0000 - f1 1.0000 
INFO:root:TEST batch 7 / 7 - Batch time 0 
INFO:root:TEST mean losses tensor(2.4788)
INFO:root:TEST mean errors 0.0030395134817808867
INFO:root:TEST mean MRR 0.0 - mean MAP 0.996960461139679
INFO:root:TEST tp {0: tensor(0), 1: tensor(328)},fn {0: tensor(1), 1: tensor(0)},fp {0: tensor(0), 1: tensor(1)}
INFO:root:TEST measures microavg - precision 0.9970 - recall 0.9970 - f1 0.9970 
INFO:root:TEST measures for class 0 - precision 0.0000 - recall 0.0000 - f1 0.0000 
INFO:root:TEST measures for class 1 - precision 0.9970 - recall 1.0000 - f1 0.9985 
INFO:root:TEST measures@10 microavg - precision 1.0000 - recall 0.2128 - f1 0.3509 
INFO:root:TEST measures@10 for class 0 - precision 0.0000 - recall 0.0000 - f1 0.0000 
INFO:root:TEST measures@10 for class 1 - precision 1.0000 - recall 0.2134 - f1 0.3518 
INFO:root:TEST measures@100 microavg - precision 0.9970 - recall 0.9970 - f1 0.9970 
INFO:root:TEST measures@100 for class 0 - precision 0.0000 - recall 0.0000 - f1 0.0000 
INFO:root:TEST measures@100 for class 1 - precision 0.9970 - recall 1.0000 - f1 0.9985 
INFO:root:TEST measures@1000 microavg - precision 0.9970 - recall 0.9970 - f1 0.9970 
INFO:root:TEST measures@1000 for class 0 - precision 0.0000 - recall 0.0000 - f1 0.0000 
INFO:root:TEST measures@1000 for class 1 - precision 0.9970 - recall 1.0000 - f1 0.9985 
INFO:root:TEST Total epoch time: 0.08699746699994648
INFO:root:################ TRAIN epoch 61 ###################
INFO:root:TRAIN mean losses tensor(0.)
INFO:root:TRAIN mean errors 0.0
INFO:root:TRAIN mean MRR 0.0 - mean MAP 1.0
INFO:root:TRAIN tp {0: tensor(0), 1: tensor(1410)},fn {0: tensor(0), 1: tensor(0)},fp {0: tensor(0), 1: tensor(0)}
INFO:root:TRAIN measures microavg - precision 1.0000 - recall 1.0000 - f1 1.0000 
INFO:root:TRAIN measures for class 0 - precision 0.0000 - recall 0.0000 - f1 0.0000 
INFO:root:TRAIN measures for class 1 - precision 1.0000 - recall 1.0000 - f1 1.0000 
INFO:root:TRAIN measures@10 microavg - precision 1.0000 - recall 0.2128 - f1 0.3509 
INFO:root:TRAIN measures@10 for class 0 - precision 0.0000 - recall 0.0000 - f1 0.0000 
INFO:root:TRAIN measures@10 for class 1 - precision 1.0000 - recall 0.2128 - f1 0.3509 
INFO:root:TRAIN measures@100 microavg - precision 1.0000 - recall 1.0000 - f1 1.0000 
INFO:root:TRAIN measures@100 for class 0 - precision 0.0000 - recall 0.0000 - f1 0.0000 
INFO:root:TRAIN measures@100 for class 1 - precision 1.0000 - recall 1.0000 - f1 1.0000 
INFO:root:TRAIN measures@1000 microavg - precision 1.0000 - recall 1.0000 - f1 1.0000 
INFO:root:TRAIN measures@1000 for class 0 - precision 0.0000 - recall 0.0000 - f1 0.0000 
INFO:root:TRAIN measures@1000 for class 1 - precision 1.0000 - recall 1.0000 - f1 1.0000 
INFO:root:TRAIN Total epoch time: 0.5293669410002622
INFO:root:################ VALID epoch 61 ###################
INFO:root:VALID mean losses tensor(0.)
INFO:root:VALID mean errors 0.0
INFO:root:VALID mean MRR 0.0 - mean MAP 1.0
INFO:root:VALID tp {0: tensor(0), 1: tensor(282)},fn {0: tensor(0), 1: tensor(0)},fp {0: tensor(0), 1: tensor(0)}
INFO:root:VALID measures microavg - precision 1.0000 - recall 1.0000 - f1 1.0000 
INFO:root:VALID measures for class 0 - precision 0.0000 - recall 0.0000 - f1 0.0000 
INFO:root:VALID measures for class 1 - precision 1.0000 - recall 1.0000 - f1 1.0000 
INFO:root:VALID measures@10 microavg - precision 1.0000 - recall 0.2128 - f1 0.3509 
INFO:root:VALID measures@10 for class 0 - precision 0.0000 - recall 0.0000 - f1 0.0000 
INFO:root:VALID measures@10 for class 1 - precision 1.0000 - recall 0.2128 - f1 0.3509 
INFO:root:VALID measures@100 microavg - precision 1.0000 - recall 1.0000 - f1 1.0000 
INFO:root:VALID measures@100 for class 0 - precision 0.0000 - recall 0.0000 - f1 0.0000 
INFO:root:VALID measures@100 for class 1 - precision 1.0000 - recall 1.0000 - f1 1.0000 
INFO:root:VALID measures@1000 microavg - precision 1.0000 - recall 1.0000 - f1 1.0000 
INFO:root:VALID measures@1000 for class 0 - precision 0.0000 - recall 0.0000 - f1 0.0000 
INFO:root:VALID measures@1000 for class 1 - precision 1.0000 - recall 1.0000 - f1 1.0000 
INFO:root:VALID Total epoch time: 0.06538414200031184
INFO:root:################ TEST epoch 61 ###################
INFO:root:TEST batch 1 / 7 - partial error 0.0000 - partial loss 0.0000 - partial MRR  0.0000 - partial MAP 1.0000
INFO:root:TEST batch 1 / 7 -  partial tp {0: tensor(0), 1: tensor(47)},fn {0: tensor(0), 1: tensor(0)},fp {0: tensor(0), 1: tensor(0)}
INFO:root:TEST batch 1 / 7 - measures partial microavg - precision 1.0000 - recall 1.0000 - f1 1.0000 
INFO:root:TEST batch 1 / 7 - measures partial for class 0 - precision 0.0000 - recall 0.0000 - f1 0.0000 
INFO:root:TEST batch 1 / 7 - measures partial for class 1 - precision 1.0000 - recall 1.0000 - f1 1.0000 
INFO:root:TEST batch 1 / 7 - Batch time 0 
INFO:root:TEST batch 2 / 7 - partial error 0.0106 - partial loss 9.6090 - partial MRR  0.0000 - partial MAP 0.9894
INFO:root:TEST batch 2 / 7 -  partial tp {0: tensor(0), 1: tensor(46)},fn {0: tensor(1), 1: tensor(0)},fp {0: tensor(0), 1: tensor(1)}
INFO:root:TEST batch 2 / 7 - measures partial microavg - precision 0.9787 - recall 0.9787 - f1 0.9787 
INFO:root:TEST batch 2 / 7 - measures partial for class 0 - precision 0.0000 - recall 0.0000 - f1 0.0000 
INFO:root:TEST batch 2 / 7 - measures partial for class 1 - precision 0.9787 - recall 1.0000 - f1 0.9892 
INFO:root:TEST batch 2 / 7 - Batch time 0 
INFO:root:TEST batch 3 / 7 - partial error 0.0071 - partial loss 6.4060 - partial MRR  0.0000 - partial MAP 0.9929
INFO:root:TEST batch 3 / 7 -  partial tp {0: tensor(0), 1: tensor(47)},fn {0: tensor(0), 1: tensor(0)},fp {0: tensor(0), 1: tensor(0)}
INFO:root:TEST batch 3 / 7 - measures partial microavg - precision 1.0000 - recall 1.0000 - f1 1.0000 
INFO:root:TEST batch 3 / 7 - measures partial for class 0 - precision 0.0000 - recall 0.0000 - f1 0.0000 
INFO:root:TEST batch 3 / 7 - measures partial for class 1 - precision 1.0000 - recall 1.0000 - f1 1.0000 
INFO:root:TEST batch 3 / 7 - Batch time 0 
INFO:root:TEST batch 4 / 7 - partial error 0.0053 - partial loss 4.8045 - partial MRR  0.0000 - partial MAP 0.9947
INFO:root:TEST batch 4 / 7 -  partial tp {0: tensor(0), 1: tensor(47)},fn {0: tensor(0), 1: tensor(0)},fp {0: tensor(0), 1: tensor(0)}
INFO:root:TEST batch 4 / 7 - measures partial microavg - precision 1.0000 - recall 1.0000 - f1 1.0000 
INFO:root:TEST batch 4 / 7 - measures partial for class 0 - precision 0.0000 - recall 0.0000 - f1 0.0000 
INFO:root:TEST batch 4 / 7 - measures partial for class 1 - precision 1.0000 - recall 1.0000 - f1 1.0000 
INFO:root:TEST batch 4 / 7 - Batch time 0 
INFO:root:TEST batch 5 / 7 - partial error 0.0043 - partial loss 3.8436 - partial MRR  0.0000 - partial MAP 0.9957
INFO:root:TEST batch 5 / 7 -  partial tp {0: tensor(0), 1: tensor(47)},fn {0: tensor(0), 1: tensor(0)},fp {0: tensor(0), 1: tensor(0)}
INFO:root:TEST batch 5 / 7 - measures partial microavg - precision 1.0000 - recall 1.0000 - f1 1.0000 
INFO:root:TEST batch 5 / 7 - measures partial for class 0 - precision 0.0000 - recall 0.0000 - f1 0.0000 
INFO:root:TEST batch 5 / 7 - measures partial for class 1 - precision 1.0000 - recall 1.0000 - f1 1.0000 
INFO:root:TEST batch 5 / 7 - Batch time 0 
INFO:root:TEST batch 6 / 7 - partial error 0.0035 - partial loss 3.2030 - partial MRR  0.0000 - partial MAP 0.9965
INFO:root:TEST batch 6 / 7 -  partial tp {0: tensor(0), 1: tensor(47)},fn {0: tensor(0), 1: tensor(0)},fp {0: tensor(0), 1: tensor(0)}
INFO:root:TEST batch 6 / 7 - measures partial microavg - precision 1.0000 - recall 1.0000 - f1 1.0000 
INFO:root:TEST batch 6 / 7 - measures partial for class 0 - precision 0.0000 - recall 0.0000 - f1 0.0000 
INFO:root:TEST batch 6 / 7 - measures partial for class 1 - precision 1.0000 - recall 1.0000 - f1 1.0000 
INFO:root:TEST batch 6 / 7 - Batch time 0 
INFO:root:TEST batch 7 / 7 - partial error 0.0030 - partial loss 2.7454 - partial MRR  0.0000 - partial MAP 0.9970
INFO:root:TEST batch 7 / 7 -  partial tp {0: tensor(0), 1: tensor(47)},fn {0: tensor(0), 1: tensor(0)},fp {0: tensor(0), 1: tensor(0)}
INFO:root:TEST batch 7 / 7 - measures partial microavg - precision 1.0000 - recall 1.0000 - f1 1.0000 
INFO:root:TEST batch 7 / 7 - measures partial for class 0 - precision 0.0000 - recall 0.0000 - f1 0.0000 
INFO:root:TEST batch 7 / 7 - measures partial for class 1 - precision 1.0000 - recall 1.0000 - f1 1.0000 
INFO:root:TEST batch 7 / 7 - Batch time 0 
INFO:root:TEST mean losses tensor(2.7454)
INFO:root:TEST mean errors 0.0030395134817808867
INFO:root:TEST mean MRR 0.0 - mean MAP 0.996960461139679
INFO:root:TEST tp {0: tensor(0), 1: tensor(328)},fn {0: tensor(1), 1: tensor(0)},fp {0: tensor(0), 1: tensor(1)}
INFO:root:TEST measures microavg - precision 0.9970 - recall 0.9970 - f1 0.9970 
INFO:root:TEST measures for class 0 - precision 0.0000 - recall 0.0000 - f1 0.0000 
INFO:root:TEST measures for class 1 - precision 0.9970 - recall 1.0000 - f1 0.9985 
INFO:root:TEST measures@10 microavg - precision 1.0000 - recall 0.2128 - f1 0.3509 
INFO:root:TEST measures@10 for class 0 - precision 0.0000 - recall 0.0000 - f1 0.0000 
INFO:root:TEST measures@10 for class 1 - precision 1.0000 - recall 0.2134 - f1 0.3518 
INFO:root:TEST measures@100 microavg - precision 0.9970 - recall 0.9970 - f1 0.9970 
INFO:root:TEST measures@100 for class 0 - precision 0.0000 - recall 0.0000 - f1 0.0000 
INFO:root:TEST measures@100 for class 1 - precision 0.9970 - recall 1.0000 - f1 0.9985 
INFO:root:TEST measures@1000 microavg - precision 0.9970 - recall 0.9970 - f1 0.9970 
INFO:root:TEST measures@1000 for class 0 - precision 0.0000 - recall 0.0000 - f1 0.0000 
INFO:root:TEST measures@1000 for class 1 - precision 0.9970 - recall 1.0000 - f1 0.9985 
INFO:root:TEST Total epoch time: 0.08354561000032845
INFO:root:################ TRAIN epoch 62 ###################
INFO:root:TRAIN mean losses tensor(0.)
INFO:root:TRAIN mean errors 0.0
INFO:root:TRAIN mean MRR 0.0 - mean MAP 1.0
INFO:root:TRAIN tp {0: tensor(0), 1: tensor(1410)},fn {0: tensor(0), 1: tensor(0)},fp {0: tensor(0), 1: tensor(0)}
INFO:root:TRAIN measures microavg - precision 1.0000 - recall 1.0000 - f1 1.0000 
INFO:root:TRAIN measures for class 0 - precision 0.0000 - recall 0.0000 - f1 0.0000 
INFO:root:TRAIN measures for class 1 - precision 1.0000 - recall 1.0000 - f1 1.0000 
INFO:root:TRAIN measures@10 microavg - precision 1.0000 - recall 0.2128 - f1 0.3509 
INFO:root:TRAIN measures@10 for class 0 - precision 0.0000 - recall 0.0000 - f1 0.0000 
INFO:root:TRAIN measures@10 for class 1 - precision 1.0000 - recall 0.2128 - f1 0.3509 
INFO:root:TRAIN measures@100 microavg - precision 1.0000 - recall 1.0000 - f1 1.0000 
INFO:root:TRAIN measures@100 for class 0 - precision 0.0000 - recall 0.0000 - f1 0.0000 
INFO:root:TRAIN measures@100 for class 1 - precision 1.0000 - recall 1.0000 - f1 1.0000 
INFO:root:TRAIN measures@1000 microavg - precision 1.0000 - recall 1.0000 - f1 1.0000 
INFO:root:TRAIN measures@1000 for class 0 - precision 0.0000 - recall 0.0000 - f1 0.0000 
INFO:root:TRAIN measures@1000 for class 1 - precision 1.0000 - recall 1.0000 - f1 1.0000 
INFO:root:TRAIN Total epoch time: 0.5205011729999569
INFO:root:################ VALID epoch 62 ###################
INFO:root:VALID mean losses tensor(0.)
INFO:root:VALID mean errors 0.0
INFO:root:VALID mean MRR 0.0 - mean MAP 1.0
INFO:root:VALID tp {0: tensor(0), 1: tensor(282)},fn {0: tensor(0), 1: tensor(0)},fp {0: tensor(0), 1: tensor(0)}
INFO:root:VALID measures microavg - precision 1.0000 - recall 1.0000 - f1 1.0000 
INFO:root:VALID measures for class 0 - precision 0.0000 - recall 0.0000 - f1 0.0000 
INFO:root:VALID measures for class 1 - precision 1.0000 - recall 1.0000 - f1 1.0000 
INFO:root:VALID measures@10 microavg - precision 1.0000 - recall 0.2128 - f1 0.3509 
INFO:root:VALID measures@10 for class 0 - precision 0.0000 - recall 0.0000 - f1 0.0000 
INFO:root:VALID measures@10 for class 1 - precision 1.0000 - recall 0.2128 - f1 0.3509 
INFO:root:VALID measures@100 microavg - precision 1.0000 - recall 1.0000 - f1 1.0000 
INFO:root:VALID measures@100 for class 0 - precision 0.0000 - recall 0.0000 - f1 0.0000 
INFO:root:VALID measures@100 for class 1 - precision 1.0000 - recall 1.0000 - f1 1.0000 
INFO:root:VALID measures@1000 microavg - precision 1.0000 - recall 1.0000 - f1 1.0000 
INFO:root:VALID measures@1000 for class 0 - precision 0.0000 - recall 0.0000 - f1 0.0000 
INFO:root:VALID measures@1000 for class 1 - precision 1.0000 - recall 1.0000 - f1 1.0000 
INFO:root:VALID Total epoch time: 0.06450881599994318
INFO:root:################ TEST epoch 62 ###################
INFO:root:TEST batch 1 / 7 - partial error 0.0000 - partial loss 0.0000 - partial MRR  0.0000 - partial MAP 1.0000
INFO:root:TEST batch 1 / 7 -  partial tp {0: tensor(0), 1: tensor(47)},fn {0: tensor(0), 1: tensor(0)},fp {0: tensor(0), 1: tensor(0)}
INFO:root:TEST batch 1 / 7 - measures partial microavg - precision 1.0000 - recall 1.0000 - f1 1.0000 
INFO:root:TEST batch 1 / 7 - measures partial for class 0 - precision 0.0000 - recall 0.0000 - f1 0.0000 
INFO:root:TEST batch 1 / 7 - measures partial for class 1 - precision 1.0000 - recall 1.0000 - f1 1.0000 
INFO:root:TEST batch 1 / 7 - Batch time 0 
INFO:root:TEST batch 2 / 7 - partial error 0.0106 - partial loss 9.0475 - partial MRR  0.0000 - partial MAP 0.9894
INFO:root:TEST batch 2 / 7 -  partial tp {0: tensor(0), 1: tensor(46)},fn {0: tensor(1), 1: tensor(0)},fp {0: tensor(0), 1: tensor(1)}
INFO:root:TEST batch 2 / 7 - measures partial microavg - precision 0.9787 - recall 0.9787 - f1 0.9787 
INFO:root:TEST batch 2 / 7 - measures partial for class 0 - precision 0.0000 - recall 0.0000 - f1 0.0000 
INFO:root:TEST batch 2 / 7 - measures partial for class 1 - precision 0.9787 - recall 1.0000 - f1 0.9892 
INFO:root:TEST batch 2 / 7 - Batch time 0 
INFO:root:TEST batch 3 / 7 - partial error 0.0071 - partial loss 6.0316 - partial MRR  0.0000 - partial MAP 0.9929
INFO:root:TEST batch 3 / 7 -  partial tp {0: tensor(0), 1: tensor(47)},fn {0: tensor(0), 1: tensor(0)},fp {0: tensor(0), 1: tensor(0)}
INFO:root:TEST batch 3 / 7 - measures partial microavg - precision 1.0000 - recall 1.0000 - f1 1.0000 
INFO:root:TEST batch 3 / 7 - measures partial for class 0 - precision 0.0000 - recall 0.0000 - f1 0.0000 
INFO:root:TEST batch 3 / 7 - measures partial for class 1 - precision 1.0000 - recall 1.0000 - f1 1.0000 
INFO:root:TEST batch 3 / 7 - Batch time 0 
INFO:root:TEST batch 4 / 7 - partial error 0.0053 - partial loss 4.5237 - partial MRR  0.0000 - partial MAP 0.9947
INFO:root:TEST batch 4 / 7 -  partial tp {0: tensor(0), 1: tensor(47)},fn {0: tensor(0), 1: tensor(0)},fp {0: tensor(0), 1: tensor(0)}
INFO:root:TEST batch 4 / 7 - measures partial microavg - precision 1.0000 - recall 1.0000 - f1 1.0000 
INFO:root:TEST batch 4 / 7 - measures partial for class 0 - precision 0.0000 - recall 0.0000 - f1 0.0000 
INFO:root:TEST batch 4 / 7 - measures partial for class 1 - precision 1.0000 - recall 1.0000 - f1 1.0000 
INFO:root:TEST batch 4 / 7 - Batch time 0 
INFO:root:TEST batch 5 / 7 - partial error 0.0043 - partial loss 3.6190 - partial MRR  0.0000 - partial MAP 0.9957
INFO:root:TEST batch 5 / 7 -  partial tp {0: tensor(0), 1: tensor(47)},fn {0: tensor(0), 1: tensor(0)},fp {0: tensor(0), 1: tensor(0)}
INFO:root:TEST batch 5 / 7 - measures partial microavg - precision 1.0000 - recall 1.0000 - f1 1.0000 
INFO:root:TEST batch 5 / 7 - measures partial for class 0 - precision 0.0000 - recall 0.0000 - f1 0.0000 
INFO:root:TEST batch 5 / 7 - measures partial for class 1 - precision 1.0000 - recall 1.0000 - f1 1.0000 
INFO:root:TEST batch 5 / 7 - Batch time 0 
INFO:root:TEST batch 6 / 7 - partial error 0.0035 - partial loss 3.0158 - partial MRR  0.0000 - partial MAP 0.9965
INFO:root:TEST batch 6 / 7 -  partial tp {0: tensor(0), 1: tensor(47)},fn {0: tensor(0), 1: tensor(0)},fp {0: tensor(0), 1: tensor(0)}
INFO:root:TEST batch 6 / 7 - measures partial microavg - precision 1.0000 - recall 1.0000 - f1 1.0000 
INFO:root:TEST batch 6 / 7 - measures partial for class 0 - precision 0.0000 - recall 0.0000 - f1 0.0000 
INFO:root:TEST batch 6 / 7 - measures partial for class 1 - precision 1.0000 - recall 1.0000 - f1 1.0000 
INFO:root:TEST batch 6 / 7 - Batch time 0 
INFO:root:TEST batch 7 / 7 - partial error 0.0030 - partial loss 2.5850 - partial MRR  0.0000 - partial MAP 0.9970
INFO:root:TEST batch 7 / 7 -  partial tp {0: tensor(0), 1: tensor(47)},fn {0: tensor(0), 1: tensor(0)},fp {0: tensor(0), 1: tensor(0)}
INFO:root:TEST batch 7 / 7 - measures partial microavg - precision 1.0000 - recall 1.0000 - f1 1.0000 
INFO:root:TEST batch 7 / 7 - measures partial for class 0 - precision 0.0000 - recall 0.0000 - f1 0.0000 
INFO:root:TEST batch 7 / 7 - measures partial for class 1 - precision 1.0000 - recall 1.0000 - f1 1.0000 
INFO:root:TEST batch 7 / 7 - Batch time 0 
INFO:root:TEST mean losses tensor(2.5850)
INFO:root:TEST mean errors 0.0030395134817808867
INFO:root:TEST mean MRR 0.0 - mean MAP 0.996960461139679
INFO:root:TEST tp {0: tensor(0), 1: tensor(328)},fn {0: tensor(1), 1: tensor(0)},fp {0: tensor(0), 1: tensor(1)}
INFO:root:TEST measures microavg - precision 0.9970 - recall 0.9970 - f1 0.9970 
INFO:root:TEST measures for class 0 - precision 0.0000 - recall 0.0000 - f1 0.0000 
INFO:root:TEST measures for class 1 - precision 0.9970 - recall 1.0000 - f1 0.9985 
INFO:root:TEST measures@10 microavg - precision 1.0000 - recall 0.2128 - f1 0.3509 
INFO:root:TEST measures@10 for class 0 - precision 0.0000 - recall 0.0000 - f1 0.0000 
INFO:root:TEST measures@10 for class 1 - precision 1.0000 - recall 0.2134 - f1 0.3518 
INFO:root:TEST measures@100 microavg - precision 0.9970 - recall 0.9970 - f1 0.9970 
INFO:root:TEST measures@100 for class 0 - precision 0.0000 - recall 0.0000 - f1 0.0000 
INFO:root:TEST measures@100 for class 1 - precision 0.9970 - recall 1.0000 - f1 0.9985 
INFO:root:TEST measures@1000 microavg - precision 0.9970 - recall 0.9970 - f1 0.9970 
INFO:root:TEST measures@1000 for class 0 - precision 0.0000 - recall 0.0000 - f1 0.0000 
INFO:root:TEST measures@1000 for class 1 - precision 0.9970 - recall 1.0000 - f1 0.9985 
INFO:root:TEST Total epoch time: 0.08237484499977654
INFO:root:################ TRAIN epoch 63 ###################
INFO:root:TRAIN mean losses tensor(0.)
INFO:root:TRAIN mean errors 0.0
INFO:root:TRAIN mean MRR 0.0 - mean MAP 1.0
INFO:root:TRAIN tp {0: tensor(0), 1: tensor(1410)},fn {0: tensor(0), 1: tensor(0)},fp {0: tensor(0), 1: tensor(0)}
INFO:root:TRAIN measures microavg - precision 1.0000 - recall 1.0000 - f1 1.0000 
INFO:root:TRAIN measures for class 0 - precision 0.0000 - recall 0.0000 - f1 0.0000 
INFO:root:TRAIN measures for class 1 - precision 1.0000 - recall 1.0000 - f1 1.0000 
INFO:root:TRAIN measures@10 microavg - precision 1.0000 - recall 0.2128 - f1 0.3509 
INFO:root:TRAIN measures@10 for class 0 - precision 0.0000 - recall 0.0000 - f1 0.0000 
INFO:root:TRAIN measures@10 for class 1 - precision 1.0000 - recall 0.2128 - f1 0.3509 
INFO:root:TRAIN measures@100 microavg - precision 1.0000 - recall 1.0000 - f1 1.0000 
INFO:root:TRAIN measures@100 for class 0 - precision 0.0000 - recall 0.0000 - f1 0.0000 
INFO:root:TRAIN measures@100 for class 1 - precision 1.0000 - recall 1.0000 - f1 1.0000 
INFO:root:TRAIN measures@1000 microavg - precision 1.0000 - recall 1.0000 - f1 1.0000 
INFO:root:TRAIN measures@1000 for class 0 - precision 0.0000 - recall 0.0000 - f1 0.0000 
INFO:root:TRAIN measures@1000 for class 1 - precision 1.0000 - recall 1.0000 - f1 1.0000 
INFO:root:TRAIN Total epoch time: 0.5197730639997644
INFO:root:################ VALID epoch 63 ###################
INFO:root:VALID mean losses tensor(0.)
INFO:root:VALID mean errors 0.0
INFO:root:VALID mean MRR 0.0 - mean MAP 1.0
INFO:root:VALID tp {0: tensor(0), 1: tensor(282)},fn {0: tensor(0), 1: tensor(0)},fp {0: tensor(0), 1: tensor(0)}
INFO:root:VALID measures microavg - precision 1.0000 - recall 1.0000 - f1 1.0000 
INFO:root:VALID measures for class 0 - precision 0.0000 - recall 0.0000 - f1 0.0000 
INFO:root:VALID measures for class 1 - precision 1.0000 - recall 1.0000 - f1 1.0000 
INFO:root:VALID measures@10 microavg - precision 1.0000 - recall 0.2128 - f1 0.3509 
INFO:root:VALID measures@10 for class 0 - precision 0.0000 - recall 0.0000 - f1 0.0000 
INFO:root:VALID measures@10 for class 1 - precision 1.0000 - recall 0.2128 - f1 0.3509 
INFO:root:VALID measures@100 microavg - precision 1.0000 - recall 1.0000 - f1 1.0000 
INFO:root:VALID measures@100 for class 0 - precision 0.0000 - recall 0.0000 - f1 0.0000 
INFO:root:VALID measures@100 for class 1 - precision 1.0000 - recall 1.0000 - f1 1.0000 
INFO:root:VALID measures@1000 microavg - precision 1.0000 - recall 1.0000 - f1 1.0000 
INFO:root:VALID measures@1000 for class 0 - precision 0.0000 - recall 0.0000 - f1 0.0000 
INFO:root:VALID measures@1000 for class 1 - precision 1.0000 - recall 1.0000 - f1 1.0000 
INFO:root:VALID Total epoch time: 0.06463535700004286
INFO:root:################ TEST epoch 63 ###################
INFO:root:TEST batch 1 / 7 - partial error 0.0000 - partial loss 0.0000 - partial MRR  0.0000 - partial MAP 1.0000
INFO:root:TEST batch 1 / 7 -  partial tp {0: tensor(0), 1: tensor(47)},fn {0: tensor(0), 1: tensor(0)},fp {0: tensor(0), 1: tensor(0)}
INFO:root:TEST batch 1 / 7 - measures partial microavg - precision 1.0000 - recall 1.0000 - f1 1.0000 
INFO:root:TEST batch 1 / 7 - measures partial for class 0 - precision 0.0000 - recall 0.0000 - f1 0.0000 
INFO:root:TEST batch 1 / 7 - measures partial for class 1 - precision 1.0000 - recall 1.0000 - f1 1.0000 
INFO:root:TEST batch 1 / 7 - Batch time 0 
INFO:root:TEST batch 2 / 7 - partial error 0.0106 - partial loss 8.7232 - partial MRR  0.0000 - partial MAP 0.9894
INFO:root:TEST batch 2 / 7 -  partial tp {0: tensor(0), 1: tensor(46)},fn {0: tensor(1), 1: tensor(0)},fp {0: tensor(0), 1: tensor(1)}
INFO:root:TEST batch 2 / 7 - measures partial microavg - precision 0.9787 - recall 0.9787 - f1 0.9787 
INFO:root:TEST batch 2 / 7 - measures partial for class 0 - precision 0.0000 - recall 0.0000 - f1 0.0000 
INFO:root:TEST batch 2 / 7 - measures partial for class 1 - precision 0.9787 - recall 1.0000 - f1 0.9892 
INFO:root:TEST batch 2 / 7 - Batch time 0 
INFO:root:TEST batch 3 / 7 - partial error 0.0071 - partial loss 5.8155 - partial MRR  0.0000 - partial MAP 0.9929
INFO:root:TEST batch 3 / 7 -  partial tp {0: tensor(0), 1: tensor(47)},fn {0: tensor(0), 1: tensor(0)},fp {0: tensor(0), 1: tensor(0)}
INFO:root:TEST batch 3 / 7 - measures partial microavg - precision 1.0000 - recall 1.0000 - f1 1.0000 
INFO:root:TEST batch 3 / 7 - measures partial for class 0 - precision 0.0000 - recall 0.0000 - f1 0.0000 
INFO:root:TEST batch 3 / 7 - measures partial for class 1 - precision 1.0000 - recall 1.0000 - f1 1.0000 
INFO:root:TEST batch 3 / 7 - Batch time 0 
INFO:root:TEST batch 4 / 7 - partial error 0.0053 - partial loss 4.3616 - partial MRR  0.0000 - partial MAP 0.9947
INFO:root:TEST batch 4 / 7 -  partial tp {0: tensor(0), 1: tensor(47)},fn {0: tensor(0), 1: tensor(0)},fp {0: tensor(0), 1: tensor(0)}
INFO:root:TEST batch 4 / 7 - measures partial microavg - precision 1.0000 - recall 1.0000 - f1 1.0000 
INFO:root:TEST batch 4 / 7 - measures partial for class 0 - precision 0.0000 - recall 0.0000 - f1 0.0000 
INFO:root:TEST batch 4 / 7 - measures partial for class 1 - precision 1.0000 - recall 1.0000 - f1 1.0000 
INFO:root:TEST batch 4 / 7 - Batch time 0 
INFO:root:TEST batch 5 / 7 - partial error 0.0043 - partial loss 3.4893 - partial MRR  0.0000 - partial MAP 0.9957
INFO:root:TEST batch 5 / 7 -  partial tp {0: tensor(0), 1: tensor(47)},fn {0: tensor(0), 1: tensor(0)},fp {0: tensor(0), 1: tensor(0)}
INFO:root:TEST batch 5 / 7 - measures partial microavg - precision 1.0000 - recall 1.0000 - f1 1.0000 
INFO:root:TEST batch 5 / 7 - measures partial for class 0 - precision 0.0000 - recall 0.0000 - f1 0.0000 
INFO:root:TEST batch 5 / 7 - measures partial for class 1 - precision 1.0000 - recall 1.0000 - f1 1.0000 
INFO:root:TEST batch 5 / 7 - Batch time 0 
INFO:root:TEST batch 6 / 7 - partial error 0.0035 - partial loss 2.9077 - partial MRR  0.0000 - partial MAP 0.9965
INFO:root:TEST batch 6 / 7 -  partial tp {0: tensor(0), 1: tensor(47)},fn {0: tensor(0), 1: tensor(0)},fp {0: tensor(0), 1: tensor(0)}
INFO:root:TEST batch 6 / 7 - measures partial microavg - precision 1.0000 - recall 1.0000 - f1 1.0000 
INFO:root:TEST batch 6 / 7 - measures partial for class 0 - precision 0.0000 - recall 0.0000 - f1 0.0000 
INFO:root:TEST batch 6 / 7 - measures partial for class 1 - precision 1.0000 - recall 1.0000 - f1 1.0000 
INFO:root:TEST batch 6 / 7 - Batch time 0 
INFO:root:TEST batch 7 / 7 - partial error 0.0030 - partial loss 2.4923 - partial MRR  0.0000 - partial MAP 0.9970
INFO:root:TEST batch 7 / 7 -  partial tp {0: tensor(0), 1: tensor(47)},fn {0: tensor(0), 1: tensor(0)},fp {0: tensor(0), 1: tensor(0)}
INFO:root:TEST batch 7 / 7 - measures partial microavg - precision 1.0000 - recall 1.0000 - f1 1.0000 
INFO:root:TEST batch 7 / 7 - measures partial for class 0 - precision 0.0000 - recall 0.0000 - f1 0.0000 
INFO:root:TEST batch 7 / 7 - measures partial for class 1 - precision 1.0000 - recall 1.0000 - f1 1.0000 
INFO:root:TEST batch 7 / 7 - Batch time 0 
INFO:root:TEST mean losses tensor(2.4923)
INFO:root:TEST mean errors 0.0030395134817808867
INFO:root:TEST mean MRR 0.0 - mean MAP 0.996960461139679
INFO:root:TEST tp {0: tensor(0), 1: tensor(328)},fn {0: tensor(1), 1: tensor(0)},fp {0: tensor(0), 1: tensor(1)}
INFO:root:TEST measures microavg - precision 0.9970 - recall 0.9970 - f1 0.9970 
INFO:root:TEST measures for class 0 - precision 0.0000 - recall 0.0000 - f1 0.0000 
INFO:root:TEST measures for class 1 - precision 0.9970 - recall 1.0000 - f1 0.9985 
INFO:root:TEST measures@10 microavg - precision 1.0000 - recall 0.2128 - f1 0.3509 
INFO:root:TEST measures@10 for class 0 - precision 0.0000 - recall 0.0000 - f1 0.0000 
INFO:root:TEST measures@10 for class 1 - precision 1.0000 - recall 0.2134 - f1 0.3518 
INFO:root:TEST measures@100 microavg - precision 0.9970 - recall 0.9970 - f1 0.9970 
INFO:root:TEST measures@100 for class 0 - precision 0.0000 - recall 0.0000 - f1 0.0000 
INFO:root:TEST measures@100 for class 1 - precision 0.9970 - recall 1.0000 - f1 0.9985 
INFO:root:TEST measures@1000 microavg - precision 0.9970 - recall 0.9970 - f1 0.9970 
INFO:root:TEST measures@1000 for class 0 - precision 0.0000 - recall 0.0000 - f1 0.0000 
INFO:root:TEST measures@1000 for class 1 - precision 0.9970 - recall 1.0000 - f1 0.9985 
INFO:root:TEST Total epoch time: 0.08325525999998717
INFO:root:################ TRAIN epoch 64 ###################
INFO:root:TRAIN mean losses tensor(0.)
INFO:root:TRAIN mean errors 0.0
INFO:root:TRAIN mean MRR 0.0 - mean MAP 1.0
INFO:root:TRAIN tp {0: tensor(0), 1: tensor(1410)},fn {0: tensor(0), 1: tensor(0)},fp {0: tensor(0), 1: tensor(0)}
INFO:root:TRAIN measures microavg - precision 1.0000 - recall 1.0000 - f1 1.0000 
INFO:root:TRAIN measures for class 0 - precision 0.0000 - recall 0.0000 - f1 0.0000 
INFO:root:TRAIN measures for class 1 - precision 1.0000 - recall 1.0000 - f1 1.0000 
INFO:root:TRAIN measures@10 microavg - precision 1.0000 - recall 0.2128 - f1 0.3509 
INFO:root:TRAIN measures@10 for class 0 - precision 0.0000 - recall 0.0000 - f1 0.0000 
INFO:root:TRAIN measures@10 for class 1 - precision 1.0000 - recall 0.2128 - f1 0.3509 
INFO:root:TRAIN measures@100 microavg - precision 1.0000 - recall 1.0000 - f1 1.0000 
INFO:root:TRAIN measures@100 for class 0 - precision 0.0000 - recall 0.0000 - f1 0.0000 
INFO:root:TRAIN measures@100 for class 1 - precision 1.0000 - recall 1.0000 - f1 1.0000 
INFO:root:TRAIN measures@1000 microavg - precision 1.0000 - recall 1.0000 - f1 1.0000 
INFO:root:TRAIN measures@1000 for class 0 - precision 0.0000 - recall 0.0000 - f1 0.0000 
INFO:root:TRAIN measures@1000 for class 1 - precision 1.0000 - recall 1.0000 - f1 1.0000 
INFO:root:TRAIN Total epoch time: 0.5062385850001192
INFO:root:################ VALID epoch 64 ###################
INFO:root:VALID mean losses tensor(0.)
INFO:root:VALID mean errors 0.0
INFO:root:VALID mean MRR 0.0 - mean MAP 1.0
INFO:root:VALID tp {0: tensor(0), 1: tensor(282)},fn {0: tensor(0), 1: tensor(0)},fp {0: tensor(0), 1: tensor(0)}
INFO:root:VALID measures microavg - precision 1.0000 - recall 1.0000 - f1 1.0000 
INFO:root:VALID measures for class 0 - precision 0.0000 - recall 0.0000 - f1 0.0000 
INFO:root:VALID measures for class 1 - precision 1.0000 - recall 1.0000 - f1 1.0000 
INFO:root:VALID measures@10 microavg - precision 1.0000 - recall 0.2128 - f1 0.3509 
INFO:root:VALID measures@10 for class 0 - precision 0.0000 - recall 0.0000 - f1 0.0000 
INFO:root:VALID measures@10 for class 1 - precision 1.0000 - recall 0.2128 - f1 0.3509 
INFO:root:VALID measures@100 microavg - precision 1.0000 - recall 1.0000 - f1 1.0000 
INFO:root:VALID measures@100 for class 0 - precision 0.0000 - recall 0.0000 - f1 0.0000 
INFO:root:VALID measures@100 for class 1 - precision 1.0000 - recall 1.0000 - f1 1.0000 
INFO:root:VALID measures@1000 microavg - precision 1.0000 - recall 1.0000 - f1 1.0000 
INFO:root:VALID measures@1000 for class 0 - precision 0.0000 - recall 0.0000 - f1 0.0000 
INFO:root:VALID measures@1000 for class 1 - precision 1.0000 - recall 1.0000 - f1 1.0000 
INFO:root:VALID Total epoch time: 0.06290541699991081
INFO:root:################ TEST epoch 64 ###################
INFO:root:TEST batch 1 / 7 - partial error 0.0000 - partial loss 0.0000 - partial MRR  0.0000 - partial MAP 1.0000
INFO:root:TEST batch 1 / 7 -  partial tp {0: tensor(0), 1: tensor(47)},fn {0: tensor(0), 1: tensor(0)},fp {0: tensor(0), 1: tensor(0)}
INFO:root:TEST batch 1 / 7 - measures partial microavg - precision 1.0000 - recall 1.0000 - f1 1.0000 
INFO:root:TEST batch 1 / 7 - measures partial for class 0 - precision 0.0000 - recall 0.0000 - f1 0.0000 
INFO:root:TEST batch 1 / 7 - measures partial for class 1 - precision 1.0000 - recall 1.0000 - f1 1.0000 
INFO:root:TEST batch 1 / 7 - Batch time 0 
INFO:root:TEST batch 2 / 7 - partial error 0.0106 - partial loss 8.8335 - partial MRR  0.0000 - partial MAP 0.9894
INFO:root:TEST batch 2 / 7 -  partial tp {0: tensor(0), 1: tensor(46)},fn {0: tensor(1), 1: tensor(0)},fp {0: tensor(0), 1: tensor(1)}
INFO:root:TEST batch 2 / 7 - measures partial microavg - precision 0.9787 - recall 0.9787 - f1 0.9787 
INFO:root:TEST batch 2 / 7 - measures partial for class 0 - precision 0.0000 - recall 0.0000 - f1 0.0000 
INFO:root:TEST batch 2 / 7 - measures partial for class 1 - precision 0.9787 - recall 1.0000 - f1 0.9892 
INFO:root:TEST batch 2 / 7 - Batch time 0 
INFO:root:TEST batch 3 / 7 - partial error 0.0071 - partial loss 5.8890 - partial MRR  0.0000 - partial MAP 0.9929
INFO:root:TEST batch 3 / 7 -  partial tp {0: tensor(0), 1: tensor(47)},fn {0: tensor(0), 1: tensor(0)},fp {0: tensor(0), 1: tensor(0)}
INFO:root:TEST batch 3 / 7 - measures partial microavg - precision 1.0000 - recall 1.0000 - f1 1.0000 
INFO:root:TEST batch 3 / 7 - measures partial for class 0 - precision 0.0000 - recall 0.0000 - f1 0.0000 
INFO:root:TEST batch 3 / 7 - measures partial for class 1 - precision 1.0000 - recall 1.0000 - f1 1.0000 
INFO:root:TEST batch 3 / 7 - Batch time 0 
INFO:root:TEST batch 4 / 7 - partial error 0.0053 - partial loss 4.4167 - partial MRR  0.0000 - partial MAP 0.9947
INFO:root:TEST batch 4 / 7 -  partial tp {0: tensor(0), 1: tensor(47)},fn {0: tensor(0), 1: tensor(0)},fp {0: tensor(0), 1: tensor(0)}
INFO:root:TEST batch 4 / 7 - measures partial microavg - precision 1.0000 - recall 1.0000 - f1 1.0000 
INFO:root:TEST batch 4 / 7 - measures partial for class 0 - precision 0.0000 - recall 0.0000 - f1 0.0000 
INFO:root:TEST batch 4 / 7 - measures partial for class 1 - precision 1.0000 - recall 1.0000 - f1 1.0000 
INFO:root:TEST batch 4 / 7 - Batch time 0 
INFO:root:TEST batch 5 / 7 - partial error 0.0043 - partial loss 3.5334 - partial MRR  0.0000 - partial MAP 0.9957
INFO:root:TEST batch 5 / 7 -  partial tp {0: tensor(0), 1: tensor(47)},fn {0: tensor(0), 1: tensor(0)},fp {0: tensor(0), 1: tensor(0)}
INFO:root:TEST batch 5 / 7 - measures partial microavg - precision 1.0000 - recall 1.0000 - f1 1.0000 
INFO:root:TEST batch 5 / 7 - measures partial for class 0 - precision 0.0000 - recall 0.0000 - f1 0.0000 
INFO:root:TEST batch 5 / 7 - measures partial for class 1 - precision 1.0000 - recall 1.0000 - f1 1.0000 
INFO:root:TEST batch 5 / 7 - Batch time 0 
INFO:root:TEST batch 6 / 7 - partial error 0.0035 - partial loss 2.9445 - partial MRR  0.0000 - partial MAP 0.9965
INFO:root:TEST batch 6 / 7 -  partial tp {0: tensor(0), 1: tensor(47)},fn {0: tensor(0), 1: tensor(0)},fp {0: tensor(0), 1: tensor(0)}
INFO:root:TEST batch 6 / 7 - measures partial microavg - precision 1.0000 - recall 1.0000 - f1 1.0000 
INFO:root:TEST batch 6 / 7 - measures partial for class 0 - precision 0.0000 - recall 0.0000 - f1 0.0000 
INFO:root:TEST batch 6 / 7 - measures partial for class 1 - precision 1.0000 - recall 1.0000 - f1 1.0000 
INFO:root:TEST batch 6 / 7 - Batch time 0 
INFO:root:TEST batch 7 / 7 - partial error 0.0030 - partial loss 2.5238 - partial MRR  0.0000 - partial MAP 0.9970
INFO:root:TEST batch 7 / 7 -  partial tp {0: tensor(0), 1: tensor(47)},fn {0: tensor(0), 1: tensor(0)},fp {0: tensor(0), 1: tensor(0)}
INFO:root:TEST batch 7 / 7 - measures partial microavg - precision 1.0000 - recall 1.0000 - f1 1.0000 
INFO:root:TEST batch 7 / 7 - measures partial for class 0 - precision 0.0000 - recall 0.0000 - f1 0.0000 
INFO:root:TEST batch 7 / 7 - measures partial for class 1 - precision 1.0000 - recall 1.0000 - f1 1.0000 
INFO:root:TEST batch 7 / 7 - Batch time 0 
INFO:root:TEST mean losses tensor(2.5238)
INFO:root:TEST mean errors 0.0030395134817808867
INFO:root:TEST mean MRR 0.0 - mean MAP 0.996960461139679
INFO:root:TEST tp {0: tensor(0), 1: tensor(328)},fn {0: tensor(1), 1: tensor(0)},fp {0: tensor(0), 1: tensor(1)}
INFO:root:TEST measures microavg - precision 0.9970 - recall 0.9970 - f1 0.9970 
INFO:root:TEST measures for class 0 - precision 0.0000 - recall 0.0000 - f1 0.0000 
INFO:root:TEST measures for class 1 - precision 0.9970 - recall 1.0000 - f1 0.9985 
INFO:root:TEST measures@10 microavg - precision 1.0000 - recall 0.2128 - f1 0.3509 
INFO:root:TEST measures@10 for class 0 - precision 0.0000 - recall 0.0000 - f1 0.0000 
INFO:root:TEST measures@10 for class 1 - precision 1.0000 - recall 0.2134 - f1 0.3518 
INFO:root:TEST measures@100 microavg - precision 0.9970 - recall 0.9970 - f1 0.9970 
INFO:root:TEST measures@100 for class 0 - precision 0.0000 - recall 0.0000 - f1 0.0000 
INFO:root:TEST measures@100 for class 1 - precision 0.9970 - recall 1.0000 - f1 0.9985 
INFO:root:TEST measures@1000 microavg - precision 0.9970 - recall 0.9970 - f1 0.9970 
INFO:root:TEST measures@1000 for class 0 - precision 0.0000 - recall 0.0000 - f1 0.0000 
INFO:root:TEST measures@1000 for class 1 - precision 0.9970 - recall 1.0000 - f1 0.9985 
INFO:root:TEST Total epoch time: 0.08331322000003638
INFO:root:################ TRAIN epoch 65 ###################
INFO:root:TRAIN mean losses tensor(0.)
INFO:root:TRAIN mean errors 0.0
INFO:root:TRAIN mean MRR 0.0 - mean MAP 1.0
INFO:root:TRAIN tp {0: tensor(0), 1: tensor(1410)},fn {0: tensor(0), 1: tensor(0)},fp {0: tensor(0), 1: tensor(0)}
INFO:root:TRAIN measures microavg - precision 1.0000 - recall 1.0000 - f1 1.0000 
INFO:root:TRAIN measures for class 0 - precision 0.0000 - recall 0.0000 - f1 0.0000 
INFO:root:TRAIN measures for class 1 - precision 1.0000 - recall 1.0000 - f1 1.0000 
INFO:root:TRAIN measures@10 microavg - precision 1.0000 - recall 0.2128 - f1 0.3509 
INFO:root:TRAIN measures@10 for class 0 - precision 0.0000 - recall 0.0000 - f1 0.0000 
INFO:root:TRAIN measures@10 for class 1 - precision 1.0000 - recall 0.2128 - f1 0.3509 
INFO:root:TRAIN measures@100 microavg - precision 1.0000 - recall 1.0000 - f1 1.0000 
INFO:root:TRAIN measures@100 for class 0 - precision 0.0000 - recall 0.0000 - f1 0.0000 
INFO:root:TRAIN measures@100 for class 1 - precision 1.0000 - recall 1.0000 - f1 1.0000 
INFO:root:TRAIN measures@1000 microavg - precision 1.0000 - recall 1.0000 - f1 1.0000 
INFO:root:TRAIN measures@1000 for class 0 - precision 0.0000 - recall 0.0000 - f1 0.0000 
INFO:root:TRAIN measures@1000 for class 1 - precision 1.0000 - recall 1.0000 - f1 1.0000 
INFO:root:TRAIN Total epoch time: 0.5230600019999656
INFO:root:################ VALID epoch 65 ###################
INFO:root:VALID mean losses tensor(0.)
INFO:root:VALID mean errors 0.0
INFO:root:VALID mean MRR 0.0 - mean MAP 1.0
INFO:root:VALID tp {0: tensor(0), 1: tensor(282)},fn {0: tensor(0), 1: tensor(0)},fp {0: tensor(0), 1: tensor(0)}
INFO:root:VALID measures microavg - precision 1.0000 - recall 1.0000 - f1 1.0000 
INFO:root:VALID measures for class 0 - precision 0.0000 - recall 0.0000 - f1 0.0000 
INFO:root:VALID measures for class 1 - precision 1.0000 - recall 1.0000 - f1 1.0000 
INFO:root:VALID measures@10 microavg - precision 1.0000 - recall 0.2128 - f1 0.3509 
INFO:root:VALID measures@10 for class 0 - precision 0.0000 - recall 0.0000 - f1 0.0000 
INFO:root:VALID measures@10 for class 1 - precision 1.0000 - recall 0.2128 - f1 0.3509 
INFO:root:VALID measures@100 microavg - precision 1.0000 - recall 1.0000 - f1 1.0000 
INFO:root:VALID measures@100 for class 0 - precision 0.0000 - recall 0.0000 - f1 0.0000 
INFO:root:VALID measures@100 for class 1 - precision 1.0000 - recall 1.0000 - f1 1.0000 
INFO:root:VALID measures@1000 microavg - precision 1.0000 - recall 1.0000 - f1 1.0000 
INFO:root:VALID measures@1000 for class 0 - precision 0.0000 - recall 0.0000 - f1 0.0000 
INFO:root:VALID measures@1000 for class 1 - precision 1.0000 - recall 1.0000 - f1 1.0000 
INFO:root:VALID Total epoch time: 0.06475510900008885
INFO:root:################ TEST epoch 65 ###################
INFO:root:TEST batch 1 / 7 - partial error 0.0000 - partial loss 0.0000 - partial MRR  0.0000 - partial MAP 1.0000
INFO:root:TEST batch 1 / 7 -  partial tp {0: tensor(0), 1: tensor(47)},fn {0: tensor(0), 1: tensor(0)},fp {0: tensor(0), 1: tensor(0)}
INFO:root:TEST batch 1 / 7 - measures partial microavg - precision 1.0000 - recall 1.0000 - f1 1.0000 
INFO:root:TEST batch 1 / 7 - measures partial for class 0 - precision 0.0000 - recall 0.0000 - f1 0.0000 
INFO:root:TEST batch 1 / 7 - measures partial for class 1 - precision 1.0000 - recall 1.0000 - f1 1.0000 
INFO:root:TEST batch 1 / 7 - Batch time 0 
INFO:root:TEST batch 2 / 7 - partial error 0.0106 - partial loss 9.2288 - partial MRR  0.0000 - partial MAP 0.9894
INFO:root:TEST batch 2 / 7 -  partial tp {0: tensor(0), 1: tensor(46)},fn {0: tensor(1), 1: tensor(0)},fp {0: tensor(0), 1: tensor(1)}
INFO:root:TEST batch 2 / 7 - measures partial microavg - precision 0.9787 - recall 0.9787 - f1 0.9787 
INFO:root:TEST batch 2 / 7 - measures partial for class 0 - precision 0.0000 - recall 0.0000 - f1 0.0000 
INFO:root:TEST batch 2 / 7 - measures partial for class 1 - precision 0.9787 - recall 1.0000 - f1 0.9892 
INFO:root:TEST batch 2 / 7 - Batch time 0 
INFO:root:TEST batch 3 / 7 - partial error 0.0071 - partial loss 6.1525 - partial MRR  0.0000 - partial MAP 0.9929
INFO:root:TEST batch 3 / 7 -  partial tp {0: tensor(0), 1: tensor(47)},fn {0: tensor(0), 1: tensor(0)},fp {0: tensor(0), 1: tensor(0)}
INFO:root:TEST batch 3 / 7 - measures partial microavg - precision 1.0000 - recall 1.0000 - f1 1.0000 
INFO:root:TEST batch 3 / 7 - measures partial for class 0 - precision 0.0000 - recall 0.0000 - f1 0.0000 
INFO:root:TEST batch 3 / 7 - measures partial for class 1 - precision 1.0000 - recall 1.0000 - f1 1.0000 
INFO:root:TEST batch 3 / 7 - Batch time 0 
INFO:root:TEST batch 4 / 7 - partial error 0.0053 - partial loss 4.6144 - partial MRR  0.0000 - partial MAP 0.9947
INFO:root:TEST batch 4 / 7 -  partial tp {0: tensor(0), 1: tensor(47)},fn {0: tensor(0), 1: tensor(0)},fp {0: tensor(0), 1: tensor(0)}
INFO:root:TEST batch 4 / 7 - measures partial microavg - precision 1.0000 - recall 1.0000 - f1 1.0000 
INFO:root:TEST batch 4 / 7 - measures partial for class 0 - precision 0.0000 - recall 0.0000 - f1 0.0000 
INFO:root:TEST batch 4 / 7 - measures partial for class 1 - precision 1.0000 - recall 1.0000 - f1 1.0000 
INFO:root:TEST batch 4 / 7 - Batch time 0 
INFO:root:TEST batch 5 / 7 - partial error 0.0043 - partial loss 3.6915 - partial MRR  0.0000 - partial MAP 0.9957
INFO:root:TEST batch 5 / 7 -  partial tp {0: tensor(0), 1: tensor(47)},fn {0: tensor(0), 1: tensor(0)},fp {0: tensor(0), 1: tensor(0)}
INFO:root:TEST batch 5 / 7 - measures partial microavg - precision 1.0000 - recall 1.0000 - f1 1.0000 
INFO:root:TEST batch 5 / 7 - measures partial for class 0 - precision 0.0000 - recall 0.0000 - f1 0.0000 
INFO:root:TEST batch 5 / 7 - measures partial for class 1 - precision 1.0000 - recall 1.0000 - f1 1.0000 
INFO:root:TEST batch 5 / 7 - Batch time 0 
INFO:root:TEST batch 6 / 7 - partial error 0.0035 - partial loss 3.0763 - partial MRR  0.0000 - partial MAP 0.9965
INFO:root:TEST batch 6 / 7 -  partial tp {0: tensor(0), 1: tensor(47)},fn {0: tensor(0), 1: tensor(0)},fp {0: tensor(0), 1: tensor(0)}
INFO:root:TEST batch 6 / 7 - measures partial microavg - precision 1.0000 - recall 1.0000 - f1 1.0000 
INFO:root:TEST batch 6 / 7 - measures partial for class 0 - precision 0.0000 - recall 0.0000 - f1 0.0000 
INFO:root:TEST batch 6 / 7 - measures partial for class 1 - precision 1.0000 - recall 1.0000 - f1 1.0000 
INFO:root:TEST batch 6 / 7 - Batch time 0 
INFO:root:TEST batch 7 / 7 - partial error 0.0030 - partial loss 2.6368 - partial MRR  0.0000 - partial MAP 0.9970
INFO:root:TEST batch 7 / 7 -  partial tp {0: tensor(0), 1: tensor(47)},fn {0: tensor(0), 1: tensor(0)},fp {0: tensor(0), 1: tensor(0)}
INFO:root:TEST batch 7 / 7 - measures partial microavg - precision 1.0000 - recall 1.0000 - f1 1.0000 
INFO:root:TEST batch 7 / 7 - measures partial for class 0 - precision 0.0000 - recall 0.0000 - f1 0.0000 
INFO:root:TEST batch 7 / 7 - measures partial for class 1 - precision 1.0000 - recall 1.0000 - f1 1.0000 
INFO:root:TEST batch 7 / 7 - Batch time 0 
INFO:root:TEST mean losses tensor(2.6368)
INFO:root:TEST mean errors 0.0030395134817808867
INFO:root:TEST mean MRR 0.0 - mean MAP 0.996960461139679
INFO:root:TEST tp {0: tensor(0), 1: tensor(328)},fn {0: tensor(1), 1: tensor(0)},fp {0: tensor(0), 1: tensor(1)}
INFO:root:TEST measures microavg - precision 0.9970 - recall 0.9970 - f1 0.9970 
INFO:root:TEST measures for class 0 - precision 0.0000 - recall 0.0000 - f1 0.0000 
INFO:root:TEST measures for class 1 - precision 0.9970 - recall 1.0000 - f1 0.9985 
INFO:root:TEST measures@10 microavg - precision 1.0000 - recall 0.2128 - f1 0.3509 
INFO:root:TEST measures@10 for class 0 - precision 0.0000 - recall 0.0000 - f1 0.0000 
INFO:root:TEST measures@10 for class 1 - precision 1.0000 - recall 0.2134 - f1 0.3518 
INFO:root:TEST measures@100 microavg - precision 0.9970 - recall 0.9970 - f1 0.9970 
INFO:root:TEST measures@100 for class 0 - precision 0.0000 - recall 0.0000 - f1 0.0000 
INFO:root:TEST measures@100 for class 1 - precision 0.9970 - recall 1.0000 - f1 0.9985 
INFO:root:TEST measures@1000 microavg - precision 0.9970 - recall 0.9970 - f1 0.9970 
INFO:root:TEST measures@1000 for class 0 - precision 0.0000 - recall 0.0000 - f1 0.0000 
INFO:root:TEST measures@1000 for class 1 - precision 0.9970 - recall 1.0000 - f1 0.9985 
INFO:root:TEST Total epoch time: 0.08316384599993398
INFO:root:################ TRAIN epoch 66 ###################
INFO:root:TRAIN mean losses tensor(0.)
INFO:root:TRAIN mean errors 0.0
INFO:root:TRAIN mean MRR 0.0 - mean MAP 1.0
INFO:root:TRAIN tp {0: tensor(0), 1: tensor(1410)},fn {0: tensor(0), 1: tensor(0)},fp {0: tensor(0), 1: tensor(0)}
INFO:root:TRAIN measures microavg - precision 1.0000 - recall 1.0000 - f1 1.0000 
INFO:root:TRAIN measures for class 0 - precision 0.0000 - recall 0.0000 - f1 0.0000 
INFO:root:TRAIN measures for class 1 - precision 1.0000 - recall 1.0000 - f1 1.0000 
INFO:root:TRAIN measures@10 microavg - precision 1.0000 - recall 0.2128 - f1 0.3509 
INFO:root:TRAIN measures@10 for class 0 - precision 0.0000 - recall 0.0000 - f1 0.0000 
INFO:root:TRAIN measures@10 for class 1 - precision 1.0000 - recall 0.2128 - f1 0.3509 
INFO:root:TRAIN measures@100 microavg - precision 1.0000 - recall 1.0000 - f1 1.0000 
INFO:root:TRAIN measures@100 for class 0 - precision 0.0000 - recall 0.0000 - f1 0.0000 
INFO:root:TRAIN measures@100 for class 1 - precision 1.0000 - recall 1.0000 - f1 1.0000 
INFO:root:TRAIN measures@1000 microavg - precision 1.0000 - recall 1.0000 - f1 1.0000 
INFO:root:TRAIN measures@1000 for class 0 - precision 0.0000 - recall 0.0000 - f1 0.0000 
INFO:root:TRAIN measures@1000 for class 1 - precision 1.0000 - recall 1.0000 - f1 1.0000 
INFO:root:TRAIN Total epoch time: 0.5338500810003097
INFO:root:################ VALID epoch 66 ###################
INFO:root:VALID mean losses tensor(0.)
INFO:root:VALID mean errors 0.0
INFO:root:VALID mean MRR 0.0 - mean MAP 1.0
INFO:root:VALID tp {0: tensor(0), 1: tensor(282)},fn {0: tensor(0), 1: tensor(0)},fp {0: tensor(0), 1: tensor(0)}
INFO:root:VALID measures microavg - precision 1.0000 - recall 1.0000 - f1 1.0000 
INFO:root:VALID measures for class 0 - precision 0.0000 - recall 0.0000 - f1 0.0000 
INFO:root:VALID measures for class 1 - precision 1.0000 - recall 1.0000 - f1 1.0000 
INFO:root:VALID measures@10 microavg - precision 1.0000 - recall 0.2128 - f1 0.3509 
INFO:root:VALID measures@10 for class 0 - precision 0.0000 - recall 0.0000 - f1 0.0000 
INFO:root:VALID measures@10 for class 1 - precision 1.0000 - recall 0.2128 - f1 0.3509 
INFO:root:VALID measures@100 microavg - precision 1.0000 - recall 1.0000 - f1 1.0000 
INFO:root:VALID measures@100 for class 0 - precision 0.0000 - recall 0.0000 - f1 0.0000 
INFO:root:VALID measures@100 for class 1 - precision 1.0000 - recall 1.0000 - f1 1.0000 
INFO:root:VALID measures@1000 microavg - precision 1.0000 - recall 1.0000 - f1 1.0000 
INFO:root:VALID measures@1000 for class 0 - precision 0.0000 - recall 0.0000 - f1 0.0000 
INFO:root:VALID measures@1000 for class 1 - precision 1.0000 - recall 1.0000 - f1 1.0000 
INFO:root:VALID Total epoch time: 0.06513910600006056
INFO:root:################ TEST epoch 66 ###################
INFO:root:TEST batch 1 / 7 - partial error 0.0000 - partial loss 0.0000 - partial MRR  0.0000 - partial MAP 1.0000
INFO:root:TEST batch 1 / 7 -  partial tp {0: tensor(0), 1: tensor(47)},fn {0: tensor(0), 1: tensor(0)},fp {0: tensor(0), 1: tensor(0)}
INFO:root:TEST batch 1 / 7 - measures partial microavg - precision 1.0000 - recall 1.0000 - f1 1.0000 
INFO:root:TEST batch 1 / 7 - measures partial for class 0 - precision 0.0000 - recall 0.0000 - f1 0.0000 
INFO:root:TEST batch 1 / 7 - measures partial for class 1 - precision 1.0000 - recall 1.0000 - f1 1.0000 
INFO:root:TEST batch 1 / 7 - Batch time 0 
INFO:root:TEST batch 2 / 7 - partial error 0.0106 - partial loss 8.3784 - partial MRR  0.0000 - partial MAP 0.9894
INFO:root:TEST batch 2 / 7 -  partial tp {0: tensor(0), 1: tensor(46)},fn {0: tensor(1), 1: tensor(0)},fp {0: tensor(0), 1: tensor(1)}
INFO:root:TEST batch 2 / 7 - measures partial microavg - precision 0.9787 - recall 0.9787 - f1 0.9787 
INFO:root:TEST batch 2 / 7 - measures partial for class 0 - precision 0.0000 - recall 0.0000 - f1 0.0000 
INFO:root:TEST batch 2 / 7 - measures partial for class 1 - precision 0.9787 - recall 1.0000 - f1 0.9892 
INFO:root:TEST batch 2 / 7 - Batch time 0 
INFO:root:TEST batch 3 / 7 - partial error 0.0071 - partial loss 5.5856 - partial MRR  0.0000 - partial MAP 0.9929
INFO:root:TEST batch 3 / 7 -  partial tp {0: tensor(0), 1: tensor(47)},fn {0: tensor(0), 1: tensor(0)},fp {0: tensor(0), 1: tensor(0)}
INFO:root:TEST batch 3 / 7 - measures partial microavg - precision 1.0000 - recall 1.0000 - f1 1.0000 
INFO:root:TEST batch 3 / 7 - measures partial for class 0 - precision 0.0000 - recall 0.0000 - f1 0.0000 
INFO:root:TEST batch 3 / 7 - measures partial for class 1 - precision 1.0000 - recall 1.0000 - f1 1.0000 
INFO:root:TEST batch 3 / 7 - Batch time 0 
INFO:root:TEST batch 4 / 7 - partial error 0.0053 - partial loss 4.1892 - partial MRR  0.0000 - partial MAP 0.9947
INFO:root:TEST batch 4 / 7 -  partial tp {0: tensor(0), 1: tensor(47)},fn {0: tensor(0), 1: tensor(0)},fp {0: tensor(0), 1: tensor(0)}
INFO:root:TEST batch 4 / 7 - measures partial microavg - precision 1.0000 - recall 1.0000 - f1 1.0000 
INFO:root:TEST batch 4 / 7 - measures partial for class 0 - precision 0.0000 - recall 0.0000 - f1 0.0000 
INFO:root:TEST batch 4 / 7 - measures partial for class 1 - precision 1.0000 - recall 1.0000 - f1 1.0000 
INFO:root:TEST batch 4 / 7 - Batch time 0 
INFO:root:TEST batch 5 / 7 - partial error 0.0043 - partial loss 3.3514 - partial MRR  0.0000 - partial MAP 0.9957
INFO:root:TEST batch 5 / 7 -  partial tp {0: tensor(0), 1: tensor(47)},fn {0: tensor(0), 1: tensor(0)},fp {0: tensor(0), 1: tensor(0)}
INFO:root:TEST batch 5 / 7 - measures partial microavg - precision 1.0000 - recall 1.0000 - f1 1.0000 
INFO:root:TEST batch 5 / 7 - measures partial for class 0 - precision 0.0000 - recall 0.0000 - f1 0.0000 
INFO:root:TEST batch 5 / 7 - measures partial for class 1 - precision 1.0000 - recall 1.0000 - f1 1.0000 
INFO:root:TEST batch 5 / 7 - Batch time 0 
INFO:root:TEST batch 6 / 7 - partial error 0.0035 - partial loss 2.7928 - partial MRR  0.0000 - partial MAP 0.9965
INFO:root:TEST batch 6 / 7 -  partial tp {0: tensor(0), 1: tensor(47)},fn {0: tensor(0), 1: tensor(0)},fp {0: tensor(0), 1: tensor(0)}
INFO:root:TEST batch 6 / 7 - measures partial microavg - precision 1.0000 - recall 1.0000 - f1 1.0000 
INFO:root:TEST batch 6 / 7 - measures partial for class 0 - precision 0.0000 - recall 0.0000 - f1 0.0000 
INFO:root:TEST batch 6 / 7 - measures partial for class 1 - precision 1.0000 - recall 1.0000 - f1 1.0000 
INFO:root:TEST batch 6 / 7 - Batch time 0 
INFO:root:TEST batch 7 / 7 - partial error 0.0030 - partial loss 2.3938 - partial MRR  0.0000 - partial MAP 0.9970
INFO:root:TEST batch 7 / 7 -  partial tp {0: tensor(0), 1: tensor(47)},fn {0: tensor(0), 1: tensor(0)},fp {0: tensor(0), 1: tensor(0)}
INFO:root:TEST batch 7 / 7 - measures partial microavg - precision 1.0000 - recall 1.0000 - f1 1.0000 
INFO:root:TEST batch 7 / 7 - measures partial for class 0 - precision 0.0000 - recall 0.0000 - f1 0.0000 
INFO:root:TEST batch 7 / 7 - measures partial for class 1 - precision 1.0000 - recall 1.0000 - f1 1.0000 
INFO:root:TEST batch 7 / 7 - Batch time 0 
INFO:root:TEST mean losses tensor(2.3938)
INFO:root:TEST mean errors 0.0030395134817808867
INFO:root:TEST mean MRR 0.0 - mean MAP 0.996960461139679
INFO:root:TEST tp {0: tensor(0), 1: tensor(328)},fn {0: tensor(1), 1: tensor(0)},fp {0: tensor(0), 1: tensor(1)}
INFO:root:TEST measures microavg - precision 0.9970 - recall 0.9970 - f1 0.9970 
INFO:root:TEST measures for class 0 - precision 0.0000 - recall 0.0000 - f1 0.0000 
INFO:root:TEST measures for class 1 - precision 0.9970 - recall 1.0000 - f1 0.9985 
INFO:root:TEST measures@10 microavg - precision 1.0000 - recall 0.2128 - f1 0.3509 
INFO:root:TEST measures@10 for class 0 - precision 0.0000 - recall 0.0000 - f1 0.0000 
INFO:root:TEST measures@10 for class 1 - precision 1.0000 - recall 0.2134 - f1 0.3518 
INFO:root:TEST measures@100 microavg - precision 0.9970 - recall 0.9970 - f1 0.9970 
INFO:root:TEST measures@100 for class 0 - precision 0.0000 - recall 0.0000 - f1 0.0000 
INFO:root:TEST measures@100 for class 1 - precision 0.9970 - recall 1.0000 - f1 0.9985 
INFO:root:TEST measures@1000 microavg - precision 0.9970 - recall 0.9970 - f1 0.9970 
INFO:root:TEST measures@1000 for class 0 - precision 0.0000 - recall 0.0000 - f1 0.0000 
INFO:root:TEST measures@1000 for class 1 - precision 0.9970 - recall 1.0000 - f1 0.9985 
INFO:root:TEST Total epoch time: 0.08336494000013772
INFO:root:################ TRAIN epoch 67 ###################
INFO:root:TRAIN mean losses tensor(0.)
INFO:root:TRAIN mean errors 0.0
INFO:root:TRAIN mean MRR 0.0 - mean MAP 1.0
INFO:root:TRAIN tp {0: tensor(0), 1: tensor(1410)},fn {0: tensor(0), 1: tensor(0)},fp {0: tensor(0), 1: tensor(0)}
INFO:root:TRAIN measures microavg - precision 1.0000 - recall 1.0000 - f1 1.0000 
INFO:root:TRAIN measures for class 0 - precision 0.0000 - recall 0.0000 - f1 0.0000 
INFO:root:TRAIN measures for class 1 - precision 1.0000 - recall 1.0000 - f1 1.0000 
INFO:root:TRAIN measures@10 microavg - precision 1.0000 - recall 0.2128 - f1 0.3509 
INFO:root:TRAIN measures@10 for class 0 - precision 0.0000 - recall 0.0000 - f1 0.0000 
INFO:root:TRAIN measures@10 for class 1 - precision 1.0000 - recall 0.2128 - f1 0.3509 
INFO:root:TRAIN measures@100 microavg - precision 1.0000 - recall 1.0000 - f1 1.0000 
INFO:root:TRAIN measures@100 for class 0 - precision 0.0000 - recall 0.0000 - f1 0.0000 
INFO:root:TRAIN measures@100 for class 1 - precision 1.0000 - recall 1.0000 - f1 1.0000 
INFO:root:TRAIN measures@1000 microavg - precision 1.0000 - recall 1.0000 - f1 1.0000 
INFO:root:TRAIN measures@1000 for class 0 - precision 0.0000 - recall 0.0000 - f1 0.0000 
INFO:root:TRAIN measures@1000 for class 1 - precision 1.0000 - recall 1.0000 - f1 1.0000 
INFO:root:TRAIN Total epoch time: 0.5306011429997852
INFO:root:################ VALID epoch 67 ###################
INFO:root:VALID mean losses tensor(0.)
INFO:root:VALID mean errors 0.0
INFO:root:VALID mean MRR 0.0 - mean MAP 1.0
INFO:root:VALID tp {0: tensor(0), 1: tensor(282)},fn {0: tensor(0), 1: tensor(0)},fp {0: tensor(0), 1: tensor(0)}
INFO:root:VALID measures microavg - precision 1.0000 - recall 1.0000 - f1 1.0000 
INFO:root:VALID measures for class 0 - precision 0.0000 - recall 0.0000 - f1 0.0000 
INFO:root:VALID measures for class 1 - precision 1.0000 - recall 1.0000 - f1 1.0000 
INFO:root:VALID measures@10 microavg - precision 1.0000 - recall 0.2128 - f1 0.3509 
INFO:root:VALID measures@10 for class 0 - precision 0.0000 - recall 0.0000 - f1 0.0000 
INFO:root:VALID measures@10 for class 1 - precision 1.0000 - recall 0.2128 - f1 0.3509 
INFO:root:VALID measures@100 microavg - precision 1.0000 - recall 1.0000 - f1 1.0000 
INFO:root:VALID measures@100 for class 0 - precision 0.0000 - recall 0.0000 - f1 0.0000 
INFO:root:VALID measures@100 for class 1 - precision 1.0000 - recall 1.0000 - f1 1.0000 
INFO:root:VALID measures@1000 microavg - precision 1.0000 - recall 1.0000 - f1 1.0000 
INFO:root:VALID measures@1000 for class 0 - precision 0.0000 - recall 0.0000 - f1 0.0000 
INFO:root:VALID measures@1000 for class 1 - precision 1.0000 - recall 1.0000 - f1 1.0000 
INFO:root:VALID Total epoch time: 0.06719226399991385
INFO:root:################ TEST epoch 67 ###################
INFO:root:TEST batch 1 / 7 - partial error 0.0000 - partial loss 0.0000 - partial MRR  0.0000 - partial MAP 1.0000
INFO:root:TEST batch 1 / 7 -  partial tp {0: tensor(0), 1: tensor(47)},fn {0: tensor(0), 1: tensor(0)},fp {0: tensor(0), 1: tensor(0)}
INFO:root:TEST batch 1 / 7 - measures partial microavg - precision 1.0000 - recall 1.0000 - f1 1.0000 
INFO:root:TEST batch 1 / 7 - measures partial for class 0 - precision 0.0000 - recall 0.0000 - f1 0.0000 
INFO:root:TEST batch 1 / 7 - measures partial for class 1 - precision 1.0000 - recall 1.0000 - f1 1.0000 
INFO:root:TEST batch 1 / 7 - Batch time 0 
INFO:root:TEST batch 2 / 7 - partial error 0.0106 - partial loss 9.2430 - partial MRR  0.0000 - partial MAP 0.9894
INFO:root:TEST batch 2 / 7 -  partial tp {0: tensor(0), 1: tensor(46)},fn {0: tensor(1), 1: tensor(0)},fp {0: tensor(0), 1: tensor(1)}
INFO:root:TEST batch 2 / 7 - measures partial microavg - precision 0.9787 - recall 0.9787 - f1 0.9787 
INFO:root:TEST batch 2 / 7 - measures partial for class 0 - precision 0.0000 - recall 0.0000 - f1 0.0000 
INFO:root:TEST batch 2 / 7 - measures partial for class 1 - precision 0.9787 - recall 1.0000 - f1 0.9892 
INFO:root:TEST batch 2 / 7 - Batch time 0 
INFO:root:TEST batch 3 / 7 - partial error 0.0071 - partial loss 6.1620 - partial MRR  0.0000 - partial MAP 0.9929
INFO:root:TEST batch 3 / 7 -  partial tp {0: tensor(0), 1: tensor(47)},fn {0: tensor(0), 1: tensor(0)},fp {0: tensor(0), 1: tensor(0)}
INFO:root:TEST batch 3 / 7 - measures partial microavg - precision 1.0000 - recall 1.0000 - f1 1.0000 
INFO:root:TEST batch 3 / 7 - measures partial for class 0 - precision 0.0000 - recall 0.0000 - f1 0.0000 
INFO:root:TEST batch 3 / 7 - measures partial for class 1 - precision 1.0000 - recall 1.0000 - f1 1.0000 
INFO:root:TEST batch 3 / 7 - Batch time 0 
INFO:root:TEST batch 4 / 7 - partial error 0.0053 - partial loss 4.6215 - partial MRR  0.0000 - partial MAP 0.9947
INFO:root:TEST batch 4 / 7 -  partial tp {0: tensor(0), 1: tensor(47)},fn {0: tensor(0), 1: tensor(0)},fp {0: tensor(0), 1: tensor(0)}
INFO:root:TEST batch 4 / 7 - measures partial microavg - precision 1.0000 - recall 1.0000 - f1 1.0000 
INFO:root:TEST batch 4 / 7 - measures partial for class 0 - precision 0.0000 - recall 0.0000 - f1 0.0000 
INFO:root:TEST batch 4 / 7 - measures partial for class 1 - precision 1.0000 - recall 1.0000 - f1 1.0000 
INFO:root:TEST batch 4 / 7 - Batch time 0 
INFO:root:TEST batch 5 / 7 - partial error 0.0043 - partial loss 3.6972 - partial MRR  0.0000 - partial MAP 0.9957
INFO:root:TEST batch 5 / 7 -  partial tp {0: tensor(0), 1: tensor(47)},fn {0: tensor(0), 1: tensor(0)},fp {0: tensor(0), 1: tensor(0)}
INFO:root:TEST batch 5 / 7 - measures partial microavg - precision 1.0000 - recall 1.0000 - f1 1.0000 
INFO:root:TEST batch 5 / 7 - measures partial for class 0 - precision 0.0000 - recall 0.0000 - f1 0.0000 
INFO:root:TEST batch 5 / 7 - measures partial for class 1 - precision 1.0000 - recall 1.0000 - f1 1.0000 
INFO:root:TEST batch 5 / 7 - Batch time 0 
INFO:root:TEST batch 6 / 7 - partial error 0.0035 - partial loss 3.0810 - partial MRR  0.0000 - partial MAP 0.9965
INFO:root:TEST batch 6 / 7 -  partial tp {0: tensor(0), 1: tensor(47)},fn {0: tensor(0), 1: tensor(0)},fp {0: tensor(0), 1: tensor(0)}
INFO:root:TEST batch 6 / 7 - measures partial microavg - precision 1.0000 - recall 1.0000 - f1 1.0000 
INFO:root:TEST batch 6 / 7 - measures partial for class 0 - precision 0.0000 - recall 0.0000 - f1 0.0000 
INFO:root:TEST batch 6 / 7 - measures partial for class 1 - precision 1.0000 - recall 1.0000 - f1 1.0000 
INFO:root:TEST batch 6 / 7 - Batch time 0 
INFO:root:TEST batch 7 / 7 - partial error 0.0030 - partial loss 2.6409 - partial MRR  0.0000 - partial MAP 0.9970
INFO:root:TEST batch 7 / 7 -  partial tp {0: tensor(0), 1: tensor(47)},fn {0: tensor(0), 1: tensor(0)},fp {0: tensor(0), 1: tensor(0)}
INFO:root:TEST batch 7 / 7 - measures partial microavg - precision 1.0000 - recall 1.0000 - f1 1.0000 
INFO:root:TEST batch 7 / 7 - measures partial for class 0 - precision 0.0000 - recall 0.0000 - f1 0.0000 
INFO:root:TEST batch 7 / 7 - measures partial for class 1 - precision 1.0000 - recall 1.0000 - f1 1.0000 
INFO:root:TEST batch 7 / 7 - Batch time 0 
INFO:root:TEST mean losses tensor(2.6409)
INFO:root:TEST mean errors 0.0030395134817808867
INFO:root:TEST mean MRR 0.0 - mean MAP 0.996960461139679
INFO:root:TEST tp {0: tensor(0), 1: tensor(328)},fn {0: tensor(1), 1: tensor(0)},fp {0: tensor(0), 1: tensor(1)}
INFO:root:TEST measures microavg - precision 0.9970 - recall 0.9970 - f1 0.9970 
INFO:root:TEST measures for class 0 - precision 0.0000 - recall 0.0000 - f1 0.0000 
INFO:root:TEST measures for class 1 - precision 0.9970 - recall 1.0000 - f1 0.9985 
INFO:root:TEST measures@10 microavg - precision 1.0000 - recall 0.2128 - f1 0.3509 
INFO:root:TEST measures@10 for class 0 - precision 0.0000 - recall 0.0000 - f1 0.0000 
INFO:root:TEST measures@10 for class 1 - precision 1.0000 - recall 0.2134 - f1 0.3518 
INFO:root:TEST measures@100 microavg - precision 0.9970 - recall 0.9970 - f1 0.9970 
INFO:root:TEST measures@100 for class 0 - precision 0.0000 - recall 0.0000 - f1 0.0000 
INFO:root:TEST measures@100 for class 1 - precision 0.9970 - recall 1.0000 - f1 0.9985 
INFO:root:TEST measures@1000 microavg - precision 0.9970 - recall 0.9970 - f1 0.9970 
INFO:root:TEST measures@1000 for class 0 - precision 0.0000 - recall 0.0000 - f1 0.0000 
INFO:root:TEST measures@1000 for class 1 - precision 0.9970 - recall 1.0000 - f1 0.9985 
INFO:root:TEST Total epoch time: 0.08577251699989574
INFO:root:################ TRAIN epoch 68 ###################
INFO:root:TRAIN mean losses tensor(0.)
INFO:root:TRAIN mean errors 0.0
INFO:root:TRAIN mean MRR 0.0 - mean MAP 1.0
INFO:root:TRAIN tp {0: tensor(0), 1: tensor(1410)},fn {0: tensor(0), 1: tensor(0)},fp {0: tensor(0), 1: tensor(0)}
INFO:root:TRAIN measures microavg - precision 1.0000 - recall 1.0000 - f1 1.0000 
INFO:root:TRAIN measures for class 0 - precision 0.0000 - recall 0.0000 - f1 0.0000 
INFO:root:TRAIN measures for class 1 - precision 1.0000 - recall 1.0000 - f1 1.0000 
INFO:root:TRAIN measures@10 microavg - precision 1.0000 - recall 0.2128 - f1 0.3509 
INFO:root:TRAIN measures@10 for class 0 - precision 0.0000 - recall 0.0000 - f1 0.0000 
INFO:root:TRAIN measures@10 for class 1 - precision 1.0000 - recall 0.2128 - f1 0.3509 
INFO:root:TRAIN measures@100 microavg - precision 1.0000 - recall 1.0000 - f1 1.0000 
INFO:root:TRAIN measures@100 for class 0 - precision 0.0000 - recall 0.0000 - f1 0.0000 
INFO:root:TRAIN measures@100 for class 1 - precision 1.0000 - recall 1.0000 - f1 1.0000 
INFO:root:TRAIN measures@1000 microavg - precision 1.0000 - recall 1.0000 - f1 1.0000 
INFO:root:TRAIN measures@1000 for class 0 - precision 0.0000 - recall 0.0000 - f1 0.0000 
INFO:root:TRAIN measures@1000 for class 1 - precision 1.0000 - recall 1.0000 - f1 1.0000 
INFO:root:TRAIN Total epoch time: 0.5385919020000074
INFO:root:################ VALID epoch 68 ###################
INFO:root:VALID mean losses tensor(0.)
INFO:root:VALID mean errors 0.0
INFO:root:VALID mean MRR 0.0 - mean MAP 1.0
INFO:root:VALID tp {0: tensor(0), 1: tensor(282)},fn {0: tensor(0), 1: tensor(0)},fp {0: tensor(0), 1: tensor(0)}
INFO:root:VALID measures microavg - precision 1.0000 - recall 1.0000 - f1 1.0000 
INFO:root:VALID measures for class 0 - precision 0.0000 - recall 0.0000 - f1 0.0000 
INFO:root:VALID measures for class 1 - precision 1.0000 - recall 1.0000 - f1 1.0000 
INFO:root:VALID measures@10 microavg - precision 1.0000 - recall 0.2128 - f1 0.3509 
INFO:root:VALID measures@10 for class 0 - precision 0.0000 - recall 0.0000 - f1 0.0000 
INFO:root:VALID measures@10 for class 1 - precision 1.0000 - recall 0.2128 - f1 0.3509 
INFO:root:VALID measures@100 microavg - precision 1.0000 - recall 1.0000 - f1 1.0000 
INFO:root:VALID measures@100 for class 0 - precision 0.0000 - recall 0.0000 - f1 0.0000 
INFO:root:VALID measures@100 for class 1 - precision 1.0000 - recall 1.0000 - f1 1.0000 
INFO:root:VALID measures@1000 microavg - precision 1.0000 - recall 1.0000 - f1 1.0000 
INFO:root:VALID measures@1000 for class 0 - precision 0.0000 - recall 0.0000 - f1 0.0000 
INFO:root:VALID measures@1000 for class 1 - precision 1.0000 - recall 1.0000 - f1 1.0000 
INFO:root:VALID Total epoch time: 0.06737739799973497
INFO:root:################ TEST epoch 68 ###################
INFO:root:TEST batch 1 / 7 - partial error 0.0000 - partial loss 0.0000 - partial MRR  0.0000 - partial MAP 1.0000
INFO:root:TEST batch 1 / 7 -  partial tp {0: tensor(0), 1: tensor(47)},fn {0: tensor(0), 1: tensor(0)},fp {0: tensor(0), 1: tensor(0)}
INFO:root:TEST batch 1 / 7 - measures partial microavg - precision 1.0000 - recall 1.0000 - f1 1.0000 
INFO:root:TEST batch 1 / 7 - measures partial for class 0 - precision 0.0000 - recall 0.0000 - f1 0.0000 
INFO:root:TEST batch 1 / 7 - measures partial for class 1 - precision 1.0000 - recall 1.0000 - f1 1.0000 
INFO:root:TEST batch 1 / 7 - Batch time 0 
INFO:root:TEST batch 2 / 7 - partial error 0.0106 - partial loss 9.2777 - partial MRR  0.0000 - partial MAP 0.9894
INFO:root:TEST batch 2 / 7 -  partial tp {0: tensor(0), 1: tensor(46)},fn {0: tensor(1), 1: tensor(0)},fp {0: tensor(0), 1: tensor(1)}
INFO:root:TEST batch 2 / 7 - measures partial microavg - precision 0.9787 - recall 0.9787 - f1 0.9787 
INFO:root:TEST batch 2 / 7 - measures partial for class 0 - precision 0.0000 - recall 0.0000 - f1 0.0000 
INFO:root:TEST batch 2 / 7 - measures partial for class 1 - precision 0.9787 - recall 1.0000 - f1 0.9892 
INFO:root:TEST batch 2 / 7 - Batch time 0 
INFO:root:TEST batch 3 / 7 - partial error 0.0071 - partial loss 6.1851 - partial MRR  0.0000 - partial MAP 0.9929
INFO:root:TEST batch 3 / 7 -  partial tp {0: tensor(0), 1: tensor(47)},fn {0: tensor(0), 1: tensor(0)},fp {0: tensor(0), 1: tensor(0)}
INFO:root:TEST batch 3 / 7 - measures partial microavg - precision 1.0000 - recall 1.0000 - f1 1.0000 
INFO:root:TEST batch 3 / 7 - measures partial for class 0 - precision 0.0000 - recall 0.0000 - f1 0.0000 
INFO:root:TEST batch 3 / 7 - measures partial for class 1 - precision 1.0000 - recall 1.0000 - f1 1.0000 
INFO:root:TEST batch 3 / 7 - Batch time 0 
INFO:root:TEST batch 4 / 7 - partial error 0.0053 - partial loss 4.6389 - partial MRR  0.0000 - partial MAP 0.9947
INFO:root:TEST batch 4 / 7 -  partial tp {0: tensor(0), 1: tensor(47)},fn {0: tensor(0), 1: tensor(0)},fp {0: tensor(0), 1: tensor(0)}
INFO:root:TEST batch 4 / 7 - measures partial microavg - precision 1.0000 - recall 1.0000 - f1 1.0000 
INFO:root:TEST batch 4 / 7 - measures partial for class 0 - precision 0.0000 - recall 0.0000 - f1 0.0000 
INFO:root:TEST batch 4 / 7 - measures partial for class 1 - precision 1.0000 - recall 1.0000 - f1 1.0000 
INFO:root:TEST batch 4 / 7 - Batch time 0 
INFO:root:TEST batch 5 / 7 - partial error 0.0043 - partial loss 3.7111 - partial MRR  0.0000 - partial MAP 0.9957
INFO:root:TEST batch 5 / 7 -  partial tp {0: tensor(0), 1: tensor(47)},fn {0: tensor(0), 1: tensor(0)},fp {0: tensor(0), 1: tensor(0)}
INFO:root:TEST batch 5 / 7 - measures partial microavg - precision 1.0000 - recall 1.0000 - f1 1.0000 
INFO:root:TEST batch 5 / 7 - measures partial for class 0 - precision 0.0000 - recall 0.0000 - f1 0.0000 
INFO:root:TEST batch 5 / 7 - measures partial for class 1 - precision 1.0000 - recall 1.0000 - f1 1.0000 
INFO:root:TEST batch 5 / 7 - Batch time 0 
INFO:root:TEST batch 6 / 7 - partial error 0.0035 - partial loss 3.0926 - partial MRR  0.0000 - partial MAP 0.9965
INFO:root:TEST batch 6 / 7 -  partial tp {0: tensor(0), 1: tensor(47)},fn {0: tensor(0), 1: tensor(0)},fp {0: tensor(0), 1: tensor(0)}
INFO:root:TEST batch 6 / 7 - measures partial microavg - precision 1.0000 - recall 1.0000 - f1 1.0000 
INFO:root:TEST batch 6 / 7 - measures partial for class 0 - precision 0.0000 - recall 0.0000 - f1 0.0000 
INFO:root:TEST batch 6 / 7 - measures partial for class 1 - precision 1.0000 - recall 1.0000 - f1 1.0000 
INFO:root:TEST batch 6 / 7 - Batch time 0 
INFO:root:TEST batch 7 / 7 - partial error 0.0030 - partial loss 2.6508 - partial MRR  0.0000 - partial MAP 0.9970
INFO:root:TEST batch 7 / 7 -  partial tp {0: tensor(0), 1: tensor(47)},fn {0: tensor(0), 1: tensor(0)},fp {0: tensor(0), 1: tensor(0)}
INFO:root:TEST batch 7 / 7 - measures partial microavg - precision 1.0000 - recall 1.0000 - f1 1.0000 
INFO:root:TEST batch 7 / 7 - measures partial for class 0 - precision 0.0000 - recall 0.0000 - f1 0.0000 
INFO:root:TEST batch 7 / 7 - measures partial for class 1 - precision 1.0000 - recall 1.0000 - f1 1.0000 
INFO:root:TEST batch 7 / 7 - Batch time 0 
INFO:root:TEST mean losses tensor(2.6508)
INFO:root:TEST mean errors 0.0030395134817808867
INFO:root:TEST mean MRR 0.0 - mean MAP 0.996960461139679
INFO:root:TEST tp {0: tensor(0), 1: tensor(328)},fn {0: tensor(1), 1: tensor(0)},fp {0: tensor(0), 1: tensor(1)}
INFO:root:TEST measures microavg - precision 0.9970 - recall 0.9970 - f1 0.9970 
INFO:root:TEST measures for class 0 - precision 0.0000 - recall 0.0000 - f1 0.0000 
INFO:root:TEST measures for class 1 - precision 0.9970 - recall 1.0000 - f1 0.9985 
INFO:root:TEST measures@10 microavg - precision 1.0000 - recall 0.2128 - f1 0.3509 
INFO:root:TEST measures@10 for class 0 - precision 0.0000 - recall 0.0000 - f1 0.0000 
INFO:root:TEST measures@10 for class 1 - precision 1.0000 - recall 0.2134 - f1 0.3518 
INFO:root:TEST measures@100 microavg - precision 0.9970 - recall 0.9970 - f1 0.9970 
INFO:root:TEST measures@100 for class 0 - precision 0.0000 - recall 0.0000 - f1 0.0000 
INFO:root:TEST measures@100 for class 1 - precision 0.9970 - recall 1.0000 - f1 0.9985 
INFO:root:TEST measures@1000 microavg - precision 0.9970 - recall 0.9970 - f1 0.9970 
INFO:root:TEST measures@1000 for class 0 - precision 0.0000 - recall 0.0000 - f1 0.0000 
INFO:root:TEST measures@1000 for class 1 - precision 0.9970 - recall 1.0000 - f1 0.9985 
INFO:root:TEST Total epoch time: 0.08578117799970641
INFO:root:################ TRAIN epoch 69 ###################
INFO:root:TRAIN mean losses tensor(0.)
INFO:root:TRAIN mean errors 0.0
INFO:root:TRAIN mean MRR 0.0 - mean MAP 1.0
INFO:root:TRAIN tp {0: tensor(0), 1: tensor(1410)},fn {0: tensor(0), 1: tensor(0)},fp {0: tensor(0), 1: tensor(0)}
INFO:root:TRAIN measures microavg - precision 1.0000 - recall 1.0000 - f1 1.0000 
INFO:root:TRAIN measures for class 0 - precision 0.0000 - recall 0.0000 - f1 0.0000 
INFO:root:TRAIN measures for class 1 - precision 1.0000 - recall 1.0000 - f1 1.0000 
INFO:root:TRAIN measures@10 microavg - precision 1.0000 - recall 0.2128 - f1 0.3509 
INFO:root:TRAIN measures@10 for class 0 - precision 0.0000 - recall 0.0000 - f1 0.0000 
INFO:root:TRAIN measures@10 for class 1 - precision 1.0000 - recall 0.2128 - f1 0.3509 
INFO:root:TRAIN measures@100 microavg - precision 1.0000 - recall 1.0000 - f1 1.0000 
INFO:root:TRAIN measures@100 for class 0 - precision 0.0000 - recall 0.0000 - f1 0.0000 
INFO:root:TRAIN measures@100 for class 1 - precision 1.0000 - recall 1.0000 - f1 1.0000 
INFO:root:TRAIN measures@1000 microavg - precision 1.0000 - recall 1.0000 - f1 1.0000 
INFO:root:TRAIN measures@1000 for class 0 - precision 0.0000 - recall 0.0000 - f1 0.0000 
INFO:root:TRAIN measures@1000 for class 1 - precision 1.0000 - recall 1.0000 - f1 1.0000 
INFO:root:TRAIN Total epoch time: 0.6212645880000309
INFO:root:################ VALID epoch 69 ###################
INFO:root:VALID mean losses tensor(0.)
INFO:root:VALID mean errors 0.0
INFO:root:VALID mean MRR 0.0 - mean MAP 1.0
INFO:root:VALID tp {0: tensor(0), 1: tensor(282)},fn {0: tensor(0), 1: tensor(0)},fp {0: tensor(0), 1: tensor(0)}
INFO:root:VALID measures microavg - precision 1.0000 - recall 1.0000 - f1 1.0000 
INFO:root:VALID measures for class 0 - precision 0.0000 - recall 0.0000 - f1 0.0000 
INFO:root:VALID measures for class 1 - precision 1.0000 - recall 1.0000 - f1 1.0000 
INFO:root:VALID measures@10 microavg - precision 1.0000 - recall 0.2128 - f1 0.3509 
INFO:root:VALID measures@10 for class 0 - precision 0.0000 - recall 0.0000 - f1 0.0000 
INFO:root:VALID measures@10 for class 1 - precision 1.0000 - recall 0.2128 - f1 0.3509 
INFO:root:VALID measures@100 microavg - precision 1.0000 - recall 1.0000 - f1 1.0000 
INFO:root:VALID measures@100 for class 0 - precision 0.0000 - recall 0.0000 - f1 0.0000 
INFO:root:VALID measures@100 for class 1 - precision 1.0000 - recall 1.0000 - f1 1.0000 
INFO:root:VALID measures@1000 microavg - precision 1.0000 - recall 1.0000 - f1 1.0000 
INFO:root:VALID measures@1000 for class 0 - precision 0.0000 - recall 0.0000 - f1 0.0000 
INFO:root:VALID measures@1000 for class 1 - precision 1.0000 - recall 1.0000 - f1 1.0000 
INFO:root:VALID Total epoch time: 0.0668929640000897
INFO:root:################ TEST epoch 69 ###################
INFO:root:TEST batch 1 / 7 - partial error 0.0000 - partial loss 0.0000 - partial MRR  0.0000 - partial MAP 1.0000
INFO:root:TEST batch 1 / 7 -  partial tp {0: tensor(0), 1: tensor(47)},fn {0: tensor(0), 1: tensor(0)},fp {0: tensor(0), 1: tensor(0)}
INFO:root:TEST batch 1 / 7 - measures partial microavg - precision 1.0000 - recall 1.0000 - f1 1.0000 
INFO:root:TEST batch 1 / 7 - measures partial for class 0 - precision 0.0000 - recall 0.0000 - f1 0.0000 
INFO:root:TEST batch 1 / 7 - measures partial for class 1 - precision 1.0000 - recall 1.0000 - f1 1.0000 
INFO:root:TEST batch 1 / 7 - Batch time 0 
INFO:root:TEST batch 2 / 7 - partial error 0.0106 - partial loss 9.1583 - partial MRR  0.0000 - partial MAP 0.9894
INFO:root:TEST batch 2 / 7 -  partial tp {0: tensor(0), 1: tensor(46)},fn {0: tensor(1), 1: tensor(0)},fp {0: tensor(0), 1: tensor(1)}
INFO:root:TEST batch 2 / 7 - measures partial microavg - precision 0.9787 - recall 0.9787 - f1 0.9787 
INFO:root:TEST batch 2 / 7 - measures partial for class 0 - precision 0.0000 - recall 0.0000 - f1 0.0000 
INFO:root:TEST batch 2 / 7 - measures partial for class 1 - precision 0.9787 - recall 1.0000 - f1 0.9892 
INFO:root:TEST batch 2 / 7 - Batch time 0 
INFO:root:TEST batch 3 / 7 - partial error 0.0071 - partial loss 6.1056 - partial MRR  0.0000 - partial MAP 0.9929
INFO:root:TEST batch 3 / 7 -  partial tp {0: tensor(0), 1: tensor(47)},fn {0: tensor(0), 1: tensor(0)},fp {0: tensor(0), 1: tensor(0)}
INFO:root:TEST batch 3 / 7 - measures partial microavg - precision 1.0000 - recall 1.0000 - f1 1.0000 
INFO:root:TEST batch 3 / 7 - measures partial for class 0 - precision 0.0000 - recall 0.0000 - f1 0.0000 
INFO:root:TEST batch 3 / 7 - measures partial for class 1 - precision 1.0000 - recall 1.0000 - f1 1.0000 
INFO:root:TEST batch 3 / 7 - Batch time 0 
INFO:root:TEST batch 4 / 7 - partial error 0.0053 - partial loss 4.5792 - partial MRR  0.0000 - partial MAP 0.9947
INFO:root:TEST batch 4 / 7 -  partial tp {0: tensor(0), 1: tensor(47)},fn {0: tensor(0), 1: tensor(0)},fp {0: tensor(0), 1: tensor(0)}
INFO:root:TEST batch 4 / 7 - measures partial microavg - precision 1.0000 - recall 1.0000 - f1 1.0000 
INFO:root:TEST batch 4 / 7 - measures partial for class 0 - precision 0.0000 - recall 0.0000 - f1 0.0000 
INFO:root:TEST batch 4 / 7 - measures partial for class 1 - precision 1.0000 - recall 1.0000 - f1 1.0000 
INFO:root:TEST batch 4 / 7 - Batch time 0 
INFO:root:TEST batch 5 / 7 - partial error 0.0043 - partial loss 3.6633 - partial MRR  0.0000 - partial MAP 0.9957
INFO:root:TEST batch 5 / 7 -  partial tp {0: tensor(0), 1: tensor(47)},fn {0: tensor(0), 1: tensor(0)},fp {0: tensor(0), 1: tensor(0)}
INFO:root:TEST batch 5 / 7 - measures partial microavg - precision 1.0000 - recall 1.0000 - f1 1.0000 
INFO:root:TEST batch 5 / 7 - measures partial for class 0 - precision 0.0000 - recall 0.0000 - f1 0.0000 
INFO:root:TEST batch 5 / 7 - measures partial for class 1 - precision 1.0000 - recall 1.0000 - f1 1.0000 
INFO:root:TEST batch 5 / 7 - Batch time 0 
INFO:root:TEST batch 6 / 7 - partial error 0.0035 - partial loss 3.0528 - partial MRR  0.0000 - partial MAP 0.9965
INFO:root:TEST batch 6 / 7 -  partial tp {0: tensor(0), 1: tensor(47)},fn {0: tensor(0), 1: tensor(0)},fp {0: tensor(0), 1: tensor(0)}
INFO:root:TEST batch 6 / 7 - measures partial microavg - precision 1.0000 - recall 1.0000 - f1 1.0000 
INFO:root:TEST batch 6 / 7 - measures partial for class 0 - precision 0.0000 - recall 0.0000 - f1 0.0000 
INFO:root:TEST batch 6 / 7 - measures partial for class 1 - precision 1.0000 - recall 1.0000 - f1 1.0000 
INFO:root:TEST batch 6 / 7 - Batch time 0 
INFO:root:TEST batch 7 / 7 - partial error 0.0030 - partial loss 2.6167 - partial MRR  0.0000 - partial MAP 0.9970
INFO:root:TEST batch 7 / 7 -  partial tp {0: tensor(0), 1: tensor(47)},fn {0: tensor(0), 1: tensor(0)},fp {0: tensor(0), 1: tensor(0)}
INFO:root:TEST batch 7 / 7 - measures partial microavg - precision 1.0000 - recall 1.0000 - f1 1.0000 
INFO:root:TEST batch 7 / 7 - measures partial for class 0 - precision 0.0000 - recall 0.0000 - f1 0.0000 
INFO:root:TEST batch 7 / 7 - measures partial for class 1 - precision 1.0000 - recall 1.0000 - f1 1.0000 
INFO:root:TEST batch 7 / 7 - Batch time 0 
INFO:root:TEST mean losses tensor(2.6167)
INFO:root:TEST mean errors 0.0030395134817808867
INFO:root:TEST mean MRR 0.0 - mean MAP 0.996960461139679
INFO:root:TEST tp {0: tensor(0), 1: tensor(328)},fn {0: tensor(1), 1: tensor(0)},fp {0: tensor(0), 1: tensor(1)}
INFO:root:TEST measures microavg - precision 0.9970 - recall 0.9970 - f1 0.9970 
INFO:root:TEST measures for class 0 - precision 0.0000 - recall 0.0000 - f1 0.0000 
INFO:root:TEST measures for class 1 - precision 0.9970 - recall 1.0000 - f1 0.9985 
INFO:root:TEST measures@10 microavg - precision 1.0000 - recall 0.2128 - f1 0.3509 
INFO:root:TEST measures@10 for class 0 - precision 0.0000 - recall 0.0000 - f1 0.0000 
INFO:root:TEST measures@10 for class 1 - precision 1.0000 - recall 0.2134 - f1 0.3518 
INFO:root:TEST measures@100 microavg - precision 0.9970 - recall 0.9970 - f1 0.9970 
INFO:root:TEST measures@100 for class 0 - precision 0.0000 - recall 0.0000 - f1 0.0000 
INFO:root:TEST measures@100 for class 1 - precision 0.9970 - recall 1.0000 - f1 0.9985 
INFO:root:TEST measures@1000 microavg - precision 0.9970 - recall 0.9970 - f1 0.9970 
INFO:root:TEST measures@1000 for class 0 - precision 0.0000 - recall 0.0000 - f1 0.0000 
INFO:root:TEST measures@1000 for class 1 - precision 0.9970 - recall 1.0000 - f1 0.9985 
INFO:root:TEST Total epoch time: 0.08382397199966363
INFO:root:################ TRAIN epoch 70 ###################
INFO:root:TRAIN mean losses tensor(0.)
INFO:root:TRAIN mean errors 0.0
INFO:root:TRAIN mean MRR 0.0 - mean MAP 1.0
INFO:root:TRAIN tp {0: tensor(0), 1: tensor(1410)},fn {0: tensor(0), 1: tensor(0)},fp {0: tensor(0), 1: tensor(0)}
INFO:root:TRAIN measures microavg - precision 1.0000 - recall 1.0000 - f1 1.0000 
INFO:root:TRAIN measures for class 0 - precision 0.0000 - recall 0.0000 - f1 0.0000 
INFO:root:TRAIN measures for class 1 - precision 1.0000 - recall 1.0000 - f1 1.0000 
INFO:root:TRAIN measures@10 microavg - precision 1.0000 - recall 0.2128 - f1 0.3509 
INFO:root:TRAIN measures@10 for class 0 - precision 0.0000 - recall 0.0000 - f1 0.0000 
INFO:root:TRAIN measures@10 for class 1 - precision 1.0000 - recall 0.2128 - f1 0.3509 
INFO:root:TRAIN measures@100 microavg - precision 1.0000 - recall 1.0000 - f1 1.0000 
INFO:root:TRAIN measures@100 for class 0 - precision 0.0000 - recall 0.0000 - f1 0.0000 
INFO:root:TRAIN measures@100 for class 1 - precision 1.0000 - recall 1.0000 - f1 1.0000 
INFO:root:TRAIN measures@1000 microavg - precision 1.0000 - recall 1.0000 - f1 1.0000 
INFO:root:TRAIN measures@1000 for class 0 - precision 0.0000 - recall 0.0000 - f1 0.0000 
INFO:root:TRAIN measures@1000 for class 1 - precision 1.0000 - recall 1.0000 - f1 1.0000 
INFO:root:TRAIN Total epoch time: 0.5258723130000362
INFO:root:################ VALID epoch 70 ###################
INFO:root:VALID mean losses tensor(0.)
INFO:root:VALID mean errors 0.0
INFO:root:VALID mean MRR 0.0 - mean MAP 1.0
INFO:root:VALID tp {0: tensor(0), 1: tensor(282)},fn {0: tensor(0), 1: tensor(0)},fp {0: tensor(0), 1: tensor(0)}
INFO:root:VALID measures microavg - precision 1.0000 - recall 1.0000 - f1 1.0000 
INFO:root:VALID measures for class 0 - precision 0.0000 - recall 0.0000 - f1 0.0000 
INFO:root:VALID measures for class 1 - precision 1.0000 - recall 1.0000 - f1 1.0000 
INFO:root:VALID measures@10 microavg - precision 1.0000 - recall 0.2128 - f1 0.3509 
INFO:root:VALID measures@10 for class 0 - precision 0.0000 - recall 0.0000 - f1 0.0000 
INFO:root:VALID measures@10 for class 1 - precision 1.0000 - recall 0.2128 - f1 0.3509 
INFO:root:VALID measures@100 microavg - precision 1.0000 - recall 1.0000 - f1 1.0000 
INFO:root:VALID measures@100 for class 0 - precision 0.0000 - recall 0.0000 - f1 0.0000 
INFO:root:VALID measures@100 for class 1 - precision 1.0000 - recall 1.0000 - f1 1.0000 
INFO:root:VALID measures@1000 microavg - precision 1.0000 - recall 1.0000 - f1 1.0000 
INFO:root:VALID measures@1000 for class 0 - precision 0.0000 - recall 0.0000 - f1 0.0000 
INFO:root:VALID measures@1000 for class 1 - precision 1.0000 - recall 1.0000 - f1 1.0000 
INFO:root:VALID Total epoch time: 0.06464898700005506
INFO:root:################ TEST epoch 70 ###################
INFO:root:TEST batch 1 / 7 - partial error 0.0000 - partial loss 0.0000 - partial MRR  0.0000 - partial MAP 1.0000
INFO:root:TEST batch 1 / 7 -  partial tp {0: tensor(0), 1: tensor(47)},fn {0: tensor(0), 1: tensor(0)},fp {0: tensor(0), 1: tensor(0)}
INFO:root:TEST batch 1 / 7 - measures partial microavg - precision 1.0000 - recall 1.0000 - f1 1.0000 
INFO:root:TEST batch 1 / 7 - measures partial for class 0 - precision 0.0000 - recall 0.0000 - f1 0.0000 
INFO:root:TEST batch 1 / 7 - measures partial for class 1 - precision 1.0000 - recall 1.0000 - f1 1.0000 
INFO:root:TEST batch 1 / 7 - Batch time 0 
INFO:root:TEST batch 2 / 7 - partial error 0.0106 - partial loss 9.5149 - partial MRR  0.0000 - partial MAP 0.9894
INFO:root:TEST batch 2 / 7 -  partial tp {0: tensor(0), 1: tensor(46)},fn {0: tensor(1), 1: tensor(0)},fp {0: tensor(0), 1: tensor(1)}
INFO:root:TEST batch 2 / 7 - measures partial microavg - precision 0.9787 - recall 0.9787 - f1 0.9787 
INFO:root:TEST batch 2 / 7 - measures partial for class 0 - precision 0.0000 - recall 0.0000 - f1 0.0000 
INFO:root:TEST batch 2 / 7 - measures partial for class 1 - precision 0.9787 - recall 1.0000 - f1 0.9892 
INFO:root:TEST batch 2 / 7 - Batch time 0 
INFO:root:TEST batch 3 / 7 - partial error 0.0071 - partial loss 6.3433 - partial MRR  0.0000 - partial MAP 0.9929
INFO:root:TEST batch 3 / 7 -  partial tp {0: tensor(0), 1: tensor(47)},fn {0: tensor(0), 1: tensor(0)},fp {0: tensor(0), 1: tensor(0)}
INFO:root:TEST batch 3 / 7 - measures partial microavg - precision 1.0000 - recall 1.0000 - f1 1.0000 
INFO:root:TEST batch 3 / 7 - measures partial for class 0 - precision 0.0000 - recall 0.0000 - f1 0.0000 
INFO:root:TEST batch 3 / 7 - measures partial for class 1 - precision 1.0000 - recall 1.0000 - f1 1.0000 
INFO:root:TEST batch 3 / 7 - Batch time 0 
INFO:root:TEST batch 4 / 7 - partial error 0.0053 - partial loss 4.7574 - partial MRR  0.0000 - partial MAP 0.9947
INFO:root:TEST batch 4 / 7 -  partial tp {0: tensor(0), 1: tensor(47)},fn {0: tensor(0), 1: tensor(0)},fp {0: tensor(0), 1: tensor(0)}
INFO:root:TEST batch 4 / 7 - measures partial microavg - precision 1.0000 - recall 1.0000 - f1 1.0000 
INFO:root:TEST batch 4 / 7 - measures partial for class 0 - precision 0.0000 - recall 0.0000 - f1 0.0000 
INFO:root:TEST batch 4 / 7 - measures partial for class 1 - precision 1.0000 - recall 1.0000 - f1 1.0000 
INFO:root:TEST batch 4 / 7 - Batch time 0 
INFO:root:TEST batch 5 / 7 - partial error 0.0043 - partial loss 3.8060 - partial MRR  0.0000 - partial MAP 0.9957
INFO:root:TEST batch 5 / 7 -  partial tp {0: tensor(0), 1: tensor(47)},fn {0: tensor(0), 1: tensor(0)},fp {0: tensor(0), 1: tensor(0)}
INFO:root:TEST batch 5 / 7 - measures partial microavg - precision 1.0000 - recall 1.0000 - f1 1.0000 
INFO:root:TEST batch 5 / 7 - measures partial for class 0 - precision 0.0000 - recall 0.0000 - f1 0.0000 
INFO:root:TEST batch 5 / 7 - measures partial for class 1 - precision 1.0000 - recall 1.0000 - f1 1.0000 
INFO:root:TEST batch 5 / 7 - Batch time 0 
INFO:root:TEST batch 6 / 7 - partial error 0.0035 - partial loss 3.1716 - partial MRR  0.0000 - partial MAP 0.9965
INFO:root:TEST batch 6 / 7 -  partial tp {0: tensor(0), 1: tensor(47)},fn {0: tensor(0), 1: tensor(0)},fp {0: tensor(0), 1: tensor(0)}
INFO:root:TEST batch 6 / 7 - measures partial microavg - precision 1.0000 - recall 1.0000 - f1 1.0000 
INFO:root:TEST batch 6 / 7 - measures partial for class 0 - precision 0.0000 - recall 0.0000 - f1 0.0000 
INFO:root:TEST batch 6 / 7 - measures partial for class 1 - precision 1.0000 - recall 1.0000 - f1 1.0000 
INFO:root:TEST batch 6 / 7 - Batch time 0 
INFO:root:TEST batch 7 / 7 - partial error 0.0030 - partial loss 2.7185 - partial MRR  0.0000 - partial MAP 0.9970
INFO:root:TEST batch 7 / 7 -  partial tp {0: tensor(0), 1: tensor(47)},fn {0: tensor(0), 1: tensor(0)},fp {0: tensor(0), 1: tensor(0)}
INFO:root:TEST batch 7 / 7 - measures partial microavg - precision 1.0000 - recall 1.0000 - f1 1.0000 
INFO:root:TEST batch 7 / 7 - measures partial for class 0 - precision 0.0000 - recall 0.0000 - f1 0.0000 
INFO:root:TEST batch 7 / 7 - measures partial for class 1 - precision 1.0000 - recall 1.0000 - f1 1.0000 
INFO:root:TEST batch 7 / 7 - Batch time 0 
INFO:root:TEST mean losses tensor(2.7185)
INFO:root:TEST mean errors 0.0030395134817808867
INFO:root:TEST mean MRR 0.0 - mean MAP 0.996960461139679
INFO:root:TEST tp {0: tensor(0), 1: tensor(328)},fn {0: tensor(1), 1: tensor(0)},fp {0: tensor(0), 1: tensor(1)}
INFO:root:TEST measures microavg - precision 0.9970 - recall 0.9970 - f1 0.9970 
INFO:root:TEST measures for class 0 - precision 0.0000 - recall 0.0000 - f1 0.0000 
INFO:root:TEST measures for class 1 - precision 0.9970 - recall 1.0000 - f1 0.9985 
INFO:root:TEST measures@10 microavg - precision 1.0000 - recall 0.2128 - f1 0.3509 
INFO:root:TEST measures@10 for class 0 - precision 0.0000 - recall 0.0000 - f1 0.0000 
INFO:root:TEST measures@10 for class 1 - precision 1.0000 - recall 0.2134 - f1 0.3518 
INFO:root:TEST measures@100 microavg - precision 0.9970 - recall 0.9970 - f1 0.9970 
INFO:root:TEST measures@100 for class 0 - precision 0.0000 - recall 0.0000 - f1 0.0000 
INFO:root:TEST measures@100 for class 1 - precision 0.9970 - recall 1.0000 - f1 0.9985 
INFO:root:TEST measures@1000 microavg - precision 0.9970 - recall 0.9970 - f1 0.9970 
INFO:root:TEST measures@1000 for class 0 - precision 0.0000 - recall 0.0000 - f1 0.0000 
INFO:root:TEST measures@1000 for class 1 - precision 0.9970 - recall 1.0000 - f1 0.9985 
INFO:root:TEST Total epoch time: 0.08244170899979508
INFO:root:################ TRAIN epoch 71 ###################
INFO:root:TRAIN mean losses tensor(0.)
INFO:root:TRAIN mean errors 0.0
INFO:root:TRAIN mean MRR 0.0 - mean MAP 1.0
INFO:root:TRAIN tp {0: tensor(0), 1: tensor(1410)},fn {0: tensor(0), 1: tensor(0)},fp {0: tensor(0), 1: tensor(0)}
INFO:root:TRAIN measures microavg - precision 1.0000 - recall 1.0000 - f1 1.0000 
INFO:root:TRAIN measures for class 0 - precision 0.0000 - recall 0.0000 - f1 0.0000 
INFO:root:TRAIN measures for class 1 - precision 1.0000 - recall 1.0000 - f1 1.0000 
INFO:root:TRAIN measures@10 microavg - precision 1.0000 - recall 0.2128 - f1 0.3509 
INFO:root:TRAIN measures@10 for class 0 - precision 0.0000 - recall 0.0000 - f1 0.0000 
INFO:root:TRAIN measures@10 for class 1 - precision 1.0000 - recall 0.2128 - f1 0.3509 
INFO:root:TRAIN measures@100 microavg - precision 1.0000 - recall 1.0000 - f1 1.0000 
INFO:root:TRAIN measures@100 for class 0 - precision 0.0000 - recall 0.0000 - f1 0.0000 
INFO:root:TRAIN measures@100 for class 1 - precision 1.0000 - recall 1.0000 - f1 1.0000 
INFO:root:TRAIN measures@1000 microavg - precision 1.0000 - recall 1.0000 - f1 1.0000 
INFO:root:TRAIN measures@1000 for class 0 - precision 0.0000 - recall 0.0000 - f1 0.0000 
INFO:root:TRAIN measures@1000 for class 1 - precision 1.0000 - recall 1.0000 - f1 1.0000 
INFO:root:TRAIN Total epoch time: 0.5209236109999438
INFO:root:################ VALID epoch 71 ###################
INFO:root:VALID mean losses tensor(0.)
INFO:root:VALID mean errors 0.0
INFO:root:VALID mean MRR 0.0 - mean MAP 1.0
INFO:root:VALID tp {0: tensor(0), 1: tensor(282)},fn {0: tensor(0), 1: tensor(0)},fp {0: tensor(0), 1: tensor(0)}
INFO:root:VALID measures microavg - precision 1.0000 - recall 1.0000 - f1 1.0000 
INFO:root:VALID measures for class 0 - precision 0.0000 - recall 0.0000 - f1 0.0000 
INFO:root:VALID measures for class 1 - precision 1.0000 - recall 1.0000 - f1 1.0000 
INFO:root:VALID measures@10 microavg - precision 1.0000 - recall 0.2128 - f1 0.3509 
INFO:root:VALID measures@10 for class 0 - precision 0.0000 - recall 0.0000 - f1 0.0000 
INFO:root:VALID measures@10 for class 1 - precision 1.0000 - recall 0.2128 - f1 0.3509 
INFO:root:VALID measures@100 microavg - precision 1.0000 - recall 1.0000 - f1 1.0000 
INFO:root:VALID measures@100 for class 0 - precision 0.0000 - recall 0.0000 - f1 0.0000 
INFO:root:VALID measures@100 for class 1 - precision 1.0000 - recall 1.0000 - f1 1.0000 
INFO:root:VALID measures@1000 microavg - precision 1.0000 - recall 1.0000 - f1 1.0000 
INFO:root:VALID measures@1000 for class 0 - precision 0.0000 - recall 0.0000 - f1 0.0000 
INFO:root:VALID measures@1000 for class 1 - precision 1.0000 - recall 1.0000 - f1 1.0000 
INFO:root:VALID Total epoch time: 0.06426562000024205
INFO:root:################ TEST epoch 71 ###################
INFO:root:TEST batch 1 / 7 - partial error 0.0000 - partial loss 0.0000 - partial MRR  0.0000 - partial MAP 1.0000
INFO:root:TEST batch 1 / 7 -  partial tp {0: tensor(0), 1: tensor(47)},fn {0: tensor(0), 1: tensor(0)},fp {0: tensor(0), 1: tensor(0)}
INFO:root:TEST batch 1 / 7 - measures partial microavg - precision 1.0000 - recall 1.0000 - f1 1.0000 
INFO:root:TEST batch 1 / 7 - measures partial for class 0 - precision 0.0000 - recall 0.0000 - f1 0.0000 
INFO:root:TEST batch 1 / 7 - measures partial for class 1 - precision 1.0000 - recall 1.0000 - f1 1.0000 
INFO:root:TEST batch 1 / 7 - Batch time 0 
INFO:root:TEST batch 2 / 7 - partial error 0.0106 - partial loss 8.7615 - partial MRR  0.0000 - partial MAP 0.9894
INFO:root:TEST batch 2 / 7 -  partial tp {0: tensor(0), 1: tensor(46)},fn {0: tensor(1), 1: tensor(0)},fp {0: tensor(0), 1: tensor(1)}
INFO:root:TEST batch 2 / 7 - measures partial microavg - precision 0.9787 - recall 0.9787 - f1 0.9787 
INFO:root:TEST batch 2 / 7 - measures partial for class 0 - precision 0.0000 - recall 0.0000 - f1 0.0000 
INFO:root:TEST batch 2 / 7 - measures partial for class 1 - precision 0.9787 - recall 1.0000 - f1 0.9892 
INFO:root:TEST batch 2 / 7 - Batch time 0 
INFO:root:TEST batch 3 / 7 - partial error 0.0071 - partial loss 5.8410 - partial MRR  0.0000 - partial MAP 0.9929
INFO:root:TEST batch 3 / 7 -  partial tp {0: tensor(0), 1: tensor(47)},fn {0: tensor(0), 1: tensor(0)},fp {0: tensor(0), 1: tensor(0)}
INFO:root:TEST batch 3 / 7 - measures partial microavg - precision 1.0000 - recall 1.0000 - f1 1.0000 
INFO:root:TEST batch 3 / 7 - measures partial for class 0 - precision 0.0000 - recall 0.0000 - f1 0.0000 
INFO:root:TEST batch 3 / 7 - measures partial for class 1 - precision 1.0000 - recall 1.0000 - f1 1.0000 
INFO:root:TEST batch 3 / 7 - Batch time 0 
INFO:root:TEST batch 4 / 7 - partial error 0.0053 - partial loss 4.3807 - partial MRR  0.0000 - partial MAP 0.9947
INFO:root:TEST batch 4 / 7 -  partial tp {0: tensor(0), 1: tensor(47)},fn {0: tensor(0), 1: tensor(0)},fp {0: tensor(0), 1: tensor(0)}
INFO:root:TEST batch 4 / 7 - measures partial microavg - precision 1.0000 - recall 1.0000 - f1 1.0000 
INFO:root:TEST batch 4 / 7 - measures partial for class 0 - precision 0.0000 - recall 0.0000 - f1 0.0000 
INFO:root:TEST batch 4 / 7 - measures partial for class 1 - precision 1.0000 - recall 1.0000 - f1 1.0000 
INFO:root:TEST batch 4 / 7 - Batch time 0 
INFO:root:TEST batch 5 / 7 - partial error 0.0043 - partial loss 3.5046 - partial MRR  0.0000 - partial MAP 0.9957
INFO:root:TEST batch 5 / 7 -  partial tp {0: tensor(0), 1: tensor(47)},fn {0: tensor(0), 1: tensor(0)},fp {0: tensor(0), 1: tensor(0)}
INFO:root:TEST batch 5 / 7 - measures partial microavg - precision 1.0000 - recall 1.0000 - f1 1.0000 
INFO:root:TEST batch 5 / 7 - measures partial for class 0 - precision 0.0000 - recall 0.0000 - f1 0.0000 
INFO:root:TEST batch 5 / 7 - measures partial for class 1 - precision 1.0000 - recall 1.0000 - f1 1.0000 
INFO:root:TEST batch 5 / 7 - Batch time 0 
INFO:root:TEST batch 6 / 7 - partial error 0.0035 - partial loss 2.9205 - partial MRR  0.0000 - partial MAP 0.9965
INFO:root:TEST batch 6 / 7 -  partial tp {0: tensor(0), 1: tensor(47)},fn {0: tensor(0), 1: tensor(0)},fp {0: tensor(0), 1: tensor(0)}
INFO:root:TEST batch 6 / 7 - measures partial microavg - precision 1.0000 - recall 1.0000 - f1 1.0000 
INFO:root:TEST batch 6 / 7 - measures partial for class 0 - precision 0.0000 - recall 0.0000 - f1 0.0000 
INFO:root:TEST batch 6 / 7 - measures partial for class 1 - precision 1.0000 - recall 1.0000 - f1 1.0000 
INFO:root:TEST batch 6 / 7 - Batch time 0 
INFO:root:TEST batch 7 / 7 - partial error 0.0030 - partial loss 2.5033 - partial MRR  0.0000 - partial MAP 0.9970
INFO:root:TEST batch 7 / 7 -  partial tp {0: tensor(0), 1: tensor(47)},fn {0: tensor(0), 1: tensor(0)},fp {0: tensor(0), 1: tensor(0)}
INFO:root:TEST batch 7 / 7 - measures partial microavg - precision 1.0000 - recall 1.0000 - f1 1.0000 
INFO:root:TEST batch 7 / 7 - measures partial for class 0 - precision 0.0000 - recall 0.0000 - f1 0.0000 
INFO:root:TEST batch 7 / 7 - measures partial for class 1 - precision 1.0000 - recall 1.0000 - f1 1.0000 
INFO:root:TEST batch 7 / 7 - Batch time 0 
INFO:root:TEST mean losses tensor(2.5033)
INFO:root:TEST mean errors 0.0030395134817808867
INFO:root:TEST mean MRR 0.0 - mean MAP 0.996960461139679
INFO:root:TEST tp {0: tensor(0), 1: tensor(328)},fn {0: tensor(1), 1: tensor(0)},fp {0: tensor(0), 1: tensor(1)}
INFO:root:TEST measures microavg - precision 0.9970 - recall 0.9970 - f1 0.9970 
INFO:root:TEST measures for class 0 - precision 0.0000 - recall 0.0000 - f1 0.0000 
INFO:root:TEST measures for class 1 - precision 0.9970 - recall 1.0000 - f1 0.9985 
INFO:root:TEST measures@10 microavg - precision 1.0000 - recall 0.2128 - f1 0.3509 
INFO:root:TEST measures@10 for class 0 - precision 0.0000 - recall 0.0000 - f1 0.0000 
INFO:root:TEST measures@10 for class 1 - precision 1.0000 - recall 0.2134 - f1 0.3518 
INFO:root:TEST measures@100 microavg - precision 0.9970 - recall 0.9970 - f1 0.9970 
INFO:root:TEST measures@100 for class 0 - precision 0.0000 - recall 0.0000 - f1 0.0000 
INFO:root:TEST measures@100 for class 1 - precision 0.9970 - recall 1.0000 - f1 0.9985 
INFO:root:TEST measures@1000 microavg - precision 0.9970 - recall 0.9970 - f1 0.9970 
INFO:root:TEST measures@1000 for class 0 - precision 0.0000 - recall 0.0000 - f1 0.0000 
INFO:root:TEST measures@1000 for class 1 - precision 0.9970 - recall 1.0000 - f1 0.9985 
INFO:root:TEST Total epoch time: 0.0833345430000918
INFO:root:################ TRAIN epoch 72 ###################
INFO:root:TRAIN mean losses tensor(0.)
INFO:root:TRAIN mean errors 0.0
INFO:root:TRAIN mean MRR 0.0 - mean MAP 1.0
INFO:root:TRAIN tp {0: tensor(0), 1: tensor(1410)},fn {0: tensor(0), 1: tensor(0)},fp {0: tensor(0), 1: tensor(0)}
INFO:root:TRAIN measures microavg - precision 1.0000 - recall 1.0000 - f1 1.0000 
INFO:root:TRAIN measures for class 0 - precision 0.0000 - recall 0.0000 - f1 0.0000 
INFO:root:TRAIN measures for class 1 - precision 1.0000 - recall 1.0000 - f1 1.0000 
INFO:root:TRAIN measures@10 microavg - precision 1.0000 - recall 0.2128 - f1 0.3509 
INFO:root:TRAIN measures@10 for class 0 - precision 0.0000 - recall 0.0000 - f1 0.0000 
INFO:root:TRAIN measures@10 for class 1 - precision 1.0000 - recall 0.2128 - f1 0.3509 
INFO:root:TRAIN measures@100 microavg - precision 1.0000 - recall 1.0000 - f1 1.0000 
INFO:root:TRAIN measures@100 for class 0 - precision 0.0000 - recall 0.0000 - f1 0.0000 
INFO:root:TRAIN measures@100 for class 1 - precision 1.0000 - recall 1.0000 - f1 1.0000 
INFO:root:TRAIN measures@1000 microavg - precision 1.0000 - recall 1.0000 - f1 1.0000 
INFO:root:TRAIN measures@1000 for class 0 - precision 0.0000 - recall 0.0000 - f1 0.0000 
INFO:root:TRAIN measures@1000 for class 1 - precision 1.0000 - recall 1.0000 - f1 1.0000 
INFO:root:TRAIN Total epoch time: 0.5198064779997367
INFO:root:################ VALID epoch 72 ###################
INFO:root:VALID mean losses tensor(0.)
INFO:root:VALID mean errors 0.0
INFO:root:VALID mean MRR 0.0 - mean MAP 1.0
INFO:root:VALID tp {0: tensor(0), 1: tensor(282)},fn {0: tensor(0), 1: tensor(0)},fp {0: tensor(0), 1: tensor(0)}
INFO:root:VALID measures microavg - precision 1.0000 - recall 1.0000 - f1 1.0000 
INFO:root:VALID measures for class 0 - precision 0.0000 - recall 0.0000 - f1 0.0000 
INFO:root:VALID measures for class 1 - precision 1.0000 - recall 1.0000 - f1 1.0000 
INFO:root:VALID measures@10 microavg - precision 1.0000 - recall 0.2128 - f1 0.3509 
INFO:root:VALID measures@10 for class 0 - precision 0.0000 - recall 0.0000 - f1 0.0000 
INFO:root:VALID measures@10 for class 1 - precision 1.0000 - recall 0.2128 - f1 0.3509 
INFO:root:VALID measures@100 microavg - precision 1.0000 - recall 1.0000 - f1 1.0000 
INFO:root:VALID measures@100 for class 0 - precision 0.0000 - recall 0.0000 - f1 0.0000 
INFO:root:VALID measures@100 for class 1 - precision 1.0000 - recall 1.0000 - f1 1.0000 
INFO:root:VALID measures@1000 microavg - precision 1.0000 - recall 1.0000 - f1 1.0000 
INFO:root:VALID measures@1000 for class 0 - precision 0.0000 - recall 0.0000 - f1 0.0000 
INFO:root:VALID measures@1000 for class 1 - precision 1.0000 - recall 1.0000 - f1 1.0000 
INFO:root:VALID Total epoch time: 0.06404531799989854
INFO:root:################ TEST epoch 72 ###################
INFO:root:TEST batch 1 / 7 - partial error 0.0000 - partial loss 0.0000 - partial MRR  0.0000 - partial MAP 1.0000
INFO:root:TEST batch 1 / 7 -  partial tp {0: tensor(0), 1: tensor(47)},fn {0: tensor(0), 1: tensor(0)},fp {0: tensor(0), 1: tensor(0)}
INFO:root:TEST batch 1 / 7 - measures partial microavg - precision 1.0000 - recall 1.0000 - f1 1.0000 
INFO:root:TEST batch 1 / 7 - measures partial for class 0 - precision 0.0000 - recall 0.0000 - f1 0.0000 
INFO:root:TEST batch 1 / 7 - measures partial for class 1 - precision 1.0000 - recall 1.0000 - f1 1.0000 
INFO:root:TEST batch 1 / 7 - Batch time 0 
INFO:root:TEST batch 2 / 7 - partial error 0.0106 - partial loss 8.6860 - partial MRR  0.0000 - partial MAP 0.9894
INFO:root:TEST batch 2 / 7 -  partial tp {0: tensor(0), 1: tensor(46)},fn {0: tensor(1), 1: tensor(0)},fp {0: tensor(0), 1: tensor(1)}
INFO:root:TEST batch 2 / 7 - measures partial microavg - precision 0.9787 - recall 0.9787 - f1 0.9787 
INFO:root:TEST batch 2 / 7 - measures partial for class 0 - precision 0.0000 - recall 0.0000 - f1 0.0000 
INFO:root:TEST batch 2 / 7 - measures partial for class 1 - precision 0.9787 - recall 1.0000 - f1 0.9892 
INFO:root:TEST batch 2 / 7 - Batch time 0 
INFO:root:TEST batch 3 / 7 - partial error 0.0071 - partial loss 5.7906 - partial MRR  0.0000 - partial MAP 0.9929
INFO:root:TEST batch 3 / 7 -  partial tp {0: tensor(0), 1: tensor(47)},fn {0: tensor(0), 1: tensor(0)},fp {0: tensor(0), 1: tensor(0)}
INFO:root:TEST batch 3 / 7 - measures partial microavg - precision 1.0000 - recall 1.0000 - f1 1.0000 
INFO:root:TEST batch 3 / 7 - measures partial for class 0 - precision 0.0000 - recall 0.0000 - f1 0.0000 
INFO:root:TEST batch 3 / 7 - measures partial for class 1 - precision 1.0000 - recall 1.0000 - f1 1.0000 
INFO:root:TEST batch 3 / 7 - Batch time 0 
INFO:root:TEST batch 4 / 7 - partial error 0.0053 - partial loss 4.3430 - partial MRR  0.0000 - partial MAP 0.9947
INFO:root:TEST batch 4 / 7 -  partial tp {0: tensor(0), 1: tensor(47)},fn {0: tensor(0), 1: tensor(0)},fp {0: tensor(0), 1: tensor(0)}
INFO:root:TEST batch 4 / 7 - measures partial microavg - precision 1.0000 - recall 1.0000 - f1 1.0000 
INFO:root:TEST batch 4 / 7 - measures partial for class 0 - precision 0.0000 - recall 0.0000 - f1 0.0000 
INFO:root:TEST batch 4 / 7 - measures partial for class 1 - precision 1.0000 - recall 1.0000 - f1 1.0000 
INFO:root:TEST batch 4 / 7 - Batch time 0 
INFO:root:TEST batch 5 / 7 - partial error 0.0043 - partial loss 3.4744 - partial MRR  0.0000 - partial MAP 0.9957
INFO:root:TEST batch 5 / 7 -  partial tp {0: tensor(0), 1: tensor(47)},fn {0: tensor(0), 1: tensor(0)},fp {0: tensor(0), 1: tensor(0)}
INFO:root:TEST batch 5 / 7 - measures partial microavg - precision 1.0000 - recall 1.0000 - f1 1.0000 
INFO:root:TEST batch 5 / 7 - measures partial for class 0 - precision 0.0000 - recall 0.0000 - f1 0.0000 
INFO:root:TEST batch 5 / 7 - measures partial for class 1 - precision 1.0000 - recall 1.0000 - f1 1.0000 
INFO:root:TEST batch 5 / 7 - Batch time 0 
INFO:root:TEST batch 6 / 7 - partial error 0.0035 - partial loss 2.8953 - partial MRR  0.0000 - partial MAP 0.9965
INFO:root:TEST batch 6 / 7 -  partial tp {0: tensor(0), 1: tensor(47)},fn {0: tensor(0), 1: tensor(0)},fp {0: tensor(0), 1: tensor(0)}
INFO:root:TEST batch 6 / 7 - measures partial microavg - precision 1.0000 - recall 1.0000 - f1 1.0000 
INFO:root:TEST batch 6 / 7 - measures partial for class 0 - precision 0.0000 - recall 0.0000 - f1 0.0000 
INFO:root:TEST batch 6 / 7 - measures partial for class 1 - precision 1.0000 - recall 1.0000 - f1 1.0000 
INFO:root:TEST batch 6 / 7 - Batch time 0 
INFO:root:TEST batch 7 / 7 - partial error 0.0030 - partial loss 2.4817 - partial MRR  0.0000 - partial MAP 0.9970
INFO:root:TEST batch 7 / 7 -  partial tp {0: tensor(0), 1: tensor(47)},fn {0: tensor(0), 1: tensor(0)},fp {0: tensor(0), 1: tensor(0)}
INFO:root:TEST batch 7 / 7 - measures partial microavg - precision 1.0000 - recall 1.0000 - f1 1.0000 
INFO:root:TEST batch 7 / 7 - measures partial for class 0 - precision 0.0000 - recall 0.0000 - f1 0.0000 
INFO:root:TEST batch 7 / 7 - measures partial for class 1 - precision 1.0000 - recall 1.0000 - f1 1.0000 
INFO:root:TEST batch 7 / 7 - Batch time 0 
INFO:root:TEST mean losses tensor(2.4817)
INFO:root:TEST mean errors 0.0030395134817808867
INFO:root:TEST mean MRR 0.0 - mean MAP 0.996960461139679
INFO:root:TEST tp {0: tensor(0), 1: tensor(328)},fn {0: tensor(1), 1: tensor(0)},fp {0: tensor(0), 1: tensor(1)}
INFO:root:TEST measures microavg - precision 0.9970 - recall 0.9970 - f1 0.9970 
INFO:root:TEST measures for class 0 - precision 0.0000 - recall 0.0000 - f1 0.0000 
INFO:root:TEST measures for class 1 - precision 0.9970 - recall 1.0000 - f1 0.9985 
INFO:root:TEST measures@10 microavg - precision 1.0000 - recall 0.2128 - f1 0.3509 
INFO:root:TEST measures@10 for class 0 - precision 0.0000 - recall 0.0000 - f1 0.0000 
INFO:root:TEST measures@10 for class 1 - precision 1.0000 - recall 0.2134 - f1 0.3518 
INFO:root:TEST measures@100 microavg - precision 0.9970 - recall 0.9970 - f1 0.9970 
INFO:root:TEST measures@100 for class 0 - precision 0.0000 - recall 0.0000 - f1 0.0000 
INFO:root:TEST measures@100 for class 1 - precision 0.9970 - recall 1.0000 - f1 0.9985 
INFO:root:TEST measures@1000 microavg - precision 0.9970 - recall 0.9970 - f1 0.9970 
INFO:root:TEST measures@1000 for class 0 - precision 0.0000 - recall 0.0000 - f1 0.0000 
INFO:root:TEST measures@1000 for class 1 - precision 0.9970 - recall 1.0000 - f1 0.9985 
INFO:root:TEST Total epoch time: 0.08260977400004776
INFO:root:################ TRAIN epoch 73 ###################
INFO:root:TRAIN mean losses tensor(0.)
INFO:root:TRAIN mean errors 0.0
INFO:root:TRAIN mean MRR 0.0 - mean MAP 1.0
INFO:root:TRAIN tp {0: tensor(0), 1: tensor(1410)},fn {0: tensor(0), 1: tensor(0)},fp {0: tensor(0), 1: tensor(0)}
INFO:root:TRAIN measures microavg - precision 1.0000 - recall 1.0000 - f1 1.0000 
INFO:root:TRAIN measures for class 0 - precision 0.0000 - recall 0.0000 - f1 0.0000 
INFO:root:TRAIN measures for class 1 - precision 1.0000 - recall 1.0000 - f1 1.0000 
INFO:root:TRAIN measures@10 microavg - precision 1.0000 - recall 0.2128 - f1 0.3509 
INFO:root:TRAIN measures@10 for class 0 - precision 0.0000 - recall 0.0000 - f1 0.0000 
INFO:root:TRAIN measures@10 for class 1 - precision 1.0000 - recall 0.2128 - f1 0.3509 
INFO:root:TRAIN measures@100 microavg - precision 1.0000 - recall 1.0000 - f1 1.0000 
INFO:root:TRAIN measures@100 for class 0 - precision 0.0000 - recall 0.0000 - f1 0.0000 
INFO:root:TRAIN measures@100 for class 1 - precision 1.0000 - recall 1.0000 - f1 1.0000 
INFO:root:TRAIN measures@1000 microavg - precision 1.0000 - recall 1.0000 - f1 1.0000 
INFO:root:TRAIN measures@1000 for class 0 - precision 0.0000 - recall 0.0000 - f1 0.0000 
INFO:root:TRAIN measures@1000 for class 1 - precision 1.0000 - recall 1.0000 - f1 1.0000 
INFO:root:TRAIN Total epoch time: 0.5199926450000021
INFO:root:################ VALID epoch 73 ###################
INFO:root:VALID mean losses tensor(0.)
INFO:root:VALID mean errors 0.0
INFO:root:VALID mean MRR 0.0 - mean MAP 1.0
INFO:root:VALID tp {0: tensor(0), 1: tensor(282)},fn {0: tensor(0), 1: tensor(0)},fp {0: tensor(0), 1: tensor(0)}
INFO:root:VALID measures microavg - precision 1.0000 - recall 1.0000 - f1 1.0000 
INFO:root:VALID measures for class 0 - precision 0.0000 - recall 0.0000 - f1 0.0000 
INFO:root:VALID measures for class 1 - precision 1.0000 - recall 1.0000 - f1 1.0000 
INFO:root:VALID measures@10 microavg - precision 1.0000 - recall 0.2128 - f1 0.3509 
INFO:root:VALID measures@10 for class 0 - precision 0.0000 - recall 0.0000 - f1 0.0000 
INFO:root:VALID measures@10 for class 1 - precision 1.0000 - recall 0.2128 - f1 0.3509 
INFO:root:VALID measures@100 microavg - precision 1.0000 - recall 1.0000 - f1 1.0000 
INFO:root:VALID measures@100 for class 0 - precision 0.0000 - recall 0.0000 - f1 0.0000 
INFO:root:VALID measures@100 for class 1 - precision 1.0000 - recall 1.0000 - f1 1.0000 
INFO:root:VALID measures@1000 microavg - precision 1.0000 - recall 1.0000 - f1 1.0000 
INFO:root:VALID measures@1000 for class 0 - precision 0.0000 - recall 0.0000 - f1 0.0000 
INFO:root:VALID measures@1000 for class 1 - precision 1.0000 - recall 1.0000 - f1 1.0000 
INFO:root:VALID Total epoch time: 0.06408446199975515
INFO:root:################ TEST epoch 73 ###################
INFO:root:TEST batch 1 / 7 - partial error 0.0000 - partial loss 0.0000 - partial MRR  0.0000 - partial MAP 1.0000
INFO:root:TEST batch 1 / 7 -  partial tp {0: tensor(0), 1: tensor(47)},fn {0: tensor(0), 1: tensor(0)},fp {0: tensor(0), 1: tensor(0)}
INFO:root:TEST batch 1 / 7 - measures partial microavg - precision 1.0000 - recall 1.0000 - f1 1.0000 
INFO:root:TEST batch 1 / 7 - measures partial for class 0 - precision 0.0000 - recall 0.0000 - f1 0.0000 
INFO:root:TEST batch 1 / 7 - measures partial for class 1 - precision 1.0000 - recall 1.0000 - f1 1.0000 
INFO:root:TEST batch 1 / 7 - Batch time 0 
INFO:root:TEST batch 2 / 7 - partial error 0.0106 - partial loss 9.0029 - partial MRR  0.0000 - partial MAP 0.9894
INFO:root:TEST batch 2 / 7 -  partial tp {0: tensor(0), 1: tensor(46)},fn {0: tensor(1), 1: tensor(0)},fp {0: tensor(0), 1: tensor(1)}
INFO:root:TEST batch 2 / 7 - measures partial microavg - precision 0.9787 - recall 0.9787 - f1 0.9787 
INFO:root:TEST batch 2 / 7 - measures partial for class 0 - precision 0.0000 - recall 0.0000 - f1 0.0000 
INFO:root:TEST batch 2 / 7 - measures partial for class 1 - precision 0.9787 - recall 1.0000 - f1 0.9892 
INFO:root:TEST batch 2 / 7 - Batch time 0 
INFO:root:TEST batch 3 / 7 - partial error 0.0071 - partial loss 6.0019 - partial MRR  0.0000 - partial MAP 0.9929
INFO:root:TEST batch 3 / 7 -  partial tp {0: tensor(0), 1: tensor(47)},fn {0: tensor(0), 1: tensor(0)},fp {0: tensor(0), 1: tensor(0)}
INFO:root:TEST batch 3 / 7 - measures partial microavg - precision 1.0000 - recall 1.0000 - f1 1.0000 
INFO:root:TEST batch 3 / 7 - measures partial for class 0 - precision 0.0000 - recall 0.0000 - f1 0.0000 
INFO:root:TEST batch 3 / 7 - measures partial for class 1 - precision 1.0000 - recall 1.0000 - f1 1.0000 
INFO:root:TEST batch 3 / 7 - Batch time 0 
INFO:root:TEST batch 4 / 7 - partial error 0.0053 - partial loss 4.5014 - partial MRR  0.0000 - partial MAP 0.9947
INFO:root:TEST batch 4 / 7 -  partial tp {0: tensor(0), 1: tensor(47)},fn {0: tensor(0), 1: tensor(0)},fp {0: tensor(0), 1: tensor(0)}
INFO:root:TEST batch 4 / 7 - measures partial microavg - precision 1.0000 - recall 1.0000 - f1 1.0000 
INFO:root:TEST batch 4 / 7 - measures partial for class 0 - precision 0.0000 - recall 0.0000 - f1 0.0000 
INFO:root:TEST batch 4 / 7 - measures partial for class 1 - precision 1.0000 - recall 1.0000 - f1 1.0000 
INFO:root:TEST batch 4 / 7 - Batch time 0 
INFO:root:TEST batch 5 / 7 - partial error 0.0043 - partial loss 3.6012 - partial MRR  0.0000 - partial MAP 0.9957
INFO:root:TEST batch 5 / 7 -  partial tp {0: tensor(0), 1: tensor(47)},fn {0: tensor(0), 1: tensor(0)},fp {0: tensor(0), 1: tensor(0)}
INFO:root:TEST batch 5 / 7 - measures partial microavg - precision 1.0000 - recall 1.0000 - f1 1.0000 
INFO:root:TEST batch 5 / 7 - measures partial for class 0 - precision 0.0000 - recall 0.0000 - f1 0.0000 
INFO:root:TEST batch 5 / 7 - measures partial for class 1 - precision 1.0000 - recall 1.0000 - f1 1.0000 
INFO:root:TEST batch 5 / 7 - Batch time 0 
INFO:root:TEST batch 6 / 7 - partial error 0.0035 - partial loss 3.0010 - partial MRR  0.0000 - partial MAP 0.9965
INFO:root:TEST batch 6 / 7 -  partial tp {0: tensor(0), 1: tensor(47)},fn {0: tensor(0), 1: tensor(0)},fp {0: tensor(0), 1: tensor(0)}
INFO:root:TEST batch 6 / 7 - measures partial microavg - precision 1.0000 - recall 1.0000 - f1 1.0000 
INFO:root:TEST batch 6 / 7 - measures partial for class 0 - precision 0.0000 - recall 0.0000 - f1 0.0000 
INFO:root:TEST batch 6 / 7 - measures partial for class 1 - precision 1.0000 - recall 1.0000 - f1 1.0000 
INFO:root:TEST batch 6 / 7 - Batch time 0 
INFO:root:TEST batch 7 / 7 - partial error 0.0030 - partial loss 2.5723 - partial MRR  0.0000 - partial MAP 0.9970
INFO:root:TEST batch 7 / 7 -  partial tp {0: tensor(0), 1: tensor(47)},fn {0: tensor(0), 1: tensor(0)},fp {0: tensor(0), 1: tensor(0)}
INFO:root:TEST batch 7 / 7 - measures partial microavg - precision 1.0000 - recall 1.0000 - f1 1.0000 
INFO:root:TEST batch 7 / 7 - measures partial for class 0 - precision 0.0000 - recall 0.0000 - f1 0.0000 
INFO:root:TEST batch 7 / 7 - measures partial for class 1 - precision 1.0000 - recall 1.0000 - f1 1.0000 
INFO:root:TEST batch 7 / 7 - Batch time 0 
INFO:root:TEST mean losses tensor(2.5723)
INFO:root:TEST mean errors 0.0030395134817808867
INFO:root:TEST mean MRR 0.0 - mean MAP 0.996960461139679
INFO:root:TEST tp {0: tensor(0), 1: tensor(328)},fn {0: tensor(1), 1: tensor(0)},fp {0: tensor(0), 1: tensor(1)}
INFO:root:TEST measures microavg - precision 0.9970 - recall 0.9970 - f1 0.9970 
INFO:root:TEST measures for class 0 - precision 0.0000 - recall 0.0000 - f1 0.0000 
INFO:root:TEST measures for class 1 - precision 0.9970 - recall 1.0000 - f1 0.9985 
INFO:root:TEST measures@10 microavg - precision 1.0000 - recall 0.2128 - f1 0.3509 
INFO:root:TEST measures@10 for class 0 - precision 0.0000 - recall 0.0000 - f1 0.0000 
INFO:root:TEST measures@10 for class 1 - precision 1.0000 - recall 0.2134 - f1 0.3518 
INFO:root:TEST measures@100 microavg - precision 0.9970 - recall 0.9970 - f1 0.9970 
INFO:root:TEST measures@100 for class 0 - precision 0.0000 - recall 0.0000 - f1 0.0000 
INFO:root:TEST measures@100 for class 1 - precision 0.9970 - recall 1.0000 - f1 0.9985 
INFO:root:TEST measures@1000 microavg - precision 0.9970 - recall 0.9970 - f1 0.9970 
INFO:root:TEST measures@1000 for class 0 - precision 0.0000 - recall 0.0000 - f1 0.0000 
INFO:root:TEST measures@1000 for class 1 - precision 0.9970 - recall 1.0000 - f1 0.9985 
INFO:root:TEST Total epoch time: 0.08174979200020971
INFO:root:################ TRAIN epoch 74 ###################
INFO:root:TRAIN mean losses tensor(0.)
INFO:root:TRAIN mean errors 0.0
INFO:root:TRAIN mean MRR 0.0 - mean MAP 1.0
INFO:root:TRAIN tp {0: tensor(0), 1: tensor(1410)},fn {0: tensor(0), 1: tensor(0)},fp {0: tensor(0), 1: tensor(0)}
INFO:root:TRAIN measures microavg - precision 1.0000 - recall 1.0000 - f1 1.0000 
INFO:root:TRAIN measures for class 0 - precision 0.0000 - recall 0.0000 - f1 0.0000 
INFO:root:TRAIN measures for class 1 - precision 1.0000 - recall 1.0000 - f1 1.0000 
INFO:root:TRAIN measures@10 microavg - precision 1.0000 - recall 0.2128 - f1 0.3509 
INFO:root:TRAIN measures@10 for class 0 - precision 0.0000 - recall 0.0000 - f1 0.0000 
INFO:root:TRAIN measures@10 for class 1 - precision 1.0000 - recall 0.2128 - f1 0.3509 
INFO:root:TRAIN measures@100 microavg - precision 1.0000 - recall 1.0000 - f1 1.0000 
INFO:root:TRAIN measures@100 for class 0 - precision 0.0000 - recall 0.0000 - f1 0.0000 
INFO:root:TRAIN measures@100 for class 1 - precision 1.0000 - recall 1.0000 - f1 1.0000 
INFO:root:TRAIN measures@1000 microavg - precision 1.0000 - recall 1.0000 - f1 1.0000 
INFO:root:TRAIN measures@1000 for class 0 - precision 0.0000 - recall 0.0000 - f1 0.0000 
INFO:root:TRAIN measures@1000 for class 1 - precision 1.0000 - recall 1.0000 - f1 1.0000 
INFO:root:TRAIN Total epoch time: 0.5226195350001035
INFO:root:################ VALID epoch 74 ###################
INFO:root:VALID mean losses tensor(0.)
INFO:root:VALID mean errors 0.0
INFO:root:VALID mean MRR 0.0 - mean MAP 1.0
INFO:root:VALID tp {0: tensor(0), 1: tensor(282)},fn {0: tensor(0), 1: tensor(0)},fp {0: tensor(0), 1: tensor(0)}
INFO:root:VALID measures microavg - precision 1.0000 - recall 1.0000 - f1 1.0000 
INFO:root:VALID measures for class 0 - precision 0.0000 - recall 0.0000 - f1 0.0000 
INFO:root:VALID measures for class 1 - precision 1.0000 - recall 1.0000 - f1 1.0000 
INFO:root:VALID measures@10 microavg - precision 1.0000 - recall 0.2128 - f1 0.3509 
INFO:root:VALID measures@10 for class 0 - precision 0.0000 - recall 0.0000 - f1 0.0000 
INFO:root:VALID measures@10 for class 1 - precision 1.0000 - recall 0.2128 - f1 0.3509 
INFO:root:VALID measures@100 microavg - precision 1.0000 - recall 1.0000 - f1 1.0000 
INFO:root:VALID measures@100 for class 0 - precision 0.0000 - recall 0.0000 - f1 0.0000 
INFO:root:VALID measures@100 for class 1 - precision 1.0000 - recall 1.0000 - f1 1.0000 
INFO:root:VALID measures@1000 microavg - precision 1.0000 - recall 1.0000 - f1 1.0000 
INFO:root:VALID measures@1000 for class 0 - precision 0.0000 - recall 0.0000 - f1 0.0000 
INFO:root:VALID measures@1000 for class 1 - precision 1.0000 - recall 1.0000 - f1 1.0000 
INFO:root:VALID Total epoch time: 0.06458577599960336
INFO:root:################ TEST epoch 74 ###################
INFO:root:TEST batch 1 / 7 - partial error 0.0000 - partial loss 0.0000 - partial MRR  0.0000 - partial MAP 1.0000
INFO:root:TEST batch 1 / 7 -  partial tp {0: tensor(0), 1: tensor(47)},fn {0: tensor(0), 1: tensor(0)},fp {0: tensor(0), 1: tensor(0)}
INFO:root:TEST batch 1 / 7 - measures partial microavg - precision 1.0000 - recall 1.0000 - f1 1.0000 
INFO:root:TEST batch 1 / 7 - measures partial for class 0 - precision 0.0000 - recall 0.0000 - f1 0.0000 
INFO:root:TEST batch 1 / 7 - measures partial for class 1 - precision 1.0000 - recall 1.0000 - f1 1.0000 
INFO:root:TEST batch 1 / 7 - Batch time 0 
INFO:root:TEST batch 2 / 7 - partial error 0.0106 - partial loss 9.0509 - partial MRR  0.0000 - partial MAP 0.9894
INFO:root:TEST batch 2 / 7 -  partial tp {0: tensor(0), 1: tensor(46)},fn {0: tensor(1), 1: tensor(0)},fp {0: tensor(0), 1: tensor(1)}
INFO:root:TEST batch 2 / 7 - measures partial microavg - precision 0.9787 - recall 0.9787 - f1 0.9787 
INFO:root:TEST batch 2 / 7 - measures partial for class 0 - precision 0.0000 - recall 0.0000 - f1 0.0000 
INFO:root:TEST batch 2 / 7 - measures partial for class 1 - precision 0.9787 - recall 1.0000 - f1 0.9892 
INFO:root:TEST batch 2 / 7 - Batch time 0 
INFO:root:TEST batch 3 / 7 - partial error 0.0071 - partial loss 6.0340 - partial MRR  0.0000 - partial MAP 0.9929
INFO:root:TEST batch 3 / 7 -  partial tp {0: tensor(0), 1: tensor(47)},fn {0: tensor(0), 1: tensor(0)},fp {0: tensor(0), 1: tensor(0)}
INFO:root:TEST batch 3 / 7 - measures partial microavg - precision 1.0000 - recall 1.0000 - f1 1.0000 
INFO:root:TEST batch 3 / 7 - measures partial for class 0 - precision 0.0000 - recall 0.0000 - f1 0.0000 
INFO:root:TEST batch 3 / 7 - measures partial for class 1 - precision 1.0000 - recall 1.0000 - f1 1.0000 
INFO:root:TEST batch 3 / 7 - Batch time 0 
INFO:root:TEST batch 4 / 7 - partial error 0.0053 - partial loss 4.5255 - partial MRR  0.0000 - partial MAP 0.9947
INFO:root:TEST batch 4 / 7 -  partial tp {0: tensor(0), 1: tensor(47)},fn {0: tensor(0), 1: tensor(0)},fp {0: tensor(0), 1: tensor(0)}
INFO:root:TEST batch 4 / 7 - measures partial microavg - precision 1.0000 - recall 1.0000 - f1 1.0000 
INFO:root:TEST batch 4 / 7 - measures partial for class 0 - precision 0.0000 - recall 0.0000 - f1 0.0000 
INFO:root:TEST batch 4 / 7 - measures partial for class 1 - precision 1.0000 - recall 1.0000 - f1 1.0000 
INFO:root:TEST batch 4 / 7 - Batch time 0 
INFO:root:TEST batch 5 / 7 - partial error 0.0043 - partial loss 3.6204 - partial MRR  0.0000 - partial MAP 0.9957
INFO:root:TEST batch 5 / 7 -  partial tp {0: tensor(0), 1: tensor(47)},fn {0: tensor(0), 1: tensor(0)},fp {0: tensor(0), 1: tensor(0)}
INFO:root:TEST batch 5 / 7 - measures partial microavg - precision 1.0000 - recall 1.0000 - f1 1.0000 
INFO:root:TEST batch 5 / 7 - measures partial for class 0 - precision 0.0000 - recall 0.0000 - f1 0.0000 
INFO:root:TEST batch 5 / 7 - measures partial for class 1 - precision 1.0000 - recall 1.0000 - f1 1.0000 
INFO:root:TEST batch 5 / 7 - Batch time 0 
INFO:root:TEST batch 6 / 7 - partial error 0.0035 - partial loss 3.0170 - partial MRR  0.0000 - partial MAP 0.9965
INFO:root:TEST batch 6 / 7 -  partial tp {0: tensor(0), 1: tensor(47)},fn {0: tensor(0), 1: tensor(0)},fp {0: tensor(0), 1: tensor(0)}
INFO:root:TEST batch 6 / 7 - measures partial microavg - precision 1.0000 - recall 1.0000 - f1 1.0000 
INFO:root:TEST batch 6 / 7 - measures partial for class 0 - precision 0.0000 - recall 0.0000 - f1 0.0000 
INFO:root:TEST batch 6 / 7 - measures partial for class 1 - precision 1.0000 - recall 1.0000 - f1 1.0000 
INFO:root:TEST batch 6 / 7 - Batch time 0 
INFO:root:TEST batch 7 / 7 - partial error 0.0030 - partial loss 2.5860 - partial MRR  0.0000 - partial MAP 0.9970
INFO:root:TEST batch 7 / 7 -  partial tp {0: tensor(0), 1: tensor(47)},fn {0: tensor(0), 1: tensor(0)},fp {0: tensor(0), 1: tensor(0)}
INFO:root:TEST batch 7 / 7 - measures partial microavg - precision 1.0000 - recall 1.0000 - f1 1.0000 
INFO:root:TEST batch 7 / 7 - measures partial for class 0 - precision 0.0000 - recall 0.0000 - f1 0.0000 
INFO:root:TEST batch 7 / 7 - measures partial for class 1 - precision 1.0000 - recall 1.0000 - f1 1.0000 
INFO:root:TEST batch 7 / 7 - Batch time 0 
INFO:root:TEST mean losses tensor(2.5860)
INFO:root:TEST mean errors 0.0030395134817808867
INFO:root:TEST mean MRR 0.0 - mean MAP 0.996960461139679
INFO:root:TEST tp {0: tensor(0), 1: tensor(328)},fn {0: tensor(1), 1: tensor(0)},fp {0: tensor(0), 1: tensor(1)}
INFO:root:TEST measures microavg - precision 0.9970 - recall 0.9970 - f1 0.9970 
INFO:root:TEST measures for class 0 - precision 0.0000 - recall 0.0000 - f1 0.0000 
INFO:root:TEST measures for class 1 - precision 0.9970 - recall 1.0000 - f1 0.9985 
INFO:root:TEST measures@10 microavg - precision 1.0000 - recall 0.2128 - f1 0.3509 
INFO:root:TEST measures@10 for class 0 - precision 0.0000 - recall 0.0000 - f1 0.0000 
INFO:root:TEST measures@10 for class 1 - precision 1.0000 - recall 0.2134 - f1 0.3518 
INFO:root:TEST measures@100 microavg - precision 0.9970 - recall 0.9970 - f1 0.9970 
INFO:root:TEST measures@100 for class 0 - precision 0.0000 - recall 0.0000 - f1 0.0000 
INFO:root:TEST measures@100 for class 1 - precision 0.9970 - recall 1.0000 - f1 0.9985 
INFO:root:TEST measures@1000 microavg - precision 0.9970 - recall 0.9970 - f1 0.9970 
INFO:root:TEST measures@1000 for class 0 - precision 0.0000 - recall 0.0000 - f1 0.0000 
INFO:root:TEST measures@1000 for class 1 - precision 0.9970 - recall 1.0000 - f1 0.9985 
INFO:root:TEST Total epoch time: 0.08275623400004406
INFO:root:################ TRAIN epoch 75 ###################
INFO:root:TRAIN mean losses tensor(0.)
INFO:root:TRAIN mean errors 0.0
INFO:root:TRAIN mean MRR 0.0 - mean MAP 1.0
INFO:root:TRAIN tp {0: tensor(0), 1: tensor(1410)},fn {0: tensor(0), 1: tensor(0)},fp {0: tensor(0), 1: tensor(0)}
INFO:root:TRAIN measures microavg - precision 1.0000 - recall 1.0000 - f1 1.0000 
INFO:root:TRAIN measures for class 0 - precision 0.0000 - recall 0.0000 - f1 0.0000 
INFO:root:TRAIN measures for class 1 - precision 1.0000 - recall 1.0000 - f1 1.0000 
INFO:root:TRAIN measures@10 microavg - precision 1.0000 - recall 0.2128 - f1 0.3509 
INFO:root:TRAIN measures@10 for class 0 - precision 0.0000 - recall 0.0000 - f1 0.0000 
INFO:root:TRAIN measures@10 for class 1 - precision 1.0000 - recall 0.2128 - f1 0.3509 
INFO:root:TRAIN measures@100 microavg - precision 1.0000 - recall 1.0000 - f1 1.0000 
INFO:root:TRAIN measures@100 for class 0 - precision 0.0000 - recall 0.0000 - f1 0.0000 
INFO:root:TRAIN measures@100 for class 1 - precision 1.0000 - recall 1.0000 - f1 1.0000 
INFO:root:TRAIN measures@1000 microavg - precision 1.0000 - recall 1.0000 - f1 1.0000 
INFO:root:TRAIN measures@1000 for class 0 - precision 0.0000 - recall 0.0000 - f1 0.0000 
INFO:root:TRAIN measures@1000 for class 1 - precision 1.0000 - recall 1.0000 - f1 1.0000 
INFO:root:TRAIN Total epoch time: 0.5078529770003115
INFO:root:################ VALID epoch 75 ###################
INFO:root:VALID mean losses tensor(0.)
INFO:root:VALID mean errors 0.0
INFO:root:VALID mean MRR 0.0 - mean MAP 1.0
INFO:root:VALID tp {0: tensor(0), 1: tensor(282)},fn {0: tensor(0), 1: tensor(0)},fp {0: tensor(0), 1: tensor(0)}
INFO:root:VALID measures microavg - precision 1.0000 - recall 1.0000 - f1 1.0000 
INFO:root:VALID measures for class 0 - precision 0.0000 - recall 0.0000 - f1 0.0000 
INFO:root:VALID measures for class 1 - precision 1.0000 - recall 1.0000 - f1 1.0000 
INFO:root:VALID measures@10 microavg - precision 1.0000 - recall 0.2128 - f1 0.3509 
INFO:root:VALID measures@10 for class 0 - precision 0.0000 - recall 0.0000 - f1 0.0000 
INFO:root:VALID measures@10 for class 1 - precision 1.0000 - recall 0.2128 - f1 0.3509 
INFO:root:VALID measures@100 microavg - precision 1.0000 - recall 1.0000 - f1 1.0000 
INFO:root:VALID measures@100 for class 0 - precision 0.0000 - recall 0.0000 - f1 0.0000 
INFO:root:VALID measures@100 for class 1 - precision 1.0000 - recall 1.0000 - f1 1.0000 
INFO:root:VALID measures@1000 microavg - precision 1.0000 - recall 1.0000 - f1 1.0000 
INFO:root:VALID measures@1000 for class 0 - precision 0.0000 - recall 0.0000 - f1 0.0000 
INFO:root:VALID measures@1000 for class 1 - precision 1.0000 - recall 1.0000 - f1 1.0000 
INFO:root:VALID Total epoch time: 0.059945395000340795
INFO:root:################ TEST epoch 75 ###################
INFO:root:TEST batch 1 / 7 - partial error 0.0000 - partial loss 0.0000 - partial MRR  0.0000 - partial MAP 1.0000
INFO:root:TEST batch 1 / 7 -  partial tp {0: tensor(0), 1: tensor(47)},fn {0: tensor(0), 1: tensor(0)},fp {0: tensor(0), 1: tensor(0)}
INFO:root:TEST batch 1 / 7 - measures partial microavg - precision 1.0000 - recall 1.0000 - f1 1.0000 
INFO:root:TEST batch 1 / 7 - measures partial for class 0 - precision 0.0000 - recall 0.0000 - f1 0.0000 
INFO:root:TEST batch 1 / 7 - measures partial for class 1 - precision 1.0000 - recall 1.0000 - f1 1.0000 
INFO:root:TEST batch 1 / 7 - Batch time 0 
INFO:root:TEST batch 2 / 7 - partial error 0.0106 - partial loss 8.5738 - partial MRR  0.0000 - partial MAP 0.9894
INFO:root:TEST batch 2 / 7 -  partial tp {0: tensor(0), 1: tensor(46)},fn {0: tensor(1), 1: tensor(0)},fp {0: tensor(0), 1: tensor(1)}
INFO:root:TEST batch 2 / 7 - measures partial microavg - precision 0.9787 - recall 0.9787 - f1 0.9787 
INFO:root:TEST batch 2 / 7 - measures partial for class 0 - precision 0.0000 - recall 0.0000 - f1 0.0000 
INFO:root:TEST batch 2 / 7 - measures partial for class 1 - precision 0.9787 - recall 1.0000 - f1 0.9892 
INFO:root:TEST batch 2 / 7 - Batch time 0 
INFO:root:TEST batch 3 / 7 - partial error 0.0071 - partial loss 5.7158 - partial MRR  0.0000 - partial MAP 0.9929
INFO:root:TEST batch 3 / 7 -  partial tp {0: tensor(0), 1: tensor(47)},fn {0: tensor(0), 1: tensor(0)},fp {0: tensor(0), 1: tensor(0)}
INFO:root:TEST batch 3 / 7 - measures partial microavg - precision 1.0000 - recall 1.0000 - f1 1.0000 
INFO:root:TEST batch 3 / 7 - measures partial for class 0 - precision 0.0000 - recall 0.0000 - f1 0.0000 
INFO:root:TEST batch 3 / 7 - measures partial for class 1 - precision 1.0000 - recall 1.0000 - f1 1.0000 
INFO:root:TEST batch 3 / 7 - Batch time 0 
INFO:root:TEST batch 4 / 7 - partial error 0.0053 - partial loss 4.2869 - partial MRR  0.0000 - partial MAP 0.9947
INFO:root:TEST batch 4 / 7 -  partial tp {0: tensor(0), 1: tensor(47)},fn {0: tensor(0), 1: tensor(0)},fp {0: tensor(0), 1: tensor(0)}
INFO:root:TEST batch 4 / 7 - measures partial microavg - precision 1.0000 - recall 1.0000 - f1 1.0000 
INFO:root:TEST batch 4 / 7 - measures partial for class 0 - precision 0.0000 - recall 0.0000 - f1 0.0000 
INFO:root:TEST batch 4 / 7 - measures partial for class 1 - precision 1.0000 - recall 1.0000 - f1 1.0000 
INFO:root:TEST batch 4 / 7 - Batch time 0 
INFO:root:TEST batch 5 / 7 - partial error 0.0043 - partial loss 3.4295 - partial MRR  0.0000 - partial MAP 0.9957
INFO:root:TEST batch 5 / 7 -  partial tp {0: tensor(0), 1: tensor(47)},fn {0: tensor(0), 1: tensor(0)},fp {0: tensor(0), 1: tensor(0)}
INFO:root:TEST batch 5 / 7 - measures partial microavg - precision 1.0000 - recall 1.0000 - f1 1.0000 
INFO:root:TEST batch 5 / 7 - measures partial for class 0 - precision 0.0000 - recall 0.0000 - f1 0.0000 
INFO:root:TEST batch 5 / 7 - measures partial for class 1 - precision 1.0000 - recall 1.0000 - f1 1.0000 
INFO:root:TEST batch 5 / 7 - Batch time 0 
INFO:root:TEST batch 6 / 7 - partial error 0.0035 - partial loss 2.8579 - partial MRR  0.0000 - partial MAP 0.9965
INFO:root:TEST batch 6 / 7 -  partial tp {0: tensor(0), 1: tensor(47)},fn {0: tensor(0), 1: tensor(0)},fp {0: tensor(0), 1: tensor(0)}
INFO:root:TEST batch 6 / 7 - measures partial microavg - precision 1.0000 - recall 1.0000 - f1 1.0000 
INFO:root:TEST batch 6 / 7 - measures partial for class 0 - precision 0.0000 - recall 0.0000 - f1 0.0000 
INFO:root:TEST batch 6 / 7 - measures partial for class 1 - precision 1.0000 - recall 1.0000 - f1 1.0000 
INFO:root:TEST batch 6 / 7 - Batch time 0 
INFO:root:TEST batch 7 / 7 - partial error 0.0030 - partial loss 2.4496 - partial MRR  0.0000 - partial MAP 0.9970
INFO:root:TEST batch 7 / 7 -  partial tp {0: tensor(0), 1: tensor(47)},fn {0: tensor(0), 1: tensor(0)},fp {0: tensor(0), 1: tensor(0)}
INFO:root:TEST batch 7 / 7 - measures partial microavg - precision 1.0000 - recall 1.0000 - f1 1.0000 
INFO:root:TEST batch 7 / 7 - measures partial for class 0 - precision 0.0000 - recall 0.0000 - f1 0.0000 
INFO:root:TEST batch 7 / 7 - measures partial for class 1 - precision 1.0000 - recall 1.0000 - f1 1.0000 
INFO:root:TEST batch 7 / 7 - Batch time 0 
INFO:root:TEST mean losses tensor(2.4496)
INFO:root:TEST mean errors 0.0030395134817808867
INFO:root:TEST mean MRR 0.0 - mean MAP 0.996960461139679
INFO:root:TEST tp {0: tensor(0), 1: tensor(328)},fn {0: tensor(1), 1: tensor(0)},fp {0: tensor(0), 1: tensor(1)}
INFO:root:TEST measures microavg - precision 0.9970 - recall 0.9970 - f1 0.9970 
INFO:root:TEST measures for class 0 - precision 0.0000 - recall 0.0000 - f1 0.0000 
INFO:root:TEST measures for class 1 - precision 0.9970 - recall 1.0000 - f1 0.9985 
INFO:root:TEST measures@10 microavg - precision 1.0000 - recall 0.2128 - f1 0.3509 
INFO:root:TEST measures@10 for class 0 - precision 0.0000 - recall 0.0000 - f1 0.0000 
INFO:root:TEST measures@10 for class 1 - precision 1.0000 - recall 0.2134 - f1 0.3518 
INFO:root:TEST measures@100 microavg - precision 0.9970 - recall 0.9970 - f1 0.9970 
INFO:root:TEST measures@100 for class 0 - precision 0.0000 - recall 0.0000 - f1 0.0000 
INFO:root:TEST measures@100 for class 1 - precision 0.9970 - recall 1.0000 - f1 0.9985 
INFO:root:TEST measures@1000 microavg - precision 0.9970 - recall 0.9970 - f1 0.9970 
INFO:root:TEST measures@1000 for class 0 - precision 0.0000 - recall 0.0000 - f1 0.0000 
INFO:root:TEST measures@1000 for class 1 - precision 0.9970 - recall 1.0000 - f1 0.9985 
INFO:root:TEST Total epoch time: 0.07765786399977515
INFO:root:################ TRAIN epoch 76 ###################
INFO:root:TRAIN mean losses tensor(0.)
INFO:root:TRAIN mean errors 0.0
INFO:root:TRAIN mean MRR 0.0 - mean MAP 1.0
INFO:root:TRAIN tp {0: tensor(0), 1: tensor(1410)},fn {0: tensor(0), 1: tensor(0)},fp {0: tensor(0), 1: tensor(0)}
INFO:root:TRAIN measures microavg - precision 1.0000 - recall 1.0000 - f1 1.0000 
INFO:root:TRAIN measures for class 0 - precision 0.0000 - recall 0.0000 - f1 0.0000 
INFO:root:TRAIN measures for class 1 - precision 1.0000 - recall 1.0000 - f1 1.0000 
INFO:root:TRAIN measures@10 microavg - precision 1.0000 - recall 0.2128 - f1 0.3509 
INFO:root:TRAIN measures@10 for class 0 - precision 0.0000 - recall 0.0000 - f1 0.0000 
INFO:root:TRAIN measures@10 for class 1 - precision 1.0000 - recall 0.2128 - f1 0.3509 
INFO:root:TRAIN measures@100 microavg - precision 1.0000 - recall 1.0000 - f1 1.0000 
INFO:root:TRAIN measures@100 for class 0 - precision 0.0000 - recall 0.0000 - f1 0.0000 
INFO:root:TRAIN measures@100 for class 1 - precision 1.0000 - recall 1.0000 - f1 1.0000 
INFO:root:TRAIN measures@1000 microavg - precision 1.0000 - recall 1.0000 - f1 1.0000 
INFO:root:TRAIN measures@1000 for class 0 - precision 0.0000 - recall 0.0000 - f1 0.0000 
INFO:root:TRAIN measures@1000 for class 1 - precision 1.0000 - recall 1.0000 - f1 1.0000 
INFO:root:TRAIN Total epoch time: 0.5204716109997207
INFO:root:################ VALID epoch 76 ###################
INFO:root:VALID mean losses tensor(0.)
INFO:root:VALID mean errors 0.0
INFO:root:VALID mean MRR 0.0 - mean MAP 1.0
INFO:root:VALID tp {0: tensor(0), 1: tensor(282)},fn {0: tensor(0), 1: tensor(0)},fp {0: tensor(0), 1: tensor(0)}
INFO:root:VALID measures microavg - precision 1.0000 - recall 1.0000 - f1 1.0000 
INFO:root:VALID measures for class 0 - precision 0.0000 - recall 0.0000 - f1 0.0000 
INFO:root:VALID measures for class 1 - precision 1.0000 - recall 1.0000 - f1 1.0000 
INFO:root:VALID measures@10 microavg - precision 1.0000 - recall 0.2128 - f1 0.3509 
INFO:root:VALID measures@10 for class 0 - precision 0.0000 - recall 0.0000 - f1 0.0000 
INFO:root:VALID measures@10 for class 1 - precision 1.0000 - recall 0.2128 - f1 0.3509 
INFO:root:VALID measures@100 microavg - precision 1.0000 - recall 1.0000 - f1 1.0000 
INFO:root:VALID measures@100 for class 0 - precision 0.0000 - recall 0.0000 - f1 0.0000 
INFO:root:VALID measures@100 for class 1 - precision 1.0000 - recall 1.0000 - f1 1.0000 
INFO:root:VALID measures@1000 microavg - precision 1.0000 - recall 1.0000 - f1 1.0000 
INFO:root:VALID measures@1000 for class 0 - precision 0.0000 - recall 0.0000 - f1 0.0000 
INFO:root:VALID measures@1000 for class 1 - precision 1.0000 - recall 1.0000 - f1 1.0000 
INFO:root:VALID Total epoch time: 0.06449109899995165
INFO:root:################ TEST epoch 76 ###################
INFO:root:TEST batch 1 / 7 - partial error 0.0000 - partial loss 0.0000 - partial MRR  0.0000 - partial MAP 1.0000
INFO:root:TEST batch 1 / 7 -  partial tp {0: tensor(0), 1: tensor(47)},fn {0: tensor(0), 1: tensor(0)},fp {0: tensor(0), 1: tensor(0)}
INFO:root:TEST batch 1 / 7 - measures partial microavg - precision 1.0000 - recall 1.0000 - f1 1.0000 
INFO:root:TEST batch 1 / 7 - measures partial for class 0 - precision 0.0000 - recall 0.0000 - f1 0.0000 
INFO:root:TEST batch 1 / 7 - measures partial for class 1 - precision 1.0000 - recall 1.0000 - f1 1.0000 
INFO:root:TEST batch 1 / 7 - Batch time 0 
INFO:root:TEST batch 2 / 7 - partial error 0.0106 - partial loss 8.7010 - partial MRR  0.0000 - partial MAP 0.9894
INFO:root:TEST batch 2 / 7 -  partial tp {0: tensor(0), 1: tensor(46)},fn {0: tensor(1), 1: tensor(0)},fp {0: tensor(0), 1: tensor(1)}
INFO:root:TEST batch 2 / 7 - measures partial microavg - precision 0.9787 - recall 0.9787 - f1 0.9787 
INFO:root:TEST batch 2 / 7 - measures partial for class 0 - precision 0.0000 - recall 0.0000 - f1 0.0000 
INFO:root:TEST batch 2 / 7 - measures partial for class 1 - precision 0.9787 - recall 1.0000 - f1 0.9892 
INFO:root:TEST batch 2 / 7 - Batch time 0 
INFO:root:TEST batch 3 / 7 - partial error 0.0071 - partial loss 5.8007 - partial MRR  0.0000 - partial MAP 0.9929
INFO:root:TEST batch 3 / 7 -  partial tp {0: tensor(0), 1: tensor(47)},fn {0: tensor(0), 1: tensor(0)},fp {0: tensor(0), 1: tensor(0)}
INFO:root:TEST batch 3 / 7 - measures partial microavg - precision 1.0000 - recall 1.0000 - f1 1.0000 
INFO:root:TEST batch 3 / 7 - measures partial for class 0 - precision 0.0000 - recall 0.0000 - f1 0.0000 
INFO:root:TEST batch 3 / 7 - measures partial for class 1 - precision 1.0000 - recall 1.0000 - f1 1.0000 
INFO:root:TEST batch 3 / 7 - Batch time 0 
INFO:root:TEST batch 4 / 7 - partial error 0.0053 - partial loss 4.3505 - partial MRR  0.0000 - partial MAP 0.9947
INFO:root:TEST batch 4 / 7 -  partial tp {0: tensor(0), 1: tensor(47)},fn {0: tensor(0), 1: tensor(0)},fp {0: tensor(0), 1: tensor(0)}
INFO:root:TEST batch 4 / 7 - measures partial microavg - precision 1.0000 - recall 1.0000 - f1 1.0000 
INFO:root:TEST batch 4 / 7 - measures partial for class 0 - precision 0.0000 - recall 0.0000 - f1 0.0000 
INFO:root:TEST batch 4 / 7 - measures partial for class 1 - precision 1.0000 - recall 1.0000 - f1 1.0000 
INFO:root:TEST batch 4 / 7 - Batch time 0 
INFO:root:TEST batch 5 / 7 - partial error 0.0043 - partial loss 3.4804 - partial MRR  0.0000 - partial MAP 0.9957
INFO:root:TEST batch 5 / 7 -  partial tp {0: tensor(0), 1: tensor(47)},fn {0: tensor(0), 1: tensor(0)},fp {0: tensor(0), 1: tensor(0)}
INFO:root:TEST batch 5 / 7 - measures partial microavg - precision 1.0000 - recall 1.0000 - f1 1.0000 
INFO:root:TEST batch 5 / 7 - measures partial for class 0 - precision 0.0000 - recall 0.0000 - f1 0.0000 
INFO:root:TEST batch 5 / 7 - measures partial for class 1 - precision 1.0000 - recall 1.0000 - f1 1.0000 
INFO:root:TEST batch 5 / 7 - Batch time 0 
INFO:root:TEST batch 6 / 7 - partial error 0.0035 - partial loss 2.9003 - partial MRR  0.0000 - partial MAP 0.9965
INFO:root:TEST batch 6 / 7 -  partial tp {0: tensor(0), 1: tensor(47)},fn {0: tensor(0), 1: tensor(0)},fp {0: tensor(0), 1: tensor(0)}
INFO:root:TEST batch 6 / 7 - measures partial microavg - precision 1.0000 - recall 1.0000 - f1 1.0000 
INFO:root:TEST batch 6 / 7 - measures partial for class 0 - precision 0.0000 - recall 0.0000 - f1 0.0000 
INFO:root:TEST batch 6 / 7 - measures partial for class 1 - precision 1.0000 - recall 1.0000 - f1 1.0000 
INFO:root:TEST batch 6 / 7 - Batch time 0 
INFO:root:TEST batch 7 / 7 - partial error 0.0030 - partial loss 2.4860 - partial MRR  0.0000 - partial MAP 0.9970
INFO:root:TEST batch 7 / 7 -  partial tp {0: tensor(0), 1: tensor(47)},fn {0: tensor(0), 1: tensor(0)},fp {0: tensor(0), 1: tensor(0)}
INFO:root:TEST batch 7 / 7 - measures partial microavg - precision 1.0000 - recall 1.0000 - f1 1.0000 
INFO:root:TEST batch 7 / 7 - measures partial for class 0 - precision 0.0000 - recall 0.0000 - f1 0.0000 
INFO:root:TEST batch 7 / 7 - measures partial for class 1 - precision 1.0000 - recall 1.0000 - f1 1.0000 
INFO:root:TEST batch 7 / 7 - Batch time 0 
INFO:root:TEST mean losses tensor(2.4860)
INFO:root:TEST mean errors 0.0030395134817808867
INFO:root:TEST mean MRR 0.0 - mean MAP 0.996960461139679
INFO:root:TEST tp {0: tensor(0), 1: tensor(328)},fn {0: tensor(1), 1: tensor(0)},fp {0: tensor(0), 1: tensor(1)}
INFO:root:TEST measures microavg - precision 0.9970 - recall 0.9970 - f1 0.9970 
INFO:root:TEST measures for class 0 - precision 0.0000 - recall 0.0000 - f1 0.0000 
INFO:root:TEST measures for class 1 - precision 0.9970 - recall 1.0000 - f1 0.9985 
INFO:root:TEST measures@10 microavg - precision 1.0000 - recall 0.2128 - f1 0.3509 
INFO:root:TEST measures@10 for class 0 - precision 0.0000 - recall 0.0000 - f1 0.0000 
INFO:root:TEST measures@10 for class 1 - precision 1.0000 - recall 0.2134 - f1 0.3518 
INFO:root:TEST measures@100 microavg - precision 0.9970 - recall 0.9970 - f1 0.9970 
INFO:root:TEST measures@100 for class 0 - precision 0.0000 - recall 0.0000 - f1 0.0000 
INFO:root:TEST measures@100 for class 1 - precision 0.9970 - recall 1.0000 - f1 0.9985 
INFO:root:TEST measures@1000 microavg - precision 0.9970 - recall 0.9970 - f1 0.9970 
INFO:root:TEST measures@1000 for class 0 - precision 0.0000 - recall 0.0000 - f1 0.0000 
INFO:root:TEST measures@1000 for class 1 - precision 0.9970 - recall 1.0000 - f1 0.9985 
INFO:root:TEST Total epoch time: 0.08205567799996061
INFO:root:################ TRAIN epoch 77 ###################
INFO:root:TRAIN mean losses tensor(0.)
INFO:root:TRAIN mean errors 0.0
INFO:root:TRAIN mean MRR 0.0 - mean MAP 1.0
INFO:root:TRAIN tp {0: tensor(0), 1: tensor(1410)},fn {0: tensor(0), 1: tensor(0)},fp {0: tensor(0), 1: tensor(0)}
INFO:root:TRAIN measures microavg - precision 1.0000 - recall 1.0000 - f1 1.0000 
INFO:root:TRAIN measures for class 0 - precision 0.0000 - recall 0.0000 - f1 0.0000 
INFO:root:TRAIN measures for class 1 - precision 1.0000 - recall 1.0000 - f1 1.0000 
INFO:root:TRAIN measures@10 microavg - precision 1.0000 - recall 0.2128 - f1 0.3509 
INFO:root:TRAIN measures@10 for class 0 - precision 0.0000 - recall 0.0000 - f1 0.0000 
INFO:root:TRAIN measures@10 for class 1 - precision 1.0000 - recall 0.2128 - f1 0.3509 
INFO:root:TRAIN measures@100 microavg - precision 1.0000 - recall 1.0000 - f1 1.0000 
INFO:root:TRAIN measures@100 for class 0 - precision 0.0000 - recall 0.0000 - f1 0.0000 
INFO:root:TRAIN measures@100 for class 1 - precision 1.0000 - recall 1.0000 - f1 1.0000 
INFO:root:TRAIN measures@1000 microavg - precision 1.0000 - recall 1.0000 - f1 1.0000 
INFO:root:TRAIN measures@1000 for class 0 - precision 0.0000 - recall 0.0000 - f1 0.0000 
INFO:root:TRAIN measures@1000 for class 1 - precision 1.0000 - recall 1.0000 - f1 1.0000 
INFO:root:TRAIN Total epoch time: 0.5221485310003118
INFO:root:################ VALID epoch 77 ###################
INFO:root:VALID mean losses tensor(0.)
INFO:root:VALID mean errors 0.0
INFO:root:VALID mean MRR 0.0 - mean MAP 1.0
INFO:root:VALID tp {0: tensor(0), 1: tensor(282)},fn {0: tensor(0), 1: tensor(0)},fp {0: tensor(0), 1: tensor(0)}
INFO:root:VALID measures microavg - precision 1.0000 - recall 1.0000 - f1 1.0000 
INFO:root:VALID measures for class 0 - precision 0.0000 - recall 0.0000 - f1 0.0000 
INFO:root:VALID measures for class 1 - precision 1.0000 - recall 1.0000 - f1 1.0000 
INFO:root:VALID measures@10 microavg - precision 1.0000 - recall 0.2128 - f1 0.3509 
INFO:root:VALID measures@10 for class 0 - precision 0.0000 - recall 0.0000 - f1 0.0000 
INFO:root:VALID measures@10 for class 1 - precision 1.0000 - recall 0.2128 - f1 0.3509 
INFO:root:VALID measures@100 microavg - precision 1.0000 - recall 1.0000 - f1 1.0000 
INFO:root:VALID measures@100 for class 0 - precision 0.0000 - recall 0.0000 - f1 0.0000 
INFO:root:VALID measures@100 for class 1 - precision 1.0000 - recall 1.0000 - f1 1.0000 
INFO:root:VALID measures@1000 microavg - precision 1.0000 - recall 1.0000 - f1 1.0000 
INFO:root:VALID measures@1000 for class 0 - precision 0.0000 - recall 0.0000 - f1 0.0000 
INFO:root:VALID measures@1000 for class 1 - precision 1.0000 - recall 1.0000 - f1 1.0000 
INFO:root:VALID Total epoch time: 0.06463731999974698
INFO:root:################ TEST epoch 77 ###################
INFO:root:TEST batch 1 / 7 - partial error 0.0000 - partial loss 0.0000 - partial MRR  0.0000 - partial MAP 1.0000
INFO:root:TEST batch 1 / 7 -  partial tp {0: tensor(0), 1: tensor(47)},fn {0: tensor(0), 1: tensor(0)},fp {0: tensor(0), 1: tensor(0)}
INFO:root:TEST batch 1 / 7 - measures partial microavg - precision 1.0000 - recall 1.0000 - f1 1.0000 
INFO:root:TEST batch 1 / 7 - measures partial for class 0 - precision 0.0000 - recall 0.0000 - f1 0.0000 
INFO:root:TEST batch 1 / 7 - measures partial for class 1 - precision 1.0000 - recall 1.0000 - f1 1.0000 
INFO:root:TEST batch 1 / 7 - Batch time 0 
INFO:root:TEST batch 2 / 7 - partial error 0.0106 - partial loss 9.4259 - partial MRR  0.0000 - partial MAP 0.9894
INFO:root:TEST batch 2 / 7 -  partial tp {0: tensor(0), 1: tensor(46)},fn {0: tensor(1), 1: tensor(0)},fp {0: tensor(0), 1: tensor(1)}
INFO:root:TEST batch 2 / 7 - measures partial microavg - precision 0.9787 - recall 0.9787 - f1 0.9787 
INFO:root:TEST batch 2 / 7 - measures partial for class 0 - precision 0.0000 - recall 0.0000 - f1 0.0000 
INFO:root:TEST batch 2 / 7 - measures partial for class 1 - precision 0.9787 - recall 1.0000 - f1 0.9892 
INFO:root:TEST batch 2 / 7 - Batch time 0 
INFO:root:TEST batch 3 / 7 - partial error 0.0071 - partial loss 6.2839 - partial MRR  0.0000 - partial MAP 0.9929
INFO:root:TEST batch 3 / 7 -  partial tp {0: tensor(0), 1: tensor(47)},fn {0: tensor(0), 1: tensor(0)},fp {0: tensor(0), 1: tensor(0)}
INFO:root:TEST batch 3 / 7 - measures partial microavg - precision 1.0000 - recall 1.0000 - f1 1.0000 
INFO:root:TEST batch 3 / 7 - measures partial for class 0 - precision 0.0000 - recall 0.0000 - f1 0.0000 
INFO:root:TEST batch 3 / 7 - measures partial for class 1 - precision 1.0000 - recall 1.0000 - f1 1.0000 
INFO:root:TEST batch 3 / 7 - Batch time 0 
INFO:root:TEST batch 4 / 7 - partial error 0.0053 - partial loss 4.7129 - partial MRR  0.0000 - partial MAP 0.9947
INFO:root:TEST batch 4 / 7 -  partial tp {0: tensor(0), 1: tensor(47)},fn {0: tensor(0), 1: tensor(0)},fp {0: tensor(0), 1: tensor(0)}
INFO:root:TEST batch 4 / 7 - measures partial microavg - precision 1.0000 - recall 1.0000 - f1 1.0000 
INFO:root:TEST batch 4 / 7 - measures partial for class 0 - precision 0.0000 - recall 0.0000 - f1 0.0000 
INFO:root:TEST batch 4 / 7 - measures partial for class 1 - precision 1.0000 - recall 1.0000 - f1 1.0000 
INFO:root:TEST batch 4 / 7 - Batch time 0 
INFO:root:TEST batch 5 / 7 - partial error 0.0043 - partial loss 3.7704 - partial MRR  0.0000 - partial MAP 0.9957
INFO:root:TEST batch 5 / 7 -  partial tp {0: tensor(0), 1: tensor(47)},fn {0: tensor(0), 1: tensor(0)},fp {0: tensor(0), 1: tensor(0)}
INFO:root:TEST batch 5 / 7 - measures partial microavg - precision 1.0000 - recall 1.0000 - f1 1.0000 
INFO:root:TEST batch 5 / 7 - measures partial for class 0 - precision 0.0000 - recall 0.0000 - f1 0.0000 
INFO:root:TEST batch 5 / 7 - measures partial for class 1 - precision 1.0000 - recall 1.0000 - f1 1.0000 
INFO:root:TEST batch 5 / 7 - Batch time 0 
INFO:root:TEST batch 6 / 7 - partial error 0.0035 - partial loss 3.1420 - partial MRR  0.0000 - partial MAP 0.9965
INFO:root:TEST batch 6 / 7 -  partial tp {0: tensor(0), 1: tensor(47)},fn {0: tensor(0), 1: tensor(0)},fp {0: tensor(0), 1: tensor(0)}
INFO:root:TEST batch 6 / 7 - measures partial microavg - precision 1.0000 - recall 1.0000 - f1 1.0000 
INFO:root:TEST batch 6 / 7 - measures partial for class 0 - precision 0.0000 - recall 0.0000 - f1 0.0000 
INFO:root:TEST batch 6 / 7 - measures partial for class 1 - precision 1.0000 - recall 1.0000 - f1 1.0000 
INFO:root:TEST batch 6 / 7 - Batch time 0 
INFO:root:TEST batch 7 / 7 - partial error 0.0030 - partial loss 2.6931 - partial MRR  0.0000 - partial MAP 0.9970
INFO:root:TEST batch 7 / 7 -  partial tp {0: tensor(0), 1: tensor(47)},fn {0: tensor(0), 1: tensor(0)},fp {0: tensor(0), 1: tensor(0)}
INFO:root:TEST batch 7 / 7 - measures partial microavg - precision 1.0000 - recall 1.0000 - f1 1.0000 
INFO:root:TEST batch 7 / 7 - measures partial for class 0 - precision 0.0000 - recall 0.0000 - f1 0.0000 
INFO:root:TEST batch 7 / 7 - measures partial for class 1 - precision 1.0000 - recall 1.0000 - f1 1.0000 
INFO:root:TEST batch 7 / 7 - Batch time 0 
INFO:root:TEST mean losses tensor(2.6931)
INFO:root:TEST mean errors 0.0030395134817808867
INFO:root:TEST mean MRR 0.0 - mean MAP 0.996960461139679
INFO:root:TEST tp {0: tensor(0), 1: tensor(328)},fn {0: tensor(1), 1: tensor(0)},fp {0: tensor(0), 1: tensor(1)}
INFO:root:TEST measures microavg - precision 0.9970 - recall 0.9970 - f1 0.9970 
INFO:root:TEST measures for class 0 - precision 0.0000 - recall 0.0000 - f1 0.0000 
INFO:root:TEST measures for class 1 - precision 0.9970 - recall 1.0000 - f1 0.9985 
INFO:root:TEST measures@10 microavg - precision 1.0000 - recall 0.2128 - f1 0.3509 
INFO:root:TEST measures@10 for class 0 - precision 0.0000 - recall 0.0000 - f1 0.0000 
INFO:root:TEST measures@10 for class 1 - precision 1.0000 - recall 0.2134 - f1 0.3518 
INFO:root:TEST measures@100 microavg - precision 0.9970 - recall 0.9970 - f1 0.9970 
INFO:root:TEST measures@100 for class 0 - precision 0.0000 - recall 0.0000 - f1 0.0000 
INFO:root:TEST measures@100 for class 1 - precision 0.9970 - recall 1.0000 - f1 0.9985 
INFO:root:TEST measures@1000 microavg - precision 0.9970 - recall 0.9970 - f1 0.9970 
INFO:root:TEST measures@1000 for class 0 - precision 0.0000 - recall 0.0000 - f1 0.0000 
INFO:root:TEST measures@1000 for class 1 - precision 0.9970 - recall 1.0000 - f1 0.9985 
INFO:root:TEST Total epoch time: 0.0837547450000784
INFO:root:################ TRAIN epoch 78 ###################
INFO:root:TRAIN mean losses tensor(0.)
INFO:root:TRAIN mean errors 0.0
INFO:root:TRAIN mean MRR 0.0 - mean MAP 1.0
INFO:root:TRAIN tp {0: tensor(0), 1: tensor(1410)},fn {0: tensor(0), 1: tensor(0)},fp {0: tensor(0), 1: tensor(0)}
INFO:root:TRAIN measures microavg - precision 1.0000 - recall 1.0000 - f1 1.0000 
INFO:root:TRAIN measures for class 0 - precision 0.0000 - recall 0.0000 - f1 0.0000 
INFO:root:TRAIN measures for class 1 - precision 1.0000 - recall 1.0000 - f1 1.0000 
INFO:root:TRAIN measures@10 microavg - precision 1.0000 - recall 0.2128 - f1 0.3509 
INFO:root:TRAIN measures@10 for class 0 - precision 0.0000 - recall 0.0000 - f1 0.0000 
INFO:root:TRAIN measures@10 for class 1 - precision 1.0000 - recall 0.2128 - f1 0.3509 
INFO:root:TRAIN measures@100 microavg - precision 1.0000 - recall 1.0000 - f1 1.0000 
INFO:root:TRAIN measures@100 for class 0 - precision 0.0000 - recall 0.0000 - f1 0.0000 
INFO:root:TRAIN measures@100 for class 1 - precision 1.0000 - recall 1.0000 - f1 1.0000 
INFO:root:TRAIN measures@1000 microavg - precision 1.0000 - recall 1.0000 - f1 1.0000 
INFO:root:TRAIN measures@1000 for class 0 - precision 0.0000 - recall 0.0000 - f1 0.0000 
INFO:root:TRAIN measures@1000 for class 1 - precision 1.0000 - recall 1.0000 - f1 1.0000 
INFO:root:TRAIN Total epoch time: 0.6096538649999275
INFO:root:################ VALID epoch 78 ###################
INFO:root:VALID mean losses tensor(0.)
INFO:root:VALID mean errors 0.0
INFO:root:VALID mean MRR 0.0 - mean MAP 1.0
INFO:root:VALID tp {0: tensor(0), 1: tensor(282)},fn {0: tensor(0), 1: tensor(0)},fp {0: tensor(0), 1: tensor(0)}
INFO:root:VALID measures microavg - precision 1.0000 - recall 1.0000 - f1 1.0000 
INFO:root:VALID measures for class 0 - precision 0.0000 - recall 0.0000 - f1 0.0000 
INFO:root:VALID measures for class 1 - precision 1.0000 - recall 1.0000 - f1 1.0000 
INFO:root:VALID measures@10 microavg - precision 1.0000 - recall 0.2128 - f1 0.3509 
INFO:root:VALID measures@10 for class 0 - precision 0.0000 - recall 0.0000 - f1 0.0000 
INFO:root:VALID measures@10 for class 1 - precision 1.0000 - recall 0.2128 - f1 0.3509 
INFO:root:VALID measures@100 microavg - precision 1.0000 - recall 1.0000 - f1 1.0000 
INFO:root:VALID measures@100 for class 0 - precision 0.0000 - recall 0.0000 - f1 0.0000 
INFO:root:VALID measures@100 for class 1 - precision 1.0000 - recall 1.0000 - f1 1.0000 
INFO:root:VALID measures@1000 microavg - precision 1.0000 - recall 1.0000 - f1 1.0000 
INFO:root:VALID measures@1000 for class 0 - precision 0.0000 - recall 0.0000 - f1 0.0000 
INFO:root:VALID measures@1000 for class 1 - precision 1.0000 - recall 1.0000 - f1 1.0000 
INFO:root:VALID Total epoch time: 0.06737006499997733
INFO:root:################ TEST epoch 78 ###################
INFO:root:TEST batch 1 / 7 - partial error 0.0000 - partial loss 0.0000 - partial MRR  0.0000 - partial MAP 1.0000
INFO:root:TEST batch 1 / 7 -  partial tp {0: tensor(0), 1: tensor(47)},fn {0: tensor(0), 1: tensor(0)},fp {0: tensor(0), 1: tensor(0)}
INFO:root:TEST batch 1 / 7 - measures partial microavg - precision 1.0000 - recall 1.0000 - f1 1.0000 
INFO:root:TEST batch 1 / 7 - measures partial for class 0 - precision 0.0000 - recall 0.0000 - f1 0.0000 
INFO:root:TEST batch 1 / 7 - measures partial for class 1 - precision 1.0000 - recall 1.0000 - f1 1.0000 
INFO:root:TEST batch 1 / 7 - Batch time 0 
INFO:root:TEST batch 2 / 7 - partial error 0.0106 - partial loss 9.1682 - partial MRR  0.0000 - partial MAP 0.9894
INFO:root:TEST batch 2 / 7 -  partial tp {0: tensor(0), 1: tensor(46)},fn {0: tensor(1), 1: tensor(0)},fp {0: tensor(0), 1: tensor(1)}
INFO:root:TEST batch 2 / 7 - measures partial microavg - precision 0.9787 - recall 0.9787 - f1 0.9787 
INFO:root:TEST batch 2 / 7 - measures partial for class 0 - precision 0.0000 - recall 0.0000 - f1 0.0000 
INFO:root:TEST batch 2 / 7 - measures partial for class 1 - precision 0.9787 - recall 1.0000 - f1 0.9892 
INFO:root:TEST batch 2 / 7 - Batch time 0 
INFO:root:TEST batch 3 / 7 - partial error 0.0071 - partial loss 6.1121 - partial MRR  0.0000 - partial MAP 0.9929
INFO:root:TEST batch 3 / 7 -  partial tp {0: tensor(0), 1: tensor(47)},fn {0: tensor(0), 1: tensor(0)},fp {0: tensor(0), 1: tensor(0)}
INFO:root:TEST batch 3 / 7 - measures partial microavg - precision 1.0000 - recall 1.0000 - f1 1.0000 
INFO:root:TEST batch 3 / 7 - measures partial for class 0 - precision 0.0000 - recall 0.0000 - f1 0.0000 
INFO:root:TEST batch 3 / 7 - measures partial for class 1 - precision 1.0000 - recall 1.0000 - f1 1.0000 
INFO:root:TEST batch 3 / 7 - Batch time 0 
INFO:root:TEST batch 4 / 7 - partial error 0.0053 - partial loss 4.5841 - partial MRR  0.0000 - partial MAP 0.9947
INFO:root:TEST batch 4 / 7 -  partial tp {0: tensor(0), 1: tensor(47)},fn {0: tensor(0), 1: tensor(0)},fp {0: tensor(0), 1: tensor(0)}
INFO:root:TEST batch 4 / 7 - measures partial microavg - precision 1.0000 - recall 1.0000 - f1 1.0000 
INFO:root:TEST batch 4 / 7 - measures partial for class 0 - precision 0.0000 - recall 0.0000 - f1 0.0000 
INFO:root:TEST batch 4 / 7 - measures partial for class 1 - precision 1.0000 - recall 1.0000 - f1 1.0000 
INFO:root:TEST batch 4 / 7 - Batch time 0 
INFO:root:TEST batch 5 / 7 - partial error 0.0043 - partial loss 3.6673 - partial MRR  0.0000 - partial MAP 0.9957
INFO:root:TEST batch 5 / 7 -  partial tp {0: tensor(0), 1: tensor(47)},fn {0: tensor(0), 1: tensor(0)},fp {0: tensor(0), 1: tensor(0)}
INFO:root:TEST batch 5 / 7 - measures partial microavg - precision 1.0000 - recall 1.0000 - f1 1.0000 
INFO:root:TEST batch 5 / 7 - measures partial for class 0 - precision 0.0000 - recall 0.0000 - f1 0.0000 
INFO:root:TEST batch 5 / 7 - measures partial for class 1 - precision 1.0000 - recall 1.0000 - f1 1.0000 
INFO:root:TEST batch 5 / 7 - Batch time 0 
INFO:root:TEST batch 6 / 7 - partial error 0.0035 - partial loss 3.0561 - partial MRR  0.0000 - partial MAP 0.9965
INFO:root:TEST batch 6 / 7 -  partial tp {0: tensor(0), 1: tensor(47)},fn {0: tensor(0), 1: tensor(0)},fp {0: tensor(0), 1: tensor(0)}
INFO:root:TEST batch 6 / 7 - measures partial microavg - precision 1.0000 - recall 1.0000 - f1 1.0000 
INFO:root:TEST batch 6 / 7 - measures partial for class 0 - precision 0.0000 - recall 0.0000 - f1 0.0000 
INFO:root:TEST batch 6 / 7 - measures partial for class 1 - precision 1.0000 - recall 1.0000 - f1 1.0000 
INFO:root:TEST batch 6 / 7 - Batch time 0 
INFO:root:TEST batch 7 / 7 - partial error 0.0030 - partial loss 2.6195 - partial MRR  0.0000 - partial MAP 0.9970
INFO:root:TEST batch 7 / 7 -  partial tp {0: tensor(0), 1: tensor(47)},fn {0: tensor(0), 1: tensor(0)},fp {0: tensor(0), 1: tensor(0)}
INFO:root:TEST batch 7 / 7 - measures partial microavg - precision 1.0000 - recall 1.0000 - f1 1.0000 
INFO:root:TEST batch 7 / 7 - measures partial for class 0 - precision 0.0000 - recall 0.0000 - f1 0.0000 
INFO:root:TEST batch 7 / 7 - measures partial for class 1 - precision 1.0000 - recall 1.0000 - f1 1.0000 
INFO:root:TEST batch 7 / 7 - Batch time 0 
INFO:root:TEST mean losses tensor(2.6195)
INFO:root:TEST mean errors 0.0030395134817808867
INFO:root:TEST mean MRR 0.0 - mean MAP 0.996960461139679
INFO:root:TEST tp {0: tensor(0), 1: tensor(328)},fn {0: tensor(1), 1: tensor(0)},fp {0: tensor(0), 1: tensor(1)}
INFO:root:TEST measures microavg - precision 0.9970 - recall 0.9970 - f1 0.9970 
INFO:root:TEST measures for class 0 - precision 0.0000 - recall 0.0000 - f1 0.0000 
INFO:root:TEST measures for class 1 - precision 0.9970 - recall 1.0000 - f1 0.9985 
INFO:root:TEST measures@10 microavg - precision 1.0000 - recall 0.2128 - f1 0.3509 
INFO:root:TEST measures@10 for class 0 - precision 0.0000 - recall 0.0000 - f1 0.0000 
INFO:root:TEST measures@10 for class 1 - precision 1.0000 - recall 0.2134 - f1 0.3518 
INFO:root:TEST measures@100 microavg - precision 0.9970 - recall 0.9970 - f1 0.9970 
INFO:root:TEST measures@100 for class 0 - precision 0.0000 - recall 0.0000 - f1 0.0000 
INFO:root:TEST measures@100 for class 1 - precision 0.9970 - recall 1.0000 - f1 0.9985 
INFO:root:TEST measures@1000 microavg - precision 0.9970 - recall 0.9970 - f1 0.9970 
INFO:root:TEST measures@1000 for class 0 - precision 0.0000 - recall 0.0000 - f1 0.0000 
INFO:root:TEST measures@1000 for class 1 - precision 0.9970 - recall 1.0000 - f1 0.9985 
INFO:root:TEST Total epoch time: 0.08036867500004519
INFO:root:################ TRAIN epoch 79 ###################
INFO:root:TRAIN mean losses tensor(0.)
INFO:root:TRAIN mean errors 0.0
INFO:root:TRAIN mean MRR 0.0 - mean MAP 1.0
INFO:root:TRAIN tp {0: tensor(0), 1: tensor(1410)},fn {0: tensor(0), 1: tensor(0)},fp {0: tensor(0), 1: tensor(0)}
INFO:root:TRAIN measures microavg - precision 1.0000 - recall 1.0000 - f1 1.0000 
INFO:root:TRAIN measures for class 0 - precision 0.0000 - recall 0.0000 - f1 0.0000 
INFO:root:TRAIN measures for class 1 - precision 1.0000 - recall 1.0000 - f1 1.0000 
INFO:root:TRAIN measures@10 microavg - precision 1.0000 - recall 0.2128 - f1 0.3509 
INFO:root:TRAIN measures@10 for class 0 - precision 0.0000 - recall 0.0000 - f1 0.0000 
INFO:root:TRAIN measures@10 for class 1 - precision 1.0000 - recall 0.2128 - f1 0.3509 
INFO:root:TRAIN measures@100 microavg - precision 1.0000 - recall 1.0000 - f1 1.0000 
INFO:root:TRAIN measures@100 for class 0 - precision 0.0000 - recall 0.0000 - f1 0.0000 
INFO:root:TRAIN measures@100 for class 1 - precision 1.0000 - recall 1.0000 - f1 1.0000 
INFO:root:TRAIN measures@1000 microavg - precision 1.0000 - recall 1.0000 - f1 1.0000 
INFO:root:TRAIN measures@1000 for class 0 - precision 0.0000 - recall 0.0000 - f1 0.0000 
INFO:root:TRAIN measures@1000 for class 1 - precision 1.0000 - recall 1.0000 - f1 1.0000 
INFO:root:TRAIN Total epoch time: 0.48300274999974135
INFO:root:################ VALID epoch 79 ###################
INFO:root:VALID mean losses tensor(0.)
INFO:root:VALID mean errors 0.0
INFO:root:VALID mean MRR 0.0 - mean MAP 1.0
INFO:root:VALID tp {0: tensor(0), 1: tensor(282)},fn {0: tensor(0), 1: tensor(0)},fp {0: tensor(0), 1: tensor(0)}
INFO:root:VALID measures microavg - precision 1.0000 - recall 1.0000 - f1 1.0000 
INFO:root:VALID measures for class 0 - precision 0.0000 - recall 0.0000 - f1 0.0000 
INFO:root:VALID measures for class 1 - precision 1.0000 - recall 1.0000 - f1 1.0000 
INFO:root:VALID measures@10 microavg - precision 1.0000 - recall 0.2128 - f1 0.3509 
INFO:root:VALID measures@10 for class 0 - precision 0.0000 - recall 0.0000 - f1 0.0000 
INFO:root:VALID measures@10 for class 1 - precision 1.0000 - recall 0.2128 - f1 0.3509 
INFO:root:VALID measures@100 microavg - precision 1.0000 - recall 1.0000 - f1 1.0000 
INFO:root:VALID measures@100 for class 0 - precision 0.0000 - recall 0.0000 - f1 0.0000 
INFO:root:VALID measures@100 for class 1 - precision 1.0000 - recall 1.0000 - f1 1.0000 
INFO:root:VALID measures@1000 microavg - precision 1.0000 - recall 1.0000 - f1 1.0000 
INFO:root:VALID measures@1000 for class 0 - precision 0.0000 - recall 0.0000 - f1 0.0000 
INFO:root:VALID measures@1000 for class 1 - precision 1.0000 - recall 1.0000 - f1 1.0000 
INFO:root:VALID Total epoch time: 0.06004176800024652
INFO:root:################ TEST epoch 79 ###################
INFO:root:TEST batch 1 / 7 - partial error 0.0000 - partial loss 0.0000 - partial MRR  0.0000 - partial MAP 1.0000
INFO:root:TEST batch 1 / 7 -  partial tp {0: tensor(0), 1: tensor(47)},fn {0: tensor(0), 1: tensor(0)},fp {0: tensor(0), 1: tensor(0)}
INFO:root:TEST batch 1 / 7 - measures partial microavg - precision 1.0000 - recall 1.0000 - f1 1.0000 
INFO:root:TEST batch 1 / 7 - measures partial for class 0 - precision 0.0000 - recall 0.0000 - f1 0.0000 
INFO:root:TEST batch 1 / 7 - measures partial for class 1 - precision 1.0000 - recall 1.0000 - f1 1.0000 
INFO:root:TEST batch 1 / 7 - Batch time 0 
INFO:root:TEST batch 2 / 7 - partial error 0.0106 - partial loss 8.5353 - partial MRR  0.0000 - partial MAP 0.9894
INFO:root:TEST batch 2 / 7 -  partial tp {0: tensor(0), 1: tensor(46)},fn {0: tensor(1), 1: tensor(0)},fp {0: tensor(0), 1: tensor(1)}
INFO:root:TEST batch 2 / 7 - measures partial microavg - precision 0.9787 - recall 0.9787 - f1 0.9787 
INFO:root:TEST batch 2 / 7 - measures partial for class 0 - precision 0.0000 - recall 0.0000 - f1 0.0000 
INFO:root:TEST batch 2 / 7 - measures partial for class 1 - precision 0.9787 - recall 1.0000 - f1 0.9892 
INFO:root:TEST batch 2 / 7 - Batch time 0 
INFO:root:TEST batch 3 / 7 - partial error 0.0071 - partial loss 5.6902 - partial MRR  0.0000 - partial MAP 0.9929
INFO:root:TEST batch 3 / 7 -  partial tp {0: tensor(0), 1: tensor(47)},fn {0: tensor(0), 1: tensor(0)},fp {0: tensor(0), 1: tensor(0)}
INFO:root:TEST batch 3 / 7 - measures partial microavg - precision 1.0000 - recall 1.0000 - f1 1.0000 
INFO:root:TEST batch 3 / 7 - measures partial for class 0 - precision 0.0000 - recall 0.0000 - f1 0.0000 
INFO:root:TEST batch 3 / 7 - measures partial for class 1 - precision 1.0000 - recall 1.0000 - f1 1.0000 
INFO:root:TEST batch 3 / 7 - Batch time 0 
INFO:root:TEST batch 4 / 7 - partial error 0.0053 - partial loss 4.2677 - partial MRR  0.0000 - partial MAP 0.9947
INFO:root:TEST batch 4 / 7 -  partial tp {0: tensor(0), 1: tensor(47)},fn {0: tensor(0), 1: tensor(0)},fp {0: tensor(0), 1: tensor(0)}
INFO:root:TEST batch 4 / 7 - measures partial microavg - precision 1.0000 - recall 1.0000 - f1 1.0000 
INFO:root:TEST batch 4 / 7 - measures partial for class 0 - precision 0.0000 - recall 0.0000 - f1 0.0000 
INFO:root:TEST batch 4 / 7 - measures partial for class 1 - precision 1.0000 - recall 1.0000 - f1 1.0000 
INFO:root:TEST batch 4 / 7 - Batch time 0 
INFO:root:TEST batch 5 / 7 - partial error 0.0043 - partial loss 3.4141 - partial MRR  0.0000 - partial MAP 0.9957
INFO:root:TEST batch 5 / 7 -  partial tp {0: tensor(0), 1: tensor(47)},fn {0: tensor(0), 1: tensor(0)},fp {0: tensor(0), 1: tensor(0)}
INFO:root:TEST batch 5 / 7 - measures partial microavg - precision 1.0000 - recall 1.0000 - f1 1.0000 
INFO:root:TEST batch 5 / 7 - measures partial for class 0 - precision 0.0000 - recall 0.0000 - f1 0.0000 
INFO:root:TEST batch 5 / 7 - measures partial for class 1 - precision 1.0000 - recall 1.0000 - f1 1.0000 
INFO:root:TEST batch 5 / 7 - Batch time 0 
INFO:root:TEST batch 6 / 7 - partial error 0.0035 - partial loss 2.8451 - partial MRR  0.0000 - partial MAP 0.9965
INFO:root:TEST batch 6 / 7 -  partial tp {0: tensor(0), 1: tensor(47)},fn {0: tensor(0), 1: tensor(0)},fp {0: tensor(0), 1: tensor(0)}
INFO:root:TEST batch 6 / 7 - measures partial microavg - precision 1.0000 - recall 1.0000 - f1 1.0000 
INFO:root:TEST batch 6 / 7 - measures partial for class 0 - precision 0.0000 - recall 0.0000 - f1 0.0000 
INFO:root:TEST batch 6 / 7 - measures partial for class 1 - precision 1.0000 - recall 1.0000 - f1 1.0000 
INFO:root:TEST batch 6 / 7 - Batch time 0 
INFO:root:TEST batch 7 / 7 - partial error 0.0030 - partial loss 2.4387 - partial MRR  0.0000 - partial MAP 0.9970
INFO:root:TEST batch 7 / 7 -  partial tp {0: tensor(0), 1: tensor(47)},fn {0: tensor(0), 1: tensor(0)},fp {0: tensor(0), 1: tensor(0)}
INFO:root:TEST batch 7 / 7 - measures partial microavg - precision 1.0000 - recall 1.0000 - f1 1.0000 
INFO:root:TEST batch 7 / 7 - measures partial for class 0 - precision 0.0000 - recall 0.0000 - f1 0.0000 
INFO:root:TEST batch 7 / 7 - measures partial for class 1 - precision 1.0000 - recall 1.0000 - f1 1.0000 
INFO:root:TEST batch 7 / 7 - Batch time 0 
INFO:root:TEST mean losses tensor(2.4387)
INFO:root:TEST mean errors 0.0030395134817808867
INFO:root:TEST mean MRR 0.0 - mean MAP 0.996960461139679
INFO:root:TEST tp {0: tensor(0), 1: tensor(328)},fn {0: tensor(1), 1: tensor(0)},fp {0: tensor(0), 1: tensor(1)}
INFO:root:TEST measures microavg - precision 0.9970 - recall 0.9970 - f1 0.9970 
INFO:root:TEST measures for class 0 - precision 0.0000 - recall 0.0000 - f1 0.0000 
INFO:root:TEST measures for class 1 - precision 0.9970 - recall 1.0000 - f1 0.9985 
INFO:root:TEST measures@10 microavg - precision 1.0000 - recall 0.2128 - f1 0.3509 
INFO:root:TEST measures@10 for class 0 - precision 0.0000 - recall 0.0000 - f1 0.0000 
INFO:root:TEST measures@10 for class 1 - precision 1.0000 - recall 0.2134 - f1 0.3518 
INFO:root:TEST measures@100 microavg - precision 0.9970 - recall 0.9970 - f1 0.9970 
INFO:root:TEST measures@100 for class 0 - precision 0.0000 - recall 0.0000 - f1 0.0000 
INFO:root:TEST measures@100 for class 1 - precision 0.9970 - recall 1.0000 - f1 0.9985 
INFO:root:TEST measures@1000 microavg - precision 0.9970 - recall 0.9970 - f1 0.9970 
INFO:root:TEST measures@1000 for class 0 - precision 0.0000 - recall 0.0000 - f1 0.0000 
INFO:root:TEST measures@1000 for class 1 - precision 0.9970 - recall 1.0000 - f1 0.9985 
INFO:root:TEST Total epoch time: 0.07841884299978119
INFO:root:################ TRAIN epoch 80 ###################
INFO:root:TRAIN mean losses tensor(0.)
INFO:root:TRAIN mean errors 0.0
INFO:root:TRAIN mean MRR 0.0 - mean MAP 1.0
INFO:root:TRAIN tp {0: tensor(0), 1: tensor(1410)},fn {0: tensor(0), 1: tensor(0)},fp {0: tensor(0), 1: tensor(0)}
INFO:root:TRAIN measures microavg - precision 1.0000 - recall 1.0000 - f1 1.0000 
INFO:root:TRAIN measures for class 0 - precision 0.0000 - recall 0.0000 - f1 0.0000 
INFO:root:TRAIN measures for class 1 - precision 1.0000 - recall 1.0000 - f1 1.0000 
INFO:root:TRAIN measures@10 microavg - precision 1.0000 - recall 0.2128 - f1 0.3509 
INFO:root:TRAIN measures@10 for class 0 - precision 0.0000 - recall 0.0000 - f1 0.0000 
INFO:root:TRAIN measures@10 for class 1 - precision 1.0000 - recall 0.2128 - f1 0.3509 
INFO:root:TRAIN measures@100 microavg - precision 1.0000 - recall 1.0000 - f1 1.0000 
INFO:root:TRAIN measures@100 for class 0 - precision 0.0000 - recall 0.0000 - f1 0.0000 
INFO:root:TRAIN measures@100 for class 1 - precision 1.0000 - recall 1.0000 - f1 1.0000 
INFO:root:TRAIN measures@1000 microavg - precision 1.0000 - recall 1.0000 - f1 1.0000 
INFO:root:TRAIN measures@1000 for class 0 - precision 0.0000 - recall 0.0000 - f1 0.0000 
INFO:root:TRAIN measures@1000 for class 1 - precision 1.0000 - recall 1.0000 - f1 1.0000 
INFO:root:TRAIN Total epoch time: 0.5822417939998559
INFO:root:################ VALID epoch 80 ###################
INFO:root:VALID mean losses tensor(0.)
INFO:root:VALID mean errors 0.0
INFO:root:VALID mean MRR 0.0 - mean MAP 1.0
INFO:root:VALID tp {0: tensor(0), 1: tensor(282)},fn {0: tensor(0), 1: tensor(0)},fp {0: tensor(0), 1: tensor(0)}
INFO:root:VALID measures microavg - precision 1.0000 - recall 1.0000 - f1 1.0000 
INFO:root:VALID measures for class 0 - precision 0.0000 - recall 0.0000 - f1 0.0000 
INFO:root:VALID measures for class 1 - precision 1.0000 - recall 1.0000 - f1 1.0000 
INFO:root:VALID measures@10 microavg - precision 1.0000 - recall 0.2128 - f1 0.3509 
INFO:root:VALID measures@10 for class 0 - precision 0.0000 - recall 0.0000 - f1 0.0000 
INFO:root:VALID measures@10 for class 1 - precision 1.0000 - recall 0.2128 - f1 0.3509 
INFO:root:VALID measures@100 microavg - precision 1.0000 - recall 1.0000 - f1 1.0000 
INFO:root:VALID measures@100 for class 0 - precision 0.0000 - recall 0.0000 - f1 0.0000 
INFO:root:VALID measures@100 for class 1 - precision 1.0000 - recall 1.0000 - f1 1.0000 
INFO:root:VALID measures@1000 microavg - precision 1.0000 - recall 1.0000 - f1 1.0000 
INFO:root:VALID measures@1000 for class 0 - precision 0.0000 - recall 0.0000 - f1 0.0000 
INFO:root:VALID measures@1000 for class 1 - precision 1.0000 - recall 1.0000 - f1 1.0000 
INFO:root:VALID Total epoch time: 0.05780173199991623
INFO:root:################ TEST epoch 80 ###################
INFO:root:TEST batch 1 / 7 - partial error 0.0000 - partial loss 0.0000 - partial MRR  0.0000 - partial MAP 1.0000
INFO:root:TEST batch 1 / 7 -  partial tp {0: tensor(0), 1: tensor(47)},fn {0: tensor(0), 1: tensor(0)},fp {0: tensor(0), 1: tensor(0)}
INFO:root:TEST batch 1 / 7 - measures partial microavg - precision 1.0000 - recall 1.0000 - f1 1.0000 
INFO:root:TEST batch 1 / 7 - measures partial for class 0 - precision 0.0000 - recall 0.0000 - f1 0.0000 
INFO:root:TEST batch 1 / 7 - measures partial for class 1 - precision 1.0000 - recall 1.0000 - f1 1.0000 
INFO:root:TEST batch 1 / 7 - Batch time 0 
INFO:root:TEST batch 2 / 7 - partial error 0.0106 - partial loss 9.4966 - partial MRR  0.0000 - partial MAP 0.9894
INFO:root:TEST batch 2 / 7 -  partial tp {0: tensor(0), 1: tensor(46)},fn {0: tensor(1), 1: tensor(0)},fp {0: tensor(0), 1: tensor(1)}
INFO:root:TEST batch 2 / 7 - measures partial microavg - precision 0.9787 - recall 0.9787 - f1 0.9787 
INFO:root:TEST batch 2 / 7 - measures partial for class 0 - precision 0.0000 - recall 0.0000 - f1 0.0000 
INFO:root:TEST batch 2 / 7 - measures partial for class 1 - precision 0.9787 - recall 1.0000 - f1 0.9892 
INFO:root:TEST batch 2 / 7 - Batch time 0 
INFO:root:TEST batch 3 / 7 - partial error 0.0071 - partial loss 6.3310 - partial MRR  0.0000 - partial MAP 0.9929
INFO:root:TEST batch 3 / 7 -  partial tp {0: tensor(0), 1: tensor(47)},fn {0: tensor(0), 1: tensor(0)},fp {0: tensor(0), 1: tensor(0)}
INFO:root:TEST batch 3 / 7 - measures partial microavg - precision 1.0000 - recall 1.0000 - f1 1.0000 
INFO:root:TEST batch 3 / 7 - measures partial for class 0 - precision 0.0000 - recall 0.0000 - f1 0.0000 
INFO:root:TEST batch 3 / 7 - measures partial for class 1 - precision 1.0000 - recall 1.0000 - f1 1.0000 
INFO:root:TEST batch 3 / 7 - Batch time 0 
INFO:root:TEST batch 4 / 7 - partial error 0.0053 - partial loss 4.7483 - partial MRR  0.0000 - partial MAP 0.9947
INFO:root:TEST batch 4 / 7 -  partial tp {0: tensor(0), 1: tensor(47)},fn {0: tensor(0), 1: tensor(0)},fp {0: tensor(0), 1: tensor(0)}
INFO:root:TEST batch 4 / 7 - measures partial microavg - precision 1.0000 - recall 1.0000 - f1 1.0000 
INFO:root:TEST batch 4 / 7 - measures partial for class 0 - precision 0.0000 - recall 0.0000 - f1 0.0000 
INFO:root:TEST batch 4 / 7 - measures partial for class 1 - precision 1.0000 - recall 1.0000 - f1 1.0000 
INFO:root:TEST batch 4 / 7 - Batch time 0 
INFO:root:TEST batch 5 / 7 - partial error 0.0043 - partial loss 3.7986 - partial MRR  0.0000 - partial MAP 0.9957
INFO:root:TEST batch 5 / 7 -  partial tp {0: tensor(0), 1: tensor(47)},fn {0: tensor(0), 1: tensor(0)},fp {0: tensor(0), 1: tensor(0)}
INFO:root:TEST batch 5 / 7 - measures partial microavg - precision 1.0000 - recall 1.0000 - f1 1.0000 
INFO:root:TEST batch 5 / 7 - measures partial for class 0 - precision 0.0000 - recall 0.0000 - f1 0.0000 
INFO:root:TEST batch 5 / 7 - measures partial for class 1 - precision 1.0000 - recall 1.0000 - f1 1.0000 
INFO:root:TEST batch 5 / 7 - Batch time 0 
INFO:root:TEST batch 6 / 7 - partial error 0.0035 - partial loss 3.1655 - partial MRR  0.0000 - partial MAP 0.9965
INFO:root:TEST batch 6 / 7 -  partial tp {0: tensor(0), 1: tensor(47)},fn {0: tensor(0), 1: tensor(0)},fp {0: tensor(0), 1: tensor(0)}
INFO:root:TEST batch 6 / 7 - measures partial microavg - precision 1.0000 - recall 1.0000 - f1 1.0000 
INFO:root:TEST batch 6 / 7 - measures partial for class 0 - precision 0.0000 - recall 0.0000 - f1 0.0000 
INFO:root:TEST batch 6 / 7 - measures partial for class 1 - precision 1.0000 - recall 1.0000 - f1 1.0000 
INFO:root:TEST batch 6 / 7 - Batch time 0 
INFO:root:TEST batch 7 / 7 - partial error 0.0030 - partial loss 2.7133 - partial MRR  0.0000 - partial MAP 0.9970
INFO:root:TEST batch 7 / 7 -  partial tp {0: tensor(0), 1: tensor(47)},fn {0: tensor(0), 1: tensor(0)},fp {0: tensor(0), 1: tensor(0)}
INFO:root:TEST batch 7 / 7 - measures partial microavg - precision 1.0000 - recall 1.0000 - f1 1.0000 
INFO:root:TEST batch 7 / 7 - measures partial for class 0 - precision 0.0000 - recall 0.0000 - f1 0.0000 
INFO:root:TEST batch 7 / 7 - measures partial for class 1 - precision 1.0000 - recall 1.0000 - f1 1.0000 
INFO:root:TEST batch 7 / 7 - Batch time 0 
INFO:root:TEST mean losses tensor(2.7133)
INFO:root:TEST mean errors 0.0030395134817808867
INFO:root:TEST mean MRR 0.0 - mean MAP 0.996960461139679
INFO:root:TEST tp {0: tensor(0), 1: tensor(328)},fn {0: tensor(1), 1: tensor(0)},fp {0: tensor(0), 1: tensor(1)}
INFO:root:TEST measures microavg - precision 0.9970 - recall 0.9970 - f1 0.9970 
INFO:root:TEST measures for class 0 - precision 0.0000 - recall 0.0000 - f1 0.0000 
INFO:root:TEST measures for class 1 - precision 0.9970 - recall 1.0000 - f1 0.9985 
INFO:root:TEST measures@10 microavg - precision 1.0000 - recall 0.2128 - f1 0.3509 
INFO:root:TEST measures@10 for class 0 - precision 0.0000 - recall 0.0000 - f1 0.0000 
INFO:root:TEST measures@10 for class 1 - precision 1.0000 - recall 0.2134 - f1 0.3518 
INFO:root:TEST measures@100 microavg - precision 0.9970 - recall 0.9970 - f1 0.9970 
INFO:root:TEST measures@100 for class 0 - precision 0.0000 - recall 0.0000 - f1 0.0000 
INFO:root:TEST measures@100 for class 1 - precision 0.9970 - recall 1.0000 - f1 0.9985 
INFO:root:TEST measures@1000 microavg - precision 0.9970 - recall 0.9970 - f1 0.9970 
INFO:root:TEST measures@1000 for class 0 - precision 0.0000 - recall 0.0000 - f1 0.0000 
INFO:root:TEST measures@1000 for class 1 - precision 0.9970 - recall 1.0000 - f1 0.9985 
INFO:root:TEST Total epoch time: 0.07598993900001005
INFO:root:################ TRAIN epoch 81 ###################
INFO:root:TRAIN mean losses tensor(0.)
INFO:root:TRAIN mean errors 0.0
INFO:root:TRAIN mean MRR 0.0 - mean MAP 1.0
INFO:root:TRAIN tp {0: tensor(0), 1: tensor(1410)},fn {0: tensor(0), 1: tensor(0)},fp {0: tensor(0), 1: tensor(0)}
INFO:root:TRAIN measures microavg - precision 1.0000 - recall 1.0000 - f1 1.0000 
INFO:root:TRAIN measures for class 0 - precision 0.0000 - recall 0.0000 - f1 0.0000 
INFO:root:TRAIN measures for class 1 - precision 1.0000 - recall 1.0000 - f1 1.0000 
INFO:root:TRAIN measures@10 microavg - precision 1.0000 - recall 0.2128 - f1 0.3509 
INFO:root:TRAIN measures@10 for class 0 - precision 0.0000 - recall 0.0000 - f1 0.0000 
INFO:root:TRAIN measures@10 for class 1 - precision 1.0000 - recall 0.2128 - f1 0.3509 
INFO:root:TRAIN measures@100 microavg - precision 1.0000 - recall 1.0000 - f1 1.0000 
INFO:root:TRAIN measures@100 for class 0 - precision 0.0000 - recall 0.0000 - f1 0.0000 
INFO:root:TRAIN measures@100 for class 1 - precision 1.0000 - recall 1.0000 - f1 1.0000 
INFO:root:TRAIN measures@1000 microavg - precision 1.0000 - recall 1.0000 - f1 1.0000 
INFO:root:TRAIN measures@1000 for class 0 - precision 0.0000 - recall 0.0000 - f1 0.0000 
INFO:root:TRAIN measures@1000 for class 1 - precision 1.0000 - recall 1.0000 - f1 1.0000 
INFO:root:TRAIN Total epoch time: 0.4758869520001099
INFO:root:################ VALID epoch 81 ###################
INFO:root:VALID mean losses tensor(0.)
INFO:root:VALID mean errors 0.0
INFO:root:VALID mean MRR 0.0 - mean MAP 1.0
INFO:root:VALID tp {0: tensor(0), 1: tensor(282)},fn {0: tensor(0), 1: tensor(0)},fp {0: tensor(0), 1: tensor(0)}
INFO:root:VALID measures microavg - precision 1.0000 - recall 1.0000 - f1 1.0000 
INFO:root:VALID measures for class 0 - precision 0.0000 - recall 0.0000 - f1 0.0000 
INFO:root:VALID measures for class 1 - precision 1.0000 - recall 1.0000 - f1 1.0000 
INFO:root:VALID measures@10 microavg - precision 1.0000 - recall 0.2128 - f1 0.3509 
INFO:root:VALID measures@10 for class 0 - precision 0.0000 - recall 0.0000 - f1 0.0000 
INFO:root:VALID measures@10 for class 1 - precision 1.0000 - recall 0.2128 - f1 0.3509 
INFO:root:VALID measures@100 microavg - precision 1.0000 - recall 1.0000 - f1 1.0000 
INFO:root:VALID measures@100 for class 0 - precision 0.0000 - recall 0.0000 - f1 0.0000 
INFO:root:VALID measures@100 for class 1 - precision 1.0000 - recall 1.0000 - f1 1.0000 
INFO:root:VALID measures@1000 microavg - precision 1.0000 - recall 1.0000 - f1 1.0000 
INFO:root:VALID measures@1000 for class 0 - precision 0.0000 - recall 0.0000 - f1 0.0000 
INFO:root:VALID measures@1000 for class 1 - precision 1.0000 - recall 1.0000 - f1 1.0000 
INFO:root:VALID Total epoch time: 0.06518934599989734
INFO:root:################ TEST epoch 81 ###################
INFO:root:TEST batch 1 / 7 - partial error 0.0000 - partial loss 0.0000 - partial MRR  0.0000 - partial MAP 1.0000
INFO:root:TEST batch 1 / 7 -  partial tp {0: tensor(0), 1: tensor(47)},fn {0: tensor(0), 1: tensor(0)},fp {0: tensor(0), 1: tensor(0)}
INFO:root:TEST batch 1 / 7 - measures partial microavg - precision 1.0000 - recall 1.0000 - f1 1.0000 
INFO:root:TEST batch 1 / 7 - measures partial for class 0 - precision 0.0000 - recall 0.0000 - f1 0.0000 
INFO:root:TEST batch 1 / 7 - measures partial for class 1 - precision 1.0000 - recall 1.0000 - f1 1.0000 
INFO:root:TEST batch 1 / 7 - Batch time 0 
INFO:root:TEST batch 2 / 7 - partial error 0.0106 - partial loss 8.5209 - partial MRR  0.0000 - partial MAP 0.9894
INFO:root:TEST batch 2 / 7 -  partial tp {0: tensor(0), 1: tensor(46)},fn {0: tensor(1), 1: tensor(0)},fp {0: tensor(0), 1: tensor(1)}
INFO:root:TEST batch 2 / 7 - measures partial microavg - precision 0.9787 - recall 0.9787 - f1 0.9787 
INFO:root:TEST batch 2 / 7 - measures partial for class 0 - precision 0.0000 - recall 0.0000 - f1 0.0000 
INFO:root:TEST batch 2 / 7 - measures partial for class 1 - precision 0.9787 - recall 1.0000 - f1 0.9892 
INFO:root:TEST batch 2 / 7 - Batch time 0 
INFO:root:TEST batch 3 / 7 - partial error 0.0071 - partial loss 5.6806 - partial MRR  0.0000 - partial MAP 0.9929
INFO:root:TEST batch 3 / 7 -  partial tp {0: tensor(0), 1: tensor(47)},fn {0: tensor(0), 1: tensor(0)},fp {0: tensor(0), 1: tensor(0)}
INFO:root:TEST batch 3 / 7 - measures partial microavg - precision 1.0000 - recall 1.0000 - f1 1.0000 
INFO:root:TEST batch 3 / 7 - measures partial for class 0 - precision 0.0000 - recall 0.0000 - f1 0.0000 
INFO:root:TEST batch 3 / 7 - measures partial for class 1 - precision 1.0000 - recall 1.0000 - f1 1.0000 
INFO:root:TEST batch 3 / 7 - Batch time 0 
INFO:root:TEST batch 4 / 7 - partial error 0.0053 - partial loss 4.2605 - partial MRR  0.0000 - partial MAP 0.9947
INFO:root:TEST batch 4 / 7 -  partial tp {0: tensor(0), 1: tensor(47)},fn {0: tensor(0), 1: tensor(0)},fp {0: tensor(0), 1: tensor(0)}
INFO:root:TEST batch 4 / 7 - measures partial microavg - precision 1.0000 - recall 1.0000 - f1 1.0000 
INFO:root:TEST batch 4 / 7 - measures partial for class 0 - precision 0.0000 - recall 0.0000 - f1 0.0000 
INFO:root:TEST batch 4 / 7 - measures partial for class 1 - precision 1.0000 - recall 1.0000 - f1 1.0000 
INFO:root:TEST batch 4 / 7 - Batch time 0 
INFO:root:TEST batch 5 / 7 - partial error 0.0043 - partial loss 3.4084 - partial MRR  0.0000 - partial MAP 0.9957
INFO:root:TEST batch 5 / 7 -  partial tp {0: tensor(0), 1: tensor(47)},fn {0: tensor(0), 1: tensor(0)},fp {0: tensor(0), 1: tensor(0)}
INFO:root:TEST batch 5 / 7 - measures partial microavg - precision 1.0000 - recall 1.0000 - f1 1.0000 
INFO:root:TEST batch 5 / 7 - measures partial for class 0 - precision 0.0000 - recall 0.0000 - f1 0.0000 
INFO:root:TEST batch 5 / 7 - measures partial for class 1 - precision 1.0000 - recall 1.0000 - f1 1.0000 
INFO:root:TEST batch 5 / 7 - Batch time 0 
INFO:root:TEST batch 6 / 7 - partial error 0.0035 - partial loss 2.8403 - partial MRR  0.0000 - partial MAP 0.9965
INFO:root:TEST batch 6 / 7 -  partial tp {0: tensor(0), 1: tensor(47)},fn {0: tensor(0), 1: tensor(0)},fp {0: tensor(0), 1: tensor(0)}
INFO:root:TEST batch 6 / 7 - measures partial microavg - precision 1.0000 - recall 1.0000 - f1 1.0000 
INFO:root:TEST batch 6 / 7 - measures partial for class 0 - precision 0.0000 - recall 0.0000 - f1 0.0000 
INFO:root:TEST batch 6 / 7 - measures partial for class 1 - precision 1.0000 - recall 1.0000 - f1 1.0000 
INFO:root:TEST batch 6 / 7 - Batch time 0 
INFO:root:TEST batch 7 / 7 - partial error 0.0030 - partial loss 2.4345 - partial MRR  0.0000 - partial MAP 0.9970
INFO:root:TEST batch 7 / 7 -  partial tp {0: tensor(0), 1: tensor(47)},fn {0: tensor(0), 1: tensor(0)},fp {0: tensor(0), 1: tensor(0)}
INFO:root:TEST batch 7 / 7 - measures partial microavg - precision 1.0000 - recall 1.0000 - f1 1.0000 
INFO:root:TEST batch 7 / 7 - measures partial for class 0 - precision 0.0000 - recall 0.0000 - f1 0.0000 
INFO:root:TEST batch 7 / 7 - measures partial for class 1 - precision 1.0000 - recall 1.0000 - f1 1.0000 
INFO:root:TEST batch 7 / 7 - Batch time 0 
INFO:root:TEST mean losses tensor(2.4345)
INFO:root:TEST mean errors 0.0030395134817808867
INFO:root:TEST mean MRR 0.0 - mean MAP 0.996960461139679
INFO:root:TEST tp {0: tensor(0), 1: tensor(328)},fn {0: tensor(1), 1: tensor(0)},fp {0: tensor(0), 1: tensor(1)}
INFO:root:TEST measures microavg - precision 0.9970 - recall 0.9970 - f1 0.9970 
INFO:root:TEST measures for class 0 - precision 0.0000 - recall 0.0000 - f1 0.0000 
INFO:root:TEST measures for class 1 - precision 0.9970 - recall 1.0000 - f1 0.9985 
INFO:root:TEST measures@10 microavg - precision 1.0000 - recall 0.2128 - f1 0.3509 
INFO:root:TEST measures@10 for class 0 - precision 0.0000 - recall 0.0000 - f1 0.0000 
INFO:root:TEST measures@10 for class 1 - precision 1.0000 - recall 0.2134 - f1 0.3518 
INFO:root:TEST measures@100 microavg - precision 0.9970 - recall 0.9970 - f1 0.9970 
INFO:root:TEST measures@100 for class 0 - precision 0.0000 - recall 0.0000 - f1 0.0000 
INFO:root:TEST measures@100 for class 1 - precision 0.9970 - recall 1.0000 - f1 0.9985 
INFO:root:TEST measures@1000 microavg - precision 0.9970 - recall 0.9970 - f1 0.9970 
INFO:root:TEST measures@1000 for class 0 - precision 0.0000 - recall 0.0000 - f1 0.0000 
INFO:root:TEST measures@1000 for class 1 - precision 0.9970 - recall 1.0000 - f1 0.9985 
INFO:root:TEST Total epoch time: 0.08384001100012028
INFO:root:################ TRAIN epoch 82 ###################
INFO:root:TRAIN mean losses tensor(0.)
INFO:root:TRAIN mean errors 0.0
INFO:root:TRAIN mean MRR 0.0 - mean MAP 1.0
INFO:root:TRAIN tp {0: tensor(0), 1: tensor(1410)},fn {0: tensor(0), 1: tensor(0)},fp {0: tensor(0), 1: tensor(0)}
INFO:root:TRAIN measures microavg - precision 1.0000 - recall 1.0000 - f1 1.0000 
INFO:root:TRAIN measures for class 0 - precision 0.0000 - recall 0.0000 - f1 0.0000 
INFO:root:TRAIN measures for class 1 - precision 1.0000 - recall 1.0000 - f1 1.0000 
INFO:root:TRAIN measures@10 microavg - precision 1.0000 - recall 0.2128 - f1 0.3509 
INFO:root:TRAIN measures@10 for class 0 - precision 0.0000 - recall 0.0000 - f1 0.0000 
INFO:root:TRAIN measures@10 for class 1 - precision 1.0000 - recall 0.2128 - f1 0.3509 
INFO:root:TRAIN measures@100 microavg - precision 1.0000 - recall 1.0000 - f1 1.0000 
INFO:root:TRAIN measures@100 for class 0 - precision 0.0000 - recall 0.0000 - f1 0.0000 
INFO:root:TRAIN measures@100 for class 1 - precision 1.0000 - recall 1.0000 - f1 1.0000 
INFO:root:TRAIN measures@1000 microavg - precision 1.0000 - recall 1.0000 - f1 1.0000 
INFO:root:TRAIN measures@1000 for class 0 - precision 0.0000 - recall 0.0000 - f1 0.0000 
INFO:root:TRAIN measures@1000 for class 1 - precision 1.0000 - recall 1.0000 - f1 1.0000 
INFO:root:TRAIN Total epoch time: 0.5240390569997544
INFO:root:################ VALID epoch 82 ###################
INFO:root:VALID mean losses tensor(0.)
INFO:root:VALID mean errors 0.0
INFO:root:VALID mean MRR 0.0 - mean MAP 1.0
INFO:root:VALID tp {0: tensor(0), 1: tensor(282)},fn {0: tensor(0), 1: tensor(0)},fp {0: tensor(0), 1: tensor(0)}
INFO:root:VALID measures microavg - precision 1.0000 - recall 1.0000 - f1 1.0000 
INFO:root:VALID measures for class 0 - precision 0.0000 - recall 0.0000 - f1 0.0000 
INFO:root:VALID measures for class 1 - precision 1.0000 - recall 1.0000 - f1 1.0000 
INFO:root:VALID measures@10 microavg - precision 1.0000 - recall 0.2128 - f1 0.3509 
INFO:root:VALID measures@10 for class 0 - precision 0.0000 - recall 0.0000 - f1 0.0000 
INFO:root:VALID measures@10 for class 1 - precision 1.0000 - recall 0.2128 - f1 0.3509 
INFO:root:VALID measures@100 microavg - precision 1.0000 - recall 1.0000 - f1 1.0000 
INFO:root:VALID measures@100 for class 0 - precision 0.0000 - recall 0.0000 - f1 0.0000 
INFO:root:VALID measures@100 for class 1 - precision 1.0000 - recall 1.0000 - f1 1.0000 
INFO:root:VALID measures@1000 microavg - precision 1.0000 - recall 1.0000 - f1 1.0000 
INFO:root:VALID measures@1000 for class 0 - precision 0.0000 - recall 0.0000 - f1 0.0000 
INFO:root:VALID measures@1000 for class 1 - precision 1.0000 - recall 1.0000 - f1 1.0000 
INFO:root:VALID Total epoch time: 0.06499538700018093
INFO:root:################ TEST epoch 82 ###################
INFO:root:TEST batch 1 / 7 - partial error 0.0000 - partial loss 0.0000 - partial MRR  0.0000 - partial MAP 1.0000
INFO:root:TEST batch 1 / 7 -  partial tp {0: tensor(0), 1: tensor(47)},fn {0: tensor(0), 1: tensor(0)},fp {0: tensor(0), 1: tensor(0)}
INFO:root:TEST batch 1 / 7 - measures partial microavg - precision 1.0000 - recall 1.0000 - f1 1.0000 
INFO:root:TEST batch 1 / 7 - measures partial for class 0 - precision 0.0000 - recall 0.0000 - f1 0.0000 
INFO:root:TEST batch 1 / 7 - measures partial for class 1 - precision 1.0000 - recall 1.0000 - f1 1.0000 
INFO:root:TEST batch 1 / 7 - Batch time 0 
INFO:root:TEST batch 2 / 7 - partial error 0.0106 - partial loss 8.7910 - partial MRR  0.0000 - partial MAP 0.9894
INFO:root:TEST batch 2 / 7 -  partial tp {0: tensor(0), 1: tensor(46)},fn {0: tensor(1), 1: tensor(0)},fp {0: tensor(0), 1: tensor(1)}
INFO:root:TEST batch 2 / 7 - measures partial microavg - precision 0.9787 - recall 0.9787 - f1 0.9787 
INFO:root:TEST batch 2 / 7 - measures partial for class 0 - precision 0.0000 - recall 0.0000 - f1 0.0000 
INFO:root:TEST batch 2 / 7 - measures partial for class 1 - precision 0.9787 - recall 1.0000 - f1 0.9892 
INFO:root:TEST batch 2 / 7 - Batch time 0 
INFO:root:TEST batch 3 / 7 - partial error 0.0071 - partial loss 5.8607 - partial MRR  0.0000 - partial MAP 0.9929
INFO:root:TEST batch 3 / 7 -  partial tp {0: tensor(0), 1: tensor(47)},fn {0: tensor(0), 1: tensor(0)},fp {0: tensor(0), 1: tensor(0)}
INFO:root:TEST batch 3 / 7 - measures partial microavg - precision 1.0000 - recall 1.0000 - f1 1.0000 
INFO:root:TEST batch 3 / 7 - measures partial for class 0 - precision 0.0000 - recall 0.0000 - f1 0.0000 
INFO:root:TEST batch 3 / 7 - measures partial for class 1 - precision 1.0000 - recall 1.0000 - f1 1.0000 
INFO:root:TEST batch 3 / 7 - Batch time 0 
INFO:root:TEST batch 4 / 7 - partial error 0.0053 - partial loss 4.3955 - partial MRR  0.0000 - partial MAP 0.9947
INFO:root:TEST batch 4 / 7 -  partial tp {0: tensor(0), 1: tensor(47)},fn {0: tensor(0), 1: tensor(0)},fp {0: tensor(0), 1: tensor(0)}
INFO:root:TEST batch 4 / 7 - measures partial microavg - precision 1.0000 - recall 1.0000 - f1 1.0000 
INFO:root:TEST batch 4 / 7 - measures partial for class 0 - precision 0.0000 - recall 0.0000 - f1 0.0000 
INFO:root:TEST batch 4 / 7 - measures partial for class 1 - precision 1.0000 - recall 1.0000 - f1 1.0000 
INFO:root:TEST batch 4 / 7 - Batch time 0 
INFO:root:TEST batch 5 / 7 - partial error 0.0043 - partial loss 3.5164 - partial MRR  0.0000 - partial MAP 0.9957
INFO:root:TEST batch 5 / 7 -  partial tp {0: tensor(0), 1: tensor(47)},fn {0: tensor(0), 1: tensor(0)},fp {0: tensor(0), 1: tensor(0)}
INFO:root:TEST batch 5 / 7 - measures partial microavg - precision 1.0000 - recall 1.0000 - f1 1.0000 
INFO:root:TEST batch 5 / 7 - measures partial for class 0 - precision 0.0000 - recall 0.0000 - f1 0.0000 
INFO:root:TEST batch 5 / 7 - measures partial for class 1 - precision 1.0000 - recall 1.0000 - f1 1.0000 
INFO:root:TEST batch 5 / 7 - Batch time 0 
INFO:root:TEST batch 6 / 7 - partial error 0.0035 - partial loss 2.9303 - partial MRR  0.0000 - partial MAP 0.9965
INFO:root:TEST batch 6 / 7 -  partial tp {0: tensor(0), 1: tensor(47)},fn {0: tensor(0), 1: tensor(0)},fp {0: tensor(0), 1: tensor(0)}
INFO:root:TEST batch 6 / 7 - measures partial microavg - precision 1.0000 - recall 1.0000 - f1 1.0000 
INFO:root:TEST batch 6 / 7 - measures partial for class 0 - precision 0.0000 - recall 0.0000 - f1 0.0000 
INFO:root:TEST batch 6 / 7 - measures partial for class 1 - precision 1.0000 - recall 1.0000 - f1 1.0000 
INFO:root:TEST batch 6 / 7 - Batch time 0 
INFO:root:TEST batch 7 / 7 - partial error 0.0030 - partial loss 2.5117 - partial MRR  0.0000 - partial MAP 0.9970
INFO:root:TEST batch 7 / 7 -  partial tp {0: tensor(0), 1: tensor(47)},fn {0: tensor(0), 1: tensor(0)},fp {0: tensor(0), 1: tensor(0)}
INFO:root:TEST batch 7 / 7 - measures partial microavg - precision 1.0000 - recall 1.0000 - f1 1.0000 
INFO:root:TEST batch 7 / 7 - measures partial for class 0 - precision 0.0000 - recall 0.0000 - f1 0.0000 
INFO:root:TEST batch 7 / 7 - measures partial for class 1 - precision 1.0000 - recall 1.0000 - f1 1.0000 
INFO:root:TEST batch 7 / 7 - Batch time 0 
INFO:root:TEST mean losses tensor(2.5117)
INFO:root:TEST mean errors 0.0030395134817808867
INFO:root:TEST mean MRR 0.0 - mean MAP 0.996960461139679
INFO:root:TEST tp {0: tensor(0), 1: tensor(328)},fn {0: tensor(1), 1: tensor(0)},fp {0: tensor(0), 1: tensor(1)}
INFO:root:TEST measures microavg - precision 0.9970 - recall 0.9970 - f1 0.9970 
INFO:root:TEST measures for class 0 - precision 0.0000 - recall 0.0000 - f1 0.0000 
INFO:root:TEST measures for class 1 - precision 0.9970 - recall 1.0000 - f1 0.9985 
INFO:root:TEST measures@10 microavg - precision 1.0000 - recall 0.2128 - f1 0.3509 
INFO:root:TEST measures@10 for class 0 - precision 0.0000 - recall 0.0000 - f1 0.0000 
INFO:root:TEST measures@10 for class 1 - precision 1.0000 - recall 0.2134 - f1 0.3518 
INFO:root:TEST measures@100 microavg - precision 0.9970 - recall 0.9970 - f1 0.9970 
INFO:root:TEST measures@100 for class 0 - precision 0.0000 - recall 0.0000 - f1 0.0000 
INFO:root:TEST measures@100 for class 1 - precision 0.9970 - recall 1.0000 - f1 0.9985 
INFO:root:TEST measures@1000 microavg - precision 0.9970 - recall 0.9970 - f1 0.9970 
INFO:root:TEST measures@1000 for class 0 - precision 0.0000 - recall 0.0000 - f1 0.0000 
INFO:root:TEST measures@1000 for class 1 - precision 0.9970 - recall 1.0000 - f1 0.9985 
INFO:root:TEST Total epoch time: 0.08373373199992784
INFO:root:################ TRAIN epoch 83 ###################
INFO:root:TRAIN mean losses tensor(0.)
INFO:root:TRAIN mean errors 0.0
INFO:root:TRAIN mean MRR 0.0 - mean MAP 1.0
INFO:root:TRAIN tp {0: tensor(0), 1: tensor(1410)},fn {0: tensor(0), 1: tensor(0)},fp {0: tensor(0), 1: tensor(0)}
INFO:root:TRAIN measures microavg - precision 1.0000 - recall 1.0000 - f1 1.0000 
INFO:root:TRAIN measures for class 0 - precision 0.0000 - recall 0.0000 - f1 0.0000 
INFO:root:TRAIN measures for class 1 - precision 1.0000 - recall 1.0000 - f1 1.0000 
INFO:root:TRAIN measures@10 microavg - precision 1.0000 - recall 0.2128 - f1 0.3509 
INFO:root:TRAIN measures@10 for class 0 - precision 0.0000 - recall 0.0000 - f1 0.0000 
INFO:root:TRAIN measures@10 for class 1 - precision 1.0000 - recall 0.2128 - f1 0.3509 
INFO:root:TRAIN measures@100 microavg - precision 1.0000 - recall 1.0000 - f1 1.0000 
INFO:root:TRAIN measures@100 for class 0 - precision 0.0000 - recall 0.0000 - f1 0.0000 
INFO:root:TRAIN measures@100 for class 1 - precision 1.0000 - recall 1.0000 - f1 1.0000 
INFO:root:TRAIN measures@1000 microavg - precision 1.0000 - recall 1.0000 - f1 1.0000 
INFO:root:TRAIN measures@1000 for class 0 - precision 0.0000 - recall 0.0000 - f1 0.0000 
INFO:root:TRAIN measures@1000 for class 1 - precision 1.0000 - recall 1.0000 - f1 1.0000 
INFO:root:TRAIN Total epoch time: 0.5254610030001459
INFO:root:################ VALID epoch 83 ###################
INFO:root:VALID mean losses tensor(0.)
INFO:root:VALID mean errors 0.0
INFO:root:VALID mean MRR 0.0 - mean MAP 1.0
INFO:root:VALID tp {0: tensor(0), 1: tensor(282)},fn {0: tensor(0), 1: tensor(0)},fp {0: tensor(0), 1: tensor(0)}
INFO:root:VALID measures microavg - precision 1.0000 - recall 1.0000 - f1 1.0000 
INFO:root:VALID measures for class 0 - precision 0.0000 - recall 0.0000 - f1 0.0000 
INFO:root:VALID measures for class 1 - precision 1.0000 - recall 1.0000 - f1 1.0000 
INFO:root:VALID measures@10 microavg - precision 1.0000 - recall 0.2128 - f1 0.3509 
INFO:root:VALID measures@10 for class 0 - precision 0.0000 - recall 0.0000 - f1 0.0000 
INFO:root:VALID measures@10 for class 1 - precision 1.0000 - recall 0.2128 - f1 0.3509 
INFO:root:VALID measures@100 microavg - precision 1.0000 - recall 1.0000 - f1 1.0000 
INFO:root:VALID measures@100 for class 0 - precision 0.0000 - recall 0.0000 - f1 0.0000 
INFO:root:VALID measures@100 for class 1 - precision 1.0000 - recall 1.0000 - f1 1.0000 
INFO:root:VALID measures@1000 microavg - precision 1.0000 - recall 1.0000 - f1 1.0000 
INFO:root:VALID measures@1000 for class 0 - precision 0.0000 - recall 0.0000 - f1 0.0000 
INFO:root:VALID measures@1000 for class 1 - precision 1.0000 - recall 1.0000 - f1 1.0000 
INFO:root:VALID Total epoch time: 0.06428752600004373
INFO:root:################ TEST epoch 83 ###################
INFO:root:TEST batch 1 / 7 - partial error 0.0000 - partial loss 0.0000 - partial MRR  0.0000 - partial MAP 1.0000
INFO:root:TEST batch 1 / 7 -  partial tp {0: tensor(0), 1: tensor(47)},fn {0: tensor(0), 1: tensor(0)},fp {0: tensor(0), 1: tensor(0)}
INFO:root:TEST batch 1 / 7 - measures partial microavg - precision 1.0000 - recall 1.0000 - f1 1.0000 
INFO:root:TEST batch 1 / 7 - measures partial for class 0 - precision 0.0000 - recall 0.0000 - f1 0.0000 
INFO:root:TEST batch 1 / 7 - measures partial for class 1 - precision 1.0000 - recall 1.0000 - f1 1.0000 
INFO:root:TEST batch 1 / 7 - Batch time 0 
INFO:root:TEST batch 2 / 7 - partial error 0.0106 - partial loss 9.0409 - partial MRR  0.0000 - partial MAP 0.9894
INFO:root:TEST batch 2 / 7 -  partial tp {0: tensor(0), 1: tensor(46)},fn {0: tensor(1), 1: tensor(0)},fp {0: tensor(0), 1: tensor(1)}
INFO:root:TEST batch 2 / 7 - measures partial microavg - precision 0.9787 - recall 0.9787 - f1 0.9787 
INFO:root:TEST batch 2 / 7 - measures partial for class 0 - precision 0.0000 - recall 0.0000 - f1 0.0000 
INFO:root:TEST batch 2 / 7 - measures partial for class 1 - precision 0.9787 - recall 1.0000 - f1 0.9892 
INFO:root:TEST batch 2 / 7 - Batch time 0 
INFO:root:TEST batch 3 / 7 - partial error 0.0071 - partial loss 6.0273 - partial MRR  0.0000 - partial MAP 0.9929
INFO:root:TEST batch 3 / 7 -  partial tp {0: tensor(0), 1: tensor(47)},fn {0: tensor(0), 1: tensor(0)},fp {0: tensor(0), 1: tensor(0)}
INFO:root:TEST batch 3 / 7 - measures partial microavg - precision 1.0000 - recall 1.0000 - f1 1.0000 
INFO:root:TEST batch 3 / 7 - measures partial for class 0 - precision 0.0000 - recall 0.0000 - f1 0.0000 
INFO:root:TEST batch 3 / 7 - measures partial for class 1 - precision 1.0000 - recall 1.0000 - f1 1.0000 
INFO:root:TEST batch 3 / 7 - Batch time 0 
INFO:root:TEST batch 4 / 7 - partial error 0.0053 - partial loss 4.5205 - partial MRR  0.0000 - partial MAP 0.9947
INFO:root:TEST batch 4 / 7 -  partial tp {0: tensor(0), 1: tensor(47)},fn {0: tensor(0), 1: tensor(0)},fp {0: tensor(0), 1: tensor(0)}
INFO:root:TEST batch 4 / 7 - measures partial microavg - precision 1.0000 - recall 1.0000 - f1 1.0000 
INFO:root:TEST batch 4 / 7 - measures partial for class 0 - precision 0.0000 - recall 0.0000 - f1 0.0000 
INFO:root:TEST batch 4 / 7 - measures partial for class 1 - precision 1.0000 - recall 1.0000 - f1 1.0000 
INFO:root:TEST batch 4 / 7 - Batch time 0 
INFO:root:TEST batch 5 / 7 - partial error 0.0043 - partial loss 3.6164 - partial MRR  0.0000 - partial MAP 0.9957
INFO:root:TEST batch 5 / 7 -  partial tp {0: tensor(0), 1: tensor(47)},fn {0: tensor(0), 1: tensor(0)},fp {0: tensor(0), 1: tensor(0)}
INFO:root:TEST batch 5 / 7 - measures partial microavg - precision 1.0000 - recall 1.0000 - f1 1.0000 
INFO:root:TEST batch 5 / 7 - measures partial for class 0 - precision 0.0000 - recall 0.0000 - f1 0.0000 
INFO:root:TEST batch 5 / 7 - measures partial for class 1 - precision 1.0000 - recall 1.0000 - f1 1.0000 
INFO:root:TEST batch 5 / 7 - Batch time 0 
INFO:root:TEST batch 6 / 7 - partial error 0.0035 - partial loss 3.0136 - partial MRR  0.0000 - partial MAP 0.9965
INFO:root:TEST batch 6 / 7 -  partial tp {0: tensor(0), 1: tensor(47)},fn {0: tensor(0), 1: tensor(0)},fp {0: tensor(0), 1: tensor(0)}
INFO:root:TEST batch 6 / 7 - measures partial microavg - precision 1.0000 - recall 1.0000 - f1 1.0000 
INFO:root:TEST batch 6 / 7 - measures partial for class 0 - precision 0.0000 - recall 0.0000 - f1 0.0000 
INFO:root:TEST batch 6 / 7 - measures partial for class 1 - precision 1.0000 - recall 1.0000 - f1 1.0000 
INFO:root:TEST batch 6 / 7 - Batch time 0 
INFO:root:TEST batch 7 / 7 - partial error 0.0030 - partial loss 2.5831 - partial MRR  0.0000 - partial MAP 0.9970
INFO:root:TEST batch 7 / 7 -  partial tp {0: tensor(0), 1: tensor(47)},fn {0: tensor(0), 1: tensor(0)},fp {0: tensor(0), 1: tensor(0)}
INFO:root:TEST batch 7 / 7 - measures partial microavg - precision 1.0000 - recall 1.0000 - f1 1.0000 
INFO:root:TEST batch 7 / 7 - measures partial for class 0 - precision 0.0000 - recall 0.0000 - f1 0.0000 
INFO:root:TEST batch 7 / 7 - measures partial for class 1 - precision 1.0000 - recall 1.0000 - f1 1.0000 
INFO:root:TEST batch 7 / 7 - Batch time 0 
INFO:root:TEST mean losses tensor(2.5831)
INFO:root:TEST mean errors 0.0030395134817808867
INFO:root:TEST mean MRR 0.0 - mean MAP 0.996960461139679
INFO:root:TEST tp {0: tensor(0), 1: tensor(328)},fn {0: tensor(1), 1: tensor(0)},fp {0: tensor(0), 1: tensor(1)}
INFO:root:TEST measures microavg - precision 0.9970 - recall 0.9970 - f1 0.9970 
INFO:root:TEST measures for class 0 - precision 0.0000 - recall 0.0000 - f1 0.0000 
INFO:root:TEST measures for class 1 - precision 0.9970 - recall 1.0000 - f1 0.9985 
INFO:root:TEST measures@10 microavg - precision 1.0000 - recall 0.2128 - f1 0.3509 
INFO:root:TEST measures@10 for class 0 - precision 0.0000 - recall 0.0000 - f1 0.0000 
INFO:root:TEST measures@10 for class 1 - precision 1.0000 - recall 0.2134 - f1 0.3518 
INFO:root:TEST measures@100 microavg - precision 0.9970 - recall 0.9970 - f1 0.9970 
INFO:root:TEST measures@100 for class 0 - precision 0.0000 - recall 0.0000 - f1 0.0000 
INFO:root:TEST measures@100 for class 1 - precision 0.9970 - recall 1.0000 - f1 0.9985 
INFO:root:TEST measures@1000 microavg - precision 0.9970 - recall 0.9970 - f1 0.9970 
INFO:root:TEST measures@1000 for class 0 - precision 0.0000 - recall 0.0000 - f1 0.0000 
INFO:root:TEST measures@1000 for class 1 - precision 0.9970 - recall 1.0000 - f1 0.9985 
INFO:root:TEST Total epoch time: 0.08398468099994716
INFO:root:################ TRAIN epoch 84 ###################
INFO:root:TRAIN mean losses tensor(0.)
INFO:root:TRAIN mean errors 0.0
INFO:root:TRAIN mean MRR 0.0 - mean MAP 1.0
INFO:root:TRAIN tp {0: tensor(0), 1: tensor(1410)},fn {0: tensor(0), 1: tensor(0)},fp {0: tensor(0), 1: tensor(0)}
INFO:root:TRAIN measures microavg - precision 1.0000 - recall 1.0000 - f1 1.0000 
INFO:root:TRAIN measures for class 0 - precision 0.0000 - recall 0.0000 - f1 0.0000 
INFO:root:TRAIN measures for class 1 - precision 1.0000 - recall 1.0000 - f1 1.0000 
INFO:root:TRAIN measures@10 microavg - precision 1.0000 - recall 0.2128 - f1 0.3509 
INFO:root:TRAIN measures@10 for class 0 - precision 0.0000 - recall 0.0000 - f1 0.0000 
INFO:root:TRAIN measures@10 for class 1 - precision 1.0000 - recall 0.2128 - f1 0.3509 
INFO:root:TRAIN measures@100 microavg - precision 1.0000 - recall 1.0000 - f1 1.0000 
INFO:root:TRAIN measures@100 for class 0 - precision 0.0000 - recall 0.0000 - f1 0.0000 
INFO:root:TRAIN measures@100 for class 1 - precision 1.0000 - recall 1.0000 - f1 1.0000 
INFO:root:TRAIN measures@1000 microavg - precision 1.0000 - recall 1.0000 - f1 1.0000 
INFO:root:TRAIN measures@1000 for class 0 - precision 0.0000 - recall 0.0000 - f1 0.0000 
INFO:root:TRAIN measures@1000 for class 1 - precision 1.0000 - recall 1.0000 - f1 1.0000 
INFO:root:TRAIN Total epoch time: 0.523218333999921
INFO:root:################ VALID epoch 84 ###################
INFO:root:VALID mean losses tensor(0.)
INFO:root:VALID mean errors 0.0
INFO:root:VALID mean MRR 0.0 - mean MAP 1.0
INFO:root:VALID tp {0: tensor(0), 1: tensor(282)},fn {0: tensor(0), 1: tensor(0)},fp {0: tensor(0), 1: tensor(0)}
INFO:root:VALID measures microavg - precision 1.0000 - recall 1.0000 - f1 1.0000 
INFO:root:VALID measures for class 0 - precision 0.0000 - recall 0.0000 - f1 0.0000 
INFO:root:VALID measures for class 1 - precision 1.0000 - recall 1.0000 - f1 1.0000 
INFO:root:VALID measures@10 microavg - precision 1.0000 - recall 0.2128 - f1 0.3509 
INFO:root:VALID measures@10 for class 0 - precision 0.0000 - recall 0.0000 - f1 0.0000 
INFO:root:VALID measures@10 for class 1 - precision 1.0000 - recall 0.2128 - f1 0.3509 
INFO:root:VALID measures@100 microavg - precision 1.0000 - recall 1.0000 - f1 1.0000 
INFO:root:VALID measures@100 for class 0 - precision 0.0000 - recall 0.0000 - f1 0.0000 
INFO:root:VALID measures@100 for class 1 - precision 1.0000 - recall 1.0000 - f1 1.0000 
INFO:root:VALID measures@1000 microavg - precision 1.0000 - recall 1.0000 - f1 1.0000 
INFO:root:VALID measures@1000 for class 0 - precision 0.0000 - recall 0.0000 - f1 0.0000 
INFO:root:VALID measures@1000 for class 1 - precision 1.0000 - recall 1.0000 - f1 1.0000 
INFO:root:VALID Total epoch time: 0.06398212299973238
INFO:root:################ TEST epoch 84 ###################
INFO:root:TEST batch 1 / 7 - partial error 0.0000 - partial loss 0.0000 - partial MRR  0.0000 - partial MAP 1.0000
INFO:root:TEST batch 1 / 7 -  partial tp {0: tensor(0), 1: tensor(47)},fn {0: tensor(0), 1: tensor(0)},fp {0: tensor(0), 1: tensor(0)}
INFO:root:TEST batch 1 / 7 - measures partial microavg - precision 1.0000 - recall 1.0000 - f1 1.0000 
INFO:root:TEST batch 1 / 7 - measures partial for class 0 - precision 0.0000 - recall 0.0000 - f1 0.0000 
INFO:root:TEST batch 1 / 7 - measures partial for class 1 - precision 1.0000 - recall 1.0000 - f1 1.0000 
INFO:root:TEST batch 1 / 7 - Batch time 0 
INFO:root:TEST batch 2 / 7 - partial error 0.0106 - partial loss 9.5285 - partial MRR  0.0000 - partial MAP 0.9894
INFO:root:TEST batch 2 / 7 -  partial tp {0: tensor(0), 1: tensor(46)},fn {0: tensor(1), 1: tensor(0)},fp {0: tensor(0), 1: tensor(1)}
INFO:root:TEST batch 2 / 7 - measures partial microavg - precision 0.9787 - recall 0.9787 - f1 0.9787 
INFO:root:TEST batch 2 / 7 - measures partial for class 0 - precision 0.0000 - recall 0.0000 - f1 0.0000 
INFO:root:TEST batch 2 / 7 - measures partial for class 1 - precision 0.9787 - recall 1.0000 - f1 0.9892 
INFO:root:TEST batch 2 / 7 - Batch time 0 
INFO:root:TEST batch 3 / 7 - partial error 0.0071 - partial loss 6.3524 - partial MRR  0.0000 - partial MAP 0.9929
INFO:root:TEST batch 3 / 7 -  partial tp {0: tensor(0), 1: tensor(47)},fn {0: tensor(0), 1: tensor(0)},fp {0: tensor(0), 1: tensor(0)}
INFO:root:TEST batch 3 / 7 - measures partial microavg - precision 1.0000 - recall 1.0000 - f1 1.0000 
INFO:root:TEST batch 3 / 7 - measures partial for class 0 - precision 0.0000 - recall 0.0000 - f1 0.0000 
INFO:root:TEST batch 3 / 7 - measures partial for class 1 - precision 1.0000 - recall 1.0000 - f1 1.0000 
INFO:root:TEST batch 3 / 7 - Batch time 0 
INFO:root:TEST batch 4 / 7 - partial error 0.0053 - partial loss 4.7643 - partial MRR  0.0000 - partial MAP 0.9947
INFO:root:TEST batch 4 / 7 -  partial tp {0: tensor(0), 1: tensor(47)},fn {0: tensor(0), 1: tensor(0)},fp {0: tensor(0), 1: tensor(0)}
INFO:root:TEST batch 4 / 7 - measures partial microavg - precision 1.0000 - recall 1.0000 - f1 1.0000 
INFO:root:TEST batch 4 / 7 - measures partial for class 0 - precision 0.0000 - recall 0.0000 - f1 0.0000 
INFO:root:TEST batch 4 / 7 - measures partial for class 1 - precision 1.0000 - recall 1.0000 - f1 1.0000 
INFO:root:TEST batch 4 / 7 - Batch time 0 
INFO:root:TEST batch 5 / 7 - partial error 0.0043 - partial loss 3.8114 - partial MRR  0.0000 - partial MAP 0.9957
INFO:root:TEST batch 5 / 7 -  partial tp {0: tensor(0), 1: tensor(47)},fn {0: tensor(0), 1: tensor(0)},fp {0: tensor(0), 1: tensor(0)}
INFO:root:TEST batch 5 / 7 - measures partial microavg - precision 1.0000 - recall 1.0000 - f1 1.0000 
INFO:root:TEST batch 5 / 7 - measures partial for class 0 - precision 0.0000 - recall 0.0000 - f1 0.0000 
INFO:root:TEST batch 5 / 7 - measures partial for class 1 - precision 1.0000 - recall 1.0000 - f1 1.0000 
INFO:root:TEST batch 5 / 7 - Batch time 0 
INFO:root:TEST batch 6 / 7 - partial error 0.0035 - partial loss 3.1762 - partial MRR  0.0000 - partial MAP 0.9965
INFO:root:TEST batch 6 / 7 -  partial tp {0: tensor(0), 1: tensor(47)},fn {0: tensor(0), 1: tensor(0)},fp {0: tensor(0), 1: tensor(0)}
INFO:root:TEST batch 6 / 7 - measures partial microavg - precision 1.0000 - recall 1.0000 - f1 1.0000 
INFO:root:TEST batch 6 / 7 - measures partial for class 0 - precision 0.0000 - recall 0.0000 - f1 0.0000 
INFO:root:TEST batch 6 / 7 - measures partial for class 1 - precision 1.0000 - recall 1.0000 - f1 1.0000 
INFO:root:TEST batch 6 / 7 - Batch time 0 
INFO:root:TEST batch 7 / 7 - partial error 0.0030 - partial loss 2.7224 - partial MRR  0.0000 - partial MAP 0.9970
INFO:root:TEST batch 7 / 7 -  partial tp {0: tensor(0), 1: tensor(47)},fn {0: tensor(0), 1: tensor(0)},fp {0: tensor(0), 1: tensor(0)}
INFO:root:TEST batch 7 / 7 - measures partial microavg - precision 1.0000 - recall 1.0000 - f1 1.0000 
INFO:root:TEST batch 7 / 7 - measures partial for class 0 - precision 0.0000 - recall 0.0000 - f1 0.0000 
INFO:root:TEST batch 7 / 7 - measures partial for class 1 - precision 1.0000 - recall 1.0000 - f1 1.0000 
INFO:root:TEST batch 7 / 7 - Batch time 0 
INFO:root:TEST mean losses tensor(2.7224)
INFO:root:TEST mean errors 0.0030395134817808867
INFO:root:TEST mean MRR 0.0 - mean MAP 0.996960461139679
INFO:root:TEST tp {0: tensor(0), 1: tensor(328)},fn {0: tensor(1), 1: tensor(0)},fp {0: tensor(0), 1: tensor(1)}
INFO:root:TEST measures microavg - precision 0.9970 - recall 0.9970 - f1 0.9970 
INFO:root:TEST measures for class 0 - precision 0.0000 - recall 0.0000 - f1 0.0000 
INFO:root:TEST measures for class 1 - precision 0.9970 - recall 1.0000 - f1 0.9985 
INFO:root:TEST measures@10 microavg - precision 1.0000 - recall 0.2128 - f1 0.3509 
INFO:root:TEST measures@10 for class 0 - precision 0.0000 - recall 0.0000 - f1 0.0000 
INFO:root:TEST measures@10 for class 1 - precision 1.0000 - recall 0.2134 - f1 0.3518 
INFO:root:TEST measures@100 microavg - precision 0.9970 - recall 0.9970 - f1 0.9970 
INFO:root:TEST measures@100 for class 0 - precision 0.0000 - recall 0.0000 - f1 0.0000 
INFO:root:TEST measures@100 for class 1 - precision 0.9970 - recall 1.0000 - f1 0.9985 
INFO:root:TEST measures@1000 microavg - precision 0.9970 - recall 0.9970 - f1 0.9970 
INFO:root:TEST measures@1000 for class 0 - precision 0.0000 - recall 0.0000 - f1 0.0000 
INFO:root:TEST measures@1000 for class 1 - precision 0.9970 - recall 1.0000 - f1 0.9985 
INFO:root:TEST Total epoch time: 0.0831066959999589
INFO:root:################ TRAIN epoch 85 ###################
INFO:root:TRAIN mean losses tensor(0.)
INFO:root:TRAIN mean errors 0.0
INFO:root:TRAIN mean MRR 0.0 - mean MAP 1.0
INFO:root:TRAIN tp {0: tensor(0), 1: tensor(1410)},fn {0: tensor(0), 1: tensor(0)},fp {0: tensor(0), 1: tensor(0)}
INFO:root:TRAIN measures microavg - precision 1.0000 - recall 1.0000 - f1 1.0000 
INFO:root:TRAIN measures for class 0 - precision 0.0000 - recall 0.0000 - f1 0.0000 
INFO:root:TRAIN measures for class 1 - precision 1.0000 - recall 1.0000 - f1 1.0000 
INFO:root:TRAIN measures@10 microavg - precision 1.0000 - recall 0.2128 - f1 0.3509 
INFO:root:TRAIN measures@10 for class 0 - precision 0.0000 - recall 0.0000 - f1 0.0000 
INFO:root:TRAIN measures@10 for class 1 - precision 1.0000 - recall 0.2128 - f1 0.3509 
INFO:root:TRAIN measures@100 microavg - precision 1.0000 - recall 1.0000 - f1 1.0000 
INFO:root:TRAIN measures@100 for class 0 - precision 0.0000 - recall 0.0000 - f1 0.0000 
INFO:root:TRAIN measures@100 for class 1 - precision 1.0000 - recall 1.0000 - f1 1.0000 
INFO:root:TRAIN measures@1000 microavg - precision 1.0000 - recall 1.0000 - f1 1.0000 
INFO:root:TRAIN measures@1000 for class 0 - precision 0.0000 - recall 0.0000 - f1 0.0000 
INFO:root:TRAIN measures@1000 for class 1 - precision 1.0000 - recall 1.0000 - f1 1.0000 
INFO:root:TRAIN Total epoch time: 0.49140369599990663
INFO:root:################ VALID epoch 85 ###################
INFO:root:VALID mean losses tensor(0.)
INFO:root:VALID mean errors 0.0
INFO:root:VALID mean MRR 0.0 - mean MAP 1.0
INFO:root:VALID tp {0: tensor(0), 1: tensor(282)},fn {0: tensor(0), 1: tensor(0)},fp {0: tensor(0), 1: tensor(0)}
INFO:root:VALID measures microavg - precision 1.0000 - recall 1.0000 - f1 1.0000 
INFO:root:VALID measures for class 0 - precision 0.0000 - recall 0.0000 - f1 0.0000 
INFO:root:VALID measures for class 1 - precision 1.0000 - recall 1.0000 - f1 1.0000 
INFO:root:VALID measures@10 microavg - precision 1.0000 - recall 0.2128 - f1 0.3509 
INFO:root:VALID measures@10 for class 0 - precision 0.0000 - recall 0.0000 - f1 0.0000 
INFO:root:VALID measures@10 for class 1 - precision 1.0000 - recall 0.2128 - f1 0.3509 
INFO:root:VALID measures@100 microavg - precision 1.0000 - recall 1.0000 - f1 1.0000 
INFO:root:VALID measures@100 for class 0 - precision 0.0000 - recall 0.0000 - f1 0.0000 
INFO:root:VALID measures@100 for class 1 - precision 1.0000 - recall 1.0000 - f1 1.0000 
INFO:root:VALID measures@1000 microavg - precision 1.0000 - recall 1.0000 - f1 1.0000 
INFO:root:VALID measures@1000 for class 0 - precision 0.0000 - recall 0.0000 - f1 0.0000 
INFO:root:VALID measures@1000 for class 1 - precision 1.0000 - recall 1.0000 - f1 1.0000 
INFO:root:VALID Total epoch time: 0.06160983900008432
INFO:root:################ TEST epoch 85 ###################
INFO:root:TEST batch 1 / 7 - partial error 0.0000 - partial loss 0.0000 - partial MRR  0.0000 - partial MAP 1.0000
INFO:root:TEST batch 1 / 7 -  partial tp {0: tensor(0), 1: tensor(47)},fn {0: tensor(0), 1: tensor(0)},fp {0: tensor(0), 1: tensor(0)}
INFO:root:TEST batch 1 / 7 - measures partial microavg - precision 1.0000 - recall 1.0000 - f1 1.0000 
INFO:root:TEST batch 1 / 7 - measures partial for class 0 - precision 0.0000 - recall 0.0000 - f1 0.0000 
INFO:root:TEST batch 1 / 7 - measures partial for class 1 - precision 1.0000 - recall 1.0000 - f1 1.0000 
INFO:root:TEST batch 1 / 7 - Batch time 0 
INFO:root:TEST batch 2 / 7 - partial error 0.0106 - partial loss 9.0533 - partial MRR  0.0000 - partial MAP 0.9894
INFO:root:TEST batch 2 / 7 -  partial tp {0: tensor(0), 1: tensor(46)},fn {0: tensor(1), 1: tensor(0)},fp {0: tensor(0), 1: tensor(1)}
INFO:root:TEST batch 2 / 7 - measures partial microavg - precision 0.9787 - recall 0.9787 - f1 0.9787 
INFO:root:TEST batch 2 / 7 - measures partial for class 0 - precision 0.0000 - recall 0.0000 - f1 0.0000 
INFO:root:TEST batch 2 / 7 - measures partial for class 1 - precision 0.9787 - recall 1.0000 - f1 0.9892 
INFO:root:TEST batch 2 / 7 - Batch time 0 
INFO:root:TEST batch 3 / 7 - partial error 0.0071 - partial loss 6.0355 - partial MRR  0.0000 - partial MAP 0.9929
INFO:root:TEST batch 3 / 7 -  partial tp {0: tensor(0), 1: tensor(47)},fn {0: tensor(0), 1: tensor(0)},fp {0: tensor(0), 1: tensor(0)}
INFO:root:TEST batch 3 / 7 - measures partial microavg - precision 1.0000 - recall 1.0000 - f1 1.0000 
INFO:root:TEST batch 3 / 7 - measures partial for class 0 - precision 0.0000 - recall 0.0000 - f1 0.0000 
INFO:root:TEST batch 3 / 7 - measures partial for class 1 - precision 1.0000 - recall 1.0000 - f1 1.0000 
INFO:root:TEST batch 3 / 7 - Batch time 0 
INFO:root:TEST batch 4 / 7 - partial error 0.0053 - partial loss 4.5267 - partial MRR  0.0000 - partial MAP 0.9947
INFO:root:TEST batch 4 / 7 -  partial tp {0: tensor(0), 1: tensor(47)},fn {0: tensor(0), 1: tensor(0)},fp {0: tensor(0), 1: tensor(0)}
INFO:root:TEST batch 4 / 7 - measures partial microavg - precision 1.0000 - recall 1.0000 - f1 1.0000 
INFO:root:TEST batch 4 / 7 - measures partial for class 0 - precision 0.0000 - recall 0.0000 - f1 0.0000 
INFO:root:TEST batch 4 / 7 - measures partial for class 1 - precision 1.0000 - recall 1.0000 - f1 1.0000 
INFO:root:TEST batch 4 / 7 - Batch time 0 
INFO:root:TEST batch 5 / 7 - partial error 0.0043 - partial loss 3.6213 - partial MRR  0.0000 - partial MAP 0.9957
INFO:root:TEST batch 5 / 7 -  partial tp {0: tensor(0), 1: tensor(47)},fn {0: tensor(0), 1: tensor(0)},fp {0: tensor(0), 1: tensor(0)}
INFO:root:TEST batch 5 / 7 - measures partial microavg - precision 1.0000 - recall 1.0000 - f1 1.0000 
INFO:root:TEST batch 5 / 7 - measures partial for class 0 - precision 0.0000 - recall 0.0000 - f1 0.0000 
INFO:root:TEST batch 5 / 7 - measures partial for class 1 - precision 1.0000 - recall 1.0000 - f1 1.0000 
INFO:root:TEST batch 5 / 7 - Batch time 0 
INFO:root:TEST batch 6 / 7 - partial error 0.0035 - partial loss 3.0178 - partial MRR  0.0000 - partial MAP 0.9965
INFO:root:TEST batch 6 / 7 -  partial tp {0: tensor(0), 1: tensor(47)},fn {0: tensor(0), 1: tensor(0)},fp {0: tensor(0), 1: tensor(0)}
INFO:root:TEST batch 6 / 7 - measures partial microavg - precision 1.0000 - recall 1.0000 - f1 1.0000 
INFO:root:TEST batch 6 / 7 - measures partial for class 0 - precision 0.0000 - recall 0.0000 - f1 0.0000 
INFO:root:TEST batch 6 / 7 - measures partial for class 1 - precision 1.0000 - recall 1.0000 - f1 1.0000 
INFO:root:TEST batch 6 / 7 - Batch time 0 
INFO:root:TEST batch 7 / 7 - partial error 0.0030 - partial loss 2.5867 - partial MRR  0.0000 - partial MAP 0.9970
INFO:root:TEST batch 7 / 7 -  partial tp {0: tensor(0), 1: tensor(47)},fn {0: tensor(0), 1: tensor(0)},fp {0: tensor(0), 1: tensor(0)}
INFO:root:TEST batch 7 / 7 - measures partial microavg - precision 1.0000 - recall 1.0000 - f1 1.0000 
INFO:root:TEST batch 7 / 7 - measures partial for class 0 - precision 0.0000 - recall 0.0000 - f1 0.0000 
INFO:root:TEST batch 7 / 7 - measures partial for class 1 - precision 1.0000 - recall 1.0000 - f1 1.0000 
INFO:root:TEST batch 7 / 7 - Batch time 0 
INFO:root:TEST mean losses tensor(2.5867)
INFO:root:TEST mean errors 0.0030395134817808867
INFO:root:TEST mean MRR 0.0 - mean MAP 0.996960461139679
INFO:root:TEST tp {0: tensor(0), 1: tensor(328)},fn {0: tensor(1), 1: tensor(0)},fp {0: tensor(0), 1: tensor(1)}
INFO:root:TEST measures microavg - precision 0.9970 - recall 0.9970 - f1 0.9970 
INFO:root:TEST measures for class 0 - precision 0.0000 - recall 0.0000 - f1 0.0000 
INFO:root:TEST measures for class 1 - precision 0.9970 - recall 1.0000 - f1 0.9985 
INFO:root:TEST measures@10 microavg - precision 1.0000 - recall 0.2128 - f1 0.3509 
INFO:root:TEST measures@10 for class 0 - precision 0.0000 - recall 0.0000 - f1 0.0000 
INFO:root:TEST measures@10 for class 1 - precision 1.0000 - recall 0.2134 - f1 0.3518 
INFO:root:TEST measures@100 microavg - precision 0.9970 - recall 0.9970 - f1 0.9970 
INFO:root:TEST measures@100 for class 0 - precision 0.0000 - recall 0.0000 - f1 0.0000 
INFO:root:TEST measures@100 for class 1 - precision 0.9970 - recall 1.0000 - f1 0.9985 
INFO:root:TEST measures@1000 microavg - precision 0.9970 - recall 0.9970 - f1 0.9970 
INFO:root:TEST measures@1000 for class 0 - precision 0.0000 - recall 0.0000 - f1 0.0000 
INFO:root:TEST measures@1000 for class 1 - precision 0.9970 - recall 1.0000 - f1 0.9985 
INFO:root:TEST Total epoch time: 0.07814646099996025
INFO:root:################ TRAIN epoch 86 ###################
INFO:root:TRAIN mean losses tensor(0.)
INFO:root:TRAIN mean errors 0.0
INFO:root:TRAIN mean MRR 0.0 - mean MAP 1.0
INFO:root:TRAIN tp {0: tensor(0), 1: tensor(1410)},fn {0: tensor(0), 1: tensor(0)},fp {0: tensor(0), 1: tensor(0)}
INFO:root:TRAIN measures microavg - precision 1.0000 - recall 1.0000 - f1 1.0000 
INFO:root:TRAIN measures for class 0 - precision 0.0000 - recall 0.0000 - f1 0.0000 
INFO:root:TRAIN measures for class 1 - precision 1.0000 - recall 1.0000 - f1 1.0000 
INFO:root:TRAIN measures@10 microavg - precision 1.0000 - recall 0.2128 - f1 0.3509 
INFO:root:TRAIN measures@10 for class 0 - precision 0.0000 - recall 0.0000 - f1 0.0000 
INFO:root:TRAIN measures@10 for class 1 - precision 1.0000 - recall 0.2128 - f1 0.3509 
INFO:root:TRAIN measures@100 microavg - precision 1.0000 - recall 1.0000 - f1 1.0000 
INFO:root:TRAIN measures@100 for class 0 - precision 0.0000 - recall 0.0000 - f1 0.0000 
INFO:root:TRAIN measures@100 for class 1 - precision 1.0000 - recall 1.0000 - f1 1.0000 
INFO:root:TRAIN measures@1000 microavg - precision 1.0000 - recall 1.0000 - f1 1.0000 
INFO:root:TRAIN measures@1000 for class 0 - precision 0.0000 - recall 0.0000 - f1 0.0000 
INFO:root:TRAIN measures@1000 for class 1 - precision 1.0000 - recall 1.0000 - f1 1.0000 
INFO:root:TRAIN Total epoch time: 0.4794646529999227
INFO:root:################ VALID epoch 86 ###################
INFO:root:VALID mean losses tensor(0.)
INFO:root:VALID mean errors 0.0
INFO:root:VALID mean MRR 0.0 - mean MAP 1.0
INFO:root:VALID tp {0: tensor(0), 1: tensor(282)},fn {0: tensor(0), 1: tensor(0)},fp {0: tensor(0), 1: tensor(0)}
INFO:root:VALID measures microavg - precision 1.0000 - recall 1.0000 - f1 1.0000 
INFO:root:VALID measures for class 0 - precision 0.0000 - recall 0.0000 - f1 0.0000 
INFO:root:VALID measures for class 1 - precision 1.0000 - recall 1.0000 - f1 1.0000 
INFO:root:VALID measures@10 microavg - precision 1.0000 - recall 0.2128 - f1 0.3509 
INFO:root:VALID measures@10 for class 0 - precision 0.0000 - recall 0.0000 - f1 0.0000 
INFO:root:VALID measures@10 for class 1 - precision 1.0000 - recall 0.2128 - f1 0.3509 
INFO:root:VALID measures@100 microavg - precision 1.0000 - recall 1.0000 - f1 1.0000 
INFO:root:VALID measures@100 for class 0 - precision 0.0000 - recall 0.0000 - f1 0.0000 
INFO:root:VALID measures@100 for class 1 - precision 1.0000 - recall 1.0000 - f1 1.0000 
INFO:root:VALID measures@1000 microavg - precision 1.0000 - recall 1.0000 - f1 1.0000 
INFO:root:VALID measures@1000 for class 0 - precision 0.0000 - recall 0.0000 - f1 0.0000 
INFO:root:VALID measures@1000 for class 1 - precision 1.0000 - recall 1.0000 - f1 1.0000 
INFO:root:VALID Total epoch time: 0.059946188000139955
INFO:root:################ TEST epoch 86 ###################
INFO:root:TEST batch 1 / 7 - partial error 0.0000 - partial loss 0.0000 - partial MRR  0.0000 - partial MAP 1.0000
INFO:root:TEST batch 1 / 7 -  partial tp {0: tensor(0), 1: tensor(47)},fn {0: tensor(0), 1: tensor(0)},fp {0: tensor(0), 1: tensor(0)}
INFO:root:TEST batch 1 / 7 - measures partial microavg - precision 1.0000 - recall 1.0000 - f1 1.0000 
INFO:root:TEST batch 1 / 7 - measures partial for class 0 - precision 0.0000 - recall 0.0000 - f1 0.0000 
INFO:root:TEST batch 1 / 7 - measures partial for class 1 - precision 1.0000 - recall 1.0000 - f1 1.0000 
INFO:root:TEST batch 1 / 7 - Batch time 0 
INFO:root:TEST batch 2 / 7 - partial error 0.0106 - partial loss 9.3388 - partial MRR  0.0000 - partial MAP 0.9894
INFO:root:TEST batch 2 / 7 -  partial tp {0: tensor(0), 1: tensor(46)},fn {0: tensor(1), 1: tensor(0)},fp {0: tensor(0), 1: tensor(1)}
INFO:root:TEST batch 2 / 7 - measures partial microavg - precision 0.9787 - recall 0.9787 - f1 0.9787 
INFO:root:TEST batch 2 / 7 - measures partial for class 0 - precision 0.0000 - recall 0.0000 - f1 0.0000 
INFO:root:TEST batch 2 / 7 - measures partial for class 1 - precision 0.9787 - recall 1.0000 - f1 0.9892 
INFO:root:TEST batch 2 / 7 - Batch time 0 
INFO:root:TEST batch 3 / 7 - partial error 0.0071 - partial loss 6.2259 - partial MRR  0.0000 - partial MAP 0.9929
INFO:root:TEST batch 3 / 7 -  partial tp {0: tensor(0), 1: tensor(47)},fn {0: tensor(0), 1: tensor(0)},fp {0: tensor(0), 1: tensor(0)}
INFO:root:TEST batch 3 / 7 - measures partial microavg - precision 1.0000 - recall 1.0000 - f1 1.0000 
INFO:root:TEST batch 3 / 7 - measures partial for class 0 - precision 0.0000 - recall 0.0000 - f1 0.0000 
INFO:root:TEST batch 3 / 7 - measures partial for class 1 - precision 1.0000 - recall 1.0000 - f1 1.0000 
INFO:root:TEST batch 3 / 7 - Batch time 0 
INFO:root:TEST batch 4 / 7 - partial error 0.0053 - partial loss 4.6694 - partial MRR  0.0000 - partial MAP 0.9947
INFO:root:TEST batch 4 / 7 -  partial tp {0: tensor(0), 1: tensor(47)},fn {0: tensor(0), 1: tensor(0)},fp {0: tensor(0), 1: tensor(0)}
INFO:root:TEST batch 4 / 7 - measures partial microavg - precision 1.0000 - recall 1.0000 - f1 1.0000 
INFO:root:TEST batch 4 / 7 - measures partial for class 0 - precision 0.0000 - recall 0.0000 - f1 0.0000 
INFO:root:TEST batch 4 / 7 - measures partial for class 1 - precision 1.0000 - recall 1.0000 - f1 1.0000 
INFO:root:TEST batch 4 / 7 - Batch time 0 
INFO:root:TEST batch 5 / 7 - partial error 0.0043 - partial loss 3.7355 - partial MRR  0.0000 - partial MAP 0.9957
INFO:root:TEST batch 5 / 7 -  partial tp {0: tensor(0), 1: tensor(47)},fn {0: tensor(0), 1: tensor(0)},fp {0: tensor(0), 1: tensor(0)}
INFO:root:TEST batch 5 / 7 - measures partial microavg - precision 1.0000 - recall 1.0000 - f1 1.0000 
INFO:root:TEST batch 5 / 7 - measures partial for class 0 - precision 0.0000 - recall 0.0000 - f1 0.0000 
INFO:root:TEST batch 5 / 7 - measures partial for class 1 - precision 1.0000 - recall 1.0000 - f1 1.0000 
INFO:root:TEST batch 5 / 7 - Batch time 0 
INFO:root:TEST batch 6 / 7 - partial error 0.0035 - partial loss 3.1129 - partial MRR  0.0000 - partial MAP 0.9965
INFO:root:TEST batch 6 / 7 -  partial tp {0: tensor(0), 1: tensor(47)},fn {0: tensor(0), 1: tensor(0)},fp {0: tensor(0), 1: tensor(0)}
INFO:root:TEST batch 6 / 7 - measures partial microavg - precision 1.0000 - recall 1.0000 - f1 1.0000 
INFO:root:TEST batch 6 / 7 - measures partial for class 0 - precision 0.0000 - recall 0.0000 - f1 0.0000 
INFO:root:TEST batch 6 / 7 - measures partial for class 1 - precision 1.0000 - recall 1.0000 - f1 1.0000 
INFO:root:TEST batch 6 / 7 - Batch time 0 
INFO:root:TEST batch 7 / 7 - partial error 0.0030 - partial loss 2.6682 - partial MRR  0.0000 - partial MAP 0.9970
INFO:root:TEST batch 7 / 7 -  partial tp {0: tensor(0), 1: tensor(47)},fn {0: tensor(0), 1: tensor(0)},fp {0: tensor(0), 1: tensor(0)}
INFO:root:TEST batch 7 / 7 - measures partial microavg - precision 1.0000 - recall 1.0000 - f1 1.0000 
INFO:root:TEST batch 7 / 7 - measures partial for class 0 - precision 0.0000 - recall 0.0000 - f1 0.0000 
INFO:root:TEST batch 7 / 7 - measures partial for class 1 - precision 1.0000 - recall 1.0000 - f1 1.0000 
INFO:root:TEST batch 7 / 7 - Batch time 0 
INFO:root:TEST mean losses tensor(2.6682)
INFO:root:TEST mean errors 0.0030395134817808867
INFO:root:TEST mean MRR 0.0 - mean MAP 0.996960461139679
INFO:root:TEST tp {0: tensor(0), 1: tensor(328)},fn {0: tensor(1), 1: tensor(0)},fp {0: tensor(0), 1: tensor(1)}
INFO:root:TEST measures microavg - precision 0.9970 - recall 0.9970 - f1 0.9970 
INFO:root:TEST measures for class 0 - precision 0.0000 - recall 0.0000 - f1 0.0000 
INFO:root:TEST measures for class 1 - precision 0.9970 - recall 1.0000 - f1 0.9985 
INFO:root:TEST measures@10 microavg - precision 1.0000 - recall 0.2128 - f1 0.3509 
INFO:root:TEST measures@10 for class 0 - precision 0.0000 - recall 0.0000 - f1 0.0000 
INFO:root:TEST measures@10 for class 1 - precision 1.0000 - recall 0.2134 - f1 0.3518 
INFO:root:TEST measures@100 microavg - precision 0.9970 - recall 0.9970 - f1 0.9970 
INFO:root:TEST measures@100 for class 0 - precision 0.0000 - recall 0.0000 - f1 0.0000 
INFO:root:TEST measures@100 for class 1 - precision 0.9970 - recall 1.0000 - f1 0.9985 
INFO:root:TEST measures@1000 microavg - precision 0.9970 - recall 0.9970 - f1 0.9970 
INFO:root:TEST measures@1000 for class 0 - precision 0.0000 - recall 0.0000 - f1 0.0000 
INFO:root:TEST measures@1000 for class 1 - precision 0.9970 - recall 1.0000 - f1 0.9985 
INFO:root:TEST Total epoch time: 0.07779114799996023
INFO:root:################ TRAIN epoch 87 ###################
INFO:root:TRAIN mean losses tensor(0.)
INFO:root:TRAIN mean errors 0.0
INFO:root:TRAIN mean MRR 0.0 - mean MAP 1.0
INFO:root:TRAIN tp {0: tensor(0), 1: tensor(1410)},fn {0: tensor(0), 1: tensor(0)},fp {0: tensor(0), 1: tensor(0)}
INFO:root:TRAIN measures microavg - precision 1.0000 - recall 1.0000 - f1 1.0000 
INFO:root:TRAIN measures for class 0 - precision 0.0000 - recall 0.0000 - f1 0.0000 
INFO:root:TRAIN measures for class 1 - precision 1.0000 - recall 1.0000 - f1 1.0000 
INFO:root:TRAIN measures@10 microavg - precision 1.0000 - recall 0.2128 - f1 0.3509 
INFO:root:TRAIN measures@10 for class 0 - precision 0.0000 - recall 0.0000 - f1 0.0000 
INFO:root:TRAIN measures@10 for class 1 - precision 1.0000 - recall 0.2128 - f1 0.3509 
INFO:root:TRAIN measures@100 microavg - precision 1.0000 - recall 1.0000 - f1 1.0000 
INFO:root:TRAIN measures@100 for class 0 - precision 0.0000 - recall 0.0000 - f1 0.0000 
INFO:root:TRAIN measures@100 for class 1 - precision 1.0000 - recall 1.0000 - f1 1.0000 
INFO:root:TRAIN measures@1000 microavg - precision 1.0000 - recall 1.0000 - f1 1.0000 
INFO:root:TRAIN measures@1000 for class 0 - precision 0.0000 - recall 0.0000 - f1 0.0000 
INFO:root:TRAIN measures@1000 for class 1 - precision 1.0000 - recall 1.0000 - f1 1.0000 
INFO:root:TRAIN Total epoch time: 0.49942316199985726
INFO:root:################ VALID epoch 87 ###################
INFO:root:VALID mean losses tensor(0.)
INFO:root:VALID mean errors 0.0
INFO:root:VALID mean MRR 0.0 - mean MAP 1.0
INFO:root:VALID tp {0: tensor(0), 1: tensor(282)},fn {0: tensor(0), 1: tensor(0)},fp {0: tensor(0), 1: tensor(0)}
INFO:root:VALID measures microavg - precision 1.0000 - recall 1.0000 - f1 1.0000 
INFO:root:VALID measures for class 0 - precision 0.0000 - recall 0.0000 - f1 0.0000 
INFO:root:VALID measures for class 1 - precision 1.0000 - recall 1.0000 - f1 1.0000 
INFO:root:VALID measures@10 microavg - precision 1.0000 - recall 0.2128 - f1 0.3509 
INFO:root:VALID measures@10 for class 0 - precision 0.0000 - recall 0.0000 - f1 0.0000 
INFO:root:VALID measures@10 for class 1 - precision 1.0000 - recall 0.2128 - f1 0.3509 
INFO:root:VALID measures@100 microavg - precision 1.0000 - recall 1.0000 - f1 1.0000 
INFO:root:VALID measures@100 for class 0 - precision 0.0000 - recall 0.0000 - f1 0.0000 
INFO:root:VALID measures@100 for class 1 - precision 1.0000 - recall 1.0000 - f1 1.0000 
INFO:root:VALID measures@1000 microavg - precision 1.0000 - recall 1.0000 - f1 1.0000 
INFO:root:VALID measures@1000 for class 0 - precision 0.0000 - recall 0.0000 - f1 0.0000 
INFO:root:VALID measures@1000 for class 1 - precision 1.0000 - recall 1.0000 - f1 1.0000 
INFO:root:VALID Total epoch time: 0.1287526579999394
INFO:root:################ TEST epoch 87 ###################
INFO:root:TEST batch 1 / 7 - partial error 0.0000 - partial loss 0.0000 - partial MRR  0.0000 - partial MAP 1.0000
INFO:root:TEST batch 1 / 7 -  partial tp {0: tensor(0), 1: tensor(47)},fn {0: tensor(0), 1: tensor(0)},fp {0: tensor(0), 1: tensor(0)}
INFO:root:TEST batch 1 / 7 - measures partial microavg - precision 1.0000 - recall 1.0000 - f1 1.0000 
INFO:root:TEST batch 1 / 7 - measures partial for class 0 - precision 0.0000 - recall 0.0000 - f1 0.0000 
INFO:root:TEST batch 1 / 7 - measures partial for class 1 - precision 1.0000 - recall 1.0000 - f1 1.0000 
INFO:root:TEST batch 1 / 7 - Batch time 0 
INFO:root:TEST batch 2 / 7 - partial error 0.0106 - partial loss 8.6374 - partial MRR  0.0000 - partial MAP 0.9894
INFO:root:TEST batch 2 / 7 -  partial tp {0: tensor(0), 1: tensor(46)},fn {0: tensor(1), 1: tensor(0)},fp {0: tensor(0), 1: tensor(1)}
INFO:root:TEST batch 2 / 7 - measures partial microavg - precision 0.9787 - recall 0.9787 - f1 0.9787 
INFO:root:TEST batch 2 / 7 - measures partial for class 0 - precision 0.0000 - recall 0.0000 - f1 0.0000 
INFO:root:TEST batch 2 / 7 - measures partial for class 1 - precision 0.9787 - recall 1.0000 - f1 0.9892 
INFO:root:TEST batch 2 / 7 - Batch time 0 
INFO:root:TEST batch 3 / 7 - partial error 0.0071 - partial loss 5.7583 - partial MRR  0.0000 - partial MAP 0.9929
INFO:root:TEST batch 3 / 7 -  partial tp {0: tensor(0), 1: tensor(47)},fn {0: tensor(0), 1: tensor(0)},fp {0: tensor(0), 1: tensor(0)}
INFO:root:TEST batch 3 / 7 - measures partial microavg - precision 1.0000 - recall 1.0000 - f1 1.0000 
INFO:root:TEST batch 3 / 7 - measures partial for class 0 - precision 0.0000 - recall 0.0000 - f1 0.0000 
INFO:root:TEST batch 3 / 7 - measures partial for class 1 - precision 1.0000 - recall 1.0000 - f1 1.0000 
INFO:root:TEST batch 3 / 7 - Batch time 0 
INFO:root:TEST batch 4 / 7 - partial error 0.0053 - partial loss 4.3187 - partial MRR  0.0000 - partial MAP 0.9947
INFO:root:TEST batch 4 / 7 -  partial tp {0: tensor(0), 1: tensor(47)},fn {0: tensor(0), 1: tensor(0)},fp {0: tensor(0), 1: tensor(0)}
INFO:root:TEST batch 4 / 7 - measures partial microavg - precision 1.0000 - recall 1.0000 - f1 1.0000 
INFO:root:TEST batch 4 / 7 - measures partial for class 0 - precision 0.0000 - recall 0.0000 - f1 0.0000 
INFO:root:TEST batch 4 / 7 - measures partial for class 1 - precision 1.0000 - recall 1.0000 - f1 1.0000 
INFO:root:TEST batch 4 / 7 - Batch time 0 
INFO:root:TEST batch 5 / 7 - partial error 0.0043 - partial loss 3.4550 - partial MRR  0.0000 - partial MAP 0.9957
INFO:root:TEST batch 5 / 7 -  partial tp {0: tensor(0), 1: tensor(47)},fn {0: tensor(0), 1: tensor(0)},fp {0: tensor(0), 1: tensor(0)}
INFO:root:TEST batch 5 / 7 - measures partial microavg - precision 1.0000 - recall 1.0000 - f1 1.0000 
INFO:root:TEST batch 5 / 7 - measures partial for class 0 - precision 0.0000 - recall 0.0000 - f1 0.0000 
INFO:root:TEST batch 5 / 7 - measures partial for class 1 - precision 1.0000 - recall 1.0000 - f1 1.0000 
INFO:root:TEST batch 5 / 7 - Batch time 0 
INFO:root:TEST batch 6 / 7 - partial error 0.0035 - partial loss 2.8791 - partial MRR  0.0000 - partial MAP 0.9965
INFO:root:TEST batch 6 / 7 -  partial tp {0: tensor(0), 1: tensor(47)},fn {0: tensor(0), 1: tensor(0)},fp {0: tensor(0), 1: tensor(0)}
INFO:root:TEST batch 6 / 7 - measures partial microavg - precision 1.0000 - recall 1.0000 - f1 1.0000 
INFO:root:TEST batch 6 / 7 - measures partial for class 0 - precision 0.0000 - recall 0.0000 - f1 0.0000 
INFO:root:TEST batch 6 / 7 - measures partial for class 1 - precision 1.0000 - recall 1.0000 - f1 1.0000 
INFO:root:TEST batch 6 / 7 - Batch time 0 
INFO:root:TEST batch 7 / 7 - partial error 0.0030 - partial loss 2.4678 - partial MRR  0.0000 - partial MAP 0.9970
INFO:root:TEST batch 7 / 7 -  partial tp {0: tensor(0), 1: tensor(47)},fn {0: tensor(0), 1: tensor(0)},fp {0: tensor(0), 1: tensor(0)}
INFO:root:TEST batch 7 / 7 - measures partial microavg - precision 1.0000 - recall 1.0000 - f1 1.0000 
INFO:root:TEST batch 7 / 7 - measures partial for class 0 - precision 0.0000 - recall 0.0000 - f1 0.0000 
INFO:root:TEST batch 7 / 7 - measures partial for class 1 - precision 1.0000 - recall 1.0000 - f1 1.0000 
INFO:root:TEST batch 7 / 7 - Batch time 0 
INFO:root:TEST mean losses tensor(2.4678)
INFO:root:TEST mean errors 0.0030395134817808867
INFO:root:TEST mean MRR 0.0 - mean MAP 0.996960461139679
INFO:root:TEST tp {0: tensor(0), 1: tensor(328)},fn {0: tensor(1), 1: tensor(0)},fp {0: tensor(0), 1: tensor(1)}
INFO:root:TEST measures microavg - precision 0.9970 - recall 0.9970 - f1 0.9970 
INFO:root:TEST measures for class 0 - precision 0.0000 - recall 0.0000 - f1 0.0000 
INFO:root:TEST measures for class 1 - precision 0.9970 - recall 1.0000 - f1 0.9985 
INFO:root:TEST measures@10 microavg - precision 1.0000 - recall 0.2128 - f1 0.3509 
INFO:root:TEST measures@10 for class 0 - precision 0.0000 - recall 0.0000 - f1 0.0000 
INFO:root:TEST measures@10 for class 1 - precision 1.0000 - recall 0.2134 - f1 0.3518 
INFO:root:TEST measures@100 microavg - precision 0.9970 - recall 0.9970 - f1 0.9970 
INFO:root:TEST measures@100 for class 0 - precision 0.0000 - recall 0.0000 - f1 0.0000 
INFO:root:TEST measures@100 for class 1 - precision 0.9970 - recall 1.0000 - f1 0.9985 
INFO:root:TEST measures@1000 microavg - precision 0.9970 - recall 0.9970 - f1 0.9970 
INFO:root:TEST measures@1000 for class 0 - precision 0.0000 - recall 0.0000 - f1 0.0000 
INFO:root:TEST measures@1000 for class 1 - precision 0.9970 - recall 1.0000 - f1 0.9985 
INFO:root:TEST Total epoch time: 0.08076400499976444
INFO:root:################ TRAIN epoch 88 ###################
INFO:root:TRAIN mean losses tensor(0.)
INFO:root:TRAIN mean errors 0.0
INFO:root:TRAIN mean MRR 0.0 - mean MAP 1.0
INFO:root:TRAIN tp {0: tensor(0), 1: tensor(1410)},fn {0: tensor(0), 1: tensor(0)},fp {0: tensor(0), 1: tensor(0)}
INFO:root:TRAIN measures microavg - precision 1.0000 - recall 1.0000 - f1 1.0000 
INFO:root:TRAIN measures for class 0 - precision 0.0000 - recall 0.0000 - f1 0.0000 
INFO:root:TRAIN measures for class 1 - precision 1.0000 - recall 1.0000 - f1 1.0000 
INFO:root:TRAIN measures@10 microavg - precision 1.0000 - recall 0.2128 - f1 0.3509 
INFO:root:TRAIN measures@10 for class 0 - precision 0.0000 - recall 0.0000 - f1 0.0000 
INFO:root:TRAIN measures@10 for class 1 - precision 1.0000 - recall 0.2128 - f1 0.3509 
INFO:root:TRAIN measures@100 microavg - precision 1.0000 - recall 1.0000 - f1 1.0000 
INFO:root:TRAIN measures@100 for class 0 - precision 0.0000 - recall 0.0000 - f1 0.0000 
INFO:root:TRAIN measures@100 for class 1 - precision 1.0000 - recall 1.0000 - f1 1.0000 
INFO:root:TRAIN measures@1000 microavg - precision 1.0000 - recall 1.0000 - f1 1.0000 
INFO:root:TRAIN measures@1000 for class 0 - precision 0.0000 - recall 0.0000 - f1 0.0000 
INFO:root:TRAIN measures@1000 for class 1 - precision 1.0000 - recall 1.0000 - f1 1.0000 
INFO:root:TRAIN Total epoch time: 0.4865120070003286
INFO:root:################ VALID epoch 88 ###################
INFO:root:VALID mean losses tensor(0.)
INFO:root:VALID mean errors 0.0
INFO:root:VALID mean MRR 0.0 - mean MAP 1.0
INFO:root:VALID tp {0: tensor(0), 1: tensor(282)},fn {0: tensor(0), 1: tensor(0)},fp {0: tensor(0), 1: tensor(0)}
INFO:root:VALID measures microavg - precision 1.0000 - recall 1.0000 - f1 1.0000 
INFO:root:VALID measures for class 0 - precision 0.0000 - recall 0.0000 - f1 0.0000 
INFO:root:VALID measures for class 1 - precision 1.0000 - recall 1.0000 - f1 1.0000 
INFO:root:VALID measures@10 microavg - precision 1.0000 - recall 0.2128 - f1 0.3509 
INFO:root:VALID measures@10 for class 0 - precision 0.0000 - recall 0.0000 - f1 0.0000 
INFO:root:VALID measures@10 for class 1 - precision 1.0000 - recall 0.2128 - f1 0.3509 
INFO:root:VALID measures@100 microavg - precision 1.0000 - recall 1.0000 - f1 1.0000 
INFO:root:VALID measures@100 for class 0 - precision 0.0000 - recall 0.0000 - f1 0.0000 
INFO:root:VALID measures@100 for class 1 - precision 1.0000 - recall 1.0000 - f1 1.0000 
INFO:root:VALID measures@1000 microavg - precision 1.0000 - recall 1.0000 - f1 1.0000 
INFO:root:VALID measures@1000 for class 0 - precision 0.0000 - recall 0.0000 - f1 0.0000 
INFO:root:VALID measures@1000 for class 1 - precision 1.0000 - recall 1.0000 - f1 1.0000 
INFO:root:VALID Total epoch time: 0.06020347200001197
INFO:root:################ TEST epoch 88 ###################
INFO:root:TEST batch 1 / 7 - partial error 0.0000 - partial loss 0.0000 - partial MRR  0.0000 - partial MAP 1.0000
INFO:root:TEST batch 1 / 7 -  partial tp {0: tensor(0), 1: tensor(47)},fn {0: tensor(0), 1: tensor(0)},fp {0: tensor(0), 1: tensor(0)}
INFO:root:TEST batch 1 / 7 - measures partial microavg - precision 1.0000 - recall 1.0000 - f1 1.0000 
INFO:root:TEST batch 1 / 7 - measures partial for class 0 - precision 0.0000 - recall 0.0000 - f1 0.0000 
INFO:root:TEST batch 1 / 7 - measures partial for class 1 - precision 1.0000 - recall 1.0000 - f1 1.0000 
INFO:root:TEST batch 1 / 7 - Batch time 0 
INFO:root:TEST batch 2 / 7 - partial error 0.0106 - partial loss 9.4646 - partial MRR  0.0000 - partial MAP 0.9894
INFO:root:TEST batch 2 / 7 -  partial tp {0: tensor(0), 1: tensor(46)},fn {0: tensor(1), 1: tensor(0)},fp {0: tensor(0), 1: tensor(1)}
INFO:root:TEST batch 2 / 7 - measures partial microavg - precision 0.9787 - recall 0.9787 - f1 0.9787 
INFO:root:TEST batch 2 / 7 - measures partial for class 0 - precision 0.0000 - recall 0.0000 - f1 0.0000 
INFO:root:TEST batch 2 / 7 - measures partial for class 1 - precision 0.9787 - recall 1.0000 - f1 0.9892 
INFO:root:TEST batch 2 / 7 - Batch time 0 
INFO:root:TEST batch 3 / 7 - partial error 0.0071 - partial loss 6.3097 - partial MRR  0.0000 - partial MAP 0.9929
INFO:root:TEST batch 3 / 7 -  partial tp {0: tensor(0), 1: tensor(47)},fn {0: tensor(0), 1: tensor(0)},fp {0: tensor(0), 1: tensor(0)}
INFO:root:TEST batch 3 / 7 - measures partial microavg - precision 1.0000 - recall 1.0000 - f1 1.0000 
INFO:root:TEST batch 3 / 7 - measures partial for class 0 - precision 0.0000 - recall 0.0000 - f1 0.0000 
INFO:root:TEST batch 3 / 7 - measures partial for class 1 - precision 1.0000 - recall 1.0000 - f1 1.0000 
INFO:root:TEST batch 3 / 7 - Batch time 0 
INFO:root:TEST batch 4 / 7 - partial error 0.0053 - partial loss 4.7323 - partial MRR  0.0000 - partial MAP 0.9947
INFO:root:TEST batch 4 / 7 -  partial tp {0: tensor(0), 1: tensor(47)},fn {0: tensor(0), 1: tensor(0)},fp {0: tensor(0), 1: tensor(0)}
INFO:root:TEST batch 4 / 7 - measures partial microavg - precision 1.0000 - recall 1.0000 - f1 1.0000 
INFO:root:TEST batch 4 / 7 - measures partial for class 0 - precision 0.0000 - recall 0.0000 - f1 0.0000 
INFO:root:TEST batch 4 / 7 - measures partial for class 1 - precision 1.0000 - recall 1.0000 - f1 1.0000 
INFO:root:TEST batch 4 / 7 - Batch time 0 
INFO:root:TEST batch 5 / 7 - partial error 0.0043 - partial loss 3.7858 - partial MRR  0.0000 - partial MAP 0.9957
INFO:root:TEST batch 5 / 7 -  partial tp {0: tensor(0), 1: tensor(47)},fn {0: tensor(0), 1: tensor(0)},fp {0: tensor(0), 1: tensor(0)}
INFO:root:TEST batch 5 / 7 - measures partial microavg - precision 1.0000 - recall 1.0000 - f1 1.0000 
INFO:root:TEST batch 5 / 7 - measures partial for class 0 - precision 0.0000 - recall 0.0000 - f1 0.0000 
INFO:root:TEST batch 5 / 7 - measures partial for class 1 - precision 1.0000 - recall 1.0000 - f1 1.0000 
INFO:root:TEST batch 5 / 7 - Batch time 0 
INFO:root:TEST batch 6 / 7 - partial error 0.0035 - partial loss 3.1549 - partial MRR  0.0000 - partial MAP 0.9965
INFO:root:TEST batch 6 / 7 -  partial tp {0: tensor(0), 1: tensor(47)},fn {0: tensor(0), 1: tensor(0)},fp {0: tensor(0), 1: tensor(0)}
INFO:root:TEST batch 6 / 7 - measures partial microavg - precision 1.0000 - recall 1.0000 - f1 1.0000 
INFO:root:TEST batch 6 / 7 - measures partial for class 0 - precision 0.0000 - recall 0.0000 - f1 0.0000 
INFO:root:TEST batch 6 / 7 - measures partial for class 1 - precision 1.0000 - recall 1.0000 - f1 1.0000 
INFO:root:TEST batch 6 / 7 - Batch time 0 
INFO:root:TEST batch 7 / 7 - partial error 0.0030 - partial loss 2.7042 - partial MRR  0.0000 - partial MAP 0.9970
INFO:root:TEST batch 7 / 7 -  partial tp {0: tensor(0), 1: tensor(47)},fn {0: tensor(0), 1: tensor(0)},fp {0: tensor(0), 1: tensor(0)}
INFO:root:TEST batch 7 / 7 - measures partial microavg - precision 1.0000 - recall 1.0000 - f1 1.0000 
INFO:root:TEST batch 7 / 7 - measures partial for class 0 - precision 0.0000 - recall 0.0000 - f1 0.0000 
INFO:root:TEST batch 7 / 7 - measures partial for class 1 - precision 1.0000 - recall 1.0000 - f1 1.0000 
INFO:root:TEST batch 7 / 7 - Batch time 0 
INFO:root:TEST mean losses tensor(2.7042)
INFO:root:TEST mean errors 0.0030395134817808867
INFO:root:TEST mean MRR 0.0 - mean MAP 0.996960461139679
INFO:root:TEST tp {0: tensor(0), 1: tensor(328)},fn {0: tensor(1), 1: tensor(0)},fp {0: tensor(0), 1: tensor(1)}
INFO:root:TEST measures microavg - precision 0.9970 - recall 0.9970 - f1 0.9970 
INFO:root:TEST measures for class 0 - precision 0.0000 - recall 0.0000 - f1 0.0000 
INFO:root:TEST measures for class 1 - precision 0.9970 - recall 1.0000 - f1 0.9985 
INFO:root:TEST measures@10 microavg - precision 1.0000 - recall 0.2128 - f1 0.3509 
INFO:root:TEST measures@10 for class 0 - precision 0.0000 - recall 0.0000 - f1 0.0000 
INFO:root:TEST measures@10 for class 1 - precision 1.0000 - recall 0.2134 - f1 0.3518 
INFO:root:TEST measures@100 microavg - precision 0.9970 - recall 0.9970 - f1 0.9970 
INFO:root:TEST measures@100 for class 0 - precision 0.0000 - recall 0.0000 - f1 0.0000 
INFO:root:TEST measures@100 for class 1 - precision 0.9970 - recall 1.0000 - f1 0.9985 
INFO:root:TEST measures@1000 microavg - precision 0.9970 - recall 0.9970 - f1 0.9970 
INFO:root:TEST measures@1000 for class 0 - precision 0.0000 - recall 0.0000 - f1 0.0000 
INFO:root:TEST measures@1000 for class 1 - precision 0.9970 - recall 1.0000 - f1 0.9985 
INFO:root:TEST Total epoch time: 0.07855127799984984
INFO:root:################ TRAIN epoch 89 ###################
INFO:root:TRAIN mean losses tensor(0.)
INFO:root:TRAIN mean errors 0.0
INFO:root:TRAIN mean MRR 0.0 - mean MAP 1.0
INFO:root:TRAIN tp {0: tensor(0), 1: tensor(1410)},fn {0: tensor(0), 1: tensor(0)},fp {0: tensor(0), 1: tensor(0)}
INFO:root:TRAIN measures microavg - precision 1.0000 - recall 1.0000 - f1 1.0000 
INFO:root:TRAIN measures for class 0 - precision 0.0000 - recall 0.0000 - f1 0.0000 
INFO:root:TRAIN measures for class 1 - precision 1.0000 - recall 1.0000 - f1 1.0000 
INFO:root:TRAIN measures@10 microavg - precision 1.0000 - recall 0.2128 - f1 0.3509 
INFO:root:TRAIN measures@10 for class 0 - precision 0.0000 - recall 0.0000 - f1 0.0000 
INFO:root:TRAIN measures@10 for class 1 - precision 1.0000 - recall 0.2128 - f1 0.3509 
INFO:root:TRAIN measures@100 microavg - precision 1.0000 - recall 1.0000 - f1 1.0000 
INFO:root:TRAIN measures@100 for class 0 - precision 0.0000 - recall 0.0000 - f1 0.0000 
INFO:root:TRAIN measures@100 for class 1 - precision 1.0000 - recall 1.0000 - f1 1.0000 
INFO:root:TRAIN measures@1000 microavg - precision 1.0000 - recall 1.0000 - f1 1.0000 
INFO:root:TRAIN measures@1000 for class 0 - precision 0.0000 - recall 0.0000 - f1 0.0000 
INFO:root:TRAIN measures@1000 for class 1 - precision 1.0000 - recall 1.0000 - f1 1.0000 
INFO:root:TRAIN Total epoch time: 0.4997699919999832
INFO:root:################ VALID epoch 89 ###################
INFO:root:VALID mean losses tensor(0.)
INFO:root:VALID mean errors 0.0
INFO:root:VALID mean MRR 0.0 - mean MAP 1.0
INFO:root:VALID tp {0: tensor(0), 1: tensor(282)},fn {0: tensor(0), 1: tensor(0)},fp {0: tensor(0), 1: tensor(0)}
INFO:root:VALID measures microavg - precision 1.0000 - recall 1.0000 - f1 1.0000 
INFO:root:VALID measures for class 0 - precision 0.0000 - recall 0.0000 - f1 0.0000 
INFO:root:VALID measures for class 1 - precision 1.0000 - recall 1.0000 - f1 1.0000 
INFO:root:VALID measures@10 microavg - precision 1.0000 - recall 0.2128 - f1 0.3509 
INFO:root:VALID measures@10 for class 0 - precision 0.0000 - recall 0.0000 - f1 0.0000 
INFO:root:VALID measures@10 for class 1 - precision 1.0000 - recall 0.2128 - f1 0.3509 
INFO:root:VALID measures@100 microavg - precision 1.0000 - recall 1.0000 - f1 1.0000 
INFO:root:VALID measures@100 for class 0 - precision 0.0000 - recall 0.0000 - f1 0.0000 
INFO:root:VALID measures@100 for class 1 - precision 1.0000 - recall 1.0000 - f1 1.0000 
INFO:root:VALID measures@1000 microavg - precision 1.0000 - recall 1.0000 - f1 1.0000 
INFO:root:VALID measures@1000 for class 0 - precision 0.0000 - recall 0.0000 - f1 0.0000 
INFO:root:VALID measures@1000 for class 1 - precision 1.0000 - recall 1.0000 - f1 1.0000 
INFO:root:VALID Total epoch time: 0.06263129099988873
INFO:root:################ TEST epoch 89 ###################
INFO:root:TEST batch 1 / 7 - partial error 0.0000 - partial loss 0.0000 - partial MRR  0.0000 - partial MAP 1.0000
INFO:root:TEST batch 1 / 7 -  partial tp {0: tensor(0), 1: tensor(47)},fn {0: tensor(0), 1: tensor(0)},fp {0: tensor(0), 1: tensor(0)}
INFO:root:TEST batch 1 / 7 - measures partial microavg - precision 1.0000 - recall 1.0000 - f1 1.0000 
INFO:root:TEST batch 1 / 7 - measures partial for class 0 - precision 0.0000 - recall 0.0000 - f1 0.0000 
INFO:root:TEST batch 1 / 7 - measures partial for class 1 - precision 1.0000 - recall 1.0000 - f1 1.0000 
INFO:root:TEST batch 1 / 7 - Batch time 0 
INFO:root:TEST batch 2 / 7 - partial error 0.0106 - partial loss 8.9077 - partial MRR  0.0000 - partial MAP 0.9894
INFO:root:TEST batch 2 / 7 -  partial tp {0: tensor(0), 1: tensor(46)},fn {0: tensor(1), 1: tensor(0)},fp {0: tensor(0), 1: tensor(1)}
INFO:root:TEST batch 2 / 7 - measures partial microavg - precision 0.9787 - recall 0.9787 - f1 0.9787 
INFO:root:TEST batch 2 / 7 - measures partial for class 0 - precision 0.0000 - recall 0.0000 - f1 0.0000 
INFO:root:TEST batch 2 / 7 - measures partial for class 1 - precision 0.9787 - recall 1.0000 - f1 0.9892 
INFO:root:TEST batch 2 / 7 - Batch time 0 
INFO:root:TEST batch 3 / 7 - partial error 0.0071 - partial loss 5.9385 - partial MRR  0.0000 - partial MAP 0.9929
INFO:root:TEST batch 3 / 7 -  partial tp {0: tensor(0), 1: tensor(47)},fn {0: tensor(0), 1: tensor(0)},fp {0: tensor(0), 1: tensor(0)}
INFO:root:TEST batch 3 / 7 - measures partial microavg - precision 1.0000 - recall 1.0000 - f1 1.0000 
INFO:root:TEST batch 3 / 7 - measures partial for class 0 - precision 0.0000 - recall 0.0000 - f1 0.0000 
INFO:root:TEST batch 3 / 7 - measures partial for class 1 - precision 1.0000 - recall 1.0000 - f1 1.0000 
INFO:root:TEST batch 3 / 7 - Batch time 0 
INFO:root:TEST batch 4 / 7 - partial error 0.0053 - partial loss 4.4539 - partial MRR  0.0000 - partial MAP 0.9947
INFO:root:TEST batch 4 / 7 -  partial tp {0: tensor(0), 1: tensor(47)},fn {0: tensor(0), 1: tensor(0)},fp {0: tensor(0), 1: tensor(0)}
INFO:root:TEST batch 4 / 7 - measures partial microavg - precision 1.0000 - recall 1.0000 - f1 1.0000 
INFO:root:TEST batch 4 / 7 - measures partial for class 0 - precision 0.0000 - recall 0.0000 - f1 0.0000 
INFO:root:TEST batch 4 / 7 - measures partial for class 1 - precision 1.0000 - recall 1.0000 - f1 1.0000 
INFO:root:TEST batch 4 / 7 - Batch time 0 
INFO:root:TEST batch 5 / 7 - partial error 0.0043 - partial loss 3.5631 - partial MRR  0.0000 - partial MAP 0.9957
INFO:root:TEST batch 5 / 7 -  partial tp {0: tensor(0), 1: tensor(47)},fn {0: tensor(0), 1: tensor(0)},fp {0: tensor(0), 1: tensor(0)}
INFO:root:TEST batch 5 / 7 - measures partial microavg - precision 1.0000 - recall 1.0000 - f1 1.0000 
INFO:root:TEST batch 5 / 7 - measures partial for class 0 - precision 0.0000 - recall 0.0000 - f1 0.0000 
INFO:root:TEST batch 5 / 7 - measures partial for class 1 - precision 1.0000 - recall 1.0000 - f1 1.0000 
INFO:root:TEST batch 5 / 7 - Batch time 0 
INFO:root:TEST batch 6 / 7 - partial error 0.0035 - partial loss 2.9692 - partial MRR  0.0000 - partial MAP 0.9965
INFO:root:TEST batch 6 / 7 -  partial tp {0: tensor(0), 1: tensor(47)},fn {0: tensor(0), 1: tensor(0)},fp {0: tensor(0), 1: tensor(0)}
INFO:root:TEST batch 6 / 7 - measures partial microavg - precision 1.0000 - recall 1.0000 - f1 1.0000 
INFO:root:TEST batch 6 / 7 - measures partial for class 0 - precision 0.0000 - recall 0.0000 - f1 0.0000 
INFO:root:TEST batch 6 / 7 - measures partial for class 1 - precision 1.0000 - recall 1.0000 - f1 1.0000 
INFO:root:TEST batch 6 / 7 - Batch time 0 
INFO:root:TEST batch 7 / 7 - partial error 0.0030 - partial loss 2.5451 - partial MRR  0.0000 - partial MAP 0.9970
INFO:root:TEST batch 7 / 7 -  partial tp {0: tensor(0), 1: tensor(47)},fn {0: tensor(0), 1: tensor(0)},fp {0: tensor(0), 1: tensor(0)}
INFO:root:TEST batch 7 / 7 - measures partial microavg - precision 1.0000 - recall 1.0000 - f1 1.0000 
INFO:root:TEST batch 7 / 7 - measures partial for class 0 - precision 0.0000 - recall 0.0000 - f1 0.0000 
INFO:root:TEST batch 7 / 7 - measures partial for class 1 - precision 1.0000 - recall 1.0000 - f1 1.0000 
INFO:root:TEST batch 7 / 7 - Batch time 0 
INFO:root:TEST mean losses tensor(2.5451)
INFO:root:TEST mean errors 0.0030395134817808867
INFO:root:TEST mean MRR 0.0 - mean MAP 0.996960461139679
INFO:root:TEST tp {0: tensor(0), 1: tensor(328)},fn {0: tensor(1), 1: tensor(0)},fp {0: tensor(0), 1: tensor(1)}
INFO:root:TEST measures microavg - precision 0.9970 - recall 0.9970 - f1 0.9970 
INFO:root:TEST measures for class 0 - precision 0.0000 - recall 0.0000 - f1 0.0000 
INFO:root:TEST measures for class 1 - precision 0.9970 - recall 1.0000 - f1 0.9985 
INFO:root:TEST measures@10 microavg - precision 1.0000 - recall 0.2128 - f1 0.3509 
INFO:root:TEST measures@10 for class 0 - precision 0.0000 - recall 0.0000 - f1 0.0000 
INFO:root:TEST measures@10 for class 1 - precision 1.0000 - recall 0.2134 - f1 0.3518 
INFO:root:TEST measures@100 microavg - precision 0.9970 - recall 0.9970 - f1 0.9970 
INFO:root:TEST measures@100 for class 0 - precision 0.0000 - recall 0.0000 - f1 0.0000 
INFO:root:TEST measures@100 for class 1 - precision 0.9970 - recall 1.0000 - f1 0.9985 
INFO:root:TEST measures@1000 microavg - precision 0.9970 - recall 0.9970 - f1 0.9970 
INFO:root:TEST measures@1000 for class 0 - precision 0.0000 - recall 0.0000 - f1 0.0000 
INFO:root:TEST measures@1000 for class 1 - precision 0.9970 - recall 1.0000 - f1 0.9985 
INFO:root:TEST Total epoch time: 0.08095114000025205
INFO:root:################ TRAIN epoch 90 ###################
INFO:root:TRAIN mean losses tensor(0.)
INFO:root:TRAIN mean errors 0.0
INFO:root:TRAIN mean MRR 0.0 - mean MAP 1.0
INFO:root:TRAIN tp {0: tensor(0), 1: tensor(1410)},fn {0: tensor(0), 1: tensor(0)},fp {0: tensor(0), 1: tensor(0)}
INFO:root:TRAIN measures microavg - precision 1.0000 - recall 1.0000 - f1 1.0000 
INFO:root:TRAIN measures for class 0 - precision 0.0000 - recall 0.0000 - f1 0.0000 
INFO:root:TRAIN measures for class 1 - precision 1.0000 - recall 1.0000 - f1 1.0000 
INFO:root:TRAIN measures@10 microavg - precision 1.0000 - recall 0.2128 - f1 0.3509 
INFO:root:TRAIN measures@10 for class 0 - precision 0.0000 - recall 0.0000 - f1 0.0000 
INFO:root:TRAIN measures@10 for class 1 - precision 1.0000 - recall 0.2128 - f1 0.3509 
INFO:root:TRAIN measures@100 microavg - precision 1.0000 - recall 1.0000 - f1 1.0000 
INFO:root:TRAIN measures@100 for class 0 - precision 0.0000 - recall 0.0000 - f1 0.0000 
INFO:root:TRAIN measures@100 for class 1 - precision 1.0000 - recall 1.0000 - f1 1.0000 
INFO:root:TRAIN measures@1000 microavg - precision 1.0000 - recall 1.0000 - f1 1.0000 
INFO:root:TRAIN measures@1000 for class 0 - precision 0.0000 - recall 0.0000 - f1 0.0000 
INFO:root:TRAIN measures@1000 for class 1 - precision 1.0000 - recall 1.0000 - f1 1.0000 
INFO:root:TRAIN Total epoch time: 0.498752955999862
INFO:root:################ VALID epoch 90 ###################
INFO:root:VALID mean losses tensor(0.)
INFO:root:VALID mean errors 0.0
INFO:root:VALID mean MRR 0.0 - mean MAP 1.0
INFO:root:VALID tp {0: tensor(0), 1: tensor(282)},fn {0: tensor(0), 1: tensor(0)},fp {0: tensor(0), 1: tensor(0)}
INFO:root:VALID measures microavg - precision 1.0000 - recall 1.0000 - f1 1.0000 
INFO:root:VALID measures for class 0 - precision 0.0000 - recall 0.0000 - f1 0.0000 
INFO:root:VALID measures for class 1 - precision 1.0000 - recall 1.0000 - f1 1.0000 
INFO:root:VALID measures@10 microavg - precision 1.0000 - recall 0.2128 - f1 0.3509 
INFO:root:VALID measures@10 for class 0 - precision 0.0000 - recall 0.0000 - f1 0.0000 
INFO:root:VALID measures@10 for class 1 - precision 1.0000 - recall 0.2128 - f1 0.3509 
INFO:root:VALID measures@100 microavg - precision 1.0000 - recall 1.0000 - f1 1.0000 
INFO:root:VALID measures@100 for class 0 - precision 0.0000 - recall 0.0000 - f1 0.0000 
INFO:root:VALID measures@100 for class 1 - precision 1.0000 - recall 1.0000 - f1 1.0000 
INFO:root:VALID measures@1000 microavg - precision 1.0000 - recall 1.0000 - f1 1.0000 
INFO:root:VALID measures@1000 for class 0 - precision 0.0000 - recall 0.0000 - f1 0.0000 
INFO:root:VALID measures@1000 for class 1 - precision 1.0000 - recall 1.0000 - f1 1.0000 
INFO:root:VALID Total epoch time: 0.05985091899992767
INFO:root:################ TEST epoch 90 ###################
INFO:root:TEST batch 1 / 7 - partial error 0.0000 - partial loss 0.0000 - partial MRR  0.0000 - partial MAP 1.0000
INFO:root:TEST batch 1 / 7 -  partial tp {0: tensor(0), 1: tensor(47)},fn {0: tensor(0), 1: tensor(0)},fp {0: tensor(0), 1: tensor(0)}
INFO:root:TEST batch 1 / 7 - measures partial microavg - precision 1.0000 - recall 1.0000 - f1 1.0000 
INFO:root:TEST batch 1 / 7 - measures partial for class 0 - precision 0.0000 - recall 0.0000 - f1 0.0000 
INFO:root:TEST batch 1 / 7 - measures partial for class 1 - precision 1.0000 - recall 1.0000 - f1 1.0000 
INFO:root:TEST batch 1 / 7 - Batch time 0 
INFO:root:TEST batch 2 / 7 - partial error 0.0106 - partial loss 8.9672 - partial MRR  0.0000 - partial MAP 0.9894
INFO:root:TEST batch 2 / 7 -  partial tp {0: tensor(0), 1: tensor(46)},fn {0: tensor(1), 1: tensor(0)},fp {0: tensor(0), 1: tensor(1)}
INFO:root:TEST batch 2 / 7 - measures partial microavg - precision 0.9787 - recall 0.9787 - f1 0.9787 
INFO:root:TEST batch 2 / 7 - measures partial for class 0 - precision 0.0000 - recall 0.0000 - f1 0.0000 
INFO:root:TEST batch 2 / 7 - measures partial for class 1 - precision 0.9787 - recall 1.0000 - f1 0.9892 
INFO:root:TEST batch 2 / 7 - Batch time 0 
INFO:root:TEST batch 3 / 7 - partial error 0.0071 - partial loss 5.9781 - partial MRR  0.0000 - partial MAP 0.9929
INFO:root:TEST batch 3 / 7 -  partial tp {0: tensor(0), 1: tensor(47)},fn {0: tensor(0), 1: tensor(0)},fp {0: tensor(0), 1: tensor(0)}
INFO:root:TEST batch 3 / 7 - measures partial microavg - precision 1.0000 - recall 1.0000 - f1 1.0000 
INFO:root:TEST batch 3 / 7 - measures partial for class 0 - precision 0.0000 - recall 0.0000 - f1 0.0000 
INFO:root:TEST batch 3 / 7 - measures partial for class 1 - precision 1.0000 - recall 1.0000 - f1 1.0000 
INFO:root:TEST batch 3 / 7 - Batch time 0 
INFO:root:TEST batch 4 / 7 - partial error 0.0053 - partial loss 4.4836 - partial MRR  0.0000 - partial MAP 0.9947
INFO:root:TEST batch 4 / 7 -  partial tp {0: tensor(0), 1: tensor(47)},fn {0: tensor(0), 1: tensor(0)},fp {0: tensor(0), 1: tensor(0)}
INFO:root:TEST batch 4 / 7 - measures partial microavg - precision 1.0000 - recall 1.0000 - f1 1.0000 
INFO:root:TEST batch 4 / 7 - measures partial for class 0 - precision 0.0000 - recall 0.0000 - f1 0.0000 
INFO:root:TEST batch 4 / 7 - measures partial for class 1 - precision 1.0000 - recall 1.0000 - f1 1.0000 
INFO:root:TEST batch 4 / 7 - Batch time 0 
INFO:root:TEST batch 5 / 7 - partial error 0.0043 - partial loss 3.5869 - partial MRR  0.0000 - partial MAP 0.9957
INFO:root:TEST batch 5 / 7 -  partial tp {0: tensor(0), 1: tensor(47)},fn {0: tensor(0), 1: tensor(0)},fp {0: tensor(0), 1: tensor(0)}
INFO:root:TEST batch 5 / 7 - measures partial microavg - precision 1.0000 - recall 1.0000 - f1 1.0000 
INFO:root:TEST batch 5 / 7 - measures partial for class 0 - precision 0.0000 - recall 0.0000 - f1 0.0000 
INFO:root:TEST batch 5 / 7 - measures partial for class 1 - precision 1.0000 - recall 1.0000 - f1 1.0000 
INFO:root:TEST batch 5 / 7 - Batch time 0 
INFO:root:TEST batch 6 / 7 - partial error 0.0035 - partial loss 2.9891 - partial MRR  0.0000 - partial MAP 0.9965
INFO:root:TEST batch 6 / 7 -  partial tp {0: tensor(0), 1: tensor(47)},fn {0: tensor(0), 1: tensor(0)},fp {0: tensor(0), 1: tensor(0)}
INFO:root:TEST batch 6 / 7 - measures partial microavg - precision 1.0000 - recall 1.0000 - f1 1.0000 
INFO:root:TEST batch 6 / 7 - measures partial for class 0 - precision 0.0000 - recall 0.0000 - f1 0.0000 
INFO:root:TEST batch 6 / 7 - measures partial for class 1 - precision 1.0000 - recall 1.0000 - f1 1.0000 
INFO:root:TEST batch 6 / 7 - Batch time 0 
INFO:root:TEST batch 7 / 7 - partial error 0.0030 - partial loss 2.5621 - partial MRR  0.0000 - partial MAP 0.9970
INFO:root:TEST batch 7 / 7 -  partial tp {0: tensor(0), 1: tensor(47)},fn {0: tensor(0), 1: tensor(0)},fp {0: tensor(0), 1: tensor(0)}
INFO:root:TEST batch 7 / 7 - measures partial microavg - precision 1.0000 - recall 1.0000 - f1 1.0000 
INFO:root:TEST batch 7 / 7 - measures partial for class 0 - precision 0.0000 - recall 0.0000 - f1 0.0000 
INFO:root:TEST batch 7 / 7 - measures partial for class 1 - precision 1.0000 - recall 1.0000 - f1 1.0000 
INFO:root:TEST batch 7 / 7 - Batch time 0 
INFO:root:TEST mean losses tensor(2.5621)
INFO:root:TEST mean errors 0.0030395134817808867
INFO:root:TEST mean MRR 0.0 - mean MAP 0.996960461139679
INFO:root:TEST tp {0: tensor(0), 1: tensor(328)},fn {0: tensor(1), 1: tensor(0)},fp {0: tensor(0), 1: tensor(1)}
INFO:root:TEST measures microavg - precision 0.9970 - recall 0.9970 - f1 0.9970 
INFO:root:TEST measures for class 0 - precision 0.0000 - recall 0.0000 - f1 0.0000 
INFO:root:TEST measures for class 1 - precision 0.9970 - recall 1.0000 - f1 0.9985 
INFO:root:TEST measures@10 microavg - precision 1.0000 - recall 0.2128 - f1 0.3509 
INFO:root:TEST measures@10 for class 0 - precision 0.0000 - recall 0.0000 - f1 0.0000 
INFO:root:TEST measures@10 for class 1 - precision 1.0000 - recall 0.2134 - f1 0.3518 
INFO:root:TEST measures@100 microavg - precision 0.9970 - recall 0.9970 - f1 0.9970 
INFO:root:TEST measures@100 for class 0 - precision 0.0000 - recall 0.0000 - f1 0.0000 
INFO:root:TEST measures@100 for class 1 - precision 0.9970 - recall 1.0000 - f1 0.9985 
INFO:root:TEST measures@1000 microavg - precision 0.9970 - recall 0.9970 - f1 0.9970 
INFO:root:TEST measures@1000 for class 0 - precision 0.0000 - recall 0.0000 - f1 0.0000 
INFO:root:TEST measures@1000 for class 1 - precision 0.9970 - recall 1.0000 - f1 0.9985 
INFO:root:TEST Total epoch time: 0.07807778000005783
INFO:root:################ TRAIN epoch 91 ###################
INFO:root:TRAIN mean losses tensor(0.)
INFO:root:TRAIN mean errors 0.0
INFO:root:TRAIN mean MRR 0.0 - mean MAP 1.0
INFO:root:TRAIN tp {0: tensor(0), 1: tensor(1410)},fn {0: tensor(0), 1: tensor(0)},fp {0: tensor(0), 1: tensor(0)}
INFO:root:TRAIN measures microavg - precision 1.0000 - recall 1.0000 - f1 1.0000 
INFO:root:TRAIN measures for class 0 - precision 0.0000 - recall 0.0000 - f1 0.0000 
INFO:root:TRAIN measures for class 1 - precision 1.0000 - recall 1.0000 - f1 1.0000 
INFO:root:TRAIN measures@10 microavg - precision 1.0000 - recall 0.2128 - f1 0.3509 
INFO:root:TRAIN measures@10 for class 0 - precision 0.0000 - recall 0.0000 - f1 0.0000 
INFO:root:TRAIN measures@10 for class 1 - precision 1.0000 - recall 0.2128 - f1 0.3509 
INFO:root:TRAIN measures@100 microavg - precision 1.0000 - recall 1.0000 - f1 1.0000 
INFO:root:TRAIN measures@100 for class 0 - precision 0.0000 - recall 0.0000 - f1 0.0000 
INFO:root:TRAIN measures@100 for class 1 - precision 1.0000 - recall 1.0000 - f1 1.0000 
INFO:root:TRAIN measures@1000 microavg - precision 1.0000 - recall 1.0000 - f1 1.0000 
INFO:root:TRAIN measures@1000 for class 0 - precision 0.0000 - recall 0.0000 - f1 0.0000 
INFO:root:TRAIN measures@1000 for class 1 - precision 1.0000 - recall 1.0000 - f1 1.0000 
INFO:root:TRAIN Total epoch time: 0.5076765300000261
INFO:root:################ VALID epoch 91 ###################
INFO:root:VALID mean losses tensor(0.)
INFO:root:VALID mean errors 0.0
INFO:root:VALID mean MRR 0.0 - mean MAP 1.0
INFO:root:VALID tp {0: tensor(0), 1: tensor(282)},fn {0: tensor(0), 1: tensor(0)},fp {0: tensor(0), 1: tensor(0)}
INFO:root:VALID measures microavg - precision 1.0000 - recall 1.0000 - f1 1.0000 
INFO:root:VALID measures for class 0 - precision 0.0000 - recall 0.0000 - f1 0.0000 
INFO:root:VALID measures for class 1 - precision 1.0000 - recall 1.0000 - f1 1.0000 
INFO:root:VALID measures@10 microavg - precision 1.0000 - recall 0.2128 - f1 0.3509 
INFO:root:VALID measures@10 for class 0 - precision 0.0000 - recall 0.0000 - f1 0.0000 
INFO:root:VALID measures@10 for class 1 - precision 1.0000 - recall 0.2128 - f1 0.3509 
INFO:root:VALID measures@100 microavg - precision 1.0000 - recall 1.0000 - f1 1.0000 
INFO:root:VALID measures@100 for class 0 - precision 0.0000 - recall 0.0000 - f1 0.0000 
INFO:root:VALID measures@100 for class 1 - precision 1.0000 - recall 1.0000 - f1 1.0000 
INFO:root:VALID measures@1000 microavg - precision 1.0000 - recall 1.0000 - f1 1.0000 
INFO:root:VALID measures@1000 for class 0 - precision 0.0000 - recall 0.0000 - f1 0.0000 
INFO:root:VALID measures@1000 for class 1 - precision 1.0000 - recall 1.0000 - f1 1.0000 
INFO:root:VALID Total epoch time: 0.06467870100004802
INFO:root:################ TEST epoch 91 ###################
INFO:root:TEST batch 1 / 7 - partial error 0.0000 - partial loss 0.0000 - partial MRR  0.0000 - partial MAP 1.0000
INFO:root:TEST batch 1 / 7 -  partial tp {0: tensor(0), 1: tensor(47)},fn {0: tensor(0), 1: tensor(0)},fp {0: tensor(0), 1: tensor(0)}
INFO:root:TEST batch 1 / 7 - measures partial microavg - precision 1.0000 - recall 1.0000 - f1 1.0000 
INFO:root:TEST batch 1 / 7 - measures partial for class 0 - precision 0.0000 - recall 0.0000 - f1 0.0000 
INFO:root:TEST batch 1 / 7 - measures partial for class 1 - precision 1.0000 - recall 1.0000 - f1 1.0000 
INFO:root:TEST batch 1 / 7 - Batch time 0 
INFO:root:TEST batch 2 / 7 - partial error 0.0106 - partial loss 9.2058 - partial MRR  0.0000 - partial MAP 0.9894
INFO:root:TEST batch 2 / 7 -  partial tp {0: tensor(0), 1: tensor(46)},fn {0: tensor(1), 1: tensor(0)},fp {0: tensor(0), 1: tensor(1)}
INFO:root:TEST batch 2 / 7 - measures partial microavg - precision 0.9787 - recall 0.9787 - f1 0.9787 
INFO:root:TEST batch 2 / 7 - measures partial for class 0 - precision 0.0000 - recall 0.0000 - f1 0.0000 
INFO:root:TEST batch 2 / 7 - measures partial for class 1 - precision 0.9787 - recall 1.0000 - f1 0.9892 
INFO:root:TEST batch 2 / 7 - Batch time 0 
INFO:root:TEST batch 3 / 7 - partial error 0.0071 - partial loss 6.1372 - partial MRR  0.0000 - partial MAP 0.9929
INFO:root:TEST batch 3 / 7 -  partial tp {0: tensor(0), 1: tensor(47)},fn {0: tensor(0), 1: tensor(0)},fp {0: tensor(0), 1: tensor(0)}
INFO:root:TEST batch 3 / 7 - measures partial microavg - precision 1.0000 - recall 1.0000 - f1 1.0000 
INFO:root:TEST batch 3 / 7 - measures partial for class 0 - precision 0.0000 - recall 0.0000 - f1 0.0000 
INFO:root:TEST batch 3 / 7 - measures partial for class 1 - precision 1.0000 - recall 1.0000 - f1 1.0000 
INFO:root:TEST batch 3 / 7 - Batch time 0 
INFO:root:TEST batch 4 / 7 - partial error 0.0053 - partial loss 4.6029 - partial MRR  0.0000 - partial MAP 0.9947
INFO:root:TEST batch 4 / 7 -  partial tp {0: tensor(0), 1: tensor(47)},fn {0: tensor(0), 1: tensor(0)},fp {0: tensor(0), 1: tensor(0)}
INFO:root:TEST batch 4 / 7 - measures partial microavg - precision 1.0000 - recall 1.0000 - f1 1.0000 
INFO:root:TEST batch 4 / 7 - measures partial for class 0 - precision 0.0000 - recall 0.0000 - f1 0.0000 
INFO:root:TEST batch 4 / 7 - measures partial for class 1 - precision 1.0000 - recall 1.0000 - f1 1.0000 
INFO:root:TEST batch 4 / 7 - Batch time 0 
INFO:root:TEST batch 5 / 7 - partial error 0.0043 - partial loss 3.6823 - partial MRR  0.0000 - partial MAP 0.9957
INFO:root:TEST batch 5 / 7 -  partial tp {0: tensor(0), 1: tensor(47)},fn {0: tensor(0), 1: tensor(0)},fp {0: tensor(0), 1: tensor(0)}
INFO:root:TEST batch 5 / 7 - measures partial microavg - precision 1.0000 - recall 1.0000 - f1 1.0000 
INFO:root:TEST batch 5 / 7 - measures partial for class 0 - precision 0.0000 - recall 0.0000 - f1 0.0000 
INFO:root:TEST batch 5 / 7 - measures partial for class 1 - precision 1.0000 - recall 1.0000 - f1 1.0000 
INFO:root:TEST batch 5 / 7 - Batch time 0 
INFO:root:TEST batch 6 / 7 - partial error 0.0035 - partial loss 3.0686 - partial MRR  0.0000 - partial MAP 0.9965
INFO:root:TEST batch 6 / 7 -  partial tp {0: tensor(0), 1: tensor(47)},fn {0: tensor(0), 1: tensor(0)},fp {0: tensor(0), 1: tensor(0)}
INFO:root:TEST batch 6 / 7 - measures partial microavg - precision 1.0000 - recall 1.0000 - f1 1.0000 
INFO:root:TEST batch 6 / 7 - measures partial for class 0 - precision 0.0000 - recall 0.0000 - f1 0.0000 
INFO:root:TEST batch 6 / 7 - measures partial for class 1 - precision 1.0000 - recall 1.0000 - f1 1.0000 
INFO:root:TEST batch 6 / 7 - Batch time 0 
INFO:root:TEST batch 7 / 7 - partial error 0.0030 - partial loss 2.6302 - partial MRR  0.0000 - partial MAP 0.9970
INFO:root:TEST batch 7 / 7 -  partial tp {0: tensor(0), 1: tensor(47)},fn {0: tensor(0), 1: tensor(0)},fp {0: tensor(0), 1: tensor(0)}
INFO:root:TEST batch 7 / 7 - measures partial microavg - precision 1.0000 - recall 1.0000 - f1 1.0000 
INFO:root:TEST batch 7 / 7 - measures partial for class 0 - precision 0.0000 - recall 0.0000 - f1 0.0000 
INFO:root:TEST batch 7 / 7 - measures partial for class 1 - precision 1.0000 - recall 1.0000 - f1 1.0000 
INFO:root:TEST batch 7 / 7 - Batch time 0 
INFO:root:TEST mean losses tensor(2.6302)
INFO:root:TEST mean errors 0.0030395134817808867
INFO:root:TEST mean MRR 0.0 - mean MAP 0.996960461139679
INFO:root:TEST tp {0: tensor(0), 1: tensor(328)},fn {0: tensor(1), 1: tensor(0)},fp {0: tensor(0), 1: tensor(1)}
INFO:root:TEST measures microavg - precision 0.9970 - recall 0.9970 - f1 0.9970 
INFO:root:TEST measures for class 0 - precision 0.0000 - recall 0.0000 - f1 0.0000 
INFO:root:TEST measures for class 1 - precision 0.9970 - recall 1.0000 - f1 0.9985 
INFO:root:TEST measures@10 microavg - precision 1.0000 - recall 0.2128 - f1 0.3509 
INFO:root:TEST measures@10 for class 0 - precision 0.0000 - recall 0.0000 - f1 0.0000 
INFO:root:TEST measures@10 for class 1 - precision 1.0000 - recall 0.2134 - f1 0.3518 
INFO:root:TEST measures@100 microavg - precision 0.9970 - recall 0.9970 - f1 0.9970 
INFO:root:TEST measures@100 for class 0 - precision 0.0000 - recall 0.0000 - f1 0.0000 
INFO:root:TEST measures@100 for class 1 - precision 0.9970 - recall 1.0000 - f1 0.9985 
INFO:root:TEST measures@1000 microavg - precision 0.9970 - recall 0.9970 - f1 0.9970 
INFO:root:TEST measures@1000 for class 0 - precision 0.0000 - recall 0.0000 - f1 0.0000 
INFO:root:TEST measures@1000 for class 1 - precision 0.9970 - recall 1.0000 - f1 0.9985 
INFO:root:TEST Total epoch time: 0.0837059609998505
INFO:root:################ TRAIN epoch 92 ###################
INFO:root:TRAIN mean losses tensor(0.)
INFO:root:TRAIN mean errors 0.0
INFO:root:TRAIN mean MRR 0.0 - mean MAP 1.0
INFO:root:TRAIN tp {0: tensor(0), 1: tensor(1410)},fn {0: tensor(0), 1: tensor(0)},fp {0: tensor(0), 1: tensor(0)}
INFO:root:TRAIN measures microavg - precision 1.0000 - recall 1.0000 - f1 1.0000 
INFO:root:TRAIN measures for class 0 - precision 0.0000 - recall 0.0000 - f1 0.0000 
INFO:root:TRAIN measures for class 1 - precision 1.0000 - recall 1.0000 - f1 1.0000 
INFO:root:TRAIN measures@10 microavg - precision 1.0000 - recall 0.2128 - f1 0.3509 
INFO:root:TRAIN measures@10 for class 0 - precision 0.0000 - recall 0.0000 - f1 0.0000 
INFO:root:TRAIN measures@10 for class 1 - precision 1.0000 - recall 0.2128 - f1 0.3509 
INFO:root:TRAIN measures@100 microavg - precision 1.0000 - recall 1.0000 - f1 1.0000 
INFO:root:TRAIN measures@100 for class 0 - precision 0.0000 - recall 0.0000 - f1 0.0000 
INFO:root:TRAIN measures@100 for class 1 - precision 1.0000 - recall 1.0000 - f1 1.0000 
INFO:root:TRAIN measures@1000 microavg - precision 1.0000 - recall 1.0000 - f1 1.0000 
INFO:root:TRAIN measures@1000 for class 0 - precision 0.0000 - recall 0.0000 - f1 0.0000 
INFO:root:TRAIN measures@1000 for class 1 - precision 1.0000 - recall 1.0000 - f1 1.0000 
INFO:root:TRAIN Total epoch time: 0.4923096549996444
INFO:root:################ VALID epoch 92 ###################
INFO:root:VALID mean losses tensor(0.)
INFO:root:VALID mean errors 0.0
INFO:root:VALID mean MRR 0.0 - mean MAP 1.0
INFO:root:VALID tp {0: tensor(0), 1: tensor(282)},fn {0: tensor(0), 1: tensor(0)},fp {0: tensor(0), 1: tensor(0)}
INFO:root:VALID measures microavg - precision 1.0000 - recall 1.0000 - f1 1.0000 
INFO:root:VALID measures for class 0 - precision 0.0000 - recall 0.0000 - f1 0.0000 
INFO:root:VALID measures for class 1 - precision 1.0000 - recall 1.0000 - f1 1.0000 
INFO:root:VALID measures@10 microavg - precision 1.0000 - recall 0.2128 - f1 0.3509 
INFO:root:VALID measures@10 for class 0 - precision 0.0000 - recall 0.0000 - f1 0.0000 
INFO:root:VALID measures@10 for class 1 - precision 1.0000 - recall 0.2128 - f1 0.3509 
INFO:root:VALID measures@100 microavg - precision 1.0000 - recall 1.0000 - f1 1.0000 
INFO:root:VALID measures@100 for class 0 - precision 0.0000 - recall 0.0000 - f1 0.0000 
INFO:root:VALID measures@100 for class 1 - precision 1.0000 - recall 1.0000 - f1 1.0000 
INFO:root:VALID measures@1000 microavg - precision 1.0000 - recall 1.0000 - f1 1.0000 
INFO:root:VALID measures@1000 for class 0 - precision 0.0000 - recall 0.0000 - f1 0.0000 
INFO:root:VALID measures@1000 for class 1 - precision 1.0000 - recall 1.0000 - f1 1.0000 
INFO:root:VALID Total epoch time: 0.060185321000062686
INFO:root:################ TEST epoch 92 ###################
INFO:root:TEST batch 1 / 7 - partial error 0.0000 - partial loss 0.0000 - partial MRR  0.0000 - partial MAP 1.0000
INFO:root:TEST batch 1 / 7 -  partial tp {0: tensor(0), 1: tensor(47)},fn {0: tensor(0), 1: tensor(0)},fp {0: tensor(0), 1: tensor(0)}
INFO:root:TEST batch 1 / 7 - measures partial microavg - precision 1.0000 - recall 1.0000 - f1 1.0000 
INFO:root:TEST batch 1 / 7 - measures partial for class 0 - precision 0.0000 - recall 0.0000 - f1 0.0000 
INFO:root:TEST batch 1 / 7 - measures partial for class 1 - precision 1.0000 - recall 1.0000 - f1 1.0000 
INFO:root:TEST batch 1 / 7 - Batch time 0 
INFO:root:TEST batch 2 / 7 - partial error 0.0106 - partial loss 9.0656 - partial MRR  0.0000 - partial MAP 0.9894
INFO:root:TEST batch 2 / 7 -  partial tp {0: tensor(0), 1: tensor(46)},fn {0: tensor(1), 1: tensor(0)},fp {0: tensor(0), 1: tensor(1)}
INFO:root:TEST batch 2 / 7 - measures partial microavg - precision 0.9787 - recall 0.9787 - f1 0.9787 
INFO:root:TEST batch 2 / 7 - measures partial for class 0 - precision 0.0000 - recall 0.0000 - f1 0.0000 
INFO:root:TEST batch 2 / 7 - measures partial for class 1 - precision 0.9787 - recall 1.0000 - f1 0.9892 
INFO:root:TEST batch 2 / 7 - Batch time 0 
INFO:root:TEST batch 3 / 7 - partial error 0.0071 - partial loss 6.0437 - partial MRR  0.0000 - partial MAP 0.9929
INFO:root:TEST batch 3 / 7 -  partial tp {0: tensor(0), 1: tensor(47)},fn {0: tensor(0), 1: tensor(0)},fp {0: tensor(0), 1: tensor(0)}
INFO:root:TEST batch 3 / 7 - measures partial microavg - precision 1.0000 - recall 1.0000 - f1 1.0000 
INFO:root:TEST batch 3 / 7 - measures partial for class 0 - precision 0.0000 - recall 0.0000 - f1 0.0000 
INFO:root:TEST batch 3 / 7 - measures partial for class 1 - precision 1.0000 - recall 1.0000 - f1 1.0000 
INFO:root:TEST batch 3 / 7 - Batch time 0 
INFO:root:TEST batch 4 / 7 - partial error 0.0053 - partial loss 4.5328 - partial MRR  0.0000 - partial MAP 0.9947
INFO:root:TEST batch 4 / 7 -  partial tp {0: tensor(0), 1: tensor(47)},fn {0: tensor(0), 1: tensor(0)},fp {0: tensor(0), 1: tensor(0)}
INFO:root:TEST batch 4 / 7 - measures partial microavg - precision 1.0000 - recall 1.0000 - f1 1.0000 
INFO:root:TEST batch 4 / 7 - measures partial for class 0 - precision 0.0000 - recall 0.0000 - f1 0.0000 
INFO:root:TEST batch 4 / 7 - measures partial for class 1 - precision 1.0000 - recall 1.0000 - f1 1.0000 
INFO:root:TEST batch 4 / 7 - Batch time 0 
INFO:root:TEST batch 5 / 7 - partial error 0.0043 - partial loss 3.6262 - partial MRR  0.0000 - partial MAP 0.9957
INFO:root:TEST batch 5 / 7 -  partial tp {0: tensor(0), 1: tensor(47)},fn {0: tensor(0), 1: tensor(0)},fp {0: tensor(0), 1: tensor(0)}
INFO:root:TEST batch 5 / 7 - measures partial microavg - precision 1.0000 - recall 1.0000 - f1 1.0000 
INFO:root:TEST batch 5 / 7 - measures partial for class 0 - precision 0.0000 - recall 0.0000 - f1 0.0000 
INFO:root:TEST batch 5 / 7 - measures partial for class 1 - precision 1.0000 - recall 1.0000 - f1 1.0000 
INFO:root:TEST batch 5 / 7 - Batch time 0 
INFO:root:TEST batch 6 / 7 - partial error 0.0035 - partial loss 3.0219 - partial MRR  0.0000 - partial MAP 0.9965
INFO:root:TEST batch 6 / 7 -  partial tp {0: tensor(0), 1: tensor(47)},fn {0: tensor(0), 1: tensor(0)},fp {0: tensor(0), 1: tensor(0)}
INFO:root:TEST batch 6 / 7 - measures partial microavg - precision 1.0000 - recall 1.0000 - f1 1.0000 
INFO:root:TEST batch 6 / 7 - measures partial for class 0 - precision 0.0000 - recall 0.0000 - f1 0.0000 
INFO:root:TEST batch 6 / 7 - measures partial for class 1 - precision 1.0000 - recall 1.0000 - f1 1.0000 
INFO:root:TEST batch 6 / 7 - Batch time 0 
INFO:root:TEST batch 7 / 7 - partial error 0.0030 - partial loss 2.5902 - partial MRR  0.0000 - partial MAP 0.9970
INFO:root:TEST batch 7 / 7 -  partial tp {0: tensor(0), 1: tensor(47)},fn {0: tensor(0), 1: tensor(0)},fp {0: tensor(0), 1: tensor(0)}
INFO:root:TEST batch 7 / 7 - measures partial microavg - precision 1.0000 - recall 1.0000 - f1 1.0000 
INFO:root:TEST batch 7 / 7 - measures partial for class 0 - precision 0.0000 - recall 0.0000 - f1 0.0000 
INFO:root:TEST batch 7 / 7 - measures partial for class 1 - precision 1.0000 - recall 1.0000 - f1 1.0000 
INFO:root:TEST batch 7 / 7 - Batch time 0 
INFO:root:TEST mean losses tensor(2.5902)
INFO:root:TEST mean errors 0.0030395134817808867
INFO:root:TEST mean MRR 0.0 - mean MAP 0.996960461139679
INFO:root:TEST tp {0: tensor(0), 1: tensor(328)},fn {0: tensor(1), 1: tensor(0)},fp {0: tensor(0), 1: tensor(1)}
INFO:root:TEST measures microavg - precision 0.9970 - recall 0.9970 - f1 0.9970 
INFO:root:TEST measures for class 0 - precision 0.0000 - recall 0.0000 - f1 0.0000 
INFO:root:TEST measures for class 1 - precision 0.9970 - recall 1.0000 - f1 0.9985 
INFO:root:TEST measures@10 microavg - precision 1.0000 - recall 0.2128 - f1 0.3509 
INFO:root:TEST measures@10 for class 0 - precision 0.0000 - recall 0.0000 - f1 0.0000 
INFO:root:TEST measures@10 for class 1 - precision 1.0000 - recall 0.2134 - f1 0.3518 
INFO:root:TEST measures@100 microavg - precision 0.9970 - recall 0.9970 - f1 0.9970 
INFO:root:TEST measures@100 for class 0 - precision 0.0000 - recall 0.0000 - f1 0.0000 
INFO:root:TEST measures@100 for class 1 - precision 0.9970 - recall 1.0000 - f1 0.9985 
INFO:root:TEST measures@1000 microavg - precision 0.9970 - recall 0.9970 - f1 0.9970 
INFO:root:TEST measures@1000 for class 0 - precision 0.0000 - recall 0.0000 - f1 0.0000 
INFO:root:TEST measures@1000 for class 1 - precision 0.9970 - recall 1.0000 - f1 0.9985 
INFO:root:TEST Total epoch time: 0.07871412699978464
INFO:root:################ TRAIN epoch 93 ###################
INFO:root:TRAIN mean losses tensor(0.)
INFO:root:TRAIN mean errors 0.0
INFO:root:TRAIN mean MRR 0.0 - mean MAP 1.0
INFO:root:TRAIN tp {0: tensor(0), 1: tensor(1410)},fn {0: tensor(0), 1: tensor(0)},fp {0: tensor(0), 1: tensor(0)}
INFO:root:TRAIN measures microavg - precision 1.0000 - recall 1.0000 - f1 1.0000 
INFO:root:TRAIN measures for class 0 - precision 0.0000 - recall 0.0000 - f1 0.0000 
INFO:root:TRAIN measures for class 1 - precision 1.0000 - recall 1.0000 - f1 1.0000 
INFO:root:TRAIN measures@10 microavg - precision 1.0000 - recall 0.2128 - f1 0.3509 
INFO:root:TRAIN measures@10 for class 0 - precision 0.0000 - recall 0.0000 - f1 0.0000 
INFO:root:TRAIN measures@10 for class 1 - precision 1.0000 - recall 0.2128 - f1 0.3509 
INFO:root:TRAIN measures@100 microavg - precision 1.0000 - recall 1.0000 - f1 1.0000 
INFO:root:TRAIN measures@100 for class 0 - precision 0.0000 - recall 0.0000 - f1 0.0000 
INFO:root:TRAIN measures@100 for class 1 - precision 1.0000 - recall 1.0000 - f1 1.0000 
INFO:root:TRAIN measures@1000 microavg - precision 1.0000 - recall 1.0000 - f1 1.0000 
INFO:root:TRAIN measures@1000 for class 0 - precision 0.0000 - recall 0.0000 - f1 0.0000 
INFO:root:TRAIN measures@1000 for class 1 - precision 1.0000 - recall 1.0000 - f1 1.0000 
INFO:root:TRAIN Total epoch time: 0.510897827000008
INFO:root:################ VALID epoch 93 ###################
INFO:root:VALID mean losses tensor(0.)
INFO:root:VALID mean errors 0.0
INFO:root:VALID mean MRR 0.0 - mean MAP 1.0
INFO:root:VALID tp {0: tensor(0), 1: tensor(282)},fn {0: tensor(0), 1: tensor(0)},fp {0: tensor(0), 1: tensor(0)}
INFO:root:VALID measures microavg - precision 1.0000 - recall 1.0000 - f1 1.0000 
INFO:root:VALID measures for class 0 - precision 0.0000 - recall 0.0000 - f1 0.0000 
INFO:root:VALID measures for class 1 - precision 1.0000 - recall 1.0000 - f1 1.0000 
INFO:root:VALID measures@10 microavg - precision 1.0000 - recall 0.2128 - f1 0.3509 
INFO:root:VALID measures@10 for class 0 - precision 0.0000 - recall 0.0000 - f1 0.0000 
INFO:root:VALID measures@10 for class 1 - precision 1.0000 - recall 0.2128 - f1 0.3509 
INFO:root:VALID measures@100 microavg - precision 1.0000 - recall 1.0000 - f1 1.0000 
INFO:root:VALID measures@100 for class 0 - precision 0.0000 - recall 0.0000 - f1 0.0000 
INFO:root:VALID measures@100 for class 1 - precision 1.0000 - recall 1.0000 - f1 1.0000 
INFO:root:VALID measures@1000 microavg - precision 1.0000 - recall 1.0000 - f1 1.0000 
INFO:root:VALID measures@1000 for class 0 - precision 0.0000 - recall 0.0000 - f1 0.0000 
INFO:root:VALID measures@1000 for class 1 - precision 1.0000 - recall 1.0000 - f1 1.0000 
INFO:root:VALID Total epoch time: 0.06492593300026783
INFO:root:################ TEST epoch 93 ###################
INFO:root:TEST batch 1 / 7 - partial error 0.0000 - partial loss 0.0000 - partial MRR  0.0000 - partial MAP 1.0000
INFO:root:TEST batch 1 / 7 -  partial tp {0: tensor(0), 1: tensor(47)},fn {0: tensor(0), 1: tensor(0)},fp {0: tensor(0), 1: tensor(0)}
INFO:root:TEST batch 1 / 7 - measures partial microavg - precision 1.0000 - recall 1.0000 - f1 1.0000 
INFO:root:TEST batch 1 / 7 - measures partial for class 0 - precision 0.0000 - recall 0.0000 - f1 0.0000 
INFO:root:TEST batch 1 / 7 - measures partial for class 1 - precision 1.0000 - recall 1.0000 - f1 1.0000 
INFO:root:TEST batch 1 / 7 - Batch time 0 
INFO:root:TEST batch 2 / 7 - partial error 0.0106 - partial loss 8.7350 - partial MRR  0.0000 - partial MAP 0.9894
INFO:root:TEST batch 2 / 7 -  partial tp {0: tensor(0), 1: tensor(46)},fn {0: tensor(1), 1: tensor(0)},fp {0: tensor(0), 1: tensor(1)}
INFO:root:TEST batch 2 / 7 - measures partial microavg - precision 0.9787 - recall 0.9787 - f1 0.9787 
INFO:root:TEST batch 2 / 7 - measures partial for class 0 - precision 0.0000 - recall 0.0000 - f1 0.0000 
INFO:root:TEST batch 2 / 7 - measures partial for class 1 - precision 0.9787 - recall 1.0000 - f1 0.9892 
INFO:root:TEST batch 2 / 7 - Batch time 0 
INFO:root:TEST batch 3 / 7 - partial error 0.0071 - partial loss 5.8233 - partial MRR  0.0000 - partial MAP 0.9929
INFO:root:TEST batch 3 / 7 -  partial tp {0: tensor(0), 1: tensor(47)},fn {0: tensor(0), 1: tensor(0)},fp {0: tensor(0), 1: tensor(0)}
INFO:root:TEST batch 3 / 7 - measures partial microavg - precision 1.0000 - recall 1.0000 - f1 1.0000 
INFO:root:TEST batch 3 / 7 - measures partial for class 0 - precision 0.0000 - recall 0.0000 - f1 0.0000 
INFO:root:TEST batch 3 / 7 - measures partial for class 1 - precision 1.0000 - recall 1.0000 - f1 1.0000 
INFO:root:TEST batch 3 / 7 - Batch time 0 
INFO:root:TEST batch 4 / 7 - partial error 0.0053 - partial loss 4.3675 - partial MRR  0.0000 - partial MAP 0.9947
INFO:root:TEST batch 4 / 7 -  partial tp {0: tensor(0), 1: tensor(47)},fn {0: tensor(0), 1: tensor(0)},fp {0: tensor(0), 1: tensor(0)}
INFO:root:TEST batch 4 / 7 - measures partial microavg - precision 1.0000 - recall 1.0000 - f1 1.0000 
INFO:root:TEST batch 4 / 7 - measures partial for class 0 - precision 0.0000 - recall 0.0000 - f1 0.0000 
INFO:root:TEST batch 4 / 7 - measures partial for class 1 - precision 1.0000 - recall 1.0000 - f1 1.0000 
INFO:root:TEST batch 4 / 7 - Batch time 0 
INFO:root:TEST batch 5 / 7 - partial error 0.0043 - partial loss 3.4940 - partial MRR  0.0000 - partial MAP 0.9957
INFO:root:TEST batch 5 / 7 -  partial tp {0: tensor(0), 1: tensor(47)},fn {0: tensor(0), 1: tensor(0)},fp {0: tensor(0), 1: tensor(0)}
INFO:root:TEST batch 5 / 7 - measures partial microavg - precision 1.0000 - recall 1.0000 - f1 1.0000 
INFO:root:TEST batch 5 / 7 - measures partial for class 0 - precision 0.0000 - recall 0.0000 - f1 0.0000 
INFO:root:TEST batch 5 / 7 - measures partial for class 1 - precision 1.0000 - recall 1.0000 - f1 1.0000 
INFO:root:TEST batch 5 / 7 - Batch time 0 
INFO:root:TEST batch 6 / 7 - partial error 0.0035 - partial loss 2.9117 - partial MRR  0.0000 - partial MAP 0.9965
INFO:root:TEST batch 6 / 7 -  partial tp {0: tensor(0), 1: tensor(47)},fn {0: tensor(0), 1: tensor(0)},fp {0: tensor(0), 1: tensor(0)}
INFO:root:TEST batch 6 / 7 - measures partial microavg - precision 1.0000 - recall 1.0000 - f1 1.0000 
INFO:root:TEST batch 6 / 7 - measures partial for class 0 - precision 0.0000 - recall 0.0000 - f1 0.0000 
INFO:root:TEST batch 6 / 7 - measures partial for class 1 - precision 1.0000 - recall 1.0000 - f1 1.0000 
INFO:root:TEST batch 6 / 7 - Batch time 0 
INFO:root:TEST batch 7 / 7 - partial error 0.0030 - partial loss 2.4957 - partial MRR  0.0000 - partial MAP 0.9970
INFO:root:TEST batch 7 / 7 -  partial tp {0: tensor(0), 1: tensor(47)},fn {0: tensor(0), 1: tensor(0)},fp {0: tensor(0), 1: tensor(0)}
INFO:root:TEST batch 7 / 7 - measures partial microavg - precision 1.0000 - recall 1.0000 - f1 1.0000 
INFO:root:TEST batch 7 / 7 - measures partial for class 0 - precision 0.0000 - recall 0.0000 - f1 0.0000 
INFO:root:TEST batch 7 / 7 - measures partial for class 1 - precision 1.0000 - recall 1.0000 - f1 1.0000 
INFO:root:TEST batch 7 / 7 - Batch time 0 
INFO:root:TEST mean losses tensor(2.4957)
INFO:root:TEST mean errors 0.0030395134817808867
INFO:root:TEST mean MRR 0.0 - mean MAP 0.996960461139679
INFO:root:TEST tp {0: tensor(0), 1: tensor(328)},fn {0: tensor(1), 1: tensor(0)},fp {0: tensor(0), 1: tensor(1)}
INFO:root:TEST measures microavg - precision 0.9970 - recall 0.9970 - f1 0.9970 
INFO:root:TEST measures for class 0 - precision 0.0000 - recall 0.0000 - f1 0.0000 
INFO:root:TEST measures for class 1 - precision 0.9970 - recall 1.0000 - f1 0.9985 
INFO:root:TEST measures@10 microavg - precision 1.0000 - recall 0.2128 - f1 0.3509 
INFO:root:TEST measures@10 for class 0 - precision 0.0000 - recall 0.0000 - f1 0.0000 
INFO:root:TEST measures@10 for class 1 - precision 1.0000 - recall 0.2134 - f1 0.3518 
INFO:root:TEST measures@100 microavg - precision 0.9970 - recall 0.9970 - f1 0.9970 
INFO:root:TEST measures@100 for class 0 - precision 0.0000 - recall 0.0000 - f1 0.0000 
INFO:root:TEST measures@100 for class 1 - precision 0.9970 - recall 1.0000 - f1 0.9985 
INFO:root:TEST measures@1000 microavg - precision 0.9970 - recall 0.9970 - f1 0.9970 
INFO:root:TEST measures@1000 for class 0 - precision 0.0000 - recall 0.0000 - f1 0.0000 
INFO:root:TEST measures@1000 for class 1 - precision 0.9970 - recall 1.0000 - f1 0.9985 
INFO:root:TEST Total epoch time: 0.08533991400008745
INFO:root:################ TRAIN epoch 94 ###################
INFO:root:TRAIN mean losses tensor(0.)
INFO:root:TRAIN mean errors 0.0
INFO:root:TRAIN mean MRR 0.0 - mean MAP 1.0
INFO:root:TRAIN tp {0: tensor(0), 1: tensor(1410)},fn {0: tensor(0), 1: tensor(0)},fp {0: tensor(0), 1: tensor(0)}
INFO:root:TRAIN measures microavg - precision 1.0000 - recall 1.0000 - f1 1.0000 
INFO:root:TRAIN measures for class 0 - precision 0.0000 - recall 0.0000 - f1 0.0000 
INFO:root:TRAIN measures for class 1 - precision 1.0000 - recall 1.0000 - f1 1.0000 
INFO:root:TRAIN measures@10 microavg - precision 1.0000 - recall 0.2128 - f1 0.3509 
INFO:root:TRAIN measures@10 for class 0 - precision 0.0000 - recall 0.0000 - f1 0.0000 
INFO:root:TRAIN measures@10 for class 1 - precision 1.0000 - recall 0.2128 - f1 0.3509 
INFO:root:TRAIN measures@100 microavg - precision 1.0000 - recall 1.0000 - f1 1.0000 
INFO:root:TRAIN measures@100 for class 0 - precision 0.0000 - recall 0.0000 - f1 0.0000 
INFO:root:TRAIN measures@100 for class 1 - precision 1.0000 - recall 1.0000 - f1 1.0000 
INFO:root:TRAIN measures@1000 microavg - precision 1.0000 - recall 1.0000 - f1 1.0000 
INFO:root:TRAIN measures@1000 for class 0 - precision 0.0000 - recall 0.0000 - f1 0.0000 
INFO:root:TRAIN measures@1000 for class 1 - precision 1.0000 - recall 1.0000 - f1 1.0000 
INFO:root:TRAIN Total epoch time: 0.5227044500002194
INFO:root:################ VALID epoch 94 ###################
INFO:root:VALID mean losses tensor(0.)
INFO:root:VALID mean errors 0.0
INFO:root:VALID mean MRR 0.0 - mean MAP 1.0
INFO:root:VALID tp {0: tensor(0), 1: tensor(282)},fn {0: tensor(0), 1: tensor(0)},fp {0: tensor(0), 1: tensor(0)}
INFO:root:VALID measures microavg - precision 1.0000 - recall 1.0000 - f1 1.0000 
INFO:root:VALID measures for class 0 - precision 0.0000 - recall 0.0000 - f1 0.0000 
INFO:root:VALID measures for class 1 - precision 1.0000 - recall 1.0000 - f1 1.0000 
INFO:root:VALID measures@10 microavg - precision 1.0000 - recall 0.2128 - f1 0.3509 
INFO:root:VALID measures@10 for class 0 - precision 0.0000 - recall 0.0000 - f1 0.0000 
INFO:root:VALID measures@10 for class 1 - precision 1.0000 - recall 0.2128 - f1 0.3509 
INFO:root:VALID measures@100 microavg - precision 1.0000 - recall 1.0000 - f1 1.0000 
INFO:root:VALID measures@100 for class 0 - precision 0.0000 - recall 0.0000 - f1 0.0000 
INFO:root:VALID measures@100 for class 1 - precision 1.0000 - recall 1.0000 - f1 1.0000 
INFO:root:VALID measures@1000 microavg - precision 1.0000 - recall 1.0000 - f1 1.0000 
INFO:root:VALID measures@1000 for class 0 - precision 0.0000 - recall 0.0000 - f1 0.0000 
INFO:root:VALID measures@1000 for class 1 - precision 1.0000 - recall 1.0000 - f1 1.0000 
INFO:root:VALID Total epoch time: 0.06572436299984474
INFO:root:################ TEST epoch 94 ###################
INFO:root:TEST batch 1 / 7 - partial error 0.0000 - partial loss 0.0000 - partial MRR  0.0000 - partial MAP 1.0000
INFO:root:TEST batch 1 / 7 -  partial tp {0: tensor(0), 1: tensor(47)},fn {0: tensor(0), 1: tensor(0)},fp {0: tensor(0), 1: tensor(0)}
INFO:root:TEST batch 1 / 7 - measures partial microavg - precision 1.0000 - recall 1.0000 - f1 1.0000 
INFO:root:TEST batch 1 / 7 - measures partial for class 0 - precision 0.0000 - recall 0.0000 - f1 0.0000 
INFO:root:TEST batch 1 / 7 - measures partial for class 1 - precision 1.0000 - recall 1.0000 - f1 1.0000 
INFO:root:TEST batch 1 / 7 - Batch time 0 
INFO:root:TEST batch 2 / 7 - partial error 0.0106 - partial loss 9.0375 - partial MRR  0.0000 - partial MAP 0.9894
INFO:root:TEST batch 2 / 7 -  partial tp {0: tensor(0), 1: tensor(46)},fn {0: tensor(1), 1: tensor(0)},fp {0: tensor(0), 1: tensor(1)}
INFO:root:TEST batch 2 / 7 - measures partial microavg - precision 0.9787 - recall 0.9787 - f1 0.9787 
INFO:root:TEST batch 2 / 7 - measures partial for class 0 - precision 0.0000 - recall 0.0000 - f1 0.0000 
INFO:root:TEST batch 2 / 7 - measures partial for class 1 - precision 0.9787 - recall 1.0000 - f1 0.9892 
INFO:root:TEST batch 2 / 7 - Batch time 0 
INFO:root:TEST batch 3 / 7 - partial error 0.0071 - partial loss 6.0250 - partial MRR  0.0000 - partial MAP 0.9929
INFO:root:TEST batch 3 / 7 -  partial tp {0: tensor(0), 1: tensor(47)},fn {0: tensor(0), 1: tensor(0)},fp {0: tensor(0), 1: tensor(0)}
INFO:root:TEST batch 3 / 7 - measures partial microavg - precision 1.0000 - recall 1.0000 - f1 1.0000 
INFO:root:TEST batch 3 / 7 - measures partial for class 0 - precision 0.0000 - recall 0.0000 - f1 0.0000 
INFO:root:TEST batch 3 / 7 - measures partial for class 1 - precision 1.0000 - recall 1.0000 - f1 1.0000 
INFO:root:TEST batch 3 / 7 - Batch time 0 
INFO:root:TEST batch 4 / 7 - partial error 0.0053 - partial loss 4.5187 - partial MRR  0.0000 - partial MAP 0.9947
INFO:root:TEST batch 4 / 7 -  partial tp {0: tensor(0), 1: tensor(47)},fn {0: tensor(0), 1: tensor(0)},fp {0: tensor(0), 1: tensor(0)}
INFO:root:TEST batch 4 / 7 - measures partial microavg - precision 1.0000 - recall 1.0000 - f1 1.0000 
INFO:root:TEST batch 4 / 7 - measures partial for class 0 - precision 0.0000 - recall 0.0000 - f1 0.0000 
INFO:root:TEST batch 4 / 7 - measures partial for class 1 - precision 1.0000 - recall 1.0000 - f1 1.0000 
INFO:root:TEST batch 4 / 7 - Batch time 0 
INFO:root:TEST batch 5 / 7 - partial error 0.0043 - partial loss 3.6150 - partial MRR  0.0000 - partial MAP 0.9957
INFO:root:TEST batch 5 / 7 -  partial tp {0: tensor(0), 1: tensor(47)},fn {0: tensor(0), 1: tensor(0)},fp {0: tensor(0), 1: tensor(0)}
INFO:root:TEST batch 5 / 7 - measures partial microavg - precision 1.0000 - recall 1.0000 - f1 1.0000 
INFO:root:TEST batch 5 / 7 - measures partial for class 0 - precision 0.0000 - recall 0.0000 - f1 0.0000 
INFO:root:TEST batch 5 / 7 - measures partial for class 1 - precision 1.0000 - recall 1.0000 - f1 1.0000 
INFO:root:TEST batch 5 / 7 - Batch time 0 
INFO:root:TEST batch 6 / 7 - partial error 0.0035 - partial loss 3.0125 - partial MRR  0.0000 - partial MAP 0.9965
INFO:root:TEST batch 6 / 7 -  partial tp {0: tensor(0), 1: tensor(47)},fn {0: tensor(0), 1: tensor(0)},fp {0: tensor(0), 1: tensor(0)}
INFO:root:TEST batch 6 / 7 - measures partial microavg - precision 1.0000 - recall 1.0000 - f1 1.0000 
INFO:root:TEST batch 6 / 7 - measures partial for class 0 - precision 0.0000 - recall 0.0000 - f1 0.0000 
INFO:root:TEST batch 6 / 7 - measures partial for class 1 - precision 1.0000 - recall 1.0000 - f1 1.0000 
INFO:root:TEST batch 6 / 7 - Batch time 0 
INFO:root:TEST batch 7 / 7 - partial error 0.0030 - partial loss 2.5821 - partial MRR  0.0000 - partial MAP 0.9970
INFO:root:TEST batch 7 / 7 -  partial tp {0: tensor(0), 1: tensor(47)},fn {0: tensor(0), 1: tensor(0)},fp {0: tensor(0), 1: tensor(0)}
INFO:root:TEST batch 7 / 7 - measures partial microavg - precision 1.0000 - recall 1.0000 - f1 1.0000 
INFO:root:TEST batch 7 / 7 - measures partial for class 0 - precision 0.0000 - recall 0.0000 - f1 0.0000 
INFO:root:TEST batch 7 / 7 - measures partial for class 1 - precision 1.0000 - recall 1.0000 - f1 1.0000 
INFO:root:TEST batch 7 / 7 - Batch time 0 
INFO:root:TEST mean losses tensor(2.5821)
INFO:root:TEST mean errors 0.0030395134817808867
INFO:root:TEST mean MRR 0.0 - mean MAP 0.996960461139679
INFO:root:TEST tp {0: tensor(0), 1: tensor(328)},fn {0: tensor(1), 1: tensor(0)},fp {0: tensor(0), 1: tensor(1)}
INFO:root:TEST measures microavg - precision 0.9970 - recall 0.9970 - f1 0.9970 
INFO:root:TEST measures for class 0 - precision 0.0000 - recall 0.0000 - f1 0.0000 
INFO:root:TEST measures for class 1 - precision 0.9970 - recall 1.0000 - f1 0.9985 
INFO:root:TEST measures@10 microavg - precision 1.0000 - recall 0.2128 - f1 0.3509 
INFO:root:TEST measures@10 for class 0 - precision 0.0000 - recall 0.0000 - f1 0.0000 
INFO:root:TEST measures@10 for class 1 - precision 1.0000 - recall 0.2134 - f1 0.3518 
INFO:root:TEST measures@100 microavg - precision 0.9970 - recall 0.9970 - f1 0.9970 
INFO:root:TEST measures@100 for class 0 - precision 0.0000 - recall 0.0000 - f1 0.0000 
INFO:root:TEST measures@100 for class 1 - precision 0.9970 - recall 1.0000 - f1 0.9985 
INFO:root:TEST measures@1000 microavg - precision 0.9970 - recall 0.9970 - f1 0.9970 
INFO:root:TEST measures@1000 for class 0 - precision 0.0000 - recall 0.0000 - f1 0.0000 
INFO:root:TEST measures@1000 for class 1 - precision 0.9970 - recall 1.0000 - f1 0.9985 
INFO:root:TEST Total epoch time: 0.08241190100034146
INFO:root:################ TRAIN epoch 95 ###################
INFO:root:TRAIN mean losses tensor(0.)
INFO:root:TRAIN mean errors 0.0
INFO:root:TRAIN mean MRR 0.0 - mean MAP 1.0
INFO:root:TRAIN tp {0: tensor(0), 1: tensor(1410)},fn {0: tensor(0), 1: tensor(0)},fp {0: tensor(0), 1: tensor(0)}
INFO:root:TRAIN measures microavg - precision 1.0000 - recall 1.0000 - f1 1.0000 
INFO:root:TRAIN measures for class 0 - precision 0.0000 - recall 0.0000 - f1 0.0000 
INFO:root:TRAIN measures for class 1 - precision 1.0000 - recall 1.0000 - f1 1.0000 
INFO:root:TRAIN measures@10 microavg - precision 1.0000 - recall 0.2128 - f1 0.3509 
INFO:root:TRAIN measures@10 for class 0 - precision 0.0000 - recall 0.0000 - f1 0.0000 
INFO:root:TRAIN measures@10 for class 1 - precision 1.0000 - recall 0.2128 - f1 0.3509 
INFO:root:TRAIN measures@100 microavg - precision 1.0000 - recall 1.0000 - f1 1.0000 
INFO:root:TRAIN measures@100 for class 0 - precision 0.0000 - recall 0.0000 - f1 0.0000 
INFO:root:TRAIN measures@100 for class 1 - precision 1.0000 - recall 1.0000 - f1 1.0000 
INFO:root:TRAIN measures@1000 microavg - precision 1.0000 - recall 1.0000 - f1 1.0000 
INFO:root:TRAIN measures@1000 for class 0 - precision 0.0000 - recall 0.0000 - f1 0.0000 
INFO:root:TRAIN measures@1000 for class 1 - precision 1.0000 - recall 1.0000 - f1 1.0000 
INFO:root:TRAIN Total epoch time: 0.47853710500021407
INFO:root:################ VALID epoch 95 ###################
INFO:root:VALID mean losses tensor(0.)
INFO:root:VALID mean errors 0.0
INFO:root:VALID mean MRR 0.0 - mean MAP 1.0
INFO:root:VALID tp {0: tensor(0), 1: tensor(282)},fn {0: tensor(0), 1: tensor(0)},fp {0: tensor(0), 1: tensor(0)}
INFO:root:VALID measures microavg - precision 1.0000 - recall 1.0000 - f1 1.0000 
INFO:root:VALID measures for class 0 - precision 0.0000 - recall 0.0000 - f1 0.0000 
INFO:root:VALID measures for class 1 - precision 1.0000 - recall 1.0000 - f1 1.0000 
INFO:root:VALID measures@10 microavg - precision 1.0000 - recall 0.2128 - f1 0.3509 
INFO:root:VALID measures@10 for class 0 - precision 0.0000 - recall 0.0000 - f1 0.0000 
INFO:root:VALID measures@10 for class 1 - precision 1.0000 - recall 0.2128 - f1 0.3509 
INFO:root:VALID measures@100 microavg - precision 1.0000 - recall 1.0000 - f1 1.0000 
INFO:root:VALID measures@100 for class 0 - precision 0.0000 - recall 0.0000 - f1 0.0000 
INFO:root:VALID measures@100 for class 1 - precision 1.0000 - recall 1.0000 - f1 1.0000 
INFO:root:VALID measures@1000 microavg - precision 1.0000 - recall 1.0000 - f1 1.0000 
INFO:root:VALID measures@1000 for class 0 - precision 0.0000 - recall 0.0000 - f1 0.0000 
INFO:root:VALID measures@1000 for class 1 - precision 1.0000 - recall 1.0000 - f1 1.0000 
INFO:root:VALID Total epoch time: 0.05998018299987962
INFO:root:################ TEST epoch 95 ###################
INFO:root:TEST batch 1 / 7 - partial error 0.0000 - partial loss 0.0000 - partial MRR  0.0000 - partial MAP 1.0000
INFO:root:TEST batch 1 / 7 -  partial tp {0: tensor(0), 1: tensor(47)},fn {0: tensor(0), 1: tensor(0)},fp {0: tensor(0), 1: tensor(0)}
INFO:root:TEST batch 1 / 7 - measures partial microavg - precision 1.0000 - recall 1.0000 - f1 1.0000 
INFO:root:TEST batch 1 / 7 - measures partial for class 0 - precision 0.0000 - recall 0.0000 - f1 0.0000 
INFO:root:TEST batch 1 / 7 - measures partial for class 1 - precision 1.0000 - recall 1.0000 - f1 1.0000 
INFO:root:TEST batch 1 / 7 - Batch time 0 
INFO:root:TEST batch 2 / 7 - partial error 0.0106 - partial loss 8.2049 - partial MRR  0.0000 - partial MAP 0.9894
INFO:root:TEST batch 2 / 7 -  partial tp {0: tensor(0), 1: tensor(46)},fn {0: tensor(1), 1: tensor(0)},fp {0: tensor(0), 1: tensor(1)}
INFO:root:TEST batch 2 / 7 - measures partial microavg - precision 0.9787 - recall 0.9787 - f1 0.9787 
INFO:root:TEST batch 2 / 7 - measures partial for class 0 - precision 0.0000 - recall 0.0000 - f1 0.0000 
INFO:root:TEST batch 2 / 7 - measures partial for class 1 - precision 0.9787 - recall 1.0000 - f1 0.9892 
INFO:root:TEST batch 2 / 7 - Batch time 0 
INFO:root:TEST batch 3 / 7 - partial error 0.0071 - partial loss 5.4699 - partial MRR  0.0000 - partial MAP 0.9929
INFO:root:TEST batch 3 / 7 -  partial tp {0: tensor(0), 1: tensor(47)},fn {0: tensor(0), 1: tensor(0)},fp {0: tensor(0), 1: tensor(0)}
INFO:root:TEST batch 3 / 7 - measures partial microavg - precision 1.0000 - recall 1.0000 - f1 1.0000 
INFO:root:TEST batch 3 / 7 - measures partial for class 0 - precision 0.0000 - recall 0.0000 - f1 0.0000 
INFO:root:TEST batch 3 / 7 - measures partial for class 1 - precision 1.0000 - recall 1.0000 - f1 1.0000 
INFO:root:TEST batch 3 / 7 - Batch time 0 
INFO:root:TEST batch 4 / 7 - partial error 0.0053 - partial loss 4.1024 - partial MRR  0.0000 - partial MAP 0.9947
INFO:root:TEST batch 4 / 7 -  partial tp {0: tensor(0), 1: tensor(47)},fn {0: tensor(0), 1: tensor(0)},fp {0: tensor(0), 1: tensor(0)}
INFO:root:TEST batch 4 / 7 - measures partial microavg - precision 1.0000 - recall 1.0000 - f1 1.0000 
INFO:root:TEST batch 4 / 7 - measures partial for class 0 - precision 0.0000 - recall 0.0000 - f1 0.0000 
INFO:root:TEST batch 4 / 7 - measures partial for class 1 - precision 1.0000 - recall 1.0000 - f1 1.0000 
INFO:root:TEST batch 4 / 7 - Batch time 0 
INFO:root:TEST batch 5 / 7 - partial error 0.0043 - partial loss 3.2820 - partial MRR  0.0000 - partial MAP 0.9957
INFO:root:TEST batch 5 / 7 -  partial tp {0: tensor(0), 1: tensor(47)},fn {0: tensor(0), 1: tensor(0)},fp {0: tensor(0), 1: tensor(0)}
INFO:root:TEST batch 5 / 7 - measures partial microavg - precision 1.0000 - recall 1.0000 - f1 1.0000 
INFO:root:TEST batch 5 / 7 - measures partial for class 0 - precision 0.0000 - recall 0.0000 - f1 0.0000 
INFO:root:TEST batch 5 / 7 - measures partial for class 1 - precision 1.0000 - recall 1.0000 - f1 1.0000 
INFO:root:TEST batch 5 / 7 - Batch time 0 
INFO:root:TEST batch 6 / 7 - partial error 0.0035 - partial loss 2.7350 - partial MRR  0.0000 - partial MAP 0.9965
INFO:root:TEST batch 6 / 7 -  partial tp {0: tensor(0), 1: tensor(47)},fn {0: tensor(0), 1: tensor(0)},fp {0: tensor(0), 1: tensor(0)}
INFO:root:TEST batch 6 / 7 - measures partial microavg - precision 1.0000 - recall 1.0000 - f1 1.0000 
INFO:root:TEST batch 6 / 7 - measures partial for class 0 - precision 0.0000 - recall 0.0000 - f1 0.0000 
INFO:root:TEST batch 6 / 7 - measures partial for class 1 - precision 1.0000 - recall 1.0000 - f1 1.0000 
INFO:root:TEST batch 6 / 7 - Batch time 0 
INFO:root:TEST batch 7 / 7 - partial error 0.0030 - partial loss 2.3443 - partial MRR  0.0000 - partial MAP 0.9970
INFO:root:TEST batch 7 / 7 -  partial tp {0: tensor(0), 1: tensor(47)},fn {0: tensor(0), 1: tensor(0)},fp {0: tensor(0), 1: tensor(0)}
INFO:root:TEST batch 7 / 7 - measures partial microavg - precision 1.0000 - recall 1.0000 - f1 1.0000 
INFO:root:TEST batch 7 / 7 - measures partial for class 0 - precision 0.0000 - recall 0.0000 - f1 0.0000 
INFO:root:TEST batch 7 / 7 - measures partial for class 1 - precision 1.0000 - recall 1.0000 - f1 1.0000 
INFO:root:TEST batch 7 / 7 - Batch time 0 
INFO:root:TEST mean losses tensor(2.3443)
INFO:root:TEST mean errors 0.0030395134817808867
INFO:root:TEST mean MRR 0.0 - mean MAP 0.996960461139679
INFO:root:TEST tp {0: tensor(0), 1: tensor(328)},fn {0: tensor(1), 1: tensor(0)},fp {0: tensor(0), 1: tensor(1)}
INFO:root:TEST measures microavg - precision 0.9970 - recall 0.9970 - f1 0.9970 
INFO:root:TEST measures for class 0 - precision 0.0000 - recall 0.0000 - f1 0.0000 
INFO:root:TEST measures for class 1 - precision 0.9970 - recall 1.0000 - f1 0.9985 
INFO:root:TEST measures@10 microavg - precision 1.0000 - recall 0.2128 - f1 0.3509 
INFO:root:TEST measures@10 for class 0 - precision 0.0000 - recall 0.0000 - f1 0.0000 
INFO:root:TEST measures@10 for class 1 - precision 1.0000 - recall 0.2134 - f1 0.3518 
INFO:root:TEST measures@100 microavg - precision 0.9970 - recall 0.9970 - f1 0.9970 
INFO:root:TEST measures@100 for class 0 - precision 0.0000 - recall 0.0000 - f1 0.0000 
INFO:root:TEST measures@100 for class 1 - precision 0.9970 - recall 1.0000 - f1 0.9985 
INFO:root:TEST measures@1000 microavg - precision 0.9970 - recall 0.9970 - f1 0.9970 
INFO:root:TEST measures@1000 for class 0 - precision 0.0000 - recall 0.0000 - f1 0.0000 
INFO:root:TEST measures@1000 for class 1 - precision 0.9970 - recall 1.0000 - f1 0.9985 
INFO:root:TEST Total epoch time: 0.07795101599958798
INFO:root:################ TRAIN epoch 96 ###################
INFO:root:TRAIN mean losses tensor(0.)
INFO:root:TRAIN mean errors 0.0
INFO:root:TRAIN mean MRR 0.0 - mean MAP 1.0
INFO:root:TRAIN tp {0: tensor(0), 1: tensor(1410)},fn {0: tensor(0), 1: tensor(0)},fp {0: tensor(0), 1: tensor(0)}
INFO:root:TRAIN measures microavg - precision 1.0000 - recall 1.0000 - f1 1.0000 
INFO:root:TRAIN measures for class 0 - precision 0.0000 - recall 0.0000 - f1 0.0000 
INFO:root:TRAIN measures for class 1 - precision 1.0000 - recall 1.0000 - f1 1.0000 
INFO:root:TRAIN measures@10 microavg - precision 1.0000 - recall 0.2128 - f1 0.3509 
INFO:root:TRAIN measures@10 for class 0 - precision 0.0000 - recall 0.0000 - f1 0.0000 
INFO:root:TRAIN measures@10 for class 1 - precision 1.0000 - recall 0.2128 - f1 0.3509 
INFO:root:TRAIN measures@100 microavg - precision 1.0000 - recall 1.0000 - f1 1.0000 
INFO:root:TRAIN measures@100 for class 0 - precision 0.0000 - recall 0.0000 - f1 0.0000 
INFO:root:TRAIN measures@100 for class 1 - precision 1.0000 - recall 1.0000 - f1 1.0000 
INFO:root:TRAIN measures@1000 microavg - precision 1.0000 - recall 1.0000 - f1 1.0000 
INFO:root:TRAIN measures@1000 for class 0 - precision 0.0000 - recall 0.0000 - f1 0.0000 
INFO:root:TRAIN measures@1000 for class 1 - precision 1.0000 - recall 1.0000 - f1 1.0000 
INFO:root:TRAIN Total epoch time: 0.4790816609997819
INFO:root:################ VALID epoch 96 ###################
INFO:root:VALID mean losses tensor(0.)
INFO:root:VALID mean errors 0.0
INFO:root:VALID mean MRR 0.0 - mean MAP 1.0
INFO:root:VALID tp {0: tensor(0), 1: tensor(282)},fn {0: tensor(0), 1: tensor(0)},fp {0: tensor(0), 1: tensor(0)}
INFO:root:VALID measures microavg - precision 1.0000 - recall 1.0000 - f1 1.0000 
INFO:root:VALID measures for class 0 - precision 0.0000 - recall 0.0000 - f1 0.0000 
INFO:root:VALID measures for class 1 - precision 1.0000 - recall 1.0000 - f1 1.0000 
INFO:root:VALID measures@10 microavg - precision 1.0000 - recall 0.2128 - f1 0.3509 
INFO:root:VALID measures@10 for class 0 - precision 0.0000 - recall 0.0000 - f1 0.0000 
INFO:root:VALID measures@10 for class 1 - precision 1.0000 - recall 0.2128 - f1 0.3509 
INFO:root:VALID measures@100 microavg - precision 1.0000 - recall 1.0000 - f1 1.0000 
INFO:root:VALID measures@100 for class 0 - precision 0.0000 - recall 0.0000 - f1 0.0000 
INFO:root:VALID measures@100 for class 1 - precision 1.0000 - recall 1.0000 - f1 1.0000 
INFO:root:VALID measures@1000 microavg - precision 1.0000 - recall 1.0000 - f1 1.0000 
INFO:root:VALID measures@1000 for class 0 - precision 0.0000 - recall 0.0000 - f1 0.0000 
INFO:root:VALID measures@1000 for class 1 - precision 1.0000 - recall 1.0000 - f1 1.0000 
INFO:root:VALID Total epoch time: 0.06434578900007182
INFO:root:################ TEST epoch 96 ###################
INFO:root:TEST batch 1 / 7 - partial error 0.0000 - partial loss 0.0000 - partial MRR  0.0000 - partial MAP 1.0000
INFO:root:TEST batch 1 / 7 -  partial tp {0: tensor(0), 1: tensor(47)},fn {0: tensor(0), 1: tensor(0)},fp {0: tensor(0), 1: tensor(0)}
INFO:root:TEST batch 1 / 7 - measures partial microavg - precision 1.0000 - recall 1.0000 - f1 1.0000 
INFO:root:TEST batch 1 / 7 - measures partial for class 0 - precision 0.0000 - recall 0.0000 - f1 0.0000 
INFO:root:TEST batch 1 / 7 - measures partial for class 1 - precision 1.0000 - recall 1.0000 - f1 1.0000 
INFO:root:TEST batch 1 / 7 - Batch time 0 
INFO:root:TEST batch 2 / 7 - partial error 0.0106 - partial loss 8.7637 - partial MRR  0.0000 - partial MAP 0.9894
INFO:root:TEST batch 2 / 7 -  partial tp {0: tensor(0), 1: tensor(46)},fn {0: tensor(1), 1: tensor(0)},fp {0: tensor(0), 1: tensor(1)}
INFO:root:TEST batch 2 / 7 - measures partial microavg - precision 0.9787 - recall 0.9787 - f1 0.9787 
INFO:root:TEST batch 2 / 7 - measures partial for class 0 - precision 0.0000 - recall 0.0000 - f1 0.0000 
INFO:root:TEST batch 2 / 7 - measures partial for class 1 - precision 0.9787 - recall 1.0000 - f1 0.9892 
INFO:root:TEST batch 2 / 7 - Batch time 0 
INFO:root:TEST batch 3 / 7 - partial error 0.0071 - partial loss 5.8425 - partial MRR  0.0000 - partial MAP 0.9929
INFO:root:TEST batch 3 / 7 -  partial tp {0: tensor(0), 1: tensor(47)},fn {0: tensor(0), 1: tensor(0)},fp {0: tensor(0), 1: tensor(0)}
INFO:root:TEST batch 3 / 7 - measures partial microavg - precision 1.0000 - recall 1.0000 - f1 1.0000 
INFO:root:TEST batch 3 / 7 - measures partial for class 0 - precision 0.0000 - recall 0.0000 - f1 0.0000 
INFO:root:TEST batch 3 / 7 - measures partial for class 1 - precision 1.0000 - recall 1.0000 - f1 1.0000 
INFO:root:TEST batch 3 / 7 - Batch time 0 
INFO:root:TEST batch 4 / 7 - partial error 0.0053 - partial loss 4.3819 - partial MRR  0.0000 - partial MAP 0.9947
INFO:root:TEST batch 4 / 7 -  partial tp {0: tensor(0), 1: tensor(47)},fn {0: tensor(0), 1: tensor(0)},fp {0: tensor(0), 1: tensor(0)}
INFO:root:TEST batch 4 / 7 - measures partial microavg - precision 1.0000 - recall 1.0000 - f1 1.0000 
INFO:root:TEST batch 4 / 7 - measures partial for class 0 - precision 0.0000 - recall 0.0000 - f1 0.0000 
INFO:root:TEST batch 4 / 7 - measures partial for class 1 - precision 1.0000 - recall 1.0000 - f1 1.0000 
INFO:root:TEST batch 4 / 7 - Batch time 0 
INFO:root:TEST batch 5 / 7 - partial error 0.0043 - partial loss 3.5055 - partial MRR  0.0000 - partial MAP 0.9957
INFO:root:TEST batch 5 / 7 -  partial tp {0: tensor(0), 1: tensor(47)},fn {0: tensor(0), 1: tensor(0)},fp {0: tensor(0), 1: tensor(0)}
INFO:root:TEST batch 5 / 7 - measures partial microavg - precision 1.0000 - recall 1.0000 - f1 1.0000 
INFO:root:TEST batch 5 / 7 - measures partial for class 0 - precision 0.0000 - recall 0.0000 - f1 0.0000 
INFO:root:TEST batch 5 / 7 - measures partial for class 1 - precision 1.0000 - recall 1.0000 - f1 1.0000 
INFO:root:TEST batch 5 / 7 - Batch time 0 
INFO:root:TEST batch 6 / 7 - partial error 0.0035 - partial loss 2.9212 - partial MRR  0.0000 - partial MAP 0.9965
INFO:root:TEST batch 6 / 7 -  partial tp {0: tensor(0), 1: tensor(47)},fn {0: tensor(0), 1: tensor(0)},fp {0: tensor(0), 1: tensor(0)}
INFO:root:TEST batch 6 / 7 - measures partial microavg - precision 1.0000 - recall 1.0000 - f1 1.0000 
INFO:root:TEST batch 6 / 7 - measures partial for class 0 - precision 0.0000 - recall 0.0000 - f1 0.0000 
INFO:root:TEST batch 6 / 7 - measures partial for class 1 - precision 1.0000 - recall 1.0000 - f1 1.0000 
INFO:root:TEST batch 6 / 7 - Batch time 0 
INFO:root:TEST batch 7 / 7 - partial error 0.0030 - partial loss 2.5039 - partial MRR  0.0000 - partial MAP 0.9970
INFO:root:TEST batch 7 / 7 -  partial tp {0: tensor(0), 1: tensor(47)},fn {0: tensor(0), 1: tensor(0)},fp {0: tensor(0), 1: tensor(0)}
INFO:root:TEST batch 7 / 7 - measures partial microavg - precision 1.0000 - recall 1.0000 - f1 1.0000 
INFO:root:TEST batch 7 / 7 - measures partial for class 0 - precision 0.0000 - recall 0.0000 - f1 0.0000 
INFO:root:TEST batch 7 / 7 - measures partial for class 1 - precision 1.0000 - recall 1.0000 - f1 1.0000 
INFO:root:TEST batch 7 / 7 - Batch time 0 
INFO:root:TEST mean losses tensor(2.5039)
INFO:root:TEST mean errors 0.0030395134817808867
INFO:root:TEST mean MRR 0.0 - mean MAP 0.996960461139679
INFO:root:TEST tp {0: tensor(0), 1: tensor(328)},fn {0: tensor(1), 1: tensor(0)},fp {0: tensor(0), 1: tensor(1)}
INFO:root:TEST measures microavg - precision 0.9970 - recall 0.9970 - f1 0.9970 
INFO:root:TEST measures for class 0 - precision 0.0000 - recall 0.0000 - f1 0.0000 
INFO:root:TEST measures for class 1 - precision 0.9970 - recall 1.0000 - f1 0.9985 
INFO:root:TEST measures@10 microavg - precision 1.0000 - recall 0.2128 - f1 0.3509 
INFO:root:TEST measures@10 for class 0 - precision 0.0000 - recall 0.0000 - f1 0.0000 
INFO:root:TEST measures@10 for class 1 - precision 1.0000 - recall 0.2134 - f1 0.3518 
INFO:root:TEST measures@100 microavg - precision 0.9970 - recall 0.9970 - f1 0.9970 
INFO:root:TEST measures@100 for class 0 - precision 0.0000 - recall 0.0000 - f1 0.0000 
INFO:root:TEST measures@100 for class 1 - precision 0.9970 - recall 1.0000 - f1 0.9985 
INFO:root:TEST measures@1000 microavg - precision 0.9970 - recall 0.9970 - f1 0.9970 
INFO:root:TEST measures@1000 for class 0 - precision 0.0000 - recall 0.0000 - f1 0.0000 
INFO:root:TEST measures@1000 for class 1 - precision 0.9970 - recall 1.0000 - f1 0.9985 
INFO:root:TEST Total epoch time: 0.08218899299981786
INFO:root:################ TRAIN epoch 97 ###################
INFO:root:TRAIN mean losses tensor(0.)
INFO:root:TRAIN mean errors 0.0
INFO:root:TRAIN mean MRR 0.0 - mean MAP 1.0
INFO:root:TRAIN tp {0: tensor(0), 1: tensor(1410)},fn {0: tensor(0), 1: tensor(0)},fp {0: tensor(0), 1: tensor(0)}
INFO:root:TRAIN measures microavg - precision 1.0000 - recall 1.0000 - f1 1.0000 
INFO:root:TRAIN measures for class 0 - precision 0.0000 - recall 0.0000 - f1 0.0000 
INFO:root:TRAIN measures for class 1 - precision 1.0000 - recall 1.0000 - f1 1.0000 
INFO:root:TRAIN measures@10 microavg - precision 1.0000 - recall 0.2128 - f1 0.3509 
INFO:root:TRAIN measures@10 for class 0 - precision 0.0000 - recall 0.0000 - f1 0.0000 
INFO:root:TRAIN measures@10 for class 1 - precision 1.0000 - recall 0.2128 - f1 0.3509 
INFO:root:TRAIN measures@100 microavg - precision 1.0000 - recall 1.0000 - f1 1.0000 
INFO:root:TRAIN measures@100 for class 0 - precision 0.0000 - recall 0.0000 - f1 0.0000 
INFO:root:TRAIN measures@100 for class 1 - precision 1.0000 - recall 1.0000 - f1 1.0000 
INFO:root:TRAIN measures@1000 microavg - precision 1.0000 - recall 1.0000 - f1 1.0000 
INFO:root:TRAIN measures@1000 for class 0 - precision 0.0000 - recall 0.0000 - f1 0.0000 
INFO:root:TRAIN measures@1000 for class 1 - precision 1.0000 - recall 1.0000 - f1 1.0000 
INFO:root:TRAIN Total epoch time: 0.5839125910001712
INFO:root:################ VALID epoch 97 ###################
INFO:root:VALID mean losses tensor(0.)
INFO:root:VALID mean errors 0.0
INFO:root:VALID mean MRR 0.0 - mean MAP 1.0
INFO:root:VALID tp {0: tensor(0), 1: tensor(282)},fn {0: tensor(0), 1: tensor(0)},fp {0: tensor(0), 1: tensor(0)}
INFO:root:VALID measures microavg - precision 1.0000 - recall 1.0000 - f1 1.0000 
INFO:root:VALID measures for class 0 - precision 0.0000 - recall 0.0000 - f1 0.0000 
INFO:root:VALID measures for class 1 - precision 1.0000 - recall 1.0000 - f1 1.0000 
INFO:root:VALID measures@10 microavg - precision 1.0000 - recall 0.2128 - f1 0.3509 
INFO:root:VALID measures@10 for class 0 - precision 0.0000 - recall 0.0000 - f1 0.0000 
INFO:root:VALID measures@10 for class 1 - precision 1.0000 - recall 0.2128 - f1 0.3509 
INFO:root:VALID measures@100 microavg - precision 1.0000 - recall 1.0000 - f1 1.0000 
INFO:root:VALID measures@100 for class 0 - precision 0.0000 - recall 0.0000 - f1 0.0000 
INFO:root:VALID measures@100 for class 1 - precision 1.0000 - recall 1.0000 - f1 1.0000 
INFO:root:VALID measures@1000 microavg - precision 1.0000 - recall 1.0000 - f1 1.0000 
INFO:root:VALID measures@1000 for class 0 - precision 0.0000 - recall 0.0000 - f1 0.0000 
INFO:root:VALID measures@1000 for class 1 - precision 1.0000 - recall 1.0000 - f1 1.0000 
INFO:root:VALID Total epoch time: 0.06585014199981742
INFO:root:################ TEST epoch 97 ###################
INFO:root:TEST batch 1 / 7 - partial error 0.0000 - partial loss 0.0000 - partial MRR  0.0000 - partial MAP 1.0000
INFO:root:TEST batch 1 / 7 -  partial tp {0: tensor(0), 1: tensor(47)},fn {0: tensor(0), 1: tensor(0)},fp {0: tensor(0), 1: tensor(0)}
INFO:root:TEST batch 1 / 7 - measures partial microavg - precision 1.0000 - recall 1.0000 - f1 1.0000 
INFO:root:TEST batch 1 / 7 - measures partial for class 0 - precision 0.0000 - recall 0.0000 - f1 0.0000 
INFO:root:TEST batch 1 / 7 - measures partial for class 1 - precision 1.0000 - recall 1.0000 - f1 1.0000 
INFO:root:TEST batch 1 / 7 - Batch time 0 
INFO:root:TEST batch 2 / 7 - partial error 0.0106 - partial loss 8.7094 - partial MRR  0.0000 - partial MAP 0.9894
INFO:root:TEST batch 2 / 7 -  partial tp {0: tensor(0), 1: tensor(46)},fn {0: tensor(1), 1: tensor(0)},fp {0: tensor(0), 1: tensor(1)}
INFO:root:TEST batch 2 / 7 - measures partial microavg - precision 0.9787 - recall 0.9787 - f1 0.9787 
INFO:root:TEST batch 2 / 7 - measures partial for class 0 - precision 0.0000 - recall 0.0000 - f1 0.0000 
INFO:root:TEST batch 2 / 7 - measures partial for class 1 - precision 0.9787 - recall 1.0000 - f1 0.9892 
INFO:root:TEST batch 2 / 7 - Batch time 0 
INFO:root:TEST batch 3 / 7 - partial error 0.0071 - partial loss 5.8063 - partial MRR  0.0000 - partial MAP 0.9929
INFO:root:TEST batch 3 / 7 -  partial tp {0: tensor(0), 1: tensor(47)},fn {0: tensor(0), 1: tensor(0)},fp {0: tensor(0), 1: tensor(0)}
INFO:root:TEST batch 3 / 7 - measures partial microavg - precision 1.0000 - recall 1.0000 - f1 1.0000 
INFO:root:TEST batch 3 / 7 - measures partial for class 0 - precision 0.0000 - recall 0.0000 - f1 0.0000 
INFO:root:TEST batch 3 / 7 - measures partial for class 1 - precision 1.0000 - recall 1.0000 - f1 1.0000 
INFO:root:TEST batch 3 / 7 - Batch time 0 
INFO:root:TEST batch 4 / 7 - partial error 0.0053 - partial loss 4.3547 - partial MRR  0.0000 - partial MAP 0.9947
INFO:root:TEST batch 4 / 7 -  partial tp {0: tensor(0), 1: tensor(47)},fn {0: tensor(0), 1: tensor(0)},fp {0: tensor(0), 1: tensor(0)}
INFO:root:TEST batch 4 / 7 - measures partial microavg - precision 1.0000 - recall 1.0000 - f1 1.0000 
INFO:root:TEST batch 4 / 7 - measures partial for class 0 - precision 0.0000 - recall 0.0000 - f1 0.0000 
INFO:root:TEST batch 4 / 7 - measures partial for class 1 - precision 1.0000 - recall 1.0000 - f1 1.0000 
INFO:root:TEST batch 4 / 7 - Batch time 0 
INFO:root:TEST batch 5 / 7 - partial error 0.0043 - partial loss 3.4838 - partial MRR  0.0000 - partial MAP 0.9957
INFO:root:TEST batch 5 / 7 -  partial tp {0: tensor(0), 1: tensor(47)},fn {0: tensor(0), 1: tensor(0)},fp {0: tensor(0), 1: tensor(0)}
INFO:root:TEST batch 5 / 7 - measures partial microavg - precision 1.0000 - recall 1.0000 - f1 1.0000 
INFO:root:TEST batch 5 / 7 - measures partial for class 0 - precision 0.0000 - recall 0.0000 - f1 0.0000 
INFO:root:TEST batch 5 / 7 - measures partial for class 1 - precision 1.0000 - recall 1.0000 - f1 1.0000 
INFO:root:TEST batch 5 / 7 - Batch time 0 
INFO:root:TEST batch 6 / 7 - partial error 0.0035 - partial loss 2.9031 - partial MRR  0.0000 - partial MAP 0.9965
INFO:root:TEST batch 6 / 7 -  partial tp {0: tensor(0), 1: tensor(47)},fn {0: tensor(0), 1: tensor(0)},fp {0: tensor(0), 1: tensor(0)}
INFO:root:TEST batch 6 / 7 - measures partial microavg - precision 1.0000 - recall 1.0000 - f1 1.0000 
INFO:root:TEST batch 6 / 7 - measures partial for class 0 - precision 0.0000 - recall 0.0000 - f1 0.0000 
INFO:root:TEST batch 6 / 7 - measures partial for class 1 - precision 1.0000 - recall 1.0000 - f1 1.0000 
INFO:root:TEST batch 6 / 7 - Batch time 0 
INFO:root:TEST batch 7 / 7 - partial error 0.0030 - partial loss 2.4884 - partial MRR  0.0000 - partial MAP 0.9970
INFO:root:TEST batch 7 / 7 -  partial tp {0: tensor(0), 1: tensor(47)},fn {0: tensor(0), 1: tensor(0)},fp {0: tensor(0), 1: tensor(0)}
INFO:root:TEST batch 7 / 7 - measures partial microavg - precision 1.0000 - recall 1.0000 - f1 1.0000 
INFO:root:TEST batch 7 / 7 - measures partial for class 0 - precision 0.0000 - recall 0.0000 - f1 0.0000 
INFO:root:TEST batch 7 / 7 - measures partial for class 1 - precision 1.0000 - recall 1.0000 - f1 1.0000 
INFO:root:TEST batch 7 / 7 - Batch time 0 
INFO:root:TEST mean losses tensor(2.4884)
INFO:root:TEST mean errors 0.0030395134817808867
INFO:root:TEST mean MRR 0.0 - mean MAP 0.996960461139679
INFO:root:TEST tp {0: tensor(0), 1: tensor(328)},fn {0: tensor(1), 1: tensor(0)},fp {0: tensor(0), 1: tensor(1)}
INFO:root:TEST measures microavg - precision 0.9970 - recall 0.9970 - f1 0.9970 
INFO:root:TEST measures for class 0 - precision 0.0000 - recall 0.0000 - f1 0.0000 
INFO:root:TEST measures for class 1 - precision 0.9970 - recall 1.0000 - f1 0.9985 
INFO:root:TEST measures@10 microavg - precision 1.0000 - recall 0.2128 - f1 0.3509 
INFO:root:TEST measures@10 for class 0 - precision 0.0000 - recall 0.0000 - f1 0.0000 
INFO:root:TEST measures@10 for class 1 - precision 1.0000 - recall 0.2134 - f1 0.3518 
INFO:root:TEST measures@100 microavg - precision 0.9970 - recall 0.9970 - f1 0.9970 
INFO:root:TEST measures@100 for class 0 - precision 0.0000 - recall 0.0000 - f1 0.0000 
INFO:root:TEST measures@100 for class 1 - precision 0.9970 - recall 1.0000 - f1 0.9985 
INFO:root:TEST measures@1000 microavg - precision 0.9970 - recall 0.9970 - f1 0.9970 
INFO:root:TEST measures@1000 for class 0 - precision 0.0000 - recall 0.0000 - f1 0.0000 
INFO:root:TEST measures@1000 for class 1 - precision 0.9970 - recall 1.0000 - f1 0.9985 
INFO:root:TEST Total epoch time: 0.08589479000011124
INFO:root:################ TRAIN epoch 98 ###################
INFO:root:TRAIN mean losses tensor(0.)
INFO:root:TRAIN mean errors 0.0
INFO:root:TRAIN mean MRR 0.0 - mean MAP 1.0
INFO:root:TRAIN tp {0: tensor(0), 1: tensor(1410)},fn {0: tensor(0), 1: tensor(0)},fp {0: tensor(0), 1: tensor(0)}
INFO:root:TRAIN measures microavg - precision 1.0000 - recall 1.0000 - f1 1.0000 
INFO:root:TRAIN measures for class 0 - precision 0.0000 - recall 0.0000 - f1 0.0000 
INFO:root:TRAIN measures for class 1 - precision 1.0000 - recall 1.0000 - f1 1.0000 
INFO:root:TRAIN measures@10 microavg - precision 1.0000 - recall 0.2128 - f1 0.3509 
INFO:root:TRAIN measures@10 for class 0 - precision 0.0000 - recall 0.0000 - f1 0.0000 
INFO:root:TRAIN measures@10 for class 1 - precision 1.0000 - recall 0.2128 - f1 0.3509 
INFO:root:TRAIN measures@100 microavg - precision 1.0000 - recall 1.0000 - f1 1.0000 
INFO:root:TRAIN measures@100 for class 0 - precision 0.0000 - recall 0.0000 - f1 0.0000 
INFO:root:TRAIN measures@100 for class 1 - precision 1.0000 - recall 1.0000 - f1 1.0000 
INFO:root:TRAIN measures@1000 microavg - precision 1.0000 - recall 1.0000 - f1 1.0000 
INFO:root:TRAIN measures@1000 for class 0 - precision 0.0000 - recall 0.0000 - f1 0.0000 
INFO:root:TRAIN measures@1000 for class 1 - precision 1.0000 - recall 1.0000 - f1 1.0000 
INFO:root:TRAIN Total epoch time: 0.5271133290002581
INFO:root:################ VALID epoch 98 ###################
INFO:root:VALID mean losses tensor(0.)
INFO:root:VALID mean errors 0.0
INFO:root:VALID mean MRR 0.0 - mean MAP 1.0
INFO:root:VALID tp {0: tensor(0), 1: tensor(282)},fn {0: tensor(0), 1: tensor(0)},fp {0: tensor(0), 1: tensor(0)}
INFO:root:VALID measures microavg - precision 1.0000 - recall 1.0000 - f1 1.0000 
INFO:root:VALID measures for class 0 - precision 0.0000 - recall 0.0000 - f1 0.0000 
INFO:root:VALID measures for class 1 - precision 1.0000 - recall 1.0000 - f1 1.0000 
INFO:root:VALID measures@10 microavg - precision 1.0000 - recall 0.2128 - f1 0.3509 
INFO:root:VALID measures@10 for class 0 - precision 0.0000 - recall 0.0000 - f1 0.0000 
INFO:root:VALID measures@10 for class 1 - precision 1.0000 - recall 0.2128 - f1 0.3509 
INFO:root:VALID measures@100 microavg - precision 1.0000 - recall 1.0000 - f1 1.0000 
INFO:root:VALID measures@100 for class 0 - precision 0.0000 - recall 0.0000 - f1 0.0000 
INFO:root:VALID measures@100 for class 1 - precision 1.0000 - recall 1.0000 - f1 1.0000 
INFO:root:VALID measures@1000 microavg - precision 1.0000 - recall 1.0000 - f1 1.0000 
INFO:root:VALID measures@1000 for class 0 - precision 0.0000 - recall 0.0000 - f1 0.0000 
INFO:root:VALID measures@1000 for class 1 - precision 1.0000 - recall 1.0000 - f1 1.0000 
INFO:root:VALID Total epoch time: 0.06555518699997265
INFO:root:################ TEST epoch 98 ###################
INFO:root:TEST batch 1 / 7 - partial error 0.0000 - partial loss 0.0000 - partial MRR  0.0000 - partial MAP 1.0000
INFO:root:TEST batch 1 / 7 -  partial tp {0: tensor(0), 1: tensor(47)},fn {0: tensor(0), 1: tensor(0)},fp {0: tensor(0), 1: tensor(0)}
INFO:root:TEST batch 1 / 7 - measures partial microavg - precision 1.0000 - recall 1.0000 - f1 1.0000 
INFO:root:TEST batch 1 / 7 - measures partial for class 0 - precision 0.0000 - recall 0.0000 - f1 0.0000 
INFO:root:TEST batch 1 / 7 - measures partial for class 1 - precision 1.0000 - recall 1.0000 - f1 1.0000 
INFO:root:TEST batch 1 / 7 - Batch time 0 
INFO:root:TEST batch 2 / 7 - partial error 0.0106 - partial loss 8.7688 - partial MRR  0.0000 - partial MAP 0.9894
INFO:root:TEST batch 2 / 7 -  partial tp {0: tensor(0), 1: tensor(46)},fn {0: tensor(1), 1: tensor(0)},fp {0: tensor(0), 1: tensor(1)}
INFO:root:TEST batch 2 / 7 - measures partial microavg - precision 0.9787 - recall 0.9787 - f1 0.9787 
INFO:root:TEST batch 2 / 7 - measures partial for class 0 - precision 0.0000 - recall 0.0000 - f1 0.0000 
INFO:root:TEST batch 2 / 7 - measures partial for class 1 - precision 0.9787 - recall 1.0000 - f1 0.9892 
INFO:root:TEST batch 2 / 7 - Batch time 0 
INFO:root:TEST batch 3 / 7 - partial error 0.0071 - partial loss 5.8459 - partial MRR  0.0000 - partial MAP 0.9929
INFO:root:TEST batch 3 / 7 -  partial tp {0: tensor(0), 1: tensor(47)},fn {0: tensor(0), 1: tensor(0)},fp {0: tensor(0), 1: tensor(0)}
INFO:root:TEST batch 3 / 7 - measures partial microavg - precision 1.0000 - recall 1.0000 - f1 1.0000 
INFO:root:TEST batch 3 / 7 - measures partial for class 0 - precision 0.0000 - recall 0.0000 - f1 0.0000 
INFO:root:TEST batch 3 / 7 - measures partial for class 1 - precision 1.0000 - recall 1.0000 - f1 1.0000 
INFO:root:TEST batch 3 / 7 - Batch time 0 
INFO:root:TEST batch 4 / 7 - partial error 0.0053 - partial loss 4.3844 - partial MRR  0.0000 - partial MAP 0.9947
INFO:root:TEST batch 4 / 7 -  partial tp {0: tensor(0), 1: tensor(47)},fn {0: tensor(0), 1: tensor(0)},fp {0: tensor(0), 1: tensor(0)}
INFO:root:TEST batch 4 / 7 - measures partial microavg - precision 1.0000 - recall 1.0000 - f1 1.0000 
INFO:root:TEST batch 4 / 7 - measures partial for class 0 - precision 0.0000 - recall 0.0000 - f1 0.0000 
INFO:root:TEST batch 4 / 7 - measures partial for class 1 - precision 1.0000 - recall 1.0000 - f1 1.0000 
INFO:root:TEST batch 4 / 7 - Batch time 0 
INFO:root:TEST batch 5 / 7 - partial error 0.0043 - partial loss 3.5075 - partial MRR  0.0000 - partial MAP 0.9957
INFO:root:TEST batch 5 / 7 -  partial tp {0: tensor(0), 1: tensor(47)},fn {0: tensor(0), 1: tensor(0)},fp {0: tensor(0), 1: tensor(0)}
INFO:root:TEST batch 5 / 7 - measures partial microavg - precision 1.0000 - recall 1.0000 - f1 1.0000 
INFO:root:TEST batch 5 / 7 - measures partial for class 0 - precision 0.0000 - recall 0.0000 - f1 0.0000 
INFO:root:TEST batch 5 / 7 - measures partial for class 1 - precision 1.0000 - recall 1.0000 - f1 1.0000 
INFO:root:TEST batch 5 / 7 - Batch time 0 
INFO:root:TEST batch 6 / 7 - partial error 0.0035 - partial loss 2.9229 - partial MRR  0.0000 - partial MAP 0.9965
INFO:root:TEST batch 6 / 7 -  partial tp {0: tensor(0), 1: tensor(47)},fn {0: tensor(0), 1: tensor(0)},fp {0: tensor(0), 1: tensor(0)}
INFO:root:TEST batch 6 / 7 - measures partial microavg - precision 1.0000 - recall 1.0000 - f1 1.0000 
INFO:root:TEST batch 6 / 7 - measures partial for class 0 - precision 0.0000 - recall 0.0000 - f1 0.0000 
INFO:root:TEST batch 6 / 7 - measures partial for class 1 - precision 1.0000 - recall 1.0000 - f1 1.0000 
INFO:root:TEST batch 6 / 7 - Batch time 0 
INFO:root:TEST batch 7 / 7 - partial error 0.0030 - partial loss 2.5054 - partial MRR  0.0000 - partial MAP 0.9970
INFO:root:TEST batch 7 / 7 -  partial tp {0: tensor(0), 1: tensor(47)},fn {0: tensor(0), 1: tensor(0)},fp {0: tensor(0), 1: tensor(0)}
INFO:root:TEST batch 7 / 7 - measures partial microavg - precision 1.0000 - recall 1.0000 - f1 1.0000 
INFO:root:TEST batch 7 / 7 - measures partial for class 0 - precision 0.0000 - recall 0.0000 - f1 0.0000 
INFO:root:TEST batch 7 / 7 - measures partial for class 1 - precision 1.0000 - recall 1.0000 - f1 1.0000 
INFO:root:TEST batch 7 / 7 - Batch time 0 
INFO:root:TEST mean losses tensor(2.5054)
INFO:root:TEST mean errors 0.0030395134817808867
INFO:root:TEST mean MRR 0.0 - mean MAP 0.996960461139679
INFO:root:TEST tp {0: tensor(0), 1: tensor(328)},fn {0: tensor(1), 1: tensor(0)},fp {0: tensor(0), 1: tensor(1)}
INFO:root:TEST measures microavg - precision 0.9970 - recall 0.9970 - f1 0.9970 
INFO:root:TEST measures for class 0 - precision 0.0000 - recall 0.0000 - f1 0.0000 
INFO:root:TEST measures for class 1 - precision 0.9970 - recall 1.0000 - f1 0.9985 
INFO:root:TEST measures@10 microavg - precision 1.0000 - recall 0.2128 - f1 0.3509 
INFO:root:TEST measures@10 for class 0 - precision 0.0000 - recall 0.0000 - f1 0.0000 
INFO:root:TEST measures@10 for class 1 - precision 1.0000 - recall 0.2134 - f1 0.3518 
INFO:root:TEST measures@100 microavg - precision 0.9970 - recall 0.9970 - f1 0.9970 
INFO:root:TEST measures@100 for class 0 - precision 0.0000 - recall 0.0000 - f1 0.0000 
INFO:root:TEST measures@100 for class 1 - precision 0.9970 - recall 1.0000 - f1 0.9985 
INFO:root:TEST measures@1000 microavg - precision 0.9970 - recall 0.9970 - f1 0.9970 
INFO:root:TEST measures@1000 for class 0 - precision 0.0000 - recall 0.0000 - f1 0.0000 
INFO:root:TEST measures@1000 for class 1 - precision 0.9970 - recall 1.0000 - f1 0.9985 
INFO:root:TEST Total epoch time: 0.08414054200011378
INFO:root:################ TRAIN epoch 99 ###################
INFO:root:TRAIN mean losses tensor(0.)
INFO:root:TRAIN mean errors 0.0
INFO:root:TRAIN mean MRR 0.0 - mean MAP 1.0
INFO:root:TRAIN tp {0: tensor(0), 1: tensor(1410)},fn {0: tensor(0), 1: tensor(0)},fp {0: tensor(0), 1: tensor(0)}
INFO:root:TRAIN measures microavg - precision 1.0000 - recall 1.0000 - f1 1.0000 
INFO:root:TRAIN measures for class 0 - precision 0.0000 - recall 0.0000 - f1 0.0000 
INFO:root:TRAIN measures for class 1 - precision 1.0000 - recall 1.0000 - f1 1.0000 
INFO:root:TRAIN measures@10 microavg - precision 1.0000 - recall 0.2128 - f1 0.3509 
INFO:root:TRAIN measures@10 for class 0 - precision 0.0000 - recall 0.0000 - f1 0.0000 
INFO:root:TRAIN measures@10 for class 1 - precision 1.0000 - recall 0.2128 - f1 0.3509 
INFO:root:TRAIN measures@100 microavg - precision 1.0000 - recall 1.0000 - f1 1.0000 
INFO:root:TRAIN measures@100 for class 0 - precision 0.0000 - recall 0.0000 - f1 0.0000 
INFO:root:TRAIN measures@100 for class 1 - precision 1.0000 - recall 1.0000 - f1 1.0000 
INFO:root:TRAIN measures@1000 microavg - precision 1.0000 - recall 1.0000 - f1 1.0000 
INFO:root:TRAIN measures@1000 for class 0 - precision 0.0000 - recall 0.0000 - f1 0.0000 
INFO:root:TRAIN measures@1000 for class 1 - precision 1.0000 - recall 1.0000 - f1 1.0000 
INFO:root:TRAIN Total epoch time: 0.4989577599999393
INFO:root:################ VALID epoch 99 ###################
INFO:root:VALID mean losses tensor(0.)
INFO:root:VALID mean errors 0.0
INFO:root:VALID mean MRR 0.0 - mean MAP 1.0
INFO:root:VALID tp {0: tensor(0), 1: tensor(282)},fn {0: tensor(0), 1: tensor(0)},fp {0: tensor(0), 1: tensor(0)}
INFO:root:VALID measures microavg - precision 1.0000 - recall 1.0000 - f1 1.0000 
INFO:root:VALID measures for class 0 - precision 0.0000 - recall 0.0000 - f1 0.0000 
INFO:root:VALID measures for class 1 - precision 1.0000 - recall 1.0000 - f1 1.0000 
INFO:root:VALID measures@10 microavg - precision 1.0000 - recall 0.2128 - f1 0.3509 
INFO:root:VALID measures@10 for class 0 - precision 0.0000 - recall 0.0000 - f1 0.0000 
INFO:root:VALID measures@10 for class 1 - precision 1.0000 - recall 0.2128 - f1 0.3509 
INFO:root:VALID measures@100 microavg - precision 1.0000 - recall 1.0000 - f1 1.0000 
INFO:root:VALID measures@100 for class 0 - precision 0.0000 - recall 0.0000 - f1 0.0000 
INFO:root:VALID measures@100 for class 1 - precision 1.0000 - recall 1.0000 - f1 1.0000 
INFO:root:VALID measures@1000 microavg - precision 1.0000 - recall 1.0000 - f1 1.0000 
INFO:root:VALID measures@1000 for class 0 - precision 0.0000 - recall 0.0000 - f1 0.0000 
INFO:root:VALID measures@1000 for class 1 - precision 1.0000 - recall 1.0000 - f1 1.0000 
INFO:root:VALID Total epoch time: 0.05985298800032979
INFO:root:################ TEST epoch 99 ###################
INFO:root:TEST batch 1 / 7 - partial error 0.0000 - partial loss 0.0000 - partial MRR  0.0000 - partial MAP 1.0000
INFO:root:TEST batch 1 / 7 -  partial tp {0: tensor(0), 1: tensor(47)},fn {0: tensor(0), 1: tensor(0)},fp {0: tensor(0), 1: tensor(0)}
INFO:root:TEST batch 1 / 7 - measures partial microavg - precision 1.0000 - recall 1.0000 - f1 1.0000 
INFO:root:TEST batch 1 / 7 - measures partial for class 0 - precision 0.0000 - recall 0.0000 - f1 0.0000 
INFO:root:TEST batch 1 / 7 - measures partial for class 1 - precision 1.0000 - recall 1.0000 - f1 1.0000 
INFO:root:TEST batch 1 / 7 - Batch time 0 
INFO:root:TEST batch 2 / 7 - partial error 0.0106 - partial loss 9.5457 - partial MRR  0.0000 - partial MAP 0.9894
INFO:root:TEST batch 2 / 7 -  partial tp {0: tensor(0), 1: tensor(46)},fn {0: tensor(1), 1: tensor(0)},fp {0: tensor(0), 1: tensor(1)}
INFO:root:TEST batch 2 / 7 - measures partial microavg - precision 0.9787 - recall 0.9787 - f1 0.9787 
INFO:root:TEST batch 2 / 7 - measures partial for class 0 - precision 0.0000 - recall 0.0000 - f1 0.0000 
INFO:root:TEST batch 2 / 7 - measures partial for class 1 - precision 0.9787 - recall 1.0000 - f1 0.9892 
INFO:root:TEST batch 2 / 7 - Batch time 0 
INFO:root:TEST batch 3 / 7 - partial error 0.0071 - partial loss 6.3638 - partial MRR  0.0000 - partial MAP 0.9929
INFO:root:TEST batch 3 / 7 -  partial tp {0: tensor(0), 1: tensor(47)},fn {0: tensor(0), 1: tensor(0)},fp {0: tensor(0), 1: tensor(0)}
INFO:root:TEST batch 3 / 7 - measures partial microavg - precision 1.0000 - recall 1.0000 - f1 1.0000 
INFO:root:TEST batch 3 / 7 - measures partial for class 0 - precision 0.0000 - recall 0.0000 - f1 0.0000 
INFO:root:TEST batch 3 / 7 - measures partial for class 1 - precision 1.0000 - recall 1.0000 - f1 1.0000 
INFO:root:TEST batch 3 / 7 - Batch time 0 
INFO:root:TEST batch 4 / 7 - partial error 0.0053 - partial loss 4.7729 - partial MRR  0.0000 - partial MAP 0.9947
INFO:root:TEST batch 4 / 7 -  partial tp {0: tensor(0), 1: tensor(47)},fn {0: tensor(0), 1: tensor(0)},fp {0: tensor(0), 1: tensor(0)}
INFO:root:TEST batch 4 / 7 - measures partial microavg - precision 1.0000 - recall 1.0000 - f1 1.0000 
INFO:root:TEST batch 4 / 7 - measures partial for class 0 - precision 0.0000 - recall 0.0000 - f1 0.0000 
INFO:root:TEST batch 4 / 7 - measures partial for class 1 - precision 1.0000 - recall 1.0000 - f1 1.0000 
INFO:root:TEST batch 4 / 7 - Batch time 0 
INFO:root:TEST batch 5 / 7 - partial error 0.0043 - partial loss 3.8183 - partial MRR  0.0000 - partial MAP 0.9957
INFO:root:TEST batch 5 / 7 -  partial tp {0: tensor(0), 1: tensor(47)},fn {0: tensor(0), 1: tensor(0)},fp {0: tensor(0), 1: tensor(0)}
INFO:root:TEST batch 5 / 7 - measures partial microavg - precision 1.0000 - recall 1.0000 - f1 1.0000 
INFO:root:TEST batch 5 / 7 - measures partial for class 0 - precision 0.0000 - recall 0.0000 - f1 0.0000 
INFO:root:TEST batch 5 / 7 - measures partial for class 1 - precision 1.0000 - recall 1.0000 - f1 1.0000 
INFO:root:TEST batch 5 / 7 - Batch time 0 
INFO:root:TEST batch 6 / 7 - partial error 0.0035 - partial loss 3.1819 - partial MRR  0.0000 - partial MAP 0.9965
INFO:root:TEST batch 6 / 7 -  partial tp {0: tensor(0), 1: tensor(47)},fn {0: tensor(0), 1: tensor(0)},fp {0: tensor(0), 1: tensor(0)}
INFO:root:TEST batch 6 / 7 - measures partial microavg - precision 1.0000 - recall 1.0000 - f1 1.0000 
INFO:root:TEST batch 6 / 7 - measures partial for class 0 - precision 0.0000 - recall 0.0000 - f1 0.0000 
INFO:root:TEST batch 6 / 7 - measures partial for class 1 - precision 1.0000 - recall 1.0000 - f1 1.0000 
INFO:root:TEST batch 6 / 7 - Batch time 0 
INFO:root:TEST batch 7 / 7 - partial error 0.0030 - partial loss 2.7273 - partial MRR  0.0000 - partial MAP 0.9970
INFO:root:TEST batch 7 / 7 -  partial tp {0: tensor(0), 1: tensor(47)},fn {0: tensor(0), 1: tensor(0)},fp {0: tensor(0), 1: tensor(0)}
INFO:root:TEST batch 7 / 7 - measures partial microavg - precision 1.0000 - recall 1.0000 - f1 1.0000 
INFO:root:TEST batch 7 / 7 - measures partial for class 0 - precision 0.0000 - recall 0.0000 - f1 0.0000 
INFO:root:TEST batch 7 / 7 - measures partial for class 1 - precision 1.0000 - recall 1.0000 - f1 1.0000 
INFO:root:TEST batch 7 / 7 - Batch time 0 
INFO:root:TEST mean losses tensor(2.7273)
INFO:root:TEST mean errors 0.0030395134817808867
INFO:root:TEST mean MRR 0.0 - mean MAP 0.996960461139679
INFO:root:TEST tp {0: tensor(0), 1: tensor(328)},fn {0: tensor(1), 1: tensor(0)},fp {0: tensor(0), 1: tensor(1)}
INFO:root:TEST measures microavg - precision 0.9970 - recall 0.9970 - f1 0.9970 
INFO:root:TEST measures for class 0 - precision 0.0000 - recall 0.0000 - f1 0.0000 
INFO:root:TEST measures for class 1 - precision 0.9970 - recall 1.0000 - f1 0.9985 
INFO:root:TEST measures@10 microavg - precision 1.0000 - recall 0.2128 - f1 0.3509 
INFO:root:TEST measures@10 for class 0 - precision 0.0000 - recall 0.0000 - f1 0.0000 
INFO:root:TEST measures@10 for class 1 - precision 1.0000 - recall 0.2134 - f1 0.3518 
INFO:root:TEST measures@100 microavg - precision 0.9970 - recall 0.9970 - f1 0.9970 
INFO:root:TEST measures@100 for class 0 - precision 0.0000 - recall 0.0000 - f1 0.0000 
INFO:root:TEST measures@100 for class 1 - precision 0.9970 - recall 1.0000 - f1 0.9985 
INFO:root:TEST measures@1000 microavg - precision 0.9970 - recall 0.9970 - f1 0.9970 
INFO:root:TEST measures@1000 for class 0 - precision 0.0000 - recall 0.0000 - f1 0.0000 
INFO:root:TEST measures@1000 for class 1 - precision 0.9970 - recall 1.0000 - f1 0.9985 
INFO:root:TEST Total epoch time: 0.07776746200033813
INFO:root:################ TRAIN epoch 100 ###################
INFO:root:TRAIN mean losses tensor(0.)
INFO:root:TRAIN mean errors 0.0
INFO:root:TRAIN mean MRR 0.0 - mean MAP 1.0
INFO:root:TRAIN tp {0: tensor(0), 1: tensor(1410)},fn {0: tensor(0), 1: tensor(0)},fp {0: tensor(0), 1: tensor(0)}
INFO:root:TRAIN measures microavg - precision 1.0000 - recall 1.0000 - f1 1.0000 
INFO:root:TRAIN measures for class 0 - precision 0.0000 - recall 0.0000 - f1 0.0000 
INFO:root:TRAIN measures for class 1 - precision 1.0000 - recall 1.0000 - f1 1.0000 
INFO:root:TRAIN measures@10 microavg - precision 1.0000 - recall 0.2128 - f1 0.3509 
INFO:root:TRAIN measures@10 for class 0 - precision 0.0000 - recall 0.0000 - f1 0.0000 
INFO:root:TRAIN measures@10 for class 1 - precision 1.0000 - recall 0.2128 - f1 0.3509 
INFO:root:TRAIN measures@100 microavg - precision 1.0000 - recall 1.0000 - f1 1.0000 
INFO:root:TRAIN measures@100 for class 0 - precision 0.0000 - recall 0.0000 - f1 0.0000 
INFO:root:TRAIN measures@100 for class 1 - precision 1.0000 - recall 1.0000 - f1 1.0000 
INFO:root:TRAIN measures@1000 microavg - precision 1.0000 - recall 1.0000 - f1 1.0000 
INFO:root:TRAIN measures@1000 for class 0 - precision 0.0000 - recall 0.0000 - f1 0.0000 
INFO:root:TRAIN measures@1000 for class 1 - precision 1.0000 - recall 1.0000 - f1 1.0000 
INFO:root:TRAIN Total epoch time: 0.48341934400013997
INFO:root:################ VALID epoch 100 ###################
INFO:root:VALID mean losses tensor(0.)
INFO:root:VALID mean errors 0.0
INFO:root:VALID mean MRR 0.0 - mean MAP 1.0
INFO:root:VALID tp {0: tensor(0), 1: tensor(282)},fn {0: tensor(0), 1: tensor(0)},fp {0: tensor(0), 1: tensor(0)}
INFO:root:VALID measures microavg - precision 1.0000 - recall 1.0000 - f1 1.0000 
INFO:root:VALID measures for class 0 - precision 0.0000 - recall 0.0000 - f1 0.0000 
INFO:root:VALID measures for class 1 - precision 1.0000 - recall 1.0000 - f1 1.0000 
INFO:root:VALID measures@10 microavg - precision 1.0000 - recall 0.2128 - f1 0.3509 
INFO:root:VALID measures@10 for class 0 - precision 0.0000 - recall 0.0000 - f1 0.0000 
INFO:root:VALID measures@10 for class 1 - precision 1.0000 - recall 0.2128 - f1 0.3509 
INFO:root:VALID measures@100 microavg - precision 1.0000 - recall 1.0000 - f1 1.0000 
INFO:root:VALID measures@100 for class 0 - precision 0.0000 - recall 0.0000 - f1 0.0000 
INFO:root:VALID measures@100 for class 1 - precision 1.0000 - recall 1.0000 - f1 1.0000 
INFO:root:VALID measures@1000 microavg - precision 1.0000 - recall 1.0000 - f1 1.0000 
INFO:root:VALID measures@1000 for class 0 - precision 0.0000 - recall 0.0000 - f1 0.0000 
INFO:root:VALID measures@1000 for class 1 - precision 1.0000 - recall 1.0000 - f1 1.0000 
INFO:root:VALID Total epoch time: 0.05951806699977169
INFO:root:################ TEST epoch 100 ###################
INFO:root:TEST batch 1 / 7 - partial error 0.0000 - partial loss 0.0000 - partial MRR  0.0000 - partial MAP 1.0000
INFO:root:TEST batch 1 / 7 -  partial tp {0: tensor(0), 1: tensor(47)},fn {0: tensor(0), 1: tensor(0)},fp {0: tensor(0), 1: tensor(0)}
INFO:root:TEST batch 1 / 7 - measures partial microavg - precision 1.0000 - recall 1.0000 - f1 1.0000 
INFO:root:TEST batch 1 / 7 - measures partial for class 0 - precision 0.0000 - recall 0.0000 - f1 0.0000 
INFO:root:TEST batch 1 / 7 - measures partial for class 1 - precision 1.0000 - recall 1.0000 - f1 1.0000 
INFO:root:TEST batch 1 / 7 - Batch time 0 
INFO:root:TEST batch 2 / 7 - partial error 0.0106 - partial loss 9.7545 - partial MRR  0.0000 - partial MAP 0.9894
INFO:root:TEST batch 2 / 7 -  partial tp {0: tensor(0), 1: tensor(46)},fn {0: tensor(1), 1: tensor(0)},fp {0: tensor(0), 1: tensor(1)}
INFO:root:TEST batch 2 / 7 - measures partial microavg - precision 0.9787 - recall 0.9787 - f1 0.9787 
INFO:root:TEST batch 2 / 7 - measures partial for class 0 - precision 0.0000 - recall 0.0000 - f1 0.0000 
INFO:root:TEST batch 2 / 7 - measures partial for class 1 - precision 0.9787 - recall 1.0000 - f1 0.9892 
INFO:root:TEST batch 2 / 7 - Batch time 0 
INFO:root:TEST batch 3 / 7 - partial error 0.0071 - partial loss 6.5030 - partial MRR  0.0000 - partial MAP 0.9929
INFO:root:TEST batch 3 / 7 -  partial tp {0: tensor(0), 1: tensor(47)},fn {0: tensor(0), 1: tensor(0)},fp {0: tensor(0), 1: tensor(0)}
INFO:root:TEST batch 3 / 7 - measures partial microavg - precision 1.0000 - recall 1.0000 - f1 1.0000 
INFO:root:TEST batch 3 / 7 - measures partial for class 0 - precision 0.0000 - recall 0.0000 - f1 0.0000 
INFO:root:TEST batch 3 / 7 - measures partial for class 1 - precision 1.0000 - recall 1.0000 - f1 1.0000 
INFO:root:TEST batch 3 / 7 - Batch time 0 
INFO:root:TEST batch 4 / 7 - partial error 0.0053 - partial loss 4.8773 - partial MRR  0.0000 - partial MAP 0.9947
INFO:root:TEST batch 4 / 7 -  partial tp {0: tensor(0), 1: tensor(47)},fn {0: tensor(0), 1: tensor(0)},fp {0: tensor(0), 1: tensor(0)}
INFO:root:TEST batch 4 / 7 - measures partial microavg - precision 1.0000 - recall 1.0000 - f1 1.0000 
INFO:root:TEST batch 4 / 7 - measures partial for class 0 - precision 0.0000 - recall 0.0000 - f1 0.0000 
INFO:root:TEST batch 4 / 7 - measures partial for class 1 - precision 1.0000 - recall 1.0000 - f1 1.0000 
INFO:root:TEST batch 4 / 7 - Batch time 0 
INFO:root:TEST batch 5 / 7 - partial error 0.0043 - partial loss 3.9018 - partial MRR  0.0000 - partial MAP 0.9957
INFO:root:TEST batch 5 / 7 -  partial tp {0: tensor(0), 1: tensor(47)},fn {0: tensor(0), 1: tensor(0)},fp {0: tensor(0), 1: tensor(0)}
INFO:root:TEST batch 5 / 7 - measures partial microavg - precision 1.0000 - recall 1.0000 - f1 1.0000 
INFO:root:TEST batch 5 / 7 - measures partial for class 0 - precision 0.0000 - recall 0.0000 - f1 0.0000 
INFO:root:TEST batch 5 / 7 - measures partial for class 1 - precision 1.0000 - recall 1.0000 - f1 1.0000 
INFO:root:TEST batch 5 / 7 - Batch time 0 
INFO:root:TEST batch 6 / 7 - partial error 0.0035 - partial loss 3.2515 - partial MRR  0.0000 - partial MAP 0.9965
INFO:root:TEST batch 6 / 7 -  partial tp {0: tensor(0), 1: tensor(47)},fn {0: tensor(0), 1: tensor(0)},fp {0: tensor(0), 1: tensor(0)}
INFO:root:TEST batch 6 / 7 - measures partial microavg - precision 1.0000 - recall 1.0000 - f1 1.0000 
INFO:root:TEST batch 6 / 7 - measures partial for class 0 - precision 0.0000 - recall 0.0000 - f1 0.0000 
INFO:root:TEST batch 6 / 7 - measures partial for class 1 - precision 1.0000 - recall 1.0000 - f1 1.0000 
INFO:root:TEST batch 6 / 7 - Batch time 0 
INFO:root:TEST batch 7 / 7 - partial error 0.0030 - partial loss 2.7870 - partial MRR  0.0000 - partial MAP 0.9970
INFO:root:TEST batch 7 / 7 -  partial tp {0: tensor(0), 1: tensor(47)},fn {0: tensor(0), 1: tensor(0)},fp {0: tensor(0), 1: tensor(0)}
INFO:root:TEST batch 7 / 7 - measures partial microavg - precision 1.0000 - recall 1.0000 - f1 1.0000 
INFO:root:TEST batch 7 / 7 - measures partial for class 0 - precision 0.0000 - recall 0.0000 - f1 0.0000 
INFO:root:TEST batch 7 / 7 - measures partial for class 1 - precision 1.0000 - recall 1.0000 - f1 1.0000 
INFO:root:TEST batch 7 / 7 - Batch time 0 
INFO:root:TEST mean losses tensor(2.7870)
INFO:root:TEST mean errors 0.0030395134817808867
INFO:root:TEST mean MRR 0.0 - mean MAP 0.996960461139679
INFO:root:TEST tp {0: tensor(0), 1: tensor(328)},fn {0: tensor(1), 1: tensor(0)},fp {0: tensor(0), 1: tensor(1)}
INFO:root:TEST measures microavg - precision 0.9970 - recall 0.9970 - f1 0.9970 
INFO:root:TEST measures for class 0 - precision 0.0000 - recall 0.0000 - f1 0.0000 
INFO:root:TEST measures for class 1 - precision 0.9970 - recall 1.0000 - f1 0.9985 
INFO:root:TEST measures@10 microavg - precision 1.0000 - recall 0.2128 - f1 0.3509 
INFO:root:TEST measures@10 for class 0 - precision 0.0000 - recall 0.0000 - f1 0.0000 
INFO:root:TEST measures@10 for class 1 - precision 1.0000 - recall 0.2134 - f1 0.3518 
INFO:root:TEST measures@100 microavg - precision 0.9970 - recall 0.9970 - f1 0.9970 
INFO:root:TEST measures@100 for class 0 - precision 0.0000 - recall 0.0000 - f1 0.0000 
INFO:root:TEST measures@100 for class 1 - precision 0.9970 - recall 1.0000 - f1 0.9985 
INFO:root:TEST measures@1000 microavg - precision 0.9970 - recall 0.9970 - f1 0.9970 
INFO:root:TEST measures@1000 for class 0 - precision 0.0000 - recall 0.0000 - f1 0.0000 
INFO:root:TEST measures@1000 for class 1 - precision 0.9970 - recall 1.0000 - f1 0.9985 
INFO:root:TEST Total epoch time: 0.07785204699985115
INFO:root:################ TRAIN epoch 101 ###################
INFO:root:TRAIN mean losses tensor(0.)
INFO:root:TRAIN mean errors 0.0
INFO:root:TRAIN mean MRR 0.0 - mean MAP 1.0
INFO:root:TRAIN tp {0: tensor(0), 1: tensor(1410)},fn {0: tensor(0), 1: tensor(0)},fp {0: tensor(0), 1: tensor(0)}
INFO:root:TRAIN measures microavg - precision 1.0000 - recall 1.0000 - f1 1.0000 
INFO:root:TRAIN measures for class 0 - precision 0.0000 - recall 0.0000 - f1 0.0000 
INFO:root:TRAIN measures for class 1 - precision 1.0000 - recall 1.0000 - f1 1.0000 
INFO:root:TRAIN measures@10 microavg - precision 1.0000 - recall 0.2128 - f1 0.3509 
INFO:root:TRAIN measures@10 for class 0 - precision 0.0000 - recall 0.0000 - f1 0.0000 
INFO:root:TRAIN measures@10 for class 1 - precision 1.0000 - recall 0.2128 - f1 0.3509 
INFO:root:TRAIN measures@100 microavg - precision 1.0000 - recall 1.0000 - f1 1.0000 
INFO:root:TRAIN measures@100 for class 0 - precision 0.0000 - recall 0.0000 - f1 0.0000 
INFO:root:TRAIN measures@100 for class 1 - precision 1.0000 - recall 1.0000 - f1 1.0000 
INFO:root:TRAIN measures@1000 microavg - precision 1.0000 - recall 1.0000 - f1 1.0000 
INFO:root:TRAIN measures@1000 for class 0 - precision 0.0000 - recall 0.0000 - f1 0.0000 
INFO:root:TRAIN measures@1000 for class 1 - precision 1.0000 - recall 1.0000 - f1 1.0000 
INFO:root:TRAIN Total epoch time: 0.48146797200024594
INFO:root:################ VALID epoch 101 ###################
INFO:root:VALID mean losses tensor(0.)
INFO:root:VALID mean errors 0.0
INFO:root:VALID mean MRR 0.0 - mean MAP 1.0
INFO:root:VALID tp {0: tensor(0), 1: tensor(282)},fn {0: tensor(0), 1: tensor(0)},fp {0: tensor(0), 1: tensor(0)}
INFO:root:VALID measures microavg - precision 1.0000 - recall 1.0000 - f1 1.0000 
INFO:root:VALID measures for class 0 - precision 0.0000 - recall 0.0000 - f1 0.0000 
INFO:root:VALID measures for class 1 - precision 1.0000 - recall 1.0000 - f1 1.0000 
INFO:root:VALID measures@10 microavg - precision 1.0000 - recall 0.2128 - f1 0.3509 
INFO:root:VALID measures@10 for class 0 - precision 0.0000 - recall 0.0000 - f1 0.0000 
INFO:root:VALID measures@10 for class 1 - precision 1.0000 - recall 0.2128 - f1 0.3509 
INFO:root:VALID measures@100 microavg - precision 1.0000 - recall 1.0000 - f1 1.0000 
INFO:root:VALID measures@100 for class 0 - precision 0.0000 - recall 0.0000 - f1 0.0000 
INFO:root:VALID measures@100 for class 1 - precision 1.0000 - recall 1.0000 - f1 1.0000 
INFO:root:VALID measures@1000 microavg - precision 1.0000 - recall 1.0000 - f1 1.0000 
INFO:root:VALID measures@1000 for class 0 - precision 0.0000 - recall 0.0000 - f1 0.0000 
INFO:root:VALID measures@1000 for class 1 - precision 1.0000 - recall 1.0000 - f1 1.0000 
INFO:root:VALID Total epoch time: 0.05983532300024308
INFO:root:################ TEST epoch 101 ###################
INFO:root:TEST batch 1 / 7 - partial error 0.0000 - partial loss 0.0000 - partial MRR  0.0000 - partial MAP 1.0000
INFO:root:TEST batch 1 / 7 -  partial tp {0: tensor(0), 1: tensor(47)},fn {0: tensor(0), 1: tensor(0)},fp {0: tensor(0), 1: tensor(0)}
INFO:root:TEST batch 1 / 7 - measures partial microavg - precision 1.0000 - recall 1.0000 - f1 1.0000 
INFO:root:TEST batch 1 / 7 - measures partial for class 0 - precision 0.0000 - recall 0.0000 - f1 0.0000 
INFO:root:TEST batch 1 / 7 - measures partial for class 1 - precision 1.0000 - recall 1.0000 - f1 1.0000 
INFO:root:TEST batch 1 / 7 - Batch time 0 
INFO:root:TEST batch 2 / 7 - partial error 0.0106 - partial loss 8.3964 - partial MRR  0.0000 - partial MAP 0.9894
INFO:root:TEST batch 2 / 7 -  partial tp {0: tensor(0), 1: tensor(46)},fn {0: tensor(1), 1: tensor(0)},fp {0: tensor(0), 1: tensor(1)}
INFO:root:TEST batch 2 / 7 - measures partial microavg - precision 0.9787 - recall 0.9787 - f1 0.9787 
INFO:root:TEST batch 2 / 7 - measures partial for class 0 - precision 0.0000 - recall 0.0000 - f1 0.0000 
INFO:root:TEST batch 2 / 7 - measures partial for class 1 - precision 0.9787 - recall 1.0000 - f1 0.9892 
INFO:root:TEST batch 2 / 7 - Batch time 0 
INFO:root:TEST batch 3 / 7 - partial error 0.0071 - partial loss 5.5976 - partial MRR  0.0000 - partial MAP 0.9929
INFO:root:TEST batch 3 / 7 -  partial tp {0: tensor(0), 1: tensor(47)},fn {0: tensor(0), 1: tensor(0)},fp {0: tensor(0), 1: tensor(0)}
INFO:root:TEST batch 3 / 7 - measures partial microavg - precision 1.0000 - recall 1.0000 - f1 1.0000 
INFO:root:TEST batch 3 / 7 - measures partial for class 0 - precision 0.0000 - recall 0.0000 - f1 0.0000 
INFO:root:TEST batch 3 / 7 - measures partial for class 1 - precision 1.0000 - recall 1.0000 - f1 1.0000 
INFO:root:TEST batch 3 / 7 - Batch time 0 
INFO:root:TEST batch 4 / 7 - partial error 0.0053 - partial loss 4.1982 - partial MRR  0.0000 - partial MAP 0.9947
INFO:root:TEST batch 4 / 7 -  partial tp {0: tensor(0), 1: tensor(47)},fn {0: tensor(0), 1: tensor(0)},fp {0: tensor(0), 1: tensor(0)}
INFO:root:TEST batch 4 / 7 - measures partial microavg - precision 1.0000 - recall 1.0000 - f1 1.0000 
INFO:root:TEST batch 4 / 7 - measures partial for class 0 - precision 0.0000 - recall 0.0000 - f1 0.0000 
INFO:root:TEST batch 4 / 7 - measures partial for class 1 - precision 1.0000 - recall 1.0000 - f1 1.0000 
INFO:root:TEST batch 4 / 7 - Batch time 0 
INFO:root:TEST batch 5 / 7 - partial error 0.0043 - partial loss 3.3585 - partial MRR  0.0000 - partial MAP 0.9957
INFO:root:TEST batch 5 / 7 -  partial tp {0: tensor(0), 1: tensor(47)},fn {0: tensor(0), 1: tensor(0)},fp {0: tensor(0), 1: tensor(0)}
INFO:root:TEST batch 5 / 7 - measures partial microavg - precision 1.0000 - recall 1.0000 - f1 1.0000 
INFO:root:TEST batch 5 / 7 - measures partial for class 0 - precision 0.0000 - recall 0.0000 - f1 0.0000 
INFO:root:TEST batch 5 / 7 - measures partial for class 1 - precision 1.0000 - recall 1.0000 - f1 1.0000 
INFO:root:TEST batch 5 / 7 - Batch time 0 
INFO:root:TEST batch 6 / 7 - partial error 0.0035 - partial loss 2.7988 - partial MRR  0.0000 - partial MAP 0.9965
INFO:root:TEST batch 6 / 7 -  partial tp {0: tensor(0), 1: tensor(47)},fn {0: tensor(0), 1: tensor(0)},fp {0: tensor(0), 1: tensor(0)}
INFO:root:TEST batch 6 / 7 - measures partial microavg - precision 1.0000 - recall 1.0000 - f1 1.0000 
INFO:root:TEST batch 6 / 7 - measures partial for class 0 - precision 0.0000 - recall 0.0000 - f1 0.0000 
INFO:root:TEST batch 6 / 7 - measures partial for class 1 - precision 1.0000 - recall 1.0000 - f1 1.0000 
INFO:root:TEST batch 6 / 7 - Batch time 0 
INFO:root:TEST batch 7 / 7 - partial error 0.0030 - partial loss 2.3990 - partial MRR  0.0000 - partial MAP 0.9970
INFO:root:TEST batch 7 / 7 -  partial tp {0: tensor(0), 1: tensor(47)},fn {0: tensor(0), 1: tensor(0)},fp {0: tensor(0), 1: tensor(0)}
INFO:root:TEST batch 7 / 7 - measures partial microavg - precision 1.0000 - recall 1.0000 - f1 1.0000 
INFO:root:TEST batch 7 / 7 - measures partial for class 0 - precision 0.0000 - recall 0.0000 - f1 0.0000 
INFO:root:TEST batch 7 / 7 - measures partial for class 1 - precision 1.0000 - recall 1.0000 - f1 1.0000 
INFO:root:TEST batch 7 / 7 - Batch time 0 
INFO:root:TEST mean losses tensor(2.3990)
INFO:root:TEST mean errors 0.0030395134817808867
INFO:root:TEST mean MRR 0.0 - mean MAP 0.996960461139679
INFO:root:TEST tp {0: tensor(0), 1: tensor(328)},fn {0: tensor(1), 1: tensor(0)},fp {0: tensor(0), 1: tensor(1)}
INFO:root:TEST measures microavg - precision 0.9970 - recall 0.9970 - f1 0.9970 
INFO:root:TEST measures for class 0 - precision 0.0000 - recall 0.0000 - f1 0.0000 
INFO:root:TEST measures for class 1 - precision 0.9970 - recall 1.0000 - f1 0.9985 
INFO:root:TEST measures@10 microavg - precision 1.0000 - recall 0.2128 - f1 0.3509 
INFO:root:TEST measures@10 for class 0 - precision 0.0000 - recall 0.0000 - f1 0.0000 
INFO:root:TEST measures@10 for class 1 - precision 1.0000 - recall 0.2134 - f1 0.3518 
INFO:root:TEST measures@100 microavg - precision 0.9970 - recall 0.9970 - f1 0.9970 
INFO:root:TEST measures@100 for class 0 - precision 0.0000 - recall 0.0000 - f1 0.0000 
INFO:root:TEST measures@100 for class 1 - precision 0.9970 - recall 1.0000 - f1 0.9985 
INFO:root:TEST measures@1000 microavg - precision 0.9970 - recall 0.9970 - f1 0.9970 
INFO:root:TEST measures@1000 for class 0 - precision 0.0000 - recall 0.0000 - f1 0.0000 
INFO:root:TEST measures@1000 for class 1 - precision 0.9970 - recall 1.0000 - f1 0.9985 
INFO:root:TEST Total epoch time: 0.07783107099976405
INFO:root:################ TRAIN epoch 102 ###################
INFO:root:TRAIN mean losses tensor(0.)
INFO:root:TRAIN mean errors 0.0
INFO:root:TRAIN mean MRR 0.0 - mean MAP 1.0
INFO:root:TRAIN tp {0: tensor(0), 1: tensor(1410)},fn {0: tensor(0), 1: tensor(0)},fp {0: tensor(0), 1: tensor(0)}
INFO:root:TRAIN measures microavg - precision 1.0000 - recall 1.0000 - f1 1.0000 
INFO:root:TRAIN measures for class 0 - precision 0.0000 - recall 0.0000 - f1 0.0000 
INFO:root:TRAIN measures for class 1 - precision 1.0000 - recall 1.0000 - f1 1.0000 
INFO:root:TRAIN measures@10 microavg - precision 1.0000 - recall 0.2128 - f1 0.3509 
INFO:root:TRAIN measures@10 for class 0 - precision 0.0000 - recall 0.0000 - f1 0.0000 
INFO:root:TRAIN measures@10 for class 1 - precision 1.0000 - recall 0.2128 - f1 0.3509 
INFO:root:TRAIN measures@100 microavg - precision 1.0000 - recall 1.0000 - f1 1.0000 
INFO:root:TRAIN measures@100 for class 0 - precision 0.0000 - recall 0.0000 - f1 0.0000 
INFO:root:TRAIN measures@100 for class 1 - precision 1.0000 - recall 1.0000 - f1 1.0000 
INFO:root:TRAIN measures@1000 microavg - precision 1.0000 - recall 1.0000 - f1 1.0000 
INFO:root:TRAIN measures@1000 for class 0 - precision 0.0000 - recall 0.0000 - f1 0.0000 
INFO:root:TRAIN measures@1000 for class 1 - precision 1.0000 - recall 1.0000 - f1 1.0000 
INFO:root:TRAIN Total epoch time: 0.8908148109999274
INFO:root:################ VALID epoch 102 ###################
INFO:root:VALID mean losses tensor(0.)
INFO:root:VALID mean errors 0.0
INFO:root:VALID mean MRR 0.0 - mean MAP 1.0
INFO:root:VALID tp {0: tensor(0), 1: tensor(282)},fn {0: tensor(0), 1: tensor(0)},fp {0: tensor(0), 1: tensor(0)}
INFO:root:VALID measures microavg - precision 1.0000 - recall 1.0000 - f1 1.0000 
INFO:root:VALID measures for class 0 - precision 0.0000 - recall 0.0000 - f1 0.0000 
INFO:root:VALID measures for class 1 - precision 1.0000 - recall 1.0000 - f1 1.0000 
INFO:root:VALID measures@10 microavg - precision 1.0000 - recall 0.2128 - f1 0.3509 
INFO:root:VALID measures@10 for class 0 - precision 0.0000 - recall 0.0000 - f1 0.0000 
INFO:root:VALID measures@10 for class 1 - precision 1.0000 - recall 0.2128 - f1 0.3509 
INFO:root:VALID measures@100 microavg - precision 1.0000 - recall 1.0000 - f1 1.0000 
INFO:root:VALID measures@100 for class 0 - precision 0.0000 - recall 0.0000 - f1 0.0000 
INFO:root:VALID measures@100 for class 1 - precision 1.0000 - recall 1.0000 - f1 1.0000 
INFO:root:VALID measures@1000 microavg - precision 1.0000 - recall 1.0000 - f1 1.0000 
INFO:root:VALID measures@1000 for class 0 - precision 0.0000 - recall 0.0000 - f1 0.0000 
INFO:root:VALID measures@1000 for class 1 - precision 1.0000 - recall 1.0000 - f1 1.0000 
INFO:root:VALID Total epoch time: 0.05909526100003859
INFO:root:################ TEST epoch 102 ###################
INFO:root:TEST batch 1 / 7 - partial error 0.0000 - partial loss 0.0000 - partial MRR  0.0000 - partial MAP 1.0000
INFO:root:TEST batch 1 / 7 -  partial tp {0: tensor(0), 1: tensor(47)},fn {0: tensor(0), 1: tensor(0)},fp {0: tensor(0), 1: tensor(0)}
INFO:root:TEST batch 1 / 7 - measures partial microavg - precision 1.0000 - recall 1.0000 - f1 1.0000 
INFO:root:TEST batch 1 / 7 - measures partial for class 0 - precision 0.0000 - recall 0.0000 - f1 0.0000 
INFO:root:TEST batch 1 / 7 - measures partial for class 1 - precision 1.0000 - recall 1.0000 - f1 1.0000 
INFO:root:TEST batch 1 / 7 - Batch time 0 
INFO:root:TEST batch 2 / 7 - partial error 0.0106 - partial loss 8.7778 - partial MRR  0.0000 - partial MAP 0.9894
INFO:root:TEST batch 2 / 7 -  partial tp {0: tensor(0), 1: tensor(46)},fn {0: tensor(1), 1: tensor(0)},fp {0: tensor(0), 1: tensor(1)}
INFO:root:TEST batch 2 / 7 - measures partial microavg - precision 0.9787 - recall 0.9787 - f1 0.9787 
INFO:root:TEST batch 2 / 7 - measures partial for class 0 - precision 0.0000 - recall 0.0000 - f1 0.0000 
INFO:root:TEST batch 2 / 7 - measures partial for class 1 - precision 0.9787 - recall 1.0000 - f1 0.9892 
INFO:root:TEST batch 2 / 7 - Batch time 0 
INFO:root:TEST batch 3 / 7 - partial error 0.0071 - partial loss 5.8518 - partial MRR  0.0000 - partial MAP 0.9929
INFO:root:TEST batch 3 / 7 -  partial tp {0: tensor(0), 1: tensor(47)},fn {0: tensor(0), 1: tensor(0)},fp {0: tensor(0), 1: tensor(0)}
INFO:root:TEST batch 3 / 7 - measures partial microavg - precision 1.0000 - recall 1.0000 - f1 1.0000 
INFO:root:TEST batch 3 / 7 - measures partial for class 0 - precision 0.0000 - recall 0.0000 - f1 0.0000 
INFO:root:TEST batch 3 / 7 - measures partial for class 1 - precision 1.0000 - recall 1.0000 - f1 1.0000 
INFO:root:TEST batch 3 / 7 - Batch time 0 
INFO:root:TEST batch 4 / 7 - partial error 0.0053 - partial loss 4.3889 - partial MRR  0.0000 - partial MAP 0.9947
INFO:root:TEST batch 4 / 7 -  partial tp {0: tensor(0), 1: tensor(47)},fn {0: tensor(0), 1: tensor(0)},fp {0: tensor(0), 1: tensor(0)}
INFO:root:TEST batch 4 / 7 - measures partial microavg - precision 1.0000 - recall 1.0000 - f1 1.0000 
INFO:root:TEST batch 4 / 7 - measures partial for class 0 - precision 0.0000 - recall 0.0000 - f1 0.0000 
INFO:root:TEST batch 4 / 7 - measures partial for class 1 - precision 1.0000 - recall 1.0000 - f1 1.0000 
INFO:root:TEST batch 4 / 7 - Batch time 0 
INFO:root:TEST batch 5 / 7 - partial error 0.0043 - partial loss 3.5111 - partial MRR  0.0000 - partial MAP 0.9957
INFO:root:TEST batch 5 / 7 -  partial tp {0: tensor(0), 1: tensor(47)},fn {0: tensor(0), 1: tensor(0)},fp {0: tensor(0), 1: tensor(0)}
INFO:root:TEST batch 5 / 7 - measures partial microavg - precision 1.0000 - recall 1.0000 - f1 1.0000 
INFO:root:TEST batch 5 / 7 - measures partial for class 0 - precision 0.0000 - recall 0.0000 - f1 0.0000 
INFO:root:TEST batch 5 / 7 - measures partial for class 1 - precision 1.0000 - recall 1.0000 - f1 1.0000 
INFO:root:TEST batch 5 / 7 - Batch time 0 
INFO:root:TEST batch 6 / 7 - partial error 0.0035 - partial loss 2.9259 - partial MRR  0.0000 - partial MAP 0.9965
INFO:root:TEST batch 6 / 7 -  partial tp {0: tensor(0), 1: tensor(47)},fn {0: tensor(0), 1: tensor(0)},fp {0: tensor(0), 1: tensor(0)}
INFO:root:TEST batch 6 / 7 - measures partial microavg - precision 1.0000 - recall 1.0000 - f1 1.0000 
INFO:root:TEST batch 6 / 7 - measures partial for class 0 - precision 0.0000 - recall 0.0000 - f1 0.0000 
INFO:root:TEST batch 6 / 7 - measures partial for class 1 - precision 1.0000 - recall 1.0000 - f1 1.0000 
INFO:root:TEST batch 6 / 7 - Batch time 0 
INFO:root:TEST batch 7 / 7 - partial error 0.0030 - partial loss 2.5079 - partial MRR  0.0000 - partial MAP 0.9970
INFO:root:TEST batch 7 / 7 -  partial tp {0: tensor(0), 1: tensor(47)},fn {0: tensor(0), 1: tensor(0)},fp {0: tensor(0), 1: tensor(0)}
INFO:root:TEST batch 7 / 7 - measures partial microavg - precision 1.0000 - recall 1.0000 - f1 1.0000 
INFO:root:TEST batch 7 / 7 - measures partial for class 0 - precision 0.0000 - recall 0.0000 - f1 0.0000 
INFO:root:TEST batch 7 / 7 - measures partial for class 1 - precision 1.0000 - recall 1.0000 - f1 1.0000 
INFO:root:TEST batch 7 / 7 - Batch time 0 
INFO:root:TEST mean losses tensor(2.5079)
INFO:root:TEST mean errors 0.0030395134817808867
INFO:root:TEST mean MRR 0.0 - mean MAP 0.996960461139679
INFO:root:TEST tp {0: tensor(0), 1: tensor(328)},fn {0: tensor(1), 1: tensor(0)},fp {0: tensor(0), 1: tensor(1)}
INFO:root:TEST measures microavg - precision 0.9970 - recall 0.9970 - f1 0.9970 
INFO:root:TEST measures for class 0 - precision 0.0000 - recall 0.0000 - f1 0.0000 
INFO:root:TEST measures for class 1 - precision 0.9970 - recall 1.0000 - f1 0.9985 
INFO:root:TEST measures@10 microavg - precision 1.0000 - recall 0.2128 - f1 0.3509 
INFO:root:TEST measures@10 for class 0 - precision 0.0000 - recall 0.0000 - f1 0.0000 
INFO:root:TEST measures@10 for class 1 - precision 1.0000 - recall 0.2134 - f1 0.3518 
INFO:root:TEST measures@100 microavg - precision 0.9970 - recall 0.9970 - f1 0.9970 
INFO:root:TEST measures@100 for class 0 - precision 0.0000 - recall 0.0000 - f1 0.0000 
INFO:root:TEST measures@100 for class 1 - precision 0.9970 - recall 1.0000 - f1 0.9985 
INFO:root:TEST measures@1000 microavg - precision 0.9970 - recall 0.9970 - f1 0.9970 
INFO:root:TEST measures@1000 for class 0 - precision 0.0000 - recall 0.0000 - f1 0.0000 
INFO:root:TEST measures@1000 for class 1 - precision 0.9970 - recall 1.0000 - f1 0.9985 
INFO:root:TEST Total epoch time: 0.0780571779996535
INFO:root:################ TRAIN epoch 103 ###################
INFO:root:TRAIN mean losses tensor(0.)
INFO:root:TRAIN mean errors 0.0
INFO:root:TRAIN mean MRR 0.0 - mean MAP 1.0
INFO:root:TRAIN tp {0: tensor(0), 1: tensor(1410)},fn {0: tensor(0), 1: tensor(0)},fp {0: tensor(0), 1: tensor(0)}
INFO:root:TRAIN measures microavg - precision 1.0000 - recall 1.0000 - f1 1.0000 
INFO:root:TRAIN measures for class 0 - precision 0.0000 - recall 0.0000 - f1 0.0000 
INFO:root:TRAIN measures for class 1 - precision 1.0000 - recall 1.0000 - f1 1.0000 
INFO:root:TRAIN measures@10 microavg - precision 1.0000 - recall 0.2128 - f1 0.3509 
INFO:root:TRAIN measures@10 for class 0 - precision 0.0000 - recall 0.0000 - f1 0.0000 
INFO:root:TRAIN measures@10 for class 1 - precision 1.0000 - recall 0.2128 - f1 0.3509 
INFO:root:TRAIN measures@100 microavg - precision 1.0000 - recall 1.0000 - f1 1.0000 
INFO:root:TRAIN measures@100 for class 0 - precision 0.0000 - recall 0.0000 - f1 0.0000 
INFO:root:TRAIN measures@100 for class 1 - precision 1.0000 - recall 1.0000 - f1 1.0000 
INFO:root:TRAIN measures@1000 microavg - precision 1.0000 - recall 1.0000 - f1 1.0000 
INFO:root:TRAIN measures@1000 for class 0 - precision 0.0000 - recall 0.0000 - f1 0.0000 
INFO:root:TRAIN measures@1000 for class 1 - precision 1.0000 - recall 1.0000 - f1 1.0000 
INFO:root:TRAIN Total epoch time: 0.486932883999998
INFO:root:################ VALID epoch 103 ###################
INFO:root:VALID mean losses tensor(0.)
INFO:root:VALID mean errors 0.0
INFO:root:VALID mean MRR 0.0 - mean MAP 1.0
INFO:root:VALID tp {0: tensor(0), 1: tensor(282)},fn {0: tensor(0), 1: tensor(0)},fp {0: tensor(0), 1: tensor(0)}
INFO:root:VALID measures microavg - precision 1.0000 - recall 1.0000 - f1 1.0000 
INFO:root:VALID measures for class 0 - precision 0.0000 - recall 0.0000 - f1 0.0000 
INFO:root:VALID measures for class 1 - precision 1.0000 - recall 1.0000 - f1 1.0000 
INFO:root:VALID measures@10 microavg - precision 1.0000 - recall 0.2128 - f1 0.3509 
INFO:root:VALID measures@10 for class 0 - precision 0.0000 - recall 0.0000 - f1 0.0000 
INFO:root:VALID measures@10 for class 1 - precision 1.0000 - recall 0.2128 - f1 0.3509 
INFO:root:VALID measures@100 microavg - precision 1.0000 - recall 1.0000 - f1 1.0000 
INFO:root:VALID measures@100 for class 0 - precision 0.0000 - recall 0.0000 - f1 0.0000 
INFO:root:VALID measures@100 for class 1 - precision 1.0000 - recall 1.0000 - f1 1.0000 
INFO:root:VALID measures@1000 microavg - precision 1.0000 - recall 1.0000 - f1 1.0000 
INFO:root:VALID measures@1000 for class 0 - precision 0.0000 - recall 0.0000 - f1 0.0000 
INFO:root:VALID measures@1000 for class 1 - precision 1.0000 - recall 1.0000 - f1 1.0000 
INFO:root:VALID Total epoch time: 0.06481872299991664
INFO:root:################ TEST epoch 103 ###################
INFO:root:TEST batch 1 / 7 - partial error 0.0000 - partial loss 0.0000 - partial MRR  0.0000 - partial MAP 1.0000
INFO:root:TEST batch 1 / 7 -  partial tp {0: tensor(0), 1: tensor(47)},fn {0: tensor(0), 1: tensor(0)},fp {0: tensor(0), 1: tensor(0)}
INFO:root:TEST batch 1 / 7 - measures partial microavg - precision 1.0000 - recall 1.0000 - f1 1.0000 
INFO:root:TEST batch 1 / 7 - measures partial for class 0 - precision 0.0000 - recall 0.0000 - f1 0.0000 
INFO:root:TEST batch 1 / 7 - measures partial for class 1 - precision 1.0000 - recall 1.0000 - f1 1.0000 
INFO:root:TEST batch 1 / 7 - Batch time 0 
INFO:root:TEST batch 2 / 7 - partial error 0.0106 - partial loss 9.2278 - partial MRR  0.0000 - partial MAP 0.9894
INFO:root:TEST batch 2 / 7 -  partial tp {0: tensor(0), 1: tensor(46)},fn {0: tensor(1), 1: tensor(0)},fp {0: tensor(0), 1: tensor(1)}
INFO:root:TEST batch 2 / 7 - measures partial microavg - precision 0.9787 - recall 0.9787 - f1 0.9787 
INFO:root:TEST batch 2 / 7 - measures partial for class 0 - precision 0.0000 - recall 0.0000 - f1 0.0000 
INFO:root:TEST batch 2 / 7 - measures partial for class 1 - precision 0.9787 - recall 1.0000 - f1 0.9892 
INFO:root:TEST batch 2 / 7 - Batch time 0 
INFO:root:TEST batch 3 / 7 - partial error 0.0071 - partial loss 6.1519 - partial MRR  0.0000 - partial MAP 0.9929
INFO:root:TEST batch 3 / 7 -  partial tp {0: tensor(0), 1: tensor(47)},fn {0: tensor(0), 1: tensor(0)},fp {0: tensor(0), 1: tensor(0)}
INFO:root:TEST batch 3 / 7 - measures partial microavg - precision 1.0000 - recall 1.0000 - f1 1.0000 
INFO:root:TEST batch 3 / 7 - measures partial for class 0 - precision 0.0000 - recall 0.0000 - f1 0.0000 
INFO:root:TEST batch 3 / 7 - measures partial for class 1 - precision 1.0000 - recall 1.0000 - f1 1.0000 
INFO:root:TEST batch 3 / 7 - Batch time 0 
INFO:root:TEST batch 4 / 7 - partial error 0.0053 - partial loss 4.6139 - partial MRR  0.0000 - partial MAP 0.9947
INFO:root:TEST batch 4 / 7 -  partial tp {0: tensor(0), 1: tensor(47)},fn {0: tensor(0), 1: tensor(0)},fp {0: tensor(0), 1: tensor(0)}
INFO:root:TEST batch 4 / 7 - measures partial microavg - precision 1.0000 - recall 1.0000 - f1 1.0000 
INFO:root:TEST batch 4 / 7 - measures partial for class 0 - precision 0.0000 - recall 0.0000 - f1 0.0000 
INFO:root:TEST batch 4 / 7 - measures partial for class 1 - precision 1.0000 - recall 1.0000 - f1 1.0000 
INFO:root:TEST batch 4 / 7 - Batch time 0 
INFO:root:TEST batch 5 / 7 - partial error 0.0043 - partial loss 3.6911 - partial MRR  0.0000 - partial MAP 0.9957
INFO:root:TEST batch 5 / 7 -  partial tp {0: tensor(0), 1: tensor(47)},fn {0: tensor(0), 1: tensor(0)},fp {0: tensor(0), 1: tensor(0)}
INFO:root:TEST batch 5 / 7 - measures partial microavg - precision 1.0000 - recall 1.0000 - f1 1.0000 
INFO:root:TEST batch 5 / 7 - measures partial for class 0 - precision 0.0000 - recall 0.0000 - f1 0.0000 
INFO:root:TEST batch 5 / 7 - measures partial for class 1 - precision 1.0000 - recall 1.0000 - f1 1.0000 
INFO:root:TEST batch 5 / 7 - Batch time 0 
INFO:root:TEST batch 6 / 7 - partial error 0.0035 - partial loss 3.0759 - partial MRR  0.0000 - partial MAP 0.9965
INFO:root:TEST batch 6 / 7 -  partial tp {0: tensor(0), 1: tensor(47)},fn {0: tensor(0), 1: tensor(0)},fp {0: tensor(0), 1: tensor(0)}
INFO:root:TEST batch 6 / 7 - measures partial microavg - precision 1.0000 - recall 1.0000 - f1 1.0000 
INFO:root:TEST batch 6 / 7 - measures partial for class 0 - precision 0.0000 - recall 0.0000 - f1 0.0000 
INFO:root:TEST batch 6 / 7 - measures partial for class 1 - precision 1.0000 - recall 1.0000 - f1 1.0000 
INFO:root:TEST batch 6 / 7 - Batch time 0 
INFO:root:TEST batch 7 / 7 - partial error 0.0030 - partial loss 2.6365 - partial MRR  0.0000 - partial MAP 0.9970
INFO:root:TEST batch 7 / 7 -  partial tp {0: tensor(0), 1: tensor(47)},fn {0: tensor(0), 1: tensor(0)},fp {0: tensor(0), 1: tensor(0)}
INFO:root:TEST batch 7 / 7 - measures partial microavg - precision 1.0000 - recall 1.0000 - f1 1.0000 
INFO:root:TEST batch 7 / 7 - measures partial for class 0 - precision 0.0000 - recall 0.0000 - f1 0.0000 
INFO:root:TEST batch 7 / 7 - measures partial for class 1 - precision 1.0000 - recall 1.0000 - f1 1.0000 
INFO:root:TEST batch 7 / 7 - Batch time 0 
INFO:root:TEST mean losses tensor(2.6365)
INFO:root:TEST mean errors 0.0030395134817808867
INFO:root:TEST mean MRR 0.0 - mean MAP 0.996960461139679
INFO:root:TEST tp {0: tensor(0), 1: tensor(328)},fn {0: tensor(1), 1: tensor(0)},fp {0: tensor(0), 1: tensor(1)}
INFO:root:TEST measures microavg - precision 0.9970 - recall 0.9970 - f1 0.9970 
INFO:root:TEST measures for class 0 - precision 0.0000 - recall 0.0000 - f1 0.0000 
INFO:root:TEST measures for class 1 - precision 0.9970 - recall 1.0000 - f1 0.9985 
INFO:root:TEST measures@10 microavg - precision 1.0000 - recall 0.2128 - f1 0.3509 
INFO:root:TEST measures@10 for class 0 - precision 0.0000 - recall 0.0000 - f1 0.0000 
INFO:root:TEST measures@10 for class 1 - precision 1.0000 - recall 0.2134 - f1 0.3518 
INFO:root:TEST measures@100 microavg - precision 0.9970 - recall 0.9970 - f1 0.9970 
INFO:root:TEST measures@100 for class 0 - precision 0.0000 - recall 0.0000 - f1 0.0000 
INFO:root:TEST measures@100 for class 1 - precision 0.9970 - recall 1.0000 - f1 0.9985 
INFO:root:TEST measures@1000 microavg - precision 0.9970 - recall 0.9970 - f1 0.9970 
INFO:root:TEST measures@1000 for class 0 - precision 0.0000 - recall 0.0000 - f1 0.0000 
INFO:root:TEST measures@1000 for class 1 - precision 0.9970 - recall 1.0000 - f1 0.9985 
INFO:root:TEST Total epoch time: 0.085060151000107
INFO:root:################ TRAIN epoch 104 ###################
INFO:root:TRAIN mean losses tensor(0.)
INFO:root:TRAIN mean errors 0.0
INFO:root:TRAIN mean MRR 0.0 - mean MAP 1.0
INFO:root:TRAIN tp {0: tensor(0), 1: tensor(1410)},fn {0: tensor(0), 1: tensor(0)},fp {0: tensor(0), 1: tensor(0)}
INFO:root:TRAIN measures microavg - precision 1.0000 - recall 1.0000 - f1 1.0000 
INFO:root:TRAIN measures for class 0 - precision 0.0000 - recall 0.0000 - f1 0.0000 
INFO:root:TRAIN measures for class 1 - precision 1.0000 - recall 1.0000 - f1 1.0000 
INFO:root:TRAIN measures@10 microavg - precision 1.0000 - recall 0.2128 - f1 0.3509 
INFO:root:TRAIN measures@10 for class 0 - precision 0.0000 - recall 0.0000 - f1 0.0000 
INFO:root:TRAIN measures@10 for class 1 - precision 1.0000 - recall 0.2128 - f1 0.3509 
INFO:root:TRAIN measures@100 microavg - precision 1.0000 - recall 1.0000 - f1 1.0000 
INFO:root:TRAIN measures@100 for class 0 - precision 0.0000 - recall 0.0000 - f1 0.0000 
INFO:root:TRAIN measures@100 for class 1 - precision 1.0000 - recall 1.0000 - f1 1.0000 
INFO:root:TRAIN measures@1000 microavg - precision 1.0000 - recall 1.0000 - f1 1.0000 
INFO:root:TRAIN measures@1000 for class 0 - precision 0.0000 - recall 0.0000 - f1 0.0000 
INFO:root:TRAIN measures@1000 for class 1 - precision 1.0000 - recall 1.0000 - f1 1.0000 
INFO:root:TRAIN Total epoch time: 0.5160443989998384
INFO:root:################ VALID epoch 104 ###################
INFO:root:VALID mean losses tensor(0.)
INFO:root:VALID mean errors 0.0
INFO:root:VALID mean MRR 0.0 - mean MAP 1.0
INFO:root:VALID tp {0: tensor(0), 1: tensor(282)},fn {0: tensor(0), 1: tensor(0)},fp {0: tensor(0), 1: tensor(0)}
INFO:root:VALID measures microavg - precision 1.0000 - recall 1.0000 - f1 1.0000 
INFO:root:VALID measures for class 0 - precision 0.0000 - recall 0.0000 - f1 0.0000 
INFO:root:VALID measures for class 1 - precision 1.0000 - recall 1.0000 - f1 1.0000 
INFO:root:VALID measures@10 microavg - precision 1.0000 - recall 0.2128 - f1 0.3509 
INFO:root:VALID measures@10 for class 0 - precision 0.0000 - recall 0.0000 - f1 0.0000 
INFO:root:VALID measures@10 for class 1 - precision 1.0000 - recall 0.2128 - f1 0.3509 
INFO:root:VALID measures@100 microavg - precision 1.0000 - recall 1.0000 - f1 1.0000 
INFO:root:VALID measures@100 for class 0 - precision 0.0000 - recall 0.0000 - f1 0.0000 
INFO:root:VALID measures@100 for class 1 - precision 1.0000 - recall 1.0000 - f1 1.0000 
INFO:root:VALID measures@1000 microavg - precision 1.0000 - recall 1.0000 - f1 1.0000 
INFO:root:VALID measures@1000 for class 0 - precision 0.0000 - recall 0.0000 - f1 0.0000 
INFO:root:VALID measures@1000 for class 1 - precision 1.0000 - recall 1.0000 - f1 1.0000 
INFO:root:VALID Total epoch time: 0.06155726199995115
INFO:root:################ TEST epoch 104 ###################
INFO:root:TEST batch 1 / 7 - partial error 0.0000 - partial loss 0.0000 - partial MRR  0.0000 - partial MAP 1.0000
INFO:root:TEST batch 1 / 7 -  partial tp {0: tensor(0), 1: tensor(47)},fn {0: tensor(0), 1: tensor(0)},fp {0: tensor(0), 1: tensor(0)}
INFO:root:TEST batch 1 / 7 - measures partial microavg - precision 1.0000 - recall 1.0000 - f1 1.0000 
INFO:root:TEST batch 1 / 7 - measures partial for class 0 - precision 0.0000 - recall 0.0000 - f1 0.0000 
INFO:root:TEST batch 1 / 7 - measures partial for class 1 - precision 1.0000 - recall 1.0000 - f1 1.0000 
INFO:root:TEST batch 1 / 7 - Batch time 0 
INFO:root:TEST batch 2 / 7 - partial error 0.0106 - partial loss 8.9025 - partial MRR  0.0000 - partial MAP 0.9894
INFO:root:TEST batch 2 / 7 -  partial tp {0: tensor(0), 1: tensor(46)},fn {0: tensor(1), 1: tensor(0)},fp {0: tensor(0), 1: tensor(1)}
INFO:root:TEST batch 2 / 7 - measures partial microavg - precision 0.9787 - recall 0.9787 - f1 0.9787 
INFO:root:TEST batch 2 / 7 - measures partial for class 0 - precision 0.0000 - recall 0.0000 - f1 0.0000 
INFO:root:TEST batch 2 / 7 - measures partial for class 1 - precision 0.9787 - recall 1.0000 - f1 0.9892 
INFO:root:TEST batch 2 / 7 - Batch time 0 
INFO:root:TEST batch 3 / 7 - partial error 0.0071 - partial loss 5.9350 - partial MRR  0.0000 - partial MAP 0.9929
INFO:root:TEST batch 3 / 7 -  partial tp {0: tensor(0), 1: tensor(47)},fn {0: tensor(0), 1: tensor(0)},fp {0: tensor(0), 1: tensor(0)}
INFO:root:TEST batch 3 / 7 - measures partial microavg - precision 1.0000 - recall 1.0000 - f1 1.0000 
INFO:root:TEST batch 3 / 7 - measures partial for class 0 - precision 0.0000 - recall 0.0000 - f1 0.0000 
INFO:root:TEST batch 3 / 7 - measures partial for class 1 - precision 1.0000 - recall 1.0000 - f1 1.0000 
INFO:root:TEST batch 3 / 7 - Batch time 0 
INFO:root:TEST batch 4 / 7 - partial error 0.0053 - partial loss 4.4513 - partial MRR  0.0000 - partial MAP 0.9947
INFO:root:TEST batch 4 / 7 -  partial tp {0: tensor(0), 1: tensor(47)},fn {0: tensor(0), 1: tensor(0)},fp {0: tensor(0), 1: tensor(0)}
INFO:root:TEST batch 4 / 7 - measures partial microavg - precision 1.0000 - recall 1.0000 - f1 1.0000 
INFO:root:TEST batch 4 / 7 - measures partial for class 0 - precision 0.0000 - recall 0.0000 - f1 0.0000 
INFO:root:TEST batch 4 / 7 - measures partial for class 1 - precision 1.0000 - recall 1.0000 - f1 1.0000 
INFO:root:TEST batch 4 / 7 - Batch time 0 
INFO:root:TEST batch 5 / 7 - partial error 0.0043 - partial loss 3.5610 - partial MRR  0.0000 - partial MAP 0.9957
INFO:root:TEST batch 5 / 7 -  partial tp {0: tensor(0), 1: tensor(47)},fn {0: tensor(0), 1: tensor(0)},fp {0: tensor(0), 1: tensor(0)}
INFO:root:TEST batch 5 / 7 - measures partial microavg - precision 1.0000 - recall 1.0000 - f1 1.0000 
INFO:root:TEST batch 5 / 7 - measures partial for class 0 - precision 0.0000 - recall 0.0000 - f1 0.0000 
INFO:root:TEST batch 5 / 7 - measures partial for class 1 - precision 1.0000 - recall 1.0000 - f1 1.0000 
INFO:root:TEST batch 5 / 7 - Batch time 0 
INFO:root:TEST batch 6 / 7 - partial error 0.0035 - partial loss 2.9675 - partial MRR  0.0000 - partial MAP 0.9965
INFO:root:TEST batch 6 / 7 -  partial tp {0: tensor(0), 1: tensor(47)},fn {0: tensor(0), 1: tensor(0)},fp {0: tensor(0), 1: tensor(0)}
INFO:root:TEST batch 6 / 7 - measures partial microavg - precision 1.0000 - recall 1.0000 - f1 1.0000 
INFO:root:TEST batch 6 / 7 - measures partial for class 0 - precision 0.0000 - recall 0.0000 - f1 0.0000 
INFO:root:TEST batch 6 / 7 - measures partial for class 1 - precision 1.0000 - recall 1.0000 - f1 1.0000 
INFO:root:TEST batch 6 / 7 - Batch time 0 
INFO:root:TEST batch 7 / 7 - partial error 0.0030 - partial loss 2.5436 - partial MRR  0.0000 - partial MAP 0.9970
INFO:root:TEST batch 7 / 7 -  partial tp {0: tensor(0), 1: tensor(47)},fn {0: tensor(0), 1: tensor(0)},fp {0: tensor(0), 1: tensor(0)}
INFO:root:TEST batch 7 / 7 - measures partial microavg - precision 1.0000 - recall 1.0000 - f1 1.0000 
INFO:root:TEST batch 7 / 7 - measures partial for class 0 - precision 0.0000 - recall 0.0000 - f1 0.0000 
INFO:root:TEST batch 7 / 7 - measures partial for class 1 - precision 1.0000 - recall 1.0000 - f1 1.0000 
INFO:root:TEST batch 7 / 7 - Batch time 0 
INFO:root:TEST mean losses tensor(2.5436)
INFO:root:TEST mean errors 0.0030395134817808867
INFO:root:TEST mean MRR 0.0 - mean MAP 0.996960461139679
INFO:root:TEST tp {0: tensor(0), 1: tensor(328)},fn {0: tensor(1), 1: tensor(0)},fp {0: tensor(0), 1: tensor(1)}
INFO:root:TEST measures microavg - precision 0.9970 - recall 0.9970 - f1 0.9970 
INFO:root:TEST measures for class 0 - precision 0.0000 - recall 0.0000 - f1 0.0000 
INFO:root:TEST measures for class 1 - precision 0.9970 - recall 1.0000 - f1 0.9985 
INFO:root:TEST measures@10 microavg - precision 1.0000 - recall 0.2128 - f1 0.3509 
INFO:root:TEST measures@10 for class 0 - precision 0.0000 - recall 0.0000 - f1 0.0000 
INFO:root:TEST measures@10 for class 1 - precision 1.0000 - recall 0.2134 - f1 0.3518 
INFO:root:TEST measures@100 microavg - precision 0.9970 - recall 0.9970 - f1 0.9970 
INFO:root:TEST measures@100 for class 0 - precision 0.0000 - recall 0.0000 - f1 0.0000 
INFO:root:TEST measures@100 for class 1 - precision 0.9970 - recall 1.0000 - f1 0.9985 
INFO:root:TEST measures@1000 microavg - precision 0.9970 - recall 0.9970 - f1 0.9970 
INFO:root:TEST measures@1000 for class 0 - precision 0.0000 - recall 0.0000 - f1 0.0000 
INFO:root:TEST measures@1000 for class 1 - precision 0.9970 - recall 1.0000 - f1 0.9985 
INFO:root:TEST Total epoch time: 0.07897464900042905
INFO:root:################ TRAIN epoch 105 ###################
INFO:root:TRAIN mean losses tensor(0.)
INFO:root:TRAIN mean errors 0.0
INFO:root:TRAIN mean MRR 0.0 - mean MAP 1.0
INFO:root:TRAIN tp {0: tensor(0), 1: tensor(1410)},fn {0: tensor(0), 1: tensor(0)},fp {0: tensor(0), 1: tensor(0)}
INFO:root:TRAIN measures microavg - precision 1.0000 - recall 1.0000 - f1 1.0000 
INFO:root:TRAIN measures for class 0 - precision 0.0000 - recall 0.0000 - f1 0.0000 
INFO:root:TRAIN measures for class 1 - precision 1.0000 - recall 1.0000 - f1 1.0000 
INFO:root:TRAIN measures@10 microavg - precision 1.0000 - recall 0.2128 - f1 0.3509 
INFO:root:TRAIN measures@10 for class 0 - precision 0.0000 - recall 0.0000 - f1 0.0000 
INFO:root:TRAIN measures@10 for class 1 - precision 1.0000 - recall 0.2128 - f1 0.3509 
INFO:root:TRAIN measures@100 microavg - precision 1.0000 - recall 1.0000 - f1 1.0000 
INFO:root:TRAIN measures@100 for class 0 - precision 0.0000 - recall 0.0000 - f1 0.0000 
INFO:root:TRAIN measures@100 for class 1 - precision 1.0000 - recall 1.0000 - f1 1.0000 
INFO:root:TRAIN measures@1000 microavg - precision 1.0000 - recall 1.0000 - f1 1.0000 
INFO:root:TRAIN measures@1000 for class 0 - precision 0.0000 - recall 0.0000 - f1 0.0000 
INFO:root:TRAIN measures@1000 for class 1 - precision 1.0000 - recall 1.0000 - f1 1.0000 
INFO:root:TRAIN Total epoch time: 0.6094887879999078
INFO:root:################ VALID epoch 105 ###################
INFO:root:VALID mean losses tensor(0.)
INFO:root:VALID mean errors 0.0
INFO:root:VALID mean MRR 0.0 - mean MAP 1.0
INFO:root:VALID tp {0: tensor(0), 1: tensor(282)},fn {0: tensor(0), 1: tensor(0)},fp {0: tensor(0), 1: tensor(0)}
INFO:root:VALID measures microavg - precision 1.0000 - recall 1.0000 - f1 1.0000 
INFO:root:VALID measures for class 0 - precision 0.0000 - recall 0.0000 - f1 0.0000 
INFO:root:VALID measures for class 1 - precision 1.0000 - recall 1.0000 - f1 1.0000 
INFO:root:VALID measures@10 microavg - precision 1.0000 - recall 0.2128 - f1 0.3509 
INFO:root:VALID measures@10 for class 0 - precision 0.0000 - recall 0.0000 - f1 0.0000 
INFO:root:VALID measures@10 for class 1 - precision 1.0000 - recall 0.2128 - f1 0.3509 
INFO:root:VALID measures@100 microavg - precision 1.0000 - recall 1.0000 - f1 1.0000 
INFO:root:VALID measures@100 for class 0 - precision 0.0000 - recall 0.0000 - f1 0.0000 
INFO:root:VALID measures@100 for class 1 - precision 1.0000 - recall 1.0000 - f1 1.0000 
INFO:root:VALID measures@1000 microavg - precision 1.0000 - recall 1.0000 - f1 1.0000 
INFO:root:VALID measures@1000 for class 0 - precision 0.0000 - recall 0.0000 - f1 0.0000 
INFO:root:VALID measures@1000 for class 1 - precision 1.0000 - recall 1.0000 - f1 1.0000 
INFO:root:VALID Total epoch time: 0.14141449699991426
INFO:root:################ TEST epoch 105 ###################
INFO:root:TEST batch 1 / 7 - partial error 0.0000 - partial loss 0.0000 - partial MRR  0.0000 - partial MAP 1.0000
INFO:root:TEST batch 1 / 7 -  partial tp {0: tensor(0), 1: tensor(47)},fn {0: tensor(0), 1: tensor(0)},fp {0: tensor(0), 1: tensor(0)}
INFO:root:TEST batch 1 / 7 - measures partial microavg - precision 1.0000 - recall 1.0000 - f1 1.0000 
INFO:root:TEST batch 1 / 7 - measures partial for class 0 - precision 0.0000 - recall 0.0000 - f1 0.0000 
INFO:root:TEST batch 1 / 7 - measures partial for class 1 - precision 1.0000 - recall 1.0000 - f1 1.0000 
INFO:root:TEST batch 1 / 7 - Batch time 0 
INFO:root:TEST batch 2 / 7 - partial error 0.0106 - partial loss 8.3912 - partial MRR  0.0000 - partial MAP 0.9894
INFO:root:TEST batch 2 / 7 -  partial tp {0: tensor(0), 1: tensor(46)},fn {0: tensor(1), 1: tensor(0)},fp {0: tensor(0), 1: tensor(1)}
INFO:root:TEST batch 2 / 7 - measures partial microavg - precision 0.9787 - recall 0.9787 - f1 0.9787 
INFO:root:TEST batch 2 / 7 - measures partial for class 0 - precision 0.0000 - recall 0.0000 - f1 0.0000 
INFO:root:TEST batch 2 / 7 - measures partial for class 1 - precision 0.9787 - recall 1.0000 - f1 0.9892 
INFO:root:TEST batch 2 / 7 - Batch time 0 
INFO:root:TEST batch 3 / 7 - partial error 0.0071 - partial loss 5.5941 - partial MRR  0.0000 - partial MAP 0.9929
INFO:root:TEST batch 3 / 7 -  partial tp {0: tensor(0), 1: tensor(47)},fn {0: tensor(0), 1: tensor(0)},fp {0: tensor(0), 1: tensor(0)}
INFO:root:TEST batch 3 / 7 - measures partial microavg - precision 1.0000 - recall 1.0000 - f1 1.0000 
INFO:root:TEST batch 3 / 7 - measures partial for class 0 - precision 0.0000 - recall 0.0000 - f1 0.0000 
INFO:root:TEST batch 3 / 7 - measures partial for class 1 - precision 1.0000 - recall 1.0000 - f1 1.0000 
INFO:root:TEST batch 3 / 7 - Batch time 0 
INFO:root:TEST batch 4 / 7 - partial error 0.0053 - partial loss 4.1956 - partial MRR  0.0000 - partial MAP 0.9947
INFO:root:TEST batch 4 / 7 -  partial tp {0: tensor(0), 1: tensor(47)},fn {0: tensor(0), 1: tensor(0)},fp {0: tensor(0), 1: tensor(0)}
INFO:root:TEST batch 4 / 7 - measures partial microavg - precision 1.0000 - recall 1.0000 - f1 1.0000 
INFO:root:TEST batch 4 / 7 - measures partial for class 0 - precision 0.0000 - recall 0.0000 - f1 0.0000 
INFO:root:TEST batch 4 / 7 - measures partial for class 1 - precision 1.0000 - recall 1.0000 - f1 1.0000 
INFO:root:TEST batch 4 / 7 - Batch time 0 
INFO:root:TEST batch 5 / 7 - partial error 0.0043 - partial loss 3.3565 - partial MRR  0.0000 - partial MAP 0.9957
INFO:root:TEST batch 5 / 7 -  partial tp {0: tensor(0), 1: tensor(47)},fn {0: tensor(0), 1: tensor(0)},fp {0: tensor(0), 1: tensor(0)}
INFO:root:TEST batch 5 / 7 - measures partial microavg - precision 1.0000 - recall 1.0000 - f1 1.0000 
INFO:root:TEST batch 5 / 7 - measures partial for class 0 - precision 0.0000 - recall 0.0000 - f1 0.0000 
INFO:root:TEST batch 5 / 7 - measures partial for class 1 - precision 1.0000 - recall 1.0000 - f1 1.0000 
INFO:root:TEST batch 5 / 7 - Batch time 0 
INFO:root:TEST batch 6 / 7 - partial error 0.0035 - partial loss 2.7971 - partial MRR  0.0000 - partial MAP 0.9965
INFO:root:TEST batch 6 / 7 -  partial tp {0: tensor(0), 1: tensor(47)},fn {0: tensor(0), 1: tensor(0)},fp {0: tensor(0), 1: tensor(0)}
INFO:root:TEST batch 6 / 7 - measures partial microavg - precision 1.0000 - recall 1.0000 - f1 1.0000 
INFO:root:TEST batch 6 / 7 - measures partial for class 0 - precision 0.0000 - recall 0.0000 - f1 0.0000 
INFO:root:TEST batch 6 / 7 - measures partial for class 1 - precision 1.0000 - recall 1.0000 - f1 1.0000 
INFO:root:TEST batch 6 / 7 - Batch time 0 
INFO:root:TEST batch 7 / 7 - partial error 0.0030 - partial loss 2.3975 - partial MRR  0.0000 - partial MAP 0.9970
INFO:root:TEST batch 7 / 7 -  partial tp {0: tensor(0), 1: tensor(47)},fn {0: tensor(0), 1: tensor(0)},fp {0: tensor(0), 1: tensor(0)}
INFO:root:TEST batch 7 / 7 - measures partial microavg - precision 1.0000 - recall 1.0000 - f1 1.0000 
INFO:root:TEST batch 7 / 7 - measures partial for class 0 - precision 0.0000 - recall 0.0000 - f1 0.0000 
INFO:root:TEST batch 7 / 7 - measures partial for class 1 - precision 1.0000 - recall 1.0000 - f1 1.0000 
INFO:root:TEST batch 7 / 7 - Batch time 0 
INFO:root:TEST mean losses tensor(2.3975)
INFO:root:TEST mean errors 0.0030395134817808867
INFO:root:TEST mean MRR 0.0 - mean MAP 0.996960461139679
INFO:root:TEST tp {0: tensor(0), 1: tensor(328)},fn {0: tensor(1), 1: tensor(0)},fp {0: tensor(0), 1: tensor(1)}
INFO:root:TEST measures microavg - precision 0.9970 - recall 0.9970 - f1 0.9970 
INFO:root:TEST measures for class 0 - precision 0.0000 - recall 0.0000 - f1 0.0000 
INFO:root:TEST measures for class 1 - precision 0.9970 - recall 1.0000 - f1 0.9985 
INFO:root:TEST measures@10 microavg - precision 1.0000 - recall 0.2128 - f1 0.3509 
INFO:root:TEST measures@10 for class 0 - precision 0.0000 - recall 0.0000 - f1 0.0000 
INFO:root:TEST measures@10 for class 1 - precision 1.0000 - recall 0.2134 - f1 0.3518 
INFO:root:TEST measures@100 microavg - precision 0.9970 - recall 0.9970 - f1 0.9970 
INFO:root:TEST measures@100 for class 0 - precision 0.0000 - recall 0.0000 - f1 0.0000 
INFO:root:TEST measures@100 for class 1 - precision 0.9970 - recall 1.0000 - f1 0.9985 
INFO:root:TEST measures@1000 microavg - precision 0.9970 - recall 0.9970 - f1 0.9970 
INFO:root:TEST measures@1000 for class 0 - precision 0.0000 - recall 0.0000 - f1 0.0000 
INFO:root:TEST measures@1000 for class 1 - precision 0.9970 - recall 1.0000 - f1 0.9985 
INFO:root:TEST Total epoch time: 0.1711376900002506
INFO:root:################ TRAIN epoch 106 ###################
INFO:root:TRAIN mean losses tensor(0.)
INFO:root:TRAIN mean errors 0.0
INFO:root:TRAIN mean MRR 0.0 - mean MAP 1.0
INFO:root:TRAIN tp {0: tensor(0), 1: tensor(1410)},fn {0: tensor(0), 1: tensor(0)},fp {0: tensor(0), 1: tensor(0)}
INFO:root:TRAIN measures microavg - precision 1.0000 - recall 1.0000 - f1 1.0000 
INFO:root:TRAIN measures for class 0 - precision 0.0000 - recall 0.0000 - f1 0.0000 
INFO:root:TRAIN measures for class 1 - precision 1.0000 - recall 1.0000 - f1 1.0000 
INFO:root:TRAIN measures@10 microavg - precision 1.0000 - recall 0.2128 - f1 0.3509 
INFO:root:TRAIN measures@10 for class 0 - precision 0.0000 - recall 0.0000 - f1 0.0000 
INFO:root:TRAIN measures@10 for class 1 - precision 1.0000 - recall 0.2128 - f1 0.3509 
INFO:root:TRAIN measures@100 microavg - precision 1.0000 - recall 1.0000 - f1 1.0000 
INFO:root:TRAIN measures@100 for class 0 - precision 0.0000 - recall 0.0000 - f1 0.0000 
INFO:root:TRAIN measures@100 for class 1 - precision 1.0000 - recall 1.0000 - f1 1.0000 
INFO:root:TRAIN measures@1000 microavg - precision 1.0000 - recall 1.0000 - f1 1.0000 
INFO:root:TRAIN measures@1000 for class 0 - precision 0.0000 - recall 0.0000 - f1 0.0000 
INFO:root:TRAIN measures@1000 for class 1 - precision 1.0000 - recall 1.0000 - f1 1.0000 
INFO:root:TRAIN Total epoch time: 1.1362874300002659
INFO:root:################ VALID epoch 106 ###################
INFO:root:VALID mean losses tensor(0.)
INFO:root:VALID mean errors 0.0
INFO:root:VALID mean MRR 0.0 - mean MAP 1.0
INFO:root:VALID tp {0: tensor(0), 1: tensor(282)},fn {0: tensor(0), 1: tensor(0)},fp {0: tensor(0), 1: tensor(0)}
INFO:root:VALID measures microavg - precision 1.0000 - recall 1.0000 - f1 1.0000 
INFO:root:VALID measures for class 0 - precision 0.0000 - recall 0.0000 - f1 0.0000 
INFO:root:VALID measures for class 1 - precision 1.0000 - recall 1.0000 - f1 1.0000 
INFO:root:VALID measures@10 microavg - precision 1.0000 - recall 0.2128 - f1 0.3509 
INFO:root:VALID measures@10 for class 0 - precision 0.0000 - recall 0.0000 - f1 0.0000 
INFO:root:VALID measures@10 for class 1 - precision 1.0000 - recall 0.2128 - f1 0.3509 
INFO:root:VALID measures@100 microavg - precision 1.0000 - recall 1.0000 - f1 1.0000 
INFO:root:VALID measures@100 for class 0 - precision 0.0000 - recall 0.0000 - f1 0.0000 
INFO:root:VALID measures@100 for class 1 - precision 1.0000 - recall 1.0000 - f1 1.0000 
INFO:root:VALID measures@1000 microavg - precision 1.0000 - recall 1.0000 - f1 1.0000 
INFO:root:VALID measures@1000 for class 0 - precision 0.0000 - recall 0.0000 - f1 0.0000 
INFO:root:VALID measures@1000 for class 1 - precision 1.0000 - recall 1.0000 - f1 1.0000 
INFO:root:VALID Total epoch time: 0.12400704099991344
INFO:root:################ TEST epoch 106 ###################
INFO:root:TEST batch 1 / 7 - partial error 0.0000 - partial loss 0.0000 - partial MRR  0.0000 - partial MAP 1.0000
INFO:root:TEST batch 1 / 7 -  partial tp {0: tensor(0), 1: tensor(47)},fn {0: tensor(0), 1: tensor(0)},fp {0: tensor(0), 1: tensor(0)}
INFO:root:TEST batch 1 / 7 - measures partial microavg - precision 1.0000 - recall 1.0000 - f1 1.0000 
INFO:root:TEST batch 1 / 7 - measures partial for class 0 - precision 0.0000 - recall 0.0000 - f1 0.0000 
INFO:root:TEST batch 1 / 7 - measures partial for class 1 - precision 1.0000 - recall 1.0000 - f1 1.0000 
INFO:root:TEST batch 1 / 7 - Batch time 0 
INFO:root:TEST batch 2 / 7 - partial error 0.0106 - partial loss 8.7437 - partial MRR  0.0000 - partial MAP 0.9894
INFO:root:TEST batch 2 / 7 -  partial tp {0: tensor(0), 1: tensor(46)},fn {0: tensor(1), 1: tensor(0)},fp {0: tensor(0), 1: tensor(1)}
INFO:root:TEST batch 2 / 7 - measures partial microavg - precision 0.9787 - recall 0.9787 - f1 0.9787 
INFO:root:TEST batch 2 / 7 - measures partial for class 0 - precision 0.0000 - recall 0.0000 - f1 0.0000 
INFO:root:TEST batch 2 / 7 - measures partial for class 1 - precision 0.9787 - recall 1.0000 - f1 0.9892 
INFO:root:TEST batch 2 / 7 - Batch time 0 
INFO:root:TEST batch 3 / 7 - partial error 0.0071 - partial loss 5.8291 - partial MRR  0.0000 - partial MAP 0.9929
INFO:root:TEST batch 3 / 7 -  partial tp {0: tensor(0), 1: tensor(47)},fn {0: tensor(0), 1: tensor(0)},fp {0: tensor(0), 1: tensor(0)}
INFO:root:TEST batch 3 / 7 - measures partial microavg - precision 1.0000 - recall 1.0000 - f1 1.0000 
INFO:root:TEST batch 3 / 7 - measures partial for class 0 - precision 0.0000 - recall 0.0000 - f1 0.0000 
INFO:root:TEST batch 3 / 7 - measures partial for class 1 - precision 1.0000 - recall 1.0000 - f1 1.0000 
INFO:root:TEST batch 3 / 7 - Batch time 0 
INFO:root:TEST batch 4 / 7 - partial error 0.0053 - partial loss 4.3719 - partial MRR  0.0000 - partial MAP 0.9947
INFO:root:TEST batch 4 / 7 -  partial tp {0: tensor(0), 1: tensor(47)},fn {0: tensor(0), 1: tensor(0)},fp {0: tensor(0), 1: tensor(0)}
INFO:root:TEST batch 4 / 7 - measures partial microavg - precision 1.0000 - recall 1.0000 - f1 1.0000 
INFO:root:TEST batch 4 / 7 - measures partial for class 0 - precision 0.0000 - recall 0.0000 - f1 0.0000 
INFO:root:TEST batch 4 / 7 - measures partial for class 1 - precision 1.0000 - recall 1.0000 - f1 1.0000 
INFO:root:TEST batch 4 / 7 - Batch time 0 
INFO:root:TEST batch 5 / 7 - partial error 0.0043 - partial loss 3.4975 - partial MRR  0.0000 - partial MAP 0.9957
INFO:root:TEST batch 5 / 7 -  partial tp {0: tensor(0), 1: tensor(47)},fn {0: tensor(0), 1: tensor(0)},fp {0: tensor(0), 1: tensor(0)}
INFO:root:TEST batch 5 / 7 - measures partial microavg - precision 1.0000 - recall 1.0000 - f1 1.0000 
INFO:root:TEST batch 5 / 7 - measures partial for class 0 - precision 0.0000 - recall 0.0000 - f1 0.0000 
INFO:root:TEST batch 5 / 7 - measures partial for class 1 - precision 1.0000 - recall 1.0000 - f1 1.0000 
INFO:root:TEST batch 5 / 7 - Batch time 0 
INFO:root:TEST batch 6 / 7 - partial error 0.0035 - partial loss 2.9146 - partial MRR  0.0000 - partial MAP 0.9965
INFO:root:TEST batch 6 / 7 -  partial tp {0: tensor(0), 1: tensor(47)},fn {0: tensor(0), 1: tensor(0)},fp {0: tensor(0), 1: tensor(0)}
INFO:root:TEST batch 6 / 7 - measures partial microavg - precision 1.0000 - recall 1.0000 - f1 1.0000 
INFO:root:TEST batch 6 / 7 - measures partial for class 0 - precision 0.0000 - recall 0.0000 - f1 0.0000 
INFO:root:TEST batch 6 / 7 - measures partial for class 1 - precision 1.0000 - recall 1.0000 - f1 1.0000 
INFO:root:TEST batch 6 / 7 - Batch time 0 
INFO:root:TEST batch 7 / 7 - partial error 0.0030 - partial loss 2.4982 - partial MRR  0.0000 - partial MAP 0.9970
INFO:root:TEST batch 7 / 7 -  partial tp {0: tensor(0), 1: tensor(47)},fn {0: tensor(0), 1: tensor(0)},fp {0: tensor(0), 1: tensor(0)}
INFO:root:TEST batch 7 / 7 - measures partial microavg - precision 1.0000 - recall 1.0000 - f1 1.0000 
INFO:root:TEST batch 7 / 7 - measures partial for class 0 - precision 0.0000 - recall 0.0000 - f1 0.0000 
INFO:root:TEST batch 7 / 7 - measures partial for class 1 - precision 1.0000 - recall 1.0000 - f1 1.0000 
INFO:root:TEST batch 7 / 7 - Batch time 0 
INFO:root:TEST mean losses tensor(2.4982)
INFO:root:TEST mean errors 0.0030395134817808867
INFO:root:TEST mean MRR 0.0 - mean MAP 0.996960461139679
INFO:root:TEST tp {0: tensor(0), 1: tensor(328)},fn {0: tensor(1), 1: tensor(0)},fp {0: tensor(0), 1: tensor(1)}
INFO:root:TEST measures microavg - precision 0.9970 - recall 0.9970 - f1 0.9970 
INFO:root:TEST measures for class 0 - precision 0.0000 - recall 0.0000 - f1 0.0000 
INFO:root:TEST measures for class 1 - precision 0.9970 - recall 1.0000 - f1 0.9985 
INFO:root:TEST measures@10 microavg - precision 1.0000 - recall 0.2128 - f1 0.3509 
INFO:root:TEST measures@10 for class 0 - precision 0.0000 - recall 0.0000 - f1 0.0000 
INFO:root:TEST measures@10 for class 1 - precision 1.0000 - recall 0.2134 - f1 0.3518 
INFO:root:TEST measures@100 microavg - precision 0.9970 - recall 0.9970 - f1 0.9970 
INFO:root:TEST measures@100 for class 0 - precision 0.0000 - recall 0.0000 - f1 0.0000 
INFO:root:TEST measures@100 for class 1 - precision 0.9970 - recall 1.0000 - f1 0.9985 
INFO:root:TEST measures@1000 microavg - precision 0.9970 - recall 0.9970 - f1 0.9970 
INFO:root:TEST measures@1000 for class 0 - precision 0.0000 - recall 0.0000 - f1 0.0000 
INFO:root:TEST measures@1000 for class 1 - precision 0.9970 - recall 1.0000 - f1 0.9985 
INFO:root:TEST Total epoch time: 0.1566745200002515
INFO:root:################ TRAIN epoch 107 ###################
INFO:root:TRAIN mean losses tensor(0.)
INFO:root:TRAIN mean errors 0.0
INFO:root:TRAIN mean MRR 0.0 - mean MAP 1.0
INFO:root:TRAIN tp {0: tensor(0), 1: tensor(1410)},fn {0: tensor(0), 1: tensor(0)},fp {0: tensor(0), 1: tensor(0)}
INFO:root:TRAIN measures microavg - precision 1.0000 - recall 1.0000 - f1 1.0000 
INFO:root:TRAIN measures for class 0 - precision 0.0000 - recall 0.0000 - f1 0.0000 
INFO:root:TRAIN measures for class 1 - precision 1.0000 - recall 1.0000 - f1 1.0000 
INFO:root:TRAIN measures@10 microavg - precision 1.0000 - recall 0.2128 - f1 0.3509 
INFO:root:TRAIN measures@10 for class 0 - precision 0.0000 - recall 0.0000 - f1 0.0000 
INFO:root:TRAIN measures@10 for class 1 - precision 1.0000 - recall 0.2128 - f1 0.3509 
INFO:root:TRAIN measures@100 microavg - precision 1.0000 - recall 1.0000 - f1 1.0000 
INFO:root:TRAIN measures@100 for class 0 - precision 0.0000 - recall 0.0000 - f1 0.0000 
INFO:root:TRAIN measures@100 for class 1 - precision 1.0000 - recall 1.0000 - f1 1.0000 
INFO:root:TRAIN measures@1000 microavg - precision 1.0000 - recall 1.0000 - f1 1.0000 
INFO:root:TRAIN measures@1000 for class 0 - precision 0.0000 - recall 0.0000 - f1 0.0000 
INFO:root:TRAIN measures@1000 for class 1 - precision 1.0000 - recall 1.0000 - f1 1.0000 
INFO:root:TRAIN Total epoch time: 1.1151472780002223
INFO:root:################ VALID epoch 107 ###################
INFO:root:VALID mean losses tensor(0.)
INFO:root:VALID mean errors 0.0
INFO:root:VALID mean MRR 0.0 - mean MAP 1.0
INFO:root:VALID tp {0: tensor(0), 1: tensor(282)},fn {0: tensor(0), 1: tensor(0)},fp {0: tensor(0), 1: tensor(0)}
INFO:root:VALID measures microavg - precision 1.0000 - recall 1.0000 - f1 1.0000 
INFO:root:VALID measures for class 0 - precision 0.0000 - recall 0.0000 - f1 0.0000 
INFO:root:VALID measures for class 1 - precision 1.0000 - recall 1.0000 - f1 1.0000 
INFO:root:VALID measures@10 microavg - precision 1.0000 - recall 0.2128 - f1 0.3509 
INFO:root:VALID measures@10 for class 0 - precision 0.0000 - recall 0.0000 - f1 0.0000 
INFO:root:VALID measures@10 for class 1 - precision 1.0000 - recall 0.2128 - f1 0.3509 
INFO:root:VALID measures@100 microavg - precision 1.0000 - recall 1.0000 - f1 1.0000 
INFO:root:VALID measures@100 for class 0 - precision 0.0000 - recall 0.0000 - f1 0.0000 
INFO:root:VALID measures@100 for class 1 - precision 1.0000 - recall 1.0000 - f1 1.0000 
INFO:root:VALID measures@1000 microavg - precision 1.0000 - recall 1.0000 - f1 1.0000 
INFO:root:VALID measures@1000 for class 0 - precision 0.0000 - recall 0.0000 - f1 0.0000 
INFO:root:VALID measures@1000 for class 1 - precision 1.0000 - recall 1.0000 - f1 1.0000 
INFO:root:VALID Total epoch time: 0.12485257899970748
