INFO:root:*** PARAMETERS ***
INFO:root:{'adj_mat_time_window': 1,
 'adj_mat_time_window_max': 10,
 'adj_mat_time_window_min': 1,
 'class_weights': [1.0, 10.0],
 'comments': ['comments'],
 'data': 'sp',
 'data_loading_params': {'batch_size': 1, 'num_workers': 0},
 'dev_proportion': 0.125,
 'device': 'cpu',
 'early_stop_patience': 100,
 'eval_after_epochs': 5,
 'gcn_parameters': {'cls_feats': 306,
                    'cls_feats_max': 420,
                    'cls_feats_min': 60,
                    'feats_per_node': 30,
                    'feats_per_node_max': 187,
                    'feats_per_node_min': 18,
                    'k_top_grcu': 200,
                    'layer_1_feats': 46,
                    'layer_1_feats_max': 300,
                    'layer_1_feats_min': 18,
                    'layer_2_feats': 46,
                    'layer_2_feats_same_as_l1': True,
                    'lstm_l1_feats': 75,
                    'lstm_l1_feats_max': 300,
                    'lstm_l1_feats_min': 30,
                    'lstm_l1_layers': 1,
                    'lstm_l2_feats': 75,
                    'lstm_l2_feats_same_as_l1': True,
                    'lstm_l2_layers': 1,
                    'num_layers': 2},
 'learning_rate': 0.001,
 'learning_rate_max': 0.02,
 'learning_rate_min': 0.001,
 'model': 'egcn_h',
 'negative_mult_test': 100,
 'negative_mult_training': 20,
 'num_epochs': 2000,
 'num_hist_steps': 5,
 'num_hist_steps_max': 21,
 'num_hist_steps_min': 3,
 'rank': 0,
 'save_node_embeddings': False,
 'seed': 1234,
 'smart_neg_sampling': False,
 'sp_args': <utils.Namespace object at 0x7fc643250550>,
 'steps_accum_gradients': 1,
 'target_class': 1,
 'target_measure': 'F1',
 'task': 'node_cls',
 'train_proportion': 0.75,
 'use_1_hot_node_feats': False,
 'use_2_hot_node_feats': False,
 'use_cuda': False,
 'use_logfile': True,
 'wsize': 1}
INFO:root:
INFO:root:################ TRAIN epoch 0 ###################
INFO:root:TRAIN mean losses tensor(1.4087)
INFO:root:TRAIN mean errors 0.06481481343507767
INFO:root:TRAIN mean MRR 0.0 - mean MAP 0.9629706144332886
INFO:root:TRAIN tp {0: tensor(3), 1: tensor(5552)},fn {0: tensor(287), 1: tensor(98)},fp {0: tensor(98), 1: tensor(287)}
INFO:root:TRAIN measures microavg - precision 0.9352 - recall 0.9352 - f1 0.9352 
INFO:root:TRAIN measures for class 0 - precision 0.0297 - recall 0.0103 - f1 0.0153 
INFO:root:TRAIN measures for class 1 - precision 0.9508 - recall 0.9827 - f1 0.9665 
INFO:root:TRAIN measures@10 microavg - precision 0.9967 - recall 0.0503 - f1 0.0958 
INFO:root:TRAIN measures@10 for class 0 - precision 0.0000 - recall 0.0000 - f1 0.0000 
INFO:root:TRAIN measures@10 for class 1 - precision 0.9967 - recall 0.0529 - f1 0.1005 
INFO:root:TRAIN measures@100 microavg - precision 0.9760 - recall 0.4929 - f1 0.6550 
INFO:root:TRAIN measures@100 for class 0 - precision 0.0000 - recall 0.0000 - f1 0.0000 
INFO:root:TRAIN measures@100 for class 1 - precision 0.9760 - recall 0.5182 - f1 0.6770 
INFO:root:TRAIN measures@1000 microavg - precision 0.9512 - recall 0.9512 - f1 0.9512 
INFO:root:TRAIN measures@1000 for class 0 - precision 0.0000 - recall 0.0000 - f1 0.0000 
INFO:root:TRAIN measures@1000 for class 1 - precision 0.9512 - recall 1.0000 - f1 0.9750 
INFO:root:TRAIN Total epoch time: 0.7968362439996781
INFO:root:################ TRAIN epoch 1 ###################
INFO:root:TRAIN mean losses tensor(0.5533)
INFO:root:TRAIN mean errors 0.05016835033893585
INFO:root:TRAIN mean MRR 0.0 - mean MAP 0.9721484780311584
INFO:root:TRAIN tp {0: tensor(0), 1: tensor(5642)},fn {0: tensor(290), 1: tensor(8)},fp {0: tensor(8), 1: tensor(290)}
INFO:root:TRAIN measures microavg - precision 0.9498 - recall 0.9498 - f1 0.9498 
INFO:root:TRAIN measures for class 0 - precision 0.0000 - recall 0.0000 - f1 0.0000 
INFO:root:TRAIN measures for class 1 - precision 0.9511 - recall 0.9986 - f1 0.9743 
INFO:root:TRAIN measures@10 microavg - precision 0.9967 - recall 0.0503 - f1 0.0958 
INFO:root:TRAIN measures@10 for class 0 - precision 0.0000 - recall 0.0000 - f1 0.0000 
INFO:root:TRAIN measures@10 for class 1 - precision 0.9967 - recall 0.0529 - f1 0.1005 
INFO:root:TRAIN measures@100 microavg - precision 0.9763 - recall 0.4931 - f1 0.6553 
INFO:root:TRAIN measures@100 for class 0 - precision 0.0000 - recall 0.0000 - f1 0.0000 
INFO:root:TRAIN measures@100 for class 1 - precision 0.9763 - recall 0.5184 - f1 0.6772 
INFO:root:TRAIN measures@1000 microavg - precision 0.9512 - recall 0.9512 - f1 0.9512 
INFO:root:TRAIN measures@1000 for class 0 - precision 0.0000 - recall 0.0000 - f1 0.0000 
INFO:root:TRAIN measures@1000 for class 1 - precision 0.9512 - recall 1.0000 - f1 0.9750 
INFO:root:TRAIN Total epoch time: 0.8307648479999443
INFO:root:################ TRAIN epoch 2 ###################
INFO:root:TRAIN mean losses tensor(0.3923)
INFO:root:TRAIN mean errors 0.04932659864425659
INFO:root:TRAIN mean MRR 0.0 - mean MAP 0.9726924300193787
INFO:root:TRAIN tp {0: tensor(0), 1: tensor(5647)},fn {0: tensor(290), 1: tensor(3)},fp {0: tensor(3), 1: tensor(290)}
INFO:root:TRAIN measures microavg - precision 0.9507 - recall 0.9507 - f1 0.9507 
INFO:root:TRAIN measures for class 0 - precision 0.0000 - recall 0.0000 - f1 0.0000 
INFO:root:TRAIN measures for class 1 - precision 0.9512 - recall 0.9995 - f1 0.9747 
INFO:root:TRAIN measures@10 microavg - precision 0.9933 - recall 0.0502 - f1 0.0955 
INFO:root:TRAIN measures@10 for class 0 - precision 0.0000 - recall 0.0000 - f1 0.0000 
INFO:root:TRAIN measures@10 for class 1 - precision 0.9933 - recall 0.0527 - f1 0.1002 
INFO:root:TRAIN measures@100 microavg - precision 0.9740 - recall 0.4919 - f1 0.6537 
INFO:root:TRAIN measures@100 for class 0 - precision 0.0000 - recall 0.0000 - f1 0.0000 
INFO:root:TRAIN measures@100 for class 1 - precision 0.9740 - recall 0.5172 - f1 0.6756 
INFO:root:TRAIN measures@1000 microavg - precision 0.9512 - recall 0.9512 - f1 0.9512 
INFO:root:TRAIN measures@1000 for class 0 - precision 0.0000 - recall 0.0000 - f1 0.0000 
INFO:root:TRAIN measures@1000 for class 1 - precision 0.9512 - recall 1.0000 - f1 0.9750 
INFO:root:TRAIN Total epoch time: 1.8836766199997328
INFO:root:################ TRAIN epoch 3 ###################
INFO:root:TRAIN mean losses tensor(0.3527)
INFO:root:TRAIN mean errors 0.04898989945650101
INFO:root:TRAIN mean MRR 0.0 - mean MAP 0.973662257194519
INFO:root:TRAIN tp {0: tensor(0), 1: tensor(5649)},fn {0: tensor(290), 1: tensor(1)},fp {0: tensor(1), 1: tensor(290)}
INFO:root:TRAIN measures microavg - precision 0.9510 - recall 0.9510 - f1 0.9510 
INFO:root:TRAIN measures for class 0 - precision 0.0000 - recall 0.0000 - f1 0.0000 
INFO:root:TRAIN measures for class 1 - precision 0.9512 - recall 0.9998 - f1 0.9749 
INFO:root:TRAIN measures@10 microavg - precision 0.9933 - recall 0.0502 - f1 0.0955 
INFO:root:TRAIN measures@10 for class 0 - precision 0.0000 - recall 0.0000 - f1 0.0000 
INFO:root:TRAIN measures@10 for class 1 - precision 0.9933 - recall 0.0527 - f1 0.1002 
INFO:root:TRAIN measures@100 microavg - precision 0.9773 - recall 0.4936 - f1 0.6559 
INFO:root:TRAIN measures@100 for class 0 - precision 0.0000 - recall 0.0000 - f1 0.0000 
INFO:root:TRAIN measures@100 for class 1 - precision 0.9773 - recall 0.5189 - f1 0.6779 
INFO:root:TRAIN measures@1000 microavg - precision 0.9512 - recall 0.9512 - f1 0.9512 
INFO:root:TRAIN measures@1000 for class 0 - precision 0.0000 - recall 0.0000 - f1 0.0000 
INFO:root:TRAIN measures@1000 for class 1 - precision 0.9512 - recall 1.0000 - f1 0.9750 
INFO:root:TRAIN Total epoch time: 2.4715974219998316
INFO:root:################ TRAIN epoch 4 ###################
INFO:root:TRAIN mean losses tensor(0.3165)
INFO:root:TRAIN mean errors 0.048821549862623215
INFO:root:TRAIN mean MRR 0.0 - mean MAP 0.9763798713684082
INFO:root:TRAIN tp {0: tensor(0), 1: tensor(5650)},fn {0: tensor(290), 1: tensor(0)},fp {0: tensor(0), 1: tensor(290)}
INFO:root:TRAIN measures microavg - precision 0.9512 - recall 0.9512 - f1 0.9512 
INFO:root:TRAIN measures for class 0 - precision 0.0000 - recall 0.0000 - f1 0.0000 
INFO:root:TRAIN measures for class 1 - precision 0.9512 - recall 1.0000 - f1 0.9750 
INFO:root:TRAIN measures@10 microavg - precision 0.9933 - recall 0.0502 - f1 0.0955 
INFO:root:TRAIN measures@10 for class 0 - precision 0.0000 - recall 0.0000 - f1 0.0000 
INFO:root:TRAIN measures@10 for class 1 - precision 0.9933 - recall 0.0527 - f1 0.1002 
INFO:root:TRAIN measures@100 microavg - precision 0.9747 - recall 0.4923 - f1 0.6541 
INFO:root:TRAIN measures@100 for class 0 - precision 0.0000 - recall 0.0000 - f1 0.0000 
INFO:root:TRAIN measures@100 for class 1 - precision 0.9747 - recall 0.5175 - f1 0.6761 
INFO:root:TRAIN measures@1000 microavg - precision 0.9512 - recall 0.9512 - f1 0.9512 
INFO:root:TRAIN measures@1000 for class 0 - precision 0.0000 - recall 0.0000 - f1 0.0000 
INFO:root:TRAIN measures@1000 for class 1 - precision 0.9512 - recall 1.0000 - f1 0.9750 
INFO:root:TRAIN Total epoch time: 2.51516447899985
INFO:root:################ TRAIN epoch 5 ###################
INFO:root:TRAIN mean losses tensor(0.3077)
INFO:root:TRAIN mean errors 0.048821549862623215
INFO:root:TRAIN mean MRR 0.0 - mean MAP 0.9766019582748413
INFO:root:TRAIN tp {0: tensor(0), 1: tensor(5650)},fn {0: tensor(290), 1: tensor(0)},fp {0: tensor(0), 1: tensor(290)}
INFO:root:TRAIN measures microavg - precision 0.9512 - recall 0.9512 - f1 0.9512 
INFO:root:TRAIN measures for class 0 - precision 0.0000 - recall 0.0000 - f1 0.0000 
INFO:root:TRAIN measures for class 1 - precision 0.9512 - recall 1.0000 - f1 0.9750 
INFO:root:TRAIN measures@10 microavg - precision 0.9933 - recall 0.0502 - f1 0.0955 
INFO:root:TRAIN measures@10 for class 0 - precision 0.0000 - recall 0.0000 - f1 0.0000 
INFO:root:TRAIN measures@10 for class 1 - precision 0.9933 - recall 0.0527 - f1 0.1002 
INFO:root:TRAIN measures@100 microavg - precision 0.9763 - recall 0.4931 - f1 0.6553 
INFO:root:TRAIN measures@100 for class 0 - precision 0.0000 - recall 0.0000 - f1 0.0000 
INFO:root:TRAIN measures@100 for class 1 - precision 0.9763 - recall 0.5184 - f1 0.6772 
INFO:root:TRAIN measures@1000 microavg - precision 0.9512 - recall 0.9512 - f1 0.9512 
INFO:root:TRAIN measures@1000 for class 0 - precision 0.0000 - recall 0.0000 - f1 0.0000 
INFO:root:TRAIN measures@1000 for class 1 - precision 0.9512 - recall 1.0000 - f1 0.9750 
INFO:root:TRAIN Total epoch time: 2.453974247000133
INFO:root:################ TRAIN epoch 6 ###################
INFO:root:TRAIN mean losses tensor(0.3066)
INFO:root:TRAIN mean errors 0.048821549862623215
INFO:root:TRAIN mean MRR 0.0 - mean MAP 0.9786871075630188
INFO:root:TRAIN tp {0: tensor(0), 1: tensor(5650)},fn {0: tensor(290), 1: tensor(0)},fp {0: tensor(0), 1: tensor(290)}
INFO:root:TRAIN measures microavg - precision 0.9512 - recall 0.9512 - f1 0.9512 
INFO:root:TRAIN measures for class 0 - precision 0.0000 - recall 0.0000 - f1 0.0000 
INFO:root:TRAIN measures for class 1 - precision 0.9512 - recall 1.0000 - f1 0.9750 
INFO:root:TRAIN measures@10 microavg - precision 0.9867 - recall 0.0498 - f1 0.0949 
INFO:root:TRAIN measures@10 for class 0 - precision 0.0000 - recall 0.0000 - f1 0.0000 
INFO:root:TRAIN measures@10 for class 1 - precision 0.9867 - recall 0.0524 - f1 0.0995 
INFO:root:TRAIN measures@100 microavg - precision 0.9750 - recall 0.4924 - f1 0.6544 
INFO:root:TRAIN measures@100 for class 0 - precision 0.0000 - recall 0.0000 - f1 0.0000 
INFO:root:TRAIN measures@100 for class 1 - precision 0.9750 - recall 0.5177 - f1 0.6763 
INFO:root:TRAIN measures@1000 microavg - precision 0.9512 - recall 0.9512 - f1 0.9512 
INFO:root:TRAIN measures@1000 for class 0 - precision 0.0000 - recall 0.0000 - f1 0.0000 
INFO:root:TRAIN measures@1000 for class 1 - precision 0.9512 - recall 1.0000 - f1 0.9750 
INFO:root:TRAIN Total epoch time: 2.4429313229998115
INFO:root:################ VALID epoch 6 ###################
INFO:root:VALID mean losses tensor(0.2852)
INFO:root:VALID mean errors 0.046296294778585434
INFO:root:VALID mean MRR 0.0 - mean MAP 0.9793562293052673
INFO:root:VALID tp {0: tensor(0), 1: tensor(1133)},fn {0: tensor(55), 1: tensor(0)},fp {0: tensor(0), 1: tensor(55)}
INFO:root:VALID measures microavg - precision 0.9537 - recall 0.9537 - f1 0.9537 
INFO:root:VALID measures for class 0 - precision 0.0000 - recall 0.0000 - f1 0.0000 
INFO:root:VALID measures for class 1 - precision 0.9537 - recall 1.0000 - f1 0.9763 
INFO:root:VALID measures@10 microavg - precision 0.9667 - recall 0.0488 - f1 0.0929 
INFO:root:VALID measures@10 for class 0 - precision 0.0000 - recall 0.0000 - f1 0.0000 
INFO:root:VALID measures@10 for class 1 - precision 0.9667 - recall 0.0512 - f1 0.0972 
INFO:root:VALID measures@100 microavg - precision 0.9817 - recall 0.4958 - f1 0.6588 
INFO:root:VALID measures@100 for class 0 - precision 0.0000 - recall 0.0000 - f1 0.0000 
INFO:root:VALID measures@100 for class 1 - precision 0.9817 - recall 0.5199 - f1 0.6797 
INFO:root:VALID measures@1000 microavg - precision 0.9537 - recall 0.9537 - f1 0.9537 
INFO:root:VALID measures@1000 for class 0 - precision 0.0000 - recall 0.0000 - f1 0.0000 
INFO:root:VALID measures@1000 for class 1 - precision 0.9537 - recall 1.0000 - f1 0.9763 
INFO:root:VALID Total epoch time: 0.22061196000004202
INFO:root:################ TEST epoch 6 ###################
INFO:root:TEST batch 1 / 7 - partial error 0.0455 - partial loss 0.3127 - partial MRR  0.0000 - partial MAP 0.9784
INFO:root:TEST batch 1 / 7 -  partial tp {0: tensor(0), 1: tensor(189)},fn {0: tensor(9), 1: tensor(0)},fp {0: tensor(0), 1: tensor(9)}
INFO:root:TEST batch 1 / 7 - measures partial microavg - precision 0.9545 - recall 0.9545 - f1 0.9545 
INFO:root:TEST batch 1 / 7 - measures partial for class 0 - precision 0.0000 - recall 0.0000 - f1 0.0000 
INFO:root:TEST batch 1 / 7 - measures partial for class 1 - precision 0.9545 - recall 1.0000 - f1 0.9767 
INFO:root:TEST batch 1 / 7 - Batch time 0 
INFO:root:TEST batch 2 / 7 - partial error 0.0581 - partial loss 0.3747 - partial MRR  0.0000 - partial MAP 0.9735
INFO:root:TEST batch 2 / 7 -  partial tp {0: tensor(0), 1: tensor(184)},fn {0: tensor(14), 1: tensor(0)},fp {0: tensor(0), 1: tensor(14)}
INFO:root:TEST batch 2 / 7 - measures partial microavg - precision 0.9293 - recall 0.9293 - f1 0.9293 
INFO:root:TEST batch 2 / 7 - measures partial for class 0 - precision 0.0000 - recall 0.0000 - f1 0.0000 
INFO:root:TEST batch 2 / 7 - measures partial for class 1 - precision 0.9293 - recall 1.0000 - f1 0.9634 
INFO:root:TEST batch 2 / 7 - Batch time 0 
INFO:root:TEST batch 3 / 7 - partial error 0.0556 - partial loss 0.3513 - partial MRR  0.0000 - partial MAP 0.9766
INFO:root:TEST batch 3 / 7 -  partial tp {0: tensor(0), 1: tensor(188)},fn {0: tensor(10), 1: tensor(0)},fp {0: tensor(0), 1: tensor(10)}
INFO:root:TEST batch 3 / 7 - measures partial microavg - precision 0.9495 - recall 0.9495 - f1 0.9495 
INFO:root:TEST batch 3 / 7 - measures partial for class 0 - precision 0.0000 - recall 0.0000 - f1 0.0000 
INFO:root:TEST batch 3 / 7 - measures partial for class 1 - precision 0.9495 - recall 1.0000 - f1 0.9741 
INFO:root:TEST batch 3 / 7 - Batch time 0 
INFO:root:TEST batch 4 / 7 - partial error 0.0568 - partial loss 0.3560 - partial MRR  0.0000 - partial MAP 0.9764
INFO:root:TEST batch 4 / 7 -  partial tp {0: tensor(0), 1: tensor(186)},fn {0: tensor(12), 1: tensor(0)},fp {0: tensor(0), 1: tensor(12)}
INFO:root:TEST batch 4 / 7 - measures partial microavg - precision 0.9394 - recall 0.9394 - f1 0.9394 
INFO:root:TEST batch 4 / 7 - measures partial for class 0 - precision 0.0000 - recall 0.0000 - f1 0.0000 
INFO:root:TEST batch 4 / 7 - measures partial for class 1 - precision 0.9394 - recall 1.0000 - f1 0.9688 
INFO:root:TEST batch 4 / 7 - Batch time 0 
INFO:root:TEST batch 5 / 7 - partial error 0.0606 - partial loss 0.3839 - partial MRR  0.0000 - partial MAP 0.9726
INFO:root:TEST batch 5 / 7 -  partial tp {0: tensor(0), 1: tensor(183)},fn {0: tensor(15), 1: tensor(0)},fp {0: tensor(0), 1: tensor(15)}
INFO:root:TEST batch 5 / 7 - measures partial microavg - precision 0.9242 - recall 0.9242 - f1 0.9242 
INFO:root:TEST batch 5 / 7 - measures partial for class 0 - precision 0.0000 - recall 0.0000 - f1 0.0000 
INFO:root:TEST batch 5 / 7 - measures partial for class 1 - precision 0.9242 - recall 1.0000 - f1 0.9606 
INFO:root:TEST batch 5 / 7 - Batch time 0 
INFO:root:TEST batch 6 / 7 - partial error 0.0581 - partial loss 0.3648 - partial MRR  0.0000 - partial MAP 0.9753
INFO:root:TEST batch 6 / 7 -  partial tp {0: tensor(0), 1: tensor(189)},fn {0: tensor(9), 1: tensor(0)},fp {0: tensor(0), 1: tensor(9)}
INFO:root:TEST batch 6 / 7 - measures partial microavg - precision 0.9545 - recall 0.9545 - f1 0.9545 
INFO:root:TEST batch 6 / 7 - measures partial for class 0 - precision 0.0000 - recall 0.0000 - f1 0.0000 
INFO:root:TEST batch 6 / 7 - measures partial for class 1 - precision 0.9545 - recall 1.0000 - f1 0.9767 
INFO:root:TEST batch 6 / 7 - Batch time 0 
INFO:root:TEST batch 7 / 7 - partial error 0.0620 - partial loss 0.3839 - partial MRR  0.0000 - partial MAP 0.9755
INFO:root:TEST batch 7 / 7 -  partial tp {0: tensor(0), 1: tensor(181)},fn {0: tensor(17), 1: tensor(0)},fp {0: tensor(0), 1: tensor(17)}
INFO:root:TEST batch 7 / 7 - measures partial microavg - precision 0.9141 - recall 0.9141 - f1 0.9141 
INFO:root:TEST batch 7 / 7 - measures partial for class 0 - precision 0.0000 - recall 0.0000 - f1 0.0000 
INFO:root:TEST batch 7 / 7 - measures partial for class 1 - precision 0.9141 - recall 1.0000 - f1 0.9551 
INFO:root:TEST batch 7 / 7 - Batch time 0 
INFO:root:TEST mean losses tensor(0.3839)
INFO:root:TEST mean errors 0.06204906105995178
INFO:root:TEST mean MRR 0.0 - mean MAP 0.9754748940467834
INFO:root:TEST tp {0: tensor(0), 1: tensor(1300)},fn {0: tensor(86), 1: tensor(0)},fp {0: tensor(0), 1: tensor(86)}
INFO:root:TEST measures microavg - precision 0.9380 - recall 0.9380 - f1 0.9380 
INFO:root:TEST measures for class 0 - precision 0.0000 - recall 0.0000 - f1 0.0000 
INFO:root:TEST measures for class 1 - precision 0.9380 - recall 1.0000 - f1 0.9680 
INFO:root:TEST measures@10 microavg - precision 1.0000 - recall 0.0505 - f1 0.0962 
INFO:root:TEST measures@10 for class 0 - precision 0.0000 - recall 0.0000 - f1 0.0000 
INFO:root:TEST measures@10 for class 1 - precision 1.0000 - recall 0.0538 - f1 0.1022 
INFO:root:TEST measures@100 microavg - precision 0.9700 - recall 0.4899 - f1 0.6510 
INFO:root:TEST measures@100 for class 0 - precision 0.0000 - recall 0.0000 - f1 0.0000 
INFO:root:TEST measures@100 for class 1 - precision 0.9700 - recall 0.5223 - f1 0.6790 
INFO:root:TEST measures@1000 microavg - precision 0.9380 - recall 0.9380 - f1 0.9380 
INFO:root:TEST measures@1000 for class 0 - precision 0.0000 - recall 0.0000 - f1 0.0000 
INFO:root:TEST measures@1000 for class 1 - precision 0.9380 - recall 1.0000 - f1 0.9680 
INFO:root:TEST Total epoch time: 0.273177757999747
INFO:root:################ TRAIN epoch 7 ###################
INFO:root:TRAIN mean losses tensor(0.2952)
INFO:root:TRAIN mean errors 0.048821549862623215
INFO:root:TRAIN mean MRR 0.0 - mean MAP 0.9808307886123657
INFO:root:TRAIN tp {0: tensor(0), 1: tensor(5650)},fn {0: tensor(290), 1: tensor(0)},fp {0: tensor(0), 1: tensor(290)}
INFO:root:TRAIN measures microavg - precision 0.9512 - recall 0.9512 - f1 0.9512 
INFO:root:TRAIN measures for class 0 - precision 0.0000 - recall 0.0000 - f1 0.0000 
INFO:root:TRAIN measures for class 1 - precision 0.9512 - recall 1.0000 - f1 0.9750 
INFO:root:TRAIN measures@10 microavg - precision 0.9967 - recall 0.0503 - f1 0.0958 
INFO:root:TRAIN measures@10 for class 0 - precision 0.0000 - recall 0.0000 - f1 0.0000 
INFO:root:TRAIN measures@10 for class 1 - precision 0.9967 - recall 0.0529 - f1 0.1005 
INFO:root:TRAIN measures@100 microavg - precision 0.9757 - recall 0.4928 - f1 0.6548 
INFO:root:TRAIN measures@100 for class 0 - precision 0.0000 - recall 0.0000 - f1 0.0000 
INFO:root:TRAIN measures@100 for class 1 - precision 0.9757 - recall 0.5181 - f1 0.6768 
INFO:root:TRAIN measures@1000 microavg - precision 0.9512 - recall 0.9512 - f1 0.9512 
INFO:root:TRAIN measures@1000 for class 0 - precision 0.0000 - recall 0.0000 - f1 0.0000 
INFO:root:TRAIN measures@1000 for class 1 - precision 0.9512 - recall 1.0000 - f1 0.9750 
INFO:root:TRAIN Total epoch time: 2.514146186000289
INFO:root:################ VALID epoch 7 ###################
INFO:root:VALID mean losses tensor(0.2709)
INFO:root:VALID mean errors 0.046296294778585434
INFO:root:VALID mean MRR 0.0 - mean MAP 0.9810876250267029
INFO:root:VALID tp {0: tensor(0), 1: tensor(1133)},fn {0: tensor(55), 1: tensor(0)},fp {0: tensor(0), 1: tensor(55)}
INFO:root:VALID measures microavg - precision 0.9537 - recall 0.9537 - f1 0.9537 
INFO:root:VALID measures for class 0 - precision 0.0000 - recall 0.0000 - f1 0.0000 
INFO:root:VALID measures for class 1 - precision 0.9537 - recall 1.0000 - f1 0.9763 
INFO:root:VALID measures@10 microavg - precision 0.9667 - recall 0.0488 - f1 0.0929 
INFO:root:VALID measures@10 for class 0 - precision 0.0000 - recall 0.0000 - f1 0.0000 
INFO:root:VALID measures@10 for class 1 - precision 0.9667 - recall 0.0512 - f1 0.0972 
INFO:root:VALID measures@100 microavg - precision 0.9867 - recall 0.4983 - f1 0.6622 
INFO:root:VALID measures@100 for class 0 - precision 0.0000 - recall 0.0000 - f1 0.0000 
INFO:root:VALID measures@100 for class 1 - precision 0.9867 - recall 0.5225 - f1 0.6832 
INFO:root:VALID measures@1000 microavg - precision 0.9537 - recall 0.9537 - f1 0.9537 
INFO:root:VALID measures@1000 for class 0 - precision 0.0000 - recall 0.0000 - f1 0.0000 
INFO:root:VALID measures@1000 for class 1 - precision 0.9537 - recall 1.0000 - f1 0.9763 
INFO:root:VALID Total epoch time: 0.21884423899973626
INFO:root:################ TEST epoch 7 ###################
INFO:root:TEST batch 1 / 7 - partial error 0.0455 - partial loss 0.2783 - partial MRR  0.0000 - partial MAP 0.9794
INFO:root:TEST batch 1 / 7 -  partial tp {0: tensor(0), 1: tensor(189)},fn {0: tensor(9), 1: tensor(0)},fp {0: tensor(0), 1: tensor(9)}
INFO:root:TEST batch 1 / 7 - measures partial microavg - precision 0.9545 - recall 0.9545 - f1 0.9545 
INFO:root:TEST batch 1 / 7 - measures partial for class 0 - precision 0.0000 - recall 0.0000 - f1 0.0000 
INFO:root:TEST batch 1 / 7 - measures partial for class 1 - precision 0.9545 - recall 1.0000 - f1 0.9767 
INFO:root:TEST batch 1 / 7 - Batch time 0 
INFO:root:TEST batch 2 / 7 - partial error 0.0581 - partial loss 0.3472 - partial MRR  0.0000 - partial MAP 0.9717
INFO:root:TEST batch 2 / 7 -  partial tp {0: tensor(0), 1: tensor(184)},fn {0: tensor(14), 1: tensor(0)},fp {0: tensor(0), 1: tensor(14)}
INFO:root:TEST batch 2 / 7 - measures partial microavg - precision 0.9293 - recall 0.9293 - f1 0.9293 
INFO:root:TEST batch 2 / 7 - measures partial for class 0 - precision 0.0000 - recall 0.0000 - f1 0.0000 
INFO:root:TEST batch 2 / 7 - measures partial for class 1 - precision 0.9293 - recall 1.0000 - f1 0.9634 
INFO:root:TEST batch 2 / 7 - Batch time 0 
INFO:root:TEST batch 3 / 7 - partial error 0.0556 - partial loss 0.3315 - partial MRR  0.0000 - partial MAP 0.9737
INFO:root:TEST batch 3 / 7 -  partial tp {0: tensor(0), 1: tensor(188)},fn {0: tensor(10), 1: tensor(0)},fp {0: tensor(0), 1: tensor(10)}
INFO:root:TEST batch 3 / 7 - measures partial microavg - precision 0.9495 - recall 0.9495 - f1 0.9495 
INFO:root:TEST batch 3 / 7 - measures partial for class 0 - precision 0.0000 - recall 0.0000 - f1 0.0000 
INFO:root:TEST batch 3 / 7 - measures partial for class 1 - precision 0.9495 - recall 1.0000 - f1 0.9741 
INFO:root:TEST batch 3 / 7 - Batch time 0 
INFO:root:TEST batch 4 / 7 - partial error 0.0568 - partial loss 0.3370 - partial MRR  0.0000 - partial MAP 0.9750
INFO:root:TEST batch 4 / 7 -  partial tp {0: tensor(0), 1: tensor(186)},fn {0: tensor(12), 1: tensor(0)},fp {0: tensor(0), 1: tensor(12)}
INFO:root:TEST batch 4 / 7 - measures partial microavg - precision 0.9394 - recall 0.9394 - f1 0.9394 
INFO:root:TEST batch 4 / 7 - measures partial for class 0 - precision 0.0000 - recall 0.0000 - f1 0.0000 
INFO:root:TEST batch 4 / 7 - measures partial for class 1 - precision 0.9394 - recall 1.0000 - f1 0.9688 
INFO:root:TEST batch 4 / 7 - Batch time 0 
INFO:root:TEST batch 5 / 7 - partial error 0.0606 - partial loss 0.3575 - partial MRR  0.0000 - partial MAP 0.9726
INFO:root:TEST batch 5 / 7 -  partial tp {0: tensor(0), 1: tensor(183)},fn {0: tensor(15), 1: tensor(0)},fp {0: tensor(0), 1: tensor(15)}
INFO:root:TEST batch 5 / 7 - measures partial microavg - precision 0.9242 - recall 0.9242 - f1 0.9242 
INFO:root:TEST batch 5 / 7 - measures partial for class 0 - precision 0.0000 - recall 0.0000 - f1 0.0000 
INFO:root:TEST batch 5 / 7 - measures partial for class 1 - precision 0.9242 - recall 1.0000 - f1 0.9606 
INFO:root:TEST batch 5 / 7 - Batch time 0 
INFO:root:TEST batch 6 / 7 - partial error 0.0581 - partial loss 0.3426 - partial MRR  0.0000 - partial MAP 0.9746
INFO:root:TEST batch 6 / 7 -  partial tp {0: tensor(0), 1: tensor(189)},fn {0: tensor(9), 1: tensor(0)},fp {0: tensor(0), 1: tensor(9)}
INFO:root:TEST batch 6 / 7 - measures partial microavg - precision 0.9545 - recall 0.9545 - f1 0.9545 
INFO:root:TEST batch 6 / 7 - measures partial for class 0 - precision 0.0000 - recall 0.0000 - f1 0.0000 
INFO:root:TEST batch 6 / 7 - measures partial for class 1 - precision 0.9545 - recall 1.0000 - f1 0.9767 
INFO:root:TEST batch 6 / 7 - Batch time 0 
INFO:root:TEST batch 7 / 7 - partial error 0.0620 - partial loss 0.3586 - partial MRR  0.0000 - partial MAP 0.9750
INFO:root:TEST batch 7 / 7 -  partial tp {0: tensor(0), 1: tensor(181)},fn {0: tensor(17), 1: tensor(0)},fp {0: tensor(0), 1: tensor(17)}
INFO:root:TEST batch 7 / 7 - measures partial microavg - precision 0.9141 - recall 0.9141 - f1 0.9141 
INFO:root:TEST batch 7 / 7 - measures partial for class 0 - precision 0.0000 - recall 0.0000 - f1 0.0000 
INFO:root:TEST batch 7 / 7 - measures partial for class 1 - precision 0.9141 - recall 1.0000 - f1 0.9551 
INFO:root:TEST batch 7 / 7 - Batch time 0 
INFO:root:TEST mean losses tensor(0.3586)
INFO:root:TEST mean errors 0.06204906105995178
INFO:root:TEST mean MRR 0.0 - mean MAP 0.9750308990478516
INFO:root:TEST tp {0: tensor(0), 1: tensor(1300)},fn {0: tensor(86), 1: tensor(0)},fp {0: tensor(0), 1: tensor(86)}
INFO:root:TEST measures microavg - precision 0.9380 - recall 0.9380 - f1 0.9380 
INFO:root:TEST measures for class 0 - precision 0.0000 - recall 0.0000 - f1 0.0000 
INFO:root:TEST measures for class 1 - precision 0.9380 - recall 1.0000 - f1 0.9680 
INFO:root:TEST measures@10 microavg - precision 0.9857 - recall 0.0498 - f1 0.0948 
INFO:root:TEST measures@10 for class 0 - precision 0.0000 - recall 0.0000 - f1 0.0000 
INFO:root:TEST measures@10 for class 1 - precision 0.9857 - recall 0.0531 - f1 0.1007 
INFO:root:TEST measures@100 microavg - precision 0.9714 - recall 0.4906 - f1 0.6520 
INFO:root:TEST measures@100 for class 0 - precision 0.0000 - recall 0.0000 - f1 0.0000 
INFO:root:TEST measures@100 for class 1 - precision 0.9714 - recall 0.5231 - f1 0.6800 
INFO:root:TEST measures@1000 microavg - precision 0.9380 - recall 0.9380 - f1 0.9380 
INFO:root:TEST measures@1000 for class 0 - precision 0.0000 - recall 0.0000 - f1 0.0000 
INFO:root:TEST measures@1000 for class 1 - precision 0.9380 - recall 1.0000 - f1 0.9680 
INFO:root:TEST Total epoch time: 0.27329800999996223
INFO:root:################ TRAIN epoch 8 ###################
INFO:root:TRAIN mean losses tensor(0.2939)
INFO:root:TRAIN mean errors 0.048821549862623215
INFO:root:TRAIN mean MRR 0.0 - mean MAP 0.9789343476295471
INFO:root:TRAIN tp {0: tensor(0), 1: tensor(5650)},fn {0: tensor(290), 1: tensor(0)},fp {0: tensor(0), 1: tensor(290)}
INFO:root:TRAIN measures microavg - precision 0.9512 - recall 0.9512 - f1 0.9512 
INFO:root:TRAIN measures for class 0 - precision 0.0000 - recall 0.0000 - f1 0.0000 
INFO:root:TRAIN measures for class 1 - precision 0.9512 - recall 1.0000 - f1 0.9750 
INFO:root:TRAIN measures@10 microavg - precision 0.9900 - recall 0.0500 - f1 0.0952 
INFO:root:TRAIN measures@10 for class 0 - precision 0.0000 - recall 0.0000 - f1 0.0000 
INFO:root:TRAIN measures@10 for class 1 - precision 0.9900 - recall 0.0526 - f1 0.0998 
INFO:root:TRAIN measures@100 microavg - precision 0.9723 - recall 0.4911 - f1 0.6526 
INFO:root:TRAIN measures@100 for class 0 - precision 0.0000 - recall 0.0000 - f1 0.0000 
INFO:root:TRAIN measures@100 for class 1 - precision 0.9723 - recall 0.5163 - f1 0.6745 
INFO:root:TRAIN measures@1000 microavg - precision 0.9512 - recall 0.9512 - f1 0.9512 
INFO:root:TRAIN measures@1000 for class 0 - precision 0.0000 - recall 0.0000 - f1 0.0000 
INFO:root:TRAIN measures@1000 for class 1 - precision 0.9512 - recall 1.0000 - f1 0.9750 
INFO:root:TRAIN Total epoch time: 2.450559691000308
INFO:root:################ VALID epoch 8 ###################
INFO:root:VALID mean losses tensor(0.2665)
INFO:root:VALID mean errors 0.046296294778585434
INFO:root:VALID mean MRR 0.0 - mean MAP 0.9807320237159729
INFO:root:VALID tp {0: tensor(0), 1: tensor(1133)},fn {0: tensor(55), 1: tensor(0)},fp {0: tensor(0), 1: tensor(55)}
INFO:root:VALID measures microavg - precision 0.9537 - recall 0.9537 - f1 0.9537 
INFO:root:VALID measures for class 0 - precision 0.0000 - recall 0.0000 - f1 0.0000 
INFO:root:VALID measures for class 1 - precision 0.9537 - recall 1.0000 - f1 0.9763 
INFO:root:VALID measures@10 microavg - precision 0.9667 - recall 0.0488 - f1 0.0929 
INFO:root:VALID measures@10 for class 0 - precision 0.0000 - recall 0.0000 - f1 0.0000 
INFO:root:VALID measures@10 for class 1 - precision 0.9667 - recall 0.0512 - f1 0.0972 
INFO:root:VALID measures@100 microavg - precision 0.9800 - recall 0.4949 - f1 0.6577 
INFO:root:VALID measures@100 for class 0 - precision 0.0000 - recall 0.0000 - f1 0.0000 
INFO:root:VALID measures@100 for class 1 - precision 0.9800 - recall 0.5190 - f1 0.6786 
INFO:root:VALID measures@1000 microavg - precision 0.9537 - recall 0.9537 - f1 0.9537 
INFO:root:VALID measures@1000 for class 0 - precision 0.0000 - recall 0.0000 - f1 0.0000 
INFO:root:VALID measures@1000 for class 1 - precision 0.9537 - recall 1.0000 - f1 0.9763 
INFO:root:VALID Total epoch time: 0.17951021699991543
INFO:root:################ TEST epoch 8 ###################
INFO:root:TEST batch 1 / 7 - partial error 0.0455 - partial loss 0.3004 - partial MRR  0.0000 - partial MAP 0.9763
INFO:root:TEST batch 1 / 7 -  partial tp {0: tensor(0), 1: tensor(189)},fn {0: tensor(9), 1: tensor(0)},fp {0: tensor(0), 1: tensor(9)}
INFO:root:TEST batch 1 / 7 - measures partial microavg - precision 0.9545 - recall 0.9545 - f1 0.9545 
INFO:root:TEST batch 1 / 7 - measures partial for class 0 - precision 0.0000 - recall 0.0000 - f1 0.0000 
INFO:root:TEST batch 1 / 7 - measures partial for class 1 - precision 0.9545 - recall 1.0000 - f1 0.9767 
INFO:root:TEST batch 1 / 7 - Batch time 0 
INFO:root:TEST batch 2 / 7 - partial error 0.0581 - partial loss 0.3474 - partial MRR  0.0000 - partial MAP 0.9745
INFO:root:TEST batch 2 / 7 -  partial tp {0: tensor(0), 1: tensor(184)},fn {0: tensor(14), 1: tensor(0)},fp {0: tensor(0), 1: tensor(14)}
INFO:root:TEST batch 2 / 7 - measures partial microavg - precision 0.9293 - recall 0.9293 - f1 0.9293 
INFO:root:TEST batch 2 / 7 - measures partial for class 0 - precision 0.0000 - recall 0.0000 - f1 0.0000 
INFO:root:TEST batch 2 / 7 - measures partial for class 1 - precision 0.9293 - recall 1.0000 - f1 0.9634 
INFO:root:TEST batch 2 / 7 - Batch time 0 
INFO:root:TEST batch 3 / 7 - partial error 0.0556 - partial loss 0.3323 - partial MRR  0.0000 - partial MAP 0.9770
INFO:root:TEST batch 3 / 7 -  partial tp {0: tensor(0), 1: tensor(188)},fn {0: tensor(10), 1: tensor(0)},fp {0: tensor(0), 1: tensor(10)}
INFO:root:TEST batch 3 / 7 - measures partial microavg - precision 0.9495 - recall 0.9495 - f1 0.9495 
INFO:root:TEST batch 3 / 7 - measures partial for class 0 - precision 0.0000 - recall 0.0000 - f1 0.0000 
INFO:root:TEST batch 3 / 7 - measures partial for class 1 - precision 0.9495 - recall 1.0000 - f1 0.9741 
INFO:root:TEST batch 3 / 7 - Batch time 0 
INFO:root:TEST batch 4 / 7 - partial error 0.0568 - partial loss 0.3384 - partial MRR  0.0000 - partial MAP 0.9751
INFO:root:TEST batch 4 / 7 -  partial tp {0: tensor(0), 1: tensor(186)},fn {0: tensor(12), 1: tensor(0)},fp {0: tensor(0), 1: tensor(12)}
INFO:root:TEST batch 4 / 7 - measures partial microavg - precision 0.9394 - recall 0.9394 - f1 0.9394 
INFO:root:TEST batch 4 / 7 - measures partial for class 0 - precision 0.0000 - recall 0.0000 - f1 0.0000 
INFO:root:TEST batch 4 / 7 - measures partial for class 1 - precision 0.9394 - recall 1.0000 - f1 0.9688 
INFO:root:TEST batch 4 / 7 - Batch time 0 
INFO:root:TEST batch 5 / 7 - partial error 0.0606 - partial loss 0.3523 - partial MRR  0.0000 - partial MAP 0.9751
INFO:root:TEST batch 5 / 7 -  partial tp {0: tensor(0), 1: tensor(183)},fn {0: tensor(15), 1: tensor(0)},fp {0: tensor(0), 1: tensor(15)}
INFO:root:TEST batch 5 / 7 - measures partial microavg - precision 0.9242 - recall 0.9242 - f1 0.9242 
INFO:root:TEST batch 5 / 7 - measures partial for class 0 - precision 0.0000 - recall 0.0000 - f1 0.0000 
INFO:root:TEST batch 5 / 7 - measures partial for class 1 - precision 0.9242 - recall 1.0000 - f1 0.9606 
INFO:root:TEST batch 5 / 7 - Batch time 0 
INFO:root:TEST batch 6 / 7 - partial error 0.0581 - partial loss 0.3384 - partial MRR  0.0000 - partial MAP 0.9769
INFO:root:TEST batch 6 / 7 -  partial tp {0: tensor(0), 1: tensor(189)},fn {0: tensor(9), 1: tensor(0)},fp {0: tensor(0), 1: tensor(9)}
INFO:root:TEST batch 6 / 7 - measures partial microavg - precision 0.9545 - recall 0.9545 - f1 0.9545 
INFO:root:TEST batch 6 / 7 - measures partial for class 0 - precision 0.0000 - recall 0.0000 - f1 0.0000 
INFO:root:TEST batch 6 / 7 - measures partial for class 1 - precision 0.9545 - recall 1.0000 - f1 0.9767 
INFO:root:TEST batch 6 / 7 - Batch time 0 
INFO:root:TEST batch 7 / 7 - partial error 0.0620 - partial loss 0.3523 - partial MRR  0.0000 - partial MAP 0.9778
INFO:root:TEST batch 7 / 7 -  partial tp {0: tensor(0), 1: tensor(181)},fn {0: tensor(17), 1: tensor(0)},fp {0: tensor(0), 1: tensor(17)}
INFO:root:TEST batch 7 / 7 - measures partial microavg - precision 0.9141 - recall 0.9141 - f1 0.9141 
INFO:root:TEST batch 7 / 7 - measures partial for class 0 - precision 0.0000 - recall 0.0000 - f1 0.0000 
INFO:root:TEST batch 7 / 7 - measures partial for class 1 - precision 0.9141 - recall 1.0000 - f1 0.9551 
INFO:root:TEST batch 7 / 7 - Batch time 0 
INFO:root:TEST mean losses tensor(0.3523)
INFO:root:TEST mean errors 0.06204906105995178
INFO:root:TEST mean MRR 0.0 - mean MAP 0.9778008460998535
INFO:root:TEST tp {0: tensor(0), 1: tensor(1300)},fn {0: tensor(86), 1: tensor(0)},fp {0: tensor(0), 1: tensor(86)}
INFO:root:TEST measures microavg - precision 0.9380 - recall 0.9380 - f1 0.9380 
INFO:root:TEST measures for class 0 - precision 0.0000 - recall 0.0000 - f1 0.0000 
INFO:root:TEST measures for class 1 - precision 0.9380 - recall 1.0000 - f1 0.9680 
INFO:root:TEST measures@10 microavg - precision 1.0000 - recall 0.0505 - f1 0.0962 
INFO:root:TEST measures@10 for class 0 - precision 0.0000 - recall 0.0000 - f1 0.0000 
INFO:root:TEST measures@10 for class 1 - precision 1.0000 - recall 0.0538 - f1 0.1022 
INFO:root:TEST measures@100 microavg - precision 0.9757 - recall 0.4928 - f1 0.6548 
INFO:root:TEST measures@100 for class 0 - precision 0.0000 - recall 0.0000 - f1 0.0000 
INFO:root:TEST measures@100 for class 1 - precision 0.9757 - recall 0.5254 - f1 0.6830 
INFO:root:TEST measures@1000 microavg - precision 0.9380 - recall 0.9380 - f1 0.9380 
INFO:root:TEST measures@1000 for class 0 - precision 0.0000 - recall 0.0000 - f1 0.0000 
INFO:root:TEST measures@1000 for class 1 - precision 0.9380 - recall 1.0000 - f1 0.9680 
INFO:root:TEST Total epoch time: 0.22515699399991718
INFO:root:################ TRAIN epoch 9 ###################
INFO:root:TRAIN mean losses tensor(0.2938)
INFO:root:TRAIN mean errors 0.048821549862623215
INFO:root:TRAIN mean MRR 0.0 - mean MAP 0.9796313643455505
INFO:root:TRAIN tp {0: tensor(0), 1: tensor(5650)},fn {0: tensor(290), 1: tensor(0)},fp {0: tensor(0), 1: tensor(290)}
INFO:root:TRAIN measures microavg - precision 0.9512 - recall 0.9512 - f1 0.9512 
INFO:root:TRAIN measures for class 0 - precision 0.0000 - recall 0.0000 - f1 0.0000 
INFO:root:TRAIN measures for class 1 - precision 0.9512 - recall 1.0000 - f1 0.9750 
INFO:root:TRAIN measures@10 microavg - precision 0.9967 - recall 0.0503 - f1 0.0958 
INFO:root:TRAIN measures@10 for class 0 - precision 0.0000 - recall 0.0000 - f1 0.0000 
INFO:root:TRAIN measures@10 for class 1 - precision 0.9967 - recall 0.0529 - f1 0.1005 
INFO:root:TRAIN measures@100 microavg - precision 0.9777 - recall 0.4938 - f1 0.6562 
INFO:root:TRAIN measures@100 for class 0 - precision 0.0000 - recall 0.0000 - f1 0.0000 
INFO:root:TRAIN measures@100 for class 1 - precision 0.9777 - recall 0.5191 - f1 0.6782 
INFO:root:TRAIN measures@1000 microavg - precision 0.9512 - recall 0.9512 - f1 0.9512 
INFO:root:TRAIN measures@1000 for class 0 - precision 0.0000 - recall 0.0000 - f1 0.0000 
INFO:root:TRAIN measures@1000 for class 1 - precision 0.9512 - recall 1.0000 - f1 0.9750 
INFO:root:TRAIN Total epoch time: 2.502032188999692
INFO:root:################ VALID epoch 9 ###################
INFO:root:VALID mean losses tensor(0.2608)
INFO:root:VALID mean errors 0.046296294778585434
INFO:root:VALID mean MRR 0.0 - mean MAP 0.981059193611145
INFO:root:VALID tp {0: tensor(0), 1: tensor(1133)},fn {0: tensor(55), 1: tensor(0)},fp {0: tensor(0), 1: tensor(55)}
INFO:root:VALID measures microavg - precision 0.9537 - recall 0.9537 - f1 0.9537 
INFO:root:VALID measures for class 0 - precision 0.0000 - recall 0.0000 - f1 0.0000 
INFO:root:VALID measures for class 1 - precision 0.9537 - recall 1.0000 - f1 0.9763 
INFO:root:VALID measures@10 microavg - precision 0.9833 - recall 0.0497 - f1 0.0946 
INFO:root:VALID measures@10 for class 0 - precision 0.0000 - recall 0.0000 - f1 0.0000 
INFO:root:VALID measures@10 for class 1 - precision 0.9833 - recall 0.0521 - f1 0.0989 
INFO:root:VALID measures@100 microavg - precision 0.9883 - recall 0.4992 - f1 0.6633 
INFO:root:VALID measures@100 for class 0 - precision 0.0000 - recall 0.0000 - f1 0.0000 
INFO:root:VALID measures@100 for class 1 - precision 0.9883 - recall 0.5234 - f1 0.6844 
INFO:root:VALID measures@1000 microavg - precision 0.9537 - recall 0.9537 - f1 0.9537 
INFO:root:VALID measures@1000 for class 0 - precision 0.0000 - recall 0.0000 - f1 0.0000 
INFO:root:VALID measures@1000 for class 1 - precision 0.9537 - recall 1.0000 - f1 0.9763 
INFO:root:VALID Total epoch time: 0.17680518099996334
INFO:root:################ TEST epoch 9 ###################
INFO:root:TEST batch 1 / 7 - partial error 0.0455 - partial loss 0.2786 - partial MRR  0.0000 - partial MAP 0.9858
INFO:root:TEST batch 1 / 7 -  partial tp {0: tensor(0), 1: tensor(189)},fn {0: tensor(9), 1: tensor(0)},fp {0: tensor(0), 1: tensor(9)}
INFO:root:TEST batch 1 / 7 - measures partial microavg - precision 0.9545 - recall 0.9545 - f1 0.9545 
INFO:root:TEST batch 1 / 7 - measures partial for class 0 - precision 0.0000 - recall 0.0000 - f1 0.0000 
INFO:root:TEST batch 1 / 7 - measures partial for class 1 - precision 0.9545 - recall 1.0000 - f1 0.9767 
INFO:root:TEST batch 1 / 7 - Batch time 0 
INFO:root:TEST batch 2 / 7 - partial error 0.0581 - partial loss 0.3405 - partial MRR  0.0000 - partial MAP 0.9775
INFO:root:TEST batch 2 / 7 -  partial tp {0: tensor(0), 1: tensor(184)},fn {0: tensor(14), 1: tensor(0)},fp {0: tensor(0), 1: tensor(14)}
INFO:root:TEST batch 2 / 7 - measures partial microavg - precision 0.9293 - recall 0.9293 - f1 0.9293 
INFO:root:TEST batch 2 / 7 - measures partial for class 0 - precision 0.0000 - recall 0.0000 - f1 0.0000 
INFO:root:TEST batch 2 / 7 - measures partial for class 1 - precision 0.9293 - recall 1.0000 - f1 0.9634 
INFO:root:TEST batch 2 / 7 - Batch time 0 
INFO:root:TEST batch 3 / 7 - partial error 0.0556 - partial loss 0.3274 - partial MRR  0.0000 - partial MAP 0.9789
INFO:root:TEST batch 3 / 7 -  partial tp {0: tensor(0), 1: tensor(188)},fn {0: tensor(10), 1: tensor(0)},fp {0: tensor(0), 1: tensor(10)}
INFO:root:TEST batch 3 / 7 - measures partial microavg - precision 0.9495 - recall 0.9495 - f1 0.9495 
INFO:root:TEST batch 3 / 7 - measures partial for class 0 - precision 0.0000 - recall 0.0000 - f1 0.0000 
INFO:root:TEST batch 3 / 7 - measures partial for class 1 - precision 0.9495 - recall 1.0000 - f1 0.9741 
INFO:root:TEST batch 3 / 7 - Batch time 0 
INFO:root:TEST batch 4 / 7 - partial error 0.0568 - partial loss 0.3324 - partial MRR  0.0000 - partial MAP 0.9777
INFO:root:TEST batch 4 / 7 -  partial tp {0: tensor(0), 1: tensor(186)},fn {0: tensor(12), 1: tensor(0)},fp {0: tensor(0), 1: tensor(12)}
INFO:root:TEST batch 4 / 7 - measures partial microavg - precision 0.9394 - recall 0.9394 - f1 0.9394 
INFO:root:TEST batch 4 / 7 - measures partial for class 0 - precision 0.0000 - recall 0.0000 - f1 0.0000 
INFO:root:TEST batch 4 / 7 - measures partial for class 1 - precision 0.9394 - recall 1.0000 - f1 0.9688 
INFO:root:TEST batch 4 / 7 - Batch time 0 
INFO:root:TEST batch 5 / 7 - partial error 0.0606 - partial loss 0.3507 - partial MRR  0.0000 - partial MAP 0.9758
INFO:root:TEST batch 5 / 7 -  partial tp {0: tensor(0), 1: tensor(183)},fn {0: tensor(15), 1: tensor(0)},fp {0: tensor(0), 1: tensor(15)}
INFO:root:TEST batch 5 / 7 - measures partial microavg - precision 0.9242 - recall 0.9242 - f1 0.9242 
INFO:root:TEST batch 5 / 7 - measures partial for class 0 - precision 0.0000 - recall 0.0000 - f1 0.0000 
INFO:root:TEST batch 5 / 7 - measures partial for class 1 - precision 0.9242 - recall 1.0000 - f1 0.9606 
INFO:root:TEST batch 5 / 7 - Batch time 0 
INFO:root:TEST batch 6 / 7 - partial error 0.0581 - partial loss 0.3374 - partial MRR  0.0000 - partial MAP 0.9763
INFO:root:TEST batch 6 / 7 -  partial tp {0: tensor(0), 1: tensor(189)},fn {0: tensor(9), 1: tensor(0)},fp {0: tensor(0), 1: tensor(9)}
INFO:root:TEST batch 6 / 7 - measures partial microavg - precision 0.9545 - recall 0.9545 - f1 0.9545 
INFO:root:TEST batch 6 / 7 - measures partial for class 0 - precision 0.0000 - recall 0.0000 - f1 0.0000 
INFO:root:TEST batch 6 / 7 - measures partial for class 1 - precision 0.9545 - recall 1.0000 - f1 0.9767 
INFO:root:TEST batch 6 / 7 - Batch time 0 
INFO:root:TEST batch 7 / 7 - partial error 0.0620 - partial loss 0.3520 - partial MRR  0.0000 - partial MAP 0.9766
INFO:root:TEST batch 7 / 7 -  partial tp {0: tensor(0), 1: tensor(181)},fn {0: tensor(17), 1: tensor(0)},fp {0: tensor(0), 1: tensor(17)}
INFO:root:TEST batch 7 / 7 - measures partial microavg - precision 0.9141 - recall 0.9141 - f1 0.9141 
INFO:root:TEST batch 7 / 7 - measures partial for class 0 - precision 0.0000 - recall 0.0000 - f1 0.0000 
INFO:root:TEST batch 7 / 7 - measures partial for class 1 - precision 0.9141 - recall 1.0000 - f1 0.9551 
INFO:root:TEST batch 7 / 7 - Batch time 0 
INFO:root:TEST mean losses tensor(0.3520)
INFO:root:TEST mean errors 0.06204906105995178
INFO:root:TEST mean MRR 0.0 - mean MAP 0.9765796065330505
INFO:root:TEST tp {0: tensor(0), 1: tensor(1300)},fn {0: tensor(86), 1: tensor(0)},fp {0: tensor(0), 1: tensor(86)}
INFO:root:TEST measures microavg - precision 0.9380 - recall 0.9380 - f1 0.9380 
INFO:root:TEST measures for class 0 - precision 0.0000 - recall 0.0000 - f1 0.0000 
INFO:root:TEST measures for class 1 - precision 0.9380 - recall 1.0000 - f1 0.9680 
INFO:root:TEST measures@10 microavg - precision 1.0000 - recall 0.0505 - f1 0.0962 
INFO:root:TEST measures@10 for class 0 - precision 0.0000 - recall 0.0000 - f1 0.0000 
INFO:root:TEST measures@10 for class 1 - precision 1.0000 - recall 0.0538 - f1 0.1022 
INFO:root:TEST measures@100 microavg - precision 0.9714 - recall 0.4906 - f1 0.6520 
INFO:root:TEST measures@100 for class 0 - precision 0.0000 - recall 0.0000 - f1 0.0000 
INFO:root:TEST measures@100 for class 1 - precision 0.9714 - recall 0.5231 - f1 0.6800 
INFO:root:TEST measures@1000 microavg - precision 0.9380 - recall 0.9380 - f1 0.9380 
INFO:root:TEST measures@1000 for class 0 - precision 0.0000 - recall 0.0000 - f1 0.0000 
INFO:root:TEST measures@1000 for class 1 - precision 0.9380 - recall 1.0000 - f1 0.9680 
INFO:root:TEST Total epoch time: 0.22067950199971165
INFO:root:################ TRAIN epoch 10 ###################
INFO:root:TRAIN mean losses tensor(0.2901)
INFO:root:TRAIN mean errors 0.048821549862623215
INFO:root:TRAIN mean MRR 0.0 - mean MAP 0.9801933169364929
INFO:root:TRAIN tp {0: tensor(0), 1: tensor(5650)},fn {0: tensor(290), 1: tensor(0)},fp {0: tensor(0), 1: tensor(290)}
INFO:root:TRAIN measures microavg - precision 0.9512 - recall 0.9512 - f1 0.9512 
INFO:root:TRAIN measures for class 0 - precision 0.0000 - recall 0.0000 - f1 0.0000 
INFO:root:TRAIN measures for class 1 - precision 0.9512 - recall 1.0000 - f1 0.9750 
INFO:root:TRAIN measures@10 microavg - precision 0.9967 - recall 0.0503 - f1 0.0958 
INFO:root:TRAIN measures@10 for class 0 - precision 0.0000 - recall 0.0000 - f1 0.0000 
INFO:root:TRAIN measures@10 for class 1 - precision 0.9967 - recall 0.0529 - f1 0.1005 
INFO:root:TRAIN measures@100 microavg - precision 0.9770 - recall 0.4934 - f1 0.6557 
INFO:root:TRAIN measures@100 for class 0 - precision 0.0000 - recall 0.0000 - f1 0.0000 
INFO:root:TRAIN measures@100 for class 1 - precision 0.9770 - recall 0.5188 - f1 0.6777 
INFO:root:TRAIN measures@1000 microavg - precision 0.9512 - recall 0.9512 - f1 0.9512 
INFO:root:TRAIN measures@1000 for class 0 - precision 0.0000 - recall 0.0000 - f1 0.0000 
INFO:root:TRAIN measures@1000 for class 1 - precision 0.9512 - recall 1.0000 - f1 0.9750 
INFO:root:TRAIN Total epoch time: 2.4515872360002504
INFO:root:################ VALID epoch 10 ###################
INFO:root:VALID mean losses tensor(0.2650)
INFO:root:VALID mean errors 0.046296294778585434
INFO:root:VALID mean MRR 0.0 - mean MAP 0.98094242811203
INFO:root:VALID tp {0: tensor(0), 1: tensor(1133)},fn {0: tensor(55), 1: tensor(0)},fp {0: tensor(0), 1: tensor(55)}
INFO:root:VALID measures microavg - precision 0.9537 - recall 0.9537 - f1 0.9537 
INFO:root:VALID measures for class 0 - precision 0.0000 - recall 0.0000 - f1 0.0000 
INFO:root:VALID measures for class 1 - precision 0.9537 - recall 1.0000 - f1 0.9763 
INFO:root:VALID measures@10 microavg - precision 0.9833 - recall 0.0497 - f1 0.0946 
INFO:root:VALID measures@10 for class 0 - precision 0.0000 - recall 0.0000 - f1 0.0000 
INFO:root:VALID measures@10 for class 1 - precision 0.9833 - recall 0.0521 - f1 0.0989 
INFO:root:VALID measures@100 microavg - precision 0.9817 - recall 0.4958 - f1 0.6588 
INFO:root:VALID measures@100 for class 0 - precision 0.0000 - recall 0.0000 - f1 0.0000 
INFO:root:VALID measures@100 for class 1 - precision 0.9817 - recall 0.5199 - f1 0.6797 
INFO:root:VALID measures@1000 microavg - precision 0.9537 - recall 0.9537 - f1 0.9537 
INFO:root:VALID measures@1000 for class 0 - precision 0.0000 - recall 0.0000 - f1 0.0000 
INFO:root:VALID measures@1000 for class 1 - precision 0.9537 - recall 1.0000 - f1 0.9763 
INFO:root:VALID Total epoch time: 0.21013584999991508
INFO:root:################ TEST epoch 10 ###################
INFO:root:TEST batch 1 / 7 - partial error 0.0455 - partial loss 0.2734 - partial MRR  0.0000 - partial MAP 0.9838
INFO:root:TEST batch 1 / 7 -  partial tp {0: tensor(0), 1: tensor(189)},fn {0: tensor(9), 1: tensor(0)},fp {0: tensor(0), 1: tensor(9)}
INFO:root:TEST batch 1 / 7 - measures partial microavg - precision 0.9545 - recall 0.9545 - f1 0.9545 
INFO:root:TEST batch 1 / 7 - measures partial for class 0 - precision 0.0000 - recall 0.0000 - f1 0.0000 
INFO:root:TEST batch 1 / 7 - measures partial for class 1 - precision 0.9545 - recall 1.0000 - f1 0.9767 
INFO:root:TEST batch 1 / 7 - Batch time 0 
INFO:root:TEST batch 2 / 7 - partial error 0.0581 - partial loss 0.3358 - partial MRR  0.0000 - partial MAP 0.9773
INFO:root:TEST batch 2 / 7 -  partial tp {0: tensor(0), 1: tensor(184)},fn {0: tensor(14), 1: tensor(0)},fp {0: tensor(0), 1: tensor(14)}
INFO:root:TEST batch 2 / 7 - measures partial microavg - precision 0.9293 - recall 0.9293 - f1 0.9293 
INFO:root:TEST batch 2 / 7 - measures partial for class 0 - precision 0.0000 - recall 0.0000 - f1 0.0000 
INFO:root:TEST batch 2 / 7 - measures partial for class 1 - precision 0.9293 - recall 1.0000 - f1 0.9634 
INFO:root:TEST batch 2 / 7 - Batch time 0 
INFO:root:TEST batch 3 / 7 - partial error 0.0556 - partial loss 0.3181 - partial MRR  0.0000 - partial MAP 0.9802
INFO:root:TEST batch 3 / 7 -  partial tp {0: tensor(0), 1: tensor(188)},fn {0: tensor(10), 1: tensor(0)},fp {0: tensor(0), 1: tensor(10)}
INFO:root:TEST batch 3 / 7 - measures partial microavg - precision 0.9495 - recall 0.9495 - f1 0.9495 
INFO:root:TEST batch 3 / 7 - measures partial for class 0 - precision 0.0000 - recall 0.0000 - f1 0.0000 
INFO:root:TEST batch 3 / 7 - measures partial for class 1 - precision 0.9495 - recall 1.0000 - f1 0.9741 
INFO:root:TEST batch 3 / 7 - Batch time 0 
INFO:root:TEST batch 4 / 7 - partial error 0.0568 - partial loss 0.3238 - partial MRR  0.0000 - partial MAP 0.9797
INFO:root:TEST batch 4 / 7 -  partial tp {0: tensor(0), 1: tensor(186)},fn {0: tensor(12), 1: tensor(0)},fp {0: tensor(0), 1: tensor(12)}
INFO:root:TEST batch 4 / 7 - measures partial microavg - precision 0.9394 - recall 0.9394 - f1 0.9394 
INFO:root:TEST batch 4 / 7 - measures partial for class 0 - precision 0.0000 - recall 0.0000 - f1 0.0000 
INFO:root:TEST batch 4 / 7 - measures partial for class 1 - precision 0.9394 - recall 1.0000 - f1 0.9688 
INFO:root:TEST batch 4 / 7 - Batch time 0 
INFO:root:TEST batch 5 / 7 - partial error 0.0606 - partial loss 0.3432 - partial MRR  0.0000 - partial MAP 0.9793
INFO:root:TEST batch 5 / 7 -  partial tp {0: tensor(0), 1: tensor(183)},fn {0: tensor(15), 1: tensor(0)},fp {0: tensor(0), 1: tensor(15)}
INFO:root:TEST batch 5 / 7 - measures partial microavg - precision 0.9242 - recall 0.9242 - f1 0.9242 
INFO:root:TEST batch 5 / 7 - measures partial for class 0 - precision 0.0000 - recall 0.0000 - f1 0.0000 
INFO:root:TEST batch 5 / 7 - measures partial for class 1 - precision 0.9242 - recall 1.0000 - f1 0.9606 
INFO:root:TEST batch 5 / 7 - Batch time 0 
INFO:root:TEST batch 6 / 7 - partial error 0.0581 - partial loss 0.3292 - partial MRR  0.0000 - partial MAP 0.9804
INFO:root:TEST batch 6 / 7 -  partial tp {0: tensor(0), 1: tensor(189)},fn {0: tensor(9), 1: tensor(0)},fp {0: tensor(0), 1: tensor(9)}
INFO:root:TEST batch 6 / 7 - measures partial microavg - precision 0.9545 - recall 0.9545 - f1 0.9545 
INFO:root:TEST batch 6 / 7 - measures partial for class 0 - precision 0.0000 - recall 0.0000 - f1 0.0000 
INFO:root:TEST batch 6 / 7 - measures partial for class 1 - precision 0.9545 - recall 1.0000 - f1 0.9767 
INFO:root:TEST batch 6 / 7 - Batch time 0 
INFO:root:TEST batch 7 / 7 - partial error 0.0620 - partial loss 0.3470 - partial MRR  0.0000 - partial MAP 0.9795
INFO:root:TEST batch 7 / 7 -  partial tp {0: tensor(0), 1: tensor(181)},fn {0: tensor(17), 1: tensor(0)},fp {0: tensor(0), 1: tensor(17)}
INFO:root:TEST batch 7 / 7 - measures partial microavg - precision 0.9141 - recall 0.9141 - f1 0.9141 
INFO:root:TEST batch 7 / 7 - measures partial for class 0 - precision 0.0000 - recall 0.0000 - f1 0.0000 
INFO:root:TEST batch 7 / 7 - measures partial for class 1 - precision 0.9141 - recall 1.0000 - f1 0.9551 
INFO:root:TEST batch 7 / 7 - Batch time 0 
INFO:root:TEST mean losses tensor(0.3470)
INFO:root:TEST mean errors 0.06204906105995178
INFO:root:TEST mean MRR 0.0 - mean MAP 0.9794790744781494
INFO:root:TEST tp {0: tensor(0), 1: tensor(1300)},fn {0: tensor(86), 1: tensor(0)},fp {0: tensor(0), 1: tensor(86)}
INFO:root:TEST measures microavg - precision 0.9380 - recall 0.9380 - f1 0.9380 
INFO:root:TEST measures for class 0 - precision 0.0000 - recall 0.0000 - f1 0.0000 
INFO:root:TEST measures for class 1 - precision 0.9380 - recall 1.0000 - f1 0.9680 
INFO:root:TEST measures@10 microavg - precision 1.0000 - recall 0.0505 - f1 0.0962 
INFO:root:TEST measures@10 for class 0 - precision 0.0000 - recall 0.0000 - f1 0.0000 
INFO:root:TEST measures@10 for class 1 - precision 1.0000 - recall 0.0538 - f1 0.1022 
INFO:root:TEST measures@100 microavg - precision 0.9729 - recall 0.4913 - f1 0.6529 
INFO:root:TEST measures@100 for class 0 - precision 0.0000 - recall 0.0000 - f1 0.0000 
INFO:root:TEST measures@100 for class 1 - precision 0.9729 - recall 0.5238 - f1 0.6810 
INFO:root:TEST measures@1000 microavg - precision 0.9380 - recall 0.9380 - f1 0.9380 
INFO:root:TEST measures@1000 for class 0 - precision 0.0000 - recall 0.0000 - f1 0.0000 
INFO:root:TEST measures@1000 for class 1 - precision 0.9380 - recall 1.0000 - f1 0.9680 
INFO:root:TEST Total epoch time: 0.22002928199981397
INFO:root:################ TRAIN epoch 11 ###################
INFO:root:TRAIN mean losses tensor(0.2894)
INFO:root:TRAIN mean errors 0.048821549862623215
INFO:root:TRAIN mean MRR 0.0 - mean MAP 0.9814335703849792
INFO:root:TRAIN tp {0: tensor(0), 1: tensor(5650)},fn {0: tensor(290), 1: tensor(0)},fp {0: tensor(0), 1: tensor(290)}
INFO:root:TRAIN measures microavg - precision 0.9512 - recall 0.9512 - f1 0.9512 
INFO:root:TRAIN measures for class 0 - precision 0.0000 - recall 0.0000 - f1 0.0000 
INFO:root:TRAIN measures for class 1 - precision 0.9512 - recall 1.0000 - f1 0.9750 
INFO:root:TRAIN measures@10 microavg - precision 0.9867 - recall 0.0498 - f1 0.0949 
INFO:root:TRAIN measures@10 for class 0 - precision 0.0000 - recall 0.0000 - f1 0.0000 
INFO:root:TRAIN measures@10 for class 1 - precision 0.9867 - recall 0.0524 - f1 0.0995 
INFO:root:TRAIN measures@100 microavg - precision 0.9783 - recall 0.4941 - f1 0.6566 
INFO:root:TRAIN measures@100 for class 0 - precision 0.0000 - recall 0.0000 - f1 0.0000 
INFO:root:TRAIN measures@100 for class 1 - precision 0.9783 - recall 0.5195 - f1 0.6786 
INFO:root:TRAIN measures@1000 microavg - precision 0.9512 - recall 0.9512 - f1 0.9512 
INFO:root:TRAIN measures@1000 for class 0 - precision 0.0000 - recall 0.0000 - f1 0.0000 
INFO:root:TRAIN measures@1000 for class 1 - precision 0.9512 - recall 1.0000 - f1 0.9750 
INFO:root:TRAIN Total epoch time: 2.449829144999967
INFO:root:################ VALID epoch 11 ###################
INFO:root:VALID mean losses tensor(0.2702)
INFO:root:VALID mean errors 0.046296294778585434
INFO:root:VALID mean MRR 0.0 - mean MAP 0.9807423949241638
INFO:root:VALID tp {0: tensor(0), 1: tensor(1133)},fn {0: tensor(55), 1: tensor(0)},fp {0: tensor(0), 1: tensor(55)}
INFO:root:VALID measures microavg - precision 0.9537 - recall 0.9537 - f1 0.9537 
INFO:root:VALID measures for class 0 - precision 0.0000 - recall 0.0000 - f1 0.0000 
INFO:root:VALID measures for class 1 - precision 0.9537 - recall 1.0000 - f1 0.9763 
INFO:root:VALID measures@10 microavg - precision 0.9833 - recall 0.0497 - f1 0.0946 
INFO:root:VALID measures@10 for class 0 - precision 0.0000 - recall 0.0000 - f1 0.0000 
INFO:root:VALID measures@10 for class 1 - precision 0.9833 - recall 0.0521 - f1 0.0989 
INFO:root:VALID measures@100 microavg - precision 0.9833 - recall 0.4966 - f1 0.6600 
INFO:root:VALID measures@100 for class 0 - precision 0.0000 - recall 0.0000 - f1 0.0000 
INFO:root:VALID measures@100 for class 1 - precision 0.9833 - recall 0.5207 - f1 0.6809 
INFO:root:VALID measures@1000 microavg - precision 0.9537 - recall 0.9537 - f1 0.9537 
INFO:root:VALID measures@1000 for class 0 - precision 0.0000 - recall 0.0000 - f1 0.0000 
INFO:root:VALID measures@1000 for class 1 - precision 0.9537 - recall 1.0000 - f1 0.9763 
INFO:root:VALID Total epoch time: 0.176304388999597
INFO:root:################ TEST epoch 11 ###################
INFO:root:TEST batch 1 / 7 - partial error 0.0455 - partial loss 0.2818 - partial MRR  0.0000 - partial MAP 0.9807
INFO:root:TEST batch 1 / 7 -  partial tp {0: tensor(0), 1: tensor(189)},fn {0: tensor(9), 1: tensor(0)},fp {0: tensor(0), 1: tensor(9)}
INFO:root:TEST batch 1 / 7 - measures partial microavg - precision 0.9545 - recall 0.9545 - f1 0.9545 
INFO:root:TEST batch 1 / 7 - measures partial for class 0 - precision 0.0000 - recall 0.0000 - f1 0.0000 
INFO:root:TEST batch 1 / 7 - measures partial for class 1 - precision 0.9545 - recall 1.0000 - f1 0.9767 
INFO:root:TEST batch 1 / 7 - Batch time 0 
INFO:root:TEST batch 2 / 7 - partial error 0.0581 - partial loss 0.3305 - partial MRR  0.0000 - partial MAP 0.9798
INFO:root:TEST batch 2 / 7 -  partial tp {0: tensor(0), 1: tensor(184)},fn {0: tensor(14), 1: tensor(0)},fp {0: tensor(0), 1: tensor(14)}
INFO:root:TEST batch 2 / 7 - measures partial microavg - precision 0.9293 - recall 0.9293 - f1 0.9293 
INFO:root:TEST batch 2 / 7 - measures partial for class 0 - precision 0.0000 - recall 0.0000 - f1 0.0000 
INFO:root:TEST batch 2 / 7 - measures partial for class 1 - precision 0.9293 - recall 1.0000 - f1 0.9634 
INFO:root:TEST batch 2 / 7 - Batch time 0 
INFO:root:TEST batch 3 / 7 - partial error 0.0556 - partial loss 0.3193 - partial MRR  0.0000 - partial MAP 0.9804
INFO:root:TEST batch 3 / 7 -  partial tp {0: tensor(0), 1: tensor(188)},fn {0: tensor(10), 1: tensor(0)},fp {0: tensor(0), 1: tensor(10)}
INFO:root:TEST batch 3 / 7 - measures partial microavg - precision 0.9495 - recall 0.9495 - f1 0.9495 
INFO:root:TEST batch 3 / 7 - measures partial for class 0 - precision 0.0000 - recall 0.0000 - f1 0.0000 
INFO:root:TEST batch 3 / 7 - measures partial for class 1 - precision 0.9495 - recall 1.0000 - f1 0.9741 
INFO:root:TEST batch 3 / 7 - Batch time 0 
INFO:root:TEST batch 4 / 7 - partial error 0.0568 - partial loss 0.3218 - partial MRR  0.0000 - partial MAP 0.9797
INFO:root:TEST batch 4 / 7 -  partial tp {0: tensor(0), 1: tensor(186)},fn {0: tensor(12), 1: tensor(0)},fp {0: tensor(0), 1: tensor(12)}
INFO:root:TEST batch 4 / 7 - measures partial microavg - precision 0.9394 - recall 0.9394 - f1 0.9394 
INFO:root:TEST batch 4 / 7 - measures partial for class 0 - precision 0.0000 - recall 0.0000 - f1 0.0000 
INFO:root:TEST batch 4 / 7 - measures partial for class 1 - precision 0.9394 - recall 1.0000 - f1 0.9688 
INFO:root:TEST batch 4 / 7 - Batch time 0 
INFO:root:TEST batch 5 / 7 - partial error 0.0606 - partial loss 0.3407 - partial MRR  0.0000 - partial MAP 0.9785
INFO:root:TEST batch 5 / 7 -  partial tp {0: tensor(0), 1: tensor(183)},fn {0: tensor(15), 1: tensor(0)},fp {0: tensor(0), 1: tensor(15)}
INFO:root:TEST batch 5 / 7 - measures partial microavg - precision 0.9242 - recall 0.9242 - f1 0.9242 
INFO:root:TEST batch 5 / 7 - measures partial for class 0 - precision 0.0000 - recall 0.0000 - f1 0.0000 
INFO:root:TEST batch 5 / 7 - measures partial for class 1 - precision 0.9242 - recall 1.0000 - f1 0.9606 
INFO:root:TEST batch 5 / 7 - Batch time 0 
INFO:root:TEST batch 6 / 7 - partial error 0.0581 - partial loss 0.3279 - partial MRR  0.0000 - partial MAP 0.9797
INFO:root:TEST batch 6 / 7 -  partial tp {0: tensor(0), 1: tensor(189)},fn {0: tensor(9), 1: tensor(0)},fp {0: tensor(0), 1: tensor(9)}
INFO:root:TEST batch 6 / 7 - measures partial microavg - precision 0.9545 - recall 0.9545 - f1 0.9545 
INFO:root:TEST batch 6 / 7 - measures partial for class 0 - precision 0.0000 - recall 0.0000 - f1 0.0000 
INFO:root:TEST batch 6 / 7 - measures partial for class 1 - precision 0.9545 - recall 1.0000 - f1 0.9767 
INFO:root:TEST batch 6 / 7 - Batch time 0 
INFO:root:TEST batch 7 / 7 - partial error 0.0620 - partial loss 0.3465 - partial MRR  0.0000 - partial MAP 0.9783
INFO:root:TEST batch 7 / 7 -  partial tp {0: tensor(0), 1: tensor(181)},fn {0: tensor(17), 1: tensor(0)},fp {0: tensor(0), 1: tensor(17)}
INFO:root:TEST batch 7 / 7 - measures partial microavg - precision 0.9141 - recall 0.9141 - f1 0.9141 
INFO:root:TEST batch 7 / 7 - measures partial for class 0 - precision 0.0000 - recall 0.0000 - f1 0.0000 
INFO:root:TEST batch 7 / 7 - measures partial for class 1 - precision 0.9141 - recall 1.0000 - f1 0.9551 
INFO:root:TEST batch 7 / 7 - Batch time 0 
INFO:root:TEST mean losses tensor(0.3465)
INFO:root:TEST mean errors 0.06204906105995178
INFO:root:TEST mean MRR 0.0 - mean MAP 0.9782995581626892
INFO:root:TEST tp {0: tensor(0), 1: tensor(1300)},fn {0: tensor(86), 1: tensor(0)},fp {0: tensor(0), 1: tensor(86)}
INFO:root:TEST measures microavg - precision 0.9380 - recall 0.9380 - f1 0.9380 
INFO:root:TEST measures for class 0 - precision 0.0000 - recall 0.0000 - f1 0.0000 
INFO:root:TEST measures for class 1 - precision 0.9380 - recall 1.0000 - f1 0.9680 
INFO:root:TEST measures@10 microavg - precision 1.0000 - recall 0.0505 - f1 0.0962 
INFO:root:TEST measures@10 for class 0 - precision 0.0000 - recall 0.0000 - f1 0.0000 
INFO:root:TEST measures@10 for class 1 - precision 1.0000 - recall 0.0538 - f1 0.1022 
INFO:root:TEST measures@100 microavg - precision 0.9743 - recall 0.4921 - f1 0.6539 
INFO:root:TEST measures@100 for class 0 - precision 0.0000 - recall 0.0000 - f1 0.0000 
INFO:root:TEST measures@100 for class 1 - precision 0.9743 - recall 0.5246 - f1 0.6820 
INFO:root:TEST measures@1000 microavg - precision 0.9380 - recall 0.9380 - f1 0.9380 
INFO:root:TEST measures@1000 for class 0 - precision 0.0000 - recall 0.0000 - f1 0.0000 
INFO:root:TEST measures@1000 for class 1 - precision 0.9380 - recall 1.0000 - f1 0.9680 
INFO:root:TEST Total epoch time: 0.21947072400007528
INFO:root:################ TRAIN epoch 12 ###################
INFO:root:TRAIN mean losses tensor(0.2925)
INFO:root:TRAIN mean errors 0.048821549862623215
INFO:root:TRAIN mean MRR 0.0 - mean MAP 0.9799337983131409
INFO:root:TRAIN tp {0: tensor(0), 1: tensor(5650)},fn {0: tensor(290), 1: tensor(0)},fp {0: tensor(0), 1: tensor(290)}
INFO:root:TRAIN measures microavg - precision 0.9512 - recall 0.9512 - f1 0.9512 
INFO:root:TRAIN measures for class 0 - precision 0.0000 - recall 0.0000 - f1 0.0000 
INFO:root:TRAIN measures for class 1 - precision 0.9512 - recall 1.0000 - f1 0.9750 
INFO:root:TRAIN measures@10 microavg - precision 0.9967 - recall 0.0503 - f1 0.0958 
INFO:root:TRAIN measures@10 for class 0 - precision 0.0000 - recall 0.0000 - f1 0.0000 
INFO:root:TRAIN measures@10 for class 1 - precision 0.9967 - recall 0.0529 - f1 0.1005 
INFO:root:TRAIN measures@100 microavg - precision 0.9770 - recall 0.4934 - f1 0.6557 
INFO:root:TRAIN measures@100 for class 0 - precision 0.0000 - recall 0.0000 - f1 0.0000 
INFO:root:TRAIN measures@100 for class 1 - precision 0.9770 - recall 0.5188 - f1 0.6777 
INFO:root:TRAIN measures@1000 microavg - precision 0.9512 - recall 0.9512 - f1 0.9512 
INFO:root:TRAIN measures@1000 for class 0 - precision 0.0000 - recall 0.0000 - f1 0.0000 
INFO:root:TRAIN measures@1000 for class 1 - precision 0.9512 - recall 1.0000 - f1 0.9750 
INFO:root:TRAIN Total epoch time: 2.457673473000341
INFO:root:################ VALID epoch 12 ###################
INFO:root:VALID mean losses tensor(0.2614)
INFO:root:VALID mean errors 0.046296294778585434
INFO:root:VALID mean MRR 0.0 - mean MAP 0.9827145338058472
INFO:root:VALID tp {0: tensor(0), 1: tensor(1133)},fn {0: tensor(55), 1: tensor(0)},fp {0: tensor(0), 1: tensor(55)}
INFO:root:VALID measures microavg - precision 0.9537 - recall 0.9537 - f1 0.9537 
INFO:root:VALID measures for class 0 - precision 0.0000 - recall 0.0000 - f1 0.0000 
INFO:root:VALID measures for class 1 - precision 0.9537 - recall 1.0000 - f1 0.9763 
INFO:root:VALID measures@10 microavg - precision 0.9667 - recall 0.0488 - f1 0.0929 
INFO:root:VALID measures@10 for class 0 - precision 0.0000 - recall 0.0000 - f1 0.0000 
INFO:root:VALID measures@10 for class 1 - precision 0.9667 - recall 0.0512 - f1 0.0972 
INFO:root:VALID measures@100 microavg - precision 0.9867 - recall 0.4983 - f1 0.6622 
INFO:root:VALID measures@100 for class 0 - precision 0.0000 - recall 0.0000 - f1 0.0000 
INFO:root:VALID measures@100 for class 1 - precision 0.9867 - recall 0.5225 - f1 0.6832 
INFO:root:VALID measures@1000 microavg - precision 0.9537 - recall 0.9537 - f1 0.9537 
INFO:root:VALID measures@1000 for class 0 - precision 0.0000 - recall 0.0000 - f1 0.0000 
INFO:root:VALID measures@1000 for class 1 - precision 0.9537 - recall 1.0000 - f1 0.9763 
INFO:root:VALID Total epoch time: 0.18855064299987134
INFO:root:################ TEST epoch 12 ###################
INFO:root:TEST batch 1 / 7 - partial error 0.0455 - partial loss 0.2797 - partial MRR  0.0000 - partial MAP 0.9813
INFO:root:TEST batch 1 / 7 -  partial tp {0: tensor(0), 1: tensor(189)},fn {0: tensor(9), 1: tensor(0)},fp {0: tensor(0), 1: tensor(9)}
INFO:root:TEST batch 1 / 7 - measures partial microavg - precision 0.9545 - recall 0.9545 - f1 0.9545 
INFO:root:TEST batch 1 / 7 - measures partial for class 0 - precision 0.0000 - recall 0.0000 - f1 0.0000 
INFO:root:TEST batch 1 / 7 - measures partial for class 1 - precision 0.9545 - recall 1.0000 - f1 0.9767 
INFO:root:TEST batch 1 / 7 - Batch time 0 
INFO:root:TEST batch 2 / 7 - partial error 0.0581 - partial loss 0.3379 - partial MRR  0.0000 - partial MAP 0.9736
INFO:root:TEST batch 2 / 7 -  partial tp {0: tensor(0), 1: tensor(184)},fn {0: tensor(14), 1: tensor(0)},fp {0: tensor(0), 1: tensor(14)}
INFO:root:TEST batch 2 / 7 - measures partial microavg - precision 0.9293 - recall 0.9293 - f1 0.9293 
INFO:root:TEST batch 2 / 7 - measures partial for class 0 - precision 0.0000 - recall 0.0000 - f1 0.0000 
INFO:root:TEST batch 2 / 7 - measures partial for class 1 - precision 0.9293 - recall 1.0000 - f1 0.9634 
INFO:root:TEST batch 2 / 7 - Batch time 0 
INFO:root:TEST batch 3 / 7 - partial error 0.0556 - partial loss 0.3206 - partial MRR  0.0000 - partial MAP 0.9756
INFO:root:TEST batch 3 / 7 -  partial tp {0: tensor(0), 1: tensor(188)},fn {0: tensor(10), 1: tensor(0)},fp {0: tensor(0), 1: tensor(10)}
INFO:root:TEST batch 3 / 7 - measures partial microavg - precision 0.9495 - recall 0.9495 - f1 0.9495 
INFO:root:TEST batch 3 / 7 - measures partial for class 0 - precision 0.0000 - recall 0.0000 - f1 0.0000 
INFO:root:TEST batch 3 / 7 - measures partial for class 1 - precision 0.9495 - recall 1.0000 - f1 0.9741 
INFO:root:TEST batch 3 / 7 - Batch time 0 
INFO:root:TEST batch 4 / 7 - partial error 0.0568 - partial loss 0.3278 - partial MRR  0.0000 - partial MAP 0.9757
INFO:root:TEST batch 4 / 7 -  partial tp {0: tensor(0), 1: tensor(186)},fn {0: tensor(12), 1: tensor(0)},fp {0: tensor(0), 1: tensor(12)}
INFO:root:TEST batch 4 / 7 - measures partial microavg - precision 0.9394 - recall 0.9394 - f1 0.9394 
INFO:root:TEST batch 4 / 7 - measures partial for class 0 - precision 0.0000 - recall 0.0000 - f1 0.0000 
INFO:root:TEST batch 4 / 7 - measures partial for class 1 - precision 0.9394 - recall 1.0000 - f1 0.9688 
INFO:root:TEST batch 4 / 7 - Batch time 0 
INFO:root:TEST batch 5 / 7 - partial error 0.0606 - partial loss 0.3497 - partial MRR  0.0000 - partial MAP 0.9731
INFO:root:TEST batch 5 / 7 -  partial tp {0: tensor(0), 1: tensor(183)},fn {0: tensor(15), 1: tensor(0)},fp {0: tensor(0), 1: tensor(15)}
INFO:root:TEST batch 5 / 7 - measures partial microavg - precision 0.9242 - recall 0.9242 - f1 0.9242 
INFO:root:TEST batch 5 / 7 - measures partial for class 0 - precision 0.0000 - recall 0.0000 - f1 0.0000 
INFO:root:TEST batch 5 / 7 - measures partial for class 1 - precision 0.9242 - recall 1.0000 - f1 0.9606 
INFO:root:TEST batch 5 / 7 - Batch time 0 
INFO:root:TEST batch 6 / 7 - partial error 0.0581 - partial loss 0.3323 - partial MRR  0.0000 - partial MAP 0.9762
INFO:root:TEST batch 6 / 7 -  partial tp {0: tensor(0), 1: tensor(189)},fn {0: tensor(9), 1: tensor(0)},fp {0: tensor(0), 1: tensor(9)}
INFO:root:TEST batch 6 / 7 - measures partial microavg - precision 0.9545 - recall 0.9545 - f1 0.9545 
INFO:root:TEST batch 6 / 7 - measures partial for class 0 - precision 0.0000 - recall 0.0000 - f1 0.0000 
INFO:root:TEST batch 6 / 7 - measures partial for class 1 - precision 0.9545 - recall 1.0000 - f1 0.9767 
INFO:root:TEST batch 6 / 7 - Batch time 0 
INFO:root:TEST batch 7 / 7 - partial error 0.0620 - partial loss 0.3502 - partial MRR  0.0000 - partial MAP 0.9758
INFO:root:TEST batch 7 / 7 -  partial tp {0: tensor(0), 1: tensor(181)},fn {0: tensor(17), 1: tensor(0)},fp {0: tensor(0), 1: tensor(17)}
INFO:root:TEST batch 7 / 7 - measures partial microavg - precision 0.9141 - recall 0.9141 - f1 0.9141 
INFO:root:TEST batch 7 / 7 - measures partial for class 0 - precision 0.0000 - recall 0.0000 - f1 0.0000 
INFO:root:TEST batch 7 / 7 - measures partial for class 1 - precision 0.9141 - recall 1.0000 - f1 0.9551 
INFO:root:TEST batch 7 / 7 - Batch time 0 
INFO:root:TEST mean losses tensor(0.3502)
INFO:root:TEST mean errors 0.06204906105995178
INFO:root:TEST mean MRR 0.0 - mean MAP 0.9758422374725342
INFO:root:TEST tp {0: tensor(0), 1: tensor(1300)},fn {0: tensor(86), 1: tensor(0)},fp {0: tensor(0), 1: tensor(86)}
INFO:root:TEST measures microavg - precision 0.9380 - recall 0.9380 - f1 0.9380 
INFO:root:TEST measures for class 0 - precision 0.0000 - recall 0.0000 - f1 0.0000 
INFO:root:TEST measures for class 1 - precision 0.9380 - recall 1.0000 - f1 0.9680 
INFO:root:TEST measures@10 microavg - precision 1.0000 - recall 0.0505 - f1 0.0962 
INFO:root:TEST measures@10 for class 0 - precision 0.0000 - recall 0.0000 - f1 0.0000 
INFO:root:TEST measures@10 for class 1 - precision 1.0000 - recall 0.0538 - f1 0.1022 
INFO:root:TEST measures@100 microavg - precision 0.9757 - recall 0.4928 - f1 0.6548 
INFO:root:TEST measures@100 for class 0 - precision 0.0000 - recall 0.0000 - f1 0.0000 
INFO:root:TEST measures@100 for class 1 - precision 0.9757 - recall 0.5254 - f1 0.6830 
INFO:root:TEST measures@1000 microavg - precision 0.9380 - recall 0.9380 - f1 0.9380 
INFO:root:TEST measures@1000 for class 0 - precision 0.0000 - recall 0.0000 - f1 0.0000 
INFO:root:TEST measures@1000 for class 1 - precision 0.9380 - recall 1.0000 - f1 0.9680 
INFO:root:TEST Total epoch time: 0.24149590000024546
INFO:root:################ TRAIN epoch 13 ###################
INFO:root:TRAIN mean losses tensor(0.2929)
INFO:root:TRAIN mean errors 0.048821549862623215
INFO:root:TRAIN mean MRR 0.0 - mean MAP 0.9798581600189209
INFO:root:TRAIN tp {0: tensor(0), 1: tensor(5650)},fn {0: tensor(290), 1: tensor(0)},fp {0: tensor(0), 1: tensor(290)}
INFO:root:TRAIN measures microavg - precision 0.9512 - recall 0.9512 - f1 0.9512 
INFO:root:TRAIN measures for class 0 - precision 0.0000 - recall 0.0000 - f1 0.0000 
INFO:root:TRAIN measures for class 1 - precision 0.9512 - recall 1.0000 - f1 0.9750 
INFO:root:TRAIN measures@10 microavg - precision 0.9900 - recall 0.0500 - f1 0.0952 
INFO:root:TRAIN measures@10 for class 0 - precision 0.0000 - recall 0.0000 - f1 0.0000 
INFO:root:TRAIN measures@10 for class 1 - precision 0.9900 - recall 0.0526 - f1 0.0998 
INFO:root:TRAIN measures@100 microavg - precision 0.9740 - recall 0.4919 - f1 0.6537 
INFO:root:TRAIN measures@100 for class 0 - precision 0.0000 - recall 0.0000 - f1 0.0000 
INFO:root:TRAIN measures@100 for class 1 - precision 0.9740 - recall 0.5172 - f1 0.6756 
INFO:root:TRAIN measures@1000 microavg - precision 0.9512 - recall 0.9512 - f1 0.9512 
INFO:root:TRAIN measures@1000 for class 0 - precision 0.0000 - recall 0.0000 - f1 0.0000 
INFO:root:TRAIN measures@1000 for class 1 - precision 0.9512 - recall 1.0000 - f1 0.9750 
INFO:root:TRAIN Total epoch time: 2.4283063809998566
INFO:root:################ VALID epoch 13 ###################
INFO:root:VALID mean losses tensor(0.2625)
INFO:root:VALID mean errors 0.046296294778585434
INFO:root:VALID mean MRR 0.0 - mean MAP 0.9831571578979492
INFO:root:VALID tp {0: tensor(0), 1: tensor(1133)},fn {0: tensor(55), 1: tensor(0)},fp {0: tensor(0), 1: tensor(55)}
INFO:root:VALID measures microavg - precision 0.9537 - recall 0.9537 - f1 0.9537 
INFO:root:VALID measures for class 0 - precision 0.0000 - recall 0.0000 - f1 0.0000 
INFO:root:VALID measures for class 1 - precision 0.9537 - recall 1.0000 - f1 0.9763 
INFO:root:VALID measures@10 microavg - precision 0.9667 - recall 0.0488 - f1 0.0929 
INFO:root:VALID measures@10 for class 0 - precision 0.0000 - recall 0.0000 - f1 0.0000 
INFO:root:VALID measures@10 for class 1 - precision 0.9667 - recall 0.0512 - f1 0.0972 
INFO:root:VALID measures@100 microavg - precision 0.9850 - recall 0.4975 - f1 0.6611 
INFO:root:VALID measures@100 for class 0 - precision 0.0000 - recall 0.0000 - f1 0.0000 
INFO:root:VALID measures@100 for class 1 - precision 0.9850 - recall 0.5216 - f1 0.6821 
INFO:root:VALID measures@1000 microavg - precision 0.9537 - recall 0.9537 - f1 0.9537 
INFO:root:VALID measures@1000 for class 0 - precision 0.0000 - recall 0.0000 - f1 0.0000 
INFO:root:VALID measures@1000 for class 1 - precision 0.9537 - recall 1.0000 - f1 0.9763 
INFO:root:VALID Total epoch time: 0.23707859300020573
INFO:root:################ TEST epoch 13 ###################
INFO:root:TEST batch 1 / 7 - partial error 0.0455 - partial loss 0.2872 - partial MRR  0.0000 - partial MAP 0.9793
INFO:root:TEST batch 1 / 7 -  partial tp {0: tensor(0), 1: tensor(189)},fn {0: tensor(9), 1: tensor(0)},fp {0: tensor(0), 1: tensor(9)}
INFO:root:TEST batch 1 / 7 - measures partial microavg - precision 0.9545 - recall 0.9545 - f1 0.9545 
INFO:root:TEST batch 1 / 7 - measures partial for class 0 - precision 0.0000 - recall 0.0000 - f1 0.0000 
INFO:root:TEST batch 1 / 7 - measures partial for class 1 - precision 0.9545 - recall 1.0000 - f1 0.9767 
INFO:root:TEST batch 1 / 7 - Batch time 0 
INFO:root:TEST batch 2 / 7 - partial error 0.0581 - partial loss 0.3336 - partial MRR  0.0000 - partial MAP 0.9797
INFO:root:TEST batch 2 / 7 -  partial tp {0: tensor(0), 1: tensor(184)},fn {0: tensor(14), 1: tensor(0)},fp {0: tensor(0), 1: tensor(14)}
INFO:root:TEST batch 2 / 7 - measures partial microavg - precision 0.9293 - recall 0.9293 - f1 0.9293 
INFO:root:TEST batch 2 / 7 - measures partial for class 0 - precision 0.0000 - recall 0.0000 - f1 0.0000 
INFO:root:TEST batch 2 / 7 - measures partial for class 1 - precision 0.9293 - recall 1.0000 - f1 0.9634 
INFO:root:TEST batch 2 / 7 - Batch time 0 
INFO:root:TEST batch 3 / 7 - partial error 0.0556 - partial loss 0.3196 - partial MRR  0.0000 - partial MAP 0.9795
INFO:root:TEST batch 3 / 7 -  partial tp {0: tensor(0), 1: tensor(188)},fn {0: tensor(10), 1: tensor(0)},fp {0: tensor(0), 1: tensor(10)}
INFO:root:TEST batch 3 / 7 - measures partial microavg - precision 0.9495 - recall 0.9495 - f1 0.9495 
INFO:root:TEST batch 3 / 7 - measures partial for class 0 - precision 0.0000 - recall 0.0000 - f1 0.0000 
INFO:root:TEST batch 3 / 7 - measures partial for class 1 - precision 0.9495 - recall 1.0000 - f1 0.9741 
INFO:root:TEST batch 3 / 7 - Batch time 0 
INFO:root:TEST batch 4 / 7 - partial error 0.0568 - partial loss 0.3231 - partial MRR  0.0000 - partial MAP 0.9795
INFO:root:TEST batch 4 / 7 -  partial tp {0: tensor(0), 1: tensor(186)},fn {0: tensor(12), 1: tensor(0)},fp {0: tensor(0), 1: tensor(12)}
INFO:root:TEST batch 4 / 7 - measures partial microavg - precision 0.9394 - recall 0.9394 - f1 0.9394 
INFO:root:TEST batch 4 / 7 - measures partial for class 0 - precision 0.0000 - recall 0.0000 - f1 0.0000 
INFO:root:TEST batch 4 / 7 - measures partial for class 1 - precision 0.9394 - recall 1.0000 - f1 0.9688 
INFO:root:TEST batch 4 / 7 - Batch time 0 
INFO:root:TEST batch 5 / 7 - partial error 0.0606 - partial loss 0.3404 - partial MRR  0.0000 - partial MAP 0.9792
INFO:root:TEST batch 5 / 7 -  partial tp {0: tensor(0), 1: tensor(183)},fn {0: tensor(15), 1: tensor(0)},fp {0: tensor(0), 1: tensor(15)}
INFO:root:TEST batch 5 / 7 - measures partial microavg - precision 0.9242 - recall 0.9242 - f1 0.9242 
INFO:root:TEST batch 5 / 7 - measures partial for class 0 - precision 0.0000 - recall 0.0000 - f1 0.0000 
INFO:root:TEST batch 5 / 7 - measures partial for class 1 - precision 0.9242 - recall 1.0000 - f1 0.9606 
INFO:root:TEST batch 5 / 7 - Batch time 0 
INFO:root:TEST batch 6 / 7 - partial error 0.0581 - partial loss 0.3257 - partial MRR  0.0000 - partial MAP 0.9808
INFO:root:TEST batch 6 / 7 -  partial tp {0: tensor(0), 1: tensor(189)},fn {0: tensor(9), 1: tensor(0)},fp {0: tensor(0), 1: tensor(9)}
INFO:root:TEST batch 6 / 7 - measures partial microavg - precision 0.9545 - recall 0.9545 - f1 0.9545 
INFO:root:TEST batch 6 / 7 - measures partial for class 0 - precision 0.0000 - recall 0.0000 - f1 0.0000 
INFO:root:TEST batch 6 / 7 - measures partial for class 1 - precision 0.9545 - recall 1.0000 - f1 0.9767 
INFO:root:TEST batch 6 / 7 - Batch time 0 
INFO:root:TEST batch 7 / 7 - partial error 0.0620 - partial loss 0.3425 - partial MRR  0.0000 - partial MAP 0.9806
INFO:root:TEST batch 7 / 7 -  partial tp {0: tensor(0), 1: tensor(181)},fn {0: tensor(17), 1: tensor(0)},fp {0: tensor(0), 1: tensor(17)}
INFO:root:TEST batch 7 / 7 - measures partial microavg - precision 0.9141 - recall 0.9141 - f1 0.9141 
INFO:root:TEST batch 7 / 7 - measures partial for class 0 - precision 0.0000 - recall 0.0000 - f1 0.0000 
INFO:root:TEST batch 7 / 7 - measures partial for class 1 - precision 0.9141 - recall 1.0000 - f1 0.9551 
INFO:root:TEST batch 7 / 7 - Batch time 0 
INFO:root:TEST mean losses tensor(0.3425)
INFO:root:TEST mean errors 0.06204906105995178
INFO:root:TEST mean MRR 0.0 - mean MAP 0.9806018471717834
INFO:root:TEST tp {0: tensor(0), 1: tensor(1300)},fn {0: tensor(86), 1: tensor(0)},fp {0: tensor(0), 1: tensor(86)}
INFO:root:TEST measures microavg - precision 0.9380 - recall 0.9380 - f1 0.9380 
INFO:root:TEST measures for class 0 - precision 0.0000 - recall 0.0000 - f1 0.0000 
INFO:root:TEST measures for class 1 - precision 0.9380 - recall 1.0000 - f1 0.9680 
INFO:root:TEST measures@10 microavg - precision 1.0000 - recall 0.0505 - f1 0.0962 
INFO:root:TEST measures@10 for class 0 - precision 0.0000 - recall 0.0000 - f1 0.0000 
INFO:root:TEST measures@10 for class 1 - precision 1.0000 - recall 0.0538 - f1 0.1022 
INFO:root:TEST measures@100 microavg - precision 0.9700 - recall 0.4899 - f1 0.6510 
INFO:root:TEST measures@100 for class 0 - precision 0.0000 - recall 0.0000 - f1 0.0000 
INFO:root:TEST measures@100 for class 1 - precision 0.9700 - recall 0.5223 - f1 0.6790 
INFO:root:TEST measures@1000 microavg - precision 0.9380 - recall 0.9380 - f1 0.9380 
INFO:root:TEST measures@1000 for class 0 - precision 0.0000 - recall 0.0000 - f1 0.0000 
INFO:root:TEST measures@1000 for class 1 - precision 0.9380 - recall 1.0000 - f1 0.9680 
INFO:root:TEST Total epoch time: 0.284897613999874
INFO:root:################ TRAIN epoch 14 ###################
INFO:root:TRAIN mean losses tensor(0.2931)
INFO:root:TRAIN mean errors 0.048821549862623215
INFO:root:TRAIN mean MRR 0.0 - mean MAP 0.9797178506851196
INFO:root:TRAIN tp {0: tensor(0), 1: tensor(5650)},fn {0: tensor(290), 1: tensor(0)},fp {0: tensor(0), 1: tensor(290)}
INFO:root:TRAIN measures microavg - precision 0.9512 - recall 0.9512 - f1 0.9512 
INFO:root:TRAIN measures for class 0 - precision 0.0000 - recall 0.0000 - f1 0.0000 
INFO:root:TRAIN measures for class 1 - precision 0.9512 - recall 1.0000 - f1 0.9750 
INFO:root:TRAIN measures@10 microavg - precision 1.0000 - recall 0.0505 - f1 0.0962 
INFO:root:TRAIN measures@10 for class 0 - precision 0.0000 - recall 0.0000 - f1 0.0000 
INFO:root:TRAIN measures@10 for class 1 - precision 1.0000 - recall 0.0531 - f1 0.1008 
INFO:root:TRAIN measures@100 microavg - precision 0.9773 - recall 0.4936 - f1 0.6559 
INFO:root:TRAIN measures@100 for class 0 - precision 0.0000 - recall 0.0000 - f1 0.0000 
INFO:root:TRAIN measures@100 for class 1 - precision 0.9773 - recall 0.5189 - f1 0.6779 
INFO:root:TRAIN measures@1000 microavg - precision 0.9512 - recall 0.9512 - f1 0.9512 
INFO:root:TRAIN measures@1000 for class 0 - precision 0.0000 - recall 0.0000 - f1 0.0000 
INFO:root:TRAIN measures@1000 for class 1 - precision 0.9512 - recall 1.0000 - f1 0.9750 
INFO:root:TRAIN Total epoch time: 1.9965019390001544
INFO:root:################ VALID epoch 14 ###################
INFO:root:VALID mean losses tensor(0.2705)
INFO:root:VALID mean errors 0.046296294778585434
INFO:root:VALID mean MRR 0.0 - mean MAP 0.9793837070465088
INFO:root:VALID tp {0: tensor(0), 1: tensor(1133)},fn {0: tensor(55), 1: tensor(0)},fp {0: tensor(0), 1: tensor(55)}
INFO:root:VALID measures microavg - precision 0.9537 - recall 0.9537 - f1 0.9537 
INFO:root:VALID measures for class 0 - precision 0.0000 - recall 0.0000 - f1 0.0000 
INFO:root:VALID measures for class 1 - precision 0.9537 - recall 1.0000 - f1 0.9763 
INFO:root:VALID measures@10 microavg - precision 0.9667 - recall 0.0488 - f1 0.0929 
INFO:root:VALID measures@10 for class 0 - precision 0.0000 - recall 0.0000 - f1 0.0000 
INFO:root:VALID measures@10 for class 1 - precision 0.9667 - recall 0.0512 - f1 0.0972 
INFO:root:VALID measures@100 microavg - precision 0.9833 - recall 0.4966 - f1 0.6600 
INFO:root:VALID measures@100 for class 0 - precision 0.0000 - recall 0.0000 - f1 0.0000 
INFO:root:VALID measures@100 for class 1 - precision 0.9833 - recall 0.5207 - f1 0.6809 
INFO:root:VALID measures@1000 microavg - precision 0.9537 - recall 0.9537 - f1 0.9537 
INFO:root:VALID measures@1000 for class 0 - precision 0.0000 - recall 0.0000 - f1 0.0000 
INFO:root:VALID measures@1000 for class 1 - precision 0.9537 - recall 1.0000 - f1 0.9763 
INFO:root:VALID Total epoch time: 0.27414771300027496
INFO:root:################ TEST epoch 14 ###################
INFO:root:TEST batch 1 / 7 - partial error 0.0455 - partial loss 0.2856 - partial MRR  0.0000 - partial MAP 0.9775
INFO:root:TEST batch 1 / 7 -  partial tp {0: tensor(0), 1: tensor(189)},fn {0: tensor(9), 1: tensor(0)},fp {0: tensor(0), 1: tensor(9)}
INFO:root:TEST batch 1 / 7 - measures partial microavg - precision 0.9545 - recall 0.9545 - f1 0.9545 
INFO:root:TEST batch 1 / 7 - measures partial for class 0 - precision 0.0000 - recall 0.0000 - f1 0.0000 
INFO:root:TEST batch 1 / 7 - measures partial for class 1 - precision 0.9545 - recall 1.0000 - f1 0.9767 
INFO:root:TEST batch 1 / 7 - Batch time 0 
INFO:root:TEST batch 2 / 7 - partial error 0.0581 - partial loss 0.3352 - partial MRR  0.0000 - partial MAP 0.9774
INFO:root:TEST batch 2 / 7 -  partial tp {0: tensor(0), 1: tensor(184)},fn {0: tensor(14), 1: tensor(0)},fp {0: tensor(0), 1: tensor(14)}
INFO:root:TEST batch 2 / 7 - measures partial microavg - precision 0.9293 - recall 0.9293 - f1 0.9293 
INFO:root:TEST batch 2 / 7 - measures partial for class 0 - precision 0.0000 - recall 0.0000 - f1 0.0000 
INFO:root:TEST batch 2 / 7 - measures partial for class 1 - precision 0.9293 - recall 1.0000 - f1 0.9634 
INFO:root:TEST batch 2 / 7 - Batch time 0 
INFO:root:TEST batch 3 / 7 - partial error 0.0556 - partial loss 0.3237 - partial MRR  0.0000 - partial MAP 0.9778
INFO:root:TEST batch 3 / 7 -  partial tp {0: tensor(0), 1: tensor(188)},fn {0: tensor(10), 1: tensor(0)},fp {0: tensor(0), 1: tensor(10)}
INFO:root:TEST batch 3 / 7 - measures partial microavg - precision 0.9495 - recall 0.9495 - f1 0.9495 
INFO:root:TEST batch 3 / 7 - measures partial for class 0 - precision 0.0000 - recall 0.0000 - f1 0.0000 
INFO:root:TEST batch 3 / 7 - measures partial for class 1 - precision 0.9495 - recall 1.0000 - f1 0.9741 
INFO:root:TEST batch 3 / 7 - Batch time 0 
INFO:root:TEST batch 4 / 7 - partial error 0.0568 - partial loss 0.3251 - partial MRR  0.0000 - partial MAP 0.9778
INFO:root:TEST batch 4 / 7 -  partial tp {0: tensor(0), 1: tensor(186)},fn {0: tensor(12), 1: tensor(0)},fp {0: tensor(0), 1: tensor(12)}
INFO:root:TEST batch 4 / 7 - measures partial microavg - precision 0.9394 - recall 0.9394 - f1 0.9394 
INFO:root:TEST batch 4 / 7 - measures partial for class 0 - precision 0.0000 - recall 0.0000 - f1 0.0000 
INFO:root:TEST batch 4 / 7 - measures partial for class 1 - precision 0.9394 - recall 1.0000 - f1 0.9688 
INFO:root:TEST batch 4 / 7 - Batch time 0 
INFO:root:TEST batch 5 / 7 - partial error 0.0606 - partial loss 0.3443 - partial MRR  0.0000 - partial MAP 0.9756
INFO:root:TEST batch 5 / 7 -  partial tp {0: tensor(0), 1: tensor(183)},fn {0: tensor(15), 1: tensor(0)},fp {0: tensor(0), 1: tensor(15)}
INFO:root:TEST batch 5 / 7 - measures partial microavg - precision 0.9242 - recall 0.9242 - f1 0.9242 
INFO:root:TEST batch 5 / 7 - measures partial for class 0 - precision 0.0000 - recall 0.0000 - f1 0.0000 
INFO:root:TEST batch 5 / 7 - measures partial for class 1 - precision 0.9242 - recall 1.0000 - f1 0.9606 
INFO:root:TEST batch 5 / 7 - Batch time 0 
INFO:root:TEST batch 6 / 7 - partial error 0.0581 - partial loss 0.3316 - partial MRR  0.0000 - partial MAP 0.9770
INFO:root:TEST batch 6 / 7 -  partial tp {0: tensor(0), 1: tensor(189)},fn {0: tensor(9), 1: tensor(0)},fp {0: tensor(0), 1: tensor(9)}
INFO:root:TEST batch 6 / 7 - measures partial microavg - precision 0.9545 - recall 0.9545 - f1 0.9545 
INFO:root:TEST batch 6 / 7 - measures partial for class 0 - precision 0.0000 - recall 0.0000 - f1 0.0000 
INFO:root:TEST batch 6 / 7 - measures partial for class 1 - precision 0.9545 - recall 1.0000 - f1 0.9767 
INFO:root:TEST batch 6 / 7 - Batch time 0 
INFO:root:TEST batch 7 / 7 - partial error 0.0620 - partial loss 0.3479 - partial MRR  0.0000 - partial MAP 0.9772
INFO:root:TEST batch 7 / 7 -  partial tp {0: tensor(0), 1: tensor(181)},fn {0: tensor(17), 1: tensor(0)},fp {0: tensor(0), 1: tensor(17)}
INFO:root:TEST batch 7 / 7 - measures partial microavg - precision 0.9141 - recall 0.9141 - f1 0.9141 
INFO:root:TEST batch 7 / 7 - measures partial for class 0 - precision 0.0000 - recall 0.0000 - f1 0.0000 
INFO:root:TEST batch 7 / 7 - measures partial for class 1 - precision 0.9141 - recall 1.0000 - f1 0.9551 
INFO:root:TEST batch 7 / 7 - Batch time 0 
INFO:root:TEST mean losses tensor(0.3479)
INFO:root:TEST mean errors 0.06204906105995178
INFO:root:TEST mean MRR 0.0 - mean MAP 0.9771924018859863
INFO:root:TEST tp {0: tensor(0), 1: tensor(1300)},fn {0: tensor(86), 1: tensor(0)},fp {0: tensor(0), 1: tensor(86)}
INFO:root:TEST measures microavg - precision 0.9380 - recall 0.9380 - f1 0.9380 
INFO:root:TEST measures for class 0 - precision 0.0000 - recall 0.0000 - f1 0.0000 
INFO:root:TEST measures for class 1 - precision 0.9380 - recall 1.0000 - f1 0.9680 
INFO:root:TEST measures@10 microavg - precision 1.0000 - recall 0.0505 - f1 0.0962 
INFO:root:TEST measures@10 for class 0 - precision 0.0000 - recall 0.0000 - f1 0.0000 
INFO:root:TEST measures@10 for class 1 - precision 1.0000 - recall 0.0538 - f1 0.1022 
INFO:root:TEST measures@100 microavg - precision 0.9743 - recall 0.4921 - f1 0.6539 
INFO:root:TEST measures@100 for class 0 - precision 0.0000 - recall 0.0000 - f1 0.0000 
INFO:root:TEST measures@100 for class 1 - precision 0.9743 - recall 0.5246 - f1 0.6820 
INFO:root:TEST measures@1000 microavg - precision 0.9380 - recall 0.9380 - f1 0.9380 
INFO:root:TEST measures@1000 for class 0 - precision 0.0000 - recall 0.0000 - f1 0.0000 
INFO:root:TEST measures@1000 for class 1 - precision 0.9380 - recall 1.0000 - f1 0.9680 
INFO:root:TEST Total epoch time: 0.2349303770001825
INFO:root:################ TRAIN epoch 15 ###################
INFO:root:TRAIN mean losses tensor(0.2913)
INFO:root:TRAIN mean errors 0.048821549862623215
INFO:root:TRAIN mean MRR 0.0 - mean MAP 0.97929447889328
INFO:root:TRAIN tp {0: tensor(0), 1: tensor(5650)},fn {0: tensor(290), 1: tensor(0)},fp {0: tensor(0), 1: tensor(290)}
INFO:root:TRAIN measures microavg - precision 0.9512 - recall 0.9512 - f1 0.9512 
INFO:root:TRAIN measures for class 0 - precision 0.0000 - recall 0.0000 - f1 0.0000 
INFO:root:TRAIN measures for class 1 - precision 0.9512 - recall 1.0000 - f1 0.9750 
INFO:root:TRAIN measures@10 microavg - precision 0.9933 - recall 0.0502 - f1 0.0955 
INFO:root:TRAIN measures@10 for class 0 - precision 0.0000 - recall 0.0000 - f1 0.0000 
INFO:root:TRAIN measures@10 for class 1 - precision 0.9933 - recall 0.0527 - f1 0.1002 
INFO:root:TRAIN measures@100 microavg - precision 0.9743 - recall 0.4921 - f1 0.6539 
INFO:root:TRAIN measures@100 for class 0 - precision 0.0000 - recall 0.0000 - f1 0.0000 
INFO:root:TRAIN measures@100 for class 1 - precision 0.9743 - recall 0.5173 - f1 0.6758 
INFO:root:TRAIN measures@1000 microavg - precision 0.9512 - recall 0.9512 - f1 0.9512 
INFO:root:TRAIN measures@1000 for class 0 - precision 0.0000 - recall 0.0000 - f1 0.0000 
INFO:root:TRAIN measures@1000 for class 1 - precision 0.9512 - recall 1.0000 - f1 0.9750 
INFO:root:TRAIN Total epoch time: 1.8950511930001994
INFO:root:################ VALID epoch 15 ###################
INFO:root:VALID mean losses tensor(0.2633)
INFO:root:VALID mean errors 0.046296294778585434
INFO:root:VALID mean MRR 0.0 - mean MAP 0.9837470650672913
INFO:root:VALID tp {0: tensor(0), 1: tensor(1133)},fn {0: tensor(55), 1: tensor(0)},fp {0: tensor(0), 1: tensor(55)}
INFO:root:VALID measures microavg - precision 0.9537 - recall 0.9537 - f1 0.9537 
INFO:root:VALID measures for class 0 - precision 0.0000 - recall 0.0000 - f1 0.0000 
INFO:root:VALID measures for class 1 - precision 0.9537 - recall 1.0000 - f1 0.9763 
INFO:root:VALID measures@10 microavg - precision 1.0000 - recall 0.0505 - f1 0.0962 
INFO:root:VALID measures@10 for class 0 - precision 0.0000 - recall 0.0000 - f1 0.0000 
INFO:root:VALID measures@10 for class 1 - precision 1.0000 - recall 0.0530 - f1 0.1006 
INFO:root:VALID measures@100 microavg - precision 0.9867 - recall 0.4983 - f1 0.6622 
INFO:root:VALID measures@100 for class 0 - precision 0.0000 - recall 0.0000 - f1 0.0000 
INFO:root:VALID measures@100 for class 1 - precision 0.9867 - recall 0.5225 - f1 0.6832 
INFO:root:VALID measures@1000 microavg - precision 0.9537 - recall 0.9537 - f1 0.9537 
INFO:root:VALID measures@1000 for class 0 - precision 0.0000 - recall 0.0000 - f1 0.0000 
INFO:root:VALID measures@1000 for class 1 - precision 0.9537 - recall 1.0000 - f1 0.9763 
INFO:root:VALID Total epoch time: 0.14216571499991915
INFO:root:################ TEST epoch 15 ###################
INFO:root:TEST batch 1 / 7 - partial error 0.0455 - partial loss 0.2950 - partial MRR  0.0000 - partial MAP 0.9765
INFO:root:TEST batch 1 / 7 -  partial tp {0: tensor(0), 1: tensor(189)},fn {0: tensor(9), 1: tensor(0)},fp {0: tensor(0), 1: tensor(9)}
INFO:root:TEST batch 1 / 7 - measures partial microavg - precision 0.9545 - recall 0.9545 - f1 0.9545 
INFO:root:TEST batch 1 / 7 - measures partial for class 0 - precision 0.0000 - recall 0.0000 - f1 0.0000 
INFO:root:TEST batch 1 / 7 - measures partial for class 1 - precision 0.9545 - recall 1.0000 - f1 0.9767 
INFO:root:TEST batch 1 / 7 - Batch time 0 
INFO:root:TEST batch 2 / 7 - partial error 0.0581 - partial loss 0.3436 - partial MRR  0.0000 - partial MAP 0.9749
INFO:root:TEST batch 2 / 7 -  partial tp {0: tensor(0), 1: tensor(184)},fn {0: tensor(14), 1: tensor(0)},fp {0: tensor(0), 1: tensor(14)}
INFO:root:TEST batch 2 / 7 - measures partial microavg - precision 0.9293 - recall 0.9293 - f1 0.9293 
INFO:root:TEST batch 2 / 7 - measures partial for class 0 - precision 0.0000 - recall 0.0000 - f1 0.0000 
INFO:root:TEST batch 2 / 7 - measures partial for class 1 - precision 0.9293 - recall 1.0000 - f1 0.9634 
INFO:root:TEST batch 2 / 7 - Batch time 0 
INFO:root:TEST batch 3 / 7 - partial error 0.0556 - partial loss 0.3280 - partial MRR  0.0000 - partial MAP 0.9778
INFO:root:TEST batch 3 / 7 -  partial tp {0: tensor(0), 1: tensor(188)},fn {0: tensor(10), 1: tensor(0)},fp {0: tensor(0), 1: tensor(10)}
INFO:root:TEST batch 3 / 7 - measures partial microavg - precision 0.9495 - recall 0.9495 - f1 0.9495 
INFO:root:TEST batch 3 / 7 - measures partial for class 0 - precision 0.0000 - recall 0.0000 - f1 0.0000 
INFO:root:TEST batch 3 / 7 - measures partial for class 1 - precision 0.9495 - recall 1.0000 - f1 0.9741 
INFO:root:TEST batch 3 / 7 - Batch time 0 
INFO:root:TEST batch 4 / 7 - partial error 0.0568 - partial loss 0.3288 - partial MRR  0.0000 - partial MAP 0.9782
INFO:root:TEST batch 4 / 7 -  partial tp {0: tensor(0), 1: tensor(186)},fn {0: tensor(12), 1: tensor(0)},fp {0: tensor(0), 1: tensor(12)}
INFO:root:TEST batch 4 / 7 - measures partial microavg - precision 0.9394 - recall 0.9394 - f1 0.9394 
INFO:root:TEST batch 4 / 7 - measures partial for class 0 - precision 0.0000 - recall 0.0000 - f1 0.0000 
INFO:root:TEST batch 4 / 7 - measures partial for class 1 - precision 0.9394 - recall 1.0000 - f1 0.9688 
INFO:root:TEST batch 4 / 7 - Batch time 0 
INFO:root:TEST batch 5 / 7 - partial error 0.0606 - partial loss 0.3470 - partial MRR  0.0000 - partial MAP 0.9766
INFO:root:TEST batch 5 / 7 -  partial tp {0: tensor(0), 1: tensor(183)},fn {0: tensor(15), 1: tensor(0)},fp {0: tensor(0), 1: tensor(15)}
INFO:root:TEST batch 5 / 7 - measures partial microavg - precision 0.9242 - recall 0.9242 - f1 0.9242 
INFO:root:TEST batch 5 / 7 - measures partial for class 0 - precision 0.0000 - recall 0.0000 - f1 0.0000 
INFO:root:TEST batch 5 / 7 - measures partial for class 1 - precision 0.9242 - recall 1.0000 - f1 0.9606 
INFO:root:TEST batch 5 / 7 - Batch time 0 
INFO:root:TEST batch 6 / 7 - partial error 0.0581 - partial loss 0.3307 - partial MRR  0.0000 - partial MAP 0.9787
INFO:root:TEST batch 6 / 7 -  partial tp {0: tensor(0), 1: tensor(189)},fn {0: tensor(9), 1: tensor(0)},fp {0: tensor(0), 1: tensor(9)}
INFO:root:TEST batch 6 / 7 - measures partial microavg - precision 0.9545 - recall 0.9545 - f1 0.9545 
INFO:root:TEST batch 6 / 7 - measures partial for class 0 - precision 0.0000 - recall 0.0000 - f1 0.0000 
INFO:root:TEST batch 6 / 7 - measures partial for class 1 - precision 0.9545 - recall 1.0000 - f1 0.9767 
INFO:root:TEST batch 6 / 7 - Batch time 0 
INFO:root:TEST batch 7 / 7 - partial error 0.0620 - partial loss 0.3478 - partial MRR  0.0000 - partial MAP 0.9785
INFO:root:TEST batch 7 / 7 -  partial tp {0: tensor(0), 1: tensor(181)},fn {0: tensor(17), 1: tensor(0)},fp {0: tensor(0), 1: tensor(17)}
INFO:root:TEST batch 7 / 7 - measures partial microavg - precision 0.9141 - recall 0.9141 - f1 0.9141 
INFO:root:TEST batch 7 / 7 - measures partial for class 0 - precision 0.0000 - recall 0.0000 - f1 0.0000 
INFO:root:TEST batch 7 / 7 - measures partial for class 1 - precision 0.9141 - recall 1.0000 - f1 0.9551 
INFO:root:TEST batch 7 / 7 - Batch time 0 
INFO:root:TEST mean losses tensor(0.3478)
INFO:root:TEST mean errors 0.06204906105995178
INFO:root:TEST mean MRR 0.0 - mean MAP 0.9784853458404541
INFO:root:TEST tp {0: tensor(0), 1: tensor(1300)},fn {0: tensor(86), 1: tensor(0)},fp {0: tensor(0), 1: tensor(86)}
INFO:root:TEST measures microavg - precision 0.9380 - recall 0.9380 - f1 0.9380 
INFO:root:TEST measures for class 0 - precision 0.0000 - recall 0.0000 - f1 0.0000 
INFO:root:TEST measures for class 1 - precision 0.9380 - recall 1.0000 - f1 0.9680 
INFO:root:TEST measures@10 microavg - precision 1.0000 - recall 0.0505 - f1 0.0962 
INFO:root:TEST measures@10 for class 0 - precision 0.0000 - recall 0.0000 - f1 0.0000 
INFO:root:TEST measures@10 for class 1 - precision 1.0000 - recall 0.0538 - f1 0.1022 
INFO:root:TEST measures@100 microavg - precision 0.9714 - recall 0.4906 - f1 0.6520 
INFO:root:TEST measures@100 for class 0 - precision 0.0000 - recall 0.0000 - f1 0.0000 
INFO:root:TEST measures@100 for class 1 - precision 0.9714 - recall 0.5231 - f1 0.6800 
INFO:root:TEST measures@1000 microavg - precision 0.9380 - recall 0.9380 - f1 0.9380 
INFO:root:TEST measures@1000 for class 0 - precision 0.0000 - recall 0.0000 - f1 0.0000 
INFO:root:TEST measures@1000 for class 1 - precision 0.9380 - recall 1.0000 - f1 0.9680 
INFO:root:TEST Total epoch time: 0.1643204379997769
INFO:root:################ TRAIN epoch 16 ###################
INFO:root:TRAIN mean losses tensor(0.2908)
INFO:root:TRAIN mean errors 0.048821549862623215
INFO:root:TRAIN mean MRR 0.0 - mean MAP 0.9796127676963806
INFO:root:TRAIN tp {0: tensor(0), 1: tensor(5650)},fn {0: tensor(290), 1: tensor(0)},fp {0: tensor(0), 1: tensor(290)}
INFO:root:TRAIN measures microavg - precision 0.9512 - recall 0.9512 - f1 0.9512 
INFO:root:TRAIN measures for class 0 - precision 0.0000 - recall 0.0000 - f1 0.0000 
INFO:root:TRAIN measures for class 1 - precision 0.9512 - recall 1.0000 - f1 0.9750 
INFO:root:TRAIN measures@10 microavg - precision 0.9967 - recall 0.0503 - f1 0.0958 
INFO:root:TRAIN measures@10 for class 0 - precision 0.0000 - recall 0.0000 - f1 0.0000 
INFO:root:TRAIN measures@10 for class 1 - precision 0.9967 - recall 0.0529 - f1 0.1005 
INFO:root:TRAIN measures@100 microavg - precision 0.9770 - recall 0.4934 - f1 0.6557 
INFO:root:TRAIN measures@100 for class 0 - precision 0.0000 - recall 0.0000 - f1 0.0000 
INFO:root:TRAIN measures@100 for class 1 - precision 0.9770 - recall 0.5188 - f1 0.6777 
INFO:root:TRAIN measures@1000 microavg - precision 0.9512 - recall 0.9512 - f1 0.9512 
INFO:root:TRAIN measures@1000 for class 0 - precision 0.0000 - recall 0.0000 - f1 0.0000 
INFO:root:TRAIN measures@1000 for class 1 - precision 0.9512 - recall 1.0000 - f1 0.9750 
INFO:root:TRAIN Total epoch time: 2.657728784000028
INFO:root:################ VALID epoch 16 ###################
INFO:root:VALID mean losses tensor(0.2625)
INFO:root:VALID mean errors 0.046296294778585434
INFO:root:VALID mean MRR 0.0 - mean MAP 0.9836691617965698
INFO:root:VALID tp {0: tensor(0), 1: tensor(1133)},fn {0: tensor(55), 1: tensor(0)},fp {0: tensor(0), 1: tensor(55)}
INFO:root:VALID measures microavg - precision 0.9537 - recall 0.9537 - f1 0.9537 
INFO:root:VALID measures for class 0 - precision 0.0000 - recall 0.0000 - f1 0.0000 
INFO:root:VALID measures for class 1 - precision 0.9537 - recall 1.0000 - f1 0.9763 
INFO:root:VALID measures@10 microavg - precision 1.0000 - recall 0.0505 - f1 0.0962 
INFO:root:VALID measures@10 for class 0 - precision 0.0000 - recall 0.0000 - f1 0.0000 
INFO:root:VALID measures@10 for class 1 - precision 1.0000 - recall 0.0530 - f1 0.1006 
INFO:root:VALID measures@100 microavg - precision 0.9833 - recall 0.4966 - f1 0.6600 
INFO:root:VALID measures@100 for class 0 - precision 0.0000 - recall 0.0000 - f1 0.0000 
INFO:root:VALID measures@100 for class 1 - precision 0.9833 - recall 0.5207 - f1 0.6809 
INFO:root:VALID measures@1000 microavg - precision 0.9537 - recall 0.9537 - f1 0.9537 
INFO:root:VALID measures@1000 for class 0 - precision 0.0000 - recall 0.0000 - f1 0.0000 
INFO:root:VALID measures@1000 for class 1 - precision 0.9537 - recall 1.0000 - f1 0.9763 
INFO:root:VALID Total epoch time: 0.17539580199991178
INFO:root:################ TEST epoch 16 ###################
INFO:root:TEST batch 1 / 7 - partial error 0.0455 - partial loss 0.2892 - partial MRR  0.0000 - partial MAP 0.9812
INFO:root:TEST batch 1 / 7 -  partial tp {0: tensor(0), 1: tensor(189)},fn {0: tensor(9), 1: tensor(0)},fp {0: tensor(0), 1: tensor(9)}
INFO:root:TEST batch 1 / 7 - measures partial microavg - precision 0.9545 - recall 0.9545 - f1 0.9545 
INFO:root:TEST batch 1 / 7 - measures partial for class 0 - precision 0.0000 - recall 0.0000 - f1 0.0000 
INFO:root:TEST batch 1 / 7 - measures partial for class 1 - precision 0.9545 - recall 1.0000 - f1 0.9767 
INFO:root:TEST batch 1 / 7 - Batch time 0 
INFO:root:TEST batch 2 / 7 - partial error 0.0581 - partial loss 0.3454 - partial MRR  0.0000 - partial MAP 0.9744
INFO:root:TEST batch 2 / 7 -  partial tp {0: tensor(0), 1: tensor(184)},fn {0: tensor(14), 1: tensor(0)},fp {0: tensor(0), 1: tensor(14)}
INFO:root:TEST batch 2 / 7 - measures partial microavg - precision 0.9293 - recall 0.9293 - f1 0.9293 
INFO:root:TEST batch 2 / 7 - measures partial for class 0 - precision 0.0000 - recall 0.0000 - f1 0.0000 
INFO:root:TEST batch 2 / 7 - measures partial for class 1 - precision 0.9293 - recall 1.0000 - f1 0.9634 
INFO:root:TEST batch 2 / 7 - Batch time 0 
INFO:root:TEST batch 3 / 7 - partial error 0.0556 - partial loss 0.3265 - partial MRR  0.0000 - partial MAP 0.9768
INFO:root:TEST batch 3 / 7 -  partial tp {0: tensor(0), 1: tensor(188)},fn {0: tensor(10), 1: tensor(0)},fp {0: tensor(0), 1: tensor(10)}
INFO:root:TEST batch 3 / 7 - measures partial microavg - precision 0.9495 - recall 0.9495 - f1 0.9495 
INFO:root:TEST batch 3 / 7 - measures partial for class 0 - precision 0.0000 - recall 0.0000 - f1 0.0000 
INFO:root:TEST batch 3 / 7 - measures partial for class 1 - precision 0.9495 - recall 1.0000 - f1 0.9741 
INFO:root:TEST batch 3 / 7 - Batch time 0 
INFO:root:TEST batch 4 / 7 - partial error 0.0568 - partial loss 0.3269 - partial MRR  0.0000 - partial MAP 0.9762
INFO:root:TEST batch 4 / 7 -  partial tp {0: tensor(0), 1: tensor(186)},fn {0: tensor(12), 1: tensor(0)},fp {0: tensor(0), 1: tensor(12)}
INFO:root:TEST batch 4 / 7 - measures partial microavg - precision 0.9394 - recall 0.9394 - f1 0.9394 
INFO:root:TEST batch 4 / 7 - measures partial for class 0 - precision 0.0000 - recall 0.0000 - f1 0.0000 
INFO:root:TEST batch 4 / 7 - measures partial for class 1 - precision 0.9394 - recall 1.0000 - f1 0.9688 
INFO:root:TEST batch 4 / 7 - Batch time 0 
INFO:root:TEST batch 5 / 7 - partial error 0.0606 - partial loss 0.3459 - partial MRR  0.0000 - partial MAP 0.9756
INFO:root:TEST batch 5 / 7 -  partial tp {0: tensor(0), 1: tensor(183)},fn {0: tensor(15), 1: tensor(0)},fp {0: tensor(0), 1: tensor(15)}
INFO:root:TEST batch 5 / 7 - measures partial microavg - precision 0.9242 - recall 0.9242 - f1 0.9242 
INFO:root:TEST batch 5 / 7 - measures partial for class 0 - precision 0.0000 - recall 0.0000 - f1 0.0000 
INFO:root:TEST batch 5 / 7 - measures partial for class 1 - precision 0.9242 - recall 1.0000 - f1 0.9606 
INFO:root:TEST batch 5 / 7 - Batch time 0 
INFO:root:TEST batch 6 / 7 - partial error 0.0581 - partial loss 0.3321 - partial MRR  0.0000 - partial MAP 0.9769
INFO:root:TEST batch 6 / 7 -  partial tp {0: tensor(0), 1: tensor(189)},fn {0: tensor(9), 1: tensor(0)},fp {0: tensor(0), 1: tensor(9)}
INFO:root:TEST batch 6 / 7 - measures partial microavg - precision 0.9545 - recall 0.9545 - f1 0.9545 
INFO:root:TEST batch 6 / 7 - measures partial for class 0 - precision 0.0000 - recall 0.0000 - f1 0.0000 
INFO:root:TEST batch 6 / 7 - measures partial for class 1 - precision 0.9545 - recall 1.0000 - f1 0.9767 
INFO:root:TEST batch 6 / 7 - Batch time 0 
INFO:root:TEST batch 7 / 7 - partial error 0.0620 - partial loss 0.3475 - partial MRR  0.0000 - partial MAP 0.9768
INFO:root:TEST batch 7 / 7 -  partial tp {0: tensor(0), 1: tensor(181)},fn {0: tensor(17), 1: tensor(0)},fp {0: tensor(0), 1: tensor(17)}
INFO:root:TEST batch 7 / 7 - measures partial microavg - precision 0.9141 - recall 0.9141 - f1 0.9141 
INFO:root:TEST batch 7 / 7 - measures partial for class 0 - precision 0.0000 - recall 0.0000 - f1 0.0000 
INFO:root:TEST batch 7 / 7 - measures partial for class 1 - precision 0.9141 - recall 1.0000 - f1 0.9551 
INFO:root:TEST batch 7 / 7 - Batch time 0 
INFO:root:TEST mean losses tensor(0.3475)
INFO:root:TEST mean errors 0.06204906105995178
INFO:root:TEST mean MRR 0.0 - mean MAP 0.9768245816230774
INFO:root:TEST tp {0: tensor(0), 1: tensor(1300)},fn {0: tensor(86), 1: tensor(0)},fp {0: tensor(0), 1: tensor(86)}
INFO:root:TEST measures microavg - precision 0.9380 - recall 0.9380 - f1 0.9380 
INFO:root:TEST measures for class 0 - precision 0.0000 - recall 0.0000 - f1 0.0000 
INFO:root:TEST measures for class 1 - precision 0.9380 - recall 1.0000 - f1 0.9680 
INFO:root:TEST measures@10 microavg - precision 1.0000 - recall 0.0505 - f1 0.0962 
INFO:root:TEST measures@10 for class 0 - precision 0.0000 - recall 0.0000 - f1 0.0000 
INFO:root:TEST measures@10 for class 1 - precision 1.0000 - recall 0.0538 - f1 0.1022 
INFO:root:TEST measures@100 microavg - precision 0.9757 - recall 0.4928 - f1 0.6548 
INFO:root:TEST measures@100 for class 0 - precision 0.0000 - recall 0.0000 - f1 0.0000 
INFO:root:TEST measures@100 for class 1 - precision 0.9757 - recall 0.5254 - f1 0.6830 
INFO:root:TEST measures@1000 microavg - precision 0.9380 - recall 0.9380 - f1 0.9380 
INFO:root:TEST measures@1000 for class 0 - precision 0.0000 - recall 0.0000 - f1 0.0000 
INFO:root:TEST measures@1000 for class 1 - precision 0.9380 - recall 1.0000 - f1 0.9680 
INFO:root:TEST Total epoch time: 0.2210151979998045
INFO:root:################ TRAIN epoch 17 ###################
INFO:root:TRAIN mean losses tensor(0.2871)
INFO:root:TRAIN mean errors 0.048821549862623215
INFO:root:TRAIN mean MRR 0.0 - mean MAP 0.9807840585708618
INFO:root:TRAIN tp {0: tensor(0), 1: tensor(5650)},fn {0: tensor(290), 1: tensor(0)},fp {0: tensor(0), 1: tensor(290)}
INFO:root:TRAIN measures microavg - precision 0.9512 - recall 0.9512 - f1 0.9512 
INFO:root:TRAIN measures for class 0 - precision 0.0000 - recall 0.0000 - f1 0.0000 
INFO:root:TRAIN measures for class 1 - precision 0.9512 - recall 1.0000 - f1 0.9750 
INFO:root:TRAIN measures@10 microavg - precision 0.9967 - recall 0.0503 - f1 0.0958 
INFO:root:TRAIN measures@10 for class 0 - precision 0.0000 - recall 0.0000 - f1 0.0000 
INFO:root:TRAIN measures@10 for class 1 - precision 0.9967 - recall 0.0529 - f1 0.1005 
INFO:root:TRAIN measures@100 microavg - precision 0.9760 - recall 0.4929 - f1 0.6550 
INFO:root:TRAIN measures@100 for class 0 - precision 0.0000 - recall 0.0000 - f1 0.0000 
INFO:root:TRAIN measures@100 for class 1 - precision 0.9760 - recall 0.5182 - f1 0.6770 
INFO:root:TRAIN measures@1000 microavg - precision 0.9512 - recall 0.9512 - f1 0.9512 
INFO:root:TRAIN measures@1000 for class 0 - precision 0.0000 - recall 0.0000 - f1 0.0000 
INFO:root:TRAIN measures@1000 for class 1 - precision 0.9512 - recall 1.0000 - f1 0.9750 
INFO:root:TRAIN Total epoch time: 1.399829888000113
INFO:root:################ VALID epoch 17 ###################
INFO:root:VALID mean losses tensor(0.2633)
INFO:root:VALID mean errors 0.046296294778585434
INFO:root:VALID mean MRR 0.0 - mean MAP 0.9833959937095642
INFO:root:VALID tp {0: tensor(0), 1: tensor(1133)},fn {0: tensor(55), 1: tensor(0)},fp {0: tensor(0), 1: tensor(55)}
INFO:root:VALID measures microavg - precision 0.9537 - recall 0.9537 - f1 0.9537 
INFO:root:VALID measures for class 0 - precision 0.0000 - recall 0.0000 - f1 0.0000 
INFO:root:VALID measures for class 1 - precision 0.9537 - recall 1.0000 - f1 0.9763 
INFO:root:VALID measures@10 microavg - precision 0.9833 - recall 0.0497 - f1 0.0946 
INFO:root:VALID measures@10 for class 0 - precision 0.0000 - recall 0.0000 - f1 0.0000 
INFO:root:VALID measures@10 for class 1 - precision 0.9833 - recall 0.0521 - f1 0.0989 
INFO:root:VALID measures@100 microavg - precision 0.9883 - recall 0.4992 - f1 0.6633 
INFO:root:VALID measures@100 for class 0 - precision 0.0000 - recall 0.0000 - f1 0.0000 
INFO:root:VALID measures@100 for class 1 - precision 0.9883 - recall 0.5234 - f1 0.6844 
INFO:root:VALID measures@1000 microavg - precision 0.9537 - recall 0.9537 - f1 0.9537 
INFO:root:VALID measures@1000 for class 0 - precision 0.0000 - recall 0.0000 - f1 0.0000 
INFO:root:VALID measures@1000 for class 1 - precision 0.9537 - recall 1.0000 - f1 0.9763 
INFO:root:VALID Total epoch time: 0.1311940840000716
INFO:root:################ TEST epoch 17 ###################
INFO:root:TEST batch 1 / 7 - partial error 0.0455 - partial loss 0.2874 - partial MRR  0.0000 - partial MAP 0.9824
INFO:root:TEST batch 1 / 7 -  partial tp {0: tensor(0), 1: tensor(189)},fn {0: tensor(9), 1: tensor(0)},fp {0: tensor(0), 1: tensor(9)}
INFO:root:TEST batch 1 / 7 - measures partial microavg - precision 0.9545 - recall 0.9545 - f1 0.9545 
INFO:root:TEST batch 1 / 7 - measures partial for class 0 - precision 0.0000 - recall 0.0000 - f1 0.0000 
INFO:root:TEST batch 1 / 7 - measures partial for class 1 - precision 0.9545 - recall 1.0000 - f1 0.9767 
INFO:root:TEST batch 1 / 7 - Batch time 0 
INFO:root:TEST batch 2 / 7 - partial error 0.0581 - partial loss 0.3396 - partial MRR  0.0000 - partial MAP 0.9765
INFO:root:TEST batch 2 / 7 -  partial tp {0: tensor(0), 1: tensor(184)},fn {0: tensor(14), 1: tensor(0)},fp {0: tensor(0), 1: tensor(14)}
INFO:root:TEST batch 2 / 7 - measures partial microavg - precision 0.9293 - recall 0.9293 - f1 0.9293 
INFO:root:TEST batch 2 / 7 - measures partial for class 0 - precision 0.0000 - recall 0.0000 - f1 0.0000 
INFO:root:TEST batch 2 / 7 - measures partial for class 1 - precision 0.9293 - recall 1.0000 - f1 0.9634 
INFO:root:TEST batch 2 / 7 - Batch time 0 
INFO:root:TEST batch 3 / 7 - partial error 0.0556 - partial loss 0.3264 - partial MRR  0.0000 - partial MAP 0.9764
INFO:root:TEST batch 3 / 7 -  partial tp {0: tensor(0), 1: tensor(188)},fn {0: tensor(10), 1: tensor(0)},fp {0: tensor(0), 1: tensor(10)}
INFO:root:TEST batch 3 / 7 - measures partial microavg - precision 0.9495 - recall 0.9495 - f1 0.9495 
INFO:root:TEST batch 3 / 7 - measures partial for class 0 - precision 0.0000 - recall 0.0000 - f1 0.0000 
INFO:root:TEST batch 3 / 7 - measures partial for class 1 - precision 0.9495 - recall 1.0000 - f1 0.9741 
INFO:root:TEST batch 3 / 7 - Batch time 0 
INFO:root:TEST batch 4 / 7 - partial error 0.0568 - partial loss 0.3267 - partial MRR  0.0000 - partial MAP 0.9774
INFO:root:TEST batch 4 / 7 -  partial tp {0: tensor(0), 1: tensor(186)},fn {0: tensor(12), 1: tensor(0)},fp {0: tensor(0), 1: tensor(12)}
INFO:root:TEST batch 4 / 7 - measures partial microavg - precision 0.9394 - recall 0.9394 - f1 0.9394 
INFO:root:TEST batch 4 / 7 - measures partial for class 0 - precision 0.0000 - recall 0.0000 - f1 0.0000 
INFO:root:TEST batch 4 / 7 - measures partial for class 1 - precision 0.9394 - recall 1.0000 - f1 0.9688 
INFO:root:TEST batch 4 / 7 - Batch time 0 
INFO:root:TEST batch 5 / 7 - partial error 0.0606 - partial loss 0.3440 - partial MRR  0.0000 - partial MAP 0.9769
INFO:root:TEST batch 5 / 7 -  partial tp {0: tensor(0), 1: tensor(183)},fn {0: tensor(15), 1: tensor(0)},fp {0: tensor(0), 1: tensor(15)}
INFO:root:TEST batch 5 / 7 - measures partial microavg - precision 0.9242 - recall 0.9242 - f1 0.9242 
INFO:root:TEST batch 5 / 7 - measures partial for class 0 - precision 0.0000 - recall 0.0000 - f1 0.0000 
INFO:root:TEST batch 5 / 7 - measures partial for class 1 - precision 0.9242 - recall 1.0000 - f1 0.9606 
INFO:root:TEST batch 5 / 7 - Batch time 0 
INFO:root:TEST batch 6 / 7 - partial error 0.0581 - partial loss 0.3294 - partial MRR  0.0000 - partial MAP 0.9782
INFO:root:TEST batch 6 / 7 -  partial tp {0: tensor(0), 1: tensor(189)},fn {0: tensor(9), 1: tensor(0)},fp {0: tensor(0), 1: tensor(9)}
INFO:root:TEST batch 6 / 7 - measures partial microavg - precision 0.9545 - recall 0.9545 - f1 0.9545 
INFO:root:TEST batch 6 / 7 - measures partial for class 0 - precision 0.0000 - recall 0.0000 - f1 0.0000 
INFO:root:TEST batch 6 / 7 - measures partial for class 1 - precision 0.9545 - recall 1.0000 - f1 0.9767 
INFO:root:TEST batch 6 / 7 - Batch time 0 
INFO:root:TEST batch 7 / 7 - partial error 0.0620 - partial loss 0.3448 - partial MRR  0.0000 - partial MAP 0.9783
INFO:root:TEST batch 7 / 7 -  partial tp {0: tensor(0), 1: tensor(181)},fn {0: tensor(17), 1: tensor(0)},fp {0: tensor(0), 1: tensor(17)}
INFO:root:TEST batch 7 / 7 - measures partial microavg - precision 0.9141 - recall 0.9141 - f1 0.9141 
INFO:root:TEST batch 7 / 7 - measures partial for class 0 - precision 0.0000 - recall 0.0000 - f1 0.0000 
INFO:root:TEST batch 7 / 7 - measures partial for class 1 - precision 0.9141 - recall 1.0000 - f1 0.9551 
INFO:root:TEST batch 7 / 7 - Batch time 0 
INFO:root:TEST mean losses tensor(0.3448)
INFO:root:TEST mean errors 0.06204906105995178
INFO:root:TEST mean MRR 0.0 - mean MAP 0.9782742261886597
INFO:root:TEST tp {0: tensor(0), 1: tensor(1300)},fn {0: tensor(86), 1: tensor(0)},fp {0: tensor(0), 1: tensor(86)}
INFO:root:TEST measures microavg - precision 0.9380 - recall 0.9380 - f1 0.9380 
INFO:root:TEST measures for class 0 - precision 0.0000 - recall 0.0000 - f1 0.0000 
INFO:root:TEST measures for class 1 - precision 0.9380 - recall 1.0000 - f1 0.9680 
INFO:root:TEST measures@10 microavg - precision 1.0000 - recall 0.0505 - f1 0.0962 
INFO:root:TEST measures@10 for class 0 - precision 0.0000 - recall 0.0000 - f1 0.0000 
INFO:root:TEST measures@10 for class 1 - precision 1.0000 - recall 0.0538 - f1 0.1022 
INFO:root:TEST measures@100 microavg - precision 0.9729 - recall 0.4913 - f1 0.6529 
INFO:root:TEST measures@100 for class 0 - precision 0.0000 - recall 0.0000 - f1 0.0000 
INFO:root:TEST measures@100 for class 1 - precision 0.9729 - recall 0.5238 - f1 0.6810 
INFO:root:TEST measures@1000 microavg - precision 0.9380 - recall 0.9380 - f1 0.9380 
INFO:root:TEST measures@1000 for class 0 - precision 0.0000 - recall 0.0000 - f1 0.0000 
INFO:root:TEST measures@1000 for class 1 - precision 0.9380 - recall 1.0000 - f1 0.9680 
INFO:root:TEST Total epoch time: 0.1634361789997456
INFO:root:################ TRAIN epoch 18 ###################
INFO:root:TRAIN mean losses tensor(0.2892)
INFO:root:TRAIN mean errors 0.048821549862623215
INFO:root:TRAIN mean MRR 0.0 - mean MAP 0.9792723059654236
INFO:root:TRAIN tp {0: tensor(0), 1: tensor(5650)},fn {0: tensor(290), 1: tensor(0)},fp {0: tensor(0), 1: tensor(290)}
INFO:root:TRAIN measures microavg - precision 0.9512 - recall 0.9512 - f1 0.9512 
INFO:root:TRAIN measures for class 0 - precision 0.0000 - recall 0.0000 - f1 0.0000 
INFO:root:TRAIN measures for class 1 - precision 0.9512 - recall 1.0000 - f1 0.9750 
INFO:root:TRAIN measures@10 microavg - precision 0.9800 - recall 0.0495 - f1 0.0942 
INFO:root:TRAIN measures@10 for class 0 - precision 0.0000 - recall 0.0000 - f1 0.0000 
INFO:root:TRAIN measures@10 for class 1 - precision 0.9800 - recall 0.0520 - f1 0.0988 
INFO:root:TRAIN measures@100 microavg - precision 0.9733 - recall 0.4916 - f1 0.6532 
INFO:root:TRAIN measures@100 for class 0 - precision 0.0000 - recall 0.0000 - f1 0.0000 
INFO:root:TRAIN measures@100 for class 1 - precision 0.9733 - recall 0.5168 - f1 0.6751 
INFO:root:TRAIN measures@1000 microavg - precision 0.9512 - recall 0.9512 - f1 0.9512 
INFO:root:TRAIN measures@1000 for class 0 - precision 0.0000 - recall 0.0000 - f1 0.0000 
INFO:root:TRAIN measures@1000 for class 1 - precision 0.9512 - recall 1.0000 - f1 0.9750 
INFO:root:TRAIN Total epoch time: 1.1209543270001632
INFO:root:################ VALID epoch 18 ###################
INFO:root:VALID mean losses tensor(0.2581)
INFO:root:VALID mean errors 0.046296294778585434
INFO:root:VALID mean MRR 0.0 - mean MAP 0.9838269948959351
INFO:root:VALID tp {0: tensor(0), 1: tensor(1133)},fn {0: tensor(55), 1: tensor(0)},fp {0: tensor(0), 1: tensor(55)}
INFO:root:VALID measures microavg - precision 0.9537 - recall 0.9537 - f1 0.9537 
INFO:root:VALID measures for class 0 - precision 0.0000 - recall 0.0000 - f1 0.0000 
INFO:root:VALID measures for class 1 - precision 0.9537 - recall 1.0000 - f1 0.9763 
INFO:root:VALID measures@10 microavg - precision 0.9833 - recall 0.0497 - f1 0.0946 
INFO:root:VALID measures@10 for class 0 - precision 0.0000 - recall 0.0000 - f1 0.0000 
INFO:root:VALID measures@10 for class 1 - precision 0.9833 - recall 0.0521 - f1 0.0989 
INFO:root:VALID measures@100 microavg - precision 0.9833 - recall 0.4966 - f1 0.6600 
INFO:root:VALID measures@100 for class 0 - precision 0.0000 - recall 0.0000 - f1 0.0000 
INFO:root:VALID measures@100 for class 1 - precision 0.9833 - recall 0.5207 - f1 0.6809 
INFO:root:VALID measures@1000 microavg - precision 0.9537 - recall 0.9537 - f1 0.9537 
INFO:root:VALID measures@1000 for class 0 - precision 0.0000 - recall 0.0000 - f1 0.0000 
INFO:root:VALID measures@1000 for class 1 - precision 0.9537 - recall 1.0000 - f1 0.9763 
INFO:root:VALID Total epoch time: 0.23152092500004073
INFO:root:################ TEST epoch 18 ###################
INFO:root:TEST batch 1 / 7 - partial error 0.0455 - partial loss 0.2825 - partial MRR  0.0000 - partial MAP 0.9829
INFO:root:TEST batch 1 / 7 -  partial tp {0: tensor(0), 1: tensor(189)},fn {0: tensor(9), 1: tensor(0)},fp {0: tensor(0), 1: tensor(9)}
INFO:root:TEST batch 1 / 7 - measures partial microavg - precision 0.9545 - recall 0.9545 - f1 0.9545 
INFO:root:TEST batch 1 / 7 - measures partial for class 0 - precision 0.0000 - recall 0.0000 - f1 0.0000 
INFO:root:TEST batch 1 / 7 - measures partial for class 1 - precision 0.9545 - recall 1.0000 - f1 0.9767 
INFO:root:TEST batch 1 / 7 - Batch time 0 
INFO:root:TEST batch 2 / 7 - partial error 0.0581 - partial loss 0.3381 - partial MRR  0.0000 - partial MAP 0.9790
INFO:root:TEST batch 2 / 7 -  partial tp {0: tensor(0), 1: tensor(184)},fn {0: tensor(14), 1: tensor(0)},fp {0: tensor(0), 1: tensor(14)}
INFO:root:TEST batch 2 / 7 - measures partial microavg - precision 0.9293 - recall 0.9293 - f1 0.9293 
INFO:root:TEST batch 2 / 7 - measures partial for class 0 - precision 0.0000 - recall 0.0000 - f1 0.0000 
INFO:root:TEST batch 2 / 7 - measures partial for class 1 - precision 0.9293 - recall 1.0000 - f1 0.9634 
INFO:root:TEST batch 2 / 7 - Batch time 0 
INFO:root:TEST batch 3 / 7 - partial error 0.0556 - partial loss 0.3201 - partial MRR  0.0000 - partial MAP 0.9810
INFO:root:TEST batch 3 / 7 -  partial tp {0: tensor(0), 1: tensor(188)},fn {0: tensor(10), 1: tensor(0)},fp {0: tensor(0), 1: tensor(10)}
INFO:root:TEST batch 3 / 7 - measures partial microavg - precision 0.9495 - recall 0.9495 - f1 0.9495 
INFO:root:TEST batch 3 / 7 - measures partial for class 0 - precision 0.0000 - recall 0.0000 - f1 0.0000 
INFO:root:TEST batch 3 / 7 - measures partial for class 1 - precision 0.9495 - recall 1.0000 - f1 0.9741 
INFO:root:TEST batch 3 / 7 - Batch time 0 
INFO:root:TEST batch 4 / 7 - partial error 0.0568 - partial loss 0.3198 - partial MRR  0.0000 - partial MAP 0.9817
INFO:root:TEST batch 4 / 7 -  partial tp {0: tensor(0), 1: tensor(186)},fn {0: tensor(12), 1: tensor(0)},fp {0: tensor(0), 1: tensor(12)}
INFO:root:TEST batch 4 / 7 - measures partial microavg - precision 0.9394 - recall 0.9394 - f1 0.9394 
INFO:root:TEST batch 4 / 7 - measures partial for class 0 - precision 0.0000 - recall 0.0000 - f1 0.0000 
INFO:root:TEST batch 4 / 7 - measures partial for class 1 - precision 0.9394 - recall 1.0000 - f1 0.9688 
INFO:root:TEST batch 4 / 7 - Batch time 0 
INFO:root:TEST batch 5 / 7 - partial error 0.0606 - partial loss 0.3401 - partial MRR  0.0000 - partial MAP 0.9798
INFO:root:TEST batch 5 / 7 -  partial tp {0: tensor(0), 1: tensor(183)},fn {0: tensor(15), 1: tensor(0)},fp {0: tensor(0), 1: tensor(15)}
INFO:root:TEST batch 5 / 7 - measures partial microavg - precision 0.9242 - recall 0.9242 - f1 0.9242 
INFO:root:TEST batch 5 / 7 - measures partial for class 0 - precision 0.0000 - recall 0.0000 - f1 0.0000 
INFO:root:TEST batch 5 / 7 - measures partial for class 1 - precision 0.9242 - recall 1.0000 - f1 0.9606 
INFO:root:TEST batch 5 / 7 - Batch time 0 
INFO:root:TEST batch 6 / 7 - partial error 0.0581 - partial loss 0.3271 - partial MRR  0.0000 - partial MAP 0.9806
INFO:root:TEST batch 6 / 7 -  partial tp {0: tensor(0), 1: tensor(189)},fn {0: tensor(9), 1: tensor(0)},fp {0: tensor(0), 1: tensor(9)}
INFO:root:TEST batch 6 / 7 - measures partial microavg - precision 0.9545 - recall 0.9545 - f1 0.9545 
INFO:root:TEST batch 6 / 7 - measures partial for class 0 - precision 0.0000 - recall 0.0000 - f1 0.0000 
INFO:root:TEST batch 6 / 7 - measures partial for class 1 - precision 0.9545 - recall 1.0000 - f1 0.9767 
INFO:root:TEST batch 6 / 7 - Batch time 0 
INFO:root:TEST batch 7 / 7 - partial error 0.0620 - partial loss 0.3460 - partial MRR  0.0000 - partial MAP 0.9794
INFO:root:TEST batch 7 / 7 -  partial tp {0: tensor(0), 1: tensor(181)},fn {0: tensor(17), 1: tensor(0)},fp {0: tensor(0), 1: tensor(17)}
INFO:root:TEST batch 7 / 7 - measures partial microavg - precision 0.9141 - recall 0.9141 - f1 0.9141 
INFO:root:TEST batch 7 / 7 - measures partial for class 0 - precision 0.0000 - recall 0.0000 - f1 0.0000 
INFO:root:TEST batch 7 / 7 - measures partial for class 1 - precision 0.9141 - recall 1.0000 - f1 0.9551 
INFO:root:TEST batch 7 / 7 - Batch time 0 
INFO:root:TEST mean losses tensor(0.3460)
INFO:root:TEST mean errors 0.06204906105995178
INFO:root:TEST mean MRR 0.0 - mean MAP 0.9794160723686218
INFO:root:TEST tp {0: tensor(0), 1: tensor(1300)},fn {0: tensor(86), 1: tensor(0)},fp {0: tensor(0), 1: tensor(86)}
INFO:root:TEST measures microavg - precision 0.9380 - recall 0.9380 - f1 0.9380 
INFO:root:TEST measures for class 0 - precision 0.0000 - recall 0.0000 - f1 0.0000 
INFO:root:TEST measures for class 1 - precision 0.9380 - recall 1.0000 - f1 0.9680 
INFO:root:TEST measures@10 microavg - precision 0.9857 - recall 0.0498 - f1 0.0948 
INFO:root:TEST measures@10 for class 0 - precision 0.0000 - recall 0.0000 - f1 0.0000 
INFO:root:TEST measures@10 for class 1 - precision 0.9857 - recall 0.0531 - f1 0.1007 
INFO:root:TEST measures@100 microavg - precision 0.9729 - recall 0.4913 - f1 0.6529 
INFO:root:TEST measures@100 for class 0 - precision 0.0000 - recall 0.0000 - f1 0.0000 
INFO:root:TEST measures@100 for class 1 - precision 0.9729 - recall 0.5238 - f1 0.6810 
INFO:root:TEST measures@1000 microavg - precision 0.9380 - recall 0.9380 - f1 0.9380 
INFO:root:TEST measures@1000 for class 0 - precision 0.0000 - recall 0.0000 - f1 0.0000 
INFO:root:TEST measures@1000 for class 1 - precision 0.9380 - recall 1.0000 - f1 0.9680 
INFO:root:TEST Total epoch time: 0.2652272210002593
INFO:root:################ TRAIN epoch 19 ###################
INFO:root:TRAIN mean losses tensor(0.2910)
INFO:root:TRAIN mean errors 0.048821549862623215
INFO:root:TRAIN mean MRR 0.0 - mean MAP 0.979516327381134
INFO:root:TRAIN tp {0: tensor(0), 1: tensor(5650)},fn {0: tensor(290), 1: tensor(0)},fp {0: tensor(0), 1: tensor(290)}
INFO:root:TRAIN measures microavg - precision 0.9512 - recall 0.9512 - f1 0.9512 
INFO:root:TRAIN measures for class 0 - precision 0.0000 - recall 0.0000 - f1 0.0000 
INFO:root:TRAIN measures for class 1 - precision 0.9512 - recall 1.0000 - f1 0.9750 
INFO:root:TRAIN measures@10 microavg - precision 0.9967 - recall 0.0503 - f1 0.0958 
INFO:root:TRAIN measures@10 for class 0 - precision 0.0000 - recall 0.0000 - f1 0.0000 
INFO:root:TRAIN measures@10 for class 1 - precision 0.9967 - recall 0.0529 - f1 0.1005 
INFO:root:TRAIN measures@100 microavg - precision 0.9757 - recall 0.4928 - f1 0.6548 
INFO:root:TRAIN measures@100 for class 0 - precision 0.0000 - recall 0.0000 - f1 0.0000 
INFO:root:TRAIN measures@100 for class 1 - precision 0.9757 - recall 0.5181 - f1 0.6768 
INFO:root:TRAIN measures@1000 microavg - precision 0.9512 - recall 0.9512 - f1 0.9512 
INFO:root:TRAIN measures@1000 for class 0 - precision 0.0000 - recall 0.0000 - f1 0.0000 
INFO:root:TRAIN measures@1000 for class 1 - precision 0.9512 - recall 1.0000 - f1 0.9750 
INFO:root:TRAIN Total epoch time: 2.6042952520001563
INFO:root:################ VALID epoch 19 ###################
INFO:root:VALID mean losses tensor(0.2632)
INFO:root:VALID mean errors 0.046296294778585434
INFO:root:VALID mean MRR 0.0 - mean MAP 0.9835070371627808
INFO:root:VALID tp {0: tensor(0), 1: tensor(1133)},fn {0: tensor(55), 1: tensor(0)},fp {0: tensor(0), 1: tensor(55)}
INFO:root:VALID measures microavg - precision 0.9537 - recall 0.9537 - f1 0.9537 
INFO:root:VALID measures for class 0 - precision 0.0000 - recall 0.0000 - f1 0.0000 
INFO:root:VALID measures for class 1 - precision 0.9537 - recall 1.0000 - f1 0.9763 
INFO:root:VALID measures@10 microavg - precision 0.9833 - recall 0.0497 - f1 0.0946 
INFO:root:VALID measures@10 for class 0 - precision 0.0000 - recall 0.0000 - f1 0.0000 
INFO:root:VALID measures@10 for class 1 - precision 0.9833 - recall 0.0521 - f1 0.0989 
INFO:root:VALID measures@100 microavg - precision 0.9817 - recall 0.4958 - f1 0.6588 
INFO:root:VALID measures@100 for class 0 - precision 0.0000 - recall 0.0000 - f1 0.0000 
INFO:root:VALID measures@100 for class 1 - precision 0.9817 - recall 0.5199 - f1 0.6797 
INFO:root:VALID measures@1000 microavg - precision 0.9537 - recall 0.9537 - f1 0.9537 
INFO:root:VALID measures@1000 for class 0 - precision 0.0000 - recall 0.0000 - f1 0.0000 
INFO:root:VALID measures@1000 for class 1 - precision 0.9537 - recall 1.0000 - f1 0.9763 
INFO:root:VALID Total epoch time: 0.17971549699996103
INFO:root:################ TEST epoch 19 ###################
INFO:root:TEST batch 1 / 7 - partial error 0.0455 - partial loss 0.2791 - partial MRR  0.0000 - partial MAP 0.9834
INFO:root:TEST batch 1 / 7 -  partial tp {0: tensor(0), 1: tensor(189)},fn {0: tensor(9), 1: tensor(0)},fp {0: tensor(0), 1: tensor(9)}
INFO:root:TEST batch 1 / 7 - measures partial microavg - precision 0.9545 - recall 0.9545 - f1 0.9545 
INFO:root:TEST batch 1 / 7 - measures partial for class 0 - precision 0.0000 - recall 0.0000 - f1 0.0000 
INFO:root:TEST batch 1 / 7 - measures partial for class 1 - precision 0.9545 - recall 1.0000 - f1 0.9767 
INFO:root:TEST batch 1 / 7 - Batch time 0 
INFO:root:TEST batch 2 / 7 - partial error 0.0581 - partial loss 0.3439 - partial MRR  0.0000 - partial MAP 0.9764
INFO:root:TEST batch 2 / 7 -  partial tp {0: tensor(0), 1: tensor(184)},fn {0: tensor(14), 1: tensor(0)},fp {0: tensor(0), 1: tensor(14)}
INFO:root:TEST batch 2 / 7 - measures partial microavg - precision 0.9293 - recall 0.9293 - f1 0.9293 
INFO:root:TEST batch 2 / 7 - measures partial for class 0 - precision 0.0000 - recall 0.0000 - f1 0.0000 
INFO:root:TEST batch 2 / 7 - measures partial for class 1 - precision 0.9293 - recall 1.0000 - f1 0.9634 
INFO:root:TEST batch 2 / 7 - Batch time 0 
INFO:root:TEST batch 3 / 7 - partial error 0.0556 - partial loss 0.3291 - partial MRR  0.0000 - partial MAP 0.9794
INFO:root:TEST batch 3 / 7 -  partial tp {0: tensor(0), 1: tensor(188)},fn {0: tensor(10), 1: tensor(0)},fp {0: tensor(0), 1: tensor(10)}
INFO:root:TEST batch 3 / 7 - measures partial microavg - precision 0.9495 - recall 0.9495 - f1 0.9495 
INFO:root:TEST batch 3 / 7 - measures partial for class 0 - precision 0.0000 - recall 0.0000 - f1 0.0000 
INFO:root:TEST batch 3 / 7 - measures partial for class 1 - precision 0.9495 - recall 1.0000 - f1 0.9741 
INFO:root:TEST batch 3 / 7 - Batch time 0 
INFO:root:TEST batch 4 / 7 - partial error 0.0568 - partial loss 0.3312 - partial MRR  0.0000 - partial MAP 0.9792
INFO:root:TEST batch 4 / 7 -  partial tp {0: tensor(0), 1: tensor(186)},fn {0: tensor(12), 1: tensor(0)},fp {0: tensor(0), 1: tensor(12)}
INFO:root:TEST batch 4 / 7 - measures partial microavg - precision 0.9394 - recall 0.9394 - f1 0.9394 
INFO:root:TEST batch 4 / 7 - measures partial for class 0 - precision 0.0000 - recall 0.0000 - f1 0.0000 
INFO:root:TEST batch 4 / 7 - measures partial for class 1 - precision 0.9394 - recall 1.0000 - f1 0.9688 
INFO:root:TEST batch 4 / 7 - Batch time 0 
INFO:root:TEST batch 5 / 7 - partial error 0.0606 - partial loss 0.3488 - partial MRR  0.0000 - partial MAP 0.9771
INFO:root:TEST batch 5 / 7 -  partial tp {0: tensor(0), 1: tensor(183)},fn {0: tensor(15), 1: tensor(0)},fp {0: tensor(0), 1: tensor(15)}
INFO:root:TEST batch 5 / 7 - measures partial microavg - precision 0.9242 - recall 0.9242 - f1 0.9242 
INFO:root:TEST batch 5 / 7 - measures partial for class 0 - precision 0.0000 - recall 0.0000 - f1 0.0000 
INFO:root:TEST batch 5 / 7 - measures partial for class 1 - precision 0.9242 - recall 1.0000 - f1 0.9606 
INFO:root:TEST batch 5 / 7 - Batch time 0 
INFO:root:TEST batch 6 / 7 - partial error 0.0581 - partial loss 0.3329 - partial MRR  0.0000 - partial MAP 0.9789
INFO:root:TEST batch 6 / 7 -  partial tp {0: tensor(0), 1: tensor(189)},fn {0: tensor(9), 1: tensor(0)},fp {0: tensor(0), 1: tensor(9)}
INFO:root:TEST batch 6 / 7 - measures partial microavg - precision 0.9545 - recall 0.9545 - f1 0.9545 
INFO:root:TEST batch 6 / 7 - measures partial for class 0 - precision 0.0000 - recall 0.0000 - f1 0.0000 
INFO:root:TEST batch 6 / 7 - measures partial for class 1 - precision 0.9545 - recall 1.0000 - f1 0.9767 
INFO:root:TEST batch 6 / 7 - Batch time 0 
INFO:root:TEST batch 7 / 7 - partial error 0.0620 - partial loss 0.3485 - partial MRR  0.0000 - partial MAP 0.9792
INFO:root:TEST batch 7 / 7 -  partial tp {0: tensor(0), 1: tensor(181)},fn {0: tensor(17), 1: tensor(0)},fp {0: tensor(0), 1: tensor(17)}
INFO:root:TEST batch 7 / 7 - measures partial microavg - precision 0.9141 - recall 0.9141 - f1 0.9141 
INFO:root:TEST batch 7 / 7 - measures partial for class 0 - precision 0.0000 - recall 0.0000 - f1 0.0000 
INFO:root:TEST batch 7 / 7 - measures partial for class 1 - precision 0.9141 - recall 1.0000 - f1 0.9551 
INFO:root:TEST batch 7 / 7 - Batch time 0 
INFO:root:TEST mean losses tensor(0.3485)
INFO:root:TEST mean errors 0.06204906105995178
INFO:root:TEST mean MRR 0.0 - mean MAP 0.9791929125785828
INFO:root:TEST tp {0: tensor(0), 1: tensor(1300)},fn {0: tensor(86), 1: tensor(0)},fp {0: tensor(0), 1: tensor(86)}
INFO:root:TEST measures microavg - precision 0.9380 - recall 0.9380 - f1 0.9380 
INFO:root:TEST measures for class 0 - precision 0.0000 - recall 0.0000 - f1 0.0000 
INFO:root:TEST measures for class 1 - precision 0.9380 - recall 1.0000 - f1 0.9680 
INFO:root:TEST measures@10 microavg - precision 1.0000 - recall 0.0505 - f1 0.0962 
INFO:root:TEST measures@10 for class 0 - precision 0.0000 - recall 0.0000 - f1 0.0000 
INFO:root:TEST measures@10 for class 1 - precision 1.0000 - recall 0.0538 - f1 0.1022 
INFO:root:TEST measures@100 microavg - precision 0.9700 - recall 0.4899 - f1 0.6510 
INFO:root:TEST measures@100 for class 0 - precision 0.0000 - recall 0.0000 - f1 0.0000 
INFO:root:TEST measures@100 for class 1 - precision 0.9700 - recall 0.5223 - f1 0.6790 
INFO:root:TEST measures@1000 microavg - precision 0.9380 - recall 0.9380 - f1 0.9380 
INFO:root:TEST measures@1000 for class 0 - precision 0.0000 - recall 0.0000 - f1 0.0000 
INFO:root:TEST measures@1000 for class 1 - precision 0.9380 - recall 1.0000 - f1 0.9680 
INFO:root:TEST Total epoch time: 0.22480358500024522
INFO:root:################ TRAIN epoch 20 ###################
INFO:root:TRAIN mean losses tensor(0.2915)
INFO:root:TRAIN mean errors 0.048821549862623215
INFO:root:TRAIN mean MRR 0.0 - mean MAP 0.9794100522994995
INFO:root:TRAIN tp {0: tensor(0), 1: tensor(5650)},fn {0: tensor(290), 1: tensor(0)},fp {0: tensor(0), 1: tensor(290)}
INFO:root:TRAIN measures microavg - precision 0.9512 - recall 0.9512 - f1 0.9512 
INFO:root:TRAIN measures for class 0 - precision 0.0000 - recall 0.0000 - f1 0.0000 
INFO:root:TRAIN measures for class 1 - precision 0.9512 - recall 1.0000 - f1 0.9750 
INFO:root:TRAIN measures@10 microavg - precision 0.9867 - recall 0.0498 - f1 0.0949 
INFO:root:TRAIN measures@10 for class 0 - precision 0.0000 - recall 0.0000 - f1 0.0000 
INFO:root:TRAIN measures@10 for class 1 - precision 0.9867 - recall 0.0524 - f1 0.0995 
INFO:root:TRAIN measures@100 microavg - precision 0.9767 - recall 0.4933 - f1 0.6555 
INFO:root:TRAIN measures@100 for class 0 - precision 0.0000 - recall 0.0000 - f1 0.0000 
INFO:root:TRAIN measures@100 for class 1 - precision 0.9767 - recall 0.5186 - f1 0.6775 
INFO:root:TRAIN measures@1000 microavg - precision 0.9512 - recall 0.9512 - f1 0.9512 
INFO:root:TRAIN measures@1000 for class 0 - precision 0.0000 - recall 0.0000 - f1 0.0000 
INFO:root:TRAIN measures@1000 for class 1 - precision 0.9512 - recall 1.0000 - f1 0.9750 
INFO:root:TRAIN Total epoch time: 2.2198183020000215
INFO:root:################ VALID epoch 20 ###################
INFO:root:VALID mean losses tensor(0.2627)
INFO:root:VALID mean errors 0.046296294778585434
INFO:root:VALID mean MRR 0.0 - mean MAP 0.984364926815033
INFO:root:VALID tp {0: tensor(0), 1: tensor(1133)},fn {0: tensor(55), 1: tensor(0)},fp {0: tensor(0), 1: tensor(55)}
INFO:root:VALID measures microavg - precision 0.9537 - recall 0.9537 - f1 0.9537 
INFO:root:VALID measures for class 0 - precision 0.0000 - recall 0.0000 - f1 0.0000 
INFO:root:VALID measures for class 1 - precision 0.9537 - recall 1.0000 - f1 0.9763 
INFO:root:VALID measures@10 microavg - precision 0.9667 - recall 0.0488 - f1 0.0929 
INFO:root:VALID measures@10 for class 0 - precision 0.0000 - recall 0.0000 - f1 0.0000 
INFO:root:VALID measures@10 for class 1 - precision 0.9667 - recall 0.0512 - f1 0.0972 
INFO:root:VALID measures@100 microavg - precision 0.9850 - recall 0.4975 - f1 0.6611 
INFO:root:VALID measures@100 for class 0 - precision 0.0000 - recall 0.0000 - f1 0.0000 
INFO:root:VALID measures@100 for class 1 - precision 0.9850 - recall 0.5216 - f1 0.6821 
INFO:root:VALID measures@1000 microavg - precision 0.9537 - recall 0.9537 - f1 0.9537 
INFO:root:VALID measures@1000 for class 0 - precision 0.0000 - recall 0.0000 - f1 0.0000 
INFO:root:VALID measures@1000 for class 1 - precision 0.9537 - recall 1.0000 - f1 0.9763 
INFO:root:VALID Total epoch time: 0.13083597300010297
INFO:root:################ TEST epoch 20 ###################
INFO:root:TEST batch 1 / 7 - partial error 0.0455 - partial loss 0.2887 - partial MRR  0.0000 - partial MAP 0.9790
INFO:root:TEST batch 1 / 7 -  partial tp {0: tensor(0), 1: tensor(189)},fn {0: tensor(9), 1: tensor(0)},fp {0: tensor(0), 1: tensor(9)}
INFO:root:TEST batch 1 / 7 - measures partial microavg - precision 0.9545 - recall 0.9545 - f1 0.9545 
INFO:root:TEST batch 1 / 7 - measures partial for class 0 - precision 0.0000 - recall 0.0000 - f1 0.0000 
INFO:root:TEST batch 1 / 7 - measures partial for class 1 - precision 0.9545 - recall 1.0000 - f1 0.9767 
INFO:root:TEST batch 1 / 7 - Batch time 0 
INFO:root:TEST batch 2 / 7 - partial error 0.0581 - partial loss 0.3519 - partial MRR  0.0000 - partial MAP 0.9712
INFO:root:TEST batch 2 / 7 -  partial tp {0: tensor(0), 1: tensor(184)},fn {0: tensor(14), 1: tensor(0)},fp {0: tensor(0), 1: tensor(14)}
INFO:root:TEST batch 2 / 7 - measures partial microavg - precision 0.9293 - recall 0.9293 - f1 0.9293 
INFO:root:TEST batch 2 / 7 - measures partial for class 0 - precision 0.0000 - recall 0.0000 - f1 0.0000 
INFO:root:TEST batch 2 / 7 - measures partial for class 1 - precision 0.9293 - recall 1.0000 - f1 0.9634 
INFO:root:TEST batch 2 / 7 - Batch time 0 
INFO:root:TEST batch 3 / 7 - partial error 0.0556 - partial loss 0.3329 - partial MRR  0.0000 - partial MAP 0.9746
INFO:root:TEST batch 3 / 7 -  partial tp {0: tensor(0), 1: tensor(188)},fn {0: tensor(10), 1: tensor(0)},fp {0: tensor(0), 1: tensor(10)}
INFO:root:TEST batch 3 / 7 - measures partial microavg - precision 0.9495 - recall 0.9495 - f1 0.9495 
INFO:root:TEST batch 3 / 7 - measures partial for class 0 - precision 0.0000 - recall 0.0000 - f1 0.0000 
INFO:root:TEST batch 3 / 7 - measures partial for class 1 - precision 0.9495 - recall 1.0000 - f1 0.9741 
INFO:root:TEST batch 3 / 7 - Batch time 0 
INFO:root:TEST batch 4 / 7 - partial error 0.0568 - partial loss 0.3337 - partial MRR  0.0000 - partial MAP 0.9744
INFO:root:TEST batch 4 / 7 -  partial tp {0: tensor(0), 1: tensor(186)},fn {0: tensor(12), 1: tensor(0)},fp {0: tensor(0), 1: tensor(12)}
INFO:root:TEST batch 4 / 7 - measures partial microavg - precision 0.9394 - recall 0.9394 - f1 0.9394 
INFO:root:TEST batch 4 / 7 - measures partial for class 0 - precision 0.0000 - recall 0.0000 - f1 0.0000 
INFO:root:TEST batch 4 / 7 - measures partial for class 1 - precision 0.9394 - recall 1.0000 - f1 0.9688 
INFO:root:TEST batch 4 / 7 - Batch time 0 
INFO:root:TEST batch 5 / 7 - partial error 0.0606 - partial loss 0.3530 - partial MRR  0.0000 - partial MAP 0.9739
INFO:root:TEST batch 5 / 7 -  partial tp {0: tensor(0), 1: tensor(183)},fn {0: tensor(15), 1: tensor(0)},fp {0: tensor(0), 1: tensor(15)}
INFO:root:TEST batch 5 / 7 - measures partial microavg - precision 0.9242 - recall 0.9242 - f1 0.9242 
INFO:root:TEST batch 5 / 7 - measures partial for class 0 - precision 0.0000 - recall 0.0000 - f1 0.0000 
INFO:root:TEST batch 5 / 7 - measures partial for class 1 - precision 0.9242 - recall 1.0000 - f1 0.9606 
INFO:root:TEST batch 5 / 7 - Batch time 0 
INFO:root:TEST batch 6 / 7 - partial error 0.0581 - partial loss 0.3365 - partial MRR  0.0000 - partial MAP 0.9758
INFO:root:TEST batch 6 / 7 -  partial tp {0: tensor(0), 1: tensor(189)},fn {0: tensor(9), 1: tensor(0)},fp {0: tensor(0), 1: tensor(9)}
INFO:root:TEST batch 6 / 7 - measures partial microavg - precision 0.9545 - recall 0.9545 - f1 0.9545 
INFO:root:TEST batch 6 / 7 - measures partial for class 0 - precision 0.0000 - recall 0.0000 - f1 0.0000 
INFO:root:TEST batch 6 / 7 - measures partial for class 1 - precision 0.9545 - recall 1.0000 - f1 0.9767 
INFO:root:TEST batch 6 / 7 - Batch time 0 
INFO:root:TEST batch 7 / 7 - partial error 0.0620 - partial loss 0.3527 - partial MRR  0.0000 - partial MAP 0.9761
INFO:root:TEST batch 7 / 7 -  partial tp {0: tensor(0), 1: tensor(181)},fn {0: tensor(17), 1: tensor(0)},fp {0: tensor(0), 1: tensor(17)}
INFO:root:TEST batch 7 / 7 - measures partial microavg - precision 0.9141 - recall 0.9141 - f1 0.9141 
INFO:root:TEST batch 7 / 7 - measures partial for class 0 - precision 0.0000 - recall 0.0000 - f1 0.0000 
INFO:root:TEST batch 7 / 7 - measures partial for class 1 - precision 0.9141 - recall 1.0000 - f1 0.9551 
INFO:root:TEST batch 7 / 7 - Batch time 0 
INFO:root:TEST mean losses tensor(0.3527)
INFO:root:TEST mean errors 0.06204906105995178
INFO:root:TEST mean MRR 0.0 - mean MAP 0.9761132597923279
INFO:root:TEST tp {0: tensor(0), 1: tensor(1300)},fn {0: tensor(86), 1: tensor(0)},fp {0: tensor(0), 1: tensor(86)}
INFO:root:TEST measures microavg - precision 0.9380 - recall 0.9380 - f1 0.9380 
INFO:root:TEST measures for class 0 - precision 0.0000 - recall 0.0000 - f1 0.0000 
INFO:root:TEST measures for class 1 - precision 0.9380 - recall 1.0000 - f1 0.9680 
INFO:root:TEST measures@10 microavg - precision 1.0000 - recall 0.0505 - f1 0.0962 
INFO:root:TEST measures@10 for class 0 - precision 0.0000 - recall 0.0000 - f1 0.0000 
INFO:root:TEST measures@10 for class 1 - precision 1.0000 - recall 0.0538 - f1 0.1022 
INFO:root:TEST measures@100 microavg - precision 0.9700 - recall 0.4899 - f1 0.6510 
INFO:root:TEST measures@100 for class 0 - precision 0.0000 - recall 0.0000 - f1 0.0000 
INFO:root:TEST measures@100 for class 1 - precision 0.9700 - recall 0.5223 - f1 0.6790 
INFO:root:TEST measures@1000 microavg - precision 0.9380 - recall 0.9380 - f1 0.9380 
INFO:root:TEST measures@1000 for class 0 - precision 0.0000 - recall 0.0000 - f1 0.0000 
INFO:root:TEST measures@1000 for class 1 - precision 0.9380 - recall 1.0000 - f1 0.9680 
INFO:root:TEST Total epoch time: 0.16346752500021466
INFO:root:################ TRAIN epoch 21 ###################
INFO:root:TRAIN mean losses tensor(0.2873)
INFO:root:TRAIN mean errors 0.048821549862623215
INFO:root:TRAIN mean MRR 0.0 - mean MAP 0.9811001420021057
INFO:root:TRAIN tp {0: tensor(0), 1: tensor(5650)},fn {0: tensor(290), 1: tensor(0)},fp {0: tensor(0), 1: tensor(290)}
INFO:root:TRAIN measures microavg - precision 0.9512 - recall 0.9512 - f1 0.9512 
INFO:root:TRAIN measures for class 0 - precision 0.0000 - recall 0.0000 - f1 0.0000 
INFO:root:TRAIN measures for class 1 - precision 0.9512 - recall 1.0000 - f1 0.9750 
INFO:root:TRAIN measures@10 microavg - precision 0.9967 - recall 0.0503 - f1 0.0958 
INFO:root:TRAIN measures@10 for class 0 - precision 0.0000 - recall 0.0000 - f1 0.0000 
INFO:root:TRAIN measures@10 for class 1 - precision 0.9967 - recall 0.0529 - f1 0.1005 
INFO:root:TRAIN measures@100 microavg - precision 0.9777 - recall 0.4938 - f1 0.6562 
INFO:root:TRAIN measures@100 for class 0 - precision 0.0000 - recall 0.0000 - f1 0.0000 
INFO:root:TRAIN measures@100 for class 1 - precision 0.9777 - recall 0.5191 - f1 0.6782 
INFO:root:TRAIN measures@1000 microavg - precision 0.9512 - recall 0.9512 - f1 0.9512 
INFO:root:TRAIN measures@1000 for class 0 - precision 0.0000 - recall 0.0000 - f1 0.0000 
INFO:root:TRAIN measures@1000 for class 1 - precision 0.9512 - recall 1.0000 - f1 0.9750 
INFO:root:TRAIN Total epoch time: 1.0037519420002354
INFO:root:################ VALID epoch 21 ###################
INFO:root:VALID mean losses tensor(0.2615)
INFO:root:VALID mean errors 0.046296294778585434
INFO:root:VALID mean MRR 0.0 - mean MAP 0.9834398627281189
INFO:root:VALID tp {0: tensor(0), 1: tensor(1133)},fn {0: tensor(55), 1: tensor(0)},fp {0: tensor(0), 1: tensor(55)}
INFO:root:VALID measures microavg - precision 0.9537 - recall 0.9537 - f1 0.9537 
INFO:root:VALID measures for class 0 - precision 0.0000 - recall 0.0000 - f1 0.0000 
INFO:root:VALID measures for class 1 - precision 0.9537 - recall 1.0000 - f1 0.9763 
INFO:root:VALID measures@10 microavg - precision 0.9833 - recall 0.0497 - f1 0.0946 
INFO:root:VALID measures@10 for class 0 - precision 0.0000 - recall 0.0000 - f1 0.0000 
INFO:root:VALID measures@10 for class 1 - precision 0.9833 - recall 0.0521 - f1 0.0989 
INFO:root:VALID measures@100 microavg - precision 0.9850 - recall 0.4975 - f1 0.6611 
INFO:root:VALID measures@100 for class 0 - precision 0.0000 - recall 0.0000 - f1 0.0000 
INFO:root:VALID measures@100 for class 1 - precision 0.9850 - recall 0.5216 - f1 0.6821 
INFO:root:VALID measures@1000 microavg - precision 0.9537 - recall 0.9537 - f1 0.9537 
INFO:root:VALID measures@1000 for class 0 - precision 0.0000 - recall 0.0000 - f1 0.0000 
INFO:root:VALID measures@1000 for class 1 - precision 0.9537 - recall 1.0000 - f1 0.9763 
INFO:root:VALID Total epoch time: 0.13252292800007126
INFO:root:################ TEST epoch 21 ###################
INFO:root:TEST batch 1 / 7 - partial error 0.0455 - partial loss 0.2917 - partial MRR  0.0000 - partial MAP 0.9800
INFO:root:TEST batch 1 / 7 -  partial tp {0: tensor(0), 1: tensor(189)},fn {0: tensor(9), 1: tensor(0)},fp {0: tensor(0), 1: tensor(9)}
INFO:root:TEST batch 1 / 7 - measures partial microavg - precision 0.9545 - recall 0.9545 - f1 0.9545 
INFO:root:TEST batch 1 / 7 - measures partial for class 0 - precision 0.0000 - recall 0.0000 - f1 0.0000 
INFO:root:TEST batch 1 / 7 - measures partial for class 1 - precision 0.9545 - recall 1.0000 - f1 0.9767 
INFO:root:TEST batch 1 / 7 - Batch time 0 
INFO:root:TEST batch 2 / 7 - partial error 0.0581 - partial loss 0.3387 - partial MRR  0.0000 - partial MAP 0.9777
INFO:root:TEST batch 2 / 7 -  partial tp {0: tensor(0), 1: tensor(184)},fn {0: tensor(14), 1: tensor(0)},fp {0: tensor(0), 1: tensor(14)}
INFO:root:TEST batch 2 / 7 - measures partial microavg - precision 0.9293 - recall 0.9293 - f1 0.9293 
INFO:root:TEST batch 2 / 7 - measures partial for class 0 - precision 0.0000 - recall 0.0000 - f1 0.0000 
INFO:root:TEST batch 2 / 7 - measures partial for class 1 - precision 0.9293 - recall 1.0000 - f1 0.9634 
INFO:root:TEST batch 2 / 7 - Batch time 0 
INFO:root:TEST batch 3 / 7 - partial error 0.0556 - partial loss 0.3226 - partial MRR  0.0000 - partial MAP 0.9794
INFO:root:TEST batch 3 / 7 -  partial tp {0: tensor(0), 1: tensor(188)},fn {0: tensor(10), 1: tensor(0)},fp {0: tensor(0), 1: tensor(10)}
INFO:root:TEST batch 3 / 7 - measures partial microavg - precision 0.9495 - recall 0.9495 - f1 0.9495 
INFO:root:TEST batch 3 / 7 - measures partial for class 0 - precision 0.0000 - recall 0.0000 - f1 0.0000 
INFO:root:TEST batch 3 / 7 - measures partial for class 1 - precision 0.9495 - recall 1.0000 - f1 0.9741 
INFO:root:TEST batch 3 / 7 - Batch time 0 
INFO:root:TEST batch 4 / 7 - partial error 0.0568 - partial loss 0.3281 - partial MRR  0.0000 - partial MAP 0.9778
INFO:root:TEST batch 4 / 7 -  partial tp {0: tensor(0), 1: tensor(186)},fn {0: tensor(12), 1: tensor(0)},fp {0: tensor(0), 1: tensor(12)}
INFO:root:TEST batch 4 / 7 - measures partial microavg - precision 0.9394 - recall 0.9394 - f1 0.9394 
INFO:root:TEST batch 4 / 7 - measures partial for class 0 - precision 0.0000 - recall 0.0000 - f1 0.0000 
INFO:root:TEST batch 4 / 7 - measures partial for class 1 - precision 0.9394 - recall 1.0000 - f1 0.9688 
INFO:root:TEST batch 4 / 7 - Batch time 0 
INFO:root:TEST batch 5 / 7 - partial error 0.0606 - partial loss 0.3466 - partial MRR  0.0000 - partial MAP 0.9777
INFO:root:TEST batch 5 / 7 -  partial tp {0: tensor(0), 1: tensor(183)},fn {0: tensor(15), 1: tensor(0)},fp {0: tensor(0), 1: tensor(15)}
INFO:root:TEST batch 5 / 7 - measures partial microavg - precision 0.9242 - recall 0.9242 - f1 0.9242 
INFO:root:TEST batch 5 / 7 - measures partial for class 0 - precision 0.0000 - recall 0.0000 - f1 0.0000 
INFO:root:TEST batch 5 / 7 - measures partial for class 1 - precision 0.9242 - recall 1.0000 - f1 0.9606 
INFO:root:TEST batch 5 / 7 - Batch time 0 
INFO:root:TEST batch 6 / 7 - partial error 0.0581 - partial loss 0.3328 - partial MRR  0.0000 - partial MAP 0.9790
INFO:root:TEST batch 6 / 7 -  partial tp {0: tensor(0), 1: tensor(189)},fn {0: tensor(9), 1: tensor(0)},fp {0: tensor(0), 1: tensor(9)}
INFO:root:TEST batch 6 / 7 - measures partial microavg - precision 0.9545 - recall 0.9545 - f1 0.9545 
INFO:root:TEST batch 6 / 7 - measures partial for class 0 - precision 0.0000 - recall 0.0000 - f1 0.0000 
INFO:root:TEST batch 6 / 7 - measures partial for class 1 - precision 0.9545 - recall 1.0000 - f1 0.9767 
INFO:root:TEST batch 6 / 7 - Batch time 0 
INFO:root:TEST batch 7 / 7 - partial error 0.0620 - partial loss 0.3475 - partial MRR  0.0000 - partial MAP 0.9794
INFO:root:TEST batch 7 / 7 -  partial tp {0: tensor(0), 1: tensor(181)},fn {0: tensor(17), 1: tensor(0)},fp {0: tensor(0), 1: tensor(17)}
INFO:root:TEST batch 7 / 7 - measures partial microavg - precision 0.9141 - recall 0.9141 - f1 0.9141 
INFO:root:TEST batch 7 / 7 - measures partial for class 0 - precision 0.0000 - recall 0.0000 - f1 0.0000 
INFO:root:TEST batch 7 / 7 - measures partial for class 1 - precision 0.9141 - recall 1.0000 - f1 0.9551 
INFO:root:TEST batch 7 / 7 - Batch time 0 
INFO:root:TEST mean losses tensor(0.3475)
INFO:root:TEST mean errors 0.06204906105995178
INFO:root:TEST mean MRR 0.0 - mean MAP 0.9794368743896484
INFO:root:TEST tp {0: tensor(0), 1: tensor(1300)},fn {0: tensor(86), 1: tensor(0)},fp {0: tensor(0), 1: tensor(86)}
INFO:root:TEST measures microavg - precision 0.9380 - recall 0.9380 - f1 0.9380 
INFO:root:TEST measures for class 0 - precision 0.0000 - recall 0.0000 - f1 0.0000 
INFO:root:TEST measures for class 1 - precision 0.9380 - recall 1.0000 - f1 0.9680 
INFO:root:TEST measures@10 microavg - precision 1.0000 - recall 0.0505 - f1 0.0962 
INFO:root:TEST measures@10 for class 0 - precision 0.0000 - recall 0.0000 - f1 0.0000 
INFO:root:TEST measures@10 for class 1 - precision 1.0000 - recall 0.0538 - f1 0.1022 
INFO:root:TEST measures@100 microavg - precision 0.9743 - recall 0.4921 - f1 0.6539 
INFO:root:TEST measures@100 for class 0 - precision 0.0000 - recall 0.0000 - f1 0.0000 
INFO:root:TEST measures@100 for class 1 - precision 0.9743 - recall 0.5246 - f1 0.6820 
INFO:root:TEST measures@1000 microavg - precision 0.9380 - recall 0.9380 - f1 0.9380 
INFO:root:TEST measures@1000 for class 0 - precision 0.0000 - recall 0.0000 - f1 0.0000 
INFO:root:TEST measures@1000 for class 1 - precision 0.9380 - recall 1.0000 - f1 0.9680 
INFO:root:TEST Total epoch time: 0.15826744900004996
INFO:root:################ TRAIN epoch 22 ###################
INFO:root:TRAIN mean losses tensor(0.2865)
INFO:root:TRAIN mean errors 0.048821549862623215
INFO:root:TRAIN mean MRR 0.0 - mean MAP 0.9813435673713684
INFO:root:TRAIN tp {0: tensor(0), 1: tensor(5650)},fn {0: tensor(290), 1: tensor(0)},fp {0: tensor(0), 1: tensor(290)}
INFO:root:TRAIN measures microavg - precision 0.9512 - recall 0.9512 - f1 0.9512 
INFO:root:TRAIN measures for class 0 - precision 0.0000 - recall 0.0000 - f1 0.0000 
INFO:root:TRAIN measures for class 1 - precision 0.9512 - recall 1.0000 - f1 0.9750 
INFO:root:TRAIN measures@10 microavg - precision 0.9967 - recall 0.0503 - f1 0.0958 
INFO:root:TRAIN measures@10 for class 0 - precision 0.0000 - recall 0.0000 - f1 0.0000 
INFO:root:TRAIN measures@10 for class 1 - precision 0.9967 - recall 0.0529 - f1 0.1005 
INFO:root:TRAIN measures@100 microavg - precision 0.9770 - recall 0.4934 - f1 0.6557 
INFO:root:TRAIN measures@100 for class 0 - precision 0.0000 - recall 0.0000 - f1 0.0000 
INFO:root:TRAIN measures@100 for class 1 - precision 0.9770 - recall 0.5188 - f1 0.6777 
INFO:root:TRAIN measures@1000 microavg - precision 0.9512 - recall 0.9512 - f1 0.9512 
INFO:root:TRAIN measures@1000 for class 0 - precision 0.0000 - recall 0.0000 - f1 0.0000 
INFO:root:TRAIN measures@1000 for class 1 - precision 0.9512 - recall 1.0000 - f1 0.9750 
INFO:root:TRAIN Total epoch time: 0.9081705500002499
INFO:root:################ VALID epoch 22 ###################
INFO:root:VALID mean losses tensor(0.2626)
INFO:root:VALID mean errors 0.046296294778585434
INFO:root:VALID mean MRR 0.0 - mean MAP 0.9831008911132812
INFO:root:VALID tp {0: tensor(0), 1: tensor(1133)},fn {0: tensor(55), 1: tensor(0)},fp {0: tensor(0), 1: tensor(55)}
INFO:root:VALID measures microavg - precision 0.9537 - recall 0.9537 - f1 0.9537 
INFO:root:VALID measures for class 0 - precision 0.0000 - recall 0.0000 - f1 0.0000 
INFO:root:VALID measures for class 1 - precision 0.9537 - recall 1.0000 - f1 0.9763 
INFO:root:VALID measures@10 microavg - precision 1.0000 - recall 0.0505 - f1 0.0962 
INFO:root:VALID measures@10 for class 0 - precision 0.0000 - recall 0.0000 - f1 0.0000 
INFO:root:VALID measures@10 for class 1 - precision 1.0000 - recall 0.0530 - f1 0.1006 
INFO:root:VALID measures@100 microavg - precision 0.9817 - recall 0.4958 - f1 0.6588 
INFO:root:VALID measures@100 for class 0 - precision 0.0000 - recall 0.0000 - f1 0.0000 
INFO:root:VALID measures@100 for class 1 - precision 0.9817 - recall 0.5199 - f1 0.6797 
INFO:root:VALID measures@1000 microavg - precision 0.9537 - recall 0.9537 - f1 0.9537 
INFO:root:VALID measures@1000 for class 0 - precision 0.0000 - recall 0.0000 - f1 0.0000 
INFO:root:VALID measures@1000 for class 1 - precision 0.9537 - recall 1.0000 - f1 0.9763 
INFO:root:VALID Total epoch time: 0.11214283200024511
INFO:root:################ TEST epoch 22 ###################
INFO:root:TEST batch 1 / 7 - partial error 0.0455 - partial loss 0.2825 - partial MRR  0.0000 - partial MAP 0.9849
INFO:root:TEST batch 1 / 7 -  partial tp {0: tensor(0), 1: tensor(189)},fn {0: tensor(9), 1: tensor(0)},fp {0: tensor(0), 1: tensor(9)}
INFO:root:TEST batch 1 / 7 - measures partial microavg - precision 0.9545 - recall 0.9545 - f1 0.9545 
INFO:root:TEST batch 1 / 7 - measures partial for class 0 - precision 0.0000 - recall 0.0000 - f1 0.0000 
INFO:root:TEST batch 1 / 7 - measures partial for class 1 - precision 0.9545 - recall 1.0000 - f1 0.9767 
INFO:root:TEST batch 1 / 7 - Batch time 0 
INFO:root:TEST batch 2 / 7 - partial error 0.0581 - partial loss 0.3383 - partial MRR  0.0000 - partial MAP 0.9793
INFO:root:TEST batch 2 / 7 -  partial tp {0: tensor(0), 1: tensor(184)},fn {0: tensor(14), 1: tensor(0)},fp {0: tensor(0), 1: tensor(14)}
INFO:root:TEST batch 2 / 7 - measures partial microavg - precision 0.9293 - recall 0.9293 - f1 0.9293 
INFO:root:TEST batch 2 / 7 - measures partial for class 0 - precision 0.0000 - recall 0.0000 - f1 0.0000 
INFO:root:TEST batch 2 / 7 - measures partial for class 1 - precision 0.9293 - recall 1.0000 - f1 0.9634 
INFO:root:TEST batch 2 / 7 - Batch time 0 
INFO:root:TEST batch 3 / 7 - partial error 0.0556 - partial loss 0.3189 - partial MRR  0.0000 - partial MAP 0.9816
INFO:root:TEST batch 3 / 7 -  partial tp {0: tensor(0), 1: tensor(188)},fn {0: tensor(10), 1: tensor(0)},fp {0: tensor(0), 1: tensor(10)}
INFO:root:TEST batch 3 / 7 - measures partial microavg - precision 0.9495 - recall 0.9495 - f1 0.9495 
INFO:root:TEST batch 3 / 7 - measures partial for class 0 - precision 0.0000 - recall 0.0000 - f1 0.0000 
INFO:root:TEST batch 3 / 7 - measures partial for class 1 - precision 0.9495 - recall 1.0000 - f1 0.9741 
INFO:root:TEST batch 3 / 7 - Batch time 0 
INFO:root:TEST batch 4 / 7 - partial error 0.0568 - partial loss 0.3233 - partial MRR  0.0000 - partial MAP 0.9801
INFO:root:TEST batch 4 / 7 -  partial tp {0: tensor(0), 1: tensor(186)},fn {0: tensor(12), 1: tensor(0)},fp {0: tensor(0), 1: tensor(12)}
INFO:root:TEST batch 4 / 7 - measures partial microavg - precision 0.9394 - recall 0.9394 - f1 0.9394 
INFO:root:TEST batch 4 / 7 - measures partial for class 0 - precision 0.0000 - recall 0.0000 - f1 0.0000 
INFO:root:TEST batch 4 / 7 - measures partial for class 1 - precision 0.9394 - recall 1.0000 - f1 0.9688 
INFO:root:TEST batch 4 / 7 - Batch time 0 
INFO:root:TEST batch 5 / 7 - partial error 0.0606 - partial loss 0.3454 - partial MRR  0.0000 - partial MAP 0.9781
INFO:root:TEST batch 5 / 7 -  partial tp {0: tensor(0), 1: tensor(183)},fn {0: tensor(15), 1: tensor(0)},fp {0: tensor(0), 1: tensor(15)}
INFO:root:TEST batch 5 / 7 - measures partial microavg - precision 0.9242 - recall 0.9242 - f1 0.9242 
INFO:root:TEST batch 5 / 7 - measures partial for class 0 - precision 0.0000 - recall 0.0000 - f1 0.0000 
INFO:root:TEST batch 5 / 7 - measures partial for class 1 - precision 0.9242 - recall 1.0000 - f1 0.9606 
INFO:root:TEST batch 5 / 7 - Batch time 0 
INFO:root:TEST batch 6 / 7 - partial error 0.0581 - partial loss 0.3318 - partial MRR  0.0000 - partial MAP 0.9797
INFO:root:TEST batch 6 / 7 -  partial tp {0: tensor(0), 1: tensor(189)},fn {0: tensor(9), 1: tensor(0)},fp {0: tensor(0), 1: tensor(9)}
INFO:root:TEST batch 6 / 7 - measures partial microavg - precision 0.9545 - recall 0.9545 - f1 0.9545 
INFO:root:TEST batch 6 / 7 - measures partial for class 0 - precision 0.0000 - recall 0.0000 - f1 0.0000 
INFO:root:TEST batch 6 / 7 - measures partial for class 1 - precision 0.9545 - recall 1.0000 - f1 0.9767 
INFO:root:TEST batch 6 / 7 - Batch time 0 
INFO:root:TEST batch 7 / 7 - partial error 0.0620 - partial loss 0.3478 - partial MRR  0.0000 - partial MAP 0.9795
INFO:root:TEST batch 7 / 7 -  partial tp {0: tensor(0), 1: tensor(181)},fn {0: tensor(17), 1: tensor(0)},fp {0: tensor(0), 1: tensor(17)}
INFO:root:TEST batch 7 / 7 - measures partial microavg - precision 0.9141 - recall 0.9141 - f1 0.9141 
INFO:root:TEST batch 7 / 7 - measures partial for class 0 - precision 0.0000 - recall 0.0000 - f1 0.0000 
INFO:root:TEST batch 7 / 7 - measures partial for class 1 - precision 0.9141 - recall 1.0000 - f1 0.9551 
INFO:root:TEST batch 7 / 7 - Batch time 0 
INFO:root:TEST mean losses tensor(0.3478)
INFO:root:TEST mean errors 0.06204906105995178
INFO:root:TEST mean MRR 0.0 - mean MAP 0.979465663433075
INFO:root:TEST tp {0: tensor(0), 1: tensor(1300)},fn {0: tensor(86), 1: tensor(0)},fp {0: tensor(0), 1: tensor(86)}
INFO:root:TEST measures microavg - precision 0.9380 - recall 0.9380 - f1 0.9380 
INFO:root:TEST measures for class 0 - precision 0.0000 - recall 0.0000 - f1 0.0000 
INFO:root:TEST measures for class 1 - precision 0.9380 - recall 1.0000 - f1 0.9680 
INFO:root:TEST measures@10 microavg - precision 1.0000 - recall 0.0505 - f1 0.0962 
INFO:root:TEST measures@10 for class 0 - precision 0.0000 - recall 0.0000 - f1 0.0000 
INFO:root:TEST measures@10 for class 1 - precision 1.0000 - recall 0.0538 - f1 0.1022 
INFO:root:TEST measures@100 microavg - precision 0.9714 - recall 0.4906 - f1 0.6520 
INFO:root:TEST measures@100 for class 0 - precision 0.0000 - recall 0.0000 - f1 0.0000 
INFO:root:TEST measures@100 for class 1 - precision 0.9714 - recall 0.5231 - f1 0.6800 
INFO:root:TEST measures@1000 microavg - precision 0.9380 - recall 0.9380 - f1 0.9380 
INFO:root:TEST measures@1000 for class 0 - precision 0.0000 - recall 0.0000 - f1 0.0000 
INFO:root:TEST measures@1000 for class 1 - precision 0.9380 - recall 1.0000 - f1 0.9680 
INFO:root:TEST Total epoch time: 0.14368840999986787
INFO:root:################ TRAIN epoch 23 ###################
INFO:root:TRAIN mean losses tensor(0.2892)
INFO:root:TRAIN mean errors 0.048821549862623215
INFO:root:TRAIN mean MRR 0.0 - mean MAP 0.9804040789604187
INFO:root:TRAIN tp {0: tensor(0), 1: tensor(5650)},fn {0: tensor(290), 1: tensor(0)},fp {0: tensor(0), 1: tensor(290)}
INFO:root:TRAIN measures microavg - precision 0.9512 - recall 0.9512 - f1 0.9512 
INFO:root:TRAIN measures for class 0 - precision 0.0000 - recall 0.0000 - f1 0.0000 
INFO:root:TRAIN measures for class 1 - precision 0.9512 - recall 1.0000 - f1 0.9750 
INFO:root:TRAIN measures@10 microavg - precision 0.9967 - recall 0.0503 - f1 0.0958 
INFO:root:TRAIN measures@10 for class 0 - precision 0.0000 - recall 0.0000 - f1 0.0000 
INFO:root:TRAIN measures@10 for class 1 - precision 0.9967 - recall 0.0529 - f1 0.1005 
INFO:root:TRAIN measures@100 microavg - precision 0.9767 - recall 0.4933 - f1 0.6555 
INFO:root:TRAIN measures@100 for class 0 - precision 0.0000 - recall 0.0000 - f1 0.0000 
INFO:root:TRAIN measures@100 for class 1 - precision 0.9767 - recall 0.5186 - f1 0.6775 
INFO:root:TRAIN measures@1000 microavg - precision 0.9512 - recall 0.9512 - f1 0.9512 
INFO:root:TRAIN measures@1000 for class 0 - precision 0.0000 - recall 0.0000 - f1 0.0000 
INFO:root:TRAIN measures@1000 for class 1 - precision 0.9512 - recall 1.0000 - f1 0.9750 
INFO:root:TRAIN Total epoch time: 0.881158798999877
INFO:root:################ VALID epoch 23 ###################
INFO:root:VALID mean losses tensor(0.2677)
INFO:root:VALID mean errors 0.046296294778585434
INFO:root:VALID mean MRR 0.0 - mean MAP 0.9811262488365173
INFO:root:VALID tp {0: tensor(0), 1: tensor(1133)},fn {0: tensor(55), 1: tensor(0)},fp {0: tensor(0), 1: tensor(55)}
INFO:root:VALID measures microavg - precision 0.9537 - recall 0.9537 - f1 0.9537 
INFO:root:VALID measures for class 0 - precision 0.0000 - recall 0.0000 - f1 0.0000 
INFO:root:VALID measures for class 1 - precision 0.9537 - recall 1.0000 - f1 0.9763 
INFO:root:VALID measures@10 microavg - precision 1.0000 - recall 0.0505 - f1 0.0962 
INFO:root:VALID measures@10 for class 0 - precision 0.0000 - recall 0.0000 - f1 0.0000 
INFO:root:VALID measures@10 for class 1 - precision 1.0000 - recall 0.0530 - f1 0.1006 
INFO:root:VALID measures@100 microavg - precision 0.9867 - recall 0.4983 - f1 0.6622 
INFO:root:VALID measures@100 for class 0 - precision 0.0000 - recall 0.0000 - f1 0.0000 
INFO:root:VALID measures@100 for class 1 - precision 0.9867 - recall 0.5225 - f1 0.6832 
INFO:root:VALID measures@1000 microavg - precision 0.9537 - recall 0.9537 - f1 0.9537 
INFO:root:VALID measures@1000 for class 0 - precision 0.0000 - recall 0.0000 - f1 0.0000 
INFO:root:VALID measures@1000 for class 1 - precision 0.9537 - recall 1.0000 - f1 0.9763 
INFO:root:VALID Total epoch time: 0.11134655300020313
INFO:root:################ TEST epoch 23 ###################
INFO:root:TEST batch 1 / 7 - partial error 0.0455 - partial loss 0.2832 - partial MRR  0.0000 - partial MAP 0.9830
INFO:root:TEST batch 1 / 7 -  partial tp {0: tensor(0), 1: tensor(189)},fn {0: tensor(9), 1: tensor(0)},fp {0: tensor(0), 1: tensor(9)}
INFO:root:TEST batch 1 / 7 - measures partial microavg - precision 0.9545 - recall 0.9545 - f1 0.9545 
INFO:root:TEST batch 1 / 7 - measures partial for class 0 - precision 0.0000 - recall 0.0000 - f1 0.0000 
INFO:root:TEST batch 1 / 7 - measures partial for class 1 - precision 0.9545 - recall 1.0000 - f1 0.9767 
INFO:root:TEST batch 1 / 7 - Batch time 0 
INFO:root:TEST batch 2 / 7 - partial error 0.0581 - partial loss 0.3393 - partial MRR  0.0000 - partial MAP 0.9753
INFO:root:TEST batch 2 / 7 -  partial tp {0: tensor(0), 1: tensor(184)},fn {0: tensor(14), 1: tensor(0)},fp {0: tensor(0), 1: tensor(14)}
INFO:root:TEST batch 2 / 7 - measures partial microavg - precision 0.9293 - recall 0.9293 - f1 0.9293 
INFO:root:TEST batch 2 / 7 - measures partial for class 0 - precision 0.0000 - recall 0.0000 - f1 0.0000 
INFO:root:TEST batch 2 / 7 - measures partial for class 1 - precision 0.9293 - recall 1.0000 - f1 0.9634 
INFO:root:TEST batch 2 / 7 - Batch time 0 
INFO:root:TEST batch 3 / 7 - partial error 0.0556 - partial loss 0.3222 - partial MRR  0.0000 - partial MAP 0.9788
INFO:root:TEST batch 3 / 7 -  partial tp {0: tensor(0), 1: tensor(188)},fn {0: tensor(10), 1: tensor(0)},fp {0: tensor(0), 1: tensor(10)}
INFO:root:TEST batch 3 / 7 - measures partial microavg - precision 0.9495 - recall 0.9495 - f1 0.9495 
INFO:root:TEST batch 3 / 7 - measures partial for class 0 - precision 0.0000 - recall 0.0000 - f1 0.0000 
INFO:root:TEST batch 3 / 7 - measures partial for class 1 - precision 0.9495 - recall 1.0000 - f1 0.9741 
INFO:root:TEST batch 3 / 7 - Batch time 0 
INFO:root:TEST batch 4 / 7 - partial error 0.0568 - partial loss 0.3262 - partial MRR  0.0000 - partial MAP 0.9781
INFO:root:TEST batch 4 / 7 -  partial tp {0: tensor(0), 1: tensor(186)},fn {0: tensor(12), 1: tensor(0)},fp {0: tensor(0), 1: tensor(12)}
INFO:root:TEST batch 4 / 7 - measures partial microavg - precision 0.9394 - recall 0.9394 - f1 0.9394 
INFO:root:TEST batch 4 / 7 - measures partial for class 0 - precision 0.0000 - recall 0.0000 - f1 0.0000 
INFO:root:TEST batch 4 / 7 - measures partial for class 1 - precision 0.9394 - recall 1.0000 - f1 0.9688 
INFO:root:TEST batch 4 / 7 - Batch time 0 
INFO:root:TEST batch 5 / 7 - partial error 0.0606 - partial loss 0.3469 - partial MRR  0.0000 - partial MAP 0.9763
INFO:root:TEST batch 5 / 7 -  partial tp {0: tensor(0), 1: tensor(183)},fn {0: tensor(15), 1: tensor(0)},fp {0: tensor(0), 1: tensor(15)}
INFO:root:TEST batch 5 / 7 - measures partial microavg - precision 0.9242 - recall 0.9242 - f1 0.9242 
INFO:root:TEST batch 5 / 7 - measures partial for class 0 - precision 0.0000 - recall 0.0000 - f1 0.0000 
INFO:root:TEST batch 5 / 7 - measures partial for class 1 - precision 0.9242 - recall 1.0000 - f1 0.9606 
INFO:root:TEST batch 5 / 7 - Batch time 0 
INFO:root:TEST batch 6 / 7 - partial error 0.0581 - partial loss 0.3315 - partial MRR  0.0000 - partial MAP 0.9779
INFO:root:TEST batch 6 / 7 -  partial tp {0: tensor(0), 1: tensor(189)},fn {0: tensor(9), 1: tensor(0)},fp {0: tensor(0), 1: tensor(9)}
INFO:root:TEST batch 6 / 7 - measures partial microavg - precision 0.9545 - recall 0.9545 - f1 0.9545 
INFO:root:TEST batch 6 / 7 - measures partial for class 0 - precision 0.0000 - recall 0.0000 - f1 0.0000 
INFO:root:TEST batch 6 / 7 - measures partial for class 1 - precision 0.9545 - recall 1.0000 - f1 0.9767 
INFO:root:TEST batch 6 / 7 - Batch time 0 
INFO:root:TEST batch 7 / 7 - partial error 0.0620 - partial loss 0.3486 - partial MRR  0.0000 - partial MAP 0.9781
INFO:root:TEST batch 7 / 7 -  partial tp {0: tensor(0), 1: tensor(181)},fn {0: tensor(17), 1: tensor(0)},fp {0: tensor(0), 1: tensor(17)}
INFO:root:TEST batch 7 / 7 - measures partial microavg - precision 0.9141 - recall 0.9141 - f1 0.9141 
INFO:root:TEST batch 7 / 7 - measures partial for class 0 - precision 0.0000 - recall 0.0000 - f1 0.0000 
INFO:root:TEST batch 7 / 7 - measures partial for class 1 - precision 0.9141 - recall 1.0000 - f1 0.9551 
INFO:root:TEST batch 7 / 7 - Batch time 0 
INFO:root:TEST mean losses tensor(0.3486)
INFO:root:TEST mean errors 0.06204906105995178
INFO:root:TEST mean MRR 0.0 - mean MAP 0.9781068563461304
INFO:root:TEST tp {0: tensor(0), 1: tensor(1300)},fn {0: tensor(86), 1: tensor(0)},fp {0: tensor(0), 1: tensor(86)}
INFO:root:TEST measures microavg - precision 0.9380 - recall 0.9380 - f1 0.9380 
INFO:root:TEST measures for class 0 - precision 0.0000 - recall 0.0000 - f1 0.0000 
INFO:root:TEST measures for class 1 - precision 0.9380 - recall 1.0000 - f1 0.9680 
INFO:root:TEST measures@10 microavg - precision 1.0000 - recall 0.0505 - f1 0.0962 
INFO:root:TEST measures@10 for class 0 - precision 0.0000 - recall 0.0000 - f1 0.0000 
INFO:root:TEST measures@10 for class 1 - precision 1.0000 - recall 0.0538 - f1 0.1022 
INFO:root:TEST measures@100 microavg - precision 0.9771 - recall 0.4935 - f1 0.6558 
INFO:root:TEST measures@100 for class 0 - precision 0.0000 - recall 0.0000 - f1 0.0000 
INFO:root:TEST measures@100 for class 1 - precision 0.9771 - recall 0.5262 - f1 0.6840 
INFO:root:TEST measures@1000 microavg - precision 0.9380 - recall 0.9380 - f1 0.9380 
INFO:root:TEST measures@1000 for class 0 - precision 0.0000 - recall 0.0000 - f1 0.0000 
INFO:root:TEST measures@1000 for class 1 - precision 0.9380 - recall 1.0000 - f1 0.9680 
INFO:root:TEST Total epoch time: 0.14243594900017342
INFO:root:################ TRAIN epoch 24 ###################
INFO:root:TRAIN mean losses tensor(0.2891)
INFO:root:TRAIN mean errors 0.048821549862623215
INFO:root:TRAIN mean MRR 0.0 - mean MAP 0.9799593687057495
INFO:root:TRAIN tp {0: tensor(0), 1: tensor(5650)},fn {0: tensor(290), 1: tensor(0)},fp {0: tensor(0), 1: tensor(290)}
INFO:root:TRAIN measures microavg - precision 0.9512 - recall 0.9512 - f1 0.9512 
INFO:root:TRAIN measures for class 0 - precision 0.0000 - recall 0.0000 - f1 0.0000 
INFO:root:TRAIN measures for class 1 - precision 0.9512 - recall 1.0000 - f1 0.9750 
INFO:root:TRAIN measures@10 microavg - precision 0.9900 - recall 0.0500 - f1 0.0952 
INFO:root:TRAIN measures@10 for class 0 - precision 0.0000 - recall 0.0000 - f1 0.0000 
INFO:root:TRAIN measures@10 for class 1 - precision 0.9900 - recall 0.0526 - f1 0.0998 
INFO:root:TRAIN measures@100 microavg - precision 0.9760 - recall 0.4929 - f1 0.6550 
INFO:root:TRAIN measures@100 for class 0 - precision 0.0000 - recall 0.0000 - f1 0.0000 
INFO:root:TRAIN measures@100 for class 1 - precision 0.9760 - recall 0.5182 - f1 0.6770 
INFO:root:TRAIN measures@1000 microavg - precision 0.9512 - recall 0.9512 - f1 0.9512 
INFO:root:TRAIN measures@1000 for class 0 - precision 0.0000 - recall 0.0000 - f1 0.0000 
INFO:root:TRAIN measures@1000 for class 1 - precision 0.9512 - recall 1.0000 - f1 0.9750 
INFO:root:TRAIN Total epoch time: 0.8381443149996812
INFO:root:################ VALID epoch 24 ###################
INFO:root:VALID mean losses tensor(0.2671)
INFO:root:VALID mean errors 0.046296294778585434
INFO:root:VALID mean MRR 0.0 - mean MAP 0.9806469082832336
INFO:root:VALID tp {0: tensor(0), 1: tensor(1133)},fn {0: tensor(55), 1: tensor(0)},fp {0: tensor(0), 1: tensor(55)}
INFO:root:VALID measures microavg - precision 0.9537 - recall 0.9537 - f1 0.9537 
INFO:root:VALID measures for class 0 - precision 0.0000 - recall 0.0000 - f1 0.0000 
INFO:root:VALID measures for class 1 - precision 0.9537 - recall 1.0000 - f1 0.9763 
INFO:root:VALID measures@10 microavg - precision 0.9833 - recall 0.0497 - f1 0.0946 
INFO:root:VALID measures@10 for class 0 - precision 0.0000 - recall 0.0000 - f1 0.0000 
INFO:root:VALID measures@10 for class 1 - precision 0.9833 - recall 0.0521 - f1 0.0989 
INFO:root:VALID measures@100 microavg - precision 0.9800 - recall 0.4949 - f1 0.6577 
INFO:root:VALID measures@100 for class 0 - precision 0.0000 - recall 0.0000 - f1 0.0000 
INFO:root:VALID measures@100 for class 1 - precision 0.9800 - recall 0.5190 - f1 0.6786 
INFO:root:VALID measures@1000 microavg - precision 0.9537 - recall 0.9537 - f1 0.9537 
INFO:root:VALID measures@1000 for class 0 - precision 0.0000 - recall 0.0000 - f1 0.0000 
INFO:root:VALID measures@1000 for class 1 - precision 0.9537 - recall 1.0000 - f1 0.9763 
INFO:root:VALID Total epoch time: 0.10973631600018052
INFO:root:################ TEST epoch 24 ###################
INFO:root:TEST batch 1 / 7 - partial error 0.0455 - partial loss 0.2895 - partial MRR  0.0000 - partial MAP 0.9822
INFO:root:TEST batch 1 / 7 -  partial tp {0: tensor(0), 1: tensor(189)},fn {0: tensor(9), 1: tensor(0)},fp {0: tensor(0), 1: tensor(9)}
INFO:root:TEST batch 1 / 7 - measures partial microavg - precision 0.9545 - recall 0.9545 - f1 0.9545 
INFO:root:TEST batch 1 / 7 - measures partial for class 0 - precision 0.0000 - recall 0.0000 - f1 0.0000 
INFO:root:TEST batch 1 / 7 - measures partial for class 1 - precision 0.9545 - recall 1.0000 - f1 0.9767 
INFO:root:TEST batch 1 / 7 - Batch time 0 
INFO:root:TEST batch 2 / 7 - partial error 0.0581 - partial loss 0.3430 - partial MRR  0.0000 - partial MAP 0.9787
INFO:root:TEST batch 2 / 7 -  partial tp {0: tensor(0), 1: tensor(184)},fn {0: tensor(14), 1: tensor(0)},fp {0: tensor(0), 1: tensor(14)}
INFO:root:TEST batch 2 / 7 - measures partial microavg - precision 0.9293 - recall 0.9293 - f1 0.9293 
INFO:root:TEST batch 2 / 7 - measures partial for class 0 - precision 0.0000 - recall 0.0000 - f1 0.0000 
INFO:root:TEST batch 2 / 7 - measures partial for class 1 - precision 0.9293 - recall 1.0000 - f1 0.9634 
INFO:root:TEST batch 2 / 7 - Batch time 0 
INFO:root:TEST batch 3 / 7 - partial error 0.0556 - partial loss 0.3261 - partial MRR  0.0000 - partial MAP 0.9805
INFO:root:TEST batch 3 / 7 -  partial tp {0: tensor(0), 1: tensor(188)},fn {0: tensor(10), 1: tensor(0)},fp {0: tensor(0), 1: tensor(10)}
INFO:root:TEST batch 3 / 7 - measures partial microavg - precision 0.9495 - recall 0.9495 - f1 0.9495 
INFO:root:TEST batch 3 / 7 - measures partial for class 0 - precision 0.0000 - recall 0.0000 - f1 0.0000 
INFO:root:TEST batch 3 / 7 - measures partial for class 1 - precision 0.9495 - recall 1.0000 - f1 0.9741 
INFO:root:TEST batch 3 / 7 - Batch time 0 
INFO:root:TEST batch 4 / 7 - partial error 0.0568 - partial loss 0.3280 - partial MRR  0.0000 - partial MAP 0.9795
INFO:root:TEST batch 4 / 7 -  partial tp {0: tensor(0), 1: tensor(186)},fn {0: tensor(12), 1: tensor(0)},fp {0: tensor(0), 1: tensor(12)}
INFO:root:TEST batch 4 / 7 - measures partial microavg - precision 0.9394 - recall 0.9394 - f1 0.9394 
INFO:root:TEST batch 4 / 7 - measures partial for class 0 - precision 0.0000 - recall 0.0000 - f1 0.0000 
INFO:root:TEST batch 4 / 7 - measures partial for class 1 - precision 0.9394 - recall 1.0000 - f1 0.9688 
INFO:root:TEST batch 4 / 7 - Batch time 0 
INFO:root:TEST batch 5 / 7 - partial error 0.0606 - partial loss 0.3465 - partial MRR  0.0000 - partial MAP 0.9782
INFO:root:TEST batch 5 / 7 -  partial tp {0: tensor(0), 1: tensor(183)},fn {0: tensor(15), 1: tensor(0)},fp {0: tensor(0), 1: tensor(15)}
INFO:root:TEST batch 5 / 7 - measures partial microavg - precision 0.9242 - recall 0.9242 - f1 0.9242 
INFO:root:TEST batch 5 / 7 - measures partial for class 0 - precision 0.0000 - recall 0.0000 - f1 0.0000 
INFO:root:TEST batch 5 / 7 - measures partial for class 1 - precision 0.9242 - recall 1.0000 - f1 0.9606 
INFO:root:TEST batch 5 / 7 - Batch time 0 
INFO:root:TEST batch 6 / 7 - partial error 0.0581 - partial loss 0.3314 - partial MRR  0.0000 - partial MAP 0.9798
INFO:root:TEST batch 6 / 7 -  partial tp {0: tensor(0), 1: tensor(189)},fn {0: tensor(9), 1: tensor(0)},fp {0: tensor(0), 1: tensor(9)}
INFO:root:TEST batch 6 / 7 - measures partial microavg - precision 0.9545 - recall 0.9545 - f1 0.9545 
INFO:root:TEST batch 6 / 7 - measures partial for class 0 - precision 0.0000 - recall 0.0000 - f1 0.0000 
INFO:root:TEST batch 6 / 7 - measures partial for class 1 - precision 0.9545 - recall 1.0000 - f1 0.9767 
INFO:root:TEST batch 6 / 7 - Batch time 0 
INFO:root:TEST batch 7 / 7 - partial error 0.0620 - partial loss 0.3493 - partial MRR  0.0000 - partial MAP 0.9793
INFO:root:TEST batch 7 / 7 -  partial tp {0: tensor(0), 1: tensor(181)},fn {0: tensor(17), 1: tensor(0)},fp {0: tensor(0), 1: tensor(17)}
INFO:root:TEST batch 7 / 7 - measures partial microavg - precision 0.9141 - recall 0.9141 - f1 0.9141 
INFO:root:TEST batch 7 / 7 - measures partial for class 0 - precision 0.0000 - recall 0.0000 - f1 0.0000 
INFO:root:TEST batch 7 / 7 - measures partial for class 1 - precision 0.9141 - recall 1.0000 - f1 0.9551 
INFO:root:TEST batch 7 / 7 - Batch time 0 
INFO:root:TEST mean losses tensor(0.3493)
INFO:root:TEST mean errors 0.06204906105995178
INFO:root:TEST mean MRR 0.0 - mean MAP 0.9792958498001099
INFO:root:TEST tp {0: tensor(0), 1: tensor(1300)},fn {0: tensor(86), 1: tensor(0)},fp {0: tensor(0), 1: tensor(86)}
INFO:root:TEST measures microavg - precision 0.9380 - recall 0.9380 - f1 0.9380 
INFO:root:TEST measures for class 0 - precision 0.0000 - recall 0.0000 - f1 0.0000 
INFO:root:TEST measures for class 1 - precision 0.9380 - recall 1.0000 - f1 0.9680 
INFO:root:TEST measures@10 microavg - precision 1.0000 - recall 0.0505 - f1 0.0962 
INFO:root:TEST measures@10 for class 0 - precision 0.0000 - recall 0.0000 - f1 0.0000 
INFO:root:TEST measures@10 for class 1 - precision 1.0000 - recall 0.0538 - f1 0.1022 
INFO:root:TEST measures@100 microavg - precision 0.9686 - recall 0.4892 - f1 0.6500 
INFO:root:TEST measures@100 for class 0 - precision 0.0000 - recall 0.0000 - f1 0.0000 
INFO:root:TEST measures@100 for class 1 - precision 0.9686 - recall 0.5215 - f1 0.6780 
INFO:root:TEST measures@1000 microavg - precision 0.9380 - recall 0.9380 - f1 0.9380 
INFO:root:TEST measures@1000 for class 0 - precision 0.0000 - recall 0.0000 - f1 0.0000 
INFO:root:TEST measures@1000 for class 1 - precision 0.9380 - recall 1.0000 - f1 0.9680 
INFO:root:TEST Total epoch time: 0.13767985699996643
INFO:root:################ TRAIN epoch 25 ###################
INFO:root:TRAIN mean losses tensor(0.2869)
INFO:root:TRAIN mean errors 0.048821549862623215
INFO:root:TRAIN mean MRR 0.0 - mean MAP 0.9808081388473511
INFO:root:TRAIN tp {0: tensor(0), 1: tensor(5650)},fn {0: tensor(290), 1: tensor(0)},fp {0: tensor(0), 1: tensor(290)}
INFO:root:TRAIN measures microavg - precision 0.9512 - recall 0.9512 - f1 0.9512 
INFO:root:TRAIN measures for class 0 - precision 0.0000 - recall 0.0000 - f1 0.0000 
INFO:root:TRAIN measures for class 1 - precision 0.9512 - recall 1.0000 - f1 0.9750 
INFO:root:TRAIN measures@10 microavg - precision 0.9933 - recall 0.0502 - f1 0.0955 
INFO:root:TRAIN measures@10 for class 0 - precision 0.0000 - recall 0.0000 - f1 0.0000 
INFO:root:TRAIN measures@10 for class 1 - precision 0.9933 - recall 0.0527 - f1 0.1002 
INFO:root:TRAIN measures@100 microavg - precision 0.9757 - recall 0.4928 - f1 0.6548 
INFO:root:TRAIN measures@100 for class 0 - precision 0.0000 - recall 0.0000 - f1 0.0000 
INFO:root:TRAIN measures@100 for class 1 - precision 0.9757 - recall 0.5181 - f1 0.6768 
INFO:root:TRAIN measures@1000 microavg - precision 0.9512 - recall 0.9512 - f1 0.9512 
INFO:root:TRAIN measures@1000 for class 0 - precision 0.0000 - recall 0.0000 - f1 0.0000 
INFO:root:TRAIN measures@1000 for class 1 - precision 0.9512 - recall 1.0000 - f1 0.9750 
INFO:root:TRAIN Total epoch time: 0.931414833999952
INFO:root:################ VALID epoch 25 ###################
INFO:root:VALID mean losses tensor(0.2647)
INFO:root:VALID mean errors 0.046296294778585434
INFO:root:VALID mean MRR 0.0 - mean MAP 0.9803990721702576
INFO:root:VALID tp {0: tensor(0), 1: tensor(1133)},fn {0: tensor(55), 1: tensor(0)},fp {0: tensor(0), 1: tensor(55)}
INFO:root:VALID measures microavg - precision 0.9537 - recall 0.9537 - f1 0.9537 
INFO:root:VALID measures for class 0 - precision 0.0000 - recall 0.0000 - f1 0.0000 
INFO:root:VALID measures for class 1 - precision 0.9537 - recall 1.0000 - f1 0.9763 
INFO:root:VALID measures@10 microavg - precision 1.0000 - recall 0.0505 - f1 0.0962 
INFO:root:VALID measures@10 for class 0 - precision 0.0000 - recall 0.0000 - f1 0.0000 
INFO:root:VALID measures@10 for class 1 - precision 1.0000 - recall 0.0530 - f1 0.1006 
INFO:root:VALID measures@100 microavg - precision 0.9850 - recall 0.4975 - f1 0.6611 
INFO:root:VALID measures@100 for class 0 - precision 0.0000 - recall 0.0000 - f1 0.0000 
INFO:root:VALID measures@100 for class 1 - precision 0.9850 - recall 0.5216 - f1 0.6821 
INFO:root:VALID measures@1000 microavg - precision 0.9537 - recall 0.9537 - f1 0.9537 
INFO:root:VALID measures@1000 for class 0 - precision 0.0000 - recall 0.0000 - f1 0.0000 
INFO:root:VALID measures@1000 for class 1 - precision 0.9537 - recall 1.0000 - f1 0.9763 
INFO:root:VALID Total epoch time: 0.10766839200005052
INFO:root:################ TEST epoch 25 ###################
INFO:root:TEST batch 1 / 7 - partial error 0.0455 - partial loss 0.2787 - partial MRR  0.0000 - partial MAP 0.9843
INFO:root:TEST batch 1 / 7 -  partial tp {0: tensor(0), 1: tensor(189)},fn {0: tensor(9), 1: tensor(0)},fp {0: tensor(0), 1: tensor(9)}
INFO:root:TEST batch 1 / 7 - measures partial microavg - precision 0.9545 - recall 0.9545 - f1 0.9545 
INFO:root:TEST batch 1 / 7 - measures partial for class 0 - precision 0.0000 - recall 0.0000 - f1 0.0000 
INFO:root:TEST batch 1 / 7 - measures partial for class 1 - precision 0.9545 - recall 1.0000 - f1 0.9767 
INFO:root:TEST batch 1 / 7 - Batch time 0 
INFO:root:TEST batch 2 / 7 - partial error 0.0581 - partial loss 0.3353 - partial MRR  0.0000 - partial MAP 0.9792
INFO:root:TEST batch 2 / 7 -  partial tp {0: tensor(0), 1: tensor(184)},fn {0: tensor(14), 1: tensor(0)},fp {0: tensor(0), 1: tensor(14)}
INFO:root:TEST batch 2 / 7 - measures partial microavg - precision 0.9293 - recall 0.9293 - f1 0.9293 
INFO:root:TEST batch 2 / 7 - measures partial for class 0 - precision 0.0000 - recall 0.0000 - f1 0.0000 
INFO:root:TEST batch 2 / 7 - measures partial for class 1 - precision 0.9293 - recall 1.0000 - f1 0.9634 
INFO:root:TEST batch 2 / 7 - Batch time 0 
INFO:root:TEST batch 3 / 7 - partial error 0.0556 - partial loss 0.3194 - partial MRR  0.0000 - partial MAP 0.9799
INFO:root:TEST batch 3 / 7 -  partial tp {0: tensor(0), 1: tensor(188)},fn {0: tensor(10), 1: tensor(0)},fp {0: tensor(0), 1: tensor(10)}
INFO:root:TEST batch 3 / 7 - measures partial microavg - precision 0.9495 - recall 0.9495 - f1 0.9495 
INFO:root:TEST batch 3 / 7 - measures partial for class 0 - precision 0.0000 - recall 0.0000 - f1 0.0000 
INFO:root:TEST batch 3 / 7 - measures partial for class 1 - precision 0.9495 - recall 1.0000 - f1 0.9741 
INFO:root:TEST batch 3 / 7 - Batch time 0 
INFO:root:TEST batch 4 / 7 - partial error 0.0568 - partial loss 0.3242 - partial MRR  0.0000 - partial MAP 0.9779
INFO:root:TEST batch 4 / 7 -  partial tp {0: tensor(0), 1: tensor(186)},fn {0: tensor(12), 1: tensor(0)},fp {0: tensor(0), 1: tensor(12)}
INFO:root:TEST batch 4 / 7 - measures partial microavg - precision 0.9394 - recall 0.9394 - f1 0.9394 
INFO:root:TEST batch 4 / 7 - measures partial for class 0 - precision 0.0000 - recall 0.0000 - f1 0.0000 
INFO:root:TEST batch 4 / 7 - measures partial for class 1 - precision 0.9394 - recall 1.0000 - f1 0.9688 
INFO:root:TEST batch 4 / 7 - Batch time 0 
INFO:root:TEST batch 5 / 7 - partial error 0.0606 - partial loss 0.3426 - partial MRR  0.0000 - partial MAP 0.9766
INFO:root:TEST batch 5 / 7 -  partial tp {0: tensor(0), 1: tensor(183)},fn {0: tensor(15), 1: tensor(0)},fp {0: tensor(0), 1: tensor(15)}
INFO:root:TEST batch 5 / 7 - measures partial microavg - precision 0.9242 - recall 0.9242 - f1 0.9242 
INFO:root:TEST batch 5 / 7 - measures partial for class 0 - precision 0.0000 - recall 0.0000 - f1 0.0000 
INFO:root:TEST batch 5 / 7 - measures partial for class 1 - precision 0.9242 - recall 1.0000 - f1 0.9606 
INFO:root:TEST batch 5 / 7 - Batch time 0 
INFO:root:TEST batch 6 / 7 - partial error 0.0581 - partial loss 0.3286 - partial MRR  0.0000 - partial MAP 0.9782
INFO:root:TEST batch 6 / 7 -  partial tp {0: tensor(0), 1: tensor(189)},fn {0: tensor(9), 1: tensor(0)},fp {0: tensor(0), 1: tensor(9)}
INFO:root:TEST batch 6 / 7 - measures partial microavg - precision 0.9545 - recall 0.9545 - f1 0.9545 
INFO:root:TEST batch 6 / 7 - measures partial for class 0 - precision 0.0000 - recall 0.0000 - f1 0.0000 
INFO:root:TEST batch 6 / 7 - measures partial for class 1 - precision 0.9545 - recall 1.0000 - f1 0.9767 
INFO:root:TEST batch 6 / 7 - Batch time 0 
INFO:root:TEST batch 7 / 7 - partial error 0.0620 - partial loss 0.3449 - partial MRR  0.0000 - partial MAP 0.9780
INFO:root:TEST batch 7 / 7 -  partial tp {0: tensor(0), 1: tensor(181)},fn {0: tensor(17), 1: tensor(0)},fp {0: tensor(0), 1: tensor(17)}
INFO:root:TEST batch 7 / 7 - measures partial microavg - precision 0.9141 - recall 0.9141 - f1 0.9141 
INFO:root:TEST batch 7 / 7 - measures partial for class 0 - precision 0.0000 - recall 0.0000 - f1 0.0000 
INFO:root:TEST batch 7 / 7 - measures partial for class 1 - precision 0.9141 - recall 1.0000 - f1 0.9551 
INFO:root:TEST batch 7 / 7 - Batch time 0 
INFO:root:TEST mean losses tensor(0.3449)
INFO:root:TEST mean errors 0.06204906105995178
INFO:root:TEST mean MRR 0.0 - mean MAP 0.9780378341674805
INFO:root:TEST tp {0: tensor(0), 1: tensor(1300)},fn {0: tensor(86), 1: tensor(0)},fp {0: tensor(0), 1: tensor(86)}
INFO:root:TEST measures microavg - precision 0.9380 - recall 0.9380 - f1 0.9380 
INFO:root:TEST measures for class 0 - precision 0.0000 - recall 0.0000 - f1 0.0000 
INFO:root:TEST measures for class 1 - precision 0.9380 - recall 1.0000 - f1 0.9680 
INFO:root:TEST measures@10 microavg - precision 1.0000 - recall 0.0505 - f1 0.0962 
INFO:root:TEST measures@10 for class 0 - precision 0.0000 - recall 0.0000 - f1 0.0000 
INFO:root:TEST measures@10 for class 1 - precision 1.0000 - recall 0.0538 - f1 0.1022 
INFO:root:TEST measures@100 microavg - precision 0.9757 - recall 0.4928 - f1 0.6548 
INFO:root:TEST measures@100 for class 0 - precision 0.0000 - recall 0.0000 - f1 0.0000 
INFO:root:TEST measures@100 for class 1 - precision 0.9757 - recall 0.5254 - f1 0.6830 
INFO:root:TEST measures@1000 microavg - precision 0.9380 - recall 0.9380 - f1 0.9380 
INFO:root:TEST measures@1000 for class 0 - precision 0.0000 - recall 0.0000 - f1 0.0000 
INFO:root:TEST measures@1000 for class 1 - precision 0.9380 - recall 1.0000 - f1 0.9680 
INFO:root:TEST Total epoch time: 0.13392964399963603
INFO:root:################ TRAIN epoch 26 ###################
INFO:root:TRAIN mean losses tensor(0.2867)
INFO:root:TRAIN mean errors 0.048821549862623215
INFO:root:TRAIN mean MRR 0.0 - mean MAP 0.9812078475952148
INFO:root:TRAIN tp {0: tensor(0), 1: tensor(5650)},fn {0: tensor(290), 1: tensor(0)},fp {0: tensor(0), 1: tensor(290)}
INFO:root:TRAIN measures microavg - precision 0.9512 - recall 0.9512 - f1 0.9512 
INFO:root:TRAIN measures for class 0 - precision 0.0000 - recall 0.0000 - f1 0.0000 
INFO:root:TRAIN measures for class 1 - precision 0.9512 - recall 1.0000 - f1 0.9750 
INFO:root:TRAIN measures@10 microavg - precision 0.9933 - recall 0.0502 - f1 0.0955 
INFO:root:TRAIN measures@10 for class 0 - precision 0.0000 - recall 0.0000 - f1 0.0000 
INFO:root:TRAIN measures@10 for class 1 - precision 0.9933 - recall 0.0527 - f1 0.1002 
INFO:root:TRAIN measures@100 microavg - precision 0.9777 - recall 0.4938 - f1 0.6562 
INFO:root:TRAIN measures@100 for class 0 - precision 0.0000 - recall 0.0000 - f1 0.0000 
INFO:root:TRAIN measures@100 for class 1 - precision 0.9777 - recall 0.5191 - f1 0.6782 
INFO:root:TRAIN measures@1000 microavg - precision 0.9512 - recall 0.9512 - f1 0.9512 
INFO:root:TRAIN measures@1000 for class 0 - precision 0.0000 - recall 0.0000 - f1 0.0000 
INFO:root:TRAIN measures@1000 for class 1 - precision 0.9512 - recall 1.0000 - f1 0.9750 
INFO:root:TRAIN Total epoch time: 0.8571769789996324
INFO:root:################ VALID epoch 26 ###################
INFO:root:VALID mean losses tensor(0.2682)
INFO:root:VALID mean errors 0.046296294778585434
INFO:root:VALID mean MRR 0.0 - mean MAP 0.9801185727119446
INFO:root:VALID tp {0: tensor(0), 1: tensor(1133)},fn {0: tensor(55), 1: tensor(0)},fp {0: tensor(0), 1: tensor(55)}
INFO:root:VALID measures microavg - precision 0.9537 - recall 0.9537 - f1 0.9537 
INFO:root:VALID measures for class 0 - precision 0.0000 - recall 0.0000 - f1 0.0000 
INFO:root:VALID measures for class 1 - precision 0.9537 - recall 1.0000 - f1 0.9763 
INFO:root:VALID measures@10 microavg - precision 0.9833 - recall 0.0497 - f1 0.0946 
INFO:root:VALID measures@10 for class 0 - precision 0.0000 - recall 0.0000 - f1 0.0000 
INFO:root:VALID measures@10 for class 1 - precision 0.9833 - recall 0.0521 - f1 0.0989 
INFO:root:VALID measures@100 microavg - precision 0.9817 - recall 0.4958 - f1 0.6588 
INFO:root:VALID measures@100 for class 0 - precision 0.0000 - recall 0.0000 - f1 0.0000 
INFO:root:VALID measures@100 for class 1 - precision 0.9817 - recall 0.5199 - f1 0.6797 
INFO:root:VALID measures@1000 microavg - precision 0.9537 - recall 0.9537 - f1 0.9537 
INFO:root:VALID measures@1000 for class 0 - precision 0.0000 - recall 0.0000 - f1 0.0000 
INFO:root:VALID measures@1000 for class 1 - precision 0.9537 - recall 1.0000 - f1 0.9763 
INFO:root:VALID Total epoch time: 0.10999016899995695
INFO:root:################ TEST epoch 26 ###################
INFO:root:TEST batch 1 / 7 - partial error 0.0455 - partial loss 0.2921 - partial MRR  0.0000 - partial MAP 0.9780
INFO:root:TEST batch 1 / 7 -  partial tp {0: tensor(0), 1: tensor(189)},fn {0: tensor(9), 1: tensor(0)},fp {0: tensor(0), 1: tensor(9)}
INFO:root:TEST batch 1 / 7 - measures partial microavg - precision 0.9545 - recall 0.9545 - f1 0.9545 
INFO:root:TEST batch 1 / 7 - measures partial for class 0 - precision 0.0000 - recall 0.0000 - f1 0.0000 
INFO:root:TEST batch 1 / 7 - measures partial for class 1 - precision 0.9545 - recall 1.0000 - f1 0.9767 
INFO:root:TEST batch 1 / 7 - Batch time 0 
INFO:root:TEST batch 2 / 7 - partial error 0.0581 - partial loss 0.3437 - partial MRR  0.0000 - partial MAP 0.9764
INFO:root:TEST batch 2 / 7 -  partial tp {0: tensor(0), 1: tensor(184)},fn {0: tensor(14), 1: tensor(0)},fp {0: tensor(0), 1: tensor(14)}
INFO:root:TEST batch 2 / 7 - measures partial microavg - precision 0.9293 - recall 0.9293 - f1 0.9293 
INFO:root:TEST batch 2 / 7 - measures partial for class 0 - precision 0.0000 - recall 0.0000 - f1 0.0000 
INFO:root:TEST batch 2 / 7 - measures partial for class 1 - precision 0.9293 - recall 1.0000 - f1 0.9634 
INFO:root:TEST batch 2 / 7 - Batch time 0 
INFO:root:TEST batch 3 / 7 - partial error 0.0556 - partial loss 0.3283 - partial MRR  0.0000 - partial MAP 0.9777
INFO:root:TEST batch 3 / 7 -  partial tp {0: tensor(0), 1: tensor(188)},fn {0: tensor(10), 1: tensor(0)},fp {0: tensor(0), 1: tensor(10)}
INFO:root:TEST batch 3 / 7 - measures partial microavg - precision 0.9495 - recall 0.9495 - f1 0.9495 
INFO:root:TEST batch 3 / 7 - measures partial for class 0 - precision 0.0000 - recall 0.0000 - f1 0.0000 
INFO:root:TEST batch 3 / 7 - measures partial for class 1 - precision 0.9495 - recall 1.0000 - f1 0.9741 
INFO:root:TEST batch 3 / 7 - Batch time 0 
INFO:root:TEST batch 4 / 7 - partial error 0.0568 - partial loss 0.3307 - partial MRR  0.0000 - partial MAP 0.9772
INFO:root:TEST batch 4 / 7 -  partial tp {0: tensor(0), 1: tensor(186)},fn {0: tensor(12), 1: tensor(0)},fp {0: tensor(0), 1: tensor(12)}
INFO:root:TEST batch 4 / 7 - measures partial microavg - precision 0.9394 - recall 0.9394 - f1 0.9394 
INFO:root:TEST batch 4 / 7 - measures partial for class 0 - precision 0.0000 - recall 0.0000 - f1 0.0000 
INFO:root:TEST batch 4 / 7 - measures partial for class 1 - precision 0.9394 - recall 1.0000 - f1 0.9688 
INFO:root:TEST batch 4 / 7 - Batch time 0 
INFO:root:TEST batch 5 / 7 - partial error 0.0606 - partial loss 0.3486 - partial MRR  0.0000 - partial MAP 0.9756
INFO:root:TEST batch 5 / 7 -  partial tp {0: tensor(0), 1: tensor(183)},fn {0: tensor(15), 1: tensor(0)},fp {0: tensor(0), 1: tensor(15)}
INFO:root:TEST batch 5 / 7 - measures partial microavg - precision 0.9242 - recall 0.9242 - f1 0.9242 
INFO:root:TEST batch 5 / 7 - measures partial for class 0 - precision 0.0000 - recall 0.0000 - f1 0.0000 
INFO:root:TEST batch 5 / 7 - measures partial for class 1 - precision 0.9242 - recall 1.0000 - f1 0.9606 
INFO:root:TEST batch 5 / 7 - Batch time 0 
INFO:root:TEST batch 6 / 7 - partial error 0.0581 - partial loss 0.3336 - partial MRR  0.0000 - partial MAP 0.9773
INFO:root:TEST batch 6 / 7 -  partial tp {0: tensor(0), 1: tensor(189)},fn {0: tensor(9), 1: tensor(0)},fp {0: tensor(0), 1: tensor(9)}
INFO:root:TEST batch 6 / 7 - measures partial microavg - precision 0.9545 - recall 0.9545 - f1 0.9545 
INFO:root:TEST batch 6 / 7 - measures partial for class 0 - precision 0.0000 - recall 0.0000 - f1 0.0000 
INFO:root:TEST batch 6 / 7 - measures partial for class 1 - precision 0.9545 - recall 1.0000 - f1 0.9767 
INFO:root:TEST batch 6 / 7 - Batch time 0 
INFO:root:TEST batch 7 / 7 - partial error 0.0620 - partial loss 0.3504 - partial MRR  0.0000 - partial MAP 0.9772
INFO:root:TEST batch 7 / 7 -  partial tp {0: tensor(0), 1: tensor(181)},fn {0: tensor(17), 1: tensor(0)},fp {0: tensor(0), 1: tensor(17)}
INFO:root:TEST batch 7 / 7 - measures partial microavg - precision 0.9141 - recall 0.9141 - f1 0.9141 
INFO:root:TEST batch 7 / 7 - measures partial for class 0 - precision 0.0000 - recall 0.0000 - f1 0.0000 
INFO:root:TEST batch 7 / 7 - measures partial for class 1 - precision 0.9141 - recall 1.0000 - f1 0.9551 
INFO:root:TEST batch 7 / 7 - Batch time 0 
INFO:root:TEST mean losses tensor(0.3504)
INFO:root:TEST mean errors 0.06204906105995178
INFO:root:TEST mean MRR 0.0 - mean MAP 0.9771513342857361
INFO:root:TEST tp {0: tensor(0), 1: tensor(1300)},fn {0: tensor(86), 1: tensor(0)},fp {0: tensor(0), 1: tensor(86)}
INFO:root:TEST measures microavg - precision 0.9380 - recall 0.9380 - f1 0.9380 
INFO:root:TEST measures for class 0 - precision 0.0000 - recall 0.0000 - f1 0.0000 
INFO:root:TEST measures for class 1 - precision 0.9380 - recall 1.0000 - f1 0.9680 
INFO:root:TEST measures@10 microavg - precision 1.0000 - recall 0.0505 - f1 0.0962 
INFO:root:TEST measures@10 for class 0 - precision 0.0000 - recall 0.0000 - f1 0.0000 
INFO:root:TEST measures@10 for class 1 - precision 1.0000 - recall 0.0538 - f1 0.1022 
INFO:root:TEST measures@100 microavg - precision 0.9686 - recall 0.4892 - f1 0.6500 
INFO:root:TEST measures@100 for class 0 - precision 0.0000 - recall 0.0000 - f1 0.0000 
INFO:root:TEST measures@100 for class 1 - precision 0.9686 - recall 0.5215 - f1 0.6780 
INFO:root:TEST measures@1000 microavg - precision 0.9380 - recall 0.9380 - f1 0.9380 
INFO:root:TEST measures@1000 for class 0 - precision 0.0000 - recall 0.0000 - f1 0.0000 
INFO:root:TEST measures@1000 for class 1 - precision 0.9380 - recall 1.0000 - f1 0.9680 
INFO:root:TEST Total epoch time: 0.13733250699988275
INFO:root:################ TRAIN epoch 27 ###################
INFO:root:TRAIN mean losses tensor(0.2904)
INFO:root:TRAIN mean errors 0.048821549862623215
INFO:root:TRAIN mean MRR 0.0 - mean MAP 0.9809775948524475
INFO:root:TRAIN tp {0: tensor(0), 1: tensor(5650)},fn {0: tensor(290), 1: tensor(0)},fp {0: tensor(0), 1: tensor(290)}
INFO:root:TRAIN measures microavg - precision 0.9512 - recall 0.9512 - f1 0.9512 
INFO:root:TRAIN measures for class 0 - precision 0.0000 - recall 0.0000 - f1 0.0000 
INFO:root:TRAIN measures for class 1 - precision 0.9512 - recall 1.0000 - f1 0.9750 
INFO:root:TRAIN measures@10 microavg - precision 1.0000 - recall 0.0505 - f1 0.0962 
INFO:root:TRAIN measures@10 for class 0 - precision 0.0000 - recall 0.0000 - f1 0.0000 
INFO:root:TRAIN measures@10 for class 1 - precision 1.0000 - recall 0.0531 - f1 0.1008 
INFO:root:TRAIN measures@100 microavg - precision 0.9783 - recall 0.4941 - f1 0.6566 
INFO:root:TRAIN measures@100 for class 0 - precision 0.0000 - recall 0.0000 - f1 0.0000 
INFO:root:TRAIN measures@100 for class 1 - precision 0.9783 - recall 0.5195 - f1 0.6786 
INFO:root:TRAIN measures@1000 microavg - precision 0.9512 - recall 0.9512 - f1 0.9512 
INFO:root:TRAIN measures@1000 for class 0 - precision 0.0000 - recall 0.0000 - f1 0.0000 
INFO:root:TRAIN measures@1000 for class 1 - precision 0.9512 - recall 1.0000 - f1 0.9750 
INFO:root:TRAIN Total epoch time: 0.8691045859995938
INFO:root:################ VALID epoch 27 ###################
INFO:root:VALID mean losses tensor(0.2671)
INFO:root:VALID mean errors 0.046296294778585434
INFO:root:VALID mean MRR 0.0 - mean MAP 0.9804434776306152
INFO:root:VALID tp {0: tensor(0), 1: tensor(1133)},fn {0: tensor(55), 1: tensor(0)},fp {0: tensor(0), 1: tensor(55)}
INFO:root:VALID measures microavg - precision 0.9537 - recall 0.9537 - f1 0.9537 
INFO:root:VALID measures for class 0 - precision 0.0000 - recall 0.0000 - f1 0.0000 
INFO:root:VALID measures for class 1 - precision 0.9537 - recall 1.0000 - f1 0.9763 
INFO:root:VALID measures@10 microavg - precision 0.9833 - recall 0.0497 - f1 0.0946 
INFO:root:VALID measures@10 for class 0 - precision 0.0000 - recall 0.0000 - f1 0.0000 
INFO:root:VALID measures@10 for class 1 - precision 0.9833 - recall 0.0521 - f1 0.0989 
INFO:root:VALID measures@100 microavg - precision 0.9850 - recall 0.4975 - f1 0.6611 
INFO:root:VALID measures@100 for class 0 - precision 0.0000 - recall 0.0000 - f1 0.0000 
INFO:root:VALID measures@100 for class 1 - precision 0.9850 - recall 0.5216 - f1 0.6821 
INFO:root:VALID measures@1000 microavg - precision 0.9537 - recall 0.9537 - f1 0.9537 
INFO:root:VALID measures@1000 for class 0 - precision 0.0000 - recall 0.0000 - f1 0.0000 
INFO:root:VALID measures@1000 for class 1 - precision 0.9537 - recall 1.0000 - f1 0.9763 
INFO:root:VALID Total epoch time: 0.11723540900038643
INFO:root:################ TEST epoch 27 ###################
INFO:root:TEST batch 1 / 7 - partial error 0.0455 - partial loss 0.2758 - partial MRR  0.0000 - partial MAP 0.9850
INFO:root:TEST batch 1 / 7 -  partial tp {0: tensor(0), 1: tensor(189)},fn {0: tensor(9), 1: tensor(0)},fp {0: tensor(0), 1: tensor(9)}
INFO:root:TEST batch 1 / 7 - measures partial microavg - precision 0.9545 - recall 0.9545 - f1 0.9545 
INFO:root:TEST batch 1 / 7 - measures partial for class 0 - precision 0.0000 - recall 0.0000 - f1 0.0000 
INFO:root:TEST batch 1 / 7 - measures partial for class 1 - precision 0.9545 - recall 1.0000 - f1 0.9767 
INFO:root:TEST batch 1 / 7 - Batch time 0 
INFO:root:TEST batch 2 / 7 - partial error 0.0581 - partial loss 0.3376 - partial MRR  0.0000 - partial MAP 0.9776
INFO:root:TEST batch 2 / 7 -  partial tp {0: tensor(0), 1: tensor(184)},fn {0: tensor(14), 1: tensor(0)},fp {0: tensor(0), 1: tensor(14)}
INFO:root:TEST batch 2 / 7 - measures partial microavg - precision 0.9293 - recall 0.9293 - f1 0.9293 
INFO:root:TEST batch 2 / 7 - measures partial for class 0 - precision 0.0000 - recall 0.0000 - f1 0.0000 
INFO:root:TEST batch 2 / 7 - measures partial for class 1 - precision 0.9293 - recall 1.0000 - f1 0.9634 
INFO:root:TEST batch 2 / 7 - Batch time 0 
INFO:root:TEST batch 3 / 7 - partial error 0.0556 - partial loss 0.3246 - partial MRR  0.0000 - partial MAP 0.9791
INFO:root:TEST batch 3 / 7 -  partial tp {0: tensor(0), 1: tensor(188)},fn {0: tensor(10), 1: tensor(0)},fp {0: tensor(0), 1: tensor(10)}
INFO:root:TEST batch 3 / 7 - measures partial microavg - precision 0.9495 - recall 0.9495 - f1 0.9495 
INFO:root:TEST batch 3 / 7 - measures partial for class 0 - precision 0.0000 - recall 0.0000 - f1 0.0000 
INFO:root:TEST batch 3 / 7 - measures partial for class 1 - precision 0.9495 - recall 1.0000 - f1 0.9741 
INFO:root:TEST batch 3 / 7 - Batch time 0 
INFO:root:TEST batch 4 / 7 - partial error 0.0568 - partial loss 0.3316 - partial MRR  0.0000 - partial MAP 0.9777
INFO:root:TEST batch 4 / 7 -  partial tp {0: tensor(0), 1: tensor(186)},fn {0: tensor(12), 1: tensor(0)},fp {0: tensor(0), 1: tensor(12)}
INFO:root:TEST batch 4 / 7 - measures partial microavg - precision 0.9394 - recall 0.9394 - f1 0.9394 
INFO:root:TEST batch 4 / 7 - measures partial for class 0 - precision 0.0000 - recall 0.0000 - f1 0.0000 
INFO:root:TEST batch 4 / 7 - measures partial for class 1 - precision 0.9394 - recall 1.0000 - f1 0.9688 
INFO:root:TEST batch 4 / 7 - Batch time 0 
INFO:root:TEST batch 5 / 7 - partial error 0.0606 - partial loss 0.3497 - partial MRR  0.0000 - partial MAP 0.9765
INFO:root:TEST batch 5 / 7 -  partial tp {0: tensor(0), 1: tensor(183)},fn {0: tensor(15), 1: tensor(0)},fp {0: tensor(0), 1: tensor(15)}
INFO:root:TEST batch 5 / 7 - measures partial microavg - precision 0.9242 - recall 0.9242 - f1 0.9242 
INFO:root:TEST batch 5 / 7 - measures partial for class 0 - precision 0.0000 - recall 0.0000 - f1 0.0000 
INFO:root:TEST batch 5 / 7 - measures partial for class 1 - precision 0.9242 - recall 1.0000 - f1 0.9606 
INFO:root:TEST batch 5 / 7 - Batch time 0 
INFO:root:TEST batch 6 / 7 - partial error 0.0581 - partial loss 0.3330 - partial MRR  0.0000 - partial MAP 0.9782
INFO:root:TEST batch 6 / 7 -  partial tp {0: tensor(0), 1: tensor(189)},fn {0: tensor(9), 1: tensor(0)},fp {0: tensor(0), 1: tensor(9)}
INFO:root:TEST batch 6 / 7 - measures partial microavg - precision 0.9545 - recall 0.9545 - f1 0.9545 
INFO:root:TEST batch 6 / 7 - measures partial for class 0 - precision 0.0000 - recall 0.0000 - f1 0.0000 
INFO:root:TEST batch 6 / 7 - measures partial for class 1 - precision 0.9545 - recall 1.0000 - f1 0.9767 
INFO:root:TEST batch 6 / 7 - Batch time 0 
INFO:root:TEST batch 7 / 7 - partial error 0.0620 - partial loss 0.3508 - partial MRR  0.0000 - partial MAP 0.9779
INFO:root:TEST batch 7 / 7 -  partial tp {0: tensor(0), 1: tensor(181)},fn {0: tensor(17), 1: tensor(0)},fp {0: tensor(0), 1: tensor(17)}
INFO:root:TEST batch 7 / 7 - measures partial microavg - precision 0.9141 - recall 0.9141 - f1 0.9141 
INFO:root:TEST batch 7 / 7 - measures partial for class 0 - precision 0.0000 - recall 0.0000 - f1 0.0000 
INFO:root:TEST batch 7 / 7 - measures partial for class 1 - precision 0.9141 - recall 1.0000 - f1 0.9551 
INFO:root:TEST batch 7 / 7 - Batch time 0 
INFO:root:TEST mean losses tensor(0.3508)
INFO:root:TEST mean errors 0.06204906105995178
INFO:root:TEST mean MRR 0.0 - mean MAP 0.9778554439544678
INFO:root:TEST tp {0: tensor(0), 1: tensor(1300)},fn {0: tensor(86), 1: tensor(0)},fp {0: tensor(0), 1: tensor(86)}
INFO:root:TEST measures microavg - precision 0.9380 - recall 0.9380 - f1 0.9380 
INFO:root:TEST measures for class 0 - precision 0.0000 - recall 0.0000 - f1 0.0000 
INFO:root:TEST measures for class 1 - precision 0.9380 - recall 1.0000 - f1 0.9680 
INFO:root:TEST measures@10 microavg - precision 1.0000 - recall 0.0505 - f1 0.0962 
INFO:root:TEST measures@10 for class 0 - precision 0.0000 - recall 0.0000 - f1 0.0000 
INFO:root:TEST measures@10 for class 1 - precision 1.0000 - recall 0.0538 - f1 0.1022 
INFO:root:TEST measures@100 microavg - precision 0.9714 - recall 0.4906 - f1 0.6520 
INFO:root:TEST measures@100 for class 0 - precision 0.0000 - recall 0.0000 - f1 0.0000 
INFO:root:TEST measures@100 for class 1 - precision 0.9714 - recall 0.5231 - f1 0.6800 
INFO:root:TEST measures@1000 microavg - precision 0.9380 - recall 0.9380 - f1 0.9380 
INFO:root:TEST measures@1000 for class 0 - precision 0.0000 - recall 0.0000 - f1 0.0000 
INFO:root:TEST measures@1000 for class 1 - precision 0.9380 - recall 1.0000 - f1 0.9680 
INFO:root:TEST Total epoch time: 0.14896145500006241
INFO:root:################ TRAIN epoch 28 ###################
INFO:root:TRAIN mean losses tensor(0.2904)
INFO:root:TRAIN mean errors 0.048821549862623215
INFO:root:TRAIN mean MRR 0.0 - mean MAP 0.9804171919822693
INFO:root:TRAIN tp {0: tensor(0), 1: tensor(5650)},fn {0: tensor(290), 1: tensor(0)},fp {0: tensor(0), 1: tensor(290)}
INFO:root:TRAIN measures microavg - precision 0.9512 - recall 0.9512 - f1 0.9512 
INFO:root:TRAIN measures for class 0 - precision 0.0000 - recall 0.0000 - f1 0.0000 
INFO:root:TRAIN measures for class 1 - precision 0.9512 - recall 1.0000 - f1 0.9750 
INFO:root:TRAIN measures@10 microavg - precision 1.0000 - recall 0.0505 - f1 0.0962 
INFO:root:TRAIN measures@10 for class 0 - precision 0.0000 - recall 0.0000 - f1 0.0000 
INFO:root:TRAIN measures@10 for class 1 - precision 1.0000 - recall 0.0531 - f1 0.1008 
INFO:root:TRAIN measures@100 microavg - precision 0.9747 - recall 0.4923 - f1 0.6541 
INFO:root:TRAIN measures@100 for class 0 - precision 0.0000 - recall 0.0000 - f1 0.0000 
INFO:root:TRAIN measures@100 for class 1 - precision 0.9747 - recall 0.5175 - f1 0.6761 
INFO:root:TRAIN measures@1000 microavg - precision 0.9512 - recall 0.9512 - f1 0.9512 
INFO:root:TRAIN measures@1000 for class 0 - precision 0.0000 - recall 0.0000 - f1 0.0000 
INFO:root:TRAIN measures@1000 for class 1 - precision 0.9512 - recall 1.0000 - f1 0.9750 
INFO:root:TRAIN Total epoch time: 0.8965496050000183
INFO:root:################ VALID epoch 28 ###################
INFO:root:VALID mean losses tensor(0.2631)
INFO:root:VALID mean errors 0.046296294778585434
INFO:root:VALID mean MRR 0.0 - mean MAP 0.9812178015708923
INFO:root:VALID tp {0: tensor(0), 1: tensor(1133)},fn {0: tensor(55), 1: tensor(0)},fp {0: tensor(0), 1: tensor(55)}
INFO:root:VALID measures microavg - precision 0.9537 - recall 0.9537 - f1 0.9537 
INFO:root:VALID measures for class 0 - precision 0.0000 - recall 0.0000 - f1 0.0000 
INFO:root:VALID measures for class 1 - precision 0.9537 - recall 1.0000 - f1 0.9763 
INFO:root:VALID measures@10 microavg - precision 0.9667 - recall 0.0488 - f1 0.0929 
INFO:root:VALID measures@10 for class 0 - precision 0.0000 - recall 0.0000 - f1 0.0000 
INFO:root:VALID measures@10 for class 1 - precision 0.9667 - recall 0.0512 - f1 0.0972 
INFO:root:VALID measures@100 microavg - precision 0.9800 - recall 0.4949 - f1 0.6577 
INFO:root:VALID measures@100 for class 0 - precision 0.0000 - recall 0.0000 - f1 0.0000 
INFO:root:VALID measures@100 for class 1 - precision 0.9800 - recall 0.5190 - f1 0.6786 
INFO:root:VALID measures@1000 microavg - precision 0.9537 - recall 0.9537 - f1 0.9537 
INFO:root:VALID measures@1000 for class 0 - precision 0.0000 - recall 0.0000 - f1 0.0000 
INFO:root:VALID measures@1000 for class 1 - precision 0.9537 - recall 1.0000 - f1 0.9763 
INFO:root:VALID Total epoch time: 0.11860373499985144
INFO:root:################ TEST epoch 28 ###################
INFO:root:TEST batch 1 / 7 - partial error 0.0455 - partial loss 0.2939 - partial MRR  0.0000 - partial MAP 0.9784
INFO:root:TEST batch 1 / 7 -  partial tp {0: tensor(0), 1: tensor(189)},fn {0: tensor(9), 1: tensor(0)},fp {0: tensor(0), 1: tensor(9)}
INFO:root:TEST batch 1 / 7 - measures partial microavg - precision 0.9545 - recall 0.9545 - f1 0.9545 
INFO:root:TEST batch 1 / 7 - measures partial for class 0 - precision 0.0000 - recall 0.0000 - f1 0.0000 
INFO:root:TEST batch 1 / 7 - measures partial for class 1 - precision 0.9545 - recall 1.0000 - f1 0.9767 
INFO:root:TEST batch 1 / 7 - Batch time 0 
INFO:root:TEST batch 2 / 7 - partial error 0.0581 - partial loss 0.3503 - partial MRR  0.0000 - partial MAP 0.9756
INFO:root:TEST batch 2 / 7 -  partial tp {0: tensor(0), 1: tensor(184)},fn {0: tensor(14), 1: tensor(0)},fp {0: tensor(0), 1: tensor(14)}
INFO:root:TEST batch 2 / 7 - measures partial microavg - precision 0.9293 - recall 0.9293 - f1 0.9293 
INFO:root:TEST batch 2 / 7 - measures partial for class 0 - precision 0.0000 - recall 0.0000 - f1 0.0000 
INFO:root:TEST batch 2 / 7 - measures partial for class 1 - precision 0.9293 - recall 1.0000 - f1 0.9634 
INFO:root:TEST batch 2 / 7 - Batch time 0 
INFO:root:TEST batch 3 / 7 - partial error 0.0556 - partial loss 0.3294 - partial MRR  0.0000 - partial MAP 0.9782
INFO:root:TEST batch 3 / 7 -  partial tp {0: tensor(0), 1: tensor(188)},fn {0: tensor(10), 1: tensor(0)},fp {0: tensor(0), 1: tensor(10)}
INFO:root:TEST batch 3 / 7 - measures partial microavg - precision 0.9495 - recall 0.9495 - f1 0.9495 
INFO:root:TEST batch 3 / 7 - measures partial for class 0 - precision 0.0000 - recall 0.0000 - f1 0.0000 
INFO:root:TEST batch 3 / 7 - measures partial for class 1 - precision 0.9495 - recall 1.0000 - f1 0.9741 
INFO:root:TEST batch 3 / 7 - Batch time 0 
INFO:root:TEST batch 4 / 7 - partial error 0.0568 - partial loss 0.3308 - partial MRR  0.0000 - partial MAP 0.9782
INFO:root:TEST batch 4 / 7 -  partial tp {0: tensor(0), 1: tensor(186)},fn {0: tensor(12), 1: tensor(0)},fp {0: tensor(0), 1: tensor(12)}
INFO:root:TEST batch 4 / 7 - measures partial microavg - precision 0.9394 - recall 0.9394 - f1 0.9394 
INFO:root:TEST batch 4 / 7 - measures partial for class 0 - precision 0.0000 - recall 0.0000 - f1 0.0000 
INFO:root:TEST batch 4 / 7 - measures partial for class 1 - precision 0.9394 - recall 1.0000 - f1 0.9688 
INFO:root:TEST batch 4 / 7 - Batch time 0 
INFO:root:TEST batch 5 / 7 - partial error 0.0606 - partial loss 0.3493 - partial MRR  0.0000 - partial MAP 0.9774
INFO:root:TEST batch 5 / 7 -  partial tp {0: tensor(0), 1: tensor(183)},fn {0: tensor(15), 1: tensor(0)},fp {0: tensor(0), 1: tensor(15)}
INFO:root:TEST batch 5 / 7 - measures partial microavg - precision 0.9242 - recall 0.9242 - f1 0.9242 
INFO:root:TEST batch 5 / 7 - measures partial for class 0 - precision 0.0000 - recall 0.0000 - f1 0.0000 
INFO:root:TEST batch 5 / 7 - measures partial for class 1 - precision 0.9242 - recall 1.0000 - f1 0.9606 
INFO:root:TEST batch 5 / 7 - Batch time 0 
INFO:root:TEST batch 6 / 7 - partial error 0.0581 - partial loss 0.3341 - partial MRR  0.0000 - partial MAP 0.9789
INFO:root:TEST batch 6 / 7 -  partial tp {0: tensor(0), 1: tensor(189)},fn {0: tensor(9), 1: tensor(0)},fp {0: tensor(0), 1: tensor(9)}
INFO:root:TEST batch 6 / 7 - measures partial microavg - precision 0.9545 - recall 0.9545 - f1 0.9545 
INFO:root:TEST batch 6 / 7 - measures partial for class 0 - precision 0.0000 - recall 0.0000 - f1 0.0000 
INFO:root:TEST batch 6 / 7 - measures partial for class 1 - precision 0.9545 - recall 1.0000 - f1 0.9767 
INFO:root:TEST batch 6 / 7 - Batch time 0 
INFO:root:TEST batch 7 / 7 - partial error 0.0620 - partial loss 0.3510 - partial MRR  0.0000 - partial MAP 0.9793
INFO:root:TEST batch 7 / 7 -  partial tp {0: tensor(0), 1: tensor(181)},fn {0: tensor(17), 1: tensor(0)},fp {0: tensor(0), 1: tensor(17)}
INFO:root:TEST batch 7 / 7 - measures partial microavg - precision 0.9141 - recall 0.9141 - f1 0.9141 
INFO:root:TEST batch 7 / 7 - measures partial for class 0 - precision 0.0000 - recall 0.0000 - f1 0.0000 
INFO:root:TEST batch 7 / 7 - measures partial for class 1 - precision 0.9141 - recall 1.0000 - f1 0.9551 
INFO:root:TEST batch 7 / 7 - Batch time 0 
INFO:root:TEST mean losses tensor(0.3510)
INFO:root:TEST mean errors 0.06204906105995178
INFO:root:TEST mean MRR 0.0 - mean MAP 0.9792571067810059
INFO:root:TEST tp {0: tensor(0), 1: tensor(1300)},fn {0: tensor(86), 1: tensor(0)},fp {0: tensor(0), 1: tensor(86)}
INFO:root:TEST measures microavg - precision 0.9380 - recall 0.9380 - f1 0.9380 
INFO:root:TEST measures for class 0 - precision 0.0000 - recall 0.0000 - f1 0.0000 
INFO:root:TEST measures for class 1 - precision 0.9380 - recall 1.0000 - f1 0.9680 
INFO:root:TEST measures@10 microavg - precision 1.0000 - recall 0.0505 - f1 0.0962 
INFO:root:TEST measures@10 for class 0 - precision 0.0000 - recall 0.0000 - f1 0.0000 
INFO:root:TEST measures@10 for class 1 - precision 1.0000 - recall 0.0538 - f1 0.1022 
INFO:root:TEST measures@100 microavg - precision 0.9714 - recall 0.4906 - f1 0.6520 
INFO:root:TEST measures@100 for class 0 - precision 0.0000 - recall 0.0000 - f1 0.0000 
INFO:root:TEST measures@100 for class 1 - precision 0.9714 - recall 0.5231 - f1 0.6800 
INFO:root:TEST measures@1000 microavg - precision 0.9380 - recall 0.9380 - f1 0.9380 
INFO:root:TEST measures@1000 for class 0 - precision 0.0000 - recall 0.0000 - f1 0.0000 
INFO:root:TEST measures@1000 for class 1 - precision 0.9380 - recall 1.0000 - f1 0.9680 
INFO:root:TEST Total epoch time: 0.14663072700022894
INFO:root:################ TRAIN epoch 29 ###################
INFO:root:TRAIN mean losses tensor(0.2903)
INFO:root:TRAIN mean errors 0.048821549862623215
INFO:root:TRAIN mean MRR 0.0 - mean MAP 0.9803245067596436
INFO:root:TRAIN tp {0: tensor(0), 1: tensor(5650)},fn {0: tensor(290), 1: tensor(0)},fp {0: tensor(0), 1: tensor(290)}
INFO:root:TRAIN measures microavg - precision 0.9512 - recall 0.9512 - f1 0.9512 
INFO:root:TRAIN measures for class 0 - precision 0.0000 - recall 0.0000 - f1 0.0000 
INFO:root:TRAIN measures for class 1 - precision 0.9512 - recall 1.0000 - f1 0.9750 
INFO:root:TRAIN measures@10 microavg - precision 0.9933 - recall 0.0502 - f1 0.0955 
INFO:root:TRAIN measures@10 for class 0 - precision 0.0000 - recall 0.0000 - f1 0.0000 
INFO:root:TRAIN measures@10 for class 1 - precision 0.9933 - recall 0.0527 - f1 0.1002 
INFO:root:TRAIN measures@100 microavg - precision 0.9770 - recall 0.4934 - f1 0.6557 
INFO:root:TRAIN measures@100 for class 0 - precision 0.0000 - recall 0.0000 - f1 0.0000 
INFO:root:TRAIN measures@100 for class 1 - precision 0.9770 - recall 0.5188 - f1 0.6777 
INFO:root:TRAIN measures@1000 microavg - precision 0.9512 - recall 0.9512 - f1 0.9512 
INFO:root:TRAIN measures@1000 for class 0 - precision 0.0000 - recall 0.0000 - f1 0.0000 
INFO:root:TRAIN measures@1000 for class 1 - precision 0.9512 - recall 1.0000 - f1 0.9750 
INFO:root:TRAIN Total epoch time: 0.8936639710000236
INFO:root:################ VALID epoch 29 ###################
INFO:root:VALID mean losses tensor(0.2606)
INFO:root:VALID mean errors 0.046296294778585434
INFO:root:VALID mean MRR 0.0 - mean MAP 0.9831269383430481
INFO:root:VALID tp {0: tensor(0), 1: tensor(1133)},fn {0: tensor(55), 1: tensor(0)},fp {0: tensor(0), 1: tensor(55)}
INFO:root:VALID measures microavg - precision 0.9537 - recall 0.9537 - f1 0.9537 
INFO:root:VALID measures for class 0 - precision 0.0000 - recall 0.0000 - f1 0.0000 
INFO:root:VALID measures for class 1 - precision 0.9537 - recall 1.0000 - f1 0.9763 
INFO:root:VALID measures@10 microavg - precision 0.9833 - recall 0.0497 - f1 0.0946 
INFO:root:VALID measures@10 for class 0 - precision 0.0000 - recall 0.0000 - f1 0.0000 
INFO:root:VALID measures@10 for class 1 - precision 0.9833 - recall 0.0521 - f1 0.0989 
INFO:root:VALID measures@100 microavg - precision 0.9817 - recall 0.4958 - f1 0.6588 
INFO:root:VALID measures@100 for class 0 - precision 0.0000 - recall 0.0000 - f1 0.0000 
INFO:root:VALID measures@100 for class 1 - precision 0.9817 - recall 0.5199 - f1 0.6797 
INFO:root:VALID measures@1000 microavg - precision 0.9537 - recall 0.9537 - f1 0.9537 
INFO:root:VALID measures@1000 for class 0 - precision 0.0000 - recall 0.0000 - f1 0.0000 
INFO:root:VALID measures@1000 for class 1 - precision 0.9537 - recall 1.0000 - f1 0.9763 
INFO:root:VALID Total epoch time: 0.11872735999986617
INFO:root:################ TEST epoch 29 ###################
INFO:root:TEST batch 1 / 7 - partial error 0.0455 - partial loss 0.2790 - partial MRR  0.0000 - partial MAP 0.9853
INFO:root:TEST batch 1 / 7 -  partial tp {0: tensor(0), 1: tensor(189)},fn {0: tensor(9), 1: tensor(0)},fp {0: tensor(0), 1: tensor(9)}
INFO:root:TEST batch 1 / 7 - measures partial microavg - precision 0.9545 - recall 0.9545 - f1 0.9545 
INFO:root:TEST batch 1 / 7 - measures partial for class 0 - precision 0.0000 - recall 0.0000 - f1 0.0000 
INFO:root:TEST batch 1 / 7 - measures partial for class 1 - precision 0.9545 - recall 1.0000 - f1 0.9767 
INFO:root:TEST batch 1 / 7 - Batch time 0 
INFO:root:TEST batch 2 / 7 - partial error 0.0581 - partial loss 0.3391 - partial MRR  0.0000 - partial MAP 0.9779
INFO:root:TEST batch 2 / 7 -  partial tp {0: tensor(0), 1: tensor(184)},fn {0: tensor(14), 1: tensor(0)},fp {0: tensor(0), 1: tensor(14)}
INFO:root:TEST batch 2 / 7 - measures partial microavg - precision 0.9293 - recall 0.9293 - f1 0.9293 
INFO:root:TEST batch 2 / 7 - measures partial for class 0 - precision 0.0000 - recall 0.0000 - f1 0.0000 
INFO:root:TEST batch 2 / 7 - measures partial for class 1 - precision 0.9293 - recall 1.0000 - f1 0.9634 
INFO:root:TEST batch 2 / 7 - Batch time 0 
INFO:root:TEST batch 3 / 7 - partial error 0.0556 - partial loss 0.3238 - partial MRR  0.0000 - partial MAP 0.9785
INFO:root:TEST batch 3 / 7 -  partial tp {0: tensor(0), 1: tensor(188)},fn {0: tensor(10), 1: tensor(0)},fp {0: tensor(0), 1: tensor(10)}
INFO:root:TEST batch 3 / 7 - measures partial microavg - precision 0.9495 - recall 0.9495 - f1 0.9495 
INFO:root:TEST batch 3 / 7 - measures partial for class 0 - precision 0.0000 - recall 0.0000 - f1 0.0000 
INFO:root:TEST batch 3 / 7 - measures partial for class 1 - precision 0.9495 - recall 1.0000 - f1 0.9741 
INFO:root:TEST batch 3 / 7 - Batch time 0 
INFO:root:TEST batch 4 / 7 - partial error 0.0568 - partial loss 0.3273 - partial MRR  0.0000 - partial MAP 0.9789
INFO:root:TEST batch 4 / 7 -  partial tp {0: tensor(0), 1: tensor(186)},fn {0: tensor(12), 1: tensor(0)},fp {0: tensor(0), 1: tensor(12)}
INFO:root:TEST batch 4 / 7 - measures partial microavg - precision 0.9394 - recall 0.9394 - f1 0.9394 
INFO:root:TEST batch 4 / 7 - measures partial for class 0 - precision 0.0000 - recall 0.0000 - f1 0.0000 
INFO:root:TEST batch 4 / 7 - measures partial for class 1 - precision 0.9394 - recall 1.0000 - f1 0.9688 
INFO:root:TEST batch 4 / 7 - Batch time 0 
INFO:root:TEST batch 5 / 7 - partial error 0.0606 - partial loss 0.3470 - partial MRR  0.0000 - partial MAP 0.9769
INFO:root:TEST batch 5 / 7 -  partial tp {0: tensor(0), 1: tensor(183)},fn {0: tensor(15), 1: tensor(0)},fp {0: tensor(0), 1: tensor(15)}
INFO:root:TEST batch 5 / 7 - measures partial microavg - precision 0.9242 - recall 0.9242 - f1 0.9242 
INFO:root:TEST batch 5 / 7 - measures partial for class 0 - precision 0.0000 - recall 0.0000 - f1 0.0000 
INFO:root:TEST batch 5 / 7 - measures partial for class 1 - precision 0.9242 - recall 1.0000 - f1 0.9606 
INFO:root:TEST batch 5 / 7 - Batch time 0 
INFO:root:TEST batch 6 / 7 - partial error 0.0581 - partial loss 0.3328 - partial MRR  0.0000 - partial MAP 0.9782
INFO:root:TEST batch 6 / 7 -  partial tp {0: tensor(0), 1: tensor(189)},fn {0: tensor(9), 1: tensor(0)},fp {0: tensor(0), 1: tensor(9)}
INFO:root:TEST batch 6 / 7 - measures partial microavg - precision 0.9545 - recall 0.9545 - f1 0.9545 
INFO:root:TEST batch 6 / 7 - measures partial for class 0 - precision 0.0000 - recall 0.0000 - f1 0.0000 
INFO:root:TEST batch 6 / 7 - measures partial for class 1 - precision 0.9545 - recall 1.0000 - f1 0.9767 
INFO:root:TEST batch 6 / 7 - Batch time 0 
INFO:root:TEST batch 7 / 7 - partial error 0.0620 - partial loss 0.3481 - partial MRR  0.0000 - partial MAP 0.9783
INFO:root:TEST batch 7 / 7 -  partial tp {0: tensor(0), 1: tensor(181)},fn {0: tensor(17), 1: tensor(0)},fp {0: tensor(0), 1: tensor(17)}
INFO:root:TEST batch 7 / 7 - measures partial microavg - precision 0.9141 - recall 0.9141 - f1 0.9141 
INFO:root:TEST batch 7 / 7 - measures partial for class 0 - precision 0.0000 - recall 0.0000 - f1 0.0000 
INFO:root:TEST batch 7 / 7 - measures partial for class 1 - precision 0.9141 - recall 1.0000 - f1 0.9551 
INFO:root:TEST batch 7 / 7 - Batch time 0 
INFO:root:TEST mean losses tensor(0.3481)
INFO:root:TEST mean errors 0.06204906105995178
INFO:root:TEST mean MRR 0.0 - mean MAP 0.9782580733299255
INFO:root:TEST tp {0: tensor(0), 1: tensor(1300)},fn {0: tensor(86), 1: tensor(0)},fp {0: tensor(0), 1: tensor(86)}
INFO:root:TEST measures microavg - precision 0.9380 - recall 0.9380 - f1 0.9380 
INFO:root:TEST measures for class 0 - precision 0.0000 - recall 0.0000 - f1 0.0000 
INFO:root:TEST measures for class 1 - precision 0.9380 - recall 1.0000 - f1 0.9680 
INFO:root:TEST measures@10 microavg - precision 1.0000 - recall 0.0505 - f1 0.0962 
INFO:root:TEST measures@10 for class 0 - precision 0.0000 - recall 0.0000 - f1 0.0000 
INFO:root:TEST measures@10 for class 1 - precision 1.0000 - recall 0.0538 - f1 0.1022 
INFO:root:TEST measures@100 microavg - precision 0.9714 - recall 0.4906 - f1 0.6520 
INFO:root:TEST measures@100 for class 0 - precision 0.0000 - recall 0.0000 - f1 0.0000 
INFO:root:TEST measures@100 for class 1 - precision 0.9714 - recall 0.5231 - f1 0.6800 
INFO:root:TEST measures@1000 microavg - precision 0.9380 - recall 0.9380 - f1 0.9380 
INFO:root:TEST measures@1000 for class 0 - precision 0.0000 - recall 0.0000 - f1 0.0000 
INFO:root:TEST measures@1000 for class 1 - precision 0.9380 - recall 1.0000 - f1 0.9680 
INFO:root:TEST Total epoch time: 0.14902373599989005
INFO:root:################ TRAIN epoch 30 ###################
INFO:root:TRAIN mean losses tensor(0.2876)
INFO:root:TRAIN mean errors 0.048821549862623215
INFO:root:TRAIN mean MRR 0.0 - mean MAP 0.9813104867935181
INFO:root:TRAIN tp {0: tensor(0), 1: tensor(5650)},fn {0: tensor(290), 1: tensor(0)},fp {0: tensor(0), 1: tensor(290)}
INFO:root:TRAIN measures microavg - precision 0.9512 - recall 0.9512 - f1 0.9512 
INFO:root:TRAIN measures for class 0 - precision 0.0000 - recall 0.0000 - f1 0.0000 
INFO:root:TRAIN measures for class 1 - precision 0.9512 - recall 1.0000 - f1 0.9750 
INFO:root:TRAIN measures@10 microavg - precision 0.9967 - recall 0.0503 - f1 0.0958 
INFO:root:TRAIN measures@10 for class 0 - precision 0.0000 - recall 0.0000 - f1 0.0000 
INFO:root:TRAIN measures@10 for class 1 - precision 0.9967 - recall 0.0529 - f1 0.1005 
INFO:root:TRAIN measures@100 microavg - precision 0.9773 - recall 0.4936 - f1 0.6559 
INFO:root:TRAIN measures@100 for class 0 - precision 0.0000 - recall 0.0000 - f1 0.0000 
INFO:root:TRAIN measures@100 for class 1 - precision 0.9773 - recall 0.5189 - f1 0.6779 
INFO:root:TRAIN measures@1000 microavg - precision 0.9512 - recall 0.9512 - f1 0.9512 
INFO:root:TRAIN measures@1000 for class 0 - precision 0.0000 - recall 0.0000 - f1 0.0000 
INFO:root:TRAIN measures@1000 for class 1 - precision 0.9512 - recall 1.0000 - f1 0.9750 
INFO:root:TRAIN Total epoch time: 0.9764599660002204
INFO:root:################ VALID epoch 30 ###################
INFO:root:VALID mean losses tensor(0.2628)
INFO:root:VALID mean errors 0.046296294778585434
INFO:root:VALID mean MRR 0.0 - mean MAP 0.9821776151657104
INFO:root:VALID tp {0: tensor(0), 1: tensor(1133)},fn {0: tensor(55), 1: tensor(0)},fp {0: tensor(0), 1: tensor(55)}
INFO:root:VALID measures microavg - precision 0.9537 - recall 0.9537 - f1 0.9537 
INFO:root:VALID measures for class 0 - precision 0.0000 - recall 0.0000 - f1 0.0000 
INFO:root:VALID measures for class 1 - precision 0.9537 - recall 1.0000 - f1 0.9763 
INFO:root:VALID measures@10 microavg - precision 0.9833 - recall 0.0497 - f1 0.0946 
INFO:root:VALID measures@10 for class 0 - precision 0.0000 - recall 0.0000 - f1 0.0000 
INFO:root:VALID measures@10 for class 1 - precision 0.9833 - recall 0.0521 - f1 0.0989 
INFO:root:VALID measures@100 microavg - precision 0.9833 - recall 0.4966 - f1 0.6600 
INFO:root:VALID measures@100 for class 0 - precision 0.0000 - recall 0.0000 - f1 0.0000 
INFO:root:VALID measures@100 for class 1 - precision 0.9833 - recall 0.5207 - f1 0.6809 
INFO:root:VALID measures@1000 microavg - precision 0.9537 - recall 0.9537 - f1 0.9537 
INFO:root:VALID measures@1000 for class 0 - precision 0.0000 - recall 0.0000 - f1 0.0000 
INFO:root:VALID measures@1000 for class 1 - precision 0.9537 - recall 1.0000 - f1 0.9763 
INFO:root:VALID Total epoch time: 0.11440771800016591
INFO:root:################ TEST epoch 30 ###################
INFO:root:TEST batch 1 / 7 - partial error 0.0455 - partial loss 0.2813 - partial MRR  0.0000 - partial MAP 0.9827
INFO:root:TEST batch 1 / 7 -  partial tp {0: tensor(0), 1: tensor(189)},fn {0: tensor(9), 1: tensor(0)},fp {0: tensor(0), 1: tensor(9)}
INFO:root:TEST batch 1 / 7 - measures partial microavg - precision 0.9545 - recall 0.9545 - f1 0.9545 
INFO:root:TEST batch 1 / 7 - measures partial for class 0 - precision 0.0000 - recall 0.0000 - f1 0.0000 
INFO:root:TEST batch 1 / 7 - measures partial for class 1 - precision 0.9545 - recall 1.0000 - f1 0.9767 
INFO:root:TEST batch 1 / 7 - Batch time 0 
INFO:root:TEST batch 2 / 7 - partial error 0.0581 - partial loss 0.3444 - partial MRR  0.0000 - partial MAP 0.9736
INFO:root:TEST batch 2 / 7 -  partial tp {0: tensor(0), 1: tensor(184)},fn {0: tensor(14), 1: tensor(0)},fp {0: tensor(0), 1: tensor(14)}
INFO:root:TEST batch 2 / 7 - measures partial microavg - precision 0.9293 - recall 0.9293 - f1 0.9293 
INFO:root:TEST batch 2 / 7 - measures partial for class 0 - precision 0.0000 - recall 0.0000 - f1 0.0000 
INFO:root:TEST batch 2 / 7 - measures partial for class 1 - precision 0.9293 - recall 1.0000 - f1 0.9634 
INFO:root:TEST batch 2 / 7 - Batch time 0 
INFO:root:TEST batch 3 / 7 - partial error 0.0556 - partial loss 0.3294 - partial MRR  0.0000 - partial MAP 0.9752
INFO:root:TEST batch 3 / 7 -  partial tp {0: tensor(0), 1: tensor(188)},fn {0: tensor(10), 1: tensor(0)},fp {0: tensor(0), 1: tensor(10)}
INFO:root:TEST batch 3 / 7 - measures partial microavg - precision 0.9495 - recall 0.9495 - f1 0.9495 
INFO:root:TEST batch 3 / 7 - measures partial for class 0 - precision 0.0000 - recall 0.0000 - f1 0.0000 
INFO:root:TEST batch 3 / 7 - measures partial for class 1 - precision 0.9495 - recall 1.0000 - f1 0.9741 
INFO:root:TEST batch 3 / 7 - Batch time 0 
INFO:root:TEST batch 4 / 7 - partial error 0.0568 - partial loss 0.3293 - partial MRR  0.0000 - partial MAP 0.9764
INFO:root:TEST batch 4 / 7 -  partial tp {0: tensor(0), 1: tensor(186)},fn {0: tensor(12), 1: tensor(0)},fp {0: tensor(0), 1: tensor(12)}
INFO:root:TEST batch 4 / 7 - measures partial microavg - precision 0.9394 - recall 0.9394 - f1 0.9394 
INFO:root:TEST batch 4 / 7 - measures partial for class 0 - precision 0.0000 - recall 0.0000 - f1 0.0000 
INFO:root:TEST batch 4 / 7 - measures partial for class 1 - precision 0.9394 - recall 1.0000 - f1 0.9688 
INFO:root:TEST batch 4 / 7 - Batch time 0 
INFO:root:TEST batch 5 / 7 - partial error 0.0606 - partial loss 0.3470 - partial MRR  0.0000 - partial MAP 0.9763
INFO:root:TEST batch 5 / 7 -  partial tp {0: tensor(0), 1: tensor(183)},fn {0: tensor(15), 1: tensor(0)},fp {0: tensor(0), 1: tensor(15)}
INFO:root:TEST batch 5 / 7 - measures partial microavg - precision 0.9242 - recall 0.9242 - f1 0.9242 
INFO:root:TEST batch 5 / 7 - measures partial for class 0 - precision 0.0000 - recall 0.0000 - f1 0.0000 
INFO:root:TEST batch 5 / 7 - measures partial for class 1 - precision 0.9242 - recall 1.0000 - f1 0.9606 
INFO:root:TEST batch 5 / 7 - Batch time 0 
INFO:root:TEST batch 6 / 7 - partial error 0.0581 - partial loss 0.3325 - partial MRR  0.0000 - partial MAP 0.9782
INFO:root:TEST batch 6 / 7 -  partial tp {0: tensor(0), 1: tensor(189)},fn {0: tensor(9), 1: tensor(0)},fp {0: tensor(0), 1: tensor(9)}
INFO:root:TEST batch 6 / 7 - measures partial microavg - precision 0.9545 - recall 0.9545 - f1 0.9545 
INFO:root:TEST batch 6 / 7 - measures partial for class 0 - precision 0.0000 - recall 0.0000 - f1 0.0000 
INFO:root:TEST batch 6 / 7 - measures partial for class 1 - precision 0.9545 - recall 1.0000 - f1 0.9767 
INFO:root:TEST batch 6 / 7 - Batch time 0 
INFO:root:TEST batch 7 / 7 - partial error 0.0620 - partial loss 0.3484 - partial MRR  0.0000 - partial MAP 0.9785
INFO:root:TEST batch 7 / 7 -  partial tp {0: tensor(0), 1: tensor(181)},fn {0: tensor(17), 1: tensor(0)},fp {0: tensor(0), 1: tensor(17)}
INFO:root:TEST batch 7 / 7 - measures partial microavg - precision 0.9141 - recall 0.9141 - f1 0.9141 
INFO:root:TEST batch 7 / 7 - measures partial for class 0 - precision 0.0000 - recall 0.0000 - f1 0.0000 
INFO:root:TEST batch 7 / 7 - measures partial for class 1 - precision 0.9141 - recall 1.0000 - f1 0.9551 
INFO:root:TEST batch 7 / 7 - Batch time 0 
INFO:root:TEST mean losses tensor(0.3484)
INFO:root:TEST mean errors 0.06204906105995178
INFO:root:TEST mean MRR 0.0 - mean MAP 0.9785388112068176
INFO:root:TEST tp {0: tensor(0), 1: tensor(1300)},fn {0: tensor(86), 1: tensor(0)},fp {0: tensor(0), 1: tensor(86)}
INFO:root:TEST measures microavg - precision 0.9380 - recall 0.9380 - f1 0.9380 
INFO:root:TEST measures for class 0 - precision 0.0000 - recall 0.0000 - f1 0.0000 
INFO:root:TEST measures for class 1 - precision 0.9380 - recall 1.0000 - f1 0.9680 
INFO:root:TEST measures@10 microavg - precision 1.0000 - recall 0.0505 - f1 0.0962 
INFO:root:TEST measures@10 for class 0 - precision 0.0000 - recall 0.0000 - f1 0.0000 
INFO:root:TEST measures@10 for class 1 - precision 1.0000 - recall 0.0538 - f1 0.1022 
INFO:root:TEST measures@100 microavg - precision 0.9686 - recall 0.4892 - f1 0.6500 
INFO:root:TEST measures@100 for class 0 - precision 0.0000 - recall 0.0000 - f1 0.0000 
INFO:root:TEST measures@100 for class 1 - precision 0.9686 - recall 0.5215 - f1 0.6780 
INFO:root:TEST measures@1000 microavg - precision 0.9380 - recall 0.9380 - f1 0.9380 
INFO:root:TEST measures@1000 for class 0 - precision 0.0000 - recall 0.0000 - f1 0.0000 
INFO:root:TEST measures@1000 for class 1 - precision 0.9380 - recall 1.0000 - f1 0.9680 
INFO:root:TEST Total epoch time: 0.1393622749997121
INFO:root:################ TRAIN epoch 31 ###################
INFO:root:TRAIN mean losses tensor(0.2879)
INFO:root:TRAIN mean errors 0.048821549862623215
INFO:root:TRAIN mean MRR 0.0 - mean MAP 0.9800999760627747
INFO:root:TRAIN tp {0: tensor(0), 1: tensor(5650)},fn {0: tensor(290), 1: tensor(0)},fp {0: tensor(0), 1: tensor(290)}
INFO:root:TRAIN measures microavg - precision 0.9512 - recall 0.9512 - f1 0.9512 
INFO:root:TRAIN measures for class 0 - precision 0.0000 - recall 0.0000 - f1 0.0000 
INFO:root:TRAIN measures for class 1 - precision 0.9512 - recall 1.0000 - f1 0.9750 
INFO:root:TRAIN measures@10 microavg - precision 0.9933 - recall 0.0502 - f1 0.0955 
INFO:root:TRAIN measures@10 for class 0 - precision 0.0000 - recall 0.0000 - f1 0.0000 
INFO:root:TRAIN measures@10 for class 1 - precision 0.9933 - recall 0.0527 - f1 0.1002 
INFO:root:TRAIN measures@100 microavg - precision 0.9770 - recall 0.4934 - f1 0.6557 
INFO:root:TRAIN measures@100 for class 0 - precision 0.0000 - recall 0.0000 - f1 0.0000 
INFO:root:TRAIN measures@100 for class 1 - precision 0.9770 - recall 0.5188 - f1 0.6777 
INFO:root:TRAIN measures@1000 microavg - precision 0.9512 - recall 0.9512 - f1 0.9512 
INFO:root:TRAIN measures@1000 for class 0 - precision 0.0000 - recall 0.0000 - f1 0.0000 
INFO:root:TRAIN measures@1000 for class 1 - precision 0.9512 - recall 1.0000 - f1 0.9750 
INFO:root:TRAIN Total epoch time: 0.8422174120000818
INFO:root:################ VALID epoch 31 ###################
INFO:root:VALID mean losses tensor(0.2599)
INFO:root:VALID mean errors 0.046296294778585434
INFO:root:VALID mean MRR 0.0 - mean MAP 0.9832330346107483
INFO:root:VALID tp {0: tensor(0), 1: tensor(1133)},fn {0: tensor(55), 1: tensor(0)},fp {0: tensor(0), 1: tensor(55)}
INFO:root:VALID measures microavg - precision 0.9537 - recall 0.9537 - f1 0.9537 
INFO:root:VALID measures for class 0 - precision 0.0000 - recall 0.0000 - f1 0.0000 
INFO:root:VALID measures for class 1 - precision 0.9537 - recall 1.0000 - f1 0.9763 
INFO:root:VALID measures@10 microavg - precision 0.9833 - recall 0.0497 - f1 0.0946 
INFO:root:VALID measures@10 for class 0 - precision 0.0000 - recall 0.0000 - f1 0.0000 
INFO:root:VALID measures@10 for class 1 - precision 0.9833 - recall 0.0521 - f1 0.0989 
INFO:root:VALID measures@100 microavg - precision 0.9850 - recall 0.4975 - f1 0.6611 
INFO:root:VALID measures@100 for class 0 - precision 0.0000 - recall 0.0000 - f1 0.0000 
INFO:root:VALID measures@100 for class 1 - precision 0.9850 - recall 0.5216 - f1 0.6821 
INFO:root:VALID measures@1000 microavg - precision 0.9537 - recall 0.9537 - f1 0.9537 
INFO:root:VALID measures@1000 for class 0 - precision 0.0000 - recall 0.0000 - f1 0.0000 
INFO:root:VALID measures@1000 for class 1 - precision 0.9537 - recall 1.0000 - f1 0.9763 
INFO:root:VALID Total epoch time: 0.10978495599965754
INFO:root:################ TEST epoch 31 ###################
INFO:root:TEST batch 1 / 7 - partial error 0.0455 - partial loss 0.2844 - partial MRR  0.0000 - partial MAP 0.9819
INFO:root:TEST batch 1 / 7 -  partial tp {0: tensor(0), 1: tensor(189)},fn {0: tensor(9), 1: tensor(0)},fp {0: tensor(0), 1: tensor(9)}
INFO:root:TEST batch 1 / 7 - measures partial microavg - precision 0.9545 - recall 0.9545 - f1 0.9545 
INFO:root:TEST batch 1 / 7 - measures partial for class 0 - precision 0.0000 - recall 0.0000 - f1 0.0000 
INFO:root:TEST batch 1 / 7 - measures partial for class 1 - precision 0.9545 - recall 1.0000 - f1 0.9767 
INFO:root:TEST batch 1 / 7 - Batch time 0 
INFO:root:TEST batch 2 / 7 - partial error 0.0581 - partial loss 0.3418 - partial MRR  0.0000 - partial MAP 0.9743
INFO:root:TEST batch 2 / 7 -  partial tp {0: tensor(0), 1: tensor(184)},fn {0: tensor(14), 1: tensor(0)},fp {0: tensor(0), 1: tensor(14)}
INFO:root:TEST batch 2 / 7 - measures partial microavg - precision 0.9293 - recall 0.9293 - f1 0.9293 
INFO:root:TEST batch 2 / 7 - measures partial for class 0 - precision 0.0000 - recall 0.0000 - f1 0.0000 
INFO:root:TEST batch 2 / 7 - measures partial for class 1 - precision 0.9293 - recall 1.0000 - f1 0.9634 
INFO:root:TEST batch 2 / 7 - Batch time 0 
INFO:root:TEST batch 3 / 7 - partial error 0.0556 - partial loss 0.3202 - partial MRR  0.0000 - partial MAP 0.9781
INFO:root:TEST batch 3 / 7 -  partial tp {0: tensor(0), 1: tensor(188)},fn {0: tensor(10), 1: tensor(0)},fp {0: tensor(0), 1: tensor(10)}
INFO:root:TEST batch 3 / 7 - measures partial microavg - precision 0.9495 - recall 0.9495 - f1 0.9495 
INFO:root:TEST batch 3 / 7 - measures partial for class 0 - precision 0.0000 - recall 0.0000 - f1 0.0000 
INFO:root:TEST batch 3 / 7 - measures partial for class 1 - precision 0.9495 - recall 1.0000 - f1 0.9741 
INFO:root:TEST batch 3 / 7 - Batch time 0 
INFO:root:TEST batch 4 / 7 - partial error 0.0568 - partial loss 0.3221 - partial MRR  0.0000 - partial MAP 0.9782
INFO:root:TEST batch 4 / 7 -  partial tp {0: tensor(0), 1: tensor(186)},fn {0: tensor(12), 1: tensor(0)},fp {0: tensor(0), 1: tensor(12)}
INFO:root:TEST batch 4 / 7 - measures partial microavg - precision 0.9394 - recall 0.9394 - f1 0.9394 
INFO:root:TEST batch 4 / 7 - measures partial for class 0 - precision 0.0000 - recall 0.0000 - f1 0.0000 
INFO:root:TEST batch 4 / 7 - measures partial for class 1 - precision 0.9394 - recall 1.0000 - f1 0.9688 
INFO:root:TEST batch 4 / 7 - Batch time 0 
INFO:root:TEST batch 5 / 7 - partial error 0.0606 - partial loss 0.3416 - partial MRR  0.0000 - partial MAP 0.9765
INFO:root:TEST batch 5 / 7 -  partial tp {0: tensor(0), 1: tensor(183)},fn {0: tensor(15), 1: tensor(0)},fp {0: tensor(0), 1: tensor(15)}
INFO:root:TEST batch 5 / 7 - measures partial microavg - precision 0.9242 - recall 0.9242 - f1 0.9242 
INFO:root:TEST batch 5 / 7 - measures partial for class 0 - precision 0.0000 - recall 0.0000 - f1 0.0000 
INFO:root:TEST batch 5 / 7 - measures partial for class 1 - precision 0.9242 - recall 1.0000 - f1 0.9606 
INFO:root:TEST batch 5 / 7 - Batch time 0 
INFO:root:TEST batch 6 / 7 - partial error 0.0581 - partial loss 0.3267 - partial MRR  0.0000 - partial MAP 0.9783
INFO:root:TEST batch 6 / 7 -  partial tp {0: tensor(0), 1: tensor(189)},fn {0: tensor(9), 1: tensor(0)},fp {0: tensor(0), 1: tensor(9)}
INFO:root:TEST batch 6 / 7 - measures partial microavg - precision 0.9545 - recall 0.9545 - f1 0.9545 
INFO:root:TEST batch 6 / 7 - measures partial for class 0 - precision 0.0000 - recall 0.0000 - f1 0.0000 
INFO:root:TEST batch 6 / 7 - measures partial for class 1 - precision 0.9545 - recall 1.0000 - f1 0.9767 
INFO:root:TEST batch 6 / 7 - Batch time 0 
INFO:root:TEST batch 7 / 7 - partial error 0.0620 - partial loss 0.3425 - partial MRR  0.0000 - partial MAP 0.9785
INFO:root:TEST batch 7 / 7 -  partial tp {0: tensor(0), 1: tensor(181)},fn {0: tensor(17), 1: tensor(0)},fp {0: tensor(0), 1: tensor(17)}
INFO:root:TEST batch 7 / 7 - measures partial microavg - precision 0.9141 - recall 0.9141 - f1 0.9141 
INFO:root:TEST batch 7 / 7 - measures partial for class 0 - precision 0.0000 - recall 0.0000 - f1 0.0000 
INFO:root:TEST batch 7 / 7 - measures partial for class 1 - precision 0.9141 - recall 1.0000 - f1 0.9551 
INFO:root:TEST batch 7 / 7 - Batch time 0 
INFO:root:TEST mean losses tensor(0.3425)
INFO:root:TEST mean errors 0.06204906105995178
INFO:root:TEST mean MRR 0.0 - mean MAP 0.978532075881958
INFO:root:TEST tp {0: tensor(0), 1: tensor(1300)},fn {0: tensor(86), 1: tensor(0)},fp {0: tensor(0), 1: tensor(86)}
INFO:root:TEST measures microavg - precision 0.9380 - recall 0.9380 - f1 0.9380 
INFO:root:TEST measures for class 0 - precision 0.0000 - recall 0.0000 - f1 0.0000 
INFO:root:TEST measures for class 1 - precision 0.9380 - recall 1.0000 - f1 0.9680 
INFO:root:TEST measures@10 microavg - precision 1.0000 - recall 0.0505 - f1 0.0962 
INFO:root:TEST measures@10 for class 0 - precision 0.0000 - recall 0.0000 - f1 0.0000 
INFO:root:TEST measures@10 for class 1 - precision 1.0000 - recall 0.0538 - f1 0.1022 
INFO:root:TEST measures@100 microavg - precision 0.9729 - recall 0.4913 - f1 0.6529 
INFO:root:TEST measures@100 for class 0 - precision 0.0000 - recall 0.0000 - f1 0.0000 
INFO:root:TEST measures@100 for class 1 - precision 0.9729 - recall 0.5238 - f1 0.6810 
INFO:root:TEST measures@1000 microavg - precision 0.9380 - recall 0.9380 - f1 0.9380 
INFO:root:TEST measures@1000 for class 0 - precision 0.0000 - recall 0.0000 - f1 0.0000 
INFO:root:TEST measures@1000 for class 1 - precision 0.9380 - recall 1.0000 - f1 0.9680 
INFO:root:TEST Total epoch time: 0.13987709999992148
INFO:root:################ TRAIN epoch 32 ###################
INFO:root:TRAIN mean losses tensor(0.2888)
INFO:root:TRAIN mean errors 0.048821549862623215
INFO:root:TRAIN mean MRR 0.0 - mean MAP 0.9798510670661926
INFO:root:TRAIN tp {0: tensor(0), 1: tensor(5650)},fn {0: tensor(290), 1: tensor(0)},fp {0: tensor(0), 1: tensor(290)}
INFO:root:TRAIN measures microavg - precision 0.9512 - recall 0.9512 - f1 0.9512 
INFO:root:TRAIN measures for class 0 - precision 0.0000 - recall 0.0000 - f1 0.0000 
INFO:root:TRAIN measures for class 1 - precision 0.9512 - recall 1.0000 - f1 0.9750 
INFO:root:TRAIN measures@10 microavg - precision 1.0000 - recall 0.0505 - f1 0.0962 
INFO:root:TRAIN measures@10 for class 0 - precision 0.0000 - recall 0.0000 - f1 0.0000 
INFO:root:TRAIN measures@10 for class 1 - precision 1.0000 - recall 0.0531 - f1 0.1008 
INFO:root:TRAIN measures@100 microavg - precision 0.9733 - recall 0.4916 - f1 0.6532 
INFO:root:TRAIN measures@100 for class 0 - precision 0.0000 - recall 0.0000 - f1 0.0000 
INFO:root:TRAIN measures@100 for class 1 - precision 0.9733 - recall 0.5168 - f1 0.6751 
INFO:root:TRAIN measures@1000 microavg - precision 0.9512 - recall 0.9512 - f1 0.9512 
INFO:root:TRAIN measures@1000 for class 0 - precision 0.0000 - recall 0.0000 - f1 0.0000 
INFO:root:TRAIN measures@1000 for class 1 - precision 0.9512 - recall 1.0000 - f1 0.9750 
INFO:root:TRAIN Total epoch time: 0.8731990020000922
INFO:root:################ VALID epoch 32 ###################
INFO:root:VALID mean losses tensor(0.2612)
INFO:root:VALID mean errors 0.046296294778585434
INFO:root:VALID mean MRR 0.0 - mean MAP 0.9834550619125366
INFO:root:VALID tp {0: tensor(0), 1: tensor(1133)},fn {0: tensor(55), 1: tensor(0)},fp {0: tensor(0), 1: tensor(55)}
INFO:root:VALID measures microavg - precision 0.9537 - recall 0.9537 - f1 0.9537 
INFO:root:VALID measures for class 0 - precision 0.0000 - recall 0.0000 - f1 0.0000 
INFO:root:VALID measures for class 1 - precision 0.9537 - recall 1.0000 - f1 0.9763 
INFO:root:VALID measures@10 microavg - precision 0.9833 - recall 0.0497 - f1 0.0946 
INFO:root:VALID measures@10 for class 0 - precision 0.0000 - recall 0.0000 - f1 0.0000 
INFO:root:VALID measures@10 for class 1 - precision 0.9833 - recall 0.0521 - f1 0.0989 
INFO:root:VALID measures@100 microavg - precision 0.9783 - recall 0.4941 - f1 0.6566 
INFO:root:VALID measures@100 for class 0 - precision 0.0000 - recall 0.0000 - f1 0.0000 
INFO:root:VALID measures@100 for class 1 - precision 0.9783 - recall 0.5181 - f1 0.6774 
INFO:root:VALID measures@1000 microavg - precision 0.9537 - recall 0.9537 - f1 0.9537 
INFO:root:VALID measures@1000 for class 0 - precision 0.0000 - recall 0.0000 - f1 0.0000 
INFO:root:VALID measures@1000 for class 1 - precision 0.9537 - recall 1.0000 - f1 0.9763 
INFO:root:VALID Total epoch time: 0.10975122099989676
INFO:root:################ TEST epoch 32 ###################
INFO:root:TEST batch 1 / 7 - partial error 0.0455 - partial loss 0.2901 - partial MRR  0.0000 - partial MAP 0.9807
INFO:root:TEST batch 1 / 7 -  partial tp {0: tensor(0), 1: tensor(189)},fn {0: tensor(9), 1: tensor(0)},fp {0: tensor(0), 1: tensor(9)}
INFO:root:TEST batch 1 / 7 - measures partial microavg - precision 0.9545 - recall 0.9545 - f1 0.9545 
INFO:root:TEST batch 1 / 7 - measures partial for class 0 - precision 0.0000 - recall 0.0000 - f1 0.0000 
INFO:root:TEST batch 1 / 7 - measures partial for class 1 - precision 0.9545 - recall 1.0000 - f1 0.9767 
INFO:root:TEST batch 1 / 7 - Batch time 0 
INFO:root:TEST batch 2 / 7 - partial error 0.0581 - partial loss 0.3436 - partial MRR  0.0000 - partial MAP 0.9779
INFO:root:TEST batch 2 / 7 -  partial tp {0: tensor(0), 1: tensor(184)},fn {0: tensor(14), 1: tensor(0)},fp {0: tensor(0), 1: tensor(14)}
INFO:root:TEST batch 2 / 7 - measures partial microavg - precision 0.9293 - recall 0.9293 - f1 0.9293 
INFO:root:TEST batch 2 / 7 - measures partial for class 0 - precision 0.0000 - recall 0.0000 - f1 0.0000 
INFO:root:TEST batch 2 / 7 - measures partial for class 1 - precision 0.9293 - recall 1.0000 - f1 0.9634 
INFO:root:TEST batch 2 / 7 - Batch time 0 
INFO:root:TEST batch 3 / 7 - partial error 0.0556 - partial loss 0.3274 - partial MRR  0.0000 - partial MAP 0.9786
INFO:root:TEST batch 3 / 7 -  partial tp {0: tensor(0), 1: tensor(188)},fn {0: tensor(10), 1: tensor(0)},fp {0: tensor(0), 1: tensor(10)}
INFO:root:TEST batch 3 / 7 - measures partial microavg - precision 0.9495 - recall 0.9495 - f1 0.9495 
INFO:root:TEST batch 3 / 7 - measures partial for class 0 - precision 0.0000 - recall 0.0000 - f1 0.0000 
INFO:root:TEST batch 3 / 7 - measures partial for class 1 - precision 0.9495 - recall 1.0000 - f1 0.9741 
INFO:root:TEST batch 3 / 7 - Batch time 0 
INFO:root:TEST batch 4 / 7 - partial error 0.0568 - partial loss 0.3286 - partial MRR  0.0000 - partial MAP 0.9786
INFO:root:TEST batch 4 / 7 -  partial tp {0: tensor(0), 1: tensor(186)},fn {0: tensor(12), 1: tensor(0)},fp {0: tensor(0), 1: tensor(12)}
INFO:root:TEST batch 4 / 7 - measures partial microavg - precision 0.9394 - recall 0.9394 - f1 0.9394 
INFO:root:TEST batch 4 / 7 - measures partial for class 0 - precision 0.0000 - recall 0.0000 - f1 0.0000 
INFO:root:TEST batch 4 / 7 - measures partial for class 1 - precision 0.9394 - recall 1.0000 - f1 0.9688 
INFO:root:TEST batch 4 / 7 - Batch time 0 
INFO:root:TEST batch 5 / 7 - partial error 0.0606 - partial loss 0.3466 - partial MRR  0.0000 - partial MAP 0.9780
INFO:root:TEST batch 5 / 7 -  partial tp {0: tensor(0), 1: tensor(183)},fn {0: tensor(15), 1: tensor(0)},fp {0: tensor(0), 1: tensor(15)}
INFO:root:TEST batch 5 / 7 - measures partial microavg - precision 0.9242 - recall 0.9242 - f1 0.9242 
INFO:root:TEST batch 5 / 7 - measures partial for class 0 - precision 0.0000 - recall 0.0000 - f1 0.0000 
INFO:root:TEST batch 5 / 7 - measures partial for class 1 - precision 0.9242 - recall 1.0000 - f1 0.9606 
INFO:root:TEST batch 5 / 7 - Batch time 0 
INFO:root:TEST batch 6 / 7 - partial error 0.0581 - partial loss 0.3312 - partial MRR  0.0000 - partial MAP 0.9797
INFO:root:TEST batch 6 / 7 -  partial tp {0: tensor(0), 1: tensor(189)},fn {0: tensor(9), 1: tensor(0)},fp {0: tensor(0), 1: tensor(9)}
INFO:root:TEST batch 6 / 7 - measures partial microavg - precision 0.9545 - recall 0.9545 - f1 0.9545 
INFO:root:TEST batch 6 / 7 - measures partial for class 0 - precision 0.0000 - recall 0.0000 - f1 0.0000 
INFO:root:TEST batch 6 / 7 - measures partial for class 1 - precision 0.9545 - recall 1.0000 - f1 0.9767 
INFO:root:TEST batch 6 / 7 - Batch time 0 
INFO:root:TEST batch 7 / 7 - partial error 0.0620 - partial loss 0.3464 - partial MRR  0.0000 - partial MAP 0.9799
INFO:root:TEST batch 7 / 7 -  partial tp {0: tensor(0), 1: tensor(181)},fn {0: tensor(17), 1: tensor(0)},fp {0: tensor(0), 1: tensor(17)}
INFO:root:TEST batch 7 / 7 - measures partial microavg - precision 0.9141 - recall 0.9141 - f1 0.9141 
INFO:root:TEST batch 7 / 7 - measures partial for class 0 - precision 0.0000 - recall 0.0000 - f1 0.0000 
INFO:root:TEST batch 7 / 7 - measures partial for class 1 - precision 0.9141 - recall 1.0000 - f1 0.9551 
INFO:root:TEST batch 7 / 7 - Batch time 0 
INFO:root:TEST mean losses tensor(0.3464)
INFO:root:TEST mean errors 0.06204906105995178
INFO:root:TEST mean MRR 0.0 - mean MAP 0.9799450039863586
INFO:root:TEST tp {0: tensor(0), 1: tensor(1300)},fn {0: tensor(86), 1: tensor(0)},fp {0: tensor(0), 1: tensor(86)}
INFO:root:TEST measures microavg - precision 0.9380 - recall 0.9380 - f1 0.9380 
INFO:root:TEST measures for class 0 - precision 0.0000 - recall 0.0000 - f1 0.0000 
INFO:root:TEST measures for class 1 - precision 0.9380 - recall 1.0000 - f1 0.9680 
INFO:root:TEST measures@10 microavg - precision 1.0000 - recall 0.0505 - f1 0.0962 
INFO:root:TEST measures@10 for class 0 - precision 0.0000 - recall 0.0000 - f1 0.0000 
INFO:root:TEST measures@10 for class 1 - precision 1.0000 - recall 0.0538 - f1 0.1022 
INFO:root:TEST measures@100 microavg - precision 0.9643 - recall 0.4870 - f1 0.6472 
INFO:root:TEST measures@100 for class 0 - precision 0.0000 - recall 0.0000 - f1 0.0000 
INFO:root:TEST measures@100 for class 1 - precision 0.9643 - recall 0.5192 - f1 0.6750 
INFO:root:TEST measures@1000 microavg - precision 0.9380 - recall 0.9380 - f1 0.9380 
INFO:root:TEST measures@1000 for class 0 - precision 0.0000 - recall 0.0000 - f1 0.0000 
INFO:root:TEST measures@1000 for class 1 - precision 0.9380 - recall 1.0000 - f1 0.9680 
INFO:root:TEST Total epoch time: 0.14232766099985383
INFO:root:################ TRAIN epoch 33 ###################
INFO:root:TRAIN mean losses tensor(0.2879)
INFO:root:TRAIN mean errors 0.048821549862623215
INFO:root:TRAIN mean MRR 0.0 - mean MAP 0.9802596569061279
INFO:root:TRAIN tp {0: tensor(0), 1: tensor(5650)},fn {0: tensor(290), 1: tensor(0)},fp {0: tensor(0), 1: tensor(290)}
INFO:root:TRAIN measures microavg - precision 0.9512 - recall 0.9512 - f1 0.9512 
INFO:root:TRAIN measures for class 0 - precision 0.0000 - recall 0.0000 - f1 0.0000 
INFO:root:TRAIN measures for class 1 - precision 0.9512 - recall 1.0000 - f1 0.9750 
INFO:root:TRAIN measures@10 microavg - precision 0.9900 - recall 0.0500 - f1 0.0952 
INFO:root:TRAIN measures@10 for class 0 - precision 0.0000 - recall 0.0000 - f1 0.0000 
INFO:root:TRAIN measures@10 for class 1 - precision 0.9900 - recall 0.0526 - f1 0.0998 
INFO:root:TRAIN measures@100 microavg - precision 0.9790 - recall 0.4944 - f1 0.6570 
INFO:root:TRAIN measures@100 for class 0 - precision 0.0000 - recall 0.0000 - f1 0.0000 
INFO:root:TRAIN measures@100 for class 1 - precision 0.9790 - recall 0.5198 - f1 0.6791 
INFO:root:TRAIN measures@1000 microavg - precision 0.9512 - recall 0.9512 - f1 0.9512 
INFO:root:TRAIN measures@1000 for class 0 - precision 0.0000 - recall 0.0000 - f1 0.0000 
INFO:root:TRAIN measures@1000 for class 1 - precision 0.9512 - recall 1.0000 - f1 0.9750 
INFO:root:TRAIN Total epoch time: 0.8804761179999332
INFO:root:################ VALID epoch 33 ###################
INFO:root:VALID mean losses tensor(0.2624)
INFO:root:VALID mean errors 0.046296294778585434
INFO:root:VALID mean MRR 0.0 - mean MAP 0.9829055070877075
INFO:root:VALID tp {0: tensor(0), 1: tensor(1133)},fn {0: tensor(55), 1: tensor(0)},fp {0: tensor(0), 1: tensor(55)}
INFO:root:VALID measures microavg - precision 0.9537 - recall 0.9537 - f1 0.9537 
INFO:root:VALID measures for class 0 - precision 0.0000 - recall 0.0000 - f1 0.0000 
INFO:root:VALID measures for class 1 - precision 0.9537 - recall 1.0000 - f1 0.9763 
INFO:root:VALID measures@10 microavg - precision 1.0000 - recall 0.0505 - f1 0.0962 
INFO:root:VALID measures@10 for class 0 - precision 0.0000 - recall 0.0000 - f1 0.0000 
INFO:root:VALID measures@10 for class 1 - precision 1.0000 - recall 0.0530 - f1 0.1006 
INFO:root:VALID measures@100 microavg - precision 0.9800 - recall 0.4949 - f1 0.6577 
INFO:root:VALID measures@100 for class 0 - precision 0.0000 - recall 0.0000 - f1 0.0000 
INFO:root:VALID measures@100 for class 1 - precision 0.9800 - recall 0.5190 - f1 0.6786 
INFO:root:VALID measures@1000 microavg - precision 0.9537 - recall 0.9537 - f1 0.9537 
INFO:root:VALID measures@1000 for class 0 - precision 0.0000 - recall 0.0000 - f1 0.0000 
INFO:root:VALID measures@1000 for class 1 - precision 0.9537 - recall 1.0000 - f1 0.9763 
INFO:root:VALID Total epoch time: 0.11456440000029033
INFO:root:################ TEST epoch 33 ###################
INFO:root:TEST batch 1 / 7 - partial error 0.0455 - partial loss 0.2864 - partial MRR  0.0000 - partial MAP 0.9810
INFO:root:TEST batch 1 / 7 -  partial tp {0: tensor(0), 1: tensor(189)},fn {0: tensor(9), 1: tensor(0)},fp {0: tensor(0), 1: tensor(9)}
INFO:root:TEST batch 1 / 7 - measures partial microavg - precision 0.9545 - recall 0.9545 - f1 0.9545 
INFO:root:TEST batch 1 / 7 - measures partial for class 0 - precision 0.0000 - recall 0.0000 - f1 0.0000 
INFO:root:TEST batch 1 / 7 - measures partial for class 1 - precision 0.9545 - recall 1.0000 - f1 0.9767 
INFO:root:TEST batch 1 / 7 - Batch time 0 
INFO:root:TEST batch 2 / 7 - partial error 0.0581 - partial loss 0.3405 - partial MRR  0.0000 - partial MAP 0.9759
INFO:root:TEST batch 2 / 7 -  partial tp {0: tensor(0), 1: tensor(184)},fn {0: tensor(14), 1: tensor(0)},fp {0: tensor(0), 1: tensor(14)}
INFO:root:TEST batch 2 / 7 - measures partial microavg - precision 0.9293 - recall 0.9293 - f1 0.9293 
INFO:root:TEST batch 2 / 7 - measures partial for class 0 - precision 0.0000 - recall 0.0000 - f1 0.0000 
INFO:root:TEST batch 2 / 7 - measures partial for class 1 - precision 0.9293 - recall 1.0000 - f1 0.9634 
INFO:root:TEST batch 2 / 7 - Batch time 0 
INFO:root:TEST batch 3 / 7 - partial error 0.0556 - partial loss 0.3207 - partial MRR  0.0000 - partial MAP 0.9793
INFO:root:TEST batch 3 / 7 -  partial tp {0: tensor(0), 1: tensor(188)},fn {0: tensor(10), 1: tensor(0)},fp {0: tensor(0), 1: tensor(10)}
INFO:root:TEST batch 3 / 7 - measures partial microavg - precision 0.9495 - recall 0.9495 - f1 0.9495 
INFO:root:TEST batch 3 / 7 - measures partial for class 0 - precision 0.0000 - recall 0.0000 - f1 0.0000 
INFO:root:TEST batch 3 / 7 - measures partial for class 1 - precision 0.9495 - recall 1.0000 - f1 0.9741 
INFO:root:TEST batch 3 / 7 - Batch time 0 
INFO:root:TEST batch 4 / 7 - partial error 0.0568 - partial loss 0.3237 - partial MRR  0.0000 - partial MAP 0.9792
INFO:root:TEST batch 4 / 7 -  partial tp {0: tensor(0), 1: tensor(186)},fn {0: tensor(12), 1: tensor(0)},fp {0: tensor(0), 1: tensor(12)}
INFO:root:TEST batch 4 / 7 - measures partial microavg - precision 0.9394 - recall 0.9394 - f1 0.9394 
INFO:root:TEST batch 4 / 7 - measures partial for class 0 - precision 0.0000 - recall 0.0000 - f1 0.0000 
INFO:root:TEST batch 4 / 7 - measures partial for class 1 - precision 0.9394 - recall 1.0000 - f1 0.9688 
INFO:root:TEST batch 4 / 7 - Batch time 0 
INFO:root:TEST batch 5 / 7 - partial error 0.0606 - partial loss 0.3408 - partial MRR  0.0000 - partial MAP 0.9771
INFO:root:TEST batch 5 / 7 -  partial tp {0: tensor(0), 1: tensor(183)},fn {0: tensor(15), 1: tensor(0)},fp {0: tensor(0), 1: tensor(15)}
INFO:root:TEST batch 5 / 7 - measures partial microavg - precision 0.9242 - recall 0.9242 - f1 0.9242 
INFO:root:TEST batch 5 / 7 - measures partial for class 0 - precision 0.0000 - recall 0.0000 - f1 0.0000 
INFO:root:TEST batch 5 / 7 - measures partial for class 1 - precision 0.9242 - recall 1.0000 - f1 0.9606 
INFO:root:TEST batch 5 / 7 - Batch time 0 
INFO:root:TEST batch 6 / 7 - partial error 0.0581 - partial loss 0.3252 - partial MRR  0.0000 - partial MAP 0.9793
INFO:root:TEST batch 6 / 7 -  partial tp {0: tensor(0), 1: tensor(189)},fn {0: tensor(9), 1: tensor(0)},fp {0: tensor(0), 1: tensor(9)}
INFO:root:TEST batch 6 / 7 - measures partial microavg - precision 0.9545 - recall 0.9545 - f1 0.9545 
INFO:root:TEST batch 6 / 7 - measures partial for class 0 - precision 0.0000 - recall 0.0000 - f1 0.0000 
INFO:root:TEST batch 6 / 7 - measures partial for class 1 - precision 0.9545 - recall 1.0000 - f1 0.9767 
INFO:root:TEST batch 6 / 7 - Batch time 0 
INFO:root:TEST batch 7 / 7 - partial error 0.0620 - partial loss 0.3399 - partial MRR  0.0000 - partial MAP 0.9797
INFO:root:TEST batch 7 / 7 -  partial tp {0: tensor(0), 1: tensor(181)},fn {0: tensor(17), 1: tensor(0)},fp {0: tensor(0), 1: tensor(17)}
INFO:root:TEST batch 7 / 7 - measures partial microavg - precision 0.9141 - recall 0.9141 - f1 0.9141 
INFO:root:TEST batch 7 / 7 - measures partial for class 0 - precision 0.0000 - recall 0.0000 - f1 0.0000 
INFO:root:TEST batch 7 / 7 - measures partial for class 1 - precision 0.9141 - recall 1.0000 - f1 0.9551 
INFO:root:TEST batch 7 / 7 - Batch time 0 
INFO:root:TEST mean losses tensor(0.3399)
INFO:root:TEST mean errors 0.06204906105995178
INFO:root:TEST mean MRR 0.0 - mean MAP 0.9796605706214905
INFO:root:TEST tp {0: tensor(0), 1: tensor(1300)},fn {0: tensor(86), 1: tensor(0)},fp {0: tensor(0), 1: tensor(86)}
INFO:root:TEST measures microavg - precision 0.9380 - recall 0.9380 - f1 0.9380 
INFO:root:TEST measures for class 0 - precision 0.0000 - recall 0.0000 - f1 0.0000 
INFO:root:TEST measures for class 1 - precision 0.9380 - recall 1.0000 - f1 0.9680 
INFO:root:TEST measures@10 microavg - precision 1.0000 - recall 0.0505 - f1 0.0962 
INFO:root:TEST measures@10 for class 0 - precision 0.0000 - recall 0.0000 - f1 0.0000 
INFO:root:TEST measures@10 for class 1 - precision 1.0000 - recall 0.0538 - f1 0.1022 
INFO:root:TEST measures@100 microavg - precision 0.9700 - recall 0.4899 - f1 0.6510 
INFO:root:TEST measures@100 for class 0 - precision 0.0000 - recall 0.0000 - f1 0.0000 
INFO:root:TEST measures@100 for class 1 - precision 0.9700 - recall 0.5223 - f1 0.6790 
INFO:root:TEST measures@1000 microavg - precision 0.9380 - recall 0.9380 - f1 0.9380 
INFO:root:TEST measures@1000 for class 0 - precision 0.0000 - recall 0.0000 - f1 0.0000 
INFO:root:TEST measures@1000 for class 1 - precision 0.9380 - recall 1.0000 - f1 0.9680 
INFO:root:TEST Total epoch time: 0.14771207499961747
INFO:root:################ TRAIN epoch 34 ###################
INFO:root:TRAIN mean losses tensor(0.2886)
INFO:root:TRAIN mean errors 0.048821549862623215
INFO:root:TRAIN mean MRR 0.0 - mean MAP 0.980031430721283
INFO:root:TRAIN tp {0: tensor(0), 1: tensor(5650)},fn {0: tensor(290), 1: tensor(0)},fp {0: tensor(0), 1: tensor(290)}
INFO:root:TRAIN measures microavg - precision 0.9512 - recall 0.9512 - f1 0.9512 
INFO:root:TRAIN measures for class 0 - precision 0.0000 - recall 0.0000 - f1 0.0000 
INFO:root:TRAIN measures for class 1 - precision 0.9512 - recall 1.0000 - f1 0.9750 
INFO:root:TRAIN measures@10 microavg - precision 0.9900 - recall 0.0500 - f1 0.0952 
INFO:root:TRAIN measures@10 for class 0 - precision 0.0000 - recall 0.0000 - f1 0.0000 
INFO:root:TRAIN measures@10 for class 1 - precision 0.9900 - recall 0.0526 - f1 0.0998 
INFO:root:TRAIN measures@100 microavg - precision 0.9767 - recall 0.4933 - f1 0.6555 
INFO:root:TRAIN measures@100 for class 0 - precision 0.0000 - recall 0.0000 - f1 0.0000 
INFO:root:TRAIN measures@100 for class 1 - precision 0.9767 - recall 0.5186 - f1 0.6775 
INFO:root:TRAIN measures@1000 microavg - precision 0.9512 - recall 0.9512 - f1 0.9512 
INFO:root:TRAIN measures@1000 for class 0 - precision 0.0000 - recall 0.0000 - f1 0.0000 
INFO:root:TRAIN measures@1000 for class 1 - precision 0.9512 - recall 1.0000 - f1 0.9750 
INFO:root:TRAIN Total epoch time: 0.8895625109998946
INFO:root:################ VALID epoch 34 ###################
INFO:root:VALID mean losses tensor(0.2603)
INFO:root:VALID mean errors 0.046296294778585434
INFO:root:VALID mean MRR 0.0 - mean MAP 0.9834805130958557
INFO:root:VALID tp {0: tensor(0), 1: tensor(1133)},fn {0: tensor(55), 1: tensor(0)},fp {0: tensor(0), 1: tensor(55)}
INFO:root:VALID measures microavg - precision 0.9537 - recall 0.9537 - f1 0.9537 
INFO:root:VALID measures for class 0 - precision 0.0000 - recall 0.0000 - f1 0.0000 
INFO:root:VALID measures for class 1 - precision 0.9537 - recall 1.0000 - f1 0.9763 
INFO:root:VALID measures@10 microavg - precision 1.0000 - recall 0.0505 - f1 0.0962 
INFO:root:VALID measures@10 for class 0 - precision 0.0000 - recall 0.0000 - f1 0.0000 
INFO:root:VALID measures@10 for class 1 - precision 1.0000 - recall 0.0530 - f1 0.1006 
INFO:root:VALID measures@100 microavg - precision 0.9850 - recall 0.4975 - f1 0.6611 
INFO:root:VALID measures@100 for class 0 - precision 0.0000 - recall 0.0000 - f1 0.0000 
INFO:root:VALID measures@100 for class 1 - precision 0.9850 - recall 0.5216 - f1 0.6821 
INFO:root:VALID measures@1000 microavg - precision 0.9537 - recall 0.9537 - f1 0.9537 
INFO:root:VALID measures@1000 for class 0 - precision 0.0000 - recall 0.0000 - f1 0.0000 
INFO:root:VALID measures@1000 for class 1 - precision 0.9537 - recall 1.0000 - f1 0.9763 
INFO:root:VALID Total epoch time: 0.11808840300000156
INFO:root:################ TEST epoch 34 ###################
INFO:root:TEST batch 1 / 7 - partial error 0.0455 - partial loss 0.2916 - partial MRR  0.0000 - partial MAP 0.9810
INFO:root:TEST batch 1 / 7 -  partial tp {0: tensor(0), 1: tensor(189)},fn {0: tensor(9), 1: tensor(0)},fp {0: tensor(0), 1: tensor(9)}
INFO:root:TEST batch 1 / 7 - measures partial microavg - precision 0.9545 - recall 0.9545 - f1 0.9545 
INFO:root:TEST batch 1 / 7 - measures partial for class 0 - precision 0.0000 - recall 0.0000 - f1 0.0000 
INFO:root:TEST batch 1 / 7 - measures partial for class 1 - precision 0.9545 - recall 1.0000 - f1 0.9767 
INFO:root:TEST batch 1 / 7 - Batch time 0 
INFO:root:TEST batch 2 / 7 - partial error 0.0581 - partial loss 0.3484 - partial MRR  0.0000 - partial MAP 0.9753
INFO:root:TEST batch 2 / 7 -  partial tp {0: tensor(0), 1: tensor(184)},fn {0: tensor(14), 1: tensor(0)},fp {0: tensor(0), 1: tensor(14)}
INFO:root:TEST batch 2 / 7 - measures partial microavg - precision 0.9293 - recall 0.9293 - f1 0.9293 
INFO:root:TEST batch 2 / 7 - measures partial for class 0 - precision 0.0000 - recall 0.0000 - f1 0.0000 
INFO:root:TEST batch 2 / 7 - measures partial for class 1 - precision 0.9293 - recall 1.0000 - f1 0.9634 
INFO:root:TEST batch 2 / 7 - Batch time 0 
INFO:root:TEST batch 3 / 7 - partial error 0.0556 - partial loss 0.3292 - partial MRR  0.0000 - partial MAP 0.9789
INFO:root:TEST batch 3 / 7 -  partial tp {0: tensor(0), 1: tensor(188)},fn {0: tensor(10), 1: tensor(0)},fp {0: tensor(0), 1: tensor(10)}
INFO:root:TEST batch 3 / 7 - measures partial microavg - precision 0.9495 - recall 0.9495 - f1 0.9495 
INFO:root:TEST batch 3 / 7 - measures partial for class 0 - precision 0.0000 - recall 0.0000 - f1 0.0000 
INFO:root:TEST batch 3 / 7 - measures partial for class 1 - precision 0.9495 - recall 1.0000 - f1 0.9741 
INFO:root:TEST batch 3 / 7 - Batch time 0 
INFO:root:TEST batch 4 / 7 - partial error 0.0568 - partial loss 0.3353 - partial MRR  0.0000 - partial MAP 0.9768
INFO:root:TEST batch 4 / 7 -  partial tp {0: tensor(0), 1: tensor(186)},fn {0: tensor(12), 1: tensor(0)},fp {0: tensor(0), 1: tensor(12)}
INFO:root:TEST batch 4 / 7 - measures partial microavg - precision 0.9394 - recall 0.9394 - f1 0.9394 
INFO:root:TEST batch 4 / 7 - measures partial for class 0 - precision 0.0000 - recall 0.0000 - f1 0.0000 
INFO:root:TEST batch 4 / 7 - measures partial for class 1 - precision 0.9394 - recall 1.0000 - f1 0.9688 
INFO:root:TEST batch 4 / 7 - Batch time 0 
INFO:root:TEST batch 5 / 7 - partial error 0.0606 - partial loss 0.3525 - partial MRR  0.0000 - partial MAP 0.9767
INFO:root:TEST batch 5 / 7 -  partial tp {0: tensor(0), 1: tensor(183)},fn {0: tensor(15), 1: tensor(0)},fp {0: tensor(0), 1: tensor(15)}
INFO:root:TEST batch 5 / 7 - measures partial microavg - precision 0.9242 - recall 0.9242 - f1 0.9242 
INFO:root:TEST batch 5 / 7 - measures partial for class 0 - precision 0.0000 - recall 0.0000 - f1 0.0000 
INFO:root:TEST batch 5 / 7 - measures partial for class 1 - precision 0.9242 - recall 1.0000 - f1 0.9606 
INFO:root:TEST batch 5 / 7 - Batch time 0 
INFO:root:TEST batch 6 / 7 - partial error 0.0581 - partial loss 0.3366 - partial MRR  0.0000 - partial MAP 0.9786
INFO:root:TEST batch 6 / 7 -  partial tp {0: tensor(0), 1: tensor(189)},fn {0: tensor(9), 1: tensor(0)},fp {0: tensor(0), 1: tensor(9)}
INFO:root:TEST batch 6 / 7 - measures partial microavg - precision 0.9545 - recall 0.9545 - f1 0.9545 
INFO:root:TEST batch 6 / 7 - measures partial for class 0 - precision 0.0000 - recall 0.0000 - f1 0.0000 
INFO:root:TEST batch 6 / 7 - measures partial for class 1 - precision 0.9545 - recall 1.0000 - f1 0.9767 
INFO:root:TEST batch 6 / 7 - Batch time 0 
INFO:root:TEST batch 7 / 7 - partial error 0.0620 - partial loss 0.3537 - partial MRR  0.0000 - partial MAP 0.9788
INFO:root:TEST batch 7 / 7 -  partial tp {0: tensor(0), 1: tensor(181)},fn {0: tensor(17), 1: tensor(0)},fp {0: tensor(0), 1: tensor(17)}
INFO:root:TEST batch 7 / 7 - measures partial microavg - precision 0.9141 - recall 0.9141 - f1 0.9141 
INFO:root:TEST batch 7 / 7 - measures partial for class 0 - precision 0.0000 - recall 0.0000 - f1 0.0000 
INFO:root:TEST batch 7 / 7 - measures partial for class 1 - precision 0.9141 - recall 1.0000 - f1 0.9551 
INFO:root:TEST batch 7 / 7 - Batch time 0 
INFO:root:TEST mean losses tensor(0.3537)
INFO:root:TEST mean errors 0.06204906105995178
INFO:root:TEST mean MRR 0.0 - mean MAP 0.9788001179695129
INFO:root:TEST tp {0: tensor(0), 1: tensor(1300)},fn {0: tensor(86), 1: tensor(0)},fp {0: tensor(0), 1: tensor(86)}
INFO:root:TEST measures microavg - precision 0.9380 - recall 0.9380 - f1 0.9380 
INFO:root:TEST measures for class 0 - precision 0.0000 - recall 0.0000 - f1 0.0000 
INFO:root:TEST measures for class 1 - precision 0.9380 - recall 1.0000 - f1 0.9680 
INFO:root:TEST measures@10 microavg - precision 1.0000 - recall 0.0505 - f1 0.0962 
INFO:root:TEST measures@10 for class 0 - precision 0.0000 - recall 0.0000 - f1 0.0000 
INFO:root:TEST measures@10 for class 1 - precision 1.0000 - recall 0.0538 - f1 0.1022 
INFO:root:TEST measures@100 microavg - precision 0.9729 - recall 0.4913 - f1 0.6529 
INFO:root:TEST measures@100 for class 0 - precision 0.0000 - recall 0.0000 - f1 0.0000 
INFO:root:TEST measures@100 for class 1 - precision 0.9729 - recall 0.5238 - f1 0.6810 
INFO:root:TEST measures@1000 microavg - precision 0.9380 - recall 0.9380 - f1 0.9380 
INFO:root:TEST measures@1000 for class 0 - precision 0.0000 - recall 0.0000 - f1 0.0000 
INFO:root:TEST measures@1000 for class 1 - precision 0.9380 - recall 1.0000 - f1 0.9680 
INFO:root:TEST Total epoch time: 0.14707881799995448
INFO:root:################ TRAIN epoch 35 ###################
INFO:root:TRAIN mean losses tensor(0.2878)
INFO:root:TRAIN mean errors 0.048821549862623215
INFO:root:TRAIN mean MRR 0.0 - mean MAP 0.9809774160385132
INFO:root:TRAIN tp {0: tensor(0), 1: tensor(5650)},fn {0: tensor(290), 1: tensor(0)},fp {0: tensor(0), 1: tensor(290)}
INFO:root:TRAIN measures microavg - precision 0.9512 - recall 0.9512 - f1 0.9512 
INFO:root:TRAIN measures for class 0 - precision 0.0000 - recall 0.0000 - f1 0.0000 
INFO:root:TRAIN measures for class 1 - precision 0.9512 - recall 1.0000 - f1 0.9750 
INFO:root:TRAIN measures@10 microavg - precision 0.9967 - recall 0.0503 - f1 0.0958 
INFO:root:TRAIN measures@10 for class 0 - precision 0.0000 - recall 0.0000 - f1 0.0000 
INFO:root:TRAIN measures@10 for class 1 - precision 0.9967 - recall 0.0529 - f1 0.1005 
INFO:root:TRAIN measures@100 microavg - precision 0.9753 - recall 0.4926 - f1 0.6546 
INFO:root:TRAIN measures@100 for class 0 - precision 0.0000 - recall 0.0000 - f1 0.0000 
INFO:root:TRAIN measures@100 for class 1 - precision 0.9753 - recall 0.5179 - f1 0.6765 
INFO:root:TRAIN measures@1000 microavg - precision 0.9512 - recall 0.9512 - f1 0.9512 
INFO:root:TRAIN measures@1000 for class 0 - precision 0.0000 - recall 0.0000 - f1 0.0000 
INFO:root:TRAIN measures@1000 for class 1 - precision 0.9512 - recall 1.0000 - f1 0.9750 
INFO:root:TRAIN Total epoch time: 0.8772347230001287
INFO:root:################ VALID epoch 35 ###################
INFO:root:VALID mean losses tensor(0.2602)
INFO:root:VALID mean errors 0.046296294778585434
INFO:root:VALID mean MRR 0.0 - mean MAP 0.9846499562263489
INFO:root:VALID tp {0: tensor(0), 1: tensor(1133)},fn {0: tensor(55), 1: tensor(0)},fp {0: tensor(0), 1: tensor(55)}
INFO:root:VALID measures microavg - precision 0.9537 - recall 0.9537 - f1 0.9537 
INFO:root:VALID measures for class 0 - precision 0.0000 - recall 0.0000 - f1 0.0000 
INFO:root:VALID measures for class 1 - precision 0.9537 - recall 1.0000 - f1 0.9763 
INFO:root:VALID measures@10 microavg - precision 0.9833 - recall 0.0497 - f1 0.0946 
INFO:root:VALID measures@10 for class 0 - precision 0.0000 - recall 0.0000 - f1 0.0000 
INFO:root:VALID measures@10 for class 1 - precision 0.9833 - recall 0.0521 - f1 0.0989 
INFO:root:VALID measures@100 microavg - precision 0.9850 - recall 0.4975 - f1 0.6611 
INFO:root:VALID measures@100 for class 0 - precision 0.0000 - recall 0.0000 - f1 0.0000 
INFO:root:VALID measures@100 for class 1 - precision 0.9850 - recall 0.5216 - f1 0.6821 
INFO:root:VALID measures@1000 microavg - precision 0.9537 - recall 0.9537 - f1 0.9537 
INFO:root:VALID measures@1000 for class 0 - precision 0.0000 - recall 0.0000 - f1 0.0000 
INFO:root:VALID measures@1000 for class 1 - precision 0.9537 - recall 1.0000 - f1 0.9763 
INFO:root:VALID Total epoch time: 0.1190295389997118
INFO:root:################ TEST epoch 35 ###################
INFO:root:TEST batch 1 / 7 - partial error 0.0455 - partial loss 0.2876 - partial MRR  0.0000 - partial MAP 0.9815
INFO:root:TEST batch 1 / 7 -  partial tp {0: tensor(0), 1: tensor(189)},fn {0: tensor(9), 1: tensor(0)},fp {0: tensor(0), 1: tensor(9)}
INFO:root:TEST batch 1 / 7 - measures partial microavg - precision 0.9545 - recall 0.9545 - f1 0.9545 
INFO:root:TEST batch 1 / 7 - measures partial for class 0 - precision 0.0000 - recall 0.0000 - f1 0.0000 
INFO:root:TEST batch 1 / 7 - measures partial for class 1 - precision 0.9545 - recall 1.0000 - f1 0.9767 
INFO:root:TEST batch 1 / 7 - Batch time 0 
INFO:root:TEST batch 2 / 7 - partial error 0.0581 - partial loss 0.3370 - partial MRR  0.0000 - partial MAP 0.9798
INFO:root:TEST batch 2 / 7 -  partial tp {0: tensor(0), 1: tensor(184)},fn {0: tensor(14), 1: tensor(0)},fp {0: tensor(0), 1: tensor(14)}
INFO:root:TEST batch 2 / 7 - measures partial microavg - precision 0.9293 - recall 0.9293 - f1 0.9293 
INFO:root:TEST batch 2 / 7 - measures partial for class 0 - precision 0.0000 - recall 0.0000 - f1 0.0000 
INFO:root:TEST batch 2 / 7 - measures partial for class 1 - precision 0.9293 - recall 1.0000 - f1 0.9634 
INFO:root:TEST batch 2 / 7 - Batch time 0 
INFO:root:TEST batch 3 / 7 - partial error 0.0556 - partial loss 0.3198 - partial MRR  0.0000 - partial MAP 0.9809
INFO:root:TEST batch 3 / 7 -  partial tp {0: tensor(0), 1: tensor(188)},fn {0: tensor(10), 1: tensor(0)},fp {0: tensor(0), 1: tensor(10)}
INFO:root:TEST batch 3 / 7 - measures partial microavg - precision 0.9495 - recall 0.9495 - f1 0.9495 
INFO:root:TEST batch 3 / 7 - measures partial for class 0 - precision 0.0000 - recall 0.0000 - f1 0.0000 
INFO:root:TEST batch 3 / 7 - measures partial for class 1 - precision 0.9495 - recall 1.0000 - f1 0.9741 
INFO:root:TEST batch 3 / 7 - Batch time 0 
INFO:root:TEST batch 4 / 7 - partial error 0.0568 - partial loss 0.3251 - partial MRR  0.0000 - partial MAP 0.9790
INFO:root:TEST batch 4 / 7 -  partial tp {0: tensor(0), 1: tensor(186)},fn {0: tensor(12), 1: tensor(0)},fp {0: tensor(0), 1: tensor(12)}
INFO:root:TEST batch 4 / 7 - measures partial microavg - precision 0.9394 - recall 0.9394 - f1 0.9394 
INFO:root:TEST batch 4 / 7 - measures partial for class 0 - precision 0.0000 - recall 0.0000 - f1 0.0000 
INFO:root:TEST batch 4 / 7 - measures partial for class 1 - precision 0.9394 - recall 1.0000 - f1 0.9688 
INFO:root:TEST batch 4 / 7 - Batch time 0 
INFO:root:TEST batch 5 / 7 - partial error 0.0606 - partial loss 0.3427 - partial MRR  0.0000 - partial MAP 0.9781
INFO:root:TEST batch 5 / 7 -  partial tp {0: tensor(0), 1: tensor(183)},fn {0: tensor(15), 1: tensor(0)},fp {0: tensor(0), 1: tensor(15)}
INFO:root:TEST batch 5 / 7 - measures partial microavg - precision 0.9242 - recall 0.9242 - f1 0.9242 
INFO:root:TEST batch 5 / 7 - measures partial for class 0 - precision 0.0000 - recall 0.0000 - f1 0.0000 
INFO:root:TEST batch 5 / 7 - measures partial for class 1 - precision 0.9242 - recall 1.0000 - f1 0.9606 
INFO:root:TEST batch 5 / 7 - Batch time 0 
INFO:root:TEST batch 6 / 7 - partial error 0.0581 - partial loss 0.3274 - partial MRR  0.0000 - partial MAP 0.9798
INFO:root:TEST batch 6 / 7 -  partial tp {0: tensor(0), 1: tensor(189)},fn {0: tensor(9), 1: tensor(0)},fp {0: tensor(0), 1: tensor(9)}
INFO:root:TEST batch 6 / 7 - measures partial microavg - precision 0.9545 - recall 0.9545 - f1 0.9545 
INFO:root:TEST batch 6 / 7 - measures partial for class 0 - precision 0.0000 - recall 0.0000 - f1 0.0000 
INFO:root:TEST batch 6 / 7 - measures partial for class 1 - precision 0.9545 - recall 1.0000 - f1 0.9767 
INFO:root:TEST batch 6 / 7 - Batch time 0 
INFO:root:TEST batch 7 / 7 - partial error 0.0620 - partial loss 0.3434 - partial MRR  0.0000 - partial MAP 0.9800
INFO:root:TEST batch 7 / 7 -  partial tp {0: tensor(0), 1: tensor(181)},fn {0: tensor(17), 1: tensor(0)},fp {0: tensor(0), 1: tensor(17)}
INFO:root:TEST batch 7 / 7 - measures partial microavg - precision 0.9141 - recall 0.9141 - f1 0.9141 
INFO:root:TEST batch 7 / 7 - measures partial for class 0 - precision 0.0000 - recall 0.0000 - f1 0.0000 
INFO:root:TEST batch 7 / 7 - measures partial for class 1 - precision 0.9141 - recall 1.0000 - f1 0.9551 
INFO:root:TEST batch 7 / 7 - Batch time 0 
INFO:root:TEST mean losses tensor(0.3434)
INFO:root:TEST mean errors 0.06204906105995178
INFO:root:TEST mean MRR 0.0 - mean MAP 0.9799942970275879
INFO:root:TEST tp {0: tensor(0), 1: tensor(1300)},fn {0: tensor(86), 1: tensor(0)},fp {0: tensor(0), 1: tensor(86)}
INFO:root:TEST measures microavg - precision 0.9380 - recall 0.9380 - f1 0.9380 
INFO:root:TEST measures for class 0 - precision 0.0000 - recall 0.0000 - f1 0.0000 
INFO:root:TEST measures for class 1 - precision 0.9380 - recall 1.0000 - f1 0.9680 
INFO:root:TEST measures@10 microavg - precision 1.0000 - recall 0.0505 - f1 0.0962 
INFO:root:TEST measures@10 for class 0 - precision 0.0000 - recall 0.0000 - f1 0.0000 
INFO:root:TEST measures@10 for class 1 - precision 1.0000 - recall 0.0538 - f1 0.1022 
INFO:root:TEST measures@100 microavg - precision 0.9643 - recall 0.4870 - f1 0.6472 
INFO:root:TEST measures@100 for class 0 - precision 0.0000 - recall 0.0000 - f1 0.0000 
INFO:root:TEST measures@100 for class 1 - precision 0.9643 - recall 0.5192 - f1 0.6750 
INFO:root:TEST measures@1000 microavg - precision 0.9380 - recall 0.9380 - f1 0.9380 
INFO:root:TEST measures@1000 for class 0 - precision 0.0000 - recall 0.0000 - f1 0.0000 
INFO:root:TEST measures@1000 for class 1 - precision 0.9380 - recall 1.0000 - f1 0.9680 
INFO:root:TEST Total epoch time: 0.23397886600014317
INFO:root:################ TRAIN epoch 36 ###################
INFO:root:TRAIN mean losses tensor(0.2881)
INFO:root:TRAIN mean errors 0.048821549862623215
INFO:root:TRAIN mean MRR 0.0 - mean MAP 0.9809093475341797
INFO:root:TRAIN tp {0: tensor(0), 1: tensor(5650)},fn {0: tensor(290), 1: tensor(0)},fp {0: tensor(0), 1: tensor(290)}
INFO:root:TRAIN measures microavg - precision 0.9512 - recall 0.9512 - f1 0.9512 
INFO:root:TRAIN measures for class 0 - precision 0.0000 - recall 0.0000 - f1 0.0000 
INFO:root:TRAIN measures for class 1 - precision 0.9512 - recall 1.0000 - f1 0.9750 
INFO:root:TRAIN measures@10 microavg - precision 0.9900 - recall 0.0500 - f1 0.0952 
INFO:root:TRAIN measures@10 for class 0 - precision 0.0000 - recall 0.0000 - f1 0.0000 
INFO:root:TRAIN measures@10 for class 1 - precision 0.9900 - recall 0.0526 - f1 0.0998 
INFO:root:TRAIN measures@100 microavg - precision 0.9750 - recall 0.4924 - f1 0.6544 
INFO:root:TRAIN measures@100 for class 0 - precision 0.0000 - recall 0.0000 - f1 0.0000 
INFO:root:TRAIN measures@100 for class 1 - precision 0.9750 - recall 0.5177 - f1 0.6763 
INFO:root:TRAIN measures@1000 microavg - precision 0.9512 - recall 0.9512 - f1 0.9512 
INFO:root:TRAIN measures@1000 for class 0 - precision 0.0000 - recall 0.0000 - f1 0.0000 
INFO:root:TRAIN measures@1000 for class 1 - precision 0.9512 - recall 1.0000 - f1 0.9750 
INFO:root:TRAIN Total epoch time: 0.8793177510001442
INFO:root:################ VALID epoch 36 ###################
INFO:root:VALID mean losses tensor(0.2618)
INFO:root:VALID mean errors 0.046296294778585434
INFO:root:VALID mean MRR 0.0 - mean MAP 0.9824678301811218
INFO:root:VALID tp {0: tensor(0), 1: tensor(1133)},fn {0: tensor(55), 1: tensor(0)},fp {0: tensor(0), 1: tensor(55)}
INFO:root:VALID measures microavg - precision 0.9537 - recall 0.9537 - f1 0.9537 
INFO:root:VALID measures for class 0 - precision 0.0000 - recall 0.0000 - f1 0.0000 
INFO:root:VALID measures for class 1 - precision 0.9537 - recall 1.0000 - f1 0.9763 
INFO:root:VALID measures@10 microavg - precision 1.0000 - recall 0.0505 - f1 0.0962 
INFO:root:VALID measures@10 for class 0 - precision 0.0000 - recall 0.0000 - f1 0.0000 
INFO:root:VALID measures@10 for class 1 - precision 1.0000 - recall 0.0530 - f1 0.1006 
INFO:root:VALID measures@100 microavg - precision 0.9867 - recall 0.4983 - f1 0.6622 
INFO:root:VALID measures@100 for class 0 - precision 0.0000 - recall 0.0000 - f1 0.0000 
INFO:root:VALID measures@100 for class 1 - precision 0.9867 - recall 0.5225 - f1 0.6832 
INFO:root:VALID measures@1000 microavg - precision 0.9537 - recall 0.9537 - f1 0.9537 
INFO:root:VALID measures@1000 for class 0 - precision 0.0000 - recall 0.0000 - f1 0.0000 
INFO:root:VALID measures@1000 for class 1 - precision 0.9537 - recall 1.0000 - f1 0.9763 
INFO:root:VALID Total epoch time: 0.11991505200012398
INFO:root:################ TEST epoch 36 ###################
INFO:root:TEST batch 1 / 7 - partial error 0.0455 - partial loss 0.2804 - partial MRR  0.0000 - partial MAP 0.9833
INFO:root:TEST batch 1 / 7 -  partial tp {0: tensor(0), 1: tensor(189)},fn {0: tensor(9), 1: tensor(0)},fp {0: tensor(0), 1: tensor(9)}
INFO:root:TEST batch 1 / 7 - measures partial microavg - precision 0.9545 - recall 0.9545 - f1 0.9545 
INFO:root:TEST batch 1 / 7 - measures partial for class 0 - precision 0.0000 - recall 0.0000 - f1 0.0000 
INFO:root:TEST batch 1 / 7 - measures partial for class 1 - precision 0.9545 - recall 1.0000 - f1 0.9767 
INFO:root:TEST batch 1 / 7 - Batch time 0 
INFO:root:TEST batch 2 / 7 - partial error 0.0581 - partial loss 0.3367 - partial MRR  0.0000 - partial MAP 0.9800
INFO:root:TEST batch 2 / 7 -  partial tp {0: tensor(0), 1: tensor(184)},fn {0: tensor(14), 1: tensor(0)},fp {0: tensor(0), 1: tensor(14)}
INFO:root:TEST batch 2 / 7 - measures partial microavg - precision 0.9293 - recall 0.9293 - f1 0.9293 
INFO:root:TEST batch 2 / 7 - measures partial for class 0 - precision 0.0000 - recall 0.0000 - f1 0.0000 
INFO:root:TEST batch 2 / 7 - measures partial for class 1 - precision 0.9293 - recall 1.0000 - f1 0.9634 
INFO:root:TEST batch 2 / 7 - Batch time 0 
INFO:root:TEST batch 3 / 7 - partial error 0.0556 - partial loss 0.3242 - partial MRR  0.0000 - partial MAP 0.9799
INFO:root:TEST batch 3 / 7 -  partial tp {0: tensor(0), 1: tensor(188)},fn {0: tensor(10), 1: tensor(0)},fp {0: tensor(0), 1: tensor(10)}
INFO:root:TEST batch 3 / 7 - measures partial microavg - precision 0.9495 - recall 0.9495 - f1 0.9495 
INFO:root:TEST batch 3 / 7 - measures partial for class 0 - precision 0.0000 - recall 0.0000 - f1 0.0000 
INFO:root:TEST batch 3 / 7 - measures partial for class 1 - precision 0.9495 - recall 1.0000 - f1 0.9741 
INFO:root:TEST batch 3 / 7 - Batch time 0 
INFO:root:TEST batch 4 / 7 - partial error 0.0568 - partial loss 0.3240 - partial MRR  0.0000 - partial MAP 0.9811
INFO:root:TEST batch 4 / 7 -  partial tp {0: tensor(0), 1: tensor(186)},fn {0: tensor(12), 1: tensor(0)},fp {0: tensor(0), 1: tensor(12)}
INFO:root:TEST batch 4 / 7 - measures partial microavg - precision 0.9394 - recall 0.9394 - f1 0.9394 
INFO:root:TEST batch 4 / 7 - measures partial for class 0 - precision 0.0000 - recall 0.0000 - f1 0.0000 
INFO:root:TEST batch 4 / 7 - measures partial for class 1 - precision 0.9394 - recall 1.0000 - f1 0.9688 
INFO:root:TEST batch 4 / 7 - Batch time 0 
INFO:root:TEST batch 5 / 7 - partial error 0.0606 - partial loss 0.3422 - partial MRR  0.0000 - partial MAP 0.9795
INFO:root:TEST batch 5 / 7 -  partial tp {0: tensor(0), 1: tensor(183)},fn {0: tensor(15), 1: tensor(0)},fp {0: tensor(0), 1: tensor(15)}
INFO:root:TEST batch 5 / 7 - measures partial microavg - precision 0.9242 - recall 0.9242 - f1 0.9242 
INFO:root:TEST batch 5 / 7 - measures partial for class 0 - precision 0.0000 - recall 0.0000 - f1 0.0000 
INFO:root:TEST batch 5 / 7 - measures partial for class 1 - precision 0.9242 - recall 1.0000 - f1 0.9606 
INFO:root:TEST batch 5 / 7 - Batch time 0 
INFO:root:TEST batch 6 / 7 - partial error 0.0581 - partial loss 0.3263 - partial MRR  0.0000 - partial MAP 0.9808
INFO:root:TEST batch 6 / 7 -  partial tp {0: tensor(0), 1: tensor(189)},fn {0: tensor(9), 1: tensor(0)},fp {0: tensor(0), 1: tensor(9)}
INFO:root:TEST batch 6 / 7 - measures partial microavg - precision 0.9545 - recall 0.9545 - f1 0.9545 
INFO:root:TEST batch 6 / 7 - measures partial for class 0 - precision 0.0000 - recall 0.0000 - f1 0.0000 
INFO:root:TEST batch 6 / 7 - measures partial for class 1 - precision 0.9545 - recall 1.0000 - f1 0.9767 
INFO:root:TEST batch 6 / 7 - Batch time 0 
INFO:root:TEST batch 7 / 7 - partial error 0.0620 - partial loss 0.3428 - partial MRR  0.0000 - partial MAP 0.9807
INFO:root:TEST batch 7 / 7 -  partial tp {0: tensor(0), 1: tensor(181)},fn {0: tensor(17), 1: tensor(0)},fp {0: tensor(0), 1: tensor(17)}
INFO:root:TEST batch 7 / 7 - measures partial microavg - precision 0.9141 - recall 0.9141 - f1 0.9141 
INFO:root:TEST batch 7 / 7 - measures partial for class 0 - precision 0.0000 - recall 0.0000 - f1 0.0000 
INFO:root:TEST batch 7 / 7 - measures partial for class 1 - precision 0.9141 - recall 1.0000 - f1 0.9551 
INFO:root:TEST batch 7 / 7 - Batch time 0 
INFO:root:TEST mean losses tensor(0.3428)
INFO:root:TEST mean errors 0.06204906105995178
INFO:root:TEST mean MRR 0.0 - mean MAP 0.9806662201881409
INFO:root:TEST tp {0: tensor(0), 1: tensor(1300)},fn {0: tensor(86), 1: tensor(0)},fp {0: tensor(0), 1: tensor(86)}
INFO:root:TEST measures microavg - precision 0.9380 - recall 0.9380 - f1 0.9380 
INFO:root:TEST measures for class 0 - precision 0.0000 - recall 0.0000 - f1 0.0000 
INFO:root:TEST measures for class 1 - precision 0.9380 - recall 1.0000 - f1 0.9680 
INFO:root:TEST measures@10 microavg - precision 1.0000 - recall 0.0505 - f1 0.0962 
INFO:root:TEST measures@10 for class 0 - precision 0.0000 - recall 0.0000 - f1 0.0000 
INFO:root:TEST measures@10 for class 1 - precision 1.0000 - recall 0.0538 - f1 0.1022 
INFO:root:TEST measures@100 microavg - precision 0.9671 - recall 0.4885 - f1 0.6491 
INFO:root:TEST measures@100 for class 0 - precision 0.0000 - recall 0.0000 - f1 0.0000 
INFO:root:TEST measures@100 for class 1 - precision 0.9671 - recall 0.5208 - f1 0.6770 
INFO:root:TEST measures@1000 microavg - precision 0.9380 - recall 0.9380 - f1 0.9380 
INFO:root:TEST measures@1000 for class 0 - precision 0.0000 - recall 0.0000 - f1 0.0000 
INFO:root:TEST measures@1000 for class 1 - precision 0.9380 - recall 1.0000 - f1 0.9680 
INFO:root:TEST Total epoch time: 0.13205359799985672
INFO:root:################ TRAIN epoch 37 ###################
INFO:root:TRAIN mean losses tensor(0.2861)
INFO:root:TRAIN mean errors 0.048821549862623215
INFO:root:TRAIN mean MRR 0.0 - mean MAP 0.9807056784629822
INFO:root:TRAIN tp {0: tensor(0), 1: tensor(5650)},fn {0: tensor(290), 1: tensor(0)},fp {0: tensor(0), 1: tensor(290)}
INFO:root:TRAIN measures microavg - precision 0.9512 - recall 0.9512 - f1 0.9512 
INFO:root:TRAIN measures for class 0 - precision 0.0000 - recall 0.0000 - f1 0.0000 
INFO:root:TRAIN measures for class 1 - precision 0.9512 - recall 1.0000 - f1 0.9750 
INFO:root:TRAIN measures@10 microavg - precision 0.9933 - recall 0.0502 - f1 0.0955 
INFO:root:TRAIN measures@10 for class 0 - precision 0.0000 - recall 0.0000 - f1 0.0000 
INFO:root:TRAIN measures@10 for class 1 - precision 0.9933 - recall 0.0527 - f1 0.1002 
INFO:root:TRAIN measures@100 microavg - precision 0.9780 - recall 0.4939 - f1 0.6564 
INFO:root:TRAIN measures@100 for class 0 - precision 0.0000 - recall 0.0000 - f1 0.0000 
INFO:root:TRAIN measures@100 for class 1 - precision 0.9780 - recall 0.5193 - f1 0.6784 
INFO:root:TRAIN measures@1000 microavg - precision 0.9512 - recall 0.9512 - f1 0.9512 
INFO:root:TRAIN measures@1000 for class 0 - precision 0.0000 - recall 0.0000 - f1 0.0000 
INFO:root:TRAIN measures@1000 for class 1 - precision 0.9512 - recall 1.0000 - f1 0.9750 
INFO:root:TRAIN Total epoch time: 0.8189162879998548
INFO:root:################ VALID epoch 37 ###################
INFO:root:VALID mean losses tensor(0.2579)
INFO:root:VALID mean errors 0.046296294778585434
INFO:root:VALID mean MRR 0.0 - mean MAP 0.9843459129333496
INFO:root:VALID tp {0: tensor(0), 1: tensor(1133)},fn {0: tensor(55), 1: tensor(0)},fp {0: tensor(0), 1: tensor(55)}
INFO:root:VALID measures microavg - precision 0.9537 - recall 0.9537 - f1 0.9537 
INFO:root:VALID measures for class 0 - precision 0.0000 - recall 0.0000 - f1 0.0000 
INFO:root:VALID measures for class 1 - precision 0.9537 - recall 1.0000 - f1 0.9763 
INFO:root:VALID measures@10 microavg - precision 0.9833 - recall 0.0497 - f1 0.0946 
INFO:root:VALID measures@10 for class 0 - precision 0.0000 - recall 0.0000 - f1 0.0000 
INFO:root:VALID measures@10 for class 1 - precision 0.9833 - recall 0.0521 - f1 0.0989 
INFO:root:VALID measures@100 microavg - precision 0.9850 - recall 0.4975 - f1 0.6611 
INFO:root:VALID measures@100 for class 0 - precision 0.0000 - recall 0.0000 - f1 0.0000 
INFO:root:VALID measures@100 for class 1 - precision 0.9850 - recall 0.5216 - f1 0.6821 
INFO:root:VALID measures@1000 microavg - precision 0.9537 - recall 0.9537 - f1 0.9537 
INFO:root:VALID measures@1000 for class 0 - precision 0.0000 - recall 0.0000 - f1 0.0000 
INFO:root:VALID measures@1000 for class 1 - precision 0.9537 - recall 1.0000 - f1 0.9763 
INFO:root:VALID Total epoch time: 0.10589196899991293
INFO:root:################ TEST epoch 37 ###################
INFO:root:TEST batch 1 / 7 - partial error 0.0455 - partial loss 0.2833 - partial MRR  0.0000 - partial MAP 0.9822
INFO:root:TEST batch 1 / 7 -  partial tp {0: tensor(0), 1: tensor(189)},fn {0: tensor(9), 1: tensor(0)},fp {0: tensor(0), 1: tensor(9)}
INFO:root:TEST batch 1 / 7 - measures partial microavg - precision 0.9545 - recall 0.9545 - f1 0.9545 
INFO:root:TEST batch 1 / 7 - measures partial for class 0 - precision 0.0000 - recall 0.0000 - f1 0.0000 
INFO:root:TEST batch 1 / 7 - measures partial for class 1 - precision 0.9545 - recall 1.0000 - f1 0.9767 
INFO:root:TEST batch 1 / 7 - Batch time 0 
INFO:root:TEST batch 2 / 7 - partial error 0.0581 - partial loss 0.3337 - partial MRR  0.0000 - partial MAP 0.9788
INFO:root:TEST batch 2 / 7 -  partial tp {0: tensor(0), 1: tensor(184)},fn {0: tensor(14), 1: tensor(0)},fp {0: tensor(0), 1: tensor(14)}
INFO:root:TEST batch 2 / 7 - measures partial microavg - precision 0.9293 - recall 0.9293 - f1 0.9293 
INFO:root:TEST batch 2 / 7 - measures partial for class 0 - precision 0.0000 - recall 0.0000 - f1 0.0000 
INFO:root:TEST batch 2 / 7 - measures partial for class 1 - precision 0.9293 - recall 1.0000 - f1 0.9634 
INFO:root:TEST batch 2 / 7 - Batch time 0 
INFO:root:TEST batch 3 / 7 - partial error 0.0556 - partial loss 0.3210 - partial MRR  0.0000 - partial MAP 0.9793
INFO:root:TEST batch 3 / 7 -  partial tp {0: tensor(0), 1: tensor(188)},fn {0: tensor(10), 1: tensor(0)},fp {0: tensor(0), 1: tensor(10)}
INFO:root:TEST batch 3 / 7 - measures partial microavg - precision 0.9495 - recall 0.9495 - f1 0.9495 
INFO:root:TEST batch 3 / 7 - measures partial for class 0 - precision 0.0000 - recall 0.0000 - f1 0.0000 
INFO:root:TEST batch 3 / 7 - measures partial for class 1 - precision 0.9495 - recall 1.0000 - f1 0.9741 
INFO:root:TEST batch 3 / 7 - Batch time 0 
INFO:root:TEST batch 4 / 7 - partial error 0.0568 - partial loss 0.3235 - partial MRR  0.0000 - partial MAP 0.9787
INFO:root:TEST batch 4 / 7 -  partial tp {0: tensor(0), 1: tensor(186)},fn {0: tensor(12), 1: tensor(0)},fp {0: tensor(0), 1: tensor(12)}
INFO:root:TEST batch 4 / 7 - measures partial microavg - precision 0.9394 - recall 0.9394 - f1 0.9394 
INFO:root:TEST batch 4 / 7 - measures partial for class 0 - precision 0.0000 - recall 0.0000 - f1 0.0000 
INFO:root:TEST batch 4 / 7 - measures partial for class 1 - precision 0.9394 - recall 1.0000 - f1 0.9688 
INFO:root:TEST batch 4 / 7 - Batch time 0 
INFO:root:TEST batch 5 / 7 - partial error 0.0606 - partial loss 0.3414 - partial MRR  0.0000 - partial MAP 0.9769
INFO:root:TEST batch 5 / 7 -  partial tp {0: tensor(0), 1: tensor(183)},fn {0: tensor(15), 1: tensor(0)},fp {0: tensor(0), 1: tensor(15)}
INFO:root:TEST batch 5 / 7 - measures partial microavg - precision 0.9242 - recall 0.9242 - f1 0.9242 
INFO:root:TEST batch 5 / 7 - measures partial for class 0 - precision 0.0000 - recall 0.0000 - f1 0.0000 
INFO:root:TEST batch 5 / 7 - measures partial for class 1 - precision 0.9242 - recall 1.0000 - f1 0.9606 
INFO:root:TEST batch 5 / 7 - Batch time 0 
INFO:root:TEST batch 6 / 7 - partial error 0.0581 - partial loss 0.3254 - partial MRR  0.0000 - partial MAP 0.9793
INFO:root:TEST batch 6 / 7 -  partial tp {0: tensor(0), 1: tensor(189)},fn {0: tensor(9), 1: tensor(0)},fp {0: tensor(0), 1: tensor(9)}
INFO:root:TEST batch 6 / 7 - measures partial microavg - precision 0.9545 - recall 0.9545 - f1 0.9545 
INFO:root:TEST batch 6 / 7 - measures partial for class 0 - precision 0.0000 - recall 0.0000 - f1 0.0000 
INFO:root:TEST batch 6 / 7 - measures partial for class 1 - precision 0.9545 - recall 1.0000 - f1 0.9767 
INFO:root:TEST batch 6 / 7 - Batch time 0 
INFO:root:TEST batch 7 / 7 - partial error 0.0620 - partial loss 0.3410 - partial MRR  0.0000 - partial MAP 0.9793
INFO:root:TEST batch 7 / 7 -  partial tp {0: tensor(0), 1: tensor(181)},fn {0: tensor(17), 1: tensor(0)},fp {0: tensor(0), 1: tensor(17)}
INFO:root:TEST batch 7 / 7 - measures partial microavg - precision 0.9141 - recall 0.9141 - f1 0.9141 
INFO:root:TEST batch 7 / 7 - measures partial for class 0 - precision 0.0000 - recall 0.0000 - f1 0.0000 
INFO:root:TEST batch 7 / 7 - measures partial for class 1 - precision 0.9141 - recall 1.0000 - f1 0.9551 
INFO:root:TEST batch 7 / 7 - Batch time 0 
INFO:root:TEST mean losses tensor(0.3410)
INFO:root:TEST mean errors 0.06204906105995178
INFO:root:TEST mean MRR 0.0 - mean MAP 0.9792832732200623
INFO:root:TEST tp {0: tensor(0), 1: tensor(1300)},fn {0: tensor(86), 1: tensor(0)},fp {0: tensor(0), 1: tensor(86)}
INFO:root:TEST measures microavg - precision 0.9380 - recall 0.9380 - f1 0.9380 
INFO:root:TEST measures for class 0 - precision 0.0000 - recall 0.0000 - f1 0.0000 
INFO:root:TEST measures for class 1 - precision 0.9380 - recall 1.0000 - f1 0.9680 
INFO:root:TEST measures@10 microavg - precision 1.0000 - recall 0.0505 - f1 0.0962 
INFO:root:TEST measures@10 for class 0 - precision 0.0000 - recall 0.0000 - f1 0.0000 
INFO:root:TEST measures@10 for class 1 - precision 1.0000 - recall 0.0538 - f1 0.1022 
INFO:root:TEST measures@100 microavg - precision 0.9686 - recall 0.4892 - f1 0.6500 
INFO:root:TEST measures@100 for class 0 - precision 0.0000 - recall 0.0000 - f1 0.0000 
INFO:root:TEST measures@100 for class 1 - precision 0.9686 - recall 0.5215 - f1 0.6780 
INFO:root:TEST measures@1000 microavg - precision 0.9380 - recall 0.9380 - f1 0.9380 
INFO:root:TEST measures@1000 for class 0 - precision 0.0000 - recall 0.0000 - f1 0.0000 
INFO:root:TEST measures@1000 for class 1 - precision 0.9380 - recall 1.0000 - f1 0.9680 
INFO:root:TEST Total epoch time: 0.13229588600006537
INFO:root:################ TRAIN epoch 38 ###################
INFO:root:TRAIN mean losses tensor(0.2889)
INFO:root:TRAIN mean errors 0.048821549862623215
INFO:root:TRAIN mean MRR 0.0 - mean MAP 0.9806388020515442
INFO:root:TRAIN tp {0: tensor(0), 1: tensor(5650)},fn {0: tensor(290), 1: tensor(0)},fp {0: tensor(0), 1: tensor(290)}
INFO:root:TRAIN measures microavg - precision 0.9512 - recall 0.9512 - f1 0.9512 
INFO:root:TRAIN measures for class 0 - precision 0.0000 - recall 0.0000 - f1 0.0000 
INFO:root:TRAIN measures for class 1 - precision 0.9512 - recall 1.0000 - f1 0.9750 
INFO:root:TRAIN measures@10 microavg - precision 0.9967 - recall 0.0503 - f1 0.0958 
INFO:root:TRAIN measures@10 for class 0 - precision 0.0000 - recall 0.0000 - f1 0.0000 
INFO:root:TRAIN measures@10 for class 1 - precision 0.9967 - recall 0.0529 - f1 0.1005 
INFO:root:TRAIN measures@100 microavg - precision 0.9770 - recall 0.4934 - f1 0.6557 
INFO:root:TRAIN measures@100 for class 0 - precision 0.0000 - recall 0.0000 - f1 0.0000 
INFO:root:TRAIN measures@100 for class 1 - precision 0.9770 - recall 0.5188 - f1 0.6777 
INFO:root:TRAIN measures@1000 microavg - precision 0.9512 - recall 0.9512 - f1 0.9512 
INFO:root:TRAIN measures@1000 for class 0 - precision 0.0000 - recall 0.0000 - f1 0.0000 
INFO:root:TRAIN measures@1000 for class 1 - precision 0.9512 - recall 1.0000 - f1 0.9750 
INFO:root:TRAIN Total epoch time: 0.8115516879997813
INFO:root:################ VALID epoch 38 ###################
INFO:root:VALID mean losses tensor(0.2643)
INFO:root:VALID mean errors 0.046296294778585434
INFO:root:VALID mean MRR 0.0 - mean MAP 0.9817071557044983
INFO:root:VALID tp {0: tensor(0), 1: tensor(1133)},fn {0: tensor(55), 1: tensor(0)},fp {0: tensor(0), 1: tensor(55)}
INFO:root:VALID measures microavg - precision 0.9537 - recall 0.9537 - f1 0.9537 
INFO:root:VALID measures for class 0 - precision 0.0000 - recall 0.0000 - f1 0.0000 
INFO:root:VALID measures for class 1 - precision 0.9537 - recall 1.0000 - f1 0.9763 
INFO:root:VALID measures@10 microavg - precision 0.9667 - recall 0.0488 - f1 0.0929 
INFO:root:VALID measures@10 for class 0 - precision 0.0000 - recall 0.0000 - f1 0.0000 
INFO:root:VALID measures@10 for class 1 - precision 0.9667 - recall 0.0512 - f1 0.0972 
INFO:root:VALID measures@100 microavg - precision 0.9833 - recall 0.4966 - f1 0.6600 
INFO:root:VALID measures@100 for class 0 - precision 0.0000 - recall 0.0000 - f1 0.0000 
INFO:root:VALID measures@100 for class 1 - precision 0.9833 - recall 0.5207 - f1 0.6809 
INFO:root:VALID measures@1000 microavg - precision 0.9537 - recall 0.9537 - f1 0.9537 
INFO:root:VALID measures@1000 for class 0 - precision 0.0000 - recall 0.0000 - f1 0.0000 
INFO:root:VALID measures@1000 for class 1 - precision 0.9537 - recall 1.0000 - f1 0.9763 
INFO:root:VALID Total epoch time: 0.10531855699991866
INFO:root:################ TEST epoch 38 ###################
INFO:root:TEST batch 1 / 7 - partial error 0.0455 - partial loss 0.2849 - partial MRR  0.0000 - partial MAP 0.9827
INFO:root:TEST batch 1 / 7 -  partial tp {0: tensor(0), 1: tensor(189)},fn {0: tensor(9), 1: tensor(0)},fp {0: tensor(0), 1: tensor(9)}
INFO:root:TEST batch 1 / 7 - measures partial microavg - precision 0.9545 - recall 0.9545 - f1 0.9545 
INFO:root:TEST batch 1 / 7 - measures partial for class 0 - precision 0.0000 - recall 0.0000 - f1 0.0000 
INFO:root:TEST batch 1 / 7 - measures partial for class 1 - precision 0.9545 - recall 1.0000 - f1 0.9767 
INFO:root:TEST batch 1 / 7 - Batch time 0 
INFO:root:TEST batch 2 / 7 - partial error 0.0581 - partial loss 0.3389 - partial MRR  0.0000 - partial MAP 0.9792
INFO:root:TEST batch 2 / 7 -  partial tp {0: tensor(0), 1: tensor(184)},fn {0: tensor(14), 1: tensor(0)},fp {0: tensor(0), 1: tensor(14)}
INFO:root:TEST batch 2 / 7 - measures partial microavg - precision 0.9293 - recall 0.9293 - f1 0.9293 
INFO:root:TEST batch 2 / 7 - measures partial for class 0 - precision 0.0000 - recall 0.0000 - f1 0.0000 
INFO:root:TEST batch 2 / 7 - measures partial for class 1 - precision 0.9293 - recall 1.0000 - f1 0.9634 
INFO:root:TEST batch 2 / 7 - Batch time 0 
INFO:root:TEST batch 3 / 7 - partial error 0.0556 - partial loss 0.3236 - partial MRR  0.0000 - partial MAP 0.9793
INFO:root:TEST batch 3 / 7 -  partial tp {0: tensor(0), 1: tensor(188)},fn {0: tensor(10), 1: tensor(0)},fp {0: tensor(0), 1: tensor(10)}
INFO:root:TEST batch 3 / 7 - measures partial microavg - precision 0.9495 - recall 0.9495 - f1 0.9495 
INFO:root:TEST batch 3 / 7 - measures partial for class 0 - precision 0.0000 - recall 0.0000 - f1 0.0000 
INFO:root:TEST batch 3 / 7 - measures partial for class 1 - precision 0.9495 - recall 1.0000 - f1 0.9741 
INFO:root:TEST batch 3 / 7 - Batch time 0 
INFO:root:TEST batch 4 / 7 - partial error 0.0568 - partial loss 0.3259 - partial MRR  0.0000 - partial MAP 0.9784
INFO:root:TEST batch 4 / 7 -  partial tp {0: tensor(0), 1: tensor(186)},fn {0: tensor(12), 1: tensor(0)},fp {0: tensor(0), 1: tensor(12)}
INFO:root:TEST batch 4 / 7 - measures partial microavg - precision 0.9394 - recall 0.9394 - f1 0.9394 
INFO:root:TEST batch 4 / 7 - measures partial for class 0 - precision 0.0000 - recall 0.0000 - f1 0.0000 
INFO:root:TEST batch 4 / 7 - measures partial for class 1 - precision 0.9394 - recall 1.0000 - f1 0.9688 
INFO:root:TEST batch 4 / 7 - Batch time 0 
INFO:root:TEST batch 5 / 7 - partial error 0.0606 - partial loss 0.3442 - partial MRR  0.0000 - partial MAP 0.9775
INFO:root:TEST batch 5 / 7 -  partial tp {0: tensor(0), 1: tensor(183)},fn {0: tensor(15), 1: tensor(0)},fp {0: tensor(0), 1: tensor(15)}
INFO:root:TEST batch 5 / 7 - measures partial microavg - precision 0.9242 - recall 0.9242 - f1 0.9242 
INFO:root:TEST batch 5 / 7 - measures partial for class 0 - precision 0.0000 - recall 0.0000 - f1 0.0000 
INFO:root:TEST batch 5 / 7 - measures partial for class 1 - precision 0.9242 - recall 1.0000 - f1 0.9606 
INFO:root:TEST batch 5 / 7 - Batch time 0 
INFO:root:TEST batch 6 / 7 - partial error 0.0581 - partial loss 0.3292 - partial MRR  0.0000 - partial MAP 0.9792
INFO:root:TEST batch 6 / 7 -  partial tp {0: tensor(0), 1: tensor(189)},fn {0: tensor(9), 1: tensor(0)},fp {0: tensor(0), 1: tensor(9)}
INFO:root:TEST batch 6 / 7 - measures partial microavg - precision 0.9545 - recall 0.9545 - f1 0.9545 
INFO:root:TEST batch 6 / 7 - measures partial for class 0 - precision 0.0000 - recall 0.0000 - f1 0.0000 
INFO:root:TEST batch 6 / 7 - measures partial for class 1 - precision 0.9545 - recall 1.0000 - f1 0.9767 
INFO:root:TEST batch 6 / 7 - Batch time 0 
INFO:root:TEST batch 7 / 7 - partial error 0.0620 - partial loss 0.3452 - partial MRR  0.0000 - partial MAP 0.9797
INFO:root:TEST batch 7 / 7 -  partial tp {0: tensor(0), 1: tensor(181)},fn {0: tensor(17), 1: tensor(0)},fp {0: tensor(0), 1: tensor(17)}
INFO:root:TEST batch 7 / 7 - measures partial microavg - precision 0.9141 - recall 0.9141 - f1 0.9141 
INFO:root:TEST batch 7 / 7 - measures partial for class 0 - precision 0.0000 - recall 0.0000 - f1 0.0000 
INFO:root:TEST batch 7 / 7 - measures partial for class 1 - precision 0.9141 - recall 1.0000 - f1 0.9551 
INFO:root:TEST batch 7 / 7 - Batch time 0 
INFO:root:TEST mean losses tensor(0.3452)
INFO:root:TEST mean errors 0.06204906105995178
INFO:root:TEST mean MRR 0.0 - mean MAP 0.9796851277351379
INFO:root:TEST tp {0: tensor(0), 1: tensor(1300)},fn {0: tensor(86), 1: tensor(0)},fp {0: tensor(0), 1: tensor(86)}
INFO:root:TEST measures microavg - precision 0.9380 - recall 0.9380 - f1 0.9380 
INFO:root:TEST measures for class 0 - precision 0.0000 - recall 0.0000 - f1 0.0000 
INFO:root:TEST measures for class 1 - precision 0.9380 - recall 1.0000 - f1 0.9680 
INFO:root:TEST measures@10 microavg - precision 1.0000 - recall 0.0505 - f1 0.0962 
INFO:root:TEST measures@10 for class 0 - precision 0.0000 - recall 0.0000 - f1 0.0000 
INFO:root:TEST measures@10 for class 1 - precision 1.0000 - recall 0.0538 - f1 0.1022 
INFO:root:TEST measures@100 microavg - precision 0.9757 - recall 0.4928 - f1 0.6548 
INFO:root:TEST measures@100 for class 0 - precision 0.0000 - recall 0.0000 - f1 0.0000 
INFO:root:TEST measures@100 for class 1 - precision 0.9757 - recall 0.5254 - f1 0.6830 
INFO:root:TEST measures@1000 microavg - precision 0.9380 - recall 0.9380 - f1 0.9380 
INFO:root:TEST measures@1000 for class 0 - precision 0.0000 - recall 0.0000 - f1 0.0000 
INFO:root:TEST measures@1000 for class 1 - precision 0.9380 - recall 1.0000 - f1 0.9680 
INFO:root:TEST Total epoch time: 0.13179571900036535
INFO:root:################ TRAIN epoch 39 ###################
INFO:root:TRAIN mean losses tensor(0.2880)
INFO:root:TRAIN mean errors 0.048821549862623215
INFO:root:TRAIN mean MRR 0.0 - mean MAP 0.9799863696098328
INFO:root:TRAIN tp {0: tensor(0), 1: tensor(5650)},fn {0: tensor(290), 1: tensor(0)},fp {0: tensor(0), 1: tensor(290)}
INFO:root:TRAIN measures microavg - precision 0.9512 - recall 0.9512 - f1 0.9512 
INFO:root:TRAIN measures for class 0 - precision 0.0000 - recall 0.0000 - f1 0.0000 
INFO:root:TRAIN measures for class 1 - precision 0.9512 - recall 1.0000 - f1 0.9750 
INFO:root:TRAIN measures@10 microavg - precision 1.0000 - recall 0.0505 - f1 0.0962 
INFO:root:TRAIN measures@10 for class 0 - precision 0.0000 - recall 0.0000 - f1 0.0000 
INFO:root:TRAIN measures@10 for class 1 - precision 1.0000 - recall 0.0531 - f1 0.1008 
INFO:root:TRAIN measures@100 microavg - precision 0.9753 - recall 0.4926 - f1 0.6546 
INFO:root:TRAIN measures@100 for class 0 - precision 0.0000 - recall 0.0000 - f1 0.0000 
INFO:root:TRAIN measures@100 for class 1 - precision 0.9753 - recall 0.5179 - f1 0.6765 
INFO:root:TRAIN measures@1000 microavg - precision 0.9512 - recall 0.9512 - f1 0.9512 
INFO:root:TRAIN measures@1000 for class 0 - precision 0.0000 - recall 0.0000 - f1 0.0000 
INFO:root:TRAIN measures@1000 for class 1 - precision 0.9512 - recall 1.0000 - f1 0.9750 
INFO:root:TRAIN Total epoch time: 0.8184092169999531
INFO:root:################ VALID epoch 39 ###################
INFO:root:VALID mean losses tensor(0.2617)
INFO:root:VALID mean errors 0.046296294778585434
INFO:root:VALID mean MRR 0.0 - mean MAP 0.9825347065925598
INFO:root:VALID tp {0: tensor(0), 1: tensor(1133)},fn {0: tensor(55), 1: tensor(0)},fp {0: tensor(0), 1: tensor(55)}
INFO:root:VALID measures microavg - precision 0.9537 - recall 0.9537 - f1 0.9537 
INFO:root:VALID measures for class 0 - precision 0.0000 - recall 0.0000 - f1 0.0000 
INFO:root:VALID measures for class 1 - precision 0.9537 - recall 1.0000 - f1 0.9763 
INFO:root:VALID measures@10 microavg - precision 1.0000 - recall 0.0505 - f1 0.0962 
INFO:root:VALID measures@10 for class 0 - precision 0.0000 - recall 0.0000 - f1 0.0000 
INFO:root:VALID measures@10 for class 1 - precision 1.0000 - recall 0.0530 - f1 0.1006 
INFO:root:VALID measures@100 microavg - precision 0.9850 - recall 0.4975 - f1 0.6611 
INFO:root:VALID measures@100 for class 0 - precision 0.0000 - recall 0.0000 - f1 0.0000 
INFO:root:VALID measures@100 for class 1 - precision 0.9850 - recall 0.5216 - f1 0.6821 
INFO:root:VALID measures@1000 microavg - precision 0.9537 - recall 0.9537 - f1 0.9537 
INFO:root:VALID measures@1000 for class 0 - precision 0.0000 - recall 0.0000 - f1 0.0000 
INFO:root:VALID measures@1000 for class 1 - precision 0.9537 - recall 1.0000 - f1 0.9763 
INFO:root:VALID Total epoch time: 0.10914813599993067
INFO:root:################ TEST epoch 39 ###################
INFO:root:TEST batch 1 / 7 - partial error 0.0455 - partial loss 0.2793 - partial MRR  0.0000 - partial MAP 0.9852
INFO:root:TEST batch 1 / 7 -  partial tp {0: tensor(0), 1: tensor(189)},fn {0: tensor(9), 1: tensor(0)},fp {0: tensor(0), 1: tensor(9)}
INFO:root:TEST batch 1 / 7 - measures partial microavg - precision 0.9545 - recall 0.9545 - f1 0.9545 
INFO:root:TEST batch 1 / 7 - measures partial for class 0 - precision 0.0000 - recall 0.0000 - f1 0.0000 
INFO:root:TEST batch 1 / 7 - measures partial for class 1 - precision 0.9545 - recall 1.0000 - f1 0.9767 
INFO:root:TEST batch 1 / 7 - Batch time 0 
INFO:root:TEST batch 2 / 7 - partial error 0.0581 - partial loss 0.3378 - partial MRR  0.0000 - partial MAP 0.9759
INFO:root:TEST batch 2 / 7 -  partial tp {0: tensor(0), 1: tensor(184)},fn {0: tensor(14), 1: tensor(0)},fp {0: tensor(0), 1: tensor(14)}
INFO:root:TEST batch 2 / 7 - measures partial microavg - precision 0.9293 - recall 0.9293 - f1 0.9293 
INFO:root:TEST batch 2 / 7 - measures partial for class 0 - precision 0.0000 - recall 0.0000 - f1 0.0000 
INFO:root:TEST batch 2 / 7 - measures partial for class 1 - precision 0.9293 - recall 1.0000 - f1 0.9634 
INFO:root:TEST batch 2 / 7 - Batch time 0 
INFO:root:TEST batch 3 / 7 - partial error 0.0556 - partial loss 0.3209 - partial MRR  0.0000 - partial MAP 0.9781
INFO:root:TEST batch 3 / 7 -  partial tp {0: tensor(0), 1: tensor(188)},fn {0: tensor(10), 1: tensor(0)},fp {0: tensor(0), 1: tensor(10)}
INFO:root:TEST batch 3 / 7 - measures partial microavg - precision 0.9495 - recall 0.9495 - f1 0.9495 
INFO:root:TEST batch 3 / 7 - measures partial for class 0 - precision 0.0000 - recall 0.0000 - f1 0.0000 
INFO:root:TEST batch 3 / 7 - measures partial for class 1 - precision 0.9495 - recall 1.0000 - f1 0.9741 
INFO:root:TEST batch 3 / 7 - Batch time 0 
INFO:root:TEST batch 4 / 7 - partial error 0.0568 - partial loss 0.3247 - partial MRR  0.0000 - partial MAP 0.9774
INFO:root:TEST batch 4 / 7 -  partial tp {0: tensor(0), 1: tensor(186)},fn {0: tensor(12), 1: tensor(0)},fp {0: tensor(0), 1: tensor(12)}
INFO:root:TEST batch 4 / 7 - measures partial microavg - precision 0.9394 - recall 0.9394 - f1 0.9394 
INFO:root:TEST batch 4 / 7 - measures partial for class 0 - precision 0.0000 - recall 0.0000 - f1 0.0000 
INFO:root:TEST batch 4 / 7 - measures partial for class 1 - precision 0.9394 - recall 1.0000 - f1 0.9688 
INFO:root:TEST batch 4 / 7 - Batch time 0 
INFO:root:TEST batch 5 / 7 - partial error 0.0606 - partial loss 0.3435 - partial MRR  0.0000 - partial MAP 0.9761
INFO:root:TEST batch 5 / 7 -  partial tp {0: tensor(0), 1: tensor(183)},fn {0: tensor(15), 1: tensor(0)},fp {0: tensor(0), 1: tensor(15)}
INFO:root:TEST batch 5 / 7 - measures partial microavg - precision 0.9242 - recall 0.9242 - f1 0.9242 
INFO:root:TEST batch 5 / 7 - measures partial for class 0 - precision 0.0000 - recall 0.0000 - f1 0.0000 
INFO:root:TEST batch 5 / 7 - measures partial for class 1 - precision 0.9242 - recall 1.0000 - f1 0.9606 
INFO:root:TEST batch 5 / 7 - Batch time 0 
INFO:root:TEST batch 6 / 7 - partial error 0.0581 - partial loss 0.3290 - partial MRR  0.0000 - partial MAP 0.9777
INFO:root:TEST batch 6 / 7 -  partial tp {0: tensor(0), 1: tensor(189)},fn {0: tensor(9), 1: tensor(0)},fp {0: tensor(0), 1: tensor(9)}
INFO:root:TEST batch 6 / 7 - measures partial microavg - precision 0.9545 - recall 0.9545 - f1 0.9545 
INFO:root:TEST batch 6 / 7 - measures partial for class 0 - precision 0.0000 - recall 0.0000 - f1 0.0000 
INFO:root:TEST batch 6 / 7 - measures partial for class 1 - precision 0.9545 - recall 1.0000 - f1 0.9767 
INFO:root:TEST batch 6 / 7 - Batch time 0 
INFO:root:TEST batch 7 / 7 - partial error 0.0620 - partial loss 0.3457 - partial MRR  0.0000 - partial MAP 0.9777
INFO:root:TEST batch 7 / 7 -  partial tp {0: tensor(0), 1: tensor(181)},fn {0: tensor(17), 1: tensor(0)},fp {0: tensor(0), 1: tensor(17)}
INFO:root:TEST batch 7 / 7 - measures partial microavg - precision 0.9141 - recall 0.9141 - f1 0.9141 
INFO:root:TEST batch 7 / 7 - measures partial for class 0 - precision 0.0000 - recall 0.0000 - f1 0.0000 
INFO:root:TEST batch 7 / 7 - measures partial for class 1 - precision 0.9141 - recall 1.0000 - f1 0.9551 
INFO:root:TEST batch 7 / 7 - Batch time 0 
INFO:root:TEST mean losses tensor(0.3457)
INFO:root:TEST mean errors 0.06204906105995178
INFO:root:TEST mean MRR 0.0 - mean MAP 0.9777328968048096
INFO:root:TEST tp {0: tensor(0), 1: tensor(1300)},fn {0: tensor(86), 1: tensor(0)},fp {0: tensor(0), 1: tensor(86)}
INFO:root:TEST measures microavg - precision 0.9380 - recall 0.9380 - f1 0.9380 
INFO:root:TEST measures for class 0 - precision 0.0000 - recall 0.0000 - f1 0.0000 
INFO:root:TEST measures for class 1 - precision 0.9380 - recall 1.0000 - f1 0.9680 
INFO:root:TEST measures@10 microavg - precision 1.0000 - recall 0.0505 - f1 0.0962 
INFO:root:TEST measures@10 for class 0 - precision 0.0000 - recall 0.0000 - f1 0.0000 
INFO:root:TEST measures@10 for class 1 - precision 1.0000 - recall 0.0538 - f1 0.1022 
INFO:root:TEST measures@100 microavg - precision 0.9714 - recall 0.4906 - f1 0.6520 
INFO:root:TEST measures@100 for class 0 - precision 0.0000 - recall 0.0000 - f1 0.0000 
INFO:root:TEST measures@100 for class 1 - precision 0.9714 - recall 0.5231 - f1 0.6800 
INFO:root:TEST measures@1000 microavg - precision 0.9380 - recall 0.9380 - f1 0.9380 
INFO:root:TEST measures@1000 for class 0 - precision 0.0000 - recall 0.0000 - f1 0.0000 
INFO:root:TEST measures@1000 for class 1 - precision 0.9380 - recall 1.0000 - f1 0.9680 
INFO:root:TEST Total epoch time: 0.13714103299980707
INFO:root:################ TRAIN epoch 40 ###################
INFO:root:TRAIN mean losses tensor(0.2872)
INFO:root:TRAIN mean errors 0.048821549862623215
INFO:root:TRAIN mean MRR 0.0 - mean MAP 0.9804210662841797
INFO:root:TRAIN tp {0: tensor(0), 1: tensor(5650)},fn {0: tensor(290), 1: tensor(0)},fp {0: tensor(0), 1: tensor(290)}
INFO:root:TRAIN measures microavg - precision 0.9512 - recall 0.9512 - f1 0.9512 
INFO:root:TRAIN measures for class 0 - precision 0.0000 - recall 0.0000 - f1 0.0000 
INFO:root:TRAIN measures for class 1 - precision 0.9512 - recall 1.0000 - f1 0.9750 
INFO:root:TRAIN measures@10 microavg - precision 0.9967 - recall 0.0503 - f1 0.0958 
INFO:root:TRAIN measures@10 for class 0 - precision 0.0000 - recall 0.0000 - f1 0.0000 
INFO:root:TRAIN measures@10 for class 1 - precision 0.9967 - recall 0.0529 - f1 0.1005 
INFO:root:TRAIN measures@100 microavg - precision 0.9760 - recall 0.4929 - f1 0.6550 
INFO:root:TRAIN measures@100 for class 0 - precision 0.0000 - recall 0.0000 - f1 0.0000 
INFO:root:TRAIN measures@100 for class 1 - precision 0.9760 - recall 0.5182 - f1 0.6770 
INFO:root:TRAIN measures@1000 microavg - precision 0.9512 - recall 0.9512 - f1 0.9512 
INFO:root:TRAIN measures@1000 for class 0 - precision 0.0000 - recall 0.0000 - f1 0.0000 
INFO:root:TRAIN measures@1000 for class 1 - precision 0.9512 - recall 1.0000 - f1 0.9750 
INFO:root:TRAIN Total epoch time: 0.8720555899999454
INFO:root:################ VALID epoch 40 ###################
INFO:root:VALID mean losses tensor(0.2640)
INFO:root:VALID mean errors 0.046296294778585434
INFO:root:VALID mean MRR 0.0 - mean MAP 0.9815510511398315
INFO:root:VALID tp {0: tensor(0), 1: tensor(1133)},fn {0: tensor(55), 1: tensor(0)},fp {0: tensor(0), 1: tensor(55)}
INFO:root:VALID measures microavg - precision 0.9537 - recall 0.9537 - f1 0.9537 
INFO:root:VALID measures for class 0 - precision 0.0000 - recall 0.0000 - f1 0.0000 
INFO:root:VALID measures for class 1 - precision 0.9537 - recall 1.0000 - f1 0.9763 
INFO:root:VALID measures@10 microavg - precision 0.9833 - recall 0.0497 - f1 0.0946 
INFO:root:VALID measures@10 for class 0 - precision 0.0000 - recall 0.0000 - f1 0.0000 
INFO:root:VALID measures@10 for class 1 - precision 0.9833 - recall 0.0521 - f1 0.0989 
INFO:root:VALID measures@100 microavg - precision 0.9883 - recall 0.4992 - f1 0.6633 
INFO:root:VALID measures@100 for class 0 - precision 0.0000 - recall 0.0000 - f1 0.0000 
INFO:root:VALID measures@100 for class 1 - precision 0.9883 - recall 0.5234 - f1 0.6844 
INFO:root:VALID measures@1000 microavg - precision 0.9537 - recall 0.9537 - f1 0.9537 
INFO:root:VALID measures@1000 for class 0 - precision 0.0000 - recall 0.0000 - f1 0.0000 
INFO:root:VALID measures@1000 for class 1 - precision 0.9537 - recall 1.0000 - f1 0.9763 
INFO:root:VALID Total epoch time: 0.11422900200022923
INFO:root:################ TEST epoch 40 ###################
INFO:root:TEST batch 1 / 7 - partial error 0.0455 - partial loss 0.2866 - partial MRR  0.0000 - partial MAP 0.9812
INFO:root:TEST batch 1 / 7 -  partial tp {0: tensor(0), 1: tensor(189)},fn {0: tensor(9), 1: tensor(0)},fp {0: tensor(0), 1: tensor(9)}
INFO:root:TEST batch 1 / 7 - measures partial microavg - precision 0.9545 - recall 0.9545 - f1 0.9545 
INFO:root:TEST batch 1 / 7 - measures partial for class 0 - precision 0.0000 - recall 0.0000 - f1 0.0000 
INFO:root:TEST batch 1 / 7 - measures partial for class 1 - precision 0.9545 - recall 1.0000 - f1 0.9767 
INFO:root:TEST batch 1 / 7 - Batch time 0 
INFO:root:TEST batch 2 / 7 - partial error 0.0581 - partial loss 0.3394 - partial MRR  0.0000 - partial MAP 0.9770
INFO:root:TEST batch 2 / 7 -  partial tp {0: tensor(0), 1: tensor(184)},fn {0: tensor(14), 1: tensor(0)},fp {0: tensor(0), 1: tensor(14)}
INFO:root:TEST batch 2 / 7 - measures partial microavg - precision 0.9293 - recall 0.9293 - f1 0.9293 
INFO:root:TEST batch 2 / 7 - measures partial for class 0 - precision 0.0000 - recall 0.0000 - f1 0.0000 
INFO:root:TEST batch 2 / 7 - measures partial for class 1 - precision 0.9293 - recall 1.0000 - f1 0.9634 
INFO:root:TEST batch 2 / 7 - Batch time 0 
INFO:root:TEST batch 3 / 7 - partial error 0.0556 - partial loss 0.3201 - partial MRR  0.0000 - partial MAP 0.9794
INFO:root:TEST batch 3 / 7 -  partial tp {0: tensor(0), 1: tensor(188)},fn {0: tensor(10), 1: tensor(0)},fp {0: tensor(0), 1: tensor(10)}
INFO:root:TEST batch 3 / 7 - measures partial microavg - precision 0.9495 - recall 0.9495 - f1 0.9495 
INFO:root:TEST batch 3 / 7 - measures partial for class 0 - precision 0.0000 - recall 0.0000 - f1 0.0000 
INFO:root:TEST batch 3 / 7 - measures partial for class 1 - precision 0.9495 - recall 1.0000 - f1 0.9741 
INFO:root:TEST batch 3 / 7 - Batch time 0 
INFO:root:TEST batch 4 / 7 - partial error 0.0568 - partial loss 0.3232 - partial MRR  0.0000 - partial MAP 0.9786
INFO:root:TEST batch 4 / 7 -  partial tp {0: tensor(0), 1: tensor(186)},fn {0: tensor(12), 1: tensor(0)},fp {0: tensor(0), 1: tensor(12)}
INFO:root:TEST batch 4 / 7 - measures partial microavg - precision 0.9394 - recall 0.9394 - f1 0.9394 
INFO:root:TEST batch 4 / 7 - measures partial for class 0 - precision 0.0000 - recall 0.0000 - f1 0.0000 
INFO:root:TEST batch 4 / 7 - measures partial for class 1 - precision 0.9394 - recall 1.0000 - f1 0.9688 
INFO:root:TEST batch 4 / 7 - Batch time 0 
INFO:root:TEST batch 5 / 7 - partial error 0.0606 - partial loss 0.3419 - partial MRR  0.0000 - partial MAP 0.9777
INFO:root:TEST batch 5 / 7 -  partial tp {0: tensor(0), 1: tensor(183)},fn {0: tensor(15), 1: tensor(0)},fp {0: tensor(0), 1: tensor(15)}
INFO:root:TEST batch 5 / 7 - measures partial microavg - precision 0.9242 - recall 0.9242 - f1 0.9242 
INFO:root:TEST batch 5 / 7 - measures partial for class 0 - precision 0.0000 - recall 0.0000 - f1 0.0000 
INFO:root:TEST batch 5 / 7 - measures partial for class 1 - precision 0.9242 - recall 1.0000 - f1 0.9606 
INFO:root:TEST batch 5 / 7 - Batch time 0 
INFO:root:TEST batch 6 / 7 - partial error 0.0581 - partial loss 0.3266 - partial MRR  0.0000 - partial MAP 0.9796
INFO:root:TEST batch 6 / 7 -  partial tp {0: tensor(0), 1: tensor(189)},fn {0: tensor(9), 1: tensor(0)},fp {0: tensor(0), 1: tensor(9)}
INFO:root:TEST batch 6 / 7 - measures partial microavg - precision 0.9545 - recall 0.9545 - f1 0.9545 
INFO:root:TEST batch 6 / 7 - measures partial for class 0 - precision 0.0000 - recall 0.0000 - f1 0.0000 
INFO:root:TEST batch 6 / 7 - measures partial for class 1 - precision 0.9545 - recall 1.0000 - f1 0.9767 
INFO:root:TEST batch 6 / 7 - Batch time 0 
INFO:root:TEST batch 7 / 7 - partial error 0.0620 - partial loss 0.3425 - partial MRR  0.0000 - partial MAP 0.9796
INFO:root:TEST batch 7 / 7 -  partial tp {0: tensor(0), 1: tensor(181)},fn {0: tensor(17), 1: tensor(0)},fp {0: tensor(0), 1: tensor(17)}
INFO:root:TEST batch 7 / 7 - measures partial microavg - precision 0.9141 - recall 0.9141 - f1 0.9141 
INFO:root:TEST batch 7 / 7 - measures partial for class 0 - precision 0.0000 - recall 0.0000 - f1 0.0000 
INFO:root:TEST batch 7 / 7 - measures partial for class 1 - precision 0.9141 - recall 1.0000 - f1 0.9551 
INFO:root:TEST batch 7 / 7 - Batch time 0 
INFO:root:TEST mean losses tensor(0.3425)
INFO:root:TEST mean errors 0.06204906105995178
INFO:root:TEST mean MRR 0.0 - mean MAP 0.9795718789100647
INFO:root:TEST tp {0: tensor(0), 1: tensor(1300)},fn {0: tensor(86), 1: tensor(0)},fp {0: tensor(0), 1: tensor(86)}
INFO:root:TEST measures microavg - precision 0.9380 - recall 0.9380 - f1 0.9380 
INFO:root:TEST measures for class 0 - precision 0.0000 - recall 0.0000 - f1 0.0000 
INFO:root:TEST measures for class 1 - precision 0.9380 - recall 1.0000 - f1 0.9680 
INFO:root:TEST measures@10 microavg - precision 1.0000 - recall 0.0505 - f1 0.0962 
INFO:root:TEST measures@10 for class 0 - precision 0.0000 - recall 0.0000 - f1 0.0000 
INFO:root:TEST measures@10 for class 1 - precision 1.0000 - recall 0.0538 - f1 0.1022 
INFO:root:TEST measures@100 microavg - precision 0.9686 - recall 0.4892 - f1 0.6500 
INFO:root:TEST measures@100 for class 0 - precision 0.0000 - recall 0.0000 - f1 0.0000 
INFO:root:TEST measures@100 for class 1 - precision 0.9686 - recall 0.5215 - f1 0.6780 
INFO:root:TEST measures@1000 microavg - precision 0.9380 - recall 0.9380 - f1 0.9380 
INFO:root:TEST measures@1000 for class 0 - precision 0.0000 - recall 0.0000 - f1 0.0000 
INFO:root:TEST measures@1000 for class 1 - precision 0.9380 - recall 1.0000 - f1 0.9680 
INFO:root:TEST Total epoch time: 0.14242397099997106
INFO:root:################ TRAIN epoch 41 ###################
INFO:root:TRAIN mean losses tensor(0.2845)
INFO:root:TRAIN mean errors 0.048821549862623215
INFO:root:TRAIN mean MRR 0.0 - mean MAP 0.9816721081733704
INFO:root:TRAIN tp {0: tensor(0), 1: tensor(5650)},fn {0: tensor(290), 1: tensor(0)},fp {0: tensor(0), 1: tensor(290)}
INFO:root:TRAIN measures microavg - precision 0.9512 - recall 0.9512 - f1 0.9512 
INFO:root:TRAIN measures for class 0 - precision 0.0000 - recall 0.0000 - f1 0.0000 
INFO:root:TRAIN measures for class 1 - precision 0.9512 - recall 1.0000 - f1 0.9750 
INFO:root:TRAIN measures@10 microavg - precision 0.9967 - recall 0.0503 - f1 0.0958 
INFO:root:TRAIN measures@10 for class 0 - precision 0.0000 - recall 0.0000 - f1 0.0000 
INFO:root:TRAIN measures@10 for class 1 - precision 0.9967 - recall 0.0529 - f1 0.1005 
INFO:root:TRAIN measures@100 microavg - precision 0.9753 - recall 0.4926 - f1 0.6546 
INFO:root:TRAIN measures@100 for class 0 - precision 0.0000 - recall 0.0000 - f1 0.0000 
INFO:root:TRAIN measures@100 for class 1 - precision 0.9753 - recall 0.5179 - f1 0.6765 
INFO:root:TRAIN measures@1000 microavg - precision 0.9512 - recall 0.9512 - f1 0.9512 
INFO:root:TRAIN measures@1000 for class 0 - precision 0.0000 - recall 0.0000 - f1 0.0000 
INFO:root:TRAIN measures@1000 for class 1 - precision 0.9512 - recall 1.0000 - f1 0.9750 
INFO:root:TRAIN Total epoch time: 0.938318492000235
INFO:root:################ VALID epoch 41 ###################
INFO:root:VALID mean losses tensor(0.2622)
INFO:root:VALID mean errors 0.046296294778585434
INFO:root:VALID mean MRR 0.0 - mean MAP 0.9827283620834351
INFO:root:VALID tp {0: tensor(0), 1: tensor(1133)},fn {0: tensor(55), 1: tensor(0)},fp {0: tensor(0), 1: tensor(55)}
INFO:root:VALID measures microavg - precision 0.9537 - recall 0.9537 - f1 0.9537 
INFO:root:VALID measures for class 0 - precision 0.0000 - recall 0.0000 - f1 0.0000 
INFO:root:VALID measures for class 1 - precision 0.9537 - recall 1.0000 - f1 0.9763 
INFO:root:VALID measures@10 microavg - precision 0.9667 - recall 0.0488 - f1 0.0929 
INFO:root:VALID measures@10 for class 0 - precision 0.0000 - recall 0.0000 - f1 0.0000 
INFO:root:VALID measures@10 for class 1 - precision 0.9667 - recall 0.0512 - f1 0.0972 
INFO:root:VALID measures@100 microavg - precision 0.9833 - recall 0.4966 - f1 0.6600 
INFO:root:VALID measures@100 for class 0 - precision 0.0000 - recall 0.0000 - f1 0.0000 
INFO:root:VALID measures@100 for class 1 - precision 0.9833 - recall 0.5207 - f1 0.6809 
INFO:root:VALID measures@1000 microavg - precision 0.9537 - recall 0.9537 - f1 0.9537 
INFO:root:VALID measures@1000 for class 0 - precision 0.0000 - recall 0.0000 - f1 0.0000 
INFO:root:VALID measures@1000 for class 1 - precision 0.9537 - recall 1.0000 - f1 0.9763 
INFO:root:VALID Total epoch time: 0.12077999699977227
INFO:root:################ TEST epoch 41 ###################
INFO:root:TEST batch 1 / 7 - partial error 0.0455 - partial loss 0.2894 - partial MRR  0.0000 - partial MAP 0.9814
INFO:root:TEST batch 1 / 7 -  partial tp {0: tensor(0), 1: tensor(189)},fn {0: tensor(9), 1: tensor(0)},fp {0: tensor(0), 1: tensor(9)}
INFO:root:TEST batch 1 / 7 - measures partial microavg - precision 0.9545 - recall 0.9545 - f1 0.9545 
INFO:root:TEST batch 1 / 7 - measures partial for class 0 - precision 0.0000 - recall 0.0000 - f1 0.0000 
INFO:root:TEST batch 1 / 7 - measures partial for class 1 - precision 0.9545 - recall 1.0000 - f1 0.9767 
INFO:root:TEST batch 1 / 7 - Batch time 0 
INFO:root:TEST batch 2 / 7 - partial error 0.0581 - partial loss 0.3350 - partial MRR  0.0000 - partial MAP 0.9803
INFO:root:TEST batch 2 / 7 -  partial tp {0: tensor(0), 1: tensor(184)},fn {0: tensor(14), 1: tensor(0)},fp {0: tensor(0), 1: tensor(14)}
INFO:root:TEST batch 2 / 7 - measures partial microavg - precision 0.9293 - recall 0.9293 - f1 0.9293 
INFO:root:TEST batch 2 / 7 - measures partial for class 0 - precision 0.0000 - recall 0.0000 - f1 0.0000 
INFO:root:TEST batch 2 / 7 - measures partial for class 1 - precision 0.9293 - recall 1.0000 - f1 0.9634 
INFO:root:TEST batch 2 / 7 - Batch time 0 
INFO:root:TEST batch 3 / 7 - partial error 0.0556 - partial loss 0.3200 - partial MRR  0.0000 - partial MAP 0.9809
INFO:root:TEST batch 3 / 7 -  partial tp {0: tensor(0), 1: tensor(188)},fn {0: tensor(10), 1: tensor(0)},fp {0: tensor(0), 1: tensor(10)}
INFO:root:TEST batch 3 / 7 - measures partial microavg - precision 0.9495 - recall 0.9495 - f1 0.9495 
INFO:root:TEST batch 3 / 7 - measures partial for class 0 - precision 0.0000 - recall 0.0000 - f1 0.0000 
INFO:root:TEST batch 3 / 7 - measures partial for class 1 - precision 0.9495 - recall 1.0000 - f1 0.9741 
INFO:root:TEST batch 3 / 7 - Batch time 0 
INFO:root:TEST batch 4 / 7 - partial error 0.0568 - partial loss 0.3219 - partial MRR  0.0000 - partial MAP 0.9808
INFO:root:TEST batch 4 / 7 -  partial tp {0: tensor(0), 1: tensor(186)},fn {0: tensor(12), 1: tensor(0)},fp {0: tensor(0), 1: tensor(12)}
INFO:root:TEST batch 4 / 7 - measures partial microavg - precision 0.9394 - recall 0.9394 - f1 0.9394 
INFO:root:TEST batch 4 / 7 - measures partial for class 0 - precision 0.0000 - recall 0.0000 - f1 0.0000 
INFO:root:TEST batch 4 / 7 - measures partial for class 1 - precision 0.9394 - recall 1.0000 - f1 0.9688 
INFO:root:TEST batch 4 / 7 - Batch time 0 
INFO:root:TEST batch 5 / 7 - partial error 0.0606 - partial loss 0.3381 - partial MRR  0.0000 - partial MAP 0.9796
INFO:root:TEST batch 5 / 7 -  partial tp {0: tensor(0), 1: tensor(183)},fn {0: tensor(15), 1: tensor(0)},fp {0: tensor(0), 1: tensor(15)}
INFO:root:TEST batch 5 / 7 - measures partial microavg - precision 0.9242 - recall 0.9242 - f1 0.9242 
INFO:root:TEST batch 5 / 7 - measures partial for class 0 - precision 0.0000 - recall 0.0000 - f1 0.0000 
INFO:root:TEST batch 5 / 7 - measures partial for class 1 - precision 0.9242 - recall 1.0000 - f1 0.9606 
INFO:root:TEST batch 5 / 7 - Batch time 0 
INFO:root:TEST batch 6 / 7 - partial error 0.0581 - partial loss 0.3256 - partial MRR  0.0000 - partial MAP 0.9799
INFO:root:TEST batch 6 / 7 -  partial tp {0: tensor(0), 1: tensor(189)},fn {0: tensor(9), 1: tensor(0)},fp {0: tensor(0), 1: tensor(9)}
INFO:root:TEST batch 6 / 7 - measures partial microavg - precision 0.9545 - recall 0.9545 - f1 0.9545 
INFO:root:TEST batch 6 / 7 - measures partial for class 0 - precision 0.0000 - recall 0.0000 - f1 0.0000 
INFO:root:TEST batch 6 / 7 - measures partial for class 1 - precision 0.9545 - recall 1.0000 - f1 0.9767 
INFO:root:TEST batch 6 / 7 - Batch time 0 
INFO:root:TEST batch 7 / 7 - partial error 0.0620 - partial loss 0.3408 - partial MRR  0.0000 - partial MAP 0.9801
INFO:root:TEST batch 7 / 7 -  partial tp {0: tensor(0), 1: tensor(181)},fn {0: tensor(17), 1: tensor(0)},fp {0: tensor(0), 1: tensor(17)}
INFO:root:TEST batch 7 / 7 - measures partial microavg - precision 0.9141 - recall 0.9141 - f1 0.9141 
INFO:root:TEST batch 7 / 7 - measures partial for class 0 - precision 0.0000 - recall 0.0000 - f1 0.0000 
INFO:root:TEST batch 7 / 7 - measures partial for class 1 - precision 0.9141 - recall 1.0000 - f1 0.9551 
INFO:root:TEST batch 7 / 7 - Batch time 0 
INFO:root:TEST mean losses tensor(0.3408)
INFO:root:TEST mean errors 0.06204906105995178
INFO:root:TEST mean MRR 0.0 - mean MAP 0.9801041483879089
INFO:root:TEST tp {0: tensor(0), 1: tensor(1300)},fn {0: tensor(86), 1: tensor(0)},fp {0: tensor(0), 1: tensor(86)}
INFO:root:TEST measures microavg - precision 0.9380 - recall 0.9380 - f1 0.9380 
INFO:root:TEST measures for class 0 - precision 0.0000 - recall 0.0000 - f1 0.0000 
INFO:root:TEST measures for class 1 - precision 0.9380 - recall 1.0000 - f1 0.9680 
INFO:root:TEST measures@10 microavg - precision 1.0000 - recall 0.0505 - f1 0.0962 
INFO:root:TEST measures@10 for class 0 - precision 0.0000 - recall 0.0000 - f1 0.0000 
INFO:root:TEST measures@10 for class 1 - precision 1.0000 - recall 0.0538 - f1 0.1022 
INFO:root:TEST measures@100 microavg - precision 0.9700 - recall 0.4899 - f1 0.6510 
INFO:root:TEST measures@100 for class 0 - precision 0.0000 - recall 0.0000 - f1 0.0000 
INFO:root:TEST measures@100 for class 1 - precision 0.9700 - recall 0.5223 - f1 0.6790 
INFO:root:TEST measures@1000 microavg - precision 0.9380 - recall 0.9380 - f1 0.9380 
INFO:root:TEST measures@1000 for class 0 - precision 0.0000 - recall 0.0000 - f1 0.0000 
INFO:root:TEST measures@1000 for class 1 - precision 0.9380 - recall 1.0000 - f1 0.9680 
INFO:root:TEST Total epoch time: 0.1385497219998797
INFO:root:################ TRAIN epoch 42 ###################
INFO:root:TRAIN mean losses tensor(0.2898)
INFO:root:TRAIN mean errors 0.048821549862623215
INFO:root:TRAIN mean MRR 0.0 - mean MAP 0.9798079133033752
INFO:root:TRAIN tp {0: tensor(0), 1: tensor(5650)},fn {0: tensor(290), 1: tensor(0)},fp {0: tensor(0), 1: tensor(290)}
INFO:root:TRAIN measures microavg - precision 0.9512 - recall 0.9512 - f1 0.9512 
INFO:root:TRAIN measures for class 0 - precision 0.0000 - recall 0.0000 - f1 0.0000 
INFO:root:TRAIN measures for class 1 - precision 0.9512 - recall 1.0000 - f1 0.9750 
INFO:root:TRAIN measures@10 microavg - precision 1.0000 - recall 0.0505 - f1 0.0962 
INFO:root:TRAIN measures@10 for class 0 - precision 0.0000 - recall 0.0000 - f1 0.0000 
INFO:root:TRAIN measures@10 for class 1 - precision 1.0000 - recall 0.0531 - f1 0.1008 
INFO:root:TRAIN measures@100 microavg - precision 0.9750 - recall 0.4924 - f1 0.6544 
INFO:root:TRAIN measures@100 for class 0 - precision 0.0000 - recall 0.0000 - f1 0.0000 
INFO:root:TRAIN measures@100 for class 1 - precision 0.9750 - recall 0.5177 - f1 0.6763 
INFO:root:TRAIN measures@1000 microavg - precision 0.9512 - recall 0.9512 - f1 0.9512 
INFO:root:TRAIN measures@1000 for class 0 - precision 0.0000 - recall 0.0000 - f1 0.0000 
INFO:root:TRAIN measures@1000 for class 1 - precision 0.9512 - recall 1.0000 - f1 0.9750 
INFO:root:TRAIN Total epoch time: 0.8319445820002329
INFO:root:################ VALID epoch 42 ###################
INFO:root:VALID mean losses tensor(0.2597)
INFO:root:VALID mean errors 0.046296294778585434
INFO:root:VALID mean MRR 0.0 - mean MAP 0.9828994870185852
INFO:root:VALID tp {0: tensor(0), 1: tensor(1133)},fn {0: tensor(55), 1: tensor(0)},fp {0: tensor(0), 1: tensor(55)}
INFO:root:VALID measures microavg - precision 0.9537 - recall 0.9537 - f1 0.9537 
INFO:root:VALID measures for class 0 - precision 0.0000 - recall 0.0000 - f1 0.0000 
INFO:root:VALID measures for class 1 - precision 0.9537 - recall 1.0000 - f1 0.9763 
INFO:root:VALID measures@10 microavg - precision 0.9833 - recall 0.0497 - f1 0.0946 
INFO:root:VALID measures@10 for class 0 - precision 0.0000 - recall 0.0000 - f1 0.0000 
INFO:root:VALID measures@10 for class 1 - precision 0.9833 - recall 0.0521 - f1 0.0989 
INFO:root:VALID measures@100 microavg - precision 0.9817 - recall 0.4958 - f1 0.6588 
INFO:root:VALID measures@100 for class 0 - precision 0.0000 - recall 0.0000 - f1 0.0000 
INFO:root:VALID measures@100 for class 1 - precision 0.9817 - recall 0.5199 - f1 0.6797 
INFO:root:VALID measures@1000 microavg - precision 0.9537 - recall 0.9537 - f1 0.9537 
INFO:root:VALID measures@1000 for class 0 - precision 0.0000 - recall 0.0000 - f1 0.0000 
INFO:root:VALID measures@1000 for class 1 - precision 0.9537 - recall 1.0000 - f1 0.9763 
INFO:root:VALID Total epoch time: 0.11156852399972195
INFO:root:################ TEST epoch 42 ###################
INFO:root:TEST batch 1 / 7 - partial error 0.0455 - partial loss 0.2811 - partial MRR  0.0000 - partial MAP 0.9841
INFO:root:TEST batch 1 / 7 -  partial tp {0: tensor(0), 1: tensor(189)},fn {0: tensor(9), 1: tensor(0)},fp {0: tensor(0), 1: tensor(9)}
INFO:root:TEST batch 1 / 7 - measures partial microavg - precision 0.9545 - recall 0.9545 - f1 0.9545 
INFO:root:TEST batch 1 / 7 - measures partial for class 0 - precision 0.0000 - recall 0.0000 - f1 0.0000 
INFO:root:TEST batch 1 / 7 - measures partial for class 1 - precision 0.9545 - recall 1.0000 - f1 0.9767 
INFO:root:TEST batch 1 / 7 - Batch time 0 
INFO:root:TEST batch 2 / 7 - partial error 0.0581 - partial loss 0.3329 - partial MRR  0.0000 - partial MAP 0.9784
INFO:root:TEST batch 2 / 7 -  partial tp {0: tensor(0), 1: tensor(184)},fn {0: tensor(14), 1: tensor(0)},fp {0: tensor(0), 1: tensor(14)}
INFO:root:TEST batch 2 / 7 - measures partial microavg - precision 0.9293 - recall 0.9293 - f1 0.9293 
INFO:root:TEST batch 2 / 7 - measures partial for class 0 - precision 0.0000 - recall 0.0000 - f1 0.0000 
INFO:root:TEST batch 2 / 7 - measures partial for class 1 - precision 0.9293 - recall 1.0000 - f1 0.9634 
INFO:root:TEST batch 2 / 7 - Batch time 0 
INFO:root:TEST batch 3 / 7 - partial error 0.0556 - partial loss 0.3194 - partial MRR  0.0000 - partial MAP 0.9794
INFO:root:TEST batch 3 / 7 -  partial tp {0: tensor(0), 1: tensor(188)},fn {0: tensor(10), 1: tensor(0)},fp {0: tensor(0), 1: tensor(10)}
INFO:root:TEST batch 3 / 7 - measures partial microavg - precision 0.9495 - recall 0.9495 - f1 0.9495 
INFO:root:TEST batch 3 / 7 - measures partial for class 0 - precision 0.0000 - recall 0.0000 - f1 0.0000 
INFO:root:TEST batch 3 / 7 - measures partial for class 1 - precision 0.9495 - recall 1.0000 - f1 0.9741 
INFO:root:TEST batch 3 / 7 - Batch time 0 
INFO:root:TEST batch 4 / 7 - partial error 0.0568 - partial loss 0.3241 - partial MRR  0.0000 - partial MAP 0.9786
INFO:root:TEST batch 4 / 7 -  partial tp {0: tensor(0), 1: tensor(186)},fn {0: tensor(12), 1: tensor(0)},fp {0: tensor(0), 1: tensor(12)}
INFO:root:TEST batch 4 / 7 - measures partial microavg - precision 0.9394 - recall 0.9394 - f1 0.9394 
INFO:root:TEST batch 4 / 7 - measures partial for class 0 - precision 0.0000 - recall 0.0000 - f1 0.0000 
INFO:root:TEST batch 4 / 7 - measures partial for class 1 - precision 0.9394 - recall 1.0000 - f1 0.9688 
INFO:root:TEST batch 4 / 7 - Batch time 0 
INFO:root:TEST batch 5 / 7 - partial error 0.0606 - partial loss 0.3410 - partial MRR  0.0000 - partial MAP 0.9780
INFO:root:TEST batch 5 / 7 -  partial tp {0: tensor(0), 1: tensor(183)},fn {0: tensor(15), 1: tensor(0)},fp {0: tensor(0), 1: tensor(15)}
INFO:root:TEST batch 5 / 7 - measures partial microavg - precision 0.9242 - recall 0.9242 - f1 0.9242 
INFO:root:TEST batch 5 / 7 - measures partial for class 0 - precision 0.0000 - recall 0.0000 - f1 0.0000 
INFO:root:TEST batch 5 / 7 - measures partial for class 1 - precision 0.9242 - recall 1.0000 - f1 0.9606 
INFO:root:TEST batch 5 / 7 - Batch time 0 
INFO:root:TEST batch 6 / 7 - partial error 0.0581 - partial loss 0.3260 - partial MRR  0.0000 - partial MAP 0.9798
INFO:root:TEST batch 6 / 7 -  partial tp {0: tensor(0), 1: tensor(189)},fn {0: tensor(9), 1: tensor(0)},fp {0: tensor(0), 1: tensor(9)}
INFO:root:TEST batch 6 / 7 - measures partial microavg - precision 0.9545 - recall 0.9545 - f1 0.9545 
INFO:root:TEST batch 6 / 7 - measures partial for class 0 - precision 0.0000 - recall 0.0000 - f1 0.0000 
INFO:root:TEST batch 6 / 7 - measures partial for class 1 - precision 0.9545 - recall 1.0000 - f1 0.9767 
INFO:root:TEST batch 6 / 7 - Batch time 0 
INFO:root:TEST batch 7 / 7 - partial error 0.0620 - partial loss 0.3424 - partial MRR  0.0000 - partial MAP 0.9795
INFO:root:TEST batch 7 / 7 -  partial tp {0: tensor(0), 1: tensor(181)},fn {0: tensor(17), 1: tensor(0)},fp {0: tensor(0), 1: tensor(17)}
INFO:root:TEST batch 7 / 7 - measures partial microavg - precision 0.9141 - recall 0.9141 - f1 0.9141 
INFO:root:TEST batch 7 / 7 - measures partial for class 0 - precision 0.0000 - recall 0.0000 - f1 0.0000 
INFO:root:TEST batch 7 / 7 - measures partial for class 1 - precision 0.9141 - recall 1.0000 - f1 0.9551 
INFO:root:TEST batch 7 / 7 - Batch time 0 
INFO:root:TEST mean losses tensor(0.3424)
INFO:root:TEST mean errors 0.06204906105995178
INFO:root:TEST mean MRR 0.0 - mean MAP 0.979491114616394
INFO:root:TEST tp {0: tensor(0), 1: tensor(1300)},fn {0: tensor(86), 1: tensor(0)},fp {0: tensor(0), 1: tensor(86)}
INFO:root:TEST measures microavg - precision 0.9380 - recall 0.9380 - f1 0.9380 
INFO:root:TEST measures for class 0 - precision 0.0000 - recall 0.0000 - f1 0.0000 
INFO:root:TEST measures for class 1 - precision 0.9380 - recall 1.0000 - f1 0.9680 
INFO:root:TEST measures@10 microavg - precision 1.0000 - recall 0.0505 - f1 0.0962 
INFO:root:TEST measures@10 for class 0 - precision 0.0000 - recall 0.0000 - f1 0.0000 
INFO:root:TEST measures@10 for class 1 - precision 1.0000 - recall 0.0538 - f1 0.1022 
INFO:root:TEST measures@100 microavg - precision 0.9714 - recall 0.4906 - f1 0.6520 
INFO:root:TEST measures@100 for class 0 - precision 0.0000 - recall 0.0000 - f1 0.0000 
INFO:root:TEST measures@100 for class 1 - precision 0.9714 - recall 0.5231 - f1 0.6800 
INFO:root:TEST measures@1000 microavg - precision 0.9380 - recall 0.9380 - f1 0.9380 
INFO:root:TEST measures@1000 for class 0 - precision 0.0000 - recall 0.0000 - f1 0.0000 
INFO:root:TEST measures@1000 for class 1 - precision 0.9380 - recall 1.0000 - f1 0.9680 
INFO:root:TEST Total epoch time: 0.1363582240001051
INFO:root:################ TRAIN epoch 43 ###################
INFO:root:TRAIN mean losses tensor(0.2869)
INFO:root:TRAIN mean errors 0.048821549862623215
INFO:root:TRAIN mean MRR 0.0 - mean MAP 0.9810200929641724
INFO:root:TRAIN tp {0: tensor(0), 1: tensor(5650)},fn {0: tensor(290), 1: tensor(0)},fp {0: tensor(0), 1: tensor(290)}
INFO:root:TRAIN measures microavg - precision 0.9512 - recall 0.9512 - f1 0.9512 
INFO:root:TRAIN measures for class 0 - precision 0.0000 - recall 0.0000 - f1 0.0000 
INFO:root:TRAIN measures for class 1 - precision 0.9512 - recall 1.0000 - f1 0.9750 
INFO:root:TRAIN measures@10 microavg - precision 0.9967 - recall 0.0503 - f1 0.0958 
INFO:root:TRAIN measures@10 for class 0 - precision 0.0000 - recall 0.0000 - f1 0.0000 
INFO:root:TRAIN measures@10 for class 1 - precision 0.9967 - recall 0.0529 - f1 0.1005 
INFO:root:TRAIN measures@100 microavg - precision 0.9767 - recall 0.4933 - f1 0.6555 
INFO:root:TRAIN measures@100 for class 0 - precision 0.0000 - recall 0.0000 - f1 0.0000 
INFO:root:TRAIN measures@100 for class 1 - precision 0.9767 - recall 0.5186 - f1 0.6775 
INFO:root:TRAIN measures@1000 microavg - precision 0.9512 - recall 0.9512 - f1 0.9512 
INFO:root:TRAIN measures@1000 for class 0 - precision 0.0000 - recall 0.0000 - f1 0.0000 
INFO:root:TRAIN measures@1000 for class 1 - precision 0.9512 - recall 1.0000 - f1 0.9750 
INFO:root:TRAIN Total epoch time: 0.8421525579997251
INFO:root:################ VALID epoch 43 ###################
INFO:root:VALID mean losses tensor(0.2615)
INFO:root:VALID mean errors 0.046296294778585434
INFO:root:VALID mean MRR 0.0 - mean MAP 0.982891857624054
INFO:root:VALID tp {0: tensor(0), 1: tensor(1133)},fn {0: tensor(55), 1: tensor(0)},fp {0: tensor(0), 1: tensor(55)}
INFO:root:VALID measures microavg - precision 0.9537 - recall 0.9537 - f1 0.9537 
INFO:root:VALID measures for class 0 - precision 0.0000 - recall 0.0000 - f1 0.0000 
INFO:root:VALID measures for class 1 - precision 0.9537 - recall 1.0000 - f1 0.9763 
INFO:root:VALID measures@10 microavg - precision 0.9833 - recall 0.0497 - f1 0.0946 
INFO:root:VALID measures@10 for class 0 - precision 0.0000 - recall 0.0000 - f1 0.0000 
INFO:root:VALID measures@10 for class 1 - precision 0.9833 - recall 0.0521 - f1 0.0989 
INFO:root:VALID measures@100 microavg - precision 0.9817 - recall 0.4958 - f1 0.6588 
INFO:root:VALID measures@100 for class 0 - precision 0.0000 - recall 0.0000 - f1 0.0000 
INFO:root:VALID measures@100 for class 1 - precision 0.9817 - recall 0.5199 - f1 0.6797 
INFO:root:VALID measures@1000 microavg - precision 0.9537 - recall 0.9537 - f1 0.9537 
INFO:root:VALID measures@1000 for class 0 - precision 0.0000 - recall 0.0000 - f1 0.0000 
INFO:root:VALID measures@1000 for class 1 - precision 0.9537 - recall 1.0000 - f1 0.9763 
INFO:root:VALID Total epoch time: 0.11076122200029204
INFO:root:################ TEST epoch 43 ###################
INFO:root:TEST batch 1 / 7 - partial error 0.0455 - partial loss 0.2777 - partial MRR  0.0000 - partial MAP 0.9843
INFO:root:TEST batch 1 / 7 -  partial tp {0: tensor(0), 1: tensor(189)},fn {0: tensor(9), 1: tensor(0)},fp {0: tensor(0), 1: tensor(9)}
INFO:root:TEST batch 1 / 7 - measures partial microavg - precision 0.9545 - recall 0.9545 - f1 0.9545 
INFO:root:TEST batch 1 / 7 - measures partial for class 0 - precision 0.0000 - recall 0.0000 - f1 0.0000 
INFO:root:TEST batch 1 / 7 - measures partial for class 1 - precision 0.9545 - recall 1.0000 - f1 0.9767 
INFO:root:TEST batch 1 / 7 - Batch time 0 
INFO:root:TEST batch 2 / 7 - partial error 0.0581 - partial loss 0.3339 - partial MRR  0.0000 - partial MAP 0.9802
INFO:root:TEST batch 2 / 7 -  partial tp {0: tensor(0), 1: tensor(184)},fn {0: tensor(14), 1: tensor(0)},fp {0: tensor(0), 1: tensor(14)}
INFO:root:TEST batch 2 / 7 - measures partial microavg - precision 0.9293 - recall 0.9293 - f1 0.9293 
INFO:root:TEST batch 2 / 7 - measures partial for class 0 - precision 0.0000 - recall 0.0000 - f1 0.0000 
INFO:root:TEST batch 2 / 7 - measures partial for class 1 - precision 0.9293 - recall 1.0000 - f1 0.9634 
INFO:root:TEST batch 2 / 7 - Batch time 0 
INFO:root:TEST batch 3 / 7 - partial error 0.0556 - partial loss 0.3202 - partial MRR  0.0000 - partial MAP 0.9807
INFO:root:TEST batch 3 / 7 -  partial tp {0: tensor(0), 1: tensor(188)},fn {0: tensor(10), 1: tensor(0)},fp {0: tensor(0), 1: tensor(10)}
INFO:root:TEST batch 3 / 7 - measures partial microavg - precision 0.9495 - recall 0.9495 - f1 0.9495 
INFO:root:TEST batch 3 / 7 - measures partial for class 0 - precision 0.0000 - recall 0.0000 - f1 0.0000 
INFO:root:TEST batch 3 / 7 - measures partial for class 1 - precision 0.9495 - recall 1.0000 - f1 0.9741 
INFO:root:TEST batch 3 / 7 - Batch time 0 
INFO:root:TEST batch 4 / 7 - partial error 0.0568 - partial loss 0.3218 - partial MRR  0.0000 - partial MAP 0.9807
INFO:root:TEST batch 4 / 7 -  partial tp {0: tensor(0), 1: tensor(186)},fn {0: tensor(12), 1: tensor(0)},fp {0: tensor(0), 1: tensor(12)}
INFO:root:TEST batch 4 / 7 - measures partial microavg - precision 0.9394 - recall 0.9394 - f1 0.9394 
INFO:root:TEST batch 4 / 7 - measures partial for class 0 - precision 0.0000 - recall 0.0000 - f1 0.0000 
INFO:root:TEST batch 4 / 7 - measures partial for class 1 - precision 0.9394 - recall 1.0000 - f1 0.9688 
INFO:root:TEST batch 4 / 7 - Batch time 0 
INFO:root:TEST batch 5 / 7 - partial error 0.0606 - partial loss 0.3422 - partial MRR  0.0000 - partial MAP 0.9788
INFO:root:TEST batch 5 / 7 -  partial tp {0: tensor(0), 1: tensor(183)},fn {0: tensor(15), 1: tensor(0)},fp {0: tensor(0), 1: tensor(15)}
INFO:root:TEST batch 5 / 7 - measures partial microavg - precision 0.9242 - recall 0.9242 - f1 0.9242 
INFO:root:TEST batch 5 / 7 - measures partial for class 0 - precision 0.0000 - recall 0.0000 - f1 0.0000 
INFO:root:TEST batch 5 / 7 - measures partial for class 1 - precision 0.9242 - recall 1.0000 - f1 0.9606 
INFO:root:TEST batch 5 / 7 - Batch time 0 
INFO:root:TEST batch 6 / 7 - partial error 0.0581 - partial loss 0.3271 - partial MRR  0.0000 - partial MAP 0.9805
INFO:root:TEST batch 6 / 7 -  partial tp {0: tensor(0), 1: tensor(189)},fn {0: tensor(9), 1: tensor(0)},fp {0: tensor(0), 1: tensor(9)}
INFO:root:TEST batch 6 / 7 - measures partial microavg - precision 0.9545 - recall 0.9545 - f1 0.9545 
INFO:root:TEST batch 6 / 7 - measures partial for class 0 - precision 0.0000 - recall 0.0000 - f1 0.0000 
INFO:root:TEST batch 6 / 7 - measures partial for class 1 - precision 0.9545 - recall 1.0000 - f1 0.9767 
INFO:root:TEST batch 6 / 7 - Batch time 0 
INFO:root:TEST batch 7 / 7 - partial error 0.0620 - partial loss 0.3424 - partial MRR  0.0000 - partial MAP 0.9803
INFO:root:TEST batch 7 / 7 -  partial tp {0: tensor(0), 1: tensor(181)},fn {0: tensor(17), 1: tensor(0)},fp {0: tensor(0), 1: tensor(17)}
INFO:root:TEST batch 7 / 7 - measures partial microavg - precision 0.9141 - recall 0.9141 - f1 0.9141 
INFO:root:TEST batch 7 / 7 - measures partial for class 0 - precision 0.0000 - recall 0.0000 - f1 0.0000 
INFO:root:TEST batch 7 / 7 - measures partial for class 1 - precision 0.9141 - recall 1.0000 - f1 0.9551 
INFO:root:TEST batch 7 / 7 - Batch time 0 
INFO:root:TEST mean losses tensor(0.3424)
INFO:root:TEST mean errors 0.06204906105995178
INFO:root:TEST mean MRR 0.0 - mean MAP 0.9803474545478821
INFO:root:TEST tp {0: tensor(0), 1: tensor(1300)},fn {0: tensor(86), 1: tensor(0)},fp {0: tensor(0), 1: tensor(86)}
INFO:root:TEST measures microavg - precision 0.9380 - recall 0.9380 - f1 0.9380 
INFO:root:TEST measures for class 0 - precision 0.0000 - recall 0.0000 - f1 0.0000 
INFO:root:TEST measures for class 1 - precision 0.9380 - recall 1.0000 - f1 0.9680 
INFO:root:TEST measures@10 microavg - precision 1.0000 - recall 0.0505 - f1 0.0962 
INFO:root:TEST measures@10 for class 0 - precision 0.0000 - recall 0.0000 - f1 0.0000 
INFO:root:TEST measures@10 for class 1 - precision 1.0000 - recall 0.0538 - f1 0.1022 
INFO:root:TEST measures@100 microavg - precision 0.9771 - recall 0.4935 - f1 0.6558 
INFO:root:TEST measures@100 for class 0 - precision 0.0000 - recall 0.0000 - f1 0.0000 
INFO:root:TEST measures@100 for class 1 - precision 0.9771 - recall 0.5262 - f1 0.6840 
INFO:root:TEST measures@1000 microavg - precision 0.9380 - recall 0.9380 - f1 0.9380 
INFO:root:TEST measures@1000 for class 0 - precision 0.0000 - recall 0.0000 - f1 0.0000 
INFO:root:TEST measures@1000 for class 1 - precision 0.9380 - recall 1.0000 - f1 0.9680 
INFO:root:TEST Total epoch time: 0.13938188200017976
INFO:root:################ TRAIN epoch 44 ###################
INFO:root:TRAIN mean losses tensor(0.2847)
INFO:root:TRAIN mean errors 0.048821549862623215
INFO:root:TRAIN mean MRR 0.0 - mean MAP 0.9814743399620056
INFO:root:TRAIN tp {0: tensor(0), 1: tensor(5650)},fn {0: tensor(290), 1: tensor(0)},fp {0: tensor(0), 1: tensor(290)}
INFO:root:TRAIN measures microavg - precision 0.9512 - recall 0.9512 - f1 0.9512 
INFO:root:TRAIN measures for class 0 - precision 0.0000 - recall 0.0000 - f1 0.0000 
INFO:root:TRAIN measures for class 1 - precision 0.9512 - recall 1.0000 - f1 0.9750 
INFO:root:TRAIN measures@10 microavg - precision 0.9967 - recall 0.0503 - f1 0.0958 
INFO:root:TRAIN measures@10 for class 0 - precision 0.0000 - recall 0.0000 - f1 0.0000 
INFO:root:TRAIN measures@10 for class 1 - precision 0.9967 - recall 0.0529 - f1 0.1005 
INFO:root:TRAIN measures@100 microavg - precision 0.9750 - recall 0.4924 - f1 0.6544 
INFO:root:TRAIN measures@100 for class 0 - precision 0.0000 - recall 0.0000 - f1 0.0000 
INFO:root:TRAIN measures@100 for class 1 - precision 0.9750 - recall 0.5177 - f1 0.6763 
INFO:root:TRAIN measures@1000 microavg - precision 0.9512 - recall 0.9512 - f1 0.9512 
INFO:root:TRAIN measures@1000 for class 0 - precision 0.0000 - recall 0.0000 - f1 0.0000 
INFO:root:TRAIN measures@1000 for class 1 - precision 0.9512 - recall 1.0000 - f1 0.9750 
INFO:root:TRAIN Total epoch time: 0.871209354000257
INFO:root:################ VALID epoch 44 ###################
INFO:root:VALID mean losses tensor(0.2622)
INFO:root:VALID mean errors 0.046296294778585434
INFO:root:VALID mean MRR 0.0 - mean MAP 0.9821645021438599
INFO:root:VALID tp {0: tensor(0), 1: tensor(1133)},fn {0: tensor(55), 1: tensor(0)},fp {0: tensor(0), 1: tensor(55)}
INFO:root:VALID measures microavg - precision 0.9537 - recall 0.9537 - f1 0.9537 
INFO:root:VALID measures for class 0 - precision 0.0000 - recall 0.0000 - f1 0.0000 
INFO:root:VALID measures for class 1 - precision 0.9537 - recall 1.0000 - f1 0.9763 
INFO:root:VALID measures@10 microavg - precision 0.9833 - recall 0.0497 - f1 0.0946 
INFO:root:VALID measures@10 for class 0 - precision 0.0000 - recall 0.0000 - f1 0.0000 
INFO:root:VALID measures@10 for class 1 - precision 0.9833 - recall 0.0521 - f1 0.0989 
INFO:root:VALID measures@100 microavg - precision 0.9867 - recall 0.4983 - f1 0.6622 
INFO:root:VALID measures@100 for class 0 - precision 0.0000 - recall 0.0000 - f1 0.0000 
INFO:root:VALID measures@100 for class 1 - precision 0.9867 - recall 0.5225 - f1 0.6832 
INFO:root:VALID measures@1000 microavg - precision 0.9537 - recall 0.9537 - f1 0.9537 
INFO:root:VALID measures@1000 for class 0 - precision 0.0000 - recall 0.0000 - f1 0.0000 
INFO:root:VALID measures@1000 for class 1 - precision 0.9537 - recall 1.0000 - f1 0.9763 
INFO:root:VALID Total epoch time: 0.11467794800000775
INFO:root:################ TEST epoch 44 ###################
INFO:root:TEST batch 1 / 7 - partial error 0.0455 - partial loss 0.2888 - partial MRR  0.0000 - partial MAP 0.9797
INFO:root:TEST batch 1 / 7 -  partial tp {0: tensor(0), 1: tensor(189)},fn {0: tensor(9), 1: tensor(0)},fp {0: tensor(0), 1: tensor(9)}
INFO:root:TEST batch 1 / 7 - measures partial microavg - precision 0.9545 - recall 0.9545 - f1 0.9545 
INFO:root:TEST batch 1 / 7 - measures partial for class 0 - precision 0.0000 - recall 0.0000 - f1 0.0000 
INFO:root:TEST batch 1 / 7 - measures partial for class 1 - precision 0.9545 - recall 1.0000 - f1 0.9767 
INFO:root:TEST batch 1 / 7 - Batch time 0 
INFO:root:TEST batch 2 / 7 - partial error 0.0581 - partial loss 0.3374 - partial MRR  0.0000 - partial MAP 0.9774
INFO:root:TEST batch 2 / 7 -  partial tp {0: tensor(0), 1: tensor(184)},fn {0: tensor(14), 1: tensor(0)},fp {0: tensor(0), 1: tensor(14)}
INFO:root:TEST batch 2 / 7 - measures partial microavg - precision 0.9293 - recall 0.9293 - f1 0.9293 
INFO:root:TEST batch 2 / 7 - measures partial for class 0 - precision 0.0000 - recall 0.0000 - f1 0.0000 
INFO:root:TEST batch 2 / 7 - measures partial for class 1 - precision 0.9293 - recall 1.0000 - f1 0.9634 
INFO:root:TEST batch 2 / 7 - Batch time 0 
INFO:root:TEST batch 3 / 7 - partial error 0.0556 - partial loss 0.3234 - partial MRR  0.0000 - partial MAP 0.9780
INFO:root:TEST batch 3 / 7 -  partial tp {0: tensor(0), 1: tensor(188)},fn {0: tensor(10), 1: tensor(0)},fp {0: tensor(0), 1: tensor(10)}
INFO:root:TEST batch 3 / 7 - measures partial microavg - precision 0.9495 - recall 0.9495 - f1 0.9495 
INFO:root:TEST batch 3 / 7 - measures partial for class 0 - precision 0.0000 - recall 0.0000 - f1 0.0000 
INFO:root:TEST batch 3 / 7 - measures partial for class 1 - precision 0.9495 - recall 1.0000 - f1 0.9741 
INFO:root:TEST batch 3 / 7 - Batch time 0 
INFO:root:TEST batch 4 / 7 - partial error 0.0568 - partial loss 0.3264 - partial MRR  0.0000 - partial MAP 0.9782
INFO:root:TEST batch 4 / 7 -  partial tp {0: tensor(0), 1: tensor(186)},fn {0: tensor(12), 1: tensor(0)},fp {0: tensor(0), 1: tensor(12)}
INFO:root:TEST batch 4 / 7 - measures partial microavg - precision 0.9394 - recall 0.9394 - f1 0.9394 
INFO:root:TEST batch 4 / 7 - measures partial for class 0 - precision 0.0000 - recall 0.0000 - f1 0.0000 
INFO:root:TEST batch 4 / 7 - measures partial for class 1 - precision 0.9394 - recall 1.0000 - f1 0.9688 
INFO:root:TEST batch 4 / 7 - Batch time 0 
INFO:root:TEST batch 5 / 7 - partial error 0.0606 - partial loss 0.3429 - partial MRR  0.0000 - partial MAP 0.9767
INFO:root:TEST batch 5 / 7 -  partial tp {0: tensor(0), 1: tensor(183)},fn {0: tensor(15), 1: tensor(0)},fp {0: tensor(0), 1: tensor(15)}
INFO:root:TEST batch 5 / 7 - measures partial microavg - precision 0.9242 - recall 0.9242 - f1 0.9242 
INFO:root:TEST batch 5 / 7 - measures partial for class 0 - precision 0.0000 - recall 0.0000 - f1 0.0000 
INFO:root:TEST batch 5 / 7 - measures partial for class 1 - precision 0.9242 - recall 1.0000 - f1 0.9606 
INFO:root:TEST batch 5 / 7 - Batch time 0 
INFO:root:TEST batch 6 / 7 - partial error 0.0581 - partial loss 0.3277 - partial MRR  0.0000 - partial MAP 0.9784
INFO:root:TEST batch 6 / 7 -  partial tp {0: tensor(0), 1: tensor(189)},fn {0: tensor(9), 1: tensor(0)},fp {0: tensor(0), 1: tensor(9)}
INFO:root:TEST batch 6 / 7 - measures partial microavg - precision 0.9545 - recall 0.9545 - f1 0.9545 
INFO:root:TEST batch 6 / 7 - measures partial for class 0 - precision 0.0000 - recall 0.0000 - f1 0.0000 
INFO:root:TEST batch 6 / 7 - measures partial for class 1 - precision 0.9545 - recall 1.0000 - f1 0.9767 
INFO:root:TEST batch 6 / 7 - Batch time 0 
INFO:root:TEST batch 7 / 7 - partial error 0.0620 - partial loss 0.3429 - partial MRR  0.0000 - partial MAP 0.9783
INFO:root:TEST batch 7 / 7 -  partial tp {0: tensor(0), 1: tensor(181)},fn {0: tensor(17), 1: tensor(0)},fp {0: tensor(0), 1: tensor(17)}
INFO:root:TEST batch 7 / 7 - measures partial microavg - precision 0.9141 - recall 0.9141 - f1 0.9141 
INFO:root:TEST batch 7 / 7 - measures partial for class 0 - precision 0.0000 - recall 0.0000 - f1 0.0000 
INFO:root:TEST batch 7 / 7 - measures partial for class 1 - precision 0.9141 - recall 1.0000 - f1 0.9551 
INFO:root:TEST batch 7 / 7 - Batch time 0 
INFO:root:TEST mean losses tensor(0.3429)
INFO:root:TEST mean errors 0.06204906105995178
INFO:root:TEST mean MRR 0.0 - mean MAP 0.9782619476318359
INFO:root:TEST tp {0: tensor(0), 1: tensor(1300)},fn {0: tensor(86), 1: tensor(0)},fp {0: tensor(0), 1: tensor(86)}
INFO:root:TEST measures microavg - precision 0.9380 - recall 0.9380 - f1 0.9380 
INFO:root:TEST measures for class 0 - precision 0.0000 - recall 0.0000 - f1 0.0000 
INFO:root:TEST measures for class 1 - precision 0.9380 - recall 1.0000 - f1 0.9680 
INFO:root:TEST measures@10 microavg - precision 1.0000 - recall 0.0505 - f1 0.0962 
INFO:root:TEST measures@10 for class 0 - precision 0.0000 - recall 0.0000 - f1 0.0000 
INFO:root:TEST measures@10 for class 1 - precision 1.0000 - recall 0.0538 - f1 0.1022 
INFO:root:TEST measures@100 microavg - precision 0.9671 - recall 0.4885 - f1 0.6491 
INFO:root:TEST measures@100 for class 0 - precision 0.0000 - recall 0.0000 - f1 0.0000 
INFO:root:TEST measures@100 for class 1 - precision 0.9671 - recall 0.5208 - f1 0.6770 
INFO:root:TEST measures@1000 microavg - precision 0.9380 - recall 0.9380 - f1 0.9380 
INFO:root:TEST measures@1000 for class 0 - precision 0.0000 - recall 0.0000 - f1 0.0000 
INFO:root:TEST measures@1000 for class 1 - precision 0.9380 - recall 1.0000 - f1 0.9680 
INFO:root:TEST Total epoch time: 0.14209749599967836
INFO:root:################ TRAIN epoch 45 ###################
INFO:root:TRAIN mean losses tensor(0.2870)
INFO:root:TRAIN mean errors 0.048821549862623215
INFO:root:TRAIN mean MRR 0.0 - mean MAP 0.9803851246833801
INFO:root:TRAIN tp {0: tensor(0), 1: tensor(5650)},fn {0: tensor(290), 1: tensor(0)},fp {0: tensor(0), 1: tensor(290)}
INFO:root:TRAIN measures microavg - precision 0.9512 - recall 0.9512 - f1 0.9512 
INFO:root:TRAIN measures for class 0 - precision 0.0000 - recall 0.0000 - f1 0.0000 
INFO:root:TRAIN measures for class 1 - precision 0.9512 - recall 1.0000 - f1 0.9750 
INFO:root:TRAIN measures@10 microavg - precision 0.9933 - recall 0.0502 - f1 0.0955 
INFO:root:TRAIN measures@10 for class 0 - precision 0.0000 - recall 0.0000 - f1 0.0000 
INFO:root:TRAIN measures@10 for class 1 - precision 0.9933 - recall 0.0527 - f1 0.1002 
INFO:root:TRAIN measures@100 microavg - precision 0.9780 - recall 0.4939 - f1 0.6564 
INFO:root:TRAIN measures@100 for class 0 - precision 0.0000 - recall 0.0000 - f1 0.0000 
INFO:root:TRAIN measures@100 for class 1 - precision 0.9780 - recall 0.5193 - f1 0.6784 
INFO:root:TRAIN measures@1000 microavg - precision 0.9512 - recall 0.9512 - f1 0.9512 
INFO:root:TRAIN measures@1000 for class 0 - precision 0.0000 - recall 0.0000 - f1 0.0000 
INFO:root:TRAIN measures@1000 for class 1 - precision 0.9512 - recall 1.0000 - f1 0.9750 
INFO:root:TRAIN Total epoch time: 0.8554251479999948
INFO:root:################ VALID epoch 45 ###################
INFO:root:VALID mean losses tensor(0.2620)
INFO:root:VALID mean errors 0.046296294778585434
INFO:root:VALID mean MRR 0.0 - mean MAP 0.9819612503051758
INFO:root:VALID tp {0: tensor(0), 1: tensor(1133)},fn {0: tensor(55), 1: tensor(0)},fp {0: tensor(0), 1: tensor(55)}
INFO:root:VALID measures microavg - precision 0.9537 - recall 0.9537 - f1 0.9537 
INFO:root:VALID measures for class 0 - precision 0.0000 - recall 0.0000 - f1 0.0000 
INFO:root:VALID measures for class 1 - precision 0.9537 - recall 1.0000 - f1 0.9763 
INFO:root:VALID measures@10 microavg - precision 0.9667 - recall 0.0488 - f1 0.0929 
INFO:root:VALID measures@10 for class 0 - precision 0.0000 - recall 0.0000 - f1 0.0000 
INFO:root:VALID measures@10 for class 1 - precision 0.9667 - recall 0.0512 - f1 0.0972 
INFO:root:VALID measures@100 microavg - precision 0.9833 - recall 0.4966 - f1 0.6600 
INFO:root:VALID measures@100 for class 0 - precision 0.0000 - recall 0.0000 - f1 0.0000 
INFO:root:VALID measures@100 for class 1 - precision 0.9833 - recall 0.5207 - f1 0.6809 
INFO:root:VALID measures@1000 microavg - precision 0.9537 - recall 0.9537 - f1 0.9537 
INFO:root:VALID measures@1000 for class 0 - precision 0.0000 - recall 0.0000 - f1 0.0000 
INFO:root:VALID measures@1000 for class 1 - precision 0.9537 - recall 1.0000 - f1 0.9763 
INFO:root:VALID Total epoch time: 0.11077252399991266
INFO:root:################ TEST epoch 45 ###################
INFO:root:TEST batch 1 / 7 - partial error 0.0455 - partial loss 0.2839 - partial MRR  0.0000 - partial MAP 0.9803
INFO:root:TEST batch 1 / 7 -  partial tp {0: tensor(0), 1: tensor(189)},fn {0: tensor(9), 1: tensor(0)},fp {0: tensor(0), 1: tensor(9)}
INFO:root:TEST batch 1 / 7 - measures partial microavg - precision 0.9545 - recall 0.9545 - f1 0.9545 
INFO:root:TEST batch 1 / 7 - measures partial for class 0 - precision 0.0000 - recall 0.0000 - f1 0.0000 
INFO:root:TEST batch 1 / 7 - measures partial for class 1 - precision 0.9545 - recall 1.0000 - f1 0.9767 
INFO:root:TEST batch 1 / 7 - Batch time 0 
INFO:root:TEST batch 2 / 7 - partial error 0.0581 - partial loss 0.3384 - partial MRR  0.0000 - partial MAP 0.9764
INFO:root:TEST batch 2 / 7 -  partial tp {0: tensor(0), 1: tensor(184)},fn {0: tensor(14), 1: tensor(0)},fp {0: tensor(0), 1: tensor(14)}
INFO:root:TEST batch 2 / 7 - measures partial microavg - precision 0.9293 - recall 0.9293 - f1 0.9293 
INFO:root:TEST batch 2 / 7 - measures partial for class 0 - precision 0.0000 - recall 0.0000 - f1 0.0000 
INFO:root:TEST batch 2 / 7 - measures partial for class 1 - precision 0.9293 - recall 1.0000 - f1 0.9634 
INFO:root:TEST batch 2 / 7 - Batch time 0 
INFO:root:TEST batch 3 / 7 - partial error 0.0556 - partial loss 0.3252 - partial MRR  0.0000 - partial MAP 0.9771
INFO:root:TEST batch 3 / 7 -  partial tp {0: tensor(0), 1: tensor(188)},fn {0: tensor(10), 1: tensor(0)},fp {0: tensor(0), 1: tensor(10)}
INFO:root:TEST batch 3 / 7 - measures partial microavg - precision 0.9495 - recall 0.9495 - f1 0.9495 
INFO:root:TEST batch 3 / 7 - measures partial for class 0 - precision 0.0000 - recall 0.0000 - f1 0.0000 
INFO:root:TEST batch 3 / 7 - measures partial for class 1 - precision 0.9495 - recall 1.0000 - f1 0.9741 
INFO:root:TEST batch 3 / 7 - Batch time 0 
INFO:root:TEST batch 4 / 7 - partial error 0.0568 - partial loss 0.3281 - partial MRR  0.0000 - partial MAP 0.9767
INFO:root:TEST batch 4 / 7 -  partial tp {0: tensor(0), 1: tensor(186)},fn {0: tensor(12), 1: tensor(0)},fp {0: tensor(0), 1: tensor(12)}
INFO:root:TEST batch 4 / 7 - measures partial microavg - precision 0.9394 - recall 0.9394 - f1 0.9394 
INFO:root:TEST batch 4 / 7 - measures partial for class 0 - precision 0.0000 - recall 0.0000 - f1 0.0000 
INFO:root:TEST batch 4 / 7 - measures partial for class 1 - precision 0.9394 - recall 1.0000 - f1 0.9688 
INFO:root:TEST batch 4 / 7 - Batch time 0 
INFO:root:TEST batch 5 / 7 - partial error 0.0606 - partial loss 0.3454 - partial MRR  0.0000 - partial MAP 0.9759
INFO:root:TEST batch 5 / 7 -  partial tp {0: tensor(0), 1: tensor(183)},fn {0: tensor(15), 1: tensor(0)},fp {0: tensor(0), 1: tensor(15)}
INFO:root:TEST batch 5 / 7 - measures partial microavg - precision 0.9242 - recall 0.9242 - f1 0.9242 
INFO:root:TEST batch 5 / 7 - measures partial for class 0 - precision 0.0000 - recall 0.0000 - f1 0.0000 
INFO:root:TEST batch 5 / 7 - measures partial for class 1 - precision 0.9242 - recall 1.0000 - f1 0.9606 
INFO:root:TEST batch 5 / 7 - Batch time 0 
INFO:root:TEST batch 6 / 7 - partial error 0.0581 - partial loss 0.3294 - partial MRR  0.0000 - partial MAP 0.9779
INFO:root:TEST batch 6 / 7 -  partial tp {0: tensor(0), 1: tensor(189)},fn {0: tensor(9), 1: tensor(0)},fp {0: tensor(0), 1: tensor(9)}
INFO:root:TEST batch 6 / 7 - measures partial microavg - precision 0.9545 - recall 0.9545 - f1 0.9545 
INFO:root:TEST batch 6 / 7 - measures partial for class 0 - precision 0.0000 - recall 0.0000 - f1 0.0000 
INFO:root:TEST batch 6 / 7 - measures partial for class 1 - precision 0.9545 - recall 1.0000 - f1 0.9767 
INFO:root:TEST batch 6 / 7 - Batch time 0 
INFO:root:TEST batch 7 / 7 - partial error 0.0620 - partial loss 0.3450 - partial MRR  0.0000 - partial MAP 0.9782
INFO:root:TEST batch 7 / 7 -  partial tp {0: tensor(0), 1: tensor(181)},fn {0: tensor(17), 1: tensor(0)},fp {0: tensor(0), 1: tensor(17)}
INFO:root:TEST batch 7 / 7 - measures partial microavg - precision 0.9141 - recall 0.9141 - f1 0.9141 
INFO:root:TEST batch 7 / 7 - measures partial for class 0 - precision 0.0000 - recall 0.0000 - f1 0.0000 
INFO:root:TEST batch 7 / 7 - measures partial for class 1 - precision 0.9141 - recall 1.0000 - f1 0.9551 
INFO:root:TEST batch 7 / 7 - Batch time 0 
INFO:root:TEST mean losses tensor(0.3450)
INFO:root:TEST mean errors 0.06204906105995178
INFO:root:TEST mean MRR 0.0 - mean MAP 0.9782074689865112
INFO:root:TEST tp {0: tensor(0), 1: tensor(1300)},fn {0: tensor(86), 1: tensor(0)},fp {0: tensor(0), 1: tensor(86)}
INFO:root:TEST measures microavg - precision 0.9380 - recall 0.9380 - f1 0.9380 
INFO:root:TEST measures for class 0 - precision 0.0000 - recall 0.0000 - f1 0.0000 
INFO:root:TEST measures for class 1 - precision 0.9380 - recall 1.0000 - f1 0.9680 
INFO:root:TEST measures@10 microavg - precision 1.0000 - recall 0.0505 - f1 0.0962 
INFO:root:TEST measures@10 for class 0 - precision 0.0000 - recall 0.0000 - f1 0.0000 
INFO:root:TEST measures@10 for class 1 - precision 1.0000 - recall 0.0538 - f1 0.1022 
INFO:root:TEST measures@100 microavg - precision 0.9629 - recall 0.4863 - f1 0.6462 
INFO:root:TEST measures@100 for class 0 - precision 0.0000 - recall 0.0000 - f1 0.0000 
INFO:root:TEST measures@100 for class 1 - precision 0.9629 - recall 0.5185 - f1 0.6740 
INFO:root:TEST measures@1000 microavg - precision 0.9380 - recall 0.9380 - f1 0.9380 
INFO:root:TEST measures@1000 for class 0 - precision 0.0000 - recall 0.0000 - f1 0.0000 
INFO:root:TEST measures@1000 for class 1 - precision 0.9380 - recall 1.0000 - f1 0.9680 
INFO:root:TEST Total epoch time: 0.14155894300029104
INFO:root:################ TRAIN epoch 46 ###################
INFO:root:TRAIN mean losses tensor(0.2852)
INFO:root:TRAIN mean errors 0.048821549862623215
INFO:root:TRAIN mean MRR 0.0 - mean MAP 0.9809457659721375
INFO:root:TRAIN tp {0: tensor(0), 1: tensor(5650)},fn {0: tensor(290), 1: tensor(0)},fp {0: tensor(0), 1: tensor(290)}
INFO:root:TRAIN measures microavg - precision 0.9512 - recall 0.9512 - f1 0.9512 
INFO:root:TRAIN measures for class 0 - precision 0.0000 - recall 0.0000 - f1 0.0000 
INFO:root:TRAIN measures for class 1 - precision 0.9512 - recall 1.0000 - f1 0.9750 
INFO:root:TRAIN measures@10 microavg - precision 0.9867 - recall 0.0498 - f1 0.0949 
INFO:root:TRAIN measures@10 for class 0 - precision 0.0000 - recall 0.0000 - f1 0.0000 
INFO:root:TRAIN measures@10 for class 1 - precision 0.9867 - recall 0.0524 - f1 0.0995 
INFO:root:TRAIN measures@100 microavg - precision 0.9750 - recall 0.4924 - f1 0.6544 
INFO:root:TRAIN measures@100 for class 0 - precision 0.0000 - recall 0.0000 - f1 0.0000 
INFO:root:TRAIN measures@100 for class 1 - precision 0.9750 - recall 0.5177 - f1 0.6763 
INFO:root:TRAIN measures@1000 microavg - precision 0.9512 - recall 0.9512 - f1 0.9512 
INFO:root:TRAIN measures@1000 for class 0 - precision 0.0000 - recall 0.0000 - f1 0.0000 
INFO:root:TRAIN measures@1000 for class 1 - precision 0.9512 - recall 1.0000 - f1 0.9750 
INFO:root:TRAIN Total epoch time: 0.8556843890000891
INFO:root:################ VALID epoch 46 ###################
INFO:root:VALID mean losses tensor(0.2654)
INFO:root:VALID mean errors 0.046296294778585434
INFO:root:VALID mean MRR 0.0 - mean MAP 0.9810858964920044
INFO:root:VALID tp {0: tensor(0), 1: tensor(1133)},fn {0: tensor(55), 1: tensor(0)},fp {0: tensor(0), 1: tensor(55)}
INFO:root:VALID measures microavg - precision 0.9537 - recall 0.9537 - f1 0.9537 
INFO:root:VALID measures for class 0 - precision 0.0000 - recall 0.0000 - f1 0.0000 
INFO:root:VALID measures for class 1 - precision 0.9537 - recall 1.0000 - f1 0.9763 
INFO:root:VALID measures@10 microavg - precision 1.0000 - recall 0.0505 - f1 0.0962 
INFO:root:VALID measures@10 for class 0 - precision 0.0000 - recall 0.0000 - f1 0.0000 
INFO:root:VALID measures@10 for class 1 - precision 1.0000 - recall 0.0530 - f1 0.1006 
INFO:root:VALID measures@100 microavg - precision 0.9783 - recall 0.4941 - f1 0.6566 
INFO:root:VALID measures@100 for class 0 - precision 0.0000 - recall 0.0000 - f1 0.0000 
INFO:root:VALID measures@100 for class 1 - precision 0.9783 - recall 0.5181 - f1 0.6774 
INFO:root:VALID measures@1000 microavg - precision 0.9537 - recall 0.9537 - f1 0.9537 
INFO:root:VALID measures@1000 for class 0 - precision 0.0000 - recall 0.0000 - f1 0.0000 
INFO:root:VALID measures@1000 for class 1 - precision 0.9537 - recall 1.0000 - f1 0.9763 
INFO:root:VALID Total epoch time: 0.20329970100010542
INFO:root:################ TEST epoch 46 ###################
INFO:root:TEST batch 1 / 7 - partial error 0.0455 - partial loss 0.2836 - partial MRR  0.0000 - partial MAP 0.9811
INFO:root:TEST batch 1 / 7 -  partial tp {0: tensor(0), 1: tensor(189)},fn {0: tensor(9), 1: tensor(0)},fp {0: tensor(0), 1: tensor(9)}
INFO:root:TEST batch 1 / 7 - measures partial microavg - precision 0.9545 - recall 0.9545 - f1 0.9545 
INFO:root:TEST batch 1 / 7 - measures partial for class 0 - precision 0.0000 - recall 0.0000 - f1 0.0000 
INFO:root:TEST batch 1 / 7 - measures partial for class 1 - precision 0.9545 - recall 1.0000 - f1 0.9767 
INFO:root:TEST batch 1 / 7 - Batch time 0 
INFO:root:TEST batch 2 / 7 - partial error 0.0581 - partial loss 0.3363 - partial MRR  0.0000 - partial MAP 0.9775
INFO:root:TEST batch 2 / 7 -  partial tp {0: tensor(0), 1: tensor(184)},fn {0: tensor(14), 1: tensor(0)},fp {0: tensor(0), 1: tensor(14)}
INFO:root:TEST batch 2 / 7 - measures partial microavg - precision 0.9293 - recall 0.9293 - f1 0.9293 
INFO:root:TEST batch 2 / 7 - measures partial for class 0 - precision 0.0000 - recall 0.0000 - f1 0.0000 
INFO:root:TEST batch 2 / 7 - measures partial for class 1 - precision 0.9293 - recall 1.0000 - f1 0.9634 
INFO:root:TEST batch 2 / 7 - Batch time 0 
INFO:root:TEST batch 3 / 7 - partial error 0.0556 - partial loss 0.3216 - partial MRR  0.0000 - partial MAP 0.9800
INFO:root:TEST batch 3 / 7 -  partial tp {0: tensor(0), 1: tensor(188)},fn {0: tensor(10), 1: tensor(0)},fp {0: tensor(0), 1: tensor(10)}
INFO:root:TEST batch 3 / 7 - measures partial microavg - precision 0.9495 - recall 0.9495 - f1 0.9495 
INFO:root:TEST batch 3 / 7 - measures partial for class 0 - precision 0.0000 - recall 0.0000 - f1 0.0000 
INFO:root:TEST batch 3 / 7 - measures partial for class 1 - precision 0.9495 - recall 1.0000 - f1 0.9741 
INFO:root:TEST batch 3 / 7 - Batch time 0 
INFO:root:TEST batch 4 / 7 - partial error 0.0568 - partial loss 0.3226 - partial MRR  0.0000 - partial MAP 0.9803
INFO:root:TEST batch 4 / 7 -  partial tp {0: tensor(0), 1: tensor(186)},fn {0: tensor(12), 1: tensor(0)},fp {0: tensor(0), 1: tensor(12)}
INFO:root:TEST batch 4 / 7 - measures partial microavg - precision 0.9394 - recall 0.9394 - f1 0.9394 
INFO:root:TEST batch 4 / 7 - measures partial for class 0 - precision 0.0000 - recall 0.0000 - f1 0.0000 
INFO:root:TEST batch 4 / 7 - measures partial for class 1 - precision 0.9394 - recall 1.0000 - f1 0.9688 
INFO:root:TEST batch 4 / 7 - Batch time 0 
INFO:root:TEST batch 5 / 7 - partial error 0.0606 - partial loss 0.3409 - partial MRR  0.0000 - partial MAP 0.9784
INFO:root:TEST batch 5 / 7 -  partial tp {0: tensor(0), 1: tensor(183)},fn {0: tensor(15), 1: tensor(0)},fp {0: tensor(0), 1: tensor(15)}
INFO:root:TEST batch 5 / 7 - measures partial microavg - precision 0.9242 - recall 0.9242 - f1 0.9242 
INFO:root:TEST batch 5 / 7 - measures partial for class 0 - precision 0.0000 - recall 0.0000 - f1 0.0000 
INFO:root:TEST batch 5 / 7 - measures partial for class 1 - precision 0.9242 - recall 1.0000 - f1 0.9606 
INFO:root:TEST batch 5 / 7 - Batch time 0 
INFO:root:TEST batch 6 / 7 - partial error 0.0581 - partial loss 0.3258 - partial MRR  0.0000 - partial MAP 0.9804
INFO:root:TEST batch 6 / 7 -  partial tp {0: tensor(0), 1: tensor(189)},fn {0: tensor(9), 1: tensor(0)},fp {0: tensor(0), 1: tensor(9)}
INFO:root:TEST batch 6 / 7 - measures partial microavg - precision 0.9545 - recall 0.9545 - f1 0.9545 
INFO:root:TEST batch 6 / 7 - measures partial for class 0 - precision 0.0000 - recall 0.0000 - f1 0.0000 
INFO:root:TEST batch 6 / 7 - measures partial for class 1 - precision 0.9545 - recall 1.0000 - f1 0.9767 
INFO:root:TEST batch 6 / 7 - Batch time 0 
INFO:root:TEST batch 7 / 7 - partial error 0.0620 - partial loss 0.3413 - partial MRR  0.0000 - partial MAP 0.9802
INFO:root:TEST batch 7 / 7 -  partial tp {0: tensor(0), 1: tensor(181)},fn {0: tensor(17), 1: tensor(0)},fp {0: tensor(0), 1: tensor(17)}
INFO:root:TEST batch 7 / 7 - measures partial microavg - precision 0.9141 - recall 0.9141 - f1 0.9141 
INFO:root:TEST batch 7 / 7 - measures partial for class 0 - precision 0.0000 - recall 0.0000 - f1 0.0000 
INFO:root:TEST batch 7 / 7 - measures partial for class 1 - precision 0.9141 - recall 1.0000 - f1 0.9551 
INFO:root:TEST batch 7 / 7 - Batch time 0 
INFO:root:TEST mean losses tensor(0.3413)
INFO:root:TEST mean errors 0.06204906105995178
INFO:root:TEST mean MRR 0.0 - mean MAP 0.9801534414291382
INFO:root:TEST tp {0: tensor(0), 1: tensor(1300)},fn {0: tensor(86), 1: tensor(0)},fp {0: tensor(0), 1: tensor(86)}
INFO:root:TEST measures microavg - precision 0.9380 - recall 0.9380 - f1 0.9380 
INFO:root:TEST measures for class 0 - precision 0.0000 - recall 0.0000 - f1 0.0000 
INFO:root:TEST measures for class 1 - precision 0.9380 - recall 1.0000 - f1 0.9680 
INFO:root:TEST measures@10 microavg - precision 1.0000 - recall 0.0505 - f1 0.0962 
INFO:root:TEST measures@10 for class 0 - precision 0.0000 - recall 0.0000 - f1 0.0000 
INFO:root:TEST measures@10 for class 1 - precision 1.0000 - recall 0.0538 - f1 0.1022 
INFO:root:TEST measures@100 microavg - precision 0.9686 - recall 0.4892 - f1 0.6500 
INFO:root:TEST measures@100 for class 0 - precision 0.0000 - recall 0.0000 - f1 0.0000 
INFO:root:TEST measures@100 for class 1 - precision 0.9686 - recall 0.5215 - f1 0.6780 
INFO:root:TEST measures@1000 microavg - precision 0.9380 - recall 0.9380 - f1 0.9380 
INFO:root:TEST measures@1000 for class 0 - precision 0.0000 - recall 0.0000 - f1 0.0000 
INFO:root:TEST measures@1000 for class 1 - precision 0.9380 - recall 1.0000 - f1 0.9680 
INFO:root:TEST Total epoch time: 0.15223525900000823
INFO:root:################ TRAIN epoch 47 ###################
INFO:root:TRAIN mean losses tensor(0.2874)
INFO:root:TRAIN mean errors 0.048821549862623215
INFO:root:TRAIN mean MRR 0.0 - mean MAP 0.980276882648468
INFO:root:TRAIN tp {0: tensor(0), 1: tensor(5650)},fn {0: tensor(290), 1: tensor(0)},fp {0: tensor(0), 1: tensor(290)}
INFO:root:TRAIN measures microavg - precision 0.9512 - recall 0.9512 - f1 0.9512 
INFO:root:TRAIN measures for class 0 - precision 0.0000 - recall 0.0000 - f1 0.0000 
INFO:root:TRAIN measures for class 1 - precision 0.9512 - recall 1.0000 - f1 0.9750 
INFO:root:TRAIN measures@10 microavg - precision 0.9900 - recall 0.0500 - f1 0.0952 
INFO:root:TRAIN measures@10 for class 0 - precision 0.0000 - recall 0.0000 - f1 0.0000 
INFO:root:TRAIN measures@10 for class 1 - precision 0.9900 - recall 0.0526 - f1 0.0998 
INFO:root:TRAIN measures@100 microavg - precision 0.9750 - recall 0.4924 - f1 0.6544 
INFO:root:TRAIN measures@100 for class 0 - precision 0.0000 - recall 0.0000 - f1 0.0000 
INFO:root:TRAIN measures@100 for class 1 - precision 0.9750 - recall 0.5177 - f1 0.6763 
INFO:root:TRAIN measures@1000 microavg - precision 0.9512 - recall 0.9512 - f1 0.9512 
INFO:root:TRAIN measures@1000 for class 0 - precision 0.0000 - recall 0.0000 - f1 0.0000 
INFO:root:TRAIN measures@1000 for class 1 - precision 0.9512 - recall 1.0000 - f1 0.9750 
INFO:root:TRAIN Total epoch time: 0.8355897269998422
INFO:root:################ VALID epoch 47 ###################
INFO:root:VALID mean losses tensor(0.2599)
INFO:root:VALID mean errors 0.046296294778585434
INFO:root:VALID mean MRR 0.0 - mean MAP 0.984220564365387
INFO:root:VALID tp {0: tensor(0), 1: tensor(1133)},fn {0: tensor(55), 1: tensor(0)},fp {0: tensor(0), 1: tensor(55)}
INFO:root:VALID measures microavg - precision 0.9537 - recall 0.9537 - f1 0.9537 
INFO:root:VALID measures for class 0 - precision 0.0000 - recall 0.0000 - f1 0.0000 
INFO:root:VALID measures for class 1 - precision 0.9537 - recall 1.0000 - f1 0.9763 
INFO:root:VALID measures@10 microavg - precision 1.0000 - recall 0.0505 - f1 0.0962 
INFO:root:VALID measures@10 for class 0 - precision 0.0000 - recall 0.0000 - f1 0.0000 
INFO:root:VALID measures@10 for class 1 - precision 1.0000 - recall 0.0530 - f1 0.1006 
INFO:root:VALID measures@100 microavg - precision 0.9800 - recall 0.4949 - f1 0.6577 
INFO:root:VALID measures@100 for class 0 - precision 0.0000 - recall 0.0000 - f1 0.0000 
INFO:root:VALID measures@100 for class 1 - precision 0.9800 - recall 0.5190 - f1 0.6786 
INFO:root:VALID measures@1000 microavg - precision 0.9537 - recall 0.9537 - f1 0.9537 
INFO:root:VALID measures@1000 for class 0 - precision 0.0000 - recall 0.0000 - f1 0.0000 
INFO:root:VALID measures@1000 for class 1 - precision 0.9537 - recall 1.0000 - f1 0.9763 
INFO:root:VALID Total epoch time: 0.10609188499984157
INFO:root:################ TEST epoch 47 ###################
INFO:root:TEST batch 1 / 7 - partial error 0.0455 - partial loss 0.2857 - partial MRR  0.0000 - partial MAP 0.9822
INFO:root:TEST batch 1 / 7 -  partial tp {0: tensor(0), 1: tensor(189)},fn {0: tensor(9), 1: tensor(0)},fp {0: tensor(0), 1: tensor(9)}
INFO:root:TEST batch 1 / 7 - measures partial microavg - precision 0.9545 - recall 0.9545 - f1 0.9545 
INFO:root:TEST batch 1 / 7 - measures partial for class 0 - precision 0.0000 - recall 0.0000 - f1 0.0000 
INFO:root:TEST batch 1 / 7 - measures partial for class 1 - precision 0.9545 - recall 1.0000 - f1 0.9767 
INFO:root:TEST batch 1 / 7 - Batch time 0 
INFO:root:TEST batch 2 / 7 - partial error 0.0581 - partial loss 0.3387 - partial MRR  0.0000 - partial MAP 0.9780
INFO:root:TEST batch 2 / 7 -  partial tp {0: tensor(0), 1: tensor(184)},fn {0: tensor(14), 1: tensor(0)},fp {0: tensor(0), 1: tensor(14)}
INFO:root:TEST batch 2 / 7 - measures partial microavg - precision 0.9293 - recall 0.9293 - f1 0.9293 
INFO:root:TEST batch 2 / 7 - measures partial for class 0 - precision 0.0000 - recall 0.0000 - f1 0.0000 
INFO:root:TEST batch 2 / 7 - measures partial for class 1 - precision 0.9293 - recall 1.0000 - f1 0.9634 
INFO:root:TEST batch 2 / 7 - Batch time 0 
INFO:root:TEST batch 3 / 7 - partial error 0.0556 - partial loss 0.3221 - partial MRR  0.0000 - partial MAP 0.9799
INFO:root:TEST batch 3 / 7 -  partial tp {0: tensor(0), 1: tensor(188)},fn {0: tensor(10), 1: tensor(0)},fp {0: tensor(0), 1: tensor(10)}
INFO:root:TEST batch 3 / 7 - measures partial microavg - precision 0.9495 - recall 0.9495 - f1 0.9495 
INFO:root:TEST batch 3 / 7 - measures partial for class 0 - precision 0.0000 - recall 0.0000 - f1 0.0000 
INFO:root:TEST batch 3 / 7 - measures partial for class 1 - precision 0.9495 - recall 1.0000 - f1 0.9741 
INFO:root:TEST batch 3 / 7 - Batch time 0 
INFO:root:TEST batch 4 / 7 - partial error 0.0568 - partial loss 0.3246 - partial MRR  0.0000 - partial MAP 0.9790
INFO:root:TEST batch 4 / 7 -  partial tp {0: tensor(0), 1: tensor(186)},fn {0: tensor(12), 1: tensor(0)},fp {0: tensor(0), 1: tensor(12)}
INFO:root:TEST batch 4 / 7 - measures partial microavg - precision 0.9394 - recall 0.9394 - f1 0.9394 
INFO:root:TEST batch 4 / 7 - measures partial for class 0 - precision 0.0000 - recall 0.0000 - f1 0.0000 
INFO:root:TEST batch 4 / 7 - measures partial for class 1 - precision 0.9394 - recall 1.0000 - f1 0.9688 
INFO:root:TEST batch 4 / 7 - Batch time 0 
INFO:root:TEST batch 5 / 7 - partial error 0.0606 - partial loss 0.3425 - partial MRR  0.0000 - partial MAP 0.9778
INFO:root:TEST batch 5 / 7 -  partial tp {0: tensor(0), 1: tensor(183)},fn {0: tensor(15), 1: tensor(0)},fp {0: tensor(0), 1: tensor(15)}
INFO:root:TEST batch 5 / 7 - measures partial microavg - precision 0.9242 - recall 0.9242 - f1 0.9242 
INFO:root:TEST batch 5 / 7 - measures partial for class 0 - precision 0.0000 - recall 0.0000 - f1 0.0000 
INFO:root:TEST batch 5 / 7 - measures partial for class 1 - precision 0.9242 - recall 1.0000 - f1 0.9606 
INFO:root:TEST batch 5 / 7 - Batch time 0 
INFO:root:TEST batch 6 / 7 - partial error 0.0581 - partial loss 0.3280 - partial MRR  0.0000 - partial MAP 0.9793
INFO:root:TEST batch 6 / 7 -  partial tp {0: tensor(0), 1: tensor(189)},fn {0: tensor(9), 1: tensor(0)},fp {0: tensor(0), 1: tensor(9)}
INFO:root:TEST batch 6 / 7 - measures partial microavg - precision 0.9545 - recall 0.9545 - f1 0.9545 
INFO:root:TEST batch 6 / 7 - measures partial for class 0 - precision 0.0000 - recall 0.0000 - f1 0.0000 
INFO:root:TEST batch 6 / 7 - measures partial for class 1 - precision 0.9545 - recall 1.0000 - f1 0.9767 
INFO:root:TEST batch 6 / 7 - Batch time 0 
INFO:root:TEST batch 7 / 7 - partial error 0.0620 - partial loss 0.3432 - partial MRR  0.0000 - partial MAP 0.9794
INFO:root:TEST batch 7 / 7 -  partial tp {0: tensor(0), 1: tensor(181)},fn {0: tensor(17), 1: tensor(0)},fp {0: tensor(0), 1: tensor(17)}
INFO:root:TEST batch 7 / 7 - measures partial microavg - precision 0.9141 - recall 0.9141 - f1 0.9141 
INFO:root:TEST batch 7 / 7 - measures partial for class 0 - precision 0.0000 - recall 0.0000 - f1 0.0000 
INFO:root:TEST batch 7 / 7 - measures partial for class 1 - precision 0.9141 - recall 1.0000 - f1 0.9551 
INFO:root:TEST batch 7 / 7 - Batch time 0 
INFO:root:TEST mean losses tensor(0.3432)
INFO:root:TEST mean errors 0.06204906105995178
INFO:root:TEST mean MRR 0.0 - mean MAP 0.9793910980224609
INFO:root:TEST tp {0: tensor(0), 1: tensor(1300)},fn {0: tensor(86), 1: tensor(0)},fp {0: tensor(0), 1: tensor(86)}
INFO:root:TEST measures microavg - precision 0.9380 - recall 0.9380 - f1 0.9380 
INFO:root:TEST measures for class 0 - precision 0.0000 - recall 0.0000 - f1 0.0000 
INFO:root:TEST measures for class 1 - precision 0.9380 - recall 1.0000 - f1 0.9680 
INFO:root:TEST measures@10 microavg - precision 1.0000 - recall 0.0505 - f1 0.0962 
INFO:root:TEST measures@10 for class 0 - precision 0.0000 - recall 0.0000 - f1 0.0000 
INFO:root:TEST measures@10 for class 1 - precision 1.0000 - recall 0.0538 - f1 0.1022 
INFO:root:TEST measures@100 microavg - precision 0.9729 - recall 0.4913 - f1 0.6529 
INFO:root:TEST measures@100 for class 0 - precision 0.0000 - recall 0.0000 - f1 0.0000 
INFO:root:TEST measures@100 for class 1 - precision 0.9729 - recall 0.5238 - f1 0.6810 
INFO:root:TEST measures@1000 microavg - precision 0.9380 - recall 0.9380 - f1 0.9380 
INFO:root:TEST measures@1000 for class 0 - precision 0.0000 - recall 0.0000 - f1 0.0000 
INFO:root:TEST measures@1000 for class 1 - precision 0.9380 - recall 1.0000 - f1 0.9680 
INFO:root:TEST Total epoch time: 0.1331196619998991
INFO:root:################ TRAIN epoch 48 ###################
INFO:root:TRAIN mean losses tensor(0.2848)
INFO:root:TRAIN mean errors 0.048821549862623215
INFO:root:TRAIN mean MRR 0.0 - mean MAP 0.9814516305923462
INFO:root:TRAIN tp {0: tensor(0), 1: tensor(5650)},fn {0: tensor(290), 1: tensor(0)},fp {0: tensor(0), 1: tensor(290)}
INFO:root:TRAIN measures microavg - precision 0.9512 - recall 0.9512 - f1 0.9512 
INFO:root:TRAIN measures for class 0 - precision 0.0000 - recall 0.0000 - f1 0.0000 
INFO:root:TRAIN measures for class 1 - precision 0.9512 - recall 1.0000 - f1 0.9750 
INFO:root:TRAIN measures@10 microavg - precision 0.9933 - recall 0.0502 - f1 0.0955 
INFO:root:TRAIN measures@10 for class 0 - precision 0.0000 - recall 0.0000 - f1 0.0000 
INFO:root:TRAIN measures@10 for class 1 - precision 0.9933 - recall 0.0527 - f1 0.1002 
INFO:root:TRAIN measures@100 microavg - precision 0.9760 - recall 0.4929 - f1 0.6550 
INFO:root:TRAIN measures@100 for class 0 - precision 0.0000 - recall 0.0000 - f1 0.0000 
INFO:root:TRAIN measures@100 for class 1 - precision 0.9760 - recall 0.5182 - f1 0.6770 
INFO:root:TRAIN measures@1000 microavg - precision 0.9512 - recall 0.9512 - f1 0.9512 
INFO:root:TRAIN measures@1000 for class 0 - precision 0.0000 - recall 0.0000 - f1 0.0000 
INFO:root:TRAIN measures@1000 for class 1 - precision 0.9512 - recall 1.0000 - f1 0.9750 
INFO:root:TRAIN Total epoch time: 0.8096798399997169
INFO:root:################ VALID epoch 48 ###################
INFO:root:VALID mean losses tensor(0.2606)
INFO:root:VALID mean errors 0.046296294778585434
INFO:root:VALID mean MRR 0.0 - mean MAP 0.9835379719734192
INFO:root:VALID tp {0: tensor(0), 1: tensor(1133)},fn {0: tensor(55), 1: tensor(0)},fp {0: tensor(0), 1: tensor(55)}
INFO:root:VALID measures microavg - precision 0.9537 - recall 0.9537 - f1 0.9537 
INFO:root:VALID measures for class 0 - precision 0.0000 - recall 0.0000 - f1 0.0000 
INFO:root:VALID measures for class 1 - precision 0.9537 - recall 1.0000 - f1 0.9763 
INFO:root:VALID measures@10 microavg - precision 1.0000 - recall 0.0505 - f1 0.0962 
INFO:root:VALID measures@10 for class 0 - precision 0.0000 - recall 0.0000 - f1 0.0000 
INFO:root:VALID measures@10 for class 1 - precision 1.0000 - recall 0.0530 - f1 0.1006 
INFO:root:VALID measures@100 microavg - precision 0.9800 - recall 0.4949 - f1 0.6577 
INFO:root:VALID measures@100 for class 0 - precision 0.0000 - recall 0.0000 - f1 0.0000 
INFO:root:VALID measures@100 for class 1 - precision 0.9800 - recall 0.5190 - f1 0.6786 
INFO:root:VALID measures@1000 microavg - precision 0.9537 - recall 0.9537 - f1 0.9537 
INFO:root:VALID measures@1000 for class 0 - precision 0.0000 - recall 0.0000 - f1 0.0000 
INFO:root:VALID measures@1000 for class 1 - precision 0.9537 - recall 1.0000 - f1 0.9763 
INFO:root:VALID Total epoch time: 0.11003115199991953
INFO:root:################ TEST epoch 48 ###################
INFO:root:TEST batch 1 / 7 - partial error 0.0455 - partial loss 0.2833 - partial MRR  0.0000 - partial MAP 0.9835
INFO:root:TEST batch 1 / 7 -  partial tp {0: tensor(0), 1: tensor(189)},fn {0: tensor(9), 1: tensor(0)},fp {0: tensor(0), 1: tensor(9)}
INFO:root:TEST batch 1 / 7 - measures partial microavg - precision 0.9545 - recall 0.9545 - f1 0.9545 
INFO:root:TEST batch 1 / 7 - measures partial for class 0 - precision 0.0000 - recall 0.0000 - f1 0.0000 
INFO:root:TEST batch 1 / 7 - measures partial for class 1 - precision 0.9545 - recall 1.0000 - f1 0.9767 
INFO:root:TEST batch 1 / 7 - Batch time 0 
INFO:root:TEST batch 2 / 7 - partial error 0.0581 - partial loss 0.3334 - partial MRR  0.0000 - partial MAP 0.9791
INFO:root:TEST batch 2 / 7 -  partial tp {0: tensor(0), 1: tensor(184)},fn {0: tensor(14), 1: tensor(0)},fp {0: tensor(0), 1: tensor(14)}
INFO:root:TEST batch 2 / 7 - measures partial microavg - precision 0.9293 - recall 0.9293 - f1 0.9293 
INFO:root:TEST batch 2 / 7 - measures partial for class 0 - precision 0.0000 - recall 0.0000 - f1 0.0000 
INFO:root:TEST batch 2 / 7 - measures partial for class 1 - precision 0.9293 - recall 1.0000 - f1 0.9634 
INFO:root:TEST batch 2 / 7 - Batch time 0 
INFO:root:TEST batch 3 / 7 - partial error 0.0556 - partial loss 0.3174 - partial MRR  0.0000 - partial MAP 0.9809
INFO:root:TEST batch 3 / 7 -  partial tp {0: tensor(0), 1: tensor(188)},fn {0: tensor(10), 1: tensor(0)},fp {0: tensor(0), 1: tensor(10)}
INFO:root:TEST batch 3 / 7 - measures partial microavg - precision 0.9495 - recall 0.9495 - f1 0.9495 
INFO:root:TEST batch 3 / 7 - measures partial for class 0 - precision 0.0000 - recall 0.0000 - f1 0.0000 
INFO:root:TEST batch 3 / 7 - measures partial for class 1 - precision 0.9495 - recall 1.0000 - f1 0.9741 
INFO:root:TEST batch 3 / 7 - Batch time 0 
INFO:root:TEST batch 4 / 7 - partial error 0.0568 - partial loss 0.3210 - partial MRR  0.0000 - partial MAP 0.9801
INFO:root:TEST batch 4 / 7 -  partial tp {0: tensor(0), 1: tensor(186)},fn {0: tensor(12), 1: tensor(0)},fp {0: tensor(0), 1: tensor(12)}
INFO:root:TEST batch 4 / 7 - measures partial microavg - precision 0.9394 - recall 0.9394 - f1 0.9394 
INFO:root:TEST batch 4 / 7 - measures partial for class 0 - precision 0.0000 - recall 0.0000 - f1 0.0000 
INFO:root:TEST batch 4 / 7 - measures partial for class 1 - precision 0.9394 - recall 1.0000 - f1 0.9688 
INFO:root:TEST batch 4 / 7 - Batch time 0 
INFO:root:TEST batch 5 / 7 - partial error 0.0606 - partial loss 0.3388 - partial MRR  0.0000 - partial MAP 0.9787
INFO:root:TEST batch 5 / 7 -  partial tp {0: tensor(0), 1: tensor(183)},fn {0: tensor(15), 1: tensor(0)},fp {0: tensor(0), 1: tensor(15)}
INFO:root:TEST batch 5 / 7 - measures partial microavg - precision 0.9242 - recall 0.9242 - f1 0.9242 
INFO:root:TEST batch 5 / 7 - measures partial for class 0 - precision 0.0000 - recall 0.0000 - f1 0.0000 
INFO:root:TEST batch 5 / 7 - measures partial for class 1 - precision 0.9242 - recall 1.0000 - f1 0.9606 
INFO:root:TEST batch 5 / 7 - Batch time 0 
INFO:root:TEST batch 6 / 7 - partial error 0.0581 - partial loss 0.3243 - partial MRR  0.0000 - partial MAP 0.9805
INFO:root:TEST batch 6 / 7 -  partial tp {0: tensor(0), 1: tensor(189)},fn {0: tensor(9), 1: tensor(0)},fp {0: tensor(0), 1: tensor(9)}
INFO:root:TEST batch 6 / 7 - measures partial microavg - precision 0.9545 - recall 0.9545 - f1 0.9545 
INFO:root:TEST batch 6 / 7 - measures partial for class 0 - precision 0.0000 - recall 0.0000 - f1 0.0000 
INFO:root:TEST batch 6 / 7 - measures partial for class 1 - precision 0.9545 - recall 1.0000 - f1 0.9767 
INFO:root:TEST batch 6 / 7 - Batch time 0 
INFO:root:TEST batch 7 / 7 - partial error 0.0620 - partial loss 0.3409 - partial MRR  0.0000 - partial MAP 0.9798
INFO:root:TEST batch 7 / 7 -  partial tp {0: tensor(0), 1: tensor(181)},fn {0: tensor(17), 1: tensor(0)},fp {0: tensor(0), 1: tensor(17)}
INFO:root:TEST batch 7 / 7 - measures partial microavg - precision 0.9141 - recall 0.9141 - f1 0.9141 
INFO:root:TEST batch 7 / 7 - measures partial for class 0 - precision 0.0000 - recall 0.0000 - f1 0.0000 
INFO:root:TEST batch 7 / 7 - measures partial for class 1 - precision 0.9141 - recall 1.0000 - f1 0.9551 
INFO:root:TEST batch 7 / 7 - Batch time 0 
INFO:root:TEST mean losses tensor(0.3409)
INFO:root:TEST mean errors 0.06204906105995178
INFO:root:TEST mean MRR 0.0 - mean MAP 0.9798479080200195
INFO:root:TEST tp {0: tensor(0), 1: tensor(1300)},fn {0: tensor(86), 1: tensor(0)},fp {0: tensor(0), 1: tensor(86)}
INFO:root:TEST measures microavg - precision 0.9380 - recall 0.9380 - f1 0.9380 
INFO:root:TEST measures for class 0 - precision 0.0000 - recall 0.0000 - f1 0.0000 
INFO:root:TEST measures for class 1 - precision 0.9380 - recall 1.0000 - f1 0.9680 
INFO:root:TEST measures@10 microavg - precision 1.0000 - recall 0.0505 - f1 0.0962 
INFO:root:TEST measures@10 for class 0 - precision 0.0000 - recall 0.0000 - f1 0.0000 
INFO:root:TEST measures@10 for class 1 - precision 1.0000 - recall 0.0538 - f1 0.1022 
INFO:root:TEST measures@100 microavg - precision 0.9629 - recall 0.4863 - f1 0.6462 
INFO:root:TEST measures@100 for class 0 - precision 0.0000 - recall 0.0000 - f1 0.0000 
INFO:root:TEST measures@100 for class 1 - precision 0.9629 - recall 0.5185 - f1 0.6740 
INFO:root:TEST measures@1000 microavg - precision 0.9380 - recall 0.9380 - f1 0.9380 
INFO:root:TEST measures@1000 for class 0 - precision 0.0000 - recall 0.0000 - f1 0.0000 
INFO:root:TEST measures@1000 for class 1 - precision 0.9380 - recall 1.0000 - f1 0.9680 
INFO:root:TEST Total epoch time: 0.13756802900024923
INFO:root:################ TRAIN epoch 49 ###################
INFO:root:TRAIN mean losses tensor(0.2875)
INFO:root:TRAIN mean errors 0.048821549862623215
INFO:root:TRAIN mean MRR 0.0 - mean MAP 0.980488121509552
INFO:root:TRAIN tp {0: tensor(0), 1: tensor(5650)},fn {0: tensor(290), 1: tensor(0)},fp {0: tensor(0), 1: tensor(290)}
INFO:root:TRAIN measures microavg - precision 0.9512 - recall 0.9512 - f1 0.9512 
INFO:root:TRAIN measures for class 0 - precision 0.0000 - recall 0.0000 - f1 0.0000 
INFO:root:TRAIN measures for class 1 - precision 0.9512 - recall 1.0000 - f1 0.9750 
INFO:root:TRAIN measures@10 microavg - precision 0.9933 - recall 0.0502 - f1 0.0955 
INFO:root:TRAIN measures@10 for class 0 - precision 0.0000 - recall 0.0000 - f1 0.0000 
INFO:root:TRAIN measures@10 for class 1 - precision 0.9933 - recall 0.0527 - f1 0.1002 
INFO:root:TRAIN measures@100 microavg - precision 0.9780 - recall 0.4939 - f1 0.6564 
INFO:root:TRAIN measures@100 for class 0 - precision 0.0000 - recall 0.0000 - f1 0.0000 
INFO:root:TRAIN measures@100 for class 1 - precision 0.9780 - recall 0.5193 - f1 0.6784 
INFO:root:TRAIN measures@1000 microavg - precision 0.9512 - recall 0.9512 - f1 0.9512 
INFO:root:TRAIN measures@1000 for class 0 - precision 0.0000 - recall 0.0000 - f1 0.0000 
INFO:root:TRAIN measures@1000 for class 1 - precision 0.9512 - recall 1.0000 - f1 0.9750 
INFO:root:TRAIN Total epoch time: 0.8404276890000801
INFO:root:################ VALID epoch 49 ###################
INFO:root:VALID mean losses tensor(0.2600)
INFO:root:VALID mean errors 0.046296294778585434
INFO:root:VALID mean MRR 0.0 - mean MAP 0.9844983220100403
INFO:root:VALID tp {0: tensor(0), 1: tensor(1133)},fn {0: tensor(55), 1: tensor(0)},fp {0: tensor(0), 1: tensor(55)}
INFO:root:VALID measures microavg - precision 0.9537 - recall 0.9537 - f1 0.9537 
INFO:root:VALID measures for class 0 - precision 0.0000 - recall 0.0000 - f1 0.0000 
INFO:root:VALID measures for class 1 - precision 0.9537 - recall 1.0000 - f1 0.9763 
INFO:root:VALID measures@10 microavg - precision 1.0000 - recall 0.0505 - f1 0.0962 
INFO:root:VALID measures@10 for class 0 - precision 0.0000 - recall 0.0000 - f1 0.0000 
INFO:root:VALID measures@10 for class 1 - precision 1.0000 - recall 0.0530 - f1 0.1006 
INFO:root:VALID measures@100 microavg - precision 0.9867 - recall 0.4983 - f1 0.6622 
INFO:root:VALID measures@100 for class 0 - precision 0.0000 - recall 0.0000 - f1 0.0000 
INFO:root:VALID measures@100 for class 1 - precision 0.9867 - recall 0.5225 - f1 0.6832 
INFO:root:VALID measures@1000 microavg - precision 0.9537 - recall 0.9537 - f1 0.9537 
INFO:root:VALID measures@1000 for class 0 - precision 0.0000 - recall 0.0000 - f1 0.0000 
INFO:root:VALID measures@1000 for class 1 - precision 0.9537 - recall 1.0000 - f1 0.9763 
INFO:root:VALID Total epoch time: 0.11578688700001294
INFO:root:################ TEST epoch 49 ###################
INFO:root:TEST batch 1 / 7 - partial error 0.0455 - partial loss 0.2899 - partial MRR  0.0000 - partial MAP 0.9782
INFO:root:TEST batch 1 / 7 -  partial tp {0: tensor(0), 1: tensor(189)},fn {0: tensor(9), 1: tensor(0)},fp {0: tensor(0), 1: tensor(9)}
INFO:root:TEST batch 1 / 7 - measures partial microavg - precision 0.9545 - recall 0.9545 - f1 0.9545 
INFO:root:TEST batch 1 / 7 - measures partial for class 0 - precision 0.0000 - recall 0.0000 - f1 0.0000 
INFO:root:TEST batch 1 / 7 - measures partial for class 1 - precision 0.9545 - recall 1.0000 - f1 0.9767 
INFO:root:TEST batch 1 / 7 - Batch time 0 
INFO:root:TEST batch 2 / 7 - partial error 0.0581 - partial loss 0.3380 - partial MRR  0.0000 - partial MAP 0.9769
INFO:root:TEST batch 2 / 7 -  partial tp {0: tensor(0), 1: tensor(184)},fn {0: tensor(14), 1: tensor(0)},fp {0: tensor(0), 1: tensor(14)}
INFO:root:TEST batch 2 / 7 - measures partial microavg - precision 0.9293 - recall 0.9293 - f1 0.9293 
INFO:root:TEST batch 2 / 7 - measures partial for class 0 - precision 0.0000 - recall 0.0000 - f1 0.0000 
INFO:root:TEST batch 2 / 7 - measures partial for class 1 - precision 0.9293 - recall 1.0000 - f1 0.9634 
INFO:root:TEST batch 2 / 7 - Batch time 0 
INFO:root:TEST batch 3 / 7 - partial error 0.0556 - partial loss 0.3203 - partial MRR  0.0000 - partial MAP 0.9794
INFO:root:TEST batch 3 / 7 -  partial tp {0: tensor(0), 1: tensor(188)},fn {0: tensor(10), 1: tensor(0)},fp {0: tensor(0), 1: tensor(10)}
INFO:root:TEST batch 3 / 7 - measures partial microavg - precision 0.9495 - recall 0.9495 - f1 0.9495 
INFO:root:TEST batch 3 / 7 - measures partial for class 0 - precision 0.0000 - recall 0.0000 - f1 0.0000 
INFO:root:TEST batch 3 / 7 - measures partial for class 1 - precision 0.9495 - recall 1.0000 - f1 0.9741 
INFO:root:TEST batch 3 / 7 - Batch time 0 
INFO:root:TEST batch 4 / 7 - partial error 0.0568 - partial loss 0.3245 - partial MRR  0.0000 - partial MAP 0.9781
INFO:root:TEST batch 4 / 7 -  partial tp {0: tensor(0), 1: tensor(186)},fn {0: tensor(12), 1: tensor(0)},fp {0: tensor(0), 1: tensor(12)}
INFO:root:TEST batch 4 / 7 - measures partial microavg - precision 0.9394 - recall 0.9394 - f1 0.9394 
INFO:root:TEST batch 4 / 7 - measures partial for class 0 - precision 0.0000 - recall 0.0000 - f1 0.0000 
INFO:root:TEST batch 4 / 7 - measures partial for class 1 - precision 0.9394 - recall 1.0000 - f1 0.9688 
INFO:root:TEST batch 4 / 7 - Batch time 0 
INFO:root:TEST batch 5 / 7 - partial error 0.0606 - partial loss 0.3410 - partial MRR  0.0000 - partial MAP 0.9766
INFO:root:TEST batch 5 / 7 -  partial tp {0: tensor(0), 1: tensor(183)},fn {0: tensor(15), 1: tensor(0)},fp {0: tensor(0), 1: tensor(15)}
INFO:root:TEST batch 5 / 7 - measures partial microavg - precision 0.9242 - recall 0.9242 - f1 0.9242 
INFO:root:TEST batch 5 / 7 - measures partial for class 0 - precision 0.0000 - recall 0.0000 - f1 0.0000 
INFO:root:TEST batch 5 / 7 - measures partial for class 1 - precision 0.9242 - recall 1.0000 - f1 0.9606 
INFO:root:TEST batch 5 / 7 - Batch time 0 
INFO:root:TEST batch 6 / 7 - partial error 0.0581 - partial loss 0.3276 - partial MRR  0.0000 - partial MAP 0.9783
INFO:root:TEST batch 6 / 7 -  partial tp {0: tensor(0), 1: tensor(189)},fn {0: tensor(9), 1: tensor(0)},fp {0: tensor(0), 1: tensor(9)}
INFO:root:TEST batch 6 / 7 - measures partial microavg - precision 0.9545 - recall 0.9545 - f1 0.9545 
INFO:root:TEST batch 6 / 7 - measures partial for class 0 - precision 0.0000 - recall 0.0000 - f1 0.0000 
INFO:root:TEST batch 6 / 7 - measures partial for class 1 - precision 0.9545 - recall 1.0000 - f1 0.9767 
INFO:root:TEST batch 6 / 7 - Batch time 0 
INFO:root:TEST batch 7 / 7 - partial error 0.0620 - partial loss 0.3423 - partial MRR  0.0000 - partial MAP 0.9785
INFO:root:TEST batch 7 / 7 -  partial tp {0: tensor(0), 1: tensor(181)},fn {0: tensor(17), 1: tensor(0)},fp {0: tensor(0), 1: tensor(17)}
INFO:root:TEST batch 7 / 7 - measures partial microavg - precision 0.9141 - recall 0.9141 - f1 0.9141 
INFO:root:TEST batch 7 / 7 - measures partial for class 0 - precision 0.0000 - recall 0.0000 - f1 0.0000 
INFO:root:TEST batch 7 / 7 - measures partial for class 1 - precision 0.9141 - recall 1.0000 - f1 0.9551 
INFO:root:TEST batch 7 / 7 - Batch time 0 
INFO:root:TEST mean losses tensor(0.3423)
INFO:root:TEST mean errors 0.06204906105995178
INFO:root:TEST mean MRR 0.0 - mean MAP 0.9784680604934692
INFO:root:TEST tp {0: tensor(0), 1: tensor(1300)},fn {0: tensor(86), 1: tensor(0)},fp {0: tensor(0), 1: tensor(86)}
INFO:root:TEST measures microavg - precision 0.9380 - recall 0.9380 - f1 0.9380 
INFO:root:TEST measures for class 0 - precision 0.0000 - recall 0.0000 - f1 0.0000 
INFO:root:TEST measures for class 1 - precision 0.9380 - recall 1.0000 - f1 0.9680 
INFO:root:TEST measures@10 microavg - precision 1.0000 - recall 0.0505 - f1 0.0962 
INFO:root:TEST measures@10 for class 0 - precision 0.0000 - recall 0.0000 - f1 0.0000 
INFO:root:TEST measures@10 for class 1 - precision 1.0000 - recall 0.0538 - f1 0.1022 
INFO:root:TEST measures@100 microavg - precision 0.9657 - recall 0.4877 - f1 0.6481 
INFO:root:TEST measures@100 for class 0 - precision 0.0000 - recall 0.0000 - f1 0.0000 
INFO:root:TEST measures@100 for class 1 - precision 0.9657 - recall 0.5200 - f1 0.6760 
INFO:root:TEST measures@1000 microavg - precision 0.9380 - recall 0.9380 - f1 0.9380 
INFO:root:TEST measures@1000 for class 0 - precision 0.0000 - recall 0.0000 - f1 0.0000 
INFO:root:TEST measures@1000 for class 1 - precision 0.9380 - recall 1.0000 - f1 0.9680 
INFO:root:TEST Total epoch time: 0.138970425000025
INFO:root:################ TRAIN epoch 50 ###################
INFO:root:TRAIN mean losses tensor(0.2854)
INFO:root:TRAIN mean errors 0.048821549862623215
INFO:root:TRAIN mean MRR 0.0 - mean MAP 0.9803686141967773
INFO:root:TRAIN tp {0: tensor(0), 1: tensor(5650)},fn {0: tensor(290), 1: tensor(0)},fp {0: tensor(0), 1: tensor(290)}
INFO:root:TRAIN measures microavg - precision 0.9512 - recall 0.9512 - f1 0.9512 
INFO:root:TRAIN measures for class 0 - precision 0.0000 - recall 0.0000 - f1 0.0000 
INFO:root:TRAIN measures for class 1 - precision 0.9512 - recall 1.0000 - f1 0.9750 
INFO:root:TRAIN measures@10 microavg - precision 0.9967 - recall 0.0503 - f1 0.0958 
INFO:root:TRAIN measures@10 for class 0 - precision 0.0000 - recall 0.0000 - f1 0.0000 
INFO:root:TRAIN measures@10 for class 1 - precision 0.9967 - recall 0.0529 - f1 0.1005 
INFO:root:TRAIN measures@100 microavg - precision 0.9723 - recall 0.4911 - f1 0.6526 
INFO:root:TRAIN measures@100 for class 0 - precision 0.0000 - recall 0.0000 - f1 0.0000 
INFO:root:TRAIN measures@100 for class 1 - precision 0.9723 - recall 0.5163 - f1 0.6745 
INFO:root:TRAIN measures@1000 microavg - precision 0.9512 - recall 0.9512 - f1 0.9512 
INFO:root:TRAIN measures@1000 for class 0 - precision 0.0000 - recall 0.0000 - f1 0.0000 
INFO:root:TRAIN measures@1000 for class 1 - precision 0.9512 - recall 1.0000 - f1 0.9750 
INFO:root:TRAIN Total epoch time: 0.8318924579998566
INFO:root:################ VALID epoch 50 ###################
INFO:root:VALID mean losses tensor(0.2589)
INFO:root:VALID mean errors 0.046296294778585434
INFO:root:VALID mean MRR 0.0 - mean MAP 0.9836413264274597
INFO:root:VALID tp {0: tensor(0), 1: tensor(1133)},fn {0: tensor(55), 1: tensor(0)},fp {0: tensor(0), 1: tensor(55)}
INFO:root:VALID measures microavg - precision 0.9537 - recall 0.9537 - f1 0.9537 
INFO:root:VALID measures for class 0 - precision 0.0000 - recall 0.0000 - f1 0.0000 
INFO:root:VALID measures for class 1 - precision 0.9537 - recall 1.0000 - f1 0.9763 
INFO:root:VALID measures@10 microavg - precision 0.9833 - recall 0.0497 - f1 0.0946 
INFO:root:VALID measures@10 for class 0 - precision 0.0000 - recall 0.0000 - f1 0.0000 
INFO:root:VALID measures@10 for class 1 - precision 0.9833 - recall 0.0521 - f1 0.0989 
INFO:root:VALID measures@100 microavg - precision 0.9833 - recall 0.4966 - f1 0.6600 
INFO:root:VALID measures@100 for class 0 - precision 0.0000 - recall 0.0000 - f1 0.0000 
INFO:root:VALID measures@100 for class 1 - precision 0.9833 - recall 0.5207 - f1 0.6809 
INFO:root:VALID measures@1000 microavg - precision 0.9537 - recall 0.9537 - f1 0.9537 
INFO:root:VALID measures@1000 for class 0 - precision 0.0000 - recall 0.0000 - f1 0.0000 
INFO:root:VALID measures@1000 for class 1 - precision 0.9537 - recall 1.0000 - f1 0.9763 
INFO:root:VALID Total epoch time: 0.11080894599990643
INFO:root:################ TEST epoch 50 ###################
INFO:root:TEST batch 1 / 7 - partial error 0.0455 - partial loss 0.2840 - partial MRR  0.0000 - partial MAP 0.9810
INFO:root:TEST batch 1 / 7 -  partial tp {0: tensor(0), 1: tensor(189)},fn {0: tensor(9), 1: tensor(0)},fp {0: tensor(0), 1: tensor(9)}
INFO:root:TEST batch 1 / 7 - measures partial microavg - precision 0.9545 - recall 0.9545 - f1 0.9545 
INFO:root:TEST batch 1 / 7 - measures partial for class 0 - precision 0.0000 - recall 0.0000 - f1 0.0000 
INFO:root:TEST batch 1 / 7 - measures partial for class 1 - precision 0.9545 - recall 1.0000 - f1 0.9767 
INFO:root:TEST batch 1 / 7 - Batch time 0 
INFO:root:TEST batch 2 / 7 - partial error 0.0581 - partial loss 0.3405 - partial MRR  0.0000 - partial MAP 0.9754
INFO:root:TEST batch 2 / 7 -  partial tp {0: tensor(0), 1: tensor(184)},fn {0: tensor(14), 1: tensor(0)},fp {0: tensor(0), 1: tensor(14)}
INFO:root:TEST batch 2 / 7 - measures partial microavg - precision 0.9293 - recall 0.9293 - f1 0.9293 
INFO:root:TEST batch 2 / 7 - measures partial for class 0 - precision 0.0000 - recall 0.0000 - f1 0.0000 
INFO:root:TEST batch 2 / 7 - measures partial for class 1 - precision 0.9293 - recall 1.0000 - f1 0.9634 
INFO:root:TEST batch 2 / 7 - Batch time 0 
INFO:root:TEST batch 3 / 7 - partial error 0.0556 - partial loss 0.3233 - partial MRR  0.0000 - partial MAP 0.9777
INFO:root:TEST batch 3 / 7 -  partial tp {0: tensor(0), 1: tensor(188)},fn {0: tensor(10), 1: tensor(0)},fp {0: tensor(0), 1: tensor(10)}
INFO:root:TEST batch 3 / 7 - measures partial microavg - precision 0.9495 - recall 0.9495 - f1 0.9495 
INFO:root:TEST batch 3 / 7 - measures partial for class 0 - precision 0.0000 - recall 0.0000 - f1 0.0000 
INFO:root:TEST batch 3 / 7 - measures partial for class 1 - precision 0.9495 - recall 1.0000 - f1 0.9741 
INFO:root:TEST batch 3 / 7 - Batch time 0 
INFO:root:TEST batch 4 / 7 - partial error 0.0568 - partial loss 0.3250 - partial MRR  0.0000 - partial MAP 0.9771
INFO:root:TEST batch 4 / 7 -  partial tp {0: tensor(0), 1: tensor(186)},fn {0: tensor(12), 1: tensor(0)},fp {0: tensor(0), 1: tensor(12)}
INFO:root:TEST batch 4 / 7 - measures partial microavg - precision 0.9394 - recall 0.9394 - f1 0.9394 
INFO:root:TEST batch 4 / 7 - measures partial for class 0 - precision 0.0000 - recall 0.0000 - f1 0.0000 
INFO:root:TEST batch 4 / 7 - measures partial for class 1 - precision 0.9394 - recall 1.0000 - f1 0.9688 
INFO:root:TEST batch 4 / 7 - Batch time 0 
INFO:root:TEST batch 5 / 7 - partial error 0.0606 - partial loss 0.3425 - partial MRR  0.0000 - partial MAP 0.9767
INFO:root:TEST batch 5 / 7 -  partial tp {0: tensor(0), 1: tensor(183)},fn {0: tensor(15), 1: tensor(0)},fp {0: tensor(0), 1: tensor(15)}
INFO:root:TEST batch 5 / 7 - measures partial microavg - precision 0.9242 - recall 0.9242 - f1 0.9242 
INFO:root:TEST batch 5 / 7 - measures partial for class 0 - precision 0.0000 - recall 0.0000 - f1 0.0000 
INFO:root:TEST batch 5 / 7 - measures partial for class 1 - precision 0.9242 - recall 1.0000 - f1 0.9606 
INFO:root:TEST batch 5 / 7 - Batch time 0 
INFO:root:TEST batch 6 / 7 - partial error 0.0581 - partial loss 0.3265 - partial MRR  0.0000 - partial MAP 0.9789
INFO:root:TEST batch 6 / 7 -  partial tp {0: tensor(0), 1: tensor(189)},fn {0: tensor(9), 1: tensor(0)},fp {0: tensor(0), 1: tensor(9)}
INFO:root:TEST batch 6 / 7 - measures partial microavg - precision 0.9545 - recall 0.9545 - f1 0.9545 
INFO:root:TEST batch 6 / 7 - measures partial for class 0 - precision 0.0000 - recall 0.0000 - f1 0.0000 
INFO:root:TEST batch 6 / 7 - measures partial for class 1 - precision 0.9545 - recall 1.0000 - f1 0.9767 
INFO:root:TEST batch 6 / 7 - Batch time 0 
INFO:root:TEST batch 7 / 7 - partial error 0.0620 - partial loss 0.3417 - partial MRR  0.0000 - partial MAP 0.9791
INFO:root:TEST batch 7 / 7 -  partial tp {0: tensor(0), 1: tensor(181)},fn {0: tensor(17), 1: tensor(0)},fp {0: tensor(0), 1: tensor(17)}
INFO:root:TEST batch 7 / 7 - measures partial microavg - precision 0.9141 - recall 0.9141 - f1 0.9141 
INFO:root:TEST batch 7 / 7 - measures partial for class 0 - precision 0.0000 - recall 0.0000 - f1 0.0000 
INFO:root:TEST batch 7 / 7 - measures partial for class 1 - precision 0.9141 - recall 1.0000 - f1 0.9551 
INFO:root:TEST batch 7 / 7 - Batch time 0 
INFO:root:TEST mean losses tensor(0.3417)
INFO:root:TEST mean errors 0.06204906105995178
INFO:root:TEST mean MRR 0.0 - mean MAP 0.9791196584701538
INFO:root:TEST tp {0: tensor(0), 1: tensor(1300)},fn {0: tensor(86), 1: tensor(0)},fp {0: tensor(0), 1: tensor(86)}
INFO:root:TEST measures microavg - precision 0.9380 - recall 0.9380 - f1 0.9380 
INFO:root:TEST measures for class 0 - precision 0.0000 - recall 0.0000 - f1 0.0000 
INFO:root:TEST measures for class 1 - precision 0.9380 - recall 1.0000 - f1 0.9680 
INFO:root:TEST measures@10 microavg - precision 1.0000 - recall 0.0505 - f1 0.0962 
INFO:root:TEST measures@10 for class 0 - precision 0.0000 - recall 0.0000 - f1 0.0000 
INFO:root:TEST measures@10 for class 1 - precision 1.0000 - recall 0.0538 - f1 0.1022 
INFO:root:TEST measures@100 microavg - precision 0.9729 - recall 0.4913 - f1 0.6529 
INFO:root:TEST measures@100 for class 0 - precision 0.0000 - recall 0.0000 - f1 0.0000 
INFO:root:TEST measures@100 for class 1 - precision 0.9729 - recall 0.5238 - f1 0.6810 
INFO:root:TEST measures@1000 microavg - precision 0.9380 - recall 0.9380 - f1 0.9380 
INFO:root:TEST measures@1000 for class 0 - precision 0.0000 - recall 0.0000 - f1 0.0000 
INFO:root:TEST measures@1000 for class 1 - precision 0.9380 - recall 1.0000 - f1 0.9680 
INFO:root:TEST Total epoch time: 0.13672470800020164
INFO:root:################ TRAIN epoch 51 ###################
INFO:root:TRAIN mean losses tensor(0.2864)
INFO:root:TRAIN mean errors 0.048821549862623215
INFO:root:TRAIN mean MRR 0.0 - mean MAP 0.9801523685455322
INFO:root:TRAIN tp {0: tensor(0), 1: tensor(5650)},fn {0: tensor(290), 1: tensor(0)},fp {0: tensor(0), 1: tensor(290)}
INFO:root:TRAIN measures microavg - precision 0.9512 - recall 0.9512 - f1 0.9512 
INFO:root:TRAIN measures for class 0 - precision 0.0000 - recall 0.0000 - f1 0.0000 
INFO:root:TRAIN measures for class 1 - precision 0.9512 - recall 1.0000 - f1 0.9750 
INFO:root:TRAIN measures@10 microavg - precision 0.9933 - recall 0.0502 - f1 0.0955 
INFO:root:TRAIN measures@10 for class 0 - precision 0.0000 - recall 0.0000 - f1 0.0000 
INFO:root:TRAIN measures@10 for class 1 - precision 0.9933 - recall 0.0527 - f1 0.1002 
INFO:root:TRAIN measures@100 microavg - precision 0.9760 - recall 0.4929 - f1 0.6550 
INFO:root:TRAIN measures@100 for class 0 - precision 0.0000 - recall 0.0000 - f1 0.0000 
INFO:root:TRAIN measures@100 for class 1 - precision 0.9760 - recall 0.5182 - f1 0.6770 
INFO:root:TRAIN measures@1000 microavg - precision 0.9512 - recall 0.9512 - f1 0.9512 
INFO:root:TRAIN measures@1000 for class 0 - precision 0.0000 - recall 0.0000 - f1 0.0000 
INFO:root:TRAIN measures@1000 for class 1 - precision 0.9512 - recall 1.0000 - f1 0.9750 
INFO:root:TRAIN Total epoch time: 0.8685931109998819
INFO:root:################ VALID epoch 51 ###################
INFO:root:VALID mean losses tensor(0.2606)
INFO:root:VALID mean errors 0.046296294778585434
INFO:root:VALID mean MRR 0.0 - mean MAP 0.9827138781547546
INFO:root:VALID tp {0: tensor(0), 1: tensor(1133)},fn {0: tensor(55), 1: tensor(0)},fp {0: tensor(0), 1: tensor(55)}
INFO:root:VALID measures microavg - precision 0.9537 - recall 0.9537 - f1 0.9537 
INFO:root:VALID measures for class 0 - precision 0.0000 - recall 0.0000 - f1 0.0000 
INFO:root:VALID measures for class 1 - precision 0.9537 - recall 1.0000 - f1 0.9763 
INFO:root:VALID measures@10 microavg - precision 0.9667 - recall 0.0488 - f1 0.0929 
INFO:root:VALID measures@10 for class 0 - precision 0.0000 - recall 0.0000 - f1 0.0000 
INFO:root:VALID measures@10 for class 1 - precision 0.9667 - recall 0.0512 - f1 0.0972 
INFO:root:VALID measures@100 microavg - precision 0.9817 - recall 0.4958 - f1 0.6588 
INFO:root:VALID measures@100 for class 0 - precision 0.0000 - recall 0.0000 - f1 0.0000 
INFO:root:VALID measures@100 for class 1 - precision 0.9817 - recall 0.5199 - f1 0.6797 
INFO:root:VALID measures@1000 microavg - precision 0.9537 - recall 0.9537 - f1 0.9537 
INFO:root:VALID measures@1000 for class 0 - precision 0.0000 - recall 0.0000 - f1 0.0000 
INFO:root:VALID measures@1000 for class 1 - precision 0.9537 - recall 1.0000 - f1 0.9763 
INFO:root:VALID Total epoch time: 0.11907401200005552
INFO:root:################ TEST epoch 51 ###################
INFO:root:TEST batch 1 / 7 - partial error 0.0455 - partial loss 0.2785 - partial MRR  0.0000 - partial MAP 0.9834
INFO:root:TEST batch 1 / 7 -  partial tp {0: tensor(0), 1: tensor(189)},fn {0: tensor(9), 1: tensor(0)},fp {0: tensor(0), 1: tensor(9)}
INFO:root:TEST batch 1 / 7 - measures partial microavg - precision 0.9545 - recall 0.9545 - f1 0.9545 
INFO:root:TEST batch 1 / 7 - measures partial for class 0 - precision 0.0000 - recall 0.0000 - f1 0.0000 
INFO:root:TEST batch 1 / 7 - measures partial for class 1 - precision 0.9545 - recall 1.0000 - f1 0.9767 
INFO:root:TEST batch 1 / 7 - Batch time 0 
INFO:root:TEST batch 2 / 7 - partial error 0.0581 - partial loss 0.3362 - partial MRR  0.0000 - partial MAP 0.9761
INFO:root:TEST batch 2 / 7 -  partial tp {0: tensor(0), 1: tensor(184)},fn {0: tensor(14), 1: tensor(0)},fp {0: tensor(0), 1: tensor(14)}
INFO:root:TEST batch 2 / 7 - measures partial microavg - precision 0.9293 - recall 0.9293 - f1 0.9293 
INFO:root:TEST batch 2 / 7 - measures partial for class 0 - precision 0.0000 - recall 0.0000 - f1 0.0000 
INFO:root:TEST batch 2 / 7 - measures partial for class 1 - precision 0.9293 - recall 1.0000 - f1 0.9634 
INFO:root:TEST batch 2 / 7 - Batch time 0 
INFO:root:TEST batch 3 / 7 - partial error 0.0556 - partial loss 0.3187 - partial MRR  0.0000 - partial MAP 0.9789
INFO:root:TEST batch 3 / 7 -  partial tp {0: tensor(0), 1: tensor(188)},fn {0: tensor(10), 1: tensor(0)},fp {0: tensor(0), 1: tensor(10)}
INFO:root:TEST batch 3 / 7 - measures partial microavg - precision 0.9495 - recall 0.9495 - f1 0.9495 
INFO:root:TEST batch 3 / 7 - measures partial for class 0 - precision 0.0000 - recall 0.0000 - f1 0.0000 
INFO:root:TEST batch 3 / 7 - measures partial for class 1 - precision 0.9495 - recall 1.0000 - f1 0.9741 
INFO:root:TEST batch 3 / 7 - Batch time 0 
INFO:root:TEST batch 4 / 7 - partial error 0.0568 - partial loss 0.3208 - partial MRR  0.0000 - partial MAP 0.9790
INFO:root:TEST batch 4 / 7 -  partial tp {0: tensor(0), 1: tensor(186)},fn {0: tensor(12), 1: tensor(0)},fp {0: tensor(0), 1: tensor(12)}
INFO:root:TEST batch 4 / 7 - measures partial microavg - precision 0.9394 - recall 0.9394 - f1 0.9394 
INFO:root:TEST batch 4 / 7 - measures partial for class 0 - precision 0.0000 - recall 0.0000 - f1 0.0000 
INFO:root:TEST batch 4 / 7 - measures partial for class 1 - precision 0.9394 - recall 1.0000 - f1 0.9688 
INFO:root:TEST batch 4 / 7 - Batch time 0 
INFO:root:TEST batch 5 / 7 - partial error 0.0606 - partial loss 0.3388 - partial MRR  0.0000 - partial MAP 0.9779
INFO:root:TEST batch 5 / 7 -  partial tp {0: tensor(0), 1: tensor(183)},fn {0: tensor(15), 1: tensor(0)},fp {0: tensor(0), 1: tensor(15)}
INFO:root:TEST batch 5 / 7 - measures partial microavg - precision 0.9242 - recall 0.9242 - f1 0.9242 
INFO:root:TEST batch 5 / 7 - measures partial for class 0 - precision 0.0000 - recall 0.0000 - f1 0.0000 
INFO:root:TEST batch 5 / 7 - measures partial for class 1 - precision 0.9242 - recall 1.0000 - f1 0.9606 
INFO:root:TEST batch 5 / 7 - Batch time 0 
INFO:root:TEST batch 6 / 7 - partial error 0.0581 - partial loss 0.3236 - partial MRR  0.0000 - partial MAP 0.9796
INFO:root:TEST batch 6 / 7 -  partial tp {0: tensor(0), 1: tensor(189)},fn {0: tensor(9), 1: tensor(0)},fp {0: tensor(0), 1: tensor(9)}
INFO:root:TEST batch 6 / 7 - measures partial microavg - precision 0.9545 - recall 0.9545 - f1 0.9545 
INFO:root:TEST batch 6 / 7 - measures partial for class 0 - precision 0.0000 - recall 0.0000 - f1 0.0000 
INFO:root:TEST batch 6 / 7 - measures partial for class 1 - precision 0.9545 - recall 1.0000 - f1 0.9767 
INFO:root:TEST batch 6 / 7 - Batch time 0 
INFO:root:TEST batch 7 / 7 - partial error 0.0620 - partial loss 0.3394 - partial MRR  0.0000 - partial MAP 0.9796
INFO:root:TEST batch 7 / 7 -  partial tp {0: tensor(0), 1: tensor(181)},fn {0: tensor(17), 1: tensor(0)},fp {0: tensor(0), 1: tensor(17)}
INFO:root:TEST batch 7 / 7 - measures partial microavg - precision 0.9141 - recall 0.9141 - f1 0.9141 
INFO:root:TEST batch 7 / 7 - measures partial for class 0 - precision 0.0000 - recall 0.0000 - f1 0.0000 
INFO:root:TEST batch 7 / 7 - measures partial for class 1 - precision 0.9141 - recall 1.0000 - f1 0.9551 
INFO:root:TEST batch 7 / 7 - Batch time 0 
INFO:root:TEST mean losses tensor(0.3394)
INFO:root:TEST mean errors 0.06204906105995178
INFO:root:TEST mean MRR 0.0 - mean MAP 0.9796494841575623
INFO:root:TEST tp {0: tensor(0), 1: tensor(1300)},fn {0: tensor(86), 1: tensor(0)},fp {0: tensor(0), 1: tensor(86)}
INFO:root:TEST measures microavg - precision 0.9380 - recall 0.9380 - f1 0.9380 
INFO:root:TEST measures for class 0 - precision 0.0000 - recall 0.0000 - f1 0.0000 
INFO:root:TEST measures for class 1 - precision 0.9380 - recall 1.0000 - f1 0.9680 
INFO:root:TEST measures@10 microavg - precision 1.0000 - recall 0.0505 - f1 0.0962 
INFO:root:TEST measures@10 for class 0 - precision 0.0000 - recall 0.0000 - f1 0.0000 
INFO:root:TEST measures@10 for class 1 - precision 1.0000 - recall 0.0538 - f1 0.1022 
INFO:root:TEST measures@100 microavg - precision 0.9729 - recall 0.4913 - f1 0.6529 
INFO:root:TEST measures@100 for class 0 - precision 0.0000 - recall 0.0000 - f1 0.0000 
INFO:root:TEST measures@100 for class 1 - precision 0.9729 - recall 0.5238 - f1 0.6810 
INFO:root:TEST measures@1000 microavg - precision 0.9380 - recall 0.9380 - f1 0.9380 
INFO:root:TEST measures@1000 for class 0 - precision 0.0000 - recall 0.0000 - f1 0.0000 
INFO:root:TEST measures@1000 for class 1 - precision 0.9380 - recall 1.0000 - f1 0.9680 
INFO:root:TEST Total epoch time: 0.14636910700028238
INFO:root:################ TRAIN epoch 52 ###################
INFO:root:TRAIN mean losses tensor(0.2878)
INFO:root:TRAIN mean errors 0.048821549862623215
INFO:root:TRAIN mean MRR 0.0 - mean MAP 0.9812471270561218
INFO:root:TRAIN tp {0: tensor(0), 1: tensor(5650)},fn {0: tensor(290), 1: tensor(0)},fp {0: tensor(0), 1: tensor(290)}
INFO:root:TRAIN measures microavg - precision 0.9512 - recall 0.9512 - f1 0.9512 
INFO:root:TRAIN measures for class 0 - precision 0.0000 - recall 0.0000 - f1 0.0000 
INFO:root:TRAIN measures for class 1 - precision 0.9512 - recall 1.0000 - f1 0.9750 
INFO:root:TRAIN measures@10 microavg - precision 0.9933 - recall 0.0502 - f1 0.0955 
INFO:root:TRAIN measures@10 for class 0 - precision 0.0000 - recall 0.0000 - f1 0.0000 
INFO:root:TRAIN measures@10 for class 1 - precision 0.9933 - recall 0.0527 - f1 0.1002 
INFO:root:TRAIN measures@100 microavg - precision 0.9770 - recall 0.4934 - f1 0.6557 
INFO:root:TRAIN measures@100 for class 0 - precision 0.0000 - recall 0.0000 - f1 0.0000 
INFO:root:TRAIN measures@100 for class 1 - precision 0.9770 - recall 0.5188 - f1 0.6777 
INFO:root:TRAIN measures@1000 microavg - precision 0.9512 - recall 0.9512 - f1 0.9512 
INFO:root:TRAIN measures@1000 for class 0 - precision 0.0000 - recall 0.0000 - f1 0.0000 
INFO:root:TRAIN measures@1000 for class 1 - precision 0.9512 - recall 1.0000 - f1 0.9750 
INFO:root:TRAIN Total epoch time: 0.9572169469997789
INFO:root:################ VALID epoch 52 ###################
INFO:root:VALID mean losses tensor(0.2617)
INFO:root:VALID mean errors 0.046296294778585434
INFO:root:VALID mean MRR 0.0 - mean MAP 0.9836743474006653
INFO:root:VALID tp {0: tensor(0), 1: tensor(1133)},fn {0: tensor(55), 1: tensor(0)},fp {0: tensor(0), 1: tensor(55)}
INFO:root:VALID measures microavg - precision 0.9537 - recall 0.9537 - f1 0.9537 
INFO:root:VALID measures for class 0 - precision 0.0000 - recall 0.0000 - f1 0.0000 
INFO:root:VALID measures for class 1 - precision 0.9537 - recall 1.0000 - f1 0.9763 
INFO:root:VALID measures@10 microavg - precision 0.9833 - recall 0.0497 - f1 0.0946 
INFO:root:VALID measures@10 for class 0 - precision 0.0000 - recall 0.0000 - f1 0.0000 
INFO:root:VALID measures@10 for class 1 - precision 0.9833 - recall 0.0521 - f1 0.0989 
INFO:root:VALID measures@100 microavg - precision 0.9867 - recall 0.4983 - f1 0.6622 
INFO:root:VALID measures@100 for class 0 - precision 0.0000 - recall 0.0000 - f1 0.0000 
INFO:root:VALID measures@100 for class 1 - precision 0.9867 - recall 0.5225 - f1 0.6832 
INFO:root:VALID measures@1000 microavg - precision 0.9537 - recall 0.9537 - f1 0.9537 
INFO:root:VALID measures@1000 for class 0 - precision 0.0000 - recall 0.0000 - f1 0.0000 
INFO:root:VALID measures@1000 for class 1 - precision 0.9537 - recall 1.0000 - f1 0.9763 
INFO:root:VALID Total epoch time: 0.18875018600010662
INFO:root:################ TEST epoch 52 ###################
INFO:root:TEST batch 1 / 7 - partial error 0.0455 - partial loss 0.2794 - partial MRR  0.0000 - partial MAP 0.9833
INFO:root:TEST batch 1 / 7 -  partial tp {0: tensor(0), 1: tensor(189)},fn {0: tensor(9), 1: tensor(0)},fp {0: tensor(0), 1: tensor(9)}
INFO:root:TEST batch 1 / 7 - measures partial microavg - precision 0.9545 - recall 0.9545 - f1 0.9545 
INFO:root:TEST batch 1 / 7 - measures partial for class 0 - precision 0.0000 - recall 0.0000 - f1 0.0000 
INFO:root:TEST batch 1 / 7 - measures partial for class 1 - precision 0.9545 - recall 1.0000 - f1 0.9767 
INFO:root:TEST batch 1 / 7 - Batch time 0 
INFO:root:TEST batch 2 / 7 - partial error 0.0581 - partial loss 0.3353 - partial MRR  0.0000 - partial MAP 0.9797
INFO:root:TEST batch 2 / 7 -  partial tp {0: tensor(0), 1: tensor(184)},fn {0: tensor(14), 1: tensor(0)},fp {0: tensor(0), 1: tensor(14)}
INFO:root:TEST batch 2 / 7 - measures partial microavg - precision 0.9293 - recall 0.9293 - f1 0.9293 
INFO:root:TEST batch 2 / 7 - measures partial for class 0 - precision 0.0000 - recall 0.0000 - f1 0.0000 
INFO:root:TEST batch 2 / 7 - measures partial for class 1 - precision 0.9293 - recall 1.0000 - f1 0.9634 
INFO:root:TEST batch 2 / 7 - Batch time 0 
INFO:root:TEST batch 3 / 7 - partial error 0.0556 - partial loss 0.3198 - partial MRR  0.0000 - partial MAP 0.9813
INFO:root:TEST batch 3 / 7 -  partial tp {0: tensor(0), 1: tensor(188)},fn {0: tensor(10), 1: tensor(0)},fp {0: tensor(0), 1: tensor(10)}
INFO:root:TEST batch 3 / 7 - measures partial microavg - precision 0.9495 - recall 0.9495 - f1 0.9495 
INFO:root:TEST batch 3 / 7 - measures partial for class 0 - precision 0.0000 - recall 0.0000 - f1 0.0000 
INFO:root:TEST batch 3 / 7 - measures partial for class 1 - precision 0.9495 - recall 1.0000 - f1 0.9741 
INFO:root:TEST batch 3 / 7 - Batch time 0 
INFO:root:TEST batch 4 / 7 - partial error 0.0568 - partial loss 0.3249 - partial MRR  0.0000 - partial MAP 0.9799
INFO:root:TEST batch 4 / 7 -  partial tp {0: tensor(0), 1: tensor(186)},fn {0: tensor(12), 1: tensor(0)},fp {0: tensor(0), 1: tensor(12)}
INFO:root:TEST batch 4 / 7 - measures partial microavg - precision 0.9394 - recall 0.9394 - f1 0.9394 
INFO:root:TEST batch 4 / 7 - measures partial for class 0 - precision 0.0000 - recall 0.0000 - f1 0.0000 
INFO:root:TEST batch 4 / 7 - measures partial for class 1 - precision 0.9394 - recall 1.0000 - f1 0.9688 
INFO:root:TEST batch 4 / 7 - Batch time 0 
INFO:root:TEST batch 5 / 7 - partial error 0.0606 - partial loss 0.3440 - partial MRR  0.0000 - partial MAP 0.9793
INFO:root:TEST batch 5 / 7 -  partial tp {0: tensor(0), 1: tensor(183)},fn {0: tensor(15), 1: tensor(0)},fp {0: tensor(0), 1: tensor(15)}
INFO:root:TEST batch 5 / 7 - measures partial microavg - precision 0.9242 - recall 0.9242 - f1 0.9242 
INFO:root:TEST batch 5 / 7 - measures partial for class 0 - precision 0.0000 - recall 0.0000 - f1 0.0000 
INFO:root:TEST batch 5 / 7 - measures partial for class 1 - precision 0.9242 - recall 1.0000 - f1 0.9606 
INFO:root:TEST batch 5 / 7 - Batch time 0 
INFO:root:TEST batch 6 / 7 - partial error 0.0581 - partial loss 0.3295 - partial MRR  0.0000 - partial MAP 0.9807
INFO:root:TEST batch 6 / 7 -  partial tp {0: tensor(0), 1: tensor(189)},fn {0: tensor(9), 1: tensor(0)},fp {0: tensor(0), 1: tensor(9)}
INFO:root:TEST batch 6 / 7 - measures partial microavg - precision 0.9545 - recall 0.9545 - f1 0.9545 
INFO:root:TEST batch 6 / 7 - measures partial for class 0 - precision 0.0000 - recall 0.0000 - f1 0.0000 
INFO:root:TEST batch 6 / 7 - measures partial for class 1 - precision 0.9545 - recall 1.0000 - f1 0.9767 
INFO:root:TEST batch 6 / 7 - Batch time 0 
INFO:root:TEST batch 7 / 7 - partial error 0.0620 - partial loss 0.3470 - partial MRR  0.0000 - partial MAP 0.9801
INFO:root:TEST batch 7 / 7 -  partial tp {0: tensor(0), 1: tensor(181)},fn {0: tensor(17), 1: tensor(0)},fp {0: tensor(0), 1: tensor(17)}
INFO:root:TEST batch 7 / 7 - measures partial microavg - precision 0.9141 - recall 0.9141 - f1 0.9141 
INFO:root:TEST batch 7 / 7 - measures partial for class 0 - precision 0.0000 - recall 0.0000 - f1 0.0000 
INFO:root:TEST batch 7 / 7 - measures partial for class 1 - precision 0.9141 - recall 1.0000 - f1 0.9551 
INFO:root:TEST batch 7 / 7 - Batch time 0 
INFO:root:TEST mean losses tensor(0.3470)
INFO:root:TEST mean errors 0.06204906105995178
INFO:root:TEST mean MRR 0.0 - mean MAP 0.9801296591758728
INFO:root:TEST tp {0: tensor(0), 1: tensor(1300)},fn {0: tensor(86), 1: tensor(0)},fp {0: tensor(0), 1: tensor(86)}
INFO:root:TEST measures microavg - precision 0.9380 - recall 0.9380 - f1 0.9380 
INFO:root:TEST measures for class 0 - precision 0.0000 - recall 0.0000 - f1 0.0000 
INFO:root:TEST measures for class 1 - precision 0.9380 - recall 1.0000 - f1 0.9680 
INFO:root:TEST measures@10 microavg - precision 1.0000 - recall 0.0505 - f1 0.0962 
INFO:root:TEST measures@10 for class 0 - precision 0.0000 - recall 0.0000 - f1 0.0000 
INFO:root:TEST measures@10 for class 1 - precision 1.0000 - recall 0.0538 - f1 0.1022 
INFO:root:TEST measures@100 microavg - precision 0.9700 - recall 0.4899 - f1 0.6510 
INFO:root:TEST measures@100 for class 0 - precision 0.0000 - recall 0.0000 - f1 0.0000 
INFO:root:TEST measures@100 for class 1 - precision 0.9700 - recall 0.5223 - f1 0.6790 
INFO:root:TEST measures@1000 microavg - precision 0.9380 - recall 0.9380 - f1 0.9380 
INFO:root:TEST measures@1000 for class 0 - precision 0.0000 - recall 0.0000 - f1 0.0000 
INFO:root:TEST measures@1000 for class 1 - precision 0.9380 - recall 1.0000 - f1 0.9680 
INFO:root:TEST Total epoch time: 0.23029845500013835
INFO:root:################ TRAIN epoch 53 ###################
INFO:root:TRAIN mean losses tensor(0.2844)
INFO:root:TRAIN mean errors 0.048821549862623215
INFO:root:TRAIN mean MRR 0.0 - mean MAP 0.9812361001968384
INFO:root:TRAIN tp {0: tensor(0), 1: tensor(5650)},fn {0: tensor(290), 1: tensor(0)},fp {0: tensor(0), 1: tensor(290)}
INFO:root:TRAIN measures microavg - precision 0.9512 - recall 0.9512 - f1 0.9512 
INFO:root:TRAIN measures for class 0 - precision 0.0000 - recall 0.0000 - f1 0.0000 
INFO:root:TRAIN measures for class 1 - precision 0.9512 - recall 1.0000 - f1 0.9750 
INFO:root:TRAIN measures@10 microavg - precision 0.9900 - recall 0.0500 - f1 0.0952 
INFO:root:TRAIN measures@10 for class 0 - precision 0.0000 - recall 0.0000 - f1 0.0000 
INFO:root:TRAIN measures@10 for class 1 - precision 0.9900 - recall 0.0526 - f1 0.0998 
INFO:root:TRAIN measures@100 microavg - precision 0.9753 - recall 0.4926 - f1 0.6546 
INFO:root:TRAIN measures@100 for class 0 - precision 0.0000 - recall 0.0000 - f1 0.0000 
INFO:root:TRAIN measures@100 for class 1 - precision 0.9753 - recall 0.5179 - f1 0.6765 
INFO:root:TRAIN measures@1000 microavg - precision 0.9512 - recall 0.9512 - f1 0.9512 
INFO:root:TRAIN measures@1000 for class 0 - precision 0.0000 - recall 0.0000 - f1 0.0000 
INFO:root:TRAIN measures@1000 for class 1 - precision 0.9512 - recall 1.0000 - f1 0.9750 
INFO:root:TRAIN Total epoch time: 2.442456778000178
INFO:root:################ VALID epoch 53 ###################
INFO:root:VALID mean losses tensor(0.2624)
INFO:root:VALID mean errors 0.046296294778585434
INFO:root:VALID mean MRR 0.0 - mean MAP 0.9818823337554932
INFO:root:VALID tp {0: tensor(0), 1: tensor(1133)},fn {0: tensor(55), 1: tensor(0)},fp {0: tensor(0), 1: tensor(55)}
INFO:root:VALID measures microavg - precision 0.9537 - recall 0.9537 - f1 0.9537 
INFO:root:VALID measures for class 0 - precision 0.0000 - recall 0.0000 - f1 0.0000 
INFO:root:VALID measures for class 1 - precision 0.9537 - recall 1.0000 - f1 0.9763 
INFO:root:VALID measures@10 microavg - precision 0.9833 - recall 0.0497 - f1 0.0946 
INFO:root:VALID measures@10 for class 0 - precision 0.0000 - recall 0.0000 - f1 0.0000 
INFO:root:VALID measures@10 for class 1 - precision 0.9833 - recall 0.0521 - f1 0.0989 
INFO:root:VALID measures@100 microavg - precision 0.9817 - recall 0.4958 - f1 0.6588 
INFO:root:VALID measures@100 for class 0 - precision 0.0000 - recall 0.0000 - f1 0.0000 
INFO:root:VALID measures@100 for class 1 - precision 0.9817 - recall 0.5199 - f1 0.6797 
INFO:root:VALID measures@1000 microavg - precision 0.9537 - recall 0.9537 - f1 0.9537 
INFO:root:VALID measures@1000 for class 0 - precision 0.0000 - recall 0.0000 - f1 0.0000 
INFO:root:VALID measures@1000 for class 1 - precision 0.9537 - recall 1.0000 - f1 0.9763 
INFO:root:VALID Total epoch time: 0.17513472099972205
INFO:root:################ TEST epoch 53 ###################
INFO:root:TEST batch 1 / 7 - partial error 0.0455 - partial loss 0.2791 - partial MRR  0.0000 - partial MAP 0.9824
INFO:root:TEST batch 1 / 7 -  partial tp {0: tensor(0), 1: tensor(189)},fn {0: tensor(9), 1: tensor(0)},fp {0: tensor(0), 1: tensor(9)}
INFO:root:TEST batch 1 / 7 - measures partial microavg - precision 0.9545 - recall 0.9545 - f1 0.9545 
INFO:root:TEST batch 1 / 7 - measures partial for class 0 - precision 0.0000 - recall 0.0000 - f1 0.0000 
INFO:root:TEST batch 1 / 7 - measures partial for class 1 - precision 0.9545 - recall 1.0000 - f1 0.9767 
INFO:root:TEST batch 1 / 7 - Batch time 0 
INFO:root:TEST batch 2 / 7 - partial error 0.0581 - partial loss 0.3371 - partial MRR  0.0000 - partial MAP 0.9765
INFO:root:TEST batch 2 / 7 -  partial tp {0: tensor(0), 1: tensor(184)},fn {0: tensor(14), 1: tensor(0)},fp {0: tensor(0), 1: tensor(14)}
INFO:root:TEST batch 2 / 7 - measures partial microavg - precision 0.9293 - recall 0.9293 - f1 0.9293 
INFO:root:TEST batch 2 / 7 - measures partial for class 0 - precision 0.0000 - recall 0.0000 - f1 0.0000 
INFO:root:TEST batch 2 / 7 - measures partial for class 1 - precision 0.9293 - recall 1.0000 - f1 0.9634 
INFO:root:TEST batch 2 / 7 - Batch time 0 
INFO:root:TEST batch 3 / 7 - partial error 0.0556 - partial loss 0.3206 - partial MRR  0.0000 - partial MAP 0.9786
INFO:root:TEST batch 3 / 7 -  partial tp {0: tensor(0), 1: tensor(188)},fn {0: tensor(10), 1: tensor(0)},fp {0: tensor(0), 1: tensor(10)}
INFO:root:TEST batch 3 / 7 - measures partial microavg - precision 0.9495 - recall 0.9495 - f1 0.9495 
INFO:root:TEST batch 3 / 7 - measures partial for class 0 - precision 0.0000 - recall 0.0000 - f1 0.0000 
INFO:root:TEST batch 3 / 7 - measures partial for class 1 - precision 0.9495 - recall 1.0000 - f1 0.9741 
INFO:root:TEST batch 3 / 7 - Batch time 0 
INFO:root:TEST batch 4 / 7 - partial error 0.0568 - partial loss 0.3225 - partial MRR  0.0000 - partial MAP 0.9790
INFO:root:TEST batch 4 / 7 -  partial tp {0: tensor(0), 1: tensor(186)},fn {0: tensor(12), 1: tensor(0)},fp {0: tensor(0), 1: tensor(12)}
INFO:root:TEST batch 4 / 7 - measures partial microavg - precision 0.9394 - recall 0.9394 - f1 0.9394 
INFO:root:TEST batch 4 / 7 - measures partial for class 0 - precision 0.0000 - recall 0.0000 - f1 0.0000 
INFO:root:TEST batch 4 / 7 - measures partial for class 1 - precision 0.9394 - recall 1.0000 - f1 0.9688 
INFO:root:TEST batch 4 / 7 - Batch time 0 
INFO:root:TEST batch 5 / 7 - partial error 0.0606 - partial loss 0.3412 - partial MRR  0.0000 - partial MAP 0.9774
INFO:root:TEST batch 5 / 7 -  partial tp {0: tensor(0), 1: tensor(183)},fn {0: tensor(15), 1: tensor(0)},fp {0: tensor(0), 1: tensor(15)}
INFO:root:TEST batch 5 / 7 - measures partial microavg - precision 0.9242 - recall 0.9242 - f1 0.9242 
INFO:root:TEST batch 5 / 7 - measures partial for class 0 - precision 0.0000 - recall 0.0000 - f1 0.0000 
INFO:root:TEST batch 5 / 7 - measures partial for class 1 - precision 0.9242 - recall 1.0000 - f1 0.9606 
INFO:root:TEST batch 5 / 7 - Batch time 0 
INFO:root:TEST batch 6 / 7 - partial error 0.0581 - partial loss 0.3252 - partial MRR  0.0000 - partial MAP 0.9795
INFO:root:TEST batch 6 / 7 -  partial tp {0: tensor(0), 1: tensor(189)},fn {0: tensor(9), 1: tensor(0)},fp {0: tensor(0), 1: tensor(9)}
INFO:root:TEST batch 6 / 7 - measures partial microavg - precision 0.9545 - recall 0.9545 - f1 0.9545 
INFO:root:TEST batch 6 / 7 - measures partial for class 0 - precision 0.0000 - recall 0.0000 - f1 0.0000 
INFO:root:TEST batch 6 / 7 - measures partial for class 1 - precision 0.9545 - recall 1.0000 - f1 0.9767 
INFO:root:TEST batch 6 / 7 - Batch time 0 
INFO:root:TEST batch 7 / 7 - partial error 0.0620 - partial loss 0.3413 - partial MRR  0.0000 - partial MAP 0.9791
INFO:root:TEST batch 7 / 7 -  partial tp {0: tensor(0), 1: tensor(181)},fn {0: tensor(17), 1: tensor(0)},fp {0: tensor(0), 1: tensor(17)}
INFO:root:TEST batch 7 / 7 - measures partial microavg - precision 0.9141 - recall 0.9141 - f1 0.9141 
INFO:root:TEST batch 7 / 7 - measures partial for class 0 - precision 0.0000 - recall 0.0000 - f1 0.0000 
INFO:root:TEST batch 7 / 7 - measures partial for class 1 - precision 0.9141 - recall 1.0000 - f1 0.9551 
INFO:root:TEST batch 7 / 7 - Batch time 0 
INFO:root:TEST mean losses tensor(0.3413)
INFO:root:TEST mean errors 0.06204906105995178
INFO:root:TEST mean MRR 0.0 - mean MAP 0.9790884852409363
INFO:root:TEST tp {0: tensor(0), 1: tensor(1300)},fn {0: tensor(86), 1: tensor(0)},fp {0: tensor(0), 1: tensor(86)}
INFO:root:TEST measures microavg - precision 0.9380 - recall 0.9380 - f1 0.9380 
INFO:root:TEST measures for class 0 - precision 0.0000 - recall 0.0000 - f1 0.0000 
INFO:root:TEST measures for class 1 - precision 0.9380 - recall 1.0000 - f1 0.9680 
INFO:root:TEST measures@10 microavg - precision 1.0000 - recall 0.0505 - f1 0.0962 
INFO:root:TEST measures@10 for class 0 - precision 0.0000 - recall 0.0000 - f1 0.0000 
INFO:root:TEST measures@10 for class 1 - precision 1.0000 - recall 0.0538 - f1 0.1022 
INFO:root:TEST measures@100 microavg - precision 0.9700 - recall 0.4899 - f1 0.6510 
INFO:root:TEST measures@100 for class 0 - precision 0.0000 - recall 0.0000 - f1 0.0000 
INFO:root:TEST measures@100 for class 1 - precision 0.9700 - recall 0.5223 - f1 0.6790 
INFO:root:TEST measures@1000 microavg - precision 0.9380 - recall 0.9380 - f1 0.9380 
INFO:root:TEST measures@1000 for class 0 - precision 0.0000 - recall 0.0000 - f1 0.0000 
INFO:root:TEST measures@1000 for class 1 - precision 0.9380 - recall 1.0000 - f1 0.9680 
INFO:root:TEST Total epoch time: 0.22043658099983077
INFO:root:################ TRAIN epoch 54 ###################
INFO:root:TRAIN mean losses tensor(0.2843)
INFO:root:TRAIN mean errors 0.048821549862623215
INFO:root:TRAIN mean MRR 0.0 - mean MAP 0.9813922047615051
INFO:root:TRAIN tp {0: tensor(0), 1: tensor(5650)},fn {0: tensor(290), 1: tensor(0)},fp {0: tensor(0), 1: tensor(290)}
INFO:root:TRAIN measures microavg - precision 0.9512 - recall 0.9512 - f1 0.9512 
INFO:root:TRAIN measures for class 0 - precision 0.0000 - recall 0.0000 - f1 0.0000 
INFO:root:TRAIN measures for class 1 - precision 0.9512 - recall 1.0000 - f1 0.9750 
INFO:root:TRAIN measures@10 microavg - precision 0.9967 - recall 0.0503 - f1 0.0958 
INFO:root:TRAIN measures@10 for class 0 - precision 0.0000 - recall 0.0000 - f1 0.0000 
INFO:root:TRAIN measures@10 for class 1 - precision 0.9967 - recall 0.0529 - f1 0.1005 
INFO:root:TRAIN measures@100 microavg - precision 0.9763 - recall 0.4931 - f1 0.6553 
INFO:root:TRAIN measures@100 for class 0 - precision 0.0000 - recall 0.0000 - f1 0.0000 
INFO:root:TRAIN measures@100 for class 1 - precision 0.9763 - recall 0.5184 - f1 0.6772 
INFO:root:TRAIN measures@1000 microavg - precision 0.9512 - recall 0.9512 - f1 0.9512 
INFO:root:TRAIN measures@1000 for class 0 - precision 0.0000 - recall 0.0000 - f1 0.0000 
INFO:root:TRAIN measures@1000 for class 1 - precision 0.9512 - recall 1.0000 - f1 0.9750 
INFO:root:TRAIN Total epoch time: 2.4830400139999256
INFO:root:################ VALID epoch 54 ###################
INFO:root:VALID mean losses tensor(0.2592)
INFO:root:VALID mean errors 0.046296294778585434
INFO:root:VALID mean MRR 0.0 - mean MAP 0.9832479953765869
INFO:root:VALID tp {0: tensor(0), 1: tensor(1133)},fn {0: tensor(55), 1: tensor(0)},fp {0: tensor(0), 1: tensor(55)}
INFO:root:VALID measures microavg - precision 0.9537 - recall 0.9537 - f1 0.9537 
INFO:root:VALID measures for class 0 - precision 0.0000 - recall 0.0000 - f1 0.0000 
INFO:root:VALID measures for class 1 - precision 0.9537 - recall 1.0000 - f1 0.9763 
INFO:root:VALID measures@10 microavg - precision 0.9833 - recall 0.0497 - f1 0.0946 
INFO:root:VALID measures@10 for class 0 - precision 0.0000 - recall 0.0000 - f1 0.0000 
INFO:root:VALID measures@10 for class 1 - precision 0.9833 - recall 0.0521 - f1 0.0989 
INFO:root:VALID measures@100 microavg - precision 0.9833 - recall 0.4966 - f1 0.6600 
INFO:root:VALID measures@100 for class 0 - precision 0.0000 - recall 0.0000 - f1 0.0000 
INFO:root:VALID measures@100 for class 1 - precision 0.9833 - recall 0.5207 - f1 0.6809 
INFO:root:VALID measures@1000 microavg - precision 0.9537 - recall 0.9537 - f1 0.9537 
INFO:root:VALID measures@1000 for class 0 - precision 0.0000 - recall 0.0000 - f1 0.0000 
INFO:root:VALID measures@1000 for class 1 - precision 0.9537 - recall 1.0000 - f1 0.9763 
INFO:root:VALID Total epoch time: 0.17525000000023283
INFO:root:################ TEST epoch 54 ###################
INFO:root:TEST batch 1 / 7 - partial error 0.0455 - partial loss 0.2838 - partial MRR  0.0000 - partial MAP 0.9797
INFO:root:TEST batch 1 / 7 -  partial tp {0: tensor(0), 1: tensor(189)},fn {0: tensor(9), 1: tensor(0)},fp {0: tensor(0), 1: tensor(9)}
INFO:root:TEST batch 1 / 7 - measures partial microavg - precision 0.9545 - recall 0.9545 - f1 0.9545 
INFO:root:TEST batch 1 / 7 - measures partial for class 0 - precision 0.0000 - recall 0.0000 - f1 0.0000 
INFO:root:TEST batch 1 / 7 - measures partial for class 1 - precision 0.9545 - recall 1.0000 - f1 0.9767 
INFO:root:TEST batch 1 / 7 - Batch time 0 
INFO:root:TEST batch 2 / 7 - partial error 0.0581 - partial loss 0.3353 - partial MRR  0.0000 - partial MAP 0.9773
INFO:root:TEST batch 2 / 7 -  partial tp {0: tensor(0), 1: tensor(184)},fn {0: tensor(14), 1: tensor(0)},fp {0: tensor(0), 1: tensor(14)}
INFO:root:TEST batch 2 / 7 - measures partial microavg - precision 0.9293 - recall 0.9293 - f1 0.9293 
INFO:root:TEST batch 2 / 7 - measures partial for class 0 - precision 0.0000 - recall 0.0000 - f1 0.0000 
INFO:root:TEST batch 2 / 7 - measures partial for class 1 - precision 0.9293 - recall 1.0000 - f1 0.9634 
INFO:root:TEST batch 2 / 7 - Batch time 0 
INFO:root:TEST batch 3 / 7 - partial error 0.0556 - partial loss 0.3205 - partial MRR  0.0000 - partial MAP 0.9776
INFO:root:TEST batch 3 / 7 -  partial tp {0: tensor(0), 1: tensor(188)},fn {0: tensor(10), 1: tensor(0)},fp {0: tensor(0), 1: tensor(10)}
INFO:root:TEST batch 3 / 7 - measures partial microavg - precision 0.9495 - recall 0.9495 - f1 0.9495 
INFO:root:TEST batch 3 / 7 - measures partial for class 0 - precision 0.0000 - recall 0.0000 - f1 0.0000 
INFO:root:TEST batch 3 / 7 - measures partial for class 1 - precision 0.9495 - recall 1.0000 - f1 0.9741 
INFO:root:TEST batch 3 / 7 - Batch time 0 
INFO:root:TEST batch 4 / 7 - partial error 0.0568 - partial loss 0.3235 - partial MRR  0.0000 - partial MAP 0.9771
INFO:root:TEST batch 4 / 7 -  partial tp {0: tensor(0), 1: tensor(186)},fn {0: tensor(12), 1: tensor(0)},fp {0: tensor(0), 1: tensor(12)}
INFO:root:TEST batch 4 / 7 - measures partial microavg - precision 0.9394 - recall 0.9394 - f1 0.9394 
INFO:root:TEST batch 4 / 7 - measures partial for class 0 - precision 0.0000 - recall 0.0000 - f1 0.0000 
INFO:root:TEST batch 4 / 7 - measures partial for class 1 - precision 0.9394 - recall 1.0000 - f1 0.9688 
INFO:root:TEST batch 4 / 7 - Batch time 0 
INFO:root:TEST batch 5 / 7 - partial error 0.0606 - partial loss 0.3408 - partial MRR  0.0000 - partial MAP 0.9760
INFO:root:TEST batch 5 / 7 -  partial tp {0: tensor(0), 1: tensor(183)},fn {0: tensor(15), 1: tensor(0)},fp {0: tensor(0), 1: tensor(15)}
INFO:root:TEST batch 5 / 7 - measures partial microavg - precision 0.9242 - recall 0.9242 - f1 0.9242 
INFO:root:TEST batch 5 / 7 - measures partial for class 0 - precision 0.0000 - recall 0.0000 - f1 0.0000 
INFO:root:TEST batch 5 / 7 - measures partial for class 1 - precision 0.9242 - recall 1.0000 - f1 0.9606 
INFO:root:TEST batch 5 / 7 - Batch time 0 
INFO:root:TEST batch 6 / 7 - partial error 0.0581 - partial loss 0.3258 - partial MRR  0.0000 - partial MAP 0.9780
INFO:root:TEST batch 6 / 7 -  partial tp {0: tensor(0), 1: tensor(189)},fn {0: tensor(9), 1: tensor(0)},fp {0: tensor(0), 1: tensor(9)}
INFO:root:TEST batch 6 / 7 - measures partial microavg - precision 0.9545 - recall 0.9545 - f1 0.9545 
INFO:root:TEST batch 6 / 7 - measures partial for class 0 - precision 0.0000 - recall 0.0000 - f1 0.0000 
INFO:root:TEST batch 6 / 7 - measures partial for class 1 - precision 0.9545 - recall 1.0000 - f1 0.9767 
INFO:root:TEST batch 6 / 7 - Batch time 0 
INFO:root:TEST batch 7 / 7 - partial error 0.0620 - partial loss 0.3420 - partial MRR  0.0000 - partial MAP 0.9783
INFO:root:TEST batch 7 / 7 -  partial tp {0: tensor(0), 1: tensor(181)},fn {0: tensor(17), 1: tensor(0)},fp {0: tensor(0), 1: tensor(17)}
INFO:root:TEST batch 7 / 7 - measures partial microavg - precision 0.9141 - recall 0.9141 - f1 0.9141 
INFO:root:TEST batch 7 / 7 - measures partial for class 0 - precision 0.0000 - recall 0.0000 - f1 0.0000 
INFO:root:TEST batch 7 / 7 - measures partial for class 1 - precision 0.9141 - recall 1.0000 - f1 0.9551 
INFO:root:TEST batch 7 / 7 - Batch time 0 
INFO:root:TEST mean losses tensor(0.3420)
INFO:root:TEST mean errors 0.06204906105995178
INFO:root:TEST mean MRR 0.0 - mean MAP 0.978272020816803
INFO:root:TEST tp {0: tensor(0), 1: tensor(1300)},fn {0: tensor(86), 1: tensor(0)},fp {0: tensor(0), 1: tensor(86)}
INFO:root:TEST measures microavg - precision 0.9380 - recall 0.9380 - f1 0.9380 
INFO:root:TEST measures for class 0 - precision 0.0000 - recall 0.0000 - f1 0.0000 
INFO:root:TEST measures for class 1 - precision 0.9380 - recall 1.0000 - f1 0.9680 
INFO:root:TEST measures@10 microavg - precision 1.0000 - recall 0.0505 - f1 0.0962 
INFO:root:TEST measures@10 for class 0 - precision 0.0000 - recall 0.0000 - f1 0.0000 
INFO:root:TEST measures@10 for class 1 - precision 1.0000 - recall 0.0538 - f1 0.1022 
INFO:root:TEST measures@100 microavg - precision 0.9700 - recall 0.4899 - f1 0.6510 
INFO:root:TEST measures@100 for class 0 - precision 0.0000 - recall 0.0000 - f1 0.0000 
INFO:root:TEST measures@100 for class 1 - precision 0.9700 - recall 0.5223 - f1 0.6790 
INFO:root:TEST measures@1000 microavg - precision 0.9380 - recall 0.9380 - f1 0.9380 
INFO:root:TEST measures@1000 for class 0 - precision 0.0000 - recall 0.0000 - f1 0.0000 
INFO:root:TEST measures@1000 for class 1 - precision 0.9380 - recall 1.0000 - f1 0.9680 
INFO:root:TEST Total epoch time: 0.2201759760000641
INFO:root:################ TRAIN epoch 55 ###################
INFO:root:TRAIN mean losses tensor(0.2839)
INFO:root:TRAIN mean errors 0.048821549862623215
INFO:root:TRAIN mean MRR 0.0 - mean MAP 0.9809566140174866
INFO:root:TRAIN tp {0: tensor(0), 1: tensor(5650)},fn {0: tensor(290), 1: tensor(0)},fp {0: tensor(0), 1: tensor(290)}
INFO:root:TRAIN measures microavg - precision 0.9512 - recall 0.9512 - f1 0.9512 
INFO:root:TRAIN measures for class 0 - precision 0.0000 - recall 0.0000 - f1 0.0000 
INFO:root:TRAIN measures for class 1 - precision 0.9512 - recall 1.0000 - f1 0.9750 
INFO:root:TRAIN measures@10 microavg - precision 0.9933 - recall 0.0502 - f1 0.0955 
INFO:root:TRAIN measures@10 for class 0 - precision 0.0000 - recall 0.0000 - f1 0.0000 
INFO:root:TRAIN measures@10 for class 1 - precision 0.9933 - recall 0.0527 - f1 0.1002 
INFO:root:TRAIN measures@100 microavg - precision 0.9753 - recall 0.4926 - f1 0.6546 
INFO:root:TRAIN measures@100 for class 0 - precision 0.0000 - recall 0.0000 - f1 0.0000 
INFO:root:TRAIN measures@100 for class 1 - precision 0.9753 - recall 0.5179 - f1 0.6765 
INFO:root:TRAIN measures@1000 microavg - precision 0.9512 - recall 0.9512 - f1 0.9512 
INFO:root:TRAIN measures@1000 for class 0 - precision 0.0000 - recall 0.0000 - f1 0.0000 
INFO:root:TRAIN measures@1000 for class 1 - precision 0.9512 - recall 1.0000 - f1 0.9750 
INFO:root:TRAIN Total epoch time: 2.4537482549999368
INFO:root:################ VALID epoch 55 ###################
INFO:root:VALID mean losses tensor(0.2619)
INFO:root:VALID mean errors 0.046296294778585434
INFO:root:VALID mean MRR 0.0 - mean MAP 0.9828152060508728
INFO:root:VALID tp {0: tensor(0), 1: tensor(1133)},fn {0: tensor(55), 1: tensor(0)},fp {0: tensor(0), 1: tensor(55)}
INFO:root:VALID measures microavg - precision 0.9537 - recall 0.9537 - f1 0.9537 
INFO:root:VALID measures for class 0 - precision 0.0000 - recall 0.0000 - f1 0.0000 
INFO:root:VALID measures for class 1 - precision 0.9537 - recall 1.0000 - f1 0.9763 
INFO:root:VALID measures@10 microavg - precision 1.0000 - recall 0.0505 - f1 0.0962 
INFO:root:VALID measures@10 for class 0 - precision 0.0000 - recall 0.0000 - f1 0.0000 
INFO:root:VALID measures@10 for class 1 - precision 1.0000 - recall 0.0530 - f1 0.1006 
INFO:root:VALID measures@100 microavg - precision 0.9833 - recall 0.4966 - f1 0.6600 
INFO:root:VALID measures@100 for class 0 - precision 0.0000 - recall 0.0000 - f1 0.0000 
INFO:root:VALID measures@100 for class 1 - precision 0.9833 - recall 0.5207 - f1 0.6809 
INFO:root:VALID measures@1000 microavg - precision 0.9537 - recall 0.9537 - f1 0.9537 
INFO:root:VALID measures@1000 for class 0 - precision 0.0000 - recall 0.0000 - f1 0.0000 
INFO:root:VALID measures@1000 for class 1 - precision 0.9537 - recall 1.0000 - f1 0.9763 
INFO:root:VALID Total epoch time: 0.17561953599988556
INFO:root:################ TEST epoch 55 ###################
INFO:root:TEST batch 1 / 7 - partial error 0.0455 - partial loss 0.2803 - partial MRR  0.0000 - partial MAP 0.9812
INFO:root:TEST batch 1 / 7 -  partial tp {0: tensor(0), 1: tensor(189)},fn {0: tensor(9), 1: tensor(0)},fp {0: tensor(0), 1: tensor(9)}
INFO:root:TEST batch 1 / 7 - measures partial microavg - precision 0.9545 - recall 0.9545 - f1 0.9545 
INFO:root:TEST batch 1 / 7 - measures partial for class 0 - precision 0.0000 - recall 0.0000 - f1 0.0000 
INFO:root:TEST batch 1 / 7 - measures partial for class 1 - precision 0.9545 - recall 1.0000 - f1 0.9767 
INFO:root:TEST batch 1 / 7 - Batch time 0 
INFO:root:TEST batch 2 / 7 - partial error 0.0581 - partial loss 0.3389 - partial MRR  0.0000 - partial MAP 0.9746
INFO:root:TEST batch 2 / 7 -  partial tp {0: tensor(0), 1: tensor(184)},fn {0: tensor(14), 1: tensor(0)},fp {0: tensor(0), 1: tensor(14)}
INFO:root:TEST batch 2 / 7 - measures partial microavg - precision 0.9293 - recall 0.9293 - f1 0.9293 
INFO:root:TEST batch 2 / 7 - measures partial for class 0 - precision 0.0000 - recall 0.0000 - f1 0.0000 
INFO:root:TEST batch 2 / 7 - measures partial for class 1 - precision 0.9293 - recall 1.0000 - f1 0.9634 
INFO:root:TEST batch 2 / 7 - Batch time 0 
INFO:root:TEST batch 3 / 7 - partial error 0.0556 - partial loss 0.3202 - partial MRR  0.0000 - partial MAP 0.9774
INFO:root:TEST batch 3 / 7 -  partial tp {0: tensor(0), 1: tensor(188)},fn {0: tensor(10), 1: tensor(0)},fp {0: tensor(0), 1: tensor(10)}
INFO:root:TEST batch 3 / 7 - measures partial microavg - precision 0.9495 - recall 0.9495 - f1 0.9495 
INFO:root:TEST batch 3 / 7 - measures partial for class 0 - precision 0.0000 - recall 0.0000 - f1 0.0000 
INFO:root:TEST batch 3 / 7 - measures partial for class 1 - precision 0.9495 - recall 1.0000 - f1 0.9741 
INFO:root:TEST batch 3 / 7 - Batch time 0 
INFO:root:TEST batch 4 / 7 - partial error 0.0568 - partial loss 0.3239 - partial MRR  0.0000 - partial MAP 0.9769
INFO:root:TEST batch 4 / 7 -  partial tp {0: tensor(0), 1: tensor(186)},fn {0: tensor(12), 1: tensor(0)},fp {0: tensor(0), 1: tensor(12)}
INFO:root:TEST batch 4 / 7 - measures partial microavg - precision 0.9394 - recall 0.9394 - f1 0.9394 
INFO:root:TEST batch 4 / 7 - measures partial for class 0 - precision 0.0000 - recall 0.0000 - f1 0.0000 
INFO:root:TEST batch 4 / 7 - measures partial for class 1 - precision 0.9394 - recall 1.0000 - f1 0.9688 
INFO:root:TEST batch 4 / 7 - Batch time 0 
INFO:root:TEST batch 5 / 7 - partial error 0.0606 - partial loss 0.3404 - partial MRR  0.0000 - partial MAP 0.9772
INFO:root:TEST batch 5 / 7 -  partial tp {0: tensor(0), 1: tensor(183)},fn {0: tensor(15), 1: tensor(0)},fp {0: tensor(0), 1: tensor(15)}
INFO:root:TEST batch 5 / 7 - measures partial microavg - precision 0.9242 - recall 0.9242 - f1 0.9242 
INFO:root:TEST batch 5 / 7 - measures partial for class 0 - precision 0.0000 - recall 0.0000 - f1 0.0000 
INFO:root:TEST batch 5 / 7 - measures partial for class 1 - precision 0.9242 - recall 1.0000 - f1 0.9606 
INFO:root:TEST batch 5 / 7 - Batch time 0 
INFO:root:TEST batch 6 / 7 - partial error 0.0581 - partial loss 0.3262 - partial MRR  0.0000 - partial MAP 0.9790
INFO:root:TEST batch 6 / 7 -  partial tp {0: tensor(0), 1: tensor(189)},fn {0: tensor(9), 1: tensor(0)},fp {0: tensor(0), 1: tensor(9)}
INFO:root:TEST batch 6 / 7 - measures partial microavg - precision 0.9545 - recall 0.9545 - f1 0.9545 
INFO:root:TEST batch 6 / 7 - measures partial for class 0 - precision 0.0000 - recall 0.0000 - f1 0.0000 
INFO:root:TEST batch 6 / 7 - measures partial for class 1 - precision 0.9545 - recall 1.0000 - f1 0.9767 
INFO:root:TEST batch 6 / 7 - Batch time 0 
INFO:root:TEST batch 7 / 7 - partial error 0.0620 - partial loss 0.3420 - partial MRR  0.0000 - partial MAP 0.9790
INFO:root:TEST batch 7 / 7 -  partial tp {0: tensor(0), 1: tensor(181)},fn {0: tensor(17), 1: tensor(0)},fp {0: tensor(0), 1: tensor(17)}
INFO:root:TEST batch 7 / 7 - measures partial microavg - precision 0.9141 - recall 0.9141 - f1 0.9141 
INFO:root:TEST batch 7 / 7 - measures partial for class 0 - precision 0.0000 - recall 0.0000 - f1 0.0000 
INFO:root:TEST batch 7 / 7 - measures partial for class 1 - precision 0.9141 - recall 1.0000 - f1 0.9551 
INFO:root:TEST batch 7 / 7 - Batch time 0 
INFO:root:TEST mean losses tensor(0.3420)
INFO:root:TEST mean errors 0.06204906105995178
INFO:root:TEST mean MRR 0.0 - mean MAP 0.9790308475494385
INFO:root:TEST tp {0: tensor(0), 1: tensor(1300)},fn {0: tensor(86), 1: tensor(0)},fp {0: tensor(0), 1: tensor(86)}
INFO:root:TEST measures microavg - precision 0.9380 - recall 0.9380 - f1 0.9380 
INFO:root:TEST measures for class 0 - precision 0.0000 - recall 0.0000 - f1 0.0000 
INFO:root:TEST measures for class 1 - precision 0.9380 - recall 1.0000 - f1 0.9680 
INFO:root:TEST measures@10 microavg - precision 1.0000 - recall 0.0505 - f1 0.0962 
INFO:root:TEST measures@10 for class 0 - precision 0.0000 - recall 0.0000 - f1 0.0000 
INFO:root:TEST measures@10 for class 1 - precision 1.0000 - recall 0.0538 - f1 0.1022 
INFO:root:TEST measures@100 microavg - precision 0.9743 - recall 0.4921 - f1 0.6539 
INFO:root:TEST measures@100 for class 0 - precision 0.0000 - recall 0.0000 - f1 0.0000 
INFO:root:TEST measures@100 for class 1 - precision 0.9743 - recall 0.5246 - f1 0.6820 
INFO:root:TEST measures@1000 microavg - precision 0.9380 - recall 0.9380 - f1 0.9380 
INFO:root:TEST measures@1000 for class 0 - precision 0.0000 - recall 0.0000 - f1 0.0000 
INFO:root:TEST measures@1000 for class 1 - precision 0.9380 - recall 1.0000 - f1 0.9680 
INFO:root:TEST Total epoch time: 0.220701081000243
INFO:root:################ TRAIN epoch 56 ###################
INFO:root:TRAIN mean losses tensor(0.2839)
INFO:root:TRAIN mean errors 0.048821549862623215
INFO:root:TRAIN mean MRR 0.0 - mean MAP 0.9815153479576111
INFO:root:TRAIN tp {0: tensor(0), 1: tensor(5650)},fn {0: tensor(290), 1: tensor(0)},fp {0: tensor(0), 1: tensor(290)}
INFO:root:TRAIN measures microavg - precision 0.9512 - recall 0.9512 - f1 0.9512 
INFO:root:TRAIN measures for class 0 - precision 0.0000 - recall 0.0000 - f1 0.0000 
INFO:root:TRAIN measures for class 1 - precision 0.9512 - recall 1.0000 - f1 0.9750 
INFO:root:TRAIN measures@10 microavg - precision 0.9967 - recall 0.0503 - f1 0.0958 
INFO:root:TRAIN measures@10 for class 0 - precision 0.0000 - recall 0.0000 - f1 0.0000 
INFO:root:TRAIN measures@10 for class 1 - precision 0.9967 - recall 0.0529 - f1 0.1005 
INFO:root:TRAIN measures@100 microavg - precision 0.9750 - recall 0.4924 - f1 0.6544 
INFO:root:TRAIN measures@100 for class 0 - precision 0.0000 - recall 0.0000 - f1 0.0000 
INFO:root:TRAIN measures@100 for class 1 - precision 0.9750 - recall 0.5177 - f1 0.6763 
INFO:root:TRAIN measures@1000 microavg - precision 0.9512 - recall 0.9512 - f1 0.9512 
INFO:root:TRAIN measures@1000 for class 0 - precision 0.0000 - recall 0.0000 - f1 0.0000 
INFO:root:TRAIN measures@1000 for class 1 - precision 0.9512 - recall 1.0000 - f1 0.9750 
INFO:root:TRAIN Total epoch time: 2.48968694999985
INFO:root:################ VALID epoch 56 ###################
INFO:root:VALID mean losses tensor(0.2624)
INFO:root:VALID mean errors 0.046296294778585434
INFO:root:VALID mean MRR 0.0 - mean MAP 0.983709454536438
INFO:root:VALID tp {0: tensor(0), 1: tensor(1133)},fn {0: tensor(55), 1: tensor(0)},fp {0: tensor(0), 1: tensor(55)}
INFO:root:VALID measures microavg - precision 0.9537 - recall 0.9537 - f1 0.9537 
INFO:root:VALID measures for class 0 - precision 0.0000 - recall 0.0000 - f1 0.0000 
INFO:root:VALID measures for class 1 - precision 0.9537 - recall 1.0000 - f1 0.9763 
INFO:root:VALID measures@10 microavg - precision 1.0000 - recall 0.0505 - f1 0.0962 
INFO:root:VALID measures@10 for class 0 - precision 0.0000 - recall 0.0000 - f1 0.0000 
INFO:root:VALID measures@10 for class 1 - precision 1.0000 - recall 0.0530 - f1 0.1006 
INFO:root:VALID measures@100 microavg - precision 0.9850 - recall 0.4975 - f1 0.6611 
INFO:root:VALID measures@100 for class 0 - precision 0.0000 - recall 0.0000 - f1 0.0000 
INFO:root:VALID measures@100 for class 1 - precision 0.9850 - recall 0.5216 - f1 0.6821 
INFO:root:VALID measures@1000 microavg - precision 0.9537 - recall 0.9537 - f1 0.9537 
INFO:root:VALID measures@1000 for class 0 - precision 0.0000 - recall 0.0000 - f1 0.0000 
INFO:root:VALID measures@1000 for class 1 - precision 0.9537 - recall 1.0000 - f1 0.9763 
INFO:root:VALID Total epoch time: 0.20068839299983665
INFO:root:################ TEST epoch 56 ###################
INFO:root:TEST batch 1 / 7 - partial error 0.0455 - partial loss 0.2768 - partial MRR  0.0000 - partial MAP 0.9860
INFO:root:TEST batch 1 / 7 -  partial tp {0: tensor(0), 1: tensor(189)},fn {0: tensor(9), 1: tensor(0)},fp {0: tensor(0), 1: tensor(9)}
INFO:root:TEST batch 1 / 7 - measures partial microavg - precision 0.9545 - recall 0.9545 - f1 0.9545 
INFO:root:TEST batch 1 / 7 - measures partial for class 0 - precision 0.0000 - recall 0.0000 - f1 0.0000 
INFO:root:TEST batch 1 / 7 - measures partial for class 1 - precision 0.9545 - recall 1.0000 - f1 0.9767 
INFO:root:TEST batch 1 / 7 - Batch time 0 
INFO:root:TEST batch 2 / 7 - partial error 0.0581 - partial loss 0.3293 - partial MRR  0.0000 - partial MAP 0.9804
INFO:root:TEST batch 2 / 7 -  partial tp {0: tensor(0), 1: tensor(184)},fn {0: tensor(14), 1: tensor(0)},fp {0: tensor(0), 1: tensor(14)}
INFO:root:TEST batch 2 / 7 - measures partial microavg - precision 0.9293 - recall 0.9293 - f1 0.9293 
INFO:root:TEST batch 2 / 7 - measures partial for class 0 - precision 0.0000 - recall 0.0000 - f1 0.0000 
INFO:root:TEST batch 2 / 7 - measures partial for class 1 - precision 0.9293 - recall 1.0000 - f1 0.9634 
INFO:root:TEST batch 2 / 7 - Batch time 0 
INFO:root:TEST batch 3 / 7 - partial error 0.0556 - partial loss 0.3165 - partial MRR  0.0000 - partial MAP 0.9810
INFO:root:TEST batch 3 / 7 -  partial tp {0: tensor(0), 1: tensor(188)},fn {0: tensor(10), 1: tensor(0)},fp {0: tensor(0), 1: tensor(10)}
INFO:root:TEST batch 3 / 7 - measures partial microavg - precision 0.9495 - recall 0.9495 - f1 0.9495 
INFO:root:TEST batch 3 / 7 - measures partial for class 0 - precision 0.0000 - recall 0.0000 - f1 0.0000 
INFO:root:TEST batch 3 / 7 - measures partial for class 1 - precision 0.9495 - recall 1.0000 - f1 0.9741 
INFO:root:TEST batch 3 / 7 - Batch time 0 
INFO:root:TEST batch 4 / 7 - partial error 0.0568 - partial loss 0.3201 - partial MRR  0.0000 - partial MAP 0.9797
INFO:root:TEST batch 4 / 7 -  partial tp {0: tensor(0), 1: tensor(186)},fn {0: tensor(12), 1: tensor(0)},fp {0: tensor(0), 1: tensor(12)}
INFO:root:TEST batch 4 / 7 - measures partial microavg - precision 0.9394 - recall 0.9394 - f1 0.9394 
INFO:root:TEST batch 4 / 7 - measures partial for class 0 - precision 0.0000 - recall 0.0000 - f1 0.0000 
INFO:root:TEST batch 4 / 7 - measures partial for class 1 - precision 0.9394 - recall 1.0000 - f1 0.9688 
INFO:root:TEST batch 4 / 7 - Batch time 0 
INFO:root:TEST batch 5 / 7 - partial error 0.0606 - partial loss 0.3392 - partial MRR  0.0000 - partial MAP 0.9779
INFO:root:TEST batch 5 / 7 -  partial tp {0: tensor(0), 1: tensor(183)},fn {0: tensor(15), 1: tensor(0)},fp {0: tensor(0), 1: tensor(15)}
INFO:root:TEST batch 5 / 7 - measures partial microavg - precision 0.9242 - recall 0.9242 - f1 0.9242 
INFO:root:TEST batch 5 / 7 - measures partial for class 0 - precision 0.0000 - recall 0.0000 - f1 0.0000 
INFO:root:TEST batch 5 / 7 - measures partial for class 1 - precision 0.9242 - recall 1.0000 - f1 0.9606 
INFO:root:TEST batch 5 / 7 - Batch time 0 
INFO:root:TEST batch 6 / 7 - partial error 0.0581 - partial loss 0.3234 - partial MRR  0.0000 - partial MAP 0.9800
INFO:root:TEST batch 6 / 7 -  partial tp {0: tensor(0), 1: tensor(189)},fn {0: tensor(9), 1: tensor(0)},fp {0: tensor(0), 1: tensor(9)}
INFO:root:TEST batch 6 / 7 - measures partial microavg - precision 0.9545 - recall 0.9545 - f1 0.9545 
INFO:root:TEST batch 6 / 7 - measures partial for class 0 - precision 0.0000 - recall 0.0000 - f1 0.0000 
INFO:root:TEST batch 6 / 7 - measures partial for class 1 - precision 0.9545 - recall 1.0000 - f1 0.9767 
INFO:root:TEST batch 6 / 7 - Batch time 0 
INFO:root:TEST batch 7 / 7 - partial error 0.0620 - partial loss 0.3405 - partial MRR  0.0000 - partial MAP 0.9798
INFO:root:TEST batch 7 / 7 -  partial tp {0: tensor(0), 1: tensor(181)},fn {0: tensor(17), 1: tensor(0)},fp {0: tensor(0), 1: tensor(17)}
INFO:root:TEST batch 7 / 7 - measures partial microavg - precision 0.9141 - recall 0.9141 - f1 0.9141 
INFO:root:TEST batch 7 / 7 - measures partial for class 0 - precision 0.0000 - recall 0.0000 - f1 0.0000 
INFO:root:TEST batch 7 / 7 - measures partial for class 1 - precision 0.9141 - recall 1.0000 - f1 0.9551 
INFO:root:TEST batch 7 / 7 - Batch time 0 
INFO:root:TEST mean losses tensor(0.3405)
INFO:root:TEST mean errors 0.06204906105995178
INFO:root:TEST mean MRR 0.0 - mean MAP 0.9797582626342773
INFO:root:TEST tp {0: tensor(0), 1: tensor(1300)},fn {0: tensor(86), 1: tensor(0)},fp {0: tensor(0), 1: tensor(86)}
INFO:root:TEST measures microavg - precision 0.9380 - recall 0.9380 - f1 0.9380 
INFO:root:TEST measures for class 0 - precision 0.0000 - recall 0.0000 - f1 0.0000 
INFO:root:TEST measures for class 1 - precision 0.9380 - recall 1.0000 - f1 0.9680 
INFO:root:TEST measures@10 microavg - precision 1.0000 - recall 0.0505 - f1 0.0962 
INFO:root:TEST measures@10 for class 0 - precision 0.0000 - recall 0.0000 - f1 0.0000 
INFO:root:TEST measures@10 for class 1 - precision 1.0000 - recall 0.0538 - f1 0.1022 
INFO:root:TEST measures@100 microavg - precision 0.9671 - recall 0.4885 - f1 0.6491 
INFO:root:TEST measures@100 for class 0 - precision 0.0000 - recall 0.0000 - f1 0.0000 
INFO:root:TEST measures@100 for class 1 - precision 0.9671 - recall 0.5208 - f1 0.6770 
INFO:root:TEST measures@1000 microavg - precision 0.9380 - recall 0.9380 - f1 0.9380 
INFO:root:TEST measures@1000 for class 0 - precision 0.0000 - recall 0.0000 - f1 0.0000 
INFO:root:TEST measures@1000 for class 1 - precision 0.9380 - recall 1.0000 - f1 0.9680 
INFO:root:TEST Total epoch time: 0.23405688699995153
INFO:root:################ TRAIN epoch 57 ###################
INFO:root:TRAIN mean losses tensor(0.2847)
INFO:root:TRAIN mean errors 0.048821549862623215
INFO:root:TRAIN mean MRR 0.0 - mean MAP 0.9800973534584045
INFO:root:TRAIN tp {0: tensor(0), 1: tensor(5650)},fn {0: tensor(290), 1: tensor(0)},fp {0: tensor(0), 1: tensor(290)}
INFO:root:TRAIN measures microavg - precision 0.9512 - recall 0.9512 - f1 0.9512 
INFO:root:TRAIN measures for class 0 - precision 0.0000 - recall 0.0000 - f1 0.0000 
INFO:root:TRAIN measures for class 1 - precision 0.9512 - recall 1.0000 - f1 0.9750 
INFO:root:TRAIN measures@10 microavg - precision 0.9900 - recall 0.0500 - f1 0.0952 
INFO:root:TRAIN measures@10 for class 0 - precision 0.0000 - recall 0.0000 - f1 0.0000 
INFO:root:TRAIN measures@10 for class 1 - precision 0.9900 - recall 0.0526 - f1 0.0998 
INFO:root:TRAIN measures@100 microavg - precision 0.9777 - recall 0.4938 - f1 0.6562 
INFO:root:TRAIN measures@100 for class 0 - precision 0.0000 - recall 0.0000 - f1 0.0000 
INFO:root:TRAIN measures@100 for class 1 - precision 0.9777 - recall 0.5191 - f1 0.6782 
INFO:root:TRAIN measures@1000 microavg - precision 0.9512 - recall 0.9512 - f1 0.9512 
INFO:root:TRAIN measures@1000 for class 0 - precision 0.0000 - recall 0.0000 - f1 0.0000 
INFO:root:TRAIN measures@1000 for class 1 - precision 0.9512 - recall 1.0000 - f1 0.9750 
INFO:root:TRAIN Total epoch time: 2.4773267639998267
INFO:root:################ VALID epoch 57 ###################
INFO:root:VALID mean losses tensor(0.2625)
INFO:root:VALID mean errors 0.046296294778585434
INFO:root:VALID mean MRR 0.0 - mean MAP 0.9807292222976685
INFO:root:VALID tp {0: tensor(0), 1: tensor(1133)},fn {0: tensor(55), 1: tensor(0)},fp {0: tensor(0), 1: tensor(55)}
INFO:root:VALID measures microavg - precision 0.9537 - recall 0.9537 - f1 0.9537 
INFO:root:VALID measures for class 0 - precision 0.0000 - recall 0.0000 - f1 0.0000 
INFO:root:VALID measures for class 1 - precision 0.9537 - recall 1.0000 - f1 0.9763 
INFO:root:VALID measures@10 microavg - precision 0.9833 - recall 0.0497 - f1 0.0946 
INFO:root:VALID measures@10 for class 0 - precision 0.0000 - recall 0.0000 - f1 0.0000 
INFO:root:VALID measures@10 for class 1 - precision 0.9833 - recall 0.0521 - f1 0.0989 
INFO:root:VALID measures@100 microavg - precision 0.9850 - recall 0.4975 - f1 0.6611 
INFO:root:VALID measures@100 for class 0 - precision 0.0000 - recall 0.0000 - f1 0.0000 
INFO:root:VALID measures@100 for class 1 - precision 0.9850 - recall 0.5216 - f1 0.6821 
INFO:root:VALID measures@1000 microavg - precision 0.9537 - recall 0.9537 - f1 0.9537 
INFO:root:VALID measures@1000 for class 0 - precision 0.0000 - recall 0.0000 - f1 0.0000 
INFO:root:VALID measures@1000 for class 1 - precision 0.9537 - recall 1.0000 - f1 0.9763 
INFO:root:VALID Total epoch time: 0.17824632000019847
INFO:root:################ TEST epoch 57 ###################
INFO:root:TEST batch 1 / 7 - partial error 0.0455 - partial loss 0.2887 - partial MRR  0.0000 - partial MAP 0.9793
INFO:root:TEST batch 1 / 7 -  partial tp {0: tensor(0), 1: tensor(189)},fn {0: tensor(9), 1: tensor(0)},fp {0: tensor(0), 1: tensor(9)}
INFO:root:TEST batch 1 / 7 - measures partial microavg - precision 0.9545 - recall 0.9545 - f1 0.9545 
INFO:root:TEST batch 1 / 7 - measures partial for class 0 - precision 0.0000 - recall 0.0000 - f1 0.0000 
INFO:root:TEST batch 1 / 7 - measures partial for class 1 - precision 0.9545 - recall 1.0000 - f1 0.9767 
INFO:root:TEST batch 1 / 7 - Batch time 0 
INFO:root:TEST batch 2 / 7 - partial error 0.0581 - partial loss 0.3365 - partial MRR  0.0000 - partial MAP 0.9775
INFO:root:TEST batch 2 / 7 -  partial tp {0: tensor(0), 1: tensor(184)},fn {0: tensor(14), 1: tensor(0)},fp {0: tensor(0), 1: tensor(14)}
INFO:root:TEST batch 2 / 7 - measures partial microavg - precision 0.9293 - recall 0.9293 - f1 0.9293 
INFO:root:TEST batch 2 / 7 - measures partial for class 0 - precision 0.0000 - recall 0.0000 - f1 0.0000 
INFO:root:TEST batch 2 / 7 - measures partial for class 1 - precision 0.9293 - recall 1.0000 - f1 0.9634 
INFO:root:TEST batch 2 / 7 - Batch time 0 
INFO:root:TEST batch 3 / 7 - partial error 0.0556 - partial loss 0.3217 - partial MRR  0.0000 - partial MAP 0.9781
INFO:root:TEST batch 3 / 7 -  partial tp {0: tensor(0), 1: tensor(188)},fn {0: tensor(10), 1: tensor(0)},fp {0: tensor(0), 1: tensor(10)}
INFO:root:TEST batch 3 / 7 - measures partial microavg - precision 0.9495 - recall 0.9495 - f1 0.9495 
INFO:root:TEST batch 3 / 7 - measures partial for class 0 - precision 0.0000 - recall 0.0000 - f1 0.0000 
INFO:root:TEST batch 3 / 7 - measures partial for class 1 - precision 0.9495 - recall 1.0000 - f1 0.9741 
INFO:root:TEST batch 3 / 7 - Batch time 0 
INFO:root:TEST batch 4 / 7 - partial error 0.0568 - partial loss 0.3222 - partial MRR  0.0000 - partial MAP 0.9789
INFO:root:TEST batch 4 / 7 -  partial tp {0: tensor(0), 1: tensor(186)},fn {0: tensor(12), 1: tensor(0)},fp {0: tensor(0), 1: tensor(12)}
INFO:root:TEST batch 4 / 7 - measures partial microavg - precision 0.9394 - recall 0.9394 - f1 0.9394 
INFO:root:TEST batch 4 / 7 - measures partial for class 0 - precision 0.0000 - recall 0.0000 - f1 0.0000 
INFO:root:TEST batch 4 / 7 - measures partial for class 1 - precision 0.9394 - recall 1.0000 - f1 0.9688 
INFO:root:TEST batch 4 / 7 - Batch time 0 
INFO:root:TEST batch 5 / 7 - partial error 0.0606 - partial loss 0.3403 - partial MRR  0.0000 - partial MAP 0.9778
INFO:root:TEST batch 5 / 7 -  partial tp {0: tensor(0), 1: tensor(183)},fn {0: tensor(15), 1: tensor(0)},fp {0: tensor(0), 1: tensor(15)}
INFO:root:TEST batch 5 / 7 - measures partial microavg - precision 0.9242 - recall 0.9242 - f1 0.9242 
INFO:root:TEST batch 5 / 7 - measures partial for class 0 - precision 0.0000 - recall 0.0000 - f1 0.0000 
INFO:root:TEST batch 5 / 7 - measures partial for class 1 - precision 0.9242 - recall 1.0000 - f1 0.9606 
INFO:root:TEST batch 5 / 7 - Batch time 0 
INFO:root:TEST batch 6 / 7 - partial error 0.0581 - partial loss 0.3251 - partial MRR  0.0000 - partial MAP 0.9795
INFO:root:TEST batch 6 / 7 -  partial tp {0: tensor(0), 1: tensor(189)},fn {0: tensor(9), 1: tensor(0)},fp {0: tensor(0), 1: tensor(9)}
INFO:root:TEST batch 6 / 7 - measures partial microavg - precision 0.9545 - recall 0.9545 - f1 0.9545 
INFO:root:TEST batch 6 / 7 - measures partial for class 0 - precision 0.0000 - recall 0.0000 - f1 0.0000 
INFO:root:TEST batch 6 / 7 - measures partial for class 1 - precision 0.9545 - recall 1.0000 - f1 0.9767 
INFO:root:TEST batch 6 / 7 - Batch time 0 
INFO:root:TEST batch 7 / 7 - partial error 0.0620 - partial loss 0.3423 - partial MRR  0.0000 - partial MAP 0.9794
INFO:root:TEST batch 7 / 7 -  partial tp {0: tensor(0), 1: tensor(181)},fn {0: tensor(17), 1: tensor(0)},fp {0: tensor(0), 1: tensor(17)}
INFO:root:TEST batch 7 / 7 - measures partial microavg - precision 0.9141 - recall 0.9141 - f1 0.9141 
INFO:root:TEST batch 7 / 7 - measures partial for class 0 - precision 0.0000 - recall 0.0000 - f1 0.0000 
INFO:root:TEST batch 7 / 7 - measures partial for class 1 - precision 0.9141 - recall 1.0000 - f1 0.9551 
INFO:root:TEST batch 7 / 7 - Batch time 0 
INFO:root:TEST mean losses tensor(0.3423)
INFO:root:TEST mean errors 0.06204906105995178
INFO:root:TEST mean MRR 0.0 - mean MAP 0.97944575548172
INFO:root:TEST tp {0: tensor(0), 1: tensor(1300)},fn {0: tensor(86), 1: tensor(0)},fp {0: tensor(0), 1: tensor(86)}
INFO:root:TEST measures microavg - precision 0.9380 - recall 0.9380 - f1 0.9380 
INFO:root:TEST measures for class 0 - precision 0.0000 - recall 0.0000 - f1 0.0000 
INFO:root:TEST measures for class 1 - precision 0.9380 - recall 1.0000 - f1 0.9680 
INFO:root:TEST measures@10 microavg - precision 0.9857 - recall 0.0498 - f1 0.0948 
INFO:root:TEST measures@10 for class 0 - precision 0.0000 - recall 0.0000 - f1 0.0000 
INFO:root:TEST measures@10 for class 1 - precision 0.9857 - recall 0.0531 - f1 0.1007 
INFO:root:TEST measures@100 microavg - precision 0.9686 - recall 0.4892 - f1 0.6500 
INFO:root:TEST measures@100 for class 0 - precision 0.0000 - recall 0.0000 - f1 0.0000 
INFO:root:TEST measures@100 for class 1 - precision 0.9686 - recall 0.5215 - f1 0.6780 
INFO:root:TEST measures@1000 microavg - precision 0.9380 - recall 0.9380 - f1 0.9380 
INFO:root:TEST measures@1000 for class 0 - precision 0.0000 - recall 0.0000 - f1 0.0000 
INFO:root:TEST measures@1000 for class 1 - precision 0.9380 - recall 1.0000 - f1 0.9680 
INFO:root:TEST Total epoch time: 0.22499223699969662
INFO:root:################ TRAIN epoch 58 ###################
INFO:root:TRAIN mean losses tensor(0.2850)
INFO:root:TRAIN mean errors 0.048821549862623215
INFO:root:TRAIN mean MRR 0.0 - mean MAP 0.9804728627204895
INFO:root:TRAIN tp {0: tensor(0), 1: tensor(5650)},fn {0: tensor(290), 1: tensor(0)},fp {0: tensor(0), 1: tensor(290)}
INFO:root:TRAIN measures microavg - precision 0.9512 - recall 0.9512 - f1 0.9512 
INFO:root:TRAIN measures for class 0 - precision 0.0000 - recall 0.0000 - f1 0.0000 
INFO:root:TRAIN measures for class 1 - precision 0.9512 - recall 1.0000 - f1 0.9750 
INFO:root:TRAIN measures@10 microavg - precision 0.9967 - recall 0.0503 - f1 0.0958 
INFO:root:TRAIN measures@10 for class 0 - precision 0.0000 - recall 0.0000 - f1 0.0000 
INFO:root:TRAIN measures@10 for class 1 - precision 0.9967 - recall 0.0529 - f1 0.1005 
INFO:root:TRAIN measures@100 microavg - precision 0.9737 - recall 0.4918 - f1 0.6535 
INFO:root:TRAIN measures@100 for class 0 - precision 0.0000 - recall 0.0000 - f1 0.0000 
INFO:root:TRAIN measures@100 for class 1 - precision 0.9737 - recall 0.5170 - f1 0.6754 
INFO:root:TRAIN measures@1000 microavg - precision 0.9512 - recall 0.9512 - f1 0.9512 
INFO:root:TRAIN measures@1000 for class 0 - precision 0.0000 - recall 0.0000 - f1 0.0000 
INFO:root:TRAIN measures@1000 for class 1 - precision 0.9512 - recall 1.0000 - f1 0.9750 
INFO:root:TRAIN Total epoch time: 2.472099020999849
INFO:root:################ VALID epoch 58 ###################
INFO:root:VALID mean losses tensor(0.2628)
INFO:root:VALID mean errors 0.046296294778585434
INFO:root:VALID mean MRR 0.0 - mean MAP 0.9827897548675537
INFO:root:VALID tp {0: tensor(0), 1: tensor(1133)},fn {0: tensor(55), 1: tensor(0)},fp {0: tensor(0), 1: tensor(55)}
INFO:root:VALID measures microavg - precision 0.9537 - recall 0.9537 - f1 0.9537 
INFO:root:VALID measures for class 0 - precision 0.0000 - recall 0.0000 - f1 0.0000 
INFO:root:VALID measures for class 1 - precision 0.9537 - recall 1.0000 - f1 0.9763 
INFO:root:VALID measures@10 microavg - precision 0.9667 - recall 0.0488 - f1 0.0929 
INFO:root:VALID measures@10 for class 0 - precision 0.0000 - recall 0.0000 - f1 0.0000 
INFO:root:VALID measures@10 for class 1 - precision 0.9667 - recall 0.0512 - f1 0.0972 
INFO:root:VALID measures@100 microavg - precision 0.9817 - recall 0.4958 - f1 0.6588 
INFO:root:VALID measures@100 for class 0 - precision 0.0000 - recall 0.0000 - f1 0.0000 
INFO:root:VALID measures@100 for class 1 - precision 0.9817 - recall 0.5199 - f1 0.6797 
INFO:root:VALID measures@1000 microavg - precision 0.9537 - recall 0.9537 - f1 0.9537 
INFO:root:VALID measures@1000 for class 0 - precision 0.0000 - recall 0.0000 - f1 0.0000 
INFO:root:VALID measures@1000 for class 1 - precision 0.9537 - recall 1.0000 - f1 0.9763 
INFO:root:VALID Total epoch time: 0.18423752699982288
INFO:root:################ TEST epoch 58 ###################
INFO:root:TEST batch 1 / 7 - partial error 0.0455 - partial loss 0.2844 - partial MRR  0.0000 - partial MAP 0.9815
INFO:root:TEST batch 1 / 7 -  partial tp {0: tensor(0), 1: tensor(189)},fn {0: tensor(9), 1: tensor(0)},fp {0: tensor(0), 1: tensor(9)}
INFO:root:TEST batch 1 / 7 - measures partial microavg - precision 0.9545 - recall 0.9545 - f1 0.9545 
INFO:root:TEST batch 1 / 7 - measures partial for class 0 - precision 0.0000 - recall 0.0000 - f1 0.0000 
INFO:root:TEST batch 1 / 7 - measures partial for class 1 - precision 0.9545 - recall 1.0000 - f1 0.9767 
INFO:root:TEST batch 1 / 7 - Batch time 0 
INFO:root:TEST batch 2 / 7 - partial error 0.0581 - partial loss 0.3373 - partial MRR  0.0000 - partial MAP 0.9784
INFO:root:TEST batch 2 / 7 -  partial tp {0: tensor(0), 1: tensor(184)},fn {0: tensor(14), 1: tensor(0)},fp {0: tensor(0), 1: tensor(14)}
INFO:root:TEST batch 2 / 7 - measures partial microavg - precision 0.9293 - recall 0.9293 - f1 0.9293 
INFO:root:TEST batch 2 / 7 - measures partial for class 0 - precision 0.0000 - recall 0.0000 - f1 0.0000 
INFO:root:TEST batch 2 / 7 - measures partial for class 1 - precision 0.9293 - recall 1.0000 - f1 0.9634 
INFO:root:TEST batch 2 / 7 - Batch time 0 
INFO:root:TEST batch 3 / 7 - partial error 0.0556 - partial loss 0.3202 - partial MRR  0.0000 - partial MAP 0.9791
INFO:root:TEST batch 3 / 7 -  partial tp {0: tensor(0), 1: tensor(188)},fn {0: tensor(10), 1: tensor(0)},fp {0: tensor(0), 1: tensor(10)}
INFO:root:TEST batch 3 / 7 - measures partial microavg - precision 0.9495 - recall 0.9495 - f1 0.9495 
INFO:root:TEST batch 3 / 7 - measures partial for class 0 - precision 0.0000 - recall 0.0000 - f1 0.0000 
INFO:root:TEST batch 3 / 7 - measures partial for class 1 - precision 0.9495 - recall 1.0000 - f1 0.9741 
INFO:root:TEST batch 3 / 7 - Batch time 0 
INFO:root:TEST batch 4 / 7 - partial error 0.0568 - partial loss 0.3238 - partial MRR  0.0000 - partial MAP 0.9786
INFO:root:TEST batch 4 / 7 -  partial tp {0: tensor(0), 1: tensor(186)},fn {0: tensor(12), 1: tensor(0)},fp {0: tensor(0), 1: tensor(12)}
INFO:root:TEST batch 4 / 7 - measures partial microavg - precision 0.9394 - recall 0.9394 - f1 0.9394 
INFO:root:TEST batch 4 / 7 - measures partial for class 0 - precision 0.0000 - recall 0.0000 - f1 0.0000 
INFO:root:TEST batch 4 / 7 - measures partial for class 1 - precision 0.9394 - recall 1.0000 - f1 0.9688 
INFO:root:TEST batch 4 / 7 - Batch time 0 
INFO:root:TEST batch 5 / 7 - partial error 0.0606 - partial loss 0.3421 - partial MRR  0.0000 - partial MAP 0.9772
INFO:root:TEST batch 5 / 7 -  partial tp {0: tensor(0), 1: tensor(183)},fn {0: tensor(15), 1: tensor(0)},fp {0: tensor(0), 1: tensor(15)}
INFO:root:TEST batch 5 / 7 - measures partial microavg - precision 0.9242 - recall 0.9242 - f1 0.9242 
INFO:root:TEST batch 5 / 7 - measures partial for class 0 - precision 0.0000 - recall 0.0000 - f1 0.0000 
INFO:root:TEST batch 5 / 7 - measures partial for class 1 - precision 0.9242 - recall 1.0000 - f1 0.9606 
INFO:root:TEST batch 5 / 7 - Batch time 0 
INFO:root:TEST batch 6 / 7 - partial error 0.0581 - partial loss 0.3279 - partial MRR  0.0000 - partial MAP 0.9788
INFO:root:TEST batch 6 / 7 -  partial tp {0: tensor(0), 1: tensor(189)},fn {0: tensor(9), 1: tensor(0)},fp {0: tensor(0), 1: tensor(9)}
INFO:root:TEST batch 6 / 7 - measures partial microavg - precision 0.9545 - recall 0.9545 - f1 0.9545 
INFO:root:TEST batch 6 / 7 - measures partial for class 0 - precision 0.0000 - recall 0.0000 - f1 0.0000 
INFO:root:TEST batch 6 / 7 - measures partial for class 1 - precision 0.9545 - recall 1.0000 - f1 0.9767 
INFO:root:TEST batch 6 / 7 - Batch time 0 
INFO:root:TEST batch 7 / 7 - partial error 0.0620 - partial loss 0.3437 - partial MRR  0.0000 - partial MAP 0.9789
INFO:root:TEST batch 7 / 7 -  partial tp {0: tensor(0), 1: tensor(181)},fn {0: tensor(17), 1: tensor(0)},fp {0: tensor(0), 1: tensor(17)}
INFO:root:TEST batch 7 / 7 - measures partial microavg - precision 0.9141 - recall 0.9141 - f1 0.9141 
INFO:root:TEST batch 7 / 7 - measures partial for class 0 - precision 0.0000 - recall 0.0000 - f1 0.0000 
INFO:root:TEST batch 7 / 7 - measures partial for class 1 - precision 0.9141 - recall 1.0000 - f1 0.9551 
INFO:root:TEST batch 7 / 7 - Batch time 0 
INFO:root:TEST mean losses tensor(0.3437)
INFO:root:TEST mean errors 0.06204906105995178
INFO:root:TEST mean MRR 0.0 - mean MAP 0.9789429306983948
INFO:root:TEST tp {0: tensor(0), 1: tensor(1300)},fn {0: tensor(86), 1: tensor(0)},fp {0: tensor(0), 1: tensor(86)}
INFO:root:TEST measures microavg - precision 0.9380 - recall 0.9380 - f1 0.9380 
INFO:root:TEST measures for class 0 - precision 0.0000 - recall 0.0000 - f1 0.0000 
INFO:root:TEST measures for class 1 - precision 0.9380 - recall 1.0000 - f1 0.9680 
INFO:root:TEST measures@10 microavg - precision 1.0000 - recall 0.0505 - f1 0.0962 
INFO:root:TEST measures@10 for class 0 - precision 0.0000 - recall 0.0000 - f1 0.0000 
INFO:root:TEST measures@10 for class 1 - precision 1.0000 - recall 0.0538 - f1 0.1022 
INFO:root:TEST measures@100 microavg - precision 0.9700 - recall 0.4899 - f1 0.6510 
INFO:root:TEST measures@100 for class 0 - precision 0.0000 - recall 0.0000 - f1 0.0000 
INFO:root:TEST measures@100 for class 1 - precision 0.9700 - recall 0.5223 - f1 0.6790 
INFO:root:TEST measures@1000 microavg - precision 0.9380 - recall 0.9380 - f1 0.9380 
INFO:root:TEST measures@1000 for class 0 - precision 0.0000 - recall 0.0000 - f1 0.0000 
INFO:root:TEST measures@1000 for class 1 - precision 0.9380 - recall 1.0000 - f1 0.9680 
INFO:root:TEST Total epoch time: 0.3146324970002752
INFO:root:################ TRAIN epoch 59 ###################
INFO:root:TRAIN mean losses tensor(0.2852)
INFO:root:TRAIN mean errors 0.048821549862623215
INFO:root:TRAIN mean MRR 0.0 - mean MAP 0.9811153411865234
INFO:root:TRAIN tp {0: tensor(0), 1: tensor(5650)},fn {0: tensor(290), 1: tensor(0)},fp {0: tensor(0), 1: tensor(290)}
INFO:root:TRAIN measures microavg - precision 0.9512 - recall 0.9512 - f1 0.9512 
INFO:root:TRAIN measures for class 0 - precision 0.0000 - recall 0.0000 - f1 0.0000 
INFO:root:TRAIN measures for class 1 - precision 0.9512 - recall 1.0000 - f1 0.9750 
INFO:root:TRAIN measures@10 microavg - precision 0.9967 - recall 0.0503 - f1 0.0958 
INFO:root:TRAIN measures@10 for class 0 - precision 0.0000 - recall 0.0000 - f1 0.0000 
INFO:root:TRAIN measures@10 for class 1 - precision 0.9967 - recall 0.0529 - f1 0.1005 
INFO:root:TRAIN measures@100 microavg - precision 0.9753 - recall 0.4926 - f1 0.6546 
INFO:root:TRAIN measures@100 for class 0 - precision 0.0000 - recall 0.0000 - f1 0.0000 
INFO:root:TRAIN measures@100 for class 1 - precision 0.9753 - recall 0.5179 - f1 0.6765 
INFO:root:TRAIN measures@1000 microavg - precision 0.9512 - recall 0.9512 - f1 0.9512 
INFO:root:TRAIN measures@1000 for class 0 - precision 0.0000 - recall 0.0000 - f1 0.0000 
INFO:root:TRAIN measures@1000 for class 1 - precision 0.9512 - recall 1.0000 - f1 0.9750 
INFO:root:TRAIN Total epoch time: 2.517330175999632
INFO:root:################ VALID epoch 59 ###################
INFO:root:VALID mean losses tensor(0.2622)
INFO:root:VALID mean errors 0.046296294778585434
INFO:root:VALID mean MRR 0.0 - mean MAP 0.9820504188537598
INFO:root:VALID tp {0: tensor(0), 1: tensor(1133)},fn {0: tensor(55), 1: tensor(0)},fp {0: tensor(0), 1: tensor(55)}
INFO:root:VALID measures microavg - precision 0.9537 - recall 0.9537 - f1 0.9537 
INFO:root:VALID measures for class 0 - precision 0.0000 - recall 0.0000 - f1 0.0000 
INFO:root:VALID measures for class 1 - precision 0.9537 - recall 1.0000 - f1 0.9763 
INFO:root:VALID measures@10 microavg - precision 1.0000 - recall 0.0505 - f1 0.0962 
INFO:root:VALID measures@10 for class 0 - precision 0.0000 - recall 0.0000 - f1 0.0000 
INFO:root:VALID measures@10 for class 1 - precision 1.0000 - recall 0.0530 - f1 0.1006 
INFO:root:VALID measures@100 microavg - precision 0.9867 - recall 0.4983 - f1 0.6622 
INFO:root:VALID measures@100 for class 0 - precision 0.0000 - recall 0.0000 - f1 0.0000 
INFO:root:VALID measures@100 for class 1 - precision 0.9867 - recall 0.5225 - f1 0.6832 
INFO:root:VALID measures@1000 microavg - precision 0.9537 - recall 0.9537 - f1 0.9537 
INFO:root:VALID measures@1000 for class 0 - precision 0.0000 - recall 0.0000 - f1 0.0000 
INFO:root:VALID measures@1000 for class 1 - precision 0.9537 - recall 1.0000 - f1 0.9763 
INFO:root:VALID Total epoch time: 0.19819716199981485
INFO:root:################ TEST epoch 59 ###################
INFO:root:TEST batch 1 / 7 - partial error 0.0455 - partial loss 0.2797 - partial MRR  0.0000 - partial MAP 0.9840
INFO:root:TEST batch 1 / 7 -  partial tp {0: tensor(0), 1: tensor(189)},fn {0: tensor(9), 1: tensor(0)},fp {0: tensor(0), 1: tensor(9)}
INFO:root:TEST batch 1 / 7 - measures partial microavg - precision 0.9545 - recall 0.9545 - f1 0.9545 
INFO:root:TEST batch 1 / 7 - measures partial for class 0 - precision 0.0000 - recall 0.0000 - f1 0.0000 
INFO:root:TEST batch 1 / 7 - measures partial for class 1 - precision 0.9545 - recall 1.0000 - f1 0.9767 
INFO:root:TEST batch 1 / 7 - Batch time 0 
INFO:root:TEST batch 2 / 7 - partial error 0.0581 - partial loss 0.3353 - partial MRR  0.0000 - partial MAP 0.9789
INFO:root:TEST batch 2 / 7 -  partial tp {0: tensor(0), 1: tensor(184)},fn {0: tensor(14), 1: tensor(0)},fp {0: tensor(0), 1: tensor(14)}
INFO:root:TEST batch 2 / 7 - measures partial microavg - precision 0.9293 - recall 0.9293 - f1 0.9293 
INFO:root:TEST batch 2 / 7 - measures partial for class 0 - precision 0.0000 - recall 0.0000 - f1 0.0000 
INFO:root:TEST batch 2 / 7 - measures partial for class 1 - precision 0.9293 - recall 1.0000 - f1 0.9634 
INFO:root:TEST batch 2 / 7 - Batch time 0 
INFO:root:TEST batch 3 / 7 - partial error 0.0556 - partial loss 0.3173 - partial MRR  0.0000 - partial MAP 0.9813
INFO:root:TEST batch 3 / 7 -  partial tp {0: tensor(0), 1: tensor(188)},fn {0: tensor(10), 1: tensor(0)},fp {0: tensor(0), 1: tensor(10)}
INFO:root:TEST batch 3 / 7 - measures partial microavg - precision 0.9495 - recall 0.9495 - f1 0.9495 
INFO:root:TEST batch 3 / 7 - measures partial for class 0 - precision 0.0000 - recall 0.0000 - f1 0.0000 
INFO:root:TEST batch 3 / 7 - measures partial for class 1 - precision 0.9495 - recall 1.0000 - f1 0.9741 
INFO:root:TEST batch 3 / 7 - Batch time 0 
INFO:root:TEST batch 4 / 7 - partial error 0.0568 - partial loss 0.3218 - partial MRR  0.0000 - partial MAP 0.9801
INFO:root:TEST batch 4 / 7 -  partial tp {0: tensor(0), 1: tensor(186)},fn {0: tensor(12), 1: tensor(0)},fp {0: tensor(0), 1: tensor(12)}
INFO:root:TEST batch 4 / 7 - measures partial microavg - precision 0.9394 - recall 0.9394 - f1 0.9394 
INFO:root:TEST batch 4 / 7 - measures partial for class 0 - precision 0.0000 - recall 0.0000 - f1 0.0000 
INFO:root:TEST batch 4 / 7 - measures partial for class 1 - precision 0.9394 - recall 1.0000 - f1 0.9688 
INFO:root:TEST batch 4 / 7 - Batch time 0 
INFO:root:TEST batch 5 / 7 - partial error 0.0606 - partial loss 0.3405 - partial MRR  0.0000 - partial MAP 0.9790
INFO:root:TEST batch 5 / 7 -  partial tp {0: tensor(0), 1: tensor(183)},fn {0: tensor(15), 1: tensor(0)},fp {0: tensor(0), 1: tensor(15)}
INFO:root:TEST batch 5 / 7 - measures partial microavg - precision 0.9242 - recall 0.9242 - f1 0.9242 
INFO:root:TEST batch 5 / 7 - measures partial for class 0 - precision 0.0000 - recall 0.0000 - f1 0.0000 
INFO:root:TEST batch 5 / 7 - measures partial for class 1 - precision 0.9242 - recall 1.0000 - f1 0.9606 
INFO:root:TEST batch 5 / 7 - Batch time 0 
INFO:root:TEST batch 6 / 7 - partial error 0.0581 - partial loss 0.3263 - partial MRR  0.0000 - partial MAP 0.9804
INFO:root:TEST batch 6 / 7 -  partial tp {0: tensor(0), 1: tensor(189)},fn {0: tensor(9), 1: tensor(0)},fp {0: tensor(0), 1: tensor(9)}
INFO:root:TEST batch 6 / 7 - measures partial microavg - precision 0.9545 - recall 0.9545 - f1 0.9545 
INFO:root:TEST batch 6 / 7 - measures partial for class 0 - precision 0.0000 - recall 0.0000 - f1 0.0000 
INFO:root:TEST batch 6 / 7 - measures partial for class 1 - precision 0.9545 - recall 1.0000 - f1 0.9767 
INFO:root:TEST batch 6 / 7 - Batch time 0 
INFO:root:TEST batch 7 / 7 - partial error 0.0620 - partial loss 0.3436 - partial MRR  0.0000 - partial MAP 0.9799
INFO:root:TEST batch 7 / 7 -  partial tp {0: tensor(0), 1: tensor(181)},fn {0: tensor(17), 1: tensor(0)},fp {0: tensor(0), 1: tensor(17)}
INFO:root:TEST batch 7 / 7 - measures partial microavg - precision 0.9141 - recall 0.9141 - f1 0.9141 
INFO:root:TEST batch 7 / 7 - measures partial for class 0 - precision 0.0000 - recall 0.0000 - f1 0.0000 
INFO:root:TEST batch 7 / 7 - measures partial for class 1 - precision 0.9141 - recall 1.0000 - f1 0.9551 
INFO:root:TEST batch 7 / 7 - Batch time 0 
INFO:root:TEST mean losses tensor(0.3436)
INFO:root:TEST mean errors 0.06204906105995178
INFO:root:TEST mean MRR 0.0 - mean MAP 0.9799312949180603
INFO:root:TEST tp {0: tensor(0), 1: tensor(1300)},fn {0: tensor(86), 1: tensor(0)},fp {0: tensor(0), 1: tensor(86)}
INFO:root:TEST measures microavg - precision 0.9380 - recall 0.9380 - f1 0.9380 
INFO:root:TEST measures for class 0 - precision 0.0000 - recall 0.0000 - f1 0.0000 
INFO:root:TEST measures for class 1 - precision 0.9380 - recall 1.0000 - f1 0.9680 
INFO:root:TEST measures@10 microavg - precision 1.0000 - recall 0.0505 - f1 0.0962 
INFO:root:TEST measures@10 for class 0 - precision 0.0000 - recall 0.0000 - f1 0.0000 
INFO:root:TEST measures@10 for class 1 - precision 1.0000 - recall 0.0538 - f1 0.1022 
INFO:root:TEST measures@100 microavg - precision 0.9714 - recall 0.4906 - f1 0.6520 
INFO:root:TEST measures@100 for class 0 - precision 0.0000 - recall 0.0000 - f1 0.0000 
INFO:root:TEST measures@100 for class 1 - precision 0.9714 - recall 0.5231 - f1 0.6800 
INFO:root:TEST measures@1000 microavg - precision 0.9380 - recall 0.9380 - f1 0.9380 
INFO:root:TEST measures@1000 for class 0 - precision 0.0000 - recall 0.0000 - f1 0.0000 
INFO:root:TEST measures@1000 for class 1 - precision 0.9380 - recall 1.0000 - f1 0.9680 
INFO:root:TEST Total epoch time: 0.24919186400029503
INFO:root:################ TRAIN epoch 60 ###################
INFO:root:TRAIN mean losses tensor(0.2867)
INFO:root:TRAIN mean errors 0.048821549862623215
INFO:root:TRAIN mean MRR 0.0 - mean MAP 0.9803637862205505
INFO:root:TRAIN tp {0: tensor(0), 1: tensor(5650)},fn {0: tensor(290), 1: tensor(0)},fp {0: tensor(0), 1: tensor(290)}
INFO:root:TRAIN measures microavg - precision 0.9512 - recall 0.9512 - f1 0.9512 
INFO:root:TRAIN measures for class 0 - precision 0.0000 - recall 0.0000 - f1 0.0000 
INFO:root:TRAIN measures for class 1 - precision 0.9512 - recall 1.0000 - f1 0.9750 
INFO:root:TRAIN measures@10 microavg - precision 0.9900 - recall 0.0500 - f1 0.0952 
INFO:root:TRAIN measures@10 for class 0 - precision 0.0000 - recall 0.0000 - f1 0.0000 
INFO:root:TRAIN measures@10 for class 1 - precision 0.9900 - recall 0.0526 - f1 0.0998 
INFO:root:TRAIN measures@100 microavg - precision 0.9760 - recall 0.4929 - f1 0.6550 
INFO:root:TRAIN measures@100 for class 0 - precision 0.0000 - recall 0.0000 - f1 0.0000 
INFO:root:TRAIN measures@100 for class 1 - precision 0.9760 - recall 0.5182 - f1 0.6770 
INFO:root:TRAIN measures@1000 microavg - precision 0.9512 - recall 0.9512 - f1 0.9512 
INFO:root:TRAIN measures@1000 for class 0 - precision 0.0000 - recall 0.0000 - f1 0.0000 
INFO:root:TRAIN measures@1000 for class 1 - precision 0.9512 - recall 1.0000 - f1 0.9750 
INFO:root:TRAIN Total epoch time: 1.5562311799999407
INFO:root:################ VALID epoch 60 ###################
INFO:root:VALID mean losses tensor(0.2610)
INFO:root:VALID mean errors 0.046296294778585434
INFO:root:VALID mean MRR 0.0 - mean MAP 0.9835377931594849
INFO:root:VALID tp {0: tensor(0), 1: tensor(1133)},fn {0: tensor(55), 1: tensor(0)},fp {0: tensor(0), 1: tensor(55)}
INFO:root:VALID measures microavg - precision 0.9537 - recall 0.9537 - f1 0.9537 
INFO:root:VALID measures for class 0 - precision 0.0000 - recall 0.0000 - f1 0.0000 
INFO:root:VALID measures for class 1 - precision 0.9537 - recall 1.0000 - f1 0.9763 
INFO:root:VALID measures@10 microavg - precision 0.9667 - recall 0.0488 - f1 0.0929 
INFO:root:VALID measures@10 for class 0 - precision 0.0000 - recall 0.0000 - f1 0.0000 
INFO:root:VALID measures@10 for class 1 - precision 0.9667 - recall 0.0512 - f1 0.0972 
INFO:root:VALID measures@100 microavg - precision 0.9817 - recall 0.4958 - f1 0.6588 
INFO:root:VALID measures@100 for class 0 - precision 0.0000 - recall 0.0000 - f1 0.0000 
INFO:root:VALID measures@100 for class 1 - precision 0.9817 - recall 0.5199 - f1 0.6797 
INFO:root:VALID measures@1000 microavg - precision 0.9537 - recall 0.9537 - f1 0.9537 
INFO:root:VALID measures@1000 for class 0 - precision 0.0000 - recall 0.0000 - f1 0.0000 
INFO:root:VALID measures@1000 for class 1 - precision 0.9537 - recall 1.0000 - f1 0.9763 
INFO:root:VALID Total epoch time: 0.11718752999968274
INFO:root:################ TEST epoch 60 ###################
INFO:root:TEST batch 1 / 7 - partial error 0.0455 - partial loss 0.2791 - partial MRR  0.0000 - partial MAP 0.9831
INFO:root:TEST batch 1 / 7 -  partial tp {0: tensor(0), 1: tensor(189)},fn {0: tensor(9), 1: tensor(0)},fp {0: tensor(0), 1: tensor(9)}
INFO:root:TEST batch 1 / 7 - measures partial microavg - precision 0.9545 - recall 0.9545 - f1 0.9545 
INFO:root:TEST batch 1 / 7 - measures partial for class 0 - precision 0.0000 - recall 0.0000 - f1 0.0000 
INFO:root:TEST batch 1 / 7 - measures partial for class 1 - precision 0.9545 - recall 1.0000 - f1 0.9767 
INFO:root:TEST batch 1 / 7 - Batch time 0 
INFO:root:TEST batch 2 / 7 - partial error 0.0581 - partial loss 0.3295 - partial MRR  0.0000 - partial MAP 0.9800
INFO:root:TEST batch 2 / 7 -  partial tp {0: tensor(0), 1: tensor(184)},fn {0: tensor(14), 1: tensor(0)},fp {0: tensor(0), 1: tensor(14)}
INFO:root:TEST batch 2 / 7 - measures partial microavg - precision 0.9293 - recall 0.9293 - f1 0.9293 
INFO:root:TEST batch 2 / 7 - measures partial for class 0 - precision 0.0000 - recall 0.0000 - f1 0.0000 
INFO:root:TEST batch 2 / 7 - measures partial for class 1 - precision 0.9293 - recall 1.0000 - f1 0.9634 
INFO:root:TEST batch 2 / 7 - Batch time 0 
INFO:root:TEST batch 3 / 7 - partial error 0.0556 - partial loss 0.3142 - partial MRR  0.0000 - partial MAP 0.9813
INFO:root:TEST batch 3 / 7 -  partial tp {0: tensor(0), 1: tensor(188)},fn {0: tensor(10), 1: tensor(0)},fp {0: tensor(0), 1: tensor(10)}
INFO:root:TEST batch 3 / 7 - measures partial microavg - precision 0.9495 - recall 0.9495 - f1 0.9495 
INFO:root:TEST batch 3 / 7 - measures partial for class 0 - precision 0.0000 - recall 0.0000 - f1 0.0000 
INFO:root:TEST batch 3 / 7 - measures partial for class 1 - precision 0.9495 - recall 1.0000 - f1 0.9741 
INFO:root:TEST batch 3 / 7 - Batch time 0 
INFO:root:TEST batch 4 / 7 - partial error 0.0568 - partial loss 0.3184 - partial MRR  0.0000 - partial MAP 0.9801
INFO:root:TEST batch 4 / 7 -  partial tp {0: tensor(0), 1: tensor(186)},fn {0: tensor(12), 1: tensor(0)},fp {0: tensor(0), 1: tensor(12)}
INFO:root:TEST batch 4 / 7 - measures partial microavg - precision 0.9394 - recall 0.9394 - f1 0.9394 
INFO:root:TEST batch 4 / 7 - measures partial for class 0 - precision 0.0000 - recall 0.0000 - f1 0.0000 
INFO:root:TEST batch 4 / 7 - measures partial for class 1 - precision 0.9394 - recall 1.0000 - f1 0.9688 
INFO:root:TEST batch 4 / 7 - Batch time 0 
INFO:root:TEST batch 5 / 7 - partial error 0.0606 - partial loss 0.3366 - partial MRR  0.0000 - partial MAP 0.9791
INFO:root:TEST batch 5 / 7 -  partial tp {0: tensor(0), 1: tensor(183)},fn {0: tensor(15), 1: tensor(0)},fp {0: tensor(0), 1: tensor(15)}
INFO:root:TEST batch 5 / 7 - measures partial microavg - precision 0.9242 - recall 0.9242 - f1 0.9242 
INFO:root:TEST batch 5 / 7 - measures partial for class 0 - precision 0.0000 - recall 0.0000 - f1 0.0000 
INFO:root:TEST batch 5 / 7 - measures partial for class 1 - precision 0.9242 - recall 1.0000 - f1 0.9606 
INFO:root:TEST batch 5 / 7 - Batch time 0 
INFO:root:TEST batch 6 / 7 - partial error 0.0581 - partial loss 0.3229 - partial MRR  0.0000 - partial MAP 0.9803
INFO:root:TEST batch 6 / 7 -  partial tp {0: tensor(0), 1: tensor(189)},fn {0: tensor(9), 1: tensor(0)},fp {0: tensor(0), 1: tensor(9)}
INFO:root:TEST batch 6 / 7 - measures partial microavg - precision 0.9545 - recall 0.9545 - f1 0.9545 
INFO:root:TEST batch 6 / 7 - measures partial for class 0 - precision 0.0000 - recall 0.0000 - f1 0.0000 
INFO:root:TEST batch 6 / 7 - measures partial for class 1 - precision 0.9545 - recall 1.0000 - f1 0.9767 
INFO:root:TEST batch 6 / 7 - Batch time 0 
INFO:root:TEST batch 7 / 7 - partial error 0.0620 - partial loss 0.3393 - partial MRR  0.0000 - partial MAP 0.9801
INFO:root:TEST batch 7 / 7 -  partial tp {0: tensor(0), 1: tensor(181)},fn {0: tensor(17), 1: tensor(0)},fp {0: tensor(0), 1: tensor(17)}
INFO:root:TEST batch 7 / 7 - measures partial microavg - precision 0.9141 - recall 0.9141 - f1 0.9141 
INFO:root:TEST batch 7 / 7 - measures partial for class 0 - precision 0.0000 - recall 0.0000 - f1 0.0000 
INFO:root:TEST batch 7 / 7 - measures partial for class 1 - precision 0.9141 - recall 1.0000 - f1 0.9551 
INFO:root:TEST batch 7 / 7 - Batch time 0 
INFO:root:TEST mean losses tensor(0.3393)
INFO:root:TEST mean errors 0.06204906105995178
INFO:root:TEST mean MRR 0.0 - mean MAP 0.9800506830215454
INFO:root:TEST tp {0: tensor(0), 1: tensor(1300)},fn {0: tensor(86), 1: tensor(0)},fp {0: tensor(0), 1: tensor(86)}
INFO:root:TEST measures microavg - precision 0.9380 - recall 0.9380 - f1 0.9380 
INFO:root:TEST measures for class 0 - precision 0.0000 - recall 0.0000 - f1 0.0000 
INFO:root:TEST measures for class 1 - precision 0.9380 - recall 1.0000 - f1 0.9680 
INFO:root:TEST measures@10 microavg - precision 1.0000 - recall 0.0505 - f1 0.0962 
INFO:root:TEST measures@10 for class 0 - precision 0.0000 - recall 0.0000 - f1 0.0000 
INFO:root:TEST measures@10 for class 1 - precision 1.0000 - recall 0.0538 - f1 0.1022 
INFO:root:TEST measures@100 microavg - precision 0.9757 - recall 0.4928 - f1 0.6548 
INFO:root:TEST measures@100 for class 0 - precision 0.0000 - recall 0.0000 - f1 0.0000 
INFO:root:TEST measures@100 for class 1 - precision 0.9757 - recall 0.5254 - f1 0.6830 
INFO:root:TEST measures@1000 microavg - precision 0.9380 - recall 0.9380 - f1 0.9380 
INFO:root:TEST measures@1000 for class 0 - precision 0.0000 - recall 0.0000 - f1 0.0000 
INFO:root:TEST measures@1000 for class 1 - precision 0.9380 - recall 1.0000 - f1 0.9680 
INFO:root:TEST Total epoch time: 0.14466567099998429
INFO:root:################ TRAIN epoch 61 ###################
INFO:root:TRAIN mean losses tensor(0.2832)
INFO:root:TRAIN mean errors 0.048821549862623215
INFO:root:TRAIN mean MRR 0.0 - mean MAP 0.9810712933540344
INFO:root:TRAIN tp {0: tensor(0), 1: tensor(5650)},fn {0: tensor(290), 1: tensor(0)},fp {0: tensor(0), 1: tensor(290)}
INFO:root:TRAIN measures microavg - precision 0.9512 - recall 0.9512 - f1 0.9512 
INFO:root:TRAIN measures for class 0 - precision 0.0000 - recall 0.0000 - f1 0.0000 
INFO:root:TRAIN measures for class 1 - precision 0.9512 - recall 1.0000 - f1 0.9750 
INFO:root:TRAIN measures@10 microavg - precision 0.9967 - recall 0.0503 - f1 0.0958 
INFO:root:TRAIN measures@10 for class 0 - precision 0.0000 - recall 0.0000 - f1 0.0000 
INFO:root:TRAIN measures@10 for class 1 - precision 0.9967 - recall 0.0529 - f1 0.1005 
INFO:root:TRAIN measures@100 microavg - precision 0.9753 - recall 0.4926 - f1 0.6546 
INFO:root:TRAIN measures@100 for class 0 - precision 0.0000 - recall 0.0000 - f1 0.0000 
INFO:root:TRAIN measures@100 for class 1 - precision 0.9753 - recall 0.5179 - f1 0.6765 
INFO:root:TRAIN measures@1000 microavg - precision 0.9512 - recall 0.9512 - f1 0.9512 
INFO:root:TRAIN measures@1000 for class 0 - precision 0.0000 - recall 0.0000 - f1 0.0000 
INFO:root:TRAIN measures@1000 for class 1 - precision 0.9512 - recall 1.0000 - f1 0.9750 
INFO:root:TRAIN Total epoch time: 0.9646141009998246
INFO:root:################ VALID epoch 61 ###################
INFO:root:VALID mean losses tensor(0.2602)
INFO:root:VALID mean errors 0.046296294778585434
INFO:root:VALID mean MRR 0.0 - mean MAP 0.9832988977432251
INFO:root:VALID tp {0: tensor(0), 1: tensor(1133)},fn {0: tensor(55), 1: tensor(0)},fp {0: tensor(0), 1: tensor(55)}
INFO:root:VALID measures microavg - precision 0.9537 - recall 0.9537 - f1 0.9537 
INFO:root:VALID measures for class 0 - precision 0.0000 - recall 0.0000 - f1 0.0000 
INFO:root:VALID measures for class 1 - precision 0.9537 - recall 1.0000 - f1 0.9763 
INFO:root:VALID measures@10 microavg - precision 0.9833 - recall 0.0497 - f1 0.0946 
INFO:root:VALID measures@10 for class 0 - precision 0.0000 - recall 0.0000 - f1 0.0000 
INFO:root:VALID measures@10 for class 1 - precision 0.9833 - recall 0.0521 - f1 0.0989 
INFO:root:VALID measures@100 microavg - precision 0.9867 - recall 0.4983 - f1 0.6622 
INFO:root:VALID measures@100 for class 0 - precision 0.0000 - recall 0.0000 - f1 0.0000 
INFO:root:VALID measures@100 for class 1 - precision 0.9867 - recall 0.5225 - f1 0.6832 
INFO:root:VALID measures@1000 microavg - precision 0.9537 - recall 0.9537 - f1 0.9537 
INFO:root:VALID measures@1000 for class 0 - precision 0.0000 - recall 0.0000 - f1 0.0000 
INFO:root:VALID measures@1000 for class 1 - precision 0.9537 - recall 1.0000 - f1 0.9763 
INFO:root:VALID Total epoch time: 0.12268814900016878
INFO:root:################ TEST epoch 61 ###################
INFO:root:TEST batch 1 / 7 - partial error 0.0455 - partial loss 0.2827 - partial MRR  0.0000 - partial MAP 0.9822
INFO:root:TEST batch 1 / 7 -  partial tp {0: tensor(0), 1: tensor(189)},fn {0: tensor(9), 1: tensor(0)},fp {0: tensor(0), 1: tensor(9)}
INFO:root:TEST batch 1 / 7 - measures partial microavg - precision 0.9545 - recall 0.9545 - f1 0.9545 
INFO:root:TEST batch 1 / 7 - measures partial for class 0 - precision 0.0000 - recall 0.0000 - f1 0.0000 
INFO:root:TEST batch 1 / 7 - measures partial for class 1 - precision 0.9545 - recall 1.0000 - f1 0.9767 
INFO:root:TEST batch 1 / 7 - Batch time 0 
INFO:root:TEST batch 2 / 7 - partial error 0.0581 - partial loss 0.3345 - partial MRR  0.0000 - partial MAP 0.9778
INFO:root:TEST batch 2 / 7 -  partial tp {0: tensor(0), 1: tensor(184)},fn {0: tensor(14), 1: tensor(0)},fp {0: tensor(0), 1: tensor(14)}
INFO:root:TEST batch 2 / 7 - measures partial microavg - precision 0.9293 - recall 0.9293 - f1 0.9293 
INFO:root:TEST batch 2 / 7 - measures partial for class 0 - precision 0.0000 - recall 0.0000 - f1 0.0000 
INFO:root:TEST batch 2 / 7 - measures partial for class 1 - precision 0.9293 - recall 1.0000 - f1 0.9634 
INFO:root:TEST batch 2 / 7 - Batch time 0 
INFO:root:TEST batch 3 / 7 - partial error 0.0556 - partial loss 0.3156 - partial MRR  0.0000 - partial MAP 0.9805
INFO:root:TEST batch 3 / 7 -  partial tp {0: tensor(0), 1: tensor(188)},fn {0: tensor(10), 1: tensor(0)},fp {0: tensor(0), 1: tensor(10)}
INFO:root:TEST batch 3 / 7 - measures partial microavg - precision 0.9495 - recall 0.9495 - f1 0.9495 
INFO:root:TEST batch 3 / 7 - measures partial for class 0 - precision 0.0000 - recall 0.0000 - f1 0.0000 
INFO:root:TEST batch 3 / 7 - measures partial for class 1 - precision 0.9495 - recall 1.0000 - f1 0.9741 
INFO:root:TEST batch 3 / 7 - Batch time 0 
INFO:root:TEST batch 4 / 7 - partial error 0.0568 - partial loss 0.3212 - partial MRR  0.0000 - partial MAP 0.9797
INFO:root:TEST batch 4 / 7 -  partial tp {0: tensor(0), 1: tensor(186)},fn {0: tensor(12), 1: tensor(0)},fp {0: tensor(0), 1: tensor(12)}
INFO:root:TEST batch 4 / 7 - measures partial microavg - precision 0.9394 - recall 0.9394 - f1 0.9394 
INFO:root:TEST batch 4 / 7 - measures partial for class 0 - precision 0.0000 - recall 0.0000 - f1 0.0000 
INFO:root:TEST batch 4 / 7 - measures partial for class 1 - precision 0.9394 - recall 1.0000 - f1 0.9688 
INFO:root:TEST batch 4 / 7 - Batch time 0 
INFO:root:TEST batch 5 / 7 - partial error 0.0606 - partial loss 0.3379 - partial MRR  0.0000 - partial MAP 0.9791
INFO:root:TEST batch 5 / 7 -  partial tp {0: tensor(0), 1: tensor(183)},fn {0: tensor(15), 1: tensor(0)},fp {0: tensor(0), 1: tensor(15)}
INFO:root:TEST batch 5 / 7 - measures partial microavg - precision 0.9242 - recall 0.9242 - f1 0.9242 
INFO:root:TEST batch 5 / 7 - measures partial for class 0 - precision 0.0000 - recall 0.0000 - f1 0.0000 
INFO:root:TEST batch 5 / 7 - measures partial for class 1 - precision 0.9242 - recall 1.0000 - f1 0.9606 
INFO:root:TEST batch 5 / 7 - Batch time 0 
INFO:root:TEST batch 6 / 7 - partial error 0.0581 - partial loss 0.3236 - partial MRR  0.0000 - partial MAP 0.9804
INFO:root:TEST batch 6 / 7 -  partial tp {0: tensor(0), 1: tensor(189)},fn {0: tensor(9), 1: tensor(0)},fp {0: tensor(0), 1: tensor(9)}
INFO:root:TEST batch 6 / 7 - measures partial microavg - precision 0.9545 - recall 0.9545 - f1 0.9545 
INFO:root:TEST batch 6 / 7 - measures partial for class 0 - precision 0.0000 - recall 0.0000 - f1 0.0000 
INFO:root:TEST batch 6 / 7 - measures partial for class 1 - precision 0.9545 - recall 1.0000 - f1 0.9767 
INFO:root:TEST batch 6 / 7 - Batch time 0 
INFO:root:TEST batch 7 / 7 - partial error 0.0620 - partial loss 0.3409 - partial MRR  0.0000 - partial MAP 0.9800
INFO:root:TEST batch 7 / 7 -  partial tp {0: tensor(0), 1: tensor(181)},fn {0: tensor(17), 1: tensor(0)},fp {0: tensor(0), 1: tensor(17)}
INFO:root:TEST batch 7 / 7 - measures partial microavg - precision 0.9141 - recall 0.9141 - f1 0.9141 
INFO:root:TEST batch 7 / 7 - measures partial for class 0 - precision 0.0000 - recall 0.0000 - f1 0.0000 
INFO:root:TEST batch 7 / 7 - measures partial for class 1 - precision 0.9141 - recall 1.0000 - f1 0.9551 
INFO:root:TEST batch 7 / 7 - Batch time 0 
INFO:root:TEST mean losses tensor(0.3409)
INFO:root:TEST mean errors 0.06204906105995178
INFO:root:TEST mean MRR 0.0 - mean MAP 0.9799922704696655
INFO:root:TEST tp {0: tensor(0), 1: tensor(1300)},fn {0: tensor(86), 1: tensor(0)},fp {0: tensor(0), 1: tensor(86)}
INFO:root:TEST measures microavg - precision 0.9380 - recall 0.9380 - f1 0.9380 
INFO:root:TEST measures for class 0 - precision 0.0000 - recall 0.0000 - f1 0.0000 
INFO:root:TEST measures for class 1 - precision 0.9380 - recall 1.0000 - f1 0.9680 
INFO:root:TEST measures@10 microavg - precision 1.0000 - recall 0.0505 - f1 0.0962 
INFO:root:TEST measures@10 for class 0 - precision 0.0000 - recall 0.0000 - f1 0.0000 
INFO:root:TEST measures@10 for class 1 - precision 1.0000 - recall 0.0538 - f1 0.1022 
INFO:root:TEST measures@100 microavg - precision 0.9700 - recall 0.4899 - f1 0.6510 
INFO:root:TEST measures@100 for class 0 - precision 0.0000 - recall 0.0000 - f1 0.0000 
INFO:root:TEST measures@100 for class 1 - precision 0.9700 - recall 0.5223 - f1 0.6790 
INFO:root:TEST measures@1000 microavg - precision 0.9380 - recall 0.9380 - f1 0.9380 
INFO:root:TEST measures@1000 for class 0 - precision 0.0000 - recall 0.0000 - f1 0.0000 
INFO:root:TEST measures@1000 for class 1 - precision 0.9380 - recall 1.0000 - f1 0.9680 
INFO:root:TEST Total epoch time: 0.14610366599981717
INFO:root:################ TRAIN epoch 62 ###################
INFO:root:TRAIN mean losses tensor(0.2842)
INFO:root:TRAIN mean errors 0.048821549862623215
INFO:root:TRAIN mean MRR 0.0 - mean MAP 0.9810769557952881
INFO:root:TRAIN tp {0: tensor(0), 1: tensor(5650)},fn {0: tensor(290), 1: tensor(0)},fp {0: tensor(0), 1: tensor(290)}
INFO:root:TRAIN measures microavg - precision 0.9512 - recall 0.9512 - f1 0.9512 
INFO:root:TRAIN measures for class 0 - precision 0.0000 - recall 0.0000 - f1 0.0000 
INFO:root:TRAIN measures for class 1 - precision 0.9512 - recall 1.0000 - f1 0.9750 
INFO:root:TRAIN measures@10 microavg - precision 0.9967 - recall 0.0503 - f1 0.0958 
INFO:root:TRAIN measures@10 for class 0 - precision 0.0000 - recall 0.0000 - f1 0.0000 
INFO:root:TRAIN measures@10 for class 1 - precision 0.9967 - recall 0.0529 - f1 0.1005 
INFO:root:TRAIN measures@100 microavg - precision 0.9773 - recall 0.4936 - f1 0.6559 
INFO:root:TRAIN measures@100 for class 0 - precision 0.0000 - recall 0.0000 - f1 0.0000 
INFO:root:TRAIN measures@100 for class 1 - precision 0.9773 - recall 0.5189 - f1 0.6779 
INFO:root:TRAIN measures@1000 microavg - precision 0.9512 - recall 0.9512 - f1 0.9512 
INFO:root:TRAIN measures@1000 for class 0 - precision 0.0000 - recall 0.0000 - f1 0.0000 
INFO:root:TRAIN measures@1000 for class 1 - precision 0.9512 - recall 1.0000 - f1 0.9750 
INFO:root:TRAIN Total epoch time: 0.8553732209998088
INFO:root:################ VALID epoch 62 ###################
INFO:root:VALID mean losses tensor(0.2631)
INFO:root:VALID mean errors 0.046296294778585434
INFO:root:VALID mean MRR 0.0 - mean MAP 0.9817616939544678
INFO:root:VALID tp {0: tensor(0), 1: tensor(1133)},fn {0: tensor(55), 1: tensor(0)},fp {0: tensor(0), 1: tensor(55)}
INFO:root:VALID measures microavg - precision 0.9537 - recall 0.9537 - f1 0.9537 
INFO:root:VALID measures for class 0 - precision 0.0000 - recall 0.0000 - f1 0.0000 
INFO:root:VALID measures for class 1 - precision 0.9537 - recall 1.0000 - f1 0.9763 
INFO:root:VALID measures@10 microavg - precision 0.9833 - recall 0.0497 - f1 0.0946 
INFO:root:VALID measures@10 for class 0 - precision 0.0000 - recall 0.0000 - f1 0.0000 
INFO:root:VALID measures@10 for class 1 - precision 0.9833 - recall 0.0521 - f1 0.0989 
INFO:root:VALID measures@100 microavg - precision 0.9850 - recall 0.4975 - f1 0.6611 
INFO:root:VALID measures@100 for class 0 - precision 0.0000 - recall 0.0000 - f1 0.0000 
INFO:root:VALID measures@100 for class 1 - precision 0.9850 - recall 0.5216 - f1 0.6821 
INFO:root:VALID measures@1000 microavg - precision 0.9537 - recall 0.9537 - f1 0.9537 
INFO:root:VALID measures@1000 for class 0 - precision 0.0000 - recall 0.0000 - f1 0.0000 
INFO:root:VALID measures@1000 for class 1 - precision 0.9537 - recall 1.0000 - f1 0.9763 
INFO:root:VALID Total epoch time: 0.10719791900010023
INFO:root:################ TEST epoch 62 ###################
INFO:root:TEST batch 1 / 7 - partial error 0.0455 - partial loss 0.2827 - partial MRR  0.0000 - partial MAP 0.9790
INFO:root:TEST batch 1 / 7 -  partial tp {0: tensor(0), 1: tensor(189)},fn {0: tensor(9), 1: tensor(0)},fp {0: tensor(0), 1: tensor(9)}
INFO:root:TEST batch 1 / 7 - measures partial microavg - precision 0.9545 - recall 0.9545 - f1 0.9545 
INFO:root:TEST batch 1 / 7 - measures partial for class 0 - precision 0.0000 - recall 0.0000 - f1 0.0000 
INFO:root:TEST batch 1 / 7 - measures partial for class 1 - precision 0.9545 - recall 1.0000 - f1 0.9767 
INFO:root:TEST batch 1 / 7 - Batch time 0 
INFO:root:TEST batch 2 / 7 - partial error 0.0581 - partial loss 0.3377 - partial MRR  0.0000 - partial MAP 0.9760
INFO:root:TEST batch 2 / 7 -  partial tp {0: tensor(0), 1: tensor(184)},fn {0: tensor(14), 1: tensor(0)},fp {0: tensor(0), 1: tensor(14)}
INFO:root:TEST batch 2 / 7 - measures partial microavg - precision 0.9293 - recall 0.9293 - f1 0.9293 
INFO:root:TEST batch 2 / 7 - measures partial for class 0 - precision 0.0000 - recall 0.0000 - f1 0.0000 
INFO:root:TEST batch 2 / 7 - measures partial for class 1 - precision 0.9293 - recall 1.0000 - f1 0.9634 
INFO:root:TEST batch 2 / 7 - Batch time 0 
INFO:root:TEST batch 3 / 7 - partial error 0.0556 - partial loss 0.3217 - partial MRR  0.0000 - partial MAP 0.9790
INFO:root:TEST batch 3 / 7 -  partial tp {0: tensor(0), 1: tensor(188)},fn {0: tensor(10), 1: tensor(0)},fp {0: tensor(0), 1: tensor(10)}
INFO:root:TEST batch 3 / 7 - measures partial microavg - precision 0.9495 - recall 0.9495 - f1 0.9495 
INFO:root:TEST batch 3 / 7 - measures partial for class 0 - precision 0.0000 - recall 0.0000 - f1 0.0000 
INFO:root:TEST batch 3 / 7 - measures partial for class 1 - precision 0.9495 - recall 1.0000 - f1 0.9741 
INFO:root:TEST batch 3 / 7 - Batch time 0 
INFO:root:TEST batch 4 / 7 - partial error 0.0568 - partial loss 0.3226 - partial MRR  0.0000 - partial MAP 0.9795
INFO:root:TEST batch 4 / 7 -  partial tp {0: tensor(0), 1: tensor(186)},fn {0: tensor(12), 1: tensor(0)},fp {0: tensor(0), 1: tensor(12)}
INFO:root:TEST batch 4 / 7 - measures partial microavg - precision 0.9394 - recall 0.9394 - f1 0.9394 
INFO:root:TEST batch 4 / 7 - measures partial for class 0 - precision 0.0000 - recall 0.0000 - f1 0.0000 
INFO:root:TEST batch 4 / 7 - measures partial for class 1 - precision 0.9394 - recall 1.0000 - f1 0.9688 
INFO:root:TEST batch 4 / 7 - Batch time 0 
INFO:root:TEST batch 5 / 7 - partial error 0.0606 - partial loss 0.3419 - partial MRR  0.0000 - partial MAP 0.9781
INFO:root:TEST batch 5 / 7 -  partial tp {0: tensor(0), 1: tensor(183)},fn {0: tensor(15), 1: tensor(0)},fp {0: tensor(0), 1: tensor(15)}
INFO:root:TEST batch 5 / 7 - measures partial microavg - precision 0.9242 - recall 0.9242 - f1 0.9242 
INFO:root:TEST batch 5 / 7 - measures partial for class 0 - precision 0.0000 - recall 0.0000 - f1 0.0000 
INFO:root:TEST batch 5 / 7 - measures partial for class 1 - precision 0.9242 - recall 1.0000 - f1 0.9606 
INFO:root:TEST batch 5 / 7 - Batch time 0 
INFO:root:TEST batch 6 / 7 - partial error 0.0581 - partial loss 0.3267 - partial MRR  0.0000 - partial MAP 0.9797
INFO:root:TEST batch 6 / 7 -  partial tp {0: tensor(0), 1: tensor(189)},fn {0: tensor(9), 1: tensor(0)},fp {0: tensor(0), 1: tensor(9)}
INFO:root:TEST batch 6 / 7 - measures partial microavg - precision 0.9545 - recall 0.9545 - f1 0.9545 
INFO:root:TEST batch 6 / 7 - measures partial for class 0 - precision 0.0000 - recall 0.0000 - f1 0.0000 
INFO:root:TEST batch 6 / 7 - measures partial for class 1 - precision 0.9545 - recall 1.0000 - f1 0.9767 
INFO:root:TEST batch 6 / 7 - Batch time 0 
INFO:root:TEST batch 7 / 7 - partial error 0.0620 - partial loss 0.3429 - partial MRR  0.0000 - partial MAP 0.9796
INFO:root:TEST batch 7 / 7 -  partial tp {0: tensor(0), 1: tensor(181)},fn {0: tensor(17), 1: tensor(0)},fp {0: tensor(0), 1: tensor(17)}
INFO:root:TEST batch 7 / 7 - measures partial microavg - precision 0.9141 - recall 0.9141 - f1 0.9141 
INFO:root:TEST batch 7 / 7 - measures partial for class 0 - precision 0.0000 - recall 0.0000 - f1 0.0000 
INFO:root:TEST batch 7 / 7 - measures partial for class 1 - precision 0.9141 - recall 1.0000 - f1 0.9551 
INFO:root:TEST batch 7 / 7 - Batch time 0 
INFO:root:TEST mean losses tensor(0.3429)
INFO:root:TEST mean errors 0.06204906105995178
INFO:root:TEST mean MRR 0.0 - mean MAP 0.9796349406242371
INFO:root:TEST tp {0: tensor(0), 1: tensor(1300)},fn {0: tensor(86), 1: tensor(0)},fp {0: tensor(0), 1: tensor(86)}
INFO:root:TEST measures microavg - precision 0.9380 - recall 0.9380 - f1 0.9380 
INFO:root:TEST measures for class 0 - precision 0.0000 - recall 0.0000 - f1 0.0000 
INFO:root:TEST measures for class 1 - precision 0.9380 - recall 1.0000 - f1 0.9680 
INFO:root:TEST measures@10 microavg - precision 1.0000 - recall 0.0505 - f1 0.0962 
INFO:root:TEST measures@10 for class 0 - precision 0.0000 - recall 0.0000 - f1 0.0000 
INFO:root:TEST measures@10 for class 1 - precision 1.0000 - recall 0.0538 - f1 0.1022 
INFO:root:TEST measures@100 microavg - precision 0.9757 - recall 0.4928 - f1 0.6548 
INFO:root:TEST measures@100 for class 0 - precision 0.0000 - recall 0.0000 - f1 0.0000 
INFO:root:TEST measures@100 for class 1 - precision 0.9757 - recall 0.5254 - f1 0.6830 
INFO:root:TEST measures@1000 microavg - precision 0.9380 - recall 0.9380 - f1 0.9380 
INFO:root:TEST measures@1000 for class 0 - precision 0.0000 - recall 0.0000 - f1 0.0000 
INFO:root:TEST measures@1000 for class 1 - precision 0.9380 - recall 1.0000 - f1 0.9680 
INFO:root:TEST Total epoch time: 0.13206798300006994
INFO:root:################ TRAIN epoch 63 ###################
INFO:root:TRAIN mean losses tensor(0.2849)
INFO:root:TRAIN mean errors 0.048821549862623215
INFO:root:TRAIN mean MRR 0.0 - mean MAP 0.9812135696411133
INFO:root:TRAIN tp {0: tensor(0), 1: tensor(5650)},fn {0: tensor(290), 1: tensor(0)},fp {0: tensor(0), 1: tensor(290)}
INFO:root:TRAIN measures microavg - precision 0.9512 - recall 0.9512 - f1 0.9512 
INFO:root:TRAIN measures for class 0 - precision 0.0000 - recall 0.0000 - f1 0.0000 
INFO:root:TRAIN measures for class 1 - precision 0.9512 - recall 1.0000 - f1 0.9750 
INFO:root:TRAIN measures@10 microavg - precision 0.9933 - recall 0.0502 - f1 0.0955 
INFO:root:TRAIN measures@10 for class 0 - precision 0.0000 - recall 0.0000 - f1 0.0000 
INFO:root:TRAIN measures@10 for class 1 - precision 0.9933 - recall 0.0527 - f1 0.1002 
INFO:root:TRAIN measures@100 microavg - precision 0.9763 - recall 0.4931 - f1 0.6553 
INFO:root:TRAIN measures@100 for class 0 - precision 0.0000 - recall 0.0000 - f1 0.0000 
INFO:root:TRAIN measures@100 for class 1 - precision 0.9763 - recall 0.5184 - f1 0.6772 
INFO:root:TRAIN measures@1000 microavg - precision 0.9512 - recall 0.9512 - f1 0.9512 
INFO:root:TRAIN measures@1000 for class 0 - precision 0.0000 - recall 0.0000 - f1 0.0000 
INFO:root:TRAIN measures@1000 for class 1 - precision 0.9512 - recall 1.0000 - f1 0.9750 
INFO:root:TRAIN Total epoch time: 0.8510036960001344
INFO:root:################ VALID epoch 63 ###################
INFO:root:VALID mean losses tensor(0.2600)
INFO:root:VALID mean errors 0.046296294778585434
INFO:root:VALID mean MRR 0.0 - mean MAP 0.9841501712799072
INFO:root:VALID tp {0: tensor(0), 1: tensor(1133)},fn {0: tensor(55), 1: tensor(0)},fp {0: tensor(0), 1: tensor(55)}
INFO:root:VALID measures microavg - precision 0.9537 - recall 0.9537 - f1 0.9537 
INFO:root:VALID measures for class 0 - precision 0.0000 - recall 0.0000 - f1 0.0000 
INFO:root:VALID measures for class 1 - precision 0.9537 - recall 1.0000 - f1 0.9763 
INFO:root:VALID measures@10 microavg - precision 0.9833 - recall 0.0497 - f1 0.0946 
INFO:root:VALID measures@10 for class 0 - precision 0.0000 - recall 0.0000 - f1 0.0000 
INFO:root:VALID measures@10 for class 1 - precision 0.9833 - recall 0.0521 - f1 0.0989 
INFO:root:VALID measures@100 microavg - precision 0.9867 - recall 0.4983 - f1 0.6622 
INFO:root:VALID measures@100 for class 0 - precision 0.0000 - recall 0.0000 - f1 0.0000 
INFO:root:VALID measures@100 for class 1 - precision 0.9867 - recall 0.5225 - f1 0.6832 
INFO:root:VALID measures@1000 microavg - precision 0.9537 - recall 0.9537 - f1 0.9537 
INFO:root:VALID measures@1000 for class 0 - precision 0.0000 - recall 0.0000 - f1 0.0000 
INFO:root:VALID measures@1000 for class 1 - precision 0.9537 - recall 1.0000 - f1 0.9763 
INFO:root:VALID Total epoch time: 0.11523618199998964
INFO:root:################ TEST epoch 63 ###################
INFO:root:TEST batch 1 / 7 - partial error 0.0455 - partial loss 0.2825 - partial MRR  0.0000 - partial MAP 0.9827
INFO:root:TEST batch 1 / 7 -  partial tp {0: tensor(0), 1: tensor(189)},fn {0: tensor(9), 1: tensor(0)},fp {0: tensor(0), 1: tensor(9)}
INFO:root:TEST batch 1 / 7 - measures partial microavg - precision 0.9545 - recall 0.9545 - f1 0.9545 
INFO:root:TEST batch 1 / 7 - measures partial for class 0 - precision 0.0000 - recall 0.0000 - f1 0.0000 
INFO:root:TEST batch 1 / 7 - measures partial for class 1 - precision 0.9545 - recall 1.0000 - f1 0.9767 
INFO:root:TEST batch 1 / 7 - Batch time 0 
INFO:root:TEST batch 2 / 7 - partial error 0.0581 - partial loss 0.3363 - partial MRR  0.0000 - partial MAP 0.9769
INFO:root:TEST batch 2 / 7 -  partial tp {0: tensor(0), 1: tensor(184)},fn {0: tensor(14), 1: tensor(0)},fp {0: tensor(0), 1: tensor(14)}
INFO:root:TEST batch 2 / 7 - measures partial microavg - precision 0.9293 - recall 0.9293 - f1 0.9293 
INFO:root:TEST batch 2 / 7 - measures partial for class 0 - precision 0.0000 - recall 0.0000 - f1 0.0000 
INFO:root:TEST batch 2 / 7 - measures partial for class 1 - precision 0.9293 - recall 1.0000 - f1 0.9634 
INFO:root:TEST batch 2 / 7 - Batch time 0 
INFO:root:TEST batch 3 / 7 - partial error 0.0556 - partial loss 0.3224 - partial MRR  0.0000 - partial MAP 0.9778
INFO:root:TEST batch 3 / 7 -  partial tp {0: tensor(0), 1: tensor(188)},fn {0: tensor(10), 1: tensor(0)},fp {0: tensor(0), 1: tensor(10)}
INFO:root:TEST batch 3 / 7 - measures partial microavg - precision 0.9495 - recall 0.9495 - f1 0.9495 
INFO:root:TEST batch 3 / 7 - measures partial for class 0 - precision 0.0000 - recall 0.0000 - f1 0.0000 
INFO:root:TEST batch 3 / 7 - measures partial for class 1 - precision 0.9495 - recall 1.0000 - f1 0.9741 
INFO:root:TEST batch 3 / 7 - Batch time 0 
INFO:root:TEST batch 4 / 7 - partial error 0.0568 - partial loss 0.3231 - partial MRR  0.0000 - partial MAP 0.9781
INFO:root:TEST batch 4 / 7 -  partial tp {0: tensor(0), 1: tensor(186)},fn {0: tensor(12), 1: tensor(0)},fp {0: tensor(0), 1: tensor(12)}
INFO:root:TEST batch 4 / 7 - measures partial microavg - precision 0.9394 - recall 0.9394 - f1 0.9394 
INFO:root:TEST batch 4 / 7 - measures partial for class 0 - precision 0.0000 - recall 0.0000 - f1 0.0000 
INFO:root:TEST batch 4 / 7 - measures partial for class 1 - precision 0.9394 - recall 1.0000 - f1 0.9688 
INFO:root:TEST batch 4 / 7 - Batch time 0 
INFO:root:TEST batch 5 / 7 - partial error 0.0606 - partial loss 0.3388 - partial MRR  0.0000 - partial MAP 0.9774
INFO:root:TEST batch 5 / 7 -  partial tp {0: tensor(0), 1: tensor(183)},fn {0: tensor(15), 1: tensor(0)},fp {0: tensor(0), 1: tensor(15)}
INFO:root:TEST batch 5 / 7 - measures partial microavg - precision 0.9242 - recall 0.9242 - f1 0.9242 
INFO:root:TEST batch 5 / 7 - measures partial for class 0 - precision 0.0000 - recall 0.0000 - f1 0.0000 
INFO:root:TEST batch 5 / 7 - measures partial for class 1 - precision 0.9242 - recall 1.0000 - f1 0.9606 
INFO:root:TEST batch 5 / 7 - Batch time 0 
INFO:root:TEST batch 6 / 7 - partial error 0.0581 - partial loss 0.3247 - partial MRR  0.0000 - partial MAP 0.9791
INFO:root:TEST batch 6 / 7 -  partial tp {0: tensor(0), 1: tensor(189)},fn {0: tensor(9), 1: tensor(0)},fp {0: tensor(0), 1: tensor(9)}
INFO:root:TEST batch 6 / 7 - measures partial microavg - precision 0.9545 - recall 0.9545 - f1 0.9545 
INFO:root:TEST batch 6 / 7 - measures partial for class 0 - precision 0.0000 - recall 0.0000 - f1 0.0000 
INFO:root:TEST batch 6 / 7 - measures partial for class 1 - precision 0.9545 - recall 1.0000 - f1 0.9767 
INFO:root:TEST batch 6 / 7 - Batch time 0 
INFO:root:TEST batch 7 / 7 - partial error 0.0620 - partial loss 0.3399 - partial MRR  0.0000 - partial MAP 0.9792
INFO:root:TEST batch 7 / 7 -  partial tp {0: tensor(0), 1: tensor(181)},fn {0: tensor(17), 1: tensor(0)},fp {0: tensor(0), 1: tensor(17)}
INFO:root:TEST batch 7 / 7 - measures partial microavg - precision 0.9141 - recall 0.9141 - f1 0.9141 
INFO:root:TEST batch 7 / 7 - measures partial for class 0 - precision 0.0000 - recall 0.0000 - f1 0.0000 
INFO:root:TEST batch 7 / 7 - measures partial for class 1 - precision 0.9141 - recall 1.0000 - f1 0.9551 
INFO:root:TEST batch 7 / 7 - Batch time 0 
INFO:root:TEST mean losses tensor(0.3399)
INFO:root:TEST mean errors 0.06204906105995178
INFO:root:TEST mean MRR 0.0 - mean MAP 0.9792162775993347
INFO:root:TEST tp {0: tensor(0), 1: tensor(1300)},fn {0: tensor(86), 1: tensor(0)},fp {0: tensor(0), 1: tensor(86)}
INFO:root:TEST measures microavg - precision 0.9380 - recall 0.9380 - f1 0.9380 
INFO:root:TEST measures for class 0 - precision 0.0000 - recall 0.0000 - f1 0.0000 
INFO:root:TEST measures for class 1 - precision 0.9380 - recall 1.0000 - f1 0.9680 
INFO:root:TEST measures@10 microavg - precision 1.0000 - recall 0.0505 - f1 0.0962 
INFO:root:TEST measures@10 for class 0 - precision 0.0000 - recall 0.0000 - f1 0.0000 
INFO:root:TEST measures@10 for class 1 - precision 1.0000 - recall 0.0538 - f1 0.1022 
INFO:root:TEST measures@100 microavg - precision 0.9671 - recall 0.4885 - f1 0.6491 
INFO:root:TEST measures@100 for class 0 - precision 0.0000 - recall 0.0000 - f1 0.0000 
INFO:root:TEST measures@100 for class 1 - precision 0.9671 - recall 0.5208 - f1 0.6770 
INFO:root:TEST measures@1000 microavg - precision 0.9380 - recall 0.9380 - f1 0.9380 
INFO:root:TEST measures@1000 for class 0 - precision 0.0000 - recall 0.0000 - f1 0.0000 
INFO:root:TEST measures@1000 for class 1 - precision 0.9380 - recall 1.0000 - f1 0.9680 
INFO:root:TEST Total epoch time: 0.1424502219997521
INFO:root:################ TRAIN epoch 64 ###################
INFO:root:TRAIN mean losses tensor(0.2837)
INFO:root:TRAIN mean errors 0.048821549862623215
INFO:root:TRAIN mean MRR 0.0 - mean MAP 0.9811578392982483
INFO:root:TRAIN tp {0: tensor(0), 1: tensor(5650)},fn {0: tensor(290), 1: tensor(0)},fp {0: tensor(0), 1: tensor(290)}
INFO:root:TRAIN measures microavg - precision 0.9512 - recall 0.9512 - f1 0.9512 
INFO:root:TRAIN measures for class 0 - precision 0.0000 - recall 0.0000 - f1 0.0000 
INFO:root:TRAIN measures for class 1 - precision 0.9512 - recall 1.0000 - f1 0.9750 
INFO:root:TRAIN measures@10 microavg - precision 0.9967 - recall 0.0503 - f1 0.0958 
INFO:root:TRAIN measures@10 for class 0 - precision 0.0000 - recall 0.0000 - f1 0.0000 
INFO:root:TRAIN measures@10 for class 1 - precision 0.9967 - recall 0.0529 - f1 0.1005 
INFO:root:TRAIN measures@100 microavg - precision 0.9743 - recall 0.4921 - f1 0.6539 
INFO:root:TRAIN measures@100 for class 0 - precision 0.0000 - recall 0.0000 - f1 0.0000 
INFO:root:TRAIN measures@100 for class 1 - precision 0.9743 - recall 0.5173 - f1 0.6758 
INFO:root:TRAIN measures@1000 microavg - precision 0.9512 - recall 0.9512 - f1 0.9512 
INFO:root:TRAIN measures@1000 for class 0 - precision 0.0000 - recall 0.0000 - f1 0.0000 
INFO:root:TRAIN measures@1000 for class 1 - precision 0.9512 - recall 1.0000 - f1 0.9750 
INFO:root:TRAIN Total epoch time: 0.8724304220004342
INFO:root:################ VALID epoch 64 ###################
INFO:root:VALID mean losses tensor(0.2622)
INFO:root:VALID mean errors 0.046296294778585434
INFO:root:VALID mean MRR 0.0 - mean MAP 0.9816323518753052
INFO:root:VALID tp {0: tensor(0), 1: tensor(1133)},fn {0: tensor(55), 1: tensor(0)},fp {0: tensor(0), 1: tensor(55)}
INFO:root:VALID measures microavg - precision 0.9537 - recall 0.9537 - f1 0.9537 
INFO:root:VALID measures for class 0 - precision 0.0000 - recall 0.0000 - f1 0.0000 
INFO:root:VALID measures for class 1 - precision 0.9537 - recall 1.0000 - f1 0.9763 
INFO:root:VALID measures@10 microavg - precision 0.9667 - recall 0.0488 - f1 0.0929 
INFO:root:VALID measures@10 for class 0 - precision 0.0000 - recall 0.0000 - f1 0.0000 
INFO:root:VALID measures@10 for class 1 - precision 0.9667 - recall 0.0512 - f1 0.0972 
INFO:root:VALID measures@100 microavg - precision 0.9850 - recall 0.4975 - f1 0.6611 
INFO:root:VALID measures@100 for class 0 - precision 0.0000 - recall 0.0000 - f1 0.0000 
INFO:root:VALID measures@100 for class 1 - precision 0.9850 - recall 0.5216 - f1 0.6821 
INFO:root:VALID measures@1000 microavg - precision 0.9537 - recall 0.9537 - f1 0.9537 
INFO:root:VALID measures@1000 for class 0 - precision 0.0000 - recall 0.0000 - f1 0.0000 
INFO:root:VALID measures@1000 for class 1 - precision 0.9537 - recall 1.0000 - f1 0.9763 
INFO:root:VALID Total epoch time: 0.11392048900006557
INFO:root:################ TEST epoch 64 ###################
INFO:root:TEST batch 1 / 7 - partial error 0.0455 - partial loss 0.2774 - partial MRR  0.0000 - partial MAP 0.9826
INFO:root:TEST batch 1 / 7 -  partial tp {0: tensor(0), 1: tensor(189)},fn {0: tensor(9), 1: tensor(0)},fp {0: tensor(0), 1: tensor(9)}
INFO:root:TEST batch 1 / 7 - measures partial microavg - precision 0.9545 - recall 0.9545 - f1 0.9545 
INFO:root:TEST batch 1 / 7 - measures partial for class 0 - precision 0.0000 - recall 0.0000 - f1 0.0000 
INFO:root:TEST batch 1 / 7 - measures partial for class 1 - precision 0.9545 - recall 1.0000 - f1 0.9767 
INFO:root:TEST batch 1 / 7 - Batch time 0 
INFO:root:TEST batch 2 / 7 - partial error 0.0581 - partial loss 0.3336 - partial MRR  0.0000 - partial MAP 0.9760
INFO:root:TEST batch 2 / 7 -  partial tp {0: tensor(0), 1: tensor(184)},fn {0: tensor(14), 1: tensor(0)},fp {0: tensor(0), 1: tensor(14)}
INFO:root:TEST batch 2 / 7 - measures partial microavg - precision 0.9293 - recall 0.9293 - f1 0.9293 
INFO:root:TEST batch 2 / 7 - measures partial for class 0 - precision 0.0000 - recall 0.0000 - f1 0.0000 
INFO:root:TEST batch 2 / 7 - measures partial for class 1 - precision 0.9293 - recall 1.0000 - f1 0.9634 
INFO:root:TEST batch 2 / 7 - Batch time 0 
INFO:root:TEST batch 3 / 7 - partial error 0.0556 - partial loss 0.3171 - partial MRR  0.0000 - partial MAP 0.9788
INFO:root:TEST batch 3 / 7 -  partial tp {0: tensor(0), 1: tensor(188)},fn {0: tensor(10), 1: tensor(0)},fp {0: tensor(0), 1: tensor(10)}
INFO:root:TEST batch 3 / 7 - measures partial microavg - precision 0.9495 - recall 0.9495 - f1 0.9495 
INFO:root:TEST batch 3 / 7 - measures partial for class 0 - precision 0.0000 - recall 0.0000 - f1 0.0000 
INFO:root:TEST batch 3 / 7 - measures partial for class 1 - precision 0.9495 - recall 1.0000 - f1 0.9741 
INFO:root:TEST batch 3 / 7 - Batch time 0 
INFO:root:TEST batch 4 / 7 - partial error 0.0568 - partial loss 0.3212 - partial MRR  0.0000 - partial MAP 0.9782
INFO:root:TEST batch 4 / 7 -  partial tp {0: tensor(0), 1: tensor(186)},fn {0: tensor(12), 1: tensor(0)},fp {0: tensor(0), 1: tensor(12)}
INFO:root:TEST batch 4 / 7 - measures partial microavg - precision 0.9394 - recall 0.9394 - f1 0.9394 
INFO:root:TEST batch 4 / 7 - measures partial for class 0 - precision 0.0000 - recall 0.0000 - f1 0.0000 
INFO:root:TEST batch 4 / 7 - measures partial for class 1 - precision 0.9394 - recall 1.0000 - f1 0.9688 
INFO:root:TEST batch 4 / 7 - Batch time 0 
INFO:root:TEST batch 5 / 7 - partial error 0.0606 - partial loss 0.3394 - partial MRR  0.0000 - partial MAP 0.9766
INFO:root:TEST batch 5 / 7 -  partial tp {0: tensor(0), 1: tensor(183)},fn {0: tensor(15), 1: tensor(0)},fp {0: tensor(0), 1: tensor(15)}
INFO:root:TEST batch 5 / 7 - measures partial microavg - precision 0.9242 - recall 0.9242 - f1 0.9242 
INFO:root:TEST batch 5 / 7 - measures partial for class 0 - precision 0.0000 - recall 0.0000 - f1 0.0000 
INFO:root:TEST batch 5 / 7 - measures partial for class 1 - precision 0.9242 - recall 1.0000 - f1 0.9606 
INFO:root:TEST batch 5 / 7 - Batch time 0 
INFO:root:TEST batch 6 / 7 - partial error 0.0581 - partial loss 0.3256 - partial MRR  0.0000 - partial MAP 0.9786
INFO:root:TEST batch 6 / 7 -  partial tp {0: tensor(0), 1: tensor(189)},fn {0: tensor(9), 1: tensor(0)},fp {0: tensor(0), 1: tensor(9)}
INFO:root:TEST batch 6 / 7 - measures partial microavg - precision 0.9545 - recall 0.9545 - f1 0.9545 
INFO:root:TEST batch 6 / 7 - measures partial for class 0 - precision 0.0000 - recall 0.0000 - f1 0.0000 
INFO:root:TEST batch 6 / 7 - measures partial for class 1 - precision 0.9545 - recall 1.0000 - f1 0.9767 
INFO:root:TEST batch 6 / 7 - Batch time 0 
INFO:root:TEST batch 7 / 7 - partial error 0.0620 - partial loss 0.3411 - partial MRR  0.0000 - partial MAP 0.9789
INFO:root:TEST batch 7 / 7 -  partial tp {0: tensor(0), 1: tensor(181)},fn {0: tensor(17), 1: tensor(0)},fp {0: tensor(0), 1: tensor(17)}
INFO:root:TEST batch 7 / 7 - measures partial microavg - precision 0.9141 - recall 0.9141 - f1 0.9141 
INFO:root:TEST batch 7 / 7 - measures partial for class 0 - precision 0.0000 - recall 0.0000 - f1 0.0000 
INFO:root:TEST batch 7 / 7 - measures partial for class 1 - precision 0.9141 - recall 1.0000 - f1 0.9551 
INFO:root:TEST batch 7 / 7 - Batch time 0 
INFO:root:TEST mean losses tensor(0.3411)
INFO:root:TEST mean errors 0.06204906105995178
INFO:root:TEST mean MRR 0.0 - mean MAP 0.9789010286331177
INFO:root:TEST tp {0: tensor(0), 1: tensor(1300)},fn {0: tensor(86), 1: tensor(0)},fp {0: tensor(0), 1: tensor(86)}
INFO:root:TEST measures microavg - precision 0.9380 - recall 0.9380 - f1 0.9380 
INFO:root:TEST measures for class 0 - precision 0.0000 - recall 0.0000 - f1 0.0000 
INFO:root:TEST measures for class 1 - precision 0.9380 - recall 1.0000 - f1 0.9680 
INFO:root:TEST measures@10 microavg - precision 1.0000 - recall 0.0505 - f1 0.0962 
INFO:root:TEST measures@10 for class 0 - precision 0.0000 - recall 0.0000 - f1 0.0000 
INFO:root:TEST measures@10 for class 1 - precision 1.0000 - recall 0.0538 - f1 0.1022 
INFO:root:TEST measures@100 microavg - precision 0.9614 - recall 0.4856 - f1 0.6453 
INFO:root:TEST measures@100 for class 0 - precision 0.0000 - recall 0.0000 - f1 0.0000 
INFO:root:TEST measures@100 for class 1 - precision 0.9614 - recall 0.5177 - f1 0.6730 
INFO:root:TEST measures@1000 microavg - precision 0.9380 - recall 0.9380 - f1 0.9380 
INFO:root:TEST measures@1000 for class 0 - precision 0.0000 - recall 0.0000 - f1 0.0000 
INFO:root:TEST measures@1000 for class 1 - precision 0.9380 - recall 1.0000 - f1 0.9680 
INFO:root:TEST Total epoch time: 0.1345093420000012
INFO:root:################ TRAIN epoch 65 ###################
INFO:root:TRAIN mean losses tensor(0.2851)
INFO:root:TRAIN mean errors 0.048821549862623215
INFO:root:TRAIN mean MRR 0.0 - mean MAP 0.9804457426071167
INFO:root:TRAIN tp {0: tensor(0), 1: tensor(5650)},fn {0: tensor(290), 1: tensor(0)},fp {0: tensor(0), 1: tensor(290)}
INFO:root:TRAIN measures microavg - precision 0.9512 - recall 0.9512 - f1 0.9512 
INFO:root:TRAIN measures for class 0 - precision 0.0000 - recall 0.0000 - f1 0.0000 
INFO:root:TRAIN measures for class 1 - precision 0.9512 - recall 1.0000 - f1 0.9750 
INFO:root:TRAIN measures@10 microavg - precision 0.9933 - recall 0.0502 - f1 0.0955 
INFO:root:TRAIN measures@10 for class 0 - precision 0.0000 - recall 0.0000 - f1 0.0000 
INFO:root:TRAIN measures@10 for class 1 - precision 0.9933 - recall 0.0527 - f1 0.1002 
INFO:root:TRAIN measures@100 microavg - precision 0.9753 - recall 0.4926 - f1 0.6546 
INFO:root:TRAIN measures@100 for class 0 - precision 0.0000 - recall 0.0000 - f1 0.0000 
INFO:root:TRAIN measures@100 for class 1 - precision 0.9753 - recall 0.5179 - f1 0.6765 
INFO:root:TRAIN measures@1000 microavg - precision 0.9512 - recall 0.9512 - f1 0.9512 
INFO:root:TRAIN measures@1000 for class 0 - precision 0.0000 - recall 0.0000 - f1 0.0000 
INFO:root:TRAIN measures@1000 for class 1 - precision 0.9512 - recall 1.0000 - f1 0.9750 
INFO:root:TRAIN Total epoch time: 0.8272926929998903
INFO:root:################ VALID epoch 65 ###################
INFO:root:VALID mean losses tensor(0.2605)
INFO:root:VALID mean errors 0.046296294778585434
INFO:root:VALID mean MRR 0.0 - mean MAP 0.9812613725662231
INFO:root:VALID tp {0: tensor(0), 1: tensor(1133)},fn {0: tensor(55), 1: tensor(0)},fp {0: tensor(0), 1: tensor(55)}
INFO:root:VALID measures microavg - precision 0.9537 - recall 0.9537 - f1 0.9537 
INFO:root:VALID measures for class 0 - precision 0.0000 - recall 0.0000 - f1 0.0000 
INFO:root:VALID measures for class 1 - precision 0.9537 - recall 1.0000 - f1 0.9763 
INFO:root:VALID measures@10 microavg - precision 0.9667 - recall 0.0488 - f1 0.0929 
INFO:root:VALID measures@10 for class 0 - precision 0.0000 - recall 0.0000 - f1 0.0000 
INFO:root:VALID measures@10 for class 1 - precision 0.9667 - recall 0.0512 - f1 0.0972 
INFO:root:VALID measures@100 microavg - precision 0.9850 - recall 0.4975 - f1 0.6611 
INFO:root:VALID measures@100 for class 0 - precision 0.0000 - recall 0.0000 - f1 0.0000 
INFO:root:VALID measures@100 for class 1 - precision 0.9850 - recall 0.5216 - f1 0.6821 
INFO:root:VALID measures@1000 microavg - precision 0.9537 - recall 0.9537 - f1 0.9537 
INFO:root:VALID measures@1000 for class 0 - precision 0.0000 - recall 0.0000 - f1 0.0000 
INFO:root:VALID measures@1000 for class 1 - precision 0.9537 - recall 1.0000 - f1 0.9763 
INFO:root:VALID Total epoch time: 0.11013899899990065
INFO:root:################ TEST epoch 65 ###################
INFO:root:TEST batch 1 / 7 - partial error 0.0455 - partial loss 0.2682 - partial MRR  0.0000 - partial MAP 0.9870
INFO:root:TEST batch 1 / 7 -  partial tp {0: tensor(0), 1: tensor(189)},fn {0: tensor(9), 1: tensor(0)},fp {0: tensor(0), 1: tensor(9)}
INFO:root:TEST batch 1 / 7 - measures partial microavg - precision 0.9545 - recall 0.9545 - f1 0.9545 
INFO:root:TEST batch 1 / 7 - measures partial for class 0 - precision 0.0000 - recall 0.0000 - f1 0.0000 
INFO:root:TEST batch 1 / 7 - measures partial for class 1 - precision 0.9545 - recall 1.0000 - f1 0.9767 
INFO:root:TEST batch 1 / 7 - Batch time 0 
INFO:root:TEST batch 2 / 7 - partial error 0.0581 - partial loss 0.3289 - partial MRR  0.0000 - partial MAP 0.9810
INFO:root:TEST batch 2 / 7 -  partial tp {0: tensor(0), 1: tensor(184)},fn {0: tensor(14), 1: tensor(0)},fp {0: tensor(0), 1: tensor(14)}
INFO:root:TEST batch 2 / 7 - measures partial microavg - precision 0.9293 - recall 0.9293 - f1 0.9293 
INFO:root:TEST batch 2 / 7 - measures partial for class 0 - precision 0.0000 - recall 0.0000 - f1 0.0000 
INFO:root:TEST batch 2 / 7 - measures partial for class 1 - precision 0.9293 - recall 1.0000 - f1 0.9634 
INFO:root:TEST batch 2 / 7 - Batch time 0 
INFO:root:TEST batch 3 / 7 - partial error 0.0556 - partial loss 0.3152 - partial MRR  0.0000 - partial MAP 0.9816
INFO:root:TEST batch 3 / 7 -  partial tp {0: tensor(0), 1: tensor(188)},fn {0: tensor(10), 1: tensor(0)},fp {0: tensor(0), 1: tensor(10)}
INFO:root:TEST batch 3 / 7 - measures partial microavg - precision 0.9495 - recall 0.9495 - f1 0.9495 
INFO:root:TEST batch 3 / 7 - measures partial for class 0 - precision 0.0000 - recall 0.0000 - f1 0.0000 
INFO:root:TEST batch 3 / 7 - measures partial for class 1 - precision 0.9495 - recall 1.0000 - f1 0.9741 
INFO:root:TEST batch 3 / 7 - Batch time 0 
INFO:root:TEST batch 4 / 7 - partial error 0.0568 - partial loss 0.3189 - partial MRR  0.0000 - partial MAP 0.9814
INFO:root:TEST batch 4 / 7 -  partial tp {0: tensor(0), 1: tensor(186)},fn {0: tensor(12), 1: tensor(0)},fp {0: tensor(0), 1: tensor(12)}
INFO:root:TEST batch 4 / 7 - measures partial microavg - precision 0.9394 - recall 0.9394 - f1 0.9394 
INFO:root:TEST batch 4 / 7 - measures partial for class 0 - precision 0.0000 - recall 0.0000 - f1 0.0000 
INFO:root:TEST batch 4 / 7 - measures partial for class 1 - precision 0.9394 - recall 1.0000 - f1 0.9688 
INFO:root:TEST batch 4 / 7 - Batch time 0 
INFO:root:TEST batch 5 / 7 - partial error 0.0606 - partial loss 0.3386 - partial MRR  0.0000 - partial MAP 0.9793
INFO:root:TEST batch 5 / 7 -  partial tp {0: tensor(0), 1: tensor(183)},fn {0: tensor(15), 1: tensor(0)},fp {0: tensor(0), 1: tensor(15)}
INFO:root:TEST batch 5 / 7 - measures partial microavg - precision 0.9242 - recall 0.9242 - f1 0.9242 
INFO:root:TEST batch 5 / 7 - measures partial for class 0 - precision 0.0000 - recall 0.0000 - f1 0.0000 
INFO:root:TEST batch 5 / 7 - measures partial for class 1 - precision 0.9242 - recall 1.0000 - f1 0.9606 
INFO:root:TEST batch 5 / 7 - Batch time 0 
INFO:root:TEST batch 6 / 7 - partial error 0.0581 - partial loss 0.3245 - partial MRR  0.0000 - partial MAP 0.9804
INFO:root:TEST batch 6 / 7 -  partial tp {0: tensor(0), 1: tensor(189)},fn {0: tensor(9), 1: tensor(0)},fp {0: tensor(0), 1: tensor(9)}
INFO:root:TEST batch 6 / 7 - measures partial microavg - precision 0.9545 - recall 0.9545 - f1 0.9545 
INFO:root:TEST batch 6 / 7 - measures partial for class 0 - precision 0.0000 - recall 0.0000 - f1 0.0000 
INFO:root:TEST batch 6 / 7 - measures partial for class 1 - precision 0.9545 - recall 1.0000 - f1 0.9767 
INFO:root:TEST batch 6 / 7 - Batch time 0 
INFO:root:TEST batch 7 / 7 - partial error 0.0620 - partial loss 0.3419 - partial MRR  0.0000 - partial MAP 0.9800
INFO:root:TEST batch 7 / 7 -  partial tp {0: tensor(0), 1: tensor(181)},fn {0: tensor(17), 1: tensor(0)},fp {0: tensor(0), 1: tensor(17)}
INFO:root:TEST batch 7 / 7 - measures partial microavg - precision 0.9141 - recall 0.9141 - f1 0.9141 
INFO:root:TEST batch 7 / 7 - measures partial for class 0 - precision 0.0000 - recall 0.0000 - f1 0.0000 
INFO:root:TEST batch 7 / 7 - measures partial for class 1 - precision 0.9141 - recall 1.0000 - f1 0.9551 
INFO:root:TEST batch 7 / 7 - Batch time 0 
INFO:root:TEST mean losses tensor(0.3419)
INFO:root:TEST mean errors 0.06204906105995178
INFO:root:TEST mean MRR 0.0 - mean MAP 0.9800178408622742
INFO:root:TEST tp {0: tensor(0), 1: tensor(1300)},fn {0: tensor(86), 1: tensor(0)},fp {0: tensor(0), 1: tensor(86)}
INFO:root:TEST measures microavg - precision 0.9380 - recall 0.9380 - f1 0.9380 
INFO:root:TEST measures for class 0 - precision 0.0000 - recall 0.0000 - f1 0.0000 
INFO:root:TEST measures for class 1 - precision 0.9380 - recall 1.0000 - f1 0.9680 
INFO:root:TEST measures@10 microavg - precision 1.0000 - recall 0.0505 - f1 0.0962 
INFO:root:TEST measures@10 for class 0 - precision 0.0000 - recall 0.0000 - f1 0.0000 
INFO:root:TEST measures@10 for class 1 - precision 1.0000 - recall 0.0538 - f1 0.1022 
INFO:root:TEST measures@100 microavg - precision 0.9743 - recall 0.4921 - f1 0.6539 
INFO:root:TEST measures@100 for class 0 - precision 0.0000 - recall 0.0000 - f1 0.0000 
INFO:root:TEST measures@100 for class 1 - precision 0.9743 - recall 0.5246 - f1 0.6820 
INFO:root:TEST measures@1000 microavg - precision 0.9380 - recall 0.9380 - f1 0.9380 
INFO:root:TEST measures@1000 for class 0 - precision 0.0000 - recall 0.0000 - f1 0.0000 
INFO:root:TEST measures@1000 for class 1 - precision 0.9380 - recall 1.0000 - f1 0.9680 
INFO:root:TEST Total epoch time: 0.13780498400001306
INFO:root:################ TRAIN epoch 66 ###################
INFO:root:TRAIN mean losses tensor(0.2853)
INFO:root:TRAIN mean errors 0.048821549862623215
INFO:root:TRAIN mean MRR 0.0 - mean MAP 0.9806777834892273
INFO:root:TRAIN tp {0: tensor(0), 1: tensor(5650)},fn {0: tensor(290), 1: tensor(0)},fp {0: tensor(0), 1: tensor(290)}
INFO:root:TRAIN measures microavg - precision 0.9512 - recall 0.9512 - f1 0.9512 
INFO:root:TRAIN measures for class 0 - precision 0.0000 - recall 0.0000 - f1 0.0000 
INFO:root:TRAIN measures for class 1 - precision 0.9512 - recall 1.0000 - f1 0.9750 
INFO:root:TRAIN measures@10 microavg - precision 0.9967 - recall 0.0503 - f1 0.0958 
INFO:root:TRAIN measures@10 for class 0 - precision 0.0000 - recall 0.0000 - f1 0.0000 
INFO:root:TRAIN measures@10 for class 1 - precision 0.9967 - recall 0.0529 - f1 0.1005 
INFO:root:TRAIN measures@100 microavg - precision 0.9750 - recall 0.4924 - f1 0.6544 
INFO:root:TRAIN measures@100 for class 0 - precision 0.0000 - recall 0.0000 - f1 0.0000 
INFO:root:TRAIN measures@100 for class 1 - precision 0.9750 - recall 0.5177 - f1 0.6763 
INFO:root:TRAIN measures@1000 microavg - precision 0.9512 - recall 0.9512 - f1 0.9512 
INFO:root:TRAIN measures@1000 for class 0 - precision 0.0000 - recall 0.0000 - f1 0.0000 
INFO:root:TRAIN measures@1000 for class 1 - precision 0.9512 - recall 1.0000 - f1 0.9750 
INFO:root:TRAIN Total epoch time: 0.832240345000173
INFO:root:################ VALID epoch 66 ###################
INFO:root:VALID mean losses tensor(0.2580)
INFO:root:VALID mean errors 0.046296294778585434
INFO:root:VALID mean MRR 0.0 - mean MAP 0.9832854866981506
INFO:root:VALID tp {0: tensor(0), 1: tensor(1133)},fn {0: tensor(55), 1: tensor(0)},fp {0: tensor(0), 1: tensor(55)}
INFO:root:VALID measures microavg - precision 0.9537 - recall 0.9537 - f1 0.9537 
INFO:root:VALID measures for class 0 - precision 0.0000 - recall 0.0000 - f1 0.0000 
INFO:root:VALID measures for class 1 - precision 0.9537 - recall 1.0000 - f1 0.9763 
INFO:root:VALID measures@10 microavg - precision 0.9833 - recall 0.0497 - f1 0.0946 
INFO:root:VALID measures@10 for class 0 - precision 0.0000 - recall 0.0000 - f1 0.0000 
INFO:root:VALID measures@10 for class 1 - precision 0.9833 - recall 0.0521 - f1 0.0989 
INFO:root:VALID measures@100 microavg - precision 0.9867 - recall 0.4983 - f1 0.6622 
INFO:root:VALID measures@100 for class 0 - precision 0.0000 - recall 0.0000 - f1 0.0000 
INFO:root:VALID measures@100 for class 1 - precision 0.9867 - recall 0.5225 - f1 0.6832 
INFO:root:VALID measures@1000 microavg - precision 0.9537 - recall 0.9537 - f1 0.9537 
INFO:root:VALID measures@1000 for class 0 - precision 0.0000 - recall 0.0000 - f1 0.0000 
INFO:root:VALID measures@1000 for class 1 - precision 0.9537 - recall 1.0000 - f1 0.9763 
INFO:root:VALID Total epoch time: 0.11083267899994098
INFO:root:################ TEST epoch 66 ###################
INFO:root:TEST batch 1 / 7 - partial error 0.0455 - partial loss 0.2736 - partial MRR  0.0000 - partial MAP 0.9865
INFO:root:TEST batch 1 / 7 -  partial tp {0: tensor(0), 1: tensor(189)},fn {0: tensor(9), 1: tensor(0)},fp {0: tensor(0), 1: tensor(9)}
INFO:root:TEST batch 1 / 7 - measures partial microavg - precision 0.9545 - recall 0.9545 - f1 0.9545 
INFO:root:TEST batch 1 / 7 - measures partial for class 0 - precision 0.0000 - recall 0.0000 - f1 0.0000 
INFO:root:TEST batch 1 / 7 - measures partial for class 1 - precision 0.9545 - recall 1.0000 - f1 0.9767 
INFO:root:TEST batch 1 / 7 - Batch time 0 
INFO:root:TEST batch 2 / 7 - partial error 0.0581 - partial loss 0.3260 - partial MRR  0.0000 - partial MAP 0.9815
INFO:root:TEST batch 2 / 7 -  partial tp {0: tensor(0), 1: tensor(184)},fn {0: tensor(14), 1: tensor(0)},fp {0: tensor(0), 1: tensor(14)}
INFO:root:TEST batch 2 / 7 - measures partial microavg - precision 0.9293 - recall 0.9293 - f1 0.9293 
INFO:root:TEST batch 2 / 7 - measures partial for class 0 - precision 0.0000 - recall 0.0000 - f1 0.0000 
INFO:root:TEST batch 2 / 7 - measures partial for class 1 - precision 0.9293 - recall 1.0000 - f1 0.9634 
INFO:root:TEST batch 2 / 7 - Batch time 0 
INFO:root:TEST batch 3 / 7 - partial error 0.0556 - partial loss 0.3136 - partial MRR  0.0000 - partial MAP 0.9814
INFO:root:TEST batch 3 / 7 -  partial tp {0: tensor(0), 1: tensor(188)},fn {0: tensor(10), 1: tensor(0)},fp {0: tensor(0), 1: tensor(10)}
INFO:root:TEST batch 3 / 7 - measures partial microavg - precision 0.9495 - recall 0.9495 - f1 0.9495 
INFO:root:TEST batch 3 / 7 - measures partial for class 0 - precision 0.0000 - recall 0.0000 - f1 0.0000 
INFO:root:TEST batch 3 / 7 - measures partial for class 1 - precision 0.9495 - recall 1.0000 - f1 0.9741 
INFO:root:TEST batch 3 / 7 - Batch time 0 
INFO:root:TEST batch 4 / 7 - partial error 0.0568 - partial loss 0.3167 - partial MRR  0.0000 - partial MAP 0.9812
INFO:root:TEST batch 4 / 7 -  partial tp {0: tensor(0), 1: tensor(186)},fn {0: tensor(12), 1: tensor(0)},fp {0: tensor(0), 1: tensor(12)}
INFO:root:TEST batch 4 / 7 - measures partial microavg - precision 0.9394 - recall 0.9394 - f1 0.9394 
INFO:root:TEST batch 4 / 7 - measures partial for class 0 - precision 0.0000 - recall 0.0000 - f1 0.0000 
INFO:root:TEST batch 4 / 7 - measures partial for class 1 - precision 0.9394 - recall 1.0000 - f1 0.9688 
INFO:root:TEST batch 4 / 7 - Batch time 0 
INFO:root:TEST batch 5 / 7 - partial error 0.0606 - partial loss 0.3358 - partial MRR  0.0000 - partial MAP 0.9794
INFO:root:TEST batch 5 / 7 -  partial tp {0: tensor(0), 1: tensor(183)},fn {0: tensor(15), 1: tensor(0)},fp {0: tensor(0), 1: tensor(15)}
INFO:root:TEST batch 5 / 7 - measures partial microavg - precision 0.9242 - recall 0.9242 - f1 0.9242 
INFO:root:TEST batch 5 / 7 - measures partial for class 0 - precision 0.0000 - recall 0.0000 - f1 0.0000 
INFO:root:TEST batch 5 / 7 - measures partial for class 1 - precision 0.9242 - recall 1.0000 - f1 0.9606 
INFO:root:TEST batch 5 / 7 - Batch time 0 
INFO:root:TEST batch 6 / 7 - partial error 0.0581 - partial loss 0.3223 - partial MRR  0.0000 - partial MAP 0.9808
INFO:root:TEST batch 6 / 7 -  partial tp {0: tensor(0), 1: tensor(189)},fn {0: tensor(9), 1: tensor(0)},fp {0: tensor(0), 1: tensor(9)}
INFO:root:TEST batch 6 / 7 - measures partial microavg - precision 0.9545 - recall 0.9545 - f1 0.9545 
INFO:root:TEST batch 6 / 7 - measures partial for class 0 - precision 0.0000 - recall 0.0000 - f1 0.0000 
INFO:root:TEST batch 6 / 7 - measures partial for class 1 - precision 0.9545 - recall 1.0000 - f1 0.9767 
INFO:root:TEST batch 6 / 7 - Batch time 0 
INFO:root:TEST batch 7 / 7 - partial error 0.0620 - partial loss 0.3387 - partial MRR  0.0000 - partial MAP 0.9804
INFO:root:TEST batch 7 / 7 -  partial tp {0: tensor(0), 1: tensor(181)},fn {0: tensor(17), 1: tensor(0)},fp {0: tensor(0), 1: tensor(17)}
INFO:root:TEST batch 7 / 7 - measures partial microavg - precision 0.9141 - recall 0.9141 - f1 0.9141 
INFO:root:TEST batch 7 / 7 - measures partial for class 0 - precision 0.0000 - recall 0.0000 - f1 0.0000 
INFO:root:TEST batch 7 / 7 - measures partial for class 1 - precision 0.9141 - recall 1.0000 - f1 0.9551 
INFO:root:TEST batch 7 / 7 - Batch time 0 
INFO:root:TEST mean losses tensor(0.3387)
INFO:root:TEST mean errors 0.06204906105995178
INFO:root:TEST mean MRR 0.0 - mean MAP 0.9803580641746521
INFO:root:TEST tp {0: tensor(0), 1: tensor(1300)},fn {0: tensor(86), 1: tensor(0)},fp {0: tensor(0), 1: tensor(86)}
INFO:root:TEST measures microavg - precision 0.9380 - recall 0.9380 - f1 0.9380 
INFO:root:TEST measures for class 0 - precision 0.0000 - recall 0.0000 - f1 0.0000 
INFO:root:TEST measures for class 1 - precision 0.9380 - recall 1.0000 - f1 0.9680 
INFO:root:TEST measures@10 microavg - precision 1.0000 - recall 0.0505 - f1 0.0962 
INFO:root:TEST measures@10 for class 0 - precision 0.0000 - recall 0.0000 - f1 0.0000 
INFO:root:TEST measures@10 for class 1 - precision 1.0000 - recall 0.0538 - f1 0.1022 
INFO:root:TEST measures@100 microavg - precision 0.9714 - recall 0.4906 - f1 0.6520 
INFO:root:TEST measures@100 for class 0 - precision 0.0000 - recall 0.0000 - f1 0.0000 
INFO:root:TEST measures@100 for class 1 - precision 0.9714 - recall 0.5231 - f1 0.6800 
INFO:root:TEST measures@1000 microavg - precision 0.9380 - recall 0.9380 - f1 0.9380 
INFO:root:TEST measures@1000 for class 0 - precision 0.0000 - recall 0.0000 - f1 0.0000 
INFO:root:TEST measures@1000 for class 1 - precision 0.9380 - recall 1.0000 - f1 0.9680 
INFO:root:TEST Total epoch time: 0.1378928500002985
INFO:root:################ TRAIN epoch 67 ###################
INFO:root:TRAIN mean losses tensor(0.2837)
INFO:root:TRAIN mean errors 0.048821549862623215
INFO:root:TRAIN mean MRR 0.0 - mean MAP 0.9809719920158386
INFO:root:TRAIN tp {0: tensor(0), 1: tensor(5650)},fn {0: tensor(290), 1: tensor(0)},fp {0: tensor(0), 1: tensor(290)}
INFO:root:TRAIN measures microavg - precision 0.9512 - recall 0.9512 - f1 0.9512 
INFO:root:TRAIN measures for class 0 - precision 0.0000 - recall 0.0000 - f1 0.0000 
INFO:root:TRAIN measures for class 1 - precision 0.9512 - recall 1.0000 - f1 0.9750 
INFO:root:TRAIN measures@10 microavg - precision 0.9900 - recall 0.0500 - f1 0.0952 
INFO:root:TRAIN measures@10 for class 0 - precision 0.0000 - recall 0.0000 - f1 0.0000 
INFO:root:TRAIN measures@10 for class 1 - precision 0.9900 - recall 0.0526 - f1 0.0998 
INFO:root:TRAIN measures@100 microavg - precision 0.9770 - recall 0.4934 - f1 0.6557 
INFO:root:TRAIN measures@100 for class 0 - precision 0.0000 - recall 0.0000 - f1 0.0000 
INFO:root:TRAIN measures@100 for class 1 - precision 0.9770 - recall 0.5188 - f1 0.6777 
INFO:root:TRAIN measures@1000 microavg - precision 0.9512 - recall 0.9512 - f1 0.9512 
INFO:root:TRAIN measures@1000 for class 0 - precision 0.0000 - recall 0.0000 - f1 0.0000 
INFO:root:TRAIN measures@1000 for class 1 - precision 0.9512 - recall 1.0000 - f1 0.9750 
INFO:root:TRAIN Total epoch time: 0.9332575700000234
INFO:root:################ VALID epoch 67 ###################
INFO:root:VALID mean losses tensor(0.2611)
INFO:root:VALID mean errors 0.046296294778585434
INFO:root:VALID mean MRR 0.0 - mean MAP 0.9838058352470398
INFO:root:VALID tp {0: tensor(0), 1: tensor(1133)},fn {0: tensor(55), 1: tensor(0)},fp {0: tensor(0), 1: tensor(55)}
INFO:root:VALID measures microavg - precision 0.9537 - recall 0.9537 - f1 0.9537 
INFO:root:VALID measures for class 0 - precision 0.0000 - recall 0.0000 - f1 0.0000 
INFO:root:VALID measures for class 1 - precision 0.9537 - recall 1.0000 - f1 0.9763 
INFO:root:VALID measures@10 microavg - precision 0.9833 - recall 0.0497 - f1 0.0946 
INFO:root:VALID measures@10 for class 0 - precision 0.0000 - recall 0.0000 - f1 0.0000 
INFO:root:VALID measures@10 for class 1 - precision 0.9833 - recall 0.0521 - f1 0.0989 
INFO:root:VALID measures@100 microavg - precision 0.9867 - recall 0.4983 - f1 0.6622 
INFO:root:VALID measures@100 for class 0 - precision 0.0000 - recall 0.0000 - f1 0.0000 
INFO:root:VALID measures@100 for class 1 - precision 0.9867 - recall 0.5225 - f1 0.6832 
INFO:root:VALID measures@1000 microavg - precision 0.9537 - recall 0.9537 - f1 0.9537 
INFO:root:VALID measures@1000 for class 0 - precision 0.0000 - recall 0.0000 - f1 0.0000 
INFO:root:VALID measures@1000 for class 1 - precision 0.9537 - recall 1.0000 - f1 0.9763 
INFO:root:VALID Total epoch time: 0.11062628499985294
INFO:root:################ TEST epoch 67 ###################
INFO:root:TEST batch 1 / 7 - partial error 0.0455 - partial loss 0.2784 - partial MRR  0.0000 - partial MAP 0.9842
INFO:root:TEST batch 1 / 7 -  partial tp {0: tensor(0), 1: tensor(189)},fn {0: tensor(9), 1: tensor(0)},fp {0: tensor(0), 1: tensor(9)}
INFO:root:TEST batch 1 / 7 - measures partial microavg - precision 0.9545 - recall 0.9545 - f1 0.9545 
INFO:root:TEST batch 1 / 7 - measures partial for class 0 - precision 0.0000 - recall 0.0000 - f1 0.0000 
INFO:root:TEST batch 1 / 7 - measures partial for class 1 - precision 0.9545 - recall 1.0000 - f1 0.9767 
INFO:root:TEST batch 1 / 7 - Batch time 0 
INFO:root:TEST batch 2 / 7 - partial error 0.0581 - partial loss 0.3304 - partial MRR  0.0000 - partial MAP 0.9792
INFO:root:TEST batch 2 / 7 -  partial tp {0: tensor(0), 1: tensor(184)},fn {0: tensor(14), 1: tensor(0)},fp {0: tensor(0), 1: tensor(14)}
INFO:root:TEST batch 2 / 7 - measures partial microavg - precision 0.9293 - recall 0.9293 - f1 0.9293 
INFO:root:TEST batch 2 / 7 - measures partial for class 0 - precision 0.0000 - recall 0.0000 - f1 0.0000 
INFO:root:TEST batch 2 / 7 - measures partial for class 1 - precision 0.9293 - recall 1.0000 - f1 0.9634 
INFO:root:TEST batch 2 / 7 - Batch time 0 
INFO:root:TEST batch 3 / 7 - partial error 0.0556 - partial loss 0.3151 - partial MRR  0.0000 - partial MAP 0.9806
INFO:root:TEST batch 3 / 7 -  partial tp {0: tensor(0), 1: tensor(188)},fn {0: tensor(10), 1: tensor(0)},fp {0: tensor(0), 1: tensor(10)}
INFO:root:TEST batch 3 / 7 - measures partial microavg - precision 0.9495 - recall 0.9495 - f1 0.9495 
INFO:root:TEST batch 3 / 7 - measures partial for class 0 - precision 0.0000 - recall 0.0000 - f1 0.0000 
INFO:root:TEST batch 3 / 7 - measures partial for class 1 - precision 0.9495 - recall 1.0000 - f1 0.9741 
INFO:root:TEST batch 3 / 7 - Batch time 0 
INFO:root:TEST batch 4 / 7 - partial error 0.0568 - partial loss 0.3209 - partial MRR  0.0000 - partial MAP 0.9787
INFO:root:TEST batch 4 / 7 -  partial tp {0: tensor(0), 1: tensor(186)},fn {0: tensor(12), 1: tensor(0)},fp {0: tensor(0), 1: tensor(12)}
INFO:root:TEST batch 4 / 7 - measures partial microavg - precision 0.9394 - recall 0.9394 - f1 0.9394 
INFO:root:TEST batch 4 / 7 - measures partial for class 0 - precision 0.0000 - recall 0.0000 - f1 0.0000 
INFO:root:TEST batch 4 / 7 - measures partial for class 1 - precision 0.9394 - recall 1.0000 - f1 0.9688 
INFO:root:TEST batch 4 / 7 - Batch time 0 
INFO:root:TEST batch 5 / 7 - partial error 0.0606 - partial loss 0.3408 - partial MRR  0.0000 - partial MAP 0.9776
INFO:root:TEST batch 5 / 7 -  partial tp {0: tensor(0), 1: tensor(183)},fn {0: tensor(15), 1: tensor(0)},fp {0: tensor(0), 1: tensor(15)}
INFO:root:TEST batch 5 / 7 - measures partial microavg - precision 0.9242 - recall 0.9242 - f1 0.9242 
INFO:root:TEST batch 5 / 7 - measures partial for class 0 - precision 0.0000 - recall 0.0000 - f1 0.0000 
INFO:root:TEST batch 5 / 7 - measures partial for class 1 - precision 0.9242 - recall 1.0000 - f1 0.9606 
INFO:root:TEST batch 5 / 7 - Batch time 0 
INFO:root:TEST batch 6 / 7 - partial error 0.0581 - partial loss 0.3261 - partial MRR  0.0000 - partial MAP 0.9792
INFO:root:TEST batch 6 / 7 -  partial tp {0: tensor(0), 1: tensor(189)},fn {0: tensor(9), 1: tensor(0)},fp {0: tensor(0), 1: tensor(9)}
INFO:root:TEST batch 6 / 7 - measures partial microavg - precision 0.9545 - recall 0.9545 - f1 0.9545 
INFO:root:TEST batch 6 / 7 - measures partial for class 0 - precision 0.0000 - recall 0.0000 - f1 0.0000 
INFO:root:TEST batch 6 / 7 - measures partial for class 1 - precision 0.9545 - recall 1.0000 - f1 0.9767 
INFO:root:TEST batch 6 / 7 - Batch time 0 
INFO:root:TEST batch 7 / 7 - partial error 0.0620 - partial loss 0.3400 - partial MRR  0.0000 - partial MAP 0.9796
INFO:root:TEST batch 7 / 7 -  partial tp {0: tensor(0), 1: tensor(181)},fn {0: tensor(17), 1: tensor(0)},fp {0: tensor(0), 1: tensor(17)}
INFO:root:TEST batch 7 / 7 - measures partial microavg - precision 0.9141 - recall 0.9141 - f1 0.9141 
INFO:root:TEST batch 7 / 7 - measures partial for class 0 - precision 0.0000 - recall 0.0000 - f1 0.0000 
INFO:root:TEST batch 7 / 7 - measures partial for class 1 - precision 0.9141 - recall 1.0000 - f1 0.9551 
INFO:root:TEST batch 7 / 7 - Batch time 0 
INFO:root:TEST mean losses tensor(0.3400)
INFO:root:TEST mean errors 0.06204906105995178
INFO:root:TEST mean MRR 0.0 - mean MAP 0.979576826095581
INFO:root:TEST tp {0: tensor(0), 1: tensor(1300)},fn {0: tensor(86), 1: tensor(0)},fp {0: tensor(0), 1: tensor(86)}
INFO:root:TEST measures microavg - precision 0.9380 - recall 0.9380 - f1 0.9380 
INFO:root:TEST measures for class 0 - precision 0.0000 - recall 0.0000 - f1 0.0000 
INFO:root:TEST measures for class 1 - precision 0.9380 - recall 1.0000 - f1 0.9680 
INFO:root:TEST measures@10 microavg - precision 1.0000 - recall 0.0505 - f1 0.0962 
INFO:root:TEST measures@10 for class 0 - precision 0.0000 - recall 0.0000 - f1 0.0000 
INFO:root:TEST measures@10 for class 1 - precision 1.0000 - recall 0.0538 - f1 0.1022 
INFO:root:TEST measures@100 microavg - precision 0.9757 - recall 0.4928 - f1 0.6548 
INFO:root:TEST measures@100 for class 0 - precision 0.0000 - recall 0.0000 - f1 0.0000 
INFO:root:TEST measures@100 for class 1 - precision 0.9757 - recall 0.5254 - f1 0.6830 
INFO:root:TEST measures@1000 microavg - precision 0.9380 - recall 0.9380 - f1 0.9380 
INFO:root:TEST measures@1000 for class 0 - precision 0.0000 - recall 0.0000 - f1 0.0000 
INFO:root:TEST measures@1000 for class 1 - precision 0.9380 - recall 1.0000 - f1 0.9680 
INFO:root:TEST Total epoch time: 0.1383337809998011
INFO:root:################ TRAIN epoch 68 ###################
INFO:root:TRAIN mean losses tensor(0.2837)
INFO:root:TRAIN mean errors 0.048821549862623215
INFO:root:TRAIN mean MRR 0.0 - mean MAP 0.9809089303016663
INFO:root:TRAIN tp {0: tensor(0), 1: tensor(5650)},fn {0: tensor(290), 1: tensor(0)},fp {0: tensor(0), 1: tensor(290)}
INFO:root:TRAIN measures microavg - precision 0.9512 - recall 0.9512 - f1 0.9512 
INFO:root:TRAIN measures for class 0 - precision 0.0000 - recall 0.0000 - f1 0.0000 
INFO:root:TRAIN measures for class 1 - precision 0.9512 - recall 1.0000 - f1 0.9750 
INFO:root:TRAIN measures@10 microavg - precision 0.9900 - recall 0.0500 - f1 0.0952 
INFO:root:TRAIN measures@10 for class 0 - precision 0.0000 - recall 0.0000 - f1 0.0000 
INFO:root:TRAIN measures@10 for class 1 - precision 0.9900 - recall 0.0526 - f1 0.0998 
INFO:root:TRAIN measures@100 microavg - precision 0.9743 - recall 0.4921 - f1 0.6539 
INFO:root:TRAIN measures@100 for class 0 - precision 0.0000 - recall 0.0000 - f1 0.0000 
INFO:root:TRAIN measures@100 for class 1 - precision 0.9743 - recall 0.5173 - f1 0.6758 
INFO:root:TRAIN measures@1000 microavg - precision 0.9512 - recall 0.9512 - f1 0.9512 
INFO:root:TRAIN measures@1000 for class 0 - precision 0.0000 - recall 0.0000 - f1 0.0000 
INFO:root:TRAIN measures@1000 for class 1 - precision 0.9512 - recall 1.0000 - f1 0.9750 
INFO:root:TRAIN Total epoch time: 0.8361852660000295
INFO:root:################ VALID epoch 68 ###################
INFO:root:VALID mean losses tensor(0.2607)
INFO:root:VALID mean errors 0.046296294778585434
INFO:root:VALID mean MRR 0.0 - mean MAP 0.9840525388717651
INFO:root:VALID tp {0: tensor(0), 1: tensor(1133)},fn {0: tensor(55), 1: tensor(0)},fp {0: tensor(0), 1: tensor(55)}
INFO:root:VALID measures microavg - precision 0.9537 - recall 0.9537 - f1 0.9537 
INFO:root:VALID measures for class 0 - precision 0.0000 - recall 0.0000 - f1 0.0000 
INFO:root:VALID measures for class 1 - precision 0.9537 - recall 1.0000 - f1 0.9763 
INFO:root:VALID measures@10 microavg - precision 0.9833 - recall 0.0497 - f1 0.0946 
INFO:root:VALID measures@10 for class 0 - precision 0.0000 - recall 0.0000 - f1 0.0000 
INFO:root:VALID measures@10 for class 1 - precision 0.9833 - recall 0.0521 - f1 0.0989 
INFO:root:VALID measures@100 microavg - precision 0.9833 - recall 0.4966 - f1 0.6600 
INFO:root:VALID measures@100 for class 0 - precision 0.0000 - recall 0.0000 - f1 0.0000 
INFO:root:VALID measures@100 for class 1 - precision 0.9833 - recall 0.5207 - f1 0.6809 
INFO:root:VALID measures@1000 microavg - precision 0.9537 - recall 0.9537 - f1 0.9537 
INFO:root:VALID measures@1000 for class 0 - precision 0.0000 - recall 0.0000 - f1 0.0000 
INFO:root:VALID measures@1000 for class 1 - precision 0.9537 - recall 1.0000 - f1 0.9763 
INFO:root:VALID Total epoch time: 0.11129498299987972
INFO:root:################ TEST epoch 68 ###################
INFO:root:TEST batch 1 / 7 - partial error 0.0455 - partial loss 0.2835 - partial MRR  0.0000 - partial MAP 0.9832
INFO:root:TEST batch 1 / 7 -  partial tp {0: tensor(0), 1: tensor(189)},fn {0: tensor(9), 1: tensor(0)},fp {0: tensor(0), 1: tensor(9)}
INFO:root:TEST batch 1 / 7 - measures partial microavg - precision 0.9545 - recall 0.9545 - f1 0.9545 
INFO:root:TEST batch 1 / 7 - measures partial for class 0 - precision 0.0000 - recall 0.0000 - f1 0.0000 
INFO:root:TEST batch 1 / 7 - measures partial for class 1 - precision 0.9545 - recall 1.0000 - f1 0.9767 
INFO:root:TEST batch 1 / 7 - Batch time 0 
INFO:root:TEST batch 2 / 7 - partial error 0.0581 - partial loss 0.3340 - partial MRR  0.0000 - partial MAP 0.9792
INFO:root:TEST batch 2 / 7 -  partial tp {0: tensor(0), 1: tensor(184)},fn {0: tensor(14), 1: tensor(0)},fp {0: tensor(0), 1: tensor(14)}
INFO:root:TEST batch 2 / 7 - measures partial microavg - precision 0.9293 - recall 0.9293 - f1 0.9293 
INFO:root:TEST batch 2 / 7 - measures partial for class 0 - precision 0.0000 - recall 0.0000 - f1 0.0000 
INFO:root:TEST batch 2 / 7 - measures partial for class 1 - precision 0.9293 - recall 1.0000 - f1 0.9634 
INFO:root:TEST batch 2 / 7 - Batch time 0 
INFO:root:TEST batch 3 / 7 - partial error 0.0556 - partial loss 0.3184 - partial MRR  0.0000 - partial MAP 0.9806
INFO:root:TEST batch 3 / 7 -  partial tp {0: tensor(0), 1: tensor(188)},fn {0: tensor(10), 1: tensor(0)},fp {0: tensor(0), 1: tensor(10)}
INFO:root:TEST batch 3 / 7 - measures partial microavg - precision 0.9495 - recall 0.9495 - f1 0.9495 
INFO:root:TEST batch 3 / 7 - measures partial for class 0 - precision 0.0000 - recall 0.0000 - f1 0.0000 
INFO:root:TEST batch 3 / 7 - measures partial for class 1 - precision 0.9495 - recall 1.0000 - f1 0.9741 
INFO:root:TEST batch 3 / 7 - Batch time 0 
INFO:root:TEST batch 4 / 7 - partial error 0.0568 - partial loss 0.3227 - partial MRR  0.0000 - partial MAP 0.9796
INFO:root:TEST batch 4 / 7 -  partial tp {0: tensor(0), 1: tensor(186)},fn {0: tensor(12), 1: tensor(0)},fp {0: tensor(0), 1: tensor(12)}
INFO:root:TEST batch 4 / 7 - measures partial microavg - precision 0.9394 - recall 0.9394 - f1 0.9394 
INFO:root:TEST batch 4 / 7 - measures partial for class 0 - precision 0.0000 - recall 0.0000 - f1 0.0000 
INFO:root:TEST batch 4 / 7 - measures partial for class 1 - precision 0.9394 - recall 1.0000 - f1 0.9688 
INFO:root:TEST batch 4 / 7 - Batch time 0 
INFO:root:TEST batch 5 / 7 - partial error 0.0606 - partial loss 0.3390 - partial MRR  0.0000 - partial MAP 0.9789
INFO:root:TEST batch 5 / 7 -  partial tp {0: tensor(0), 1: tensor(183)},fn {0: tensor(15), 1: tensor(0)},fp {0: tensor(0), 1: tensor(15)}
INFO:root:TEST batch 5 / 7 - measures partial microavg - precision 0.9242 - recall 0.9242 - f1 0.9242 
INFO:root:TEST batch 5 / 7 - measures partial for class 0 - precision 0.0000 - recall 0.0000 - f1 0.0000 
INFO:root:TEST batch 5 / 7 - measures partial for class 1 - precision 0.9242 - recall 1.0000 - f1 0.9606 
INFO:root:TEST batch 5 / 7 - Batch time 0 
INFO:root:TEST batch 6 / 7 - partial error 0.0581 - partial loss 0.3237 - partial MRR  0.0000 - partial MAP 0.9808
INFO:root:TEST batch 6 / 7 -  partial tp {0: tensor(0), 1: tensor(189)},fn {0: tensor(9), 1: tensor(0)},fp {0: tensor(0), 1: tensor(9)}
INFO:root:TEST batch 6 / 7 - measures partial microavg - precision 0.9545 - recall 0.9545 - f1 0.9545 
INFO:root:TEST batch 6 / 7 - measures partial for class 0 - precision 0.0000 - recall 0.0000 - f1 0.0000 
INFO:root:TEST batch 6 / 7 - measures partial for class 1 - precision 0.9545 - recall 1.0000 - f1 0.9767 
INFO:root:TEST batch 6 / 7 - Batch time 0 
INFO:root:TEST batch 7 / 7 - partial error 0.0620 - partial loss 0.3385 - partial MRR  0.0000 - partial MAP 0.9810
INFO:root:TEST batch 7 / 7 -  partial tp {0: tensor(0), 1: tensor(181)},fn {0: tensor(17), 1: tensor(0)},fp {0: tensor(0), 1: tensor(17)}
INFO:root:TEST batch 7 / 7 - measures partial microavg - precision 0.9141 - recall 0.9141 - f1 0.9141 
INFO:root:TEST batch 7 / 7 - measures partial for class 0 - precision 0.0000 - recall 0.0000 - f1 0.0000 
INFO:root:TEST batch 7 / 7 - measures partial for class 1 - precision 0.9141 - recall 1.0000 - f1 0.9551 
INFO:root:TEST batch 7 / 7 - Batch time 0 
INFO:root:TEST mean losses tensor(0.3385)
INFO:root:TEST mean errors 0.06204906105995178
INFO:root:TEST mean MRR 0.0 - mean MAP 0.9809622168540955
INFO:root:TEST tp {0: tensor(0), 1: tensor(1300)},fn {0: tensor(86), 1: tensor(0)},fp {0: tensor(0), 1: tensor(86)}
INFO:root:TEST measures microavg - precision 0.9380 - recall 0.9380 - f1 0.9380 
INFO:root:TEST measures for class 0 - precision 0.0000 - recall 0.0000 - f1 0.0000 
INFO:root:TEST measures for class 1 - precision 0.9380 - recall 1.0000 - f1 0.9680 
INFO:root:TEST measures@10 microavg - precision 1.0000 - recall 0.0505 - f1 0.0962 
INFO:root:TEST measures@10 for class 0 - precision 0.0000 - recall 0.0000 - f1 0.0000 
INFO:root:TEST measures@10 for class 1 - precision 1.0000 - recall 0.0538 - f1 0.1022 
INFO:root:TEST measures@100 microavg - precision 0.9700 - recall 0.4899 - f1 0.6510 
INFO:root:TEST measures@100 for class 0 - precision 0.0000 - recall 0.0000 - f1 0.0000 
INFO:root:TEST measures@100 for class 1 - precision 0.9700 - recall 0.5223 - f1 0.6790 
INFO:root:TEST measures@1000 microavg - precision 0.9380 - recall 0.9380 - f1 0.9380 
INFO:root:TEST measures@1000 for class 0 - precision 0.0000 - recall 0.0000 - f1 0.0000 
INFO:root:TEST measures@1000 for class 1 - precision 0.9380 - recall 1.0000 - f1 0.9680 
INFO:root:TEST Total epoch time: 0.14166434899971136
INFO:root:################ TRAIN epoch 69 ###################
INFO:root:TRAIN mean losses tensor(0.2852)
INFO:root:TRAIN mean errors 0.048821549862623215
INFO:root:TRAIN mean MRR 0.0 - mean MAP 0.9811280965805054
INFO:root:TRAIN tp {0: tensor(0), 1: tensor(5650)},fn {0: tensor(290), 1: tensor(0)},fp {0: tensor(0), 1: tensor(290)}
INFO:root:TRAIN measures microavg - precision 0.9512 - recall 0.9512 - f1 0.9512 
INFO:root:TRAIN measures for class 0 - precision 0.0000 - recall 0.0000 - f1 0.0000 
INFO:root:TRAIN measures for class 1 - precision 0.9512 - recall 1.0000 - f1 0.9750 
INFO:root:TRAIN measures@10 microavg - precision 0.9967 - recall 0.0503 - f1 0.0958 
INFO:root:TRAIN measures@10 for class 0 - precision 0.0000 - recall 0.0000 - f1 0.0000 
INFO:root:TRAIN measures@10 for class 1 - precision 0.9967 - recall 0.0529 - f1 0.1005 
INFO:root:TRAIN measures@100 microavg - precision 0.9757 - recall 0.4928 - f1 0.6548 
INFO:root:TRAIN measures@100 for class 0 - precision 0.0000 - recall 0.0000 - f1 0.0000 
INFO:root:TRAIN measures@100 for class 1 - precision 0.9757 - recall 0.5181 - f1 0.6768 
INFO:root:TRAIN measures@1000 microavg - precision 0.9512 - recall 0.9512 - f1 0.9512 
INFO:root:TRAIN measures@1000 for class 0 - precision 0.0000 - recall 0.0000 - f1 0.0000 
INFO:root:TRAIN measures@1000 for class 1 - precision 0.9512 - recall 1.0000 - f1 0.9750 
INFO:root:TRAIN Total epoch time: 0.8374852619999729
INFO:root:################ VALID epoch 69 ###################
INFO:root:VALID mean losses tensor(0.2610)
INFO:root:VALID mean errors 0.046296294778585434
INFO:root:VALID mean MRR 0.0 - mean MAP 0.9822068214416504
INFO:root:VALID tp {0: tensor(0), 1: tensor(1133)},fn {0: tensor(55), 1: tensor(0)},fp {0: tensor(0), 1: tensor(55)}
INFO:root:VALID measures microavg - precision 0.9537 - recall 0.9537 - f1 0.9537 
INFO:root:VALID measures for class 0 - precision 0.0000 - recall 0.0000 - f1 0.0000 
INFO:root:VALID measures for class 1 - precision 0.9537 - recall 1.0000 - f1 0.9763 
INFO:root:VALID measures@10 microavg - precision 0.9833 - recall 0.0497 - f1 0.0946 
INFO:root:VALID measures@10 for class 0 - precision 0.0000 - recall 0.0000 - f1 0.0000 
INFO:root:VALID measures@10 for class 1 - precision 0.9833 - recall 0.0521 - f1 0.0989 
INFO:root:VALID measures@100 microavg - precision 0.9867 - recall 0.4983 - f1 0.6622 
INFO:root:VALID measures@100 for class 0 - precision 0.0000 - recall 0.0000 - f1 0.0000 
INFO:root:VALID measures@100 for class 1 - precision 0.9867 - recall 0.5225 - f1 0.6832 
INFO:root:VALID measures@1000 microavg - precision 0.9537 - recall 0.9537 - f1 0.9537 
INFO:root:VALID measures@1000 for class 0 - precision 0.0000 - recall 0.0000 - f1 0.0000 
INFO:root:VALID measures@1000 for class 1 - precision 0.9537 - recall 1.0000 - f1 0.9763 
INFO:root:VALID Total epoch time: 0.11081552299992836
INFO:root:################ TEST epoch 69 ###################
INFO:root:TEST batch 1 / 7 - partial error 0.0455 - partial loss 0.2790 - partial MRR  0.0000 - partial MAP 0.9855
INFO:root:TEST batch 1 / 7 -  partial tp {0: tensor(0), 1: tensor(189)},fn {0: tensor(9), 1: tensor(0)},fp {0: tensor(0), 1: tensor(9)}
INFO:root:TEST batch 1 / 7 - measures partial microavg - precision 0.9545 - recall 0.9545 - f1 0.9545 
INFO:root:TEST batch 1 / 7 - measures partial for class 0 - precision 0.0000 - recall 0.0000 - f1 0.0000 
INFO:root:TEST batch 1 / 7 - measures partial for class 1 - precision 0.9545 - recall 1.0000 - f1 0.9767 
INFO:root:TEST batch 1 / 7 - Batch time 0 
INFO:root:TEST batch 2 / 7 - partial error 0.0581 - partial loss 0.3290 - partial MRR  0.0000 - partial MAP 0.9809
INFO:root:TEST batch 2 / 7 -  partial tp {0: tensor(0), 1: tensor(184)},fn {0: tensor(14), 1: tensor(0)},fp {0: tensor(0), 1: tensor(14)}
INFO:root:TEST batch 2 / 7 - measures partial microavg - precision 0.9293 - recall 0.9293 - f1 0.9293 
INFO:root:TEST batch 2 / 7 - measures partial for class 0 - precision 0.0000 - recall 0.0000 - f1 0.0000 
INFO:root:TEST batch 2 / 7 - measures partial for class 1 - precision 0.9293 - recall 1.0000 - f1 0.9634 
INFO:root:TEST batch 2 / 7 - Batch time 0 
INFO:root:TEST batch 3 / 7 - partial error 0.0556 - partial loss 0.3151 - partial MRR  0.0000 - partial MAP 0.9824
INFO:root:TEST batch 3 / 7 -  partial tp {0: tensor(0), 1: tensor(188)},fn {0: tensor(10), 1: tensor(0)},fp {0: tensor(0), 1: tensor(10)}
INFO:root:TEST batch 3 / 7 - measures partial microavg - precision 0.9495 - recall 0.9495 - f1 0.9495 
INFO:root:TEST batch 3 / 7 - measures partial for class 0 - precision 0.0000 - recall 0.0000 - f1 0.0000 
INFO:root:TEST batch 3 / 7 - measures partial for class 1 - precision 0.9495 - recall 1.0000 - f1 0.9741 
INFO:root:TEST batch 3 / 7 - Batch time 0 
INFO:root:TEST batch 4 / 7 - partial error 0.0568 - partial loss 0.3193 - partial MRR  0.0000 - partial MAP 0.9809
INFO:root:TEST batch 4 / 7 -  partial tp {0: tensor(0), 1: tensor(186)},fn {0: tensor(12), 1: tensor(0)},fp {0: tensor(0), 1: tensor(12)}
INFO:root:TEST batch 4 / 7 - measures partial microavg - precision 0.9394 - recall 0.9394 - f1 0.9394 
INFO:root:TEST batch 4 / 7 - measures partial for class 0 - precision 0.0000 - recall 0.0000 - f1 0.0000 
INFO:root:TEST batch 4 / 7 - measures partial for class 1 - precision 0.9394 - recall 1.0000 - f1 0.9688 
INFO:root:TEST batch 4 / 7 - Batch time 0 
INFO:root:TEST batch 5 / 7 - partial error 0.0606 - partial loss 0.3391 - partial MRR  0.0000 - partial MAP 0.9785
INFO:root:TEST batch 5 / 7 -  partial tp {0: tensor(0), 1: tensor(183)},fn {0: tensor(15), 1: tensor(0)},fp {0: tensor(0), 1: tensor(15)}
INFO:root:TEST batch 5 / 7 - measures partial microavg - precision 0.9242 - recall 0.9242 - f1 0.9242 
INFO:root:TEST batch 5 / 7 - measures partial for class 0 - precision 0.0000 - recall 0.0000 - f1 0.0000 
INFO:root:TEST batch 5 / 7 - measures partial for class 1 - precision 0.9242 - recall 1.0000 - f1 0.9606 
INFO:root:TEST batch 5 / 7 - Batch time 0 
INFO:root:TEST batch 6 / 7 - partial error 0.0581 - partial loss 0.3253 - partial MRR  0.0000 - partial MAP 0.9800
INFO:root:TEST batch 6 / 7 -  partial tp {0: tensor(0), 1: tensor(189)},fn {0: tensor(9), 1: tensor(0)},fp {0: tensor(0), 1: tensor(9)}
INFO:root:TEST batch 6 / 7 - measures partial microavg - precision 0.9545 - recall 0.9545 - f1 0.9545 
INFO:root:TEST batch 6 / 7 - measures partial for class 0 - precision 0.0000 - recall 0.0000 - f1 0.0000 
INFO:root:TEST batch 6 / 7 - measures partial for class 1 - precision 0.9545 - recall 1.0000 - f1 0.9767 
INFO:root:TEST batch 6 / 7 - Batch time 0 
INFO:root:TEST batch 7 / 7 - partial error 0.0620 - partial loss 0.3405 - partial MRR  0.0000 - partial MAP 0.9796
INFO:root:TEST batch 7 / 7 -  partial tp {0: tensor(0), 1: tensor(181)},fn {0: tensor(17), 1: tensor(0)},fp {0: tensor(0), 1: tensor(17)}
INFO:root:TEST batch 7 / 7 - measures partial microavg - precision 0.9141 - recall 0.9141 - f1 0.9141 
INFO:root:TEST batch 7 / 7 - measures partial for class 0 - precision 0.0000 - recall 0.0000 - f1 0.0000 
INFO:root:TEST batch 7 / 7 - measures partial for class 1 - precision 0.9141 - recall 1.0000 - f1 0.9551 
INFO:root:TEST batch 7 / 7 - Batch time 0 
INFO:root:TEST mean losses tensor(0.3405)
INFO:root:TEST mean errors 0.06204906105995178
INFO:root:TEST mean MRR 0.0 - mean MAP 0.9796303510665894
INFO:root:TEST tp {0: tensor(0), 1: tensor(1300)},fn {0: tensor(86), 1: tensor(0)},fp {0: tensor(0), 1: tensor(86)}
INFO:root:TEST measures microavg - precision 0.9380 - recall 0.9380 - f1 0.9380 
INFO:root:TEST measures for class 0 - precision 0.0000 - recall 0.0000 - f1 0.0000 
INFO:root:TEST measures for class 1 - precision 0.9380 - recall 1.0000 - f1 0.9680 
INFO:root:TEST measures@10 microavg - precision 1.0000 - recall 0.0505 - f1 0.0962 
INFO:root:TEST measures@10 for class 0 - precision 0.0000 - recall 0.0000 - f1 0.0000 
INFO:root:TEST measures@10 for class 1 - precision 1.0000 - recall 0.0538 - f1 0.1022 
INFO:root:TEST measures@100 microavg - precision 0.9729 - recall 0.4913 - f1 0.6529 
INFO:root:TEST measures@100 for class 0 - precision 0.0000 - recall 0.0000 - f1 0.0000 
INFO:root:TEST measures@100 for class 1 - precision 0.9729 - recall 0.5238 - f1 0.6810 
INFO:root:TEST measures@1000 microavg - precision 0.9380 - recall 0.9380 - f1 0.9380 
INFO:root:TEST measures@1000 for class 0 - precision 0.0000 - recall 0.0000 - f1 0.0000 
INFO:root:TEST measures@1000 for class 1 - precision 0.9380 - recall 1.0000 - f1 0.9680 
INFO:root:TEST Total epoch time: 0.1391907350002839
INFO:root:################ TRAIN epoch 70 ###################
INFO:root:TRAIN mean losses tensor(0.2833)
INFO:root:TRAIN mean errors 0.048821549862623215
INFO:root:TRAIN mean MRR 0.0 - mean MAP 0.9814333915710449
INFO:root:TRAIN tp {0: tensor(0), 1: tensor(5650)},fn {0: tensor(290), 1: tensor(0)},fp {0: tensor(0), 1: tensor(290)}
INFO:root:TRAIN measures microavg - precision 0.9512 - recall 0.9512 - f1 0.9512 
INFO:root:TRAIN measures for class 0 - precision 0.0000 - recall 0.0000 - f1 0.0000 
INFO:root:TRAIN measures for class 1 - precision 0.9512 - recall 1.0000 - f1 0.9750 
INFO:root:TRAIN measures@10 microavg - precision 0.9933 - recall 0.0502 - f1 0.0955 
INFO:root:TRAIN measures@10 for class 0 - precision 0.0000 - recall 0.0000 - f1 0.0000 
INFO:root:TRAIN measures@10 for class 1 - precision 0.9933 - recall 0.0527 - f1 0.1002 
INFO:root:TRAIN measures@100 microavg - precision 0.9760 - recall 0.4929 - f1 0.6550 
INFO:root:TRAIN measures@100 for class 0 - precision 0.0000 - recall 0.0000 - f1 0.0000 
INFO:root:TRAIN measures@100 for class 1 - precision 0.9760 - recall 0.5182 - f1 0.6770 
INFO:root:TRAIN measures@1000 microavg - precision 0.9512 - recall 0.9512 - f1 0.9512 
INFO:root:TRAIN measures@1000 for class 0 - precision 0.0000 - recall 0.0000 - f1 0.0000 
INFO:root:TRAIN measures@1000 for class 1 - precision 0.9512 - recall 1.0000 - f1 0.9750 
INFO:root:TRAIN Total epoch time: 0.8367302560000098
INFO:root:################ VALID epoch 70 ###################
INFO:root:VALID mean losses tensor(0.2602)
INFO:root:VALID mean errors 0.046296294778585434
INFO:root:VALID mean MRR 0.0 - mean MAP 0.9823396801948547
INFO:root:VALID tp {0: tensor(0), 1: tensor(1133)},fn {0: tensor(55), 1: tensor(0)},fp {0: tensor(0), 1: tensor(55)}
INFO:root:VALID measures microavg - precision 0.9537 - recall 0.9537 - f1 0.9537 
INFO:root:VALID measures for class 0 - precision 0.0000 - recall 0.0000 - f1 0.0000 
INFO:root:VALID measures for class 1 - precision 0.9537 - recall 1.0000 - f1 0.9763 
INFO:root:VALID measures@10 microavg - precision 0.9833 - recall 0.0497 - f1 0.0946 
INFO:root:VALID measures@10 for class 0 - precision 0.0000 - recall 0.0000 - f1 0.0000 
INFO:root:VALID measures@10 for class 1 - precision 0.9833 - recall 0.0521 - f1 0.0989 
INFO:root:VALID measures@100 microavg - precision 0.9850 - recall 0.4975 - f1 0.6611 
INFO:root:VALID measures@100 for class 0 - precision 0.0000 - recall 0.0000 - f1 0.0000 
INFO:root:VALID measures@100 for class 1 - precision 0.9850 - recall 0.5216 - f1 0.6821 
INFO:root:VALID measures@1000 microavg - precision 0.9537 - recall 0.9537 - f1 0.9537 
INFO:root:VALID measures@1000 for class 0 - precision 0.0000 - recall 0.0000 - f1 0.0000 
INFO:root:VALID measures@1000 for class 1 - precision 0.9537 - recall 1.0000 - f1 0.9763 
INFO:root:VALID Total epoch time: 0.1113738789999843
INFO:root:################ TEST epoch 70 ###################
INFO:root:TEST batch 1 / 7 - partial error 0.0455 - partial loss 0.2736 - partial MRR  0.0000 - partial MAP 0.9858
INFO:root:TEST batch 1 / 7 -  partial tp {0: tensor(0), 1: tensor(189)},fn {0: tensor(9), 1: tensor(0)},fp {0: tensor(0), 1: tensor(9)}
INFO:root:TEST batch 1 / 7 - measures partial microavg - precision 0.9545 - recall 0.9545 - f1 0.9545 
INFO:root:TEST batch 1 / 7 - measures partial for class 0 - precision 0.0000 - recall 0.0000 - f1 0.0000 
INFO:root:TEST batch 1 / 7 - measures partial for class 1 - precision 0.9545 - recall 1.0000 - f1 0.9767 
INFO:root:TEST batch 1 / 7 - Batch time 0 
INFO:root:TEST batch 2 / 7 - partial error 0.0581 - partial loss 0.3282 - partial MRR  0.0000 - partial MAP 0.9791
INFO:root:TEST batch 2 / 7 -  partial tp {0: tensor(0), 1: tensor(184)},fn {0: tensor(14), 1: tensor(0)},fp {0: tensor(0), 1: tensor(14)}
INFO:root:TEST batch 2 / 7 - measures partial microavg - precision 0.9293 - recall 0.9293 - f1 0.9293 
INFO:root:TEST batch 2 / 7 - measures partial for class 0 - precision 0.0000 - recall 0.0000 - f1 0.0000 
INFO:root:TEST batch 2 / 7 - measures partial for class 1 - precision 0.9293 - recall 1.0000 - f1 0.9634 
INFO:root:TEST batch 2 / 7 - Batch time 0 
INFO:root:TEST batch 3 / 7 - partial error 0.0556 - partial loss 0.3127 - partial MRR  0.0000 - partial MAP 0.9808
INFO:root:TEST batch 3 / 7 -  partial tp {0: tensor(0), 1: tensor(188)},fn {0: tensor(10), 1: tensor(0)},fp {0: tensor(0), 1: tensor(10)}
INFO:root:TEST batch 3 / 7 - measures partial microavg - precision 0.9495 - recall 0.9495 - f1 0.9495 
INFO:root:TEST batch 3 / 7 - measures partial for class 0 - precision 0.0000 - recall 0.0000 - f1 0.0000 
INFO:root:TEST batch 3 / 7 - measures partial for class 1 - precision 0.9495 - recall 1.0000 - f1 0.9741 
INFO:root:TEST batch 3 / 7 - Batch time 0 
INFO:root:TEST batch 4 / 7 - partial error 0.0568 - partial loss 0.3160 - partial MRR  0.0000 - partial MAP 0.9803
INFO:root:TEST batch 4 / 7 -  partial tp {0: tensor(0), 1: tensor(186)},fn {0: tensor(12), 1: tensor(0)},fp {0: tensor(0), 1: tensor(12)}
INFO:root:TEST batch 4 / 7 - measures partial microavg - precision 0.9394 - recall 0.9394 - f1 0.9394 
INFO:root:TEST batch 4 / 7 - measures partial for class 0 - precision 0.0000 - recall 0.0000 - f1 0.0000 
INFO:root:TEST batch 4 / 7 - measures partial for class 1 - precision 0.9394 - recall 1.0000 - f1 0.9688 
INFO:root:TEST batch 4 / 7 - Batch time 0 
INFO:root:TEST batch 5 / 7 - partial error 0.0606 - partial loss 0.3339 - partial MRR  0.0000 - partial MAP 0.9792
INFO:root:TEST batch 5 / 7 -  partial tp {0: tensor(0), 1: tensor(183)},fn {0: tensor(15), 1: tensor(0)},fp {0: tensor(0), 1: tensor(15)}
INFO:root:TEST batch 5 / 7 - measures partial microavg - precision 0.9242 - recall 0.9242 - f1 0.9242 
INFO:root:TEST batch 5 / 7 - measures partial for class 0 - precision 0.0000 - recall 0.0000 - f1 0.0000 
INFO:root:TEST batch 5 / 7 - measures partial for class 1 - precision 0.9242 - recall 1.0000 - f1 0.9606 
INFO:root:TEST batch 5 / 7 - Batch time 0 
INFO:root:TEST batch 6 / 7 - partial error 0.0581 - partial loss 0.3209 - partial MRR  0.0000 - partial MAP 0.9804
INFO:root:TEST batch 6 / 7 -  partial tp {0: tensor(0), 1: tensor(189)},fn {0: tensor(9), 1: tensor(0)},fp {0: tensor(0), 1: tensor(9)}
INFO:root:TEST batch 6 / 7 - measures partial microavg - precision 0.9545 - recall 0.9545 - f1 0.9545 
INFO:root:TEST batch 6 / 7 - measures partial for class 0 - precision 0.0000 - recall 0.0000 - f1 0.0000 
INFO:root:TEST batch 6 / 7 - measures partial for class 1 - precision 0.9545 - recall 1.0000 - f1 0.9767 
INFO:root:TEST batch 6 / 7 - Batch time 0 
INFO:root:TEST batch 7 / 7 - partial error 0.0620 - partial loss 0.3370 - partial MRR  0.0000 - partial MAP 0.9803
INFO:root:TEST batch 7 / 7 -  partial tp {0: tensor(0), 1: tensor(181)},fn {0: tensor(17), 1: tensor(0)},fp {0: tensor(0), 1: tensor(17)}
INFO:root:TEST batch 7 / 7 - measures partial microavg - precision 0.9141 - recall 0.9141 - f1 0.9141 
INFO:root:TEST batch 7 / 7 - measures partial for class 0 - precision 0.0000 - recall 0.0000 - f1 0.0000 
INFO:root:TEST batch 7 / 7 - measures partial for class 1 - precision 0.9141 - recall 1.0000 - f1 0.9551 
INFO:root:TEST batch 7 / 7 - Batch time 0 
INFO:root:TEST mean losses tensor(0.3370)
INFO:root:TEST mean errors 0.06204906105995178
INFO:root:TEST mean MRR 0.0 - mean MAP 0.9802587628364563
INFO:root:TEST tp {0: tensor(0), 1: tensor(1300)},fn {0: tensor(86), 1: tensor(0)},fp {0: tensor(0), 1: tensor(86)}
INFO:root:TEST measures microavg - precision 0.9380 - recall 0.9380 - f1 0.9380 
INFO:root:TEST measures for class 0 - precision 0.0000 - recall 0.0000 - f1 0.0000 
INFO:root:TEST measures for class 1 - precision 0.9380 - recall 1.0000 - f1 0.9680 
INFO:root:TEST measures@10 microavg - precision 1.0000 - recall 0.0505 - f1 0.0962 
INFO:root:TEST measures@10 for class 0 - precision 0.0000 - recall 0.0000 - f1 0.0000 
INFO:root:TEST measures@10 for class 1 - precision 1.0000 - recall 0.0538 - f1 0.1022 
INFO:root:TEST measures@100 microavg - precision 0.9714 - recall 0.4906 - f1 0.6520 
INFO:root:TEST measures@100 for class 0 - precision 0.0000 - recall 0.0000 - f1 0.0000 
INFO:root:TEST measures@100 for class 1 - precision 0.9714 - recall 0.5231 - f1 0.6800 
INFO:root:TEST measures@1000 microavg - precision 0.9380 - recall 0.9380 - f1 0.9380 
INFO:root:TEST measures@1000 for class 0 - precision 0.0000 - recall 0.0000 - f1 0.0000 
INFO:root:TEST measures@1000 for class 1 - precision 0.9380 - recall 1.0000 - f1 0.9680 
INFO:root:TEST Total epoch time: 0.1363945469997816
INFO:root:################ TRAIN epoch 71 ###################
INFO:root:TRAIN mean losses tensor(0.2828)
INFO:root:TRAIN mean errors 0.048821549862623215
INFO:root:TRAIN mean MRR 0.0 - mean MAP 0.9812727570533752
INFO:root:TRAIN tp {0: tensor(0), 1: tensor(5650)},fn {0: tensor(290), 1: tensor(0)},fp {0: tensor(0), 1: tensor(290)}
INFO:root:TRAIN measures microavg - precision 0.9512 - recall 0.9512 - f1 0.9512 
INFO:root:TRAIN measures for class 0 - precision 0.0000 - recall 0.0000 - f1 0.0000 
INFO:root:TRAIN measures for class 1 - precision 0.9512 - recall 1.0000 - f1 0.9750 
INFO:root:TRAIN measures@10 microavg - precision 0.9933 - recall 0.0502 - f1 0.0955 
INFO:root:TRAIN measures@10 for class 0 - precision 0.0000 - recall 0.0000 - f1 0.0000 
INFO:root:TRAIN measures@10 for class 1 - precision 0.9933 - recall 0.0527 - f1 0.1002 
INFO:root:TRAIN measures@100 microavg - precision 0.9740 - recall 0.4919 - f1 0.6537 
INFO:root:TRAIN measures@100 for class 0 - precision 0.0000 - recall 0.0000 - f1 0.0000 
INFO:root:TRAIN measures@100 for class 1 - precision 0.9740 - recall 0.5172 - f1 0.6756 
INFO:root:TRAIN measures@1000 microavg - precision 0.9512 - recall 0.9512 - f1 0.9512 
INFO:root:TRAIN measures@1000 for class 0 - precision 0.0000 - recall 0.0000 - f1 0.0000 
INFO:root:TRAIN measures@1000 for class 1 - precision 0.9512 - recall 1.0000 - f1 0.9750 
INFO:root:TRAIN Total epoch time: 0.8617792509999163
INFO:root:################ VALID epoch 71 ###################
INFO:root:VALID mean losses tensor(0.2601)
INFO:root:VALID mean errors 0.046296294778585434
INFO:root:VALID mean MRR 0.0 - mean MAP 0.9831914901733398
INFO:root:VALID tp {0: tensor(0), 1: tensor(1133)},fn {0: tensor(55), 1: tensor(0)},fp {0: tensor(0), 1: tensor(55)}
INFO:root:VALID measures microavg - precision 0.9537 - recall 0.9537 - f1 0.9537 
INFO:root:VALID measures for class 0 - precision 0.0000 - recall 0.0000 - f1 0.0000 
INFO:root:VALID measures for class 1 - precision 0.9537 - recall 1.0000 - f1 0.9763 
INFO:root:VALID measures@10 microavg - precision 0.9667 - recall 0.0488 - f1 0.0929 
INFO:root:VALID measures@10 for class 0 - precision 0.0000 - recall 0.0000 - f1 0.0000 
INFO:root:VALID measures@10 for class 1 - precision 0.9667 - recall 0.0512 - f1 0.0972 
INFO:root:VALID measures@100 microavg - precision 0.9867 - recall 0.4983 - f1 0.6622 
INFO:root:VALID measures@100 for class 0 - precision 0.0000 - recall 0.0000 - f1 0.0000 
INFO:root:VALID measures@100 for class 1 - precision 0.9867 - recall 0.5225 - f1 0.6832 
INFO:root:VALID measures@1000 microavg - precision 0.9537 - recall 0.9537 - f1 0.9537 
INFO:root:VALID measures@1000 for class 0 - precision 0.0000 - recall 0.0000 - f1 0.0000 
INFO:root:VALID measures@1000 for class 1 - precision 0.9537 - recall 1.0000 - f1 0.9763 
INFO:root:VALID Total epoch time: 0.11376799100025892
INFO:root:################ TEST epoch 71 ###################
INFO:root:TEST batch 1 / 7 - partial error 0.0455 - partial loss 0.2726 - partial MRR  0.0000 - partial MAP 0.9855
INFO:root:TEST batch 1 / 7 -  partial tp {0: tensor(0), 1: tensor(189)},fn {0: tensor(9), 1: tensor(0)},fp {0: tensor(0), 1: tensor(9)}
INFO:root:TEST batch 1 / 7 - measures partial microavg - precision 0.9545 - recall 0.9545 - f1 0.9545 
INFO:root:TEST batch 1 / 7 - measures partial for class 0 - precision 0.0000 - recall 0.0000 - f1 0.0000 
INFO:root:TEST batch 1 / 7 - measures partial for class 1 - precision 0.9545 - recall 1.0000 - f1 0.9767 
INFO:root:TEST batch 1 / 7 - Batch time 0 
INFO:root:TEST batch 2 / 7 - partial error 0.0581 - partial loss 0.3335 - partial MRR  0.0000 - partial MAP 0.9800
INFO:root:TEST batch 2 / 7 -  partial tp {0: tensor(0), 1: tensor(184)},fn {0: tensor(14), 1: tensor(0)},fp {0: tensor(0), 1: tensor(14)}
INFO:root:TEST batch 2 / 7 - measures partial microavg - precision 0.9293 - recall 0.9293 - f1 0.9293 
INFO:root:TEST batch 2 / 7 - measures partial for class 0 - precision 0.0000 - recall 0.0000 - f1 0.0000 
INFO:root:TEST batch 2 / 7 - measures partial for class 1 - precision 0.9293 - recall 1.0000 - f1 0.9634 
INFO:root:TEST batch 2 / 7 - Batch time 0 
INFO:root:TEST batch 3 / 7 - partial error 0.0556 - partial loss 0.3186 - partial MRR  0.0000 - partial MAP 0.9810
INFO:root:TEST batch 3 / 7 -  partial tp {0: tensor(0), 1: tensor(188)},fn {0: tensor(10), 1: tensor(0)},fp {0: tensor(0), 1: tensor(10)}
INFO:root:TEST batch 3 / 7 - measures partial microavg - precision 0.9495 - recall 0.9495 - f1 0.9495 
INFO:root:TEST batch 3 / 7 - measures partial for class 0 - precision 0.0000 - recall 0.0000 - f1 0.0000 
INFO:root:TEST batch 3 / 7 - measures partial for class 1 - precision 0.9495 - recall 1.0000 - f1 0.9741 
INFO:root:TEST batch 3 / 7 - Batch time 0 
INFO:root:TEST batch 4 / 7 - partial error 0.0568 - partial loss 0.3230 - partial MRR  0.0000 - partial MAP 0.9806
INFO:root:TEST batch 4 / 7 -  partial tp {0: tensor(0), 1: tensor(186)},fn {0: tensor(12), 1: tensor(0)},fp {0: tensor(0), 1: tensor(12)}
INFO:root:TEST batch 4 / 7 - measures partial microavg - precision 0.9394 - recall 0.9394 - f1 0.9394 
INFO:root:TEST batch 4 / 7 - measures partial for class 0 - precision 0.0000 - recall 0.0000 - f1 0.0000 
INFO:root:TEST batch 4 / 7 - measures partial for class 1 - precision 0.9394 - recall 1.0000 - f1 0.9688 
INFO:root:TEST batch 4 / 7 - Batch time 0 
INFO:root:TEST batch 5 / 7 - partial error 0.0606 - partial loss 0.3428 - partial MRR  0.0000 - partial MAP 0.9786
INFO:root:TEST batch 5 / 7 -  partial tp {0: tensor(0), 1: tensor(183)},fn {0: tensor(15), 1: tensor(0)},fp {0: tensor(0), 1: tensor(15)}
INFO:root:TEST batch 5 / 7 - measures partial microavg - precision 0.9242 - recall 0.9242 - f1 0.9242 
INFO:root:TEST batch 5 / 7 - measures partial for class 0 - precision 0.0000 - recall 0.0000 - f1 0.0000 
INFO:root:TEST batch 5 / 7 - measures partial for class 1 - precision 0.9242 - recall 1.0000 - f1 0.9606 
INFO:root:TEST batch 5 / 7 - Batch time 0 
INFO:root:TEST batch 6 / 7 - partial error 0.0581 - partial loss 0.3269 - partial MRR  0.0000 - partial MAP 0.9805
INFO:root:TEST batch 6 / 7 -  partial tp {0: tensor(0), 1: tensor(189)},fn {0: tensor(9), 1: tensor(0)},fp {0: tensor(0), 1: tensor(9)}
INFO:root:TEST batch 6 / 7 - measures partial microavg - precision 0.9545 - recall 0.9545 - f1 0.9545 
INFO:root:TEST batch 6 / 7 - measures partial for class 0 - precision 0.0000 - recall 0.0000 - f1 0.0000 
INFO:root:TEST batch 6 / 7 - measures partial for class 1 - precision 0.9545 - recall 1.0000 - f1 0.9767 
INFO:root:TEST batch 6 / 7 - Batch time 0 
INFO:root:TEST batch 7 / 7 - partial error 0.0620 - partial loss 0.3427 - partial MRR  0.0000 - partial MAP 0.9805
INFO:root:TEST batch 7 / 7 -  partial tp {0: tensor(0), 1: tensor(181)},fn {0: tensor(17), 1: tensor(0)},fp {0: tensor(0), 1: tensor(17)}
INFO:root:TEST batch 7 / 7 - measures partial microavg - precision 0.9141 - recall 0.9141 - f1 0.9141 
INFO:root:TEST batch 7 / 7 - measures partial for class 0 - precision 0.0000 - recall 0.0000 - f1 0.0000 
INFO:root:TEST batch 7 / 7 - measures partial for class 1 - precision 0.9141 - recall 1.0000 - f1 0.9551 
INFO:root:TEST batch 7 / 7 - Batch time 0 
INFO:root:TEST mean losses tensor(0.3427)
INFO:root:TEST mean errors 0.06204906105995178
INFO:root:TEST mean MRR 0.0 - mean MAP 0.9804982542991638
INFO:root:TEST tp {0: tensor(0), 1: tensor(1300)},fn {0: tensor(86), 1: tensor(0)},fp {0: tensor(0), 1: tensor(86)}
INFO:root:TEST measures microavg - precision 0.9380 - recall 0.9380 - f1 0.9380 
INFO:root:TEST measures for class 0 - precision 0.0000 - recall 0.0000 - f1 0.0000 
INFO:root:TEST measures for class 1 - precision 0.9380 - recall 1.0000 - f1 0.9680 
INFO:root:TEST measures@10 microavg - precision 1.0000 - recall 0.0505 - f1 0.0962 
INFO:root:TEST measures@10 for class 0 - precision 0.0000 - recall 0.0000 - f1 0.0000 
INFO:root:TEST measures@10 for class 1 - precision 1.0000 - recall 0.0538 - f1 0.1022 
INFO:root:TEST measures@100 microavg - precision 0.9671 - recall 0.4885 - f1 0.6491 
INFO:root:TEST measures@100 for class 0 - precision 0.0000 - recall 0.0000 - f1 0.0000 
INFO:root:TEST measures@100 for class 1 - precision 0.9671 - recall 0.5208 - f1 0.6770 
INFO:root:TEST measures@1000 microavg - precision 0.9380 - recall 0.9380 - f1 0.9380 
INFO:root:TEST measures@1000 for class 0 - precision 0.0000 - recall 0.0000 - f1 0.0000 
INFO:root:TEST measures@1000 for class 1 - precision 0.9380 - recall 1.0000 - f1 0.9680 
INFO:root:TEST Total epoch time: 0.14090542199983247
INFO:root:################ TRAIN epoch 72 ###################
INFO:root:TRAIN mean losses tensor(0.2861)
INFO:root:TRAIN mean errors 0.048821549862623215
INFO:root:TRAIN mean MRR 0.0 - mean MAP 0.9804486632347107
INFO:root:TRAIN tp {0: tensor(0), 1: tensor(5650)},fn {0: tensor(290), 1: tensor(0)},fp {0: tensor(0), 1: tensor(290)}
INFO:root:TRAIN measures microavg - precision 0.9512 - recall 0.9512 - f1 0.9512 
INFO:root:TRAIN measures for class 0 - precision 0.0000 - recall 0.0000 - f1 0.0000 
INFO:root:TRAIN measures for class 1 - precision 0.9512 - recall 1.0000 - f1 0.9750 
INFO:root:TRAIN measures@10 microavg - precision 0.9933 - recall 0.0502 - f1 0.0955 
INFO:root:TRAIN measures@10 for class 0 - precision 0.0000 - recall 0.0000 - f1 0.0000 
INFO:root:TRAIN measures@10 for class 1 - precision 0.9933 - recall 0.0527 - f1 0.1002 
INFO:root:TRAIN measures@100 microavg - precision 0.9767 - recall 0.4933 - f1 0.6555 
INFO:root:TRAIN measures@100 for class 0 - precision 0.0000 - recall 0.0000 - f1 0.0000 
INFO:root:TRAIN measures@100 for class 1 - precision 0.9767 - recall 0.5186 - f1 0.6775 
INFO:root:TRAIN measures@1000 microavg - precision 0.9512 - recall 0.9512 - f1 0.9512 
INFO:root:TRAIN measures@1000 for class 0 - precision 0.0000 - recall 0.0000 - f1 0.0000 
INFO:root:TRAIN measures@1000 for class 1 - precision 0.9512 - recall 1.0000 - f1 0.9750 
INFO:root:TRAIN Total epoch time: 0.959730576000311
INFO:root:################ VALID epoch 72 ###################
INFO:root:VALID mean losses tensor(0.2598)
INFO:root:VALID mean errors 0.046296294778585434
INFO:root:VALID mean MRR 0.0 - mean MAP 0.9834944009780884
INFO:root:VALID tp {0: tensor(0), 1: tensor(1133)},fn {0: tensor(55), 1: tensor(0)},fp {0: tensor(0), 1: tensor(55)}
INFO:root:VALID measures microavg - precision 0.9537 - recall 0.9537 - f1 0.9537 
INFO:root:VALID measures for class 0 - precision 0.0000 - recall 0.0000 - f1 0.0000 
INFO:root:VALID measures for class 1 - precision 0.9537 - recall 1.0000 - f1 0.9763 
INFO:root:VALID measures@10 microavg - precision 0.9833 - recall 0.0497 - f1 0.0946 
INFO:root:VALID measures@10 for class 0 - precision 0.0000 - recall 0.0000 - f1 0.0000 
INFO:root:VALID measures@10 for class 1 - precision 0.9833 - recall 0.0521 - f1 0.0989 
INFO:root:VALID measures@100 microavg - precision 0.9817 - recall 0.4958 - f1 0.6588 
INFO:root:VALID measures@100 for class 0 - precision 0.0000 - recall 0.0000 - f1 0.0000 
INFO:root:VALID measures@100 for class 1 - precision 0.9817 - recall 0.5199 - f1 0.6797 
INFO:root:VALID measures@1000 microavg - precision 0.9537 - recall 0.9537 - f1 0.9537 
INFO:root:VALID measures@1000 for class 0 - precision 0.0000 - recall 0.0000 - f1 0.0000 
INFO:root:VALID measures@1000 for class 1 - precision 0.9537 - recall 1.0000 - f1 0.9763 
INFO:root:VALID Total epoch time: 0.11559157100009543
INFO:root:################ TEST epoch 72 ###################
INFO:root:TEST batch 1 / 7 - partial error 0.0455 - partial loss 0.2755 - partial MRR  0.0000 - partial MAP 0.9839
INFO:root:TEST batch 1 / 7 -  partial tp {0: tensor(0), 1: tensor(189)},fn {0: tensor(9), 1: tensor(0)},fp {0: tensor(0), 1: tensor(9)}
INFO:root:TEST batch 1 / 7 - measures partial microavg - precision 0.9545 - recall 0.9545 - f1 0.9545 
INFO:root:TEST batch 1 / 7 - measures partial for class 0 - precision 0.0000 - recall 0.0000 - f1 0.0000 
INFO:root:TEST batch 1 / 7 - measures partial for class 1 - precision 0.9545 - recall 1.0000 - f1 0.9767 
INFO:root:TEST batch 1 / 7 - Batch time 0 
INFO:root:TEST batch 2 / 7 - partial error 0.0581 - partial loss 0.3338 - partial MRR  0.0000 - partial MAP 0.9792
INFO:root:TEST batch 2 / 7 -  partial tp {0: tensor(0), 1: tensor(184)},fn {0: tensor(14), 1: tensor(0)},fp {0: tensor(0), 1: tensor(14)}
INFO:root:TEST batch 2 / 7 - measures partial microavg - precision 0.9293 - recall 0.9293 - f1 0.9293 
INFO:root:TEST batch 2 / 7 - measures partial for class 0 - precision 0.0000 - recall 0.0000 - f1 0.0000 
INFO:root:TEST batch 2 / 7 - measures partial for class 1 - precision 0.9293 - recall 1.0000 - f1 0.9634 
INFO:root:TEST batch 2 / 7 - Batch time 0 
INFO:root:TEST batch 3 / 7 - partial error 0.0556 - partial loss 0.3152 - partial MRR  0.0000 - partial MAP 0.9816
INFO:root:TEST batch 3 / 7 -  partial tp {0: tensor(0), 1: tensor(188)},fn {0: tensor(10), 1: tensor(0)},fp {0: tensor(0), 1: tensor(10)}
INFO:root:TEST batch 3 / 7 - measures partial microavg - precision 0.9495 - recall 0.9495 - f1 0.9495 
INFO:root:TEST batch 3 / 7 - measures partial for class 0 - precision 0.0000 - recall 0.0000 - f1 0.0000 
INFO:root:TEST batch 3 / 7 - measures partial for class 1 - precision 0.9495 - recall 1.0000 - f1 0.9741 
INFO:root:TEST batch 3 / 7 - Batch time 0 
INFO:root:TEST batch 4 / 7 - partial error 0.0568 - partial loss 0.3188 - partial MRR  0.0000 - partial MAP 0.9812
INFO:root:TEST batch 4 / 7 -  partial tp {0: tensor(0), 1: tensor(186)},fn {0: tensor(12), 1: tensor(0)},fp {0: tensor(0), 1: tensor(12)}
INFO:root:TEST batch 4 / 7 - measures partial microavg - precision 0.9394 - recall 0.9394 - f1 0.9394 
INFO:root:TEST batch 4 / 7 - measures partial for class 0 - precision 0.0000 - recall 0.0000 - f1 0.0000 
INFO:root:TEST batch 4 / 7 - measures partial for class 1 - precision 0.9394 - recall 1.0000 - f1 0.9688 
INFO:root:TEST batch 4 / 7 - Batch time 0 
INFO:root:TEST batch 5 / 7 - partial error 0.0606 - partial loss 0.3376 - partial MRR  0.0000 - partial MAP 0.9797
INFO:root:TEST batch 5 / 7 -  partial tp {0: tensor(0), 1: tensor(183)},fn {0: tensor(15), 1: tensor(0)},fp {0: tensor(0), 1: tensor(15)}
INFO:root:TEST batch 5 / 7 - measures partial microavg - precision 0.9242 - recall 0.9242 - f1 0.9242 
INFO:root:TEST batch 5 / 7 - measures partial for class 0 - precision 0.0000 - recall 0.0000 - f1 0.0000 
INFO:root:TEST batch 5 / 7 - measures partial for class 1 - precision 0.9242 - recall 1.0000 - f1 0.9606 
INFO:root:TEST batch 5 / 7 - Batch time 0 
INFO:root:TEST batch 6 / 7 - partial error 0.0581 - partial loss 0.3236 - partial MRR  0.0000 - partial MAP 0.9811
INFO:root:TEST batch 6 / 7 -  partial tp {0: tensor(0), 1: tensor(189)},fn {0: tensor(9), 1: tensor(0)},fp {0: tensor(0), 1: tensor(9)}
INFO:root:TEST batch 6 / 7 - measures partial microavg - precision 0.9545 - recall 0.9545 - f1 0.9545 
INFO:root:TEST batch 6 / 7 - measures partial for class 0 - precision 0.0000 - recall 0.0000 - f1 0.0000 
INFO:root:TEST batch 6 / 7 - measures partial for class 1 - precision 0.9545 - recall 1.0000 - f1 0.9767 
INFO:root:TEST batch 6 / 7 - Batch time 0 
INFO:root:TEST batch 7 / 7 - partial error 0.0620 - partial loss 0.3410 - partial MRR  0.0000 - partial MAP 0.9810
INFO:root:TEST batch 7 / 7 -  partial tp {0: tensor(0), 1: tensor(181)},fn {0: tensor(17), 1: tensor(0)},fp {0: tensor(0), 1: tensor(17)}
INFO:root:TEST batch 7 / 7 - measures partial microavg - precision 0.9141 - recall 0.9141 - f1 0.9141 
INFO:root:TEST batch 7 / 7 - measures partial for class 0 - precision 0.0000 - recall 0.0000 - f1 0.0000 
INFO:root:TEST batch 7 / 7 - measures partial for class 1 - precision 0.9141 - recall 1.0000 - f1 0.9551 
INFO:root:TEST batch 7 / 7 - Batch time 0 
INFO:root:TEST mean losses tensor(0.3410)
INFO:root:TEST mean errors 0.06204906105995178
INFO:root:TEST mean MRR 0.0 - mean MAP 0.9809714555740356
INFO:root:TEST tp {0: tensor(0), 1: tensor(1300)},fn {0: tensor(86), 1: tensor(0)},fp {0: tensor(0), 1: tensor(86)}
INFO:root:TEST measures microavg - precision 0.9380 - recall 0.9380 - f1 0.9380 
INFO:root:TEST measures for class 0 - precision 0.0000 - recall 0.0000 - f1 0.0000 
INFO:root:TEST measures for class 1 - precision 0.9380 - recall 1.0000 - f1 0.9680 
INFO:root:TEST measures@10 microavg - precision 1.0000 - recall 0.0505 - f1 0.0962 
INFO:root:TEST measures@10 for class 0 - precision 0.0000 - recall 0.0000 - f1 0.0000 
INFO:root:TEST measures@10 for class 1 - precision 1.0000 - recall 0.0538 - f1 0.1022 
INFO:root:TEST measures@100 microavg - precision 0.9729 - recall 0.4913 - f1 0.6529 
INFO:root:TEST measures@100 for class 0 - precision 0.0000 - recall 0.0000 - f1 0.0000 
INFO:root:TEST measures@100 for class 1 - precision 0.9729 - recall 0.5238 - f1 0.6810 
INFO:root:TEST measures@1000 microavg - precision 0.9380 - recall 0.9380 - f1 0.9380 
INFO:root:TEST measures@1000 for class 0 - precision 0.0000 - recall 0.0000 - f1 0.0000 
INFO:root:TEST measures@1000 for class 1 - precision 0.9380 - recall 1.0000 - f1 0.9680 
INFO:root:TEST Total epoch time: 0.1384430869998141
INFO:root:################ TRAIN epoch 73 ###################
INFO:root:TRAIN mean losses tensor(0.2853)
INFO:root:TRAIN mean errors 0.048821549862623215
INFO:root:TRAIN mean MRR 0.0 - mean MAP 0.9806219935417175
INFO:root:TRAIN tp {0: tensor(0), 1: tensor(5650)},fn {0: tensor(290), 1: tensor(0)},fp {0: tensor(0), 1: tensor(290)}
INFO:root:TRAIN measures microavg - precision 0.9512 - recall 0.9512 - f1 0.9512 
INFO:root:TRAIN measures for class 0 - precision 0.0000 - recall 0.0000 - f1 0.0000 
INFO:root:TRAIN measures for class 1 - precision 0.9512 - recall 1.0000 - f1 0.9750 
INFO:root:TRAIN measures@10 microavg - precision 0.9967 - recall 0.0503 - f1 0.0958 
INFO:root:TRAIN measures@10 for class 0 - precision 0.0000 - recall 0.0000 - f1 0.0000 
INFO:root:TRAIN measures@10 for class 1 - precision 0.9967 - recall 0.0529 - f1 0.1005 
INFO:root:TRAIN measures@100 microavg - precision 0.9777 - recall 0.4938 - f1 0.6562 
INFO:root:TRAIN measures@100 for class 0 - precision 0.0000 - recall 0.0000 - f1 0.0000 
INFO:root:TRAIN measures@100 for class 1 - precision 0.9777 - recall 0.5191 - f1 0.6782 
INFO:root:TRAIN measures@1000 microavg - precision 0.9512 - recall 0.9512 - f1 0.9512 
INFO:root:TRAIN measures@1000 for class 0 - precision 0.0000 - recall 0.0000 - f1 0.0000 
INFO:root:TRAIN measures@1000 for class 1 - precision 0.9512 - recall 1.0000 - f1 0.9750 
INFO:root:TRAIN Total epoch time: 0.8332162300002892
INFO:root:################ VALID epoch 73 ###################
INFO:root:VALID mean losses tensor(0.2626)
INFO:root:VALID mean errors 0.046296294778585434
INFO:root:VALID mean MRR 0.0 - mean MAP 0.982628583908081
INFO:root:VALID tp {0: tensor(0), 1: tensor(1133)},fn {0: tensor(55), 1: tensor(0)},fp {0: tensor(0), 1: tensor(55)}
INFO:root:VALID measures microavg - precision 0.9537 - recall 0.9537 - f1 0.9537 
INFO:root:VALID measures for class 0 - precision 0.0000 - recall 0.0000 - f1 0.0000 
INFO:root:VALID measures for class 1 - precision 0.9537 - recall 1.0000 - f1 0.9763 
INFO:root:VALID measures@10 microavg - precision 1.0000 - recall 0.0505 - f1 0.0962 
INFO:root:VALID measures@10 for class 0 - precision 0.0000 - recall 0.0000 - f1 0.0000 
INFO:root:VALID measures@10 for class 1 - precision 1.0000 - recall 0.0530 - f1 0.1006 
INFO:root:VALID measures@100 microavg - precision 0.9867 - recall 0.4983 - f1 0.6622 
INFO:root:VALID measures@100 for class 0 - precision 0.0000 - recall 0.0000 - f1 0.0000 
INFO:root:VALID measures@100 for class 1 - precision 0.9867 - recall 0.5225 - f1 0.6832 
INFO:root:VALID measures@1000 microavg - precision 0.9537 - recall 0.9537 - f1 0.9537 
INFO:root:VALID measures@1000 for class 0 - precision 0.0000 - recall 0.0000 - f1 0.0000 
INFO:root:VALID measures@1000 for class 1 - precision 0.9537 - recall 1.0000 - f1 0.9763 
INFO:root:VALID Total epoch time: 0.1115668489997006
INFO:root:################ TEST epoch 73 ###################
INFO:root:TEST batch 1 / 7 - partial error 0.0455 - partial loss 0.2766 - partial MRR  0.0000 - partial MAP 0.9860
INFO:root:TEST batch 1 / 7 -  partial tp {0: tensor(0), 1: tensor(189)},fn {0: tensor(9), 1: tensor(0)},fp {0: tensor(0), 1: tensor(9)}
INFO:root:TEST batch 1 / 7 - measures partial microavg - precision 0.9545 - recall 0.9545 - f1 0.9545 
INFO:root:TEST batch 1 / 7 - measures partial for class 0 - precision 0.0000 - recall 0.0000 - f1 0.0000 
INFO:root:TEST batch 1 / 7 - measures partial for class 1 - precision 0.9545 - recall 1.0000 - f1 0.9767 
INFO:root:TEST batch 1 / 7 - Batch time 0 
INFO:root:TEST batch 2 / 7 - partial error 0.0581 - partial loss 0.3294 - partial MRR  0.0000 - partial MAP 0.9813
INFO:root:TEST batch 2 / 7 -  partial tp {0: tensor(0), 1: tensor(184)},fn {0: tensor(14), 1: tensor(0)},fp {0: tensor(0), 1: tensor(14)}
INFO:root:TEST batch 2 / 7 - measures partial microavg - precision 0.9293 - recall 0.9293 - f1 0.9293 
INFO:root:TEST batch 2 / 7 - measures partial for class 0 - precision 0.0000 - recall 0.0000 - f1 0.0000 
INFO:root:TEST batch 2 / 7 - measures partial for class 1 - precision 0.9293 - recall 1.0000 - f1 0.9634 
INFO:root:TEST batch 2 / 7 - Batch time 0 
INFO:root:TEST batch 3 / 7 - partial error 0.0556 - partial loss 0.3148 - partial MRR  0.0000 - partial MAP 0.9827
INFO:root:TEST batch 3 / 7 -  partial tp {0: tensor(0), 1: tensor(188)},fn {0: tensor(10), 1: tensor(0)},fp {0: tensor(0), 1: tensor(10)}
INFO:root:TEST batch 3 / 7 - measures partial microavg - precision 0.9495 - recall 0.9495 - f1 0.9495 
INFO:root:TEST batch 3 / 7 - measures partial for class 0 - precision 0.0000 - recall 0.0000 - f1 0.0000 
INFO:root:TEST batch 3 / 7 - measures partial for class 1 - precision 0.9495 - recall 1.0000 - f1 0.9741 
INFO:root:TEST batch 3 / 7 - Batch time 0 
INFO:root:TEST batch 4 / 7 - partial error 0.0568 - partial loss 0.3166 - partial MRR  0.0000 - partial MAP 0.9819
INFO:root:TEST batch 4 / 7 -  partial tp {0: tensor(0), 1: tensor(186)},fn {0: tensor(12), 1: tensor(0)},fp {0: tensor(0), 1: tensor(12)}
INFO:root:TEST batch 4 / 7 - measures partial microavg - precision 0.9394 - recall 0.9394 - f1 0.9394 
INFO:root:TEST batch 4 / 7 - measures partial for class 0 - precision 0.0000 - recall 0.0000 - f1 0.0000 
INFO:root:TEST batch 4 / 7 - measures partial for class 1 - precision 0.9394 - recall 1.0000 - f1 0.9688 
INFO:root:TEST batch 4 / 7 - Batch time 0 
INFO:root:TEST batch 5 / 7 - partial error 0.0606 - partial loss 0.3357 - partial MRR  0.0000 - partial MAP 0.9796
INFO:root:TEST batch 5 / 7 -  partial tp {0: tensor(0), 1: tensor(183)},fn {0: tensor(15), 1: tensor(0)},fp {0: tensor(0), 1: tensor(15)}
INFO:root:TEST batch 5 / 7 - measures partial microavg - precision 0.9242 - recall 0.9242 - f1 0.9242 
INFO:root:TEST batch 5 / 7 - measures partial for class 0 - precision 0.0000 - recall 0.0000 - f1 0.0000 
INFO:root:TEST batch 5 / 7 - measures partial for class 1 - precision 0.9242 - recall 1.0000 - f1 0.9606 
INFO:root:TEST batch 5 / 7 - Batch time 0 
INFO:root:TEST batch 6 / 7 - partial error 0.0581 - partial loss 0.3214 - partial MRR  0.0000 - partial MAP 0.9811
INFO:root:TEST batch 6 / 7 -  partial tp {0: tensor(0), 1: tensor(189)},fn {0: tensor(9), 1: tensor(0)},fp {0: tensor(0), 1: tensor(9)}
INFO:root:TEST batch 6 / 7 - measures partial microavg - precision 0.9545 - recall 0.9545 - f1 0.9545 
INFO:root:TEST batch 6 / 7 - measures partial for class 0 - precision 0.0000 - recall 0.0000 - f1 0.0000 
INFO:root:TEST batch 6 / 7 - measures partial for class 1 - precision 0.9545 - recall 1.0000 - f1 0.9767 
INFO:root:TEST batch 6 / 7 - Batch time 0 
INFO:root:TEST batch 7 / 7 - partial error 0.0620 - partial loss 0.3384 - partial MRR  0.0000 - partial MAP 0.9804
INFO:root:TEST batch 7 / 7 -  partial tp {0: tensor(0), 1: tensor(181)},fn {0: tensor(17), 1: tensor(0)},fp {0: tensor(0), 1: tensor(17)}
INFO:root:TEST batch 7 / 7 - measures partial microavg - precision 0.9141 - recall 0.9141 - f1 0.9141 
INFO:root:TEST batch 7 / 7 - measures partial for class 0 - precision 0.0000 - recall 0.0000 - f1 0.0000 
INFO:root:TEST batch 7 / 7 - measures partial for class 1 - precision 0.9141 - recall 1.0000 - f1 0.9551 
INFO:root:TEST batch 7 / 7 - Batch time 0 
INFO:root:TEST mean losses tensor(0.3384)
INFO:root:TEST mean errors 0.06204906105995178
INFO:root:TEST mean MRR 0.0 - mean MAP 0.9804364442825317
INFO:root:TEST tp {0: tensor(0), 1: tensor(1300)},fn {0: tensor(86), 1: tensor(0)},fp {0: tensor(0), 1: tensor(86)}
INFO:root:TEST measures microavg - precision 0.9380 - recall 0.9380 - f1 0.9380 
INFO:root:TEST measures for class 0 - precision 0.0000 - recall 0.0000 - f1 0.0000 
INFO:root:TEST measures for class 1 - precision 0.9380 - recall 1.0000 - f1 0.9680 
INFO:root:TEST measures@10 microavg - precision 1.0000 - recall 0.0505 - f1 0.0962 
INFO:root:TEST measures@10 for class 0 - precision 0.0000 - recall 0.0000 - f1 0.0000 
INFO:root:TEST measures@10 for class 1 - precision 1.0000 - recall 0.0538 - f1 0.1022 
INFO:root:TEST measures@100 microavg - precision 0.9714 - recall 0.4906 - f1 0.6520 
INFO:root:TEST measures@100 for class 0 - precision 0.0000 - recall 0.0000 - f1 0.0000 
INFO:root:TEST measures@100 for class 1 - precision 0.9714 - recall 0.5231 - f1 0.6800 
INFO:root:TEST measures@1000 microavg - precision 0.9380 - recall 0.9380 - f1 0.9380 
INFO:root:TEST measures@1000 for class 0 - precision 0.0000 - recall 0.0000 - f1 0.0000 
INFO:root:TEST measures@1000 for class 1 - precision 0.9380 - recall 1.0000 - f1 0.9680 
INFO:root:TEST Total epoch time: 0.13869368499990742
INFO:root:################ TRAIN epoch 74 ###################
INFO:root:TRAIN mean losses tensor(0.2839)
INFO:root:TRAIN mean errors 0.048821549862623215
INFO:root:TRAIN mean MRR 0.0 - mean MAP 0.9809965491294861
INFO:root:TRAIN tp {0: tensor(0), 1: tensor(5650)},fn {0: tensor(290), 1: tensor(0)},fp {0: tensor(0), 1: tensor(290)}
INFO:root:TRAIN measures microavg - precision 0.9512 - recall 0.9512 - f1 0.9512 
INFO:root:TRAIN measures for class 0 - precision 0.0000 - recall 0.0000 - f1 0.0000 
INFO:root:TRAIN measures for class 1 - precision 0.9512 - recall 1.0000 - f1 0.9750 
INFO:root:TRAIN measures@10 microavg - precision 1.0000 - recall 0.0505 - f1 0.0962 
INFO:root:TRAIN measures@10 for class 0 - precision 0.0000 - recall 0.0000 - f1 0.0000 
INFO:root:TRAIN measures@10 for class 1 - precision 1.0000 - recall 0.0531 - f1 0.1008 
INFO:root:TRAIN measures@100 microavg - precision 0.9773 - recall 0.4936 - f1 0.6559 
INFO:root:TRAIN measures@100 for class 0 - precision 0.0000 - recall 0.0000 - f1 0.0000 
INFO:root:TRAIN measures@100 for class 1 - precision 0.9773 - recall 0.5189 - f1 0.6779 
INFO:root:TRAIN measures@1000 microavg - precision 0.9512 - recall 0.9512 - f1 0.9512 
INFO:root:TRAIN measures@1000 for class 0 - precision 0.0000 - recall 0.0000 - f1 0.0000 
INFO:root:TRAIN measures@1000 for class 1 - precision 0.9512 - recall 1.0000 - f1 0.9750 
INFO:root:TRAIN Total epoch time: 0.8379657159998715
INFO:root:################ VALID epoch 74 ###################
INFO:root:VALID mean losses tensor(0.2576)
INFO:root:VALID mean errors 0.046296294778585434
INFO:root:VALID mean MRR 0.0 - mean MAP 0.9844405651092529
INFO:root:VALID tp {0: tensor(0), 1: tensor(1133)},fn {0: tensor(55), 1: tensor(0)},fp {0: tensor(0), 1: tensor(55)}
INFO:root:VALID measures microavg - precision 0.9537 - recall 0.9537 - f1 0.9537 
INFO:root:VALID measures for class 0 - precision 0.0000 - recall 0.0000 - f1 0.0000 
INFO:root:VALID measures for class 1 - precision 0.9537 - recall 1.0000 - f1 0.9763 
INFO:root:VALID measures@10 microavg - precision 0.9833 - recall 0.0497 - f1 0.0946 
INFO:root:VALID measures@10 for class 0 - precision 0.0000 - recall 0.0000 - f1 0.0000 
INFO:root:VALID measures@10 for class 1 - precision 0.9833 - recall 0.0521 - f1 0.0989 
INFO:root:VALID measures@100 microavg - precision 0.9817 - recall 0.4958 - f1 0.6588 
INFO:root:VALID measures@100 for class 0 - precision 0.0000 - recall 0.0000 - f1 0.0000 
INFO:root:VALID measures@100 for class 1 - precision 0.9817 - recall 0.5199 - f1 0.6797 
INFO:root:VALID measures@1000 microavg - precision 0.9537 - recall 0.9537 - f1 0.9537 
INFO:root:VALID measures@1000 for class 0 - precision 0.0000 - recall 0.0000 - f1 0.0000 
INFO:root:VALID measures@1000 for class 1 - precision 0.9537 - recall 1.0000 - f1 0.9763 
INFO:root:VALID Total epoch time: 0.11468423300038921
INFO:root:################ TEST epoch 74 ###################
INFO:root:TEST batch 1 / 7 - partial error 0.0455 - partial loss 0.2778 - partial MRR  0.0000 - partial MAP 0.9852
INFO:root:TEST batch 1 / 7 -  partial tp {0: tensor(0), 1: tensor(189)},fn {0: tensor(9), 1: tensor(0)},fp {0: tensor(0), 1: tensor(9)}
INFO:root:TEST batch 1 / 7 - measures partial microavg - precision 0.9545 - recall 0.9545 - f1 0.9545 
INFO:root:TEST batch 1 / 7 - measures partial for class 0 - precision 0.0000 - recall 0.0000 - f1 0.0000 
INFO:root:TEST batch 1 / 7 - measures partial for class 1 - precision 0.9545 - recall 1.0000 - f1 0.9767 
INFO:root:TEST batch 1 / 7 - Batch time 0 
INFO:root:TEST batch 2 / 7 - partial error 0.0581 - partial loss 0.3362 - partial MRR  0.0000 - partial MAP 0.9785
INFO:root:TEST batch 2 / 7 -  partial tp {0: tensor(0), 1: tensor(184)},fn {0: tensor(14), 1: tensor(0)},fp {0: tensor(0), 1: tensor(14)}
INFO:root:TEST batch 2 / 7 - measures partial microavg - precision 0.9293 - recall 0.9293 - f1 0.9293 
INFO:root:TEST batch 2 / 7 - measures partial for class 0 - precision 0.0000 - recall 0.0000 - f1 0.0000 
INFO:root:TEST batch 2 / 7 - measures partial for class 1 - precision 0.9293 - recall 1.0000 - f1 0.9634 
INFO:root:TEST batch 2 / 7 - Batch time 0 
INFO:root:TEST batch 3 / 7 - partial error 0.0556 - partial loss 0.3190 - partial MRR  0.0000 - partial MAP 0.9804
INFO:root:TEST batch 3 / 7 -  partial tp {0: tensor(0), 1: tensor(188)},fn {0: tensor(10), 1: tensor(0)},fp {0: tensor(0), 1: tensor(10)}
INFO:root:TEST batch 3 / 7 - measures partial microavg - precision 0.9495 - recall 0.9495 - f1 0.9495 
INFO:root:TEST batch 3 / 7 - measures partial for class 0 - precision 0.0000 - recall 0.0000 - f1 0.0000 
INFO:root:TEST batch 3 / 7 - measures partial for class 1 - precision 0.9495 - recall 1.0000 - f1 0.9741 
INFO:root:TEST batch 3 / 7 - Batch time 0 
INFO:root:TEST batch 4 / 7 - partial error 0.0568 - partial loss 0.3229 - partial MRR  0.0000 - partial MAP 0.9797
INFO:root:TEST batch 4 / 7 -  partial tp {0: tensor(0), 1: tensor(186)},fn {0: tensor(12), 1: tensor(0)},fp {0: tensor(0), 1: tensor(12)}
INFO:root:TEST batch 4 / 7 - measures partial microavg - precision 0.9394 - recall 0.9394 - f1 0.9394 
INFO:root:TEST batch 4 / 7 - measures partial for class 0 - precision 0.0000 - recall 0.0000 - f1 0.0000 
INFO:root:TEST batch 4 / 7 - measures partial for class 1 - precision 0.9394 - recall 1.0000 - f1 0.9688 
INFO:root:TEST batch 4 / 7 - Batch time 0 
INFO:root:TEST batch 5 / 7 - partial error 0.0606 - partial loss 0.3418 - partial MRR  0.0000 - partial MAP 0.9783
INFO:root:TEST batch 5 / 7 -  partial tp {0: tensor(0), 1: tensor(183)},fn {0: tensor(15), 1: tensor(0)},fp {0: tensor(0), 1: tensor(15)}
INFO:root:TEST batch 5 / 7 - measures partial microavg - precision 0.9242 - recall 0.9242 - f1 0.9242 
INFO:root:TEST batch 5 / 7 - measures partial for class 0 - precision 0.0000 - recall 0.0000 - f1 0.0000 
INFO:root:TEST batch 5 / 7 - measures partial for class 1 - precision 0.9242 - recall 1.0000 - f1 0.9606 
INFO:root:TEST batch 5 / 7 - Batch time 0 
INFO:root:TEST batch 6 / 7 - partial error 0.0581 - partial loss 0.3271 - partial MRR  0.0000 - partial MAP 0.9799
INFO:root:TEST batch 6 / 7 -  partial tp {0: tensor(0), 1: tensor(189)},fn {0: tensor(9), 1: tensor(0)},fp {0: tensor(0), 1: tensor(9)}
INFO:root:TEST batch 6 / 7 - measures partial microavg - precision 0.9545 - recall 0.9545 - f1 0.9545 
INFO:root:TEST batch 6 / 7 - measures partial for class 0 - precision 0.0000 - recall 0.0000 - f1 0.0000 
INFO:root:TEST batch 6 / 7 - measures partial for class 1 - precision 0.9545 - recall 1.0000 - f1 0.9767 
INFO:root:TEST batch 6 / 7 - Batch time 0 
INFO:root:TEST batch 7 / 7 - partial error 0.0620 - partial loss 0.3428 - partial MRR  0.0000 - partial MAP 0.9798
INFO:root:TEST batch 7 / 7 -  partial tp {0: tensor(0), 1: tensor(181)},fn {0: tensor(17), 1: tensor(0)},fp {0: tensor(0), 1: tensor(17)}
INFO:root:TEST batch 7 / 7 - measures partial microavg - precision 0.9141 - recall 0.9141 - f1 0.9141 
INFO:root:TEST batch 7 / 7 - measures partial for class 0 - precision 0.0000 - recall 0.0000 - f1 0.0000 
INFO:root:TEST batch 7 / 7 - measures partial for class 1 - precision 0.9141 - recall 1.0000 - f1 0.9551 
INFO:root:TEST batch 7 / 7 - Batch time 0 
INFO:root:TEST mean losses tensor(0.3428)
INFO:root:TEST mean errors 0.06204906105995178
INFO:root:TEST mean MRR 0.0 - mean MAP 0.9797624945640564
INFO:root:TEST tp {0: tensor(0), 1: tensor(1300)},fn {0: tensor(86), 1: tensor(0)},fp {0: tensor(0), 1: tensor(86)}
INFO:root:TEST measures microavg - precision 0.9380 - recall 0.9380 - f1 0.9380 
INFO:root:TEST measures for class 0 - precision 0.0000 - recall 0.0000 - f1 0.0000 
INFO:root:TEST measures for class 1 - precision 0.9380 - recall 1.0000 - f1 0.9680 
INFO:root:TEST measures@10 microavg - precision 1.0000 - recall 0.0505 - f1 0.0962 
INFO:root:TEST measures@10 for class 0 - precision 0.0000 - recall 0.0000 - f1 0.0000 
INFO:root:TEST measures@10 for class 1 - precision 1.0000 - recall 0.0538 - f1 0.1022 
INFO:root:TEST measures@100 microavg - precision 0.9686 - recall 0.4892 - f1 0.6500 
INFO:root:TEST measures@100 for class 0 - precision 0.0000 - recall 0.0000 - f1 0.0000 
INFO:root:TEST measures@100 for class 1 - precision 0.9686 - recall 0.5215 - f1 0.6780 
INFO:root:TEST measures@1000 microavg - precision 0.9380 - recall 0.9380 - f1 0.9380 
INFO:root:TEST measures@1000 for class 0 - precision 0.0000 - recall 0.0000 - f1 0.0000 
INFO:root:TEST measures@1000 for class 1 - precision 0.9380 - recall 1.0000 - f1 0.9680 
INFO:root:TEST Total epoch time: 0.1417877320000116
INFO:root:################ TRAIN epoch 75 ###################
INFO:root:TRAIN mean losses tensor(0.2829)
INFO:root:TRAIN mean errors 0.048821549862623215
INFO:root:TRAIN mean MRR 0.0 - mean MAP 0.9808975458145142
INFO:root:TRAIN tp {0: tensor(0), 1: tensor(5650)},fn {0: tensor(290), 1: tensor(0)},fp {0: tensor(0), 1: tensor(290)}
INFO:root:TRAIN measures microavg - precision 0.9512 - recall 0.9512 - f1 0.9512 
INFO:root:TRAIN measures for class 0 - precision 0.0000 - recall 0.0000 - f1 0.0000 
INFO:root:TRAIN measures for class 1 - precision 0.9512 - recall 1.0000 - f1 0.9750 
INFO:root:TRAIN measures@10 microavg - precision 0.9933 - recall 0.0502 - f1 0.0955 
INFO:root:TRAIN measures@10 for class 0 - precision 0.0000 - recall 0.0000 - f1 0.0000 
INFO:root:TRAIN measures@10 for class 1 - precision 0.9933 - recall 0.0527 - f1 0.1002 
INFO:root:TRAIN measures@100 microavg - precision 0.9767 - recall 0.4933 - f1 0.6555 
INFO:root:TRAIN measures@100 for class 0 - precision 0.0000 - recall 0.0000 - f1 0.0000 
INFO:root:TRAIN measures@100 for class 1 - precision 0.9767 - recall 0.5186 - f1 0.6775 
INFO:root:TRAIN measures@1000 microavg - precision 0.9512 - recall 0.9512 - f1 0.9512 
INFO:root:TRAIN measures@1000 for class 0 - precision 0.0000 - recall 0.0000 - f1 0.0000 
INFO:root:TRAIN measures@1000 for class 1 - precision 0.9512 - recall 1.0000 - f1 0.9750 
INFO:root:TRAIN Total epoch time: 0.8896518579999793
INFO:root:################ VALID epoch 75 ###################
INFO:root:VALID mean losses tensor(0.2615)
INFO:root:VALID mean errors 0.046296294778585434
INFO:root:VALID mean MRR 0.0 - mean MAP 0.9828471541404724
INFO:root:VALID tp {0: tensor(0), 1: tensor(1133)},fn {0: tensor(55), 1: tensor(0)},fp {0: tensor(0), 1: tensor(55)}
INFO:root:VALID measures microavg - precision 0.9537 - recall 0.9537 - f1 0.9537 
INFO:root:VALID measures for class 0 - precision 0.0000 - recall 0.0000 - f1 0.0000 
INFO:root:VALID measures for class 1 - precision 0.9537 - recall 1.0000 - f1 0.9763 
INFO:root:VALID measures@10 microavg - precision 1.0000 - recall 0.0505 - f1 0.0962 
INFO:root:VALID measures@10 for class 0 - precision 0.0000 - recall 0.0000 - f1 0.0000 
INFO:root:VALID measures@10 for class 1 - precision 1.0000 - recall 0.0530 - f1 0.1006 
INFO:root:VALID measures@100 microavg - precision 0.9800 - recall 0.4949 - f1 0.6577 
INFO:root:VALID measures@100 for class 0 - precision 0.0000 - recall 0.0000 - f1 0.0000 
INFO:root:VALID measures@100 for class 1 - precision 0.9800 - recall 0.5190 - f1 0.6786 
INFO:root:VALID measures@1000 microavg - precision 0.9537 - recall 0.9537 - f1 0.9537 
INFO:root:VALID measures@1000 for class 0 - precision 0.0000 - recall 0.0000 - f1 0.0000 
INFO:root:VALID measures@1000 for class 1 - precision 0.9537 - recall 1.0000 - f1 0.9763 
INFO:root:VALID Total epoch time: 0.11811869499979366
INFO:root:################ TEST epoch 75 ###################
INFO:root:TEST batch 1 / 7 - partial error 0.0455 - partial loss 0.2831 - partial MRR  0.0000 - partial MAP 0.9825
INFO:root:TEST batch 1 / 7 -  partial tp {0: tensor(0), 1: tensor(189)},fn {0: tensor(9), 1: tensor(0)},fp {0: tensor(0), 1: tensor(9)}
INFO:root:TEST batch 1 / 7 - measures partial microavg - precision 0.9545 - recall 0.9545 - f1 0.9545 
INFO:root:TEST batch 1 / 7 - measures partial for class 0 - precision 0.0000 - recall 0.0000 - f1 0.0000 
INFO:root:TEST batch 1 / 7 - measures partial for class 1 - precision 0.9545 - recall 1.0000 - f1 0.9767 
INFO:root:TEST batch 1 / 7 - Batch time 0 
INFO:root:TEST batch 2 / 7 - partial error 0.0581 - partial loss 0.3324 - partial MRR  0.0000 - partial MAP 0.9786
INFO:root:TEST batch 2 / 7 -  partial tp {0: tensor(0), 1: tensor(184)},fn {0: tensor(14), 1: tensor(0)},fp {0: tensor(0), 1: tensor(14)}
INFO:root:TEST batch 2 / 7 - measures partial microavg - precision 0.9293 - recall 0.9293 - f1 0.9293 
INFO:root:TEST batch 2 / 7 - measures partial for class 0 - precision 0.0000 - recall 0.0000 - f1 0.0000 
INFO:root:TEST batch 2 / 7 - measures partial for class 1 - precision 0.9293 - recall 1.0000 - f1 0.9634 
INFO:root:TEST batch 2 / 7 - Batch time 0 
INFO:root:TEST batch 3 / 7 - partial error 0.0556 - partial loss 0.3156 - partial MRR  0.0000 - partial MAP 0.9806
INFO:root:TEST batch 3 / 7 -  partial tp {0: tensor(0), 1: tensor(188)},fn {0: tensor(10), 1: tensor(0)},fp {0: tensor(0), 1: tensor(10)}
INFO:root:TEST batch 3 / 7 - measures partial microavg - precision 0.9495 - recall 0.9495 - f1 0.9495 
INFO:root:TEST batch 3 / 7 - measures partial for class 0 - precision 0.0000 - recall 0.0000 - f1 0.0000 
INFO:root:TEST batch 3 / 7 - measures partial for class 1 - precision 0.9495 - recall 1.0000 - f1 0.9741 
INFO:root:TEST batch 3 / 7 - Batch time 0 
INFO:root:TEST batch 4 / 7 - partial error 0.0568 - partial loss 0.3201 - partial MRR  0.0000 - partial MAP 0.9792
INFO:root:TEST batch 4 / 7 -  partial tp {0: tensor(0), 1: tensor(186)},fn {0: tensor(12), 1: tensor(0)},fp {0: tensor(0), 1: tensor(12)}
INFO:root:TEST batch 4 / 7 - measures partial microavg - precision 0.9394 - recall 0.9394 - f1 0.9394 
INFO:root:TEST batch 4 / 7 - measures partial for class 0 - precision 0.0000 - recall 0.0000 - f1 0.0000 
INFO:root:TEST batch 4 / 7 - measures partial for class 1 - precision 0.9394 - recall 1.0000 - f1 0.9688 
INFO:root:TEST batch 4 / 7 - Batch time 0 
INFO:root:TEST batch 5 / 7 - partial error 0.0606 - partial loss 0.3385 - partial MRR  0.0000 - partial MAP 0.9777
INFO:root:TEST batch 5 / 7 -  partial tp {0: tensor(0), 1: tensor(183)},fn {0: tensor(15), 1: tensor(0)},fp {0: tensor(0), 1: tensor(15)}
INFO:root:TEST batch 5 / 7 - measures partial microavg - precision 0.9242 - recall 0.9242 - f1 0.9242 
INFO:root:TEST batch 5 / 7 - measures partial for class 0 - precision 0.0000 - recall 0.0000 - f1 0.0000 
INFO:root:TEST batch 5 / 7 - measures partial for class 1 - precision 0.9242 - recall 1.0000 - f1 0.9606 
INFO:root:TEST batch 5 / 7 - Batch time 0 
INFO:root:TEST batch 6 / 7 - partial error 0.0581 - partial loss 0.3248 - partial MRR  0.0000 - partial MAP 0.9792
INFO:root:TEST batch 6 / 7 -  partial tp {0: tensor(0), 1: tensor(189)},fn {0: tensor(9), 1: tensor(0)},fp {0: tensor(0), 1: tensor(9)}
INFO:root:TEST batch 6 / 7 - measures partial microavg - precision 0.9545 - recall 0.9545 - f1 0.9545 
INFO:root:TEST batch 6 / 7 - measures partial for class 0 - precision 0.0000 - recall 0.0000 - f1 0.0000 
INFO:root:TEST batch 6 / 7 - measures partial for class 1 - precision 0.9545 - recall 1.0000 - f1 0.9767 
INFO:root:TEST batch 6 / 7 - Batch time 0 
INFO:root:TEST batch 7 / 7 - partial error 0.0620 - partial loss 0.3400 - partial MRR  0.0000 - partial MAP 0.9794
INFO:root:TEST batch 7 / 7 -  partial tp {0: tensor(0), 1: tensor(181)},fn {0: tensor(17), 1: tensor(0)},fp {0: tensor(0), 1: tensor(17)}
INFO:root:TEST batch 7 / 7 - measures partial microavg - precision 0.9141 - recall 0.9141 - f1 0.9141 
INFO:root:TEST batch 7 / 7 - measures partial for class 0 - precision 0.0000 - recall 0.0000 - f1 0.0000 
INFO:root:TEST batch 7 / 7 - measures partial for class 1 - precision 0.9141 - recall 1.0000 - f1 0.9551 
INFO:root:TEST batch 7 / 7 - Batch time 0 
INFO:root:TEST mean losses tensor(0.3400)
INFO:root:TEST mean errors 0.06204906105995178
INFO:root:TEST mean MRR 0.0 - mean MAP 0.9793660640716553
INFO:root:TEST tp {0: tensor(0), 1: tensor(1300)},fn {0: tensor(86), 1: tensor(0)},fp {0: tensor(0), 1: tensor(86)}
INFO:root:TEST measures microavg - precision 0.9380 - recall 0.9380 - f1 0.9380 
INFO:root:TEST measures for class 0 - precision 0.0000 - recall 0.0000 - f1 0.0000 
INFO:root:TEST measures for class 1 - precision 0.9380 - recall 1.0000 - f1 0.9680 
INFO:root:TEST measures@10 microavg - precision 1.0000 - recall 0.0505 - f1 0.0962 
INFO:root:TEST measures@10 for class 0 - precision 0.0000 - recall 0.0000 - f1 0.0000 
INFO:root:TEST measures@10 for class 1 - precision 1.0000 - recall 0.0538 - f1 0.1022 
INFO:root:TEST measures@100 microavg - precision 0.9671 - recall 0.4885 - f1 0.6491 
INFO:root:TEST measures@100 for class 0 - precision 0.0000 - recall 0.0000 - f1 0.0000 
INFO:root:TEST measures@100 for class 1 - precision 0.9671 - recall 0.5208 - f1 0.6770 
INFO:root:TEST measures@1000 microavg - precision 0.9380 - recall 0.9380 - f1 0.9380 
INFO:root:TEST measures@1000 for class 0 - precision 0.0000 - recall 0.0000 - f1 0.0000 
INFO:root:TEST measures@1000 for class 1 - precision 0.9380 - recall 1.0000 - f1 0.9680 
INFO:root:TEST Total epoch time: 0.14737477400012722
INFO:root:################ TRAIN epoch 76 ###################
INFO:root:TRAIN mean losses tensor(0.2869)
INFO:root:TRAIN mean errors 0.048821549862623215
INFO:root:TRAIN mean MRR 0.0 - mean MAP 0.9803012013435364
INFO:root:TRAIN tp {0: tensor(0), 1: tensor(5650)},fn {0: tensor(290), 1: tensor(0)},fp {0: tensor(0), 1: tensor(290)}
INFO:root:TRAIN measures microavg - precision 0.9512 - recall 0.9512 - f1 0.9512 
INFO:root:TRAIN measures for class 0 - precision 0.0000 - recall 0.0000 - f1 0.0000 
INFO:root:TRAIN measures for class 1 - precision 0.9512 - recall 1.0000 - f1 0.9750 
INFO:root:TRAIN measures@10 microavg - precision 0.9967 - recall 0.0503 - f1 0.0958 
INFO:root:TRAIN measures@10 for class 0 - precision 0.0000 - recall 0.0000 - f1 0.0000 
INFO:root:TRAIN measures@10 for class 1 - precision 0.9967 - recall 0.0529 - f1 0.1005 
INFO:root:TRAIN measures@100 microavg - precision 0.9757 - recall 0.4928 - f1 0.6548 
INFO:root:TRAIN measures@100 for class 0 - precision 0.0000 - recall 0.0000 - f1 0.0000 
INFO:root:TRAIN measures@100 for class 1 - precision 0.9757 - recall 0.5181 - f1 0.6768 
INFO:root:TRAIN measures@1000 microavg - precision 0.9512 - recall 0.9512 - f1 0.9512 
INFO:root:TRAIN measures@1000 for class 0 - precision 0.0000 - recall 0.0000 - f1 0.0000 
INFO:root:TRAIN measures@1000 for class 1 - precision 0.9512 - recall 1.0000 - f1 0.9750 
INFO:root:TRAIN Total epoch time: 0.8882537099998444
INFO:root:################ VALID epoch 76 ###################
INFO:root:VALID mean losses tensor(0.2619)
INFO:root:VALID mean errors 0.046296294778585434
INFO:root:VALID mean MRR 0.0 - mean MAP 0.9812198877334595
INFO:root:VALID tp {0: tensor(0), 1: tensor(1133)},fn {0: tensor(55), 1: tensor(0)},fp {0: tensor(0), 1: tensor(55)}
INFO:root:VALID measures microavg - precision 0.9537 - recall 0.9537 - f1 0.9537 
INFO:root:VALID measures for class 0 - precision 0.0000 - recall 0.0000 - f1 0.0000 
INFO:root:VALID measures for class 1 - precision 0.9537 - recall 1.0000 - f1 0.9763 
INFO:root:VALID measures@10 microavg - precision 0.9833 - recall 0.0497 - f1 0.0946 
INFO:root:VALID measures@10 for class 0 - precision 0.0000 - recall 0.0000 - f1 0.0000 
INFO:root:VALID measures@10 for class 1 - precision 0.9833 - recall 0.0521 - f1 0.0989 
INFO:root:VALID measures@100 microavg - precision 0.9850 - recall 0.4975 - f1 0.6611 
INFO:root:VALID measures@100 for class 0 - precision 0.0000 - recall 0.0000 - f1 0.0000 
INFO:root:VALID measures@100 for class 1 - precision 0.9850 - recall 0.5216 - f1 0.6821 
INFO:root:VALID measures@1000 microavg - precision 0.9537 - recall 0.9537 - f1 0.9537 
INFO:root:VALID measures@1000 for class 0 - precision 0.0000 - recall 0.0000 - f1 0.0000 
INFO:root:VALID measures@1000 for class 1 - precision 0.9537 - recall 1.0000 - f1 0.9763 
INFO:root:VALID Total epoch time: 0.1105732139999418
INFO:root:################ TEST epoch 76 ###################
INFO:root:TEST batch 1 / 7 - partial error 0.0455 - partial loss 0.2822 - partial MRR  0.0000 - partial MAP 0.9818
INFO:root:TEST batch 1 / 7 -  partial tp {0: tensor(0), 1: tensor(189)},fn {0: tensor(9), 1: tensor(0)},fp {0: tensor(0), 1: tensor(9)}
INFO:root:TEST batch 1 / 7 - measures partial microavg - precision 0.9545 - recall 0.9545 - f1 0.9545 
INFO:root:TEST batch 1 / 7 - measures partial for class 0 - precision 0.0000 - recall 0.0000 - f1 0.0000 
INFO:root:TEST batch 1 / 7 - measures partial for class 1 - precision 0.9545 - recall 1.0000 - f1 0.9767 
INFO:root:TEST batch 1 / 7 - Batch time 0 
INFO:root:TEST batch 2 / 7 - partial error 0.0581 - partial loss 0.3325 - partial MRR  0.0000 - partial MAP 0.9783
INFO:root:TEST batch 2 / 7 -  partial tp {0: tensor(0), 1: tensor(184)},fn {0: tensor(14), 1: tensor(0)},fp {0: tensor(0), 1: tensor(14)}
INFO:root:TEST batch 2 / 7 - measures partial microavg - precision 0.9293 - recall 0.9293 - f1 0.9293 
INFO:root:TEST batch 2 / 7 - measures partial for class 0 - precision 0.0000 - recall 0.0000 - f1 0.0000 
INFO:root:TEST batch 2 / 7 - measures partial for class 1 - precision 0.9293 - recall 1.0000 - f1 0.9634 
INFO:root:TEST batch 2 / 7 - Batch time 0 
INFO:root:TEST batch 3 / 7 - partial error 0.0556 - partial loss 0.3166 - partial MRR  0.0000 - partial MAP 0.9805
INFO:root:TEST batch 3 / 7 -  partial tp {0: tensor(0), 1: tensor(188)},fn {0: tensor(10), 1: tensor(0)},fp {0: tensor(0), 1: tensor(10)}
INFO:root:TEST batch 3 / 7 - measures partial microavg - precision 0.9495 - recall 0.9495 - f1 0.9495 
INFO:root:TEST batch 3 / 7 - measures partial for class 0 - precision 0.0000 - recall 0.0000 - f1 0.0000 
INFO:root:TEST batch 3 / 7 - measures partial for class 1 - precision 0.9495 - recall 1.0000 - f1 0.9741 
INFO:root:TEST batch 3 / 7 - Batch time 0 
INFO:root:TEST batch 4 / 7 - partial error 0.0568 - partial loss 0.3199 - partial MRR  0.0000 - partial MAP 0.9799
INFO:root:TEST batch 4 / 7 -  partial tp {0: tensor(0), 1: tensor(186)},fn {0: tensor(12), 1: tensor(0)},fp {0: tensor(0), 1: tensor(12)}
INFO:root:TEST batch 4 / 7 - measures partial microavg - precision 0.9394 - recall 0.9394 - f1 0.9394 
INFO:root:TEST batch 4 / 7 - measures partial for class 0 - precision 0.0000 - recall 0.0000 - f1 0.0000 
INFO:root:TEST batch 4 / 7 - measures partial for class 1 - precision 0.9394 - recall 1.0000 - f1 0.9688 
INFO:root:TEST batch 4 / 7 - Batch time 0 
INFO:root:TEST batch 5 / 7 - partial error 0.0606 - partial loss 0.3369 - partial MRR  0.0000 - partial MAP 0.9789
INFO:root:TEST batch 5 / 7 -  partial tp {0: tensor(0), 1: tensor(183)},fn {0: tensor(15), 1: tensor(0)},fp {0: tensor(0), 1: tensor(15)}
INFO:root:TEST batch 5 / 7 - measures partial microavg - precision 0.9242 - recall 0.9242 - f1 0.9242 
INFO:root:TEST batch 5 / 7 - measures partial for class 0 - precision 0.0000 - recall 0.0000 - f1 0.0000 
INFO:root:TEST batch 5 / 7 - measures partial for class 1 - precision 0.9242 - recall 1.0000 - f1 0.9606 
INFO:root:TEST batch 5 / 7 - Batch time 0 
INFO:root:TEST batch 6 / 7 - partial error 0.0581 - partial loss 0.3230 - partial MRR  0.0000 - partial MAP 0.9803
INFO:root:TEST batch 6 / 7 -  partial tp {0: tensor(0), 1: tensor(189)},fn {0: tensor(9), 1: tensor(0)},fp {0: tensor(0), 1: tensor(9)}
INFO:root:TEST batch 6 / 7 - measures partial microavg - precision 0.9545 - recall 0.9545 - f1 0.9545 
INFO:root:TEST batch 6 / 7 - measures partial for class 0 - precision 0.0000 - recall 0.0000 - f1 0.0000 
INFO:root:TEST batch 6 / 7 - measures partial for class 1 - precision 0.9545 - recall 1.0000 - f1 0.9767 
INFO:root:TEST batch 6 / 7 - Batch time 0 
INFO:root:TEST batch 7 / 7 - partial error 0.0620 - partial loss 0.3382 - partial MRR  0.0000 - partial MAP 0.9800
INFO:root:TEST batch 7 / 7 -  partial tp {0: tensor(0), 1: tensor(181)},fn {0: tensor(17), 1: tensor(0)},fp {0: tensor(0), 1: tensor(17)}
INFO:root:TEST batch 7 / 7 - measures partial microavg - precision 0.9141 - recall 0.9141 - f1 0.9141 
INFO:root:TEST batch 7 / 7 - measures partial for class 0 - precision 0.0000 - recall 0.0000 - f1 0.0000 
INFO:root:TEST batch 7 / 7 - measures partial for class 1 - precision 0.9141 - recall 1.0000 - f1 0.9551 
INFO:root:TEST batch 7 / 7 - Batch time 0 
INFO:root:TEST mean losses tensor(0.3382)
INFO:root:TEST mean errors 0.06204906105995178
INFO:root:TEST mean MRR 0.0 - mean MAP 0.9800412654876709
INFO:root:TEST tp {0: tensor(0), 1: tensor(1300)},fn {0: tensor(86), 1: tensor(0)},fp {0: tensor(0), 1: tensor(86)}
INFO:root:TEST measures microavg - precision 0.9380 - recall 0.9380 - f1 0.9380 
INFO:root:TEST measures for class 0 - precision 0.0000 - recall 0.0000 - f1 0.0000 
INFO:root:TEST measures for class 1 - precision 0.9380 - recall 1.0000 - f1 0.9680 
INFO:root:TEST measures@10 microavg - precision 1.0000 - recall 0.0505 - f1 0.0962 
INFO:root:TEST measures@10 for class 0 - precision 0.0000 - recall 0.0000 - f1 0.0000 
INFO:root:TEST measures@10 for class 1 - precision 1.0000 - recall 0.0538 - f1 0.1022 
INFO:root:TEST measures@100 microavg - precision 0.9671 - recall 0.4885 - f1 0.6491 
INFO:root:TEST measures@100 for class 0 - precision 0.0000 - recall 0.0000 - f1 0.0000 
INFO:root:TEST measures@100 for class 1 - precision 0.9671 - recall 0.5208 - f1 0.6770 
INFO:root:TEST measures@1000 microavg - precision 0.9380 - recall 0.9380 - f1 0.9380 
INFO:root:TEST measures@1000 for class 0 - precision 0.0000 - recall 0.0000 - f1 0.0000 
INFO:root:TEST measures@1000 for class 1 - precision 0.9380 - recall 1.0000 - f1 0.9680 
INFO:root:TEST Total epoch time: 0.13670806200025254
INFO:root:################ TRAIN epoch 77 ###################
INFO:root:TRAIN mean losses tensor(0.2837)
INFO:root:TRAIN mean errors 0.048821549862623215
INFO:root:TRAIN mean MRR 0.0 - mean MAP 0.9813284277915955
INFO:root:TRAIN tp {0: tensor(0), 1: tensor(5650)},fn {0: tensor(290), 1: tensor(0)},fp {0: tensor(0), 1: tensor(290)}
INFO:root:TRAIN measures microavg - precision 0.9512 - recall 0.9512 - f1 0.9512 
INFO:root:TRAIN measures for class 0 - precision 0.0000 - recall 0.0000 - f1 0.0000 
INFO:root:TRAIN measures for class 1 - precision 0.9512 - recall 1.0000 - f1 0.9750 
INFO:root:TRAIN measures@10 microavg - precision 0.9967 - recall 0.0503 - f1 0.0958 
INFO:root:TRAIN measures@10 for class 0 - precision 0.0000 - recall 0.0000 - f1 0.0000 
INFO:root:TRAIN measures@10 for class 1 - precision 0.9967 - recall 0.0529 - f1 0.1005 
INFO:root:TRAIN measures@100 microavg - precision 0.9783 - recall 0.4941 - f1 0.6566 
INFO:root:TRAIN measures@100 for class 0 - precision 0.0000 - recall 0.0000 - f1 0.0000 
INFO:root:TRAIN measures@100 for class 1 - precision 0.9783 - recall 0.5195 - f1 0.6786 
INFO:root:TRAIN measures@1000 microavg - precision 0.9512 - recall 0.9512 - f1 0.9512 
INFO:root:TRAIN measures@1000 for class 0 - precision 0.0000 - recall 0.0000 - f1 0.0000 
INFO:root:TRAIN measures@1000 for class 1 - precision 0.9512 - recall 1.0000 - f1 0.9750 
INFO:root:TRAIN Total epoch time: 0.8583778369998072
INFO:root:################ VALID epoch 77 ###################
INFO:root:VALID mean losses tensor(0.2604)
INFO:root:VALID mean errors 0.046296294778585434
INFO:root:VALID mean MRR 0.0 - mean MAP 0.9829686284065247
INFO:root:VALID tp {0: tensor(0), 1: tensor(1133)},fn {0: tensor(55), 1: tensor(0)},fp {0: tensor(0), 1: tensor(55)}
INFO:root:VALID measures microavg - precision 0.9537 - recall 0.9537 - f1 0.9537 
INFO:root:VALID measures for class 0 - precision 0.0000 - recall 0.0000 - f1 0.0000 
INFO:root:VALID measures for class 1 - precision 0.9537 - recall 1.0000 - f1 0.9763 
INFO:root:VALID measures@10 microavg - precision 1.0000 - recall 0.0505 - f1 0.0962 
INFO:root:VALID measures@10 for class 0 - precision 0.0000 - recall 0.0000 - f1 0.0000 
INFO:root:VALID measures@10 for class 1 - precision 1.0000 - recall 0.0530 - f1 0.1006 
INFO:root:VALID measures@100 microavg - precision 0.9800 - recall 0.4949 - f1 0.6577 
INFO:root:VALID measures@100 for class 0 - precision 0.0000 - recall 0.0000 - f1 0.0000 
INFO:root:VALID measures@100 for class 1 - precision 0.9800 - recall 0.5190 - f1 0.6786 
INFO:root:VALID measures@1000 microavg - precision 0.9537 - recall 0.9537 - f1 0.9537 
INFO:root:VALID measures@1000 for class 0 - precision 0.0000 - recall 0.0000 - f1 0.0000 
INFO:root:VALID measures@1000 for class 1 - precision 0.9537 - recall 1.0000 - f1 0.9763 
INFO:root:VALID Total epoch time: 0.11431721300004938
INFO:root:################ TEST epoch 77 ###################
INFO:root:TEST batch 1 / 7 - partial error 0.0455 - partial loss 0.2794 - partial MRR  0.0000 - partial MAP 0.9844
INFO:root:TEST batch 1 / 7 -  partial tp {0: tensor(0), 1: tensor(189)},fn {0: tensor(9), 1: tensor(0)},fp {0: tensor(0), 1: tensor(9)}
INFO:root:TEST batch 1 / 7 - measures partial microavg - precision 0.9545 - recall 0.9545 - f1 0.9545 
INFO:root:TEST batch 1 / 7 - measures partial for class 0 - precision 0.0000 - recall 0.0000 - f1 0.0000 
INFO:root:TEST batch 1 / 7 - measures partial for class 1 - precision 0.9545 - recall 1.0000 - f1 0.9767 
INFO:root:TEST batch 1 / 7 - Batch time 0 
INFO:root:TEST batch 2 / 7 - partial error 0.0581 - partial loss 0.3360 - partial MRR  0.0000 - partial MAP 0.9773
INFO:root:TEST batch 2 / 7 -  partial tp {0: tensor(0), 1: tensor(184)},fn {0: tensor(14), 1: tensor(0)},fp {0: tensor(0), 1: tensor(14)}
INFO:root:TEST batch 2 / 7 - measures partial microavg - precision 0.9293 - recall 0.9293 - f1 0.9293 
INFO:root:TEST batch 2 / 7 - measures partial for class 0 - precision 0.0000 - recall 0.0000 - f1 0.0000 
INFO:root:TEST batch 2 / 7 - measures partial for class 1 - precision 0.9293 - recall 1.0000 - f1 0.9634 
INFO:root:TEST batch 2 / 7 - Batch time 0 
INFO:root:TEST batch 3 / 7 - partial error 0.0556 - partial loss 0.3200 - partial MRR  0.0000 - partial MAP 0.9785
INFO:root:TEST batch 3 / 7 -  partial tp {0: tensor(0), 1: tensor(188)},fn {0: tensor(10), 1: tensor(0)},fp {0: tensor(0), 1: tensor(10)}
INFO:root:TEST batch 3 / 7 - measures partial microavg - precision 0.9495 - recall 0.9495 - f1 0.9495 
INFO:root:TEST batch 3 / 7 - measures partial for class 0 - precision 0.0000 - recall 0.0000 - f1 0.0000 
INFO:root:TEST batch 3 / 7 - measures partial for class 1 - precision 0.9495 - recall 1.0000 - f1 0.9741 
INFO:root:TEST batch 3 / 7 - Batch time 0 
INFO:root:TEST batch 4 / 7 - partial error 0.0568 - partial loss 0.3228 - partial MRR  0.0000 - partial MAP 0.9778
INFO:root:TEST batch 4 / 7 -  partial tp {0: tensor(0), 1: tensor(186)},fn {0: tensor(12), 1: tensor(0)},fp {0: tensor(0), 1: tensor(12)}
INFO:root:TEST batch 4 / 7 - measures partial microavg - precision 0.9394 - recall 0.9394 - f1 0.9394 
INFO:root:TEST batch 4 / 7 - measures partial for class 0 - precision 0.0000 - recall 0.0000 - f1 0.0000 
INFO:root:TEST batch 4 / 7 - measures partial for class 1 - precision 0.9394 - recall 1.0000 - f1 0.9688 
INFO:root:TEST batch 4 / 7 - Batch time 0 
INFO:root:TEST batch 5 / 7 - partial error 0.0606 - partial loss 0.3416 - partial MRR  0.0000 - partial MAP 0.9768
INFO:root:TEST batch 5 / 7 -  partial tp {0: tensor(0), 1: tensor(183)},fn {0: tensor(15), 1: tensor(0)},fp {0: tensor(0), 1: tensor(15)}
INFO:root:TEST batch 5 / 7 - measures partial microavg - precision 0.9242 - recall 0.9242 - f1 0.9242 
INFO:root:TEST batch 5 / 7 - measures partial for class 0 - precision 0.0000 - recall 0.0000 - f1 0.0000 
INFO:root:TEST batch 5 / 7 - measures partial for class 1 - precision 0.9242 - recall 1.0000 - f1 0.9606 
INFO:root:TEST batch 5 / 7 - Batch time 0 
INFO:root:TEST batch 6 / 7 - partial error 0.0581 - partial loss 0.3270 - partial MRR  0.0000 - partial MAP 0.9787
INFO:root:TEST batch 6 / 7 -  partial tp {0: tensor(0), 1: tensor(189)},fn {0: tensor(9), 1: tensor(0)},fp {0: tensor(0), 1: tensor(9)}
INFO:root:TEST batch 6 / 7 - measures partial microavg - precision 0.9545 - recall 0.9545 - f1 0.9545 
INFO:root:TEST batch 6 / 7 - measures partial for class 0 - precision 0.0000 - recall 0.0000 - f1 0.0000 
INFO:root:TEST batch 6 / 7 - measures partial for class 1 - precision 0.9545 - recall 1.0000 - f1 0.9767 
INFO:root:TEST batch 6 / 7 - Batch time 0 
INFO:root:TEST batch 7 / 7 - partial error 0.0620 - partial loss 0.3422 - partial MRR  0.0000 - partial MAP 0.9790
INFO:root:TEST batch 7 / 7 -  partial tp {0: tensor(0), 1: tensor(181)},fn {0: tensor(17), 1: tensor(0)},fp {0: tensor(0), 1: tensor(17)}
INFO:root:TEST batch 7 / 7 - measures partial microavg - precision 0.9141 - recall 0.9141 - f1 0.9141 
INFO:root:TEST batch 7 / 7 - measures partial for class 0 - precision 0.0000 - recall 0.0000 - f1 0.0000 
INFO:root:TEST batch 7 / 7 - measures partial for class 1 - precision 0.9141 - recall 1.0000 - f1 0.9551 
INFO:root:TEST batch 7 / 7 - Batch time 0 
INFO:root:TEST mean losses tensor(0.3422)
INFO:root:TEST mean errors 0.06204906105995178
INFO:root:TEST mean MRR 0.0 - mean MAP 0.9789903163909912
INFO:root:TEST tp {0: tensor(0), 1: tensor(1300)},fn {0: tensor(86), 1: tensor(0)},fp {0: tensor(0), 1: tensor(86)}
INFO:root:TEST measures microavg - precision 0.9380 - recall 0.9380 - f1 0.9380 
INFO:root:TEST measures for class 0 - precision 0.0000 - recall 0.0000 - f1 0.0000 
INFO:root:TEST measures for class 1 - precision 0.9380 - recall 1.0000 - f1 0.9680 
INFO:root:TEST measures@10 microavg - precision 1.0000 - recall 0.0505 - f1 0.0962 
INFO:root:TEST measures@10 for class 0 - precision 0.0000 - recall 0.0000 - f1 0.0000 
INFO:root:TEST measures@10 for class 1 - precision 1.0000 - recall 0.0538 - f1 0.1022 
INFO:root:TEST measures@100 microavg - precision 0.9743 - recall 0.4921 - f1 0.6539 
INFO:root:TEST measures@100 for class 0 - precision 0.0000 - recall 0.0000 - f1 0.0000 
INFO:root:TEST measures@100 for class 1 - precision 0.9743 - recall 0.5246 - f1 0.6820 
INFO:root:TEST measures@1000 microavg - precision 0.9380 - recall 0.9380 - f1 0.9380 
INFO:root:TEST measures@1000 for class 0 - precision 0.0000 - recall 0.0000 - f1 0.0000 
INFO:root:TEST measures@1000 for class 1 - precision 0.9380 - recall 1.0000 - f1 0.9680 
INFO:root:TEST Total epoch time: 0.1698930009997639
INFO:root:################ TRAIN epoch 78 ###################
INFO:root:TRAIN mean losses tensor(0.2838)
INFO:root:TRAIN mean errors 0.048821549862623215
INFO:root:TRAIN mean MRR 0.0 - mean MAP 0.980857253074646
INFO:root:TRAIN tp {0: tensor(0), 1: tensor(5650)},fn {0: tensor(290), 1: tensor(0)},fp {0: tensor(0), 1: tensor(290)}
INFO:root:TRAIN measures microavg - precision 0.9512 - recall 0.9512 - f1 0.9512 
INFO:root:TRAIN measures for class 0 - precision 0.0000 - recall 0.0000 - f1 0.0000 
INFO:root:TRAIN measures for class 1 - precision 0.9512 - recall 1.0000 - f1 0.9750 
INFO:root:TRAIN measures@10 microavg - precision 0.9900 - recall 0.0500 - f1 0.0952 
INFO:root:TRAIN measures@10 for class 0 - precision 0.0000 - recall 0.0000 - f1 0.0000 
INFO:root:TRAIN measures@10 for class 1 - precision 0.9900 - recall 0.0526 - f1 0.0998 
INFO:root:TRAIN measures@100 microavg - precision 0.9747 - recall 0.4923 - f1 0.6541 
INFO:root:TRAIN measures@100 for class 0 - precision 0.0000 - recall 0.0000 - f1 0.0000 
INFO:root:TRAIN measures@100 for class 1 - precision 0.9747 - recall 0.5175 - f1 0.6761 
INFO:root:TRAIN measures@1000 microavg - precision 0.9512 - recall 0.9512 - f1 0.9512 
INFO:root:TRAIN measures@1000 for class 0 - precision 0.0000 - recall 0.0000 - f1 0.0000 
INFO:root:TRAIN measures@1000 for class 1 - precision 0.9512 - recall 1.0000 - f1 0.9750 
INFO:root:TRAIN Total epoch time: 0.9259039630001098
INFO:root:################ VALID epoch 78 ###################
INFO:root:VALID mean losses tensor(0.2638)
INFO:root:VALID mean errors 0.046296294778585434
INFO:root:VALID mean MRR 0.0 - mean MAP 0.9816881418228149
INFO:root:VALID tp {0: tensor(0), 1: tensor(1133)},fn {0: tensor(55), 1: tensor(0)},fp {0: tensor(0), 1: tensor(55)}
INFO:root:VALID measures microavg - precision 0.9537 - recall 0.9537 - f1 0.9537 
INFO:root:VALID measures for class 0 - precision 0.0000 - recall 0.0000 - f1 0.0000 
INFO:root:VALID measures for class 1 - precision 0.9537 - recall 1.0000 - f1 0.9763 
INFO:root:VALID measures@10 microavg - precision 0.9833 - recall 0.0497 - f1 0.0946 
INFO:root:VALID measures@10 for class 0 - precision 0.0000 - recall 0.0000 - f1 0.0000 
INFO:root:VALID measures@10 for class 1 - precision 0.9833 - recall 0.0521 - f1 0.0989 
INFO:root:VALID measures@100 microavg - precision 0.9833 - recall 0.4966 - f1 0.6600 
INFO:root:VALID measures@100 for class 0 - precision 0.0000 - recall 0.0000 - f1 0.0000 
INFO:root:VALID measures@100 for class 1 - precision 0.9833 - recall 0.5207 - f1 0.6809 
INFO:root:VALID measures@1000 microavg - precision 0.9537 - recall 0.9537 - f1 0.9537 
INFO:root:VALID measures@1000 for class 0 - precision 0.0000 - recall 0.0000 - f1 0.0000 
INFO:root:VALID measures@1000 for class 1 - precision 0.9537 - recall 1.0000 - f1 0.9763 
INFO:root:VALID Total epoch time: 0.1945210059998317
INFO:root:################ TEST epoch 78 ###################
INFO:root:TEST batch 1 / 7 - partial error 0.0455 - partial loss 0.2771 - partial MRR  0.0000 - partial MAP 0.9840
INFO:root:TEST batch 1 / 7 -  partial tp {0: tensor(0), 1: tensor(189)},fn {0: tensor(9), 1: tensor(0)},fp {0: tensor(0), 1: tensor(9)}
INFO:root:TEST batch 1 / 7 - measures partial microavg - precision 0.9545 - recall 0.9545 - f1 0.9545 
INFO:root:TEST batch 1 / 7 - measures partial for class 0 - precision 0.0000 - recall 0.0000 - f1 0.0000 
INFO:root:TEST batch 1 / 7 - measures partial for class 1 - precision 0.9545 - recall 1.0000 - f1 0.9767 
INFO:root:TEST batch 1 / 7 - Batch time 0 
INFO:root:TEST batch 2 / 7 - partial error 0.0581 - partial loss 0.3319 - partial MRR  0.0000 - partial MAP 0.9800
INFO:root:TEST batch 2 / 7 -  partial tp {0: tensor(0), 1: tensor(184)},fn {0: tensor(14), 1: tensor(0)},fp {0: tensor(0), 1: tensor(14)}
INFO:root:TEST batch 2 / 7 - measures partial microavg - precision 0.9293 - recall 0.9293 - f1 0.9293 
INFO:root:TEST batch 2 / 7 - measures partial for class 0 - precision 0.0000 - recall 0.0000 - f1 0.0000 
INFO:root:TEST batch 2 / 7 - measures partial for class 1 - precision 0.9293 - recall 1.0000 - f1 0.9634 
INFO:root:TEST batch 2 / 7 - Batch time 0 
INFO:root:TEST batch 3 / 7 - partial error 0.0556 - partial loss 0.3164 - partial MRR  0.0000 - partial MAP 0.9818
INFO:root:TEST batch 3 / 7 -  partial tp {0: tensor(0), 1: tensor(188)},fn {0: tensor(10), 1: tensor(0)},fp {0: tensor(0), 1: tensor(10)}
INFO:root:TEST batch 3 / 7 - measures partial microavg - precision 0.9495 - recall 0.9495 - f1 0.9495 
INFO:root:TEST batch 3 / 7 - measures partial for class 0 - precision 0.0000 - recall 0.0000 - f1 0.0000 
INFO:root:TEST batch 3 / 7 - measures partial for class 1 - precision 0.9495 - recall 1.0000 - f1 0.9741 
INFO:root:TEST batch 3 / 7 - Batch time 0 
INFO:root:TEST batch 4 / 7 - partial error 0.0568 - partial loss 0.3192 - partial MRR  0.0000 - partial MAP 0.9815
INFO:root:TEST batch 4 / 7 -  partial tp {0: tensor(0), 1: tensor(186)},fn {0: tensor(12), 1: tensor(0)},fp {0: tensor(0), 1: tensor(12)}
INFO:root:TEST batch 4 / 7 - measures partial microavg - precision 0.9394 - recall 0.9394 - f1 0.9394 
INFO:root:TEST batch 4 / 7 - measures partial for class 0 - precision 0.0000 - recall 0.0000 - f1 0.0000 
INFO:root:TEST batch 4 / 7 - measures partial for class 1 - precision 0.9394 - recall 1.0000 - f1 0.9688 
INFO:root:TEST batch 4 / 7 - Batch time 0 
INFO:root:TEST batch 5 / 7 - partial error 0.0606 - partial loss 0.3393 - partial MRR  0.0000 - partial MAP 0.9794
INFO:root:TEST batch 5 / 7 -  partial tp {0: tensor(0), 1: tensor(183)},fn {0: tensor(15), 1: tensor(0)},fp {0: tensor(0), 1: tensor(15)}
INFO:root:TEST batch 5 / 7 - measures partial microavg - precision 0.9242 - recall 0.9242 - f1 0.9242 
INFO:root:TEST batch 5 / 7 - measures partial for class 0 - precision 0.0000 - recall 0.0000 - f1 0.0000 
INFO:root:TEST batch 5 / 7 - measures partial for class 1 - precision 0.9242 - recall 1.0000 - f1 0.9606 
INFO:root:TEST batch 5 / 7 - Batch time 0 
INFO:root:TEST batch 6 / 7 - partial error 0.0581 - partial loss 0.3248 - partial MRR  0.0000 - partial MAP 0.9809
INFO:root:TEST batch 6 / 7 -  partial tp {0: tensor(0), 1: tensor(189)},fn {0: tensor(9), 1: tensor(0)},fp {0: tensor(0), 1: tensor(9)}
INFO:root:TEST batch 6 / 7 - measures partial microavg - precision 0.9545 - recall 0.9545 - f1 0.9545 
INFO:root:TEST batch 6 / 7 - measures partial for class 0 - precision 0.0000 - recall 0.0000 - f1 0.0000 
INFO:root:TEST batch 6 / 7 - measures partial for class 1 - precision 0.9545 - recall 1.0000 - f1 0.9767 
INFO:root:TEST batch 6 / 7 - Batch time 0 
INFO:root:TEST batch 7 / 7 - partial error 0.0620 - partial loss 0.3406 - partial MRR  0.0000 - partial MAP 0.9804
INFO:root:TEST batch 7 / 7 -  partial tp {0: tensor(0), 1: tensor(181)},fn {0: tensor(17), 1: tensor(0)},fp {0: tensor(0), 1: tensor(17)}
INFO:root:TEST batch 7 / 7 - measures partial microavg - precision 0.9141 - recall 0.9141 - f1 0.9141 
INFO:root:TEST batch 7 / 7 - measures partial for class 0 - precision 0.0000 - recall 0.0000 - f1 0.0000 
INFO:root:TEST batch 7 / 7 - measures partial for class 1 - precision 0.9141 - recall 1.0000 - f1 0.9551 
INFO:root:TEST batch 7 / 7 - Batch time 0 
INFO:root:TEST mean losses tensor(0.3406)
INFO:root:TEST mean errors 0.06204906105995178
INFO:root:TEST mean MRR 0.0 - mean MAP 0.980395495891571
INFO:root:TEST tp {0: tensor(0), 1: tensor(1300)},fn {0: tensor(86), 1: tensor(0)},fp {0: tensor(0), 1: tensor(86)}
INFO:root:TEST measures microavg - precision 0.9380 - recall 0.9380 - f1 0.9380 
INFO:root:TEST measures for class 0 - precision 0.0000 - recall 0.0000 - f1 0.0000 
INFO:root:TEST measures for class 1 - precision 0.9380 - recall 1.0000 - f1 0.9680 
INFO:root:TEST measures@10 microavg - precision 1.0000 - recall 0.0505 - f1 0.0962 
INFO:root:TEST measures@10 for class 0 - precision 0.0000 - recall 0.0000 - f1 0.0000 
INFO:root:TEST measures@10 for class 1 - precision 1.0000 - recall 0.0538 - f1 0.1022 
INFO:root:TEST measures@100 microavg - precision 0.9657 - recall 0.4877 - f1 0.6481 
INFO:root:TEST measures@100 for class 0 - precision 0.0000 - recall 0.0000 - f1 0.0000 
INFO:root:TEST measures@100 for class 1 - precision 0.9657 - recall 0.5200 - f1 0.6760 
INFO:root:TEST measures@1000 microavg - precision 0.9380 - recall 0.9380 - f1 0.9380 
INFO:root:TEST measures@1000 for class 0 - precision 0.0000 - recall 0.0000 - f1 0.0000 
INFO:root:TEST measures@1000 for class 1 - precision 0.9380 - recall 1.0000 - f1 0.9680 
INFO:root:TEST Total epoch time: 0.23568706400010342
INFO:root:################ TRAIN epoch 79 ###################
INFO:root:TRAIN mean losses tensor(0.2827)
INFO:root:TRAIN mean errors 0.048821549862623215
INFO:root:TRAIN mean MRR 0.0 - mean MAP 0.9817829728126526
INFO:root:TRAIN tp {0: tensor(0), 1: tensor(5650)},fn {0: tensor(290), 1: tensor(0)},fp {0: tensor(0), 1: tensor(290)}
INFO:root:TRAIN measures microavg - precision 0.9512 - recall 0.9512 - f1 0.9512 
INFO:root:TRAIN measures for class 0 - precision 0.0000 - recall 0.0000 - f1 0.0000 
INFO:root:TRAIN measures for class 1 - precision 0.9512 - recall 1.0000 - f1 0.9750 
INFO:root:TRAIN measures@10 microavg - precision 0.9933 - recall 0.0502 - f1 0.0955 
INFO:root:TRAIN measures@10 for class 0 - precision 0.0000 - recall 0.0000 - f1 0.0000 
INFO:root:TRAIN measures@10 for class 1 - precision 0.9933 - recall 0.0527 - f1 0.1002 
INFO:root:TRAIN measures@100 microavg - precision 0.9780 - recall 0.4939 - f1 0.6564 
INFO:root:TRAIN measures@100 for class 0 - precision 0.0000 - recall 0.0000 - f1 0.0000 
INFO:root:TRAIN measures@100 for class 1 - precision 0.9780 - recall 0.5193 - f1 0.6784 
INFO:root:TRAIN measures@1000 microavg - precision 0.9512 - recall 0.9512 - f1 0.9512 
INFO:root:TRAIN measures@1000 for class 0 - precision 0.0000 - recall 0.0000 - f1 0.0000 
INFO:root:TRAIN measures@1000 for class 1 - precision 0.9512 - recall 1.0000 - f1 0.9750 
INFO:root:TRAIN Total epoch time: 0.8891280580000966
INFO:root:################ VALID epoch 79 ###################
INFO:root:VALID mean losses tensor(0.2594)
INFO:root:VALID mean errors 0.046296294778585434
INFO:root:VALID mean MRR 0.0 - mean MAP 0.9820915460586548
INFO:root:VALID tp {0: tensor(0), 1: tensor(1133)},fn {0: tensor(55), 1: tensor(0)},fp {0: tensor(0), 1: tensor(55)}
INFO:root:VALID measures microavg - precision 0.9537 - recall 0.9537 - f1 0.9537 
INFO:root:VALID measures for class 0 - precision 0.0000 - recall 0.0000 - f1 0.0000 
INFO:root:VALID measures for class 1 - precision 0.9537 - recall 1.0000 - f1 0.9763 
INFO:root:VALID measures@10 microavg - precision 1.0000 - recall 0.0505 - f1 0.0962 
INFO:root:VALID measures@10 for class 0 - precision 0.0000 - recall 0.0000 - f1 0.0000 
INFO:root:VALID measures@10 for class 1 - precision 1.0000 - recall 0.0530 - f1 0.1006 
INFO:root:VALID measures@100 microavg - precision 0.9850 - recall 0.4975 - f1 0.6611 
INFO:root:VALID measures@100 for class 0 - precision 0.0000 - recall 0.0000 - f1 0.0000 
INFO:root:VALID measures@100 for class 1 - precision 0.9850 - recall 0.5216 - f1 0.6821 
INFO:root:VALID measures@1000 microavg - precision 0.9537 - recall 0.9537 - f1 0.9537 
INFO:root:VALID measures@1000 for class 0 - precision 0.0000 - recall 0.0000 - f1 0.0000 
INFO:root:VALID measures@1000 for class 1 - precision 0.9537 - recall 1.0000 - f1 0.9763 
INFO:root:VALID Total epoch time: 0.11668425700008811
INFO:root:################ TEST epoch 79 ###################
INFO:root:TEST batch 1 / 7 - partial error 0.0455 - partial loss 0.2840 - partial MRR  0.0000 - partial MAP 0.9822
INFO:root:TEST batch 1 / 7 -  partial tp {0: tensor(0), 1: tensor(189)},fn {0: tensor(9), 1: tensor(0)},fp {0: tensor(0), 1: tensor(9)}
INFO:root:TEST batch 1 / 7 - measures partial microavg - precision 0.9545 - recall 0.9545 - f1 0.9545 
INFO:root:TEST batch 1 / 7 - measures partial for class 0 - precision 0.0000 - recall 0.0000 - f1 0.0000 
INFO:root:TEST batch 1 / 7 - measures partial for class 1 - precision 0.9545 - recall 1.0000 - f1 0.9767 
INFO:root:TEST batch 1 / 7 - Batch time 0 
INFO:root:TEST batch 2 / 7 - partial error 0.0581 - partial loss 0.3363 - partial MRR  0.0000 - partial MAP 0.9787
INFO:root:TEST batch 2 / 7 -  partial tp {0: tensor(0), 1: tensor(184)},fn {0: tensor(14), 1: tensor(0)},fp {0: tensor(0), 1: tensor(14)}
INFO:root:TEST batch 2 / 7 - measures partial microavg - precision 0.9293 - recall 0.9293 - f1 0.9293 
INFO:root:TEST batch 2 / 7 - measures partial for class 0 - precision 0.0000 - recall 0.0000 - f1 0.0000 
INFO:root:TEST batch 2 / 7 - measures partial for class 1 - precision 0.9293 - recall 1.0000 - f1 0.9634 
INFO:root:TEST batch 2 / 7 - Batch time 0 
INFO:root:TEST batch 3 / 7 - partial error 0.0556 - partial loss 0.3194 - partial MRR  0.0000 - partial MAP 0.9803
INFO:root:TEST batch 3 / 7 -  partial tp {0: tensor(0), 1: tensor(188)},fn {0: tensor(10), 1: tensor(0)},fp {0: tensor(0), 1: tensor(10)}
INFO:root:TEST batch 3 / 7 - measures partial microavg - precision 0.9495 - recall 0.9495 - f1 0.9495 
INFO:root:TEST batch 3 / 7 - measures partial for class 0 - precision 0.0000 - recall 0.0000 - f1 0.0000 
INFO:root:TEST batch 3 / 7 - measures partial for class 1 - precision 0.9495 - recall 1.0000 - f1 0.9741 
INFO:root:TEST batch 3 / 7 - Batch time 0 
INFO:root:TEST batch 4 / 7 - partial error 0.0568 - partial loss 0.3201 - partial MRR  0.0000 - partial MAP 0.9804
INFO:root:TEST batch 4 / 7 -  partial tp {0: tensor(0), 1: tensor(186)},fn {0: tensor(12), 1: tensor(0)},fp {0: tensor(0), 1: tensor(12)}
INFO:root:TEST batch 4 / 7 - measures partial microavg - precision 0.9394 - recall 0.9394 - f1 0.9394 
INFO:root:TEST batch 4 / 7 - measures partial for class 0 - precision 0.0000 - recall 0.0000 - f1 0.0000 
INFO:root:TEST batch 4 / 7 - measures partial for class 1 - precision 0.9394 - recall 1.0000 - f1 0.9688 
INFO:root:TEST batch 4 / 7 - Batch time 0 
INFO:root:TEST batch 5 / 7 - partial error 0.0606 - partial loss 0.3385 - partial MRR  0.0000 - partial MAP 0.9786
INFO:root:TEST batch 5 / 7 -  partial tp {0: tensor(0), 1: tensor(183)},fn {0: tensor(15), 1: tensor(0)},fp {0: tensor(0), 1: tensor(15)}
INFO:root:TEST batch 5 / 7 - measures partial microavg - precision 0.9242 - recall 0.9242 - f1 0.9242 
INFO:root:TEST batch 5 / 7 - measures partial for class 0 - precision 0.0000 - recall 0.0000 - f1 0.0000 
INFO:root:TEST batch 5 / 7 - measures partial for class 1 - precision 0.9242 - recall 1.0000 - f1 0.9606 
INFO:root:TEST batch 5 / 7 - Batch time 0 
INFO:root:TEST batch 6 / 7 - partial error 0.0581 - partial loss 0.3244 - partial MRR  0.0000 - partial MAP 0.9799
INFO:root:TEST batch 6 / 7 -  partial tp {0: tensor(0), 1: tensor(189)},fn {0: tensor(9), 1: tensor(0)},fp {0: tensor(0), 1: tensor(9)}
INFO:root:TEST batch 6 / 7 - measures partial microavg - precision 0.9545 - recall 0.9545 - f1 0.9545 
INFO:root:TEST batch 6 / 7 - measures partial for class 0 - precision 0.0000 - recall 0.0000 - f1 0.0000 
INFO:root:TEST batch 6 / 7 - measures partial for class 1 - precision 0.9545 - recall 1.0000 - f1 0.9767 
INFO:root:TEST batch 6 / 7 - Batch time 0 
INFO:root:TEST batch 7 / 7 - partial error 0.0620 - partial loss 0.3403 - partial MRR  0.0000 - partial MAP 0.9798
INFO:root:TEST batch 7 / 7 -  partial tp {0: tensor(0), 1: tensor(181)},fn {0: tensor(17), 1: tensor(0)},fp {0: tensor(0), 1: tensor(17)}
INFO:root:TEST batch 7 / 7 - measures partial microavg - precision 0.9141 - recall 0.9141 - f1 0.9141 
INFO:root:TEST batch 7 / 7 - measures partial for class 0 - precision 0.0000 - recall 0.0000 - f1 0.0000 
INFO:root:TEST batch 7 / 7 - measures partial for class 1 - precision 0.9141 - recall 1.0000 - f1 0.9551 
INFO:root:TEST batch 7 / 7 - Batch time 0 
INFO:root:TEST mean losses tensor(0.3403)
INFO:root:TEST mean errors 0.06204906105995178
INFO:root:TEST mean MRR 0.0 - mean MAP 0.9797644019126892
INFO:root:TEST tp {0: tensor(0), 1: tensor(1300)},fn {0: tensor(86), 1: tensor(0)},fp {0: tensor(0), 1: tensor(86)}
INFO:root:TEST measures microavg - precision 0.9380 - recall 0.9380 - f1 0.9380 
INFO:root:TEST measures for class 0 - precision 0.0000 - recall 0.0000 - f1 0.0000 
INFO:root:TEST measures for class 1 - precision 0.9380 - recall 1.0000 - f1 0.9680 
INFO:root:TEST measures@10 microavg - precision 1.0000 - recall 0.0505 - f1 0.0962 
INFO:root:TEST measures@10 for class 0 - precision 0.0000 - recall 0.0000 - f1 0.0000 
INFO:root:TEST measures@10 for class 1 - precision 1.0000 - recall 0.0538 - f1 0.1022 
INFO:root:TEST measures@100 microavg - precision 0.9643 - recall 0.4870 - f1 0.6472 
INFO:root:TEST measures@100 for class 0 - precision 0.0000 - recall 0.0000 - f1 0.0000 
INFO:root:TEST measures@100 for class 1 - precision 0.9643 - recall 0.5192 - f1 0.6750 
INFO:root:TEST measures@1000 microavg - precision 0.9380 - recall 0.9380 - f1 0.9380 
INFO:root:TEST measures@1000 for class 0 - precision 0.0000 - recall 0.0000 - f1 0.0000 
INFO:root:TEST measures@1000 for class 1 - precision 0.9380 - recall 1.0000 - f1 0.9680 
INFO:root:TEST Total epoch time: 0.14795391899997412
INFO:root:################ TRAIN epoch 80 ###################
INFO:root:TRAIN mean losses tensor(0.2844)
INFO:root:TRAIN mean errors 0.048821549862623215
INFO:root:TRAIN mean MRR 0.0 - mean MAP 0.9805894494056702
INFO:root:TRAIN tp {0: tensor(0), 1: tensor(5650)},fn {0: tensor(290), 1: tensor(0)},fp {0: tensor(0), 1: tensor(290)}
INFO:root:TRAIN measures microavg - precision 0.9512 - recall 0.9512 - f1 0.9512 
INFO:root:TRAIN measures for class 0 - precision 0.0000 - recall 0.0000 - f1 0.0000 
INFO:root:TRAIN measures for class 1 - precision 0.9512 - recall 1.0000 - f1 0.9750 
INFO:root:TRAIN measures@10 microavg - precision 0.9967 - recall 0.0503 - f1 0.0958 
INFO:root:TRAIN measures@10 for class 0 - precision 0.0000 - recall 0.0000 - f1 0.0000 
INFO:root:TRAIN measures@10 for class 1 - precision 0.9967 - recall 0.0529 - f1 0.1005 
INFO:root:TRAIN measures@100 microavg - precision 0.9737 - recall 0.4918 - f1 0.6535 
INFO:root:TRAIN measures@100 for class 0 - precision 0.0000 - recall 0.0000 - f1 0.0000 
INFO:root:TRAIN measures@100 for class 1 - precision 0.9737 - recall 0.5170 - f1 0.6754 
INFO:root:TRAIN measures@1000 microavg - precision 0.9512 - recall 0.9512 - f1 0.9512 
INFO:root:TRAIN measures@1000 for class 0 - precision 0.0000 - recall 0.0000 - f1 0.0000 
INFO:root:TRAIN measures@1000 for class 1 - precision 0.9512 - recall 1.0000 - f1 0.9750 
INFO:root:TRAIN Total epoch time: 1.0104496550002295
INFO:root:################ VALID epoch 80 ###################
INFO:root:VALID mean losses tensor(0.2595)
INFO:root:VALID mean errors 0.046296294778585434
INFO:root:VALID mean MRR 0.0 - mean MAP 0.9820811748504639
INFO:root:VALID tp {0: tensor(0), 1: tensor(1133)},fn {0: tensor(55), 1: tensor(0)},fp {0: tensor(0), 1: tensor(55)}
INFO:root:VALID measures microavg - precision 0.9537 - recall 0.9537 - f1 0.9537 
INFO:root:VALID measures for class 0 - precision 0.0000 - recall 0.0000 - f1 0.0000 
INFO:root:VALID measures for class 1 - precision 0.9537 - recall 1.0000 - f1 0.9763 
INFO:root:VALID measures@10 microavg - precision 0.9667 - recall 0.0488 - f1 0.0929 
INFO:root:VALID measures@10 for class 0 - precision 0.0000 - recall 0.0000 - f1 0.0000 
INFO:root:VALID measures@10 for class 1 - precision 0.9667 - recall 0.0512 - f1 0.0972 
INFO:root:VALID measures@100 microavg - precision 0.9833 - recall 0.4966 - f1 0.6600 
INFO:root:VALID measures@100 for class 0 - precision 0.0000 - recall 0.0000 - f1 0.0000 
INFO:root:VALID measures@100 for class 1 - precision 0.9833 - recall 0.5207 - f1 0.6809 
INFO:root:VALID measures@1000 microavg - precision 0.9537 - recall 0.9537 - f1 0.9537 
INFO:root:VALID measures@1000 for class 0 - precision 0.0000 - recall 0.0000 - f1 0.0000 
INFO:root:VALID measures@1000 for class 1 - precision 0.9537 - recall 1.0000 - f1 0.9763 
INFO:root:VALID Total epoch time: 0.10375957899987043
INFO:root:################ TEST epoch 80 ###################
INFO:root:TEST batch 1 / 7 - partial error 0.0455 - partial loss 0.2855 - partial MRR  0.0000 - partial MAP 0.9805
INFO:root:TEST batch 1 / 7 -  partial tp {0: tensor(0), 1: tensor(189)},fn {0: tensor(9), 1: tensor(0)},fp {0: tensor(0), 1: tensor(9)}
INFO:root:TEST batch 1 / 7 - measures partial microavg - precision 0.9545 - recall 0.9545 - f1 0.9545 
INFO:root:TEST batch 1 / 7 - measures partial for class 0 - precision 0.0000 - recall 0.0000 - f1 0.0000 
INFO:root:TEST batch 1 / 7 - measures partial for class 1 - precision 0.9545 - recall 1.0000 - f1 0.9767 
INFO:root:TEST batch 1 / 7 - Batch time 0 
INFO:root:TEST batch 2 / 7 - partial error 0.0581 - partial loss 0.3391 - partial MRR  0.0000 - partial MAP 0.9765
INFO:root:TEST batch 2 / 7 -  partial tp {0: tensor(0), 1: tensor(184)},fn {0: tensor(14), 1: tensor(0)},fp {0: tensor(0), 1: tensor(14)}
INFO:root:TEST batch 2 / 7 - measures partial microavg - precision 0.9293 - recall 0.9293 - f1 0.9293 
INFO:root:TEST batch 2 / 7 - measures partial for class 0 - precision 0.0000 - recall 0.0000 - f1 0.0000 
INFO:root:TEST batch 2 / 7 - measures partial for class 1 - precision 0.9293 - recall 1.0000 - f1 0.9634 
INFO:root:TEST batch 2 / 7 - Batch time 0 
INFO:root:TEST batch 3 / 7 - partial error 0.0556 - partial loss 0.3221 - partial MRR  0.0000 - partial MAP 0.9793
INFO:root:TEST batch 3 / 7 -  partial tp {0: tensor(0), 1: tensor(188)},fn {0: tensor(10), 1: tensor(0)},fp {0: tensor(0), 1: tensor(10)}
INFO:root:TEST batch 3 / 7 - measures partial microavg - precision 0.9495 - recall 0.9495 - f1 0.9495 
INFO:root:TEST batch 3 / 7 - measures partial for class 0 - precision 0.0000 - recall 0.0000 - f1 0.0000 
INFO:root:TEST batch 3 / 7 - measures partial for class 1 - precision 0.9495 - recall 1.0000 - f1 0.9741 
INFO:root:TEST batch 3 / 7 - Batch time 0 
INFO:root:TEST batch 4 / 7 - partial error 0.0568 - partial loss 0.3240 - partial MRR  0.0000 - partial MAP 0.9791
INFO:root:TEST batch 4 / 7 -  partial tp {0: tensor(0), 1: tensor(186)},fn {0: tensor(12), 1: tensor(0)},fp {0: tensor(0), 1: tensor(12)}
INFO:root:TEST batch 4 / 7 - measures partial microavg - precision 0.9394 - recall 0.9394 - f1 0.9394 
INFO:root:TEST batch 4 / 7 - measures partial for class 0 - precision 0.0000 - recall 0.0000 - f1 0.0000 
INFO:root:TEST batch 4 / 7 - measures partial for class 1 - precision 0.9394 - recall 1.0000 - f1 0.9688 
INFO:root:TEST batch 4 / 7 - Batch time 0 
INFO:root:TEST batch 5 / 7 - partial error 0.0606 - partial loss 0.3419 - partial MRR  0.0000 - partial MAP 0.9766
INFO:root:TEST batch 5 / 7 -  partial tp {0: tensor(0), 1: tensor(183)},fn {0: tensor(15), 1: tensor(0)},fp {0: tensor(0), 1: tensor(15)}
INFO:root:TEST batch 5 / 7 - measures partial microavg - precision 0.9242 - recall 0.9242 - f1 0.9242 
INFO:root:TEST batch 5 / 7 - measures partial for class 0 - precision 0.0000 - recall 0.0000 - f1 0.0000 
INFO:root:TEST batch 5 / 7 - measures partial for class 1 - precision 0.9242 - recall 1.0000 - f1 0.9606 
INFO:root:TEST batch 5 / 7 - Batch time 0 
INFO:root:TEST batch 6 / 7 - partial error 0.0581 - partial loss 0.3263 - partial MRR  0.0000 - partial MAP 0.9786
INFO:root:TEST batch 6 / 7 -  partial tp {0: tensor(0), 1: tensor(189)},fn {0: tensor(9), 1: tensor(0)},fp {0: tensor(0), 1: tensor(9)}
INFO:root:TEST batch 6 / 7 - measures partial microavg - precision 0.9545 - recall 0.9545 - f1 0.9545 
INFO:root:TEST batch 6 / 7 - measures partial for class 0 - precision 0.0000 - recall 0.0000 - f1 0.0000 
INFO:root:TEST batch 6 / 7 - measures partial for class 1 - precision 0.9545 - recall 1.0000 - f1 0.9767 
INFO:root:TEST batch 6 / 7 - Batch time 0 
INFO:root:TEST batch 7 / 7 - partial error 0.0620 - partial loss 0.3412 - partial MRR  0.0000 - partial MAP 0.9786
INFO:root:TEST batch 7 / 7 -  partial tp {0: tensor(0), 1: tensor(181)},fn {0: tensor(17), 1: tensor(0)},fp {0: tensor(0), 1: tensor(17)}
INFO:root:TEST batch 7 / 7 - measures partial microavg - precision 0.9141 - recall 0.9141 - f1 0.9141 
INFO:root:TEST batch 7 / 7 - measures partial for class 0 - precision 0.0000 - recall 0.0000 - f1 0.0000 
INFO:root:TEST batch 7 / 7 - measures partial for class 1 - precision 0.9141 - recall 1.0000 - f1 0.9551 
INFO:root:TEST batch 7 / 7 - Batch time 0 
INFO:root:TEST mean losses tensor(0.3412)
INFO:root:TEST mean errors 0.06204906105995178
INFO:root:TEST mean MRR 0.0 - mean MAP 0.9786385893821716
INFO:root:TEST tp {0: tensor(0), 1: tensor(1300)},fn {0: tensor(86), 1: tensor(0)},fp {0: tensor(0), 1: tensor(86)}
INFO:root:TEST measures microavg - precision 0.9380 - recall 0.9380 - f1 0.9380 
INFO:root:TEST measures for class 0 - precision 0.0000 - recall 0.0000 - f1 0.0000 
INFO:root:TEST measures for class 1 - precision 0.9380 - recall 1.0000 - f1 0.9680 
INFO:root:TEST measures@10 microavg - precision 0.9857 - recall 0.0498 - f1 0.0948 
INFO:root:TEST measures@10 for class 0 - precision 0.0000 - recall 0.0000 - f1 0.0000 
INFO:root:TEST measures@10 for class 1 - precision 0.9857 - recall 0.0531 - f1 0.1007 
INFO:root:TEST measures@100 microavg - precision 0.9729 - recall 0.4913 - f1 0.6529 
INFO:root:TEST measures@100 for class 0 - precision 0.0000 - recall 0.0000 - f1 0.0000 
INFO:root:TEST measures@100 for class 1 - precision 0.9729 - recall 0.5238 - f1 0.6810 
INFO:root:TEST measures@1000 microavg - precision 0.9380 - recall 0.9380 - f1 0.9380 
INFO:root:TEST measures@1000 for class 0 - precision 0.0000 - recall 0.0000 - f1 0.0000 
INFO:root:TEST measures@1000 for class 1 - precision 0.9380 - recall 1.0000 - f1 0.9680 
INFO:root:TEST Total epoch time: 0.1407968600001368
INFO:root:################ TRAIN epoch 81 ###################
INFO:root:TRAIN mean losses tensor(0.2831)
INFO:root:TRAIN mean errors 0.048821549862623215
INFO:root:TRAIN mean MRR 0.0 - mean MAP 0.9816879034042358
INFO:root:TRAIN tp {0: tensor(0), 1: tensor(5650)},fn {0: tensor(290), 1: tensor(0)},fp {0: tensor(0), 1: tensor(290)}
INFO:root:TRAIN measures microavg - precision 0.9512 - recall 0.9512 - f1 0.9512 
INFO:root:TRAIN measures for class 0 - precision 0.0000 - recall 0.0000 - f1 0.0000 
INFO:root:TRAIN measures for class 1 - precision 0.9512 - recall 1.0000 - f1 0.9750 
INFO:root:TRAIN measures@10 microavg - precision 0.9933 - recall 0.0502 - f1 0.0955 
INFO:root:TRAIN measures@10 for class 0 - precision 0.0000 - recall 0.0000 - f1 0.0000 
INFO:root:TRAIN measures@10 for class 1 - precision 0.9933 - recall 0.0527 - f1 0.1002 
INFO:root:TRAIN measures@100 microavg - precision 0.9763 - recall 0.4931 - f1 0.6553 
INFO:root:TRAIN measures@100 for class 0 - precision 0.0000 - recall 0.0000 - f1 0.0000 
INFO:root:TRAIN measures@100 for class 1 - precision 0.9763 - recall 0.5184 - f1 0.6772 
INFO:root:TRAIN measures@1000 microavg - precision 0.9512 - recall 0.9512 - f1 0.9512 
INFO:root:TRAIN measures@1000 for class 0 - precision 0.0000 - recall 0.0000 - f1 0.0000 
INFO:root:TRAIN measures@1000 for class 1 - precision 0.9512 - recall 1.0000 - f1 0.9750 
INFO:root:TRAIN Total epoch time: 0.8861039579996941
INFO:root:################ VALID epoch 81 ###################
INFO:root:VALID mean losses tensor(0.2621)
INFO:root:VALID mean errors 0.046296294778585434
INFO:root:VALID mean MRR 0.0 - mean MAP 0.9810778498649597
INFO:root:VALID tp {0: tensor(0), 1: tensor(1133)},fn {0: tensor(55), 1: tensor(0)},fp {0: tensor(0), 1: tensor(55)}
INFO:root:VALID measures microavg - precision 0.9537 - recall 0.9537 - f1 0.9537 
INFO:root:VALID measures for class 0 - precision 0.0000 - recall 0.0000 - f1 0.0000 
INFO:root:VALID measures for class 1 - precision 0.9537 - recall 1.0000 - f1 0.9763 
INFO:root:VALID measures@10 microavg - precision 0.9833 - recall 0.0497 - f1 0.0946 
INFO:root:VALID measures@10 for class 0 - precision 0.0000 - recall 0.0000 - f1 0.0000 
INFO:root:VALID measures@10 for class 1 - precision 0.9833 - recall 0.0521 - f1 0.0989 
INFO:root:VALID measures@100 microavg - precision 0.9817 - recall 0.4958 - f1 0.6588 
INFO:root:VALID measures@100 for class 0 - precision 0.0000 - recall 0.0000 - f1 0.0000 
INFO:root:VALID measures@100 for class 1 - precision 0.9817 - recall 0.5199 - f1 0.6797 
INFO:root:VALID measures@1000 microavg - precision 0.9537 - recall 0.9537 - f1 0.9537 
INFO:root:VALID measures@1000 for class 0 - precision 0.0000 - recall 0.0000 - f1 0.0000 
INFO:root:VALID measures@1000 for class 1 - precision 0.9537 - recall 1.0000 - f1 0.9763 
INFO:root:VALID Total epoch time: 0.11506078999991587
INFO:root:################ TEST epoch 81 ###################
INFO:root:TEST batch 1 / 7 - partial error 0.0455 - partial loss 0.2739 - partial MRR  0.0000 - partial MAP 0.9866
INFO:root:TEST batch 1 / 7 -  partial tp {0: tensor(0), 1: tensor(189)},fn {0: tensor(9), 1: tensor(0)},fp {0: tensor(0), 1: tensor(9)}
INFO:root:TEST batch 1 / 7 - measures partial microavg - precision 0.9545 - recall 0.9545 - f1 0.9545 
INFO:root:TEST batch 1 / 7 - measures partial for class 0 - precision 0.0000 - recall 0.0000 - f1 0.0000 
INFO:root:TEST batch 1 / 7 - measures partial for class 1 - precision 0.9545 - recall 1.0000 - f1 0.9767 
INFO:root:TEST batch 1 / 7 - Batch time 0 
INFO:root:TEST batch 2 / 7 - partial error 0.0581 - partial loss 0.3289 - partial MRR  0.0000 - partial MAP 0.9802
INFO:root:TEST batch 2 / 7 -  partial tp {0: tensor(0), 1: tensor(184)},fn {0: tensor(14), 1: tensor(0)},fp {0: tensor(0), 1: tensor(14)}
INFO:root:TEST batch 2 / 7 - measures partial microavg - precision 0.9293 - recall 0.9293 - f1 0.9293 
INFO:root:TEST batch 2 / 7 - measures partial for class 0 - precision 0.0000 - recall 0.0000 - f1 0.0000 
INFO:root:TEST batch 2 / 7 - measures partial for class 1 - precision 0.9293 - recall 1.0000 - f1 0.9634 
INFO:root:TEST batch 2 / 7 - Batch time 0 
INFO:root:TEST batch 3 / 7 - partial error 0.0556 - partial loss 0.3135 - partial MRR  0.0000 - partial MAP 0.9820
INFO:root:TEST batch 3 / 7 -  partial tp {0: tensor(0), 1: tensor(188)},fn {0: tensor(10), 1: tensor(0)},fp {0: tensor(0), 1: tensor(10)}
INFO:root:TEST batch 3 / 7 - measures partial microavg - precision 0.9495 - recall 0.9495 - f1 0.9495 
INFO:root:TEST batch 3 / 7 - measures partial for class 0 - precision 0.0000 - recall 0.0000 - f1 0.0000 
INFO:root:TEST batch 3 / 7 - measures partial for class 1 - precision 0.9495 - recall 1.0000 - f1 0.9741 
INFO:root:TEST batch 3 / 7 - Batch time 0 
INFO:root:TEST batch 4 / 7 - partial error 0.0568 - partial loss 0.3196 - partial MRR  0.0000 - partial MAP 0.9794
INFO:root:TEST batch 4 / 7 -  partial tp {0: tensor(0), 1: tensor(186)},fn {0: tensor(12), 1: tensor(0)},fp {0: tensor(0), 1: tensor(12)}
INFO:root:TEST batch 4 / 7 - measures partial microavg - precision 0.9394 - recall 0.9394 - f1 0.9394 
INFO:root:TEST batch 4 / 7 - measures partial for class 0 - precision 0.0000 - recall 0.0000 - f1 0.0000 
INFO:root:TEST batch 4 / 7 - measures partial for class 1 - precision 0.9394 - recall 1.0000 - f1 0.9688 
INFO:root:TEST batch 4 / 7 - Batch time 0 
INFO:root:TEST batch 5 / 7 - partial error 0.0606 - partial loss 0.3372 - partial MRR  0.0000 - partial MAP 0.9783
INFO:root:TEST batch 5 / 7 -  partial tp {0: tensor(0), 1: tensor(183)},fn {0: tensor(15), 1: tensor(0)},fp {0: tensor(0), 1: tensor(15)}
INFO:root:TEST batch 5 / 7 - measures partial microavg - precision 0.9242 - recall 0.9242 - f1 0.9242 
INFO:root:TEST batch 5 / 7 - measures partial for class 0 - precision 0.0000 - recall 0.0000 - f1 0.0000 
INFO:root:TEST batch 5 / 7 - measures partial for class 1 - precision 0.9242 - recall 1.0000 - f1 0.9606 
INFO:root:TEST batch 5 / 7 - Batch time 0 
INFO:root:TEST batch 6 / 7 - partial error 0.0581 - partial loss 0.3242 - partial MRR  0.0000 - partial MAP 0.9797
INFO:root:TEST batch 6 / 7 -  partial tp {0: tensor(0), 1: tensor(189)},fn {0: tensor(9), 1: tensor(0)},fp {0: tensor(0), 1: tensor(9)}
INFO:root:TEST batch 6 / 7 - measures partial microavg - precision 0.9545 - recall 0.9545 - f1 0.9545 
INFO:root:TEST batch 6 / 7 - measures partial for class 0 - precision 0.0000 - recall 0.0000 - f1 0.0000 
INFO:root:TEST batch 6 / 7 - measures partial for class 1 - precision 0.9545 - recall 1.0000 - f1 0.9767 
INFO:root:TEST batch 6 / 7 - Batch time 0 
INFO:root:TEST batch 7 / 7 - partial error 0.0620 - partial loss 0.3402 - partial MRR  0.0000 - partial MAP 0.9798
INFO:root:TEST batch 7 / 7 -  partial tp {0: tensor(0), 1: tensor(181)},fn {0: tensor(17), 1: tensor(0)},fp {0: tensor(0), 1: tensor(17)}
INFO:root:TEST batch 7 / 7 - measures partial microavg - precision 0.9141 - recall 0.9141 - f1 0.9141 
INFO:root:TEST batch 7 / 7 - measures partial for class 0 - precision 0.0000 - recall 0.0000 - f1 0.0000 
INFO:root:TEST batch 7 / 7 - measures partial for class 1 - precision 0.9141 - recall 1.0000 - f1 0.9551 
INFO:root:TEST batch 7 / 7 - Batch time 0 
INFO:root:TEST mean losses tensor(0.3402)
INFO:root:TEST mean errors 0.06204906105995178
INFO:root:TEST mean MRR 0.0 - mean MAP 0.9797813296318054
INFO:root:TEST tp {0: tensor(0), 1: tensor(1300)},fn {0: tensor(86), 1: tensor(0)},fp {0: tensor(0), 1: tensor(86)}
INFO:root:TEST measures microavg - precision 0.9380 - recall 0.9380 - f1 0.9380 
INFO:root:TEST measures for class 0 - precision 0.0000 - recall 0.0000 - f1 0.0000 
INFO:root:TEST measures for class 1 - precision 0.9380 - recall 1.0000 - f1 0.9680 
INFO:root:TEST measures@10 microavg - precision 1.0000 - recall 0.0505 - f1 0.0962 
INFO:root:TEST measures@10 for class 0 - precision 0.0000 - recall 0.0000 - f1 0.0000 
INFO:root:TEST measures@10 for class 1 - precision 1.0000 - recall 0.0538 - f1 0.1022 
INFO:root:TEST measures@100 microavg - precision 0.9700 - recall 0.4899 - f1 0.6510 
INFO:root:TEST measures@100 for class 0 - precision 0.0000 - recall 0.0000 - f1 0.0000 
INFO:root:TEST measures@100 for class 1 - precision 0.9700 - recall 0.5223 - f1 0.6790 
INFO:root:TEST measures@1000 microavg - precision 0.9380 - recall 0.9380 - f1 0.9380 
INFO:root:TEST measures@1000 for class 0 - precision 0.0000 - recall 0.0000 - f1 0.0000 
INFO:root:TEST measures@1000 for class 1 - precision 0.9380 - recall 1.0000 - f1 0.9680 
INFO:root:TEST Total epoch time: 0.14259857700017164
INFO:root:################ TRAIN epoch 82 ###################
INFO:root:TRAIN mean losses tensor(0.2812)
INFO:root:TRAIN mean errors 0.048821549862623215
INFO:root:TRAIN mean MRR 0.0 - mean MAP 0.9822328686714172
INFO:root:TRAIN tp {0: tensor(0), 1: tensor(5650)},fn {0: tensor(290), 1: tensor(0)},fp {0: tensor(0), 1: tensor(290)}
INFO:root:TRAIN measures microavg - precision 0.9512 - recall 0.9512 - f1 0.9512 
INFO:root:TRAIN measures for class 0 - precision 0.0000 - recall 0.0000 - f1 0.0000 
INFO:root:TRAIN measures for class 1 - precision 0.9512 - recall 1.0000 - f1 0.9750 
INFO:root:TRAIN measures@10 microavg - precision 0.9933 - recall 0.0502 - f1 0.0955 
INFO:root:TRAIN measures@10 for class 0 - precision 0.0000 - recall 0.0000 - f1 0.0000 
INFO:root:TRAIN measures@10 for class 1 - precision 0.9933 - recall 0.0527 - f1 0.1002 
INFO:root:TRAIN measures@100 microavg - precision 0.9747 - recall 0.4923 - f1 0.6541 
INFO:root:TRAIN measures@100 for class 0 - precision 0.0000 - recall 0.0000 - f1 0.0000 
INFO:root:TRAIN measures@100 for class 1 - precision 0.9747 - recall 0.5175 - f1 0.6761 
INFO:root:TRAIN measures@1000 microavg - precision 0.9512 - recall 0.9512 - f1 0.9512 
INFO:root:TRAIN measures@1000 for class 0 - precision 0.0000 - recall 0.0000 - f1 0.0000 
INFO:root:TRAIN measures@1000 for class 1 - precision 0.9512 - recall 1.0000 - f1 0.9750 
INFO:root:TRAIN Total epoch time: 0.8768761440001072
INFO:root:################ VALID epoch 82 ###################
INFO:root:VALID mean losses tensor(0.2618)
INFO:root:VALID mean errors 0.046296294778585434
INFO:root:VALID mean MRR 0.0 - mean MAP 0.9821069240570068
INFO:root:VALID tp {0: tensor(0), 1: tensor(1133)},fn {0: tensor(55), 1: tensor(0)},fp {0: tensor(0), 1: tensor(55)}
INFO:root:VALID measures microavg - precision 0.9537 - recall 0.9537 - f1 0.9537 
INFO:root:VALID measures for class 0 - precision 0.0000 - recall 0.0000 - f1 0.0000 
INFO:root:VALID measures for class 1 - precision 0.9537 - recall 1.0000 - f1 0.9763 
INFO:root:VALID measures@10 microavg - precision 0.9667 - recall 0.0488 - f1 0.0929 
INFO:root:VALID measures@10 for class 0 - precision 0.0000 - recall 0.0000 - f1 0.0000 
INFO:root:VALID measures@10 for class 1 - precision 0.9667 - recall 0.0512 - f1 0.0972 
INFO:root:VALID measures@100 microavg - precision 0.9867 - recall 0.4983 - f1 0.6622 
INFO:root:VALID measures@100 for class 0 - precision 0.0000 - recall 0.0000 - f1 0.0000 
INFO:root:VALID measures@100 for class 1 - precision 0.9867 - recall 0.5225 - f1 0.6832 
INFO:root:VALID measures@1000 microavg - precision 0.9537 - recall 0.9537 - f1 0.9537 
INFO:root:VALID measures@1000 for class 0 - precision 0.0000 - recall 0.0000 - f1 0.0000 
INFO:root:VALID measures@1000 for class 1 - precision 0.9537 - recall 1.0000 - f1 0.9763 
INFO:root:VALID Total epoch time: 0.11394987700032289
INFO:root:################ TEST epoch 82 ###################
INFO:root:TEST batch 1 / 7 - partial error 0.0455 - partial loss 0.2779 - partial MRR  0.0000 - partial MAP 0.9834
INFO:root:TEST batch 1 / 7 -  partial tp {0: tensor(0), 1: tensor(189)},fn {0: tensor(9), 1: tensor(0)},fp {0: tensor(0), 1: tensor(9)}
INFO:root:TEST batch 1 / 7 - measures partial microavg - precision 0.9545 - recall 0.9545 - f1 0.9545 
INFO:root:TEST batch 1 / 7 - measures partial for class 0 - precision 0.0000 - recall 0.0000 - f1 0.0000 
INFO:root:TEST batch 1 / 7 - measures partial for class 1 - precision 0.9545 - recall 1.0000 - f1 0.9767 
INFO:root:TEST batch 1 / 7 - Batch time 0 
INFO:root:TEST batch 2 / 7 - partial error 0.0581 - partial loss 0.3282 - partial MRR  0.0000 - partial MAP 0.9815
INFO:root:TEST batch 2 / 7 -  partial tp {0: tensor(0), 1: tensor(184)},fn {0: tensor(14), 1: tensor(0)},fp {0: tensor(0), 1: tensor(14)}
INFO:root:TEST batch 2 / 7 - measures partial microavg - precision 0.9293 - recall 0.9293 - f1 0.9293 
INFO:root:TEST batch 2 / 7 - measures partial for class 0 - precision 0.0000 - recall 0.0000 - f1 0.0000 
INFO:root:TEST batch 2 / 7 - measures partial for class 1 - precision 0.9293 - recall 1.0000 - f1 0.9634 
INFO:root:TEST batch 2 / 7 - Batch time 0 
INFO:root:TEST batch 3 / 7 - partial error 0.0556 - partial loss 0.3139 - partial MRR  0.0000 - partial MAP 0.9829
INFO:root:TEST batch 3 / 7 -  partial tp {0: tensor(0), 1: tensor(188)},fn {0: tensor(10), 1: tensor(0)},fp {0: tensor(0), 1: tensor(10)}
INFO:root:TEST batch 3 / 7 - measures partial microavg - precision 0.9495 - recall 0.9495 - f1 0.9495 
INFO:root:TEST batch 3 / 7 - measures partial for class 0 - precision 0.0000 - recall 0.0000 - f1 0.0000 
INFO:root:TEST batch 3 / 7 - measures partial for class 1 - precision 0.9495 - recall 1.0000 - f1 0.9741 
INFO:root:TEST batch 3 / 7 - Batch time 0 
INFO:root:TEST batch 4 / 7 - partial error 0.0568 - partial loss 0.3184 - partial MRR  0.0000 - partial MAP 0.9817
INFO:root:TEST batch 4 / 7 -  partial tp {0: tensor(0), 1: tensor(186)},fn {0: tensor(12), 1: tensor(0)},fp {0: tensor(0), 1: tensor(12)}
INFO:root:TEST batch 4 / 7 - measures partial microavg - precision 0.9394 - recall 0.9394 - f1 0.9394 
INFO:root:TEST batch 4 / 7 - measures partial for class 0 - precision 0.0000 - recall 0.0000 - f1 0.0000 
INFO:root:TEST batch 4 / 7 - measures partial for class 1 - precision 0.9394 - recall 1.0000 - f1 0.9688 
INFO:root:TEST batch 4 / 7 - Batch time 0 
INFO:root:TEST batch 5 / 7 - partial error 0.0606 - partial loss 0.3357 - partial MRR  0.0000 - partial MAP 0.9810
INFO:root:TEST batch 5 / 7 -  partial tp {0: tensor(0), 1: tensor(183)},fn {0: tensor(15), 1: tensor(0)},fp {0: tensor(0), 1: tensor(15)}
INFO:root:TEST batch 5 / 7 - measures partial microavg - precision 0.9242 - recall 0.9242 - f1 0.9242 
INFO:root:TEST batch 5 / 7 - measures partial for class 0 - precision 0.0000 - recall 0.0000 - f1 0.0000 
INFO:root:TEST batch 5 / 7 - measures partial for class 1 - precision 0.9242 - recall 1.0000 - f1 0.9606 
INFO:root:TEST batch 5 / 7 - Batch time 0 
INFO:root:TEST batch 6 / 7 - partial error 0.0581 - partial loss 0.3232 - partial MRR  0.0000 - partial MAP 0.9818
INFO:root:TEST batch 6 / 7 -  partial tp {0: tensor(0), 1: tensor(189)},fn {0: tensor(9), 1: tensor(0)},fp {0: tensor(0), 1: tensor(9)}
INFO:root:TEST batch 6 / 7 - measures partial microavg - precision 0.9545 - recall 0.9545 - f1 0.9545 
INFO:root:TEST batch 6 / 7 - measures partial for class 0 - precision 0.0000 - recall 0.0000 - f1 0.0000 
INFO:root:TEST batch 6 / 7 - measures partial for class 1 - precision 0.9545 - recall 1.0000 - f1 0.9767 
INFO:root:TEST batch 6 / 7 - Batch time 0 
INFO:root:TEST batch 7 / 7 - partial error 0.0620 - partial loss 0.3382 - partial MRR  0.0000 - partial MAP 0.9822
INFO:root:TEST batch 7 / 7 -  partial tp {0: tensor(0), 1: tensor(181)},fn {0: tensor(17), 1: tensor(0)},fp {0: tensor(0), 1: tensor(17)}
INFO:root:TEST batch 7 / 7 - measures partial microavg - precision 0.9141 - recall 0.9141 - f1 0.9141 
INFO:root:TEST batch 7 / 7 - measures partial for class 0 - precision 0.0000 - recall 0.0000 - f1 0.0000 
INFO:root:TEST batch 7 / 7 - measures partial for class 1 - precision 0.9141 - recall 1.0000 - f1 0.9551 
INFO:root:TEST batch 7 / 7 - Batch time 0 
INFO:root:TEST mean losses tensor(0.3382)
INFO:root:TEST mean errors 0.06204906105995178
INFO:root:TEST mean MRR 0.0 - mean MAP 0.9821733236312866
INFO:root:TEST tp {0: tensor(0), 1: tensor(1300)},fn {0: tensor(86), 1: tensor(0)},fp {0: tensor(0), 1: tensor(86)}
INFO:root:TEST measures microavg - precision 0.9380 - recall 0.9380 - f1 0.9380 
INFO:root:TEST measures for class 0 - precision 0.0000 - recall 0.0000 - f1 0.0000 
INFO:root:TEST measures for class 1 - precision 0.9380 - recall 1.0000 - f1 0.9680 
INFO:root:TEST measures@10 microavg - precision 1.0000 - recall 0.0505 - f1 0.0962 
INFO:root:TEST measures@10 for class 0 - precision 0.0000 - recall 0.0000 - f1 0.0000 
INFO:root:TEST measures@10 for class 1 - precision 1.0000 - recall 0.0538 - f1 0.1022 
INFO:root:TEST measures@100 microavg - precision 0.9686 - recall 0.4892 - f1 0.6500 
INFO:root:TEST measures@100 for class 0 - precision 0.0000 - recall 0.0000 - f1 0.0000 
INFO:root:TEST measures@100 for class 1 - precision 0.9686 - recall 0.5215 - f1 0.6780 
INFO:root:TEST measures@1000 microavg - precision 0.9380 - recall 0.9380 - f1 0.9380 
INFO:root:TEST measures@1000 for class 0 - precision 0.0000 - recall 0.0000 - f1 0.0000 
INFO:root:TEST measures@1000 for class 1 - precision 0.9380 - recall 1.0000 - f1 0.9680 
INFO:root:TEST Total epoch time: 0.21983442900000227
INFO:root:################ TRAIN epoch 83 ###################
INFO:root:TRAIN mean losses tensor(0.2843)
INFO:root:TRAIN mean errors 0.048821549862623215
INFO:root:TRAIN mean MRR 0.0 - mean MAP 0.9809123277664185
INFO:root:TRAIN tp {0: tensor(0), 1: tensor(5650)},fn {0: tensor(290), 1: tensor(0)},fp {0: tensor(0), 1: tensor(290)}
INFO:root:TRAIN measures microavg - precision 0.9512 - recall 0.9512 - f1 0.9512 
INFO:root:TRAIN measures for class 0 - precision 0.0000 - recall 0.0000 - f1 0.0000 
INFO:root:TRAIN measures for class 1 - precision 0.9512 - recall 1.0000 - f1 0.9750 
INFO:root:TRAIN measures@10 microavg - precision 0.9900 - recall 0.0500 - f1 0.0952 
INFO:root:TRAIN measures@10 for class 0 - precision 0.0000 - recall 0.0000 - f1 0.0000 
INFO:root:TRAIN measures@10 for class 1 - precision 0.9900 - recall 0.0526 - f1 0.0998 
INFO:root:TRAIN measures@100 microavg - precision 0.9743 - recall 0.4921 - f1 0.6539 
INFO:root:TRAIN measures@100 for class 0 - precision 0.0000 - recall 0.0000 - f1 0.0000 
INFO:root:TRAIN measures@100 for class 1 - precision 0.9743 - recall 0.5173 - f1 0.6758 
INFO:root:TRAIN measures@1000 microavg - precision 0.9512 - recall 0.9512 - f1 0.9512 
INFO:root:TRAIN measures@1000 for class 0 - precision 0.0000 - recall 0.0000 - f1 0.0000 
INFO:root:TRAIN measures@1000 for class 1 - precision 0.9512 - recall 1.0000 - f1 0.9750 
INFO:root:TRAIN Total epoch time: 0.8910408320002716
INFO:root:################ VALID epoch 83 ###################
INFO:root:VALID mean losses tensor(0.2587)
INFO:root:VALID mean errors 0.046296294778585434
INFO:root:VALID mean MRR 0.0 - mean MAP 0.9833409786224365
INFO:root:VALID tp {0: tensor(0), 1: tensor(1133)},fn {0: tensor(55), 1: tensor(0)},fp {0: tensor(0), 1: tensor(55)}
INFO:root:VALID measures microavg - precision 0.9537 - recall 0.9537 - f1 0.9537 
INFO:root:VALID measures for class 0 - precision 0.0000 - recall 0.0000 - f1 0.0000 
INFO:root:VALID measures for class 1 - precision 0.9537 - recall 1.0000 - f1 0.9763 
INFO:root:VALID measures@10 microavg - precision 0.9667 - recall 0.0488 - f1 0.0929 
INFO:root:VALID measures@10 for class 0 - precision 0.0000 - recall 0.0000 - f1 0.0000 
INFO:root:VALID measures@10 for class 1 - precision 0.9667 - recall 0.0512 - f1 0.0972 
INFO:root:VALID measures@100 microavg - precision 0.9817 - recall 0.4958 - f1 0.6588 
INFO:root:VALID measures@100 for class 0 - precision 0.0000 - recall 0.0000 - f1 0.0000 
INFO:root:VALID measures@100 for class 1 - precision 0.9817 - recall 0.5199 - f1 0.6797 
INFO:root:VALID measures@1000 microavg - precision 0.9537 - recall 0.9537 - f1 0.9537 
INFO:root:VALID measures@1000 for class 0 - precision 0.0000 - recall 0.0000 - f1 0.0000 
INFO:root:VALID measures@1000 for class 1 - precision 0.9537 - recall 1.0000 - f1 0.9763 
INFO:root:VALID Total epoch time: 0.11376934700001584
INFO:root:################ TEST epoch 83 ###################
INFO:root:TEST batch 1 / 7 - partial error 0.0455 - partial loss 0.2866 - partial MRR  0.0000 - partial MAP 0.9809
INFO:root:TEST batch 1 / 7 -  partial tp {0: tensor(0), 1: tensor(189)},fn {0: tensor(9), 1: tensor(0)},fp {0: tensor(0), 1: tensor(9)}
INFO:root:TEST batch 1 / 7 - measures partial microavg - precision 0.9545 - recall 0.9545 - f1 0.9545 
INFO:root:TEST batch 1 / 7 - measures partial for class 0 - precision 0.0000 - recall 0.0000 - f1 0.0000 
INFO:root:TEST batch 1 / 7 - measures partial for class 1 - precision 0.9545 - recall 1.0000 - f1 0.9767 
INFO:root:TEST batch 1 / 7 - Batch time 0 
INFO:root:TEST batch 2 / 7 - partial error 0.0581 - partial loss 0.3390 - partial MRR  0.0000 - partial MAP 0.9769
INFO:root:TEST batch 2 / 7 -  partial tp {0: tensor(0), 1: tensor(184)},fn {0: tensor(14), 1: tensor(0)},fp {0: tensor(0), 1: tensor(14)}
INFO:root:TEST batch 2 / 7 - measures partial microavg - precision 0.9293 - recall 0.9293 - f1 0.9293 
INFO:root:TEST batch 2 / 7 - measures partial for class 0 - precision 0.0000 - recall 0.0000 - f1 0.0000 
INFO:root:TEST batch 2 / 7 - measures partial for class 1 - precision 0.9293 - recall 1.0000 - f1 0.9634 
INFO:root:TEST batch 2 / 7 - Batch time 0 
INFO:root:TEST batch 3 / 7 - partial error 0.0556 - partial loss 0.3210 - partial MRR  0.0000 - partial MAP 0.9793
INFO:root:TEST batch 3 / 7 -  partial tp {0: tensor(0), 1: tensor(188)},fn {0: tensor(10), 1: tensor(0)},fp {0: tensor(0), 1: tensor(10)}
INFO:root:TEST batch 3 / 7 - measures partial microavg - precision 0.9495 - recall 0.9495 - f1 0.9495 
INFO:root:TEST batch 3 / 7 - measures partial for class 0 - precision 0.0000 - recall 0.0000 - f1 0.0000 
INFO:root:TEST batch 3 / 7 - measures partial for class 1 - precision 0.9495 - recall 1.0000 - f1 0.9741 
INFO:root:TEST batch 3 / 7 - Batch time 0 
INFO:root:TEST batch 4 / 7 - partial error 0.0568 - partial loss 0.3228 - partial MRR  0.0000 - partial MAP 0.9788
INFO:root:TEST batch 4 / 7 -  partial tp {0: tensor(0), 1: tensor(186)},fn {0: tensor(12), 1: tensor(0)},fp {0: tensor(0), 1: tensor(12)}
INFO:root:TEST batch 4 / 7 - measures partial microavg - precision 0.9394 - recall 0.9394 - f1 0.9394 
INFO:root:TEST batch 4 / 7 - measures partial for class 0 - precision 0.0000 - recall 0.0000 - f1 0.0000 
INFO:root:TEST batch 4 / 7 - measures partial for class 1 - precision 0.9394 - recall 1.0000 - f1 0.9688 
INFO:root:TEST batch 4 / 7 - Batch time 0 
INFO:root:TEST batch 5 / 7 - partial error 0.0606 - partial loss 0.3412 - partial MRR  0.0000 - partial MAP 0.9771
INFO:root:TEST batch 5 / 7 -  partial tp {0: tensor(0), 1: tensor(183)},fn {0: tensor(15), 1: tensor(0)},fp {0: tensor(0), 1: tensor(15)}
INFO:root:TEST batch 5 / 7 - measures partial microavg - precision 0.9242 - recall 0.9242 - f1 0.9242 
INFO:root:TEST batch 5 / 7 - measures partial for class 0 - precision 0.0000 - recall 0.0000 - f1 0.0000 
INFO:root:TEST batch 5 / 7 - measures partial for class 1 - precision 0.9242 - recall 1.0000 - f1 0.9606 
INFO:root:TEST batch 5 / 7 - Batch time 0 
INFO:root:TEST batch 6 / 7 - partial error 0.0581 - partial loss 0.3258 - partial MRR  0.0000 - partial MAP 0.9792
INFO:root:TEST batch 6 / 7 -  partial tp {0: tensor(0), 1: tensor(189)},fn {0: tensor(9), 1: tensor(0)},fp {0: tensor(0), 1: tensor(9)}
INFO:root:TEST batch 6 / 7 - measures partial microavg - precision 0.9545 - recall 0.9545 - f1 0.9545 
INFO:root:TEST batch 6 / 7 - measures partial for class 0 - precision 0.0000 - recall 0.0000 - f1 0.0000 
INFO:root:TEST batch 6 / 7 - measures partial for class 1 - precision 0.9545 - recall 1.0000 - f1 0.9767 
INFO:root:TEST batch 6 / 7 - Batch time 0 
INFO:root:TEST batch 7 / 7 - partial error 0.0620 - partial loss 0.3418 - partial MRR  0.0000 - partial MAP 0.9788
INFO:root:TEST batch 7 / 7 -  partial tp {0: tensor(0), 1: tensor(181)},fn {0: tensor(17), 1: tensor(0)},fp {0: tensor(0), 1: tensor(17)}
INFO:root:TEST batch 7 / 7 - measures partial microavg - precision 0.9141 - recall 0.9141 - f1 0.9141 
INFO:root:TEST batch 7 / 7 - measures partial for class 0 - precision 0.0000 - recall 0.0000 - f1 0.0000 
INFO:root:TEST batch 7 / 7 - measures partial for class 1 - precision 0.9141 - recall 1.0000 - f1 0.9551 
INFO:root:TEST batch 7 / 7 - Batch time 0 
INFO:root:TEST mean losses tensor(0.3418)
INFO:root:TEST mean errors 0.06204906105995178
INFO:root:TEST mean MRR 0.0 - mean MAP 0.9787896871566772
INFO:root:TEST tp {0: tensor(0), 1: tensor(1300)},fn {0: tensor(86), 1: tensor(0)},fp {0: tensor(0), 1: tensor(86)}
INFO:root:TEST measures microavg - precision 0.9380 - recall 0.9380 - f1 0.9380 
INFO:root:TEST measures for class 0 - precision 0.0000 - recall 0.0000 - f1 0.0000 
INFO:root:TEST measures for class 1 - precision 0.9380 - recall 1.0000 - f1 0.9680 
INFO:root:TEST measures@10 microavg - precision 1.0000 - recall 0.0505 - f1 0.0962 
INFO:root:TEST measures@10 for class 0 - precision 0.0000 - recall 0.0000 - f1 0.0000 
INFO:root:TEST measures@10 for class 1 - precision 1.0000 - recall 0.0538 - f1 0.1022 
INFO:root:TEST measures@100 microavg - precision 0.9657 - recall 0.4877 - f1 0.6481 
INFO:root:TEST measures@100 for class 0 - precision 0.0000 - recall 0.0000 - f1 0.0000 
INFO:root:TEST measures@100 for class 1 - precision 0.9657 - recall 0.5200 - f1 0.6760 
INFO:root:TEST measures@1000 microavg - precision 0.9380 - recall 0.9380 - f1 0.9380 
INFO:root:TEST measures@1000 for class 0 - precision 0.0000 - recall 0.0000 - f1 0.0000 
INFO:root:TEST measures@1000 for class 1 - precision 0.9380 - recall 1.0000 - f1 0.9680 
INFO:root:TEST Total epoch time: 0.14277450400004454
INFO:root:################ TRAIN epoch 84 ###################
INFO:root:TRAIN mean losses tensor(0.2820)
INFO:root:TRAIN mean errors 0.048821549862623215
INFO:root:TRAIN mean MRR 0.0 - mean MAP 0.9809900522232056
INFO:root:TRAIN tp {0: tensor(0), 1: tensor(5650)},fn {0: tensor(290), 1: tensor(0)},fp {0: tensor(0), 1: tensor(290)}
INFO:root:TRAIN measures microavg - precision 0.9512 - recall 0.9512 - f1 0.9512 
INFO:root:TRAIN measures for class 0 - precision 0.0000 - recall 0.0000 - f1 0.0000 
INFO:root:TRAIN measures for class 1 - precision 0.9512 - recall 1.0000 - f1 0.9750 
INFO:root:TRAIN measures@10 microavg - precision 0.9967 - recall 0.0503 - f1 0.0958 
INFO:root:TRAIN measures@10 for class 0 - precision 0.0000 - recall 0.0000 - f1 0.0000 
INFO:root:TRAIN measures@10 for class 1 - precision 0.9967 - recall 0.0529 - f1 0.1005 
INFO:root:TRAIN measures@100 microavg - precision 0.9760 - recall 0.4929 - f1 0.6550 
INFO:root:TRAIN measures@100 for class 0 - precision 0.0000 - recall 0.0000 - f1 0.0000 
INFO:root:TRAIN measures@100 for class 1 - precision 0.9760 - recall 0.5182 - f1 0.6770 
INFO:root:TRAIN measures@1000 microavg - precision 0.9512 - recall 0.9512 - f1 0.9512 
INFO:root:TRAIN measures@1000 for class 0 - precision 0.0000 - recall 0.0000 - f1 0.0000 
INFO:root:TRAIN measures@1000 for class 1 - precision 0.9512 - recall 1.0000 - f1 0.9750 
INFO:root:TRAIN Total epoch time: 0.879292118000194
INFO:root:################ VALID epoch 84 ###################
INFO:root:VALID mean losses tensor(0.2587)
INFO:root:VALID mean errors 0.046296294778585434
INFO:root:VALID mean MRR 0.0 - mean MAP 0.9833070039749146
INFO:root:VALID tp {0: tensor(0), 1: tensor(1133)},fn {0: tensor(55), 1: tensor(0)},fp {0: tensor(0), 1: tensor(55)}
INFO:root:VALID measures microavg - precision 0.9537 - recall 0.9537 - f1 0.9537 
INFO:root:VALID measures for class 0 - precision 0.0000 - recall 0.0000 - f1 0.0000 
INFO:root:VALID measures for class 1 - precision 0.9537 - recall 1.0000 - f1 0.9763 
INFO:root:VALID measures@10 microavg - precision 0.9667 - recall 0.0488 - f1 0.0929 
INFO:root:VALID measures@10 for class 0 - precision 0.0000 - recall 0.0000 - f1 0.0000 
INFO:root:VALID measures@10 for class 1 - precision 0.9667 - recall 0.0512 - f1 0.0972 
INFO:root:VALID measures@100 microavg - precision 0.9883 - recall 0.4992 - f1 0.6633 
INFO:root:VALID measures@100 for class 0 - precision 0.0000 - recall 0.0000 - f1 0.0000 
INFO:root:VALID measures@100 for class 1 - precision 0.9883 - recall 0.5234 - f1 0.6844 
INFO:root:VALID measures@1000 microavg - precision 0.9537 - recall 0.9537 - f1 0.9537 
INFO:root:VALID measures@1000 for class 0 - precision 0.0000 - recall 0.0000 - f1 0.0000 
INFO:root:VALID measures@1000 for class 1 - precision 0.9537 - recall 1.0000 - f1 0.9763 
INFO:root:VALID Total epoch time: 0.11344157200028349
INFO:root:################ TEST epoch 84 ###################
INFO:root:TEST batch 1 / 7 - partial error 0.0455 - partial loss 0.2832 - partial MRR  0.0000 - partial MAP 0.9817
INFO:root:TEST batch 1 / 7 -  partial tp {0: tensor(0), 1: tensor(189)},fn {0: tensor(9), 1: tensor(0)},fp {0: tensor(0), 1: tensor(9)}
INFO:root:TEST batch 1 / 7 - measures partial microavg - precision 0.9545 - recall 0.9545 - f1 0.9545 
INFO:root:TEST batch 1 / 7 - measures partial for class 0 - precision 0.0000 - recall 0.0000 - f1 0.0000 
INFO:root:TEST batch 1 / 7 - measures partial for class 1 - precision 0.9545 - recall 1.0000 - f1 0.9767 
INFO:root:TEST batch 1 / 7 - Batch time 0 
INFO:root:TEST batch 2 / 7 - partial error 0.0581 - partial loss 0.3340 - partial MRR  0.0000 - partial MAP 0.9773
INFO:root:TEST batch 2 / 7 -  partial tp {0: tensor(0), 1: tensor(184)},fn {0: tensor(14), 1: tensor(0)},fp {0: tensor(0), 1: tensor(14)}
INFO:root:TEST batch 2 / 7 - measures partial microavg - precision 0.9293 - recall 0.9293 - f1 0.9293 
INFO:root:TEST batch 2 / 7 - measures partial for class 0 - precision 0.0000 - recall 0.0000 - f1 0.0000 
INFO:root:TEST batch 2 / 7 - measures partial for class 1 - precision 0.9293 - recall 1.0000 - f1 0.9634 
INFO:root:TEST batch 2 / 7 - Batch time 0 
INFO:root:TEST batch 3 / 7 - partial error 0.0556 - partial loss 0.3190 - partial MRR  0.0000 - partial MAP 0.9795
INFO:root:TEST batch 3 / 7 -  partial tp {0: tensor(0), 1: tensor(188)},fn {0: tensor(10), 1: tensor(0)},fp {0: tensor(0), 1: tensor(10)}
INFO:root:TEST batch 3 / 7 - measures partial microavg - precision 0.9495 - recall 0.9495 - f1 0.9495 
INFO:root:TEST batch 3 / 7 - measures partial for class 0 - precision 0.0000 - recall 0.0000 - f1 0.0000 
INFO:root:TEST batch 3 / 7 - measures partial for class 1 - precision 0.9495 - recall 1.0000 - f1 0.9741 
INFO:root:TEST batch 3 / 7 - Batch time 0 
INFO:root:TEST batch 4 / 7 - partial error 0.0568 - partial loss 0.3225 - partial MRR  0.0000 - partial MAP 0.9787
INFO:root:TEST batch 4 / 7 -  partial tp {0: tensor(0), 1: tensor(186)},fn {0: tensor(12), 1: tensor(0)},fp {0: tensor(0), 1: tensor(12)}
INFO:root:TEST batch 4 / 7 - measures partial microavg - precision 0.9394 - recall 0.9394 - f1 0.9394 
INFO:root:TEST batch 4 / 7 - measures partial for class 0 - precision 0.0000 - recall 0.0000 - f1 0.0000 
INFO:root:TEST batch 4 / 7 - measures partial for class 1 - precision 0.9394 - recall 1.0000 - f1 0.9688 
INFO:root:TEST batch 4 / 7 - Batch time 0 
INFO:root:TEST batch 5 / 7 - partial error 0.0606 - partial loss 0.3415 - partial MRR  0.0000 - partial MAP 0.9766
INFO:root:TEST batch 5 / 7 -  partial tp {0: tensor(0), 1: tensor(183)},fn {0: tensor(15), 1: tensor(0)},fp {0: tensor(0), 1: tensor(15)}
INFO:root:TEST batch 5 / 7 - measures partial microavg - precision 0.9242 - recall 0.9242 - f1 0.9242 
INFO:root:TEST batch 5 / 7 - measures partial for class 0 - precision 0.0000 - recall 0.0000 - f1 0.0000 
INFO:root:TEST batch 5 / 7 - measures partial for class 1 - precision 0.9242 - recall 1.0000 - f1 0.9606 
INFO:root:TEST batch 5 / 7 - Batch time 0 
INFO:root:TEST batch 6 / 7 - partial error 0.0581 - partial loss 0.3275 - partial MRR  0.0000 - partial MAP 0.9781
INFO:root:TEST batch 6 / 7 -  partial tp {0: tensor(0), 1: tensor(189)},fn {0: tensor(9), 1: tensor(0)},fp {0: tensor(0), 1: tensor(9)}
INFO:root:TEST batch 6 / 7 - measures partial microavg - precision 0.9545 - recall 0.9545 - f1 0.9545 
INFO:root:TEST batch 6 / 7 - measures partial for class 0 - precision 0.0000 - recall 0.0000 - f1 0.0000 
INFO:root:TEST batch 6 / 7 - measures partial for class 1 - precision 0.9545 - recall 1.0000 - f1 0.9767 
INFO:root:TEST batch 6 / 7 - Batch time 0 
INFO:root:TEST batch 7 / 7 - partial error 0.0620 - partial loss 0.3438 - partial MRR  0.0000 - partial MAP 0.9787
INFO:root:TEST batch 7 / 7 -  partial tp {0: tensor(0), 1: tensor(181)},fn {0: tensor(17), 1: tensor(0)},fp {0: tensor(0), 1: tensor(17)}
INFO:root:TEST batch 7 / 7 - measures partial microavg - precision 0.9141 - recall 0.9141 - f1 0.9141 
INFO:root:TEST batch 7 / 7 - measures partial for class 0 - precision 0.0000 - recall 0.0000 - f1 0.0000 
INFO:root:TEST batch 7 / 7 - measures partial for class 1 - precision 0.9141 - recall 1.0000 - f1 0.9551 
INFO:root:TEST batch 7 / 7 - Batch time 0 
INFO:root:TEST mean losses tensor(0.3438)
INFO:root:TEST mean errors 0.06204906105995178
INFO:root:TEST mean MRR 0.0 - mean MAP 0.9786551594734192
INFO:root:TEST tp {0: tensor(0), 1: tensor(1300)},fn {0: tensor(86), 1: tensor(0)},fp {0: tensor(0), 1: tensor(86)}
INFO:root:TEST measures microavg - precision 0.9380 - recall 0.9380 - f1 0.9380 
INFO:root:TEST measures for class 0 - precision 0.0000 - recall 0.0000 - f1 0.0000 
INFO:root:TEST measures for class 1 - precision 0.9380 - recall 1.0000 - f1 0.9680 
INFO:root:TEST measures@10 microavg - precision 1.0000 - recall 0.0505 - f1 0.0962 
INFO:root:TEST measures@10 for class 0 - precision 0.0000 - recall 0.0000 - f1 0.0000 
INFO:root:TEST measures@10 for class 1 - precision 1.0000 - recall 0.0538 - f1 0.1022 
INFO:root:TEST measures@100 microavg - precision 0.9643 - recall 0.4870 - f1 0.6472 
INFO:root:TEST measures@100 for class 0 - precision 0.0000 - recall 0.0000 - f1 0.0000 
INFO:root:TEST measures@100 for class 1 - precision 0.9643 - recall 0.5192 - f1 0.6750 
INFO:root:TEST measures@1000 microavg - precision 0.9380 - recall 0.9380 - f1 0.9380 
INFO:root:TEST measures@1000 for class 0 - precision 0.0000 - recall 0.0000 - f1 0.0000 
INFO:root:TEST measures@1000 for class 1 - precision 0.9380 - recall 1.0000 - f1 0.9680 
INFO:root:TEST Total epoch time: 0.14392505700016045
INFO:root:################ TRAIN epoch 85 ###################
INFO:root:TRAIN mean losses tensor(0.2863)
INFO:root:TRAIN mean errors 0.048821549862623215
INFO:root:TRAIN mean MRR 0.0 - mean MAP 0.9804248809814453
INFO:root:TRAIN tp {0: tensor(0), 1: tensor(5650)},fn {0: tensor(290), 1: tensor(0)},fp {0: tensor(0), 1: tensor(290)}
INFO:root:TRAIN measures microavg - precision 0.9512 - recall 0.9512 - f1 0.9512 
INFO:root:TRAIN measures for class 0 - precision 0.0000 - recall 0.0000 - f1 0.0000 
INFO:root:TRAIN measures for class 1 - precision 0.9512 - recall 1.0000 - f1 0.9750 
INFO:root:TRAIN measures@10 microavg - precision 0.9967 - recall 0.0503 - f1 0.0958 
INFO:root:TRAIN measures@10 for class 0 - precision 0.0000 - recall 0.0000 - f1 0.0000 
INFO:root:TRAIN measures@10 for class 1 - precision 0.9967 - recall 0.0529 - f1 0.1005 
INFO:root:TRAIN measures@100 microavg - precision 0.9730 - recall 0.4914 - f1 0.6530 
INFO:root:TRAIN measures@100 for class 0 - precision 0.0000 - recall 0.0000 - f1 0.0000 
INFO:root:TRAIN measures@100 for class 1 - precision 0.9730 - recall 0.5166 - f1 0.6749 
INFO:root:TRAIN measures@1000 microavg - precision 0.9512 - recall 0.9512 - f1 0.9512 
INFO:root:TRAIN measures@1000 for class 0 - precision 0.0000 - recall 0.0000 - f1 0.0000 
INFO:root:TRAIN measures@1000 for class 1 - precision 0.9512 - recall 1.0000 - f1 0.9750 
INFO:root:TRAIN Total epoch time: 0.8633007550001821
INFO:root:################ VALID epoch 85 ###################
INFO:root:VALID mean losses tensor(0.2605)
INFO:root:VALID mean errors 0.046296294778585434
INFO:root:VALID mean MRR 0.0 - mean MAP 0.9825742840766907
INFO:root:VALID tp {0: tensor(0), 1: tensor(1133)},fn {0: tensor(55), 1: tensor(0)},fp {0: tensor(0), 1: tensor(55)}
INFO:root:VALID measures microavg - precision 0.9537 - recall 0.9537 - f1 0.9537 
INFO:root:VALID measures for class 0 - precision 0.0000 - recall 0.0000 - f1 0.0000 
INFO:root:VALID measures for class 1 - precision 0.9537 - recall 1.0000 - f1 0.9763 
INFO:root:VALID measures@10 microavg - precision 1.0000 - recall 0.0505 - f1 0.0962 
INFO:root:VALID measures@10 for class 0 - precision 0.0000 - recall 0.0000 - f1 0.0000 
INFO:root:VALID measures@10 for class 1 - precision 1.0000 - recall 0.0530 - f1 0.1006 
INFO:root:VALID measures@100 microavg - precision 0.9850 - recall 0.4975 - f1 0.6611 
INFO:root:VALID measures@100 for class 0 - precision 0.0000 - recall 0.0000 - f1 0.0000 
INFO:root:VALID measures@100 for class 1 - precision 0.9850 - recall 0.5216 - f1 0.6821 
INFO:root:VALID measures@1000 microavg - precision 0.9537 - recall 0.9537 - f1 0.9537 
INFO:root:VALID measures@1000 for class 0 - precision 0.0000 - recall 0.0000 - f1 0.0000 
INFO:root:VALID measures@1000 for class 1 - precision 0.9537 - recall 1.0000 - f1 0.9763 
INFO:root:VALID Total epoch time: 0.11388983400001962
INFO:root:################ TEST epoch 85 ###################
INFO:root:TEST batch 1 / 7 - partial error 0.0455 - partial loss 0.2856 - partial MRR  0.0000 - partial MAP 0.9801
INFO:root:TEST batch 1 / 7 -  partial tp {0: tensor(0), 1: tensor(189)},fn {0: tensor(9), 1: tensor(0)},fp {0: tensor(0), 1: tensor(9)}
INFO:root:TEST batch 1 / 7 - measures partial microavg - precision 0.9545 - recall 0.9545 - f1 0.9545 
INFO:root:TEST batch 1 / 7 - measures partial for class 0 - precision 0.0000 - recall 0.0000 - f1 0.0000 
INFO:root:TEST batch 1 / 7 - measures partial for class 1 - precision 0.9545 - recall 1.0000 - f1 0.9767 
INFO:root:TEST batch 1 / 7 - Batch time 0 
INFO:root:TEST batch 2 / 7 - partial error 0.0581 - partial loss 0.3325 - partial MRR  0.0000 - partial MAP 0.9787
INFO:root:TEST batch 2 / 7 -  partial tp {0: tensor(0), 1: tensor(184)},fn {0: tensor(14), 1: tensor(0)},fp {0: tensor(0), 1: tensor(14)}
INFO:root:TEST batch 2 / 7 - measures partial microavg - precision 0.9293 - recall 0.9293 - f1 0.9293 
INFO:root:TEST batch 2 / 7 - measures partial for class 0 - precision 0.0000 - recall 0.0000 - f1 0.0000 
INFO:root:TEST batch 2 / 7 - measures partial for class 1 - precision 0.9293 - recall 1.0000 - f1 0.9634 
INFO:root:TEST batch 2 / 7 - Batch time 0 
INFO:root:TEST batch 3 / 7 - partial error 0.0556 - partial loss 0.3167 - partial MRR  0.0000 - partial MAP 0.9805
INFO:root:TEST batch 3 / 7 -  partial tp {0: tensor(0), 1: tensor(188)},fn {0: tensor(10), 1: tensor(0)},fp {0: tensor(0), 1: tensor(10)}
INFO:root:TEST batch 3 / 7 - measures partial microavg - precision 0.9495 - recall 0.9495 - f1 0.9495 
INFO:root:TEST batch 3 / 7 - measures partial for class 0 - precision 0.0000 - recall 0.0000 - f1 0.0000 
INFO:root:TEST batch 3 / 7 - measures partial for class 1 - precision 0.9495 - recall 1.0000 - f1 0.9741 
INFO:root:TEST batch 3 / 7 - Batch time 0 
INFO:root:TEST batch 4 / 7 - partial error 0.0568 - partial loss 0.3208 - partial MRR  0.0000 - partial MAP 0.9798
INFO:root:TEST batch 4 / 7 -  partial tp {0: tensor(0), 1: tensor(186)},fn {0: tensor(12), 1: tensor(0)},fp {0: tensor(0), 1: tensor(12)}
INFO:root:TEST batch 4 / 7 - measures partial microavg - precision 0.9394 - recall 0.9394 - f1 0.9394 
INFO:root:TEST batch 4 / 7 - measures partial for class 0 - precision 0.0000 - recall 0.0000 - f1 0.0000 
INFO:root:TEST batch 4 / 7 - measures partial for class 1 - precision 0.9394 - recall 1.0000 - f1 0.9688 
INFO:root:TEST batch 4 / 7 - Batch time 0 
INFO:root:TEST batch 5 / 7 - partial error 0.0606 - partial loss 0.3404 - partial MRR  0.0000 - partial MAP 0.9781
INFO:root:TEST batch 5 / 7 -  partial tp {0: tensor(0), 1: tensor(183)},fn {0: tensor(15), 1: tensor(0)},fp {0: tensor(0), 1: tensor(15)}
INFO:root:TEST batch 5 / 7 - measures partial microavg - precision 0.9242 - recall 0.9242 - f1 0.9242 
INFO:root:TEST batch 5 / 7 - measures partial for class 0 - precision 0.0000 - recall 0.0000 - f1 0.0000 
INFO:root:TEST batch 5 / 7 - measures partial for class 1 - precision 0.9242 - recall 1.0000 - f1 0.9606 
INFO:root:TEST batch 5 / 7 - Batch time 0 
INFO:root:TEST batch 6 / 7 - partial error 0.0581 - partial loss 0.3252 - partial MRR  0.0000 - partial MAP 0.9799
INFO:root:TEST batch 6 / 7 -  partial tp {0: tensor(0), 1: tensor(189)},fn {0: tensor(9), 1: tensor(0)},fp {0: tensor(0), 1: tensor(9)}
INFO:root:TEST batch 6 / 7 - measures partial microavg - precision 0.9545 - recall 0.9545 - f1 0.9545 
INFO:root:TEST batch 6 / 7 - measures partial for class 0 - precision 0.0000 - recall 0.0000 - f1 0.0000 
INFO:root:TEST batch 6 / 7 - measures partial for class 1 - precision 0.9545 - recall 1.0000 - f1 0.9767 
INFO:root:TEST batch 6 / 7 - Batch time 0 
INFO:root:TEST batch 7 / 7 - partial error 0.0620 - partial loss 0.3413 - partial MRR  0.0000 - partial MAP 0.9800
INFO:root:TEST batch 7 / 7 -  partial tp {0: tensor(0), 1: tensor(181)},fn {0: tensor(17), 1: tensor(0)},fp {0: tensor(0), 1: tensor(17)}
INFO:root:TEST batch 7 / 7 - measures partial microavg - precision 0.9141 - recall 0.9141 - f1 0.9141 
INFO:root:TEST batch 7 / 7 - measures partial for class 0 - precision 0.0000 - recall 0.0000 - f1 0.0000 
INFO:root:TEST batch 7 / 7 - measures partial for class 1 - precision 0.9141 - recall 1.0000 - f1 0.9551 
INFO:root:TEST batch 7 / 7 - Batch time 0 
INFO:root:TEST mean losses tensor(0.3413)
INFO:root:TEST mean errors 0.06204906105995178
INFO:root:TEST mean MRR 0.0 - mean MAP 0.9800409078598022
INFO:root:TEST tp {0: tensor(0), 1: tensor(1300)},fn {0: tensor(86), 1: tensor(0)},fp {0: tensor(0), 1: tensor(86)}
INFO:root:TEST measures microavg - precision 0.9380 - recall 0.9380 - f1 0.9380 
INFO:root:TEST measures for class 0 - precision 0.0000 - recall 0.0000 - f1 0.0000 
INFO:root:TEST measures for class 1 - precision 0.9380 - recall 1.0000 - f1 0.9680 
INFO:root:TEST measures@10 microavg - precision 1.0000 - recall 0.0505 - f1 0.0962 
INFO:root:TEST measures@10 for class 0 - precision 0.0000 - recall 0.0000 - f1 0.0000 
INFO:root:TEST measures@10 for class 1 - precision 1.0000 - recall 0.0538 - f1 0.1022 
INFO:root:TEST measures@100 microavg - precision 0.9686 - recall 0.4892 - f1 0.6500 
INFO:root:TEST measures@100 for class 0 - precision 0.0000 - recall 0.0000 - f1 0.0000 
INFO:root:TEST measures@100 for class 1 - precision 0.9686 - recall 0.5215 - f1 0.6780 
INFO:root:TEST measures@1000 microavg - precision 0.9380 - recall 0.9380 - f1 0.9380 
INFO:root:TEST measures@1000 for class 0 - precision 0.0000 - recall 0.0000 - f1 0.0000 
INFO:root:TEST measures@1000 for class 1 - precision 0.9380 - recall 1.0000 - f1 0.9680 
INFO:root:TEST Total epoch time: 0.14832415099999707
INFO:root:################ TRAIN epoch 86 ###################
INFO:root:TRAIN mean losses tensor(0.2824)
INFO:root:TRAIN mean errors 0.048821549862623215
INFO:root:TRAIN mean MRR 0.0 - mean MAP 0.9815660715103149
INFO:root:TRAIN tp {0: tensor(0), 1: tensor(5650)},fn {0: tensor(290), 1: tensor(0)},fp {0: tensor(0), 1: tensor(290)}
INFO:root:TRAIN measures microavg - precision 0.9512 - recall 0.9512 - f1 0.9512 
INFO:root:TRAIN measures for class 0 - precision 0.0000 - recall 0.0000 - f1 0.0000 
INFO:root:TRAIN measures for class 1 - precision 0.9512 - recall 1.0000 - f1 0.9750 
INFO:root:TRAIN measures@10 microavg - precision 1.0000 - recall 0.0505 - f1 0.0962 
INFO:root:TRAIN measures@10 for class 0 - precision 0.0000 - recall 0.0000 - f1 0.0000 
INFO:root:TRAIN measures@10 for class 1 - precision 1.0000 - recall 0.0531 - f1 0.1008 
INFO:root:TRAIN measures@100 microavg - precision 0.9763 - recall 0.4931 - f1 0.6553 
INFO:root:TRAIN measures@100 for class 0 - precision 0.0000 - recall 0.0000 - f1 0.0000 
INFO:root:TRAIN measures@100 for class 1 - precision 0.9763 - recall 0.5184 - f1 0.6772 
INFO:root:TRAIN measures@1000 microavg - precision 0.9512 - recall 0.9512 - f1 0.9512 
INFO:root:TRAIN measures@1000 for class 0 - precision 0.0000 - recall 0.0000 - f1 0.0000 
INFO:root:TRAIN measures@1000 for class 1 - precision 0.9512 - recall 1.0000 - f1 0.9750 
INFO:root:TRAIN Total epoch time: 0.8821079340000324
INFO:root:################ VALID epoch 86 ###################
INFO:root:VALID mean losses tensor(0.2604)
INFO:root:VALID mean errors 0.046296294778585434
INFO:root:VALID mean MRR 0.0 - mean MAP 0.9828661680221558
INFO:root:VALID tp {0: tensor(0), 1: tensor(1133)},fn {0: tensor(55), 1: tensor(0)},fp {0: tensor(0), 1: tensor(55)}
INFO:root:VALID measures microavg - precision 0.9537 - recall 0.9537 - f1 0.9537 
INFO:root:VALID measures for class 0 - precision 0.0000 - recall 0.0000 - f1 0.0000 
INFO:root:VALID measures for class 1 - precision 0.9537 - recall 1.0000 - f1 0.9763 
INFO:root:VALID measures@10 microavg - precision 1.0000 - recall 0.0505 - f1 0.0962 
INFO:root:VALID measures@10 for class 0 - precision 0.0000 - recall 0.0000 - f1 0.0000 
INFO:root:VALID measures@10 for class 1 - precision 1.0000 - recall 0.0530 - f1 0.1006 
INFO:root:VALID measures@100 microavg - precision 0.9800 - recall 0.4949 - f1 0.6577 
INFO:root:VALID measures@100 for class 0 - precision 0.0000 - recall 0.0000 - f1 0.0000 
INFO:root:VALID measures@100 for class 1 - precision 0.9800 - recall 0.5190 - f1 0.6786 
INFO:root:VALID measures@1000 microavg - precision 0.9537 - recall 0.9537 - f1 0.9537 
INFO:root:VALID measures@1000 for class 0 - precision 0.0000 - recall 0.0000 - f1 0.0000 
INFO:root:VALID measures@1000 for class 1 - precision 0.9537 - recall 1.0000 - f1 0.9763 
INFO:root:VALID Total epoch time: 0.11452779000001101
INFO:root:################ TEST epoch 86 ###################
INFO:root:TEST batch 1 / 7 - partial error 0.0455 - partial loss 0.2796 - partial MRR  0.0000 - partial MAP 0.9838
INFO:root:TEST batch 1 / 7 -  partial tp {0: tensor(0), 1: tensor(189)},fn {0: tensor(9), 1: tensor(0)},fp {0: tensor(0), 1: tensor(9)}
INFO:root:TEST batch 1 / 7 - measures partial microavg - precision 0.9545 - recall 0.9545 - f1 0.9545 
INFO:root:TEST batch 1 / 7 - measures partial for class 0 - precision 0.0000 - recall 0.0000 - f1 0.0000 
INFO:root:TEST batch 1 / 7 - measures partial for class 1 - precision 0.9545 - recall 1.0000 - f1 0.9767 
INFO:root:TEST batch 1 / 7 - Batch time 0 
INFO:root:TEST batch 2 / 7 - partial error 0.0581 - partial loss 0.3325 - partial MRR  0.0000 - partial MAP 0.9786
INFO:root:TEST batch 2 / 7 -  partial tp {0: tensor(0), 1: tensor(184)},fn {0: tensor(14), 1: tensor(0)},fp {0: tensor(0), 1: tensor(14)}
INFO:root:TEST batch 2 / 7 - measures partial microavg - precision 0.9293 - recall 0.9293 - f1 0.9293 
INFO:root:TEST batch 2 / 7 - measures partial for class 0 - precision 0.0000 - recall 0.0000 - f1 0.0000 
INFO:root:TEST batch 2 / 7 - measures partial for class 1 - precision 0.9293 - recall 1.0000 - f1 0.9634 
INFO:root:TEST batch 2 / 7 - Batch time 0 
INFO:root:TEST batch 3 / 7 - partial error 0.0556 - partial loss 0.3174 - partial MRR  0.0000 - partial MAP 0.9795
INFO:root:TEST batch 3 / 7 -  partial tp {0: tensor(0), 1: tensor(188)},fn {0: tensor(10), 1: tensor(0)},fp {0: tensor(0), 1: tensor(10)}
INFO:root:TEST batch 3 / 7 - measures partial microavg - precision 0.9495 - recall 0.9495 - f1 0.9495 
INFO:root:TEST batch 3 / 7 - measures partial for class 0 - precision 0.0000 - recall 0.0000 - f1 0.0000 
INFO:root:TEST batch 3 / 7 - measures partial for class 1 - precision 0.9495 - recall 1.0000 - f1 0.9741 
INFO:root:TEST batch 3 / 7 - Batch time 0 
INFO:root:TEST batch 4 / 7 - partial error 0.0568 - partial loss 0.3201 - partial MRR  0.0000 - partial MAP 0.9793
INFO:root:TEST batch 4 / 7 -  partial tp {0: tensor(0), 1: tensor(186)},fn {0: tensor(12), 1: tensor(0)},fp {0: tensor(0), 1: tensor(12)}
INFO:root:TEST batch 4 / 7 - measures partial microavg - precision 0.9394 - recall 0.9394 - f1 0.9394 
INFO:root:TEST batch 4 / 7 - measures partial for class 0 - precision 0.0000 - recall 0.0000 - f1 0.0000 
INFO:root:TEST batch 4 / 7 - measures partial for class 1 - precision 0.9394 - recall 1.0000 - f1 0.9688 
INFO:root:TEST batch 4 / 7 - Batch time 0 
INFO:root:TEST batch 5 / 7 - partial error 0.0606 - partial loss 0.3382 - partial MRR  0.0000 - partial MAP 0.9779
INFO:root:TEST batch 5 / 7 -  partial tp {0: tensor(0), 1: tensor(183)},fn {0: tensor(15), 1: tensor(0)},fp {0: tensor(0), 1: tensor(15)}
INFO:root:TEST batch 5 / 7 - measures partial microavg - precision 0.9242 - recall 0.9242 - f1 0.9242 
INFO:root:TEST batch 5 / 7 - measures partial for class 0 - precision 0.0000 - recall 0.0000 - f1 0.0000 
INFO:root:TEST batch 5 / 7 - measures partial for class 1 - precision 0.9242 - recall 1.0000 - f1 0.9606 
INFO:root:TEST batch 5 / 7 - Batch time 0 
INFO:root:TEST batch 6 / 7 - partial error 0.0581 - partial loss 0.3239 - partial MRR  0.0000 - partial MAP 0.9796
INFO:root:TEST batch 6 / 7 -  partial tp {0: tensor(0), 1: tensor(189)},fn {0: tensor(9), 1: tensor(0)},fp {0: tensor(0), 1: tensor(9)}
INFO:root:TEST batch 6 / 7 - measures partial microavg - precision 0.9545 - recall 0.9545 - f1 0.9545 
INFO:root:TEST batch 6 / 7 - measures partial for class 0 - precision 0.0000 - recall 0.0000 - f1 0.0000 
INFO:root:TEST batch 6 / 7 - measures partial for class 1 - precision 0.9545 - recall 1.0000 - f1 0.9767 
INFO:root:TEST batch 6 / 7 - Batch time 0 
INFO:root:TEST batch 7 / 7 - partial error 0.0620 - partial loss 0.3387 - partial MRR  0.0000 - partial MAP 0.9797
INFO:root:TEST batch 7 / 7 -  partial tp {0: tensor(0), 1: tensor(181)},fn {0: tensor(17), 1: tensor(0)},fp {0: tensor(0), 1: tensor(17)}
INFO:root:TEST batch 7 / 7 - measures partial microavg - precision 0.9141 - recall 0.9141 - f1 0.9141 
INFO:root:TEST batch 7 / 7 - measures partial for class 0 - precision 0.0000 - recall 0.0000 - f1 0.0000 
INFO:root:TEST batch 7 / 7 - measures partial for class 1 - precision 0.9141 - recall 1.0000 - f1 0.9551 
INFO:root:TEST batch 7 / 7 - Batch time 0 
INFO:root:TEST mean losses tensor(0.3387)
INFO:root:TEST mean errors 0.06204906105995178
INFO:root:TEST mean MRR 0.0 - mean MAP 0.9796978235244751
INFO:root:TEST tp {0: tensor(0), 1: tensor(1300)},fn {0: tensor(86), 1: tensor(0)},fp {0: tensor(0), 1: tensor(86)}
INFO:root:TEST measures microavg - precision 0.9380 - recall 0.9380 - f1 0.9380 
INFO:root:TEST measures for class 0 - precision 0.0000 - recall 0.0000 - f1 0.0000 
INFO:root:TEST measures for class 1 - precision 0.9380 - recall 1.0000 - f1 0.9680 
INFO:root:TEST measures@10 microavg - precision 1.0000 - recall 0.0505 - f1 0.0962 
INFO:root:TEST measures@10 for class 0 - precision 0.0000 - recall 0.0000 - f1 0.0000 
INFO:root:TEST measures@10 for class 1 - precision 1.0000 - recall 0.0538 - f1 0.1022 
INFO:root:TEST measures@100 microavg - precision 0.9671 - recall 0.4885 - f1 0.6491 
INFO:root:TEST measures@100 for class 0 - precision 0.0000 - recall 0.0000 - f1 0.0000 
INFO:root:TEST measures@100 for class 1 - precision 0.9671 - recall 0.5208 - f1 0.6770 
INFO:root:TEST measures@1000 microavg - precision 0.9380 - recall 0.9380 - f1 0.9380 
INFO:root:TEST measures@1000 for class 0 - precision 0.0000 - recall 0.0000 - f1 0.0000 
INFO:root:TEST measures@1000 for class 1 - precision 0.9380 - recall 1.0000 - f1 0.9680 
INFO:root:TEST Total epoch time: 0.143198984999799
INFO:root:################ TRAIN epoch 87 ###################
INFO:root:TRAIN mean losses tensor(0.2830)
INFO:root:TRAIN mean errors 0.048821549862623215
INFO:root:TRAIN mean MRR 0.0 - mean MAP 0.9814442992210388
INFO:root:TRAIN tp {0: tensor(0), 1: tensor(5650)},fn {0: tensor(290), 1: tensor(0)},fp {0: tensor(0), 1: tensor(290)}
INFO:root:TRAIN measures microavg - precision 0.9512 - recall 0.9512 - f1 0.9512 
INFO:root:TRAIN measures for class 0 - precision 0.0000 - recall 0.0000 - f1 0.0000 
INFO:root:TRAIN measures for class 1 - precision 0.9512 - recall 1.0000 - f1 0.9750 
INFO:root:TRAIN measures@10 microavg - precision 0.9967 - recall 0.0503 - f1 0.0958 
INFO:root:TRAIN measures@10 for class 0 - precision 0.0000 - recall 0.0000 - f1 0.0000 
INFO:root:TRAIN measures@10 for class 1 - precision 0.9967 - recall 0.0529 - f1 0.1005 
INFO:root:TRAIN measures@100 microavg - precision 0.9740 - recall 0.4919 - f1 0.6537 
INFO:root:TRAIN measures@100 for class 0 - precision 0.0000 - recall 0.0000 - f1 0.0000 
INFO:root:TRAIN measures@100 for class 1 - precision 0.9740 - recall 0.5172 - f1 0.6756 
INFO:root:TRAIN measures@1000 microavg - precision 0.9512 - recall 0.9512 - f1 0.9512 
INFO:root:TRAIN measures@1000 for class 0 - precision 0.0000 - recall 0.0000 - f1 0.0000 
INFO:root:TRAIN measures@1000 for class 1 - precision 0.9512 - recall 1.0000 - f1 0.9750 
INFO:root:TRAIN Total epoch time: 0.847634577000008
INFO:root:################ VALID epoch 87 ###################
INFO:root:VALID mean losses tensor(0.2606)
INFO:root:VALID mean errors 0.046296294778585434
INFO:root:VALID mean MRR 0.0 - mean MAP 0.9836705327033997
INFO:root:VALID tp {0: tensor(0), 1: tensor(1133)},fn {0: tensor(55), 1: tensor(0)},fp {0: tensor(0), 1: tensor(55)}
INFO:root:VALID measures microavg - precision 0.9537 - recall 0.9537 - f1 0.9537 
INFO:root:VALID measures for class 0 - precision 0.0000 - recall 0.0000 - f1 0.0000 
INFO:root:VALID measures for class 1 - precision 0.9537 - recall 1.0000 - f1 0.9763 
INFO:root:VALID measures@10 microavg - precision 0.9833 - recall 0.0497 - f1 0.0946 
INFO:root:VALID measures@10 for class 0 - precision 0.0000 - recall 0.0000 - f1 0.0000 
INFO:root:VALID measures@10 for class 1 - precision 0.9833 - recall 0.0521 - f1 0.0989 
INFO:root:VALID measures@100 microavg - precision 0.9867 - recall 0.4983 - f1 0.6622 
INFO:root:VALID measures@100 for class 0 - precision 0.0000 - recall 0.0000 - f1 0.0000 
INFO:root:VALID measures@100 for class 1 - precision 0.9867 - recall 0.5225 - f1 0.6832 
INFO:root:VALID measures@1000 microavg - precision 0.9537 - recall 0.9537 - f1 0.9537 
INFO:root:VALID measures@1000 for class 0 - precision 0.0000 - recall 0.0000 - f1 0.0000 
INFO:root:VALID measures@1000 for class 1 - precision 0.9537 - recall 1.0000 - f1 0.9763 
INFO:root:VALID Total epoch time: 0.10514005699997142
INFO:root:################ TEST epoch 87 ###################
INFO:root:TEST batch 1 / 7 - partial error 0.0455 - partial loss 0.2786 - partial MRR  0.0000 - partial MAP 0.9833
INFO:root:TEST batch 1 / 7 -  partial tp {0: tensor(0), 1: tensor(189)},fn {0: tensor(9), 1: tensor(0)},fp {0: tensor(0), 1: tensor(9)}
INFO:root:TEST batch 1 / 7 - measures partial microavg - precision 0.9545 - recall 0.9545 - f1 0.9545 
INFO:root:TEST batch 1 / 7 - measures partial for class 0 - precision 0.0000 - recall 0.0000 - f1 0.0000 
INFO:root:TEST batch 1 / 7 - measures partial for class 1 - precision 0.9545 - recall 1.0000 - f1 0.9767 
INFO:root:TEST batch 1 / 7 - Batch time 0 
INFO:root:TEST batch 2 / 7 - partial error 0.0581 - partial loss 0.3313 - partial MRR  0.0000 - partial MAP 0.9800
INFO:root:TEST batch 2 / 7 -  partial tp {0: tensor(0), 1: tensor(184)},fn {0: tensor(14), 1: tensor(0)},fp {0: tensor(0), 1: tensor(14)}
INFO:root:TEST batch 2 / 7 - measures partial microavg - precision 0.9293 - recall 0.9293 - f1 0.9293 
INFO:root:TEST batch 2 / 7 - measures partial for class 0 - precision 0.0000 - recall 0.0000 - f1 0.0000 
INFO:root:TEST batch 2 / 7 - measures partial for class 1 - precision 0.9293 - recall 1.0000 - f1 0.9634 
INFO:root:TEST batch 2 / 7 - Batch time 0 
INFO:root:TEST batch 3 / 7 - partial error 0.0556 - partial loss 0.3170 - partial MRR  0.0000 - partial MAP 0.9805
INFO:root:TEST batch 3 / 7 -  partial tp {0: tensor(0), 1: tensor(188)},fn {0: tensor(10), 1: tensor(0)},fp {0: tensor(0), 1: tensor(10)}
INFO:root:TEST batch 3 / 7 - measures partial microavg - precision 0.9495 - recall 0.9495 - f1 0.9495 
INFO:root:TEST batch 3 / 7 - measures partial for class 0 - precision 0.0000 - recall 0.0000 - f1 0.0000 
INFO:root:TEST batch 3 / 7 - measures partial for class 1 - precision 0.9495 - recall 1.0000 - f1 0.9741 
INFO:root:TEST batch 3 / 7 - Batch time 0 
INFO:root:TEST batch 4 / 7 - partial error 0.0568 - partial loss 0.3197 - partial MRR  0.0000 - partial MAP 0.9797
INFO:root:TEST batch 4 / 7 -  partial tp {0: tensor(0), 1: tensor(186)},fn {0: tensor(12), 1: tensor(0)},fp {0: tensor(0), 1: tensor(12)}
INFO:root:TEST batch 4 / 7 - measures partial microavg - precision 0.9394 - recall 0.9394 - f1 0.9394 
INFO:root:TEST batch 4 / 7 - measures partial for class 0 - precision 0.0000 - recall 0.0000 - f1 0.0000 
INFO:root:TEST batch 4 / 7 - measures partial for class 1 - precision 0.9394 - recall 1.0000 - f1 0.9688 
INFO:root:TEST batch 4 / 7 - Batch time 0 
INFO:root:TEST batch 5 / 7 - partial error 0.0606 - partial loss 0.3373 - partial MRR  0.0000 - partial MAP 0.9789
INFO:root:TEST batch 5 / 7 -  partial tp {0: tensor(0), 1: tensor(183)},fn {0: tensor(15), 1: tensor(0)},fp {0: tensor(0), 1: tensor(15)}
INFO:root:TEST batch 5 / 7 - measures partial microavg - precision 0.9242 - recall 0.9242 - f1 0.9242 
INFO:root:TEST batch 5 / 7 - measures partial for class 0 - precision 0.0000 - recall 0.0000 - f1 0.0000 
INFO:root:TEST batch 5 / 7 - measures partial for class 1 - precision 0.9242 - recall 1.0000 - f1 0.9606 
INFO:root:TEST batch 5 / 7 - Batch time 0 
INFO:root:TEST batch 6 / 7 - partial error 0.0581 - partial loss 0.3227 - partial MRR  0.0000 - partial MAP 0.9807
INFO:root:TEST batch 6 / 7 -  partial tp {0: tensor(0), 1: tensor(189)},fn {0: tensor(9), 1: tensor(0)},fp {0: tensor(0), 1: tensor(9)}
INFO:root:TEST batch 6 / 7 - measures partial microavg - precision 0.9545 - recall 0.9545 - f1 0.9545 
INFO:root:TEST batch 6 / 7 - measures partial for class 0 - precision 0.0000 - recall 0.0000 - f1 0.0000 
INFO:root:TEST batch 6 / 7 - measures partial for class 1 - precision 0.9545 - recall 1.0000 - f1 0.9767 
INFO:root:TEST batch 6 / 7 - Batch time 0 
INFO:root:TEST batch 7 / 7 - partial error 0.0620 - partial loss 0.3389 - partial MRR  0.0000 - partial MAP 0.9805
INFO:root:TEST batch 7 / 7 -  partial tp {0: tensor(0), 1: tensor(181)},fn {0: tensor(17), 1: tensor(0)},fp {0: tensor(0), 1: tensor(17)}
INFO:root:TEST batch 7 / 7 - measures partial microavg - precision 0.9141 - recall 0.9141 - f1 0.9141 
INFO:root:TEST batch 7 / 7 - measures partial for class 0 - precision 0.0000 - recall 0.0000 - f1 0.0000 
INFO:root:TEST batch 7 / 7 - measures partial for class 1 - precision 0.9141 - recall 1.0000 - f1 0.9551 
INFO:root:TEST batch 7 / 7 - Batch time 0 
INFO:root:TEST mean losses tensor(0.3389)
INFO:root:TEST mean errors 0.06204906105995178
INFO:root:TEST mean MRR 0.0 - mean MAP 0.9805215001106262
INFO:root:TEST tp {0: tensor(0), 1: tensor(1300)},fn {0: tensor(86), 1: tensor(0)},fp {0: tensor(0), 1: tensor(86)}
INFO:root:TEST measures microavg - precision 0.9380 - recall 0.9380 - f1 0.9380 
INFO:root:TEST measures for class 0 - precision 0.0000 - recall 0.0000 - f1 0.0000 
INFO:root:TEST measures for class 1 - precision 0.9380 - recall 1.0000 - f1 0.9680 
INFO:root:TEST measures@10 microavg - precision 1.0000 - recall 0.0505 - f1 0.0962 
INFO:root:TEST measures@10 for class 0 - precision 0.0000 - recall 0.0000 - f1 0.0000 
INFO:root:TEST measures@10 for class 1 - precision 1.0000 - recall 0.0538 - f1 0.1022 
INFO:root:TEST measures@100 microavg - precision 0.9743 - recall 0.4921 - f1 0.6539 
INFO:root:TEST measures@100 for class 0 - precision 0.0000 - recall 0.0000 - f1 0.0000 
INFO:root:TEST measures@100 for class 1 - precision 0.9743 - recall 0.5246 - f1 0.6820 
INFO:root:TEST measures@1000 microavg - precision 0.9380 - recall 0.9380 - f1 0.9380 
INFO:root:TEST measures@1000 for class 0 - precision 0.0000 - recall 0.0000 - f1 0.0000 
INFO:root:TEST measures@1000 for class 1 - precision 0.9380 - recall 1.0000 - f1 0.9680 
INFO:root:TEST Total epoch time: 0.1370714660001795
INFO:root:################ TRAIN epoch 88 ###################
INFO:root:TRAIN mean losses tensor(0.2831)
INFO:root:TRAIN mean errors 0.048821549862623215
INFO:root:TRAIN mean MRR 0.0 - mean MAP 0.9806755781173706
INFO:root:TRAIN tp {0: tensor(0), 1: tensor(5650)},fn {0: tensor(290), 1: tensor(0)},fp {0: tensor(0), 1: tensor(290)}
INFO:root:TRAIN measures microavg - precision 0.9512 - recall 0.9512 - f1 0.9512 
INFO:root:TRAIN measures for class 0 - precision 0.0000 - recall 0.0000 - f1 0.0000 
INFO:root:TRAIN measures for class 1 - precision 0.9512 - recall 1.0000 - f1 0.9750 
INFO:root:TRAIN measures@10 microavg - precision 0.9933 - recall 0.0502 - f1 0.0955 
INFO:root:TRAIN measures@10 for class 0 - precision 0.0000 - recall 0.0000 - f1 0.0000 
INFO:root:TRAIN measures@10 for class 1 - precision 0.9933 - recall 0.0527 - f1 0.1002 
INFO:root:TRAIN measures@100 microavg - precision 0.9753 - recall 0.4926 - f1 0.6546 
INFO:root:TRAIN measures@100 for class 0 - precision 0.0000 - recall 0.0000 - f1 0.0000 
INFO:root:TRAIN measures@100 for class 1 - precision 0.9753 - recall 0.5179 - f1 0.6765 
INFO:root:TRAIN measures@1000 microavg - precision 0.9512 - recall 0.9512 - f1 0.9512 
INFO:root:TRAIN measures@1000 for class 0 - precision 0.0000 - recall 0.0000 - f1 0.0000 
INFO:root:TRAIN measures@1000 for class 1 - precision 0.9512 - recall 1.0000 - f1 0.9750 
INFO:root:TRAIN Total epoch time: 0.9658796409999013
INFO:root:################ VALID epoch 88 ###################
INFO:root:VALID mean losses tensor(0.2605)
INFO:root:VALID mean errors 0.046296294778585434
INFO:root:VALID mean MRR 0.0 - mean MAP 0.983076810836792
INFO:root:VALID tp {0: tensor(0), 1: tensor(1133)},fn {0: tensor(55), 1: tensor(0)},fp {0: tensor(0), 1: tensor(55)}
INFO:root:VALID measures microavg - precision 0.9537 - recall 0.9537 - f1 0.9537 
INFO:root:VALID measures for class 0 - precision 0.0000 - recall 0.0000 - f1 0.0000 
INFO:root:VALID measures for class 1 - precision 0.9537 - recall 1.0000 - f1 0.9763 
INFO:root:VALID measures@10 microavg - precision 0.9667 - recall 0.0488 - f1 0.0929 
INFO:root:VALID measures@10 for class 0 - precision 0.0000 - recall 0.0000 - f1 0.0000 
INFO:root:VALID measures@10 for class 1 - precision 0.9667 - recall 0.0512 - f1 0.0972 
INFO:root:VALID measures@100 microavg - precision 0.9850 - recall 0.4975 - f1 0.6611 
INFO:root:VALID measures@100 for class 0 - precision 0.0000 - recall 0.0000 - f1 0.0000 
INFO:root:VALID measures@100 for class 1 - precision 0.9850 - recall 0.5216 - f1 0.6821 
INFO:root:VALID measures@1000 microavg - precision 0.9537 - recall 0.9537 - f1 0.9537 
INFO:root:VALID measures@1000 for class 0 - precision 0.0000 - recall 0.0000 - f1 0.0000 
INFO:root:VALID measures@1000 for class 1 - precision 0.9537 - recall 1.0000 - f1 0.9763 
INFO:root:VALID Total epoch time: 0.11273202499978652
INFO:root:################ TEST epoch 88 ###################
INFO:root:TEST batch 1 / 7 - partial error 0.0455 - partial loss 0.2832 - partial MRR  0.0000 - partial MAP 0.9847
INFO:root:TEST batch 1 / 7 -  partial tp {0: tensor(0), 1: tensor(189)},fn {0: tensor(9), 1: tensor(0)},fp {0: tensor(0), 1: tensor(9)}
INFO:root:TEST batch 1 / 7 - measures partial microavg - precision 0.9545 - recall 0.9545 - f1 0.9545 
INFO:root:TEST batch 1 / 7 - measures partial for class 0 - precision 0.0000 - recall 0.0000 - f1 0.0000 
INFO:root:TEST batch 1 / 7 - measures partial for class 1 - precision 0.9545 - recall 1.0000 - f1 0.9767 
INFO:root:TEST batch 1 / 7 - Batch time 0 
INFO:root:TEST batch 2 / 7 - partial error 0.0581 - partial loss 0.3344 - partial MRR  0.0000 - partial MAP 0.9796
INFO:root:TEST batch 2 / 7 -  partial tp {0: tensor(0), 1: tensor(184)},fn {0: tensor(14), 1: tensor(0)},fp {0: tensor(0), 1: tensor(14)}
INFO:root:TEST batch 2 / 7 - measures partial microavg - precision 0.9293 - recall 0.9293 - f1 0.9293 
INFO:root:TEST batch 2 / 7 - measures partial for class 0 - precision 0.0000 - recall 0.0000 - f1 0.0000 
INFO:root:TEST batch 2 / 7 - measures partial for class 1 - precision 0.9293 - recall 1.0000 - f1 0.9634 
INFO:root:TEST batch 2 / 7 - Batch time 0 
INFO:root:TEST batch 3 / 7 - partial error 0.0556 - partial loss 0.3172 - partial MRR  0.0000 - partial MAP 0.9817
INFO:root:TEST batch 3 / 7 -  partial tp {0: tensor(0), 1: tensor(188)},fn {0: tensor(10), 1: tensor(0)},fp {0: tensor(0), 1: tensor(10)}
INFO:root:TEST batch 3 / 7 - measures partial microavg - precision 0.9495 - recall 0.9495 - f1 0.9495 
INFO:root:TEST batch 3 / 7 - measures partial for class 0 - precision 0.0000 - recall 0.0000 - f1 0.0000 
INFO:root:TEST batch 3 / 7 - measures partial for class 1 - precision 0.9495 - recall 1.0000 - f1 0.9741 
INFO:root:TEST batch 3 / 7 - Batch time 0 
INFO:root:TEST batch 4 / 7 - partial error 0.0568 - partial loss 0.3191 - partial MRR  0.0000 - partial MAP 0.9808
INFO:root:TEST batch 4 / 7 -  partial tp {0: tensor(0), 1: tensor(186)},fn {0: tensor(12), 1: tensor(0)},fp {0: tensor(0), 1: tensor(12)}
INFO:root:TEST batch 4 / 7 - measures partial microavg - precision 0.9394 - recall 0.9394 - f1 0.9394 
INFO:root:TEST batch 4 / 7 - measures partial for class 0 - precision 0.0000 - recall 0.0000 - f1 0.0000 
INFO:root:TEST batch 4 / 7 - measures partial for class 1 - precision 0.9394 - recall 1.0000 - f1 0.9688 
INFO:root:TEST batch 4 / 7 - Batch time 0 
INFO:root:TEST batch 5 / 7 - partial error 0.0606 - partial loss 0.3364 - partial MRR  0.0000 - partial MAP 0.9794
INFO:root:TEST batch 5 / 7 -  partial tp {0: tensor(0), 1: tensor(183)},fn {0: tensor(15), 1: tensor(0)},fp {0: tensor(0), 1: tensor(15)}
INFO:root:TEST batch 5 / 7 - measures partial microavg - precision 0.9242 - recall 0.9242 - f1 0.9242 
INFO:root:TEST batch 5 / 7 - measures partial for class 0 - precision 0.0000 - recall 0.0000 - f1 0.0000 
INFO:root:TEST batch 5 / 7 - measures partial for class 1 - precision 0.9242 - recall 1.0000 - f1 0.9606 
INFO:root:TEST batch 5 / 7 - Batch time 0 
INFO:root:TEST batch 6 / 7 - partial error 0.0581 - partial loss 0.3223 - partial MRR  0.0000 - partial MAP 0.9807
INFO:root:TEST batch 6 / 7 -  partial tp {0: tensor(0), 1: tensor(189)},fn {0: tensor(9), 1: tensor(0)},fp {0: tensor(0), 1: tensor(9)}
INFO:root:TEST batch 6 / 7 - measures partial microavg - precision 0.9545 - recall 0.9545 - f1 0.9545 
INFO:root:TEST batch 6 / 7 - measures partial for class 0 - precision 0.0000 - recall 0.0000 - f1 0.0000 
INFO:root:TEST batch 6 / 7 - measures partial for class 1 - precision 0.9545 - recall 1.0000 - f1 0.9767 
INFO:root:TEST batch 6 / 7 - Batch time 0 
INFO:root:TEST batch 7 / 7 - partial error 0.0620 - partial loss 0.3370 - partial MRR  0.0000 - partial MAP 0.9807
INFO:root:TEST batch 7 / 7 -  partial tp {0: tensor(0), 1: tensor(181)},fn {0: tensor(17), 1: tensor(0)},fp {0: tensor(0), 1: tensor(17)}
INFO:root:TEST batch 7 / 7 - measures partial microavg - precision 0.9141 - recall 0.9141 - f1 0.9141 
INFO:root:TEST batch 7 / 7 - measures partial for class 0 - precision 0.0000 - recall 0.0000 - f1 0.0000 
INFO:root:TEST batch 7 / 7 - measures partial for class 1 - precision 0.9141 - recall 1.0000 - f1 0.9551 
INFO:root:TEST batch 7 / 7 - Batch time 0 
INFO:root:TEST mean losses tensor(0.3370)
INFO:root:TEST mean errors 0.06204906105995178
INFO:root:TEST mean MRR 0.0 - mean MAP 0.980685830116272
INFO:root:TEST tp {0: tensor(0), 1: tensor(1300)},fn {0: tensor(86), 1: tensor(0)},fp {0: tensor(0), 1: tensor(86)}
INFO:root:TEST measures microavg - precision 0.9380 - recall 0.9380 - f1 0.9380 
INFO:root:TEST measures for class 0 - precision 0.0000 - recall 0.0000 - f1 0.0000 
INFO:root:TEST measures for class 1 - precision 0.9380 - recall 1.0000 - f1 0.9680 
INFO:root:TEST measures@10 microavg - precision 1.0000 - recall 0.0505 - f1 0.0962 
INFO:root:TEST measures@10 for class 0 - precision 0.0000 - recall 0.0000 - f1 0.0000 
INFO:root:TEST measures@10 for class 1 - precision 1.0000 - recall 0.0538 - f1 0.1022 
INFO:root:TEST measures@100 microavg - precision 0.9671 - recall 0.4885 - f1 0.6491 
INFO:root:TEST measures@100 for class 0 - precision 0.0000 - recall 0.0000 - f1 0.0000 
INFO:root:TEST measures@100 for class 1 - precision 0.9671 - recall 0.5208 - f1 0.6770 
INFO:root:TEST measures@1000 microavg - precision 0.9380 - recall 0.9380 - f1 0.9380 
INFO:root:TEST measures@1000 for class 0 - precision 0.0000 - recall 0.0000 - f1 0.0000 
INFO:root:TEST measures@1000 for class 1 - precision 0.9380 - recall 1.0000 - f1 0.9680 
INFO:root:TEST Total epoch time: 0.13536650700007158
INFO:root:################ TRAIN epoch 89 ###################
INFO:root:TRAIN mean losses tensor(0.2841)
INFO:root:TRAIN mean errors 0.048821549862623215
INFO:root:TRAIN mean MRR 0.0 - mean MAP 0.9805889129638672
INFO:root:TRAIN tp {0: tensor(0), 1: tensor(5650)},fn {0: tensor(290), 1: tensor(0)},fp {0: tensor(0), 1: tensor(290)}
INFO:root:TRAIN measures microavg - precision 0.9512 - recall 0.9512 - f1 0.9512 
INFO:root:TRAIN measures for class 0 - precision 0.0000 - recall 0.0000 - f1 0.0000 
INFO:root:TRAIN measures for class 1 - precision 0.9512 - recall 1.0000 - f1 0.9750 
INFO:root:TRAIN measures@10 microavg - precision 0.9967 - recall 0.0503 - f1 0.0958 
INFO:root:TRAIN measures@10 for class 0 - precision 0.0000 - recall 0.0000 - f1 0.0000 
INFO:root:TRAIN measures@10 for class 1 - precision 0.9967 - recall 0.0529 - f1 0.1005 
INFO:root:TRAIN measures@100 microavg - precision 0.9750 - recall 0.4924 - f1 0.6544 
INFO:root:TRAIN measures@100 for class 0 - precision 0.0000 - recall 0.0000 - f1 0.0000 
INFO:root:TRAIN measures@100 for class 1 - precision 0.9750 - recall 0.5177 - f1 0.6763 
INFO:root:TRAIN measures@1000 microavg - precision 0.9512 - recall 0.9512 - f1 0.9512 
INFO:root:TRAIN measures@1000 for class 0 - precision 0.0000 - recall 0.0000 - f1 0.0000 
INFO:root:TRAIN measures@1000 for class 1 - precision 0.9512 - recall 1.0000 - f1 0.9750 
INFO:root:TRAIN Total epoch time: 0.8213363810000374
INFO:root:################ VALID epoch 89 ###################
INFO:root:VALID mean losses tensor(0.2598)
INFO:root:VALID mean errors 0.046296294778585434
INFO:root:VALID mean MRR 0.0 - mean MAP 0.9828481674194336
INFO:root:VALID tp {0: tensor(0), 1: tensor(1133)},fn {0: tensor(55), 1: tensor(0)},fp {0: tensor(0), 1: tensor(55)}
INFO:root:VALID measures microavg - precision 0.9537 - recall 0.9537 - f1 0.9537 
INFO:root:VALID measures for class 0 - precision 0.0000 - recall 0.0000 - f1 0.0000 
INFO:root:VALID measures for class 1 - precision 0.9537 - recall 1.0000 - f1 0.9763 
INFO:root:VALID measures@10 microavg - precision 0.9833 - recall 0.0497 - f1 0.0946 
INFO:root:VALID measures@10 for class 0 - precision 0.0000 - recall 0.0000 - f1 0.0000 
INFO:root:VALID measures@10 for class 1 - precision 0.9833 - recall 0.0521 - f1 0.0989 
INFO:root:VALID measures@100 microavg - precision 0.9833 - recall 0.4966 - f1 0.6600 
INFO:root:VALID measures@100 for class 0 - precision 0.0000 - recall 0.0000 - f1 0.0000 
INFO:root:VALID measures@100 for class 1 - precision 0.9833 - recall 0.5207 - f1 0.6809 
INFO:root:VALID measures@1000 microavg - precision 0.9537 - recall 0.9537 - f1 0.9537 
INFO:root:VALID measures@1000 for class 0 - precision 0.0000 - recall 0.0000 - f1 0.0000 
INFO:root:VALID measures@1000 for class 1 - precision 0.9537 - recall 1.0000 - f1 0.9763 
INFO:root:VALID Total epoch time: 0.12235736000002362
INFO:root:################ TEST epoch 89 ###################
INFO:root:TEST batch 1 / 7 - partial error 0.0455 - partial loss 0.2759 - partial MRR  0.0000 - partial MAP 0.9849
INFO:root:TEST batch 1 / 7 -  partial tp {0: tensor(0), 1: tensor(189)},fn {0: tensor(9), 1: tensor(0)},fp {0: tensor(0), 1: tensor(9)}
INFO:root:TEST batch 1 / 7 - measures partial microavg - precision 0.9545 - recall 0.9545 - f1 0.9545 
INFO:root:TEST batch 1 / 7 - measures partial for class 0 - precision 0.0000 - recall 0.0000 - f1 0.0000 
INFO:root:TEST batch 1 / 7 - measures partial for class 1 - precision 0.9545 - recall 1.0000 - f1 0.9767 
INFO:root:TEST batch 1 / 7 - Batch time 0 
INFO:root:TEST batch 2 / 7 - partial error 0.0581 - partial loss 0.3328 - partial MRR  0.0000 - partial MAP 0.9795
INFO:root:TEST batch 2 / 7 -  partial tp {0: tensor(0), 1: tensor(184)},fn {0: tensor(14), 1: tensor(0)},fp {0: tensor(0), 1: tensor(14)}
INFO:root:TEST batch 2 / 7 - measures partial microavg - precision 0.9293 - recall 0.9293 - f1 0.9293 
INFO:root:TEST batch 2 / 7 - measures partial for class 0 - precision 0.0000 - recall 0.0000 - f1 0.0000 
INFO:root:TEST batch 2 / 7 - measures partial for class 1 - precision 0.9293 - recall 1.0000 - f1 0.9634 
INFO:root:TEST batch 2 / 7 - Batch time 0 
INFO:root:TEST batch 3 / 7 - partial error 0.0556 - partial loss 0.3170 - partial MRR  0.0000 - partial MAP 0.9814
INFO:root:TEST batch 3 / 7 -  partial tp {0: tensor(0), 1: tensor(188)},fn {0: tensor(10), 1: tensor(0)},fp {0: tensor(0), 1: tensor(10)}
INFO:root:TEST batch 3 / 7 - measures partial microavg - precision 0.9495 - recall 0.9495 - f1 0.9495 
INFO:root:TEST batch 3 / 7 - measures partial for class 0 - precision 0.0000 - recall 0.0000 - f1 0.0000 
INFO:root:TEST batch 3 / 7 - measures partial for class 1 - precision 0.9495 - recall 1.0000 - f1 0.9741 
INFO:root:TEST batch 3 / 7 - Batch time 0 
INFO:root:TEST batch 4 / 7 - partial error 0.0568 - partial loss 0.3198 - partial MRR  0.0000 - partial MAP 0.9805
INFO:root:TEST batch 4 / 7 -  partial tp {0: tensor(0), 1: tensor(186)},fn {0: tensor(12), 1: tensor(0)},fp {0: tensor(0), 1: tensor(12)}
INFO:root:TEST batch 4 / 7 - measures partial microavg - precision 0.9394 - recall 0.9394 - f1 0.9394 
INFO:root:TEST batch 4 / 7 - measures partial for class 0 - precision 0.0000 - recall 0.0000 - f1 0.0000 
INFO:root:TEST batch 4 / 7 - measures partial for class 1 - precision 0.9394 - recall 1.0000 - f1 0.9688 
INFO:root:TEST batch 4 / 7 - Batch time 0 
INFO:root:TEST batch 5 / 7 - partial error 0.0606 - partial loss 0.3399 - partial MRR  0.0000 - partial MAP 0.9786
INFO:root:TEST batch 5 / 7 -  partial tp {0: tensor(0), 1: tensor(183)},fn {0: tensor(15), 1: tensor(0)},fp {0: tensor(0), 1: tensor(15)}
INFO:root:TEST batch 5 / 7 - measures partial microavg - precision 0.9242 - recall 0.9242 - f1 0.9242 
INFO:root:TEST batch 5 / 7 - measures partial for class 0 - precision 0.0000 - recall 0.0000 - f1 0.0000 
INFO:root:TEST batch 5 / 7 - measures partial for class 1 - precision 0.9242 - recall 1.0000 - f1 0.9606 
INFO:root:TEST batch 5 / 7 - Batch time 0 
INFO:root:TEST batch 6 / 7 - partial error 0.0581 - partial loss 0.3256 - partial MRR  0.0000 - partial MAP 0.9802
INFO:root:TEST batch 6 / 7 -  partial tp {0: tensor(0), 1: tensor(189)},fn {0: tensor(9), 1: tensor(0)},fp {0: tensor(0), 1: tensor(9)}
INFO:root:TEST batch 6 / 7 - measures partial microavg - precision 0.9545 - recall 0.9545 - f1 0.9545 
INFO:root:TEST batch 6 / 7 - measures partial for class 0 - precision 0.0000 - recall 0.0000 - f1 0.0000 
INFO:root:TEST batch 6 / 7 - measures partial for class 1 - precision 0.9545 - recall 1.0000 - f1 0.9767 
INFO:root:TEST batch 6 / 7 - Batch time 0 
INFO:root:TEST batch 7 / 7 - partial error 0.0620 - partial loss 0.3420 - partial MRR  0.0000 - partial MAP 0.9800
INFO:root:TEST batch 7 / 7 -  partial tp {0: tensor(0), 1: tensor(181)},fn {0: tensor(17), 1: tensor(0)},fp {0: tensor(0), 1: tensor(17)}
INFO:root:TEST batch 7 / 7 - measures partial microavg - precision 0.9141 - recall 0.9141 - f1 0.9141 
INFO:root:TEST batch 7 / 7 - measures partial for class 0 - precision 0.0000 - recall 0.0000 - f1 0.0000 
INFO:root:TEST batch 7 / 7 - measures partial for class 1 - precision 0.9141 - recall 1.0000 - f1 0.9551 
INFO:root:TEST batch 7 / 7 - Batch time 0 
INFO:root:TEST mean losses tensor(0.3420)
INFO:root:TEST mean errors 0.06204906105995178
INFO:root:TEST mean MRR 0.0 - mean MAP 0.9799522161483765
INFO:root:TEST tp {0: tensor(0), 1: tensor(1300)},fn {0: tensor(86), 1: tensor(0)},fp {0: tensor(0), 1: tensor(86)}
INFO:root:TEST measures microavg - precision 0.9380 - recall 0.9380 - f1 0.9380 
INFO:root:TEST measures for class 0 - precision 0.0000 - recall 0.0000 - f1 0.0000 
INFO:root:TEST measures for class 1 - precision 0.9380 - recall 1.0000 - f1 0.9680 
INFO:root:TEST measures@10 microavg - precision 1.0000 - recall 0.0505 - f1 0.0962 
INFO:root:TEST measures@10 for class 0 - precision 0.0000 - recall 0.0000 - f1 0.0000 
INFO:root:TEST measures@10 for class 1 - precision 1.0000 - recall 0.0538 - f1 0.1022 
INFO:root:TEST measures@100 microavg - precision 0.9729 - recall 0.4913 - f1 0.6529 
INFO:root:TEST measures@100 for class 0 - precision 0.0000 - recall 0.0000 - f1 0.0000 
INFO:root:TEST measures@100 for class 1 - precision 0.9729 - recall 0.5238 - f1 0.6810 
INFO:root:TEST measures@1000 microavg - precision 0.9380 - recall 0.9380 - f1 0.9380 
INFO:root:TEST measures@1000 for class 0 - precision 0.0000 - recall 0.0000 - f1 0.0000 
INFO:root:TEST measures@1000 for class 1 - precision 0.9380 - recall 1.0000 - f1 0.9680 
INFO:root:TEST Total epoch time: 0.1476217659997019
INFO:root:################ TRAIN epoch 90 ###################
INFO:root:TRAIN mean losses tensor(0.2820)
INFO:root:TRAIN mean errors 0.048821549862623215
INFO:root:TRAIN mean MRR 0.0 - mean MAP 0.9815446138381958
INFO:root:TRAIN tp {0: tensor(0), 1: tensor(5650)},fn {0: tensor(290), 1: tensor(0)},fp {0: tensor(0), 1: tensor(290)}
INFO:root:TRAIN measures microavg - precision 0.9512 - recall 0.9512 - f1 0.9512 
INFO:root:TRAIN measures for class 0 - precision 0.0000 - recall 0.0000 - f1 0.0000 
INFO:root:TRAIN measures for class 1 - precision 0.9512 - recall 1.0000 - f1 0.9750 
INFO:root:TRAIN measures@10 microavg - precision 0.9933 - recall 0.0502 - f1 0.0955 
INFO:root:TRAIN measures@10 for class 0 - precision 0.0000 - recall 0.0000 - f1 0.0000 
INFO:root:TRAIN measures@10 for class 1 - precision 0.9933 - recall 0.0527 - f1 0.1002 
INFO:root:TRAIN measures@100 microavg - precision 0.9737 - recall 0.4918 - f1 0.6535 
INFO:root:TRAIN measures@100 for class 0 - precision 0.0000 - recall 0.0000 - f1 0.0000 
INFO:root:TRAIN measures@100 for class 1 - precision 0.9737 - recall 0.5170 - f1 0.6754 
INFO:root:TRAIN measures@1000 microavg - precision 0.9512 - recall 0.9512 - f1 0.9512 
INFO:root:TRAIN measures@1000 for class 0 - precision 0.0000 - recall 0.0000 - f1 0.0000 
INFO:root:TRAIN measures@1000 for class 1 - precision 0.9512 - recall 1.0000 - f1 0.9750 
INFO:root:TRAIN Total epoch time: 0.8965233859998989
INFO:root:################ VALID epoch 90 ###################
INFO:root:VALID mean losses tensor(0.2606)
INFO:root:VALID mean errors 0.046296294778585434
INFO:root:VALID mean MRR 0.0 - mean MAP 0.9820709824562073
INFO:root:VALID tp {0: tensor(0), 1: tensor(1133)},fn {0: tensor(55), 1: tensor(0)},fp {0: tensor(0), 1: tensor(55)}
INFO:root:VALID measures microavg - precision 0.9537 - recall 0.9537 - f1 0.9537 
INFO:root:VALID measures for class 0 - precision 0.0000 - recall 0.0000 - f1 0.0000 
INFO:root:VALID measures for class 1 - precision 0.9537 - recall 1.0000 - f1 0.9763 
INFO:root:VALID measures@10 microavg - precision 0.9833 - recall 0.0497 - f1 0.0946 
INFO:root:VALID measures@10 for class 0 - precision 0.0000 - recall 0.0000 - f1 0.0000 
INFO:root:VALID measures@10 for class 1 - precision 0.9833 - recall 0.0521 - f1 0.0989 
INFO:root:VALID measures@100 microavg - precision 0.9833 - recall 0.4966 - f1 0.6600 
INFO:root:VALID measures@100 for class 0 - precision 0.0000 - recall 0.0000 - f1 0.0000 
INFO:root:VALID measures@100 for class 1 - precision 0.9833 - recall 0.5207 - f1 0.6809 
INFO:root:VALID measures@1000 microavg - precision 0.9537 - recall 0.9537 - f1 0.9537 
INFO:root:VALID measures@1000 for class 0 - precision 0.0000 - recall 0.0000 - f1 0.0000 
INFO:root:VALID measures@1000 for class 1 - precision 0.9537 - recall 1.0000 - f1 0.9763 
INFO:root:VALID Total epoch time: 0.11811842999986766
INFO:root:################ TEST epoch 90 ###################
INFO:root:TEST batch 1 / 7 - partial error 0.0455 - partial loss 0.2880 - partial MRR  0.0000 - partial MAP 0.9785
INFO:root:TEST batch 1 / 7 -  partial tp {0: tensor(0), 1: tensor(189)},fn {0: tensor(9), 1: tensor(0)},fp {0: tensor(0), 1: tensor(9)}
INFO:root:TEST batch 1 / 7 - measures partial microavg - precision 0.9545 - recall 0.9545 - f1 0.9545 
INFO:root:TEST batch 1 / 7 - measures partial for class 0 - precision 0.0000 - recall 0.0000 - f1 0.0000 
INFO:root:TEST batch 1 / 7 - measures partial for class 1 - precision 0.9545 - recall 1.0000 - f1 0.9767 
INFO:root:TEST batch 1 / 7 - Batch time 0 
INFO:root:TEST batch 2 / 7 - partial error 0.0581 - partial loss 0.3324 - partial MRR  0.0000 - partial MAP 0.9786
INFO:root:TEST batch 2 / 7 -  partial tp {0: tensor(0), 1: tensor(184)},fn {0: tensor(14), 1: tensor(0)},fp {0: tensor(0), 1: tensor(14)}
INFO:root:TEST batch 2 / 7 - measures partial microavg - precision 0.9293 - recall 0.9293 - f1 0.9293 
INFO:root:TEST batch 2 / 7 - measures partial for class 0 - precision 0.0000 - recall 0.0000 - f1 0.0000 
INFO:root:TEST batch 2 / 7 - measures partial for class 1 - precision 0.9293 - recall 1.0000 - f1 0.9634 
INFO:root:TEST batch 2 / 7 - Batch time 0 
INFO:root:TEST batch 3 / 7 - partial error 0.0556 - partial loss 0.3153 - partial MRR  0.0000 - partial MAP 0.9811
INFO:root:TEST batch 3 / 7 -  partial tp {0: tensor(0), 1: tensor(188)},fn {0: tensor(10), 1: tensor(0)},fp {0: tensor(0), 1: tensor(10)}
INFO:root:TEST batch 3 / 7 - measures partial microavg - precision 0.9495 - recall 0.9495 - f1 0.9495 
INFO:root:TEST batch 3 / 7 - measures partial for class 0 - precision 0.0000 - recall 0.0000 - f1 0.0000 
INFO:root:TEST batch 3 / 7 - measures partial for class 1 - precision 0.9495 - recall 1.0000 - f1 0.9741 
INFO:root:TEST batch 3 / 7 - Batch time 0 
INFO:root:TEST batch 4 / 7 - partial error 0.0568 - partial loss 0.3231 - partial MRR  0.0000 - partial MAP 0.9797
INFO:root:TEST batch 4 / 7 -  partial tp {0: tensor(0), 1: tensor(186)},fn {0: tensor(12), 1: tensor(0)},fp {0: tensor(0), 1: tensor(12)}
INFO:root:TEST batch 4 / 7 - measures partial microavg - precision 0.9394 - recall 0.9394 - f1 0.9394 
INFO:root:TEST batch 4 / 7 - measures partial for class 0 - precision 0.0000 - recall 0.0000 - f1 0.0000 
INFO:root:TEST batch 4 / 7 - measures partial for class 1 - precision 0.9394 - recall 1.0000 - f1 0.9688 
INFO:root:TEST batch 4 / 7 - Batch time 0 
INFO:root:TEST batch 5 / 7 - partial error 0.0606 - partial loss 0.3451 - partial MRR  0.0000 - partial MAP 0.9778
INFO:root:TEST batch 5 / 7 -  partial tp {0: tensor(0), 1: tensor(183)},fn {0: tensor(15), 1: tensor(0)},fp {0: tensor(0), 1: tensor(15)}
INFO:root:TEST batch 5 / 7 - measures partial microavg - precision 0.9242 - recall 0.9242 - f1 0.9242 
INFO:root:TEST batch 5 / 7 - measures partial for class 0 - precision 0.0000 - recall 0.0000 - f1 0.0000 
INFO:root:TEST batch 5 / 7 - measures partial for class 1 - precision 0.9242 - recall 1.0000 - f1 0.9606 
INFO:root:TEST batch 5 / 7 - Batch time 0 
INFO:root:TEST batch 6 / 7 - partial error 0.0581 - partial loss 0.3311 - partial MRR  0.0000 - partial MAP 0.9791
INFO:root:TEST batch 6 / 7 -  partial tp {0: tensor(0), 1: tensor(189)},fn {0: tensor(9), 1: tensor(0)},fp {0: tensor(0), 1: tensor(9)}
INFO:root:TEST batch 6 / 7 - measures partial microavg - precision 0.9545 - recall 0.9545 - f1 0.9545 
INFO:root:TEST batch 6 / 7 - measures partial for class 0 - precision 0.0000 - recall 0.0000 - f1 0.0000 
INFO:root:TEST batch 6 / 7 - measures partial for class 1 - precision 0.9545 - recall 1.0000 - f1 0.9767 
INFO:root:TEST batch 6 / 7 - Batch time 0 
INFO:root:TEST batch 7 / 7 - partial error 0.0620 - partial loss 0.3501 - partial MRR  0.0000 - partial MAP 0.9785
INFO:root:TEST batch 7 / 7 -  partial tp {0: tensor(0), 1: tensor(181)},fn {0: tensor(17), 1: tensor(0)},fp {0: tensor(0), 1: tensor(17)}
INFO:root:TEST batch 7 / 7 - measures partial microavg - precision 0.9141 - recall 0.9141 - f1 0.9141 
INFO:root:TEST batch 7 / 7 - measures partial for class 0 - precision 0.0000 - recall 0.0000 - f1 0.0000 
INFO:root:TEST batch 7 / 7 - measures partial for class 1 - precision 0.9141 - recall 1.0000 - f1 0.9551 
INFO:root:TEST batch 7 / 7 - Batch time 0 
INFO:root:TEST mean losses tensor(0.3501)
INFO:root:TEST mean errors 0.06204906105995178
INFO:root:TEST mean MRR 0.0 - mean MAP 0.9785349369049072
INFO:root:TEST tp {0: tensor(0), 1: tensor(1300)},fn {0: tensor(86), 1: tensor(0)},fp {0: tensor(0), 1: tensor(86)}
INFO:root:TEST measures microavg - precision 0.9380 - recall 0.9380 - f1 0.9380 
INFO:root:TEST measures for class 0 - precision 0.0000 - recall 0.0000 - f1 0.0000 
INFO:root:TEST measures for class 1 - precision 0.9380 - recall 1.0000 - f1 0.9680 
INFO:root:TEST measures@10 microavg - precision 1.0000 - recall 0.0505 - f1 0.0962 
INFO:root:TEST measures@10 for class 0 - precision 0.0000 - recall 0.0000 - f1 0.0000 
INFO:root:TEST measures@10 for class 1 - precision 1.0000 - recall 0.0538 - f1 0.1022 
INFO:root:TEST measures@100 microavg - precision 0.9714 - recall 0.4906 - f1 0.6520 
INFO:root:TEST measures@100 for class 0 - precision 0.0000 - recall 0.0000 - f1 0.0000 
INFO:root:TEST measures@100 for class 1 - precision 0.9714 - recall 0.5231 - f1 0.6800 
INFO:root:TEST measures@1000 microavg - precision 0.9380 - recall 0.9380 - f1 0.9380 
INFO:root:TEST measures@1000 for class 0 - precision 0.0000 - recall 0.0000 - f1 0.0000 
INFO:root:TEST measures@1000 for class 1 - precision 0.9380 - recall 1.0000 - f1 0.9680 
INFO:root:TEST Total epoch time: 0.14744241300013528
INFO:root:################ TRAIN epoch 91 ###################
INFO:root:TRAIN mean losses tensor(0.2824)
INFO:root:TRAIN mean errors 0.048821549862623215
INFO:root:TRAIN mean MRR 0.0 - mean MAP 0.9812560081481934
INFO:root:TRAIN tp {0: tensor(0), 1: tensor(5650)},fn {0: tensor(290), 1: tensor(0)},fp {0: tensor(0), 1: tensor(290)}
INFO:root:TRAIN measures microavg - precision 0.9512 - recall 0.9512 - f1 0.9512 
INFO:root:TRAIN measures for class 0 - precision 0.0000 - recall 0.0000 - f1 0.0000 
INFO:root:TRAIN measures for class 1 - precision 0.9512 - recall 1.0000 - f1 0.9750 
INFO:root:TRAIN measures@10 microavg - precision 1.0000 - recall 0.0505 - f1 0.0962 
INFO:root:TRAIN measures@10 for class 0 - precision 0.0000 - recall 0.0000 - f1 0.0000 
INFO:root:TRAIN measures@10 for class 1 - precision 1.0000 - recall 0.0531 - f1 0.1008 
INFO:root:TRAIN measures@100 microavg - precision 0.9753 - recall 0.4926 - f1 0.6546 
INFO:root:TRAIN measures@100 for class 0 - precision 0.0000 - recall 0.0000 - f1 0.0000 
INFO:root:TRAIN measures@100 for class 1 - precision 0.9753 - recall 0.5179 - f1 0.6765 
INFO:root:TRAIN measures@1000 microavg - precision 0.9512 - recall 0.9512 - f1 0.9512 
INFO:root:TRAIN measures@1000 for class 0 - precision 0.0000 - recall 0.0000 - f1 0.0000 
INFO:root:TRAIN measures@1000 for class 1 - precision 0.9512 - recall 1.0000 - f1 0.9750 
INFO:root:TRAIN Total epoch time: 0.8996879619999163
INFO:root:################ VALID epoch 91 ###################
INFO:root:VALID mean losses tensor(0.2619)
INFO:root:VALID mean errors 0.046296294778585434
INFO:root:VALID mean MRR 0.0 - mean MAP 0.9817050695419312
INFO:root:VALID tp {0: tensor(0), 1: tensor(1133)},fn {0: tensor(55), 1: tensor(0)},fp {0: tensor(0), 1: tensor(55)}
INFO:root:VALID measures microavg - precision 0.9537 - recall 0.9537 - f1 0.9537 
INFO:root:VALID measures for class 0 - precision 0.0000 - recall 0.0000 - f1 0.0000 
INFO:root:VALID measures for class 1 - precision 0.9537 - recall 1.0000 - f1 0.9763 
INFO:root:VALID measures@10 microavg - precision 0.9833 - recall 0.0497 - f1 0.0946 
INFO:root:VALID measures@10 for class 0 - precision 0.0000 - recall 0.0000 - f1 0.0000 
INFO:root:VALID measures@10 for class 1 - precision 0.9833 - recall 0.0521 - f1 0.0989 
INFO:root:VALID measures@100 microavg - precision 0.9850 - recall 0.4975 - f1 0.6611 
INFO:root:VALID measures@100 for class 0 - precision 0.0000 - recall 0.0000 - f1 0.0000 
INFO:root:VALID measures@100 for class 1 - precision 0.9850 - recall 0.5216 - f1 0.6821 
INFO:root:VALID measures@1000 microavg - precision 0.9537 - recall 0.9537 - f1 0.9537 
INFO:root:VALID measures@1000 for class 0 - precision 0.0000 - recall 0.0000 - f1 0.0000 
INFO:root:VALID measures@1000 for class 1 - precision 0.9537 - recall 1.0000 - f1 0.9763 
INFO:root:VALID Total epoch time: 0.11818650700024591
INFO:root:################ TEST epoch 91 ###################
INFO:root:TEST batch 1 / 7 - partial error 0.0455 - partial loss 0.2788 - partial MRR  0.0000 - partial MAP 0.9848
INFO:root:TEST batch 1 / 7 -  partial tp {0: tensor(0), 1: tensor(189)},fn {0: tensor(9), 1: tensor(0)},fp {0: tensor(0), 1: tensor(9)}
INFO:root:TEST batch 1 / 7 - measures partial microavg - precision 0.9545 - recall 0.9545 - f1 0.9545 
INFO:root:TEST batch 1 / 7 - measures partial for class 0 - precision 0.0000 - recall 0.0000 - f1 0.0000 
INFO:root:TEST batch 1 / 7 - measures partial for class 1 - precision 0.9545 - recall 1.0000 - f1 0.9767 
INFO:root:TEST batch 1 / 7 - Batch time 0 
INFO:root:TEST batch 2 / 7 - partial error 0.0581 - partial loss 0.3335 - partial MRR  0.0000 - partial MAP 0.9786
INFO:root:TEST batch 2 / 7 -  partial tp {0: tensor(0), 1: tensor(184)},fn {0: tensor(14), 1: tensor(0)},fp {0: tensor(0), 1: tensor(14)}
INFO:root:TEST batch 2 / 7 - measures partial microavg - precision 0.9293 - recall 0.9293 - f1 0.9293 
INFO:root:TEST batch 2 / 7 - measures partial for class 0 - precision 0.0000 - recall 0.0000 - f1 0.0000 
INFO:root:TEST batch 2 / 7 - measures partial for class 1 - precision 0.9293 - recall 1.0000 - f1 0.9634 
INFO:root:TEST batch 2 / 7 - Batch time 0 
INFO:root:TEST batch 3 / 7 - partial error 0.0556 - partial loss 0.3173 - partial MRR  0.0000 - partial MAP 0.9805
INFO:root:TEST batch 3 / 7 -  partial tp {0: tensor(0), 1: tensor(188)},fn {0: tensor(10), 1: tensor(0)},fp {0: tensor(0), 1: tensor(10)}
INFO:root:TEST batch 3 / 7 - measures partial microavg - precision 0.9495 - recall 0.9495 - f1 0.9495 
INFO:root:TEST batch 3 / 7 - measures partial for class 0 - precision 0.0000 - recall 0.0000 - f1 0.0000 
INFO:root:TEST batch 3 / 7 - measures partial for class 1 - precision 0.9495 - recall 1.0000 - f1 0.9741 
INFO:root:TEST batch 3 / 7 - Batch time 0 
INFO:root:TEST batch 4 / 7 - partial error 0.0568 - partial loss 0.3214 - partial MRR  0.0000 - partial MAP 0.9794
INFO:root:TEST batch 4 / 7 -  partial tp {0: tensor(0), 1: tensor(186)},fn {0: tensor(12), 1: tensor(0)},fp {0: tensor(0), 1: tensor(12)}
INFO:root:TEST batch 4 / 7 - measures partial microavg - precision 0.9394 - recall 0.9394 - f1 0.9394 
INFO:root:TEST batch 4 / 7 - measures partial for class 0 - precision 0.0000 - recall 0.0000 - f1 0.0000 
INFO:root:TEST batch 4 / 7 - measures partial for class 1 - precision 0.9394 - recall 1.0000 - f1 0.9688 
INFO:root:TEST batch 4 / 7 - Batch time 0 
INFO:root:TEST batch 5 / 7 - partial error 0.0606 - partial loss 0.3395 - partial MRR  0.0000 - partial MAP 0.9784
INFO:root:TEST batch 5 / 7 -  partial tp {0: tensor(0), 1: tensor(183)},fn {0: tensor(15), 1: tensor(0)},fp {0: tensor(0), 1: tensor(15)}
INFO:root:TEST batch 5 / 7 - measures partial microavg - precision 0.9242 - recall 0.9242 - f1 0.9242 
INFO:root:TEST batch 5 / 7 - measures partial for class 0 - precision 0.0000 - recall 0.0000 - f1 0.0000 
INFO:root:TEST batch 5 / 7 - measures partial for class 1 - precision 0.9242 - recall 1.0000 - f1 0.9606 
INFO:root:TEST batch 5 / 7 - Batch time 0 
INFO:root:TEST batch 6 / 7 - partial error 0.0581 - partial loss 0.3253 - partial MRR  0.0000 - partial MAP 0.9800
INFO:root:TEST batch 6 / 7 -  partial tp {0: tensor(0), 1: tensor(189)},fn {0: tensor(9), 1: tensor(0)},fp {0: tensor(0), 1: tensor(9)}
INFO:root:TEST batch 6 / 7 - measures partial microavg - precision 0.9545 - recall 0.9545 - f1 0.9545 
INFO:root:TEST batch 6 / 7 - measures partial for class 0 - precision 0.0000 - recall 0.0000 - f1 0.0000 
INFO:root:TEST batch 6 / 7 - measures partial for class 1 - precision 0.9545 - recall 1.0000 - f1 0.9767 
INFO:root:TEST batch 6 / 7 - Batch time 0 
INFO:root:TEST batch 7 / 7 - partial error 0.0620 - partial loss 0.3416 - partial MRR  0.0000 - partial MAP 0.9798
INFO:root:TEST batch 7 / 7 -  partial tp {0: tensor(0), 1: tensor(181)},fn {0: tensor(17), 1: tensor(0)},fp {0: tensor(0), 1: tensor(17)}
INFO:root:TEST batch 7 / 7 - measures partial microavg - precision 0.9141 - recall 0.9141 - f1 0.9141 
INFO:root:TEST batch 7 / 7 - measures partial for class 0 - precision 0.0000 - recall 0.0000 - f1 0.0000 
INFO:root:TEST batch 7 / 7 - measures partial for class 1 - precision 0.9141 - recall 1.0000 - f1 0.9551 
INFO:root:TEST batch 7 / 7 - Batch time 0 
INFO:root:TEST mean losses tensor(0.3416)
INFO:root:TEST mean errors 0.06204906105995178
INFO:root:TEST mean MRR 0.0 - mean MAP 0.979759693145752
INFO:root:TEST tp {0: tensor(0), 1: tensor(1300)},fn {0: tensor(86), 1: tensor(0)},fp {0: tensor(0), 1: tensor(86)}
INFO:root:TEST measures microavg - precision 0.9380 - recall 0.9380 - f1 0.9380 
INFO:root:TEST measures for class 0 - precision 0.0000 - recall 0.0000 - f1 0.0000 
INFO:root:TEST measures for class 1 - precision 0.9380 - recall 1.0000 - f1 0.9680 
INFO:root:TEST measures@10 microavg - precision 1.0000 - recall 0.0505 - f1 0.0962 
INFO:root:TEST measures@10 for class 0 - precision 0.0000 - recall 0.0000 - f1 0.0000 
INFO:root:TEST measures@10 for class 1 - precision 1.0000 - recall 0.0538 - f1 0.1022 
INFO:root:TEST measures@100 microavg - precision 0.9714 - recall 0.4906 - f1 0.6520 
INFO:root:TEST measures@100 for class 0 - precision 0.0000 - recall 0.0000 - f1 0.0000 
INFO:root:TEST measures@100 for class 1 - precision 0.9714 - recall 0.5231 - f1 0.6800 
INFO:root:TEST measures@1000 microavg - precision 0.9380 - recall 0.9380 - f1 0.9380 
INFO:root:TEST measures@1000 for class 0 - precision 0.0000 - recall 0.0000 - f1 0.0000 
INFO:root:TEST measures@1000 for class 1 - precision 0.9380 - recall 1.0000 - f1 0.9680 
INFO:root:TEST Total epoch time: 0.14767386399989846
INFO:root:################ TRAIN epoch 92 ###################
INFO:root:TRAIN mean losses tensor(0.2835)
INFO:root:TRAIN mean errors 0.048821549862623215
INFO:root:TRAIN mean MRR 0.0 - mean MAP 0.9814497232437134
INFO:root:TRAIN tp {0: tensor(0), 1: tensor(5650)},fn {0: tensor(290), 1: tensor(0)},fp {0: tensor(0), 1: tensor(290)}
INFO:root:TRAIN measures microavg - precision 0.9512 - recall 0.9512 - f1 0.9512 
INFO:root:TRAIN measures for class 0 - precision 0.0000 - recall 0.0000 - f1 0.0000 
INFO:root:TRAIN measures for class 1 - precision 0.9512 - recall 1.0000 - f1 0.9750 
INFO:root:TRAIN measures@10 microavg - precision 0.9900 - recall 0.0500 - f1 0.0952 
INFO:root:TRAIN measures@10 for class 0 - precision 0.0000 - recall 0.0000 - f1 0.0000 
INFO:root:TRAIN measures@10 for class 1 - precision 0.9900 - recall 0.0526 - f1 0.0998 
INFO:root:TRAIN measures@100 microavg - precision 0.9750 - recall 0.4924 - f1 0.6544 
INFO:root:TRAIN measures@100 for class 0 - precision 0.0000 - recall 0.0000 - f1 0.0000 
INFO:root:TRAIN measures@100 for class 1 - precision 0.9750 - recall 0.5177 - f1 0.6763 
INFO:root:TRAIN measures@1000 microavg - precision 0.9512 - recall 0.9512 - f1 0.9512 
INFO:root:TRAIN measures@1000 for class 0 - precision 0.0000 - recall 0.0000 - f1 0.0000 
INFO:root:TRAIN measures@1000 for class 1 - precision 0.9512 - recall 1.0000 - f1 0.9750 
INFO:root:TRAIN Total epoch time: 0.8969093030000295
INFO:root:################ VALID epoch 92 ###################
INFO:root:VALID mean losses tensor(0.2594)
INFO:root:VALID mean errors 0.046296294778585434
INFO:root:VALID mean MRR 0.0 - mean MAP 0.9842086434364319
INFO:root:VALID tp {0: tensor(0), 1: tensor(1133)},fn {0: tensor(55), 1: tensor(0)},fp {0: tensor(0), 1: tensor(55)}
INFO:root:VALID measures microavg - precision 0.9537 - recall 0.9537 - f1 0.9537 
INFO:root:VALID measures for class 0 - precision 0.0000 - recall 0.0000 - f1 0.0000 
INFO:root:VALID measures for class 1 - precision 0.9537 - recall 1.0000 - f1 0.9763 
INFO:root:VALID measures@10 microavg - precision 0.9833 - recall 0.0497 - f1 0.0946 
INFO:root:VALID measures@10 for class 0 - precision 0.0000 - recall 0.0000 - f1 0.0000 
INFO:root:VALID measures@10 for class 1 - precision 0.9833 - recall 0.0521 - f1 0.0989 
INFO:root:VALID measures@100 microavg - precision 0.9850 - recall 0.4975 - f1 0.6611 
INFO:root:VALID measures@100 for class 0 - precision 0.0000 - recall 0.0000 - f1 0.0000 
INFO:root:VALID measures@100 for class 1 - precision 0.9850 - recall 0.5216 - f1 0.6821 
INFO:root:VALID measures@1000 microavg - precision 0.9537 - recall 0.9537 - f1 0.9537 
INFO:root:VALID measures@1000 for class 0 - precision 0.0000 - recall 0.0000 - f1 0.0000 
INFO:root:VALID measures@1000 for class 1 - precision 0.9537 - recall 1.0000 - f1 0.9763 
INFO:root:VALID Total epoch time: 0.11715175399967848
INFO:root:################ TEST epoch 92 ###################
INFO:root:TEST batch 1 / 7 - partial error 0.0455 - partial loss 0.2783 - partial MRR  0.0000 - partial MAP 0.9836
INFO:root:TEST batch 1 / 7 -  partial tp {0: tensor(0), 1: tensor(189)},fn {0: tensor(9), 1: tensor(0)},fp {0: tensor(0), 1: tensor(9)}
INFO:root:TEST batch 1 / 7 - measures partial microavg - precision 0.9545 - recall 0.9545 - f1 0.9545 
INFO:root:TEST batch 1 / 7 - measures partial for class 0 - precision 0.0000 - recall 0.0000 - f1 0.0000 
INFO:root:TEST batch 1 / 7 - measures partial for class 1 - precision 0.9545 - recall 1.0000 - f1 0.9767 
INFO:root:TEST batch 1 / 7 - Batch time 0 
INFO:root:TEST batch 2 / 7 - partial error 0.0581 - partial loss 0.3309 - partial MRR  0.0000 - partial MAP 0.9797
INFO:root:TEST batch 2 / 7 -  partial tp {0: tensor(0), 1: tensor(184)},fn {0: tensor(14), 1: tensor(0)},fp {0: tensor(0), 1: tensor(14)}
INFO:root:TEST batch 2 / 7 - measures partial microavg - precision 0.9293 - recall 0.9293 - f1 0.9293 
INFO:root:TEST batch 2 / 7 - measures partial for class 0 - precision 0.0000 - recall 0.0000 - f1 0.0000 
INFO:root:TEST batch 2 / 7 - measures partial for class 1 - precision 0.9293 - recall 1.0000 - f1 0.9634 
INFO:root:TEST batch 2 / 7 - Batch time 0 
INFO:root:TEST batch 3 / 7 - partial error 0.0556 - partial loss 0.3166 - partial MRR  0.0000 - partial MAP 0.9811
INFO:root:TEST batch 3 / 7 -  partial tp {0: tensor(0), 1: tensor(188)},fn {0: tensor(10), 1: tensor(0)},fp {0: tensor(0), 1: tensor(10)}
INFO:root:TEST batch 3 / 7 - measures partial microavg - precision 0.9495 - recall 0.9495 - f1 0.9495 
INFO:root:TEST batch 3 / 7 - measures partial for class 0 - precision 0.0000 - recall 0.0000 - f1 0.0000 
INFO:root:TEST batch 3 / 7 - measures partial for class 1 - precision 0.9495 - recall 1.0000 - f1 0.9741 
INFO:root:TEST batch 3 / 7 - Batch time 0 
INFO:root:TEST batch 4 / 7 - partial error 0.0568 - partial loss 0.3219 - partial MRR  0.0000 - partial MAP 0.9797
INFO:root:TEST batch 4 / 7 -  partial tp {0: tensor(0), 1: tensor(186)},fn {0: tensor(12), 1: tensor(0)},fp {0: tensor(0), 1: tensor(12)}
INFO:root:TEST batch 4 / 7 - measures partial microavg - precision 0.9394 - recall 0.9394 - f1 0.9394 
INFO:root:TEST batch 4 / 7 - measures partial for class 0 - precision 0.0000 - recall 0.0000 - f1 0.0000 
INFO:root:TEST batch 4 / 7 - measures partial for class 1 - precision 0.9394 - recall 1.0000 - f1 0.9688 
INFO:root:TEST batch 4 / 7 - Batch time 0 
INFO:root:TEST batch 5 / 7 - partial error 0.0606 - partial loss 0.3393 - partial MRR  0.0000 - partial MAP 0.9790
INFO:root:TEST batch 5 / 7 -  partial tp {0: tensor(0), 1: tensor(183)},fn {0: tensor(15), 1: tensor(0)},fp {0: tensor(0), 1: tensor(15)}
INFO:root:TEST batch 5 / 7 - measures partial microavg - precision 0.9242 - recall 0.9242 - f1 0.9242 
INFO:root:TEST batch 5 / 7 - measures partial for class 0 - precision 0.0000 - recall 0.0000 - f1 0.0000 
INFO:root:TEST batch 5 / 7 - measures partial for class 1 - precision 0.9242 - recall 1.0000 - f1 0.9606 
INFO:root:TEST batch 5 / 7 - Batch time 0 
INFO:root:TEST batch 6 / 7 - partial error 0.0581 - partial loss 0.3248 - partial MRR  0.0000 - partial MAP 0.9801
INFO:root:TEST batch 6 / 7 -  partial tp {0: tensor(0), 1: tensor(189)},fn {0: tensor(9), 1: tensor(0)},fp {0: tensor(0), 1: tensor(9)}
INFO:root:TEST batch 6 / 7 - measures partial microavg - precision 0.9545 - recall 0.9545 - f1 0.9545 
INFO:root:TEST batch 6 / 7 - measures partial for class 0 - precision 0.0000 - recall 0.0000 - f1 0.0000 
INFO:root:TEST batch 6 / 7 - measures partial for class 1 - precision 0.9545 - recall 1.0000 - f1 0.9767 
INFO:root:TEST batch 6 / 7 - Batch time 0 
INFO:root:TEST batch 7 / 7 - partial error 0.0620 - partial loss 0.3421 - partial MRR  0.0000 - partial MAP 0.9792
INFO:root:TEST batch 7 / 7 -  partial tp {0: tensor(0), 1: tensor(181)},fn {0: tensor(17), 1: tensor(0)},fp {0: tensor(0), 1: tensor(17)}
INFO:root:TEST batch 7 / 7 - measures partial microavg - precision 0.9141 - recall 0.9141 - f1 0.9141 
INFO:root:TEST batch 7 / 7 - measures partial for class 0 - precision 0.0000 - recall 0.0000 - f1 0.0000 
INFO:root:TEST batch 7 / 7 - measures partial for class 1 - precision 0.9141 - recall 1.0000 - f1 0.9551 
INFO:root:TEST batch 7 / 7 - Batch time 0 
INFO:root:TEST mean losses tensor(0.3421)
INFO:root:TEST mean errors 0.06204906105995178
INFO:root:TEST mean MRR 0.0 - mean MAP 0.9792484641075134
INFO:root:TEST tp {0: tensor(0), 1: tensor(1300)},fn {0: tensor(86), 1: tensor(0)},fp {0: tensor(0), 1: tensor(86)}
INFO:root:TEST measures microavg - precision 0.9380 - recall 0.9380 - f1 0.9380 
INFO:root:TEST measures for class 0 - precision 0.0000 - recall 0.0000 - f1 0.0000 
INFO:root:TEST measures for class 1 - precision 0.9380 - recall 1.0000 - f1 0.9680 
INFO:root:TEST measures@10 microavg - precision 1.0000 - recall 0.0505 - f1 0.0962 
INFO:root:TEST measures@10 for class 0 - precision 0.0000 - recall 0.0000 - f1 0.0000 
INFO:root:TEST measures@10 for class 1 - precision 1.0000 - recall 0.0538 - f1 0.1022 
INFO:root:TEST measures@100 microavg - precision 0.9686 - recall 0.4892 - f1 0.6500 
INFO:root:TEST measures@100 for class 0 - precision 0.0000 - recall 0.0000 - f1 0.0000 
INFO:root:TEST measures@100 for class 1 - precision 0.9686 - recall 0.5215 - f1 0.6780 
INFO:root:TEST measures@1000 microavg - precision 0.9380 - recall 0.9380 - f1 0.9380 
INFO:root:TEST measures@1000 for class 0 - precision 0.0000 - recall 0.0000 - f1 0.0000 
INFO:root:TEST measures@1000 for class 1 - precision 0.9380 - recall 1.0000 - f1 0.9680 
INFO:root:TEST Total epoch time: 0.14448511900036465
INFO:root:################ TRAIN epoch 93 ###################
INFO:root:TRAIN mean losses tensor(0.2830)
INFO:root:TRAIN mean errors 0.048821549862623215
INFO:root:TRAIN mean MRR 0.0 - mean MAP 0.9811387062072754
INFO:root:TRAIN tp {0: tensor(0), 1: tensor(5650)},fn {0: tensor(290), 1: tensor(0)},fp {0: tensor(0), 1: tensor(290)}
INFO:root:TRAIN measures microavg - precision 0.9512 - recall 0.9512 - f1 0.9512 
INFO:root:TRAIN measures for class 0 - precision 0.0000 - recall 0.0000 - f1 0.0000 
INFO:root:TRAIN measures for class 1 - precision 0.9512 - recall 1.0000 - f1 0.9750 
INFO:root:TRAIN measures@10 microavg - precision 0.9900 - recall 0.0500 - f1 0.0952 
INFO:root:TRAIN measures@10 for class 0 - precision 0.0000 - recall 0.0000 - f1 0.0000 
INFO:root:TRAIN measures@10 for class 1 - precision 0.9900 - recall 0.0526 - f1 0.0998 
INFO:root:TRAIN measures@100 microavg - precision 0.9763 - recall 0.4931 - f1 0.6553 
INFO:root:TRAIN measures@100 for class 0 - precision 0.0000 - recall 0.0000 - f1 0.0000 
INFO:root:TRAIN measures@100 for class 1 - precision 0.9763 - recall 0.5184 - f1 0.6772 
INFO:root:TRAIN measures@1000 microavg - precision 0.9512 - recall 0.9512 - f1 0.9512 
INFO:root:TRAIN measures@1000 for class 0 - precision 0.0000 - recall 0.0000 - f1 0.0000 
INFO:root:TRAIN measures@1000 for class 1 - precision 0.9512 - recall 1.0000 - f1 0.9750 
INFO:root:TRAIN Total epoch time: 0.9580726600001981
INFO:root:################ VALID epoch 93 ###################
INFO:root:VALID mean losses tensor(0.2621)
INFO:root:VALID mean errors 0.046296294778585434
INFO:root:VALID mean MRR 0.0 - mean MAP 0.9830569624900818
INFO:root:VALID tp {0: tensor(0), 1: tensor(1133)},fn {0: tensor(55), 1: tensor(0)},fp {0: tensor(0), 1: tensor(55)}
INFO:root:VALID measures microavg - precision 0.9537 - recall 0.9537 - f1 0.9537 
INFO:root:VALID measures for class 0 - precision 0.0000 - recall 0.0000 - f1 0.0000 
INFO:root:VALID measures for class 1 - precision 0.9537 - recall 1.0000 - f1 0.9763 
INFO:root:VALID measures@10 microavg - precision 0.9833 - recall 0.0497 - f1 0.0946 
INFO:root:VALID measures@10 for class 0 - precision 0.0000 - recall 0.0000 - f1 0.0000 
INFO:root:VALID measures@10 for class 1 - precision 0.9833 - recall 0.0521 - f1 0.0989 
INFO:root:VALID measures@100 microavg - precision 0.9850 - recall 0.4975 - f1 0.6611 
INFO:root:VALID measures@100 for class 0 - precision 0.0000 - recall 0.0000 - f1 0.0000 
INFO:root:VALID measures@100 for class 1 - precision 0.9850 - recall 0.5216 - f1 0.6821 
INFO:root:VALID measures@1000 microavg - precision 0.9537 - recall 0.9537 - f1 0.9537 
INFO:root:VALID measures@1000 for class 0 - precision 0.0000 - recall 0.0000 - f1 0.0000 
INFO:root:VALID measures@1000 for class 1 - precision 0.9537 - recall 1.0000 - f1 0.9763 
INFO:root:VALID Total epoch time: 0.11030384199966647
INFO:root:################ TEST epoch 93 ###################
INFO:root:TEST batch 1 / 7 - partial error 0.0455 - partial loss 0.2794 - partial MRR  0.0000 - partial MAP 0.9843
INFO:root:TEST batch 1 / 7 -  partial tp {0: tensor(0), 1: tensor(189)},fn {0: tensor(9), 1: tensor(0)},fp {0: tensor(0), 1: tensor(9)}
INFO:root:TEST batch 1 / 7 - measures partial microavg - precision 0.9545 - recall 0.9545 - f1 0.9545 
INFO:root:TEST batch 1 / 7 - measures partial for class 0 - precision 0.0000 - recall 0.0000 - f1 0.0000 
INFO:root:TEST batch 1 / 7 - measures partial for class 1 - precision 0.9545 - recall 1.0000 - f1 0.9767 
INFO:root:TEST batch 1 / 7 - Batch time 0 
INFO:root:TEST batch 2 / 7 - partial error 0.0581 - partial loss 0.3346 - partial MRR  0.0000 - partial MAP 0.9789
INFO:root:TEST batch 2 / 7 -  partial tp {0: tensor(0), 1: tensor(184)},fn {0: tensor(14), 1: tensor(0)},fp {0: tensor(0), 1: tensor(14)}
INFO:root:TEST batch 2 / 7 - measures partial microavg - precision 0.9293 - recall 0.9293 - f1 0.9293 
INFO:root:TEST batch 2 / 7 - measures partial for class 0 - precision 0.0000 - recall 0.0000 - f1 0.0000 
INFO:root:TEST batch 2 / 7 - measures partial for class 1 - precision 0.9293 - recall 1.0000 - f1 0.9634 
INFO:root:TEST batch 2 / 7 - Batch time 0 
INFO:root:TEST batch 3 / 7 - partial error 0.0556 - partial loss 0.3165 - partial MRR  0.0000 - partial MAP 0.9810
INFO:root:TEST batch 3 / 7 -  partial tp {0: tensor(0), 1: tensor(188)},fn {0: tensor(10), 1: tensor(0)},fp {0: tensor(0), 1: tensor(10)}
INFO:root:TEST batch 3 / 7 - measures partial microavg - precision 0.9495 - recall 0.9495 - f1 0.9495 
INFO:root:TEST batch 3 / 7 - measures partial for class 0 - precision 0.0000 - recall 0.0000 - f1 0.0000 
INFO:root:TEST batch 3 / 7 - measures partial for class 1 - precision 0.9495 - recall 1.0000 - f1 0.9741 
INFO:root:TEST batch 3 / 7 - Batch time 0 
INFO:root:TEST batch 4 / 7 - partial error 0.0568 - partial loss 0.3174 - partial MRR  0.0000 - partial MAP 0.9814
INFO:root:TEST batch 4 / 7 -  partial tp {0: tensor(0), 1: tensor(186)},fn {0: tensor(12), 1: tensor(0)},fp {0: tensor(0), 1: tensor(12)}
INFO:root:TEST batch 4 / 7 - measures partial microavg - precision 0.9394 - recall 0.9394 - f1 0.9394 
INFO:root:TEST batch 4 / 7 - measures partial for class 0 - precision 0.0000 - recall 0.0000 - f1 0.0000 
INFO:root:TEST batch 4 / 7 - measures partial for class 1 - precision 0.9394 - recall 1.0000 - f1 0.9688 
INFO:root:TEST batch 4 / 7 - Batch time 0 
INFO:root:TEST batch 5 / 7 - partial error 0.0606 - partial loss 0.3343 - partial MRR  0.0000 - partial MAP 0.9803
INFO:root:TEST batch 5 / 7 -  partial tp {0: tensor(0), 1: tensor(183)},fn {0: tensor(15), 1: tensor(0)},fp {0: tensor(0), 1: tensor(15)}
INFO:root:TEST batch 5 / 7 - measures partial microavg - precision 0.9242 - recall 0.9242 - f1 0.9242 
INFO:root:TEST batch 5 / 7 - measures partial for class 0 - precision 0.0000 - recall 0.0000 - f1 0.0000 
INFO:root:TEST batch 5 / 7 - measures partial for class 1 - precision 0.9242 - recall 1.0000 - f1 0.9606 
INFO:root:TEST batch 5 / 7 - Batch time 0 
INFO:root:TEST batch 6 / 7 - partial error 0.0581 - partial loss 0.3213 - partial MRR  0.0000 - partial MAP 0.9814
INFO:root:TEST batch 6 / 7 -  partial tp {0: tensor(0), 1: tensor(189)},fn {0: tensor(9), 1: tensor(0)},fp {0: tensor(0), 1: tensor(9)}
INFO:root:TEST batch 6 / 7 - measures partial microavg - precision 0.9545 - recall 0.9545 - f1 0.9545 
INFO:root:TEST batch 6 / 7 - measures partial for class 0 - precision 0.0000 - recall 0.0000 - f1 0.0000 
INFO:root:TEST batch 6 / 7 - measures partial for class 1 - precision 0.9545 - recall 1.0000 - f1 0.9767 
INFO:root:TEST batch 6 / 7 - Batch time 0 
INFO:root:TEST batch 7 / 7 - partial error 0.0620 - partial loss 0.3362 - partial MRR  0.0000 - partial MAP 0.9813
INFO:root:TEST batch 7 / 7 -  partial tp {0: tensor(0), 1: tensor(181)},fn {0: tensor(17), 1: tensor(0)},fp {0: tensor(0), 1: tensor(17)}
INFO:root:TEST batch 7 / 7 - measures partial microavg - precision 0.9141 - recall 0.9141 - f1 0.9141 
INFO:root:TEST batch 7 / 7 - measures partial for class 0 - precision 0.0000 - recall 0.0000 - f1 0.0000 
INFO:root:TEST batch 7 / 7 - measures partial for class 1 - precision 0.9141 - recall 1.0000 - f1 0.9551 
INFO:root:TEST batch 7 / 7 - Batch time 0 
INFO:root:TEST mean losses tensor(0.3362)
INFO:root:TEST mean errors 0.06204906105995178
INFO:root:TEST mean MRR 0.0 - mean MAP 0.981293797492981
INFO:root:TEST tp {0: tensor(0), 1: tensor(1300)},fn {0: tensor(86), 1: tensor(0)},fp {0: tensor(0), 1: tensor(86)}
INFO:root:TEST measures microavg - precision 0.9380 - recall 0.9380 - f1 0.9380 
INFO:root:TEST measures for class 0 - precision 0.0000 - recall 0.0000 - f1 0.0000 
INFO:root:TEST measures for class 1 - precision 0.9380 - recall 1.0000 - f1 0.9680 
INFO:root:TEST measures@10 microavg - precision 1.0000 - recall 0.0505 - f1 0.0962 
INFO:root:TEST measures@10 for class 0 - precision 0.0000 - recall 0.0000 - f1 0.0000 
INFO:root:TEST measures@10 for class 1 - precision 1.0000 - recall 0.0538 - f1 0.1022 
INFO:root:TEST measures@100 microavg - precision 0.9643 - recall 0.4870 - f1 0.6472 
INFO:root:TEST measures@100 for class 0 - precision 0.0000 - recall 0.0000 - f1 0.0000 
INFO:root:TEST measures@100 for class 1 - precision 0.9643 - recall 0.5192 - f1 0.6750 
INFO:root:TEST measures@1000 microavg - precision 0.9380 - recall 0.9380 - f1 0.9380 
INFO:root:TEST measures@1000 for class 0 - precision 0.0000 - recall 0.0000 - f1 0.0000 
INFO:root:TEST measures@1000 for class 1 - precision 0.9380 - recall 1.0000 - f1 0.9680 
INFO:root:TEST Total epoch time: 0.13740389399981723
INFO:root:################ TRAIN epoch 94 ###################
INFO:root:TRAIN mean losses tensor(0.2820)
INFO:root:TRAIN mean errors 0.048821549862623215
INFO:root:TRAIN mean MRR 0.0 - mean MAP 0.9817560911178589
INFO:root:TRAIN tp {0: tensor(0), 1: tensor(5650)},fn {0: tensor(290), 1: tensor(0)},fp {0: tensor(0), 1: tensor(290)}
INFO:root:TRAIN measures microavg - precision 0.9512 - recall 0.9512 - f1 0.9512 
INFO:root:TRAIN measures for class 0 - precision 0.0000 - recall 0.0000 - f1 0.0000 
INFO:root:TRAIN measures for class 1 - precision 0.9512 - recall 1.0000 - f1 0.9750 
INFO:root:TRAIN measures@10 microavg - precision 0.9967 - recall 0.0503 - f1 0.0958 
INFO:root:TRAIN measures@10 for class 0 - precision 0.0000 - recall 0.0000 - f1 0.0000 
INFO:root:TRAIN measures@10 for class 1 - precision 0.9967 - recall 0.0529 - f1 0.1005 
INFO:root:TRAIN measures@100 microavg - precision 0.9770 - recall 0.4934 - f1 0.6557 
INFO:root:TRAIN measures@100 for class 0 - precision 0.0000 - recall 0.0000 - f1 0.0000 
INFO:root:TRAIN measures@100 for class 1 - precision 0.9770 - recall 0.5188 - f1 0.6777 
INFO:root:TRAIN measures@1000 microavg - precision 0.9512 - recall 0.9512 - f1 0.9512 
INFO:root:TRAIN measures@1000 for class 0 - precision 0.0000 - recall 0.0000 - f1 0.0000 
INFO:root:TRAIN measures@1000 for class 1 - precision 0.9512 - recall 1.0000 - f1 0.9750 
INFO:root:TRAIN Total epoch time: 0.8365389220002726
INFO:root:################ VALID epoch 94 ###################
INFO:root:VALID mean losses tensor(0.2612)
INFO:root:VALID mean errors 0.046296294778585434
INFO:root:VALID mean MRR 0.0 - mean MAP 0.9816567897796631
INFO:root:VALID tp {0: tensor(0), 1: tensor(1133)},fn {0: tensor(55), 1: tensor(0)},fp {0: tensor(0), 1: tensor(55)}
INFO:root:VALID measures microavg - precision 0.9537 - recall 0.9537 - f1 0.9537 
INFO:root:VALID measures for class 0 - precision 0.0000 - recall 0.0000 - f1 0.0000 
INFO:root:VALID measures for class 1 - precision 0.9537 - recall 1.0000 - f1 0.9763 
INFO:root:VALID measures@10 microavg - precision 0.9833 - recall 0.0497 - f1 0.0946 
INFO:root:VALID measures@10 for class 0 - precision 0.0000 - recall 0.0000 - f1 0.0000 
INFO:root:VALID measures@10 for class 1 - precision 0.9833 - recall 0.0521 - f1 0.0989 
INFO:root:VALID measures@100 microavg - precision 0.9883 - recall 0.4992 - f1 0.6633 
INFO:root:VALID measures@100 for class 0 - precision 0.0000 - recall 0.0000 - f1 0.0000 
INFO:root:VALID measures@100 for class 1 - precision 0.9883 - recall 0.5234 - f1 0.6844 
INFO:root:VALID measures@1000 microavg - precision 0.9537 - recall 0.9537 - f1 0.9537 
INFO:root:VALID measures@1000 for class 0 - precision 0.0000 - recall 0.0000 - f1 0.0000 
INFO:root:VALID measures@1000 for class 1 - precision 0.9537 - recall 1.0000 - f1 0.9763 
INFO:root:VALID Total epoch time: 0.11250522499994986
INFO:root:################ TEST epoch 94 ###################
INFO:root:TEST batch 1 / 7 - partial error 0.0455 - partial loss 0.2773 - partial MRR  0.0000 - partial MAP 0.9828
INFO:root:TEST batch 1 / 7 -  partial tp {0: tensor(0), 1: tensor(189)},fn {0: tensor(9), 1: tensor(0)},fp {0: tensor(0), 1: tensor(9)}
INFO:root:TEST batch 1 / 7 - measures partial microavg - precision 0.9545 - recall 0.9545 - f1 0.9545 
INFO:root:TEST batch 1 / 7 - measures partial for class 0 - precision 0.0000 - recall 0.0000 - f1 0.0000 
INFO:root:TEST batch 1 / 7 - measures partial for class 1 - precision 0.9545 - recall 1.0000 - f1 0.9767 
INFO:root:TEST batch 1 / 7 - Batch time 0 
INFO:root:TEST batch 2 / 7 - partial error 0.0581 - partial loss 0.3311 - partial MRR  0.0000 - partial MAP 0.9793
INFO:root:TEST batch 2 / 7 -  partial tp {0: tensor(0), 1: tensor(184)},fn {0: tensor(14), 1: tensor(0)},fp {0: tensor(0), 1: tensor(14)}
INFO:root:TEST batch 2 / 7 - measures partial microavg - precision 0.9293 - recall 0.9293 - f1 0.9293 
INFO:root:TEST batch 2 / 7 - measures partial for class 0 - precision 0.0000 - recall 0.0000 - f1 0.0000 
INFO:root:TEST batch 2 / 7 - measures partial for class 1 - precision 0.9293 - recall 1.0000 - f1 0.9634 
INFO:root:TEST batch 2 / 7 - Batch time 0 
INFO:root:TEST batch 3 / 7 - partial error 0.0556 - partial loss 0.3145 - partial MRR  0.0000 - partial MAP 0.9813
INFO:root:TEST batch 3 / 7 -  partial tp {0: tensor(0), 1: tensor(188)},fn {0: tensor(10), 1: tensor(0)},fp {0: tensor(0), 1: tensor(10)}
INFO:root:TEST batch 3 / 7 - measures partial microavg - precision 0.9495 - recall 0.9495 - f1 0.9495 
INFO:root:TEST batch 3 / 7 - measures partial for class 0 - precision 0.0000 - recall 0.0000 - f1 0.0000 
INFO:root:TEST batch 3 / 7 - measures partial for class 1 - precision 0.9495 - recall 1.0000 - f1 0.9741 
INFO:root:TEST batch 3 / 7 - Batch time 0 
INFO:root:TEST batch 4 / 7 - partial error 0.0568 - partial loss 0.3191 - partial MRR  0.0000 - partial MAP 0.9801
INFO:root:TEST batch 4 / 7 -  partial tp {0: tensor(0), 1: tensor(186)},fn {0: tensor(12), 1: tensor(0)},fp {0: tensor(0), 1: tensor(12)}
INFO:root:TEST batch 4 / 7 - measures partial microavg - precision 0.9394 - recall 0.9394 - f1 0.9394 
INFO:root:TEST batch 4 / 7 - measures partial for class 0 - precision 0.0000 - recall 0.0000 - f1 0.0000 
INFO:root:TEST batch 4 / 7 - measures partial for class 1 - precision 0.9394 - recall 1.0000 - f1 0.9688 
INFO:root:TEST batch 4 / 7 - Batch time 0 
INFO:root:TEST batch 5 / 7 - partial error 0.0606 - partial loss 0.3388 - partial MRR  0.0000 - partial MAP 0.9784
INFO:root:TEST batch 5 / 7 -  partial tp {0: tensor(0), 1: tensor(183)},fn {0: tensor(15), 1: tensor(0)},fp {0: tensor(0), 1: tensor(15)}
INFO:root:TEST batch 5 / 7 - measures partial microavg - precision 0.9242 - recall 0.9242 - f1 0.9242 
INFO:root:TEST batch 5 / 7 - measures partial for class 0 - precision 0.0000 - recall 0.0000 - f1 0.0000 
INFO:root:TEST batch 5 / 7 - measures partial for class 1 - precision 0.9242 - recall 1.0000 - f1 0.9606 
INFO:root:TEST batch 5 / 7 - Batch time 0 
INFO:root:TEST batch 6 / 7 - partial error 0.0581 - partial loss 0.3241 - partial MRR  0.0000 - partial MAP 0.9801
INFO:root:TEST batch 6 / 7 -  partial tp {0: tensor(0), 1: tensor(189)},fn {0: tensor(9), 1: tensor(0)},fp {0: tensor(0), 1: tensor(9)}
INFO:root:TEST batch 6 / 7 - measures partial microavg - precision 0.9545 - recall 0.9545 - f1 0.9545 
INFO:root:TEST batch 6 / 7 - measures partial for class 0 - precision 0.0000 - recall 0.0000 - f1 0.0000 
INFO:root:TEST batch 6 / 7 - measures partial for class 1 - precision 0.9545 - recall 1.0000 - f1 0.9767 
INFO:root:TEST batch 6 / 7 - Batch time 0 
INFO:root:TEST batch 7 / 7 - partial error 0.0620 - partial loss 0.3400 - partial MRR  0.0000 - partial MAP 0.9804
INFO:root:TEST batch 7 / 7 -  partial tp {0: tensor(0), 1: tensor(181)},fn {0: tensor(17), 1: tensor(0)},fp {0: tensor(0), 1: tensor(17)}
INFO:root:TEST batch 7 / 7 - measures partial microavg - precision 0.9141 - recall 0.9141 - f1 0.9141 
INFO:root:TEST batch 7 / 7 - measures partial for class 0 - precision 0.0000 - recall 0.0000 - f1 0.0000 
INFO:root:TEST batch 7 / 7 - measures partial for class 1 - precision 0.9141 - recall 1.0000 - f1 0.9551 
INFO:root:TEST batch 7 / 7 - Batch time 0 
INFO:root:TEST mean losses tensor(0.3400)
INFO:root:TEST mean errors 0.06204906105995178
INFO:root:TEST mean MRR 0.0 - mean MAP 0.9804189801216125
INFO:root:TEST tp {0: tensor(0), 1: tensor(1300)},fn {0: tensor(86), 1: tensor(0)},fp {0: tensor(0), 1: tensor(86)}
INFO:root:TEST measures microavg - precision 0.9380 - recall 0.9380 - f1 0.9380 
INFO:root:TEST measures for class 0 - precision 0.0000 - recall 0.0000 - f1 0.0000 
INFO:root:TEST measures for class 1 - precision 0.9380 - recall 1.0000 - f1 0.9680 
INFO:root:TEST measures@10 microavg - precision 1.0000 - recall 0.0505 - f1 0.0962 
INFO:root:TEST measures@10 for class 0 - precision 0.0000 - recall 0.0000 - f1 0.0000 
INFO:root:TEST measures@10 for class 1 - precision 1.0000 - recall 0.0538 - f1 0.1022 
INFO:root:TEST measures@100 microavg - precision 0.9729 - recall 0.4913 - f1 0.6529 
INFO:root:TEST measures@100 for class 0 - precision 0.0000 - recall 0.0000 - f1 0.0000 
INFO:root:TEST measures@100 for class 1 - precision 0.9729 - recall 0.5238 - f1 0.6810 
INFO:root:TEST measures@1000 microavg - precision 0.9380 - recall 0.9380 - f1 0.9380 
INFO:root:TEST measures@1000 for class 0 - precision 0.0000 - recall 0.0000 - f1 0.0000 
INFO:root:TEST measures@1000 for class 1 - precision 0.9380 - recall 1.0000 - f1 0.9680 
INFO:root:TEST Total epoch time: 0.13811204800003907
INFO:root:################ TRAIN epoch 95 ###################
INFO:root:TRAIN mean losses tensor(0.2815)
INFO:root:TRAIN mean errors 0.048821549862623215
INFO:root:TRAIN mean MRR 0.0 - mean MAP 0.9815167188644409
INFO:root:TRAIN tp {0: tensor(0), 1: tensor(5650)},fn {0: tensor(290), 1: tensor(0)},fp {0: tensor(0), 1: tensor(290)}
INFO:root:TRAIN measures microavg - precision 0.9512 - recall 0.9512 - f1 0.9512 
INFO:root:TRAIN measures for class 0 - precision 0.0000 - recall 0.0000 - f1 0.0000 
INFO:root:TRAIN measures for class 1 - precision 0.9512 - recall 1.0000 - f1 0.9750 
INFO:root:TRAIN measures@10 microavg - precision 0.9933 - recall 0.0502 - f1 0.0955 
INFO:root:TRAIN measures@10 for class 0 - precision 0.0000 - recall 0.0000 - f1 0.0000 
INFO:root:TRAIN measures@10 for class 1 - precision 0.9933 - recall 0.0527 - f1 0.1002 
INFO:root:TRAIN measures@100 microavg - precision 0.9760 - recall 0.4929 - f1 0.6550 
INFO:root:TRAIN measures@100 for class 0 - precision 0.0000 - recall 0.0000 - f1 0.0000 
INFO:root:TRAIN measures@100 for class 1 - precision 0.9760 - recall 0.5182 - f1 0.6770 
INFO:root:TRAIN measures@1000 microavg - precision 0.9512 - recall 0.9512 - f1 0.9512 
INFO:root:TRAIN measures@1000 for class 0 - precision 0.0000 - recall 0.0000 - f1 0.0000 
INFO:root:TRAIN measures@1000 for class 1 - precision 0.9512 - recall 1.0000 - f1 0.9750 
INFO:root:TRAIN Total epoch time: 0.8395749709998199
INFO:root:################ VALID epoch 95 ###################
INFO:root:VALID mean losses tensor(0.2602)
INFO:root:VALID mean errors 0.046296294778585434
INFO:root:VALID mean MRR 0.0 - mean MAP 0.9832408428192139
INFO:root:VALID tp {0: tensor(0), 1: tensor(1133)},fn {0: tensor(55), 1: tensor(0)},fp {0: tensor(0), 1: tensor(55)}
INFO:root:VALID measures microavg - precision 0.9537 - recall 0.9537 - f1 0.9537 
INFO:root:VALID measures for class 0 - precision 0.0000 - recall 0.0000 - f1 0.0000 
INFO:root:VALID measures for class 1 - precision 0.9537 - recall 1.0000 - f1 0.9763 
INFO:root:VALID measures@10 microavg - precision 0.9833 - recall 0.0497 - f1 0.0946 
INFO:root:VALID measures@10 for class 0 - precision 0.0000 - recall 0.0000 - f1 0.0000 
INFO:root:VALID measures@10 for class 1 - precision 0.9833 - recall 0.0521 - f1 0.0989 
INFO:root:VALID measures@100 microavg - precision 0.9817 - recall 0.4958 - f1 0.6588 
INFO:root:VALID measures@100 for class 0 - precision 0.0000 - recall 0.0000 - f1 0.0000 
INFO:root:VALID measures@100 for class 1 - precision 0.9817 - recall 0.5199 - f1 0.6797 
INFO:root:VALID measures@1000 microavg - precision 0.9537 - recall 0.9537 - f1 0.9537 
INFO:root:VALID measures@1000 for class 0 - precision 0.0000 - recall 0.0000 - f1 0.0000 
INFO:root:VALID measures@1000 for class 1 - precision 0.9537 - recall 1.0000 - f1 0.9763 
INFO:root:VALID Total epoch time: 0.11079369599974598
INFO:root:################ TEST epoch 95 ###################
INFO:root:TEST batch 1 / 7 - partial error 0.0455 - partial loss 0.2831 - partial MRR  0.0000 - partial MAP 0.9815
INFO:root:TEST batch 1 / 7 -  partial tp {0: tensor(0), 1: tensor(189)},fn {0: tensor(9), 1: tensor(0)},fp {0: tensor(0), 1: tensor(9)}
INFO:root:TEST batch 1 / 7 - measures partial microavg - precision 0.9545 - recall 0.9545 - f1 0.9545 
INFO:root:TEST batch 1 / 7 - measures partial for class 0 - precision 0.0000 - recall 0.0000 - f1 0.0000 
INFO:root:TEST batch 1 / 7 - measures partial for class 1 - precision 0.9545 - recall 1.0000 - f1 0.9767 
INFO:root:TEST batch 1 / 7 - Batch time 0 
INFO:root:TEST batch 2 / 7 - partial error 0.0581 - partial loss 0.3361 - partial MRR  0.0000 - partial MAP 0.9763
INFO:root:TEST batch 2 / 7 -  partial tp {0: tensor(0), 1: tensor(184)},fn {0: tensor(14), 1: tensor(0)},fp {0: tensor(0), 1: tensor(14)}
INFO:root:TEST batch 2 / 7 - measures partial microavg - precision 0.9293 - recall 0.9293 - f1 0.9293 
INFO:root:TEST batch 2 / 7 - measures partial for class 0 - precision 0.0000 - recall 0.0000 - f1 0.0000 
INFO:root:TEST batch 2 / 7 - measures partial for class 1 - precision 0.9293 - recall 1.0000 - f1 0.9634 
INFO:root:TEST batch 2 / 7 - Batch time 0 
INFO:root:TEST batch 3 / 7 - partial error 0.0556 - partial loss 0.3203 - partial MRR  0.0000 - partial MAP 0.9785
INFO:root:TEST batch 3 / 7 -  partial tp {0: tensor(0), 1: tensor(188)},fn {0: tensor(10), 1: tensor(0)},fp {0: tensor(0), 1: tensor(10)}
INFO:root:TEST batch 3 / 7 - measures partial microavg - precision 0.9495 - recall 0.9495 - f1 0.9495 
INFO:root:TEST batch 3 / 7 - measures partial for class 0 - precision 0.0000 - recall 0.0000 - f1 0.0000 
INFO:root:TEST batch 3 / 7 - measures partial for class 1 - precision 0.9495 - recall 1.0000 - f1 0.9741 
INFO:root:TEST batch 3 / 7 - Batch time 0 
INFO:root:TEST batch 4 / 7 - partial error 0.0568 - partial loss 0.3213 - partial MRR  0.0000 - partial MAP 0.9792
INFO:root:TEST batch 4 / 7 -  partial tp {0: tensor(0), 1: tensor(186)},fn {0: tensor(12), 1: tensor(0)},fp {0: tensor(0), 1: tensor(12)}
INFO:root:TEST batch 4 / 7 - measures partial microavg - precision 0.9394 - recall 0.9394 - f1 0.9394 
INFO:root:TEST batch 4 / 7 - measures partial for class 0 - precision 0.0000 - recall 0.0000 - f1 0.0000 
INFO:root:TEST batch 4 / 7 - measures partial for class 1 - precision 0.9394 - recall 1.0000 - f1 0.9688 
INFO:root:TEST batch 4 / 7 - Batch time 0 
INFO:root:TEST batch 5 / 7 - partial error 0.0606 - partial loss 0.3397 - partial MRR  0.0000 - partial MAP 0.9776
INFO:root:TEST batch 5 / 7 -  partial tp {0: tensor(0), 1: tensor(183)},fn {0: tensor(15), 1: tensor(0)},fp {0: tensor(0), 1: tensor(15)}
INFO:root:TEST batch 5 / 7 - measures partial microavg - precision 0.9242 - recall 0.9242 - f1 0.9242 
INFO:root:TEST batch 5 / 7 - measures partial for class 0 - precision 0.0000 - recall 0.0000 - f1 0.0000 
INFO:root:TEST batch 5 / 7 - measures partial for class 1 - precision 0.9242 - recall 1.0000 - f1 0.9606 
INFO:root:TEST batch 5 / 7 - Batch time 0 
INFO:root:TEST batch 6 / 7 - partial error 0.0581 - partial loss 0.3242 - partial MRR  0.0000 - partial MAP 0.9797
INFO:root:TEST batch 6 / 7 -  partial tp {0: tensor(0), 1: tensor(189)},fn {0: tensor(9), 1: tensor(0)},fp {0: tensor(0), 1: tensor(9)}
INFO:root:TEST batch 6 / 7 - measures partial microavg - precision 0.9545 - recall 0.9545 - f1 0.9545 
INFO:root:TEST batch 6 / 7 - measures partial for class 0 - precision 0.0000 - recall 0.0000 - f1 0.0000 
INFO:root:TEST batch 6 / 7 - measures partial for class 1 - precision 0.9545 - recall 1.0000 - f1 0.9767 
INFO:root:TEST batch 6 / 7 - Batch time 0 
INFO:root:TEST batch 7 / 7 - partial error 0.0620 - partial loss 0.3384 - partial MRR  0.0000 - partial MAP 0.9796
INFO:root:TEST batch 7 / 7 -  partial tp {0: tensor(0), 1: tensor(181)},fn {0: tensor(17), 1: tensor(0)},fp {0: tensor(0), 1: tensor(17)}
INFO:root:TEST batch 7 / 7 - measures partial microavg - precision 0.9141 - recall 0.9141 - f1 0.9141 
INFO:root:TEST batch 7 / 7 - measures partial for class 0 - precision 0.0000 - recall 0.0000 - f1 0.0000 
INFO:root:TEST batch 7 / 7 - measures partial for class 1 - precision 0.9141 - recall 1.0000 - f1 0.9551 
INFO:root:TEST batch 7 / 7 - Batch time 0 
INFO:root:TEST mean losses tensor(0.3384)
INFO:root:TEST mean errors 0.06204906105995178
INFO:root:TEST mean MRR 0.0 - mean MAP 0.9795863628387451
INFO:root:TEST tp {0: tensor(0), 1: tensor(1300)},fn {0: tensor(86), 1: tensor(0)},fp {0: tensor(0), 1: tensor(86)}
INFO:root:TEST measures microavg - precision 0.9380 - recall 0.9380 - f1 0.9380 
INFO:root:TEST measures for class 0 - precision 0.0000 - recall 0.0000 - f1 0.0000 
INFO:root:TEST measures for class 1 - precision 0.9380 - recall 1.0000 - f1 0.9680 
INFO:root:TEST measures@10 microavg - precision 1.0000 - recall 0.0505 - f1 0.0962 
INFO:root:TEST measures@10 for class 0 - precision 0.0000 - recall 0.0000 - f1 0.0000 
INFO:root:TEST measures@10 for class 1 - precision 1.0000 - recall 0.0538 - f1 0.1022 
INFO:root:TEST measures@100 microavg - precision 0.9729 - recall 0.4913 - f1 0.6529 
INFO:root:TEST measures@100 for class 0 - precision 0.0000 - recall 0.0000 - f1 0.0000 
INFO:root:TEST measures@100 for class 1 - precision 0.9729 - recall 0.5238 - f1 0.6810 
INFO:root:TEST measures@1000 microavg - precision 0.9380 - recall 0.9380 - f1 0.9380 
INFO:root:TEST measures@1000 for class 0 - precision 0.0000 - recall 0.0000 - f1 0.0000 
INFO:root:TEST measures@1000 for class 1 - precision 0.9380 - recall 1.0000 - f1 0.9680 
INFO:root:TEST Total epoch time: 0.13824812699976974
INFO:root:################ TRAIN epoch 96 ###################
INFO:root:TRAIN mean losses tensor(0.2858)
INFO:root:TRAIN mean errors 0.048821549862623215
INFO:root:TRAIN mean MRR 0.0 - mean MAP 0.9806411266326904
INFO:root:TRAIN tp {0: tensor(0), 1: tensor(5650)},fn {0: tensor(290), 1: tensor(0)},fp {0: tensor(0), 1: tensor(290)}
INFO:root:TRAIN measures microavg - precision 0.9512 - recall 0.9512 - f1 0.9512 
INFO:root:TRAIN measures for class 0 - precision 0.0000 - recall 0.0000 - f1 0.0000 
INFO:root:TRAIN measures for class 1 - precision 0.9512 - recall 1.0000 - f1 0.9750 
INFO:root:TRAIN measures@10 microavg - precision 0.9933 - recall 0.0502 - f1 0.0955 
INFO:root:TRAIN measures@10 for class 0 - precision 0.0000 - recall 0.0000 - f1 0.0000 
INFO:root:TRAIN measures@10 for class 1 - precision 0.9933 - recall 0.0527 - f1 0.1002 
INFO:root:TRAIN measures@100 microavg - precision 0.9753 - recall 0.4926 - f1 0.6546 
INFO:root:TRAIN measures@100 for class 0 - precision 0.0000 - recall 0.0000 - f1 0.0000 
INFO:root:TRAIN measures@100 for class 1 - precision 0.9753 - recall 0.5179 - f1 0.6765 
INFO:root:TRAIN measures@1000 microavg - precision 0.9512 - recall 0.9512 - f1 0.9512 
INFO:root:TRAIN measures@1000 for class 0 - precision 0.0000 - recall 0.0000 - f1 0.0000 
INFO:root:TRAIN measures@1000 for class 1 - precision 0.9512 - recall 1.0000 - f1 0.9750 
INFO:root:TRAIN Total epoch time: 0.8956816769996294
INFO:root:################ VALID epoch 96 ###################
INFO:root:VALID mean losses tensor(0.2651)
INFO:root:VALID mean errors 0.046296294778585434
INFO:root:VALID mean MRR 0.0 - mean MAP 0.9816805124282837
INFO:root:VALID tp {0: tensor(0), 1: tensor(1133)},fn {0: tensor(55), 1: tensor(0)},fp {0: tensor(0), 1: tensor(55)}
INFO:root:VALID measures microavg - precision 0.9537 - recall 0.9537 - f1 0.9537 
INFO:root:VALID measures for class 0 - precision 0.0000 - recall 0.0000 - f1 0.0000 
INFO:root:VALID measures for class 1 - precision 0.9537 - recall 1.0000 - f1 0.9763 
INFO:root:VALID measures@10 microavg - precision 0.9833 - recall 0.0497 - f1 0.0946 
INFO:root:VALID measures@10 for class 0 - precision 0.0000 - recall 0.0000 - f1 0.0000 
INFO:root:VALID measures@10 for class 1 - precision 0.9833 - recall 0.0521 - f1 0.0989 
INFO:root:VALID measures@100 microavg - precision 0.9817 - recall 0.4958 - f1 0.6588 
INFO:root:VALID measures@100 for class 0 - precision 0.0000 - recall 0.0000 - f1 0.0000 
INFO:root:VALID measures@100 for class 1 - precision 0.9817 - recall 0.5199 - f1 0.6797 
INFO:root:VALID measures@1000 microavg - precision 0.9537 - recall 0.9537 - f1 0.9537 
INFO:root:VALID measures@1000 for class 0 - precision 0.0000 - recall 0.0000 - f1 0.0000 
INFO:root:VALID measures@1000 for class 1 - precision 0.9537 - recall 1.0000 - f1 0.9763 
INFO:root:VALID Total epoch time: 0.11753252700009398
INFO:root:################ TEST epoch 96 ###################
INFO:root:TEST batch 1 / 7 - partial error 0.0455 - partial loss 0.2844 - partial MRR  0.0000 - partial MAP 0.9830
INFO:root:TEST batch 1 / 7 -  partial tp {0: tensor(0), 1: tensor(189)},fn {0: tensor(9), 1: tensor(0)},fp {0: tensor(0), 1: tensor(9)}
INFO:root:TEST batch 1 / 7 - measures partial microavg - precision 0.9545 - recall 0.9545 - f1 0.9545 
INFO:root:TEST batch 1 / 7 - measures partial for class 0 - precision 0.0000 - recall 0.0000 - f1 0.0000 
INFO:root:TEST batch 1 / 7 - measures partial for class 1 - precision 0.9545 - recall 1.0000 - f1 0.9767 
INFO:root:TEST batch 1 / 7 - Batch time 0 
INFO:root:TEST batch 2 / 7 - partial error 0.0581 - partial loss 0.3329 - partial MRR  0.0000 - partial MAP 0.9785
INFO:root:TEST batch 2 / 7 -  partial tp {0: tensor(0), 1: tensor(184)},fn {0: tensor(14), 1: tensor(0)},fp {0: tensor(0), 1: tensor(14)}
INFO:root:TEST batch 2 / 7 - measures partial microavg - precision 0.9293 - recall 0.9293 - f1 0.9293 
INFO:root:TEST batch 2 / 7 - measures partial for class 0 - precision 0.0000 - recall 0.0000 - f1 0.0000 
INFO:root:TEST batch 2 / 7 - measures partial for class 1 - precision 0.9293 - recall 1.0000 - f1 0.9634 
INFO:root:TEST batch 2 / 7 - Batch time 0 
INFO:root:TEST batch 3 / 7 - partial error 0.0556 - partial loss 0.3177 - partial MRR  0.0000 - partial MAP 0.9802
INFO:root:TEST batch 3 / 7 -  partial tp {0: tensor(0), 1: tensor(188)},fn {0: tensor(10), 1: tensor(0)},fp {0: tensor(0), 1: tensor(10)}
INFO:root:TEST batch 3 / 7 - measures partial microavg - precision 0.9495 - recall 0.9495 - f1 0.9495 
INFO:root:TEST batch 3 / 7 - measures partial for class 0 - precision 0.0000 - recall 0.0000 - f1 0.0000 
INFO:root:TEST batch 3 / 7 - measures partial for class 1 - precision 0.9495 - recall 1.0000 - f1 0.9741 
INFO:root:TEST batch 3 / 7 - Batch time 0 
INFO:root:TEST batch 4 / 7 - partial error 0.0568 - partial loss 0.3197 - partial MRR  0.0000 - partial MAP 0.9803
INFO:root:TEST batch 4 / 7 -  partial tp {0: tensor(0), 1: tensor(186)},fn {0: tensor(12), 1: tensor(0)},fp {0: tensor(0), 1: tensor(12)}
INFO:root:TEST batch 4 / 7 - measures partial microavg - precision 0.9394 - recall 0.9394 - f1 0.9394 
INFO:root:TEST batch 4 / 7 - measures partial for class 0 - precision 0.0000 - recall 0.0000 - f1 0.0000 
INFO:root:TEST batch 4 / 7 - measures partial for class 1 - precision 0.9394 - recall 1.0000 - f1 0.9688 
INFO:root:TEST batch 4 / 7 - Batch time 0 
INFO:root:TEST batch 5 / 7 - partial error 0.0606 - partial loss 0.3338 - partial MRR  0.0000 - partial MAP 0.9797
INFO:root:TEST batch 5 / 7 -  partial tp {0: tensor(0), 1: tensor(183)},fn {0: tensor(15), 1: tensor(0)},fp {0: tensor(0), 1: tensor(15)}
INFO:root:TEST batch 5 / 7 - measures partial microavg - precision 0.9242 - recall 0.9242 - f1 0.9242 
INFO:root:TEST batch 5 / 7 - measures partial for class 0 - precision 0.0000 - recall 0.0000 - f1 0.0000 
INFO:root:TEST batch 5 / 7 - measures partial for class 1 - precision 0.9242 - recall 1.0000 - f1 0.9606 
INFO:root:TEST batch 5 / 7 - Batch time 0 
INFO:root:TEST batch 6 / 7 - partial error 0.0581 - partial loss 0.3211 - partial MRR  0.0000 - partial MAP 0.9809
INFO:root:TEST batch 6 / 7 -  partial tp {0: tensor(0), 1: tensor(189)},fn {0: tensor(9), 1: tensor(0)},fp {0: tensor(0), 1: tensor(9)}
INFO:root:TEST batch 6 / 7 - measures partial microavg - precision 0.9545 - recall 0.9545 - f1 0.9545 
INFO:root:TEST batch 6 / 7 - measures partial for class 0 - precision 0.0000 - recall 0.0000 - f1 0.0000 
INFO:root:TEST batch 6 / 7 - measures partial for class 1 - precision 0.9545 - recall 1.0000 - f1 0.9767 
INFO:root:TEST batch 6 / 7 - Batch time 0 
INFO:root:TEST batch 7 / 7 - partial error 0.0620 - partial loss 0.3361 - partial MRR  0.0000 - partial MAP 0.9807
INFO:root:TEST batch 7 / 7 -  partial tp {0: tensor(0), 1: tensor(181)},fn {0: tensor(17), 1: tensor(0)},fp {0: tensor(0), 1: tensor(17)}
INFO:root:TEST batch 7 / 7 - measures partial microavg - precision 0.9141 - recall 0.9141 - f1 0.9141 
INFO:root:TEST batch 7 / 7 - measures partial for class 0 - precision 0.0000 - recall 0.0000 - f1 0.0000 
INFO:root:TEST batch 7 / 7 - measures partial for class 1 - precision 0.9141 - recall 1.0000 - f1 0.9551 
INFO:root:TEST batch 7 / 7 - Batch time 0 
INFO:root:TEST mean losses tensor(0.3361)
INFO:root:TEST mean errors 0.06204906105995178
INFO:root:TEST mean MRR 0.0 - mean MAP 0.9806925654411316
INFO:root:TEST tp {0: tensor(0), 1: tensor(1300)},fn {0: tensor(86), 1: tensor(0)},fp {0: tensor(0), 1: tensor(86)}
INFO:root:TEST measures microavg - precision 0.9380 - recall 0.9380 - f1 0.9380 
INFO:root:TEST measures for class 0 - precision 0.0000 - recall 0.0000 - f1 0.0000 
INFO:root:TEST measures for class 1 - precision 0.9380 - recall 1.0000 - f1 0.9680 
INFO:root:TEST measures@10 microavg - precision 1.0000 - recall 0.0505 - f1 0.0962 
INFO:root:TEST measures@10 for class 0 - precision 0.0000 - recall 0.0000 - f1 0.0000 
INFO:root:TEST measures@10 for class 1 - precision 1.0000 - recall 0.0538 - f1 0.1022 
INFO:root:TEST measures@100 microavg - precision 0.9729 - recall 0.4913 - f1 0.6529 
INFO:root:TEST measures@100 for class 0 - precision 0.0000 - recall 0.0000 - f1 0.0000 
INFO:root:TEST measures@100 for class 1 - precision 0.9729 - recall 0.5238 - f1 0.6810 
INFO:root:TEST measures@1000 microavg - precision 0.9380 - recall 0.9380 - f1 0.9380 
INFO:root:TEST measures@1000 for class 0 - precision 0.0000 - recall 0.0000 - f1 0.0000 
INFO:root:TEST measures@1000 for class 1 - precision 0.9380 - recall 1.0000 - f1 0.9680 
INFO:root:TEST Total epoch time: 0.14737093999974604
INFO:root:################ TRAIN epoch 97 ###################
INFO:root:TRAIN mean losses tensor(0.2841)
INFO:root:TRAIN mean errors 0.048821549862623215
INFO:root:TRAIN mean MRR 0.0 - mean MAP 0.9811722636222839
INFO:root:TRAIN tp {0: tensor(0), 1: tensor(5650)},fn {0: tensor(290), 1: tensor(0)},fp {0: tensor(0), 1: tensor(290)}
INFO:root:TRAIN measures microavg - precision 0.9512 - recall 0.9512 - f1 0.9512 
INFO:root:TRAIN measures for class 0 - precision 0.0000 - recall 0.0000 - f1 0.0000 
INFO:root:TRAIN measures for class 1 - precision 0.9512 - recall 1.0000 - f1 0.9750 
INFO:root:TRAIN measures@10 microavg - precision 0.9933 - recall 0.0502 - f1 0.0955 
INFO:root:TRAIN measures@10 for class 0 - precision 0.0000 - recall 0.0000 - f1 0.0000 
INFO:root:TRAIN measures@10 for class 1 - precision 0.9933 - recall 0.0527 - f1 0.1002 
INFO:root:TRAIN measures@100 microavg - precision 0.9760 - recall 0.4929 - f1 0.6550 
INFO:root:TRAIN measures@100 for class 0 - precision 0.0000 - recall 0.0000 - f1 0.0000 
INFO:root:TRAIN measures@100 for class 1 - precision 0.9760 - recall 0.5182 - f1 0.6770 
INFO:root:TRAIN measures@1000 microavg - precision 0.9512 - recall 0.9512 - f1 0.9512 
INFO:root:TRAIN measures@1000 for class 0 - precision 0.0000 - recall 0.0000 - f1 0.0000 
INFO:root:TRAIN measures@1000 for class 1 - precision 0.9512 - recall 1.0000 - f1 0.9750 
INFO:root:TRAIN Total epoch time: 0.8973183560001416
INFO:root:################ VALID epoch 97 ###################
INFO:root:VALID mean losses tensor(0.2629)
INFO:root:VALID mean errors 0.046296294778585434
INFO:root:VALID mean MRR 0.0 - mean MAP 0.9822443127632141
INFO:root:VALID tp {0: tensor(0), 1: tensor(1133)},fn {0: tensor(55), 1: tensor(0)},fp {0: tensor(0), 1: tensor(55)}
INFO:root:VALID measures microavg - precision 0.9537 - recall 0.9537 - f1 0.9537 
INFO:root:VALID measures for class 0 - precision 0.0000 - recall 0.0000 - f1 0.0000 
INFO:root:VALID measures for class 1 - precision 0.9537 - recall 1.0000 - f1 0.9763 
INFO:root:VALID measures@10 microavg - precision 1.0000 - recall 0.0505 - f1 0.0962 
INFO:root:VALID measures@10 for class 0 - precision 0.0000 - recall 0.0000 - f1 0.0000 
INFO:root:VALID measures@10 for class 1 - precision 1.0000 - recall 0.0530 - f1 0.1006 
INFO:root:VALID measures@100 microavg - precision 0.9850 - recall 0.4975 - f1 0.6611 
INFO:root:VALID measures@100 for class 0 - precision 0.0000 - recall 0.0000 - f1 0.0000 
INFO:root:VALID measures@100 for class 1 - precision 0.9850 - recall 0.5216 - f1 0.6821 
INFO:root:VALID measures@1000 microavg - precision 0.9537 - recall 0.9537 - f1 0.9537 
INFO:root:VALID measures@1000 for class 0 - precision 0.0000 - recall 0.0000 - f1 0.0000 
INFO:root:VALID measures@1000 for class 1 - precision 0.9537 - recall 1.0000 - f1 0.9763 
INFO:root:VALID Total epoch time: 0.11775944199962396
INFO:root:################ TEST epoch 97 ###################
INFO:root:TEST batch 1 / 7 - partial error 0.0455 - partial loss 0.2775 - partial MRR  0.0000 - partial MAP 0.9855
INFO:root:TEST batch 1 / 7 -  partial tp {0: tensor(0), 1: tensor(189)},fn {0: tensor(9), 1: tensor(0)},fp {0: tensor(0), 1: tensor(9)}
INFO:root:TEST batch 1 / 7 - measures partial microavg - precision 0.9545 - recall 0.9545 - f1 0.9545 
INFO:root:TEST batch 1 / 7 - measures partial for class 0 - precision 0.0000 - recall 0.0000 - f1 0.0000 
INFO:root:TEST batch 1 / 7 - measures partial for class 1 - precision 0.9545 - recall 1.0000 - f1 0.9767 
INFO:root:TEST batch 1 / 7 - Batch time 0 
INFO:root:TEST batch 2 / 7 - partial error 0.0581 - partial loss 0.3346 - partial MRR  0.0000 - partial MAP 0.9802
INFO:root:TEST batch 2 / 7 -  partial tp {0: tensor(0), 1: tensor(184)},fn {0: tensor(14), 1: tensor(0)},fp {0: tensor(0), 1: tensor(14)}
INFO:root:TEST batch 2 / 7 - measures partial microavg - precision 0.9293 - recall 0.9293 - f1 0.9293 
INFO:root:TEST batch 2 / 7 - measures partial for class 0 - precision 0.0000 - recall 0.0000 - f1 0.0000 
INFO:root:TEST batch 2 / 7 - measures partial for class 1 - precision 0.9293 - recall 1.0000 - f1 0.9634 
INFO:root:TEST batch 2 / 7 - Batch time 0 
INFO:root:TEST batch 3 / 7 - partial error 0.0556 - partial loss 0.3193 - partial MRR  0.0000 - partial MAP 0.9819
INFO:root:TEST batch 3 / 7 -  partial tp {0: tensor(0), 1: tensor(188)},fn {0: tensor(10), 1: tensor(0)},fp {0: tensor(0), 1: tensor(10)}
INFO:root:TEST batch 3 / 7 - measures partial microavg - precision 0.9495 - recall 0.9495 - f1 0.9495 
INFO:root:TEST batch 3 / 7 - measures partial for class 0 - precision 0.0000 - recall 0.0000 - f1 0.0000 
INFO:root:TEST batch 3 / 7 - measures partial for class 1 - precision 0.9495 - recall 1.0000 - f1 0.9741 
INFO:root:TEST batch 3 / 7 - Batch time 0 
INFO:root:TEST batch 4 / 7 - partial error 0.0568 - partial loss 0.3218 - partial MRR  0.0000 - partial MAP 0.9816
INFO:root:TEST batch 4 / 7 -  partial tp {0: tensor(0), 1: tensor(186)},fn {0: tensor(12), 1: tensor(0)},fp {0: tensor(0), 1: tensor(12)}
INFO:root:TEST batch 4 / 7 - measures partial microavg - precision 0.9394 - recall 0.9394 - f1 0.9394 
INFO:root:TEST batch 4 / 7 - measures partial for class 0 - precision 0.0000 - recall 0.0000 - f1 0.0000 
INFO:root:TEST batch 4 / 7 - measures partial for class 1 - precision 0.9394 - recall 1.0000 - f1 0.9688 
INFO:root:TEST batch 4 / 7 - Batch time 0 
INFO:root:TEST batch 5 / 7 - partial error 0.0606 - partial loss 0.3412 - partial MRR  0.0000 - partial MAP 0.9793
INFO:root:TEST batch 5 / 7 -  partial tp {0: tensor(0), 1: tensor(183)},fn {0: tensor(15), 1: tensor(0)},fp {0: tensor(0), 1: tensor(15)}
INFO:root:TEST batch 5 / 7 - measures partial microavg - precision 0.9242 - recall 0.9242 - f1 0.9242 
INFO:root:TEST batch 5 / 7 - measures partial for class 0 - precision 0.0000 - recall 0.0000 - f1 0.0000 
INFO:root:TEST batch 5 / 7 - measures partial for class 1 - precision 0.9242 - recall 1.0000 - f1 0.9606 
INFO:root:TEST batch 5 / 7 - Batch time 0 
INFO:root:TEST batch 6 / 7 - partial error 0.0581 - partial loss 0.3262 - partial MRR  0.0000 - partial MAP 0.9808
INFO:root:TEST batch 6 / 7 -  partial tp {0: tensor(0), 1: tensor(189)},fn {0: tensor(9), 1: tensor(0)},fp {0: tensor(0), 1: tensor(9)}
INFO:root:TEST batch 6 / 7 - measures partial microavg - precision 0.9545 - recall 0.9545 - f1 0.9545 
INFO:root:TEST batch 6 / 7 - measures partial for class 0 - precision 0.0000 - recall 0.0000 - f1 0.0000 
INFO:root:TEST batch 6 / 7 - measures partial for class 1 - precision 0.9545 - recall 1.0000 - f1 0.9767 
INFO:root:TEST batch 6 / 7 - Batch time 0 
INFO:root:TEST batch 7 / 7 - partial error 0.0620 - partial loss 0.3424 - partial MRR  0.0000 - partial MAP 0.9808
INFO:root:TEST batch 7 / 7 -  partial tp {0: tensor(0), 1: tensor(181)},fn {0: tensor(17), 1: tensor(0)},fp {0: tensor(0), 1: tensor(17)}
INFO:root:TEST batch 7 / 7 - measures partial microavg - precision 0.9141 - recall 0.9141 - f1 0.9141 
INFO:root:TEST batch 7 / 7 - measures partial for class 0 - precision 0.0000 - recall 0.0000 - f1 0.0000 
INFO:root:TEST batch 7 / 7 - measures partial for class 1 - precision 0.9141 - recall 1.0000 - f1 0.9551 
INFO:root:TEST batch 7 / 7 - Batch time 0 
INFO:root:TEST mean losses tensor(0.3424)
INFO:root:TEST mean errors 0.06204906105995178
INFO:root:TEST mean MRR 0.0 - mean MAP 0.9807747006416321
INFO:root:TEST tp {0: tensor(0), 1: tensor(1300)},fn {0: tensor(86), 1: tensor(0)},fp {0: tensor(0), 1: tensor(86)}
INFO:root:TEST measures microavg - precision 0.9380 - recall 0.9380 - f1 0.9380 
INFO:root:TEST measures for class 0 - precision 0.0000 - recall 0.0000 - f1 0.0000 
INFO:root:TEST measures for class 1 - precision 0.9380 - recall 1.0000 - f1 0.9680 
INFO:root:TEST measures@10 microavg - precision 1.0000 - recall 0.0505 - f1 0.0962 
INFO:root:TEST measures@10 for class 0 - precision 0.0000 - recall 0.0000 - f1 0.0000 
INFO:root:TEST measures@10 for class 1 - precision 1.0000 - recall 0.0538 - f1 0.1022 
INFO:root:TEST measures@100 microavg - precision 0.9714 - recall 0.4906 - f1 0.6520 
INFO:root:TEST measures@100 for class 0 - precision 0.0000 - recall 0.0000 - f1 0.0000 
INFO:root:TEST measures@100 for class 1 - precision 0.9714 - recall 0.5231 - f1 0.6800 
INFO:root:TEST measures@1000 microavg - precision 0.9380 - recall 0.9380 - f1 0.9380 
INFO:root:TEST measures@1000 for class 0 - precision 0.0000 - recall 0.0000 - f1 0.0000 
INFO:root:TEST measures@1000 for class 1 - precision 0.9380 - recall 1.0000 - f1 0.9680 
INFO:root:TEST Total epoch time: 0.1476134300000922
INFO:root:################ TRAIN epoch 98 ###################
INFO:root:TRAIN mean losses tensor(0.2824)
INFO:root:TRAIN mean errors 0.048821549862623215
INFO:root:TRAIN mean MRR 0.0 - mean MAP 0.9812818765640259
INFO:root:TRAIN tp {0: tensor(0), 1: tensor(5650)},fn {0: tensor(290), 1: tensor(0)},fp {0: tensor(0), 1: tensor(290)}
INFO:root:TRAIN measures microavg - precision 0.9512 - recall 0.9512 - f1 0.9512 
INFO:root:TRAIN measures for class 0 - precision 0.0000 - recall 0.0000 - f1 0.0000 
INFO:root:TRAIN measures for class 1 - precision 0.9512 - recall 1.0000 - f1 0.9750 
INFO:root:TRAIN measures@10 microavg - precision 0.9967 - recall 0.0503 - f1 0.0958 
INFO:root:TRAIN measures@10 for class 0 - precision 0.0000 - recall 0.0000 - f1 0.0000 
INFO:root:TRAIN measures@10 for class 1 - precision 0.9967 - recall 0.0529 - f1 0.1005 
INFO:root:TRAIN measures@100 microavg - precision 0.9733 - recall 0.4916 - f1 0.6532 
INFO:root:TRAIN measures@100 for class 0 - precision 0.0000 - recall 0.0000 - f1 0.0000 
INFO:root:TRAIN measures@100 for class 1 - precision 0.9733 - recall 0.5168 - f1 0.6751 
INFO:root:TRAIN measures@1000 microavg - precision 0.9512 - recall 0.9512 - f1 0.9512 
INFO:root:TRAIN measures@1000 for class 0 - precision 0.0000 - recall 0.0000 - f1 0.0000 
INFO:root:TRAIN measures@1000 for class 1 - precision 0.9512 - recall 1.0000 - f1 0.9750 
INFO:root:TRAIN Total epoch time: 0.8720090399997389
INFO:root:################ VALID epoch 98 ###################
INFO:root:VALID mean losses tensor(0.2609)
INFO:root:VALID mean errors 0.046296294778585434
INFO:root:VALID mean MRR 0.0 - mean MAP 0.9826549291610718
INFO:root:VALID tp {0: tensor(0), 1: tensor(1133)},fn {0: tensor(55), 1: tensor(0)},fp {0: tensor(0), 1: tensor(55)}
INFO:root:VALID measures microavg - precision 0.9537 - recall 0.9537 - f1 0.9537 
INFO:root:VALID measures for class 0 - precision 0.0000 - recall 0.0000 - f1 0.0000 
INFO:root:VALID measures for class 1 - precision 0.9537 - recall 1.0000 - f1 0.9763 
INFO:root:VALID measures@10 microavg - precision 0.9833 - recall 0.0497 - f1 0.0946 
INFO:root:VALID measures@10 for class 0 - precision 0.0000 - recall 0.0000 - f1 0.0000 
INFO:root:VALID measures@10 for class 1 - precision 0.9833 - recall 0.0521 - f1 0.0989 
INFO:root:VALID measures@100 microavg - precision 0.9817 - recall 0.4958 - f1 0.6588 
INFO:root:VALID measures@100 for class 0 - precision 0.0000 - recall 0.0000 - f1 0.0000 
INFO:root:VALID measures@100 for class 1 - precision 0.9817 - recall 0.5199 - f1 0.6797 
INFO:root:VALID measures@1000 microavg - precision 0.9537 - recall 0.9537 - f1 0.9537 
INFO:root:VALID measures@1000 for class 0 - precision 0.0000 - recall 0.0000 - f1 0.0000 
INFO:root:VALID measures@1000 for class 1 - precision 0.9537 - recall 1.0000 - f1 0.9763 
INFO:root:VALID Total epoch time: 0.18309521299988774
INFO:root:################ TEST epoch 98 ###################
INFO:root:TEST batch 1 / 7 - partial error 0.0455 - partial loss 0.2782 - partial MRR  0.0000 - partial MAP 0.9847
INFO:root:TEST batch 1 / 7 -  partial tp {0: tensor(0), 1: tensor(189)},fn {0: tensor(9), 1: tensor(0)},fp {0: tensor(0), 1: tensor(9)}
INFO:root:TEST batch 1 / 7 - measures partial microavg - precision 0.9545 - recall 0.9545 - f1 0.9545 
INFO:root:TEST batch 1 / 7 - measures partial for class 0 - precision 0.0000 - recall 0.0000 - f1 0.0000 
INFO:root:TEST batch 1 / 7 - measures partial for class 1 - precision 0.9545 - recall 1.0000 - f1 0.9767 
INFO:root:TEST batch 1 / 7 - Batch time 0 
INFO:root:TEST batch 2 / 7 - partial error 0.0581 - partial loss 0.3313 - partial MRR  0.0000 - partial MAP 0.9789
INFO:root:TEST batch 2 / 7 -  partial tp {0: tensor(0), 1: tensor(184)},fn {0: tensor(14), 1: tensor(0)},fp {0: tensor(0), 1: tensor(14)}
INFO:root:TEST batch 2 / 7 - measures partial microavg - precision 0.9293 - recall 0.9293 - f1 0.9293 
INFO:root:TEST batch 2 / 7 - measures partial for class 0 - precision 0.0000 - recall 0.0000 - f1 0.0000 
INFO:root:TEST batch 2 / 7 - measures partial for class 1 - precision 0.9293 - recall 1.0000 - f1 0.9634 
INFO:root:TEST batch 2 / 7 - Batch time 0 
INFO:root:TEST batch 3 / 7 - partial error 0.0556 - partial loss 0.3163 - partial MRR  0.0000 - partial MAP 0.9799
INFO:root:TEST batch 3 / 7 -  partial tp {0: tensor(0), 1: tensor(188)},fn {0: tensor(10), 1: tensor(0)},fp {0: tensor(0), 1: tensor(10)}
INFO:root:TEST batch 3 / 7 - measures partial microavg - precision 0.9495 - recall 0.9495 - f1 0.9495 
INFO:root:TEST batch 3 / 7 - measures partial for class 0 - precision 0.0000 - recall 0.0000 - f1 0.0000 
INFO:root:TEST batch 3 / 7 - measures partial for class 1 - precision 0.9495 - recall 1.0000 - f1 0.9741 
INFO:root:TEST batch 3 / 7 - Batch time 0 
INFO:root:TEST batch 4 / 7 - partial error 0.0568 - partial loss 0.3205 - partial MRR  0.0000 - partial MAP 0.9791
INFO:root:TEST batch 4 / 7 -  partial tp {0: tensor(0), 1: tensor(186)},fn {0: tensor(12), 1: tensor(0)},fp {0: tensor(0), 1: tensor(12)}
INFO:root:TEST batch 4 / 7 - measures partial microavg - precision 0.9394 - recall 0.9394 - f1 0.9394 
INFO:root:TEST batch 4 / 7 - measures partial for class 0 - precision 0.0000 - recall 0.0000 - f1 0.0000 
INFO:root:TEST batch 4 / 7 - measures partial for class 1 - precision 0.9394 - recall 1.0000 - f1 0.9688 
INFO:root:TEST batch 4 / 7 - Batch time 0 
INFO:root:TEST batch 5 / 7 - partial error 0.0606 - partial loss 0.3389 - partial MRR  0.0000 - partial MAP 0.9777
INFO:root:TEST batch 5 / 7 -  partial tp {0: tensor(0), 1: tensor(183)},fn {0: tensor(15), 1: tensor(0)},fp {0: tensor(0), 1: tensor(15)}
INFO:root:TEST batch 5 / 7 - measures partial microavg - precision 0.9242 - recall 0.9242 - f1 0.9242 
INFO:root:TEST batch 5 / 7 - measures partial for class 0 - precision 0.0000 - recall 0.0000 - f1 0.0000 
INFO:root:TEST batch 5 / 7 - measures partial for class 1 - precision 0.9242 - recall 1.0000 - f1 0.9606 
INFO:root:TEST batch 5 / 7 - Batch time 0 
INFO:root:TEST batch 6 / 7 - partial error 0.0581 - partial loss 0.3252 - partial MRR  0.0000 - partial MAP 0.9793
INFO:root:TEST batch 6 / 7 -  partial tp {0: tensor(0), 1: tensor(189)},fn {0: tensor(9), 1: tensor(0)},fp {0: tensor(0), 1: tensor(9)}
INFO:root:TEST batch 6 / 7 - measures partial microavg - precision 0.9545 - recall 0.9545 - f1 0.9545 
INFO:root:TEST batch 6 / 7 - measures partial for class 0 - precision 0.0000 - recall 0.0000 - f1 0.0000 
INFO:root:TEST batch 6 / 7 - measures partial for class 1 - precision 0.9545 - recall 1.0000 - f1 0.9767 
INFO:root:TEST batch 6 / 7 - Batch time 0 
INFO:root:TEST batch 7 / 7 - partial error 0.0620 - partial loss 0.3396 - partial MRR  0.0000 - partial MAP 0.9794
INFO:root:TEST batch 7 / 7 -  partial tp {0: tensor(0), 1: tensor(181)},fn {0: tensor(17), 1: tensor(0)},fp {0: tensor(0), 1: tensor(17)}
INFO:root:TEST batch 7 / 7 - measures partial microavg - precision 0.9141 - recall 0.9141 - f1 0.9141 
INFO:root:TEST batch 7 / 7 - measures partial for class 0 - precision 0.0000 - recall 0.0000 - f1 0.0000 
INFO:root:TEST batch 7 / 7 - measures partial for class 1 - precision 0.9141 - recall 1.0000 - f1 0.9551 
INFO:root:TEST batch 7 / 7 - Batch time 0 
INFO:root:TEST mean losses tensor(0.3396)
INFO:root:TEST mean errors 0.06204906105995178
INFO:root:TEST mean MRR 0.0 - mean MAP 0.9794411659240723
INFO:root:TEST tp {0: tensor(0), 1: tensor(1300)},fn {0: tensor(86), 1: tensor(0)},fp {0: tensor(0), 1: tensor(86)}
INFO:root:TEST measures microavg - precision 0.9380 - recall 0.9380 - f1 0.9380 
INFO:root:TEST measures for class 0 - precision 0.0000 - recall 0.0000 - f1 0.0000 
INFO:root:TEST measures for class 1 - precision 0.9380 - recall 1.0000 - f1 0.9680 
INFO:root:TEST measures@10 microavg - precision 1.0000 - recall 0.0505 - f1 0.0962 
INFO:root:TEST measures@10 for class 0 - precision 0.0000 - recall 0.0000 - f1 0.0000 
INFO:root:TEST measures@10 for class 1 - precision 1.0000 - recall 0.0538 - f1 0.1022 
INFO:root:TEST measures@100 microavg - precision 0.9700 - recall 0.4899 - f1 0.6510 
INFO:root:TEST measures@100 for class 0 - precision 0.0000 - recall 0.0000 - f1 0.0000 
INFO:root:TEST measures@100 for class 1 - precision 0.9700 - recall 0.5223 - f1 0.6790 
INFO:root:TEST measures@1000 microavg - precision 0.9380 - recall 0.9380 - f1 0.9380 
INFO:root:TEST measures@1000 for class 0 - precision 0.0000 - recall 0.0000 - f1 0.0000 
INFO:root:TEST measures@1000 for class 1 - precision 0.9380 - recall 1.0000 - f1 0.9680 
INFO:root:TEST Total epoch time: 0.1427366030002304
INFO:root:################ TRAIN epoch 99 ###################
INFO:root:TRAIN mean losses tensor(0.2829)
INFO:root:TRAIN mean errors 0.048821549862623215
INFO:root:TRAIN mean MRR 0.0 - mean MAP 0.9816135764122009
INFO:root:TRAIN tp {0: tensor(0), 1: tensor(5650)},fn {0: tensor(290), 1: tensor(0)},fp {0: tensor(0), 1: tensor(290)}
INFO:root:TRAIN measures microavg - precision 0.9512 - recall 0.9512 - f1 0.9512 
INFO:root:TRAIN measures for class 0 - precision 0.0000 - recall 0.0000 - f1 0.0000 
INFO:root:TRAIN measures for class 1 - precision 0.9512 - recall 1.0000 - f1 0.9750 
INFO:root:TRAIN measures@10 microavg - precision 1.0000 - recall 0.0505 - f1 0.0962 
INFO:root:TRAIN measures@10 for class 0 - precision 0.0000 - recall 0.0000 - f1 0.0000 
INFO:root:TRAIN measures@10 for class 1 - precision 1.0000 - recall 0.0531 - f1 0.1008 
INFO:root:TRAIN measures@100 microavg - precision 0.9790 - recall 0.4944 - f1 0.6570 
INFO:root:TRAIN measures@100 for class 0 - precision 0.0000 - recall 0.0000 - f1 0.0000 
INFO:root:TRAIN measures@100 for class 1 - precision 0.9790 - recall 0.5198 - f1 0.6791 
INFO:root:TRAIN measures@1000 microavg - precision 0.9512 - recall 0.9512 - f1 0.9512 
INFO:root:TRAIN measures@1000 for class 0 - precision 0.0000 - recall 0.0000 - f1 0.0000 
INFO:root:TRAIN measures@1000 for class 1 - precision 0.9512 - recall 1.0000 - f1 0.9750 
INFO:root:TRAIN Total epoch time: 0.9038529239996933
INFO:root:################ VALID epoch 99 ###################
INFO:root:VALID mean losses tensor(0.2602)
INFO:root:VALID mean errors 0.046296294778585434
INFO:root:VALID mean MRR 0.0 - mean MAP 0.9830269813537598
INFO:root:VALID tp {0: tensor(0), 1: tensor(1133)},fn {0: tensor(55), 1: tensor(0)},fp {0: tensor(0), 1: tensor(55)}
INFO:root:VALID measures microavg - precision 0.9537 - recall 0.9537 - f1 0.9537 
INFO:root:VALID measures for class 0 - precision 0.0000 - recall 0.0000 - f1 0.0000 
INFO:root:VALID measures for class 1 - precision 0.9537 - recall 1.0000 - f1 0.9763 
INFO:root:VALID measures@10 microavg - precision 0.9833 - recall 0.0497 - f1 0.0946 
INFO:root:VALID measures@10 for class 0 - precision 0.0000 - recall 0.0000 - f1 0.0000 
INFO:root:VALID measures@10 for class 1 - precision 0.9833 - recall 0.0521 - f1 0.0989 
INFO:root:VALID measures@100 microavg - precision 0.9783 - recall 0.4941 - f1 0.6566 
INFO:root:VALID measures@100 for class 0 - precision 0.0000 - recall 0.0000 - f1 0.0000 
INFO:root:VALID measures@100 for class 1 - precision 0.9783 - recall 0.5181 - f1 0.6774 
INFO:root:VALID measures@1000 microavg - precision 0.9537 - recall 0.9537 - f1 0.9537 
INFO:root:VALID measures@1000 for class 0 - precision 0.0000 - recall 0.0000 - f1 0.0000 
INFO:root:VALID measures@1000 for class 1 - precision 0.9537 - recall 1.0000 - f1 0.9763 
INFO:root:VALID Total epoch time: 0.11726207399988198
INFO:root:################ TEST epoch 99 ###################
INFO:root:TEST batch 1 / 7 - partial error 0.0455 - partial loss 0.2781 - partial MRR  0.0000 - partial MAP 0.9846
INFO:root:TEST batch 1 / 7 -  partial tp {0: tensor(0), 1: tensor(189)},fn {0: tensor(9), 1: tensor(0)},fp {0: tensor(0), 1: tensor(9)}
INFO:root:TEST batch 1 / 7 - measures partial microavg - precision 0.9545 - recall 0.9545 - f1 0.9545 
INFO:root:TEST batch 1 / 7 - measures partial for class 0 - precision 0.0000 - recall 0.0000 - f1 0.0000 
INFO:root:TEST batch 1 / 7 - measures partial for class 1 - precision 0.9545 - recall 1.0000 - f1 0.9767 
INFO:root:TEST batch 1 / 7 - Batch time 0 
INFO:root:TEST batch 2 / 7 - partial error 0.0581 - partial loss 0.3339 - partial MRR  0.0000 - partial MAP 0.9773
INFO:root:TEST batch 2 / 7 -  partial tp {0: tensor(0), 1: tensor(184)},fn {0: tensor(14), 1: tensor(0)},fp {0: tensor(0), 1: tensor(14)}
INFO:root:TEST batch 2 / 7 - measures partial microavg - precision 0.9293 - recall 0.9293 - f1 0.9293 
INFO:root:TEST batch 2 / 7 - measures partial for class 0 - precision 0.0000 - recall 0.0000 - f1 0.0000 
INFO:root:TEST batch 2 / 7 - measures partial for class 1 - precision 0.9293 - recall 1.0000 - f1 0.9634 
INFO:root:TEST batch 2 / 7 - Batch time 0 
INFO:root:TEST batch 3 / 7 - partial error 0.0556 - partial loss 0.3182 - partial MRR  0.0000 - partial MAP 0.9795
INFO:root:TEST batch 3 / 7 -  partial tp {0: tensor(0), 1: tensor(188)},fn {0: tensor(10), 1: tensor(0)},fp {0: tensor(0), 1: tensor(10)}
INFO:root:TEST batch 3 / 7 - measures partial microavg - precision 0.9495 - recall 0.9495 - f1 0.9495 
INFO:root:TEST batch 3 / 7 - measures partial for class 0 - precision 0.0000 - recall 0.0000 - f1 0.0000 
INFO:root:TEST batch 3 / 7 - measures partial for class 1 - precision 0.9495 - recall 1.0000 - f1 0.9741 
INFO:root:TEST batch 3 / 7 - Batch time 0 
INFO:root:TEST batch 4 / 7 - partial error 0.0568 - partial loss 0.3212 - partial MRR  0.0000 - partial MAP 0.9795
INFO:root:TEST batch 4 / 7 -  partial tp {0: tensor(0), 1: tensor(186)},fn {0: tensor(12), 1: tensor(0)},fp {0: tensor(0), 1: tensor(12)}
INFO:root:TEST batch 4 / 7 - measures partial microavg - precision 0.9394 - recall 0.9394 - f1 0.9394 
INFO:root:TEST batch 4 / 7 - measures partial for class 0 - precision 0.0000 - recall 0.0000 - f1 0.0000 
INFO:root:TEST batch 4 / 7 - measures partial for class 1 - precision 0.9394 - recall 1.0000 - f1 0.9688 
INFO:root:TEST batch 4 / 7 - Batch time 0 
INFO:root:TEST batch 5 / 7 - partial error 0.0606 - partial loss 0.3404 - partial MRR  0.0000 - partial MAP 0.9782
INFO:root:TEST batch 5 / 7 -  partial tp {0: tensor(0), 1: tensor(183)},fn {0: tensor(15), 1: tensor(0)},fp {0: tensor(0), 1: tensor(15)}
INFO:root:TEST batch 5 / 7 - measures partial microavg - precision 0.9242 - recall 0.9242 - f1 0.9242 
INFO:root:TEST batch 5 / 7 - measures partial for class 0 - precision 0.0000 - recall 0.0000 - f1 0.0000 
INFO:root:TEST batch 5 / 7 - measures partial for class 1 - precision 0.9242 - recall 1.0000 - f1 0.9606 
INFO:root:TEST batch 5 / 7 - Batch time 0 
INFO:root:TEST batch 6 / 7 - partial error 0.0581 - partial loss 0.3261 - partial MRR  0.0000 - partial MAP 0.9798
INFO:root:TEST batch 6 / 7 -  partial tp {0: tensor(0), 1: tensor(189)},fn {0: tensor(9), 1: tensor(0)},fp {0: tensor(0), 1: tensor(9)}
INFO:root:TEST batch 6 / 7 - measures partial microavg - precision 0.9545 - recall 0.9545 - f1 0.9545 
INFO:root:TEST batch 6 / 7 - measures partial for class 0 - precision 0.0000 - recall 0.0000 - f1 0.0000 
INFO:root:TEST batch 6 / 7 - measures partial for class 1 - precision 0.9545 - recall 1.0000 - f1 0.9767 
INFO:root:TEST batch 6 / 7 - Batch time 0 
INFO:root:TEST batch 7 / 7 - partial error 0.0620 - partial loss 0.3416 - partial MRR  0.0000 - partial MAP 0.9798
INFO:root:TEST batch 7 / 7 -  partial tp {0: tensor(0), 1: tensor(181)},fn {0: tensor(17), 1: tensor(0)},fp {0: tensor(0), 1: tensor(17)}
INFO:root:TEST batch 7 / 7 - measures partial microavg - precision 0.9141 - recall 0.9141 - f1 0.9141 
INFO:root:TEST batch 7 / 7 - measures partial for class 0 - precision 0.0000 - recall 0.0000 - f1 0.0000 
INFO:root:TEST batch 7 / 7 - measures partial for class 1 - precision 0.9141 - recall 1.0000 - f1 0.9551 
INFO:root:TEST batch 7 / 7 - Batch time 0 
INFO:root:TEST mean losses tensor(0.3416)
INFO:root:TEST mean errors 0.06204906105995178
INFO:root:TEST mean MRR 0.0 - mean MAP 0.9798124432563782
INFO:root:TEST tp {0: tensor(0), 1: tensor(1300)},fn {0: tensor(86), 1: tensor(0)},fp {0: tensor(0), 1: tensor(86)}
INFO:root:TEST measures microavg - precision 0.9380 - recall 0.9380 - f1 0.9380 
INFO:root:TEST measures for class 0 - precision 0.0000 - recall 0.0000 - f1 0.0000 
INFO:root:TEST measures for class 1 - precision 0.9380 - recall 1.0000 - f1 0.9680 
INFO:root:TEST measures@10 microavg - precision 1.0000 - recall 0.0505 - f1 0.0962 
INFO:root:TEST measures@10 for class 0 - precision 0.0000 - recall 0.0000 - f1 0.0000 
INFO:root:TEST measures@10 for class 1 - precision 1.0000 - recall 0.0538 - f1 0.1022 
INFO:root:TEST measures@100 microavg - precision 0.9743 - recall 0.4921 - f1 0.6539 
INFO:root:TEST measures@100 for class 0 - precision 0.0000 - recall 0.0000 - f1 0.0000 
INFO:root:TEST measures@100 for class 1 - precision 0.9743 - recall 0.5246 - f1 0.6820 
INFO:root:TEST measures@1000 microavg - precision 0.9380 - recall 0.9380 - f1 0.9380 
INFO:root:TEST measures@1000 for class 0 - precision 0.0000 - recall 0.0000 - f1 0.0000 
INFO:root:TEST measures@1000 for class 1 - precision 0.9380 - recall 1.0000 - f1 0.9680 
INFO:root:TEST Total epoch time: 0.14705016400012028
INFO:root:################ TRAIN epoch 100 ###################
INFO:root:TRAIN mean losses tensor(0.2835)
INFO:root:TRAIN mean errors 0.048821549862623215
INFO:root:TRAIN mean MRR 0.0 - mean MAP 0.9807087779045105
INFO:root:TRAIN tp {0: tensor(0), 1: tensor(5650)},fn {0: tensor(290), 1: tensor(0)},fp {0: tensor(0), 1: tensor(290)}
INFO:root:TRAIN measures microavg - precision 0.9512 - recall 0.9512 - f1 0.9512 
INFO:root:TRAIN measures for class 0 - precision 0.0000 - recall 0.0000 - f1 0.0000 
INFO:root:TRAIN measures for class 1 - precision 0.9512 - recall 1.0000 - f1 0.9750 
INFO:root:TRAIN measures@10 microavg - precision 0.9967 - recall 0.0503 - f1 0.0958 
INFO:root:TRAIN measures@10 for class 0 - precision 0.0000 - recall 0.0000 - f1 0.0000 
INFO:root:TRAIN measures@10 for class 1 - precision 0.9967 - recall 0.0529 - f1 0.1005 
INFO:root:TRAIN measures@100 microavg - precision 0.9753 - recall 0.4926 - f1 0.6546 
INFO:root:TRAIN measures@100 for class 0 - precision 0.0000 - recall 0.0000 - f1 0.0000 
INFO:root:TRAIN measures@100 for class 1 - precision 0.9753 - recall 0.5179 - f1 0.6765 
INFO:root:TRAIN measures@1000 microavg - precision 0.9512 - recall 0.9512 - f1 0.9512 
INFO:root:TRAIN measures@1000 for class 0 - precision 0.0000 - recall 0.0000 - f1 0.0000 
INFO:root:TRAIN measures@1000 for class 1 - precision 0.9512 - recall 1.0000 - f1 0.9750 
INFO:root:TRAIN Total epoch time: 0.8446992780000073
INFO:root:################ VALID epoch 100 ###################
INFO:root:VALID mean losses tensor(0.2607)
INFO:root:VALID mean errors 0.046296294778585434
INFO:root:VALID mean MRR 0.0 - mean MAP 0.983663022518158
INFO:root:VALID tp {0: tensor(0), 1: tensor(1133)},fn {0: tensor(55), 1: tensor(0)},fp {0: tensor(0), 1: tensor(55)}
INFO:root:VALID measures microavg - precision 0.9537 - recall 0.9537 - f1 0.9537 
INFO:root:VALID measures for class 0 - precision 0.0000 - recall 0.0000 - f1 0.0000 
INFO:root:VALID measures for class 1 - precision 0.9537 - recall 1.0000 - f1 0.9763 
INFO:root:VALID measures@10 microavg - precision 1.0000 - recall 0.0505 - f1 0.0962 
INFO:root:VALID measures@10 for class 0 - precision 0.0000 - recall 0.0000 - f1 0.0000 
INFO:root:VALID measures@10 for class 1 - precision 1.0000 - recall 0.0530 - f1 0.1006 
INFO:root:VALID measures@100 microavg - precision 0.9850 - recall 0.4975 - f1 0.6611 
INFO:root:VALID measures@100 for class 0 - precision 0.0000 - recall 0.0000 - f1 0.0000 
INFO:root:VALID measures@100 for class 1 - precision 0.9850 - recall 0.5216 - f1 0.6821 
INFO:root:VALID measures@1000 microavg - precision 0.9537 - recall 0.9537 - f1 0.9537 
INFO:root:VALID measures@1000 for class 0 - precision 0.0000 - recall 0.0000 - f1 0.0000 
INFO:root:VALID measures@1000 for class 1 - precision 0.9537 - recall 1.0000 - f1 0.9763 
INFO:root:VALID Total epoch time: 0.10960444400006963
INFO:root:################ TEST epoch 100 ###################
INFO:root:TEST batch 1 / 7 - partial error 0.0455 - partial loss 0.2839 - partial MRR  0.0000 - partial MAP 0.9802
INFO:root:TEST batch 1 / 7 -  partial tp {0: tensor(0), 1: tensor(189)},fn {0: tensor(9), 1: tensor(0)},fp {0: tensor(0), 1: tensor(9)}
INFO:root:TEST batch 1 / 7 - measures partial microavg - precision 0.9545 - recall 0.9545 - f1 0.9545 
INFO:root:TEST batch 1 / 7 - measures partial for class 0 - precision 0.0000 - recall 0.0000 - f1 0.0000 
INFO:root:TEST batch 1 / 7 - measures partial for class 1 - precision 0.9545 - recall 1.0000 - f1 0.9767 
INFO:root:TEST batch 1 / 7 - Batch time 0 
INFO:root:TEST batch 2 / 7 - partial error 0.0581 - partial loss 0.3337 - partial MRR  0.0000 - partial MAP 0.9775
INFO:root:TEST batch 2 / 7 -  partial tp {0: tensor(0), 1: tensor(184)},fn {0: tensor(14), 1: tensor(0)},fp {0: tensor(0), 1: tensor(14)}
INFO:root:TEST batch 2 / 7 - measures partial microavg - precision 0.9293 - recall 0.9293 - f1 0.9293 
INFO:root:TEST batch 2 / 7 - measures partial for class 0 - precision 0.0000 - recall 0.0000 - f1 0.0000 
INFO:root:TEST batch 2 / 7 - measures partial for class 1 - precision 0.9293 - recall 1.0000 - f1 0.9634 
INFO:root:TEST batch 2 / 7 - Batch time 0 
INFO:root:TEST batch 3 / 7 - partial error 0.0556 - partial loss 0.3172 - partial MRR  0.0000 - partial MAP 0.9795
INFO:root:TEST batch 3 / 7 -  partial tp {0: tensor(0), 1: tensor(188)},fn {0: tensor(10), 1: tensor(0)},fp {0: tensor(0), 1: tensor(10)}
INFO:root:TEST batch 3 / 7 - measures partial microavg - precision 0.9495 - recall 0.9495 - f1 0.9495 
INFO:root:TEST batch 3 / 7 - measures partial for class 0 - precision 0.0000 - recall 0.0000 - f1 0.0000 
INFO:root:TEST batch 3 / 7 - measures partial for class 1 - precision 0.9495 - recall 1.0000 - f1 0.9741 
INFO:root:TEST batch 3 / 7 - Batch time 0 
INFO:root:TEST batch 4 / 7 - partial error 0.0568 - partial loss 0.3201 - partial MRR  0.0000 - partial MAP 0.9785
INFO:root:TEST batch 4 / 7 -  partial tp {0: tensor(0), 1: tensor(186)},fn {0: tensor(12), 1: tensor(0)},fp {0: tensor(0), 1: tensor(12)}
INFO:root:TEST batch 4 / 7 - measures partial microavg - precision 0.9394 - recall 0.9394 - f1 0.9394 
INFO:root:TEST batch 4 / 7 - measures partial for class 0 - precision 0.0000 - recall 0.0000 - f1 0.0000 
INFO:root:TEST batch 4 / 7 - measures partial for class 1 - precision 0.9394 - recall 1.0000 - f1 0.9688 
INFO:root:TEST batch 4 / 7 - Batch time 0 
INFO:root:TEST batch 5 / 7 - partial error 0.0606 - partial loss 0.3364 - partial MRR  0.0000 - partial MAP 0.9776
INFO:root:TEST batch 5 / 7 -  partial tp {0: tensor(0), 1: tensor(183)},fn {0: tensor(15), 1: tensor(0)},fp {0: tensor(0), 1: tensor(15)}
INFO:root:TEST batch 5 / 7 - measures partial microavg - precision 0.9242 - recall 0.9242 - f1 0.9242 
INFO:root:TEST batch 5 / 7 - measures partial for class 0 - precision 0.0000 - recall 0.0000 - f1 0.0000 
INFO:root:TEST batch 5 / 7 - measures partial for class 1 - precision 0.9242 - recall 1.0000 - f1 0.9606 
INFO:root:TEST batch 5 / 7 - Batch time 0 
INFO:root:TEST batch 6 / 7 - partial error 0.0581 - partial loss 0.3228 - partial MRR  0.0000 - partial MAP 0.9792
INFO:root:TEST batch 6 / 7 -  partial tp {0: tensor(0), 1: tensor(189)},fn {0: tensor(9), 1: tensor(0)},fp {0: tensor(0), 1: tensor(9)}
INFO:root:TEST batch 6 / 7 - measures partial microavg - precision 0.9545 - recall 0.9545 - f1 0.9545 
INFO:root:TEST batch 6 / 7 - measures partial for class 0 - precision 0.0000 - recall 0.0000 - f1 0.0000 
INFO:root:TEST batch 6 / 7 - measures partial for class 1 - precision 0.9545 - recall 1.0000 - f1 0.9767 
INFO:root:TEST batch 6 / 7 - Batch time 0 
INFO:root:TEST batch 7 / 7 - partial error 0.0620 - partial loss 0.3385 - partial MRR  0.0000 - partial MAP 0.9793
INFO:root:TEST batch 7 / 7 -  partial tp {0: tensor(0), 1: tensor(181)},fn {0: tensor(17), 1: tensor(0)},fp {0: tensor(0), 1: tensor(17)}
INFO:root:TEST batch 7 / 7 - measures partial microavg - precision 0.9141 - recall 0.9141 - f1 0.9141 
INFO:root:TEST batch 7 / 7 - measures partial for class 0 - precision 0.0000 - recall 0.0000 - f1 0.0000 
INFO:root:TEST batch 7 / 7 - measures partial for class 1 - precision 0.9141 - recall 1.0000 - f1 0.9551 
INFO:root:TEST batch 7 / 7 - Batch time 0 
INFO:root:TEST mean losses tensor(0.3385)
INFO:root:TEST mean errors 0.06204906105995178
INFO:root:TEST mean MRR 0.0 - mean MAP 0.9793384075164795
INFO:root:TEST tp {0: tensor(0), 1: tensor(1300)},fn {0: tensor(86), 1: tensor(0)},fp {0: tensor(0), 1: tensor(86)}
INFO:root:TEST measures microavg - precision 0.9380 - recall 0.9380 - f1 0.9380 
INFO:root:TEST measures for class 0 - precision 0.0000 - recall 0.0000 - f1 0.0000 
INFO:root:TEST measures for class 1 - precision 0.9380 - recall 1.0000 - f1 0.9680 
INFO:root:TEST measures@10 microavg - precision 1.0000 - recall 0.0505 - f1 0.0962 
INFO:root:TEST measures@10 for class 0 - precision 0.0000 - recall 0.0000 - f1 0.0000 
INFO:root:TEST measures@10 for class 1 - precision 1.0000 - recall 0.0538 - f1 0.1022 
INFO:root:TEST measures@100 microavg - precision 0.9743 - recall 0.4921 - f1 0.6539 
INFO:root:TEST measures@100 for class 0 - precision 0.0000 - recall 0.0000 - f1 0.0000 
INFO:root:TEST measures@100 for class 1 - precision 0.9743 - recall 0.5246 - f1 0.6820 
INFO:root:TEST measures@1000 microavg - precision 0.9380 - recall 0.9380 - f1 0.9380 
INFO:root:TEST measures@1000 for class 0 - precision 0.0000 - recall 0.0000 - f1 0.0000 
INFO:root:TEST measures@1000 for class 1 - precision 0.9380 - recall 1.0000 - f1 0.9680 
INFO:root:TEST Total epoch time: 0.1395332930001132
INFO:root:################ TRAIN epoch 101 ###################
INFO:root:TRAIN mean losses tensor(0.2828)
INFO:root:TRAIN mean errors 0.048821549862623215
INFO:root:TRAIN mean MRR 0.0 - mean MAP 0.9811033606529236
INFO:root:TRAIN tp {0: tensor(0), 1: tensor(5650)},fn {0: tensor(290), 1: tensor(0)},fp {0: tensor(0), 1: tensor(290)}
INFO:root:TRAIN measures microavg - precision 0.9512 - recall 0.9512 - f1 0.9512 
INFO:root:TRAIN measures for class 0 - precision 0.0000 - recall 0.0000 - f1 0.0000 
INFO:root:TRAIN measures for class 1 - precision 0.9512 - recall 1.0000 - f1 0.9750 
INFO:root:TRAIN measures@10 microavg - precision 0.9967 - recall 0.0503 - f1 0.0958 
INFO:root:TRAIN measures@10 for class 0 - precision 0.0000 - recall 0.0000 - f1 0.0000 
INFO:root:TRAIN measures@10 for class 1 - precision 0.9967 - recall 0.0529 - f1 0.1005 
INFO:root:TRAIN measures@100 microavg - precision 0.9750 - recall 0.4924 - f1 0.6544 
INFO:root:TRAIN measures@100 for class 0 - precision 0.0000 - recall 0.0000 - f1 0.0000 
INFO:root:TRAIN measures@100 for class 1 - precision 0.9750 - recall 0.5177 - f1 0.6763 
INFO:root:TRAIN measures@1000 microavg - precision 0.9512 - recall 0.9512 - f1 0.9512 
INFO:root:TRAIN measures@1000 for class 0 - precision 0.0000 - recall 0.0000 - f1 0.0000 
INFO:root:TRAIN measures@1000 for class 1 - precision 0.9512 - recall 1.0000 - f1 0.9750 
INFO:root:TRAIN Total epoch time: 0.831295984999997
INFO:root:################ VALID epoch 101 ###################
INFO:root:VALID mean losses tensor(0.2605)
INFO:root:VALID mean errors 0.046296294778585434
INFO:root:VALID mean MRR 0.0 - mean MAP 0.982273280620575
INFO:root:VALID tp {0: tensor(0), 1: tensor(1133)},fn {0: tensor(55), 1: tensor(0)},fp {0: tensor(0), 1: tensor(55)}
INFO:root:VALID measures microavg - precision 0.9537 - recall 0.9537 - f1 0.9537 
INFO:root:VALID measures for class 0 - precision 0.0000 - recall 0.0000 - f1 0.0000 
INFO:root:VALID measures for class 1 - precision 0.9537 - recall 1.0000 - f1 0.9763 
INFO:root:VALID measures@10 microavg - precision 0.9667 - recall 0.0488 - f1 0.0929 
INFO:root:VALID measures@10 for class 0 - precision 0.0000 - recall 0.0000 - f1 0.0000 
INFO:root:VALID measures@10 for class 1 - precision 0.9667 - recall 0.0512 - f1 0.0972 
INFO:root:VALID measures@100 microavg - precision 0.9817 - recall 0.4958 - f1 0.6588 
INFO:root:VALID measures@100 for class 0 - precision 0.0000 - recall 0.0000 - f1 0.0000 
INFO:root:VALID measures@100 for class 1 - precision 0.9817 - recall 0.5199 - f1 0.6797 
INFO:root:VALID measures@1000 microavg - precision 0.9537 - recall 0.9537 - f1 0.9537 
INFO:root:VALID measures@1000 for class 0 - precision 0.0000 - recall 0.0000 - f1 0.0000 
INFO:root:VALID measures@1000 for class 1 - precision 0.9537 - recall 1.0000 - f1 0.9763 
INFO:root:VALID Total epoch time: 0.1095757540001614
INFO:root:################ TEST epoch 101 ###################
INFO:root:TEST batch 1 / 7 - partial error 0.0455 - partial loss 0.2833 - partial MRR  0.0000 - partial MAP 0.9827
INFO:root:TEST batch 1 / 7 -  partial tp {0: tensor(0), 1: tensor(189)},fn {0: tensor(9), 1: tensor(0)},fp {0: tensor(0), 1: tensor(9)}
INFO:root:TEST batch 1 / 7 - measures partial microavg - precision 0.9545 - recall 0.9545 - f1 0.9545 
INFO:root:TEST batch 1 / 7 - measures partial for class 0 - precision 0.0000 - recall 0.0000 - f1 0.0000 
INFO:root:TEST batch 1 / 7 - measures partial for class 1 - precision 0.9545 - recall 1.0000 - f1 0.9767 
INFO:root:TEST batch 1 / 7 - Batch time 0 
INFO:root:TEST batch 2 / 7 - partial error 0.0581 - partial loss 0.3372 - partial MRR  0.0000 - partial MAP 0.9773
INFO:root:TEST batch 2 / 7 -  partial tp {0: tensor(0), 1: tensor(184)},fn {0: tensor(14), 1: tensor(0)},fp {0: tensor(0), 1: tensor(14)}
INFO:root:TEST batch 2 / 7 - measures partial microavg - precision 0.9293 - recall 0.9293 - f1 0.9293 
INFO:root:TEST batch 2 / 7 - measures partial for class 0 - precision 0.0000 - recall 0.0000 - f1 0.0000 
INFO:root:TEST batch 2 / 7 - measures partial for class 1 - precision 0.9293 - recall 1.0000 - f1 0.9634 
INFO:root:TEST batch 2 / 7 - Batch time 0 
INFO:root:TEST batch 3 / 7 - partial error 0.0556 - partial loss 0.3201 - partial MRR  0.0000 - partial MAP 0.9795
INFO:root:TEST batch 3 / 7 -  partial tp {0: tensor(0), 1: tensor(188)},fn {0: tensor(10), 1: tensor(0)},fp {0: tensor(0), 1: tensor(10)}
INFO:root:TEST batch 3 / 7 - measures partial microavg - precision 0.9495 - recall 0.9495 - f1 0.9495 
INFO:root:TEST batch 3 / 7 - measures partial for class 0 - precision 0.0000 - recall 0.0000 - f1 0.0000 
INFO:root:TEST batch 3 / 7 - measures partial for class 1 - precision 0.9495 - recall 1.0000 - f1 0.9741 
INFO:root:TEST batch 3 / 7 - Batch time 0 
INFO:root:TEST batch 4 / 7 - partial error 0.0568 - partial loss 0.3217 - partial MRR  0.0000 - partial MAP 0.9798
INFO:root:TEST batch 4 / 7 -  partial tp {0: tensor(0), 1: tensor(186)},fn {0: tensor(12), 1: tensor(0)},fp {0: tensor(0), 1: tensor(12)}
INFO:root:TEST batch 4 / 7 - measures partial microavg - precision 0.9394 - recall 0.9394 - f1 0.9394 
INFO:root:TEST batch 4 / 7 - measures partial for class 0 - precision 0.0000 - recall 0.0000 - f1 0.0000 
INFO:root:TEST batch 4 / 7 - measures partial for class 1 - precision 0.9394 - recall 1.0000 - f1 0.9688 
INFO:root:TEST batch 4 / 7 - Batch time 0 
INFO:root:TEST batch 5 / 7 - partial error 0.0606 - partial loss 0.3402 - partial MRR  0.0000 - partial MAP 0.9788
INFO:root:TEST batch 5 / 7 -  partial tp {0: tensor(0), 1: tensor(183)},fn {0: tensor(15), 1: tensor(0)},fp {0: tensor(0), 1: tensor(15)}
INFO:root:TEST batch 5 / 7 - measures partial microavg - precision 0.9242 - recall 0.9242 - f1 0.9242 
INFO:root:TEST batch 5 / 7 - measures partial for class 0 - precision 0.0000 - recall 0.0000 - f1 0.0000 
INFO:root:TEST batch 5 / 7 - measures partial for class 1 - precision 0.9242 - recall 1.0000 - f1 0.9606 
INFO:root:TEST batch 5 / 7 - Batch time 0 
INFO:root:TEST batch 6 / 7 - partial error 0.0581 - partial loss 0.3255 - partial MRR  0.0000 - partial MAP 0.9805
INFO:root:TEST batch 6 / 7 -  partial tp {0: tensor(0), 1: tensor(189)},fn {0: tensor(9), 1: tensor(0)},fp {0: tensor(0), 1: tensor(9)}
INFO:root:TEST batch 6 / 7 - measures partial microavg - precision 0.9545 - recall 0.9545 - f1 0.9545 
INFO:root:TEST batch 6 / 7 - measures partial for class 0 - precision 0.0000 - recall 0.0000 - f1 0.0000 
INFO:root:TEST batch 6 / 7 - measures partial for class 1 - precision 0.9545 - recall 1.0000 - f1 0.9767 
INFO:root:TEST batch 6 / 7 - Batch time 0 
INFO:root:TEST batch 7 / 7 - partial error 0.0620 - partial loss 0.3416 - partial MRR  0.0000 - partial MAP 0.9798
INFO:root:TEST batch 7 / 7 -  partial tp {0: tensor(0), 1: tensor(181)},fn {0: tensor(17), 1: tensor(0)},fp {0: tensor(0), 1: tensor(17)}
INFO:root:TEST batch 7 / 7 - measures partial microavg - precision 0.9141 - recall 0.9141 - f1 0.9141 
INFO:root:TEST batch 7 / 7 - measures partial for class 0 - precision 0.0000 - recall 0.0000 - f1 0.0000 
INFO:root:TEST batch 7 / 7 - measures partial for class 1 - precision 0.9141 - recall 1.0000 - f1 0.9551 
INFO:root:TEST batch 7 / 7 - Batch time 0 
INFO:root:TEST mean losses tensor(0.3416)
INFO:root:TEST mean errors 0.06204906105995178
INFO:root:TEST mean MRR 0.0 - mean MAP 0.9798427224159241
INFO:root:TEST tp {0: tensor(0), 1: tensor(1300)},fn {0: tensor(86), 1: tensor(0)},fp {0: tensor(0), 1: tensor(86)}
INFO:root:TEST measures microavg - precision 0.9380 - recall 0.9380 - f1 0.9380 
INFO:root:TEST measures for class 0 - precision 0.0000 - recall 0.0000 - f1 0.0000 
INFO:root:TEST measures for class 1 - precision 0.9380 - recall 1.0000 - f1 0.9680 
INFO:root:TEST measures@10 microavg - precision 1.0000 - recall 0.0505 - f1 0.0962 
INFO:root:TEST measures@10 for class 0 - precision 0.0000 - recall 0.0000 - f1 0.0000 
INFO:root:TEST measures@10 for class 1 - precision 1.0000 - recall 0.0538 - f1 0.1022 
INFO:root:TEST measures@100 microavg - precision 0.9700 - recall 0.4899 - f1 0.6510 
INFO:root:TEST measures@100 for class 0 - precision 0.0000 - recall 0.0000 - f1 0.0000 
INFO:root:TEST measures@100 for class 1 - precision 0.9700 - recall 0.5223 - f1 0.6790 
INFO:root:TEST measures@1000 microavg - precision 0.9380 - recall 0.9380 - f1 0.9380 
INFO:root:TEST measures@1000 for class 0 - precision 0.0000 - recall 0.0000 - f1 0.0000 
INFO:root:TEST measures@1000 for class 1 - precision 0.9380 - recall 1.0000 - f1 0.9680 
INFO:root:TEST Total epoch time: 0.13777808299983008
INFO:root:################ TRAIN epoch 102 ###################
INFO:root:TRAIN mean losses tensor(0.2822)
INFO:root:TRAIN mean errors 0.048821549862623215
INFO:root:TRAIN mean MRR 0.0 - mean MAP 0.9815359115600586
INFO:root:TRAIN tp {0: tensor(0), 1: tensor(5650)},fn {0: tensor(290), 1: tensor(0)},fp {0: tensor(0), 1: tensor(290)}
INFO:root:TRAIN measures microavg - precision 0.9512 - recall 0.9512 - f1 0.9512 
INFO:root:TRAIN measures for class 0 - precision 0.0000 - recall 0.0000 - f1 0.0000 
INFO:root:TRAIN measures for class 1 - precision 0.9512 - recall 1.0000 - f1 0.9750 
INFO:root:TRAIN measures@10 microavg - precision 0.9933 - recall 0.0502 - f1 0.0955 
INFO:root:TRAIN measures@10 for class 0 - precision 0.0000 - recall 0.0000 - f1 0.0000 
INFO:root:TRAIN measures@10 for class 1 - precision 0.9933 - recall 0.0527 - f1 0.1002 
INFO:root:TRAIN measures@100 microavg - precision 0.9737 - recall 0.4918 - f1 0.6535 
INFO:root:TRAIN measures@100 for class 0 - precision 0.0000 - recall 0.0000 - f1 0.0000 
INFO:root:TRAIN measures@100 for class 1 - precision 0.9737 - recall 0.5170 - f1 0.6754 
INFO:root:TRAIN measures@1000 microavg - precision 0.9512 - recall 0.9512 - f1 0.9512 
INFO:root:TRAIN measures@1000 for class 0 - precision 0.0000 - recall 0.0000 - f1 0.0000 
INFO:root:TRAIN measures@1000 for class 1 - precision 0.9512 - recall 1.0000 - f1 0.9750 
INFO:root:TRAIN Total epoch time: 0.8314489910003431
INFO:root:################ VALID epoch 102 ###################
INFO:root:VALID mean losses tensor(0.2622)
INFO:root:VALID mean errors 0.046296294778585434
INFO:root:VALID mean MRR 0.0 - mean MAP 0.98248291015625
INFO:root:VALID tp {0: tensor(0), 1: tensor(1133)},fn {0: tensor(55), 1: tensor(0)},fp {0: tensor(0), 1: tensor(55)}
INFO:root:VALID measures microavg - precision 0.9537 - recall 0.9537 - f1 0.9537 
INFO:root:VALID measures for class 0 - precision 0.0000 - recall 0.0000 - f1 0.0000 
INFO:root:VALID measures for class 1 - precision 0.9537 - recall 1.0000 - f1 0.9763 
INFO:root:VALID measures@10 microavg - precision 0.9833 - recall 0.0497 - f1 0.0946 
INFO:root:VALID measures@10 for class 0 - precision 0.0000 - recall 0.0000 - f1 0.0000 
INFO:root:VALID measures@10 for class 1 - precision 0.9833 - recall 0.0521 - f1 0.0989 
INFO:root:VALID measures@100 microavg - precision 0.9850 - recall 0.4975 - f1 0.6611 
INFO:root:VALID measures@100 for class 0 - precision 0.0000 - recall 0.0000 - f1 0.0000 
INFO:root:VALID measures@100 for class 1 - precision 0.9850 - recall 0.5216 - f1 0.6821 
INFO:root:VALID measures@1000 microavg - precision 0.9537 - recall 0.9537 - f1 0.9537 
INFO:root:VALID measures@1000 for class 0 - precision 0.0000 - recall 0.0000 - f1 0.0000 
INFO:root:VALID measures@1000 for class 1 - precision 0.9537 - recall 1.0000 - f1 0.9763 
INFO:root:VALID Total epoch time: 0.11439135599994188
INFO:root:################ TEST epoch 102 ###################
INFO:root:TEST batch 1 / 7 - partial error 0.0455 - partial loss 0.2814 - partial MRR  0.0000 - partial MAP 0.9821
INFO:root:TEST batch 1 / 7 -  partial tp {0: tensor(0), 1: tensor(189)},fn {0: tensor(9), 1: tensor(0)},fp {0: tensor(0), 1: tensor(9)}
INFO:root:TEST batch 1 / 7 - measures partial microavg - precision 0.9545 - recall 0.9545 - f1 0.9545 
INFO:root:TEST batch 1 / 7 - measures partial for class 0 - precision 0.0000 - recall 0.0000 - f1 0.0000 
INFO:root:TEST batch 1 / 7 - measures partial for class 1 - precision 0.9545 - recall 1.0000 - f1 0.9767 
INFO:root:TEST batch 1 / 7 - Batch time 0 
INFO:root:TEST batch 2 / 7 - partial error 0.0581 - partial loss 0.3343 - partial MRR  0.0000 - partial MAP 0.9777
INFO:root:TEST batch 2 / 7 -  partial tp {0: tensor(0), 1: tensor(184)},fn {0: tensor(14), 1: tensor(0)},fp {0: tensor(0), 1: tensor(14)}
INFO:root:TEST batch 2 / 7 - measures partial microavg - precision 0.9293 - recall 0.9293 - f1 0.9293 
INFO:root:TEST batch 2 / 7 - measures partial for class 0 - precision 0.0000 - recall 0.0000 - f1 0.0000 
INFO:root:TEST batch 2 / 7 - measures partial for class 1 - precision 0.9293 - recall 1.0000 - f1 0.9634 
INFO:root:TEST batch 2 / 7 - Batch time 0 
INFO:root:TEST batch 3 / 7 - partial error 0.0556 - partial loss 0.3187 - partial MRR  0.0000 - partial MAP 0.9797
INFO:root:TEST batch 3 / 7 -  partial tp {0: tensor(0), 1: tensor(188)},fn {0: tensor(10), 1: tensor(0)},fp {0: tensor(0), 1: tensor(10)}
INFO:root:TEST batch 3 / 7 - measures partial microavg - precision 0.9495 - recall 0.9495 - f1 0.9495 
INFO:root:TEST batch 3 / 7 - measures partial for class 0 - precision 0.0000 - recall 0.0000 - f1 0.0000 
INFO:root:TEST batch 3 / 7 - measures partial for class 1 - precision 0.9495 - recall 1.0000 - f1 0.9741 
INFO:root:TEST batch 3 / 7 - Batch time 0 
INFO:root:TEST batch 4 / 7 - partial error 0.0568 - partial loss 0.3220 - partial MRR  0.0000 - partial MAP 0.9785
INFO:root:TEST batch 4 / 7 -  partial tp {0: tensor(0), 1: tensor(186)},fn {0: tensor(12), 1: tensor(0)},fp {0: tensor(0), 1: tensor(12)}
INFO:root:TEST batch 4 / 7 - measures partial microavg - precision 0.9394 - recall 0.9394 - f1 0.9394 
INFO:root:TEST batch 4 / 7 - measures partial for class 0 - precision 0.0000 - recall 0.0000 - f1 0.0000 
INFO:root:TEST batch 4 / 7 - measures partial for class 1 - precision 0.9394 - recall 1.0000 - f1 0.9688 
INFO:root:TEST batch 4 / 7 - Batch time 0 
INFO:root:TEST batch 5 / 7 - partial error 0.0606 - partial loss 0.3386 - partial MRR  0.0000 - partial MAP 0.9777
INFO:root:TEST batch 5 / 7 -  partial tp {0: tensor(0), 1: tensor(183)},fn {0: tensor(15), 1: tensor(0)},fp {0: tensor(0), 1: tensor(15)}
INFO:root:TEST batch 5 / 7 - measures partial microavg - precision 0.9242 - recall 0.9242 - f1 0.9242 
INFO:root:TEST batch 5 / 7 - measures partial for class 0 - precision 0.0000 - recall 0.0000 - f1 0.0000 
INFO:root:TEST batch 5 / 7 - measures partial for class 1 - precision 0.9242 - recall 1.0000 - f1 0.9606 
INFO:root:TEST batch 5 / 7 - Batch time 0 
INFO:root:TEST batch 6 / 7 - partial error 0.0581 - partial loss 0.3246 - partial MRR  0.0000 - partial MAP 0.9794
INFO:root:TEST batch 6 / 7 -  partial tp {0: tensor(0), 1: tensor(189)},fn {0: tensor(9), 1: tensor(0)},fp {0: tensor(0), 1: tensor(9)}
INFO:root:TEST batch 6 / 7 - measures partial microavg - precision 0.9545 - recall 0.9545 - f1 0.9545 
INFO:root:TEST batch 6 / 7 - measures partial for class 0 - precision 0.0000 - recall 0.0000 - f1 0.0000 
INFO:root:TEST batch 6 / 7 - measures partial for class 1 - precision 0.9545 - recall 1.0000 - f1 0.9767 
INFO:root:TEST batch 6 / 7 - Batch time 0 
INFO:root:TEST batch 7 / 7 - partial error 0.0620 - partial loss 0.3393 - partial MRR  0.0000 - partial MAP 0.9791
INFO:root:TEST batch 7 / 7 -  partial tp {0: tensor(0), 1: tensor(181)},fn {0: tensor(17), 1: tensor(0)},fp {0: tensor(0), 1: tensor(17)}
INFO:root:TEST batch 7 / 7 - measures partial microavg - precision 0.9141 - recall 0.9141 - f1 0.9141 
INFO:root:TEST batch 7 / 7 - measures partial for class 0 - precision 0.0000 - recall 0.0000 - f1 0.0000 
INFO:root:TEST batch 7 / 7 - measures partial for class 1 - precision 0.9141 - recall 1.0000 - f1 0.9551 
INFO:root:TEST batch 7 / 7 - Batch time 0 
INFO:root:TEST mean losses tensor(0.3393)
INFO:root:TEST mean errors 0.06204906105995178
INFO:root:TEST mean MRR 0.0 - mean MAP 0.9790956974029541
INFO:root:TEST tp {0: tensor(0), 1: tensor(1300)},fn {0: tensor(86), 1: tensor(0)},fp {0: tensor(0), 1: tensor(86)}
INFO:root:TEST measures microavg - precision 0.9380 - recall 0.9380 - f1 0.9380 
INFO:root:TEST measures for class 0 - precision 0.0000 - recall 0.0000 - f1 0.0000 
INFO:root:TEST measures for class 1 - precision 0.9380 - recall 1.0000 - f1 0.9680 
INFO:root:TEST measures@10 microavg - precision 1.0000 - recall 0.0505 - f1 0.0962 
INFO:root:TEST measures@10 for class 0 - precision 0.0000 - recall 0.0000 - f1 0.0000 
INFO:root:TEST measures@10 for class 1 - precision 1.0000 - recall 0.0538 - f1 0.1022 
INFO:root:TEST measures@100 microavg - precision 0.9700 - recall 0.4899 - f1 0.6510 
INFO:root:TEST measures@100 for class 0 - precision 0.0000 - recall 0.0000 - f1 0.0000 
INFO:root:TEST measures@100 for class 1 - precision 0.9700 - recall 0.5223 - f1 0.6790 
INFO:root:TEST measures@1000 microavg - precision 0.9380 - recall 0.9380 - f1 0.9380 
INFO:root:TEST measures@1000 for class 0 - precision 0.0000 - recall 0.0000 - f1 0.0000 
INFO:root:TEST measures@1000 for class 1 - precision 0.9380 - recall 1.0000 - f1 0.9680 
INFO:root:TEST Total epoch time: 0.14488321099997847
INFO:root:################ TRAIN epoch 103 ###################
INFO:root:TRAIN mean losses tensor(0.2852)
INFO:root:TRAIN mean errors 0.048821549862623215
INFO:root:TRAIN mean MRR 0.0 - mean MAP 0.9809659123420715
INFO:root:TRAIN tp {0: tensor(0), 1: tensor(5650)},fn {0: tensor(290), 1: tensor(0)},fp {0: tensor(0), 1: tensor(290)}
INFO:root:TRAIN measures microavg - precision 0.9512 - recall 0.9512 - f1 0.9512 
INFO:root:TRAIN measures for class 0 - precision 0.0000 - recall 0.0000 - f1 0.0000 
INFO:root:TRAIN measures for class 1 - precision 0.9512 - recall 1.0000 - f1 0.9750 
INFO:root:TRAIN measures@10 microavg - precision 1.0000 - recall 0.0505 - f1 0.0962 
INFO:root:TRAIN measures@10 for class 0 - precision 0.0000 - recall 0.0000 - f1 0.0000 
INFO:root:TRAIN measures@10 for class 1 - precision 1.0000 - recall 0.0531 - f1 0.1008 
INFO:root:TRAIN measures@100 microavg - precision 0.9733 - recall 0.4916 - f1 0.6532 
INFO:root:TRAIN measures@100 for class 0 - precision 0.0000 - recall 0.0000 - f1 0.0000 
INFO:root:TRAIN measures@100 for class 1 - precision 0.9733 - recall 0.5168 - f1 0.6751 
INFO:root:TRAIN measures@1000 microavg - precision 0.9512 - recall 0.9512 - f1 0.9512 
INFO:root:TRAIN measures@1000 for class 0 - precision 0.0000 - recall 0.0000 - f1 0.0000 
INFO:root:TRAIN measures@1000 for class 1 - precision 0.9512 - recall 1.0000 - f1 0.9750 
INFO:root:TRAIN Total epoch time: 0.8542005939998489
INFO:root:################ VALID epoch 103 ###################
INFO:root:VALID mean losses tensor(0.2618)
INFO:root:VALID mean errors 0.046296294778585434
INFO:root:VALID mean MRR 0.0 - mean MAP 0.9834635853767395
INFO:root:VALID tp {0: tensor(0), 1: tensor(1133)},fn {0: tensor(55), 1: tensor(0)},fp {0: tensor(0), 1: tensor(55)}
INFO:root:VALID measures microavg - precision 0.9537 - recall 0.9537 - f1 0.9537 
INFO:root:VALID measures for class 0 - precision 0.0000 - recall 0.0000 - f1 0.0000 
INFO:root:VALID measures for class 1 - precision 0.9537 - recall 1.0000 - f1 0.9763 
INFO:root:VALID measures@10 microavg - precision 0.9833 - recall 0.0497 - f1 0.0946 
INFO:root:VALID measures@10 for class 0 - precision 0.0000 - recall 0.0000 - f1 0.0000 
INFO:root:VALID measures@10 for class 1 - precision 0.9833 - recall 0.0521 - f1 0.0989 
INFO:root:VALID measures@100 microavg - precision 0.9817 - recall 0.4958 - f1 0.6588 
INFO:root:VALID measures@100 for class 0 - precision 0.0000 - recall 0.0000 - f1 0.0000 
INFO:root:VALID measures@100 for class 1 - precision 0.9817 - recall 0.5199 - f1 0.6797 
INFO:root:VALID measures@1000 microavg - precision 0.9537 - recall 0.9537 - f1 0.9537 
INFO:root:VALID measures@1000 for class 0 - precision 0.0000 - recall 0.0000 - f1 0.0000 
INFO:root:VALID measures@1000 for class 1 - precision 0.9537 - recall 1.0000 - f1 0.9763 
INFO:root:VALID Total epoch time: 0.11406952700008333
INFO:root:################ TEST epoch 103 ###################
INFO:root:TEST batch 1 / 7 - partial error 0.0455 - partial loss 0.2803 - partial MRR  0.0000 - partial MAP 0.9847
INFO:root:TEST batch 1 / 7 -  partial tp {0: tensor(0), 1: tensor(189)},fn {0: tensor(9), 1: tensor(0)},fp {0: tensor(0), 1: tensor(9)}
INFO:root:TEST batch 1 / 7 - measures partial microavg - precision 0.9545 - recall 0.9545 - f1 0.9545 
INFO:root:TEST batch 1 / 7 - measures partial for class 0 - precision 0.0000 - recall 0.0000 - f1 0.0000 
INFO:root:TEST batch 1 / 7 - measures partial for class 1 - precision 0.9545 - recall 1.0000 - f1 0.9767 
INFO:root:TEST batch 1 / 7 - Batch time 0 
INFO:root:TEST batch 2 / 7 - partial error 0.0581 - partial loss 0.3325 - partial MRR  0.0000 - partial MAP 0.9783
INFO:root:TEST batch 2 / 7 -  partial tp {0: tensor(0), 1: tensor(184)},fn {0: tensor(14), 1: tensor(0)},fp {0: tensor(0), 1: tensor(14)}
INFO:root:TEST batch 2 / 7 - measures partial microavg - precision 0.9293 - recall 0.9293 - f1 0.9293 
INFO:root:TEST batch 2 / 7 - measures partial for class 0 - precision 0.0000 - recall 0.0000 - f1 0.0000 
INFO:root:TEST batch 2 / 7 - measures partial for class 1 - precision 0.9293 - recall 1.0000 - f1 0.9634 
INFO:root:TEST batch 2 / 7 - Batch time 0 
INFO:root:TEST batch 3 / 7 - partial error 0.0556 - partial loss 0.3189 - partial MRR  0.0000 - partial MAP 0.9797
INFO:root:TEST batch 3 / 7 -  partial tp {0: tensor(0), 1: tensor(188)},fn {0: tensor(10), 1: tensor(0)},fp {0: tensor(0), 1: tensor(10)}
INFO:root:TEST batch 3 / 7 - measures partial microavg - precision 0.9495 - recall 0.9495 - f1 0.9495 
INFO:root:TEST batch 3 / 7 - measures partial for class 0 - precision 0.0000 - recall 0.0000 - f1 0.0000 
INFO:root:TEST batch 3 / 7 - measures partial for class 1 - precision 0.9495 - recall 1.0000 - f1 0.9741 
INFO:root:TEST batch 3 / 7 - Batch time 0 
INFO:root:TEST batch 4 / 7 - partial error 0.0568 - partial loss 0.3212 - partial MRR  0.0000 - partial MAP 0.9793
INFO:root:TEST batch 4 / 7 -  partial tp {0: tensor(0), 1: tensor(186)},fn {0: tensor(12), 1: tensor(0)},fp {0: tensor(0), 1: tensor(12)}
INFO:root:TEST batch 4 / 7 - measures partial microavg - precision 0.9394 - recall 0.9394 - f1 0.9394 
INFO:root:TEST batch 4 / 7 - measures partial for class 0 - precision 0.0000 - recall 0.0000 - f1 0.0000 
INFO:root:TEST batch 4 / 7 - measures partial for class 1 - precision 0.9394 - recall 1.0000 - f1 0.9688 
INFO:root:TEST batch 4 / 7 - Batch time 0 
INFO:root:TEST batch 5 / 7 - partial error 0.0606 - partial loss 0.3381 - partial MRR  0.0000 - partial MAP 0.9778
INFO:root:TEST batch 5 / 7 -  partial tp {0: tensor(0), 1: tensor(183)},fn {0: tensor(15), 1: tensor(0)},fp {0: tensor(0), 1: tensor(15)}
INFO:root:TEST batch 5 / 7 - measures partial microavg - precision 0.9242 - recall 0.9242 - f1 0.9242 
INFO:root:TEST batch 5 / 7 - measures partial for class 0 - precision 0.0000 - recall 0.0000 - f1 0.0000 
INFO:root:TEST batch 5 / 7 - measures partial for class 1 - precision 0.9242 - recall 1.0000 - f1 0.9606 
INFO:root:TEST batch 5 / 7 - Batch time 0 
INFO:root:TEST batch 6 / 7 - partial error 0.0581 - partial loss 0.3242 - partial MRR  0.0000 - partial MAP 0.9795
INFO:root:TEST batch 6 / 7 -  partial tp {0: tensor(0), 1: tensor(189)},fn {0: tensor(9), 1: tensor(0)},fp {0: tensor(0), 1: tensor(9)}
INFO:root:TEST batch 6 / 7 - measures partial microavg - precision 0.9545 - recall 0.9545 - f1 0.9545 
INFO:root:TEST batch 6 / 7 - measures partial for class 0 - precision 0.0000 - recall 0.0000 - f1 0.0000 
INFO:root:TEST batch 6 / 7 - measures partial for class 1 - precision 0.9545 - recall 1.0000 - f1 0.9767 
INFO:root:TEST batch 6 / 7 - Batch time 0 
INFO:root:TEST batch 7 / 7 - partial error 0.0620 - partial loss 0.3395 - partial MRR  0.0000 - partial MAP 0.9794
INFO:root:TEST batch 7 / 7 -  partial tp {0: tensor(0), 1: tensor(181)},fn {0: tensor(17), 1: tensor(0)},fp {0: tensor(0), 1: tensor(17)}
INFO:root:TEST batch 7 / 7 - measures partial microavg - precision 0.9141 - recall 0.9141 - f1 0.9141 
INFO:root:TEST batch 7 / 7 - measures partial for class 0 - precision 0.0000 - recall 0.0000 - f1 0.0000 
INFO:root:TEST batch 7 / 7 - measures partial for class 1 - precision 0.9141 - recall 1.0000 - f1 0.9551 
INFO:root:TEST batch 7 / 7 - Batch time 0 
INFO:root:TEST mean losses tensor(0.3395)
INFO:root:TEST mean errors 0.06204906105995178
INFO:root:TEST mean MRR 0.0 - mean MAP 0.9794462323188782
INFO:root:TEST tp {0: tensor(0), 1: tensor(1300)},fn {0: tensor(86), 1: tensor(0)},fp {0: tensor(0), 1: tensor(86)}
INFO:root:TEST measures microavg - precision 0.9380 - recall 0.9380 - f1 0.9380 
INFO:root:TEST measures for class 0 - precision 0.0000 - recall 0.0000 - f1 0.0000 
INFO:root:TEST measures for class 1 - precision 0.9380 - recall 1.0000 - f1 0.9680 
INFO:root:TEST measures@10 microavg - precision 0.9857 - recall 0.0498 - f1 0.0948 
INFO:root:TEST measures@10 for class 0 - precision 0.0000 - recall 0.0000 - f1 0.0000 
INFO:root:TEST measures@10 for class 1 - precision 0.9857 - recall 0.0531 - f1 0.1007 
INFO:root:TEST measures@100 microavg - precision 0.9700 - recall 0.4899 - f1 0.6510 
INFO:root:TEST measures@100 for class 0 - precision 0.0000 - recall 0.0000 - f1 0.0000 
INFO:root:TEST measures@100 for class 1 - precision 0.9700 - recall 0.5223 - f1 0.6790 
INFO:root:TEST measures@1000 microavg - precision 0.9380 - recall 0.9380 - f1 0.9380 
INFO:root:TEST measures@1000 for class 0 - precision 0.0000 - recall 0.0000 - f1 0.0000 
INFO:root:TEST measures@1000 for class 1 - precision 0.9380 - recall 1.0000 - f1 0.9680 
INFO:root:TEST Total epoch time: 0.13764129899982436
INFO:root:################ TRAIN epoch 104 ###################
INFO:root:TRAIN mean losses tensor(0.2845)
INFO:root:TRAIN mean errors 0.048821549862623215
INFO:root:TRAIN mean MRR 0.0 - mean MAP 0.9807471036911011
INFO:root:TRAIN tp {0: tensor(0), 1: tensor(5650)},fn {0: tensor(290), 1: tensor(0)},fp {0: tensor(0), 1: tensor(290)}
INFO:root:TRAIN measures microavg - precision 0.9512 - recall 0.9512 - f1 0.9512 
INFO:root:TRAIN measures for class 0 - precision 0.0000 - recall 0.0000 - f1 0.0000 
INFO:root:TRAIN measures for class 1 - precision 0.9512 - recall 1.0000 - f1 0.9750 
INFO:root:TRAIN measures@10 microavg - precision 0.9933 - recall 0.0502 - f1 0.0955 
INFO:root:TRAIN measures@10 for class 0 - precision 0.0000 - recall 0.0000 - f1 0.0000 
INFO:root:TRAIN measures@10 for class 1 - precision 0.9933 - recall 0.0527 - f1 0.1002 
INFO:root:TRAIN measures@100 microavg - precision 0.9737 - recall 0.4918 - f1 0.6535 
INFO:root:TRAIN measures@100 for class 0 - precision 0.0000 - recall 0.0000 - f1 0.0000 
INFO:root:TRAIN measures@100 for class 1 - precision 0.9737 - recall 0.5170 - f1 0.6754 
INFO:root:TRAIN measures@1000 microavg - precision 0.9512 - recall 0.9512 - f1 0.9512 
INFO:root:TRAIN measures@1000 for class 0 - precision 0.0000 - recall 0.0000 - f1 0.0000 
INFO:root:TRAIN measures@1000 for class 1 - precision 0.9512 - recall 1.0000 - f1 0.9750 
INFO:root:TRAIN Total epoch time: 0.9354903490002471
INFO:root:################ VALID epoch 104 ###################
INFO:root:VALID mean losses tensor(0.2598)
INFO:root:VALID mean errors 0.046296294778585434
INFO:root:VALID mean MRR 0.0 - mean MAP 0.9830330610275269
INFO:root:VALID tp {0: tensor(0), 1: tensor(1133)},fn {0: tensor(55), 1: tensor(0)},fp {0: tensor(0), 1: tensor(55)}
INFO:root:VALID measures microavg - precision 0.9537 - recall 0.9537 - f1 0.9537 
INFO:root:VALID measures for class 0 - precision 0.0000 - recall 0.0000 - f1 0.0000 
INFO:root:VALID measures for class 1 - precision 0.9537 - recall 1.0000 - f1 0.9763 
INFO:root:VALID measures@10 microavg - precision 0.9833 - recall 0.0497 - f1 0.0946 
INFO:root:VALID measures@10 for class 0 - precision 0.0000 - recall 0.0000 - f1 0.0000 
INFO:root:VALID measures@10 for class 1 - precision 0.9833 - recall 0.0521 - f1 0.0989 
INFO:root:VALID measures@100 microavg - precision 0.9867 - recall 0.4983 - f1 0.6622 
INFO:root:VALID measures@100 for class 0 - precision 0.0000 - recall 0.0000 - f1 0.0000 
INFO:root:VALID measures@100 for class 1 - precision 0.9867 - recall 0.5225 - f1 0.6832 
INFO:root:VALID measures@1000 microavg - precision 0.9537 - recall 0.9537 - f1 0.9537 
INFO:root:VALID measures@1000 for class 0 - precision 0.0000 - recall 0.0000 - f1 0.0000 
INFO:root:VALID measures@1000 for class 1 - precision 0.9537 - recall 1.0000 - f1 0.9763 
INFO:root:VALID Total epoch time: 0.10987050899984752
INFO:root:################ TEST epoch 104 ###################
INFO:root:TEST batch 1 / 7 - partial error 0.0455 - partial loss 0.2785 - partial MRR  0.0000 - partial MAP 0.9831
INFO:root:TEST batch 1 / 7 -  partial tp {0: tensor(0), 1: tensor(189)},fn {0: tensor(9), 1: tensor(0)},fp {0: tensor(0), 1: tensor(9)}
INFO:root:TEST batch 1 / 7 - measures partial microavg - precision 0.9545 - recall 0.9545 - f1 0.9545 
INFO:root:TEST batch 1 / 7 - measures partial for class 0 - precision 0.0000 - recall 0.0000 - f1 0.0000 
INFO:root:TEST batch 1 / 7 - measures partial for class 1 - precision 0.9545 - recall 1.0000 - f1 0.9767 
INFO:root:TEST batch 1 / 7 - Batch time 0 
INFO:root:TEST batch 2 / 7 - partial error 0.0581 - partial loss 0.3334 - partial MRR  0.0000 - partial MAP 0.9785
INFO:root:TEST batch 2 / 7 -  partial tp {0: tensor(0), 1: tensor(184)},fn {0: tensor(14), 1: tensor(0)},fp {0: tensor(0), 1: tensor(14)}
INFO:root:TEST batch 2 / 7 - measures partial microavg - precision 0.9293 - recall 0.9293 - f1 0.9293 
INFO:root:TEST batch 2 / 7 - measures partial for class 0 - precision 0.0000 - recall 0.0000 - f1 0.0000 
INFO:root:TEST batch 2 / 7 - measures partial for class 1 - precision 0.9293 - recall 1.0000 - f1 0.9634 
INFO:root:TEST batch 2 / 7 - Batch time 0 
INFO:root:TEST batch 3 / 7 - partial error 0.0556 - partial loss 0.3171 - partial MRR  0.0000 - partial MAP 0.9808
INFO:root:TEST batch 3 / 7 -  partial tp {0: tensor(0), 1: tensor(188)},fn {0: tensor(10), 1: tensor(0)},fp {0: tensor(0), 1: tensor(10)}
INFO:root:TEST batch 3 / 7 - measures partial microavg - precision 0.9495 - recall 0.9495 - f1 0.9495 
INFO:root:TEST batch 3 / 7 - measures partial for class 0 - precision 0.0000 - recall 0.0000 - f1 0.0000 
INFO:root:TEST batch 3 / 7 - measures partial for class 1 - precision 0.9495 - recall 1.0000 - f1 0.9741 
INFO:root:TEST batch 3 / 7 - Batch time 0 
INFO:root:TEST batch 4 / 7 - partial error 0.0568 - partial loss 0.3205 - partial MRR  0.0000 - partial MAP 0.9801
INFO:root:TEST batch 4 / 7 -  partial tp {0: tensor(0), 1: tensor(186)},fn {0: tensor(12), 1: tensor(0)},fp {0: tensor(0), 1: tensor(12)}
INFO:root:TEST batch 4 / 7 - measures partial microavg - precision 0.9394 - recall 0.9394 - f1 0.9394 
INFO:root:TEST batch 4 / 7 - measures partial for class 0 - precision 0.0000 - recall 0.0000 - f1 0.0000 
INFO:root:TEST batch 4 / 7 - measures partial for class 1 - precision 0.9394 - recall 1.0000 - f1 0.9688 
INFO:root:TEST batch 4 / 7 - Batch time 0 
INFO:root:TEST batch 5 / 7 - partial error 0.0606 - partial loss 0.3385 - partial MRR  0.0000 - partial MAP 0.9788
INFO:root:TEST batch 5 / 7 -  partial tp {0: tensor(0), 1: tensor(183)},fn {0: tensor(15), 1: tensor(0)},fp {0: tensor(0), 1: tensor(15)}
INFO:root:TEST batch 5 / 7 - measures partial microavg - precision 0.9242 - recall 0.9242 - f1 0.9242 
INFO:root:TEST batch 5 / 7 - measures partial for class 0 - precision 0.0000 - recall 0.0000 - f1 0.0000 
INFO:root:TEST batch 5 / 7 - measures partial for class 1 - precision 0.9242 - recall 1.0000 - f1 0.9606 
INFO:root:TEST batch 5 / 7 - Batch time 0 
INFO:root:TEST batch 6 / 7 - partial error 0.0581 - partial loss 0.3238 - partial MRR  0.0000 - partial MAP 0.9804
INFO:root:TEST batch 6 / 7 -  partial tp {0: tensor(0), 1: tensor(189)},fn {0: tensor(9), 1: tensor(0)},fp {0: tensor(0), 1: tensor(9)}
INFO:root:TEST batch 6 / 7 - measures partial microavg - precision 0.9545 - recall 0.9545 - f1 0.9545 
INFO:root:TEST batch 6 / 7 - measures partial for class 0 - precision 0.0000 - recall 0.0000 - f1 0.0000 
INFO:root:TEST batch 6 / 7 - measures partial for class 1 - precision 0.9545 - recall 1.0000 - f1 0.9767 
INFO:root:TEST batch 6 / 7 - Batch time 0 
INFO:root:TEST batch 7 / 7 - partial error 0.0620 - partial loss 0.3406 - partial MRR  0.0000 - partial MAP 0.9803
INFO:root:TEST batch 7 / 7 -  partial tp {0: tensor(0), 1: tensor(181)},fn {0: tensor(17), 1: tensor(0)},fp {0: tensor(0), 1: tensor(17)}
INFO:root:TEST batch 7 / 7 - measures partial microavg - precision 0.9141 - recall 0.9141 - f1 0.9141 
INFO:root:TEST batch 7 / 7 - measures partial for class 0 - precision 0.0000 - recall 0.0000 - f1 0.0000 
INFO:root:TEST batch 7 / 7 - measures partial for class 1 - precision 0.9141 - recall 1.0000 - f1 0.9551 
INFO:root:TEST batch 7 / 7 - Batch time 0 
INFO:root:TEST mean losses tensor(0.3406)
INFO:root:TEST mean errors 0.06204906105995178
INFO:root:TEST mean MRR 0.0 - mean MAP 0.9803312420845032
INFO:root:TEST tp {0: tensor(0), 1: tensor(1300)},fn {0: tensor(86), 1: tensor(0)},fp {0: tensor(0), 1: tensor(86)}
INFO:root:TEST measures microavg - precision 0.9380 - recall 0.9380 - f1 0.9380 
INFO:root:TEST measures for class 0 - precision 0.0000 - recall 0.0000 - f1 0.0000 
INFO:root:TEST measures for class 1 - precision 0.9380 - recall 1.0000 - f1 0.9680 
INFO:root:TEST measures@10 microavg - precision 1.0000 - recall 0.0505 - f1 0.0962 
INFO:root:TEST measures@10 for class 0 - precision 0.0000 - recall 0.0000 - f1 0.0000 
INFO:root:TEST measures@10 for class 1 - precision 1.0000 - recall 0.0538 - f1 0.1022 
INFO:root:TEST measures@100 microavg - precision 0.9757 - recall 0.4928 - f1 0.6548 
INFO:root:TEST measures@100 for class 0 - precision 0.0000 - recall 0.0000 - f1 0.0000 
INFO:root:TEST measures@100 for class 1 - precision 0.9757 - recall 0.5254 - f1 0.6830 
INFO:root:TEST measures@1000 microavg - precision 0.9380 - recall 0.9380 - f1 0.9380 
INFO:root:TEST measures@1000 for class 0 - precision 0.0000 - recall 0.0000 - f1 0.0000 
INFO:root:TEST measures@1000 for class 1 - precision 0.9380 - recall 1.0000 - f1 0.9680 
INFO:root:TEST Total epoch time: 0.1377381150000474
INFO:root:################ TRAIN epoch 105 ###################
INFO:root:TRAIN mean losses tensor(0.2816)
INFO:root:TRAIN mean errors 0.048821549862623215
INFO:root:TRAIN mean MRR 0.0 - mean MAP 0.9812261462211609
INFO:root:TRAIN tp {0: tensor(0), 1: tensor(5650)},fn {0: tensor(290), 1: tensor(0)},fp {0: tensor(0), 1: tensor(290)}
INFO:root:TRAIN measures microavg - precision 0.9512 - recall 0.9512 - f1 0.9512 
INFO:root:TRAIN measures for class 0 - precision 0.0000 - recall 0.0000 - f1 0.0000 
INFO:root:TRAIN measures for class 1 - precision 0.9512 - recall 1.0000 - f1 0.9750 
INFO:root:TRAIN measures@10 microavg - precision 0.9933 - recall 0.0502 - f1 0.0955 
INFO:root:TRAIN measures@10 for class 0 - precision 0.0000 - recall 0.0000 - f1 0.0000 
INFO:root:TRAIN measures@10 for class 1 - precision 0.9933 - recall 0.0527 - f1 0.1002 
INFO:root:TRAIN measures@100 microavg - precision 0.9737 - recall 0.4918 - f1 0.6535 
INFO:root:TRAIN measures@100 for class 0 - precision 0.0000 - recall 0.0000 - f1 0.0000 
INFO:root:TRAIN measures@100 for class 1 - precision 0.9737 - recall 0.5170 - f1 0.6754 
INFO:root:TRAIN measures@1000 microavg - precision 0.9512 - recall 0.9512 - f1 0.9512 
INFO:root:TRAIN measures@1000 for class 0 - precision 0.0000 - recall 0.0000 - f1 0.0000 
INFO:root:TRAIN measures@1000 for class 1 - precision 0.9512 - recall 1.0000 - f1 0.9750 
INFO:root:TRAIN Total epoch time: 0.8357577289998517
INFO:root:################ VALID epoch 105 ###################
INFO:root:VALID mean losses tensor(0.2639)
INFO:root:VALID mean errors 0.046296294778585434
INFO:root:VALID mean MRR 0.0 - mean MAP 0.980786144733429
INFO:root:VALID tp {0: tensor(0), 1: tensor(1133)},fn {0: tensor(55), 1: tensor(0)},fp {0: tensor(0), 1: tensor(55)}
INFO:root:VALID measures microavg - precision 0.9537 - recall 0.9537 - f1 0.9537 
INFO:root:VALID measures for class 0 - precision 0.0000 - recall 0.0000 - f1 0.0000 
INFO:root:VALID measures for class 1 - precision 0.9537 - recall 1.0000 - f1 0.9763 
INFO:root:VALID measures@10 microavg - precision 0.9833 - recall 0.0497 - f1 0.0946 
INFO:root:VALID measures@10 for class 0 - precision 0.0000 - recall 0.0000 - f1 0.0000 
INFO:root:VALID measures@10 for class 1 - precision 0.9833 - recall 0.0521 - f1 0.0989 
INFO:root:VALID measures@100 microavg - precision 0.9850 - recall 0.4975 - f1 0.6611 
INFO:root:VALID measures@100 for class 0 - precision 0.0000 - recall 0.0000 - f1 0.0000 
INFO:root:VALID measures@100 for class 1 - precision 0.9850 - recall 0.5216 - f1 0.6821 
INFO:root:VALID measures@1000 microavg - precision 0.9537 - recall 0.9537 - f1 0.9537 
INFO:root:VALID measures@1000 for class 0 - precision 0.0000 - recall 0.0000 - f1 0.0000 
INFO:root:VALID measures@1000 for class 1 - precision 0.9537 - recall 1.0000 - f1 0.9763 
INFO:root:VALID Total epoch time: 0.11811413200030074
INFO:root:################ TEST epoch 105 ###################
INFO:root:TEST batch 1 / 7 - partial error 0.0455 - partial loss 0.2781 - partial MRR  0.0000 - partial MAP 0.9860
INFO:root:TEST batch 1 / 7 -  partial tp {0: tensor(0), 1: tensor(189)},fn {0: tensor(9), 1: tensor(0)},fp {0: tensor(0), 1: tensor(9)}
INFO:root:TEST batch 1 / 7 - measures partial microavg - precision 0.9545 - recall 0.9545 - f1 0.9545 
INFO:root:TEST batch 1 / 7 - measures partial for class 0 - precision 0.0000 - recall 0.0000 - f1 0.0000 
INFO:root:TEST batch 1 / 7 - measures partial for class 1 - precision 0.9545 - recall 1.0000 - f1 0.9767 
INFO:root:TEST batch 1 / 7 - Batch time 0 
INFO:root:TEST batch 2 / 7 - partial error 0.0581 - partial loss 0.3283 - partial MRR  0.0000 - partial MAP 0.9815
INFO:root:TEST batch 2 / 7 -  partial tp {0: tensor(0), 1: tensor(184)},fn {0: tensor(14), 1: tensor(0)},fp {0: tensor(0), 1: tensor(14)}
INFO:root:TEST batch 2 / 7 - measures partial microavg - precision 0.9293 - recall 0.9293 - f1 0.9293 
INFO:root:TEST batch 2 / 7 - measures partial for class 0 - precision 0.0000 - recall 0.0000 - f1 0.0000 
INFO:root:TEST batch 2 / 7 - measures partial for class 1 - precision 0.9293 - recall 1.0000 - f1 0.9634 
INFO:root:TEST batch 2 / 7 - Batch time 0 
INFO:root:TEST batch 3 / 7 - partial error 0.0556 - partial loss 0.3140 - partial MRR  0.0000 - partial MAP 0.9830
INFO:root:TEST batch 3 / 7 -  partial tp {0: tensor(0), 1: tensor(188)},fn {0: tensor(10), 1: tensor(0)},fp {0: tensor(0), 1: tensor(10)}
INFO:root:TEST batch 3 / 7 - measures partial microavg - precision 0.9495 - recall 0.9495 - f1 0.9495 
INFO:root:TEST batch 3 / 7 - measures partial for class 0 - precision 0.0000 - recall 0.0000 - f1 0.0000 
INFO:root:TEST batch 3 / 7 - measures partial for class 1 - precision 0.9495 - recall 1.0000 - f1 0.9741 
INFO:root:TEST batch 3 / 7 - Batch time 0 
INFO:root:TEST batch 4 / 7 - partial error 0.0568 - partial loss 0.3180 - partial MRR  0.0000 - partial MAP 0.9818
INFO:root:TEST batch 4 / 7 -  partial tp {0: tensor(0), 1: tensor(186)},fn {0: tensor(12), 1: tensor(0)},fp {0: tensor(0), 1: tensor(12)}
INFO:root:TEST batch 4 / 7 - measures partial microavg - precision 0.9394 - recall 0.9394 - f1 0.9394 
INFO:root:TEST batch 4 / 7 - measures partial for class 0 - precision 0.0000 - recall 0.0000 - f1 0.0000 
INFO:root:TEST batch 4 / 7 - measures partial for class 1 - precision 0.9394 - recall 1.0000 - f1 0.9688 
INFO:root:TEST batch 4 / 7 - Batch time 0 
INFO:root:TEST batch 5 / 7 - partial error 0.0606 - partial loss 0.3378 - partial MRR  0.0000 - partial MAP 0.9796
INFO:root:TEST batch 5 / 7 -  partial tp {0: tensor(0), 1: tensor(183)},fn {0: tensor(15), 1: tensor(0)},fp {0: tensor(0), 1: tensor(15)}
INFO:root:TEST batch 5 / 7 - measures partial microavg - precision 0.9242 - recall 0.9242 - f1 0.9242 
INFO:root:TEST batch 5 / 7 - measures partial for class 0 - precision 0.0000 - recall 0.0000 - f1 0.0000 
INFO:root:TEST batch 5 / 7 - measures partial for class 1 - precision 0.9242 - recall 1.0000 - f1 0.9606 
INFO:root:TEST batch 5 / 7 - Batch time 0 
INFO:root:TEST batch 6 / 7 - partial error 0.0581 - partial loss 0.3226 - partial MRR  0.0000 - partial MAP 0.9815
INFO:root:TEST batch 6 / 7 -  partial tp {0: tensor(0), 1: tensor(189)},fn {0: tensor(9), 1: tensor(0)},fp {0: tensor(0), 1: tensor(9)}
INFO:root:TEST batch 6 / 7 - measures partial microavg - precision 0.9545 - recall 0.9545 - f1 0.9545 
INFO:root:TEST batch 6 / 7 - measures partial for class 0 - precision 0.0000 - recall 0.0000 - f1 0.0000 
INFO:root:TEST batch 6 / 7 - measures partial for class 1 - precision 0.9545 - recall 1.0000 - f1 0.9767 
INFO:root:TEST batch 6 / 7 - Batch time 0 
INFO:root:TEST batch 7 / 7 - partial error 0.0620 - partial loss 0.3384 - partial MRR  0.0000 - partial MAP 0.9814
INFO:root:TEST batch 7 / 7 -  partial tp {0: tensor(0), 1: tensor(181)},fn {0: tensor(17), 1: tensor(0)},fp {0: tensor(0), 1: tensor(17)}
INFO:root:TEST batch 7 / 7 - measures partial microavg - precision 0.9141 - recall 0.9141 - f1 0.9141 
INFO:root:TEST batch 7 / 7 - measures partial for class 0 - precision 0.0000 - recall 0.0000 - f1 0.0000 
INFO:root:TEST batch 7 / 7 - measures partial for class 1 - precision 0.9141 - recall 1.0000 - f1 0.9551 
INFO:root:TEST batch 7 / 7 - Batch time 0 
INFO:root:TEST mean losses tensor(0.3384)
INFO:root:TEST mean errors 0.06204906105995178
INFO:root:TEST mean MRR 0.0 - mean MAP 0.9813619256019592
INFO:root:TEST tp {0: tensor(0), 1: tensor(1300)},fn {0: tensor(86), 1: tensor(0)},fp {0: tensor(0), 1: tensor(86)}
INFO:root:TEST measures microavg - precision 0.9380 - recall 0.9380 - f1 0.9380 
INFO:root:TEST measures for class 0 - precision 0.0000 - recall 0.0000 - f1 0.0000 
INFO:root:TEST measures for class 1 - precision 0.9380 - recall 1.0000 - f1 0.9680 
INFO:root:TEST measures@10 microavg - precision 1.0000 - recall 0.0505 - f1 0.0962 
INFO:root:TEST measures@10 for class 0 - precision 0.0000 - recall 0.0000 - f1 0.0000 
INFO:root:TEST measures@10 for class 1 - precision 1.0000 - recall 0.0538 - f1 0.1022 
INFO:root:TEST measures@100 microavg - precision 0.9671 - recall 0.4885 - f1 0.6491 
INFO:root:TEST measures@100 for class 0 - precision 0.0000 - recall 0.0000 - f1 0.0000 
INFO:root:TEST measures@100 for class 1 - precision 0.9671 - recall 0.5208 - f1 0.6770 
INFO:root:TEST measures@1000 microavg - precision 0.9380 - recall 0.9380 - f1 0.9380 
INFO:root:TEST measures@1000 for class 0 - precision 0.0000 - recall 0.0000 - f1 0.0000 
INFO:root:TEST measures@1000 for class 1 - precision 0.9380 - recall 1.0000 - f1 0.9680 
INFO:root:TEST Total epoch time: 0.14745004299993525
INFO:root:################ TRAIN epoch 106 ###################
INFO:root:TRAIN mean losses tensor(0.2813)
INFO:root:TRAIN mean errors 0.048821549862623215
INFO:root:TRAIN mean MRR 0.0 - mean MAP 0.9814910292625427
INFO:root:TRAIN tp {0: tensor(0), 1: tensor(5650)},fn {0: tensor(290), 1: tensor(0)},fp {0: tensor(0), 1: tensor(290)}
INFO:root:TRAIN measures microavg - precision 0.9512 - recall 0.9512 - f1 0.9512 
INFO:root:TRAIN measures for class 0 - precision 0.0000 - recall 0.0000 - f1 0.0000 
INFO:root:TRAIN measures for class 1 - precision 0.9512 - recall 1.0000 - f1 0.9750 
INFO:root:TRAIN measures@10 microavg - precision 0.9933 - recall 0.0502 - f1 0.0955 
INFO:root:TRAIN measures@10 for class 0 - precision 0.0000 - recall 0.0000 - f1 0.0000 
INFO:root:TRAIN measures@10 for class 1 - precision 0.9933 - recall 0.0527 - f1 0.1002 
INFO:root:TRAIN measures@100 microavg - precision 0.9737 - recall 0.4918 - f1 0.6535 
INFO:root:TRAIN measures@100 for class 0 - precision 0.0000 - recall 0.0000 - f1 0.0000 
INFO:root:TRAIN measures@100 for class 1 - precision 0.9737 - recall 0.5170 - f1 0.6754 
INFO:root:TRAIN measures@1000 microavg - precision 0.9512 - recall 0.9512 - f1 0.9512 
INFO:root:TRAIN measures@1000 for class 0 - precision 0.0000 - recall 0.0000 - f1 0.0000 
INFO:root:TRAIN measures@1000 for class 1 - precision 0.9512 - recall 1.0000 - f1 0.9750 
INFO:root:TRAIN Total epoch time: 0.8985899979998067
INFO:root:################ VALID epoch 106 ###################
INFO:root:VALID mean losses tensor(0.2608)
INFO:root:VALID mean errors 0.046296294778585434
INFO:root:VALID mean MRR 0.0 - mean MAP 0.982387125492096
INFO:root:VALID tp {0: tensor(0), 1: tensor(1133)},fn {0: tensor(55), 1: tensor(0)},fp {0: tensor(0), 1: tensor(55)}
INFO:root:VALID measures microavg - precision 0.9537 - recall 0.9537 - f1 0.9537 
INFO:root:VALID measures for class 0 - precision 0.0000 - recall 0.0000 - f1 0.0000 
INFO:root:VALID measures for class 1 - precision 0.9537 - recall 1.0000 - f1 0.9763 
INFO:root:VALID measures@10 microavg - precision 0.9667 - recall 0.0488 - f1 0.0929 
INFO:root:VALID measures@10 for class 0 - precision 0.0000 - recall 0.0000 - f1 0.0000 
INFO:root:VALID measures@10 for class 1 - precision 0.9667 - recall 0.0512 - f1 0.0972 
INFO:root:VALID measures@100 microavg - precision 0.9850 - recall 0.4975 - f1 0.6611 
INFO:root:VALID measures@100 for class 0 - precision 0.0000 - recall 0.0000 - f1 0.0000 
INFO:root:VALID measures@100 for class 1 - precision 0.9850 - recall 0.5216 - f1 0.6821 
INFO:root:VALID measures@1000 microavg - precision 0.9537 - recall 0.9537 - f1 0.9537 
INFO:root:VALID measures@1000 for class 0 - precision 0.0000 - recall 0.0000 - f1 0.0000 
INFO:root:VALID measures@1000 for class 1 - precision 0.9537 - recall 1.0000 - f1 0.9763 
INFO:root:VALID Total epoch time: 0.11947296100015592
INFO:root:################ TEST epoch 106 ###################
INFO:root:TEST batch 1 / 7 - partial error 0.0455 - partial loss 0.2817 - partial MRR  0.0000 - partial MAP 0.9827
INFO:root:TEST batch 1 / 7 -  partial tp {0: tensor(0), 1: tensor(189)},fn {0: tensor(9), 1: tensor(0)},fp {0: tensor(0), 1: tensor(9)}
INFO:root:TEST batch 1 / 7 - measures partial microavg - precision 0.9545 - recall 0.9545 - f1 0.9545 
INFO:root:TEST batch 1 / 7 - measures partial for class 0 - precision 0.0000 - recall 0.0000 - f1 0.0000 
INFO:root:TEST batch 1 / 7 - measures partial for class 1 - precision 0.9545 - recall 1.0000 - f1 0.9767 
INFO:root:TEST batch 1 / 7 - Batch time 0 
INFO:root:TEST batch 2 / 7 - partial error 0.0581 - partial loss 0.3326 - partial MRR  0.0000 - partial MAP 0.9779
INFO:root:TEST batch 2 / 7 -  partial tp {0: tensor(0), 1: tensor(184)},fn {0: tensor(14), 1: tensor(0)},fp {0: tensor(0), 1: tensor(14)}
INFO:root:TEST batch 2 / 7 - measures partial microavg - precision 0.9293 - recall 0.9293 - f1 0.9293 
INFO:root:TEST batch 2 / 7 - measures partial for class 0 - precision 0.0000 - recall 0.0000 - f1 0.0000 
INFO:root:TEST batch 2 / 7 - measures partial for class 1 - precision 0.9293 - recall 1.0000 - f1 0.9634 
INFO:root:TEST batch 2 / 7 - Batch time 0 
INFO:root:TEST batch 3 / 7 - partial error 0.0556 - partial loss 0.3169 - partial MRR  0.0000 - partial MAP 0.9795
INFO:root:TEST batch 3 / 7 -  partial tp {0: tensor(0), 1: tensor(188)},fn {0: tensor(10), 1: tensor(0)},fp {0: tensor(0), 1: tensor(10)}
INFO:root:TEST batch 3 / 7 - measures partial microavg - precision 0.9495 - recall 0.9495 - f1 0.9495 
INFO:root:TEST batch 3 / 7 - measures partial for class 0 - precision 0.0000 - recall 0.0000 - f1 0.0000 
INFO:root:TEST batch 3 / 7 - measures partial for class 1 - precision 0.9495 - recall 1.0000 - f1 0.9741 
INFO:root:TEST batch 3 / 7 - Batch time 0 
INFO:root:TEST batch 4 / 7 - partial error 0.0568 - partial loss 0.3215 - partial MRR  0.0000 - partial MAP 0.9781
INFO:root:TEST batch 4 / 7 -  partial tp {0: tensor(0), 1: tensor(186)},fn {0: tensor(12), 1: tensor(0)},fp {0: tensor(0), 1: tensor(12)}
INFO:root:TEST batch 4 / 7 - measures partial microavg - precision 0.9394 - recall 0.9394 - f1 0.9394 
INFO:root:TEST batch 4 / 7 - measures partial for class 0 - precision 0.0000 - recall 0.0000 - f1 0.0000 
INFO:root:TEST batch 4 / 7 - measures partial for class 1 - precision 0.9394 - recall 1.0000 - f1 0.9688 
INFO:root:TEST batch 4 / 7 - Batch time 0 
INFO:root:TEST batch 5 / 7 - partial error 0.0606 - partial loss 0.3383 - partial MRR  0.0000 - partial MAP 0.9770
INFO:root:TEST batch 5 / 7 -  partial tp {0: tensor(0), 1: tensor(183)},fn {0: tensor(15), 1: tensor(0)},fp {0: tensor(0), 1: tensor(15)}
INFO:root:TEST batch 5 / 7 - measures partial microavg - precision 0.9242 - recall 0.9242 - f1 0.9242 
INFO:root:TEST batch 5 / 7 - measures partial for class 0 - precision 0.0000 - recall 0.0000 - f1 0.0000 
INFO:root:TEST batch 5 / 7 - measures partial for class 1 - precision 0.9242 - recall 1.0000 - f1 0.9606 
INFO:root:TEST batch 5 / 7 - Batch time 0 
INFO:root:TEST batch 6 / 7 - partial error 0.0581 - partial loss 0.3246 - partial MRR  0.0000 - partial MAP 0.9787
INFO:root:TEST batch 6 / 7 -  partial tp {0: tensor(0), 1: tensor(189)},fn {0: tensor(9), 1: tensor(0)},fp {0: tensor(0), 1: tensor(9)}
INFO:root:TEST batch 6 / 7 - measures partial microavg - precision 0.9545 - recall 0.9545 - f1 0.9545 
INFO:root:TEST batch 6 / 7 - measures partial for class 0 - precision 0.0000 - recall 0.0000 - f1 0.0000 
INFO:root:TEST batch 6 / 7 - measures partial for class 1 - precision 0.9545 - recall 1.0000 - f1 0.9767 
INFO:root:TEST batch 6 / 7 - Batch time 0 
INFO:root:TEST batch 7 / 7 - partial error 0.0620 - partial loss 0.3390 - partial MRR  0.0000 - partial MAP 0.9788
INFO:root:TEST batch 7 / 7 -  partial tp {0: tensor(0), 1: tensor(181)},fn {0: tensor(17), 1: tensor(0)},fp {0: tensor(0), 1: tensor(17)}
INFO:root:TEST batch 7 / 7 - measures partial microavg - precision 0.9141 - recall 0.9141 - f1 0.9141 
INFO:root:TEST batch 7 / 7 - measures partial for class 0 - precision 0.0000 - recall 0.0000 - f1 0.0000 
INFO:root:TEST batch 7 / 7 - measures partial for class 1 - precision 0.9141 - recall 1.0000 - f1 0.9551 
INFO:root:TEST batch 7 / 7 - Batch time 0 
INFO:root:TEST mean losses tensor(0.3390)
INFO:root:TEST mean errors 0.06204906105995178
INFO:root:TEST mean MRR 0.0 - mean MAP 0.9787785410881042
INFO:root:TEST tp {0: tensor(0), 1: tensor(1300)},fn {0: tensor(86), 1: tensor(0)},fp {0: tensor(0), 1: tensor(86)}
INFO:root:TEST measures microavg - precision 0.9380 - recall 0.9380 - f1 0.9380 
INFO:root:TEST measures for class 0 - precision 0.0000 - recall 0.0000 - f1 0.0000 
INFO:root:TEST measures for class 1 - precision 0.9380 - recall 1.0000 - f1 0.9680 
INFO:root:TEST measures@10 microavg - precision 1.0000 - recall 0.0505 - f1 0.0962 
INFO:root:TEST measures@10 for class 0 - precision 0.0000 - recall 0.0000 - f1 0.0000 
INFO:root:TEST measures@10 for class 1 - precision 1.0000 - recall 0.0538 - f1 0.1022 
INFO:root:TEST measures@100 microavg - precision 0.9671 - recall 0.4885 - f1 0.6491 
INFO:root:TEST measures@100 for class 0 - precision 0.0000 - recall 0.0000 - f1 0.0000 
INFO:root:TEST measures@100 for class 1 - precision 0.9671 - recall 0.5208 - f1 0.6770 
INFO:root:TEST measures@1000 microavg - precision 0.9380 - recall 0.9380 - f1 0.9380 
INFO:root:TEST measures@1000 for class 0 - precision 0.0000 - recall 0.0000 - f1 0.0000 
INFO:root:TEST measures@1000 for class 1 - precision 0.9380 - recall 1.0000 - f1 0.9680 
INFO:root:TEST Total epoch time: 0.14762697400010438
INFO:root:################ TRAIN epoch 107 ###################
INFO:root:TRAIN mean losses tensor(0.2834)
INFO:root:TRAIN mean errors 0.048821549862623215
INFO:root:TRAIN mean MRR 0.0 - mean MAP 0.9807558059692383
INFO:root:TRAIN tp {0: tensor(0), 1: tensor(5650)},fn {0: tensor(290), 1: tensor(0)},fp {0: tensor(0), 1: tensor(290)}
INFO:root:TRAIN measures microavg - precision 0.9512 - recall 0.9512 - f1 0.9512 
INFO:root:TRAIN measures for class 0 - precision 0.0000 - recall 0.0000 - f1 0.0000 
INFO:root:TRAIN measures for class 1 - precision 0.9512 - recall 1.0000 - f1 0.9750 
INFO:root:TRAIN measures@10 microavg - precision 0.9933 - recall 0.0502 - f1 0.0955 
INFO:root:TRAIN measures@10 for class 0 - precision 0.0000 - recall 0.0000 - f1 0.0000 
INFO:root:TRAIN measures@10 for class 1 - precision 0.9933 - recall 0.0527 - f1 0.1002 
INFO:root:TRAIN measures@100 microavg - precision 0.9747 - recall 0.4923 - f1 0.6541 
INFO:root:TRAIN measures@100 for class 0 - precision 0.0000 - recall 0.0000 - f1 0.0000 
INFO:root:TRAIN measures@100 for class 1 - precision 0.9747 - recall 0.5175 - f1 0.6761 
INFO:root:TRAIN measures@1000 microavg - precision 0.9512 - recall 0.9512 - f1 0.9512 
INFO:root:TRAIN measures@1000 for class 0 - precision 0.0000 - recall 0.0000 - f1 0.0000 
INFO:root:TRAIN measures@1000 for class 1 - precision 0.9512 - recall 1.0000 - f1 0.9750 
INFO:root:TRAIN Total epoch time: 0.9028465080000387
INFO:root:################ VALID epoch 107 ###################
INFO:root:VALID mean losses tensor(0.2592)
INFO:root:VALID mean errors 0.046296294778585434
INFO:root:VALID mean MRR 0.0 - mean MAP 0.9839369654655457
INFO:root:VALID tp {0: tensor(0), 1: tensor(1133)},fn {0: tensor(55), 1: tensor(0)},fp {0: tensor(0), 1: tensor(55)}
INFO:root:VALID measures microavg - precision 0.9537 - recall 0.9537 - f1 0.9537 
INFO:root:VALID measures for class 0 - precision 0.0000 - recall 0.0000 - f1 0.0000 
INFO:root:VALID measures for class 1 - precision 0.9537 - recall 1.0000 - f1 0.9763 
INFO:root:VALID measures@10 microavg - precision 1.0000 - recall 0.0505 - f1 0.0962 
INFO:root:VALID measures@10 for class 0 - precision 0.0000 - recall 0.0000 - f1 0.0000 
INFO:root:VALID measures@10 for class 1 - precision 1.0000 - recall 0.0530 - f1 0.1006 
INFO:root:VALID measures@100 microavg - precision 0.9817 - recall 0.4958 - f1 0.6588 
INFO:root:VALID measures@100 for class 0 - precision 0.0000 - recall 0.0000 - f1 0.0000 
INFO:root:VALID measures@100 for class 1 - precision 0.9817 - recall 0.5199 - f1 0.6797 
INFO:root:VALID measures@1000 microavg - precision 0.9537 - recall 0.9537 - f1 0.9537 
INFO:root:VALID measures@1000 for class 0 - precision 0.0000 - recall 0.0000 - f1 0.0000 
INFO:root:VALID measures@1000 for class 1 - precision 0.9537 - recall 1.0000 - f1 0.9763 
INFO:root:VALID Total epoch time: 0.1208684359999097
