INFO:root:*** PARAMETERS ***
INFO:root:{'adj_mat_time_window': 1,
 'adj_mat_time_window_max': 10,
 'adj_mat_time_window_min': 1,
 'class_weights': [1.0, 10.0],
 'comments': ['comments'],
 'data': 'sp',
 'data_loading_params': {'batch_size': 1, 'num_workers': 0},
 'dev_proportion': 0.125,
 'device': 'cpu',
 'early_stop_patience': 100,
 'eval_after_epochs': 5,
 'gcn_parameters': {'cls_feats': 306,
                    'cls_feats_max': 420,
                    'cls_feats_min': 60,
                    'feats_per_node': 30,
                    'feats_per_node_max': 187,
                    'feats_per_node_min': 18,
                    'k_top_grcu': 200,
                    'layer_1_feats': 46,
                    'layer_1_feats_max': 300,
                    'layer_1_feats_min': 18,
                    'layer_2_feats': 46,
                    'layer_2_feats_same_as_l1': True,
                    'lstm_l1_feats': 75,
                    'lstm_l1_feats_max': 300,
                    'lstm_l1_feats_min': 30,
                    'lstm_l1_layers': 1,
                    'lstm_l2_feats': 75,
                    'lstm_l2_feats_same_as_l1': True,
                    'lstm_l2_layers': 1,
                    'num_layers': 2},
 'learning_rate': 0.001,
 'learning_rate_max': 0.02,
 'learning_rate_min': 0.001,
 'model': 'egcn_h',
 'negative_mult_test': 100,
 'negative_mult_training': 20,
 'num_epochs': 2000,
 'num_hist_steps': 5,
 'num_hist_steps_max': 21,
 'num_hist_steps_min': 3,
 'rank': 0,
 'save_node_embeddings': False,
 'seed': 1234,
 'smart_neg_sampling': False,
 'sp_args': <utils.Namespace object at 0x7f3904bd79d0>,
 'steps_accum_gradients': 1,
 'target_class': 1,
 'target_measure': 'F1',
 'task': 'node_cls',
 'train_proportion': 0.75,
 'use_1_hot_node_feats': False,
 'use_2_hot_node_feats': False,
 'use_cuda': False,
 'use_logfile': True,
 'wsize': 1}
INFO:root:
INFO:root:################ TRAIN epoch 0 ###################
INFO:root:TRAIN mean losses tensor(2.7737)
INFO:root:TRAIN mean errors 0.6401913166046143
INFO:root:TRAIN mean MRR 0.0 - mean MAP 0.372479647397995
INFO:root:TRAIN tp {0: tensor(2658), 1: tensor(8853)},fn {0: tensor(19303), 1: tensor(1178)},fp {0: tensor(1178), 1: tensor(19303)}
INFO:root:TRAIN measures microavg - precision 0.3598 - recall 0.3598 - f1 0.3598 
INFO:root:TRAIN measures for class 0 - precision 0.6929 - recall 0.1210 - f1 0.2061 
INFO:root:TRAIN measures for class 1 - precision 0.3144 - recall 0.8826 - f1 0.4637 
INFO:root:TRAIN measures@10 microavg - precision 0.5145 - recall 0.0022 - f1 0.0044 
INFO:root:TRAIN measures@10 for class 0 - precision 0.7778 - recall 0.0006 - f1 0.0013 
INFO:root:TRAIN measures@10 for class 1 - precision 0.4750 - recall 0.0057 - f1 0.0112 
INFO:root:TRAIN measures@100 microavg - precision 0.4223 - recall 0.0178 - f1 0.0342 
INFO:root:TRAIN measures@100 for class 0 - precision 0.6776 - recall 0.0047 - f1 0.0093 
INFO:root:TRAIN measures@100 for class 1 - precision 0.3900 - recall 0.0467 - f1 0.0833 
INFO:root:TRAIN measures@1000 microavg - precision 0.4334 - recall 0.1954 - f1 0.2694 
INFO:root:TRAIN measures@1000 for class 0 - precision 0.7120 - recall 0.0786 - f1 0.1416 
INFO:root:TRAIN measures@1000 for class 1 - precision 0.3772 - recall 0.4512 - f1 0.4109 
INFO:root:TRAIN Total epoch time: 2.0448977510004624
INFO:root:################ TRAIN epoch 1 ###################
INFO:root:TRAIN mean losses tensor(2.1178)
INFO:root:TRAIN mean errors 0.6567579507827759
INFO:root:TRAIN mean MRR 0.0 - mean MAP 0.38687601685523987
INFO:root:TRAIN tp {0: tensor(1554), 1: tensor(9427)},fn {0: tensor(20407), 1: tensor(604)},fp {0: tensor(604), 1: tensor(20407)}
INFO:root:TRAIN measures microavg - precision 0.3432 - recall 0.3432 - f1 0.3432 
INFO:root:TRAIN measures for class 0 - precision 0.7201 - recall 0.0708 - f1 0.1289 
INFO:root:TRAIN measures for class 1 - precision 0.3160 - recall 0.9398 - f1 0.4729 
INFO:root:TRAIN measures@10 microavg - precision 0.4545 - recall 0.0017 - f1 0.0034 
INFO:root:TRAIN measures@10 for class 0 - precision 1.0000 - recall 0.0000 - f1 0.0001 
INFO:root:TRAIN measures@10 for class 1 - precision 0.4500 - recall 0.0054 - f1 0.0106 
INFO:root:TRAIN measures@100 microavg - precision 0.4427 - recall 0.0173 - f1 0.0332 
INFO:root:TRAIN measures@100 for class 0 - precision 0.7234 - recall 0.0015 - f1 0.0031 
INFO:root:TRAIN measures@100 for class 1 - precision 0.4317 - recall 0.0516 - f1 0.0922 
INFO:root:TRAIN measures@1000 microavg - precision 0.4384 - recall 0.1819 - f1 0.2571 
INFO:root:TRAIN measures@1000 for class 0 - precision 0.7876 - recall 0.0458 - f1 0.0865 
INFO:root:TRAIN measures@1000 for class 1 - precision 0.4012 - recall 0.4800 - f1 0.4371 
INFO:root:TRAIN Total epoch time: 1.8254187239999737
INFO:root:################ TRAIN epoch 2 ###################
INFO:root:TRAIN mean losses tensor(2.1161)
INFO:root:TRAIN mean errors 0.6847649216651917
INFO:root:TRAIN mean MRR 0.0 - mean MAP 0.40016111731529236
INFO:root:TRAIN tp {0: tensor(204), 1: tensor(9881)},fn {0: tensor(21757), 1: tensor(150)},fp {0: tensor(150), 1: tensor(21757)}
INFO:root:TRAIN measures microavg - precision 0.3152 - recall 0.3152 - f1 0.3152 
INFO:root:TRAIN measures for class 0 - precision 0.5763 - recall 0.0093 - f1 0.0183 
INFO:root:TRAIN measures for class 1 - precision 0.3123 - recall 0.9850 - f1 0.4743 
INFO:root:TRAIN measures@10 microavg - precision 0.5308 - recall 0.0022 - f1 0.0043 
INFO:root:TRAIN measures@10 for class 0 - precision 0.4000 - recall 0.0002 - f1 0.0004 
INFO:root:TRAIN measures@10 for class 1 - precision 0.5417 - recall 0.0065 - f1 0.0128 
INFO:root:TRAIN measures@100 microavg - precision 0.4795 - recall 0.0190 - f1 0.0366 
INFO:root:TRAIN measures@100 for class 0 - precision 0.6000 - recall 0.0019 - f1 0.0038 
INFO:root:TRAIN measures@100 for class 1 - precision 0.4725 - recall 0.0565 - f1 0.1010 
INFO:root:TRAIN measures@1000 microavg - precision 0.4088 - recall 0.1578 - f1 0.2277 
INFO:root:TRAIN measures@1000 for class 0 - precision 0.6340 - recall 0.0100 - f1 0.0197 
INFO:root:TRAIN measures@1000 for class 1 - precision 0.4023 - recall 0.4813 - f1 0.4383 
INFO:root:TRAIN Total epoch time: 2.2070358010005293
INFO:root:################ TRAIN epoch 3 ###################
INFO:root:TRAIN mean losses tensor(1.9116)
INFO:root:TRAIN mean errors 0.680388867855072
INFO:root:TRAIN mean MRR 0.0 - mean MAP 0.4050259292125702
INFO:root:TRAIN tp {0: tensor(261), 1: tensor(9964)},fn {0: tensor(21700), 1: tensor(67)},fp {0: tensor(67), 1: tensor(21700)}
INFO:root:TRAIN measures microavg - precision 0.3196 - recall 0.3196 - f1 0.3196 
INFO:root:TRAIN measures for class 0 - precision 0.7957 - recall 0.0119 - f1 0.0234 
INFO:root:TRAIN measures for class 1 - precision 0.3147 - recall 0.9933 - f1 0.4779 
INFO:root:TRAIN measures@10 microavg - precision 0.4959 - recall 0.0019 - f1 0.0037 
INFO:root:TRAIN measures@10 for class 0 - precision 1.0000 - recall 0.0000 - f1 0.0001 
INFO:root:TRAIN measures@10 for class 1 - precision 0.4917 - recall 0.0059 - f1 0.0116 
INFO:root:TRAIN measures@100 microavg - precision 0.4364 - recall 0.0167 - f1 0.0322 
INFO:root:TRAIN measures@100 for class 0 - precision 0.6923 - recall 0.0008 - f1 0.0016 
INFO:root:TRAIN measures@100 for class 1 - precision 0.4308 - recall 0.0515 - f1 0.0921 
INFO:root:TRAIN measures@1000 microavg - precision 0.4227 - recall 0.1642 - f1 0.2365 
INFO:root:TRAIN measures@1000 for class 0 - precision 0.8231 - recall 0.0159 - f1 0.0312 
INFO:root:TRAIN measures@1000 for class 1 - precision 0.4086 - recall 0.4888 - f1 0.4451 
INFO:root:TRAIN Total epoch time: 1.343466631999945
INFO:root:################ TRAIN epoch 4 ###################
INFO:root:TRAIN mean losses tensor(1.9074)
INFO:root:TRAIN mean errors 0.6851400136947632
INFO:root:TRAIN mean MRR 0.0 - mean MAP 0.4043363034725189
INFO:root:TRAIN tp {0: tensor(58), 1: tensor(10015)},fn {0: tensor(21903), 1: tensor(16)},fp {0: tensor(16), 1: tensor(21903)}
INFO:root:TRAIN measures microavg - precision 0.3149 - recall 0.3149 - f1 0.3149 
INFO:root:TRAIN measures for class 0 - precision 0.7838 - recall 0.0026 - f1 0.0053 
INFO:root:TRAIN measures for class 1 - precision 0.3138 - recall 0.9984 - f1 0.4775 
INFO:root:TRAIN measures@10 microavg - precision 0.5124 - recall 0.0019 - f1 0.0039 
INFO:root:TRAIN measures@10 for class 0 - precision 1.0000 - recall 0.0000 - f1 0.0001 
INFO:root:TRAIN measures@10 for class 1 - precision 0.5083 - recall 0.0061 - f1 0.0120 
INFO:root:TRAIN measures@100 microavg - precision 0.4456 - recall 0.0170 - f1 0.0328 
INFO:root:TRAIN measures@100 for class 0 - precision 0.8696 - recall 0.0009 - f1 0.0018 
INFO:root:TRAIN measures@100 for class 1 - precision 0.4375 - recall 0.0523 - f1 0.0935 
INFO:root:TRAIN measures@1000 microavg - precision 0.4176 - recall 0.1581 - f1 0.2294 
INFO:root:TRAIN measures@1000 for class 0 - precision 0.8319 - recall 0.0043 - f1 0.0085 
INFO:root:TRAIN measures@1000 for class 1 - precision 0.4137 - recall 0.4949 - f1 0.4506 
INFO:root:TRAIN Total epoch time: 1.213891032999527
INFO:root:################ TRAIN epoch 5 ###################
INFO:root:TRAIN mean losses tensor(1.9124)
INFO:root:TRAIN mean errors 0.6842648386955261
INFO:root:TRAIN mean MRR 0.0 - mean MAP 0.40579015016555786
INFO:root:TRAIN tp {0: tensor(82), 1: tensor(10019)},fn {0: tensor(21879), 1: tensor(12)},fp {0: tensor(12), 1: tensor(21879)}
INFO:root:TRAIN measures microavg - precision 0.3157 - recall 0.3157 - f1 0.3157 
INFO:root:TRAIN measures for class 0 - precision 0.8723 - recall 0.0037 - f1 0.0074 
INFO:root:TRAIN measures for class 1 - precision 0.3141 - recall 0.9988 - f1 0.4779 
INFO:root:TRAIN measures@10 microavg - precision 0.5083 - recall 0.0019 - f1 0.0038 
INFO:root:TRAIN measures@10 for class 0 - precision 0.0000 - recall 0.0000 - f1 0.0000 
INFO:root:TRAIN measures@10 for class 1 - precision 0.5083 - recall 0.0061 - f1 0.0120 
INFO:root:TRAIN measures@100 microavg - precision 0.4453 - recall 0.0168 - f1 0.0324 
INFO:root:TRAIN measures@100 for class 0 - precision 0.8333 - recall 0.0002 - f1 0.0005 
INFO:root:TRAIN measures@100 for class 1 - precision 0.4433 - recall 0.0530 - f1 0.0947 
INFO:root:TRAIN measures@1000 microavg - precision 0.4159 - recall 0.1567 - f1 0.2276 
INFO:root:TRAIN measures@1000 for class 0 - precision 0.8654 - recall 0.0020 - f1 0.0041 
INFO:root:TRAIN measures@1000 for class 1 - precision 0.4139 - recall 0.4952 - f1 0.4509 
INFO:root:TRAIN Total epoch time: 1.3921708739999303
INFO:root:################ TRAIN epoch 6 ###################
INFO:root:TRAIN mean losses tensor(1.8673)
INFO:root:TRAIN mean errors 0.6859214901924133
INFO:root:TRAIN mean MRR 0.0 - mean MAP 0.40380537509918213
INFO:root:TRAIN tp {0: tensor(24), 1: tensor(10024)},fn {0: tensor(21937), 1: tensor(7)},fp {0: tensor(7), 1: tensor(21937)}
INFO:root:TRAIN measures microavg - precision 0.3141 - recall 0.3141 - f1 0.3141 
INFO:root:TRAIN measures for class 0 - precision 0.7742 - recall 0.0011 - f1 0.0022 
INFO:root:TRAIN measures for class 1 - precision 0.3136 - recall 0.9993 - f1 0.4774 
INFO:root:TRAIN measures@10 microavg - precision 0.4729 - recall 0.0019 - f1 0.0038 
INFO:root:TRAIN measures@10 for class 0 - precision 0.5556 - recall 0.0002 - f1 0.0005 
INFO:root:TRAIN measures@10 for class 1 - precision 0.4667 - recall 0.0056 - f1 0.0110 
INFO:root:TRAIN measures@100 microavg - precision 0.4713 - recall 0.0180 - f1 0.0346 
INFO:root:TRAIN measures@100 for class 0 - precision 0.7500 - recall 0.0007 - f1 0.0014 
INFO:root:TRAIN measures@100 for class 1 - precision 0.4667 - recall 0.0558 - f1 0.0997 
INFO:root:TRAIN measures@1000 microavg - precision 0.4057 - recall 0.1539 - f1 0.2232 
INFO:root:TRAIN measures@1000 for class 0 - precision 0.8865 - recall 0.0057 - f1 0.0113 
INFO:root:TRAIN measures@1000 for class 1 - precision 0.4000 - recall 0.4785 - f1 0.4357 
INFO:root:TRAIN Total epoch time: 1.2765627609996955
INFO:root:################ VALID epoch 6 ###################
INFO:root:VALID mean losses tensor(1.8304)
INFO:root:VALID mean errors 0.6971743106842041
INFO:root:VALID mean MRR 0.0 - mean MAP 0.37250572443008423
INFO:root:VALID tp {0: tensor(10), 1: tensor(2412)},fn {0: tensor(5573), 1: tensor(3)},fp {0: tensor(3), 1: tensor(5573)}
INFO:root:VALID measures microavg - precision 0.3028 - recall 0.3028 - f1 0.3028 
INFO:root:VALID measures for class 0 - precision 0.7692 - recall 0.0018 - f1 0.0036 
INFO:root:VALID measures for class 1 - precision 0.3021 - recall 0.9988 - f1 0.4638 
INFO:root:VALID measures@10 microavg - precision 0.3667 - recall 0.0014 - f1 0.0027 
INFO:root:VALID measures@10 for class 0 - precision 0.0000 - recall 0.0000 - f1 0.0000 
INFO:root:VALID measures@10 for class 1 - precision 0.3667 - recall 0.0046 - f1 0.0090 
INFO:root:VALID measures@100 microavg - precision 0.4333 - recall 0.0163 - f1 0.0313 
INFO:root:VALID measures@100 for class 0 - precision 0.0000 - recall 0.0000 - f1 0.0000 
INFO:root:VALID measures@100 for class 1 - precision 0.4333 - recall 0.0538 - f1 0.0958 
INFO:root:VALID measures@1000 microavg - precision 0.3769 - recall 0.1418 - f1 0.2061 
INFO:root:VALID measures@1000 for class 0 - precision 0.5556 - recall 0.0009 - f1 0.0018 
INFO:root:VALID measures@1000 for class 1 - precision 0.3763 - recall 0.4675 - f1 0.4170 
INFO:root:VALID Total epoch time: 0.2302912129998731
INFO:root:################ TEST epoch 6 ###################
INFO:root:TEST batch 1 / 4 - partial error 0.7067 - partial loss 1.8311 - partial MRR  0.0000 - partial MAP 0.3724
INFO:root:TEST batch 1 / 4 -  partial tp {0: tensor(4), 1: tensor(778)},fn {0: tensor(1883), 1: tensor(1)},fp {0: tensor(1), 1: tensor(1883)}
INFO:root:TEST batch 1 / 4 - measures partial microavg - precision 0.2933 - recall 0.2933 - f1 0.2933 
INFO:root:TEST batch 1 / 4 - measures partial for class 0 - precision 0.8000 - recall 0.0021 - f1 0.0042 
INFO:root:TEST batch 1 / 4 - measures partial for class 1 - precision 0.2924 - recall 0.9987 - f1 0.4523 
INFO:root:TEST batch 1 / 4 - Batch time 0 
INFO:root:TEST batch 2 / 4 - partial error 0.7031 - partial loss 1.8259 - partial MRR  0.0000 - partial MAP 0.3751
INFO:root:TEST batch 2 / 4 -  partial tp {0: tensor(0), 1: tensor(801)},fn {0: tensor(1865), 1: tensor(0)},fp {0: tensor(0), 1: tensor(1865)}
INFO:root:TEST batch 2 / 4 - measures partial microavg - precision 0.3005 - recall 0.3005 - f1 0.3005 
INFO:root:TEST batch 2 / 4 - measures partial for class 0 - precision 0.0000 - recall 0.0000 - f1 0.0000 
INFO:root:TEST batch 2 / 4 - measures partial for class 1 - precision 0.3005 - recall 1.0000 - f1 0.4621 
INFO:root:TEST batch 2 / 4 - Batch time 0 
INFO:root:TEST batch 3 / 4 - partial error 0.7027 - partial loss 1.8317 - partial MRR  0.0000 - partial MAP 0.3706
INFO:root:TEST batch 3 / 4 -  partial tp {0: tensor(0), 1: tensor(795)},fn {0: tensor(1871), 1: tensor(0)},fp {0: tensor(0), 1: tensor(1871)}
INFO:root:TEST batch 3 / 4 - measures partial microavg - precision 0.2982 - recall 0.2982 - f1 0.2982 
INFO:root:TEST batch 3 / 4 - measures partial for class 0 - precision 0.0000 - recall 0.0000 - f1 0.0000 
INFO:root:TEST batch 3 / 4 - measures partial for class 1 - precision 0.2982 - recall 1.0000 - f1 0.4594 
INFO:root:TEST batch 3 / 4 - Batch time 0 
INFO:root:TEST batch 4 / 4 - partial error 0.7006 - partial loss 1.8302 - partial MRR  0.0000 - partial MAP 0.3716
INFO:root:TEST batch 4 / 4 -  partial tp {0: tensor(3), 1: tensor(812)},fn {0: tensor(1850), 1: tensor(1)},fp {0: tensor(1), 1: tensor(1850)}
INFO:root:TEST batch 4 / 4 - measures partial microavg - precision 0.3057 - recall 0.3057 - f1 0.3057 
INFO:root:TEST batch 4 / 4 - measures partial for class 0 - precision 0.7500 - recall 0.0016 - f1 0.0032 
INFO:root:TEST batch 4 / 4 - measures partial for class 1 - precision 0.3050 - recall 0.9988 - f1 0.4673 
INFO:root:TEST batch 4 / 4 - Batch time 0 
INFO:root:TEST mean losses tensor(1.8302)
INFO:root:TEST mean errors 0.7005813717842102
INFO:root:TEST mean MRR 0.0 - mean MAP 0.3715587854385376
INFO:root:TEST tp {0: tensor(7), 1: tensor(3186)},fn {0: tensor(7469), 1: tensor(2)},fp {0: tensor(2), 1: tensor(7469)}
INFO:root:TEST measures microavg - precision 0.2994 - recall 0.2994 - f1 0.2994 
INFO:root:TEST measures for class 0 - precision 0.7778 - recall 0.0009 - f1 0.0019 
INFO:root:TEST measures for class 1 - precision 0.2990 - recall 0.9994 - f1 0.4603 
INFO:root:TEST measures@10 microavg - precision 0.4250 - recall 0.0016 - f1 0.0032 
INFO:root:TEST measures@10 for class 0 - precision 0.0000 - recall 0.0000 - f1 0.0000 
INFO:root:TEST measures@10 for class 1 - precision 0.4250 - recall 0.0053 - f1 0.0105 
INFO:root:TEST measures@100 microavg - precision 0.4475 - recall 0.0168 - f1 0.0324 
INFO:root:TEST measures@100 for class 0 - precision 0.0000 - recall 0.0000 - f1 0.0000 
INFO:root:TEST measures@100 for class 1 - precision 0.4475 - recall 0.0561 - f1 0.0998 
INFO:root:TEST measures@1000 microavg - precision 0.3707 - recall 0.1393 - f1 0.2025 
INFO:root:TEST measures@1000 for class 0 - precision 0.7778 - recall 0.0009 - f1 0.0019 
INFO:root:TEST measures@1000 for class 1 - precision 0.3698 - recall 0.4639 - f1 0.4115 
INFO:root:TEST Total epoch time: 0.37846349900064524
INFO:root:################ TRAIN epoch 7 ###################
INFO:root:TRAIN mean losses tensor(1.8455)
INFO:root:TRAIN mean errors 0.6861090064048767
INFO:root:TRAIN mean MRR 0.0 - mean MAP 0.4024178087711334
INFO:root:TRAIN tp {0: tensor(24), 1: tensor(10018)},fn {0: tensor(21937), 1: tensor(13)},fp {0: tensor(13), 1: tensor(21937)}
INFO:root:TRAIN measures microavg - precision 0.3139 - recall 0.3139 - f1 0.3139 
INFO:root:TRAIN measures for class 0 - precision 0.6486 - recall 0.0011 - f1 0.0022 
INFO:root:TRAIN measures for class 1 - precision 0.3135 - recall 0.9987 - f1 0.4772 
INFO:root:TRAIN measures@10 microavg - precision 0.5000 - recall 0.0019 - f1 0.0037 
INFO:root:TRAIN measures@10 for class 0 - precision 0.0000 - recall 0.0000 - f1 0.0000 
INFO:root:TRAIN measures@10 for class 1 - precision 0.5000 - recall 0.0060 - f1 0.0118 
INFO:root:TRAIN measures@100 microavg - precision 0.4725 - recall 0.0177 - f1 0.0342 
INFO:root:TRAIN measures@100 for class 0 - precision 0.0000 - recall 0.0000 - f1 0.0000 
INFO:root:TRAIN measures@100 for class 1 - precision 0.4725 - recall 0.0565 - f1 0.1010 
INFO:root:TRAIN measures@1000 microavg - precision 0.4031 - recall 0.1515 - f1 0.2202 
INFO:root:TRAIN measures@1000 for class 0 - precision 0.7727 - recall 0.0008 - f1 0.0015 
INFO:root:TRAIN measures@1000 for class 1 - precision 0.4024 - recall 0.4814 - f1 0.4384 
INFO:root:TRAIN Total epoch time: 1.7597401240000181
INFO:root:################ VALID epoch 7 ###################
INFO:root:VALID mean losses tensor(1.8329)
INFO:root:VALID mean errors 0.6980494856834412
INFO:root:VALID mean MRR 0.0 - mean MAP 0.3785396218299866
INFO:root:VALID tp {0: tensor(0), 1: tensor(2415)},fn {0: tensor(5583), 1: tensor(0)},fp {0: tensor(0), 1: tensor(5583)}
INFO:root:VALID measures microavg - precision 0.3020 - recall 0.3020 - f1 0.3020 
INFO:root:VALID measures for class 0 - precision 0.0000 - recall 0.0000 - f1 0.0000 
INFO:root:VALID measures for class 1 - precision 0.3020 - recall 1.0000 - f1 0.4638 
INFO:root:VALID measures@10 microavg - precision 0.4667 - recall 0.0018 - f1 0.0035 
INFO:root:VALID measures@10 for class 0 - precision 0.0000 - recall 0.0000 - f1 0.0000 
INFO:root:VALID measures@10 for class 1 - precision 0.4667 - recall 0.0058 - f1 0.0115 
INFO:root:VALID measures@100 microavg - precision 0.4300 - recall 0.0161 - f1 0.0311 
INFO:root:VALID measures@100 for class 0 - precision 0.0000 - recall 0.0000 - f1 0.0000 
INFO:root:VALID measures@100 for class 1 - precision 0.4300 - recall 0.0534 - f1 0.0950 
INFO:root:VALID measures@1000 microavg - precision 0.3873 - recall 0.1453 - f1 0.2113 
INFO:root:VALID measures@1000 for class 0 - precision 0.0000 - recall 0.0000 - f1 0.0000 
INFO:root:VALID measures@1000 for class 1 - precision 0.3873 - recall 0.4812 - f1 0.4292 
INFO:root:VALID Total epoch time: 0.22170957700018334
INFO:root:################ TRAIN epoch 8 ###################
INFO:root:TRAIN mean losses tensor(1.8197)
INFO:root:TRAIN mean errors 0.6863591074943542
INFO:root:TRAIN mean MRR 0.0 - mean MAP 0.406659334897995
INFO:root:TRAIN tp {0: tensor(6), 1: tensor(10028)},fn {0: tensor(21955), 1: tensor(3)},fp {0: tensor(3), 1: tensor(21955)}
INFO:root:TRAIN measures microavg - precision 0.3136 - recall 0.3136 - f1 0.3136 
INFO:root:TRAIN measures for class 0 - precision 0.6667 - recall 0.0003 - f1 0.0005 
INFO:root:TRAIN measures for class 1 - precision 0.3135 - recall 0.9997 - f1 0.4774 
INFO:root:TRAIN measures@10 microavg - precision 0.5167 - recall 0.0019 - f1 0.0039 
INFO:root:TRAIN measures@10 for class 0 - precision 0.0000 - recall 0.0000 - f1 0.0000 
INFO:root:TRAIN measures@10 for class 1 - precision 0.5167 - recall 0.0062 - f1 0.0122 
INFO:root:TRAIN measures@100 microavg - precision 0.4817 - recall 0.0181 - f1 0.0348 
INFO:root:TRAIN measures@100 for class 0 - precision 0.0000 - recall 0.0000 - f1 0.0000 
INFO:root:TRAIN measures@100 for class 1 - precision 0.4817 - recall 0.0576 - f1 0.1029 
INFO:root:TRAIN measures@1000 microavg - precision 0.4081 - recall 0.1531 - f1 0.2227 
INFO:root:TRAIN measures@1000 for class 0 - precision 1.0000 - recall 0.0000 - f1 0.0001 
INFO:root:TRAIN measures@1000 for class 1 - precision 0.4081 - recall 0.4882 - f1 0.4446 
INFO:root:TRAIN Total epoch time: 1.2554245219998847
INFO:root:################ VALID epoch 8 ###################
INFO:root:VALID mean losses tensor(1.8071)
INFO:root:VALID mean errors 0.6980494856834412
INFO:root:VALID mean MRR 0.0 - mean MAP 0.3786551356315613
INFO:root:VALID tp {0: tensor(0), 1: tensor(2415)},fn {0: tensor(5583), 1: tensor(0)},fp {0: tensor(0), 1: tensor(5583)}
INFO:root:VALID measures microavg - precision 0.3020 - recall 0.3020 - f1 0.3020 
INFO:root:VALID measures for class 0 - precision 0.0000 - recall 0.0000 - f1 0.0000 
INFO:root:VALID measures for class 1 - precision 0.3020 - recall 1.0000 - f1 0.4638 
INFO:root:VALID measures@10 microavg - precision 0.4333 - recall 0.0016 - f1 0.0032 
INFO:root:VALID measures@10 for class 0 - precision 0.0000 - recall 0.0000 - f1 0.0000 
INFO:root:VALID measures@10 for class 1 - precision 0.4333 - recall 0.0054 - f1 0.0106 
INFO:root:VALID measures@100 microavg - precision 0.4467 - recall 0.0168 - f1 0.0323 
INFO:root:VALID measures@100 for class 0 - precision 0.0000 - recall 0.0000 - f1 0.0000 
INFO:root:VALID measures@100 for class 1 - precision 0.4467 - recall 0.0555 - f1 0.0987 
INFO:root:VALID measures@1000 microavg - precision 0.3857 - recall 0.1447 - f1 0.2104 
INFO:root:VALID measures@1000 for class 0 - precision 0.0000 - recall 0.0000 - f1 0.0000 
INFO:root:VALID measures@1000 for class 1 - precision 0.3857 - recall 0.4791 - f1 0.4273 
INFO:root:VALID Total epoch time: 0.22350645099959365
INFO:root:################ TRAIN epoch 9 ###################
INFO:root:TRAIN mean losses tensor(1.8162)
INFO:root:TRAIN mean errors 0.6861090064048767
INFO:root:TRAIN mean MRR 0.0 - mean MAP 0.40639016032218933
INFO:root:TRAIN tp {0: tensor(14), 1: tensor(10028)},fn {0: tensor(21947), 1: tensor(3)},fp {0: tensor(3), 1: tensor(21947)}
INFO:root:TRAIN measures microavg - precision 0.3139 - recall 0.3139 - f1 0.3139 
INFO:root:TRAIN measures for class 0 - precision 0.8235 - recall 0.0006 - f1 0.0013 
INFO:root:TRAIN measures for class 1 - precision 0.3136 - recall 0.9997 - f1 0.4775 
INFO:root:TRAIN measures@10 microavg - precision 0.6000 - recall 0.0023 - f1 0.0045 
INFO:root:TRAIN measures@10 for class 0 - precision 0.0000 - recall 0.0000 - f1 0.0000 
INFO:root:TRAIN measures@10 for class 1 - precision 0.6000 - recall 0.0072 - f1 0.0142 
INFO:root:TRAIN measures@100 microavg - precision 0.4725 - recall 0.0177 - f1 0.0342 
INFO:root:TRAIN measures@100 for class 0 - precision 0.0000 - recall 0.0000 - f1 0.0000 
INFO:root:TRAIN measures@100 for class 1 - precision 0.4725 - recall 0.0565 - f1 0.1010 
INFO:root:TRAIN measures@1000 microavg - precision 0.4043 - recall 0.1517 - f1 0.2206 
INFO:root:TRAIN measures@1000 for class 0 - precision 0.5000 - recall 0.0000 - f1 0.0001 
INFO:root:TRAIN measures@1000 for class 1 - precision 0.4043 - recall 0.4837 - f1 0.4405 
INFO:root:TRAIN Total epoch time: 1.893855693999285
INFO:root:################ VALID epoch 9 ###################
INFO:root:VALID mean losses tensor(1.8109)
INFO:root:VALID mean errors 0.6980494856834412
INFO:root:VALID mean MRR 0.0 - mean MAP 0.3721740245819092
INFO:root:VALID tp {0: tensor(0), 1: tensor(2415)},fn {0: tensor(5583), 1: tensor(0)},fp {0: tensor(0), 1: tensor(5583)}
INFO:root:VALID measures microavg - precision 0.3020 - recall 0.3020 - f1 0.3020 
INFO:root:VALID measures for class 0 - precision 0.0000 - recall 0.0000 - f1 0.0000 
INFO:root:VALID measures for class 1 - precision 0.3020 - recall 1.0000 - f1 0.4638 
INFO:root:VALID measures@10 microavg - precision 0.3667 - recall 0.0014 - f1 0.0027 
INFO:root:VALID measures@10 for class 0 - precision 0.0000 - recall 0.0000 - f1 0.0000 
INFO:root:VALID measures@10 for class 1 - precision 0.3667 - recall 0.0046 - f1 0.0090 
INFO:root:VALID measures@100 microavg - precision 0.4033 - recall 0.0151 - f1 0.0292 
INFO:root:VALID measures@100 for class 0 - precision 0.0000 - recall 0.0000 - f1 0.0000 
INFO:root:VALID measures@100 for class 1 - precision 0.4033 - recall 0.0501 - f1 0.0891 
INFO:root:VALID measures@1000 microavg - precision 0.3740 - recall 0.1403 - f1 0.2040 
INFO:root:VALID measures@1000 for class 0 - precision 0.0000 - recall 0.0000 - f1 0.0000 
INFO:root:VALID measures@1000 for class 1 - precision 0.3740 - recall 0.4646 - f1 0.4144 
INFO:root:VALID Total epoch time: 0.394169755000803
INFO:root:################ TRAIN epoch 10 ###################
INFO:root:TRAIN mean losses tensor(1.8279)
INFO:root:TRAIN mean errors 0.6864216327667236
INFO:root:TRAIN mean MRR 0.0 - mean MAP 0.3982992172241211
INFO:root:TRAIN tp {0: tensor(3), 1: tensor(10029)},fn {0: tensor(21958), 1: tensor(2)},fp {0: tensor(2), 1: tensor(21958)}
INFO:root:TRAIN measures microavg - precision 0.3136 - recall 0.3136 - f1 0.3136 
INFO:root:TRAIN measures for class 0 - precision 0.6000 - recall 0.0001 - f1 0.0003 
INFO:root:TRAIN measures for class 1 - precision 0.3135 - recall 0.9998 - f1 0.4774 
INFO:root:TRAIN measures@10 microavg - precision 0.5250 - recall 0.0020 - f1 0.0039 
INFO:root:TRAIN measures@10 for class 0 - precision 0.0000 - recall 0.0000 - f1 0.0000 
INFO:root:TRAIN measures@10 for class 1 - precision 0.5250 - recall 0.0063 - f1 0.0124 
INFO:root:TRAIN measures@100 microavg - precision 0.4908 - recall 0.0184 - f1 0.0355 
INFO:root:TRAIN measures@100 for class 0 - precision 0.0000 - recall 0.0000 - f1 0.0000 
INFO:root:TRAIN measures@100 for class 1 - precision 0.4908 - recall 0.0587 - f1 0.1049 
INFO:root:TRAIN measures@1000 microavg - precision 0.3984 - recall 0.1495 - f1 0.2174 
INFO:root:TRAIN measures@1000 for class 0 - precision 0.6667 - recall 0.0001 - f1 0.0002 
INFO:root:TRAIN measures@1000 for class 1 - precision 0.3983 - recall 0.4765 - f1 0.4339 
INFO:root:TRAIN Total epoch time: 2.746756295000523
INFO:root:################ VALID epoch 10 ###################
INFO:root:VALID mean losses tensor(1.8390)
INFO:root:VALID mean errors 0.6980494856834412
INFO:root:VALID mean MRR 0.0 - mean MAP 0.3872113525867462
INFO:root:VALID tp {0: tensor(0), 1: tensor(2415)},fn {0: tensor(5583), 1: tensor(0)},fp {0: tensor(0), 1: tensor(5583)}
INFO:root:VALID measures microavg - precision 0.3020 - recall 0.3020 - f1 0.3020 
INFO:root:VALID measures for class 0 - precision 0.0000 - recall 0.0000 - f1 0.0000 
INFO:root:VALID measures for class 1 - precision 0.3020 - recall 1.0000 - f1 0.4638 
INFO:root:VALID measures@10 microavg - precision 0.4333 - recall 0.0016 - f1 0.0032 
INFO:root:VALID measures@10 for class 0 - precision 0.0000 - recall 0.0000 - f1 0.0000 
INFO:root:VALID measures@10 for class 1 - precision 0.4333 - recall 0.0054 - f1 0.0106 
INFO:root:VALID measures@100 microavg - precision 0.4467 - recall 0.0168 - f1 0.0323 
INFO:root:VALID measures@100 for class 0 - precision 0.0000 - recall 0.0000 - f1 0.0000 
INFO:root:VALID measures@100 for class 1 - precision 0.4467 - recall 0.0555 - f1 0.0987 
INFO:root:VALID measures@1000 microavg - precision 0.3893 - recall 0.1460 - f1 0.2124 
INFO:root:VALID measures@1000 for class 0 - precision 0.0000 - recall 0.0000 - f1 0.0000 
INFO:root:VALID measures@1000 for class 1 - precision 0.3893 - recall 0.4836 - f1 0.4314 
INFO:root:VALID Total epoch time: 0.3804833710000821
INFO:root:################ TRAIN epoch 11 ###################
INFO:root:TRAIN mean losses tensor(1.8253)
INFO:root:TRAIN mean errors 0.6864528656005859
INFO:root:TRAIN mean MRR 0.0 - mean MAP 0.40040323138237
INFO:root:TRAIN tp {0: tensor(1), 1: tensor(10030)},fn {0: tensor(21960), 1: tensor(1)},fp {0: tensor(1), 1: tensor(21960)}
INFO:root:TRAIN measures microavg - precision 0.3135 - recall 0.3135 - f1 0.3135 
INFO:root:TRAIN measures for class 0 - precision 0.5000 - recall 0.0000 - f1 0.0001 
INFO:root:TRAIN measures for class 1 - precision 0.3135 - recall 0.9999 - f1 0.4774 
INFO:root:TRAIN measures@10 microavg - precision 0.4833 - recall 0.0018 - f1 0.0036 
INFO:root:TRAIN measures@10 for class 0 - precision 0.0000 - recall 0.0000 - f1 0.0000 
INFO:root:TRAIN measures@10 for class 1 - precision 0.4833 - recall 0.0058 - f1 0.0114 
INFO:root:TRAIN measures@100 microavg - precision 0.4733 - recall 0.0178 - f1 0.0342 
INFO:root:TRAIN measures@100 for class 0 - precision 0.0000 - recall 0.0000 - f1 0.0000 
INFO:root:TRAIN measures@100 for class 1 - precision 0.4733 - recall 0.0566 - f1 0.1011 
INFO:root:TRAIN measures@1000 microavg - precision 0.4008 - recall 0.1504 - f1 0.2187 
INFO:root:TRAIN measures@1000 for class 0 - precision 1.0000 - recall 0.0001 - f1 0.0002 
INFO:root:TRAIN measures@1000 for class 1 - precision 0.4007 - recall 0.4794 - f1 0.4366 
INFO:root:TRAIN Total epoch time: 2.3944829399997616
INFO:root:################ VALID epoch 11 ###################
INFO:root:VALID mean losses tensor(1.7999)
INFO:root:VALID mean errors 0.6980494856834412
INFO:root:VALID mean MRR 0.0 - mean MAP 0.38485172390937805
INFO:root:VALID tp {0: tensor(0), 1: tensor(2415)},fn {0: tensor(5583), 1: tensor(0)},fp {0: tensor(0), 1: tensor(5583)}
INFO:root:VALID measures microavg - precision 0.3020 - recall 0.3020 - f1 0.3020 
INFO:root:VALID measures for class 0 - precision 0.0000 - recall 0.0000 - f1 0.0000 
INFO:root:VALID measures for class 1 - precision 0.3020 - recall 1.0000 - f1 0.4638 
INFO:root:VALID measures@10 microavg - precision 0.5000 - recall 0.0019 - f1 0.0037 
INFO:root:VALID measures@10 for class 0 - precision 0.0000 - recall 0.0000 - f1 0.0000 
INFO:root:VALID measures@10 for class 1 - precision 0.5000 - recall 0.0062 - f1 0.0123 
INFO:root:VALID measures@100 microavg - precision 0.4433 - recall 0.0166 - f1 0.0321 
INFO:root:VALID measures@100 for class 0 - precision 0.0000 - recall 0.0000 - f1 0.0000 
INFO:root:VALID measures@100 for class 1 - precision 0.4433 - recall 0.0551 - f1 0.0980 
INFO:root:VALID measures@1000 microavg - precision 0.3793 - recall 0.1423 - f1 0.2069 
INFO:root:VALID measures@1000 for class 0 - precision 0.0000 - recall 0.0000 - f1 0.0000 
INFO:root:VALID measures@1000 for class 1 - precision 0.3793 - recall 0.4712 - f1 0.4203 
INFO:root:VALID Total epoch time: 0.43178369799989014
INFO:root:################ TRAIN epoch 12 ###################
INFO:root:TRAIN mean losses tensor(1.8014)
INFO:root:TRAIN mean errors 0.6863903403282166
INFO:root:TRAIN mean MRR 0.0 - mean MAP 0.4071759879589081
INFO:root:TRAIN tp {0: tensor(2), 1: tensor(10031)},fn {0: tensor(21959), 1: tensor(0)},fp {0: tensor(0), 1: tensor(21959)}
INFO:root:TRAIN measures microavg - precision 0.3136 - recall 0.3136 - f1 0.3136 
INFO:root:TRAIN measures for class 0 - precision 1.0000 - recall 0.0001 - f1 0.0002 
INFO:root:TRAIN measures for class 1 - precision 0.3136 - recall 1.0000 - f1 0.4774 
INFO:root:TRAIN measures@10 microavg - precision 0.5083 - recall 0.0019 - f1 0.0038 
INFO:root:TRAIN measures@10 for class 0 - precision 0.0000 - recall 0.0000 - f1 0.0000 
INFO:root:TRAIN measures@10 for class 1 - precision 0.5083 - recall 0.0061 - f1 0.0120 
INFO:root:TRAIN measures@100 microavg - precision 0.4783 - recall 0.0179 - f1 0.0346 
INFO:root:TRAIN measures@100 for class 0 - precision 0.0000 - recall 0.0000 - f1 0.0000 
INFO:root:TRAIN measures@100 for class 1 - precision 0.4783 - recall 0.0572 - f1 0.1022 
INFO:root:TRAIN measures@1000 microavg - precision 0.4079 - recall 0.1530 - f1 0.2226 
INFO:root:TRAIN measures@1000 for class 0 - precision 1.0000 - recall 0.0001 - f1 0.0002 
INFO:root:TRAIN measures@1000 for class 1 - precision 0.4078 - recall 0.4879 - f1 0.4443 
INFO:root:TRAIN Total epoch time: 1.9047293519997766
INFO:root:################ VALID epoch 12 ###################
INFO:root:VALID mean losses tensor(1.8011)
INFO:root:VALID mean errors 0.6980494856834412
INFO:root:VALID mean MRR 0.0 - mean MAP 0.38924649357795715
INFO:root:VALID tp {0: tensor(0), 1: tensor(2415)},fn {0: tensor(5583), 1: tensor(0)},fp {0: tensor(0), 1: tensor(5583)}
INFO:root:VALID measures microavg - precision 0.3020 - recall 0.3020 - f1 0.3020 
INFO:root:VALID measures for class 0 - precision 0.0000 - recall 0.0000 - f1 0.0000 
INFO:root:VALID measures for class 1 - precision 0.3020 - recall 1.0000 - f1 0.4638 
INFO:root:VALID measures@10 microavg - precision 0.3333 - recall 0.0013 - f1 0.0025 
INFO:root:VALID measures@10 for class 0 - precision 0.0000 - recall 0.0000 - f1 0.0000 
INFO:root:VALID measures@10 for class 1 - precision 0.3333 - recall 0.0041 - f1 0.0082 
INFO:root:VALID measures@100 microavg - precision 0.4500 - recall 0.0169 - f1 0.0325 
INFO:root:VALID measures@100 for class 0 - precision 0.0000 - recall 0.0000 - f1 0.0000 
INFO:root:VALID measures@100 for class 1 - precision 0.4500 - recall 0.0559 - f1 0.0994 
INFO:root:VALID measures@1000 microavg - precision 0.3893 - recall 0.1460 - f1 0.2124 
INFO:root:VALID measures@1000 for class 0 - precision 0.0000 - recall 0.0000 - f1 0.0000 
INFO:root:VALID measures@1000 for class 1 - precision 0.3893 - recall 0.4836 - f1 0.4314 
INFO:root:VALID Total epoch time: 0.28054729099949327
INFO:root:################ TRAIN epoch 13 ###################
INFO:root:TRAIN mean losses tensor(1.7817)
INFO:root:TRAIN mean errors 0.6863591074943542
INFO:root:TRAIN mean MRR 0.0 - mean MAP 0.4149281978607178
INFO:root:TRAIN tp {0: tensor(5), 1: tensor(10029)},fn {0: tensor(21956), 1: tensor(2)},fp {0: tensor(2), 1: tensor(21956)}
INFO:root:TRAIN measures microavg - precision 0.3136 - recall 0.3136 - f1 0.3136 
INFO:root:TRAIN measures for class 0 - precision 0.7143 - recall 0.0002 - f1 0.0005 
INFO:root:TRAIN measures for class 1 - precision 0.3136 - recall 0.9998 - f1 0.4774 
INFO:root:TRAIN measures@10 microavg - precision 0.5167 - recall 0.0019 - f1 0.0039 
INFO:root:TRAIN measures@10 for class 0 - precision 0.0000 - recall 0.0000 - f1 0.0000 
INFO:root:TRAIN measures@10 for class 1 - precision 0.5167 - recall 0.0062 - f1 0.0122 
INFO:root:TRAIN measures@100 microavg - precision 0.4867 - recall 0.0183 - f1 0.0352 
INFO:root:TRAIN measures@100 for class 0 - precision 0.0000 - recall 0.0000 - f1 0.0000 
INFO:root:TRAIN measures@100 for class 1 - precision 0.4867 - recall 0.0582 - f1 0.1040 
INFO:root:TRAIN measures@1000 microavg - precision 0.4126 - recall 0.1548 - f1 0.2251 
INFO:root:TRAIN measures@1000 for class 0 - precision 0.0000 - recall 0.0000 - f1 0.0000 
INFO:root:TRAIN measures@1000 for class 1 - precision 0.4126 - recall 0.4936 - f1 0.4495 
INFO:root:TRAIN Total epoch time: 1.5723374869994586
INFO:root:################ VALID epoch 13 ###################
INFO:root:VALID mean losses tensor(1.7931)
INFO:root:VALID mean errors 0.6980494856834412
INFO:root:VALID mean MRR 0.0 - mean MAP 0.3882787525653839
INFO:root:VALID tp {0: tensor(0), 1: tensor(2415)},fn {0: tensor(5583), 1: tensor(0)},fp {0: tensor(0), 1: tensor(5583)}
INFO:root:VALID measures microavg - precision 0.3020 - recall 0.3020 - f1 0.3020 
INFO:root:VALID measures for class 0 - precision 0.0000 - recall 0.0000 - f1 0.0000 
INFO:root:VALID measures for class 1 - precision 0.3020 - recall 1.0000 - f1 0.4638 
INFO:root:VALID measures@10 microavg - precision 0.4000 - recall 0.0015 - f1 0.0030 
INFO:root:VALID measures@10 for class 0 - precision 0.0000 - recall 0.0000 - f1 0.0000 
INFO:root:VALID measures@10 for class 1 - precision 0.4000 - recall 0.0050 - f1 0.0098 
INFO:root:VALID measures@100 microavg - precision 0.4267 - recall 0.0160 - f1 0.0309 
INFO:root:VALID measures@100 for class 0 - precision 0.0000 - recall 0.0000 - f1 0.0000 
INFO:root:VALID measures@100 for class 1 - precision 0.4267 - recall 0.0530 - f1 0.0943 
INFO:root:VALID measures@1000 microavg - precision 0.3840 - recall 0.1440 - f1 0.2095 
INFO:root:VALID measures@1000 for class 0 - precision 0.0000 - recall 0.0000 - f1 0.0000 
INFO:root:VALID measures@1000 for class 1 - precision 0.3840 - recall 0.4770 - f1 0.4255 
INFO:root:VALID Total epoch time: 0.2591276350003682
INFO:root:################ TRAIN epoch 14 ###################
INFO:root:TRAIN mean losses tensor(1.7951)
INFO:root:TRAIN mean errors 0.6863903403282166
INFO:root:TRAIN mean MRR 0.0 - mean MAP 0.4130868911743164
INFO:root:TRAIN tp {0: tensor(3), 1: tensor(10030)},fn {0: tensor(21958), 1: tensor(1)},fp {0: tensor(1), 1: tensor(21958)}
INFO:root:TRAIN measures microavg - precision 0.3136 - recall 0.3136 - f1 0.3136 
INFO:root:TRAIN measures for class 0 - precision 0.7500 - recall 0.0001 - f1 0.0003 
INFO:root:TRAIN measures for class 1 - precision 0.3136 - recall 0.9999 - f1 0.4774 
INFO:root:TRAIN measures@10 microavg - precision 0.5250 - recall 0.0020 - f1 0.0039 
INFO:root:TRAIN measures@10 for class 0 - precision 0.0000 - recall 0.0000 - f1 0.0000 
INFO:root:TRAIN measures@10 for class 1 - precision 0.5250 - recall 0.0063 - f1 0.0124 
INFO:root:TRAIN measures@100 microavg - precision 0.4817 - recall 0.0181 - f1 0.0348 
INFO:root:TRAIN measures@100 for class 0 - precision 0.0000 - recall 0.0000 - f1 0.0000 
INFO:root:TRAIN measures@100 for class 1 - precision 0.4817 - recall 0.0576 - f1 0.1029 
INFO:root:TRAIN measures@1000 microavg - precision 0.4125 - recall 0.1548 - f1 0.2251 
INFO:root:TRAIN measures@1000 for class 0 - precision 1.0000 - recall 0.0001 - f1 0.0003 
INFO:root:TRAIN measures@1000 for class 1 - precision 0.4123 - recall 0.4933 - f1 0.4492 
INFO:root:TRAIN Total epoch time: 1.9630729740001698
INFO:root:################ VALID epoch 14 ###################
INFO:root:VALID mean losses tensor(1.7850)
INFO:root:VALID mean errors 0.6980494856834412
INFO:root:VALID mean MRR 0.0 - mean MAP 0.3847008943557739
INFO:root:VALID tp {0: tensor(0), 1: tensor(2415)},fn {0: tensor(5583), 1: tensor(0)},fp {0: tensor(0), 1: tensor(5583)}
INFO:root:VALID measures microavg - precision 0.3020 - recall 0.3020 - f1 0.3020 
INFO:root:VALID measures for class 0 - precision 0.0000 - recall 0.0000 - f1 0.0000 
INFO:root:VALID measures for class 1 - precision 0.3020 - recall 1.0000 - f1 0.4638 
INFO:root:VALID measures@10 microavg - precision 0.4000 - recall 0.0015 - f1 0.0030 
INFO:root:VALID measures@10 for class 0 - precision 0.0000 - recall 0.0000 - f1 0.0000 
INFO:root:VALID measures@10 for class 1 - precision 0.4000 - recall 0.0050 - f1 0.0098 
INFO:root:VALID measures@100 microavg - precision 0.4400 - recall 0.0165 - f1 0.0318 
INFO:root:VALID measures@100 for class 0 - precision 0.0000 - recall 0.0000 - f1 0.0000 
INFO:root:VALID measures@100 for class 1 - precision 0.4400 - recall 0.0547 - f1 0.0972 
INFO:root:VALID measures@1000 microavg - precision 0.3880 - recall 0.1455 - f1 0.2117 
INFO:root:VALID measures@1000 for class 0 - precision 0.0000 - recall 0.0000 - f1 0.0000 
INFO:root:VALID measures@1000 for class 1 - precision 0.3880 - recall 0.4820 - f1 0.4299 
INFO:root:VALID Total epoch time: 0.5208954219997395
INFO:root:################ TRAIN epoch 15 ###################
INFO:root:TRAIN mean losses tensor(1.7984)
INFO:root:TRAIN mean errors 0.6864216327667236
INFO:root:TRAIN mean MRR 0.0 - mean MAP 0.4121861159801483
INFO:root:TRAIN tp {0: tensor(3), 1: tensor(10029)},fn {0: tensor(21958), 1: tensor(2)},fp {0: tensor(2), 1: tensor(21958)}
INFO:root:TRAIN measures microavg - precision 0.3136 - recall 0.3136 - f1 0.3136 
INFO:root:TRAIN measures for class 0 - precision 0.6000 - recall 0.0001 - f1 0.0003 
INFO:root:TRAIN measures for class 1 - precision 0.3135 - recall 0.9998 - f1 0.4774 
INFO:root:TRAIN measures@10 microavg - precision 0.4917 - recall 0.0018 - f1 0.0037 
INFO:root:TRAIN measures@10 for class 0 - precision 0.0000 - recall 0.0000 - f1 0.0000 
INFO:root:TRAIN measures@10 for class 1 - precision 0.4917 - recall 0.0059 - f1 0.0116 
INFO:root:TRAIN measures@100 microavg - precision 0.4858 - recall 0.0182 - f1 0.0351 
INFO:root:TRAIN measures@100 for class 0 - precision 0.0000 - recall 0.0000 - f1 0.0000 
INFO:root:TRAIN measures@100 for class 1 - precision 0.4858 - recall 0.0581 - f1 0.1038 
INFO:root:TRAIN measures@1000 microavg - precision 0.4094 - recall 0.1536 - f1 0.2234 
INFO:root:TRAIN measures@1000 for class 0 - precision 0.0000 - recall 0.0000 - f1 0.0000 
INFO:root:TRAIN measures@1000 for class 1 - precision 0.4094 - recall 0.4898 - f1 0.4460 
INFO:root:TRAIN Total epoch time: 1.8397295380000287
INFO:root:################ VALID epoch 15 ###################
INFO:root:VALID mean losses tensor(1.7965)
INFO:root:VALID mean errors 0.6980494856834412
INFO:root:VALID mean MRR 0.0 - mean MAP 0.3852640688419342
INFO:root:VALID tp {0: tensor(0), 1: tensor(2415)},fn {0: tensor(5583), 1: tensor(0)},fp {0: tensor(0), 1: tensor(5583)}
INFO:root:VALID measures microavg - precision 0.3020 - recall 0.3020 - f1 0.3020 
INFO:root:VALID measures for class 0 - precision 0.0000 - recall 0.0000 - f1 0.0000 
INFO:root:VALID measures for class 1 - precision 0.3020 - recall 1.0000 - f1 0.4638 
INFO:root:VALID measures@10 microavg - precision 0.3667 - recall 0.0014 - f1 0.0027 
INFO:root:VALID measures@10 for class 0 - precision 0.0000 - recall 0.0000 - f1 0.0000 
INFO:root:VALID measures@10 for class 1 - precision 0.3667 - recall 0.0046 - f1 0.0090 
INFO:root:VALID measures@100 microavg - precision 0.4300 - recall 0.0161 - f1 0.0311 
INFO:root:VALID measures@100 for class 0 - precision 0.0000 - recall 0.0000 - f1 0.0000 
INFO:root:VALID measures@100 for class 1 - precision 0.4300 - recall 0.0534 - f1 0.0950 
INFO:root:VALID measures@1000 microavg - precision 0.3863 - recall 0.1449 - f1 0.2108 
INFO:root:VALID measures@1000 for class 0 - precision 0.0000 - recall 0.0000 - f1 0.0000 
INFO:root:VALID measures@1000 for class 1 - precision 0.3863 - recall 0.4799 - f1 0.4281 
INFO:root:VALID Total epoch time: 0.32151467299991054
INFO:root:################ TRAIN epoch 16 ###################
INFO:root:TRAIN mean losses tensor(1.7853)
INFO:root:TRAIN mean errors 0.6865153908729553
INFO:root:TRAIN mean MRR 0.0 - mean MAP 0.4159391224384308
INFO:root:TRAIN tp {0: tensor(0), 1: tensor(10029)},fn {0: tensor(21961), 1: tensor(2)},fp {0: tensor(2), 1: tensor(21961)}
INFO:root:TRAIN measures microavg - precision 0.3135 - recall 0.3135 - f1 0.3135 
INFO:root:TRAIN measures for class 0 - precision 0.0000 - recall 0.0000 - f1 0.0000 
INFO:root:TRAIN measures for class 1 - precision 0.3135 - recall 0.9998 - f1 0.4773 
INFO:root:TRAIN measures@10 microavg - precision 0.6250 - recall 0.0023 - f1 0.0047 
INFO:root:TRAIN measures@10 for class 0 - precision 0.0000 - recall 0.0000 - f1 0.0000 
INFO:root:TRAIN measures@10 for class 1 - precision 0.6250 - recall 0.0075 - f1 0.0148 
INFO:root:TRAIN measures@100 microavg - precision 0.4938 - recall 0.0185 - f1 0.0357 
INFO:root:TRAIN measures@100 for class 0 - precision 0.0000 - recall 0.0000 - f1 0.0000 
INFO:root:TRAIN measures@100 for class 1 - precision 0.4942 - recall 0.0591 - f1 0.1056 
INFO:root:TRAIN measures@1000 microavg - precision 0.4060 - recall 0.1523 - f1 0.2215 
INFO:root:TRAIN measures@1000 for class 0 - precision 0.0000 - recall 0.0000 - f1 0.0000 
INFO:root:TRAIN measures@1000 for class 1 - precision 0.4061 - recall 0.4858 - f1 0.4424 
INFO:root:TRAIN Total epoch time: 2.1380852300007973
INFO:root:################ VALID epoch 16 ###################
INFO:root:VALID mean losses tensor(1.7785)
INFO:root:VALID mean errors 0.6980494856834412
INFO:root:VALID mean MRR 0.0 - mean MAP 0.38664740324020386
INFO:root:VALID tp {0: tensor(0), 1: tensor(2415)},fn {0: tensor(5583), 1: tensor(0)},fp {0: tensor(0), 1: tensor(5583)}
INFO:root:VALID measures microavg - precision 0.3020 - recall 0.3020 - f1 0.3020 
INFO:root:VALID measures for class 0 - precision 0.0000 - recall 0.0000 - f1 0.0000 
INFO:root:VALID measures for class 1 - precision 0.3020 - recall 1.0000 - f1 0.4638 
INFO:root:VALID measures@10 microavg - precision 0.4667 - recall 0.0018 - f1 0.0035 
INFO:root:VALID measures@10 for class 0 - precision 0.0000 - recall 0.0000 - f1 0.0000 
INFO:root:VALID measures@10 for class 1 - precision 0.4667 - recall 0.0058 - f1 0.0115 
INFO:root:VALID measures@100 microavg - precision 0.4500 - recall 0.0169 - f1 0.0325 
INFO:root:VALID measures@100 for class 0 - precision 0.0000 - recall 0.0000 - f1 0.0000 
INFO:root:VALID measures@100 for class 1 - precision 0.4500 - recall 0.0559 - f1 0.0994 
INFO:root:VALID measures@1000 microavg - precision 0.3830 - recall 0.1437 - f1 0.2089 
INFO:root:VALID measures@1000 for class 0 - precision 0.0000 - recall 0.0000 - f1 0.0000 
INFO:root:VALID measures@1000 for class 1 - precision 0.3830 - recall 0.4758 - f1 0.4244 
INFO:root:VALID Total epoch time: 0.37731885999983206
INFO:root:################ TRAIN epoch 17 ###################
INFO:root:TRAIN mean losses tensor(1.7798)
INFO:root:TRAIN mean errors 0.6863903403282166
INFO:root:TRAIN mean MRR 0.0 - mean MAP 0.4180740416049957
INFO:root:TRAIN tp {0: tensor(2), 1: tensor(10031)},fn {0: tensor(21959), 1: tensor(0)},fp {0: tensor(0), 1: tensor(21959)}
INFO:root:TRAIN measures microavg - precision 0.3136 - recall 0.3136 - f1 0.3136 
INFO:root:TRAIN measures for class 0 - precision 1.0000 - recall 0.0001 - f1 0.0002 
INFO:root:TRAIN measures for class 1 - precision 0.3136 - recall 1.0000 - f1 0.4774 
INFO:root:TRAIN measures@10 microavg - precision 0.5583 - recall 0.0021 - f1 0.0042 
INFO:root:TRAIN measures@10 for class 0 - precision 0.0000 - recall 0.0000 - f1 0.0000 
INFO:root:TRAIN measures@10 for class 1 - precision 0.5583 - recall 0.0067 - f1 0.0132 
INFO:root:TRAIN measures@100 microavg - precision 0.5050 - recall 0.0189 - f1 0.0365 
INFO:root:TRAIN measures@100 for class 0 - precision 0.0000 - recall 0.0000 - f1 0.0000 
INFO:root:TRAIN measures@100 for class 1 - precision 0.5050 - recall 0.0604 - f1 0.1079 
INFO:root:TRAIN measures@1000 microavg - precision 0.4128 - recall 0.1549 - f1 0.2252 
INFO:root:TRAIN measures@1000 for class 0 - precision 0.0000 - recall 0.0000 - f1 0.0000 
INFO:root:TRAIN measures@1000 for class 1 - precision 0.4128 - recall 0.4939 - f1 0.4497 
INFO:root:TRAIN Total epoch time: 3.4683617100008632
INFO:root:################ VALID epoch 17 ###################
INFO:root:VALID mean losses tensor(1.7681)
INFO:root:VALID mean errors 0.6980494856834412
INFO:root:VALID mean MRR 0.0 - mean MAP 0.3945961594581604
INFO:root:VALID tp {0: tensor(0), 1: tensor(2415)},fn {0: tensor(5583), 1: tensor(0)},fp {0: tensor(0), 1: tensor(5583)}
INFO:root:VALID measures microavg - precision 0.3020 - recall 0.3020 - f1 0.3020 
INFO:root:VALID measures for class 0 - precision 0.0000 - recall 0.0000 - f1 0.0000 
INFO:root:VALID measures for class 1 - precision 0.3020 - recall 1.0000 - f1 0.4638 
INFO:root:VALID measures@10 microavg - precision 0.5000 - recall 0.0019 - f1 0.0037 
INFO:root:VALID measures@10 for class 0 - precision 0.0000 - recall 0.0000 - f1 0.0000 
INFO:root:VALID measures@10 for class 1 - precision 0.5000 - recall 0.0062 - f1 0.0123 
INFO:root:VALID measures@100 microavg - precision 0.4733 - recall 0.0178 - f1 0.0342 
INFO:root:VALID measures@100 for class 0 - precision 0.0000 - recall 0.0000 - f1 0.0000 
INFO:root:VALID measures@100 for class 1 - precision 0.4733 - recall 0.0588 - f1 0.1046 
INFO:root:VALID measures@1000 microavg - precision 0.3910 - recall 0.1467 - f1 0.2133 
INFO:root:VALID measures@1000 for class 0 - precision 0.0000 - recall 0.0000 - f1 0.0000 
INFO:root:VALID measures@1000 for class 1 - precision 0.3910 - recall 0.4857 - f1 0.4332 
INFO:root:VALID Total epoch time: 0.443483202000607
INFO:root:################ TRAIN epoch 18 ###################
INFO:root:TRAIN mean losses tensor(1.7788)
INFO:root:TRAIN mean errors 0.6864528656005859
INFO:root:TRAIN mean MRR 0.0 - mean MAP 0.4179918169975281
INFO:root:TRAIN tp {0: tensor(0), 1: tensor(10031)},fn {0: tensor(21961), 1: tensor(0)},fp {0: tensor(0), 1: tensor(21961)}
INFO:root:TRAIN measures microavg - precision 0.3135 - recall 0.3135 - f1 0.3135 
INFO:root:TRAIN measures for class 0 - precision 0.0000 - recall 0.0000 - f1 0.0000 
INFO:root:TRAIN measures for class 1 - precision 0.3135 - recall 1.0000 - f1 0.4774 
INFO:root:TRAIN measures@10 microavg - precision 0.4333 - recall 0.0016 - f1 0.0032 
INFO:root:TRAIN measures@10 for class 0 - precision 0.0000 - recall 0.0000 - f1 0.0000 
INFO:root:TRAIN measures@10 for class 1 - precision 0.4333 - recall 0.0052 - f1 0.0102 
INFO:root:TRAIN measures@100 microavg - precision 0.4958 - recall 0.0186 - f1 0.0359 
INFO:root:TRAIN measures@100 for class 0 - precision 0.0000 - recall 0.0000 - f1 0.0000 
INFO:root:TRAIN measures@100 for class 1 - precision 0.4958 - recall 0.0593 - f1 0.1060 
INFO:root:TRAIN measures@1000 microavg - precision 0.4078 - recall 0.1530 - f1 0.2225 
INFO:root:TRAIN measures@1000 for class 0 - precision 0.0000 - recall 0.0000 - f1 0.0000 
INFO:root:TRAIN measures@1000 for class 1 - precision 0.4078 - recall 0.4879 - f1 0.4443 
INFO:root:TRAIN Total epoch time: 2.2703650869998455
INFO:root:################ VALID epoch 18 ###################
INFO:root:VALID mean losses tensor(1.7648)
INFO:root:VALID mean errors 0.6977994441986084
INFO:root:VALID mean MRR 0.0 - mean MAP 0.3984156548976898
INFO:root:VALID tp {0: tensor(2), 1: tensor(2415)},fn {0: tensor(5581), 1: tensor(0)},fp {0: tensor(0), 1: tensor(5581)}
INFO:root:VALID measures microavg - precision 0.3022 - recall 0.3022 - f1 0.3022 
INFO:root:VALID measures for class 0 - precision 1.0000 - recall 0.0004 - f1 0.0007 
INFO:root:VALID measures for class 1 - precision 0.3020 - recall 1.0000 - f1 0.4639 
INFO:root:VALID measures@10 microavg - precision 0.6333 - recall 0.0024 - f1 0.0047 
INFO:root:VALID measures@10 for class 0 - precision 0.0000 - recall 0.0000 - f1 0.0000 
INFO:root:VALID measures@10 for class 1 - precision 0.6333 - recall 0.0079 - f1 0.0155 
INFO:root:VALID measures@100 microavg - precision 0.4967 - recall 0.0186 - f1 0.0359 
INFO:root:VALID measures@100 for class 0 - precision 0.0000 - recall 0.0000 - f1 0.0000 
INFO:root:VALID measures@100 for class 1 - precision 0.4967 - recall 0.0617 - f1 0.1098 
INFO:root:VALID measures@1000 microavg - precision 0.3855 - recall 0.1447 - f1 0.2104 
INFO:root:VALID measures@1000 for class 0 - precision 1.0000 - recall 0.0002 - f1 0.0004 
INFO:root:VALID measures@1000 for class 1 - precision 0.3853 - recall 0.4787 - f1 0.4270 
INFO:root:VALID Total epoch time: 0.5419519050001327
INFO:root:################ TEST epoch 18 ###################
INFO:root:TEST batch 1 / 4 - partial error 0.7078 - partial loss 1.7603 - partial MRR  0.0000 - partial MAP 0.3844
INFO:root:TEST batch 1 / 4 -  partial tp {0: tensor(0), 1: tensor(779)},fn {0: tensor(1887), 1: tensor(0)},fp {0: tensor(0), 1: tensor(1887)}
INFO:root:TEST batch 1 / 4 - measures partial microavg - precision 0.2922 - recall 0.2922 - f1 0.2922 
INFO:root:TEST batch 1 / 4 - measures partial for class 0 - precision 0.0000 - recall 0.0000 - f1 0.0000 
INFO:root:TEST batch 1 / 4 - measures partial for class 1 - precision 0.2922 - recall 1.0000 - f1 0.4522 
INFO:root:TEST batch 1 / 4 - Batch time 0 
INFO:root:TEST batch 2 / 4 - partial error 0.7037 - partial loss 1.7729 - partial MRR  0.0000 - partial MAP 0.3846
INFO:root:TEST batch 2 / 4 -  partial tp {0: tensor(0), 1: tensor(801)},fn {0: tensor(1865), 1: tensor(0)},fp {0: tensor(0), 1: tensor(1865)}
INFO:root:TEST batch 2 / 4 - measures partial microavg - precision 0.3005 - recall 0.3005 - f1 0.3005 
INFO:root:TEST batch 2 / 4 - measures partial for class 0 - precision 0.0000 - recall 0.0000 - f1 0.0000 
INFO:root:TEST batch 2 / 4 - measures partial for class 1 - precision 0.3005 - recall 1.0000 - f1 0.4621 
INFO:root:TEST batch 2 / 4 - Batch time 0 
INFO:root:TEST batch 3 / 4 - partial error 0.7031 - partial loss 1.7732 - partial MRR  0.0000 - partial MAP 0.3879
INFO:root:TEST batch 3 / 4 -  partial tp {0: tensor(0), 1: tensor(795)},fn {0: tensor(1871), 1: tensor(0)},fp {0: tensor(0), 1: tensor(1871)}
INFO:root:TEST batch 3 / 4 - measures partial microavg - precision 0.2982 - recall 0.2982 - f1 0.2982 
INFO:root:TEST batch 3 / 4 - measures partial for class 0 - precision 0.0000 - recall 0.0000 - f1 0.0000 
INFO:root:TEST batch 3 / 4 - measures partial for class 1 - precision 0.2982 - recall 1.0000 - f1 0.4594 
INFO:root:TEST batch 3 / 4 - Batch time 0 
INFO:root:TEST batch 4 / 4 - partial error 0.7011 - partial loss 1.7763 - partial MRR  0.0000 - partial MAP 0.3884
INFO:root:TEST batch 4 / 4 -  partial tp {0: tensor(0), 1: tensor(813)},fn {0: tensor(1853), 1: tensor(0)},fp {0: tensor(0), 1: tensor(1853)}
INFO:root:TEST batch 4 / 4 - measures partial microavg - precision 0.3050 - recall 0.3050 - f1 0.3050 
INFO:root:TEST batch 4 / 4 - measures partial for class 0 - precision 0.0000 - recall 0.0000 - f1 0.0000 
INFO:root:TEST batch 4 / 4 - measures partial for class 1 - precision 0.3050 - recall 1.0000 - f1 0.4674 
INFO:root:TEST batch 4 / 4 - Batch time 0 
INFO:root:TEST mean losses tensor(1.7763)
INFO:root:TEST mean errors 0.7010502815246582
INFO:root:TEST mean MRR 0.0 - mean MAP 0.3883715867996216
INFO:root:TEST tp {0: tensor(0), 1: tensor(3188)},fn {0: tensor(7476), 1: tensor(0)},fp {0: tensor(0), 1: tensor(7476)}
INFO:root:TEST measures microavg - precision 0.2989 - recall 0.2989 - f1 0.2989 
INFO:root:TEST measures for class 0 - precision 0.0000 - recall 0.0000 - f1 0.0000 
INFO:root:TEST measures for class 1 - precision 0.2989 - recall 1.0000 - f1 0.4603 
INFO:root:TEST measures@10 microavg - precision 0.5500 - recall 0.0021 - f1 0.0041 
INFO:root:TEST measures@10 for class 0 - precision 0.0000 - recall 0.0000 - f1 0.0000 
INFO:root:TEST measures@10 for class 1 - precision 0.5500 - recall 0.0069 - f1 0.0136 
INFO:root:TEST measures@100 microavg - precision 0.4725 - recall 0.0177 - f1 0.0342 
INFO:root:TEST measures@100 for class 0 - precision 0.0000 - recall 0.0000 - f1 0.0000 
INFO:root:TEST measures@100 for class 1 - precision 0.4725 - recall 0.0593 - f1 0.1054 
INFO:root:TEST measures@1000 microavg - precision 0.3867 - recall 0.1451 - f1 0.2110 
INFO:root:TEST measures@1000 for class 0 - precision 0.0000 - recall 0.0000 - f1 0.0000 
INFO:root:TEST measures@1000 for class 1 - precision 0.3867 - recall 0.4853 - f1 0.4304 
INFO:root:TEST Total epoch time: 0.5376753069995175
INFO:root:################ TRAIN epoch 19 ###################
INFO:root:TRAIN mean losses tensor(1.7817)
INFO:root:TRAIN mean errors 0.6864528656005859
INFO:root:TRAIN mean MRR 0.0 - mean MAP 0.4194897711277008
INFO:root:TRAIN tp {0: tensor(0), 1: tensor(10031)},fn {0: tensor(21961), 1: tensor(0)},fp {0: tensor(0), 1: tensor(21961)}
INFO:root:TRAIN measures microavg - precision 0.3135 - recall 0.3135 - f1 0.3135 
INFO:root:TRAIN measures for class 0 - precision 0.0000 - recall 0.0000 - f1 0.0000 
INFO:root:TRAIN measures for class 1 - precision 0.3135 - recall 1.0000 - f1 0.4774 
INFO:root:TRAIN measures@10 microavg - precision 0.5417 - recall 0.0020 - f1 0.0040 
INFO:root:TRAIN measures@10 for class 0 - precision 0.0000 - recall 0.0000 - f1 0.0000 
INFO:root:TRAIN measures@10 for class 1 - precision 0.5417 - recall 0.0065 - f1 0.0128 
INFO:root:TRAIN measures@100 microavg - precision 0.4892 - recall 0.0183 - f1 0.0354 
INFO:root:TRAIN measures@100 for class 0 - precision 0.0000 - recall 0.0000 - f1 0.0000 
INFO:root:TRAIN measures@100 for class 1 - precision 0.4892 - recall 0.0585 - f1 0.1045 
INFO:root:TRAIN measures@1000 microavg - precision 0.4158 - recall 0.1560 - f1 0.2269 
INFO:root:TRAIN measures@1000 for class 0 - precision 1.0000 - recall 0.0000 - f1 0.0001 
INFO:root:TRAIN measures@1000 for class 1 - precision 0.4158 - recall 0.4974 - f1 0.4529 
INFO:root:TRAIN Total epoch time: 1.9505486059997565
INFO:root:################ VALID epoch 19 ###################
INFO:root:VALID mean losses tensor(1.7800)
INFO:root:VALID mean errors 0.6976743936538696
INFO:root:VALID mean MRR 0.0 - mean MAP 0.3866739571094513
INFO:root:VALID tp {0: tensor(4), 1: tensor(2414)},fn {0: tensor(5579), 1: tensor(1)},fp {0: tensor(1), 1: tensor(5579)}
INFO:root:VALID measures microavg - precision 0.3023 - recall 0.3023 - f1 0.3023 
INFO:root:VALID measures for class 0 - precision 0.8000 - recall 0.0007 - f1 0.0014 
INFO:root:VALID measures for class 1 - precision 0.3020 - recall 0.9996 - f1 0.4639 
INFO:root:VALID measures@10 microavg - precision 0.4333 - recall 0.0016 - f1 0.0032 
INFO:root:VALID measures@10 for class 0 - precision 0.0000 - recall 0.0000 - f1 0.0000 
INFO:root:VALID measures@10 for class 1 - precision 0.4333 - recall 0.0054 - f1 0.0106 
INFO:root:VALID measures@100 microavg - precision 0.4684 - recall 0.0176 - f1 0.0340 
INFO:root:VALID measures@100 for class 0 - precision 0.0000 - recall 0.0000 - f1 0.0000 
INFO:root:VALID measures@100 for class 1 - precision 0.4700 - recall 0.0584 - f1 0.1039 
INFO:root:VALID measures@1000 microavg - precision 0.3840 - recall 0.1443 - f1 0.2098 
INFO:root:VALID measures@1000 for class 0 - precision 0.8000 - recall 0.0007 - f1 0.0014 
INFO:root:VALID measures@1000 for class 1 - precision 0.3833 - recall 0.4762 - f1 0.4247 
INFO:root:VALID Total epoch time: 0.30299096900034783
INFO:root:################ TRAIN epoch 20 ###################
INFO:root:TRAIN mean losses tensor(1.7728)
INFO:root:TRAIN mean errors 0.6862340569496155
INFO:root:TRAIN mean MRR 0.0 - mean MAP 0.41726765036582947
INFO:root:TRAIN tp {0: tensor(9), 1: tensor(10029)},fn {0: tensor(21952), 1: tensor(2)},fp {0: tensor(2), 1: tensor(21952)}
INFO:root:TRAIN measures microavg - precision 0.3138 - recall 0.3138 - f1 0.3138 
INFO:root:TRAIN measures for class 0 - precision 0.8182 - recall 0.0004 - f1 0.0008 
INFO:root:TRAIN measures for class 1 - precision 0.3136 - recall 0.9998 - f1 0.4774 
INFO:root:TRAIN measures@10 microavg - precision 0.5333 - recall 0.0020 - f1 0.0040 
INFO:root:TRAIN measures@10 for class 0 - precision 0.0000 - recall 0.0000 - f1 0.0000 
INFO:root:TRAIN measures@10 for class 1 - precision 0.5333 - recall 0.0064 - f1 0.0126 
INFO:root:TRAIN measures@100 microavg - precision 0.4967 - recall 0.0187 - f1 0.0360 
INFO:root:TRAIN measures@100 for class 0 - precision 0.5000 - recall 0.0000 - f1 0.0001 
INFO:root:TRAIN measures@100 for class 1 - precision 0.4967 - recall 0.0594 - f1 0.1061 
INFO:root:TRAIN measures@1000 microavg - precision 0.4084 - recall 0.1533 - f1 0.2229 
INFO:root:TRAIN measures@1000 for class 0 - precision 0.7500 - recall 0.0003 - f1 0.0005 
INFO:root:TRAIN measures@1000 for class 1 - precision 0.4082 - recall 0.4883 - f1 0.4446 
INFO:root:TRAIN Total epoch time: 1.7840331899997182
INFO:root:################ VALID epoch 20 ###################
INFO:root:VALID mean losses tensor(1.7780)
INFO:root:VALID mean errors 0.6980494856834412
INFO:root:VALID mean MRR 0.0 - mean MAP 0.39398011565208435
INFO:root:VALID tp {0: tensor(0), 1: tensor(2415)},fn {0: tensor(5583), 1: tensor(0)},fp {0: tensor(0), 1: tensor(5583)}
INFO:root:VALID measures microavg - precision 0.3020 - recall 0.3020 - f1 0.3020 
INFO:root:VALID measures for class 0 - precision 0.0000 - recall 0.0000 - f1 0.0000 
INFO:root:VALID measures for class 1 - precision 0.3020 - recall 1.0000 - f1 0.4638 
INFO:root:VALID measures@10 microavg - precision 0.4667 - recall 0.0018 - f1 0.0035 
INFO:root:VALID measures@10 for class 0 - precision 0.0000 - recall 0.0000 - f1 0.0000 
INFO:root:VALID measures@10 for class 1 - precision 0.4667 - recall 0.0058 - f1 0.0115 
INFO:root:VALID measures@100 microavg - precision 0.4400 - recall 0.0165 - f1 0.0318 
INFO:root:VALID measures@100 for class 0 - precision 0.0000 - recall 0.0000 - f1 0.0000 
INFO:root:VALID measures@100 for class 1 - precision 0.4400 - recall 0.0547 - f1 0.0972 
INFO:root:VALID measures@1000 microavg - precision 0.3833 - recall 0.1438 - f1 0.2091 
INFO:root:VALID measures@1000 for class 0 - precision 0.0000 - recall 0.0000 - f1 0.0000 
INFO:root:VALID measures@1000 for class 1 - precision 0.3833 - recall 0.4762 - f1 0.4247 
INFO:root:VALID Total epoch time: 0.324770940000235
INFO:root:################ TRAIN epoch 21 ###################
INFO:root:TRAIN mean losses tensor(1.7601)
INFO:root:TRAIN mean errors 0.6863591074943542
INFO:root:TRAIN mean MRR 0.0 - mean MAP 0.42285460233688354
INFO:root:TRAIN tp {0: tensor(3), 1: tensor(10031)},fn {0: tensor(21958), 1: tensor(0)},fp {0: tensor(0), 1: tensor(21958)}
INFO:root:TRAIN measures microavg - precision 0.3136 - recall 0.3136 - f1 0.3136 
INFO:root:TRAIN measures for class 0 - precision 1.0000 - recall 0.0001 - f1 0.0003 
INFO:root:TRAIN measures for class 1 - precision 0.3136 - recall 1.0000 - f1 0.4774 
INFO:root:TRAIN measures@10 microavg - precision 0.5583 - recall 0.0021 - f1 0.0042 
INFO:root:TRAIN measures@10 for class 0 - precision 0.0000 - recall 0.0000 - f1 0.0000 
INFO:root:TRAIN measures@10 for class 1 - precision 0.5583 - recall 0.0067 - f1 0.0132 
INFO:root:TRAIN measures@100 microavg - precision 0.4971 - recall 0.0187 - f1 0.0360 
INFO:root:TRAIN measures@100 for class 0 - precision 1.0000 - recall 0.0000 - f1 0.0001 
INFO:root:TRAIN measures@100 for class 1 - precision 0.4967 - recall 0.0594 - f1 0.1061 
INFO:root:TRAIN measures@1000 microavg - precision 0.4167 - recall 0.1564 - f1 0.2274 
INFO:root:TRAIN measures@1000 for class 0 - precision 0.6667 - recall 0.0001 - f1 0.0002 
INFO:root:TRAIN measures@1000 for class 1 - precision 0.4167 - recall 0.4985 - f1 0.4539 
INFO:root:TRAIN Total epoch time: 1.7921278670000902
INFO:root:################ VALID epoch 21 ###################
INFO:root:VALID mean losses tensor(1.7734)
INFO:root:VALID mean errors 0.6975494027137756
INFO:root:VALID mean MRR 0.0 - mean MAP 0.39054960012435913
INFO:root:VALID tp {0: tensor(5), 1: tensor(2414)},fn {0: tensor(5578), 1: tensor(1)},fp {0: tensor(1), 1: tensor(5578)}
INFO:root:VALID measures microavg - precision 0.3025 - recall 0.3025 - f1 0.3025 
INFO:root:VALID measures for class 0 - precision 0.8333 - recall 0.0009 - f1 0.0018 
INFO:root:VALID measures for class 1 - precision 0.3021 - recall 0.9996 - f1 0.4639 
INFO:root:VALID measures@10 microavg - precision 0.5667 - recall 0.0021 - f1 0.0042 
INFO:root:VALID measures@10 for class 0 - precision 0.0000 - recall 0.0000 - f1 0.0000 
INFO:root:VALID measures@10 for class 1 - precision 0.5667 - recall 0.0070 - f1 0.0139 
INFO:root:VALID measures@100 microavg - precision 0.4367 - recall 0.0164 - f1 0.0316 
INFO:root:VALID measures@100 for class 0 - precision 0.0000 - recall 0.0000 - f1 0.0000 
INFO:root:VALID measures@100 for class 1 - precision 0.4367 - recall 0.0542 - f1 0.0965 
INFO:root:VALID measures@1000 microavg - precision 0.3870 - recall 0.1452 - f1 0.2111 
INFO:root:VALID measures@1000 for class 0 - precision 0.0000 - recall 0.0000 - f1 0.0000 
INFO:root:VALID measures@1000 for class 1 - precision 0.3870 - recall 0.4807 - f1 0.4288 
INFO:root:VALID Total epoch time: 0.31405809999978374
INFO:root:################ TRAIN epoch 22 ###################
INFO:root:TRAIN mean losses tensor(1.7638)
INFO:root:TRAIN mean errors 0.6863591074943542
INFO:root:TRAIN mean MRR 0.0 - mean MAP 0.4205710291862488
INFO:root:TRAIN tp {0: tensor(3), 1: tensor(10031)},fn {0: tensor(21958), 1: tensor(0)},fp {0: tensor(0), 1: tensor(21958)}
INFO:root:TRAIN measures microavg - precision 0.3136 - recall 0.3136 - f1 0.3136 
INFO:root:TRAIN measures for class 0 - precision 1.0000 - recall 0.0001 - f1 0.0003 
INFO:root:TRAIN measures for class 1 - precision 0.3136 - recall 1.0000 - f1 0.4774 
INFO:root:TRAIN measures@10 microavg - precision 0.5583 - recall 0.0021 - f1 0.0042 
INFO:root:TRAIN measures@10 for class 0 - precision 0.0000 - recall 0.0000 - f1 0.0000 
INFO:root:TRAIN measures@10 for class 1 - precision 0.5583 - recall 0.0067 - f1 0.0132 
INFO:root:TRAIN measures@100 microavg - precision 0.4867 - recall 0.0183 - f1 0.0352 
INFO:root:TRAIN measures@100 for class 0 - precision 0.0000 - recall 0.0000 - f1 0.0000 
INFO:root:TRAIN measures@100 for class 1 - precision 0.4867 - recall 0.0582 - f1 0.1040 
INFO:root:TRAIN measures@1000 microavg - precision 0.4170 - recall 0.1564 - f1 0.2275 
INFO:root:TRAIN measures@1000 for class 0 - precision 0.0000 - recall 0.0000 - f1 0.0000 
INFO:root:TRAIN measures@1000 for class 1 - precision 0.4170 - recall 0.4989 - f1 0.4543 
INFO:root:TRAIN Total epoch time: 1.6884766249995664
INFO:root:################ VALID epoch 22 ###################
INFO:root:VALID mean losses tensor(1.7682)
INFO:root:VALID mean errors 0.6980494856834412
INFO:root:VALID mean MRR 0.0 - mean MAP 0.3937942385673523
INFO:root:VALID tp {0: tensor(0), 1: tensor(2415)},fn {0: tensor(5583), 1: tensor(0)},fp {0: tensor(0), 1: tensor(5583)}
INFO:root:VALID measures microavg - precision 0.3020 - recall 0.3020 - f1 0.3020 
INFO:root:VALID measures for class 0 - precision 0.0000 - recall 0.0000 - f1 0.0000 
INFO:root:VALID measures for class 1 - precision 0.3020 - recall 1.0000 - f1 0.4638 
INFO:root:VALID measures@10 microavg - precision 0.5667 - recall 0.0021 - f1 0.0042 
INFO:root:VALID measures@10 for class 0 - precision 0.0000 - recall 0.0000 - f1 0.0000 
INFO:root:VALID measures@10 for class 1 - precision 0.5667 - recall 0.0070 - f1 0.0139 
INFO:root:VALID measures@100 microavg - precision 0.4567 - recall 0.0171 - f1 0.0330 
INFO:root:VALID measures@100 for class 0 - precision 0.0000 - recall 0.0000 - f1 0.0000 
INFO:root:VALID measures@100 for class 1 - precision 0.4567 - recall 0.0567 - f1 0.1009 
INFO:root:VALID measures@1000 microavg - precision 0.3907 - recall 0.1465 - f1 0.2131 
INFO:root:VALID measures@1000 for class 0 - precision 0.0000 - recall 0.0000 - f1 0.0000 
INFO:root:VALID measures@1000 for class 1 - precision 0.3907 - recall 0.4853 - f1 0.4329 
INFO:root:VALID Total epoch time: 0.29648890099997516
INFO:root:################ TRAIN epoch 23 ###################
INFO:root:TRAIN mean losses tensor(1.7596)
INFO:root:TRAIN mean errors 0.6864528656005859
INFO:root:TRAIN mean MRR 0.0 - mean MAP 0.422777384519577
INFO:root:TRAIN tp {0: tensor(0), 1: tensor(10031)},fn {0: tensor(21961), 1: tensor(0)},fp {0: tensor(0), 1: tensor(21961)}
INFO:root:TRAIN measures microavg - precision 0.3135 - recall 0.3135 - f1 0.3135 
INFO:root:TRAIN measures for class 0 - precision 0.0000 - recall 0.0000 - f1 0.0000 
INFO:root:TRAIN measures for class 1 - precision 0.3135 - recall 1.0000 - f1 0.4774 
INFO:root:TRAIN measures@10 microavg - precision 0.5500 - recall 0.0021 - f1 0.0041 
INFO:root:TRAIN measures@10 for class 0 - precision 0.0000 - recall 0.0000 - f1 0.0000 
INFO:root:TRAIN measures@10 for class 1 - precision 0.5500 - recall 0.0066 - f1 0.0130 
INFO:root:TRAIN measures@100 microavg - precision 0.4883 - recall 0.0183 - f1 0.0353 
INFO:root:TRAIN measures@100 for class 0 - precision 0.0000 - recall 0.0000 - f1 0.0000 
INFO:root:TRAIN measures@100 for class 1 - precision 0.4883 - recall 0.0584 - f1 0.1044 
INFO:root:TRAIN measures@1000 microavg - precision 0.4186 - recall 0.1570 - f1 0.2284 
INFO:root:TRAIN measures@1000 for class 0 - precision 0.0000 - recall 0.0000 - f1 0.0000 
INFO:root:TRAIN measures@1000 for class 1 - precision 0.4186 - recall 0.5007 - f1 0.4560 
INFO:root:TRAIN Total epoch time: 1.7290781050005535
INFO:root:################ VALID epoch 23 ###################
INFO:root:VALID mean losses tensor(1.7622)
INFO:root:VALID mean errors 0.6980494856834412
INFO:root:VALID mean MRR 0.0 - mean MAP 0.3945547640323639
INFO:root:VALID tp {0: tensor(0), 1: tensor(2415)},fn {0: tensor(5583), 1: tensor(0)},fp {0: tensor(0), 1: tensor(5583)}
INFO:root:VALID measures microavg - precision 0.3020 - recall 0.3020 - f1 0.3020 
INFO:root:VALID measures for class 0 - precision 0.0000 - recall 0.0000 - f1 0.0000 
INFO:root:VALID measures for class 1 - precision 0.3020 - recall 1.0000 - f1 0.4638 
INFO:root:VALID measures@10 microavg - precision 0.4667 - recall 0.0018 - f1 0.0035 
INFO:root:VALID measures@10 for class 0 - precision 0.0000 - recall 0.0000 - f1 0.0000 
INFO:root:VALID measures@10 for class 1 - precision 0.4667 - recall 0.0058 - f1 0.0115 
INFO:root:VALID measures@100 microavg - precision 0.4467 - recall 0.0168 - f1 0.0323 
INFO:root:VALID measures@100 for class 0 - precision 0.0000 - recall 0.0000 - f1 0.0000 
INFO:root:VALID measures@100 for class 1 - precision 0.4467 - recall 0.0555 - f1 0.0987 
INFO:root:VALID measures@1000 microavg - precision 0.3950 - recall 0.1482 - f1 0.2155 
INFO:root:VALID measures@1000 for class 0 - precision 0.0000 - recall 0.0000 - f1 0.0000 
INFO:root:VALID measures@1000 for class 1 - precision 0.3950 - recall 0.4907 - f1 0.4377 
INFO:root:VALID Total epoch time: 0.3520487059995503
INFO:root:################ TRAIN epoch 24 ###################
INFO:root:TRAIN mean losses tensor(1.7642)
INFO:root:TRAIN mean errors 0.6863903403282166
INFO:root:TRAIN mean MRR 0.0 - mean MAP 0.42037633061408997
INFO:root:TRAIN tp {0: tensor(2), 1: tensor(10031)},fn {0: tensor(21959), 1: tensor(0)},fp {0: tensor(0), 1: tensor(21959)}
INFO:root:TRAIN measures microavg - precision 0.3136 - recall 0.3136 - f1 0.3136 
INFO:root:TRAIN measures for class 0 - precision 1.0000 - recall 0.0001 - f1 0.0002 
INFO:root:TRAIN measures for class 1 - precision 0.3136 - recall 1.0000 - f1 0.4774 
INFO:root:TRAIN measures@10 microavg - precision 0.5667 - recall 0.0021 - f1 0.0042 
INFO:root:TRAIN measures@10 for class 0 - precision 0.0000 - recall 0.0000 - f1 0.0000 
INFO:root:TRAIN measures@10 for class 1 - precision 0.5667 - recall 0.0068 - f1 0.0134 
INFO:root:TRAIN measures@100 microavg - precision 0.4792 - recall 0.0180 - f1 0.0346 
INFO:root:TRAIN measures@100 for class 0 - precision 0.0000 - recall 0.0000 - f1 0.0000 
INFO:root:TRAIN measures@100 for class 1 - precision 0.4792 - recall 0.0573 - f1 0.1024 
INFO:root:TRAIN measures@1000 microavg - precision 0.4189 - recall 0.1571 - f1 0.2285 
INFO:root:TRAIN measures@1000 for class 0 - precision 1.0000 - recall 0.0000 - f1 0.0001 
INFO:root:TRAIN measures@1000 for class 1 - precision 0.4188 - recall 0.5010 - f1 0.4563 
INFO:root:TRAIN Total epoch time: 2.3477730490003523
INFO:root:################ VALID epoch 24 ###################
INFO:root:VALID mean losses tensor(1.7576)
INFO:root:VALID mean errors 0.6980494856834412
INFO:root:VALID mean MRR 0.0 - mean MAP 0.4014158248901367
INFO:root:VALID tp {0: tensor(0), 1: tensor(2415)},fn {0: tensor(5583), 1: tensor(0)},fp {0: tensor(0), 1: tensor(5583)}
INFO:root:VALID measures microavg - precision 0.3020 - recall 0.3020 - f1 0.3020 
INFO:root:VALID measures for class 0 - precision 0.0000 - recall 0.0000 - f1 0.0000 
INFO:root:VALID measures for class 1 - precision 0.3020 - recall 1.0000 - f1 0.4638 
INFO:root:VALID measures@10 microavg - precision 0.4333 - recall 0.0016 - f1 0.0032 
INFO:root:VALID measures@10 for class 0 - precision 0.0000 - recall 0.0000 - f1 0.0000 
INFO:root:VALID measures@10 for class 1 - precision 0.4333 - recall 0.0054 - f1 0.0106 
INFO:root:VALID measures@100 microavg - precision 0.4567 - recall 0.0171 - f1 0.0330 
INFO:root:VALID measures@100 for class 0 - precision 0.0000 - recall 0.0000 - f1 0.0000 
INFO:root:VALID measures@100 for class 1 - precision 0.4567 - recall 0.0567 - f1 0.1009 
INFO:root:VALID measures@1000 microavg - precision 0.3943 - recall 0.1479 - f1 0.2151 
INFO:root:VALID measures@1000 for class 0 - precision 0.0000 - recall 0.0000 - f1 0.0000 
INFO:root:VALID measures@1000 for class 1 - precision 0.3943 - recall 0.4899 - f1 0.4369 
INFO:root:VALID Total epoch time: 0.30361185100082366
INFO:root:################ TRAIN epoch 25 ###################
INFO:root:TRAIN mean losses tensor(1.7645)
INFO:root:TRAIN mean errors 0.6864840984344482
INFO:root:TRAIN mean MRR 0.0 - mean MAP 0.4258733093738556
INFO:root:TRAIN tp {0: tensor(0), 1: tensor(10030)},fn {0: tensor(21961), 1: tensor(1)},fp {0: tensor(1), 1: tensor(21961)}
INFO:root:TRAIN measures microavg - precision 0.3135 - recall 0.3135 - f1 0.3135 
INFO:root:TRAIN measures for class 0 - precision 0.0000 - recall 0.0000 - f1 0.0000 
INFO:root:TRAIN measures for class 1 - precision 0.3135 - recall 0.9999 - f1 0.4774 
INFO:root:TRAIN measures@10 microavg - precision 0.5833 - recall 0.0022 - f1 0.0044 
INFO:root:TRAIN measures@10 for class 0 - precision 0.0000 - recall 0.0000 - f1 0.0000 
INFO:root:TRAIN measures@10 for class 1 - precision 0.5833 - recall 0.0070 - f1 0.0138 
INFO:root:TRAIN measures@100 microavg - precision 0.5133 - recall 0.0193 - f1 0.0371 
INFO:root:TRAIN measures@100 for class 0 - precision 0.0000 - recall 0.0000 - f1 0.0000 
INFO:root:TRAIN measures@100 for class 1 - precision 0.5133 - recall 0.0614 - f1 0.1097 
INFO:root:TRAIN measures@1000 microavg - precision 0.4179 - recall 0.1568 - f1 0.2280 
INFO:root:TRAIN measures@1000 for class 0 - precision 0.0000 - recall 0.0000 - f1 0.0000 
INFO:root:TRAIN measures@1000 for class 1 - precision 0.4179 - recall 0.5000 - f1 0.4553 
INFO:root:TRAIN Total epoch time: 1.4106418220007981
INFO:root:################ VALID epoch 25 ###################
INFO:root:VALID mean losses tensor(1.7601)
INFO:root:VALID mean errors 0.6980494856834412
INFO:root:VALID mean MRR 0.0 - mean MAP 0.39845165610313416
INFO:root:VALID tp {0: tensor(0), 1: tensor(2415)},fn {0: tensor(5583), 1: tensor(0)},fp {0: tensor(0), 1: tensor(5583)}
INFO:root:VALID measures microavg - precision 0.3020 - recall 0.3020 - f1 0.3020 
INFO:root:VALID measures for class 0 - precision 0.0000 - recall 0.0000 - f1 0.0000 
INFO:root:VALID measures for class 1 - precision 0.3020 - recall 1.0000 - f1 0.4638 
INFO:root:VALID measures@10 microavg - precision 0.4000 - recall 0.0015 - f1 0.0030 
INFO:root:VALID measures@10 for class 0 - precision 0.0000 - recall 0.0000 - f1 0.0000 
INFO:root:VALID measures@10 for class 1 - precision 0.4000 - recall 0.0050 - f1 0.0098 
INFO:root:VALID measures@100 microavg - precision 0.4767 - recall 0.0179 - f1 0.0345 
INFO:root:VALID measures@100 for class 0 - precision 0.0000 - recall 0.0000 - f1 0.0000 
INFO:root:VALID measures@100 for class 1 - precision 0.4767 - recall 0.0592 - f1 0.1053 
INFO:root:VALID measures@1000 microavg - precision 0.3917 - recall 0.1469 - f1 0.2137 
INFO:root:VALID measures@1000 for class 0 - precision 0.0000 - recall 0.0000 - f1 0.0000 
INFO:root:VALID measures@1000 for class 1 - precision 0.3917 - recall 0.4865 - f1 0.4340 
INFO:root:VALID Total epoch time: 0.22035223800048698
INFO:root:################ TRAIN epoch 26 ###################
INFO:root:TRAIN mean losses tensor(1.7588)
INFO:root:TRAIN mean errors 0.6864528656005859
INFO:root:TRAIN mean MRR 0.0 - mean MAP 0.42922332882881165
INFO:root:TRAIN tp {0: tensor(2), 1: tensor(10029)},fn {0: tensor(21959), 1: tensor(2)},fp {0: tensor(2), 1: tensor(21959)}
INFO:root:TRAIN measures microavg - precision 0.3135 - recall 0.3135 - f1 0.3135 
INFO:root:TRAIN measures for class 0 - precision 0.5000 - recall 0.0001 - f1 0.0002 
INFO:root:TRAIN measures for class 1 - precision 0.3135 - recall 0.9998 - f1 0.4774 
INFO:root:TRAIN measures@10 microavg - precision 0.5833 - recall 0.0022 - f1 0.0044 
INFO:root:TRAIN measures@10 for class 0 - precision 0.0000 - recall 0.0000 - f1 0.0000 
INFO:root:TRAIN measures@10 for class 1 - precision 0.5833 - recall 0.0070 - f1 0.0138 
INFO:root:TRAIN measures@100 microavg - precision 0.5267 - recall 0.0198 - f1 0.0381 
INFO:root:TRAIN measures@100 for class 0 - precision 0.0000 - recall 0.0000 - f1 0.0000 
INFO:root:TRAIN measures@100 for class 1 - precision 0.5267 - recall 0.0630 - f1 0.1125 
INFO:root:TRAIN measures@1000 microavg - precision 0.4225 - recall 0.1585 - f1 0.2305 
INFO:root:TRAIN measures@1000 for class 0 - precision 0.0000 - recall 0.0000 - f1 0.0000 
INFO:root:TRAIN measures@1000 for class 1 - precision 0.4225 - recall 0.5054 - f1 0.4603 
INFO:root:TRAIN Total epoch time: 1.112015824000082
INFO:root:################ VALID epoch 26 ###################
INFO:root:VALID mean losses tensor(1.7626)
INFO:root:VALID mean errors 0.6980494856834412
INFO:root:VALID mean MRR 0.0 - mean MAP 0.39852920174598694
INFO:root:VALID tp {0: tensor(0), 1: tensor(2415)},fn {0: tensor(5583), 1: tensor(0)},fp {0: tensor(0), 1: tensor(5583)}
INFO:root:VALID measures microavg - precision 0.3020 - recall 0.3020 - f1 0.3020 
INFO:root:VALID measures for class 0 - precision 0.0000 - recall 0.0000 - f1 0.0000 
INFO:root:VALID measures for class 1 - precision 0.3020 - recall 1.0000 - f1 0.4638 
INFO:root:VALID measures@10 microavg - precision 0.4000 - recall 0.0015 - f1 0.0030 
INFO:root:VALID measures@10 for class 0 - precision 0.0000 - recall 0.0000 - f1 0.0000 
INFO:root:VALID measures@10 for class 1 - precision 0.4000 - recall 0.0050 - f1 0.0098 
INFO:root:VALID measures@100 microavg - precision 0.4933 - recall 0.0185 - f1 0.0357 
INFO:root:VALID measures@100 for class 0 - precision 0.0000 - recall 0.0000 - f1 0.0000 
INFO:root:VALID measures@100 for class 1 - precision 0.4933 - recall 0.0613 - f1 0.1090 
INFO:root:VALID measures@1000 microavg - precision 0.3977 - recall 0.1492 - f1 0.2169 
INFO:root:VALID measures@1000 for class 0 - precision 0.0000 - recall 0.0000 - f1 0.0000 
INFO:root:VALID measures@1000 for class 1 - precision 0.3977 - recall 0.4940 - f1 0.4406 
INFO:root:VALID Total epoch time: 0.18948835900027916
INFO:root:################ TRAIN epoch 27 ###################
INFO:root:TRAIN mean losses tensor(1.7600)
INFO:root:TRAIN mean errors 0.6864528656005859
INFO:root:TRAIN mean MRR 0.0 - mean MAP 0.42666542530059814
INFO:root:TRAIN tp {0: tensor(0), 1: tensor(10031)},fn {0: tensor(21961), 1: tensor(0)},fp {0: tensor(0), 1: tensor(21961)}
INFO:root:TRAIN measures microavg - precision 0.3135 - recall 0.3135 - f1 0.3135 
INFO:root:TRAIN measures for class 0 - precision 0.0000 - recall 0.0000 - f1 0.0000 
INFO:root:TRAIN measures for class 1 - precision 0.3135 - recall 1.0000 - f1 0.4774 
INFO:root:TRAIN measures@10 microavg - precision 0.6750 - recall 0.0025 - f1 0.0050 
INFO:root:TRAIN measures@10 for class 0 - precision 0.0000 - recall 0.0000 - f1 0.0000 
INFO:root:TRAIN measures@10 for class 1 - precision 0.6750 - recall 0.0081 - f1 0.0160 
INFO:root:TRAIN measures@100 microavg - precision 0.4925 - recall 0.0185 - f1 0.0356 
INFO:root:TRAIN measures@100 for class 0 - precision 0.0000 - recall 0.0000 - f1 0.0000 
INFO:root:TRAIN measures@100 for class 1 - precision 0.4925 - recall 0.0589 - f1 0.1052 
INFO:root:TRAIN measures@1000 microavg - precision 0.4192 - recall 0.1572 - f1 0.2287 
INFO:root:TRAIN measures@1000 for class 0 - precision 0.0000 - recall 0.0000 - f1 0.0000 
INFO:root:TRAIN measures@1000 for class 1 - precision 0.4192 - recall 0.5014 - f1 0.4566 
INFO:root:TRAIN Total epoch time: 0.9995268339998802
INFO:root:################ VALID epoch 27 ###################
INFO:root:VALID mean losses tensor(1.7607)
INFO:root:VALID mean errors 0.6980494856834412
INFO:root:VALID mean MRR 0.0 - mean MAP 0.4034371078014374
INFO:root:VALID tp {0: tensor(0), 1: tensor(2415)},fn {0: tensor(5583), 1: tensor(0)},fp {0: tensor(0), 1: tensor(5583)}
INFO:root:VALID measures microavg - precision 0.3020 - recall 0.3020 - f1 0.3020 
INFO:root:VALID measures for class 0 - precision 0.0000 - recall 0.0000 - f1 0.0000 
INFO:root:VALID measures for class 1 - precision 0.3020 - recall 1.0000 - f1 0.4638 
INFO:root:VALID measures@10 microavg - precision 0.5000 - recall 0.0019 - f1 0.0037 
INFO:root:VALID measures@10 for class 0 - precision 0.0000 - recall 0.0000 - f1 0.0000 
INFO:root:VALID measures@10 for class 1 - precision 0.5000 - recall 0.0062 - f1 0.0123 
INFO:root:VALID measures@100 microavg - precision 0.4867 - recall 0.0183 - f1 0.0352 
INFO:root:VALID measures@100 for class 0 - precision 0.0000 - recall 0.0000 - f1 0.0000 
INFO:root:VALID measures@100 for class 1 - precision 0.4867 - recall 0.0605 - f1 0.1076 
INFO:root:VALID measures@1000 microavg - precision 0.3987 - recall 0.1495 - f1 0.2175 
INFO:root:VALID measures@1000 for class 0 - precision 0.0000 - recall 0.0000 - f1 0.0000 
INFO:root:VALID measures@1000 for class 1 - precision 0.3987 - recall 0.4952 - f1 0.4417 
INFO:root:VALID Total epoch time: 0.18563148199973512
INFO:root:################ TRAIN epoch 28 ###################
INFO:root:TRAIN mean losses tensor(1.7620)
INFO:root:TRAIN mean errors 0.6864216327667236
INFO:root:TRAIN mean MRR 0.0 - mean MAP 0.4253048300743103
INFO:root:TRAIN tp {0: tensor(4), 1: tensor(10028)},fn {0: tensor(21957), 1: tensor(3)},fp {0: tensor(3), 1: tensor(21957)}
INFO:root:TRAIN measures microavg - precision 0.3136 - recall 0.3136 - f1 0.3136 
INFO:root:TRAIN measures for class 0 - precision 0.5714 - recall 0.0002 - f1 0.0004 
INFO:root:TRAIN measures for class 1 - precision 0.3135 - recall 0.9997 - f1 0.4773 
INFO:root:TRAIN measures@10 microavg - precision 0.5083 - recall 0.0019 - f1 0.0038 
INFO:root:TRAIN measures@10 for class 0 - precision 0.0000 - recall 0.0000 - f1 0.0000 
INFO:root:TRAIN measures@10 for class 1 - precision 0.5083 - recall 0.0061 - f1 0.0120 
INFO:root:TRAIN measures@100 microavg - precision 0.4996 - recall 0.0188 - f1 0.0362 
INFO:root:TRAIN measures@100 for class 0 - precision 1.0000 - recall 0.0000 - f1 0.0001 
INFO:root:TRAIN measures@100 for class 1 - precision 0.4992 - recall 0.0597 - f1 0.1067 
INFO:root:TRAIN measures@1000 microavg - precision 0.4176 - recall 0.1567 - f1 0.2279 
INFO:root:TRAIN measures@1000 for class 0 - precision 0.5000 - recall 0.0001 - f1 0.0002 
INFO:root:TRAIN measures@1000 for class 1 - precision 0.4176 - recall 0.4996 - f1 0.4549 
INFO:root:TRAIN Total epoch time: 1.091172540000116
INFO:root:################ VALID epoch 28 ###################
INFO:root:VALID mean losses tensor(1.7630)
INFO:root:VALID mean errors 0.6980494856834412
INFO:root:VALID mean MRR 0.0 - mean MAP 0.39528346061706543
INFO:root:VALID tp {0: tensor(0), 1: tensor(2415)},fn {0: tensor(5583), 1: tensor(0)},fp {0: tensor(0), 1: tensor(5583)}
INFO:root:VALID measures microavg - precision 0.3020 - recall 0.3020 - f1 0.3020 
INFO:root:VALID measures for class 0 - precision 0.0000 - recall 0.0000 - f1 0.0000 
INFO:root:VALID measures for class 1 - precision 0.3020 - recall 1.0000 - f1 0.4638 
INFO:root:VALID measures@10 microavg - precision 0.4000 - recall 0.0015 - f1 0.0030 
INFO:root:VALID measures@10 for class 0 - precision 0.0000 - recall 0.0000 - f1 0.0000 
INFO:root:VALID measures@10 for class 1 - precision 0.4000 - recall 0.0050 - f1 0.0098 
INFO:root:VALID measures@100 microavg - precision 0.4700 - recall 0.0176 - f1 0.0340 
INFO:root:VALID measures@100 for class 0 - precision 0.0000 - recall 0.0000 - f1 0.0000 
INFO:root:VALID measures@100 for class 1 - precision 0.4700 - recall 0.0584 - f1 0.1039 
INFO:root:VALID measures@1000 microavg - precision 0.3890 - recall 0.1459 - f1 0.2122 
INFO:root:VALID measures@1000 for class 0 - precision 0.0000 - recall 0.0000 - f1 0.0000 
INFO:root:VALID measures@1000 for class 1 - precision 0.3890 - recall 0.4832 - f1 0.4310 
INFO:root:VALID Total epoch time: 0.18471638599930884
INFO:root:################ TRAIN epoch 29 ###################
INFO:root:TRAIN mean losses tensor(1.7619)
INFO:root:TRAIN mean errors 0.6864528656005859
INFO:root:TRAIN mean MRR 0.0 - mean MAP 0.43070897459983826
INFO:root:TRAIN tp {0: tensor(0), 1: tensor(10031)},fn {0: tensor(21961), 1: tensor(0)},fp {0: tensor(0), 1: tensor(21961)}
INFO:root:TRAIN measures microavg - precision 0.3135 - recall 0.3135 - f1 0.3135 
INFO:root:TRAIN measures for class 0 - precision 0.0000 - recall 0.0000 - f1 0.0000 
INFO:root:TRAIN measures for class 1 - precision 0.3135 - recall 1.0000 - f1 0.4774 
INFO:root:TRAIN measures@10 microavg - precision 0.5917 - recall 0.0022 - f1 0.0044 
INFO:root:TRAIN measures@10 for class 0 - precision 0.0000 - recall 0.0000 - f1 0.0000 
INFO:root:TRAIN measures@10 for class 1 - precision 0.5917 - recall 0.0071 - f1 0.0140 
INFO:root:TRAIN measures@100 microavg - precision 0.5350 - recall 0.0201 - f1 0.0387 
INFO:root:TRAIN measures@100 for class 0 - precision 0.0000 - recall 0.0000 - f1 0.0000 
INFO:root:TRAIN measures@100 for class 1 - precision 0.5350 - recall 0.0640 - f1 0.1143 
INFO:root:TRAIN measures@1000 microavg - precision 0.4181 - recall 0.1568 - f1 0.2281 
INFO:root:TRAIN measures@1000 for class 0 - precision 0.0000 - recall 0.0000 - f1 0.0000 
INFO:root:TRAIN measures@1000 for class 1 - precision 0.4181 - recall 0.5001 - f1 0.4554 
INFO:root:TRAIN Total epoch time: 1.005872601000192
INFO:root:################ VALID epoch 29 ###################
INFO:root:VALID mean losses tensor(1.7640)
INFO:root:VALID mean errors 0.6979244947433472
INFO:root:VALID mean MRR 0.0 - mean MAP 0.3971419930458069
INFO:root:VALID tp {0: tensor(1), 1: tensor(2415)},fn {0: tensor(5582), 1: tensor(0)},fp {0: tensor(0), 1: tensor(5582)}
INFO:root:VALID measures microavg - precision 0.3021 - recall 0.3021 - f1 0.3021 
INFO:root:VALID measures for class 0 - precision 1.0000 - recall 0.0002 - f1 0.0004 
INFO:root:VALID measures for class 1 - precision 0.3020 - recall 1.0000 - f1 0.4639 
INFO:root:VALID measures@10 microavg - precision 0.4667 - recall 0.0018 - f1 0.0035 
INFO:root:VALID measures@10 for class 0 - precision 0.0000 - recall 0.0000 - f1 0.0000 
INFO:root:VALID measures@10 for class 1 - precision 0.4667 - recall 0.0058 - f1 0.0115 
INFO:root:VALID measures@100 microavg - precision 0.4767 - recall 0.0179 - f1 0.0345 
INFO:root:VALID measures@100 for class 0 - precision 0.0000 - recall 0.0000 - f1 0.0000 
INFO:root:VALID measures@100 for class 1 - precision 0.4767 - recall 0.0592 - f1 0.1053 
INFO:root:VALID measures@1000 microavg - precision 0.3929 - recall 0.1474 - f1 0.2144 
INFO:root:VALID measures@1000 for class 0 - precision 1.0000 - recall 0.0002 - f1 0.0004 
INFO:root:VALID measures@1000 for class 1 - precision 0.3927 - recall 0.4878 - f1 0.4351 
INFO:root:VALID Total epoch time: 0.1904168370001571
INFO:root:################ TRAIN epoch 30 ###################
INFO:root:TRAIN mean losses tensor(1.7609)
INFO:root:TRAIN mean errors 0.6862965822219849
INFO:root:TRAIN mean MRR 0.0 - mean MAP 0.4287385642528534
INFO:root:TRAIN tp {0: tensor(7), 1: tensor(10029)},fn {0: tensor(21954), 1: tensor(2)},fp {0: tensor(2), 1: tensor(21954)}
INFO:root:TRAIN measures microavg - precision 0.3137 - recall 0.3137 - f1 0.3137 
INFO:root:TRAIN measures for class 0 - precision 0.7778 - recall 0.0003 - f1 0.0006 
INFO:root:TRAIN measures for class 1 - precision 0.3136 - recall 0.9998 - f1 0.4774 
INFO:root:TRAIN measures@10 microavg - precision 0.6000 - recall 0.0023 - f1 0.0045 
INFO:root:TRAIN measures@10 for class 0 - precision 0.0000 - recall 0.0000 - f1 0.0000 
INFO:root:TRAIN measures@10 for class 1 - precision 0.6000 - recall 0.0072 - f1 0.0142 
INFO:root:TRAIN measures@100 microavg - precision 0.5071 - recall 0.0190 - f1 0.0367 
INFO:root:TRAIN measures@100 for class 0 - precision 1.0000 - recall 0.0000 - f1 0.0001 
INFO:root:TRAIN measures@100 for class 1 - precision 0.5067 - recall 0.0606 - f1 0.1083 
INFO:root:TRAIN measures@1000 microavg - precision 0.4246 - recall 0.1593 - f1 0.2317 
INFO:root:TRAIN measures@1000 for class 0 - precision 1.0000 - recall 0.0001 - f1 0.0002 
INFO:root:TRAIN measures@1000 for class 1 - precision 0.4245 - recall 0.5078 - f1 0.4624 
INFO:root:TRAIN Total epoch time: 1.0024500859999534
INFO:root:################ VALID epoch 30 ###################
INFO:root:VALID mean losses tensor(1.7547)
INFO:root:VALID mean errors 0.6980494856834412
INFO:root:VALID mean MRR 0.0 - mean MAP 0.4049409031867981
INFO:root:VALID tp {0: tensor(0), 1: tensor(2415)},fn {0: tensor(5583), 1: tensor(0)},fp {0: tensor(0), 1: tensor(5583)}
INFO:root:VALID measures microavg - precision 0.3020 - recall 0.3020 - f1 0.3020 
INFO:root:VALID measures for class 0 - precision 0.0000 - recall 0.0000 - f1 0.0000 
INFO:root:VALID measures for class 1 - precision 0.3020 - recall 1.0000 - f1 0.4638 
INFO:root:VALID measures@10 microavg - precision 0.5667 - recall 0.0021 - f1 0.0042 
INFO:root:VALID measures@10 for class 0 - precision 0.0000 - recall 0.0000 - f1 0.0000 
INFO:root:VALID measures@10 for class 1 - precision 0.5667 - recall 0.0070 - f1 0.0139 
INFO:root:VALID measures@100 microavg - precision 0.4900 - recall 0.0184 - f1 0.0354 
INFO:root:VALID measures@100 for class 0 - precision 0.0000 - recall 0.0000 - f1 0.0000 
INFO:root:VALID measures@100 for class 1 - precision 0.4900 - recall 0.0609 - f1 0.1083 
INFO:root:VALID measures@1000 microavg - precision 0.3923 - recall 0.1472 - f1 0.2140 
INFO:root:VALID measures@1000 for class 0 - precision 0.0000 - recall 0.0000 - f1 0.0000 
INFO:root:VALID measures@1000 for class 1 - precision 0.3923 - recall 0.4874 - f1 0.4347 
INFO:root:VALID Total epoch time: 0.19822428000043146
INFO:root:################ TRAIN epoch 31 ###################
INFO:root:TRAIN mean losses tensor(1.7620)
INFO:root:TRAIN mean errors 0.6862340569496155
INFO:root:TRAIN mean MRR 0.0 - mean MAP 0.4284733831882477
INFO:root:TRAIN tp {0: tensor(7), 1: tensor(10031)},fn {0: tensor(21954), 1: tensor(0)},fp {0: tensor(0), 1: tensor(21954)}
INFO:root:TRAIN measures microavg - precision 0.3138 - recall 0.3138 - f1 0.3138 
INFO:root:TRAIN measures for class 0 - precision 1.0000 - recall 0.0003 - f1 0.0006 
INFO:root:TRAIN measures for class 1 - precision 0.3136 - recall 1.0000 - f1 0.4775 
INFO:root:TRAIN measures@10 microavg - precision 0.5750 - recall 0.0022 - f1 0.0043 
INFO:root:TRAIN measures@10 for class 0 - precision 0.0000 - recall 0.0000 - f1 0.0000 
INFO:root:TRAIN measures@10 for class 1 - precision 0.5750 - recall 0.0069 - f1 0.0136 
INFO:root:TRAIN measures@100 microavg - precision 0.4925 - recall 0.0185 - f1 0.0356 
INFO:root:TRAIN measures@100 for class 0 - precision 0.0000 - recall 0.0000 - f1 0.0000 
INFO:root:TRAIN measures@100 for class 1 - precision 0.4925 - recall 0.0589 - f1 0.1052 
INFO:root:TRAIN measures@1000 microavg - precision 0.4249 - recall 0.1594 - f1 0.2318 
INFO:root:TRAIN measures@1000 for class 0 - precision 1.0000 - recall 0.0000 - f1 0.0001 
INFO:root:TRAIN measures@1000 for class 1 - precision 0.4248 - recall 0.5082 - f1 0.4628 
INFO:root:TRAIN Total epoch time: 1.0252178159998948
INFO:root:################ VALID epoch 31 ###################
INFO:root:VALID mean losses tensor(1.7620)
INFO:root:VALID mean errors 0.6980494856834412
INFO:root:VALID mean MRR 0.0 - mean MAP 0.393794983625412
INFO:root:VALID tp {0: tensor(0), 1: tensor(2415)},fn {0: tensor(5583), 1: tensor(0)},fp {0: tensor(0), 1: tensor(5583)}
INFO:root:VALID measures microavg - precision 0.3020 - recall 0.3020 - f1 0.3020 
INFO:root:VALID measures for class 0 - precision 0.0000 - recall 0.0000 - f1 0.0000 
INFO:root:VALID measures for class 1 - precision 0.3020 - recall 1.0000 - f1 0.4638 
INFO:root:VALID measures@10 microavg - precision 0.5667 - recall 0.0021 - f1 0.0042 
INFO:root:VALID measures@10 for class 0 - precision 0.0000 - recall 0.0000 - f1 0.0000 
INFO:root:VALID measures@10 for class 1 - precision 0.5667 - recall 0.0070 - f1 0.0139 
INFO:root:VALID measures@100 microavg - precision 0.4500 - recall 0.0169 - f1 0.0325 
INFO:root:VALID measures@100 for class 0 - precision 0.0000 - recall 0.0000 - f1 0.0000 
INFO:root:VALID measures@100 for class 1 - precision 0.4500 - recall 0.0559 - f1 0.0994 
INFO:root:VALID measures@1000 microavg - precision 0.3933 - recall 0.1475 - f1 0.2146 
INFO:root:VALID measures@1000 for class 0 - precision 0.0000 - recall 0.0000 - f1 0.0000 
INFO:root:VALID measures@1000 for class 1 - precision 0.3933 - recall 0.4886 - f1 0.4358 
INFO:root:VALID Total epoch time: 0.18930455499958043
INFO:root:################ TRAIN epoch 32 ###################
INFO:root:TRAIN mean losses tensor(1.7554)
INFO:root:TRAIN mean errors 0.6862652897834778
INFO:root:TRAIN mean MRR 0.0 - mean MAP 0.43314823508262634
INFO:root:TRAIN tp {0: tensor(6), 1: tensor(10031)},fn {0: tensor(21955), 1: tensor(0)},fp {0: tensor(0), 1: tensor(21955)}
INFO:root:TRAIN measures microavg - precision 0.3137 - recall 0.3137 - f1 0.3137 
INFO:root:TRAIN measures for class 0 - precision 1.0000 - recall 0.0003 - f1 0.0005 
INFO:root:TRAIN measures for class 1 - precision 0.3136 - recall 1.0000 - f1 0.4775 
INFO:root:TRAIN measures@10 microavg - precision 0.6583 - recall 0.0025 - f1 0.0049 
INFO:root:TRAIN measures@10 for class 0 - precision 0.0000 - recall 0.0000 - f1 0.0000 
INFO:root:TRAIN measures@10 for class 1 - precision 0.6583 - recall 0.0079 - f1 0.0156 
INFO:root:TRAIN measures@100 microavg - precision 0.5058 - recall 0.0190 - f1 0.0366 
INFO:root:TRAIN measures@100 for class 0 - precision 0.0000 - recall 0.0000 - f1 0.0000 
INFO:root:TRAIN measures@100 for class 1 - precision 0.5058 - recall 0.0605 - f1 0.1081 
INFO:root:TRAIN measures@1000 microavg - precision 0.4256 - recall 0.1596 - f1 0.2322 
INFO:root:TRAIN measures@1000 for class 0 - precision 0.0000 - recall 0.0000 - f1 0.0000 
INFO:root:TRAIN measures@1000 for class 1 - precision 0.4256 - recall 0.5091 - f1 0.4636 
INFO:root:TRAIN Total epoch time: 1.198771004000264
INFO:root:################ VALID epoch 32 ###################
INFO:root:VALID mean losses tensor(1.7581)
INFO:root:VALID mean errors 0.6980494856834412
INFO:root:VALID mean MRR 0.0 - mean MAP 0.39784544706344604
INFO:root:VALID tp {0: tensor(0), 1: tensor(2415)},fn {0: tensor(5583), 1: tensor(0)},fp {0: tensor(0), 1: tensor(5583)}
INFO:root:VALID measures microavg - precision 0.3020 - recall 0.3020 - f1 0.3020 
INFO:root:VALID measures for class 0 - precision 0.0000 - recall 0.0000 - f1 0.0000 
INFO:root:VALID measures for class 1 - precision 0.3020 - recall 1.0000 - f1 0.4638 
INFO:root:VALID measures@10 microavg - precision 0.4333 - recall 0.0016 - f1 0.0032 
INFO:root:VALID measures@10 for class 0 - precision 0.0000 - recall 0.0000 - f1 0.0000 
INFO:root:VALID measures@10 for class 1 - precision 0.4333 - recall 0.0054 - f1 0.0106 
INFO:root:VALID measures@100 microavg - precision 0.4267 - recall 0.0160 - f1 0.0309 
INFO:root:VALID measures@100 for class 0 - precision 0.0000 - recall 0.0000 - f1 0.0000 
INFO:root:VALID measures@100 for class 1 - precision 0.4267 - recall 0.0530 - f1 0.0943 
INFO:root:VALID measures@1000 microavg - precision 0.3927 - recall 0.1473 - f1 0.2142 
INFO:root:VALID measures@1000 for class 0 - precision 0.0000 - recall 0.0000 - f1 0.0000 
INFO:root:VALID measures@1000 for class 1 - precision 0.3927 - recall 0.4878 - f1 0.4351 
INFO:root:VALID Total epoch time: 0.1897705400006089
INFO:root:################ TRAIN epoch 33 ###################
INFO:root:TRAIN mean losses tensor(1.7530)
INFO:root:TRAIN mean errors 0.6864840984344482
INFO:root:TRAIN mean MRR 0.0 - mean MAP 0.43416672945022583
INFO:root:TRAIN tp {0: tensor(0), 1: tensor(10030)},fn {0: tensor(21961), 1: tensor(1)},fp {0: tensor(1), 1: tensor(21961)}
INFO:root:TRAIN measures microavg - precision 0.3135 - recall 0.3135 - f1 0.3135 
INFO:root:TRAIN measures for class 0 - precision 0.0000 - recall 0.0000 - f1 0.0000 
INFO:root:TRAIN measures for class 1 - precision 0.3135 - recall 0.9999 - f1 0.4774 
INFO:root:TRAIN measures@10 microavg - precision 0.6167 - recall 0.0023 - f1 0.0046 
INFO:root:TRAIN measures@10 for class 0 - precision 0.0000 - recall 0.0000 - f1 0.0000 
INFO:root:TRAIN measures@10 for class 1 - precision 0.6167 - recall 0.0074 - f1 0.0146 
INFO:root:TRAIN measures@100 microavg - precision 0.5050 - recall 0.0189 - f1 0.0365 
INFO:root:TRAIN measures@100 for class 0 - precision 0.0000 - recall 0.0000 - f1 0.0000 
INFO:root:TRAIN measures@100 for class 1 - precision 0.5050 - recall 0.0604 - f1 0.1079 
INFO:root:TRAIN measures@1000 microavg - precision 0.4288 - recall 0.1609 - f1 0.2340 
INFO:root:TRAIN measures@1000 for class 0 - precision 0.0000 - recall 0.0000 - f1 0.0000 
INFO:root:TRAIN measures@1000 for class 1 - precision 0.4288 - recall 0.5130 - f1 0.4672 
INFO:root:TRAIN Total epoch time: 0.9967343400003301
INFO:root:################ VALID epoch 33 ###################
INFO:root:VALID mean losses tensor(1.7561)
INFO:root:VALID mean errors 0.6979244947433472
INFO:root:VALID mean MRR 0.0 - mean MAP 0.4053172171115875
INFO:root:VALID tp {0: tensor(1), 1: tensor(2415)},fn {0: tensor(5582), 1: tensor(0)},fp {0: tensor(0), 1: tensor(5582)}
INFO:root:VALID measures microavg - precision 0.3021 - recall 0.3021 - f1 0.3021 
INFO:root:VALID measures for class 0 - precision 1.0000 - recall 0.0002 - f1 0.0004 
INFO:root:VALID measures for class 1 - precision 0.3020 - recall 1.0000 - f1 0.4639 
INFO:root:VALID measures@10 microavg - precision 0.4333 - recall 0.0016 - f1 0.0032 
INFO:root:VALID measures@10 for class 0 - precision 0.0000 - recall 0.0000 - f1 0.0000 
INFO:root:VALID measures@10 for class 1 - precision 0.4333 - recall 0.0054 - f1 0.0106 
INFO:root:VALID measures@100 microavg - precision 0.4767 - recall 0.0179 - f1 0.0345 
INFO:root:VALID measures@100 for class 0 - precision 0.0000 - recall 0.0000 - f1 0.0000 
INFO:root:VALID measures@100 for class 1 - precision 0.4767 - recall 0.0592 - f1 0.1053 
INFO:root:VALID measures@1000 microavg - precision 0.3977 - recall 0.1492 - f1 0.2169 
INFO:root:VALID measures@1000 for class 0 - precision 0.0000 - recall 0.0000 - f1 0.0000 
INFO:root:VALID measures@1000 for class 1 - precision 0.3977 - recall 0.4940 - f1 0.4406 
INFO:root:VALID Total epoch time: 0.18746048499997414
INFO:root:################ TRAIN epoch 34 ###################
INFO:root:TRAIN mean losses tensor(1.7508)
INFO:root:TRAIN mean errors 0.6863903403282166
INFO:root:TRAIN mean MRR 0.0 - mean MAP 0.42967745661735535
INFO:root:TRAIN tp {0: tensor(2), 1: tensor(10031)},fn {0: tensor(21959), 1: tensor(0)},fp {0: tensor(0), 1: tensor(21959)}
INFO:root:TRAIN measures microavg - precision 0.3136 - recall 0.3136 - f1 0.3136 
INFO:root:TRAIN measures for class 0 - precision 1.0000 - recall 0.0001 - f1 0.0002 
INFO:root:TRAIN measures for class 1 - precision 0.3136 - recall 1.0000 - f1 0.4774 
INFO:root:TRAIN measures@10 microavg - precision 0.4917 - recall 0.0018 - f1 0.0037 
INFO:root:TRAIN measures@10 for class 0 - precision 0.0000 - recall 0.0000 - f1 0.0000 
INFO:root:TRAIN measures@10 for class 1 - precision 0.4917 - recall 0.0059 - f1 0.0116 
INFO:root:TRAIN measures@100 microavg - precision 0.4892 - recall 0.0183 - f1 0.0354 
INFO:root:TRAIN measures@100 for class 0 - precision 0.0000 - recall 0.0000 - f1 0.0000 
INFO:root:TRAIN measures@100 for class 1 - precision 0.4892 - recall 0.0585 - f1 0.1045 
INFO:root:TRAIN measures@1000 microavg - precision 0.4259 - recall 0.1598 - f1 0.2324 
INFO:root:TRAIN measures@1000 for class 0 - precision 1.0000 - recall 0.0000 - f1 0.0001 
INFO:root:TRAIN measures@1000 for class 1 - precision 0.4258 - recall 0.5094 - f1 0.4639 
INFO:root:TRAIN Total epoch time: 1.009285267999985
INFO:root:################ VALID epoch 34 ###################
INFO:root:VALID mean losses tensor(1.7572)
INFO:root:VALID mean errors 0.6979244947433472
INFO:root:VALID mean MRR 0.0 - mean MAP 0.40479838848114014
INFO:root:VALID tp {0: tensor(2), 1: tensor(2414)},fn {0: tensor(5581), 1: tensor(1)},fp {0: tensor(1), 1: tensor(5581)}
INFO:root:VALID measures microavg - precision 0.3021 - recall 0.3021 - f1 0.3021 
INFO:root:VALID measures for class 0 - precision 0.6667 - recall 0.0004 - f1 0.0007 
INFO:root:VALID measures for class 1 - precision 0.3019 - recall 0.9996 - f1 0.4638 
INFO:root:VALID measures@10 microavg - precision 0.6000 - recall 0.0023 - f1 0.0045 
INFO:root:VALID measures@10 for class 0 - precision 0.0000 - recall 0.0000 - f1 0.0000 
INFO:root:VALID measures@10 for class 1 - precision 0.6000 - recall 0.0075 - f1 0.0147 
INFO:root:VALID measures@100 microavg - precision 0.5000 - recall 0.0188 - f1 0.0362 
INFO:root:VALID measures@100 for class 0 - precision 0.0000 - recall 0.0000 - f1 0.0000 
INFO:root:VALID measures@100 for class 1 - precision 0.5000 - recall 0.0621 - f1 0.1105 
INFO:root:VALID measures@1000 microavg - precision 0.4009 - recall 0.1505 - f1 0.2189 
INFO:root:VALID measures@1000 for class 0 - precision 0.6667 - recall 0.0004 - f1 0.0007 
INFO:root:VALID measures@1000 for class 1 - precision 0.4007 - recall 0.4977 - f1 0.4440 
INFO:root:VALID Total epoch time: 0.18727705700075603
INFO:root:################ TRAIN epoch 35 ###################
INFO:root:TRAIN mean losses tensor(1.7552)
INFO:root:TRAIN mean errors 0.6864528656005859
INFO:root:TRAIN mean MRR 0.0 - mean MAP 0.4316476881504059
INFO:root:TRAIN tp {0: tensor(0), 1: tensor(10031)},fn {0: tensor(21961), 1: tensor(0)},fp {0: tensor(0), 1: tensor(21961)}
INFO:root:TRAIN measures microavg - precision 0.3135 - recall 0.3135 - f1 0.3135 
INFO:root:TRAIN measures for class 0 - precision 0.0000 - recall 0.0000 - f1 0.0000 
INFO:root:TRAIN measures for class 1 - precision 0.3135 - recall 1.0000 - f1 0.4774 
INFO:root:TRAIN measures@10 microavg - precision 0.6000 - recall 0.0023 - f1 0.0045 
INFO:root:TRAIN measures@10 for class 0 - precision 0.0000 - recall 0.0000 - f1 0.0000 
INFO:root:TRAIN measures@10 for class 1 - precision 0.6000 - recall 0.0072 - f1 0.0142 
INFO:root:TRAIN measures@100 microavg - precision 0.5117 - recall 0.0192 - f1 0.0370 
INFO:root:TRAIN measures@100 for class 0 - precision 0.0000 - recall 0.0000 - f1 0.0000 
INFO:root:TRAIN measures@100 for class 1 - precision 0.5117 - recall 0.0612 - f1 0.1093 
INFO:root:TRAIN measures@1000 microavg - precision 0.4256 - recall 0.1596 - f1 0.2322 
INFO:root:TRAIN measures@1000 for class 0 - precision 0.0000 - recall 0.0000 - f1 0.0000 
INFO:root:TRAIN measures@1000 for class 1 - precision 0.4256 - recall 0.5091 - f1 0.4636 
INFO:root:TRAIN Total epoch time: 0.982798195000214
INFO:root:################ VALID epoch 35 ###################
INFO:root:VALID mean losses tensor(1.7473)
INFO:root:VALID mean errors 0.6980494856834412
INFO:root:VALID mean MRR 0.0 - mean MAP 0.41158628463745117
INFO:root:VALID tp {0: tensor(0), 1: tensor(2415)},fn {0: tensor(5583), 1: tensor(0)},fp {0: tensor(0), 1: tensor(5583)}
INFO:root:VALID measures microavg - precision 0.3020 - recall 0.3020 - f1 0.3020 
INFO:root:VALID measures for class 0 - precision 0.0000 - recall 0.0000 - f1 0.0000 
INFO:root:VALID measures for class 1 - precision 0.3020 - recall 1.0000 - f1 0.4638 
INFO:root:VALID measures@10 microavg - precision 0.7000 - recall 0.0026 - f1 0.0052 
INFO:root:VALID measures@10 for class 0 - precision 0.0000 - recall 0.0000 - f1 0.0000 
INFO:root:VALID measures@10 for class 1 - precision 0.7000 - recall 0.0087 - f1 0.0172 
INFO:root:VALID measures@100 microavg - precision 0.4667 - recall 0.0175 - f1 0.0337 
INFO:root:VALID measures@100 for class 0 - precision 0.0000 - recall 0.0000 - f1 0.0000 
INFO:root:VALID measures@100 for class 1 - precision 0.4667 - recall 0.0580 - f1 0.1031 
INFO:root:VALID measures@1000 microavg - precision 0.4067 - recall 0.1525 - f1 0.2219 
INFO:root:VALID measures@1000 for class 0 - precision 0.0000 - recall 0.0000 - f1 0.0000 
INFO:root:VALID measures@1000 for class 1 - precision 0.4067 - recall 0.5052 - f1 0.4506 
INFO:root:VALID Total epoch time: 0.1821385339999324
INFO:root:################ TRAIN epoch 36 ###################
INFO:root:TRAIN mean losses tensor(1.7572)
INFO:root:TRAIN mean errors 0.6864528656005859
INFO:root:TRAIN mean MRR 0.0 - mean MAP 0.43157264590263367
INFO:root:TRAIN tp {0: tensor(0), 1: tensor(10031)},fn {0: tensor(21961), 1: tensor(0)},fp {0: tensor(0), 1: tensor(21961)}
INFO:root:TRAIN measures microavg - precision 0.3135 - recall 0.3135 - f1 0.3135 
INFO:root:TRAIN measures for class 0 - precision 0.0000 - recall 0.0000 - f1 0.0000 
INFO:root:TRAIN measures for class 1 - precision 0.3135 - recall 1.0000 - f1 0.4774 
INFO:root:TRAIN measures@10 microavg - precision 0.6667 - recall 0.0025 - f1 0.0050 
INFO:root:TRAIN measures@10 for class 0 - precision 0.0000 - recall 0.0000 - f1 0.0000 
INFO:root:TRAIN measures@10 for class 1 - precision 0.6667 - recall 0.0080 - f1 0.0158 
INFO:root:TRAIN measures@100 microavg - precision 0.5058 - recall 0.0190 - f1 0.0366 
INFO:root:TRAIN measures@100 for class 0 - precision 0.0000 - recall 0.0000 - f1 0.0000 
INFO:root:TRAIN measures@100 for class 1 - precision 0.5058 - recall 0.0605 - f1 0.1081 
INFO:root:TRAIN measures@1000 microavg - precision 0.4238 - recall 0.1590 - f1 0.2312 
INFO:root:TRAIN measures@1000 for class 0 - precision 0.0000 - recall 0.0000 - f1 0.0000 
INFO:root:TRAIN measures@1000 for class 1 - precision 0.4238 - recall 0.5070 - f1 0.4617 
INFO:root:TRAIN Total epoch time: 1.048637982999935
INFO:root:################ VALID epoch 36 ###################
INFO:root:VALID mean losses tensor(1.7584)
INFO:root:VALID mean errors 0.6980494856834412
INFO:root:VALID mean MRR 0.0 - mean MAP 0.4060962498188019
INFO:root:VALID tp {0: tensor(0), 1: tensor(2415)},fn {0: tensor(5583), 1: tensor(0)},fp {0: tensor(0), 1: tensor(5583)}
INFO:root:VALID measures microavg - precision 0.3020 - recall 0.3020 - f1 0.3020 
INFO:root:VALID measures for class 0 - precision 0.0000 - recall 0.0000 - f1 0.0000 
INFO:root:VALID measures for class 1 - precision 0.3020 - recall 1.0000 - f1 0.4638 
INFO:root:VALID measures@10 microavg - precision 0.4667 - recall 0.0018 - f1 0.0035 
INFO:root:VALID measures@10 for class 0 - precision 0.0000 - recall 0.0000 - f1 0.0000 
INFO:root:VALID measures@10 for class 1 - precision 0.4667 - recall 0.0058 - f1 0.0115 
INFO:root:VALID measures@100 microavg - precision 0.4700 - recall 0.0176 - f1 0.0340 
INFO:root:VALID measures@100 for class 0 - precision 0.0000 - recall 0.0000 - f1 0.0000 
INFO:root:VALID measures@100 for class 1 - precision 0.4700 - recall 0.0584 - f1 0.1039 
INFO:root:VALID measures@1000 microavg - precision 0.3973 - recall 0.1490 - f1 0.2168 
INFO:root:VALID measures@1000 for class 0 - precision 0.0000 - recall 0.0000 - f1 0.0000 
INFO:root:VALID measures@1000 for class 1 - precision 0.3973 - recall 0.4936 - f1 0.4403 
INFO:root:VALID Total epoch time: 0.19750566400034586
INFO:root:################ TRAIN epoch 37 ###################
INFO:root:TRAIN mean losses tensor(1.7545)
INFO:root:TRAIN mean errors 0.6864528656005859
INFO:root:TRAIN mean MRR 0.0 - mean MAP 0.4309332072734833
INFO:root:TRAIN tp {0: tensor(0), 1: tensor(10031)},fn {0: tensor(21961), 1: tensor(0)},fp {0: tensor(0), 1: tensor(21961)}
INFO:root:TRAIN measures microavg - precision 0.3135 - recall 0.3135 - f1 0.3135 
INFO:root:TRAIN measures for class 0 - precision 0.0000 - recall 0.0000 - f1 0.0000 
INFO:root:TRAIN measures for class 1 - precision 0.3135 - recall 1.0000 - f1 0.4774 
INFO:root:TRAIN measures@10 microavg - precision 0.5667 - recall 0.0021 - f1 0.0042 
INFO:root:TRAIN measures@10 for class 0 - precision 0.0000 - recall 0.0000 - f1 0.0000 
INFO:root:TRAIN measures@10 for class 1 - precision 0.5667 - recall 0.0068 - f1 0.0134 
INFO:root:TRAIN measures@100 microavg - precision 0.5175 - recall 0.0194 - f1 0.0374 
INFO:root:TRAIN measures@100 for class 0 - precision 0.0000 - recall 0.0000 - f1 0.0000 
INFO:root:TRAIN measures@100 for class 1 - precision 0.5175 - recall 0.0619 - f1 0.1106 
INFO:root:TRAIN measures@1000 microavg - precision 0.4258 - recall 0.1597 - f1 0.2323 
INFO:root:TRAIN measures@1000 for class 0 - precision 0.0000 - recall 0.0000 - f1 0.0000 
INFO:root:TRAIN measures@1000 for class 1 - precision 0.4258 - recall 0.5094 - f1 0.4639 
INFO:root:TRAIN Total epoch time: 0.9710994000006394
INFO:root:################ VALID epoch 37 ###################
INFO:root:VALID mean losses tensor(1.7609)
INFO:root:VALID mean errors 0.6980494856834412
INFO:root:VALID mean MRR 0.0 - mean MAP 0.40482962131500244
INFO:root:VALID tp {0: tensor(0), 1: tensor(2415)},fn {0: tensor(5583), 1: tensor(0)},fp {0: tensor(0), 1: tensor(5583)}
INFO:root:VALID measures microavg - precision 0.3020 - recall 0.3020 - f1 0.3020 
INFO:root:VALID measures for class 0 - precision 0.0000 - recall 0.0000 - f1 0.0000 
INFO:root:VALID measures for class 1 - precision 0.3020 - recall 1.0000 - f1 0.4638 
INFO:root:VALID measures@10 microavg - precision 0.4667 - recall 0.0018 - f1 0.0035 
INFO:root:VALID measures@10 for class 0 - precision 0.0000 - recall 0.0000 - f1 0.0000 
INFO:root:VALID measures@10 for class 1 - precision 0.4667 - recall 0.0058 - f1 0.0115 
INFO:root:VALID measures@100 microavg - precision 0.4667 - recall 0.0175 - f1 0.0337 
INFO:root:VALID measures@100 for class 0 - precision 0.0000 - recall 0.0000 - f1 0.0000 
INFO:root:VALID measures@100 for class 1 - precision 0.4667 - recall 0.0580 - f1 0.1031 
INFO:root:VALID measures@1000 microavg - precision 0.3963 - recall 0.1487 - f1 0.2162 
INFO:root:VALID measures@1000 for class 0 - precision 0.0000 - recall 0.0000 - f1 0.0000 
INFO:root:VALID measures@1000 for class 1 - precision 0.3963 - recall 0.4923 - f1 0.4392 
INFO:root:VALID Total epoch time: 0.19088021900006424
INFO:root:################ TRAIN epoch 38 ###################
INFO:root:TRAIN mean losses tensor(1.7474)
INFO:root:TRAIN mean errors 0.6864528656005859
INFO:root:TRAIN mean MRR 0.0 - mean MAP 0.4353981912136078
INFO:root:TRAIN tp {0: tensor(0), 1: tensor(10031)},fn {0: tensor(21961), 1: tensor(0)},fp {0: tensor(0), 1: tensor(21961)}
INFO:root:TRAIN measures microavg - precision 0.3135 - recall 0.3135 - f1 0.3135 
INFO:root:TRAIN measures for class 0 - precision 0.0000 - recall 0.0000 - f1 0.0000 
INFO:root:TRAIN measures for class 1 - precision 0.3135 - recall 1.0000 - f1 0.4774 
INFO:root:TRAIN measures@10 microavg - precision 0.5333 - recall 0.0020 - f1 0.0040 
INFO:root:TRAIN measures@10 for class 0 - precision 0.0000 - recall 0.0000 - f1 0.0000 
INFO:root:TRAIN measures@10 for class 1 - precision 0.5333 - recall 0.0064 - f1 0.0126 
INFO:root:TRAIN measures@100 microavg - precision 0.5075 - recall 0.0190 - f1 0.0367 
INFO:root:TRAIN measures@100 for class 0 - precision 0.0000 - recall 0.0000 - f1 0.0000 
INFO:root:TRAIN measures@100 for class 1 - precision 0.5075 - recall 0.0607 - f1 0.1084 
INFO:root:TRAIN measures@1000 microavg - precision 0.4318 - recall 0.1620 - f1 0.2356 
INFO:root:TRAIN measures@1000 for class 0 - precision 0.0000 - recall 0.0000 - f1 0.0000 
INFO:root:TRAIN measures@1000 for class 1 - precision 0.4318 - recall 0.5166 - f1 0.4704 
INFO:root:TRAIN Total epoch time: 0.9984191949997694
INFO:root:################ VALID epoch 38 ###################
INFO:root:VALID mean losses tensor(1.7536)
INFO:root:VALID mean errors 0.6980494856834412
INFO:root:VALID mean MRR 0.0 - mean MAP 0.4078167974948883
INFO:root:VALID tp {0: tensor(0), 1: tensor(2415)},fn {0: tensor(5583), 1: tensor(0)},fp {0: tensor(0), 1: tensor(5583)}
INFO:root:VALID measures microavg - precision 0.3020 - recall 0.3020 - f1 0.3020 
INFO:root:VALID measures for class 0 - precision 0.0000 - recall 0.0000 - f1 0.0000 
INFO:root:VALID measures for class 1 - precision 0.3020 - recall 1.0000 - f1 0.4638 
INFO:root:VALID measures@10 microavg - precision 0.5333 - recall 0.0020 - f1 0.0040 
INFO:root:VALID measures@10 for class 0 - precision 0.0000 - recall 0.0000 - f1 0.0000 
INFO:root:VALID measures@10 for class 1 - precision 0.5333 - recall 0.0066 - f1 0.0131 
INFO:root:VALID measures@100 microavg - precision 0.4833 - recall 0.0181 - f1 0.0349 
INFO:root:VALID measures@100 for class 0 - precision 0.0000 - recall 0.0000 - f1 0.0000 
INFO:root:VALID measures@100 for class 1 - precision 0.4833 - recall 0.0600 - f1 0.1068 
INFO:root:VALID measures@1000 microavg - precision 0.3980 - recall 0.1493 - f1 0.2171 
INFO:root:VALID measures@1000 for class 0 - precision 0.0000 - recall 0.0000 - f1 0.0000 
INFO:root:VALID measures@1000 for class 1 - precision 0.3980 - recall 0.4944 - f1 0.4410 
INFO:root:VALID Total epoch time: 0.18965737000053196
INFO:root:################ TRAIN epoch 39 ###################
INFO:root:TRAIN mean losses tensor(1.7462)
INFO:root:TRAIN mean errors 0.6864528656005859
INFO:root:TRAIN mean MRR 0.0 - mean MAP 0.4344642162322998
INFO:root:TRAIN tp {0: tensor(0), 1: tensor(10031)},fn {0: tensor(21961), 1: tensor(0)},fp {0: tensor(0), 1: tensor(21961)}
INFO:root:TRAIN measures microavg - precision 0.3135 - recall 0.3135 - f1 0.3135 
INFO:root:TRAIN measures for class 0 - precision 0.0000 - recall 0.0000 - f1 0.0000 
INFO:root:TRAIN measures for class 1 - precision 0.3135 - recall 1.0000 - f1 0.4774 
INFO:root:TRAIN measures@10 microavg - precision 0.5500 - recall 0.0021 - f1 0.0041 
INFO:root:TRAIN measures@10 for class 0 - precision 0.0000 - recall 0.0000 - f1 0.0000 
INFO:root:TRAIN measures@10 for class 1 - precision 0.5500 - recall 0.0066 - f1 0.0130 
INFO:root:TRAIN measures@100 microavg - precision 0.5083 - recall 0.0191 - f1 0.0368 
INFO:root:TRAIN measures@100 for class 0 - precision 0.0000 - recall 0.0000 - f1 0.0000 
INFO:root:TRAIN measures@100 for class 1 - precision 0.5083 - recall 0.0608 - f1 0.1086 
INFO:root:TRAIN measures@1000 microavg - precision 0.4264 - recall 0.1599 - f1 0.2326 
INFO:root:TRAIN measures@1000 for class 0 - precision 0.0000 - recall 0.0000 - f1 0.0000 
INFO:root:TRAIN measures@1000 for class 1 - precision 0.4264 - recall 0.5101 - f1 0.4645 
INFO:root:TRAIN Total epoch time: 0.9904979460006871
INFO:root:################ VALID epoch 39 ###################
INFO:root:VALID mean losses tensor(1.7611)
INFO:root:VALID mean errors 0.6980494856834412
INFO:root:VALID mean MRR 0.0 - mean MAP 0.3978712558746338
INFO:root:VALID tp {0: tensor(0), 1: tensor(2415)},fn {0: tensor(5583), 1: tensor(0)},fp {0: tensor(0), 1: tensor(5583)}
INFO:root:VALID measures microavg - precision 0.3020 - recall 0.3020 - f1 0.3020 
INFO:root:VALID measures for class 0 - precision 0.0000 - recall 0.0000 - f1 0.0000 
INFO:root:VALID measures for class 1 - precision 0.3020 - recall 1.0000 - f1 0.4638 
INFO:root:VALID measures@10 microavg - precision 0.5667 - recall 0.0021 - f1 0.0042 
INFO:root:VALID measures@10 for class 0 - precision 0.0000 - recall 0.0000 - f1 0.0000 
INFO:root:VALID measures@10 for class 1 - precision 0.5667 - recall 0.0070 - f1 0.0139 
INFO:root:VALID measures@100 microavg - precision 0.4967 - recall 0.0186 - f1 0.0359 
INFO:root:VALID measures@100 for class 0 - precision 0.0000 - recall 0.0000 - f1 0.0000 
INFO:root:VALID measures@100 for class 1 - precision 0.4967 - recall 0.0617 - f1 0.1098 
INFO:root:VALID measures@1000 microavg - precision 0.3955 - recall 0.1484 - f1 0.2158 
INFO:root:VALID measures@1000 for class 0 - precision 1.0000 - recall 0.0002 - f1 0.0004 
INFO:root:VALID measures@1000 for class 1 - precision 0.3953 - recall 0.4911 - f1 0.4380 
INFO:root:VALID Total epoch time: 0.19319646599979023
INFO:root:################ TRAIN epoch 40 ###################
INFO:root:TRAIN mean losses tensor(1.7451)
INFO:root:TRAIN mean errors 0.6864840984344482
INFO:root:TRAIN mean MRR 0.0 - mean MAP 0.4343864917755127
INFO:root:TRAIN tp {0: tensor(1), 1: tensor(10029)},fn {0: tensor(21960), 1: tensor(2)},fp {0: tensor(2), 1: tensor(21960)}
INFO:root:TRAIN measures microavg - precision 0.3135 - recall 0.3135 - f1 0.3135 
INFO:root:TRAIN measures for class 0 - precision 0.3333 - recall 0.0000 - f1 0.0001 
INFO:root:TRAIN measures for class 1 - precision 0.3135 - recall 0.9998 - f1 0.4773 
INFO:root:TRAIN measures@10 microavg - precision 0.5250 - recall 0.0020 - f1 0.0039 
INFO:root:TRAIN measures@10 for class 0 - precision 0.0000 - recall 0.0000 - f1 0.0000 
INFO:root:TRAIN measures@10 for class 1 - precision 0.5250 - recall 0.0063 - f1 0.0124 
INFO:root:TRAIN measures@100 microavg - precision 0.5208 - recall 0.0195 - f1 0.0377 
INFO:root:TRAIN measures@100 for class 0 - precision 0.0000 - recall 0.0000 - f1 0.0000 
INFO:root:TRAIN measures@100 for class 1 - precision 0.5208 - recall 0.0623 - f1 0.1113 
INFO:root:TRAIN measures@1000 microavg - precision 0.4238 - recall 0.1590 - f1 0.2312 
INFO:root:TRAIN measures@1000 for class 0 - precision 0.0000 - recall 0.0000 - f1 0.0000 
INFO:root:TRAIN measures@1000 for class 1 - precision 0.4238 - recall 0.5070 - f1 0.4617 
INFO:root:TRAIN Total epoch time: 1.0059420919997137
INFO:root:################ VALID epoch 40 ###################
INFO:root:VALID mean losses tensor(1.7489)
INFO:root:VALID mean errors 0.6980494856834412
INFO:root:VALID mean MRR 0.0 - mean MAP 0.4076984226703644
INFO:root:VALID tp {0: tensor(0), 1: tensor(2415)},fn {0: tensor(5583), 1: tensor(0)},fp {0: tensor(0), 1: tensor(5583)}
INFO:root:VALID measures microavg - precision 0.3020 - recall 0.3020 - f1 0.3020 
INFO:root:VALID measures for class 0 - precision 0.0000 - recall 0.0000 - f1 0.0000 
INFO:root:VALID measures for class 1 - precision 0.3020 - recall 1.0000 - f1 0.4638 
INFO:root:VALID measures@10 microavg - precision 0.5667 - recall 0.0021 - f1 0.0042 
INFO:root:VALID measures@10 for class 0 - precision 0.0000 - recall 0.0000 - f1 0.0000 
INFO:root:VALID measures@10 for class 1 - precision 0.5667 - recall 0.0070 - f1 0.0139 
INFO:root:VALID measures@100 microavg - precision 0.4700 - recall 0.0176 - f1 0.0340 
INFO:root:VALID measures@100 for class 0 - precision 0.0000 - recall 0.0000 - f1 0.0000 
INFO:root:VALID measures@100 for class 1 - precision 0.4700 - recall 0.0584 - f1 0.1039 
INFO:root:VALID measures@1000 microavg - precision 0.3997 - recall 0.1499 - f1 0.2180 
INFO:root:VALID measures@1000 for class 0 - precision 0.0000 - recall 0.0000 - f1 0.0000 
INFO:root:VALID measures@1000 for class 1 - precision 0.3997 - recall 0.4965 - f1 0.4428 
INFO:root:VALID Total epoch time: 0.18954927999948268
INFO:root:################ TRAIN epoch 41 ###################
INFO:root:TRAIN mean losses tensor(1.7465)
INFO:root:TRAIN mean errors 0.6864528656005859
INFO:root:TRAIN mean MRR 0.0 - mean MAP 0.43412476778030396
INFO:root:TRAIN tp {0: tensor(0), 1: tensor(10031)},fn {0: tensor(21961), 1: tensor(0)},fp {0: tensor(0), 1: tensor(21961)}
INFO:root:TRAIN measures microavg - precision 0.3135 - recall 0.3135 - f1 0.3135 
INFO:root:TRAIN measures for class 0 - precision 0.0000 - recall 0.0000 - f1 0.0000 
INFO:root:TRAIN measures for class 1 - precision 0.3135 - recall 1.0000 - f1 0.4774 
INFO:root:TRAIN measures@10 microavg - precision 0.5833 - recall 0.0022 - f1 0.0044 
INFO:root:TRAIN measures@10 for class 0 - precision 0.0000 - recall 0.0000 - f1 0.0000 
INFO:root:TRAIN measures@10 for class 1 - precision 0.5833 - recall 0.0070 - f1 0.0138 
INFO:root:TRAIN measures@100 microavg - precision 0.5242 - recall 0.0197 - f1 0.0379 
INFO:root:TRAIN measures@100 for class 0 - precision 0.0000 - recall 0.0000 - f1 0.0000 
INFO:root:TRAIN measures@100 for class 1 - precision 0.5242 - recall 0.0627 - f1 0.1120 
INFO:root:TRAIN measures@1000 microavg - precision 0.4278 - recall 0.1604 - f1 0.2334 
INFO:root:TRAIN measures@1000 for class 0 - precision 0.0000 - recall 0.0000 - f1 0.0000 
INFO:root:TRAIN measures@1000 for class 1 - precision 0.4278 - recall 0.5117 - f1 0.4660 
INFO:root:TRAIN Total epoch time: 1.0044574710000234
INFO:root:################ VALID epoch 41 ###################
INFO:root:VALID mean losses tensor(1.7562)
INFO:root:VALID mean errors 0.6980494856834412
INFO:root:VALID mean MRR 0.0 - mean MAP 0.4001648426055908
INFO:root:VALID tp {0: tensor(0), 1: tensor(2415)},fn {0: tensor(5583), 1: tensor(0)},fp {0: tensor(0), 1: tensor(5583)}
INFO:root:VALID measures microavg - precision 0.3020 - recall 0.3020 - f1 0.3020 
INFO:root:VALID measures for class 0 - precision 0.0000 - recall 0.0000 - f1 0.0000 
INFO:root:VALID measures for class 1 - precision 0.3020 - recall 1.0000 - f1 0.4638 
INFO:root:VALID measures@10 microavg - precision 0.5667 - recall 0.0021 - f1 0.0042 
INFO:root:VALID measures@10 for class 0 - precision 0.0000 - recall 0.0000 - f1 0.0000 
INFO:root:VALID measures@10 for class 1 - precision 0.5667 - recall 0.0070 - f1 0.0139 
INFO:root:VALID measures@100 microavg - precision 0.4533 - recall 0.0170 - f1 0.0328 
INFO:root:VALID measures@100 for class 0 - precision 0.0000 - recall 0.0000 - f1 0.0000 
INFO:root:VALID measures@100 for class 1 - precision 0.4533 - recall 0.0563 - f1 0.1002 
INFO:root:VALID measures@1000 microavg - precision 0.3937 - recall 0.1477 - f1 0.2148 
INFO:root:VALID measures@1000 for class 0 - precision 0.0000 - recall 0.0000 - f1 0.0000 
INFO:root:VALID measures@1000 for class 1 - precision 0.3937 - recall 0.4890 - f1 0.4362 
INFO:root:VALID Total epoch time: 0.1872148570000718
INFO:root:################ TRAIN epoch 42 ###################
INFO:root:TRAIN mean losses tensor(1.7445)
INFO:root:TRAIN mean errors 0.6864840984344482
INFO:root:TRAIN mean MRR 0.0 - mean MAP 0.43739229440689087
INFO:root:TRAIN tp {0: tensor(0), 1: tensor(10030)},fn {0: tensor(21961), 1: tensor(1)},fp {0: tensor(1), 1: tensor(21961)}
INFO:root:TRAIN measures microavg - precision 0.3135 - recall 0.3135 - f1 0.3135 
INFO:root:TRAIN measures for class 0 - precision 0.0000 - recall 0.0000 - f1 0.0000 
INFO:root:TRAIN measures for class 1 - precision 0.3135 - recall 0.9999 - f1 0.4774 
INFO:root:TRAIN measures@10 microavg - precision 0.5583 - recall 0.0021 - f1 0.0042 
INFO:root:TRAIN measures@10 for class 0 - precision 0.0000 - recall 0.0000 - f1 0.0000 
INFO:root:TRAIN measures@10 for class 1 - precision 0.5583 - recall 0.0067 - f1 0.0132 
INFO:root:TRAIN measures@100 microavg - precision 0.5167 - recall 0.0194 - f1 0.0374 
INFO:root:TRAIN measures@100 for class 0 - precision 0.0000 - recall 0.0000 - f1 0.0000 
INFO:root:TRAIN measures@100 for class 1 - precision 0.5167 - recall 0.0618 - f1 0.1104 
INFO:root:TRAIN measures@1000 microavg - precision 0.4246 - recall 0.1593 - f1 0.2316 
INFO:root:TRAIN measures@1000 for class 0 - precision 0.0000 - recall 0.0000 - f1 0.0000 
INFO:root:TRAIN measures@1000 for class 1 - precision 0.4246 - recall 0.5079 - f1 0.4625 
INFO:root:TRAIN Total epoch time: 0.9961407330001748
INFO:root:################ VALID epoch 42 ###################
INFO:root:VALID mean losses tensor(1.7415)
INFO:root:VALID mean errors 0.6980494856834412
INFO:root:VALID mean MRR 0.0 - mean MAP 0.4191807210445404
INFO:root:VALID tp {0: tensor(0), 1: tensor(2415)},fn {0: tensor(5583), 1: tensor(0)},fp {0: tensor(0), 1: tensor(5583)}
INFO:root:VALID measures microavg - precision 0.3020 - recall 0.3020 - f1 0.3020 
INFO:root:VALID measures for class 0 - precision 0.0000 - recall 0.0000 - f1 0.0000 
INFO:root:VALID measures for class 1 - precision 0.3020 - recall 1.0000 - f1 0.4638 
INFO:root:VALID measures@10 microavg - precision 0.7000 - recall 0.0026 - f1 0.0052 
INFO:root:VALID measures@10 for class 0 - precision 0.0000 - recall 0.0000 - f1 0.0000 
INFO:root:VALID measures@10 for class 1 - precision 0.7000 - recall 0.0087 - f1 0.0172 
INFO:root:VALID measures@100 microavg - precision 0.5233 - recall 0.0196 - f1 0.0378 
INFO:root:VALID measures@100 for class 0 - precision 0.0000 - recall 0.0000 - f1 0.0000 
INFO:root:VALID measures@100 for class 1 - precision 0.5233 - recall 0.0650 - f1 0.1157 
INFO:root:VALID measures@1000 microavg - precision 0.3990 - recall 0.1497 - f1 0.2177 
INFO:root:VALID measures@1000 for class 0 - precision 0.0000 - recall 0.0000 - f1 0.0000 
INFO:root:VALID measures@1000 for class 1 - precision 0.3990 - recall 0.4957 - f1 0.4421 
INFO:root:VALID Total epoch time: 0.18648920800023916
INFO:root:################ TRAIN epoch 43 ###################
INFO:root:TRAIN mean losses tensor(1.7451)
INFO:root:TRAIN mean errors 0.6864528656005859
INFO:root:TRAIN mean MRR 0.0 - mean MAP 0.43746477365493774
INFO:root:TRAIN tp {0: tensor(0), 1: tensor(10031)},fn {0: tensor(21961), 1: tensor(0)},fp {0: tensor(0), 1: tensor(21961)}
INFO:root:TRAIN measures microavg - precision 0.3135 - recall 0.3135 - f1 0.3135 
INFO:root:TRAIN measures for class 0 - precision 0.0000 - recall 0.0000 - f1 0.0000 
INFO:root:TRAIN measures for class 1 - precision 0.3135 - recall 1.0000 - f1 0.4774 
INFO:root:TRAIN measures@10 microavg - precision 0.5833 - recall 0.0022 - f1 0.0044 
INFO:root:TRAIN measures@10 for class 0 - precision 0.0000 - recall 0.0000 - f1 0.0000 
INFO:root:TRAIN measures@10 for class 1 - precision 0.5833 - recall 0.0070 - f1 0.0138 
INFO:root:TRAIN measures@100 microavg - precision 0.5258 - recall 0.0197 - f1 0.0380 
INFO:root:TRAIN measures@100 for class 0 - precision 0.0000 - recall 0.0000 - f1 0.0000 
INFO:root:TRAIN measures@100 for class 1 - precision 0.5258 - recall 0.0629 - f1 0.1124 
INFO:root:TRAIN measures@1000 microavg - precision 0.4315 - recall 0.1619 - f1 0.2354 
INFO:root:TRAIN measures@1000 for class 0 - precision 0.0000 - recall 0.0000 - f1 0.0000 
INFO:root:TRAIN measures@1000 for class 1 - precision 0.4315 - recall 0.5162 - f1 0.4701 
INFO:root:TRAIN Total epoch time: 0.9948582929991971
INFO:root:################ VALID epoch 43 ###################
INFO:root:VALID mean losses tensor(1.7427)
INFO:root:VALID mean errors 0.6980494856834412
INFO:root:VALID mean MRR 0.0 - mean MAP 0.4099431037902832
INFO:root:VALID tp {0: tensor(0), 1: tensor(2415)},fn {0: tensor(5583), 1: tensor(0)},fp {0: tensor(0), 1: tensor(5583)}
INFO:root:VALID measures microavg - precision 0.3020 - recall 0.3020 - f1 0.3020 
INFO:root:VALID measures for class 0 - precision 0.0000 - recall 0.0000 - f1 0.0000 
INFO:root:VALID measures for class 1 - precision 0.3020 - recall 1.0000 - f1 0.4638 
INFO:root:VALID measures@10 microavg - precision 0.5333 - recall 0.0020 - f1 0.0040 
INFO:root:VALID measures@10 for class 0 - precision 0.0000 - recall 0.0000 - f1 0.0000 
INFO:root:VALID measures@10 for class 1 - precision 0.5333 - recall 0.0066 - f1 0.0131 
INFO:root:VALID measures@100 microavg - precision 0.5000 - recall 0.0188 - f1 0.0362 
INFO:root:VALID measures@100 for class 0 - precision 0.0000 - recall 0.0000 - f1 0.0000 
INFO:root:VALID measures@100 for class 1 - precision 0.5000 - recall 0.0621 - f1 0.1105 
INFO:root:VALID measures@1000 microavg - precision 0.3977 - recall 0.1492 - f1 0.2169 
INFO:root:VALID measures@1000 for class 0 - precision 0.0000 - recall 0.0000 - f1 0.0000 
INFO:root:VALID measures@1000 for class 1 - precision 0.3977 - recall 0.4940 - f1 0.4406 
INFO:root:VALID Total epoch time: 0.1909912440005428
INFO:root:################ TRAIN epoch 44 ###################
INFO:root:TRAIN mean losses tensor(1.7447)
INFO:root:TRAIN mean errors 0.6864528656005859
INFO:root:TRAIN mean MRR 0.0 - mean MAP 0.43544548749923706
INFO:root:TRAIN tp {0: tensor(0), 1: tensor(10031)},fn {0: tensor(21961), 1: tensor(0)},fp {0: tensor(0), 1: tensor(21961)}
INFO:root:TRAIN measures microavg - precision 0.3135 - recall 0.3135 - f1 0.3135 
INFO:root:TRAIN measures for class 0 - precision 0.0000 - recall 0.0000 - f1 0.0000 
INFO:root:TRAIN measures for class 1 - precision 0.3135 - recall 1.0000 - f1 0.4774 
INFO:root:TRAIN measures@10 microavg - precision 0.5750 - recall 0.0022 - f1 0.0043 
INFO:root:TRAIN measures@10 for class 0 - precision 0.0000 - recall 0.0000 - f1 0.0000 
INFO:root:TRAIN measures@10 for class 1 - precision 0.5750 - recall 0.0069 - f1 0.0136 
INFO:root:TRAIN measures@100 microavg - precision 0.5108 - recall 0.0192 - f1 0.0369 
INFO:root:TRAIN measures@100 for class 0 - precision 0.0000 - recall 0.0000 - f1 0.0000 
INFO:root:TRAIN measures@100 for class 1 - precision 0.5108 - recall 0.0611 - f1 0.1092 
INFO:root:TRAIN measures@1000 microavg - precision 0.4300 - recall 0.1613 - f1 0.2346 
INFO:root:TRAIN measures@1000 for class 0 - precision 0.0000 - recall 0.0000 - f1 0.0000 
INFO:root:TRAIN measures@1000 for class 1 - precision 0.4300 - recall 0.5144 - f1 0.4684 
INFO:root:TRAIN Total epoch time: 0.9860437659999661
INFO:root:################ VALID epoch 44 ###################
INFO:root:VALID mean losses tensor(1.7475)
INFO:root:VALID mean errors 0.6980494856834412
INFO:root:VALID mean MRR 0.0 - mean MAP 0.40745294094085693
INFO:root:VALID tp {0: tensor(0), 1: tensor(2415)},fn {0: tensor(5583), 1: tensor(0)},fp {0: tensor(0), 1: tensor(5583)}
INFO:root:VALID measures microavg - precision 0.3020 - recall 0.3020 - f1 0.3020 
INFO:root:VALID measures for class 0 - precision 0.0000 - recall 0.0000 - f1 0.0000 
INFO:root:VALID measures for class 1 - precision 0.3020 - recall 1.0000 - f1 0.4638 
INFO:root:VALID measures@10 microavg - precision 0.5000 - recall 0.0019 - f1 0.0037 
INFO:root:VALID measures@10 for class 0 - precision 0.0000 - recall 0.0000 - f1 0.0000 
INFO:root:VALID measures@10 for class 1 - precision 0.5000 - recall 0.0062 - f1 0.0123 
INFO:root:VALID measures@100 microavg - precision 0.4700 - recall 0.0176 - f1 0.0340 
INFO:root:VALID measures@100 for class 0 - precision 0.0000 - recall 0.0000 - f1 0.0000 
INFO:root:VALID measures@100 for class 1 - precision 0.4700 - recall 0.0584 - f1 0.1039 
INFO:root:VALID measures@1000 microavg - precision 0.3993 - recall 0.1498 - f1 0.2179 
INFO:root:VALID measures@1000 for class 0 - precision 0.0000 - recall 0.0000 - f1 0.0000 
INFO:root:VALID measures@1000 for class 1 - precision 0.3993 - recall 0.4961 - f1 0.4425 
INFO:root:VALID Total epoch time: 0.18821883099917613
INFO:root:################ TRAIN epoch 45 ###################
INFO:root:TRAIN mean losses tensor(1.7422)
INFO:root:TRAIN mean errors 0.6864528656005859
INFO:root:TRAIN mean MRR 0.0 - mean MAP 0.43871811032295227
INFO:root:TRAIN tp {0: tensor(0), 1: tensor(10031)},fn {0: tensor(21961), 1: tensor(0)},fp {0: tensor(0), 1: tensor(21961)}
INFO:root:TRAIN measures microavg - precision 0.3135 - recall 0.3135 - f1 0.3135 
INFO:root:TRAIN measures for class 0 - precision 0.0000 - recall 0.0000 - f1 0.0000 
INFO:root:TRAIN measures for class 1 - precision 0.3135 - recall 1.0000 - f1 0.4774 
INFO:root:TRAIN measures@10 microavg - precision 0.5333 - recall 0.0020 - f1 0.0040 
INFO:root:TRAIN measures@10 for class 0 - precision 0.0000 - recall 0.0000 - f1 0.0000 
INFO:root:TRAIN measures@10 for class 1 - precision 0.5333 - recall 0.0064 - f1 0.0126 
INFO:root:TRAIN measures@100 microavg - precision 0.5367 - recall 0.0201 - f1 0.0388 
INFO:root:TRAIN measures@100 for class 0 - precision 0.0000 - recall 0.0000 - f1 0.0000 
INFO:root:TRAIN measures@100 for class 1 - precision 0.5367 - recall 0.0642 - f1 0.1147 
INFO:root:TRAIN measures@1000 microavg - precision 0.4328 - recall 0.1623 - f1 0.2361 
INFO:root:TRAIN measures@1000 for class 0 - precision 0.0000 - recall 0.0000 - f1 0.0000 
INFO:root:TRAIN measures@1000 for class 1 - precision 0.4328 - recall 0.5177 - f1 0.4714 
INFO:root:TRAIN Total epoch time: 0.9869043230000898
INFO:root:################ VALID epoch 45 ###################
INFO:root:VALID mean losses tensor(1.7501)
INFO:root:VALID mean errors 0.6980494856834412
INFO:root:VALID mean MRR 0.0 - mean MAP 0.4049411416053772
INFO:root:VALID tp {0: tensor(0), 1: tensor(2415)},fn {0: tensor(5583), 1: tensor(0)},fp {0: tensor(0), 1: tensor(5583)}
INFO:root:VALID measures microavg - precision 0.3020 - recall 0.3020 - f1 0.3020 
INFO:root:VALID measures for class 0 - precision 0.0000 - recall 0.0000 - f1 0.0000 
INFO:root:VALID measures for class 1 - precision 0.3020 - recall 1.0000 - f1 0.4638 
INFO:root:VALID measures@10 microavg - precision 0.4333 - recall 0.0016 - f1 0.0032 
INFO:root:VALID measures@10 for class 0 - precision 0.0000 - recall 0.0000 - f1 0.0000 
INFO:root:VALID measures@10 for class 1 - precision 0.4333 - recall 0.0054 - f1 0.0106 
INFO:root:VALID measures@100 microavg - precision 0.5000 - recall 0.0188 - f1 0.0362 
INFO:root:VALID measures@100 for class 0 - precision 0.0000 - recall 0.0000 - f1 0.0000 
INFO:root:VALID measures@100 for class 1 - precision 0.5000 - recall 0.0621 - f1 0.1105 
INFO:root:VALID measures@1000 microavg - precision 0.4047 - recall 0.1518 - f1 0.2208 
INFO:root:VALID measures@1000 for class 0 - precision 0.0000 - recall 0.0000 - f1 0.0000 
INFO:root:VALID measures@1000 for class 1 - precision 0.4047 - recall 0.5027 - f1 0.4484 
INFO:root:VALID Total epoch time: 0.2196006740005032
INFO:root:################ TRAIN epoch 46 ###################
INFO:root:TRAIN mean losses tensor(1.7426)
INFO:root:TRAIN mean errors 0.6863903403282166
INFO:root:TRAIN mean MRR 0.0 - mean MAP 0.44000986218452454
INFO:root:TRAIN tp {0: tensor(2), 1: tensor(10031)},fn {0: tensor(21959), 1: tensor(0)},fp {0: tensor(0), 1: tensor(21959)}
INFO:root:TRAIN measures microavg - precision 0.3136 - recall 0.3136 - f1 0.3136 
INFO:root:TRAIN measures for class 0 - precision 1.0000 - recall 0.0001 - f1 0.0002 
INFO:root:TRAIN measures for class 1 - precision 0.3136 - recall 1.0000 - f1 0.4774 
INFO:root:TRAIN measures@10 microavg - precision 0.6250 - recall 0.0023 - f1 0.0047 
INFO:root:TRAIN measures@10 for class 0 - precision 0.0000 - recall 0.0000 - f1 0.0000 
INFO:root:TRAIN measures@10 for class 1 - precision 0.6250 - recall 0.0075 - f1 0.0148 
INFO:root:TRAIN measures@100 microavg - precision 0.5171 - recall 0.0194 - f1 0.0374 
INFO:root:TRAIN measures@100 for class 0 - precision 1.0000 - recall 0.0000 - f1 0.0001 
INFO:root:TRAIN measures@100 for class 1 - precision 0.5167 - recall 0.0618 - f1 0.1104 
INFO:root:TRAIN measures@1000 microavg - precision 0.4312 - recall 0.1618 - f1 0.2353 
INFO:root:TRAIN measures@1000 for class 0 - precision 1.0000 - recall 0.0000 - f1 0.0001 
INFO:root:TRAIN measures@1000 for class 1 - precision 0.4312 - recall 0.5158 - f1 0.4697 
INFO:root:TRAIN Total epoch time: 1.633172783000191
INFO:root:################ VALID epoch 46 ###################
INFO:root:VALID mean losses tensor(1.7496)
INFO:root:VALID mean errors 0.6980494856834412
INFO:root:VALID mean MRR 0.0 - mean MAP 0.40557071566581726
INFO:root:VALID tp {0: tensor(0), 1: tensor(2415)},fn {0: tensor(5583), 1: tensor(0)},fp {0: tensor(0), 1: tensor(5583)}
INFO:root:VALID measures microavg - precision 0.3020 - recall 0.3020 - f1 0.3020 
INFO:root:VALID measures for class 0 - precision 0.0000 - recall 0.0000 - f1 0.0000 
INFO:root:VALID measures for class 1 - precision 0.3020 - recall 1.0000 - f1 0.4638 
INFO:root:VALID measures@10 microavg - precision 0.4000 - recall 0.0015 - f1 0.0030 
INFO:root:VALID measures@10 for class 0 - precision 0.0000 - recall 0.0000 - f1 0.0000 
INFO:root:VALID measures@10 for class 1 - precision 0.4000 - recall 0.0050 - f1 0.0098 
INFO:root:VALID measures@100 microavg - precision 0.4900 - recall 0.0184 - f1 0.0354 
INFO:root:VALID measures@100 for class 0 - precision 0.0000 - recall 0.0000 - f1 0.0000 
INFO:root:VALID measures@100 for class 1 - precision 0.4900 - recall 0.0609 - f1 0.1083 
INFO:root:VALID measures@1000 microavg - precision 0.4053 - recall 0.1520 - f1 0.2211 
INFO:root:VALID measures@1000 for class 0 - precision 0.0000 - recall 0.0000 - f1 0.0000 
INFO:root:VALID measures@1000 for class 1 - precision 0.4053 - recall 0.5035 - f1 0.4491 
INFO:root:VALID Total epoch time: 0.21682805599994026
INFO:root:################ TRAIN epoch 47 ###################
INFO:root:TRAIN mean losses tensor(1.7450)
INFO:root:TRAIN mean errors 0.6864528656005859
INFO:root:TRAIN mean MRR 0.0 - mean MAP 0.44162991642951965
INFO:root:TRAIN tp {0: tensor(0), 1: tensor(10031)},fn {0: tensor(21961), 1: tensor(0)},fp {0: tensor(0), 1: tensor(21961)}
INFO:root:TRAIN measures microavg - precision 0.3135 - recall 0.3135 - f1 0.3135 
INFO:root:TRAIN measures for class 0 - precision 0.0000 - recall 0.0000 - f1 0.0000 
INFO:root:TRAIN measures for class 1 - precision 0.3135 - recall 1.0000 - f1 0.4774 
INFO:root:TRAIN measures@10 microavg - precision 0.6417 - recall 0.0024 - f1 0.0048 
INFO:root:TRAIN measures@10 for class 0 - precision 0.0000 - recall 0.0000 - f1 0.0000 
INFO:root:TRAIN measures@10 for class 1 - precision 0.6417 - recall 0.0077 - f1 0.0152 
INFO:root:TRAIN measures@100 microavg - precision 0.5383 - recall 0.0202 - f1 0.0389 
INFO:root:TRAIN measures@100 for class 0 - precision 0.0000 - recall 0.0000 - f1 0.0000 
INFO:root:TRAIN measures@100 for class 1 - precision 0.5383 - recall 0.0644 - f1 0.1150 
INFO:root:TRAIN measures@1000 microavg - precision 0.4277 - recall 0.1604 - f1 0.2333 
INFO:root:TRAIN measures@1000 for class 0 - precision 0.0000 - recall 0.0000 - f1 0.0000 
INFO:root:TRAIN measures@1000 for class 1 - precision 0.4277 - recall 0.5116 - f1 0.4659 
INFO:root:TRAIN Total epoch time: 1.0628733470002771
INFO:root:################ VALID epoch 47 ###################
INFO:root:VALID mean losses tensor(1.7506)
INFO:root:VALID mean errors 0.6980494856834412
INFO:root:VALID mean MRR 0.0 - mean MAP 0.4069560170173645
INFO:root:VALID tp {0: tensor(0), 1: tensor(2415)},fn {0: tensor(5583), 1: tensor(0)},fp {0: tensor(0), 1: tensor(5583)}
INFO:root:VALID measures microavg - precision 0.3020 - recall 0.3020 - f1 0.3020 
INFO:root:VALID measures for class 0 - precision 0.0000 - recall 0.0000 - f1 0.0000 
INFO:root:VALID measures for class 1 - precision 0.3020 - recall 1.0000 - f1 0.4638 
INFO:root:VALID measures@10 microavg - precision 0.5000 - recall 0.0019 - f1 0.0037 
INFO:root:VALID measures@10 for class 0 - precision 0.0000 - recall 0.0000 - f1 0.0000 
INFO:root:VALID measures@10 for class 1 - precision 0.5000 - recall 0.0062 - f1 0.0123 
INFO:root:VALID measures@100 microavg - precision 0.4767 - recall 0.0179 - f1 0.0345 
INFO:root:VALID measures@100 for class 0 - precision 0.0000 - recall 0.0000 - f1 0.0000 
INFO:root:VALID measures@100 for class 1 - precision 0.4767 - recall 0.0592 - f1 0.1053 
INFO:root:VALID measures@1000 microavg - precision 0.3957 - recall 0.1484 - f1 0.2159 
INFO:root:VALID measures@1000 for class 0 - precision 0.0000 - recall 0.0000 - f1 0.0000 
INFO:root:VALID measures@1000 for class 1 - precision 0.3957 - recall 0.4915 - f1 0.4384 
INFO:root:VALID Total epoch time: 0.21303436499965756
INFO:root:################ TRAIN epoch 48 ###################
INFO:root:TRAIN mean losses tensor(1.7425)
INFO:root:TRAIN mean errors 0.6864216327667236
INFO:root:TRAIN mean MRR 0.0 - mean MAP 0.4409823417663574
INFO:root:TRAIN tp {0: tensor(1), 1: tensor(10031)},fn {0: tensor(21960), 1: tensor(0)},fp {0: tensor(0), 1: tensor(21960)}
INFO:root:TRAIN measures microavg - precision 0.3136 - recall 0.3136 - f1 0.3136 
INFO:root:TRAIN measures for class 0 - precision 1.0000 - recall 0.0000 - f1 0.0001 
INFO:root:TRAIN measures for class 1 - precision 0.3136 - recall 1.0000 - f1 0.4774 
INFO:root:TRAIN measures@10 microavg - precision 0.6083 - recall 0.0023 - f1 0.0045 
INFO:root:TRAIN measures@10 for class 0 - precision 0.0000 - recall 0.0000 - f1 0.0000 
INFO:root:TRAIN measures@10 for class 1 - precision 0.6083 - recall 0.0073 - f1 0.0144 
INFO:root:TRAIN measures@100 microavg - precision 0.5275 - recall 0.0198 - f1 0.0381 
INFO:root:TRAIN measures@100 for class 0 - precision 0.0000 - recall 0.0000 - f1 0.0000 
INFO:root:TRAIN measures@100 for class 1 - precision 0.5275 - recall 0.0631 - f1 0.1127 
INFO:root:TRAIN measures@1000 microavg - precision 0.4263 - recall 0.1599 - f1 0.2325 
INFO:root:TRAIN measures@1000 for class 0 - precision 0.0000 - recall 0.0000 - f1 0.0000 
INFO:root:TRAIN measures@1000 for class 1 - precision 0.4263 - recall 0.5099 - f1 0.4643 
INFO:root:TRAIN Total epoch time: 1.09207570900071
INFO:root:################ VALID epoch 48 ###################
INFO:root:VALID mean losses tensor(1.7489)
INFO:root:VALID mean errors 0.6980494856834412
INFO:root:VALID mean MRR 0.0 - mean MAP 0.40912121534347534
INFO:root:VALID tp {0: tensor(0), 1: tensor(2415)},fn {0: tensor(5583), 1: tensor(0)},fp {0: tensor(0), 1: tensor(5583)}
INFO:root:VALID measures microavg - precision 0.3020 - recall 0.3020 - f1 0.3020 
INFO:root:VALID measures for class 0 - precision 0.0000 - recall 0.0000 - f1 0.0000 
INFO:root:VALID measures for class 1 - precision 0.3020 - recall 1.0000 - f1 0.4638 
INFO:root:VALID measures@10 microavg - precision 0.6667 - recall 0.0025 - f1 0.0050 
INFO:root:VALID measures@10 for class 0 - precision 0.0000 - recall 0.0000 - f1 0.0000 
INFO:root:VALID measures@10 for class 1 - precision 0.6667 - recall 0.0083 - f1 0.0164 
INFO:root:VALID measures@100 microavg - precision 0.4867 - recall 0.0183 - f1 0.0352 
INFO:root:VALID measures@100 for class 0 - precision 0.0000 - recall 0.0000 - f1 0.0000 
INFO:root:VALID measures@100 for class 1 - precision 0.4867 - recall 0.0605 - f1 0.1076 
INFO:root:VALID measures@1000 microavg - precision 0.4010 - recall 0.1504 - f1 0.2188 
INFO:root:VALID measures@1000 for class 0 - precision 0.0000 - recall 0.0000 - f1 0.0000 
INFO:root:VALID measures@1000 for class 1 - precision 0.4010 - recall 0.4981 - f1 0.4443 
INFO:root:VALID Total epoch time: 0.22173486400060938
INFO:root:################ TRAIN epoch 49 ###################
INFO:root:TRAIN mean losses tensor(1.7439)
INFO:root:TRAIN mean errors 0.6862965822219849
INFO:root:TRAIN mean MRR 0.0 - mean MAP 0.44011932611465454
INFO:root:TRAIN tp {0: tensor(5), 1: tensor(10031)},fn {0: tensor(21956), 1: tensor(0)},fp {0: tensor(0), 1: tensor(21956)}
INFO:root:TRAIN measures microavg - precision 0.3137 - recall 0.3137 - f1 0.3137 
INFO:root:TRAIN measures for class 0 - precision 1.0000 - recall 0.0002 - f1 0.0005 
INFO:root:TRAIN measures for class 1 - precision 0.3136 - recall 1.0000 - f1 0.4775 
INFO:root:TRAIN measures@10 microavg - precision 0.6250 - recall 0.0023 - f1 0.0047 
INFO:root:TRAIN measures@10 for class 0 - precision 0.0000 - recall 0.0000 - f1 0.0000 
INFO:root:TRAIN measures@10 for class 1 - precision 0.6250 - recall 0.0075 - f1 0.0148 
INFO:root:TRAIN measures@100 microavg - precision 0.5325 - recall 0.0200 - f1 0.0385 
INFO:root:TRAIN measures@100 for class 0 - precision 0.0000 - recall 0.0000 - f1 0.0000 
INFO:root:TRAIN measures@100 for class 1 - precision 0.5325 - recall 0.0637 - f1 0.1138 
INFO:root:TRAIN measures@1000 microavg - precision 0.4318 - recall 0.1620 - f1 0.2356 
INFO:root:TRAIN measures@1000 for class 0 - precision 1.0000 - recall 0.0000 - f1 0.0001 
INFO:root:TRAIN measures@1000 for class 1 - precision 0.4318 - recall 0.5165 - f1 0.4703 
INFO:root:TRAIN Total epoch time: 1.0818022630000996
INFO:root:################ VALID epoch 49 ###################
INFO:root:VALID mean losses tensor(1.7502)
INFO:root:VALID mean errors 0.6979244947433472
INFO:root:VALID mean MRR 0.0 - mean MAP 0.4088605046272278
INFO:root:VALID tp {0: tensor(1), 1: tensor(2415)},fn {0: tensor(5582), 1: tensor(0)},fp {0: tensor(0), 1: tensor(5582)}
INFO:root:VALID measures microavg - precision 0.3021 - recall 0.3021 - f1 0.3021 
INFO:root:VALID measures for class 0 - precision 1.0000 - recall 0.0002 - f1 0.0004 
INFO:root:VALID measures for class 1 - precision 0.3020 - recall 1.0000 - f1 0.4639 
INFO:root:VALID measures@10 microavg - precision 0.5333 - recall 0.0020 - f1 0.0040 
INFO:root:VALID measures@10 for class 0 - precision 0.0000 - recall 0.0000 - f1 0.0000 
INFO:root:VALID measures@10 for class 1 - precision 0.5333 - recall 0.0066 - f1 0.0131 
INFO:root:VALID measures@100 microavg - precision 0.4485 - recall 0.0169 - f1 0.0325 
INFO:root:VALID measures@100 for class 0 - precision 1.0000 - recall 0.0002 - f1 0.0004 
INFO:root:VALID measures@100 for class 1 - precision 0.4467 - recall 0.0555 - f1 0.0987 
INFO:root:VALID measures@1000 microavg - precision 0.4005 - recall 0.1503 - f1 0.2186 
INFO:root:VALID measures@1000 for class 0 - precision 1.0000 - recall 0.0002 - f1 0.0004 
INFO:root:VALID measures@1000 for class 1 - precision 0.4003 - recall 0.4973 - f1 0.4436 
INFO:root:VALID Total epoch time: 0.19025425699965126
INFO:root:################ TRAIN epoch 50 ###################
INFO:root:TRAIN mean losses tensor(1.7398)
INFO:root:TRAIN mean errors 0.6863903403282166
INFO:root:TRAIN mean MRR 0.0 - mean MAP 0.4422873258590698
INFO:root:TRAIN tp {0: tensor(2), 1: tensor(10031)},fn {0: tensor(21959), 1: tensor(0)},fp {0: tensor(0), 1: tensor(21959)}
INFO:root:TRAIN measures microavg - precision 0.3136 - recall 0.3136 - f1 0.3136 
INFO:root:TRAIN measures for class 0 - precision 1.0000 - recall 0.0001 - f1 0.0002 
INFO:root:TRAIN measures for class 1 - precision 0.3136 - recall 1.0000 - f1 0.4774 
INFO:root:TRAIN measures@10 microavg - precision 0.6583 - recall 0.0025 - f1 0.0049 
INFO:root:TRAIN measures@10 for class 0 - precision 0.0000 - recall 0.0000 - f1 0.0000 
INFO:root:TRAIN measures@10 for class 1 - precision 0.6583 - recall 0.0079 - f1 0.0156 
INFO:root:TRAIN measures@100 microavg - precision 0.5292 - recall 0.0198 - f1 0.0383 
INFO:root:TRAIN measures@100 for class 0 - precision 0.0000 - recall 0.0000 - f1 0.0000 
INFO:root:TRAIN measures@100 for class 1 - precision 0.5292 - recall 0.0633 - f1 0.1131 
INFO:root:TRAIN measures@1000 microavg - precision 0.4295 - recall 0.1611 - f1 0.2344 
INFO:root:TRAIN measures@1000 for class 0 - precision 1.0000 - recall 0.0000 - f1 0.0001 
INFO:root:TRAIN measures@1000 for class 1 - precision 0.4295 - recall 0.5138 - f1 0.4679 
INFO:root:TRAIN Total epoch time: 1.1907439149999846
INFO:root:################ VALID epoch 50 ###################
INFO:root:VALID mean losses tensor(1.7491)
INFO:root:VALID mean errors 0.6980494856834412
INFO:root:VALID mean MRR 0.0 - mean MAP 0.41613924503326416
INFO:root:VALID tp {0: tensor(0), 1: tensor(2415)},fn {0: tensor(5583), 1: tensor(0)},fp {0: tensor(0), 1: tensor(5583)}
INFO:root:VALID measures microavg - precision 0.3020 - recall 0.3020 - f1 0.3020 
INFO:root:VALID measures for class 0 - precision 0.0000 - recall 0.0000 - f1 0.0000 
INFO:root:VALID measures for class 1 - precision 0.3020 - recall 1.0000 - f1 0.4638 
INFO:root:VALID measures@10 microavg - precision 0.6000 - recall 0.0023 - f1 0.0045 
INFO:root:VALID measures@10 for class 0 - precision 0.0000 - recall 0.0000 - f1 0.0000 
INFO:root:VALID measures@10 for class 1 - precision 0.6000 - recall 0.0075 - f1 0.0147 
INFO:root:VALID measures@100 microavg - precision 0.4867 - recall 0.0183 - f1 0.0352 
INFO:root:VALID measures@100 for class 0 - precision 0.0000 - recall 0.0000 - f1 0.0000 
INFO:root:VALID measures@100 for class 1 - precision 0.4867 - recall 0.0605 - f1 0.1076 
INFO:root:VALID measures@1000 microavg - precision 0.4060 - recall 0.1523 - f1 0.2215 
INFO:root:VALID measures@1000 for class 0 - precision 0.0000 - recall 0.0000 - f1 0.0000 
INFO:root:VALID measures@1000 for class 1 - precision 0.4060 - recall 0.5043 - f1 0.4499 
INFO:root:VALID Total epoch time: 0.1917355610003142
INFO:root:################ TRAIN epoch 51 ###################
INFO:root:TRAIN mean losses tensor(1.7420)
INFO:root:TRAIN mean errors 0.6864528656005859
INFO:root:TRAIN mean MRR 0.0 - mean MAP 0.4407213628292084
INFO:root:TRAIN tp {0: tensor(0), 1: tensor(10031)},fn {0: tensor(21961), 1: tensor(0)},fp {0: tensor(0), 1: tensor(21961)}
INFO:root:TRAIN measures microavg - precision 0.3135 - recall 0.3135 - f1 0.3135 
INFO:root:TRAIN measures for class 0 - precision 0.0000 - recall 0.0000 - f1 0.0000 
INFO:root:TRAIN measures for class 1 - precision 0.3135 - recall 1.0000 - f1 0.4774 
INFO:root:TRAIN measures@10 microavg - precision 0.5833 - recall 0.0022 - f1 0.0044 
INFO:root:TRAIN measures@10 for class 0 - precision 0.0000 - recall 0.0000 - f1 0.0000 
INFO:root:TRAIN measures@10 for class 1 - precision 0.5833 - recall 0.0070 - f1 0.0138 
INFO:root:TRAIN measures@100 microavg - precision 0.5208 - recall 0.0195 - f1 0.0377 
INFO:root:TRAIN measures@100 for class 0 - precision 0.0000 - recall 0.0000 - f1 0.0000 
INFO:root:TRAIN measures@100 for class 1 - precision 0.5208 - recall 0.0623 - f1 0.1113 
INFO:root:TRAIN measures@1000 microavg - precision 0.4343 - recall 0.1629 - f1 0.2370 
INFO:root:TRAIN measures@1000 for class 0 - precision 0.0000 - recall 0.0000 - f1 0.0000 
INFO:root:TRAIN measures@1000 for class 1 - precision 0.4343 - recall 0.5196 - f1 0.4732 
INFO:root:TRAIN Total epoch time: 1.028477644999839
INFO:root:################ VALID epoch 51 ###################
INFO:root:VALID mean losses tensor(1.7531)
INFO:root:VALID mean errors 0.6980494856834412
INFO:root:VALID mean MRR 0.0 - mean MAP 0.4059208035469055
INFO:root:VALID tp {0: tensor(0), 1: tensor(2415)},fn {0: tensor(5583), 1: tensor(0)},fp {0: tensor(0), 1: tensor(5583)}
INFO:root:VALID measures microavg - precision 0.3020 - recall 0.3020 - f1 0.3020 
INFO:root:VALID measures for class 0 - precision 0.0000 - recall 0.0000 - f1 0.0000 
INFO:root:VALID measures for class 1 - precision 0.3020 - recall 1.0000 - f1 0.4638 
INFO:root:VALID measures@10 microavg - precision 0.5333 - recall 0.0020 - f1 0.0040 
INFO:root:VALID measures@10 for class 0 - precision 0.0000 - recall 0.0000 - f1 0.0000 
INFO:root:VALID measures@10 for class 1 - precision 0.5333 - recall 0.0066 - f1 0.0131 
INFO:root:VALID measures@100 microavg - precision 0.4633 - recall 0.0174 - f1 0.0335 
INFO:root:VALID measures@100 for class 0 - precision 0.0000 - recall 0.0000 - f1 0.0000 
INFO:root:VALID measures@100 for class 1 - precision 0.4633 - recall 0.0576 - f1 0.1024 
INFO:root:VALID measures@1000 microavg - precision 0.3990 - recall 0.1497 - f1 0.2177 
INFO:root:VALID measures@1000 for class 0 - precision 0.0000 - recall 0.0000 - f1 0.0000 
INFO:root:VALID measures@1000 for class 1 - precision 0.3990 - recall 0.4957 - f1 0.4421 
INFO:root:VALID Total epoch time: 0.19202354699973512
INFO:root:################ TRAIN epoch 52 ###################
INFO:root:TRAIN mean losses tensor(1.7387)
INFO:root:TRAIN mean errors 0.6864528656005859
INFO:root:TRAIN mean MRR 0.0 - mean MAP 0.44110509753227234
INFO:root:TRAIN tp {0: tensor(0), 1: tensor(10031)},fn {0: tensor(21961), 1: tensor(0)},fp {0: tensor(0), 1: tensor(21961)}
INFO:root:TRAIN measures microavg - precision 0.3135 - recall 0.3135 - f1 0.3135 
INFO:root:TRAIN measures for class 0 - precision 0.0000 - recall 0.0000 - f1 0.0000 
INFO:root:TRAIN measures for class 1 - precision 0.3135 - recall 1.0000 - f1 0.4774 
INFO:root:TRAIN measures@10 microavg - precision 0.5417 - recall 0.0020 - f1 0.0040 
INFO:root:TRAIN measures@10 for class 0 - precision 0.0000 - recall 0.0000 - f1 0.0000 
INFO:root:TRAIN measures@10 for class 1 - precision 0.5417 - recall 0.0065 - f1 0.0128 
INFO:root:TRAIN measures@100 microavg - precision 0.5442 - recall 0.0204 - f1 0.0393 
INFO:root:TRAIN measures@100 for class 0 - precision 0.0000 - recall 0.0000 - f1 0.0000 
INFO:root:TRAIN measures@100 for class 1 - precision 0.5442 - recall 0.0651 - f1 0.1163 
INFO:root:TRAIN measures@1000 microavg - precision 0.4293 - recall 0.1610 - f1 0.2342 
INFO:root:TRAIN measures@1000 for class 0 - precision 0.0000 - recall 0.0000 - f1 0.0000 
INFO:root:TRAIN measures@1000 for class 1 - precision 0.4293 - recall 0.5136 - f1 0.4677 
INFO:root:TRAIN Total epoch time: 1.02402420099952
INFO:root:################ VALID epoch 52 ###################
INFO:root:VALID mean losses tensor(1.7432)
INFO:root:VALID mean errors 0.6980494856834412
INFO:root:VALID mean MRR 0.0 - mean MAP 0.4154011011123657
INFO:root:VALID tp {0: tensor(0), 1: tensor(2415)},fn {0: tensor(5583), 1: tensor(0)},fp {0: tensor(0), 1: tensor(5583)}
INFO:root:VALID measures microavg - precision 0.3020 - recall 0.3020 - f1 0.3020 
INFO:root:VALID measures for class 0 - precision 0.0000 - recall 0.0000 - f1 0.0000 
INFO:root:VALID measures for class 1 - precision 0.3020 - recall 1.0000 - f1 0.4638 
INFO:root:VALID measures@10 microavg - precision 0.5667 - recall 0.0021 - f1 0.0042 
INFO:root:VALID measures@10 for class 0 - precision 0.0000 - recall 0.0000 - f1 0.0000 
INFO:root:VALID measures@10 for class 1 - precision 0.5667 - recall 0.0070 - f1 0.0139 
INFO:root:VALID measures@100 microavg - precision 0.4733 - recall 0.0178 - f1 0.0342 
INFO:root:VALID measures@100 for class 0 - precision 0.0000 - recall 0.0000 - f1 0.0000 
INFO:root:VALID measures@100 for class 1 - precision 0.4733 - recall 0.0588 - f1 0.1046 
INFO:root:VALID measures@1000 microavg - precision 0.4077 - recall 0.1529 - f1 0.2224 
INFO:root:VALID measures@1000 for class 0 - precision 0.0000 - recall 0.0000 - f1 0.0000 
INFO:root:VALID measures@1000 for class 1 - precision 0.4077 - recall 0.5064 - f1 0.4517 
INFO:root:VALID Total epoch time: 0.1950326510004743
INFO:root:################ TRAIN epoch 53 ###################
INFO:root:TRAIN mean losses tensor(1.7400)
INFO:root:TRAIN mean errors 0.6863903403282166
INFO:root:TRAIN mean MRR 0.0 - mean MAP 0.4375098943710327
INFO:root:TRAIN tp {0: tensor(2), 1: tensor(10031)},fn {0: tensor(21959), 1: tensor(0)},fp {0: tensor(0), 1: tensor(21959)}
INFO:root:TRAIN measures microavg - precision 0.3136 - recall 0.3136 - f1 0.3136 
INFO:root:TRAIN measures for class 0 - precision 1.0000 - recall 0.0001 - f1 0.0002 
INFO:root:TRAIN measures for class 1 - precision 0.3136 - recall 1.0000 - f1 0.4774 
INFO:root:TRAIN measures@10 microavg - precision 0.5702 - recall 0.0022 - f1 0.0043 
INFO:root:TRAIN measures@10 for class 0 - precision 1.0000 - recall 0.0000 - f1 0.0001 
INFO:root:TRAIN measures@10 for class 1 - precision 0.5667 - recall 0.0068 - f1 0.0134 
INFO:root:TRAIN measures@100 microavg - precision 0.5246 - recall 0.0197 - f1 0.0380 
INFO:root:TRAIN measures@100 for class 0 - precision 1.0000 - recall 0.0000 - f1 0.0001 
INFO:root:TRAIN measures@100 for class 1 - precision 0.5242 - recall 0.0627 - f1 0.1120 
INFO:root:TRAIN measures@1000 microavg - precision 0.4334 - recall 0.1626 - f1 0.2365 
INFO:root:TRAIN measures@1000 for class 0 - precision 1.0000 - recall 0.0001 - f1 0.0003 
INFO:root:TRAIN measures@1000 for class 1 - precision 0.4333 - recall 0.5183 - f1 0.4720 
INFO:root:TRAIN Total epoch time: 1.0175732789994072
INFO:root:################ VALID epoch 53 ###################
INFO:root:VALID mean losses tensor(1.7458)
INFO:root:VALID mean errors 0.6977994441986084
INFO:root:VALID mean MRR 0.0 - mean MAP 0.4146639108657837
INFO:root:VALID tp {0: tensor(3), 1: tensor(2414)},fn {0: tensor(5580), 1: tensor(1)},fp {0: tensor(1), 1: tensor(5580)}
INFO:root:VALID measures microavg - precision 0.3022 - recall 0.3022 - f1 0.3022 
INFO:root:VALID measures for class 0 - precision 0.7500 - recall 0.0005 - f1 0.0011 
INFO:root:VALID measures for class 1 - precision 0.3020 - recall 0.9996 - f1 0.4638 
INFO:root:VALID measures@10 microavg - precision 0.5000 - recall 0.0019 - f1 0.0037 
INFO:root:VALID measures@10 for class 0 - precision 0.0000 - recall 0.0000 - f1 0.0000 
INFO:root:VALID measures@10 for class 1 - precision 0.5000 - recall 0.0062 - f1 0.0123 
INFO:root:VALID measures@100 microavg - precision 0.4967 - recall 0.0186 - f1 0.0359 
INFO:root:VALID measures@100 for class 0 - precision 0.0000 - recall 0.0000 - f1 0.0000 
INFO:root:VALID measures@100 for class 1 - precision 0.4967 - recall 0.0617 - f1 0.1098 
INFO:root:VALID measures@1000 microavg - precision 0.3953 - recall 0.1483 - f1 0.2157 
INFO:root:VALID measures@1000 for class 0 - precision 0.0000 - recall 0.0000 - f1 0.0000 
INFO:root:VALID measures@1000 for class 1 - precision 0.3953 - recall 0.4911 - f1 0.4380 
INFO:root:VALID Total epoch time: 0.19295121999948606
INFO:root:################ TRAIN epoch 54 ###################
INFO:root:TRAIN mean losses tensor(1.7380)
INFO:root:TRAIN mean errors 0.6863591074943542
INFO:root:TRAIN mean MRR 0.0 - mean MAP 0.4404143989086151
INFO:root:TRAIN tp {0: tensor(3), 1: tensor(10031)},fn {0: tensor(21958), 1: tensor(0)},fp {0: tensor(0), 1: tensor(21958)}
INFO:root:TRAIN measures microavg - precision 0.3136 - recall 0.3136 - f1 0.3136 
INFO:root:TRAIN measures for class 0 - precision 1.0000 - recall 0.0001 - f1 0.0003 
INFO:root:TRAIN measures for class 1 - precision 0.3136 - recall 1.0000 - f1 0.4774 
INFO:root:TRAIN measures@10 microavg - precision 0.6250 - recall 0.0023 - f1 0.0047 
INFO:root:TRAIN measures@10 for class 0 - precision 0.0000 - recall 0.0000 - f1 0.0000 
INFO:root:TRAIN measures@10 for class 1 - precision 0.6250 - recall 0.0075 - f1 0.0148 
INFO:root:TRAIN measures@100 microavg - precision 0.5233 - recall 0.0196 - f1 0.0378 
INFO:root:TRAIN measures@100 for class 0 - precision 0.0000 - recall 0.0000 - f1 0.0000 
INFO:root:TRAIN measures@100 for class 1 - precision 0.5233 - recall 0.0626 - f1 0.1118 
INFO:root:TRAIN measures@1000 microavg - precision 0.4286 - recall 0.1608 - f1 0.2339 
INFO:root:TRAIN measures@1000 for class 0 - precision 1.0000 - recall 0.0002 - f1 0.0005 
INFO:root:TRAIN measures@1000 for class 1 - precision 0.4283 - recall 0.5124 - f1 0.4666 
INFO:root:TRAIN Total epoch time: 1.0475218159999713
INFO:root:################ VALID epoch 54 ###################
INFO:root:VALID mean losses tensor(1.7430)
INFO:root:VALID mean errors 0.6980494856834412
INFO:root:VALID mean MRR 0.0 - mean MAP 0.41246676445007324
INFO:root:VALID tp {0: tensor(0), 1: tensor(2415)},fn {0: tensor(5583), 1: tensor(0)},fp {0: tensor(0), 1: tensor(5583)}
INFO:root:VALID measures microavg - precision 0.3020 - recall 0.3020 - f1 0.3020 
INFO:root:VALID measures for class 0 - precision 0.0000 - recall 0.0000 - f1 0.0000 
INFO:root:VALID measures for class 1 - precision 0.3020 - recall 1.0000 - f1 0.4638 
INFO:root:VALID measures@10 microavg - precision 0.5667 - recall 0.0021 - f1 0.0042 
INFO:root:VALID measures@10 for class 0 - precision 0.0000 - recall 0.0000 - f1 0.0000 
INFO:root:VALID measures@10 for class 1 - precision 0.5667 - recall 0.0070 - f1 0.0139 
INFO:root:VALID measures@100 microavg - precision 0.5267 - recall 0.0198 - f1 0.0381 
INFO:root:VALID measures@100 for class 0 - precision 0.0000 - recall 0.0000 - f1 0.0000 
INFO:root:VALID measures@100 for class 1 - precision 0.5267 - recall 0.0654 - f1 0.1164 
INFO:root:VALID measures@1000 microavg - precision 0.4040 - recall 0.1515 - f1 0.2204 
INFO:root:VALID measures@1000 for class 0 - precision 0.0000 - recall 0.0000 - f1 0.0000 
INFO:root:VALID measures@1000 for class 1 - precision 0.4040 - recall 0.5019 - f1 0.4476 
INFO:root:VALID Total epoch time: 0.19930780000049708
INFO:root:################ TRAIN epoch 55 ###################
INFO:root:TRAIN mean losses tensor(1.7396)
INFO:root:TRAIN mean errors 0.6863591074943542
INFO:root:TRAIN mean MRR 0.0 - mean MAP 0.43762096762657166
INFO:root:TRAIN tp {0: tensor(3), 1: tensor(10031)},fn {0: tensor(21958), 1: tensor(0)},fp {0: tensor(0), 1: tensor(21958)}
INFO:root:TRAIN measures microavg - precision 0.3136 - recall 0.3136 - f1 0.3136 
INFO:root:TRAIN measures for class 0 - precision 1.0000 - recall 0.0001 - f1 0.0003 
INFO:root:TRAIN measures for class 1 - precision 0.3136 - recall 1.0000 - f1 0.4774 
INFO:root:TRAIN measures@10 microavg - precision 0.5583 - recall 0.0021 - f1 0.0042 
INFO:root:TRAIN measures@10 for class 0 - precision 0.0000 - recall 0.0000 - f1 0.0000 
INFO:root:TRAIN measures@10 for class 1 - precision 0.5583 - recall 0.0067 - f1 0.0132 
INFO:root:TRAIN measures@100 microavg - precision 0.5121 - recall 0.0192 - f1 0.0371 
INFO:root:TRAIN measures@100 for class 0 - precision 1.0000 - recall 0.0000 - f1 0.0001 
INFO:root:TRAIN measures@100 for class 1 - precision 0.5117 - recall 0.0612 - f1 0.1093 
INFO:root:TRAIN measures@1000 microavg - precision 0.4323 - recall 0.1622 - f1 0.2359 
INFO:root:TRAIN measures@1000 for class 0 - precision 1.0000 - recall 0.0001 - f1 0.0003 
INFO:root:TRAIN measures@1000 for class 1 - precision 0.4322 - recall 0.5170 - f1 0.4708 
INFO:root:TRAIN Total epoch time: 0.9973640700000033
INFO:root:################ VALID epoch 55 ###################
INFO:root:VALID mean losses tensor(1.7502)
INFO:root:VALID mean errors 0.6980494856834412
INFO:root:VALID mean MRR 0.0 - mean MAP 0.4084523618221283
INFO:root:VALID tp {0: tensor(0), 1: tensor(2415)},fn {0: tensor(5583), 1: tensor(0)},fp {0: tensor(0), 1: tensor(5583)}
INFO:root:VALID measures microavg - precision 0.3020 - recall 0.3020 - f1 0.3020 
INFO:root:VALID measures for class 0 - precision 0.0000 - recall 0.0000 - f1 0.0000 
INFO:root:VALID measures for class 1 - precision 0.3020 - recall 1.0000 - f1 0.4638 
INFO:root:VALID measures@10 microavg - precision 0.5667 - recall 0.0021 - f1 0.0042 
INFO:root:VALID measures@10 for class 0 - precision 0.0000 - recall 0.0000 - f1 0.0000 
INFO:root:VALID measures@10 for class 1 - precision 0.5667 - recall 0.0070 - f1 0.0139 
INFO:root:VALID measures@100 microavg - precision 0.5000 - recall 0.0188 - f1 0.0362 
INFO:root:VALID measures@100 for class 0 - precision 0.0000 - recall 0.0000 - f1 0.0000 
INFO:root:VALID measures@100 for class 1 - precision 0.5000 - recall 0.0621 - f1 0.1105 
INFO:root:VALID measures@1000 microavg - precision 0.3957 - recall 0.1484 - f1 0.2159 
INFO:root:VALID measures@1000 for class 0 - precision 0.0000 - recall 0.0000 - f1 0.0000 
INFO:root:VALID measures@1000 for class 1 - precision 0.3957 - recall 0.4915 - f1 0.4384 
INFO:root:VALID Total epoch time: 0.18679561600038141
INFO:root:################ TRAIN epoch 56 ###################
INFO:root:TRAIN mean losses tensor(1.7366)
INFO:root:TRAIN mean errors 0.6863903403282166
INFO:root:TRAIN mean MRR 0.0 - mean MAP 0.4440092146396637
INFO:root:TRAIN tp {0: tensor(2), 1: tensor(10031)},fn {0: tensor(21959), 1: tensor(0)},fp {0: tensor(0), 1: tensor(21959)}
INFO:root:TRAIN measures microavg - precision 0.3136 - recall 0.3136 - f1 0.3136 
INFO:root:TRAIN measures for class 0 - precision 1.0000 - recall 0.0001 - f1 0.0002 
INFO:root:TRAIN measures for class 1 - precision 0.3136 - recall 1.0000 - f1 0.4774 
INFO:root:TRAIN measures@10 microavg - precision 0.5917 - recall 0.0022 - f1 0.0044 
INFO:root:TRAIN measures@10 for class 0 - precision 0.0000 - recall 0.0000 - f1 0.0000 
INFO:root:TRAIN measures@10 for class 1 - precision 0.5917 - recall 0.0071 - f1 0.0140 
INFO:root:TRAIN measures@100 microavg - precision 0.5417 - recall 0.0203 - f1 0.0392 
INFO:root:TRAIN measures@100 for class 0 - precision 0.0000 - recall 0.0000 - f1 0.0000 
INFO:root:TRAIN measures@100 for class 1 - precision 0.5417 - recall 0.0648 - f1 0.1158 
INFO:root:TRAIN measures@1000 microavg - precision 0.4292 - recall 0.1610 - f1 0.2341 
INFO:root:TRAIN measures@1000 for class 0 - precision 0.0000 - recall 0.0000 - f1 0.0000 
INFO:root:TRAIN measures@1000 for class 1 - precision 0.4292 - recall 0.5134 - f1 0.4675 
INFO:root:TRAIN Total epoch time: 0.9998386410006788
INFO:root:################ VALID epoch 56 ###################
INFO:root:VALID mean losses tensor(1.7422)
INFO:root:VALID mean errors 0.6980494856834412
INFO:root:VALID mean MRR 0.0 - mean MAP 0.4076553285121918
INFO:root:VALID tp {0: tensor(0), 1: tensor(2415)},fn {0: tensor(5583), 1: tensor(0)},fp {0: tensor(0), 1: tensor(5583)}
INFO:root:VALID measures microavg - precision 0.3020 - recall 0.3020 - f1 0.3020 
INFO:root:VALID measures for class 0 - precision 0.0000 - recall 0.0000 - f1 0.0000 
INFO:root:VALID measures for class 1 - precision 0.3020 - recall 1.0000 - f1 0.4638 
INFO:root:VALID measures@10 microavg - precision 0.4333 - recall 0.0016 - f1 0.0032 
INFO:root:VALID measures@10 for class 0 - precision 0.0000 - recall 0.0000 - f1 0.0000 
INFO:root:VALID measures@10 for class 1 - precision 0.4333 - recall 0.0054 - f1 0.0106 
INFO:root:VALID measures@100 microavg - precision 0.4833 - recall 0.0181 - f1 0.0349 
INFO:root:VALID measures@100 for class 0 - precision 0.0000 - recall 0.0000 - f1 0.0000 
INFO:root:VALID measures@100 for class 1 - precision 0.4833 - recall 0.0600 - f1 0.1068 
INFO:root:VALID measures@1000 microavg - precision 0.4020 - recall 0.1508 - f1 0.2193 
INFO:root:VALID measures@1000 for class 0 - precision 0.0000 - recall 0.0000 - f1 0.0000 
INFO:root:VALID measures@1000 for class 1 - precision 0.4020 - recall 0.4994 - f1 0.4454 
INFO:root:VALID Total epoch time: 0.18865077099962946
INFO:root:################ TRAIN epoch 57 ###################
INFO:root:TRAIN mean losses tensor(1.7399)
INFO:root:TRAIN mean errors 0.6864528656005859
INFO:root:TRAIN mean MRR 0.0 - mean MAP 0.44012823700904846
INFO:root:TRAIN tp {0: tensor(2), 1: tensor(10029)},fn {0: tensor(21959), 1: tensor(2)},fp {0: tensor(2), 1: tensor(21959)}
INFO:root:TRAIN measures microavg - precision 0.3135 - recall 0.3135 - f1 0.3135 
INFO:root:TRAIN measures for class 0 - precision 0.5000 - recall 0.0001 - f1 0.0002 
INFO:root:TRAIN measures for class 1 - precision 0.3135 - recall 0.9998 - f1 0.4774 
INFO:root:TRAIN measures@10 microavg - precision 0.6667 - recall 0.0025 - f1 0.0050 
INFO:root:TRAIN measures@10 for class 0 - precision 0.0000 - recall 0.0000 - f1 0.0000 
INFO:root:TRAIN measures@10 for class 1 - precision 0.6667 - recall 0.0080 - f1 0.0158 
INFO:root:TRAIN measures@100 microavg - precision 0.5308 - recall 0.0199 - f1 0.0384 
INFO:root:TRAIN measures@100 for class 0 - precision 0.0000 - recall 0.0000 - f1 0.0000 
INFO:root:TRAIN measures@100 for class 1 - precision 0.5308 - recall 0.0635 - f1 0.1134 
INFO:root:TRAIN measures@1000 microavg - precision 0.4265 - recall 0.1600 - f1 0.2327 
INFO:root:TRAIN measures@1000 for class 0 - precision 1.0000 - recall 0.0000 - f1 0.0001 
INFO:root:TRAIN measures@1000 for class 1 - precision 0.4264 - recall 0.5101 - f1 0.4645 
INFO:root:TRAIN Total epoch time: 0.9821416300001147
INFO:root:################ VALID epoch 57 ###################
INFO:root:VALID mean losses tensor(1.7434)
INFO:root:VALID mean errors 0.6980494856834412
INFO:root:VALID mean MRR 0.0 - mean MAP 0.41208168864250183
INFO:root:VALID tp {0: tensor(0), 1: tensor(2415)},fn {0: tensor(5583), 1: tensor(0)},fp {0: tensor(0), 1: tensor(5583)}
INFO:root:VALID measures microavg - precision 0.3020 - recall 0.3020 - f1 0.3020 
INFO:root:VALID measures for class 0 - precision 0.0000 - recall 0.0000 - f1 0.0000 
INFO:root:VALID measures for class 1 - precision 0.3020 - recall 1.0000 - f1 0.4638 
INFO:root:VALID measures@10 microavg - precision 0.5000 - recall 0.0019 - f1 0.0037 
INFO:root:VALID measures@10 for class 0 - precision 0.0000 - recall 0.0000 - f1 0.0000 
INFO:root:VALID measures@10 for class 1 - precision 0.5000 - recall 0.0062 - f1 0.0123 
INFO:root:VALID measures@100 microavg - precision 0.5067 - recall 0.0190 - f1 0.0366 
INFO:root:VALID measures@100 for class 0 - precision 0.0000 - recall 0.0000 - f1 0.0000 
INFO:root:VALID measures@100 for class 1 - precision 0.5067 - recall 0.0629 - f1 0.1120 
INFO:root:VALID measures@1000 microavg - precision 0.4033 - recall 0.1513 - f1 0.2200 
INFO:root:VALID measures@1000 for class 0 - precision 0.0000 - recall 0.0000 - f1 0.0000 
INFO:root:VALID measures@1000 for class 1 - precision 0.4033 - recall 0.5010 - f1 0.4469 
INFO:root:VALID Total epoch time: 0.18763553700046032
INFO:root:################ TRAIN epoch 58 ###################
INFO:root:TRAIN mean losses tensor(1.7384)
INFO:root:TRAIN mean errors 0.6864216327667236
INFO:root:TRAIN mean MRR 0.0 - mean MAP 0.4399259388446808
INFO:root:TRAIN tp {0: tensor(3), 1: tensor(10029)},fn {0: tensor(21958), 1: tensor(2)},fp {0: tensor(2), 1: tensor(21958)}
INFO:root:TRAIN measures microavg - precision 0.3136 - recall 0.3136 - f1 0.3136 
INFO:root:TRAIN measures for class 0 - precision 0.6000 - recall 0.0001 - f1 0.0003 
INFO:root:TRAIN measures for class 1 - precision 0.3135 - recall 0.9998 - f1 0.4774 
INFO:root:TRAIN measures@10 microavg - precision 0.5833 - recall 0.0022 - f1 0.0044 
INFO:root:TRAIN measures@10 for class 0 - precision 0.0000 - recall 0.0000 - f1 0.0000 
INFO:root:TRAIN measures@10 for class 1 - precision 0.5833 - recall 0.0070 - f1 0.0138 
INFO:root:TRAIN measures@100 microavg - precision 0.5342 - recall 0.0200 - f1 0.0386 
INFO:root:TRAIN measures@100 for class 0 - precision 0.0000 - recall 0.0000 - f1 0.0000 
INFO:root:TRAIN measures@100 for class 1 - precision 0.5342 - recall 0.0639 - f1 0.1141 
INFO:root:TRAIN measures@1000 microavg - precision 0.4298 - recall 0.1612 - f1 0.2345 
INFO:root:TRAIN measures@1000 for class 0 - precision 0.0000 - recall 0.0000 - f1 0.0000 
INFO:root:TRAIN measures@1000 for class 1 - precision 0.4298 - recall 0.5141 - f1 0.4682 
INFO:root:TRAIN Total epoch time: 0.9996433360001902
INFO:root:################ VALID epoch 58 ###################
INFO:root:VALID mean losses tensor(1.7424)
INFO:root:VALID mean errors 0.6980494856834412
INFO:root:VALID mean MRR 0.0 - mean MAP 0.4120160937309265
INFO:root:VALID tp {0: tensor(0), 1: tensor(2415)},fn {0: tensor(5583), 1: tensor(0)},fp {0: tensor(0), 1: tensor(5583)}
INFO:root:VALID measures microavg - precision 0.3020 - recall 0.3020 - f1 0.3020 
INFO:root:VALID measures for class 0 - precision 0.0000 - recall 0.0000 - f1 0.0000 
INFO:root:VALID measures for class 1 - precision 0.3020 - recall 1.0000 - f1 0.4638 
INFO:root:VALID measures@10 microavg - precision 0.5667 - recall 0.0021 - f1 0.0042 
INFO:root:VALID measures@10 for class 0 - precision 0.0000 - recall 0.0000 - f1 0.0000 
INFO:root:VALID measures@10 for class 1 - precision 0.5667 - recall 0.0070 - f1 0.0139 
INFO:root:VALID measures@100 microavg - precision 0.4933 - recall 0.0185 - f1 0.0357 
INFO:root:VALID measures@100 for class 0 - precision 0.0000 - recall 0.0000 - f1 0.0000 
INFO:root:VALID measures@100 for class 1 - precision 0.4933 - recall 0.0613 - f1 0.1090 
INFO:root:VALID measures@1000 microavg - precision 0.3973 - recall 0.1490 - f1 0.2168 
INFO:root:VALID measures@1000 for class 0 - precision 0.0000 - recall 0.0000 - f1 0.0000 
INFO:root:VALID measures@1000 for class 1 - precision 0.3973 - recall 0.4936 - f1 0.4403 
INFO:root:VALID Total epoch time: 0.19221452900001168
INFO:root:################ TRAIN epoch 59 ###################
INFO:root:TRAIN mean losses tensor(1.7359)
INFO:root:TRAIN mean errors 0.6864528656005859
INFO:root:TRAIN mean MRR 0.0 - mean MAP 0.43968918919563293
INFO:root:TRAIN tp {0: tensor(0), 1: tensor(10031)},fn {0: tensor(21961), 1: tensor(0)},fp {0: tensor(0), 1: tensor(21961)}
INFO:root:TRAIN measures microavg - precision 0.3135 - recall 0.3135 - f1 0.3135 
INFO:root:TRAIN measures for class 0 - precision 0.0000 - recall 0.0000 - f1 0.0000 
INFO:root:TRAIN measures for class 1 - precision 0.3135 - recall 1.0000 - f1 0.4774 
INFO:root:TRAIN measures@10 microavg - precision 0.5917 - recall 0.0022 - f1 0.0044 
INFO:root:TRAIN measures@10 for class 0 - precision 0.0000 - recall 0.0000 - f1 0.0000 
INFO:root:TRAIN measures@10 for class 1 - precision 0.5917 - recall 0.0071 - f1 0.0140 
INFO:root:TRAIN measures@100 microavg - precision 0.5225 - recall 0.0196 - f1 0.0378 
INFO:root:TRAIN measures@100 for class 0 - precision 0.0000 - recall 0.0000 - f1 0.0000 
INFO:root:TRAIN measures@100 for class 1 - precision 0.5225 - recall 0.0625 - f1 0.1117 
INFO:root:TRAIN measures@1000 microavg - precision 0.4314 - recall 0.1618 - f1 0.2354 
INFO:root:TRAIN measures@1000 for class 0 - precision 0.0000 - recall 0.0000 - f1 0.0000 
INFO:root:TRAIN measures@1000 for class 1 - precision 0.4314 - recall 0.5161 - f1 0.4700 
INFO:root:TRAIN Total epoch time: 0.9841039419998197
INFO:root:################ VALID epoch 59 ###################
INFO:root:VALID mean losses tensor(1.7434)
INFO:root:VALID mean errors 0.6980494856834412
INFO:root:VALID mean MRR 0.0 - mean MAP 0.4080309569835663
INFO:root:VALID tp {0: tensor(0), 1: tensor(2415)},fn {0: tensor(5583), 1: tensor(0)},fp {0: tensor(0), 1: tensor(5583)}
INFO:root:VALID measures microavg - precision 0.3020 - recall 0.3020 - f1 0.3020 
INFO:root:VALID measures for class 0 - precision 0.0000 - recall 0.0000 - f1 0.0000 
INFO:root:VALID measures for class 1 - precision 0.3020 - recall 1.0000 - f1 0.4638 
INFO:root:VALID measures@10 microavg - precision 0.5667 - recall 0.0021 - f1 0.0042 
INFO:root:VALID measures@10 for class 0 - precision 0.0000 - recall 0.0000 - f1 0.0000 
INFO:root:VALID measures@10 for class 1 - precision 0.5667 - recall 0.0070 - f1 0.0139 
INFO:root:VALID measures@100 microavg - precision 0.4833 - recall 0.0181 - f1 0.0349 
INFO:root:VALID measures@100 for class 0 - precision 0.0000 - recall 0.0000 - f1 0.0000 
INFO:root:VALID measures@100 for class 1 - precision 0.4833 - recall 0.0600 - f1 0.1068 
INFO:root:VALID measures@1000 microavg - precision 0.4053 - recall 0.1520 - f1 0.2211 
INFO:root:VALID measures@1000 for class 0 - precision 0.0000 - recall 0.0000 - f1 0.0000 
INFO:root:VALID measures@1000 for class 1 - precision 0.4053 - recall 0.5035 - f1 0.4491 
INFO:root:VALID Total epoch time: 0.18564690299990616
INFO:root:################ TRAIN epoch 60 ###################
INFO:root:TRAIN mean losses tensor(1.7367)
INFO:root:TRAIN mean errors 0.6864528656005859
INFO:root:TRAIN mean MRR 0.0 - mean MAP 0.44174519181251526
INFO:root:TRAIN tp {0: tensor(0), 1: tensor(10031)},fn {0: tensor(21961), 1: tensor(0)},fp {0: tensor(0), 1: tensor(21961)}
INFO:root:TRAIN measures microavg - precision 0.3135 - recall 0.3135 - f1 0.3135 
INFO:root:TRAIN measures for class 0 - precision 0.0000 - recall 0.0000 - f1 0.0000 
INFO:root:TRAIN measures for class 1 - precision 0.3135 - recall 1.0000 - f1 0.4774 
INFO:root:TRAIN measures@10 microavg - precision 0.6167 - recall 0.0023 - f1 0.0046 
INFO:root:TRAIN measures@10 for class 0 - precision 0.0000 - recall 0.0000 - f1 0.0000 
INFO:root:TRAIN measures@10 for class 1 - precision 0.6167 - recall 0.0074 - f1 0.0146 
INFO:root:TRAIN measures@100 microavg - precision 0.5250 - recall 0.0197 - f1 0.0380 
INFO:root:TRAIN measures@100 for class 0 - precision 0.0000 - recall 0.0000 - f1 0.0000 
INFO:root:TRAIN measures@100 for class 1 - precision 0.5250 - recall 0.0628 - f1 0.1122 
INFO:root:TRAIN measures@1000 microavg - precision 0.4295 - recall 0.1611 - f1 0.2343 
INFO:root:TRAIN measures@1000 for class 0 - precision 0.0000 - recall 0.0000 - f1 0.0000 
INFO:root:TRAIN measures@1000 for class 1 - precision 0.4295 - recall 0.5138 - f1 0.4679 
INFO:root:TRAIN Total epoch time: 0.967518970999663
INFO:root:################ VALID epoch 60 ###################
INFO:root:VALID mean losses tensor(1.7362)
INFO:root:VALID mean errors 0.6980494856834412
INFO:root:VALID mean MRR 0.0 - mean MAP 0.4190555512905121
INFO:root:VALID tp {0: tensor(0), 1: tensor(2415)},fn {0: tensor(5583), 1: tensor(0)},fp {0: tensor(0), 1: tensor(5583)}
INFO:root:VALID measures microavg - precision 0.3020 - recall 0.3020 - f1 0.3020 
INFO:root:VALID measures for class 0 - precision 0.0000 - recall 0.0000 - f1 0.0000 
INFO:root:VALID measures for class 1 - precision 0.3020 - recall 1.0000 - f1 0.4638 
INFO:root:VALID measures@10 microavg - precision 0.6000 - recall 0.0023 - f1 0.0045 
INFO:root:VALID measures@10 for class 0 - precision 0.0000 - recall 0.0000 - f1 0.0000 
INFO:root:VALID measures@10 for class 1 - precision 0.6000 - recall 0.0075 - f1 0.0147 
INFO:root:VALID measures@100 microavg - precision 0.5067 - recall 0.0190 - f1 0.0366 
INFO:root:VALID measures@100 for class 0 - precision 0.0000 - recall 0.0000 - f1 0.0000 
INFO:root:VALID measures@100 for class 1 - precision 0.5067 - recall 0.0629 - f1 0.1120 
INFO:root:VALID measures@1000 microavg - precision 0.4110 - recall 0.1542 - f1 0.2242 
INFO:root:VALID measures@1000 for class 0 - precision 0.0000 - recall 0.0000 - f1 0.0000 
INFO:root:VALID measures@1000 for class 1 - precision 0.4110 - recall 0.5106 - f1 0.4554 
INFO:root:VALID Total epoch time: 0.18154398899969237
INFO:root:################ TRAIN epoch 61 ###################
INFO:root:TRAIN mean losses tensor(1.7419)
INFO:root:TRAIN mean errors 0.6864528656005859
INFO:root:TRAIN mean MRR 0.0 - mean MAP 0.4385339319705963
INFO:root:TRAIN tp {0: tensor(0), 1: tensor(10031)},fn {0: tensor(21961), 1: tensor(0)},fp {0: tensor(0), 1: tensor(21961)}
INFO:root:TRAIN measures microavg - precision 0.3135 - recall 0.3135 - f1 0.3135 
INFO:root:TRAIN measures for class 0 - precision 0.0000 - recall 0.0000 - f1 0.0000 
INFO:root:TRAIN measures for class 1 - precision 0.3135 - recall 1.0000 - f1 0.4774 
INFO:root:TRAIN measures@10 microavg - precision 0.6583 - recall 0.0025 - f1 0.0049 
INFO:root:TRAIN measures@10 for class 0 - precision 0.0000 - recall 0.0000 - f1 0.0000 
INFO:root:TRAIN measures@10 for class 1 - precision 0.6583 - recall 0.0079 - f1 0.0156 
INFO:root:TRAIN measures@100 microavg - precision 0.5275 - recall 0.0198 - f1 0.0381 
INFO:root:TRAIN measures@100 for class 0 - precision 0.0000 - recall 0.0000 - f1 0.0000 
INFO:root:TRAIN measures@100 for class 1 - precision 0.5275 - recall 0.0631 - f1 0.1127 
INFO:root:TRAIN measures@1000 microavg - precision 0.4280 - recall 0.1606 - f1 0.2335 
INFO:root:TRAIN measures@1000 for class 0 - precision 1.0000 - recall 0.0000 - f1 0.0001 
INFO:root:TRAIN measures@1000 for class 1 - precision 0.4280 - recall 0.5120 - f1 0.4663 
INFO:root:TRAIN Total epoch time: 0.9829012439995495
INFO:root:################ VALID epoch 61 ###################
INFO:root:VALID mean losses tensor(1.7443)
INFO:root:VALID mean errors 0.6980494856834412
INFO:root:VALID mean MRR 0.0 - mean MAP 0.4095652401447296
INFO:root:VALID tp {0: tensor(0), 1: tensor(2415)},fn {0: tensor(5583), 1: tensor(0)},fp {0: tensor(0), 1: tensor(5583)}
INFO:root:VALID measures microavg - precision 0.3020 - recall 0.3020 - f1 0.3020 
INFO:root:VALID measures for class 0 - precision 0.0000 - recall 0.0000 - f1 0.0000 
INFO:root:VALID measures for class 1 - precision 0.3020 - recall 1.0000 - f1 0.4638 
INFO:root:VALID measures@10 microavg - precision 0.5667 - recall 0.0021 - f1 0.0042 
INFO:root:VALID measures@10 for class 0 - precision 0.0000 - recall 0.0000 - f1 0.0000 
INFO:root:VALID measures@10 for class 1 - precision 0.5667 - recall 0.0070 - f1 0.0139 
INFO:root:VALID measures@100 microavg - precision 0.5067 - recall 0.0190 - f1 0.0366 
INFO:root:VALID measures@100 for class 0 - precision 0.0000 - recall 0.0000 - f1 0.0000 
INFO:root:VALID measures@100 for class 1 - precision 0.5067 - recall 0.0629 - f1 0.1120 
INFO:root:VALID measures@1000 microavg - precision 0.4000 - recall 0.1500 - f1 0.2182 
INFO:root:VALID measures@1000 for class 0 - precision 0.0000 - recall 0.0000 - f1 0.0000 
INFO:root:VALID measures@1000 for class 1 - precision 0.4000 - recall 0.4969 - f1 0.4432 
INFO:root:VALID Total epoch time: 0.19117053099944314
INFO:root:################ TRAIN epoch 62 ###################
INFO:root:TRAIN mean losses tensor(1.7361)
INFO:root:TRAIN mean errors 0.6862340569496155
INFO:root:TRAIN mean MRR 0.0 - mean MAP 0.44606414437294006
INFO:root:TRAIN tp {0: tensor(10), 1: tensor(10028)},fn {0: tensor(21951), 1: tensor(3)},fp {0: tensor(3), 1: tensor(21951)}
INFO:root:TRAIN measures microavg - precision 0.3138 - recall 0.3138 - f1 0.3138 
INFO:root:TRAIN measures for class 0 - precision 0.7692 - recall 0.0005 - f1 0.0009 
INFO:root:TRAIN measures for class 1 - precision 0.3136 - recall 0.9997 - f1 0.4774 
INFO:root:TRAIN measures@10 microavg - precision 0.5917 - recall 0.0022 - f1 0.0044 
INFO:root:TRAIN measures@10 for class 0 - precision 0.0000 - recall 0.0000 - f1 0.0000 
INFO:root:TRAIN measures@10 for class 1 - precision 0.5917 - recall 0.0071 - f1 0.0140 
INFO:root:TRAIN measures@100 microavg - precision 0.5425 - recall 0.0203 - f1 0.0392 
INFO:root:TRAIN measures@100 for class 0 - precision 0.0000 - recall 0.0000 - f1 0.0000 
INFO:root:TRAIN measures@100 for class 1 - precision 0.5425 - recall 0.0649 - f1 0.1159 
INFO:root:TRAIN measures@1000 microavg - precision 0.4332 - recall 0.1625 - f1 0.2363 
INFO:root:TRAIN measures@1000 for class 0 - precision 0.0000 - recall 0.0000 - f1 0.0000 
INFO:root:TRAIN measures@1000 for class 1 - precision 0.4332 - recall 0.5182 - f1 0.4719 
INFO:root:TRAIN Total epoch time: 0.9991509900000892
INFO:root:################ VALID epoch 62 ###################
INFO:root:VALID mean losses tensor(1.7361)
INFO:root:VALID mean errors 0.6980494856834412
INFO:root:VALID mean MRR 0.0 - mean MAP 0.41603150963783264
INFO:root:VALID tp {0: tensor(0), 1: tensor(2415)},fn {0: tensor(5583), 1: tensor(0)},fp {0: tensor(0), 1: tensor(5583)}
INFO:root:VALID measures microavg - precision 0.3020 - recall 0.3020 - f1 0.3020 
INFO:root:VALID measures for class 0 - precision 0.0000 - recall 0.0000 - f1 0.0000 
INFO:root:VALID measures for class 1 - precision 0.3020 - recall 1.0000 - f1 0.4638 
INFO:root:VALID measures@10 microavg - precision 0.4000 - recall 0.0015 - f1 0.0030 
INFO:root:VALID measures@10 for class 0 - precision 0.0000 - recall 0.0000 - f1 0.0000 
INFO:root:VALID measures@10 for class 1 - precision 0.4000 - recall 0.0050 - f1 0.0098 
INFO:root:VALID measures@100 microavg - precision 0.5100 - recall 0.0191 - f1 0.0369 
INFO:root:VALID measures@100 for class 0 - precision 0.0000 - recall 0.0000 - f1 0.0000 
INFO:root:VALID measures@100 for class 1 - precision 0.5100 - recall 0.0634 - f1 0.1127 
INFO:root:VALID measures@1000 microavg - precision 0.4030 - recall 0.1512 - f1 0.2199 
INFO:root:VALID measures@1000 for class 0 - precision 0.0000 - recall 0.0000 - f1 0.0000 
INFO:root:VALID measures@1000 for class 1 - precision 0.4030 - recall 0.5006 - f1 0.4465 
INFO:root:VALID Total epoch time: 0.1874278420000337
INFO:root:################ TRAIN epoch 63 ###################
INFO:root:TRAIN mean losses tensor(1.7384)
INFO:root:TRAIN mean errors 0.6864528656005859
INFO:root:TRAIN mean MRR 0.0 - mean MAP 0.4440332055091858
INFO:root:TRAIN tp {0: tensor(0), 1: tensor(10031)},fn {0: tensor(21961), 1: tensor(0)},fp {0: tensor(0), 1: tensor(21961)}
INFO:root:TRAIN measures microavg - precision 0.3135 - recall 0.3135 - f1 0.3135 
INFO:root:TRAIN measures for class 0 - precision 0.0000 - recall 0.0000 - f1 0.0000 
INFO:root:TRAIN measures for class 1 - precision 0.3135 - recall 1.0000 - f1 0.4774 
INFO:root:TRAIN measures@10 microavg - precision 0.6417 - recall 0.0024 - f1 0.0048 
INFO:root:TRAIN measures@10 for class 0 - precision 0.0000 - recall 0.0000 - f1 0.0000 
INFO:root:TRAIN measures@10 for class 1 - precision 0.6417 - recall 0.0077 - f1 0.0152 
INFO:root:TRAIN measures@100 microavg - precision 0.5283 - recall 0.0198 - f1 0.0382 
INFO:root:TRAIN measures@100 for class 0 - precision 0.0000 - recall 0.0000 - f1 0.0000 
INFO:root:TRAIN measures@100 for class 1 - precision 0.5283 - recall 0.0632 - f1 0.1129 
INFO:root:TRAIN measures@1000 microavg - precision 0.4308 - recall 0.1616 - f1 0.2350 
INFO:root:TRAIN measures@1000 for class 0 - precision 0.0000 - recall 0.0000 - f1 0.0000 
INFO:root:TRAIN measures@1000 for class 1 - precision 0.4308 - recall 0.5154 - f1 0.4693 
INFO:root:TRAIN Total epoch time: 0.9943769249994148
INFO:root:################ VALID epoch 63 ###################
INFO:root:VALID mean losses tensor(1.7414)
INFO:root:VALID mean errors 0.6980494856834412
INFO:root:VALID mean MRR 0.0 - mean MAP 0.41282063722610474
INFO:root:VALID tp {0: tensor(0), 1: tensor(2415)},fn {0: tensor(5583), 1: tensor(0)},fp {0: tensor(0), 1: tensor(5583)}
INFO:root:VALID measures microavg - precision 0.3020 - recall 0.3020 - f1 0.3020 
INFO:root:VALID measures for class 0 - precision 0.0000 - recall 0.0000 - f1 0.0000 
INFO:root:VALID measures for class 1 - precision 0.3020 - recall 1.0000 - f1 0.4638 
INFO:root:VALID measures@10 microavg - precision 0.5667 - recall 0.0021 - f1 0.0042 
INFO:root:VALID measures@10 for class 0 - precision 0.0000 - recall 0.0000 - f1 0.0000 
INFO:root:VALID measures@10 for class 1 - precision 0.5667 - recall 0.0070 - f1 0.0139 
INFO:root:VALID measures@100 microavg - precision 0.5000 - recall 0.0188 - f1 0.0362 
INFO:root:VALID measures@100 for class 0 - precision 0.0000 - recall 0.0000 - f1 0.0000 
INFO:root:VALID measures@100 for class 1 - precision 0.5000 - recall 0.0621 - f1 0.1105 
INFO:root:VALID measures@1000 microavg - precision 0.3947 - recall 0.1480 - f1 0.2153 
INFO:root:VALID measures@1000 for class 0 - precision 0.0000 - recall 0.0000 - f1 0.0000 
INFO:root:VALID measures@1000 for class 1 - precision 0.3947 - recall 0.4903 - f1 0.4373 
INFO:root:VALID Total epoch time: 0.18876952200025698
INFO:root:################ TRAIN epoch 64 ###################
INFO:root:TRAIN mean losses tensor(1.7391)
INFO:root:TRAIN mean errors 0.6864528656005859
INFO:root:TRAIN mean MRR 0.0 - mean MAP 0.4457349479198456
INFO:root:TRAIN tp {0: tensor(0), 1: tensor(10031)},fn {0: tensor(21961), 1: tensor(0)},fp {0: tensor(0), 1: tensor(21961)}
INFO:root:TRAIN measures microavg - precision 0.3135 - recall 0.3135 - f1 0.3135 
INFO:root:TRAIN measures for class 0 - precision 0.0000 - recall 0.0000 - f1 0.0000 
INFO:root:TRAIN measures for class 1 - precision 0.3135 - recall 1.0000 - f1 0.4774 
INFO:root:TRAIN measures@10 microavg - precision 0.6583 - recall 0.0025 - f1 0.0049 
INFO:root:TRAIN measures@10 for class 0 - precision 0.0000 - recall 0.0000 - f1 0.0000 
INFO:root:TRAIN measures@10 for class 1 - precision 0.6583 - recall 0.0079 - f1 0.0156 
INFO:root:TRAIN measures@100 microavg - precision 0.5400 - recall 0.0203 - f1 0.0390 
INFO:root:TRAIN measures@100 for class 0 - precision 0.0000 - recall 0.0000 - f1 0.0000 
INFO:root:TRAIN measures@100 for class 1 - precision 0.5400 - recall 0.0646 - f1 0.1154 
INFO:root:TRAIN measures@1000 microavg - precision 0.4329 - recall 0.1624 - f1 0.2362 
INFO:root:TRAIN measures@1000 for class 0 - precision 1.0000 - recall 0.0000 - f1 0.0001 
INFO:root:TRAIN measures@1000 for class 1 - precision 0.4328 - recall 0.5178 - f1 0.4715 
INFO:root:TRAIN Total epoch time: 0.9897113699998954
INFO:root:################ VALID epoch 64 ###################
INFO:root:VALID mean losses tensor(1.7530)
INFO:root:VALID mean errors 0.6980494856834412
INFO:root:VALID mean MRR 0.0 - mean MAP 0.40195783972740173
INFO:root:VALID tp {0: tensor(0), 1: tensor(2415)},fn {0: tensor(5583), 1: tensor(0)},fp {0: tensor(0), 1: tensor(5583)}
INFO:root:VALID measures microavg - precision 0.3020 - recall 0.3020 - f1 0.3020 
INFO:root:VALID measures for class 0 - precision 0.0000 - recall 0.0000 - f1 0.0000 
INFO:root:VALID measures for class 1 - precision 0.3020 - recall 1.0000 - f1 0.4638 
INFO:root:VALID measures@10 microavg - precision 0.5333 - recall 0.0020 - f1 0.0040 
INFO:root:VALID measures@10 for class 0 - precision 0.0000 - recall 0.0000 - f1 0.0000 
INFO:root:VALID measures@10 for class 1 - precision 0.5333 - recall 0.0066 - f1 0.0131 
INFO:root:VALID measures@100 microavg - precision 0.4533 - recall 0.0170 - f1 0.0328 
INFO:root:VALID measures@100 for class 0 - precision 0.0000 - recall 0.0000 - f1 0.0000 
INFO:root:VALID measures@100 for class 1 - precision 0.4533 - recall 0.0563 - f1 0.1002 
INFO:root:VALID measures@1000 microavg - precision 0.3913 - recall 0.1468 - f1 0.2135 
INFO:root:VALID measures@1000 for class 0 - precision 0.0000 - recall 0.0000 - f1 0.0000 
INFO:root:VALID measures@1000 for class 1 - precision 0.3913 - recall 0.4861 - f1 0.4336 
INFO:root:VALID Total epoch time: 0.18883483599984174
INFO:root:################ TRAIN epoch 65 ###################
INFO:root:TRAIN mean losses tensor(1.7385)
INFO:root:TRAIN mean errors 0.6864216327667236
INFO:root:TRAIN mean MRR 0.0 - mean MAP 0.4412166178226471
INFO:root:TRAIN tp {0: tensor(1), 1: tensor(10031)},fn {0: tensor(21960), 1: tensor(0)},fp {0: tensor(0), 1: tensor(21960)}
INFO:root:TRAIN measures microavg - precision 0.3136 - recall 0.3136 - f1 0.3136 
INFO:root:TRAIN measures for class 0 - precision 1.0000 - recall 0.0000 - f1 0.0001 
INFO:root:TRAIN measures for class 1 - precision 0.3136 - recall 1.0000 - f1 0.4774 
INFO:root:TRAIN measures@10 microavg - precision 0.5417 - recall 0.0020 - f1 0.0040 
INFO:root:TRAIN measures@10 for class 0 - precision 0.0000 - recall 0.0000 - f1 0.0000 
INFO:root:TRAIN measures@10 for class 1 - precision 0.5417 - recall 0.0065 - f1 0.0128 
INFO:root:TRAIN measures@100 microavg - precision 0.5254 - recall 0.0197 - f1 0.0380 
INFO:root:TRAIN measures@100 for class 0 - precision 1.0000 - recall 0.0000 - f1 0.0001 
INFO:root:TRAIN measures@100 for class 1 - precision 0.5250 - recall 0.0628 - f1 0.1122 
INFO:root:TRAIN measures@1000 microavg - precision 0.4356 - recall 0.1634 - f1 0.2377 
INFO:root:TRAIN measures@1000 for class 0 - precision 1.0000 - recall 0.0001 - f1 0.0002 
INFO:root:TRAIN measures@1000 for class 1 - precision 0.4355 - recall 0.5210 - f1 0.4744 
INFO:root:TRAIN Total epoch time: 0.9959187569993446
INFO:root:################ VALID epoch 65 ###################
INFO:root:VALID mean losses tensor(1.7449)
INFO:root:VALID mean errors 0.6980494856834412
INFO:root:VALID mean MRR 0.0 - mean MAP 0.40786513686180115
INFO:root:VALID tp {0: tensor(0), 1: tensor(2415)},fn {0: tensor(5583), 1: tensor(0)},fp {0: tensor(0), 1: tensor(5583)}
INFO:root:VALID measures microavg - precision 0.3020 - recall 0.3020 - f1 0.3020 
INFO:root:VALID measures for class 0 - precision 0.0000 - recall 0.0000 - f1 0.0000 
INFO:root:VALID measures for class 1 - precision 0.3020 - recall 1.0000 - f1 0.4638 
INFO:root:VALID measures@10 microavg - precision 0.4667 - recall 0.0018 - f1 0.0035 
INFO:root:VALID measures@10 for class 0 - precision 0.0000 - recall 0.0000 - f1 0.0000 
INFO:root:VALID measures@10 for class 1 - precision 0.4667 - recall 0.0058 - f1 0.0115 
INFO:root:VALID measures@100 microavg - precision 0.4700 - recall 0.0176 - f1 0.0340 
INFO:root:VALID measures@100 for class 0 - precision 0.0000 - recall 0.0000 - f1 0.0000 
INFO:root:VALID measures@100 for class 1 - precision 0.4700 - recall 0.0584 - f1 0.1039 
INFO:root:VALID measures@1000 microavg - precision 0.3937 - recall 0.1477 - f1 0.2148 
INFO:root:VALID measures@1000 for class 0 - precision 0.0000 - recall 0.0000 - f1 0.0000 
INFO:root:VALID measures@1000 for class 1 - precision 0.3937 - recall 0.4890 - f1 0.4362 
INFO:root:VALID Total epoch time: 0.18665667200002645
INFO:root:################ TRAIN epoch 66 ###################
INFO:root:TRAIN mean losses tensor(1.7338)
INFO:root:TRAIN mean errors 0.6864528656005859
INFO:root:TRAIN mean MRR 0.0 - mean MAP 0.4442301392555237
INFO:root:TRAIN tp {0: tensor(0), 1: tensor(10031)},fn {0: tensor(21961), 1: tensor(0)},fp {0: tensor(0), 1: tensor(21961)}
INFO:root:TRAIN measures microavg - precision 0.3135 - recall 0.3135 - f1 0.3135 
INFO:root:TRAIN measures for class 0 - precision 0.0000 - recall 0.0000 - f1 0.0000 
INFO:root:TRAIN measures for class 1 - precision 0.3135 - recall 1.0000 - f1 0.4774 
INFO:root:TRAIN measures@10 microavg - precision 0.5333 - recall 0.0020 - f1 0.0040 
INFO:root:TRAIN measures@10 for class 0 - precision 0.0000 - recall 0.0000 - f1 0.0000 
INFO:root:TRAIN measures@10 for class 1 - precision 0.5333 - recall 0.0064 - f1 0.0126 
INFO:root:TRAIN measures@100 microavg - precision 0.5433 - recall 0.0204 - f1 0.0393 
INFO:root:TRAIN measures@100 for class 0 - precision 0.0000 - recall 0.0000 - f1 0.0000 
INFO:root:TRAIN measures@100 for class 1 - precision 0.5433 - recall 0.0650 - f1 0.1161 
INFO:root:TRAIN measures@1000 microavg - precision 0.4358 - recall 0.1635 - f1 0.2378 
INFO:root:TRAIN measures@1000 for class 0 - precision 0.0000 - recall 0.0000 - f1 0.0000 
INFO:root:TRAIN measures@1000 for class 1 - precision 0.4358 - recall 0.5214 - f1 0.4748 
INFO:root:TRAIN Total epoch time: 0.9740892030004034
INFO:root:################ VALID epoch 66 ###################
INFO:root:VALID mean losses tensor(1.7436)
INFO:root:VALID mean errors 0.6980494856834412
INFO:root:VALID mean MRR 0.0 - mean MAP 0.40945735573768616
INFO:root:VALID tp {0: tensor(0), 1: tensor(2415)},fn {0: tensor(5583), 1: tensor(0)},fp {0: tensor(0), 1: tensor(5583)}
INFO:root:VALID measures microavg - precision 0.3020 - recall 0.3020 - f1 0.3020 
INFO:root:VALID measures for class 0 - precision 0.0000 - recall 0.0000 - f1 0.0000 
INFO:root:VALID measures for class 1 - precision 0.3020 - recall 1.0000 - f1 0.4638 
INFO:root:VALID measures@10 microavg - precision 0.6000 - recall 0.0023 - f1 0.0045 
INFO:root:VALID measures@10 for class 0 - precision 0.0000 - recall 0.0000 - f1 0.0000 
INFO:root:VALID measures@10 for class 1 - precision 0.6000 - recall 0.0075 - f1 0.0147 
INFO:root:VALID measures@100 microavg - precision 0.4600 - recall 0.0173 - f1 0.0333 
INFO:root:VALID measures@100 for class 0 - precision 0.0000 - recall 0.0000 - f1 0.0000 
INFO:root:VALID measures@100 for class 1 - precision 0.4600 - recall 0.0571 - f1 0.1017 
INFO:root:VALID measures@1000 microavg - precision 0.4013 - recall 0.1505 - f1 0.2189 
INFO:root:VALID measures@1000 for class 0 - precision 0.0000 - recall 0.0000 - f1 0.0000 
INFO:root:VALID measures@1000 for class 1 - precision 0.4013 - recall 0.4986 - f1 0.4447 
INFO:root:VALID Total epoch time: 0.17997998999999254
INFO:root:################ TRAIN epoch 67 ###################
INFO:root:TRAIN mean losses tensor(1.7363)
INFO:root:TRAIN mean errors 0.6864216327667236
INFO:root:TRAIN mean MRR 0.0 - mean MAP 0.44400835037231445
INFO:root:TRAIN tp {0: tensor(1), 1: tensor(10031)},fn {0: tensor(21960), 1: tensor(0)},fp {0: tensor(0), 1: tensor(21960)}
INFO:root:TRAIN measures microavg - precision 0.3136 - recall 0.3136 - f1 0.3136 
INFO:root:TRAIN measures for class 0 - precision 1.0000 - recall 0.0000 - f1 0.0001 
INFO:root:TRAIN measures for class 1 - precision 0.3136 - recall 1.0000 - f1 0.4774 
INFO:root:TRAIN measures@10 microavg - precision 0.6667 - recall 0.0025 - f1 0.0050 
INFO:root:TRAIN measures@10 for class 0 - precision 0.0000 - recall 0.0000 - f1 0.0000 
INFO:root:TRAIN measures@10 for class 1 - precision 0.6667 - recall 0.0080 - f1 0.0158 
INFO:root:TRAIN measures@100 microavg - precision 0.5300 - recall 0.0199 - f1 0.0383 
INFO:root:TRAIN measures@100 for class 0 - precision 0.0000 - recall 0.0000 - f1 0.0000 
INFO:root:TRAIN measures@100 for class 1 - precision 0.5300 - recall 0.0634 - f1 0.1133 
INFO:root:TRAIN measures@1000 microavg - precision 0.4315 - recall 0.1619 - f1 0.2354 
INFO:root:TRAIN measures@1000 for class 0 - precision 0.0000 - recall 0.0000 - f1 0.0000 
INFO:root:TRAIN measures@1000 for class 1 - precision 0.4315 - recall 0.5162 - f1 0.4701 
INFO:root:TRAIN Total epoch time: 0.9748523810003462
INFO:root:################ VALID epoch 67 ###################
INFO:root:VALID mean losses tensor(1.7507)
INFO:root:VALID mean errors 0.6980494856834412
INFO:root:VALID mean MRR 0.0 - mean MAP 0.404104083776474
INFO:root:VALID tp {0: tensor(0), 1: tensor(2415)},fn {0: tensor(5583), 1: tensor(0)},fp {0: tensor(0), 1: tensor(5583)}
INFO:root:VALID measures microavg - precision 0.3020 - recall 0.3020 - f1 0.3020 
INFO:root:VALID measures for class 0 - precision 0.0000 - recall 0.0000 - f1 0.0000 
INFO:root:VALID measures for class 1 - precision 0.3020 - recall 1.0000 - f1 0.4638 
INFO:root:VALID measures@10 microavg - precision 0.4333 - recall 0.0016 - f1 0.0032 
INFO:root:VALID measures@10 for class 0 - precision 0.0000 - recall 0.0000 - f1 0.0000 
INFO:root:VALID measures@10 for class 1 - precision 0.4333 - recall 0.0054 - f1 0.0106 
INFO:root:VALID measures@100 microavg - precision 0.4767 - recall 0.0179 - f1 0.0345 
INFO:root:VALID measures@100 for class 0 - precision 0.0000 - recall 0.0000 - f1 0.0000 
INFO:root:VALID measures@100 for class 1 - precision 0.4767 - recall 0.0592 - f1 0.1053 
INFO:root:VALID measures@1000 microavg - precision 0.3997 - recall 0.1499 - f1 0.2180 
INFO:root:VALID measures@1000 for class 0 - precision 0.0000 - recall 0.0000 - f1 0.0000 
INFO:root:VALID measures@1000 for class 1 - precision 0.3997 - recall 0.4965 - f1 0.4428 
INFO:root:VALID Total epoch time: 0.18813293499988504
INFO:root:################ TRAIN epoch 68 ###################
INFO:root:TRAIN mean losses tensor(1.7391)
INFO:root:TRAIN mean errors 0.6863903403282166
INFO:root:TRAIN mean MRR 0.0 - mean MAP 0.4422493875026703
INFO:root:TRAIN tp {0: tensor(2), 1: tensor(10031)},fn {0: tensor(21959), 1: tensor(0)},fp {0: tensor(0), 1: tensor(21959)}
INFO:root:TRAIN measures microavg - precision 0.3136 - recall 0.3136 - f1 0.3136 
INFO:root:TRAIN measures for class 0 - precision 1.0000 - recall 0.0001 - f1 0.0002 
INFO:root:TRAIN measures for class 1 - precision 0.3136 - recall 1.0000 - f1 0.4774 
INFO:root:TRAIN measures@10 microavg - precision 0.5917 - recall 0.0022 - f1 0.0044 
INFO:root:TRAIN measures@10 for class 0 - precision 0.0000 - recall 0.0000 - f1 0.0000 
INFO:root:TRAIN measures@10 for class 1 - precision 0.5917 - recall 0.0071 - f1 0.0140 
INFO:root:TRAIN measures@100 microavg - precision 0.5342 - recall 0.0200 - f1 0.0386 
INFO:root:TRAIN measures@100 for class 0 - precision 0.0000 - recall 0.0000 - f1 0.0000 
INFO:root:TRAIN measures@100 for class 1 - precision 0.5342 - recall 0.0639 - f1 0.1141 
INFO:root:TRAIN measures@1000 microavg - precision 0.4317 - recall 0.1619 - f1 0.2355 
INFO:root:TRAIN measures@1000 for class 0 - precision 0.0000 - recall 0.0000 - f1 0.0000 
INFO:root:TRAIN measures@1000 for class 1 - precision 0.4317 - recall 0.5164 - f1 0.4702 
INFO:root:TRAIN Total epoch time: 0.9981421930006036
INFO:root:################ VALID epoch 68 ###################
INFO:root:VALID mean losses tensor(1.7456)
INFO:root:VALID mean errors 0.6980494856834412
INFO:root:VALID mean MRR 0.0 - mean MAP 0.4156630337238312
INFO:root:VALID tp {0: tensor(0), 1: tensor(2415)},fn {0: tensor(5583), 1: tensor(0)},fp {0: tensor(0), 1: tensor(5583)}
INFO:root:VALID measures microavg - precision 0.3020 - recall 0.3020 - f1 0.3020 
INFO:root:VALID measures for class 0 - precision 0.0000 - recall 0.0000 - f1 0.0000 
INFO:root:VALID measures for class 1 - precision 0.3020 - recall 1.0000 - f1 0.4638 
INFO:root:VALID measures@10 microavg - precision 0.6000 - recall 0.0023 - f1 0.0045 
INFO:root:VALID measures@10 for class 0 - precision 0.0000 - recall 0.0000 - f1 0.0000 
INFO:root:VALID measures@10 for class 1 - precision 0.6000 - recall 0.0075 - f1 0.0147 
INFO:root:VALID measures@100 microavg - precision 0.5167 - recall 0.0194 - f1 0.0374 
INFO:root:VALID measures@100 for class 0 - precision 0.0000 - recall 0.0000 - f1 0.0000 
INFO:root:VALID measures@100 for class 1 - precision 0.5167 - recall 0.0642 - f1 0.1142 
INFO:root:VALID measures@1000 microavg - precision 0.4010 - recall 0.1504 - f1 0.2188 
INFO:root:VALID measures@1000 for class 0 - precision 0.0000 - recall 0.0000 - f1 0.0000 
INFO:root:VALID measures@1000 for class 1 - precision 0.4010 - recall 0.4981 - f1 0.4443 
INFO:root:VALID Total epoch time: 0.18838347499968222
INFO:root:################ TRAIN epoch 69 ###################
INFO:root:TRAIN mean losses tensor(1.7351)
INFO:root:TRAIN mean errors 0.6864528656005859
INFO:root:TRAIN mean MRR 0.0 - mean MAP 0.4470801055431366
INFO:root:TRAIN tp {0: tensor(0), 1: tensor(10031)},fn {0: tensor(21961), 1: tensor(0)},fp {0: tensor(0), 1: tensor(21961)}
INFO:root:TRAIN measures microavg - precision 0.3135 - recall 0.3135 - f1 0.3135 
INFO:root:TRAIN measures for class 0 - precision 0.0000 - recall 0.0000 - f1 0.0000 
INFO:root:TRAIN measures for class 1 - precision 0.3135 - recall 1.0000 - f1 0.4774 
INFO:root:TRAIN measures@10 microavg - precision 0.6250 - recall 0.0023 - f1 0.0047 
INFO:root:TRAIN measures@10 for class 0 - precision 0.0000 - recall 0.0000 - f1 0.0000 
INFO:root:TRAIN measures@10 for class 1 - precision 0.6250 - recall 0.0075 - f1 0.0148 
INFO:root:TRAIN measures@100 microavg - precision 0.5300 - recall 0.0199 - f1 0.0383 
INFO:root:TRAIN measures@100 for class 0 - precision 0.0000 - recall 0.0000 - f1 0.0000 
INFO:root:TRAIN measures@100 for class 1 - precision 0.5300 - recall 0.0634 - f1 0.1133 
INFO:root:TRAIN measures@1000 microavg - precision 0.4293 - recall 0.1611 - f1 0.2343 
INFO:root:TRAIN measures@1000 for class 0 - precision 1.0000 - recall 0.0001 - f1 0.0003 
INFO:root:TRAIN measures@1000 for class 1 - precision 0.4292 - recall 0.5134 - f1 0.4675 
INFO:root:TRAIN Total epoch time: 0.9941914099999849
INFO:root:################ VALID epoch 69 ###################
INFO:root:VALID mean losses tensor(1.7441)
INFO:root:VALID mean errors 0.6980494856834412
INFO:root:VALID mean MRR 0.0 - mean MAP 0.4139631390571594
INFO:root:VALID tp {0: tensor(0), 1: tensor(2415)},fn {0: tensor(5583), 1: tensor(0)},fp {0: tensor(0), 1: tensor(5583)}
INFO:root:VALID measures microavg - precision 0.3020 - recall 0.3020 - f1 0.3020 
INFO:root:VALID measures for class 0 - precision 0.0000 - recall 0.0000 - f1 0.0000 
INFO:root:VALID measures for class 1 - precision 0.3020 - recall 1.0000 - f1 0.4638 
INFO:root:VALID measures@10 microavg - precision 0.5667 - recall 0.0021 - f1 0.0042 
INFO:root:VALID measures@10 for class 0 - precision 0.0000 - recall 0.0000 - f1 0.0000 
INFO:root:VALID measures@10 for class 1 - precision 0.5667 - recall 0.0070 - f1 0.0139 
INFO:root:VALID measures@100 microavg - precision 0.4967 - recall 0.0186 - f1 0.0359 
INFO:root:VALID measures@100 for class 0 - precision 0.0000 - recall 0.0000 - f1 0.0000 
INFO:root:VALID measures@100 for class 1 - precision 0.4967 - recall 0.0617 - f1 0.1098 
INFO:root:VALID measures@1000 microavg - precision 0.3987 - recall 0.1495 - f1 0.2175 
INFO:root:VALID measures@1000 for class 0 - precision 0.0000 - recall 0.0000 - f1 0.0000 
INFO:root:VALID measures@1000 for class 1 - precision 0.3987 - recall 0.4952 - f1 0.4417 
INFO:root:VALID Total epoch time: 0.18529043200032902
INFO:root:################ TRAIN epoch 70 ###################
INFO:root:TRAIN mean losses tensor(1.7327)
INFO:root:TRAIN mean errors 0.6864528656005859
INFO:root:TRAIN mean MRR 0.0 - mean MAP 0.4486106336116791
INFO:root:TRAIN tp {0: tensor(1), 1: tensor(10030)},fn {0: tensor(21960), 1: tensor(1)},fp {0: tensor(1), 1: tensor(21960)}
INFO:root:TRAIN measures microavg - precision 0.3135 - recall 0.3135 - f1 0.3135 
INFO:root:TRAIN measures for class 0 - precision 0.5000 - recall 0.0000 - f1 0.0001 
INFO:root:TRAIN measures for class 1 - precision 0.3135 - recall 0.9999 - f1 0.4774 
INFO:root:TRAIN measures@10 microavg - precision 0.6333 - recall 0.0024 - f1 0.0047 
INFO:root:TRAIN measures@10 for class 0 - precision 0.0000 - recall 0.0000 - f1 0.0000 
INFO:root:TRAIN measures@10 for class 1 - precision 0.6333 - recall 0.0076 - f1 0.0150 
INFO:root:TRAIN measures@100 microavg - precision 0.5600 - recall 0.0210 - f1 0.0405 
INFO:root:TRAIN measures@100 for class 0 - precision 0.0000 - recall 0.0000 - f1 0.0000 
INFO:root:TRAIN measures@100 for class 1 - precision 0.5600 - recall 0.0670 - f1 0.1197 
INFO:root:TRAIN measures@1000 microavg - precision 0.4307 - recall 0.1616 - f1 0.2350 
INFO:root:TRAIN measures@1000 for class 0 - precision 1.0000 - recall 0.0000 - f1 0.0001 
INFO:root:TRAIN measures@1000 for class 1 - precision 0.4307 - recall 0.5152 - f1 0.4692 
INFO:root:TRAIN Total epoch time: 1.0019795819998762
INFO:root:################ VALID epoch 70 ###################
INFO:root:VALID mean losses tensor(1.7434)
INFO:root:VALID mean errors 0.6980494856834412
INFO:root:VALID mean MRR 0.0 - mean MAP 0.4134773910045624
INFO:root:VALID tp {0: tensor(0), 1: tensor(2415)},fn {0: tensor(5583), 1: tensor(0)},fp {0: tensor(0), 1: tensor(5583)}
INFO:root:VALID measures microavg - precision 0.3020 - recall 0.3020 - f1 0.3020 
INFO:root:VALID measures for class 0 - precision 0.0000 - recall 0.0000 - f1 0.0000 
INFO:root:VALID measures for class 1 - precision 0.3020 - recall 1.0000 - f1 0.4638 
INFO:root:VALID measures@10 microavg - precision 0.4333 - recall 0.0016 - f1 0.0032 
INFO:root:VALID measures@10 for class 0 - precision 0.0000 - recall 0.0000 - f1 0.0000 
INFO:root:VALID measures@10 for class 1 - precision 0.4333 - recall 0.0054 - f1 0.0106 
INFO:root:VALID measures@100 microavg - precision 0.4700 - recall 0.0176 - f1 0.0340 
INFO:root:VALID measures@100 for class 0 - precision 0.0000 - recall 0.0000 - f1 0.0000 
INFO:root:VALID measures@100 for class 1 - precision 0.4700 - recall 0.0584 - f1 0.1039 
INFO:root:VALID measures@1000 microavg - precision 0.4043 - recall 0.1517 - f1 0.2206 
INFO:root:VALID measures@1000 for class 0 - precision 0.0000 - recall 0.0000 - f1 0.0000 
INFO:root:VALID measures@1000 for class 1 - precision 0.4043 - recall 0.5023 - f1 0.4480 
INFO:root:VALID Total epoch time: 0.18964709200008656
INFO:root:################ TRAIN epoch 71 ###################
INFO:root:TRAIN mean losses tensor(1.7328)
INFO:root:TRAIN mean errors 0.6864216327667236
INFO:root:TRAIN mean MRR 0.0 - mean MAP 0.44469162821769714
INFO:root:TRAIN tp {0: tensor(2), 1: tensor(10030)},fn {0: tensor(21959), 1: tensor(1)},fp {0: tensor(1), 1: tensor(21959)}
INFO:root:TRAIN measures microavg - precision 0.3136 - recall 0.3136 - f1 0.3136 
INFO:root:TRAIN measures for class 0 - precision 0.6667 - recall 0.0001 - f1 0.0002 
INFO:root:TRAIN measures for class 1 - precision 0.3135 - recall 0.9999 - f1 0.4774 
INFO:root:TRAIN measures@10 microavg - precision 0.6083 - recall 0.0023 - f1 0.0045 
INFO:root:TRAIN measures@10 for class 0 - precision 0.0000 - recall 0.0000 - f1 0.0000 
INFO:root:TRAIN measures@10 for class 1 - precision 0.6083 - recall 0.0073 - f1 0.0144 
INFO:root:TRAIN measures@100 microavg - precision 0.5425 - recall 0.0203 - f1 0.0392 
INFO:root:TRAIN measures@100 for class 0 - precision 0.0000 - recall 0.0000 - f1 0.0000 
INFO:root:TRAIN measures@100 for class 1 - precision 0.5425 - recall 0.0649 - f1 0.1159 
INFO:root:TRAIN measures@1000 microavg - precision 0.4300 - recall 0.1613 - f1 0.2346 
INFO:root:TRAIN measures@1000 for class 0 - precision 1.0000 - recall 0.0000 - f1 0.0001 
INFO:root:TRAIN measures@1000 for class 1 - precision 0.4299 - recall 0.5143 - f1 0.4683 
INFO:root:TRAIN Total epoch time: 1.272832702999949
INFO:root:################ VALID epoch 71 ###################
INFO:root:VALID mean losses tensor(1.7443)
INFO:root:VALID mean errors 0.6980494856834412
INFO:root:VALID mean MRR 0.0 - mean MAP 0.41298428177833557
INFO:root:VALID tp {0: tensor(0), 1: tensor(2415)},fn {0: tensor(5583), 1: tensor(0)},fp {0: tensor(0), 1: tensor(5583)}
INFO:root:VALID measures microavg - precision 0.3020 - recall 0.3020 - f1 0.3020 
INFO:root:VALID measures for class 0 - precision 0.0000 - recall 0.0000 - f1 0.0000 
INFO:root:VALID measures for class 1 - precision 0.3020 - recall 1.0000 - f1 0.4638 
INFO:root:VALID measures@10 microavg - precision 0.5667 - recall 0.0021 - f1 0.0042 
INFO:root:VALID measures@10 for class 0 - precision 0.0000 - recall 0.0000 - f1 0.0000 
INFO:root:VALID measures@10 for class 1 - precision 0.5667 - recall 0.0070 - f1 0.0139 
INFO:root:VALID measures@100 microavg - precision 0.5233 - recall 0.0196 - f1 0.0378 
INFO:root:VALID measures@100 for class 0 - precision 0.0000 - recall 0.0000 - f1 0.0000 
INFO:root:VALID measures@100 for class 1 - precision 0.5233 - recall 0.0650 - f1 0.1157 
INFO:root:VALID measures@1000 microavg - precision 0.4047 - recall 0.1518 - f1 0.2208 
INFO:root:VALID measures@1000 for class 0 - precision 0.0000 - recall 0.0000 - f1 0.0000 
INFO:root:VALID measures@1000 for class 1 - precision 0.4047 - recall 0.5027 - f1 0.4484 
INFO:root:VALID Total epoch time: 0.22589414800040686
INFO:root:################ TRAIN epoch 72 ###################
INFO:root:TRAIN mean losses tensor(1.7316)
INFO:root:TRAIN mean errors 0.6864528656005859
INFO:root:TRAIN mean MRR 0.0 - mean MAP 0.4483754634857178
INFO:root:TRAIN tp {0: tensor(0), 1: tensor(10031)},fn {0: tensor(21961), 1: tensor(0)},fp {0: tensor(0), 1: tensor(21961)}
INFO:root:TRAIN measures microavg - precision 0.3135 - recall 0.3135 - f1 0.3135 
INFO:root:TRAIN measures for class 0 - precision 0.0000 - recall 0.0000 - f1 0.0000 
INFO:root:TRAIN measures for class 1 - precision 0.3135 - recall 1.0000 - f1 0.4774 
INFO:root:TRAIN measures@10 microavg - precision 0.6917 - recall 0.0026 - f1 0.0052 
INFO:root:TRAIN measures@10 for class 0 - precision 0.0000 - recall 0.0000 - f1 0.0000 
INFO:root:TRAIN measures@10 for class 1 - precision 0.6917 - recall 0.0083 - f1 0.0164 
INFO:root:TRAIN measures@100 microavg - precision 0.5550 - recall 0.0208 - f1 0.0401 
INFO:root:TRAIN measures@100 for class 0 - precision 0.0000 - recall 0.0000 - f1 0.0000 
INFO:root:TRAIN measures@100 for class 1 - precision 0.5550 - recall 0.0664 - f1 0.1186 
INFO:root:TRAIN measures@1000 microavg - precision 0.4334 - recall 0.1626 - f1 0.2365 
INFO:root:TRAIN measures@1000 for class 0 - precision 0.0000 - recall 0.0000 - f1 0.0000 
INFO:root:TRAIN measures@1000 for class 1 - precision 0.4334 - recall 0.5185 - f1 0.4722 
INFO:root:TRAIN Total epoch time: 1.1371492159996706
INFO:root:################ VALID epoch 72 ###################
INFO:root:VALID mean losses tensor(1.7414)
INFO:root:VALID mean errors 0.6980494856834412
INFO:root:VALID mean MRR 0.0 - mean MAP 0.41053086519241333
INFO:root:VALID tp {0: tensor(0), 1: tensor(2415)},fn {0: tensor(5583), 1: tensor(0)},fp {0: tensor(0), 1: tensor(5583)}
INFO:root:VALID measures microavg - precision 0.3020 - recall 0.3020 - f1 0.3020 
INFO:root:VALID measures for class 0 - precision 0.0000 - recall 0.0000 - f1 0.0000 
INFO:root:VALID measures for class 1 - precision 0.3020 - recall 1.0000 - f1 0.4638 
INFO:root:VALID measures@10 microavg - precision 0.5333 - recall 0.0020 - f1 0.0040 
INFO:root:VALID measures@10 for class 0 - precision 0.0000 - recall 0.0000 - f1 0.0000 
INFO:root:VALID measures@10 for class 1 - precision 0.5333 - recall 0.0066 - f1 0.0131 
INFO:root:VALID measures@100 microavg - precision 0.4733 - recall 0.0178 - f1 0.0342 
INFO:root:VALID measures@100 for class 0 - precision 0.0000 - recall 0.0000 - f1 0.0000 
INFO:root:VALID measures@100 for class 1 - precision 0.4733 - recall 0.0588 - f1 0.1046 
INFO:root:VALID measures@1000 microavg - precision 0.4097 - recall 0.1537 - f1 0.2235 
INFO:root:VALID measures@1000 for class 0 - precision 0.0000 - recall 0.0000 - f1 0.0000 
INFO:root:VALID measures@1000 for class 1 - precision 0.4097 - recall 0.5089 - f1 0.4539 
INFO:root:VALID Total epoch time: 0.18603516499933903
INFO:root:################ TRAIN epoch 73 ###################
INFO:root:TRAIN mean losses tensor(1.7317)
INFO:root:TRAIN mean errors 0.6864528656005859
INFO:root:TRAIN mean MRR 0.0 - mean MAP 0.4468088746070862
INFO:root:TRAIN tp {0: tensor(0), 1: tensor(10031)},fn {0: tensor(21961), 1: tensor(0)},fp {0: tensor(0), 1: tensor(21961)}
INFO:root:TRAIN measures microavg - precision 0.3135 - recall 0.3135 - f1 0.3135 
INFO:root:TRAIN measures for class 0 - precision 0.0000 - recall 0.0000 - f1 0.0000 
INFO:root:TRAIN measures for class 1 - precision 0.3135 - recall 1.0000 - f1 0.4774 
INFO:root:TRAIN measures@10 microavg - precision 0.6333 - recall 0.0024 - f1 0.0047 
INFO:root:TRAIN measures@10 for class 0 - precision 0.0000 - recall 0.0000 - f1 0.0000 
INFO:root:TRAIN measures@10 for class 1 - precision 0.6333 - recall 0.0076 - f1 0.0150 
INFO:root:TRAIN measures@100 microavg - precision 0.5517 - recall 0.0207 - f1 0.0399 
INFO:root:TRAIN measures@100 for class 0 - precision 0.0000 - recall 0.0000 - f1 0.0000 
INFO:root:TRAIN measures@100 for class 1 - precision 0.5517 - recall 0.0660 - f1 0.1179 
INFO:root:TRAIN measures@1000 microavg - precision 0.4338 - recall 0.1627 - f1 0.2366 
INFO:root:TRAIN measures@1000 for class 0 - precision 0.0000 - recall 0.0000 - f1 0.0000 
INFO:root:TRAIN measures@1000 for class 1 - precision 0.4338 - recall 0.5189 - f1 0.4725 
INFO:root:TRAIN Total epoch time: 1.001207137000165
INFO:root:################ VALID epoch 73 ###################
INFO:root:VALID mean losses tensor(1.7406)
INFO:root:VALID mean errors 0.6980494856834412
INFO:root:VALID mean MRR 0.0 - mean MAP 0.4156579077243805
INFO:root:VALID tp {0: tensor(0), 1: tensor(2415)},fn {0: tensor(5583), 1: tensor(0)},fp {0: tensor(0), 1: tensor(5583)}
INFO:root:VALID measures microavg - precision 0.3020 - recall 0.3020 - f1 0.3020 
INFO:root:VALID measures for class 0 - precision 0.0000 - recall 0.0000 - f1 0.0000 
INFO:root:VALID measures for class 1 - precision 0.3020 - recall 1.0000 - f1 0.4638 
INFO:root:VALID measures@10 microavg - precision 0.5333 - recall 0.0020 - f1 0.0040 
INFO:root:VALID measures@10 for class 0 - precision 0.0000 - recall 0.0000 - f1 0.0000 
INFO:root:VALID measures@10 for class 1 - precision 0.5333 - recall 0.0066 - f1 0.0131 
INFO:root:VALID measures@100 microavg - precision 0.5533 - recall 0.0208 - f1 0.0400 
INFO:root:VALID measures@100 for class 0 - precision 0.0000 - recall 0.0000 - f1 0.0000 
INFO:root:VALID measures@100 for class 1 - precision 0.5533 - recall 0.0687 - f1 0.1223 
INFO:root:VALID measures@1000 microavg - precision 0.4060 - recall 0.1523 - f1 0.2215 
INFO:root:VALID measures@1000 for class 0 - precision 0.0000 - recall 0.0000 - f1 0.0000 
INFO:root:VALID measures@1000 for class 1 - precision 0.4060 - recall 0.5043 - f1 0.4499 
INFO:root:VALID Total epoch time: 0.19214759199985565
INFO:root:################ TRAIN epoch 74 ###################
INFO:root:TRAIN mean losses tensor(1.7287)
INFO:root:TRAIN mean errors 0.6864528656005859
INFO:root:TRAIN mean MRR 0.0 - mean MAP 0.44764596223831177
INFO:root:TRAIN tp {0: tensor(0), 1: tensor(10031)},fn {0: tensor(21961), 1: tensor(0)},fp {0: tensor(0), 1: tensor(21961)}
INFO:root:TRAIN measures microavg - precision 0.3135 - recall 0.3135 - f1 0.3135 
INFO:root:TRAIN measures for class 0 - precision 0.0000 - recall 0.0000 - f1 0.0000 
INFO:root:TRAIN measures for class 1 - precision 0.3135 - recall 1.0000 - f1 0.4774 
INFO:root:TRAIN measures@10 microavg - precision 0.6083 - recall 0.0023 - f1 0.0045 
INFO:root:TRAIN measures@10 for class 0 - precision 0.0000 - recall 0.0000 - f1 0.0000 
INFO:root:TRAIN measures@10 for class 1 - precision 0.6083 - recall 0.0073 - f1 0.0144 
INFO:root:TRAIN measures@100 microavg - precision 0.5542 - recall 0.0208 - f1 0.0401 
INFO:root:TRAIN measures@100 for class 0 - precision 0.0000 - recall 0.0000 - f1 0.0000 
INFO:root:TRAIN measures@100 for class 1 - precision 0.5542 - recall 0.0663 - f1 0.1184 
INFO:root:TRAIN measures@1000 microavg - precision 0.4377 - recall 0.1642 - f1 0.2388 
INFO:root:TRAIN measures@1000 for class 0 - precision 0.0000 - recall 0.0000 - f1 0.0000 
INFO:root:TRAIN measures@1000 for class 1 - precision 0.4377 - recall 0.5237 - f1 0.4769 
INFO:root:TRAIN Total epoch time: 1.0206941629994617
INFO:root:################ VALID epoch 74 ###################
INFO:root:VALID mean losses tensor(1.7374)
INFO:root:VALID mean errors 0.6980494856834412
INFO:root:VALID mean MRR 0.0 - mean MAP 0.4162987768650055
INFO:root:VALID tp {0: tensor(0), 1: tensor(2415)},fn {0: tensor(5583), 1: tensor(0)},fp {0: tensor(0), 1: tensor(5583)}
INFO:root:VALID measures microavg - precision 0.3020 - recall 0.3020 - f1 0.3020 
INFO:root:VALID measures for class 0 - precision 0.0000 - recall 0.0000 - f1 0.0000 
INFO:root:VALID measures for class 1 - precision 0.3020 - recall 1.0000 - f1 0.4638 
INFO:root:VALID measures@10 microavg - precision 0.5000 - recall 0.0019 - f1 0.0037 
INFO:root:VALID measures@10 for class 0 - precision 0.0000 - recall 0.0000 - f1 0.0000 
INFO:root:VALID measures@10 for class 1 - precision 0.5000 - recall 0.0062 - f1 0.0123 
INFO:root:VALID measures@100 microavg - precision 0.4833 - recall 0.0181 - f1 0.0349 
INFO:root:VALID measures@100 for class 0 - precision 0.0000 - recall 0.0000 - f1 0.0000 
INFO:root:VALID measures@100 for class 1 - precision 0.4833 - recall 0.0600 - f1 0.1068 
INFO:root:VALID measures@1000 microavg - precision 0.4153 - recall 0.1558 - f1 0.2266 
INFO:root:VALID measures@1000 for class 0 - precision 0.0000 - recall 0.0000 - f1 0.0000 
INFO:root:VALID measures@1000 for class 1 - precision 0.4153 - recall 0.5159 - f1 0.4602 
INFO:root:VALID Total epoch time: 0.18899274900013552
INFO:root:################ TRAIN epoch 75 ###################
INFO:root:TRAIN mean losses tensor(1.7314)
INFO:root:TRAIN mean errors 0.6864840984344482
INFO:root:TRAIN mean MRR 0.0 - mean MAP 0.4468916654586792
INFO:root:TRAIN tp {0: tensor(0), 1: tensor(10030)},fn {0: tensor(21961), 1: tensor(1)},fp {0: tensor(1), 1: tensor(21961)}
INFO:root:TRAIN measures microavg - precision 0.3135 - recall 0.3135 - f1 0.3135 
INFO:root:TRAIN measures for class 0 - precision 0.0000 - recall 0.0000 - f1 0.0000 
INFO:root:TRAIN measures for class 1 - precision 0.3135 - recall 0.9999 - f1 0.4774 
INFO:root:TRAIN measures@10 microavg - precision 0.6500 - recall 0.0024 - f1 0.0049 
INFO:root:TRAIN measures@10 for class 0 - precision 0.0000 - recall 0.0000 - f1 0.0000 
INFO:root:TRAIN measures@10 for class 1 - precision 0.6500 - recall 0.0078 - f1 0.0154 
INFO:root:TRAIN measures@100 microavg - precision 0.5329 - recall 0.0200 - f1 0.0386 
INFO:root:TRAIN measures@100 for class 0 - precision 0.0000 - recall 0.0000 - f1 0.0000 
INFO:root:TRAIN measures@100 for class 1 - precision 0.5333 - recall 0.0638 - f1 0.1140 
INFO:root:TRAIN measures@1000 microavg - precision 0.4339 - recall 0.1628 - f1 0.2368 
INFO:root:TRAIN measures@1000 for class 0 - precision 0.7500 - recall 0.0001 - f1 0.0003 
INFO:root:TRAIN measures@1000 for class 1 - precision 0.4338 - recall 0.5190 - f1 0.4726 
INFO:root:TRAIN Total epoch time: 1.026366257000518
INFO:root:################ VALID epoch 75 ###################
INFO:root:VALID mean losses tensor(1.7369)
INFO:root:VALID mean errors 0.6980494856834412
INFO:root:VALID mean MRR 0.0 - mean MAP 0.4226362407207489
INFO:root:VALID tp {0: tensor(0), 1: tensor(2415)},fn {0: tensor(5583), 1: tensor(0)},fp {0: tensor(0), 1: tensor(5583)}
INFO:root:VALID measures microavg - precision 0.3020 - recall 0.3020 - f1 0.3020 
INFO:root:VALID measures for class 0 - precision 0.0000 - recall 0.0000 - f1 0.0000 
INFO:root:VALID measures for class 1 - precision 0.3020 - recall 1.0000 - f1 0.4638 
INFO:root:VALID measures@10 microavg - precision 0.7000 - recall 0.0026 - f1 0.0052 
INFO:root:VALID measures@10 for class 0 - precision 0.0000 - recall 0.0000 - f1 0.0000 
INFO:root:VALID measures@10 for class 1 - precision 0.7000 - recall 0.0087 - f1 0.0172 
INFO:root:VALID measures@100 microavg - precision 0.5267 - recall 0.0198 - f1 0.0381 
INFO:root:VALID measures@100 for class 0 - precision 0.0000 - recall 0.0000 - f1 0.0000 
INFO:root:VALID measures@100 for class 1 - precision 0.5267 - recall 0.0654 - f1 0.1164 
INFO:root:VALID measures@1000 microavg - precision 0.4063 - recall 0.1524 - f1 0.2217 
INFO:root:VALID measures@1000 for class 0 - precision 0.0000 - recall 0.0000 - f1 0.0000 
INFO:root:VALID measures@1000 for class 1 - precision 0.4063 - recall 0.5048 - f1 0.4502 
INFO:root:VALID Total epoch time: 0.21533921500031283
INFO:root:################ TRAIN epoch 76 ###################
INFO:root:TRAIN mean losses tensor(1.7284)
INFO:root:TRAIN mean errors 0.6863591074943542
INFO:root:TRAIN mean MRR 0.0 - mean MAP 0.4521434009075165
INFO:root:TRAIN tp {0: tensor(6), 1: tensor(10028)},fn {0: tensor(21955), 1: tensor(3)},fp {0: tensor(3), 1: tensor(21955)}
INFO:root:TRAIN measures microavg - precision 0.3136 - recall 0.3136 - f1 0.3136 
INFO:root:TRAIN measures for class 0 - precision 0.6667 - recall 0.0003 - f1 0.0005 
INFO:root:TRAIN measures for class 1 - precision 0.3135 - recall 0.9997 - f1 0.4774 
INFO:root:TRAIN measures@10 microavg - precision 0.6833 - recall 0.0026 - f1 0.0051 
INFO:root:TRAIN measures@10 for class 0 - precision 0.0000 - recall 0.0000 - f1 0.0000 
INFO:root:TRAIN measures@10 for class 1 - precision 0.6833 - recall 0.0082 - f1 0.0162 
INFO:root:TRAIN measures@100 microavg - precision 0.5683 - recall 0.0213 - f1 0.0411 
INFO:root:TRAIN measures@100 for class 0 - precision 0.0000 - recall 0.0000 - f1 0.0000 
INFO:root:TRAIN measures@100 for class 1 - precision 0.5683 - recall 0.0680 - f1 0.1214 
INFO:root:TRAIN measures@1000 microavg - precision 0.4340 - recall 0.1628 - f1 0.2368 
INFO:root:TRAIN measures@1000 for class 0 - precision 1.0000 - recall 0.0000 - f1 0.0001 
INFO:root:TRAIN measures@1000 for class 1 - precision 0.4339 - recall 0.5191 - f1 0.4727 
INFO:root:TRAIN Total epoch time: 1.0691985880002903
INFO:root:################ VALID epoch 76 ###################
INFO:root:VALID mean losses tensor(1.7358)
INFO:root:VALID mean errors 0.6980494856834412
INFO:root:VALID mean MRR 0.0 - mean MAP 0.4186010956764221
INFO:root:VALID tp {0: tensor(0), 1: tensor(2415)},fn {0: tensor(5583), 1: tensor(0)},fp {0: tensor(0), 1: tensor(5583)}
INFO:root:VALID measures microavg - precision 0.3020 - recall 0.3020 - f1 0.3020 
INFO:root:VALID measures for class 0 - precision 0.0000 - recall 0.0000 - f1 0.0000 
INFO:root:VALID measures for class 1 - precision 0.3020 - recall 1.0000 - f1 0.4638 
INFO:root:VALID measures@10 microavg - precision 0.6000 - recall 0.0023 - f1 0.0045 
INFO:root:VALID measures@10 for class 0 - precision 0.0000 - recall 0.0000 - f1 0.0000 
INFO:root:VALID measures@10 for class 1 - precision 0.6000 - recall 0.0075 - f1 0.0147 
INFO:root:VALID measures@100 microavg - precision 0.5200 - recall 0.0195 - f1 0.0376 
INFO:root:VALID measures@100 for class 0 - precision 0.0000 - recall 0.0000 - f1 0.0000 
INFO:root:VALID measures@100 for class 1 - precision 0.5200 - recall 0.0646 - f1 0.1149 
INFO:root:VALID measures@1000 microavg - precision 0.3997 - recall 0.1499 - f1 0.2180 
INFO:root:VALID measures@1000 for class 0 - precision 0.0000 - recall 0.0000 - f1 0.0000 
INFO:root:VALID measures@1000 for class 1 - precision 0.3997 - recall 0.4965 - f1 0.4428 
INFO:root:VALID Total epoch time: 0.18638332699993043
INFO:root:################ TRAIN epoch 77 ###################
INFO:root:TRAIN mean losses tensor(1.7318)
INFO:root:TRAIN mean errors 0.6864528656005859
INFO:root:TRAIN mean MRR 0.0 - mean MAP 0.4480288028717041
INFO:root:TRAIN tp {0: tensor(0), 1: tensor(10031)},fn {0: tensor(21961), 1: tensor(0)},fp {0: tensor(0), 1: tensor(21961)}
INFO:root:TRAIN measures microavg - precision 0.3135 - recall 0.3135 - f1 0.3135 
INFO:root:TRAIN measures for class 0 - precision 0.0000 - recall 0.0000 - f1 0.0000 
INFO:root:TRAIN measures for class 1 - precision 0.3135 - recall 1.0000 - f1 0.4774 
INFO:root:TRAIN measures@10 microavg - precision 0.6167 - recall 0.0023 - f1 0.0046 
INFO:root:TRAIN measures@10 for class 0 - precision 0.0000 - recall 0.0000 - f1 0.0000 
INFO:root:TRAIN measures@10 for class 1 - precision 0.6167 - recall 0.0074 - f1 0.0146 
INFO:root:TRAIN measures@100 microavg - precision 0.5308 - recall 0.0199 - f1 0.0384 
INFO:root:TRAIN measures@100 for class 0 - precision 0.0000 - recall 0.0000 - f1 0.0000 
INFO:root:TRAIN measures@100 for class 1 - precision 0.5308 - recall 0.0635 - f1 0.1134 
INFO:root:TRAIN measures@1000 microavg - precision 0.4335 - recall 0.1626 - f1 0.2365 
INFO:root:TRAIN measures@1000 for class 0 - precision 0.0000 - recall 0.0000 - f1 0.0000 
INFO:root:TRAIN measures@1000 for class 1 - precision 0.4335 - recall 0.5186 - f1 0.4722 
INFO:root:TRAIN Total epoch time: 1.0369367459998102
INFO:root:################ VALID epoch 77 ###################
INFO:root:VALID mean losses tensor(1.7329)
INFO:root:VALID mean errors 0.6980494856834412
INFO:root:VALID mean MRR 0.0 - mean MAP 0.42109090089797974
INFO:root:VALID tp {0: tensor(0), 1: tensor(2415)},fn {0: tensor(5583), 1: tensor(0)},fp {0: tensor(0), 1: tensor(5583)}
INFO:root:VALID measures microavg - precision 0.3020 - recall 0.3020 - f1 0.3020 
INFO:root:VALID measures for class 0 - precision 0.0000 - recall 0.0000 - f1 0.0000 
INFO:root:VALID measures for class 1 - precision 0.3020 - recall 1.0000 - f1 0.4638 
INFO:root:VALID measures@10 microavg - precision 0.5333 - recall 0.0020 - f1 0.0040 
INFO:root:VALID measures@10 for class 0 - precision 0.0000 - recall 0.0000 - f1 0.0000 
INFO:root:VALID measures@10 for class 1 - precision 0.5333 - recall 0.0066 - f1 0.0131 
INFO:root:VALID measures@100 microavg - precision 0.5400 - recall 0.0203 - f1 0.0390 
INFO:root:VALID measures@100 for class 0 - precision 0.0000 - recall 0.0000 - f1 0.0000 
INFO:root:VALID measures@100 for class 1 - precision 0.5400 - recall 0.0671 - f1 0.1193 
INFO:root:VALID measures@1000 microavg - precision 0.4077 - recall 0.1529 - f1 0.2224 
INFO:root:VALID measures@1000 for class 0 - precision 0.0000 - recall 0.0000 - f1 0.0000 
INFO:root:VALID measures@1000 for class 1 - precision 0.4077 - recall 0.5064 - f1 0.4517 
INFO:root:VALID Total epoch time: 0.1900294639999629
INFO:root:################ TRAIN epoch 78 ###################
INFO:root:TRAIN mean losses tensor(1.7336)
INFO:root:TRAIN mean errors 0.6864528656005859
INFO:root:TRAIN mean MRR 0.0 - mean MAP 0.4476892650127411
INFO:root:TRAIN tp {0: tensor(0), 1: tensor(10031)},fn {0: tensor(21961), 1: tensor(0)},fp {0: tensor(0), 1: tensor(21961)}
INFO:root:TRAIN measures microavg - precision 0.3135 - recall 0.3135 - f1 0.3135 
INFO:root:TRAIN measures for class 0 - precision 0.0000 - recall 0.0000 - f1 0.0000 
INFO:root:TRAIN measures for class 1 - precision 0.3135 - recall 1.0000 - f1 0.4774 
INFO:root:TRAIN measures@10 microavg - precision 0.6833 - recall 0.0026 - f1 0.0051 
INFO:root:TRAIN measures@10 for class 0 - precision 0.0000 - recall 0.0000 - f1 0.0000 
INFO:root:TRAIN measures@10 for class 1 - precision 0.6833 - recall 0.0082 - f1 0.0162 
INFO:root:TRAIN measures@100 microavg - precision 0.5650 - recall 0.0212 - f1 0.0409 
INFO:root:TRAIN measures@100 for class 0 - precision 0.0000 - recall 0.0000 - f1 0.0000 
INFO:root:TRAIN measures@100 for class 1 - precision 0.5650 - recall 0.0676 - f1 0.1207 
INFO:root:TRAIN measures@1000 microavg - precision 0.4331 - recall 0.1625 - f1 0.2363 
INFO:root:TRAIN measures@1000 for class 0 - precision 1.0000 - recall 0.0000 - f1 0.0001 
INFO:root:TRAIN measures@1000 for class 1 - precision 0.4331 - recall 0.5181 - f1 0.4718 
INFO:root:TRAIN Total epoch time: 1.0154019960000369
INFO:root:################ VALID epoch 78 ###################
INFO:root:VALID mean losses tensor(1.7379)
INFO:root:VALID mean errors 0.6977994441986084
INFO:root:VALID mean MRR 0.0 - mean MAP 0.42230480909347534
INFO:root:VALID tp {0: tensor(2), 1: tensor(2415)},fn {0: tensor(5581), 1: tensor(0)},fp {0: tensor(0), 1: tensor(5581)}
INFO:root:VALID measures microavg - precision 0.3022 - recall 0.3022 - f1 0.3022 
INFO:root:VALID measures for class 0 - precision 1.0000 - recall 0.0004 - f1 0.0007 
INFO:root:VALID measures for class 1 - precision 0.3020 - recall 1.0000 - f1 0.4639 
INFO:root:VALID measures@10 microavg - precision 0.4667 - recall 0.0018 - f1 0.0035 
INFO:root:VALID measures@10 for class 0 - precision 0.0000 - recall 0.0000 - f1 0.0000 
INFO:root:VALID measures@10 for class 1 - precision 0.4667 - recall 0.0058 - f1 0.0115 
INFO:root:VALID measures@100 microavg - precision 0.5132 - recall 0.0194 - f1 0.0373 
INFO:root:VALID measures@100 for class 0 - precision 0.5000 - recall 0.0002 - f1 0.0004 
INFO:root:VALID measures@100 for class 1 - precision 0.5133 - recall 0.0638 - f1 0.1134 
INFO:root:VALID measures@1000 microavg - precision 0.4067 - recall 0.1528 - f1 0.2221 
INFO:root:VALID measures@1000 for class 0 - precision 0.6000 - recall 0.0005 - f1 0.0011 
INFO:root:VALID measures@1000 for class 1 - precision 0.4063 - recall 0.5048 - f1 0.4502 
INFO:root:VALID Total epoch time: 0.1866304149998541
INFO:root:################ TEST epoch 78 ###################
INFO:root:TEST batch 1 / 4 - partial error 0.7078 - partial loss 1.7311 - partial MRR  0.0000 - partial MAP 0.4209
INFO:root:TEST batch 1 / 4 -  partial tp {0: tensor(0), 1: tensor(779)},fn {0: tensor(1887), 1: tensor(0)},fp {0: tensor(0), 1: tensor(1887)}
INFO:root:TEST batch 1 / 4 - measures partial microavg - precision 0.2922 - recall 0.2922 - f1 0.2922 
INFO:root:TEST batch 1 / 4 - measures partial for class 0 - precision 0.0000 - recall 0.0000 - f1 0.0000 
INFO:root:TEST batch 1 / 4 - measures partial for class 1 - precision 0.2922 - recall 1.0000 - f1 0.4522 
INFO:root:TEST batch 1 / 4 - Batch time 0 
INFO:root:TEST batch 2 / 4 - partial error 0.7037 - partial loss 1.7322 - partial MRR  0.0000 - partial MAP 0.4224
INFO:root:TEST batch 2 / 4 -  partial tp {0: tensor(0), 1: tensor(801)},fn {0: tensor(1865), 1: tensor(0)},fp {0: tensor(0), 1: tensor(1865)}
INFO:root:TEST batch 2 / 4 - measures partial microavg - precision 0.3005 - recall 0.3005 - f1 0.3005 
INFO:root:TEST batch 2 / 4 - measures partial for class 0 - precision 0.0000 - recall 0.0000 - f1 0.0000 
INFO:root:TEST batch 2 / 4 - measures partial for class 1 - precision 0.3005 - recall 1.0000 - f1 0.4621 
INFO:root:TEST batch 2 / 4 - Batch time 0 
INFO:root:TEST batch 3 / 4 - partial error 0.7031 - partial loss 1.7335 - partial MRR  0.0000 - partial MAP 0.4185
INFO:root:TEST batch 3 / 4 -  partial tp {0: tensor(0), 1: tensor(795)},fn {0: tensor(1871), 1: tensor(0)},fp {0: tensor(0), 1: tensor(1871)}
INFO:root:TEST batch 3 / 4 - measures partial microavg - precision 0.2982 - recall 0.2982 - f1 0.2982 
INFO:root:TEST batch 3 / 4 - measures partial for class 0 - precision 0.0000 - recall 0.0000 - f1 0.0000 
INFO:root:TEST batch 3 / 4 - measures partial for class 1 - precision 0.2982 - recall 1.0000 - f1 0.4594 
INFO:root:TEST batch 3 / 4 - Batch time 0 
INFO:root:TEST batch 4 / 4 - partial error 0.7011 - partial loss 1.7408 - partial MRR  0.0000 - partial MAP 0.4138
INFO:root:TEST batch 4 / 4 -  partial tp {0: tensor(0), 1: tensor(813)},fn {0: tensor(1853), 1: tensor(0)},fp {0: tensor(0), 1: tensor(1853)}
INFO:root:TEST batch 4 / 4 - measures partial microavg - precision 0.3050 - recall 0.3050 - f1 0.3050 
INFO:root:TEST batch 4 / 4 - measures partial for class 0 - precision 0.0000 - recall 0.0000 - f1 0.0000 
INFO:root:TEST batch 4 / 4 - measures partial for class 1 - precision 0.3050 - recall 1.0000 - f1 0.4674 
INFO:root:TEST batch 4 / 4 - Batch time 0 
INFO:root:TEST mean losses tensor(1.7408)
INFO:root:TEST mean errors 0.7010502815246582
INFO:root:TEST mean MRR 0.0 - mean MAP 0.4137985408306122
INFO:root:TEST tp {0: tensor(0), 1: tensor(3188)},fn {0: tensor(7476), 1: tensor(0)},fp {0: tensor(0), 1: tensor(7476)}
INFO:root:TEST measures microavg - precision 0.2989 - recall 0.2989 - f1 0.2989 
INFO:root:TEST measures for class 0 - precision 0.0000 - recall 0.0000 - f1 0.0000 
INFO:root:TEST measures for class 1 - precision 0.2989 - recall 1.0000 - f1 0.4603 
INFO:root:TEST measures@10 microavg - precision 0.5500 - recall 0.0021 - f1 0.0041 
INFO:root:TEST measures@10 for class 0 - precision 0.0000 - recall 0.0000 - f1 0.0000 
INFO:root:TEST measures@10 for class 1 - precision 0.5500 - recall 0.0069 - f1 0.0136 
INFO:root:TEST measures@100 microavg - precision 0.4925 - recall 0.0185 - f1 0.0356 
INFO:root:TEST measures@100 for class 0 - precision 0.0000 - recall 0.0000 - f1 0.0000 
INFO:root:TEST measures@100 for class 1 - precision 0.4925 - recall 0.0618 - f1 0.1098 
INFO:root:TEST measures@1000 microavg - precision 0.4057 - recall 0.1522 - f1 0.2214 
INFO:root:TEST measures@1000 for class 0 - precision 0.0000 - recall 0.0000 - f1 0.0000 
INFO:root:TEST measures@1000 for class 1 - precision 0.4057 - recall 0.5091 - f1 0.4516 
INFO:root:TEST Total epoch time: 0.26474096499987354
INFO:root:################ TRAIN epoch 79 ###################
INFO:root:TRAIN mean losses tensor(1.7277)
INFO:root:TRAIN mean errors 0.6864216327667236
INFO:root:TRAIN mean MRR 0.0 - mean MAP 0.4490711987018585
INFO:root:TRAIN tp {0: tensor(1), 1: tensor(10031)},fn {0: tensor(21960), 1: tensor(0)},fp {0: tensor(0), 1: tensor(21960)}
INFO:root:TRAIN measures microavg - precision 0.3136 - recall 0.3136 - f1 0.3136 
INFO:root:TRAIN measures for class 0 - precision 1.0000 - recall 0.0000 - f1 0.0001 
INFO:root:TRAIN measures for class 1 - precision 0.3136 - recall 1.0000 - f1 0.4774 
INFO:root:TRAIN measures@10 microavg - precision 0.5917 - recall 0.0022 - f1 0.0044 
INFO:root:TRAIN measures@10 for class 0 - precision 0.0000 - recall 0.0000 - f1 0.0000 
INFO:root:TRAIN measures@10 for class 1 - precision 0.5917 - recall 0.0071 - f1 0.0140 
INFO:root:TRAIN measures@100 microavg - precision 0.5420 - recall 0.0203 - f1 0.0392 
INFO:root:TRAIN measures@100 for class 0 - precision 1.0000 - recall 0.0000 - f1 0.0001 
INFO:root:TRAIN measures@100 for class 1 - precision 0.5417 - recall 0.0648 - f1 0.1158 
INFO:root:TRAIN measures@1000 microavg - precision 0.4379 - recall 0.1643 - f1 0.2390 
INFO:root:TRAIN measures@1000 for class 0 - precision 1.0000 - recall 0.0002 - f1 0.0004 
INFO:root:TRAIN measures@1000 for class 1 - precision 0.4377 - recall 0.5237 - f1 0.4769 
INFO:root:TRAIN Total epoch time: 1.0364600390003034
INFO:root:################ VALID epoch 79 ###################
INFO:root:VALID mean losses tensor(1.7355)
INFO:root:VALID mean errors 0.6979244947433472
INFO:root:VALID mean MRR 0.0 - mean MAP 0.42010292410850525
INFO:root:VALID tp {0: tensor(1), 1: tensor(2415)},fn {0: tensor(5582), 1: tensor(0)},fp {0: tensor(0), 1: tensor(5582)}
INFO:root:VALID measures microavg - precision 0.3021 - recall 0.3021 - f1 0.3021 
INFO:root:VALID measures for class 0 - precision 1.0000 - recall 0.0002 - f1 0.0004 
INFO:root:VALID measures for class 1 - precision 0.3020 - recall 1.0000 - f1 0.4639 
INFO:root:VALID measures@10 microavg - precision 0.6333 - recall 0.0024 - f1 0.0047 
INFO:root:VALID measures@10 for class 0 - precision 0.0000 - recall 0.0000 - f1 0.0000 
INFO:root:VALID measures@10 for class 1 - precision 0.6333 - recall 0.0079 - f1 0.0155 
INFO:root:VALID measures@100 microavg - precision 0.5116 - recall 0.0193 - f1 0.0371 
INFO:root:VALID measures@100 for class 0 - precision 1.0000 - recall 0.0002 - f1 0.0004 
INFO:root:VALID measures@100 for class 1 - precision 0.5100 - recall 0.0634 - f1 0.1127 
INFO:root:VALID measures@1000 microavg - precision 0.4137 - recall 0.1553 - f1 0.2258 
INFO:root:VALID measures@1000 for class 0 - precision 1.0000 - recall 0.0004 - f1 0.0007 
INFO:root:VALID measures@1000 for class 1 - precision 0.4133 - recall 0.5135 - f1 0.4580 
INFO:root:VALID Total epoch time: 0.22607543899994198
INFO:root:################ TRAIN epoch 80 ###################
INFO:root:TRAIN mean losses tensor(1.7304)
INFO:root:TRAIN mean errors 0.6864216327667236
INFO:root:TRAIN mean MRR 0.0 - mean MAP 0.4482455253601074
INFO:root:TRAIN tp {0: tensor(2), 1: tensor(10030)},fn {0: tensor(21959), 1: tensor(1)},fp {0: tensor(1), 1: tensor(21959)}
INFO:root:TRAIN measures microavg - precision 0.3136 - recall 0.3136 - f1 0.3136 
INFO:root:TRAIN measures for class 0 - precision 0.6667 - recall 0.0001 - f1 0.0002 
INFO:root:TRAIN measures for class 1 - precision 0.3135 - recall 0.9999 - f1 0.4774 
INFO:root:TRAIN measures@10 microavg - precision 0.6583 - recall 0.0025 - f1 0.0049 
INFO:root:TRAIN measures@10 for class 0 - precision 0.0000 - recall 0.0000 - f1 0.0000 
INFO:root:TRAIN measures@10 for class 1 - precision 0.6583 - recall 0.0079 - f1 0.0156 
INFO:root:TRAIN measures@100 microavg - precision 0.5632 - recall 0.0212 - f1 0.0408 
INFO:root:TRAIN measures@100 for class 0 - precision 1.0000 - recall 0.0001 - f1 0.0002 
INFO:root:TRAIN measures@100 for class 1 - precision 0.5625 - recall 0.0673 - f1 0.1202 
INFO:root:TRAIN measures@1000 microavg - precision 0.4349 - recall 0.1632 - f1 0.2373 
INFO:root:TRAIN measures@1000 for class 0 - precision 1.0000 - recall 0.0001 - f1 0.0003 
INFO:root:TRAIN measures@1000 for class 1 - precision 0.4348 - recall 0.5201 - f1 0.4736 
INFO:root:TRAIN Total epoch time: 1.1168392310000854
INFO:root:################ VALID epoch 80 ###################
INFO:root:VALID mean losses tensor(1.7333)
INFO:root:VALID mean errors 0.6980494856834412
INFO:root:VALID mean MRR 0.0 - mean MAP 0.4252685308456421
INFO:root:VALID tp {0: tensor(0), 1: tensor(2415)},fn {0: tensor(5583), 1: tensor(0)},fp {0: tensor(0), 1: tensor(5583)}
INFO:root:VALID measures microavg - precision 0.3020 - recall 0.3020 - f1 0.3020 
INFO:root:VALID measures for class 0 - precision 0.0000 - recall 0.0000 - f1 0.0000 
INFO:root:VALID measures for class 1 - precision 0.3020 - recall 1.0000 - f1 0.4638 
INFO:root:VALID measures@10 microavg - precision 0.5667 - recall 0.0021 - f1 0.0042 
INFO:root:VALID measures@10 for class 0 - precision 0.0000 - recall 0.0000 - f1 0.0000 
INFO:root:VALID measures@10 for class 1 - precision 0.5667 - recall 0.0070 - f1 0.0139 
INFO:root:VALID measures@100 microavg - precision 0.5200 - recall 0.0195 - f1 0.0376 
INFO:root:VALID measures@100 for class 0 - precision 0.0000 - recall 0.0000 - f1 0.0000 
INFO:root:VALID measures@100 for class 1 - precision 0.5200 - recall 0.0646 - f1 0.1149 
INFO:root:VALID measures@1000 microavg - precision 0.4117 - recall 0.1544 - f1 0.2246 
INFO:root:VALID measures@1000 for class 0 - precision 0.0000 - recall 0.0000 - f1 0.0000 
INFO:root:VALID measures@1000 for class 1 - precision 0.4117 - recall 0.5114 - f1 0.4561 
INFO:root:VALID Total epoch time: 0.19154541799980507
INFO:root:################ TRAIN epoch 81 ###################
INFO:root:TRAIN mean losses tensor(1.7292)
INFO:root:TRAIN mean errors 0.6864528656005859
INFO:root:TRAIN mean MRR 0.0 - mean MAP 0.4488183259963989
INFO:root:TRAIN tp {0: tensor(0), 1: tensor(10031)},fn {0: tensor(21961), 1: tensor(0)},fp {0: tensor(0), 1: tensor(21961)}
INFO:root:TRAIN measures microavg - precision 0.3135 - recall 0.3135 - f1 0.3135 
INFO:root:TRAIN measures for class 0 - precision 0.0000 - recall 0.0000 - f1 0.0000 
INFO:root:TRAIN measures for class 1 - precision 0.3135 - recall 1.0000 - f1 0.4774 
INFO:root:TRAIN measures@10 microavg - precision 0.6500 - recall 0.0024 - f1 0.0049 
INFO:root:TRAIN measures@10 for class 0 - precision 0.0000 - recall 0.0000 - f1 0.0000 
INFO:root:TRAIN measures@10 for class 1 - precision 0.6500 - recall 0.0078 - f1 0.0154 
INFO:root:TRAIN measures@100 microavg - precision 0.5517 - recall 0.0207 - f1 0.0399 
INFO:root:TRAIN measures@100 for class 0 - precision 0.0000 - recall 0.0000 - f1 0.0000 
INFO:root:TRAIN measures@100 for class 1 - precision 0.5517 - recall 0.0660 - f1 0.1179 
INFO:root:TRAIN measures@1000 microavg - precision 0.4368 - recall 0.1639 - f1 0.2383 
INFO:root:TRAIN measures@1000 for class 0 - precision 0.0000 - recall 0.0000 - f1 0.0000 
INFO:root:TRAIN measures@1000 for class 1 - precision 0.4368 - recall 0.5226 - f1 0.4759 
INFO:root:TRAIN Total epoch time: 1.0301983219997055
INFO:root:################ VALID epoch 81 ###################
INFO:root:VALID mean losses tensor(1.7456)
INFO:root:VALID mean errors 0.6980494856834412
INFO:root:VALID mean MRR 0.0 - mean MAP 0.4100717604160309
INFO:root:VALID tp {0: tensor(0), 1: tensor(2415)},fn {0: tensor(5583), 1: tensor(0)},fp {0: tensor(0), 1: tensor(5583)}
INFO:root:VALID measures microavg - precision 0.3020 - recall 0.3020 - f1 0.3020 
INFO:root:VALID measures for class 0 - precision 0.0000 - recall 0.0000 - f1 0.0000 
INFO:root:VALID measures for class 1 - precision 0.3020 - recall 1.0000 - f1 0.4638 
INFO:root:VALID measures@10 microavg - precision 0.5000 - recall 0.0019 - f1 0.0037 
INFO:root:VALID measures@10 for class 0 - precision 0.0000 - recall 0.0000 - f1 0.0000 
INFO:root:VALID measures@10 for class 1 - precision 0.5000 - recall 0.0062 - f1 0.0123 
INFO:root:VALID measures@100 microavg - precision 0.5167 - recall 0.0194 - f1 0.0374 
INFO:root:VALID measures@100 for class 0 - precision 0.0000 - recall 0.0000 - f1 0.0000 
INFO:root:VALID measures@100 for class 1 - precision 0.5167 - recall 0.0642 - f1 0.1142 
INFO:root:VALID measures@1000 microavg - precision 0.3957 - recall 0.1484 - f1 0.2159 
INFO:root:VALID measures@1000 for class 0 - precision 0.0000 - recall 0.0000 - f1 0.0000 
INFO:root:VALID measures@1000 for class 1 - precision 0.3957 - recall 0.4915 - f1 0.4384 
INFO:root:VALID Total epoch time: 0.18914205199962453
INFO:root:################ TRAIN epoch 82 ###################
INFO:root:TRAIN mean losses tensor(1.7355)
INFO:root:TRAIN mean errors 0.6864528656005859
INFO:root:TRAIN mean MRR 0.0 - mean MAP 0.44229453802108765
INFO:root:TRAIN tp {0: tensor(0), 1: tensor(10031)},fn {0: tensor(21961), 1: tensor(0)},fp {0: tensor(0), 1: tensor(21961)}
INFO:root:TRAIN measures microavg - precision 0.3135 - recall 0.3135 - f1 0.3135 
INFO:root:TRAIN measures for class 0 - precision 0.0000 - recall 0.0000 - f1 0.0000 
INFO:root:TRAIN measures for class 1 - precision 0.3135 - recall 1.0000 - f1 0.4774 
INFO:root:TRAIN measures@10 microavg - precision 0.6083 - recall 0.0023 - f1 0.0045 
INFO:root:TRAIN measures@10 for class 0 - precision 0.0000 - recall 0.0000 - f1 0.0000 
INFO:root:TRAIN measures@10 for class 1 - precision 0.6083 - recall 0.0073 - f1 0.0144 
INFO:root:TRAIN measures@100 microavg - precision 0.5333 - recall 0.0200 - f1 0.0386 
INFO:root:TRAIN measures@100 for class 0 - precision 0.0000 - recall 0.0000 - f1 0.0000 
INFO:root:TRAIN measures@100 for class 1 - precision 0.5333 - recall 0.0638 - f1 0.1140 
INFO:root:TRAIN measures@1000 microavg - precision 0.4338 - recall 0.1627 - f1 0.2366 
INFO:root:TRAIN measures@1000 for class 0 - precision 0.0000 - recall 0.0000 - f1 0.0000 
INFO:root:TRAIN measures@1000 for class 1 - precision 0.4338 - recall 0.5189 - f1 0.4725 
INFO:root:TRAIN Total epoch time: 0.9986467339995215
INFO:root:################ VALID epoch 82 ###################
INFO:root:VALID mean losses tensor(1.7430)
INFO:root:VALID mean errors 0.6980494856834412
INFO:root:VALID mean MRR 0.0 - mean MAP 0.41448649764060974
INFO:root:VALID tp {0: tensor(0), 1: tensor(2415)},fn {0: tensor(5583), 1: tensor(0)},fp {0: tensor(0), 1: tensor(5583)}
INFO:root:VALID measures microavg - precision 0.3020 - recall 0.3020 - f1 0.3020 
INFO:root:VALID measures for class 0 - precision 0.0000 - recall 0.0000 - f1 0.0000 
INFO:root:VALID measures for class 1 - precision 0.3020 - recall 1.0000 - f1 0.4638 
INFO:root:VALID measures@10 microavg - precision 0.4333 - recall 0.0016 - f1 0.0032 
INFO:root:VALID measures@10 for class 0 - precision 0.0000 - recall 0.0000 - f1 0.0000 
INFO:root:VALID measures@10 for class 1 - precision 0.4333 - recall 0.0054 - f1 0.0106 
INFO:root:VALID measures@100 microavg - precision 0.4967 - recall 0.0186 - f1 0.0359 
INFO:root:VALID measures@100 for class 0 - precision 0.0000 - recall 0.0000 - f1 0.0000 
INFO:root:VALID measures@100 for class 1 - precision 0.4967 - recall 0.0617 - f1 0.1098 
INFO:root:VALID measures@1000 microavg - precision 0.4017 - recall 0.1507 - f1 0.2191 
INFO:root:VALID measures@1000 for class 0 - precision 0.0000 - recall 0.0000 - f1 0.0000 
INFO:root:VALID measures@1000 for class 1 - precision 0.4017 - recall 0.4990 - f1 0.4451 
INFO:root:VALID Total epoch time: 0.1843150130007416
INFO:root:################ TRAIN epoch 83 ###################
INFO:root:TRAIN mean losses tensor(1.7299)
INFO:root:TRAIN mean errors 0.6864528656005859
INFO:root:TRAIN mean MRR 0.0 - mean MAP 0.44786641001701355
INFO:root:TRAIN tp {0: tensor(0), 1: tensor(10031)},fn {0: tensor(21961), 1: tensor(0)},fp {0: tensor(0), 1: tensor(21961)}
INFO:root:TRAIN measures microavg - precision 0.3135 - recall 0.3135 - f1 0.3135 
INFO:root:TRAIN measures for class 0 - precision 0.0000 - recall 0.0000 - f1 0.0000 
INFO:root:TRAIN measures for class 1 - precision 0.3135 - recall 1.0000 - f1 0.4774 
INFO:root:TRAIN measures@10 microavg - precision 0.5917 - recall 0.0022 - f1 0.0044 
INFO:root:TRAIN measures@10 for class 0 - precision 0.0000 - recall 0.0000 - f1 0.0000 
INFO:root:TRAIN measures@10 for class 1 - precision 0.5917 - recall 0.0071 - f1 0.0140 
INFO:root:TRAIN measures@100 microavg - precision 0.5567 - recall 0.0209 - f1 0.0403 
INFO:root:TRAIN measures@100 for class 0 - precision 0.0000 - recall 0.0000 - f1 0.0000 
INFO:root:TRAIN measures@100 for class 1 - precision 0.5567 - recall 0.0666 - f1 0.1190 
INFO:root:TRAIN measures@1000 microavg - precision 0.4347 - recall 0.1630 - f1 0.2371 
INFO:root:TRAIN measures@1000 for class 0 - precision 0.0000 - recall 0.0000 - f1 0.0000 
INFO:root:TRAIN measures@1000 for class 1 - precision 0.4347 - recall 0.5200 - f1 0.4735 
INFO:root:TRAIN Total epoch time: 0.9809693520001019
INFO:root:################ VALID epoch 83 ###################
INFO:root:VALID mean losses tensor(1.7432)
INFO:root:VALID mean errors 0.6980494856834412
INFO:root:VALID mean MRR 0.0 - mean MAP 0.41400107741355896
INFO:root:VALID tp {0: tensor(0), 1: tensor(2415)},fn {0: tensor(5583), 1: tensor(0)},fp {0: tensor(0), 1: tensor(5583)}
INFO:root:VALID measures microavg - precision 0.3020 - recall 0.3020 - f1 0.3020 
INFO:root:VALID measures for class 0 - precision 0.0000 - recall 0.0000 - f1 0.0000 
INFO:root:VALID measures for class 1 - precision 0.3020 - recall 1.0000 - f1 0.4638 
INFO:root:VALID measures@10 microavg - precision 0.5000 - recall 0.0019 - f1 0.0037 
INFO:root:VALID measures@10 for class 0 - precision 0.0000 - recall 0.0000 - f1 0.0000 
INFO:root:VALID measures@10 for class 1 - precision 0.5000 - recall 0.0062 - f1 0.0123 
INFO:root:VALID measures@100 microavg - precision 0.4933 - recall 0.0185 - f1 0.0357 
INFO:root:VALID measures@100 for class 0 - precision 0.0000 - recall 0.0000 - f1 0.0000 
INFO:root:VALID measures@100 for class 1 - precision 0.4933 - recall 0.0613 - f1 0.1090 
INFO:root:VALID measures@1000 microavg - precision 0.3985 - recall 0.1495 - f1 0.2175 
INFO:root:VALID measures@1000 for class 0 - precision 1.0000 - recall 0.0002 - f1 0.0004 
INFO:root:VALID measures@1000 for class 1 - precision 0.3983 - recall 0.4948 - f1 0.4414 
INFO:root:VALID Total epoch time: 0.21508280499983812
INFO:root:################ TRAIN epoch 84 ###################
INFO:root:TRAIN mean losses tensor(1.7269)
INFO:root:TRAIN mean errors 0.6864528656005859
INFO:root:TRAIN mean MRR 0.0 - mean MAP 0.453097403049469
INFO:root:TRAIN tp {0: tensor(0), 1: tensor(10031)},fn {0: tensor(21961), 1: tensor(0)},fp {0: tensor(0), 1: tensor(21961)}
INFO:root:TRAIN measures microavg - precision 0.3135 - recall 0.3135 - f1 0.3135 
INFO:root:TRAIN measures for class 0 - precision 0.0000 - recall 0.0000 - f1 0.0000 
INFO:root:TRAIN measures for class 1 - precision 0.3135 - recall 1.0000 - f1 0.4774 
INFO:root:TRAIN measures@10 microavg - precision 0.6417 - recall 0.0024 - f1 0.0048 
INFO:root:TRAIN measures@10 for class 0 - precision 0.0000 - recall 0.0000 - f1 0.0000 
INFO:root:TRAIN measures@10 for class 1 - precision 0.6417 - recall 0.0077 - f1 0.0152 
INFO:root:TRAIN measures@100 microavg - precision 0.5554 - recall 0.0208 - f1 0.0402 
INFO:root:TRAIN measures@100 for class 0 - precision 1.0000 - recall 0.0000 - f1 0.0001 
INFO:root:TRAIN measures@100 for class 1 - precision 0.5550 - recall 0.0664 - f1 0.1186 
INFO:root:TRAIN measures@1000 microavg - precision 0.4381 - recall 0.1644 - f1 0.2391 
INFO:root:TRAIN measures@1000 for class 0 - precision 1.0000 - recall 0.0002 - f1 0.0004 
INFO:root:TRAIN measures@1000 for class 1 - precision 0.4379 - recall 0.5239 - f1 0.4771 
INFO:root:TRAIN Total epoch time: 1.0395584569996572
INFO:root:################ VALID epoch 84 ###################
INFO:root:VALID mean losses tensor(1.7434)
INFO:root:VALID mean errors 0.6980494856834412
INFO:root:VALID mean MRR 0.0 - mean MAP 0.41305479407310486
INFO:root:VALID tp {0: tensor(0), 1: tensor(2415)},fn {0: tensor(5583), 1: tensor(0)},fp {0: tensor(0), 1: tensor(5583)}
INFO:root:VALID measures microavg - precision 0.3020 - recall 0.3020 - f1 0.3020 
INFO:root:VALID measures for class 0 - precision 0.0000 - recall 0.0000 - f1 0.0000 
INFO:root:VALID measures for class 1 - precision 0.3020 - recall 1.0000 - f1 0.4638 
INFO:root:VALID measures@10 microavg - precision 0.6000 - recall 0.0023 - f1 0.0045 
INFO:root:VALID measures@10 for class 0 - precision 0.0000 - recall 0.0000 - f1 0.0000 
INFO:root:VALID measures@10 for class 1 - precision 0.6000 - recall 0.0075 - f1 0.0147 
INFO:root:VALID measures@100 microavg - precision 0.5067 - recall 0.0190 - f1 0.0366 
INFO:root:VALID measures@100 for class 0 - precision 0.0000 - recall 0.0000 - f1 0.0000 
INFO:root:VALID measures@100 for class 1 - precision 0.5067 - recall 0.0629 - f1 0.1120 
INFO:root:VALID measures@1000 microavg - precision 0.4013 - recall 0.1505 - f1 0.2189 
INFO:root:VALID measures@1000 for class 0 - precision 0.0000 - recall 0.0000 - f1 0.0000 
INFO:root:VALID measures@1000 for class 1 - precision 0.4013 - recall 0.4986 - f1 0.4447 
INFO:root:VALID Total epoch time: 0.18684722699981648
INFO:root:################ TRAIN epoch 85 ###################
INFO:root:TRAIN mean losses tensor(1.7257)
INFO:root:TRAIN mean errors 0.6864216327667236
INFO:root:TRAIN mean MRR 0.0 - mean MAP 0.4566395878791809
INFO:root:TRAIN tp {0: tensor(1), 1: tensor(10031)},fn {0: tensor(21960), 1: tensor(0)},fp {0: tensor(0), 1: tensor(21960)}
INFO:root:TRAIN measures microavg - precision 0.3136 - recall 0.3136 - f1 0.3136 
INFO:root:TRAIN measures for class 0 - precision 1.0000 - recall 0.0000 - f1 0.0001 
INFO:root:TRAIN measures for class 1 - precision 0.3136 - recall 1.0000 - f1 0.4774 
INFO:root:TRAIN measures@10 microavg - precision 0.7000 - recall 0.0026 - f1 0.0052 
INFO:root:TRAIN measures@10 for class 0 - precision 0.0000 - recall 0.0000 - f1 0.0000 
INFO:root:TRAIN measures@10 for class 1 - precision 0.7000 - recall 0.0084 - f1 0.0166 
INFO:root:TRAIN measures@100 microavg - precision 0.5767 - recall 0.0216 - f1 0.0417 
INFO:root:TRAIN measures@100 for class 0 - precision 0.0000 - recall 0.0000 - f1 0.0000 
INFO:root:TRAIN measures@100 for class 1 - precision 0.5767 - recall 0.0690 - f1 0.1232 
INFO:root:TRAIN measures@1000 microavg - precision 0.4418 - recall 0.1658 - f1 0.2411 
INFO:root:TRAIN measures@1000 for class 0 - precision 0.8571 - recall 0.0003 - f1 0.0005 
INFO:root:TRAIN measures@1000 for class 1 - precision 0.4416 - recall 0.5283 - f1 0.4810 
INFO:root:TRAIN Total epoch time: 1.0134323730007964
INFO:root:################ VALID epoch 85 ###################
INFO:root:VALID mean losses tensor(1.7404)
INFO:root:VALID mean errors 0.6979244947433472
INFO:root:VALID mean MRR 0.0 - mean MAP 0.42260560393333435
INFO:root:VALID tp {0: tensor(2), 1: tensor(2414)},fn {0: tensor(5581), 1: tensor(1)},fp {0: tensor(1), 1: tensor(5581)}
INFO:root:VALID measures microavg - precision 0.3021 - recall 0.3021 - f1 0.3021 
INFO:root:VALID measures for class 0 - precision 0.6667 - recall 0.0004 - f1 0.0007 
INFO:root:VALID measures for class 1 - precision 0.3019 - recall 0.9996 - f1 0.4638 
INFO:root:VALID measures@10 microavg - precision 0.5333 - recall 0.0020 - f1 0.0040 
INFO:root:VALID measures@10 for class 0 - precision 0.0000 - recall 0.0000 - f1 0.0000 
INFO:root:VALID measures@10 for class 1 - precision 0.5333 - recall 0.0066 - f1 0.0131 
INFO:root:VALID measures@100 microavg - precision 0.5233 - recall 0.0196 - f1 0.0378 
INFO:root:VALID measures@100 for class 0 - precision 0.0000 - recall 0.0000 - f1 0.0000 
INFO:root:VALID measures@100 for class 1 - precision 0.5233 - recall 0.0650 - f1 0.1157 
INFO:root:VALID measures@1000 microavg - precision 0.4049 - recall 0.1520 - f1 0.2211 
INFO:root:VALID measures@1000 for class 0 - precision 1.0000 - recall 0.0005 - f1 0.0011 
INFO:root:VALID measures@1000 for class 1 - precision 0.4043 - recall 0.5023 - f1 0.4480 
INFO:root:VALID Total epoch time: 0.189703090999501
INFO:root:################ TRAIN epoch 86 ###################
INFO:root:TRAIN mean losses tensor(1.7255)
INFO:root:TRAIN mean errors 0.6864216327667236
INFO:root:TRAIN mean MRR 0.0 - mean MAP 0.4526844322681427
INFO:root:TRAIN tp {0: tensor(1), 1: tensor(10031)},fn {0: tensor(21960), 1: tensor(0)},fp {0: tensor(0), 1: tensor(21960)}
INFO:root:TRAIN measures microavg - precision 0.3136 - recall 0.3136 - f1 0.3136 
INFO:root:TRAIN measures for class 0 - precision 1.0000 - recall 0.0000 - f1 0.0001 
INFO:root:TRAIN measures for class 1 - precision 0.3136 - recall 1.0000 - f1 0.4774 
INFO:root:TRAIN measures@10 microavg - precision 0.6667 - recall 0.0025 - f1 0.0050 
INFO:root:TRAIN measures@10 for class 0 - precision 0.0000 - recall 0.0000 - f1 0.0000 
INFO:root:TRAIN measures@10 for class 1 - precision 0.6667 - recall 0.0080 - f1 0.0158 
INFO:root:TRAIN measures@100 microavg - precision 0.5642 - recall 0.0212 - f1 0.0408 
INFO:root:TRAIN measures@100 for class 0 - precision 0.0000 - recall 0.0000 - f1 0.0000 
INFO:root:TRAIN measures@100 for class 1 - precision 0.5642 - recall 0.0675 - f1 0.1206 
INFO:root:TRAIN measures@1000 microavg - precision 0.4366 - recall 0.1639 - f1 0.2383 
INFO:root:TRAIN measures@1000 for class 0 - precision 1.0000 - recall 0.0004 - f1 0.0007 
INFO:root:TRAIN measures@1000 for class 1 - precision 0.4363 - recall 0.5219 - f1 0.4752 
INFO:root:TRAIN Total epoch time: 1.0016511900003024
INFO:root:################ VALID epoch 86 ###################
INFO:root:VALID mean losses tensor(1.7430)
INFO:root:VALID mean errors 0.6980494856834412
INFO:root:VALID mean MRR 0.0 - mean MAP 0.4144730567932129
INFO:root:VALID tp {0: tensor(0), 1: tensor(2415)},fn {0: tensor(5583), 1: tensor(0)},fp {0: tensor(0), 1: tensor(5583)}
INFO:root:VALID measures microavg - precision 0.3020 - recall 0.3020 - f1 0.3020 
INFO:root:VALID measures for class 0 - precision 0.0000 - recall 0.0000 - f1 0.0000 
INFO:root:VALID measures for class 1 - precision 0.3020 - recall 1.0000 - f1 0.4638 
INFO:root:VALID measures@10 microavg - precision 0.5000 - recall 0.0019 - f1 0.0037 
INFO:root:VALID measures@10 for class 0 - precision 0.0000 - recall 0.0000 - f1 0.0000 
INFO:root:VALID measures@10 for class 1 - precision 0.5000 - recall 0.0062 - f1 0.0123 
INFO:root:VALID measures@100 microavg - precision 0.5233 - recall 0.0196 - f1 0.0378 
INFO:root:VALID measures@100 for class 0 - precision 0.0000 - recall 0.0000 - f1 0.0000 
INFO:root:VALID measures@100 for class 1 - precision 0.5233 - recall 0.0650 - f1 0.1157 
INFO:root:VALID measures@1000 microavg - precision 0.4086 - recall 0.1539 - f1 0.2236 
INFO:root:VALID measures@1000 for class 0 - precision 0.9231 - recall 0.0021 - f1 0.0043 
INFO:root:VALID measures@1000 for class 1 - precision 0.4063 - recall 0.5048 - f1 0.4502 
INFO:root:VALID Total epoch time: 0.18520459400042455
INFO:root:################ TRAIN epoch 87 ###################
INFO:root:TRAIN mean losses tensor(1.7245)
INFO:root:TRAIN mean errors 0.6864216327667236
INFO:root:TRAIN mean MRR 0.0 - mean MAP 0.4536594748497009
INFO:root:TRAIN tp {0: tensor(1), 1: tensor(10031)},fn {0: tensor(21960), 1: tensor(0)},fp {0: tensor(0), 1: tensor(21960)}
INFO:root:TRAIN measures microavg - precision 0.3136 - recall 0.3136 - f1 0.3136 
INFO:root:TRAIN measures for class 0 - precision 1.0000 - recall 0.0000 - f1 0.0001 
INFO:root:TRAIN measures for class 1 - precision 0.3136 - recall 1.0000 - f1 0.4774 
INFO:root:TRAIN measures@10 microavg - precision 0.6417 - recall 0.0024 - f1 0.0048 
INFO:root:TRAIN measures@10 for class 0 - precision 0.0000 - recall 0.0000 - f1 0.0000 
INFO:root:TRAIN measures@10 for class 1 - precision 0.6417 - recall 0.0077 - f1 0.0152 
INFO:root:TRAIN measures@100 microavg - precision 0.5758 - recall 0.0216 - f1 0.0416 
INFO:root:TRAIN measures@100 for class 0 - precision 0.0000 - recall 0.0000 - f1 0.0000 
INFO:root:TRAIN measures@100 for class 1 - precision 0.5758 - recall 0.0689 - f1 0.1231 
INFO:root:TRAIN measures@1000 microavg - precision 0.4379 - recall 0.1644 - f1 0.2391 
INFO:root:TRAIN measures@1000 for class 0 - precision 0.8462 - recall 0.0005 - f1 0.0010 
INFO:root:TRAIN measures@1000 for class 1 - precision 0.4375 - recall 0.5234 - f1 0.4766 
INFO:root:TRAIN Total epoch time: 1.0126252809996004
INFO:root:################ VALID epoch 87 ###################
INFO:root:VALID mean losses tensor(1.7415)
INFO:root:VALID mean errors 0.6980494856834412
INFO:root:VALID mean MRR 0.0 - mean MAP 0.41529348492622375
INFO:root:VALID tp {0: tensor(0), 1: tensor(2415)},fn {0: tensor(5583), 1: tensor(0)},fp {0: tensor(0), 1: tensor(5583)}
INFO:root:VALID measures microavg - precision 0.3020 - recall 0.3020 - f1 0.3020 
INFO:root:VALID measures for class 0 - precision 0.0000 - recall 0.0000 - f1 0.0000 
INFO:root:VALID measures for class 1 - precision 0.3020 - recall 1.0000 - f1 0.4638 
INFO:root:VALID measures@10 microavg - precision 0.5000 - recall 0.0019 - f1 0.0037 
INFO:root:VALID measures@10 for class 0 - precision 0.0000 - recall 0.0000 - f1 0.0000 
INFO:root:VALID measures@10 for class 1 - precision 0.5000 - recall 0.0062 - f1 0.0123 
INFO:root:VALID measures@100 microavg - precision 0.5100 - recall 0.0191 - f1 0.0369 
INFO:root:VALID measures@100 for class 0 - precision 0.0000 - recall 0.0000 - f1 0.0000 
INFO:root:VALID measures@100 for class 1 - precision 0.5100 - recall 0.0634 - f1 0.1127 
INFO:root:VALID measures@1000 microavg - precision 0.4031 - recall 0.1513 - f1 0.2200 
INFO:root:VALID measures@1000 for class 0 - precision 0.5000 - recall 0.0002 - f1 0.0004 
INFO:root:VALID measures@1000 for class 1 - precision 0.4030 - recall 0.5006 - f1 0.4465 
INFO:root:VALID Total epoch time: 0.1884531480000078
INFO:root:################ TRAIN epoch 88 ###################
INFO:root:TRAIN mean losses tensor(1.7239)
INFO:root:TRAIN mean errors 0.6864216327667236
INFO:root:TRAIN mean MRR 0.0 - mean MAP 0.4552746117115021
INFO:root:TRAIN tp {0: tensor(1), 1: tensor(10031)},fn {0: tensor(21960), 1: tensor(0)},fp {0: tensor(0), 1: tensor(21960)}
INFO:root:TRAIN measures microavg - precision 0.3136 - recall 0.3136 - f1 0.3136 
INFO:root:TRAIN measures for class 0 - precision 1.0000 - recall 0.0000 - f1 0.0001 
INFO:root:TRAIN measures for class 1 - precision 0.3136 - recall 1.0000 - f1 0.4774 
INFO:root:TRAIN measures@10 microavg - precision 0.6167 - recall 0.0023 - f1 0.0046 
INFO:root:TRAIN measures@10 for class 0 - precision 0.0000 - recall 0.0000 - f1 0.0000 
INFO:root:TRAIN measures@10 for class 1 - precision 0.6167 - recall 0.0074 - f1 0.0146 
INFO:root:TRAIN measures@100 microavg - precision 0.5775 - recall 0.0217 - f1 0.0418 
INFO:root:TRAIN measures@100 for class 0 - precision 0.0000 - recall 0.0000 - f1 0.0000 
INFO:root:TRAIN measures@100 for class 1 - precision 0.5775 - recall 0.0691 - f1 0.1234 
INFO:root:TRAIN measures@1000 microavg - precision 0.4359 - recall 0.1638 - f1 0.2381 
INFO:root:TRAIN measures@1000 for class 0 - precision 0.9091 - recall 0.0009 - f1 0.0018 
INFO:root:TRAIN measures@1000 for class 1 - precision 0.4350 - recall 0.5204 - f1 0.4739 
INFO:root:TRAIN Total epoch time: 1.1874271060005412
INFO:root:################ VALID epoch 88 ###################
INFO:root:VALID mean losses tensor(1.7383)
INFO:root:VALID mean errors 0.6980494856834412
INFO:root:VALID mean MRR 0.0 - mean MAP 0.4190164804458618
INFO:root:VALID tp {0: tensor(0), 1: tensor(2415)},fn {0: tensor(5583), 1: tensor(0)},fp {0: tensor(0), 1: tensor(5583)}
INFO:root:VALID measures microavg - precision 0.3020 - recall 0.3020 - f1 0.3020 
INFO:root:VALID measures for class 0 - precision 0.0000 - recall 0.0000 - f1 0.0000 
INFO:root:VALID measures for class 1 - precision 0.3020 - recall 1.0000 - f1 0.4638 
INFO:root:VALID measures@10 microavg - precision 0.6667 - recall 0.0025 - f1 0.0050 
INFO:root:VALID measures@10 for class 0 - precision 0.0000 - recall 0.0000 - f1 0.0000 
INFO:root:VALID measures@10 for class 1 - precision 0.6667 - recall 0.0083 - f1 0.0164 
INFO:root:VALID measures@100 microavg - precision 0.5233 - recall 0.0196 - f1 0.0378 
INFO:root:VALID measures@100 for class 0 - precision 0.0000 - recall 0.0000 - f1 0.0000 
INFO:root:VALID measures@100 for class 1 - precision 0.5233 - recall 0.0650 - f1 0.1157 
INFO:root:VALID measures@1000 microavg - precision 0.4159 - recall 0.1562 - f1 0.2271 
INFO:root:VALID measures@1000 for class 0 - precision 1.0000 - recall 0.0005 - f1 0.0011 
INFO:root:VALID measures@1000 for class 1 - precision 0.4153 - recall 0.5159 - f1 0.4602 
INFO:root:VALID Total epoch time: 0.19051971200042317
INFO:root:################ TRAIN epoch 89 ###################
INFO:root:TRAIN mean losses tensor(1.7241)
INFO:root:TRAIN mean errors 0.6864528656005859
INFO:root:TRAIN mean MRR 0.0 - mean MAP 0.45525693893432617
INFO:root:TRAIN tp {0: tensor(0), 1: tensor(10031)},fn {0: tensor(21961), 1: tensor(0)},fp {0: tensor(0), 1: tensor(21961)}
INFO:root:TRAIN measures microavg - precision 0.3135 - recall 0.3135 - f1 0.3135 
INFO:root:TRAIN measures for class 0 - precision 0.0000 - recall 0.0000 - f1 0.0000 
INFO:root:TRAIN measures for class 1 - precision 0.3135 - recall 1.0000 - f1 0.4774 
INFO:root:TRAIN measures@10 microavg - precision 0.6333 - recall 0.0024 - f1 0.0047 
INFO:root:TRAIN measures@10 for class 0 - precision 0.0000 - recall 0.0000 - f1 0.0000 
INFO:root:TRAIN measures@10 for class 1 - precision 0.6333 - recall 0.0076 - f1 0.0150 
INFO:root:TRAIN measures@100 microavg - precision 0.5683 - recall 0.0213 - f1 0.0411 
INFO:root:TRAIN measures@100 for class 0 - precision 0.0000 - recall 0.0000 - f1 0.0000 
INFO:root:TRAIN measures@100 for class 1 - precision 0.5683 - recall 0.0680 - f1 0.1214 
INFO:root:TRAIN measures@1000 microavg - precision 0.4404 - recall 0.1654 - f1 0.2405 
INFO:root:TRAIN measures@1000 for class 0 - precision 0.8571 - recall 0.0005 - f1 0.0011 
INFO:root:TRAIN measures@1000 for class 1 - precision 0.4399 - recall 0.5263 - f1 0.4792 
INFO:root:TRAIN Total epoch time: 0.9947280489996047
INFO:root:################ VALID epoch 89 ###################
INFO:root:VALID mean losses tensor(1.7357)
INFO:root:VALID mean errors 0.6980494856834412
INFO:root:VALID mean MRR 0.0 - mean MAP 0.4176303446292877
INFO:root:VALID tp {0: tensor(0), 1: tensor(2415)},fn {0: tensor(5583), 1: tensor(0)},fp {0: tensor(0), 1: tensor(5583)}
INFO:root:VALID measures microavg - precision 0.3020 - recall 0.3020 - f1 0.3020 
INFO:root:VALID measures for class 0 - precision 0.0000 - recall 0.0000 - f1 0.0000 
INFO:root:VALID measures for class 1 - precision 0.3020 - recall 1.0000 - f1 0.4638 
INFO:root:VALID measures@10 microavg - precision 0.5333 - recall 0.0020 - f1 0.0040 
INFO:root:VALID measures@10 for class 0 - precision 0.0000 - recall 0.0000 - f1 0.0000 
INFO:root:VALID measures@10 for class 1 - precision 0.5333 - recall 0.0066 - f1 0.0131 
INFO:root:VALID measures@100 microavg - precision 0.5067 - recall 0.0190 - f1 0.0366 
INFO:root:VALID measures@100 for class 0 - precision 0.0000 - recall 0.0000 - f1 0.0000 
INFO:root:VALID measures@100 for class 1 - precision 0.5067 - recall 0.0629 - f1 0.1120 
INFO:root:VALID measures@1000 microavg - precision 0.4113 - recall 0.1545 - f1 0.2247 
INFO:root:VALID measures@1000 for class 0 - precision 1.0000 - recall 0.0009 - f1 0.0018 
INFO:root:VALID measures@1000 for class 1 - precision 0.4103 - recall 0.5097 - f1 0.4547 
INFO:root:VALID Total epoch time: 0.18808474500019656
INFO:root:################ TRAIN epoch 90 ###################
INFO:root:TRAIN mean losses tensor(1.7251)
INFO:root:TRAIN mean errors 0.6864216327667236
INFO:root:TRAIN mean MRR 0.0 - mean MAP 0.45310917496681213
INFO:root:TRAIN tp {0: tensor(1), 1: tensor(10031)},fn {0: tensor(21960), 1: tensor(0)},fp {0: tensor(0), 1: tensor(21960)}
INFO:root:TRAIN measures microavg - precision 0.3136 - recall 0.3136 - f1 0.3136 
INFO:root:TRAIN measures for class 0 - precision 1.0000 - recall 0.0000 - f1 0.0001 
INFO:root:TRAIN measures for class 1 - precision 0.3136 - recall 1.0000 - f1 0.4774 
INFO:root:TRAIN measures@10 microavg - precision 0.6667 - recall 0.0025 - f1 0.0050 
INFO:root:TRAIN measures@10 for class 0 - precision 0.0000 - recall 0.0000 - f1 0.0000 
INFO:root:TRAIN measures@10 for class 1 - precision 0.6667 - recall 0.0080 - f1 0.0158 
INFO:root:TRAIN measures@100 microavg - precision 0.5583 - recall 0.0209 - f1 0.0404 
INFO:root:TRAIN measures@100 for class 0 - precision 0.0000 - recall 0.0000 - f1 0.0000 
INFO:root:TRAIN measures@100 for class 1 - precision 0.5583 - recall 0.0668 - f1 0.1193 
INFO:root:TRAIN measures@1000 microavg - precision 0.4400 - recall 0.1652 - f1 0.2402 
INFO:root:TRAIN measures@1000 for class 0 - precision 0.8571 - recall 0.0005 - f1 0.0011 
INFO:root:TRAIN measures@1000 for class 1 - precision 0.4395 - recall 0.5258 - f1 0.4788 
INFO:root:TRAIN Total epoch time: 0.9989565790001507
INFO:root:################ VALID epoch 90 ###################
INFO:root:VALID mean losses tensor(1.7439)
INFO:root:VALID mean errors 0.6979244947433472
INFO:root:VALID mean MRR 0.0 - mean MAP 0.41572198271751404
INFO:root:VALID tp {0: tensor(1), 1: tensor(2415)},fn {0: tensor(5582), 1: tensor(0)},fp {0: tensor(0), 1: tensor(5582)}
INFO:root:VALID measures microavg - precision 0.3021 - recall 0.3021 - f1 0.3021 
INFO:root:VALID measures for class 0 - precision 1.0000 - recall 0.0002 - f1 0.0004 
INFO:root:VALID measures for class 1 - precision 0.3020 - recall 1.0000 - f1 0.4639 
INFO:root:VALID measures@10 microavg - precision 0.4667 - recall 0.0018 - f1 0.0035 
INFO:root:VALID measures@10 for class 0 - precision 0.0000 - recall 0.0000 - f1 0.0000 
INFO:root:VALID measures@10 for class 1 - precision 0.4667 - recall 0.0058 - f1 0.0115 
INFO:root:VALID measures@100 microavg - precision 0.4733 - recall 0.0178 - f1 0.0342 
INFO:root:VALID measures@100 for class 0 - precision 0.0000 - recall 0.0000 - f1 0.0000 
INFO:root:VALID measures@100 for class 1 - precision 0.4733 - recall 0.0588 - f1 0.1046 
INFO:root:VALID measures@1000 microavg - precision 0.4094 - recall 0.1540 - f1 0.2239 
INFO:root:VALID measures@1000 for class 0 - precision 0.7778 - recall 0.0013 - f1 0.0025 
INFO:root:VALID measures@1000 for class 1 - precision 0.4083 - recall 0.5072 - f1 0.4524 
INFO:root:VALID Total epoch time: 0.18453270899954077
INFO:root:################ TRAIN epoch 91 ###################
INFO:root:TRAIN mean losses tensor(1.7271)
INFO:root:TRAIN mean errors 0.6864528656005859
INFO:root:TRAIN mean MRR 0.0 - mean MAP 0.45287829637527466
INFO:root:TRAIN tp {0: tensor(0), 1: tensor(10031)},fn {0: tensor(21961), 1: tensor(0)},fp {0: tensor(0), 1: tensor(21961)}
INFO:root:TRAIN measures microavg - precision 0.3135 - recall 0.3135 - f1 0.3135 
INFO:root:TRAIN measures for class 0 - precision 0.0000 - recall 0.0000 - f1 0.0000 
INFO:root:TRAIN measures for class 1 - precision 0.3135 - recall 1.0000 - f1 0.4774 
INFO:root:TRAIN measures@10 microavg - precision 0.6417 - recall 0.0024 - f1 0.0048 
INFO:root:TRAIN measures@10 for class 0 - precision 0.0000 - recall 0.0000 - f1 0.0000 
INFO:root:TRAIN measures@10 for class 1 - precision 0.6417 - recall 0.0077 - f1 0.0152 
INFO:root:TRAIN measures@100 microavg - precision 0.5567 - recall 0.0209 - f1 0.0403 
INFO:root:TRAIN measures@100 for class 0 - precision 0.0000 - recall 0.0000 - f1 0.0000 
INFO:root:TRAIN measures@100 for class 1 - precision 0.5567 - recall 0.0666 - f1 0.1190 
INFO:root:TRAIN measures@1000 microavg - precision 0.4385 - recall 0.1651 - f1 0.2399 
INFO:root:TRAIN measures@1000 for class 0 - precision 0.9286 - recall 0.0018 - f1 0.0035 
INFO:root:TRAIN measures@1000 for class 1 - precision 0.4368 - recall 0.5226 - f1 0.4759 
INFO:root:TRAIN Total epoch time: 1.7072886109999672
INFO:root:################ VALID epoch 91 ###################
INFO:root:VALID mean losses tensor(1.7378)
INFO:root:VALID mean errors 0.6980494856834412
INFO:root:VALID mean MRR 0.0 - mean MAP 0.4204188287258148
INFO:root:VALID tp {0: tensor(0), 1: tensor(2415)},fn {0: tensor(5583), 1: tensor(0)},fp {0: tensor(0), 1: tensor(5583)}
INFO:root:VALID measures microavg - precision 0.3020 - recall 0.3020 - f1 0.3020 
INFO:root:VALID measures for class 0 - precision 0.0000 - recall 0.0000 - f1 0.0000 
INFO:root:VALID measures for class 1 - precision 0.3020 - recall 1.0000 - f1 0.4638 
INFO:root:VALID measures@10 microavg - precision 0.6667 - recall 0.0025 - f1 0.0050 
INFO:root:VALID measures@10 for class 0 - precision 0.0000 - recall 0.0000 - f1 0.0000 
INFO:root:VALID measures@10 for class 1 - precision 0.6667 - recall 0.0083 - f1 0.0164 
INFO:root:VALID measures@100 microavg - precision 0.5100 - recall 0.0191 - f1 0.0369 
INFO:root:VALID measures@100 for class 0 - precision 0.0000 - recall 0.0000 - f1 0.0000 
INFO:root:VALID measures@100 for class 1 - precision 0.5100 - recall 0.0634 - f1 0.1127 
INFO:root:VALID measures@1000 microavg - precision 0.4139 - recall 0.1563 - f1 0.2269 
INFO:root:VALID measures@1000 for class 0 - precision 0.9500 - recall 0.0034 - f1 0.0068 
INFO:root:VALID measures@1000 for class 1 - precision 0.4103 - recall 0.5097 - f1 0.4547 
INFO:root:VALID Total epoch time: 0.3596838570001637
INFO:root:################ TRAIN epoch 92 ###################
INFO:root:TRAIN mean losses tensor(1.7272)
INFO:root:TRAIN mean errors 0.6864216327667236
INFO:root:TRAIN mean MRR 0.0 - mean MAP 0.45146676898002625
INFO:root:TRAIN tp {0: tensor(1), 1: tensor(10031)},fn {0: tensor(21960), 1: tensor(0)},fp {0: tensor(0), 1: tensor(21960)}
INFO:root:TRAIN measures microavg - precision 0.3136 - recall 0.3136 - f1 0.3136 
INFO:root:TRAIN measures for class 0 - precision 1.0000 - recall 0.0000 - f1 0.0001 
INFO:root:TRAIN measures for class 1 - precision 0.3136 - recall 1.0000 - f1 0.4774 
INFO:root:TRAIN measures@10 microavg - precision 0.6333 - recall 0.0024 - f1 0.0047 
INFO:root:TRAIN measures@10 for class 0 - precision 0.0000 - recall 0.0000 - f1 0.0000 
INFO:root:TRAIN measures@10 for class 1 - precision 0.6333 - recall 0.0076 - f1 0.0150 
INFO:root:TRAIN measures@100 microavg - precision 0.5617 - recall 0.0211 - f1 0.0406 
INFO:root:TRAIN measures@100 for class 0 - precision 0.0000 - recall 0.0000 - f1 0.0000 
INFO:root:TRAIN measures@100 for class 1 - precision 0.5617 - recall 0.0672 - f1 0.1200 
INFO:root:TRAIN measures@1000 microavg - precision 0.4375 - recall 0.1646 - f1 0.2392 
INFO:root:TRAIN measures@1000 for class 0 - precision 0.9474 - recall 0.0016 - f1 0.0033 
INFO:root:TRAIN measures@1000 for class 1 - precision 0.4359 - recall 0.5215 - f1 0.4749 
INFO:root:TRAIN Total epoch time: 1.6974312599995756
INFO:root:################ VALID epoch 92 ###################
INFO:root:VALID mean losses tensor(1.7380)
INFO:root:VALID mean errors 0.6976743936538696
INFO:root:VALID mean MRR 0.0 - mean MAP 0.42048200964927673
INFO:root:VALID tp {0: tensor(4), 1: tensor(2414)},fn {0: tensor(5579), 1: tensor(1)},fp {0: tensor(1), 1: tensor(5579)}
INFO:root:VALID measures microavg - precision 0.3023 - recall 0.3023 - f1 0.3023 
INFO:root:VALID measures for class 0 - precision 0.8000 - recall 0.0007 - f1 0.0014 
INFO:root:VALID measures for class 1 - precision 0.3020 - recall 0.9996 - f1 0.4639 
INFO:root:VALID measures@10 microavg - precision 0.5333 - recall 0.0020 - f1 0.0040 
INFO:root:VALID measures@10 for class 0 - precision 0.0000 - recall 0.0000 - f1 0.0000 
INFO:root:VALID measures@10 for class 1 - precision 0.5333 - recall 0.0066 - f1 0.0131 
INFO:root:VALID measures@100 microavg - precision 0.5400 - recall 0.0203 - f1 0.0390 
INFO:root:VALID measures@100 for class 0 - precision 0.0000 - recall 0.0000 - f1 0.0000 
INFO:root:VALID measures@100 for class 1 - precision 0.5400 - recall 0.0671 - f1 0.1193 
INFO:root:VALID measures@1000 microavg - precision 0.4091 - recall 0.1539 - f1 0.2237 
INFO:root:VALID measures@1000 for class 0 - precision 0.8889 - recall 0.0014 - f1 0.0029 
INFO:root:VALID measures@1000 for class 1 - precision 0.4077 - recall 0.5064 - f1 0.4517 
INFO:root:VALID Total epoch time: 0.30077956300010555
INFO:root:################ TRAIN epoch 93 ###################
INFO:root:TRAIN mean losses tensor(1.7202)
INFO:root:TRAIN mean errors 0.6864216327667236
INFO:root:TRAIN mean MRR 0.0 - mean MAP 0.4560365676879883
INFO:root:TRAIN tp {0: tensor(2), 1: tensor(10030)},fn {0: tensor(21959), 1: tensor(1)},fp {0: tensor(1), 1: tensor(21959)}
INFO:root:TRAIN measures microavg - precision 0.3136 - recall 0.3136 - f1 0.3136 
INFO:root:TRAIN measures for class 0 - precision 0.6667 - recall 0.0001 - f1 0.0002 
INFO:root:TRAIN measures for class 1 - precision 0.3135 - recall 0.9999 - f1 0.4774 
INFO:root:TRAIN measures@10 microavg - precision 0.7500 - recall 0.0028 - f1 0.0056 
INFO:root:TRAIN measures@10 for class 0 - precision 0.0000 - recall 0.0000 - f1 0.0000 
INFO:root:TRAIN measures@10 for class 1 - precision 0.7500 - recall 0.0090 - f1 0.0177 
INFO:root:TRAIN measures@100 microavg - precision 0.5600 - recall 0.0210 - f1 0.0405 
INFO:root:TRAIN measures@100 for class 0 - precision 0.0000 - recall 0.0000 - f1 0.0000 
INFO:root:TRAIN measures@100 for class 1 - precision 0.5600 - recall 0.0670 - f1 0.1197 
INFO:root:TRAIN measures@1000 microavg - precision 0.4403 - recall 0.1658 - f1 0.2409 
INFO:root:TRAIN measures@1000 for class 0 - precision 0.8776 - recall 0.0020 - f1 0.0039 
INFO:root:TRAIN measures@1000 for class 1 - precision 0.4385 - recall 0.5246 - f1 0.4777 
INFO:root:TRAIN Total epoch time: 1.7117243430002418
INFO:root:################ VALID epoch 93 ###################
INFO:root:VALID mean losses tensor(1.7336)
INFO:root:VALID mean errors 0.6980494856834412
INFO:root:VALID mean MRR 0.0 - mean MAP 0.42155522108078003
INFO:root:VALID tp {0: tensor(1), 1: tensor(2414)},fn {0: tensor(5582), 1: tensor(1)},fp {0: tensor(1), 1: tensor(5582)}
INFO:root:VALID measures microavg - precision 0.3020 - recall 0.3020 - f1 0.3020 
INFO:root:VALID measures for class 0 - precision 0.5000 - recall 0.0002 - f1 0.0004 
INFO:root:VALID measures for class 1 - precision 0.3019 - recall 0.9996 - f1 0.4637 
INFO:root:VALID measures@10 microavg - precision 0.6333 - recall 0.0024 - f1 0.0047 
INFO:root:VALID measures@10 for class 0 - precision 0.0000 - recall 0.0000 - f1 0.0000 
INFO:root:VALID measures@10 for class 1 - precision 0.6333 - recall 0.0079 - f1 0.0155 
INFO:root:VALID measures@100 microavg - precision 0.5167 - recall 0.0194 - f1 0.0374 
INFO:root:VALID measures@100 for class 0 - precision 0.0000 - recall 0.0000 - f1 0.0000 
INFO:root:VALID measures@100 for class 1 - precision 0.5167 - recall 0.0642 - f1 0.1142 
INFO:root:VALID measures@1000 microavg - precision 0.4121 - recall 0.1548 - f1 0.2250 
INFO:root:VALID measures@1000 for class 0 - precision 1.0000 - recall 0.0007 - f1 0.0014 
INFO:root:VALID measures@1000 for class 1 - precision 0.4113 - recall 0.5110 - f1 0.4558 
INFO:root:VALID Total epoch time: 0.30507086200032063
INFO:root:################ TRAIN epoch 94 ###################
INFO:root:TRAIN mean losses tensor(1.7188)
INFO:root:TRAIN mean errors 0.6864840984344482
INFO:root:TRAIN mean MRR 0.0 - mean MAP 0.45847606658935547
INFO:root:TRAIN tp {0: tensor(0), 1: tensor(10030)},fn {0: tensor(21961), 1: tensor(1)},fp {0: tensor(1), 1: tensor(21961)}
INFO:root:TRAIN measures microavg - precision 0.3135 - recall 0.3135 - f1 0.3135 
INFO:root:TRAIN measures for class 0 - precision 0.0000 - recall 0.0000 - f1 0.0000 
INFO:root:TRAIN measures for class 1 - precision 0.3135 - recall 0.9999 - f1 0.4774 
INFO:root:TRAIN measures@10 microavg - precision 0.6833 - recall 0.0026 - f1 0.0051 
INFO:root:TRAIN measures@10 for class 0 - precision 0.0000 - recall 0.0000 - f1 0.0000 
INFO:root:TRAIN measures@10 for class 1 - precision 0.6833 - recall 0.0082 - f1 0.0162 
INFO:root:TRAIN measures@100 microavg - precision 0.5803 - recall 0.0218 - f1 0.0420 
INFO:root:TRAIN measures@100 for class 0 - precision 1.0000 - recall 0.0000 - f1 0.0001 
INFO:root:TRAIN measures@100 for class 1 - precision 0.5800 - recall 0.0694 - f1 0.1239 
INFO:root:TRAIN measures@1000 microavg - precision 0.4416 - recall 0.1664 - f1 0.2417 
INFO:root:TRAIN measures@1000 for class 0 - precision 0.9298 - recall 0.0024 - f1 0.0048 
INFO:root:TRAIN measures@1000 for class 1 - precision 0.4392 - recall 0.5255 - f1 0.4785 
INFO:root:TRAIN Total epoch time: 1.7203496120000636
INFO:root:################ VALID epoch 94 ###################
INFO:root:VALID mean losses tensor(1.7314)
INFO:root:VALID mean errors 0.6980494856834412
INFO:root:VALID mean MRR 0.0 - mean MAP 0.4215392768383026
INFO:root:VALID tp {0: tensor(0), 1: tensor(2415)},fn {0: tensor(5583), 1: tensor(0)},fp {0: tensor(0), 1: tensor(5583)}
INFO:root:VALID measures microavg - precision 0.3020 - recall 0.3020 - f1 0.3020 
INFO:root:VALID measures for class 0 - precision 0.0000 - recall 0.0000 - f1 0.0000 
INFO:root:VALID measures for class 1 - precision 0.3020 - recall 1.0000 - f1 0.4638 
INFO:root:VALID measures@10 microavg - precision 0.6000 - recall 0.0023 - f1 0.0045 
INFO:root:VALID measures@10 for class 0 - precision 0.0000 - recall 0.0000 - f1 0.0000 
INFO:root:VALID measures@10 for class 1 - precision 0.6000 - recall 0.0075 - f1 0.0147 
INFO:root:VALID measures@100 microavg - precision 0.5133 - recall 0.0193 - f1 0.0371 
INFO:root:VALID measures@100 for class 0 - precision 0.0000 - recall 0.0000 - f1 0.0000 
INFO:root:VALID measures@100 for class 1 - precision 0.5133 - recall 0.0638 - f1 0.1134 
INFO:root:VALID measures@1000 microavg - precision 0.4064 - recall 0.1529 - f1 0.2222 
INFO:root:VALID measures@1000 for class 0 - precision 1.0000 - recall 0.0016 - f1 0.0032 
INFO:root:VALID measures@1000 for class 1 - precision 0.4047 - recall 0.5027 - f1 0.4484 
INFO:root:VALID Total epoch time: 0.2997973319997982
INFO:root:################ TRAIN epoch 95 ###################
INFO:root:TRAIN mean losses tensor(1.7237)
INFO:root:TRAIN mean errors 0.6864528656005859
INFO:root:TRAIN mean MRR 0.0 - mean MAP 0.455486536026001
INFO:root:TRAIN tp {0: tensor(0), 1: tensor(10031)},fn {0: tensor(21961), 1: tensor(0)},fp {0: tensor(0), 1: tensor(21961)}
INFO:root:TRAIN measures microavg - precision 0.3135 - recall 0.3135 - f1 0.3135 
INFO:root:TRAIN measures for class 0 - precision 0.0000 - recall 0.0000 - f1 0.0000 
INFO:root:TRAIN measures for class 1 - precision 0.3135 - recall 1.0000 - f1 0.4774 
INFO:root:TRAIN measures@10 microavg - precision 0.7083 - recall 0.0027 - f1 0.0053 
INFO:root:TRAIN measures@10 for class 0 - precision 0.0000 - recall 0.0000 - f1 0.0000 
INFO:root:TRAIN measures@10 for class 1 - precision 0.7083 - recall 0.0085 - f1 0.0167 
INFO:root:TRAIN measures@100 microavg - precision 0.5667 - recall 0.0213 - f1 0.0410 
INFO:root:TRAIN measures@100 for class 0 - precision 0.0000 - recall 0.0000 - f1 0.0000 
INFO:root:TRAIN measures@100 for class 1 - precision 0.5667 - recall 0.0678 - f1 0.1211 
INFO:root:TRAIN measures@1000 microavg - precision 0.4393 - recall 0.1655 - f1 0.2404 
INFO:root:TRAIN measures@1000 for class 0 - precision 0.9200 - recall 0.0021 - f1 0.0042 
INFO:root:TRAIN measures@1000 for class 1 - precision 0.4373 - recall 0.5232 - f1 0.4764 
INFO:root:TRAIN Total epoch time: 1.6953178599997045
INFO:root:################ VALID epoch 95 ###################
INFO:root:VALID mean losses tensor(1.7397)
INFO:root:VALID mean errors 0.6980494856834412
INFO:root:VALID mean MRR 0.0 - mean MAP 0.41717803478240967
INFO:root:VALID tp {0: tensor(0), 1: tensor(2415)},fn {0: tensor(5583), 1: tensor(0)},fp {0: tensor(0), 1: tensor(5583)}
INFO:root:VALID measures microavg - precision 0.3020 - recall 0.3020 - f1 0.3020 
INFO:root:VALID measures for class 0 - precision 0.0000 - recall 0.0000 - f1 0.0000 
INFO:root:VALID measures for class 1 - precision 0.3020 - recall 1.0000 - f1 0.4638 
INFO:root:VALID measures@10 microavg - precision 0.6667 - recall 0.0025 - f1 0.0050 
INFO:root:VALID measures@10 for class 0 - precision 0.0000 - recall 0.0000 - f1 0.0000 
INFO:root:VALID measures@10 for class 1 - precision 0.6667 - recall 0.0083 - f1 0.0164 
INFO:root:VALID measures@100 microavg - precision 0.5467 - recall 0.0205 - f1 0.0395 
INFO:root:VALID measures@100 for class 0 - precision 0.0000 - recall 0.0000 - f1 0.0000 
INFO:root:VALID measures@100 for class 1 - precision 0.5467 - recall 0.0679 - f1 0.1208 
INFO:root:VALID measures@1000 microavg - precision 0.4086 - recall 0.1539 - f1 0.2236 
INFO:root:VALID measures@1000 for class 0 - precision 0.8462 - recall 0.0020 - f1 0.0039 
INFO:root:VALID measures@1000 for class 1 - precision 0.4067 - recall 0.5052 - f1 0.4506 
INFO:root:VALID Total epoch time: 0.3061532519996035
INFO:root:################ TRAIN epoch 96 ###################
INFO:root:TRAIN mean losses tensor(1.7255)
INFO:root:TRAIN mean errors 0.6864528656005859
INFO:root:TRAIN mean MRR 0.0 - mean MAP 0.45130687952041626
INFO:root:TRAIN tp {0: tensor(0), 1: tensor(10031)},fn {0: tensor(21961), 1: tensor(0)},fp {0: tensor(0), 1: tensor(21961)}
INFO:root:TRAIN measures microavg - precision 0.3135 - recall 0.3135 - f1 0.3135 
INFO:root:TRAIN measures for class 0 - precision 0.0000 - recall 0.0000 - f1 0.0000 
INFO:root:TRAIN measures for class 1 - precision 0.3135 - recall 1.0000 - f1 0.4774 
INFO:root:TRAIN measures@10 microavg - precision 0.7000 - recall 0.0026 - f1 0.0052 
INFO:root:TRAIN measures@10 for class 0 - precision 0.0000 - recall 0.0000 - f1 0.0000 
INFO:root:TRAIN measures@10 for class 1 - precision 0.7000 - recall 0.0084 - f1 0.0166 
INFO:root:TRAIN measures@100 microavg - precision 0.5617 - recall 0.0211 - f1 0.0406 
INFO:root:TRAIN measures@100 for class 0 - precision 0.0000 - recall 0.0000 - f1 0.0000 
INFO:root:TRAIN measures@100 for class 1 - precision 0.5617 - recall 0.0672 - f1 0.1200 
INFO:root:TRAIN measures@1000 microavg - precision 0.4392 - recall 0.1654 - f1 0.2403 
INFO:root:TRAIN measures@1000 for class 0 - precision 0.8864 - recall 0.0018 - f1 0.0035 
INFO:root:TRAIN measures@1000 for class 1 - precision 0.4376 - recall 0.5235 - f1 0.4767 
INFO:root:TRAIN Total epoch time: 1.8485203089994684
INFO:root:################ VALID epoch 96 ###################
INFO:root:VALID mean losses tensor(1.7360)
INFO:root:VALID mean errors 0.6980494856834412
INFO:root:VALID mean MRR 0.0 - mean MAP 0.42111438512802124
INFO:root:VALID tp {0: tensor(0), 1: tensor(2415)},fn {0: tensor(5583), 1: tensor(0)},fp {0: tensor(0), 1: tensor(5583)}
INFO:root:VALID measures microavg - precision 0.3020 - recall 0.3020 - f1 0.3020 
INFO:root:VALID measures for class 0 - precision 0.0000 - recall 0.0000 - f1 0.0000 
INFO:root:VALID measures for class 1 - precision 0.3020 - recall 1.0000 - f1 0.4638 
INFO:root:VALID measures@10 microavg - precision 0.7333 - recall 0.0028 - f1 0.0055 
INFO:root:VALID measures@10 for class 0 - precision 0.0000 - recall 0.0000 - f1 0.0000 
INFO:root:VALID measures@10 for class 1 - precision 0.7333 - recall 0.0091 - f1 0.0180 
INFO:root:VALID measures@100 microavg - precision 0.5167 - recall 0.0194 - f1 0.0374 
INFO:root:VALID measures@100 for class 0 - precision 0.0000 - recall 0.0000 - f1 0.0000 
INFO:root:VALID measures@100 for class 1 - precision 0.5167 - recall 0.0642 - f1 0.1142 
INFO:root:VALID measures@1000 microavg - precision 0.4043 - recall 0.1524 - f1 0.2214 
INFO:root:VALID measures@1000 for class 0 - precision 0.9333 - recall 0.0025 - f1 0.0050 
INFO:root:VALID measures@1000 for class 1 - precision 0.4017 - recall 0.4990 - f1 0.4451 
INFO:root:VALID Total epoch time: 0.3128983650003647
INFO:root:################ TRAIN epoch 97 ###################
INFO:root:TRAIN mean losses tensor(1.7232)
INFO:root:TRAIN mean errors 0.6863591074943542
INFO:root:TRAIN mean MRR 0.0 - mean MAP 0.4565824568271637
INFO:root:TRAIN tp {0: tensor(3), 1: tensor(10031)},fn {0: tensor(21958), 1: tensor(0)},fp {0: tensor(0), 1: tensor(21958)}
INFO:root:TRAIN measures microavg - precision 0.3136 - recall 0.3136 - f1 0.3136 
INFO:root:TRAIN measures for class 0 - precision 1.0000 - recall 0.0001 - f1 0.0003 
INFO:root:TRAIN measures for class 1 - precision 0.3136 - recall 1.0000 - f1 0.4774 
INFO:root:TRAIN measures@10 microavg - precision 0.7667 - recall 0.0029 - f1 0.0057 
INFO:root:TRAIN measures@10 for class 0 - precision 0.0000 - recall 0.0000 - f1 0.0000 
INFO:root:TRAIN measures@10 for class 1 - precision 0.7667 - recall 0.0092 - f1 0.0181 
INFO:root:TRAIN measures@100 microavg - precision 0.5750 - recall 0.0216 - f1 0.0416 
INFO:root:TRAIN measures@100 for class 0 - precision 0.0000 - recall 0.0000 - f1 0.0000 
INFO:root:TRAIN measures@100 for class 1 - precision 0.5750 - recall 0.0688 - f1 0.1229 
INFO:root:TRAIN measures@1000 microavg - precision 0.4403 - recall 0.1658 - f1 0.2409 
INFO:root:TRAIN measures@1000 for class 0 - precision 0.8723 - recall 0.0019 - f1 0.0037 
INFO:root:TRAIN measures@1000 for class 1 - precision 0.4386 - recall 0.5247 - f1 0.4778 
INFO:root:TRAIN Total epoch time: 1.6908116670001618
INFO:root:################ VALID epoch 97 ###################
INFO:root:VALID mean losses tensor(1.7358)
INFO:root:VALID mean errors 0.6979244947433472
INFO:root:VALID mean MRR 0.0 - mean MAP 0.41652268171310425
INFO:root:VALID tp {0: tensor(1), 1: tensor(2415)},fn {0: tensor(5582), 1: tensor(0)},fp {0: tensor(0), 1: tensor(5582)}
INFO:root:VALID measures microavg - precision 0.3021 - recall 0.3021 - f1 0.3021 
INFO:root:VALID measures for class 0 - precision 1.0000 - recall 0.0002 - f1 0.0004 
INFO:root:VALID measures for class 1 - precision 0.3020 - recall 1.0000 - f1 0.4639 
INFO:root:VALID measures@10 microavg - precision 0.5667 - recall 0.0021 - f1 0.0042 
INFO:root:VALID measures@10 for class 0 - precision 0.0000 - recall 0.0000 - f1 0.0000 
INFO:root:VALID measures@10 for class 1 - precision 0.5667 - recall 0.0070 - f1 0.0139 
INFO:root:VALID measures@100 microavg - precision 0.5133 - recall 0.0193 - f1 0.0371 
INFO:root:VALID measures@100 for class 0 - precision 0.0000 - recall 0.0000 - f1 0.0000 
INFO:root:VALID measures@100 for class 1 - precision 0.5133 - recall 0.0638 - f1 0.1134 
INFO:root:VALID measures@1000 microavg - precision 0.4140 - recall 0.1558 - f1 0.2264 
INFO:root:VALID measures@1000 for class 0 - precision 1.0000 - recall 0.0018 - f1 0.0036 
INFO:root:VALID measures@1000 for class 1 - precision 0.4120 - recall 0.5118 - f1 0.4565 
INFO:root:VALID Total epoch time: 0.29800340499969025
INFO:root:################ TRAIN epoch 98 ###################
INFO:root:TRAIN mean losses tensor(1.7204)
INFO:root:TRAIN mean errors 0.6864216327667236
INFO:root:TRAIN mean MRR 0.0 - mean MAP 0.46042048931121826
INFO:root:TRAIN tp {0: tensor(3), 1: tensor(10029)},fn {0: tensor(21958), 1: tensor(2)},fp {0: tensor(2), 1: tensor(21958)}
INFO:root:TRAIN measures microavg - precision 0.3136 - recall 0.3136 - f1 0.3136 
INFO:root:TRAIN measures for class 0 - precision 0.6000 - recall 0.0001 - f1 0.0003 
INFO:root:TRAIN measures for class 1 - precision 0.3135 - recall 0.9998 - f1 0.4774 
INFO:root:TRAIN measures@10 microavg - precision 0.7417 - recall 0.0028 - f1 0.0055 
INFO:root:TRAIN measures@10 for class 0 - precision 0.0000 - recall 0.0000 - f1 0.0000 
INFO:root:TRAIN measures@10 for class 1 - precision 0.7417 - recall 0.0089 - f1 0.0175 
INFO:root:TRAIN measures@100 microavg - precision 0.5808 - recall 0.0218 - f1 0.0420 
INFO:root:TRAIN measures@100 for class 0 - precision 0.0000 - recall 0.0000 - f1 0.0000 
INFO:root:TRAIN measures@100 for class 1 - precision 0.5808 - recall 0.0695 - f1 0.1241 
INFO:root:TRAIN measures@1000 microavg - precision 0.4414 - recall 0.1661 - f1 0.2414 
INFO:root:TRAIN measures@1000 for class 0 - precision 0.8500 - recall 0.0015 - f1 0.0031 
INFO:root:TRAIN measures@1000 for class 1 - precision 0.4401 - recall 0.5265 - f1 0.4794 
INFO:root:TRAIN Total epoch time: 2.149990791000164
INFO:root:################ VALID epoch 98 ###################
INFO:root:VALID mean losses tensor(1.7364)
INFO:root:VALID mean errors 0.6980494856834412
INFO:root:VALID mean MRR 0.0 - mean MAP 0.41990116238594055
INFO:root:VALID tp {0: tensor(0), 1: tensor(2415)},fn {0: tensor(5583), 1: tensor(0)},fp {0: tensor(0), 1: tensor(5583)}
INFO:root:VALID measures microavg - precision 0.3020 - recall 0.3020 - f1 0.3020 
INFO:root:VALID measures for class 0 - precision 0.0000 - recall 0.0000 - f1 0.0000 
INFO:root:VALID measures for class 1 - precision 0.3020 - recall 1.0000 - f1 0.4638 
INFO:root:VALID measures@10 microavg - precision 0.5000 - recall 0.0019 - f1 0.0037 
INFO:root:VALID measures@10 for class 0 - precision 0.0000 - recall 0.0000 - f1 0.0000 
INFO:root:VALID measures@10 for class 1 - precision 0.5000 - recall 0.0062 - f1 0.0123 
INFO:root:VALID measures@100 microavg - precision 0.5267 - recall 0.0198 - f1 0.0381 
INFO:root:VALID measures@100 for class 0 - precision 0.0000 - recall 0.0000 - f1 0.0000 
INFO:root:VALID measures@100 for class 1 - precision 0.5267 - recall 0.0654 - f1 0.1164 
INFO:root:VALID measures@1000 microavg - precision 0.4090 - recall 0.1538 - f1 0.2235 
INFO:root:VALID measures@1000 for class 0 - precision 1.0000 - recall 0.0013 - f1 0.0025 
INFO:root:VALID measures@1000 for class 1 - precision 0.4077 - recall 0.5064 - f1 0.4517 
INFO:root:VALID Total epoch time: 0.3389284069999121
INFO:root:################ TRAIN epoch 99 ###################
INFO:root:TRAIN mean losses tensor(1.7235)
INFO:root:TRAIN mean errors 0.6864528656005859
INFO:root:TRAIN mean MRR 0.0 - mean MAP 0.4534248113632202
INFO:root:TRAIN tp {0: tensor(0), 1: tensor(10031)},fn {0: tensor(21961), 1: tensor(0)},fp {0: tensor(0), 1: tensor(21961)}
INFO:root:TRAIN measures microavg - precision 0.3135 - recall 0.3135 - f1 0.3135 
INFO:root:TRAIN measures for class 0 - precision 0.0000 - recall 0.0000 - f1 0.0000 
INFO:root:TRAIN measures for class 1 - precision 0.3135 - recall 1.0000 - f1 0.4774 
INFO:root:TRAIN measures@10 microavg - precision 0.6500 - recall 0.0024 - f1 0.0049 
INFO:root:TRAIN measures@10 for class 0 - precision 0.0000 - recall 0.0000 - f1 0.0000 
INFO:root:TRAIN measures@10 for class 1 - precision 0.6500 - recall 0.0078 - f1 0.0154 
INFO:root:TRAIN measures@100 microavg - precision 0.5642 - recall 0.0212 - f1 0.0408 
INFO:root:TRAIN measures@100 for class 0 - precision 0.0000 - recall 0.0000 - f1 0.0000 
INFO:root:TRAIN measures@100 for class 1 - precision 0.5642 - recall 0.0675 - f1 0.1206 
INFO:root:TRAIN measures@1000 microavg - precision 0.4436 - recall 0.1672 - f1 0.2429 
INFO:root:TRAIN measures@1000 for class 0 - precision 0.8852 - recall 0.0025 - f1 0.0049 
INFO:root:TRAIN measures@1000 for class 1 - precision 0.4413 - recall 0.5280 - f1 0.4808 
INFO:root:TRAIN Total epoch time: 1.9053540320001048
INFO:root:################ VALID epoch 99 ###################
INFO:root:VALID mean losses tensor(1.7360)
INFO:root:VALID mean errors 0.6980494856834412
INFO:root:VALID mean MRR 0.0 - mean MAP 0.41971513628959656
INFO:root:VALID tp {0: tensor(0), 1: tensor(2415)},fn {0: tensor(5583), 1: tensor(0)},fp {0: tensor(0), 1: tensor(5583)}
INFO:root:VALID measures microavg - precision 0.3020 - recall 0.3020 - f1 0.3020 
INFO:root:VALID measures for class 0 - precision 0.0000 - recall 0.0000 - f1 0.0000 
INFO:root:VALID measures for class 1 - precision 0.3020 - recall 1.0000 - f1 0.4638 
INFO:root:VALID measures@10 microavg - precision 0.4667 - recall 0.0018 - f1 0.0035 
INFO:root:VALID measures@10 for class 0 - precision 0.0000 - recall 0.0000 - f1 0.0000 
INFO:root:VALID measures@10 for class 1 - precision 0.4667 - recall 0.0058 - f1 0.0115 
INFO:root:VALID measures@100 microavg - precision 0.5000 - recall 0.0188 - f1 0.0362 
INFO:root:VALID measures@100 for class 0 - precision 0.0000 - recall 0.0000 - f1 0.0000 
INFO:root:VALID measures@100 for class 1 - precision 0.5000 - recall 0.0621 - f1 0.1105 
INFO:root:VALID measures@1000 microavg - precision 0.4195 - recall 0.1587 - f1 0.2302 
INFO:root:VALID measures@1000 for class 0 - precision 0.9600 - recall 0.0043 - f1 0.0086 
INFO:root:VALID measures@1000 for class 1 - precision 0.4150 - recall 0.5155 - f1 0.4598 
INFO:root:VALID Total epoch time: 0.32737771200027055
INFO:root:################ TRAIN epoch 100 ###################
INFO:root:TRAIN mean losses tensor(1.7230)
INFO:root:TRAIN mean errors 0.6864528656005859
INFO:root:TRAIN mean MRR 0.0 - mean MAP 0.45401114225387573
INFO:root:TRAIN tp {0: tensor(0), 1: tensor(10031)},fn {0: tensor(21961), 1: tensor(0)},fp {0: tensor(0), 1: tensor(21961)}
INFO:root:TRAIN measures microavg - precision 0.3135 - recall 0.3135 - f1 0.3135 
INFO:root:TRAIN measures for class 0 - precision 0.0000 - recall 0.0000 - f1 0.0000 
INFO:root:TRAIN measures for class 1 - precision 0.3135 - recall 1.0000 - f1 0.4774 
INFO:root:TRAIN measures@10 microavg - precision 0.6500 - recall 0.0024 - f1 0.0049 
INFO:root:TRAIN measures@10 for class 0 - precision 0.0000 - recall 0.0000 - f1 0.0000 
INFO:root:TRAIN measures@10 for class 1 - precision 0.6500 - recall 0.0078 - f1 0.0154 
INFO:root:TRAIN measures@100 microavg - precision 0.5692 - recall 0.0213 - f1 0.0412 
INFO:root:TRAIN measures@100 for class 0 - precision 0.0000 - recall 0.0000 - f1 0.0000 
INFO:root:TRAIN measures@100 for class 1 - precision 0.5692 - recall 0.0681 - f1 0.1216 
INFO:root:TRAIN measures@1000 microavg - precision 0.4441 - recall 0.1674 - f1 0.2432 
INFO:root:TRAIN measures@1000 for class 0 - precision 0.9661 - recall 0.0026 - f1 0.0052 
INFO:root:TRAIN measures@1000 for class 1 - precision 0.4416 - recall 0.5283 - f1 0.4810 
INFO:root:TRAIN Total epoch time: 1.853266822000478
INFO:root:################ VALID epoch 100 ###################
INFO:root:VALID mean losses tensor(1.7328)
INFO:root:VALID mean errors 0.6980494856834412
INFO:root:VALID mean MRR 0.0 - mean MAP 0.420612096786499
INFO:root:VALID tp {0: tensor(0), 1: tensor(2415)},fn {0: tensor(5583), 1: tensor(0)},fp {0: tensor(0), 1: tensor(5583)}
INFO:root:VALID measures microavg - precision 0.3020 - recall 0.3020 - f1 0.3020 
INFO:root:VALID measures for class 0 - precision 0.0000 - recall 0.0000 - f1 0.0000 
INFO:root:VALID measures for class 1 - precision 0.3020 - recall 1.0000 - f1 0.4638 
INFO:root:VALID measures@10 microavg - precision 0.5667 - recall 0.0021 - f1 0.0042 
INFO:root:VALID measures@10 for class 0 - precision 0.0000 - recall 0.0000 - f1 0.0000 
INFO:root:VALID measures@10 for class 1 - precision 0.5667 - recall 0.0070 - f1 0.0139 
INFO:root:VALID measures@100 microavg - precision 0.4900 - recall 0.0184 - f1 0.0354 
INFO:root:VALID measures@100 for class 0 - precision 0.0000 - recall 0.0000 - f1 0.0000 
INFO:root:VALID measures@100 for class 1 - precision 0.4900 - recall 0.0609 - f1 0.1083 
INFO:root:VALID measures@1000 microavg - precision 0.4123 - recall 0.1557 - f1 0.2260 
INFO:root:VALID measures@1000 for class 0 - precision 0.9500 - recall 0.0034 - f1 0.0068 
INFO:root:VALID measures@1000 for class 1 - precision 0.4087 - recall 0.5077 - f1 0.4528 
INFO:root:VALID Total epoch time: 0.3018279269999766
INFO:root:################ TRAIN epoch 101 ###################
INFO:root:TRAIN mean losses tensor(1.7202)
INFO:root:TRAIN mean errors 0.6864528656005859
INFO:root:TRAIN mean MRR 0.0 - mean MAP 0.45689746737480164
INFO:root:TRAIN tp {0: tensor(0), 1: tensor(10031)},fn {0: tensor(21961), 1: tensor(0)},fp {0: tensor(0), 1: tensor(21961)}
INFO:root:TRAIN measures microavg - precision 0.3135 - recall 0.3135 - f1 0.3135 
INFO:root:TRAIN measures for class 0 - precision 0.0000 - recall 0.0000 - f1 0.0000 
INFO:root:TRAIN measures for class 1 - precision 0.3135 - recall 1.0000 - f1 0.4774 
INFO:root:TRAIN measures@10 microavg - precision 0.6417 - recall 0.0024 - f1 0.0048 
INFO:root:TRAIN measures@10 for class 0 - precision 0.0000 - recall 0.0000 - f1 0.0000 
INFO:root:TRAIN measures@10 for class 1 - precision 0.6417 - recall 0.0077 - f1 0.0152 
INFO:root:TRAIN measures@100 microavg - precision 0.5667 - recall 0.0213 - f1 0.0410 
INFO:root:TRAIN measures@100 for class 0 - precision 0.0000 - recall 0.0000 - f1 0.0000 
INFO:root:TRAIN measures@100 for class 1 - precision 0.5667 - recall 0.0678 - f1 0.1211 
INFO:root:TRAIN measures@1000 microavg - precision 0.4433 - recall 0.1670 - f1 0.2426 
INFO:root:TRAIN measures@1000 for class 0 - precision 0.9643 - recall 0.0025 - f1 0.0049 
INFO:root:TRAIN measures@1000 for class 1 - precision 0.4408 - recall 0.5274 - f1 0.4802 
INFO:root:TRAIN Total epoch time: 1.6874698880001233
INFO:root:################ VALID epoch 101 ###################
INFO:root:VALID mean losses tensor(1.7333)
INFO:root:VALID mean errors 0.6980494856834412
INFO:root:VALID mean MRR 0.0 - mean MAP 0.42000237107276917
INFO:root:VALID tp {0: tensor(0), 1: tensor(2415)},fn {0: tensor(5583), 1: tensor(0)},fp {0: tensor(0), 1: tensor(5583)}
INFO:root:VALID measures microavg - precision 0.3020 - recall 0.3020 - f1 0.3020 
INFO:root:VALID measures for class 0 - precision 0.0000 - recall 0.0000 - f1 0.0000 
INFO:root:VALID measures for class 1 - precision 0.3020 - recall 1.0000 - f1 0.4638 
INFO:root:VALID measures@10 microavg - precision 0.4667 - recall 0.0018 - f1 0.0035 
INFO:root:VALID measures@10 for class 0 - precision 0.0000 - recall 0.0000 - f1 0.0000 
INFO:root:VALID measures@10 for class 1 - precision 0.4667 - recall 0.0058 - f1 0.0115 
INFO:root:VALID measures@100 microavg - precision 0.5200 - recall 0.0195 - f1 0.0376 
INFO:root:VALID measures@100 for class 0 - precision 0.0000 - recall 0.0000 - f1 0.0000 
INFO:root:VALID measures@100 for class 1 - precision 0.5200 - recall 0.0646 - f1 0.1149 
INFO:root:VALID measures@1000 microavg - precision 0.4125 - recall 0.1557 - f1 0.2260 
INFO:root:VALID measures@1000 for class 0 - precision 1.0000 - recall 0.0032 - f1 0.0064 
INFO:root:VALID measures@1000 for class 1 - precision 0.4090 - recall 0.5081 - f1 0.4532 
INFO:root:VALID Total epoch time: 0.30212975300037215
INFO:root:################ TRAIN epoch 102 ###################
INFO:root:TRAIN mean losses tensor(1.7220)
INFO:root:TRAIN mean errors 0.6864528656005859
INFO:root:TRAIN mean MRR 0.0 - mean MAP 0.45557308197021484
INFO:root:TRAIN tp {0: tensor(0), 1: tensor(10031)},fn {0: tensor(21961), 1: tensor(0)},fp {0: tensor(0), 1: tensor(21961)}
INFO:root:TRAIN measures microavg - precision 0.3135 - recall 0.3135 - f1 0.3135 
INFO:root:TRAIN measures for class 0 - precision 0.0000 - recall 0.0000 - f1 0.0000 
INFO:root:TRAIN measures for class 1 - precision 0.3135 - recall 1.0000 - f1 0.4774 
INFO:root:TRAIN measures@10 microavg - precision 0.6917 - recall 0.0026 - f1 0.0052 
INFO:root:TRAIN measures@10 for class 0 - precision 0.0000 - recall 0.0000 - f1 0.0000 
INFO:root:TRAIN measures@10 for class 1 - precision 0.6917 - recall 0.0083 - f1 0.0164 
INFO:root:TRAIN measures@100 microavg - precision 0.5575 - recall 0.0209 - f1 0.0403 
INFO:root:TRAIN measures@100 for class 0 - precision 0.0000 - recall 0.0000 - f1 0.0000 
INFO:root:TRAIN measures@100 for class 1 - precision 0.5575 - recall 0.0667 - f1 0.1191 
INFO:root:TRAIN measures@1000 microavg - precision 0.4434 - recall 0.1672 - f1 0.2429 
INFO:root:TRAIN measures@1000 for class 0 - precision 0.9254 - recall 0.0028 - f1 0.0056 
INFO:root:TRAIN measures@1000 for class 1 - precision 0.4407 - recall 0.5272 - f1 0.4801 
INFO:root:TRAIN Total epoch time: 1.6957781880000766
INFO:root:################ VALID epoch 102 ###################
INFO:root:VALID mean losses tensor(1.7358)
INFO:root:VALID mean errors 0.6980494856834412
INFO:root:VALID mean MRR 0.0 - mean MAP 0.4200696051120758
INFO:root:VALID tp {0: tensor(0), 1: tensor(2415)},fn {0: tensor(5583), 1: tensor(0)},fp {0: tensor(0), 1: tensor(5583)}
INFO:root:VALID measures microavg - precision 0.3020 - recall 0.3020 - f1 0.3020 
INFO:root:VALID measures for class 0 - precision 0.0000 - recall 0.0000 - f1 0.0000 
INFO:root:VALID measures for class 1 - precision 0.3020 - recall 1.0000 - f1 0.4638 
INFO:root:VALID measures@10 microavg - precision 0.7000 - recall 0.0026 - f1 0.0052 
INFO:root:VALID measures@10 for class 0 - precision 0.0000 - recall 0.0000 - f1 0.0000 
INFO:root:VALID measures@10 for class 1 - precision 0.7000 - recall 0.0087 - f1 0.0172 
INFO:root:VALID measures@100 microavg - precision 0.4900 - recall 0.0184 - f1 0.0354 
INFO:root:VALID measures@100 for class 0 - precision 0.0000 - recall 0.0000 - f1 0.0000 
INFO:root:VALID measures@100 for class 1 - precision 0.4900 - recall 0.0609 - f1 0.1083 
INFO:root:VALID measures@1000 microavg - precision 0.4191 - recall 0.1587 - f1 0.2302 
INFO:root:VALID measures@1000 for class 0 - precision 0.9643 - recall 0.0048 - f1 0.0096 
INFO:root:VALID measures@1000 for class 1 - precision 0.4140 - recall 0.5143 - f1 0.4587 
INFO:root:VALID Total epoch time: 0.3010388940001576
INFO:root:################ TRAIN epoch 103 ###################
INFO:root:TRAIN mean losses tensor(1.7204)
INFO:root:TRAIN mean errors 0.6864528656005859
INFO:root:TRAIN mean MRR 0.0 - mean MAP 0.4565327763557434
INFO:root:TRAIN tp {0: tensor(0), 1: tensor(10031)},fn {0: tensor(21961), 1: tensor(0)},fp {0: tensor(0), 1: tensor(21961)}
INFO:root:TRAIN measures microavg - precision 0.3135 - recall 0.3135 - f1 0.3135 
INFO:root:TRAIN measures for class 0 - precision 0.0000 - recall 0.0000 - f1 0.0000 
INFO:root:TRAIN measures for class 1 - precision 0.3135 - recall 1.0000 - f1 0.4774 
INFO:root:TRAIN measures@10 microavg - precision 0.6417 - recall 0.0024 - f1 0.0048 
INFO:root:TRAIN measures@10 for class 0 - precision 0.0000 - recall 0.0000 - f1 0.0000 
INFO:root:TRAIN measures@10 for class 1 - precision 0.6417 - recall 0.0077 - f1 0.0152 
INFO:root:TRAIN measures@100 microavg - precision 0.5683 - recall 0.0213 - f1 0.0411 
INFO:root:TRAIN measures@100 for class 0 - precision 0.0000 - recall 0.0000 - f1 0.0000 
INFO:root:TRAIN measures@100 for class 1 - precision 0.5683 - recall 0.0680 - f1 0.1214 
INFO:root:TRAIN measures@1000 microavg - precision 0.4468 - recall 0.1695 - f1 0.2458 
INFO:root:TRAIN measures@1000 for class 0 - precision 0.9007 - recall 0.0058 - f1 0.0115 
INFO:root:TRAIN measures@1000 for class 1 - precision 0.4414 - recall 0.5281 - f1 0.4809 
INFO:root:TRAIN Total epoch time: 1.6786733019998792
INFO:root:################ VALID epoch 103 ###################
INFO:root:VALID mean losses tensor(1.7429)
INFO:root:VALID mean errors 0.6980494856834412
INFO:root:VALID mean MRR 0.0 - mean MAP 0.41262713074684143
INFO:root:VALID tp {0: tensor(0), 1: tensor(2415)},fn {0: tensor(5583), 1: tensor(0)},fp {0: tensor(0), 1: tensor(5583)}
INFO:root:VALID measures microavg - precision 0.3020 - recall 0.3020 - f1 0.3020 
INFO:root:VALID measures for class 0 - precision 0.0000 - recall 0.0000 - f1 0.0000 
INFO:root:VALID measures for class 1 - precision 0.3020 - recall 1.0000 - f1 0.4638 
INFO:root:VALID measures@10 microavg - precision 0.5000 - recall 0.0019 - f1 0.0037 
INFO:root:VALID measures@10 for class 0 - precision 0.0000 - recall 0.0000 - f1 0.0000 
INFO:root:VALID measures@10 for class 1 - precision 0.5000 - recall 0.0062 - f1 0.0123 
INFO:root:VALID measures@100 microavg - precision 0.5200 - recall 0.0195 - f1 0.0376 
INFO:root:VALID measures@100 for class 0 - precision 0.0000 - recall 0.0000 - f1 0.0000 
INFO:root:VALID measures@100 for class 1 - precision 0.5200 - recall 0.0646 - f1 0.1149 
INFO:root:VALID measures@1000 microavg - precision 0.4096 - recall 0.1554 - f1 0.2253 
INFO:root:VALID measures@1000 for class 0 - precision 0.9143 - recall 0.0057 - f1 0.0114 
INFO:root:VALID measures@1000 for class 1 - precision 0.4037 - recall 0.5014 - f1 0.4473 
INFO:root:VALID Total epoch time: 0.3009868449998976
INFO:root:################ TRAIN epoch 104 ###################
INFO:root:TRAIN mean losses tensor(1.7146)
INFO:root:TRAIN mean errors 0.6864528656005859
INFO:root:TRAIN mean MRR 0.0 - mean MAP 0.4639925956726074
INFO:root:TRAIN tp {0: tensor(0), 1: tensor(10031)},fn {0: tensor(21961), 1: tensor(0)},fp {0: tensor(0), 1: tensor(21961)}
INFO:root:TRAIN measures microavg - precision 0.3135 - recall 0.3135 - f1 0.3135 
INFO:root:TRAIN measures for class 0 - precision 0.0000 - recall 0.0000 - f1 0.0000 
INFO:root:TRAIN measures for class 1 - precision 0.3135 - recall 1.0000 - f1 0.4774 
INFO:root:TRAIN measures@10 microavg - precision 0.7417 - recall 0.0028 - f1 0.0055 
INFO:root:TRAIN measures@10 for class 0 - precision 0.0000 - recall 0.0000 - f1 0.0000 
INFO:root:TRAIN measures@10 for class 1 - precision 0.7417 - recall 0.0089 - f1 0.0175 
INFO:root:TRAIN measures@100 microavg - precision 0.5892 - recall 0.0221 - f1 0.0426 
INFO:root:TRAIN measures@100 for class 0 - precision 0.0000 - recall 0.0000 - f1 0.0000 
INFO:root:TRAIN measures@100 for class 1 - precision 0.5892 - recall 0.0705 - f1 0.1259 
INFO:root:TRAIN measures@1000 microavg - precision 0.4484 - recall 0.1701 - f1 0.2466 
INFO:root:TRAIN measures@1000 for class 0 - precision 0.9265 - recall 0.0057 - f1 0.0114 
INFO:root:TRAIN measures@1000 for class 1 - precision 0.4430 - recall 0.5300 - f1 0.4826 
INFO:root:TRAIN Total epoch time: 1.6964342000001125
INFO:root:################ VALID epoch 104 ###################
INFO:root:VALID mean losses tensor(1.7314)
INFO:root:VALID mean errors 0.6980494856834412
INFO:root:VALID mean MRR 0.0 - mean MAP 0.41980019211769104
INFO:root:VALID tp {0: tensor(0), 1: tensor(2415)},fn {0: tensor(5583), 1: tensor(0)},fp {0: tensor(0), 1: tensor(5583)}
INFO:root:VALID measures microavg - precision 0.3020 - recall 0.3020 - f1 0.3020 
INFO:root:VALID measures for class 0 - precision 0.0000 - recall 0.0000 - f1 0.0000 
INFO:root:VALID measures for class 1 - precision 0.3020 - recall 1.0000 - f1 0.4638 
INFO:root:VALID measures@10 microavg - precision 0.6000 - recall 0.0023 - f1 0.0045 
INFO:root:VALID measures@10 for class 0 - precision 0.0000 - recall 0.0000 - f1 0.0000 
INFO:root:VALID measures@10 for class 1 - precision 0.6000 - recall 0.0075 - f1 0.0147 
INFO:root:VALID measures@100 microavg - precision 0.5000 - recall 0.0188 - f1 0.0362 
INFO:root:VALID measures@100 for class 0 - precision 0.0000 - recall 0.0000 - f1 0.0000 
INFO:root:VALID measures@100 for class 1 - precision 0.5000 - recall 0.0621 - f1 0.1105 
INFO:root:VALID measures@1000 microavg - precision 0.4121 - recall 0.1562 - f1 0.2265 
INFO:root:VALID measures@1000 for class 0 - precision 0.9032 - recall 0.0050 - f1 0.0100 
INFO:root:VALID measures@1000 for class 1 - precision 0.4070 - recall 0.5056 - f1 0.4510 
INFO:root:VALID Total epoch time: 0.2985593240000526
INFO:root:################ TRAIN epoch 105 ###################
INFO:root:TRAIN mean losses tensor(1.7179)
INFO:root:TRAIN mean errors 0.6864528656005859
INFO:root:TRAIN mean MRR 0.0 - mean MAP 0.4577677845954895
INFO:root:TRAIN tp {0: tensor(0), 1: tensor(10031)},fn {0: tensor(21961), 1: tensor(0)},fp {0: tensor(0), 1: tensor(21961)}
INFO:root:TRAIN measures microavg - precision 0.3135 - recall 0.3135 - f1 0.3135 
INFO:root:TRAIN measures for class 0 - precision 0.0000 - recall 0.0000 - f1 0.0000 
INFO:root:TRAIN measures for class 1 - precision 0.3135 - recall 1.0000 - f1 0.4774 
INFO:root:TRAIN measures@10 microavg - precision 0.6667 - recall 0.0025 - f1 0.0050 
INFO:root:TRAIN measures@10 for class 0 - precision 0.0000 - recall 0.0000 - f1 0.0000 
INFO:root:TRAIN measures@10 for class 1 - precision 0.6667 - recall 0.0080 - f1 0.0158 
INFO:root:TRAIN measures@100 microavg - precision 0.5770 - recall 0.0217 - f1 0.0418 
INFO:root:TRAIN measures@100 for class 0 - precision 0.0000 - recall 0.0000 - f1 0.0000 
INFO:root:TRAIN measures@100 for class 1 - precision 0.5775 - recall 0.0691 - f1 0.1234 
INFO:root:TRAIN measures@1000 microavg - precision 0.4491 - recall 0.1701 - f1 0.2467 
INFO:root:TRAIN measures@1000 for class 0 - precision 0.9153 - recall 0.0049 - f1 0.0098 
INFO:root:TRAIN measures@1000 for class 1 - precision 0.4445 - recall 0.5318 - f1 0.4842 
INFO:root:TRAIN Total epoch time: 1.6944570699997712
INFO:root:################ VALID epoch 105 ###################
INFO:root:VALID mean losses tensor(1.7321)
INFO:root:VALID mean errors 0.6980494856834412
INFO:root:VALID mean MRR 0.0 - mean MAP 0.4248042106628418
INFO:root:VALID tp {0: tensor(0), 1: tensor(2415)},fn {0: tensor(5583), 1: tensor(0)},fp {0: tensor(0), 1: tensor(5583)}
INFO:root:VALID measures microavg - precision 0.3020 - recall 0.3020 - f1 0.3020 
INFO:root:VALID measures for class 0 - precision 0.0000 - recall 0.0000 - f1 0.0000 
INFO:root:VALID measures for class 1 - precision 0.3020 - recall 1.0000 - f1 0.4638 
INFO:root:VALID measures@10 microavg - precision 0.5333 - recall 0.0020 - f1 0.0040 
INFO:root:VALID measures@10 for class 0 - precision 0.0000 - recall 0.0000 - f1 0.0000 
INFO:root:VALID measures@10 for class 1 - precision 0.5333 - recall 0.0066 - f1 0.0131 
INFO:root:VALID measures@100 microavg - precision 0.5133 - recall 0.0193 - f1 0.0371 
INFO:root:VALID measures@100 for class 0 - precision 0.0000 - recall 0.0000 - f1 0.0000 
INFO:root:VALID measures@100 for class 1 - precision 0.5133 - recall 0.0638 - f1 0.1134 
INFO:root:VALID measures@1000 microavg - precision 0.4130 - recall 0.1563 - f1 0.2268 
INFO:root:VALID measures@1000 for class 0 - precision 0.9630 - recall 0.0047 - f1 0.0093 
INFO:root:VALID measures@1000 for class 1 - precision 0.4080 - recall 0.5068 - f1 0.4521 
INFO:root:VALID Total epoch time: 0.30689523100045335
INFO:root:################ TRAIN epoch 106 ###################
INFO:root:TRAIN mean losses tensor(1.7151)
INFO:root:TRAIN mean errors 0.6864528656005859
INFO:root:TRAIN mean MRR 0.0 - mean MAP 0.4621313810348511
INFO:root:TRAIN tp {0: tensor(0), 1: tensor(10031)},fn {0: tensor(21961), 1: tensor(0)},fp {0: tensor(0), 1: tensor(21961)}
INFO:root:TRAIN measures microavg - precision 0.3135 - recall 0.3135 - f1 0.3135 
INFO:root:TRAIN measures for class 0 - precision 0.0000 - recall 0.0000 - f1 0.0000 
INFO:root:TRAIN measures for class 1 - precision 0.3135 - recall 1.0000 - f1 0.4774 
INFO:root:TRAIN measures@10 microavg - precision 0.6500 - recall 0.0024 - f1 0.0049 
INFO:root:TRAIN measures@10 for class 0 - precision 0.0000 - recall 0.0000 - f1 0.0000 
INFO:root:TRAIN measures@10 for class 1 - precision 0.6500 - recall 0.0078 - f1 0.0154 
INFO:root:TRAIN measures@100 microavg - precision 0.5967 - recall 0.0224 - f1 0.0431 
INFO:root:TRAIN measures@100 for class 0 - precision 0.0000 - recall 0.0000 - f1 0.0000 
INFO:root:TRAIN measures@100 for class 1 - precision 0.5967 - recall 0.0714 - f1 0.1275 
INFO:root:TRAIN measures@1000 microavg - precision 0.4483 - recall 0.1699 - f1 0.2464 
INFO:root:TRAIN measures@1000 for class 0 - precision 0.9268 - recall 0.0052 - f1 0.0103 
INFO:root:TRAIN measures@1000 for class 1 - precision 0.4434 - recall 0.5305 - f1 0.4830 
INFO:root:TRAIN Total epoch time: 1.7280403630002183
INFO:root:################ VALID epoch 106 ###################
INFO:root:VALID mean losses tensor(1.7275)
INFO:root:VALID mean errors 0.6980494856834412
INFO:root:VALID mean MRR 0.0 - mean MAP 0.42597857117652893
INFO:root:VALID tp {0: tensor(0), 1: tensor(2415)},fn {0: tensor(5583), 1: tensor(0)},fp {0: tensor(0), 1: tensor(5583)}
INFO:root:VALID measures microavg - precision 0.3020 - recall 0.3020 - f1 0.3020 
INFO:root:VALID measures for class 0 - precision 0.0000 - recall 0.0000 - f1 0.0000 
INFO:root:VALID measures for class 1 - precision 0.3020 - recall 1.0000 - f1 0.4638 
INFO:root:VALID measures@10 microavg - precision 0.5667 - recall 0.0021 - f1 0.0042 
INFO:root:VALID measures@10 for class 0 - precision 0.0000 - recall 0.0000 - f1 0.0000 
INFO:root:VALID measures@10 for class 1 - precision 0.5667 - recall 0.0070 - f1 0.0139 
INFO:root:VALID measures@100 microavg - precision 0.5433 - recall 0.0204 - f1 0.0393 
INFO:root:VALID measures@100 for class 0 - precision 0.0000 - recall 0.0000 - f1 0.0000 
INFO:root:VALID measures@100 for class 1 - precision 0.5433 - recall 0.0675 - f1 0.1201 
INFO:root:VALID measures@1000 microavg - precision 0.4135 - recall 0.1568 - f1 0.2274 
INFO:root:VALID measures@1000 for class 0 - precision 0.9091 - recall 0.0054 - f1 0.0107 
INFO:root:VALID measures@1000 for class 1 - precision 0.4080 - recall 0.5068 - f1 0.4521 
INFO:root:VALID Total epoch time: 0.3017502209995655
INFO:root:################ TRAIN epoch 107 ###################
INFO:root:TRAIN mean losses tensor(1.7219)
INFO:root:TRAIN mean errors 0.6863903403282166
INFO:root:TRAIN mean MRR 0.0 - mean MAP 0.45549502968788147
INFO:root:TRAIN tp {0: tensor(5), 1: tensor(10028)},fn {0: tensor(21956), 1: tensor(3)},fp {0: tensor(3), 1: tensor(21956)}
INFO:root:TRAIN measures microavg - precision 0.3136 - recall 0.3136 - f1 0.3136 
INFO:root:TRAIN measures for class 0 - precision 0.6250 - recall 0.0002 - f1 0.0005 
INFO:root:TRAIN measures for class 1 - precision 0.3135 - recall 0.9997 - f1 0.4774 
INFO:root:TRAIN measures@10 microavg - precision 0.6667 - recall 0.0025 - f1 0.0050 
INFO:root:TRAIN measures@10 for class 0 - precision 0.0000 - recall 0.0000 - f1 0.0000 
INFO:root:TRAIN measures@10 for class 1 - precision 0.6667 - recall 0.0080 - f1 0.0158 
INFO:root:TRAIN measures@100 microavg - precision 0.5637 - recall 0.0212 - f1 0.0408 
INFO:root:TRAIN measures@100 for class 0 - precision 0.0000 - recall 0.0000 - f1 0.0000 
INFO:root:TRAIN measures@100 for class 1 - precision 0.5642 - recall 0.0675 - f1 0.1206 
INFO:root:TRAIN measures@1000 microavg - precision 0.4468 - recall 0.1699 - f1 0.2462 
INFO:root:TRAIN measures@1000 for class 0 - precision 0.9471 - recall 0.0073 - f1 0.0145 
INFO:root:TRAIN measures@1000 for class 1 - precision 0.4397 - recall 0.5260 - f1 0.4790 
INFO:root:TRAIN Total epoch time: 1.6898708349999652
INFO:root:################ VALID epoch 107 ###################
INFO:root:VALID mean losses tensor(1.7277)
INFO:root:VALID mean errors 0.6979244947433472
INFO:root:VALID mean MRR 0.0 - mean MAP 0.4274696111679077
INFO:root:VALID tp {0: tensor(1), 1: tensor(2415)},fn {0: tensor(5582), 1: tensor(0)},fp {0: tensor(0), 1: tensor(5582)}
INFO:root:VALID measures microavg - precision 0.3021 - recall 0.3021 - f1 0.3021 
INFO:root:VALID measures for class 0 - precision 1.0000 - recall 0.0002 - f1 0.0004 
INFO:root:VALID measures for class 1 - precision 0.3020 - recall 1.0000 - f1 0.4639 
INFO:root:VALID measures@10 microavg - precision 0.6000 - recall 0.0023 - f1 0.0045 
INFO:root:VALID measures@10 for class 0 - precision 0.0000 - recall 0.0000 - f1 0.0000 
INFO:root:VALID measures@10 for class 1 - precision 0.6000 - recall 0.0075 - f1 0.0147 
INFO:root:VALID measures@100 microavg - precision 0.5349 - recall 0.0201 - f1 0.0388 
INFO:root:VALID measures@100 for class 0 - precision 1.0000 - recall 0.0002 - f1 0.0004 
INFO:root:VALID measures@100 for class 1 - precision 0.5333 - recall 0.0663 - f1 0.1179 
INFO:root:VALID measures@1000 microavg - precision 0.4242 - recall 0.1627 - f1 0.2352 
INFO:root:VALID measures@1000 for class 0 - precision 0.9403 - recall 0.0113 - f1 0.0223 
INFO:root:VALID measures@1000 for class 1 - precision 0.4127 - recall 0.5126 - f1 0.4572 
INFO:root:VALID Total epoch time: 0.2957785729995521
INFO:root:################ TRAIN epoch 108 ###################
INFO:root:TRAIN mean losses tensor(1.7192)
INFO:root:TRAIN mean errors 0.6864528656005859
INFO:root:TRAIN mean MRR 0.0 - mean MAP 0.45798951387405396
INFO:root:TRAIN tp {0: tensor(0), 1: tensor(10031)},fn {0: tensor(21961), 1: tensor(0)},fp {0: tensor(0), 1: tensor(21961)}
INFO:root:TRAIN measures microavg - precision 0.3135 - recall 0.3135 - f1 0.3135 
INFO:root:TRAIN measures for class 0 - precision 0.0000 - recall 0.0000 - f1 0.0000 
INFO:root:TRAIN measures for class 1 - precision 0.3135 - recall 1.0000 - f1 0.4774 
INFO:root:TRAIN measures@10 microavg - precision 0.7000 - recall 0.0026 - f1 0.0052 
INFO:root:TRAIN measures@10 for class 0 - precision 0.0000 - recall 0.0000 - f1 0.0000 
INFO:root:TRAIN measures@10 for class 1 - precision 0.7000 - recall 0.0084 - f1 0.0166 
INFO:root:TRAIN measures@100 microavg - precision 0.5642 - recall 0.0212 - f1 0.0408 
INFO:root:TRAIN measures@100 for class 0 - precision 0.0000 - recall 0.0000 - f1 0.0000 
INFO:root:TRAIN measures@100 for class 1 - precision 0.5642 - recall 0.0675 - f1 0.1206 
INFO:root:TRAIN measures@1000 microavg - precision 0.4515 - recall 0.1727 - f1 0.2499 
INFO:root:TRAIN measures@1000 for class 0 - precision 0.9292 - recall 0.0102 - f1 0.0201 
INFO:root:TRAIN measures@1000 for class 1 - precision 0.4419 - recall 0.5287 - f1 0.4814 
INFO:root:TRAIN Total epoch time: 1.6887826610000047
INFO:root:################ VALID epoch 108 ###################
INFO:root:VALID mean losses tensor(1.7327)
INFO:root:VALID mean errors 0.6980494856834412
INFO:root:VALID mean MRR 0.0 - mean MAP 0.4238925874233246
INFO:root:VALID tp {0: tensor(0), 1: tensor(2415)},fn {0: tensor(5583), 1: tensor(0)},fp {0: tensor(0), 1: tensor(5583)}
INFO:root:VALID measures microavg - precision 0.3020 - recall 0.3020 - f1 0.3020 
INFO:root:VALID measures for class 0 - precision 0.0000 - recall 0.0000 - f1 0.0000 
INFO:root:VALID measures for class 1 - precision 0.3020 - recall 1.0000 - f1 0.4638 
INFO:root:VALID measures@10 microavg - precision 0.6667 - recall 0.0025 - f1 0.0050 
INFO:root:VALID measures@10 for class 0 - precision 0.0000 - recall 0.0000 - f1 0.0000 
INFO:root:VALID measures@10 for class 1 - precision 0.6667 - recall 0.0083 - f1 0.0164 
INFO:root:VALID measures@100 microavg - precision 0.5282 - recall 0.0199 - f1 0.0383 
INFO:root:VALID measures@100 for class 0 - precision 1.0000 - recall 0.0002 - f1 0.0004 
INFO:root:VALID measures@100 for class 1 - precision 0.5267 - recall 0.0654 - f1 0.1164 
INFO:root:VALID measures@1000 microavg - precision 0.4177 - recall 0.1602 - f1 0.2315 
INFO:root:VALID measures@1000 for class 0 - precision 0.9403 - recall 0.0113 - f1 0.0223 
INFO:root:VALID measures@1000 for class 1 - precision 0.4060 - recall 0.5043 - f1 0.4499 
INFO:root:VALID Total epoch time: 0.3010328500004107
INFO:root:################ TRAIN epoch 109 ###################
INFO:root:TRAIN mean losses tensor(1.7171)
INFO:root:TRAIN mean errors 0.6864528656005859
INFO:root:TRAIN mean MRR 0.0 - mean MAP 0.4588168263435364
INFO:root:TRAIN tp {0: tensor(0), 1: tensor(10031)},fn {0: tensor(21961), 1: tensor(0)},fp {0: tensor(0), 1: tensor(21961)}
INFO:root:TRAIN measures microavg - precision 0.3135 - recall 0.3135 - f1 0.3135 
INFO:root:TRAIN measures for class 0 - precision 0.0000 - recall 0.0000 - f1 0.0000 
INFO:root:TRAIN measures for class 1 - precision 0.3135 - recall 1.0000 - f1 0.4774 
INFO:root:TRAIN measures@10 microavg - precision 0.6667 - recall 0.0025 - f1 0.0050 
INFO:root:TRAIN measures@10 for class 0 - precision 0.0000 - recall 0.0000 - f1 0.0000 
INFO:root:TRAIN measures@10 for class 1 - precision 0.6667 - recall 0.0080 - f1 0.0158 
INFO:root:TRAIN measures@100 microavg - precision 0.5820 - recall 0.0218 - f1 0.0421 
INFO:root:TRAIN measures@100 for class 0 - precision 1.0000 - recall 0.0000 - f1 0.0001 
INFO:root:TRAIN measures@100 for class 1 - precision 0.5817 - recall 0.0696 - f1 0.1243 
INFO:root:TRAIN measures@1000 microavg - precision 0.4535 - recall 0.1745 - f1 0.2521 
INFO:root:TRAIN measures@1000 for class 0 - precision 0.9108 - recall 0.0130 - f1 0.0257 
INFO:root:TRAIN measures@1000 for class 1 - precision 0.4415 - recall 0.5282 - f1 0.4810 
INFO:root:TRAIN Total epoch time: 1.6808993490003559
INFO:root:################ VALID epoch 109 ###################
INFO:root:VALID mean losses tensor(1.7314)
INFO:root:VALID mean errors 0.6980494856834412
INFO:root:VALID mean MRR 0.0 - mean MAP 0.42143067717552185
INFO:root:VALID tp {0: tensor(0), 1: tensor(2415)},fn {0: tensor(5583), 1: tensor(0)},fp {0: tensor(0), 1: tensor(5583)}
INFO:root:VALID measures microavg - precision 0.3020 - recall 0.3020 - f1 0.3020 
INFO:root:VALID measures for class 0 - precision 0.0000 - recall 0.0000 - f1 0.0000 
INFO:root:VALID measures for class 1 - precision 0.3020 - recall 1.0000 - f1 0.4638 
INFO:root:VALID measures@10 microavg - precision 0.5667 - recall 0.0021 - f1 0.0042 
INFO:root:VALID measures@10 for class 0 - precision 0.0000 - recall 0.0000 - f1 0.0000 
INFO:root:VALID measures@10 for class 1 - precision 0.5667 - recall 0.0070 - f1 0.0139 
INFO:root:VALID measures@100 microavg - precision 0.5367 - recall 0.0201 - f1 0.0388 
INFO:root:VALID measures@100 for class 0 - precision 0.0000 - recall 0.0000 - f1 0.0000 
INFO:root:VALID measures@100 for class 1 - precision 0.5367 - recall 0.0667 - f1 0.1186 
INFO:root:VALID measures@1000 microavg - precision 0.4264 - recall 0.1642 - f1 0.2371 
INFO:root:VALID measures@1000 for class 0 - precision 0.9494 - recall 0.0134 - f1 0.0265 
INFO:root:VALID measures@1000 for class 1 - precision 0.4127 - recall 0.5126 - f1 0.4572 
INFO:root:VALID Total epoch time: 0.29594477899991034
INFO:root:################ TRAIN epoch 110 ###################
INFO:root:TRAIN mean losses tensor(1.7162)
INFO:root:TRAIN mean errors 0.6864528656005859
INFO:root:TRAIN mean MRR 0.0 - mean MAP 0.4597741663455963
INFO:root:TRAIN tp {0: tensor(0), 1: tensor(10031)},fn {0: tensor(21961), 1: tensor(0)},fp {0: tensor(0), 1: tensor(21961)}
INFO:root:TRAIN measures microavg - precision 0.3135 - recall 0.3135 - f1 0.3135 
INFO:root:TRAIN measures for class 0 - precision 0.0000 - recall 0.0000 - f1 0.0000 
INFO:root:TRAIN measures for class 1 - precision 0.3135 - recall 1.0000 - f1 0.4774 
INFO:root:TRAIN measures@10 microavg - precision 0.6417 - recall 0.0024 - f1 0.0048 
INFO:root:TRAIN measures@10 for class 0 - precision 0.0000 - recall 0.0000 - f1 0.0000 
INFO:root:TRAIN measures@10 for class 1 - precision 0.6417 - recall 0.0077 - f1 0.0152 
INFO:root:TRAIN measures@100 microavg - precision 0.5782 - recall 0.0217 - f1 0.0419 
INFO:root:TRAIN measures@100 for class 0 - precision 0.5000 - recall 0.0000 - f1 0.0001 
INFO:root:TRAIN measures@100 for class 1 - precision 0.5783 - recall 0.0692 - f1 0.1236 
INFO:root:TRAIN measures@1000 microavg - precision 0.4608 - recall 0.1773 - f1 0.2560 
INFO:root:TRAIN measures@1000 for class 0 - precision 0.9314 - recall 0.0130 - f1 0.0256 
INFO:root:TRAIN measures@1000 for class 1 - precision 0.4488 - recall 0.5369 - f1 0.4889 
INFO:root:TRAIN Total epoch time: 1.7805887079994136
INFO:root:################ VALID epoch 110 ###################
INFO:root:VALID mean losses tensor(1.7281)
INFO:root:VALID mean errors 0.6980494856834412
INFO:root:VALID mean MRR 0.0 - mean MAP 0.42456215620040894
INFO:root:VALID tp {0: tensor(0), 1: tensor(2415)},fn {0: tensor(5583), 1: tensor(0)},fp {0: tensor(0), 1: tensor(5583)}
INFO:root:VALID measures microavg - precision 0.3020 - recall 0.3020 - f1 0.3020 
INFO:root:VALID measures for class 0 - precision 0.0000 - recall 0.0000 - f1 0.0000 
INFO:root:VALID measures for class 1 - precision 0.3020 - recall 1.0000 - f1 0.4638 
INFO:root:VALID measures@10 microavg - precision 0.5000 - recall 0.0019 - f1 0.0037 
INFO:root:VALID measures@10 for class 0 - precision 0.0000 - recall 0.0000 - f1 0.0000 
INFO:root:VALID measures@10 for class 1 - precision 0.5000 - recall 0.0062 - f1 0.0123 
INFO:root:VALID measures@100 microavg - precision 0.5415 - recall 0.0204 - f1 0.0393 
INFO:root:VALID measures@100 for class 0 - precision 1.0000 - recall 0.0002 - f1 0.0004 
INFO:root:VALID measures@100 for class 1 - precision 0.5400 - recall 0.0671 - f1 0.1193 
INFO:root:VALID measures@1000 microavg - precision 0.4232 - recall 0.1633 - f1 0.2357 
INFO:root:VALID measures@1000 for class 0 - precision 0.8837 - recall 0.0136 - f1 0.0268 
INFO:root:VALID measures@1000 for class 1 - precision 0.4100 - recall 0.5093 - f1 0.4543 
INFO:root:VALID Total epoch time: 0.30275511299987556
INFO:root:################ TRAIN epoch 111 ###################
INFO:root:TRAIN mean losses tensor(1.7142)
INFO:root:TRAIN mean errors 0.6864528656005859
INFO:root:TRAIN mean MRR 0.0 - mean MAP 0.46190425753593445
INFO:root:TRAIN tp {0: tensor(0), 1: tensor(10031)},fn {0: tensor(21961), 1: tensor(0)},fp {0: tensor(0), 1: tensor(21961)}
INFO:root:TRAIN measures microavg - precision 0.3135 - recall 0.3135 - f1 0.3135 
INFO:root:TRAIN measures for class 0 - precision 0.0000 - recall 0.0000 - f1 0.0000 
INFO:root:TRAIN measures for class 1 - precision 0.3135 - recall 1.0000 - f1 0.4774 
INFO:root:TRAIN measures@10 microavg - precision 0.6917 - recall 0.0026 - f1 0.0052 
INFO:root:TRAIN measures@10 for class 0 - precision 0.0000 - recall 0.0000 - f1 0.0000 
INFO:root:TRAIN measures@10 for class 1 - precision 0.6917 - recall 0.0083 - f1 0.0164 
INFO:root:TRAIN measures@100 microavg - precision 0.5795 - recall 0.0218 - f1 0.0419 
INFO:root:TRAIN measures@100 for class 0 - precision 1.0000 - recall 0.0000 - f1 0.0001 
INFO:root:TRAIN measures@100 for class 1 - precision 0.5792 - recall 0.0693 - f1 0.1238 
INFO:root:TRAIN measures@1000 microavg - precision 0.4571 - recall 0.1756 - f1 0.2538 
INFO:root:TRAIN measures@1000 for class 0 - precision 0.9420 - recall 0.0126 - f1 0.0248 
INFO:root:TRAIN measures@1000 for class 1 - precision 0.4452 - recall 0.5326 - f1 0.4850 
INFO:root:TRAIN Total epoch time: 2.3833623499995156
INFO:root:################ VALID epoch 111 ###################
INFO:root:VALID mean losses tensor(1.7359)
INFO:root:VALID mean errors 0.6980494856834412
INFO:root:VALID mean MRR 0.0 - mean MAP 0.42082712054252625
INFO:root:VALID tp {0: tensor(0), 1: tensor(2415)},fn {0: tensor(5583), 1: tensor(0)},fp {0: tensor(0), 1: tensor(5583)}
INFO:root:VALID measures microavg - precision 0.3020 - recall 0.3020 - f1 0.3020 
INFO:root:VALID measures for class 0 - precision 0.0000 - recall 0.0000 - f1 0.0000 
INFO:root:VALID measures for class 1 - precision 0.3020 - recall 1.0000 - f1 0.4638 
INFO:root:VALID measures@10 microavg - precision 0.5000 - recall 0.0019 - f1 0.0037 
INFO:root:VALID measures@10 for class 0 - precision 0.0000 - recall 0.0000 - f1 0.0000 
INFO:root:VALID measures@10 for class 1 - precision 0.5000 - recall 0.0062 - f1 0.0123 
INFO:root:VALID measures@100 microavg - precision 0.5298 - recall 0.0200 - f1 0.0386 
INFO:root:VALID measures@100 for class 0 - precision 1.0000 - recall 0.0004 - f1 0.0007 
INFO:root:VALID measures@100 for class 1 - precision 0.5267 - recall 0.0654 - f1 0.1164 
INFO:root:VALID measures@1000 microavg - precision 0.4226 - recall 0.1639 - f1 0.2362 
INFO:root:VALID measures@1000 for class 0 - precision 0.9118 - recall 0.0167 - f1 0.0327 
INFO:root:VALID measures@1000 for class 1 - precision 0.4060 - recall 0.5043 - f1 0.4499 
INFO:root:VALID Total epoch time: 0.38030446500033577
INFO:root:################ TRAIN epoch 112 ###################
INFO:root:TRAIN mean losses tensor(1.7164)
INFO:root:TRAIN mean errors 0.6864528656005859
INFO:root:TRAIN mean MRR 0.0 - mean MAP 0.45743975043296814
INFO:root:TRAIN tp {0: tensor(0), 1: tensor(10031)},fn {0: tensor(21961), 1: tensor(0)},fp {0: tensor(0), 1: tensor(21961)}
INFO:root:TRAIN measures microavg - precision 0.3135 - recall 0.3135 - f1 0.3135 
INFO:root:TRAIN measures for class 0 - precision 0.0000 - recall 0.0000 - f1 0.0000 
INFO:root:TRAIN measures for class 1 - precision 0.3135 - recall 1.0000 - f1 0.4774 
INFO:root:TRAIN measures@10 microavg - precision 0.6500 - recall 0.0024 - f1 0.0049 
INFO:root:TRAIN measures@10 for class 0 - precision 0.0000 - recall 0.0000 - f1 0.0000 
INFO:root:TRAIN measures@10 for class 1 - precision 0.6500 - recall 0.0078 - f1 0.0154 
INFO:root:TRAIN measures@100 microavg - precision 0.5578 - recall 0.0210 - f1 0.0404 
INFO:root:TRAIN measures@100 for class 0 - precision 1.0000 - recall 0.0001 - f1 0.0003 
INFO:root:TRAIN measures@100 for class 1 - precision 0.5567 - recall 0.0666 - f1 0.1190 
INFO:root:TRAIN measures@1000 microavg - precision 0.4542 - recall 0.1749 - f1 0.2526 
INFO:root:TRAIN measures@1000 for class 0 - precision 0.9105 - recall 0.0134 - f1 0.0265 
INFO:root:TRAIN measures@1000 for class 1 - precision 0.4418 - recall 0.5286 - f1 0.4813 
INFO:root:TRAIN Total epoch time: 3.6641040770000473
INFO:root:################ VALID epoch 112 ###################
INFO:root:VALID mean losses tensor(1.7267)
INFO:root:VALID mean errors 0.6980494856834412
INFO:root:VALID mean MRR 0.0 - mean MAP 0.43030235171318054
INFO:root:VALID tp {0: tensor(0), 1: tensor(2415)},fn {0: tensor(5583), 1: tensor(0)},fp {0: tensor(0), 1: tensor(5583)}
INFO:root:VALID measures microavg - precision 0.3020 - recall 0.3020 - f1 0.3020 
INFO:root:VALID measures for class 0 - precision 0.0000 - recall 0.0000 - f1 0.0000 
INFO:root:VALID measures for class 1 - precision 0.3020 - recall 1.0000 - f1 0.4638 
INFO:root:VALID measures@10 microavg - precision 0.7333 - recall 0.0028 - f1 0.0055 
INFO:root:VALID measures@10 for class 0 - precision 0.0000 - recall 0.0000 - f1 0.0000 
INFO:root:VALID measures@10 for class 1 - precision 0.7333 - recall 0.0091 - f1 0.0180 
INFO:root:VALID measures@100 microavg - precision 0.5449 - recall 0.0205 - f1 0.0395 
INFO:root:VALID measures@100 for class 0 - precision 1.0000 - recall 0.0002 - f1 0.0004 
INFO:root:VALID measures@100 for class 1 - precision 0.5433 - recall 0.0675 - f1 0.1201 
INFO:root:VALID measures@1000 microavg - precision 0.4300 - recall 0.1662 - f1 0.2397 
INFO:root:VALID measures@1000 for class 0 - precision 0.9670 - recall 0.0158 - f1 0.0310 
INFO:root:VALID measures@1000 for class 1 - precision 0.4137 - recall 0.5139 - f1 0.4584 
INFO:root:VALID Total epoch time: 0.3755986509995637
INFO:root:################ TRAIN epoch 113 ###################
INFO:root:TRAIN mean losses tensor(1.7151)
INFO:root:TRAIN mean errors 0.6864528656005859
INFO:root:TRAIN mean MRR 0.0 - mean MAP 0.4630160927772522
INFO:root:TRAIN tp {0: tensor(0), 1: tensor(10031)},fn {0: tensor(21961), 1: tensor(0)},fp {0: tensor(0), 1: tensor(21961)}
INFO:root:TRAIN measures microavg - precision 0.3135 - recall 0.3135 - f1 0.3135 
INFO:root:TRAIN measures for class 0 - precision 0.0000 - recall 0.0000 - f1 0.0000 
INFO:root:TRAIN measures for class 1 - precision 0.3135 - recall 1.0000 - f1 0.4774 
INFO:root:TRAIN measures@10 microavg - precision 0.7083 - recall 0.0027 - f1 0.0053 
INFO:root:TRAIN measures@10 for class 0 - precision 0.0000 - recall 0.0000 - f1 0.0000 
INFO:root:TRAIN measures@10 for class 1 - precision 0.7083 - recall 0.0085 - f1 0.0167 
INFO:root:TRAIN measures@100 microavg - precision 0.5949 - recall 0.0224 - f1 0.0433 
INFO:root:TRAIN measures@100 for class 0 - precision 1.0000 - recall 0.0003 - f1 0.0006 
INFO:root:TRAIN measures@100 for class 1 - precision 0.5925 - recall 0.0709 - f1 0.1266 
INFO:root:TRAIN measures@1000 microavg - precision 0.4578 - recall 0.1765 - f1 0.2547 
INFO:root:TRAIN measures@1000 for class 0 - precision 0.9102 - recall 0.0138 - f1 0.0273 
INFO:root:TRAIN measures@1000 for class 1 - precision 0.4452 - recall 0.5325 - f1 0.4850 
INFO:root:TRAIN Total epoch time: 2.040352236000217
INFO:root:################ VALID epoch 113 ###################
INFO:root:VALID mean losses tensor(1.7249)
INFO:root:VALID mean errors 0.6980494856834412
INFO:root:VALID mean MRR 0.0 - mean MAP 0.4266001284122467
INFO:root:VALID tp {0: tensor(0), 1: tensor(2415)},fn {0: tensor(5583), 1: tensor(0)},fp {0: tensor(0), 1: tensor(5583)}
INFO:root:VALID measures microavg - precision 0.3020 - recall 0.3020 - f1 0.3020 
INFO:root:VALID measures for class 0 - precision 0.0000 - recall 0.0000 - f1 0.0000 
INFO:root:VALID measures for class 1 - precision 0.3020 - recall 1.0000 - f1 0.4638 
INFO:root:VALID measures@10 microavg - precision 0.6333 - recall 0.0024 - f1 0.0047 
INFO:root:VALID measures@10 for class 0 - precision 0.0000 - recall 0.0000 - f1 0.0000 
INFO:root:VALID measures@10 for class 1 - precision 0.6333 - recall 0.0079 - f1 0.0155 
INFO:root:VALID measures@100 microavg - precision 0.5200 - recall 0.0195 - f1 0.0376 
INFO:root:VALID measures@100 for class 0 - precision 0.0000 - recall 0.0000 - f1 0.0000 
INFO:root:VALID measures@100 for class 1 - precision 0.5200 - recall 0.0646 - f1 0.1149 
INFO:root:VALID measures@1000 microavg - precision 0.4215 - recall 0.1618 - f1 0.2338 
INFO:root:VALID measures@1000 for class 0 - precision 0.9286 - recall 0.0116 - f1 0.0230 
INFO:root:VALID measures@1000 for class 1 - precision 0.4097 - recall 0.5089 - f1 0.4539 
INFO:root:VALID Total epoch time: 0.3651935819998471
INFO:root:################ TRAIN epoch 114 ###################
INFO:root:TRAIN mean losses tensor(1.7122)
INFO:root:TRAIN mean errors 0.6864528656005859
INFO:root:TRAIN mean MRR 0.0 - mean MAP 0.46437177062034607
INFO:root:TRAIN tp {0: tensor(0), 1: tensor(10031)},fn {0: tensor(21961), 1: tensor(0)},fp {0: tensor(0), 1: tensor(21961)}
INFO:root:TRAIN measures microavg - precision 0.3135 - recall 0.3135 - f1 0.3135 
INFO:root:TRAIN measures for class 0 - precision 0.0000 - recall 0.0000 - f1 0.0000 
INFO:root:TRAIN measures for class 1 - precision 0.3135 - recall 1.0000 - f1 0.4774 
INFO:root:TRAIN measures@10 microavg - precision 0.6750 - recall 0.0025 - f1 0.0050 
INFO:root:TRAIN measures@10 for class 0 - precision 0.0000 - recall 0.0000 - f1 0.0000 
INFO:root:TRAIN measures@10 for class 1 - precision 0.6750 - recall 0.0081 - f1 0.0160 
INFO:root:TRAIN measures@100 microavg - precision 0.5910 - recall 0.0222 - f1 0.0428 
INFO:root:TRAIN measures@100 for class 0 - precision 0.6667 - recall 0.0001 - f1 0.0002 
INFO:root:TRAIN measures@100 for class 1 - precision 0.5908 - recall 0.0707 - f1 0.1263 
INFO:root:TRAIN measures@1000 microavg - precision 0.4586 - recall 0.1773 - f1 0.2557 
INFO:root:TRAIN measures@1000 for class 0 - precision 0.9401 - recall 0.0157 - f1 0.0309 
INFO:root:TRAIN measures@1000 for class 1 - precision 0.4439 - recall 0.5311 - f1 0.4836 
INFO:root:TRAIN Total epoch time: 3.548257623000609
INFO:root:################ VALID epoch 114 ###################
INFO:root:VALID mean losses tensor(1.7272)
INFO:root:VALID mean errors 0.6980494856834412
INFO:root:VALID mean MRR 0.0 - mean MAP 0.4281976819038391
INFO:root:VALID tp {0: tensor(0), 1: tensor(2415)},fn {0: tensor(5583), 1: tensor(0)},fp {0: tensor(0), 1: tensor(5583)}
INFO:root:VALID measures microavg - precision 0.3020 - recall 0.3020 - f1 0.3020 
INFO:root:VALID measures for class 0 - precision 0.0000 - recall 0.0000 - f1 0.0000 
INFO:root:VALID measures for class 1 - precision 0.3020 - recall 1.0000 - f1 0.4638 
INFO:root:VALID measures@10 microavg - precision 0.6667 - recall 0.0025 - f1 0.0050 
INFO:root:VALID measures@10 for class 0 - precision 0.0000 - recall 0.0000 - f1 0.0000 
INFO:root:VALID measures@10 for class 1 - precision 0.6667 - recall 0.0083 - f1 0.0164 
INFO:root:VALID measures@100 microavg - precision 0.5497 - recall 0.0208 - f1 0.0400 
INFO:root:VALID measures@100 for class 0 - precision 1.0000 - recall 0.0004 - f1 0.0007 
INFO:root:VALID measures@100 for class 1 - precision 0.5467 - recall 0.0679 - f1 0.1208 
INFO:root:VALID measures@1000 microavg - precision 0.4319 - recall 0.1685 - f1 0.2425 
INFO:root:VALID measures@1000 for class 0 - precision 0.9421 - recall 0.0204 - f1 0.0400 
INFO:root:VALID measures@1000 for class 1 - precision 0.4113 - recall 0.5110 - f1 0.4558 
INFO:root:VALID Total epoch time: 0.8899793769996904
INFO:root:################ TRAIN epoch 115 ###################
INFO:root:TRAIN mean losses tensor(1.7153)
INFO:root:TRAIN mean errors 0.6864528656005859
INFO:root:TRAIN mean MRR 0.0 - mean MAP 0.46116751432418823
INFO:root:TRAIN tp {0: tensor(0), 1: tensor(10031)},fn {0: tensor(21961), 1: tensor(0)},fp {0: tensor(0), 1: tensor(21961)}
INFO:root:TRAIN measures microavg - precision 0.3135 - recall 0.3135 - f1 0.3135 
INFO:root:TRAIN measures for class 0 - precision 0.0000 - recall 0.0000 - f1 0.0000 
INFO:root:TRAIN measures for class 1 - precision 0.3135 - recall 1.0000 - f1 0.4774 
INFO:root:TRAIN measures@10 microavg - precision 0.7083 - recall 0.0027 - f1 0.0053 
INFO:root:TRAIN measures@10 for class 0 - precision 0.0000 - recall 0.0000 - f1 0.0000 
INFO:root:TRAIN measures@10 for class 1 - precision 0.7083 - recall 0.0085 - f1 0.0167 
INFO:root:TRAIN measures@100 microavg - precision 0.5774 - recall 0.0217 - f1 0.0418 
INFO:root:TRAIN measures@100 for class 0 - precision 1.0000 - recall 0.0001 - f1 0.0002 
INFO:root:TRAIN measures@100 for class 1 - precision 0.5767 - recall 0.0690 - f1 0.1232 
INFO:root:TRAIN measures@1000 microavg - precision 0.4616 - recall 0.1789 - f1 0.2578 
INFO:root:TRAIN measures@1000 for class 0 - precision 0.9148 - recall 0.0166 - f1 0.0326 
INFO:root:TRAIN measures@1000 for class 1 - precision 0.4465 - recall 0.5341 - f1 0.4864 
INFO:root:TRAIN Total epoch time: 3.253391635999833
INFO:root:################ VALID epoch 115 ###################
INFO:root:VALID mean losses tensor(1.7262)
INFO:root:VALID mean errors 0.6980494856834412
INFO:root:VALID mean MRR 0.0 - mean MAP 0.43073683977127075
INFO:root:VALID tp {0: tensor(0), 1: tensor(2415)},fn {0: tensor(5583), 1: tensor(0)},fp {0: tensor(0), 1: tensor(5583)}
INFO:root:VALID measures microavg - precision 0.3020 - recall 0.3020 - f1 0.3020 
INFO:root:VALID measures for class 0 - precision 0.0000 - recall 0.0000 - f1 0.0000 
INFO:root:VALID measures for class 1 - precision 0.3020 - recall 1.0000 - f1 0.4638 
INFO:root:VALID measures@10 microavg - precision 0.6000 - recall 0.0023 - f1 0.0045 
INFO:root:VALID measures@10 for class 0 - precision 0.0000 - recall 0.0000 - f1 0.0000 
INFO:root:VALID measures@10 for class 1 - precision 0.6000 - recall 0.0075 - f1 0.0147 
INFO:root:VALID measures@100 microavg - precision 0.5515 - recall 0.0208 - f1 0.0400 
INFO:root:VALID measures@100 for class 0 - precision 1.0000 - recall 0.0002 - f1 0.0004 
INFO:root:VALID measures@100 for class 1 - precision 0.5500 - recall 0.0683 - f1 0.1215 
INFO:root:VALID measures@1000 microavg - precision 0.4304 - recall 0.1659 - f1 0.2395 
INFO:root:VALID measures@1000 for class 0 - precision 0.9277 - recall 0.0138 - f1 0.0272 
INFO:root:VALID measures@1000 for class 1 - precision 0.4167 - recall 0.5176 - f1 0.4617 
INFO:root:VALID Total epoch time: 0.2838569909999933
INFO:root:################ TRAIN epoch 116 ###################
INFO:root:TRAIN mean losses tensor(1.7153)
INFO:root:TRAIN mean errors 0.6864216327667236
INFO:root:TRAIN mean MRR 0.0 - mean MAP 0.4644598662853241
INFO:root:TRAIN tp {0: tensor(2), 1: tensor(10030)},fn {0: tensor(21959), 1: tensor(1)},fp {0: tensor(1), 1: tensor(21959)}
INFO:root:TRAIN measures microavg - precision 0.3136 - recall 0.3136 - f1 0.3136 
INFO:root:TRAIN measures for class 0 - precision 0.6667 - recall 0.0001 - f1 0.0002 
INFO:root:TRAIN measures for class 1 - precision 0.3135 - recall 0.9999 - f1 0.4774 
INFO:root:TRAIN measures@10 microavg - precision 0.7167 - recall 0.0027 - f1 0.0054 
INFO:root:TRAIN measures@10 for class 0 - precision 0.0000 - recall 0.0000 - f1 0.0000 
INFO:root:TRAIN measures@10 for class 1 - precision 0.7167 - recall 0.0086 - f1 0.0169 
INFO:root:TRAIN measures@100 microavg - precision 0.5672 - recall 0.0214 - f1 0.0412 
INFO:root:TRAIN measures@100 for class 0 - precision 0.8333 - recall 0.0002 - f1 0.0005 
INFO:root:TRAIN measures@100 for class 1 - precision 0.5658 - recall 0.0677 - f1 0.1209 
INFO:root:TRAIN measures@1000 microavg - precision 0.4652 - recall 0.1803 - f1 0.2599 
INFO:root:TRAIN measures@1000 for class 0 - precision 0.9403 - recall 0.0172 - f1 0.0338 
INFO:root:TRAIN measures@1000 for class 1 - precision 0.4492 - recall 0.5374 - f1 0.4894 
INFO:root:TRAIN Total epoch time: 1.778296579000198
INFO:root:################ VALID epoch 116 ###################
INFO:root:VALID mean losses tensor(1.7339)
INFO:root:VALID mean errors 0.6980494856834412
INFO:root:VALID mean MRR 0.0 - mean MAP 0.42495492100715637
INFO:root:VALID tp {0: tensor(0), 1: tensor(2415)},fn {0: tensor(5583), 1: tensor(0)},fp {0: tensor(0), 1: tensor(5583)}
INFO:root:VALID measures microavg - precision 0.3020 - recall 0.3020 - f1 0.3020 
INFO:root:VALID measures for class 0 - precision 0.0000 - recall 0.0000 - f1 0.0000 
INFO:root:VALID measures for class 1 - precision 0.3020 - recall 1.0000 - f1 0.4638 
INFO:root:VALID measures@10 microavg - precision 0.6000 - recall 0.0023 - f1 0.0045 
INFO:root:VALID measures@10 for class 0 - precision 0.0000 - recall 0.0000 - f1 0.0000 
INFO:root:VALID measures@10 for class 1 - precision 0.6000 - recall 0.0075 - f1 0.0147 
INFO:root:VALID measures@100 microavg - precision 0.5265 - recall 0.0199 - f1 0.0383 
INFO:root:VALID measures@100 for class 0 - precision 1.0000 - recall 0.0004 - f1 0.0007 
INFO:root:VALID measures@100 for class 1 - precision 0.5233 - recall 0.0650 - f1 0.1157 
INFO:root:VALID measures@1000 microavg - precision 0.4294 - recall 0.1663 - f1 0.2397 
INFO:root:VALID measures@1000 for class 0 - precision 0.9381 - recall 0.0163 - f1 0.0320 
INFO:root:VALID measures@1000 for class 1 - precision 0.4130 - recall 0.5130 - f1 0.4576 
INFO:root:VALID Total epoch time: 0.2005735310003729
INFO:root:################ TRAIN epoch 117 ###################
INFO:root:TRAIN mean losses tensor(1.7116)
INFO:root:TRAIN mean errors 0.6864528656005859
INFO:root:TRAIN mean MRR 0.0 - mean MAP 0.46474647521972656
INFO:root:TRAIN tp {0: tensor(0), 1: tensor(10031)},fn {0: tensor(21961), 1: tensor(0)},fp {0: tensor(0), 1: tensor(21961)}
INFO:root:TRAIN measures microavg - precision 0.3135 - recall 0.3135 - f1 0.3135 
INFO:root:TRAIN measures for class 0 - precision 0.0000 - recall 0.0000 - f1 0.0000 
INFO:root:TRAIN measures for class 1 - precision 0.3135 - recall 1.0000 - f1 0.4774 
INFO:root:TRAIN measures@10 microavg - precision 0.7417 - recall 0.0028 - f1 0.0055 
INFO:root:TRAIN measures@10 for class 0 - precision 0.0000 - recall 0.0000 - f1 0.0000 
INFO:root:TRAIN measures@10 for class 1 - precision 0.7417 - recall 0.0089 - f1 0.0175 
INFO:root:TRAIN measures@100 microavg - precision 0.5800 - recall 0.0218 - f1 0.0419 
INFO:root:TRAIN measures@100 for class 0 - precision 0.0000 - recall 0.0000 - f1 0.0000 
INFO:root:TRAIN measures@100 for class 1 - precision 0.5800 - recall 0.0694 - f1 0.1239 
INFO:root:TRAIN measures@1000 microavg - precision 0.4571 - recall 0.1770 - f1 0.2552 
INFO:root:TRAIN measures@1000 for class 0 - precision 0.9253 - recall 0.0163 - f1 0.0321 
INFO:root:TRAIN measures@1000 for class 1 - precision 0.4420 - recall 0.5288 - f1 0.4815 
INFO:root:TRAIN Total epoch time: 1.189872429999923
INFO:root:################ VALID epoch 117 ###################
INFO:root:VALID mean losses tensor(1.7296)
INFO:root:VALID mean errors 0.6980494856834412
INFO:root:VALID mean MRR 0.0 - mean MAP 0.42683473229408264
INFO:root:VALID tp {0: tensor(0), 1: tensor(2415)},fn {0: tensor(5583), 1: tensor(0)},fp {0: tensor(0), 1: tensor(5583)}
INFO:root:VALID measures microavg - precision 0.3020 - recall 0.3020 - f1 0.3020 
INFO:root:VALID measures for class 0 - precision 0.0000 - recall 0.0000 - f1 0.0000 
INFO:root:VALID measures for class 1 - precision 0.3020 - recall 1.0000 - f1 0.4638 
INFO:root:VALID measures@10 microavg - precision 0.6333 - recall 0.0024 - f1 0.0047 
INFO:root:VALID measures@10 for class 0 - precision 0.0000 - recall 0.0000 - f1 0.0000 
INFO:root:VALID measures@10 for class 1 - precision 0.6333 - recall 0.0079 - f1 0.0155 
INFO:root:VALID measures@100 microavg - precision 0.5300 - recall 0.0199 - f1 0.0383 
INFO:root:VALID measures@100 for class 0 - precision 0.0000 - recall 0.0000 - f1 0.0000 
INFO:root:VALID measures@100 for class 1 - precision 0.5300 - recall 0.0658 - f1 0.1171 
INFO:root:VALID measures@1000 microavg - precision 0.4303 - recall 0.1672 - f1 0.2408 
INFO:root:VALID measures@1000 for class 0 - precision 0.9439 - recall 0.0181 - f1 0.0355 
INFO:root:VALID measures@1000 for class 1 - precision 0.4120 - recall 0.5118 - f1 0.4565 
INFO:root:VALID Total epoch time: 0.23796523100008926
INFO:root:################ TRAIN epoch 118 ###################
INFO:root:TRAIN mean losses tensor(1.7130)
INFO:root:TRAIN mean errors 0.6864528656005859
INFO:root:TRAIN mean MRR 0.0 - mean MAP 0.4624277353286743
INFO:root:TRAIN tp {0: tensor(0), 1: tensor(10031)},fn {0: tensor(21961), 1: tensor(0)},fp {0: tensor(0), 1: tensor(21961)}
INFO:root:TRAIN measures microavg - precision 0.3135 - recall 0.3135 - f1 0.3135 
INFO:root:TRAIN measures for class 0 - precision 0.0000 - recall 0.0000 - f1 0.0000 
INFO:root:TRAIN measures for class 1 - precision 0.3135 - recall 1.0000 - f1 0.4774 
INFO:root:TRAIN measures@10 microavg - precision 0.7167 - recall 0.0027 - f1 0.0054 
INFO:root:TRAIN measures@10 for class 0 - precision 0.0000 - recall 0.0000 - f1 0.0000 
INFO:root:TRAIN measures@10 for class 1 - precision 0.7167 - recall 0.0086 - f1 0.0169 
INFO:root:TRAIN measures@100 microavg - precision 0.5892 - recall 0.0222 - f1 0.0428 
INFO:root:TRAIN measures@100 for class 0 - precision 1.0000 - recall 0.0002 - f1 0.0005 
INFO:root:TRAIN measures@100 for class 1 - precision 0.5875 - recall 0.0703 - f1 0.1255 
INFO:root:TRAIN measures@1000 microavg - precision 0.4608 - recall 0.1790 - f1 0.2578 
INFO:root:TRAIN measures@1000 for class 0 - precision 0.9035 - recall 0.0175 - f1 0.0343 
INFO:root:TRAIN measures@1000 for class 1 - precision 0.4451 - recall 0.5324 - f1 0.4849 
INFO:root:TRAIN Total epoch time: 1.2621986240001206
INFO:root:################ VALID epoch 118 ###################
INFO:root:VALID mean losses tensor(1.7299)
INFO:root:VALID mean errors 0.6980494856834412
INFO:root:VALID mean MRR 0.0 - mean MAP 0.4290173351764679
INFO:root:VALID tp {0: tensor(0), 1: tensor(2415)},fn {0: tensor(5583), 1: tensor(0)},fp {0: tensor(0), 1: tensor(5583)}
INFO:root:VALID measures microavg - precision 0.3020 - recall 0.3020 - f1 0.3020 
INFO:root:VALID measures for class 0 - precision 0.0000 - recall 0.0000 - f1 0.0000 
INFO:root:VALID measures for class 1 - precision 0.3020 - recall 1.0000 - f1 0.4638 
INFO:root:VALID measures@10 microavg - precision 0.7000 - recall 0.0026 - f1 0.0052 
INFO:root:VALID measures@10 for class 0 - precision 0.0000 - recall 0.0000 - f1 0.0000 
INFO:root:VALID measures@10 for class 1 - precision 0.7000 - recall 0.0087 - f1 0.0172 
INFO:root:VALID measures@100 microavg - precision 0.5559 - recall 0.0211 - f1 0.0407 
INFO:root:VALID measures@100 for class 0 - precision 1.0000 - recall 0.0007 - f1 0.0014 
INFO:root:VALID measures@100 for class 1 - precision 0.5500 - recall 0.0683 - f1 0.1215 
INFO:root:VALID measures@1000 microavg - precision 0.4305 - recall 0.1677 - f1 0.2413 
INFO:root:VALID measures@1000 for class 0 - precision 0.9565 - recall 0.0197 - f1 0.0386 
INFO:root:VALID measures@1000 for class 1 - precision 0.4103 - recall 0.5097 - f1 0.4547 
INFO:root:VALID Total epoch time: 0.25340481599960185
INFO:root:################ TRAIN epoch 119 ###################
INFO:root:TRAIN mean losses tensor(1.7087)
INFO:root:TRAIN mean errors 0.6864528656005859
INFO:root:TRAIN mean MRR 0.0 - mean MAP 0.4664924740791321
INFO:root:TRAIN tp {0: tensor(0), 1: tensor(10031)},fn {0: tensor(21961), 1: tensor(0)},fp {0: tensor(0), 1: tensor(21961)}
INFO:root:TRAIN measures microavg - precision 0.3135 - recall 0.3135 - f1 0.3135 
INFO:root:TRAIN measures for class 0 - precision 0.0000 - recall 0.0000 - f1 0.0000 
INFO:root:TRAIN measures for class 1 - precision 0.3135 - recall 1.0000 - f1 0.4774 
INFO:root:TRAIN measures@10 microavg - precision 0.6917 - recall 0.0026 - f1 0.0052 
INFO:root:TRAIN measures@10 for class 0 - precision 0.0000 - recall 0.0000 - f1 0.0000 
INFO:root:TRAIN measures@10 for class 1 - precision 0.6917 - recall 0.0083 - f1 0.0164 
INFO:root:TRAIN measures@100 microavg - precision 0.5947 - recall 0.0226 - f1 0.0435 
INFO:root:TRAIN measures@100 for class 0 - precision 0.9286 - recall 0.0006 - f1 0.0012 
INFO:root:TRAIN measures@100 for class 1 - precision 0.5908 - recall 0.0707 - f1 0.1263 
INFO:root:TRAIN measures@1000 microavg - precision 0.4667 - recall 0.1818 - f1 0.2616 
INFO:root:TRAIN measures@1000 for class 0 - precision 0.8932 - recall 0.0187 - f1 0.0366 
INFO:root:TRAIN measures@1000 for class 1 - precision 0.4504 - recall 0.5388 - f1 0.4907 
INFO:root:TRAIN Total epoch time: 1.1236986280000565
INFO:root:################ VALID epoch 119 ###################
INFO:root:VALID mean losses tensor(1.7270)
INFO:root:VALID mean errors 0.6980494856834412
INFO:root:VALID mean MRR 0.0 - mean MAP 0.42140987515449524
INFO:root:VALID tp {0: tensor(0), 1: tensor(2415)},fn {0: tensor(5583), 1: tensor(0)},fp {0: tensor(0), 1: tensor(5583)}
INFO:root:VALID measures microavg - precision 0.3020 - recall 0.3020 - f1 0.3020 
INFO:root:VALID measures for class 0 - precision 0.0000 - recall 0.0000 - f1 0.0000 
INFO:root:VALID measures for class 1 - precision 0.3020 - recall 1.0000 - f1 0.4638 
INFO:root:VALID measures@10 microavg - precision 0.5667 - recall 0.0021 - f1 0.0042 
INFO:root:VALID measures@10 for class 0 - precision 0.0000 - recall 0.0000 - f1 0.0000 
INFO:root:VALID measures@10 for class 1 - precision 0.5667 - recall 0.0070 - f1 0.0139 
INFO:root:VALID measures@100 microavg - precision 0.4983 - recall 0.0188 - f1 0.0361 
INFO:root:VALID measures@100 for class 0 - precision 1.0000 - recall 0.0002 - f1 0.0004 
INFO:root:VALID measures@100 for class 1 - precision 0.4967 - recall 0.0617 - f1 0.1098 
INFO:root:VALID measures@1000 microavg - precision 0.4369 - recall 0.1704 - f1 0.2452 
INFO:root:VALID measures@1000 for class 0 - precision 0.9500 - recall 0.0204 - f1 0.0400 
INFO:root:VALID measures@1000 for class 1 - precision 0.4163 - recall 0.5172 - f1 0.4613 
INFO:root:VALID Total epoch time: 0.2015858320000916
