INFO:root:*** PARAMETERS ***
INFO:root:{'adj_mat_time_window': 1,
 'adj_mat_time_window_max': 10,
 'adj_mat_time_window_min': 1,
 'class_weights': [1.0, 10.0],
 'comments': ['comments'],
 'data': 'sp',
 'data_loading_params': {'batch_size': 1, 'num_workers': 0},
 'dev_proportion': 0.125,
 'device': 'cpu',
 'early_stop_patience': 100,
 'eval_after_epochs': 5,
 'gcn_parameters': {'cls_feats': 306,
                    'cls_feats_max': 420,
                    'cls_feats_min': 60,
                    'feats_per_node': 30,
                    'feats_per_node_max': 187,
                    'feats_per_node_min': 18,
                    'k_top_grcu': 200,
                    'layer_1_feats': 46,
                    'layer_1_feats_max': 300,
                    'layer_1_feats_min': 18,
                    'layer_2_feats': 46,
                    'layer_2_feats_same_as_l1': True,
                    'lstm_l1_feats': 75,
                    'lstm_l1_feats_max': 300,
                    'lstm_l1_feats_min': 30,
                    'lstm_l1_layers': 1,
                    'lstm_l2_feats': 75,
                    'lstm_l2_feats_same_as_l1': True,
                    'lstm_l2_layers': 1,
                    'num_layers': 2},
 'learning_rate': 0.001,
 'learning_rate_max': 0.02,
 'learning_rate_min': 0.001,
 'model': 'egcn_h',
 'negative_mult_test': 100,
 'negative_mult_training': 20,
 'num_epochs': 2000,
 'num_hist_steps': 5,
 'num_hist_steps_max': 21,
 'num_hist_steps_min': 3,
 'rank': 0,
 'save_node_embeddings': False,
 'seed': 1234,
 'smart_neg_sampling': False,
 'sp_args': <utils.Namespace object at 0x7fb65b838550>,
 'steps_accum_gradients': 1,
 'target_class': 1,
 'target_measure': 'F1',
 'task': 'node_cls',
 'train_proportion': 0.75,
 'use_1_hot_node_feats': False,
 'use_2_hot_node_feats': False,
 'use_cuda': False,
 'use_logfile': True,
 'wsize': 1}
INFO:root:
INFO:root:################ TRAIN epoch 0 ###################
INFO:root:TRAIN mean losses tensor(37.2112)
INFO:root:TRAIN mean errors 0.22508417069911957
INFO:root:TRAIN mean MRR 0.0 - mean MAP 0.8304542899131775
INFO:root:TRAIN tp {0: tensor(74), 1: tensor(4529)},fn {0: tensor(964), 1: tensor(373)},fp {0: tensor(373), 1: tensor(964)}
INFO:root:TRAIN measures microavg - precision 0.7749 - recall 0.7749 - f1 0.7749 
INFO:root:TRAIN measures for class 0 - precision 0.1655 - recall 0.0713 - f1 0.0997 
INFO:root:TRAIN measures for class 1 - precision 0.8245 - recall 0.9239 - f1 0.8714 
INFO:root:TRAIN measures@10 microavg - precision 0.9444 - recall 0.0487 - f1 0.0925 
INFO:root:TRAIN measures@10 for class 0 - precision 0.2500 - recall 0.0039 - f1 0.0076 
INFO:root:TRAIN measures@10 for class 1 - precision 0.9828 - recall 0.0581 - f1 0.1098 
INFO:root:TRAIN measures@100 microavg - precision 0.8446 - recall 0.4300 - f1 0.5698 
INFO:root:TRAIN measures@100 for class 0 - precision 0.1435 - recall 0.0289 - f1 0.0481 
INFO:root:TRAIN measures@100 for class 1 - precision 0.8966 - recall 0.5149 - f1 0.6541 
INFO:root:TRAIN measures@1000 microavg - precision 0.7781 - recall 0.7781 - f1 0.7781 
INFO:root:TRAIN measures@1000 for class 0 - precision 0.1698 - recall 0.0694 - f1 0.0985 
INFO:root:TRAIN measures@1000 for class 1 - precision 0.8249 - recall 0.9282 - f1 0.8735 
INFO:root:TRAIN Total epoch time: 0.5995756939996681
INFO:root:################ TRAIN epoch 1 ###################
INFO:root:TRAIN mean losses tensor(7.2969)
INFO:root:TRAIN mean errors 0.18316498398780823
INFO:root:TRAIN mean MRR 0.0 - mean MAP 0.8368139266967773
INFO:root:TRAIN tp {0: tensor(11), 1: tensor(4841)},fn {0: tensor(1027), 1: tensor(61)},fp {0: tensor(61), 1: tensor(1027)}
INFO:root:TRAIN measures microavg - precision 0.8168 - recall 0.8168 - f1 0.8168 
INFO:root:TRAIN measures for class 0 - precision 0.1528 - recall 0.0106 - f1 0.0198 
INFO:root:TRAIN measures for class 1 - precision 0.8250 - recall 0.9876 - f1 0.8990 
INFO:root:TRAIN measures@10 microavg - precision 0.9639 - recall 0.0495 - f1 0.0942 
INFO:root:TRAIN measures@10 for class 0 - precision 0.4000 - recall 0.0019 - f1 0.0038 
INFO:root:TRAIN measures@10 for class 1 - precision 0.9733 - recall 0.0596 - f1 0.1123 
INFO:root:TRAIN measures@100 microavg - precision 0.8925 - recall 0.4613 - f1 0.6082 
INFO:root:TRAIN measures@100 for class 0 - precision 0.2857 - recall 0.0193 - f1 0.0361 
INFO:root:TRAIN measures@100 for class 1 - precision 0.9067 - recall 0.5549 - f1 0.6884 
INFO:root:TRAIN measures@1000 microavg - precision 0.8099 - recall 0.8099 - f1 0.8099 
INFO:root:TRAIN measures@1000 for class 0 - precision 0.1946 - recall 0.0279 - f1 0.0489 
INFO:root:TRAIN measures@1000 for class 1 - precision 0.8258 - recall 0.9755 - f1 0.8944 
INFO:root:TRAIN Total epoch time: 0.6147330150001835
INFO:root:################ TRAIN epoch 2 ###################
INFO:root:TRAIN mean losses tensor(15.1282)
INFO:root:TRAIN mean errors 0.20269359648227692
INFO:root:TRAIN mean MRR 0.0 - mean MAP 0.8339760899543762
INFO:root:TRAIN tp {0: tensor(53), 1: tensor(4683)},fn {0: tensor(985), 1: tensor(219)},fp {0: tensor(219), 1: tensor(985)}
INFO:root:TRAIN measures microavg - precision 0.7973 - recall 0.7973 - f1 0.7973 
INFO:root:TRAIN measures for class 0 - precision 0.1949 - recall 0.0511 - f1 0.0809 
INFO:root:TRAIN measures for class 1 - precision 0.8262 - recall 0.9553 - f1 0.8861 
INFO:root:TRAIN measures@10 microavg - precision 0.9967 - recall 0.0503 - f1 0.0958 
INFO:root:TRAIN measures@10 for class 0 - precision 0.0000 - recall 0.0000 - f1 0.0000 
INFO:root:TRAIN measures@10 for class 1 - precision 0.9967 - recall 0.0610 - f1 0.1150 
INFO:root:TRAIN measures@100 microavg - precision 0.9107 - recall 0.4601 - f1 0.6113 
INFO:root:TRAIN measures@100 for class 0 - precision 0.0000 - recall 0.0000 - f1 0.0000 
INFO:root:TRAIN measures@100 for class 1 - precision 0.9110 - recall 0.5575 - f1 0.6917 
INFO:root:TRAIN measures@1000 microavg - precision 0.8231 - recall 0.8231 - f1 0.8231 
INFO:root:TRAIN measures@1000 for class 0 - precision 0.0000 - recall 0.0000 - f1 0.0000 
INFO:root:TRAIN measures@1000 for class 1 - precision 0.8249 - recall 0.9973 - f1 0.9029 
INFO:root:TRAIN Total epoch time: 0.7454245170001741
INFO:root:################ TRAIN epoch 3 ###################
INFO:root:TRAIN mean losses tensor(10.2834)
INFO:root:TRAIN mean errors 0.17474748194217682
INFO:root:TRAIN mean MRR 0.0 - mean MAP 0.8263021111488342
INFO:root:TRAIN tp {0: tensor(0), 1: tensor(4902)},fn {0: tensor(1038), 1: tensor(0)},fp {0: tensor(0), 1: tensor(1038)}
INFO:root:TRAIN measures microavg - precision 0.8253 - recall 0.8253 - f1 0.8253 
INFO:root:TRAIN measures for class 0 - precision 0.0000 - recall 0.0000 - f1 0.0000 
INFO:root:TRAIN measures for class 1 - precision 0.8253 - recall 1.0000 - f1 0.9043 
INFO:root:TRAIN measures@10 microavg - precision 1.0000 - recall 0.0505 - f1 0.0962 
INFO:root:TRAIN measures@10 for class 0 - precision 0.0000 - recall 0.0000 - f1 0.0000 
INFO:root:TRAIN measures@10 for class 1 - precision 1.0000 - recall 0.0612 - f1 0.1153 
INFO:root:TRAIN measures@100 microavg - precision 0.9187 - recall 0.4643 - f1 0.6169 
INFO:root:TRAIN measures@100 for class 0 - precision 0.5000 - recall 0.0010 - f1 0.0019 
INFO:root:TRAIN measures@100 for class 1 - precision 0.9190 - recall 0.5624 - f1 0.6978 
INFO:root:TRAIN measures@1000 microavg - precision 0.8253 - recall 0.8253 - f1 0.8253 
INFO:root:TRAIN measures@1000 for class 0 - precision 0.5000 - recall 0.0010 - f1 0.0019 
INFO:root:TRAIN measures@1000 for class 1 - precision 0.8254 - recall 0.9998 - f1 0.9042 
INFO:root:TRAIN Total epoch time: 0.7457074970002395
INFO:root:################ TRAIN epoch 4 ###################
INFO:root:TRAIN mean losses tensor(9.1838)
INFO:root:TRAIN mean errors 0.1944444477558136
INFO:root:TRAIN mean MRR 0.0 - mean MAP 0.8391401767730713
INFO:root:TRAIN tp {0: tensor(37), 1: tensor(4748)},fn {0: tensor(1001), 1: tensor(154)},fp {0: tensor(154), 1: tensor(1001)}
INFO:root:TRAIN measures microavg - precision 0.8056 - recall 0.8056 - f1 0.8056 
INFO:root:TRAIN measures for class 0 - precision 0.1937 - recall 0.0356 - f1 0.0602 
INFO:root:TRAIN measures for class 1 - precision 0.8259 - recall 0.9686 - f1 0.8916 
INFO:root:TRAIN measures@10 microavg - precision 0.9677 - recall 0.0505 - f1 0.0960 
INFO:root:TRAIN measures@10 for class 0 - precision 0.1000 - recall 0.0010 - f1 0.0019 
INFO:root:TRAIN measures@10 for class 1 - precision 0.9967 - recall 0.0610 - f1 0.1150 
INFO:root:TRAIN measures@100 microavg - precision 0.8861 - recall 0.4520 - f1 0.5987 
INFO:root:TRAIN measures@100 for class 0 - precision 0.1667 - recall 0.0154 - f1 0.0282 
INFO:root:TRAIN measures@100 for class 1 - precision 0.9097 - recall 0.5445 - f1 0.6812 
INFO:root:TRAIN measures@1000 microavg - precision 0.8081 - recall 0.8081 - f1 0.8081 
INFO:root:TRAIN measures@1000 for class 0 - precision 0.1964 - recall 0.0318 - f1 0.0547 
INFO:root:TRAIN measures@1000 for class 1 - precision 0.8259 - recall 0.9725 - f1 0.8932 
INFO:root:TRAIN Total epoch time: 0.7362154369998279
INFO:root:################ TRAIN epoch 5 ###################
INFO:root:TRAIN mean losses tensor(6.3721)
INFO:root:TRAIN mean errors 0.1750841736793518
INFO:root:TRAIN mean MRR 0.0 - mean MAP 0.8358244895935059
INFO:root:TRAIN tp {0: tensor(0), 1: tensor(4900)},fn {0: tensor(1038), 1: tensor(2)},fp {0: tensor(2), 1: tensor(1038)}
INFO:root:TRAIN measures microavg - precision 0.8249 - recall 0.8249 - f1 0.8249 
INFO:root:TRAIN measures for class 0 - precision 0.0000 - recall 0.0000 - f1 0.0000 
INFO:root:TRAIN measures for class 1 - precision 0.8252 - recall 0.9996 - f1 0.9041 
INFO:root:TRAIN measures@10 microavg - precision 0.9834 - recall 0.0498 - f1 0.0949 
INFO:root:TRAIN measures@10 for class 0 - precision 0.0000 - recall 0.0000 - f1 0.0000 
INFO:root:TRAIN measures@10 for class 1 - precision 0.9867 - recall 0.0604 - f1 0.1138 
INFO:root:TRAIN measures@100 microavg - precision 0.9093 - recall 0.4606 - f1 0.6115 
INFO:root:TRAIN measures@100 for class 0 - precision 0.1111 - recall 0.0010 - f1 0.0019 
INFO:root:TRAIN measures@100 for class 1 - precision 0.9117 - recall 0.5579 - f1 0.6922 
INFO:root:TRAIN measures@1000 microavg - precision 0.8219 - recall 0.8219 - f1 0.8219 
INFO:root:TRAIN measures@1000 for class 0 - precision 0.1875 - recall 0.0058 - f1 0.0112 
INFO:root:TRAIN measures@1000 for class 1 - precision 0.8253 - recall 0.9947 - f1 0.9021 
INFO:root:TRAIN Total epoch time: 1.4778813269999773
INFO:root:################ TRAIN epoch 6 ###################
INFO:root:TRAIN mean losses tensor(9.1755)
INFO:root:TRAIN mean errors 0.19915825128555298
INFO:root:TRAIN mean MRR 0.0 - mean MAP 0.8446569442749023
INFO:root:TRAIN tp {0: tensor(30), 1: tensor(4727)},fn {0: tensor(1008), 1: tensor(175)},fp {0: tensor(175), 1: tensor(1008)}
INFO:root:TRAIN measures microavg - precision 0.8008 - recall 0.8008 - f1 0.8008 
INFO:root:TRAIN measures for class 0 - precision 0.1463 - recall 0.0289 - f1 0.0483 
INFO:root:TRAIN measures for class 1 - precision 0.8242 - recall 0.9643 - f1 0.8888 
INFO:root:TRAIN measures@10 microavg - precision 0.9708 - recall 0.0503 - f1 0.0957 
INFO:root:TRAIN measures@10 for class 0 - precision 0.0000 - recall 0.0000 - f1 0.0000 
INFO:root:TRAIN measures@10 for class 1 - precision 0.9967 - recall 0.0610 - f1 0.1150 
INFO:root:TRAIN measures@100 microavg - precision 0.8843 - recall 0.4480 - f1 0.5947 
INFO:root:TRAIN measures@100 for class 0 - precision 0.1220 - recall 0.0096 - f1 0.0179 
INFO:root:TRAIN measures@100 for class 1 - precision 0.9057 - recall 0.5408 - f1 0.6772 
INFO:root:TRAIN measures@1000 microavg - precision 0.8024 - recall 0.8024 - f1 0.8024 
INFO:root:TRAIN measures@1000 for class 0 - precision 0.1421 - recall 0.0260 - f1 0.0440 
INFO:root:TRAIN measures@1000 for class 1 - precision 0.8242 - recall 0.9667 - f1 0.8898 
INFO:root:TRAIN Total epoch time: 1.4173476310002115
INFO:root:################ VALID epoch 6 ###################
INFO:root:VALID mean losses tensor(8.8413)
INFO:root:VALID mean errors 0.17255891859531403
INFO:root:VALID mean MRR 0.0 - mean MAP 0.8287328481674194
INFO:root:VALID tp {0: tensor(0), 1: tensor(983)},fn {0: tensor(205), 1: tensor(0)},fp {0: tensor(0), 1: tensor(205)}
INFO:root:VALID measures microavg - precision 0.8274 - recall 0.8274 - f1 0.8274 
INFO:root:VALID measures for class 0 - precision 0.0000 - recall 0.0000 - f1 0.0000 
INFO:root:VALID measures for class 1 - precision 0.8274 - recall 1.0000 - f1 0.9056 
INFO:root:VALID measures@10 microavg - precision 1.0000 - recall 0.0505 - f1 0.0962 
INFO:root:VALID measures@10 for class 0 - precision 0.0000 - recall 0.0000 - f1 0.0000 
INFO:root:VALID measures@10 for class 1 - precision 1.0000 - recall 0.0610 - f1 0.1151 
INFO:root:VALID measures@100 microavg - precision 0.9183 - recall 0.4638 - f1 0.6163 
INFO:root:VALID measures@100 for class 0 - precision 0.0000 - recall 0.0000 - f1 0.0000 
INFO:root:VALID measures@100 for class 1 - precision 0.9183 - recall 0.5605 - f1 0.6961 
INFO:root:VALID measures@1000 microavg - precision 0.8274 - recall 0.8274 - f1 0.8274 
INFO:root:VALID measures@1000 for class 0 - precision 0.0000 - recall 0.0000 - f1 0.0000 
INFO:root:VALID measures@1000 for class 1 - precision 0.8274 - recall 1.0000 - f1 0.9056 
INFO:root:VALID Total epoch time: 0.1283981279998443
INFO:root:################ TEST epoch 6 ###################
INFO:root:TEST batch 1 / 7 - partial error 0.1919 - partial loss 11.6453 - partial MRR  0.0000 - partial MAP 0.8071
INFO:root:TEST batch 1 / 7 -  partial tp {0: tensor(0), 1: tensor(160)},fn {0: tensor(38), 1: tensor(0)},fp {0: tensor(0), 1: tensor(38)}
INFO:root:TEST batch 1 / 7 - measures partial microavg - precision 0.8081 - recall 0.8081 - f1 0.8081 
INFO:root:TEST batch 1 / 7 - measures partial for class 0 - precision 0.0000 - recall 0.0000 - f1 0.0000 
INFO:root:TEST batch 1 / 7 - measures partial for class 1 - precision 0.8081 - recall 1.0000 - f1 0.8939 
INFO:root:TEST batch 1 / 7 - Batch time 0 
INFO:root:TEST batch 2 / 7 - partial error 0.1843 - partial loss 11.3358 - partial MRR  0.0000 - partial MAP 0.8147
INFO:root:TEST batch 2 / 7 -  partial tp {0: tensor(0), 1: tensor(163)},fn {0: tensor(35), 1: tensor(0)},fp {0: tensor(0), 1: tensor(35)}
INFO:root:TEST batch 2 / 7 - measures partial microavg - precision 0.8232 - recall 0.8232 - f1 0.8232 
INFO:root:TEST batch 2 / 7 - measures partial for class 0 - precision 0.0000 - recall 0.0000 - f1 0.0000 
INFO:root:TEST batch 2 / 7 - measures partial for class 1 - precision 0.8232 - recall 1.0000 - f1 0.9030 
INFO:root:TEST batch 2 / 7 - Batch time 0 
INFO:root:TEST batch 3 / 7 - partial error 0.1801 - partial loss 10.5696 - partial MRR  0.0000 - partial MAP 0.8190
INFO:root:TEST batch 3 / 7 -  partial tp {0: tensor(0), 1: tensor(164)},fn {0: tensor(34), 1: tensor(0)},fp {0: tensor(0), 1: tensor(34)}
INFO:root:TEST batch 3 / 7 - measures partial microavg - precision 0.8283 - recall 0.8283 - f1 0.8283 
INFO:root:TEST batch 3 / 7 - measures partial for class 0 - precision 0.0000 - recall 0.0000 - f1 0.0000 
INFO:root:TEST batch 3 / 7 - measures partial for class 1 - precision 0.8283 - recall 1.0000 - f1 0.9061 
INFO:root:TEST batch 3 / 7 - Batch time 0 
INFO:root:TEST batch 4 / 7 - partial error 0.1768 - partial loss 10.0780 - partial MRR  0.0000 - partial MAP 0.8236
INFO:root:TEST batch 4 / 7 -  partial tp {0: tensor(0), 1: tensor(165)},fn {0: tensor(33), 1: tensor(0)},fp {0: tensor(0), 1: tensor(33)}
INFO:root:TEST batch 4 / 7 - measures partial microavg - precision 0.8333 - recall 0.8333 - f1 0.8333 
INFO:root:TEST batch 4 / 7 - measures partial for class 0 - precision 0.0000 - recall 0.0000 - f1 0.0000 
INFO:root:TEST batch 4 / 7 - measures partial for class 1 - precision 0.8333 - recall 1.0000 - f1 0.9091 
INFO:root:TEST batch 4 / 7 - Batch time 0 
INFO:root:TEST batch 5 / 7 - partial error 0.1778 - partial loss 10.4550 - partial MRR  0.0000 - partial MAP 0.8232
INFO:root:TEST batch 5 / 7 -  partial tp {0: tensor(0), 1: tensor(162)},fn {0: tensor(36), 1: tensor(0)},fp {0: tensor(0), 1: tensor(36)}
INFO:root:TEST batch 5 / 7 - measures partial microavg - precision 0.8182 - recall 0.8182 - f1 0.8182 
INFO:root:TEST batch 5 / 7 - measures partial for class 0 - precision 0.0000 - recall 0.0000 - f1 0.0000 
INFO:root:TEST batch 5 / 7 - measures partial for class 1 - precision 0.8182 - recall 1.0000 - f1 0.9000 
INFO:root:TEST batch 5 / 7 - Batch time 0 
INFO:root:TEST batch 6 / 7 - partial error 0.1810 - partial loss 10.2571 - partial MRR  0.0000 - partial MAP 0.8195
INFO:root:TEST batch 6 / 7 -  partial tp {0: tensor(0), 1: tensor(159)},fn {0: tensor(39), 1: tensor(0)},fp {0: tensor(0), 1: tensor(39)}
INFO:root:TEST batch 6 / 7 - measures partial microavg - precision 0.8030 - recall 0.8030 - f1 0.8030 
INFO:root:TEST batch 6 / 7 - measures partial for class 0 - precision 0.0000 - recall 0.0000 - f1 0.0000 
INFO:root:TEST batch 6 / 7 - measures partial for class 1 - precision 0.8030 - recall 1.0000 - f1 0.8908 
INFO:root:TEST batch 6 / 7 - Batch time 0 
INFO:root:TEST batch 7 / 7 - partial error 0.1811 - partial loss 10.1404 - partial MRR  0.0000 - partial MAP 0.8198
INFO:root:TEST batch 7 / 7 -  partial tp {0: tensor(0), 1: tensor(162)},fn {0: tensor(36), 1: tensor(0)},fp {0: tensor(0), 1: tensor(36)}
INFO:root:TEST batch 7 / 7 - measures partial microavg - precision 0.8182 - recall 0.8182 - f1 0.8182 
INFO:root:TEST batch 7 / 7 - measures partial for class 0 - precision 0.0000 - recall 0.0000 - f1 0.0000 
INFO:root:TEST batch 7 / 7 - measures partial for class 1 - precision 0.8182 - recall 1.0000 - f1 0.9000 
INFO:root:TEST batch 7 / 7 - Batch time 0 
INFO:root:TEST mean losses tensor(10.1404)
INFO:root:TEST mean errors 0.18109668791294098
INFO:root:TEST mean MRR 0.0 - mean MAP 0.8197638988494873
INFO:root:TEST tp {0: tensor(0), 1: tensor(1135)},fn {0: tensor(251), 1: tensor(0)},fp {0: tensor(0), 1: tensor(251)}
INFO:root:TEST measures microavg - precision 0.8189 - recall 0.8189 - f1 0.8189 
INFO:root:TEST measures for class 0 - precision 0.0000 - recall 0.0000 - f1 0.0000 
INFO:root:TEST measures for class 1 - precision 0.8189 - recall 1.0000 - f1 0.9004 
INFO:root:TEST measures@10 microavg - precision 1.0000 - recall 0.0505 - f1 0.0962 
INFO:root:TEST measures@10 for class 0 - precision 0.0000 - recall 0.0000 - f1 0.0000 
INFO:root:TEST measures@10 for class 1 - precision 1.0000 - recall 0.0617 - f1 0.1162 
INFO:root:TEST measures@100 microavg - precision 0.9186 - recall 0.4639 - f1 0.6165 
INFO:root:TEST measures@100 for class 0 - precision 0.0000 - recall 0.0000 - f1 0.0000 
INFO:root:TEST measures@100 for class 1 - precision 0.9186 - recall 0.5665 - f1 0.7008 
INFO:root:TEST measures@1000 microavg - precision 0.8189 - recall 0.8189 - f1 0.8189 
INFO:root:TEST measures@1000 for class 0 - precision 0.0000 - recall 0.0000 - f1 0.0000 
INFO:root:TEST measures@1000 for class 1 - precision 0.8189 - recall 1.0000 - f1 0.9004 
INFO:root:TEST Total epoch time: 0.16990345500016701
INFO:root:################ TRAIN epoch 7 ###################
INFO:root:TRAIN mean losses tensor(8.0190)
INFO:root:TRAIN mean errors 0.19309763610363007
INFO:root:TRAIN mean MRR 0.0 - mean MAP 0.8362901210784912
INFO:root:TRAIN tp {0: tensor(39), 1: tensor(4754)},fn {0: tensor(999), 1: tensor(148)},fp {0: tensor(148), 1: tensor(999)}
INFO:root:TRAIN measures microavg - precision 0.8069 - recall 0.8069 - f1 0.8069 
INFO:root:TRAIN measures for class 0 - precision 0.2086 - recall 0.0376 - f1 0.0637 
INFO:root:TRAIN measures for class 1 - precision 0.8264 - recall 0.9698 - f1 0.8924 
INFO:root:TRAIN measures@10 microavg - precision 0.9933 - recall 0.0502 - f1 0.0955 
INFO:root:TRAIN measures@10 for class 0 - precision 0.0000 - recall 0.0000 - f1 0.0000 
INFO:root:TRAIN measures@10 for class 1 - precision 0.9933 - recall 0.0608 - f1 0.1146 
INFO:root:TRAIN measures@100 microavg - precision 0.9146 - recall 0.4633 - f1 0.6150 
INFO:root:TRAIN measures@100 for class 0 - precision 0.3333 - recall 0.0029 - f1 0.0057 
INFO:root:TRAIN measures@100 for class 1 - precision 0.9163 - recall 0.5608 - f1 0.6958 
INFO:root:TRAIN measures@1000 microavg - precision 0.8251 - recall 0.8251 - f1 0.8251 
INFO:root:TRAIN measures@1000 for class 0 - precision 0.4737 - recall 0.0087 - f1 0.0170 
INFO:root:TRAIN measures@1000 for class 1 - precision 0.8262 - recall 0.9980 - f1 0.9040 
INFO:root:TRAIN Total epoch time: 1.496967598000083
INFO:root:################ VALID epoch 7 ###################
INFO:root:VALID mean losses tensor(6.4016)
INFO:root:VALID mean errors 0.17255891859531403
INFO:root:VALID mean MRR 0.0 - mean MAP 0.8389204740524292
INFO:root:VALID tp {0: tensor(0), 1: tensor(983)},fn {0: tensor(205), 1: tensor(0)},fp {0: tensor(0), 1: tensor(205)}
INFO:root:VALID measures microavg - precision 0.8274 - recall 0.8274 - f1 0.8274 
INFO:root:VALID measures for class 0 - precision 0.0000 - recall 0.0000 - f1 0.0000 
INFO:root:VALID measures for class 1 - precision 0.8274 - recall 1.0000 - f1 0.9056 
INFO:root:VALID measures@10 microavg - precision 1.0000 - recall 0.0505 - f1 0.0962 
INFO:root:VALID measures@10 for class 0 - precision 0.0000 - recall 0.0000 - f1 0.0000 
INFO:root:VALID measures@10 for class 1 - precision 1.0000 - recall 0.0610 - f1 0.1151 
INFO:root:VALID measures@100 microavg - precision 0.9317 - recall 0.4705 - f1 0.6253 
INFO:root:VALID measures@100 for class 0 - precision 0.0000 - recall 0.0000 - f1 0.0000 
INFO:root:VALID measures@100 for class 1 - precision 0.9317 - recall 0.5687 - f1 0.7063 
INFO:root:VALID measures@1000 microavg - precision 0.8274 - recall 0.8274 - f1 0.8274 
INFO:root:VALID measures@1000 for class 0 - precision 0.0000 - recall 0.0000 - f1 0.0000 
INFO:root:VALID measures@1000 for class 1 - precision 0.8274 - recall 1.0000 - f1 0.9056 
INFO:root:VALID Total epoch time: 0.1291176939998877
INFO:root:################ TEST epoch 7 ###################
INFO:root:TEST batch 1 / 7 - partial error 0.1919 - partial loss 5.6437 - partial MRR  0.0000 - partial MAP 0.8330
INFO:root:TEST batch 1 / 7 -  partial tp {0: tensor(0), 1: tensor(160)},fn {0: tensor(38), 1: tensor(0)},fp {0: tensor(0), 1: tensor(38)}
INFO:root:TEST batch 1 / 7 - measures partial microavg - precision 0.8081 - recall 0.8081 - f1 0.8081 
INFO:root:TEST batch 1 / 7 - measures partial for class 0 - precision 0.0000 - recall 0.0000 - f1 0.0000 
INFO:root:TEST batch 1 / 7 - measures partial for class 1 - precision 0.8081 - recall 1.0000 - f1 0.8939 
INFO:root:TEST batch 1 / 7 - Batch time 0 
INFO:root:TEST batch 2 / 7 - partial error 0.1843 - partial loss 6.2127 - partial MRR  0.0000 - partial MAP 0.8310
INFO:root:TEST batch 2 / 7 -  partial tp {0: tensor(0), 1: tensor(163)},fn {0: tensor(35), 1: tensor(0)},fp {0: tensor(0), 1: tensor(35)}
INFO:root:TEST batch 2 / 7 - measures partial microavg - precision 0.8232 - recall 0.8232 - f1 0.8232 
INFO:root:TEST batch 2 / 7 - measures partial for class 0 - precision 0.0000 - recall 0.0000 - f1 0.0000 
INFO:root:TEST batch 2 / 7 - measures partial for class 1 - precision 0.8232 - recall 1.0000 - f1 0.9030 
INFO:root:TEST batch 2 / 7 - Batch time 0 
INFO:root:TEST batch 3 / 7 - partial error 0.1801 - partial loss 6.1726 - partial MRR  0.0000 - partial MAP 0.8320
INFO:root:TEST batch 3 / 7 -  partial tp {0: tensor(0), 1: tensor(164)},fn {0: tensor(34), 1: tensor(0)},fp {0: tensor(0), 1: tensor(34)}
INFO:root:TEST batch 3 / 7 - measures partial microavg - precision 0.8283 - recall 0.8283 - f1 0.8283 
INFO:root:TEST batch 3 / 7 - measures partial for class 0 - precision 0.0000 - recall 0.0000 - f1 0.0000 
INFO:root:TEST batch 3 / 7 - measures partial for class 1 - precision 0.8283 - recall 1.0000 - f1 0.9061 
INFO:root:TEST batch 3 / 7 - Batch time 0 
INFO:root:TEST batch 4 / 7 - partial error 0.1768 - partial loss 6.1288 - partial MRR  0.0000 - partial MAP 0.8313
INFO:root:TEST batch 4 / 7 -  partial tp {0: tensor(0), 1: tensor(165)},fn {0: tensor(33), 1: tensor(0)},fp {0: tensor(0), 1: tensor(33)}
INFO:root:TEST batch 4 / 7 - measures partial microavg - precision 0.8333 - recall 0.8333 - f1 0.8333 
INFO:root:TEST batch 4 / 7 - measures partial for class 0 - precision 0.0000 - recall 0.0000 - f1 0.0000 
INFO:root:TEST batch 4 / 7 - measures partial for class 1 - precision 0.8333 - recall 1.0000 - f1 0.9091 
INFO:root:TEST batch 4 / 7 - Batch time 0 
INFO:root:TEST batch 5 / 7 - partial error 0.1778 - partial loss 6.3782 - partial MRR  0.0000 - partial MAP 0.8293
INFO:root:TEST batch 5 / 7 -  partial tp {0: tensor(0), 1: tensor(162)},fn {0: tensor(36), 1: tensor(0)},fp {0: tensor(0), 1: tensor(36)}
INFO:root:TEST batch 5 / 7 - measures partial microavg - precision 0.8182 - recall 0.8182 - f1 0.8182 
INFO:root:TEST batch 5 / 7 - measures partial for class 0 - precision 0.0000 - recall 0.0000 - f1 0.0000 
INFO:root:TEST batch 5 / 7 - measures partial for class 1 - precision 0.8182 - recall 1.0000 - f1 0.9000 
INFO:root:TEST batch 5 / 7 - Batch time 0 
INFO:root:TEST batch 6 / 7 - partial error 0.1810 - partial loss 6.6863 - partial MRR  0.0000 - partial MAP 0.8256
INFO:root:TEST batch 6 / 7 -  partial tp {0: tensor(0), 1: tensor(159)},fn {0: tensor(39), 1: tensor(0)},fp {0: tensor(0), 1: tensor(39)}
INFO:root:TEST batch 6 / 7 - measures partial microavg - precision 0.8030 - recall 0.8030 - f1 0.8030 
INFO:root:TEST batch 6 / 7 - measures partial for class 0 - precision 0.0000 - recall 0.0000 - f1 0.0000 
INFO:root:TEST batch 6 / 7 - measures partial for class 1 - precision 0.8030 - recall 1.0000 - f1 0.8908 
INFO:root:TEST batch 6 / 7 - Batch time 0 
INFO:root:TEST batch 7 / 7 - partial error 0.1811 - partial loss 6.4793 - partial MRR  0.0000 - partial MAP 0.8254
INFO:root:TEST batch 7 / 7 -  partial tp {0: tensor(0), 1: tensor(162)},fn {0: tensor(36), 1: tensor(0)},fp {0: tensor(0), 1: tensor(36)}
INFO:root:TEST batch 7 / 7 - measures partial microavg - precision 0.8182 - recall 0.8182 - f1 0.8182 
INFO:root:TEST batch 7 / 7 - measures partial for class 0 - precision 0.0000 - recall 0.0000 - f1 0.0000 
INFO:root:TEST batch 7 / 7 - measures partial for class 1 - precision 0.8182 - recall 1.0000 - f1 0.9000 
INFO:root:TEST batch 7 / 7 - Batch time 0 
INFO:root:TEST mean losses tensor(6.4793)
INFO:root:TEST mean errors 0.18109668791294098
INFO:root:TEST mean MRR 0.0 - mean MAP 0.8253958821296692
INFO:root:TEST tp {0: tensor(0), 1: tensor(1135)},fn {0: tensor(251), 1: tensor(0)},fp {0: tensor(0), 1: tensor(251)}
INFO:root:TEST measures microavg - precision 0.8189 - recall 0.8189 - f1 0.8189 
INFO:root:TEST measures for class 0 - precision 0.0000 - recall 0.0000 - f1 0.0000 
INFO:root:TEST measures for class 1 - precision 0.8189 - recall 1.0000 - f1 0.9004 
INFO:root:TEST measures@10 microavg - precision 1.0000 - recall 0.0505 - f1 0.0962 
INFO:root:TEST measures@10 for class 0 - precision 0.0000 - recall 0.0000 - f1 0.0000 
INFO:root:TEST measures@10 for class 1 - precision 1.0000 - recall 0.0617 - f1 0.1162 
INFO:root:TEST measures@100 microavg - precision 0.9086 - recall 0.4589 - f1 0.6098 
INFO:root:TEST measures@100 for class 0 - precision 0.0000 - recall 0.0000 - f1 0.0000 
INFO:root:TEST measures@100 for class 1 - precision 0.9086 - recall 0.5604 - f1 0.6932 
INFO:root:TEST measures@1000 microavg - precision 0.8189 - recall 0.8189 - f1 0.8189 
INFO:root:TEST measures@1000 for class 0 - precision 0.0000 - recall 0.0000 - f1 0.0000 
INFO:root:TEST measures@1000 for class 1 - precision 0.8189 - recall 1.0000 - f1 0.9004 
INFO:root:TEST Total epoch time: 0.16811922899978526
INFO:root:################ TRAIN epoch 8 ###################
INFO:root:TRAIN mean losses tensor(6.6614)
INFO:root:TRAIN mean errors 0.17845118045806885
INFO:root:TRAIN mean MRR 0.0 - mean MAP 0.8518849611282349
INFO:root:TRAIN tp {0: tensor(0), 1: tensor(4880)},fn {0: tensor(1038), 1: tensor(22)},fp {0: tensor(22), 1: tensor(1038)}
INFO:root:TRAIN measures microavg - precision 0.8215 - recall 0.8215 - f1 0.8215 
INFO:root:TRAIN measures for class 0 - precision 0.0000 - recall 0.0000 - f1 0.0000 
INFO:root:TRAIN measures for class 1 - precision 0.8246 - recall 0.9955 - f1 0.9020 
INFO:root:TRAIN measures@10 microavg - precision 0.9633 - recall 0.0487 - f1 0.0926 
INFO:root:TRAIN measures@10 for class 0 - precision 0.0000 - recall 0.0000 - f1 0.0000 
INFO:root:TRAIN measures@10 for class 1 - precision 0.9633 - recall 0.0590 - f1 0.1111 
INFO:root:TRAIN measures@100 microavg - precision 0.9097 - recall 0.4614 - f1 0.6123 
INFO:root:TRAIN measures@100 for class 0 - precision 0.3077 - recall 0.0039 - f1 0.0076 
INFO:root:TRAIN measures@100 for class 1 - precision 0.9123 - recall 0.5583 - f1 0.6927 
INFO:root:TRAIN measures@1000 microavg - precision 0.8172 - recall 0.8172 - f1 0.8172 
INFO:root:TRAIN measures@1000 for class 0 - precision 0.1471 - recall 0.0096 - f1 0.0181 
INFO:root:TRAIN measures@1000 for class 1 - precision 0.8249 - recall 0.9882 - f1 0.8992 
INFO:root:TRAIN Total epoch time: 1.4696934079997845
INFO:root:################ VALID epoch 8 ###################
INFO:root:VALID mean losses tensor(2.2434)
INFO:root:VALID mean errors 0.1835016906261444
INFO:root:VALID mean MRR 0.0 - mean MAP 0.8961837291717529
INFO:root:VALID tp {0: tensor(4), 1: tensor(966)},fn {0: tensor(201), 1: tensor(17)},fp {0: tensor(17), 1: tensor(201)}
INFO:root:VALID measures microavg - precision 0.8165 - recall 0.8165 - f1 0.8165 
INFO:root:VALID measures for class 0 - precision 0.1905 - recall 0.0195 - f1 0.0354 
INFO:root:VALID measures for class 1 - precision 0.8278 - recall 0.9827 - f1 0.8986 
INFO:root:VALID measures@10 microavg - precision 0.9062 - recall 0.0488 - f1 0.0927 
INFO:root:VALID measures@10 for class 0 - precision 0.2500 - recall 0.0049 - f1 0.0096 
INFO:root:VALID measures@10 for class 1 - precision 0.9500 - recall 0.0580 - f1 0.1093 
INFO:root:VALID measures@100 microavg - precision 0.8860 - recall 0.4579 - f1 0.6038 
INFO:root:VALID measures@100 for class 0 - precision 0.2143 - recall 0.0146 - f1 0.0274 
INFO:root:VALID measures@100 for class 1 - precision 0.9017 - recall 0.5504 - f1 0.6835 
INFO:root:VALID measures@1000 microavg - precision 0.7955 - recall 0.7955 - f1 0.7955 
INFO:root:VALID measures@1000 for class 0 - precision 0.1607 - recall 0.0439 - f1 0.0690 
INFO:root:VALID measures@1000 for class 1 - precision 0.8269 - recall 0.9522 - f1 0.8851 
INFO:root:VALID Total epoch time: 0.13126628300005905
INFO:root:################ TRAIN epoch 9 ###################
INFO:root:TRAIN mean losses tensor(2.7764)
INFO:root:TRAIN mean errors 0.1880471408367157
INFO:root:TRAIN mean MRR 0.0 - mean MAP 0.8830268979072571
INFO:root:TRAIN tp {0: tensor(24), 1: tensor(4799)},fn {0: tensor(1014), 1: tensor(103)},fp {0: tensor(103), 1: tensor(1014)}
INFO:root:TRAIN measures microavg - precision 0.8120 - recall 0.8120 - f1 0.8120 
INFO:root:TRAIN measures for class 0 - precision 0.1890 - recall 0.0231 - f1 0.0412 
INFO:root:TRAIN measures for class 1 - precision 0.8256 - recall 0.9790 - f1 0.8958 
INFO:root:TRAIN measures@10 microavg - precision 0.8295 - recall 0.0492 - f1 0.0928 
INFO:root:TRAIN measures@10 for class 0 - precision 0.3784 - recall 0.0270 - f1 0.0504 
INFO:root:TRAIN measures@10 for class 1 - precision 0.9496 - recall 0.0539 - f1 0.1019 
INFO:root:TRAIN measures@100 microavg - precision 0.6534 - recall 0.3392 - f1 0.4466 
INFO:root:TRAIN measures@100 for class 0 - precision 0.2662 - recall 0.2967 - f1 0.2806 
INFO:root:TRAIN measures@100 for class 1 - precision 0.8858 - recall 0.3482 - f1 0.4999 
INFO:root:TRAIN measures@1000 microavg - precision 0.5249 - recall 0.5249 - f1 0.5249 
INFO:root:TRAIN measures@1000 for class 0 - precision 0.1752 - recall 0.4634 - f1 0.2542 
INFO:root:TRAIN measures@1000 for class 1 - precision 0.8256 - recall 0.5379 - f1 0.6514 
INFO:root:TRAIN Total epoch time: 1.3294221369997103
INFO:root:################ VALID epoch 9 ###################
INFO:root:VALID mean losses tensor(3.9075)
INFO:root:VALID mean errors 0.17255891859531403
INFO:root:VALID mean MRR 0.0 - mean MAP 0.8565612435340881
INFO:root:VALID tp {0: tensor(0), 1: tensor(983)},fn {0: tensor(205), 1: tensor(0)},fp {0: tensor(0), 1: tensor(205)}
INFO:root:VALID measures microavg - precision 0.8274 - recall 0.8274 - f1 0.8274 
INFO:root:VALID measures for class 0 - precision 0.0000 - recall 0.0000 - f1 0.0000 
INFO:root:VALID measures for class 1 - precision 0.8274 - recall 1.0000 - f1 0.9056 
INFO:root:VALID measures@10 microavg - precision 0.9833 - recall 0.0497 - f1 0.0946 
INFO:root:VALID measures@10 for class 0 - precision 0.0000 - recall 0.0000 - f1 0.0000 
INFO:root:VALID measures@10 for class 1 - precision 0.9833 - recall 0.0600 - f1 0.1131 
INFO:root:VALID measures@100 microavg - precision 0.9250 - recall 0.4672 - f1 0.6208 
INFO:root:VALID measures@100 for class 0 - precision 0.0000 - recall 0.0000 - f1 0.0000 
INFO:root:VALID measures@100 for class 1 - precision 0.9250 - recall 0.5646 - f1 0.7012 
INFO:root:VALID measures@1000 microavg - precision 0.8274 - recall 0.8274 - f1 0.8274 
INFO:root:VALID measures@1000 for class 0 - precision 0.0000 - recall 0.0000 - f1 0.0000 
INFO:root:VALID measures@1000 for class 1 - precision 0.8274 - recall 1.0000 - f1 0.9056 
INFO:root:VALID Total epoch time: 0.059865419000288966
INFO:root:################ TEST epoch 9 ###################
INFO:root:TEST batch 1 / 7 - partial error 0.1919 - partial loss 4.4017 - partial MRR  0.0000 - partial MAP 0.8376
INFO:root:TEST batch 1 / 7 -  partial tp {0: tensor(0), 1: tensor(160)},fn {0: tensor(38), 1: tensor(0)},fp {0: tensor(0), 1: tensor(38)}
INFO:root:TEST batch 1 / 7 - measures partial microavg - precision 0.8081 - recall 0.8081 - f1 0.8081 
INFO:root:TEST batch 1 / 7 - measures partial for class 0 - precision 0.0000 - recall 0.0000 - f1 0.0000 
INFO:root:TEST batch 1 / 7 - measures partial for class 1 - precision 0.8081 - recall 1.0000 - f1 0.8939 
INFO:root:TEST batch 1 / 7 - Batch time 0 
INFO:root:TEST batch 2 / 7 - partial error 0.1843 - partial loss 4.1806 - partial MRR  0.0000 - partial MAP 0.8410
INFO:root:TEST batch 2 / 7 -  partial tp {0: tensor(0), 1: tensor(163)},fn {0: tensor(35), 1: tensor(0)},fp {0: tensor(0), 1: tensor(35)}
INFO:root:TEST batch 2 / 7 - measures partial microavg - precision 0.8232 - recall 0.8232 - f1 0.8232 
INFO:root:TEST batch 2 / 7 - measures partial for class 0 - precision 0.0000 - recall 0.0000 - f1 0.0000 
INFO:root:TEST batch 2 / 7 - measures partial for class 1 - precision 0.8232 - recall 1.0000 - f1 0.9030 
INFO:root:TEST batch 2 / 7 - Batch time 0 
INFO:root:TEST batch 3 / 7 - partial error 0.1801 - partial loss 4.0871 - partial MRR  0.0000 - partial MAP 0.8446
INFO:root:TEST batch 3 / 7 -  partial tp {0: tensor(0), 1: tensor(164)},fn {0: tensor(34), 1: tensor(0)},fp {0: tensor(0), 1: tensor(34)}
INFO:root:TEST batch 3 / 7 - measures partial microavg - precision 0.8283 - recall 0.8283 - f1 0.8283 
INFO:root:TEST batch 3 / 7 - measures partial for class 0 - precision 0.0000 - recall 0.0000 - f1 0.0000 
INFO:root:TEST batch 3 / 7 - measures partial for class 1 - precision 0.8283 - recall 1.0000 - f1 0.9061 
INFO:root:TEST batch 3 / 7 - Batch time 0 
INFO:root:TEST batch 4 / 7 - partial error 0.1768 - partial loss 4.0361 - partial MRR  0.0000 - partial MAP 0.8455
INFO:root:TEST batch 4 / 7 -  partial tp {0: tensor(0), 1: tensor(165)},fn {0: tensor(33), 1: tensor(0)},fp {0: tensor(0), 1: tensor(33)}
INFO:root:TEST batch 4 / 7 - measures partial microavg - precision 0.8333 - recall 0.8333 - f1 0.8333 
INFO:root:TEST batch 4 / 7 - measures partial for class 0 - precision 0.0000 - recall 0.0000 - f1 0.0000 
INFO:root:TEST batch 4 / 7 - measures partial for class 1 - precision 0.8333 - recall 1.0000 - f1 0.9091 
INFO:root:TEST batch 4 / 7 - Batch time 0 
INFO:root:TEST batch 5 / 7 - partial error 0.1778 - partial loss 3.9776 - partial MRR  0.0000 - partial MAP 0.8488
INFO:root:TEST batch 5 / 7 -  partial tp {0: tensor(0), 1: tensor(162)},fn {0: tensor(36), 1: tensor(0)},fp {0: tensor(0), 1: tensor(36)}
INFO:root:TEST batch 5 / 7 - measures partial microavg - precision 0.8182 - recall 0.8182 - f1 0.8182 
INFO:root:TEST batch 5 / 7 - measures partial for class 0 - precision 0.0000 - recall 0.0000 - f1 0.0000 
INFO:root:TEST batch 5 / 7 - measures partial for class 1 - precision 0.8182 - recall 1.0000 - f1 0.9000 
INFO:root:TEST batch 5 / 7 - Batch time 0 
INFO:root:TEST batch 6 / 7 - partial error 0.1810 - partial loss 3.9169 - partial MRR  0.0000 - partial MAP 0.8483
INFO:root:TEST batch 6 / 7 -  partial tp {0: tensor(0), 1: tensor(159)},fn {0: tensor(39), 1: tensor(0)},fp {0: tensor(0), 1: tensor(39)}
INFO:root:TEST batch 6 / 7 - measures partial microavg - precision 0.8030 - recall 0.8030 - f1 0.8030 
INFO:root:TEST batch 6 / 7 - measures partial for class 0 - precision 0.0000 - recall 0.0000 - f1 0.0000 
INFO:root:TEST batch 6 / 7 - measures partial for class 1 - precision 0.8030 - recall 1.0000 - f1 0.8908 
INFO:root:TEST batch 6 / 7 - Batch time 0 
INFO:root:TEST batch 7 / 7 - partial error 0.1811 - partial loss 3.8655 - partial MRR  0.0000 - partial MAP 0.8472
INFO:root:TEST batch 7 / 7 -  partial tp {0: tensor(0), 1: tensor(162)},fn {0: tensor(36), 1: tensor(0)},fp {0: tensor(0), 1: tensor(36)}
INFO:root:TEST batch 7 / 7 - measures partial microavg - precision 0.8182 - recall 0.8182 - f1 0.8182 
INFO:root:TEST batch 7 / 7 - measures partial for class 0 - precision 0.0000 - recall 0.0000 - f1 0.0000 
INFO:root:TEST batch 7 / 7 - measures partial for class 1 - precision 0.8182 - recall 1.0000 - f1 0.9000 
INFO:root:TEST batch 7 / 7 - Batch time 0 
INFO:root:TEST mean losses tensor(3.8655)
INFO:root:TEST mean errors 0.18109668791294098
INFO:root:TEST mean MRR 0.0 - mean MAP 0.8472105860710144
INFO:root:TEST tp {0: tensor(0), 1: tensor(1135)},fn {0: tensor(251), 1: tensor(0)},fp {0: tensor(0), 1: tensor(251)}
INFO:root:TEST measures microavg - precision 0.8189 - recall 0.8189 - f1 0.8189 
INFO:root:TEST measures for class 0 - precision 0.0000 - recall 0.0000 - f1 0.0000 
INFO:root:TEST measures for class 1 - precision 0.8189 - recall 1.0000 - f1 0.9004 
INFO:root:TEST measures@10 microavg - precision 1.0000 - recall 0.0505 - f1 0.0962 
INFO:root:TEST measures@10 for class 0 - precision 0.0000 - recall 0.0000 - f1 0.0000 
INFO:root:TEST measures@10 for class 1 - precision 1.0000 - recall 0.0617 - f1 0.1162 
INFO:root:TEST measures@100 microavg - precision 0.9143 - recall 0.4618 - f1 0.6136 
INFO:root:TEST measures@100 for class 0 - precision 0.0000 - recall 0.0000 - f1 0.0000 
INFO:root:TEST measures@100 for class 1 - precision 0.9143 - recall 0.5639 - f1 0.6975 
INFO:root:TEST measures@1000 microavg - precision 0.8189 - recall 0.8189 - f1 0.8189 
INFO:root:TEST measures@1000 for class 0 - precision 0.0000 - recall 0.0000 - f1 0.0000 
INFO:root:TEST measures@1000 for class 1 - precision 0.8189 - recall 1.0000 - f1 0.9004 
INFO:root:TEST Total epoch time: 0.08153763500013156
INFO:root:################ TRAIN epoch 10 ###################
INFO:root:TRAIN mean losses tensor(2.7036)
INFO:root:TRAIN mean errors 0.17474748194217682
INFO:root:TRAIN mean MRR 0.0 - mean MAP 0.8846702575683594
INFO:root:TRAIN tp {0: tensor(0), 1: tensor(4902)},fn {0: tensor(1038), 1: tensor(0)},fp {0: tensor(0), 1: tensor(1038)}
INFO:root:TRAIN measures microavg - precision 0.8253 - recall 0.8253 - f1 0.8253 
INFO:root:TRAIN measures for class 0 - precision 0.0000 - recall 0.0000 - f1 0.0000 
INFO:root:TRAIN measures for class 1 - precision 0.8253 - recall 1.0000 - f1 0.9043 
INFO:root:TRAIN measures@10 microavg - precision 0.9800 - recall 0.0495 - f1 0.0942 
INFO:root:TRAIN measures@10 for class 0 - precision 0.0000 - recall 0.0000 - f1 0.0000 
INFO:root:TRAIN measures@10 for class 1 - precision 0.9800 - recall 0.0600 - f1 0.1130 
INFO:root:TRAIN measures@100 microavg - precision 0.9147 - recall 0.4620 - f1 0.6139 
INFO:root:TRAIN measures@100 for class 0 - precision 0.0000 - recall 0.0000 - f1 0.0000 
INFO:root:TRAIN measures@100 for class 1 - precision 0.9147 - recall 0.5598 - f1 0.6945 
INFO:root:TRAIN measures@1000 microavg - precision 0.8251 - recall 0.8251 - f1 0.8251 
INFO:root:TRAIN measures@1000 for class 0 - precision 0.0000 - recall 0.0000 - f1 0.0000 
INFO:root:TRAIN measures@1000 for class 1 - precision 0.8252 - recall 0.9998 - f1 0.9042 
INFO:root:TRAIN Total epoch time: 0.5750080890002209
INFO:root:################ VALID epoch 10 ###################
INFO:root:VALID mean losses tensor(1.5526)
INFO:root:VALID mean errors 0.17255891859531403
INFO:root:VALID mean MRR 0.0 - mean MAP 0.9170545339584351
INFO:root:VALID tp {0: tensor(0), 1: tensor(983)},fn {0: tensor(205), 1: tensor(0)},fp {0: tensor(0), 1: tensor(205)}
INFO:root:VALID measures microavg - precision 0.8274 - recall 0.8274 - f1 0.8274 
INFO:root:VALID measures for class 0 - precision 0.0000 - recall 0.0000 - f1 0.0000 
INFO:root:VALID measures for class 1 - precision 0.8274 - recall 1.0000 - f1 0.9056 
INFO:root:VALID measures@10 microavg - precision 0.8852 - recall 0.0455 - f1 0.0865 
INFO:root:VALID measures@10 for class 0 - precision 0.0000 - recall 0.0000 - f1 0.0000 
INFO:root:VALID measures@10 for class 1 - precision 0.9000 - recall 0.0549 - f1 0.1035 
INFO:root:VALID measures@100 microavg - precision 0.8939 - recall 0.4680 - f1 0.6144 
INFO:root:VALID measures@100 for class 0 - precision 0.4545 - recall 0.0488 - f1 0.0881 
INFO:root:VALID measures@100 for class 1 - precision 0.9100 - recall 0.5554 - f1 0.6898 
INFO:root:VALID measures@1000 microavg - precision 0.8190 - recall 0.8190 - f1 0.8190 
INFO:root:VALID measures@1000 for class 0 - precision 0.3864 - recall 0.0829 - f1 0.1365 
INFO:root:VALID measures@1000 for class 1 - precision 0.8357 - recall 0.9725 - f1 0.8989 
INFO:root:VALID Total epoch time: 0.06956617500009088
INFO:root:################ TEST epoch 10 ###################
INFO:root:TEST batch 1 / 7 - partial error 0.1919 - partial loss 1.3808 - partial MRR  0.0000 - partial MAP 0.8869
INFO:root:TEST batch 1 / 7 -  partial tp {0: tensor(0), 1: tensor(160)},fn {0: tensor(38), 1: tensor(0)},fp {0: tensor(0), 1: tensor(38)}
INFO:root:TEST batch 1 / 7 - measures partial microavg - precision 0.8081 - recall 0.8081 - f1 0.8081 
INFO:root:TEST batch 1 / 7 - measures partial for class 0 - precision 0.0000 - recall 0.0000 - f1 0.0000 
INFO:root:TEST batch 1 / 7 - measures partial for class 1 - precision 0.8081 - recall 1.0000 - f1 0.8939 
INFO:root:TEST batch 1 / 7 - Batch time 0 
INFO:root:TEST batch 2 / 7 - partial error 0.1843 - partial loss 1.3106 - partial MRR  0.0000 - partial MAP 0.9176
INFO:root:TEST batch 2 / 7 -  partial tp {0: tensor(0), 1: tensor(163)},fn {0: tensor(35), 1: tensor(0)},fp {0: tensor(0), 1: tensor(35)}
INFO:root:TEST batch 2 / 7 - measures partial microavg - precision 0.8232 - recall 0.8232 - f1 0.8232 
INFO:root:TEST batch 2 / 7 - measures partial for class 0 - precision 0.0000 - recall 0.0000 - f1 0.0000 
INFO:root:TEST batch 2 / 7 - measures partial for class 1 - precision 0.8232 - recall 1.0000 - f1 0.9030 
INFO:root:TEST batch 2 / 7 - Batch time 0 
INFO:root:TEST batch 3 / 7 - partial error 0.1801 - partial loss 1.2561 - partial MRR  0.0000 - partial MAP 0.9153
INFO:root:TEST batch 3 / 7 -  partial tp {0: tensor(0), 1: tensor(164)},fn {0: tensor(34), 1: tensor(0)},fp {0: tensor(0), 1: tensor(34)}
INFO:root:TEST batch 3 / 7 - measures partial microavg - precision 0.8283 - recall 0.8283 - f1 0.8283 
INFO:root:TEST batch 3 / 7 - measures partial for class 0 - precision 0.0000 - recall 0.0000 - f1 0.0000 
INFO:root:TEST batch 3 / 7 - measures partial for class 1 - precision 0.8283 - recall 1.0000 - f1 0.9061 
INFO:root:TEST batch 3 / 7 - Batch time 0 
INFO:root:TEST batch 4 / 7 - partial error 0.1768 - partial loss 1.2912 - partial MRR  0.0000 - partial MAP 0.9048
INFO:root:TEST batch 4 / 7 -  partial tp {0: tensor(0), 1: tensor(165)},fn {0: tensor(33), 1: tensor(0)},fp {0: tensor(0), 1: tensor(33)}
INFO:root:TEST batch 4 / 7 - measures partial microavg - precision 0.8333 - recall 0.8333 - f1 0.8333 
INFO:root:TEST batch 4 / 7 - measures partial for class 0 - precision 0.0000 - recall 0.0000 - f1 0.0000 
INFO:root:TEST batch 4 / 7 - measures partial for class 1 - precision 0.8333 - recall 1.0000 - f1 0.9091 
INFO:root:TEST batch 4 / 7 - Batch time 0 
INFO:root:TEST batch 5 / 7 - partial error 0.1778 - partial loss 1.5087 - partial MRR  0.0000 - partial MAP 0.9056
INFO:root:TEST batch 5 / 7 -  partial tp {0: tensor(0), 1: tensor(162)},fn {0: tensor(36), 1: tensor(0)},fp {0: tensor(0), 1: tensor(36)}
INFO:root:TEST batch 5 / 7 - measures partial microavg - precision 0.8182 - recall 0.8182 - f1 0.8182 
INFO:root:TEST batch 5 / 7 - measures partial for class 0 - precision 0.0000 - recall 0.0000 - f1 0.0000 
INFO:root:TEST batch 5 / 7 - measures partial for class 1 - precision 0.8182 - recall 1.0000 - f1 0.9000 
INFO:root:TEST batch 5 / 7 - Batch time 0 
INFO:root:TEST batch 6 / 7 - partial error 0.1810 - partial loss 1.5278 - partial MRR  0.0000 - partial MAP 0.9085
INFO:root:TEST batch 6 / 7 -  partial tp {0: tensor(0), 1: tensor(159)},fn {0: tensor(39), 1: tensor(0)},fp {0: tensor(0), 1: tensor(39)}
INFO:root:TEST batch 6 / 7 - measures partial microavg - precision 0.8030 - recall 0.8030 - f1 0.8030 
INFO:root:TEST batch 6 / 7 - measures partial for class 0 - precision 0.0000 - recall 0.0000 - f1 0.0000 
INFO:root:TEST batch 6 / 7 - measures partial for class 1 - precision 0.8030 - recall 1.0000 - f1 0.8908 
INFO:root:TEST batch 6 / 7 - Batch time 0 
INFO:root:TEST batch 7 / 7 - partial error 0.1811 - partial loss 1.5201 - partial MRR  0.0000 - partial MAP 0.9103
INFO:root:TEST batch 7 / 7 -  partial tp {0: tensor(0), 1: tensor(162)},fn {0: tensor(36), 1: tensor(0)},fp {0: tensor(0), 1: tensor(36)}
INFO:root:TEST batch 7 / 7 - measures partial microavg - precision 0.8182 - recall 0.8182 - f1 0.8182 
INFO:root:TEST batch 7 / 7 - measures partial for class 0 - precision 0.0000 - recall 0.0000 - f1 0.0000 
INFO:root:TEST batch 7 / 7 - measures partial for class 1 - precision 0.8182 - recall 1.0000 - f1 0.9000 
INFO:root:TEST batch 7 / 7 - Batch time 0 
INFO:root:TEST mean losses tensor(1.5201)
INFO:root:TEST mean errors 0.18109668791294098
INFO:root:TEST mean MRR 0.0 - mean MAP 0.9102838635444641
INFO:root:TEST tp {0: tensor(0), 1: tensor(1135)},fn {0: tensor(251), 1: tensor(0)},fp {0: tensor(0), 1: tensor(251)}
INFO:root:TEST measures microavg - precision 0.8189 - recall 0.8189 - f1 0.8189 
INFO:root:TEST measures for class 0 - precision 0.0000 - recall 0.0000 - f1 0.0000 
INFO:root:TEST measures for class 1 - precision 0.8189 - recall 1.0000 - f1 0.9004 
INFO:root:TEST measures@10 microavg - precision 0.9429 - recall 0.0476 - f1 0.0907 
INFO:root:TEST measures@10 for class 0 - precision 0.0000 - recall 0.0000 - f1 0.0000 
INFO:root:TEST measures@10 for class 1 - precision 0.9429 - recall 0.0581 - f1 0.1095 
INFO:root:TEST measures@100 microavg - precision 0.8924 - recall 0.4545 - f1 0.6023 
INFO:root:TEST measures@100 for class 0 - precision 0.5000 - recall 0.0120 - f1 0.0233 
INFO:root:TEST measures@100 for class 1 - precision 0.8957 - recall 0.5524 - f1 0.6834 
INFO:root:TEST measures@1000 microavg - precision 0.8175 - recall 0.8175 - f1 0.8175 
INFO:root:TEST measures@1000 for class 0 - precision 0.4167 - recall 0.0199 - f1 0.0380 
INFO:root:TEST measures@1000 for class 1 - precision 0.8210 - recall 0.9938 - f1 0.8992 
INFO:root:TEST Total epoch time: 0.09052368699985891
INFO:root:################ TRAIN epoch 11 ###################
INFO:root:TRAIN mean losses tensor(1.1925)
INFO:root:TRAIN mean errors 0.1750841736793518
INFO:root:TRAIN mean MRR 0.0 - mean MAP 0.904814600944519
INFO:root:TRAIN tp {0: tensor(0), 1: tensor(4900)},fn {0: tensor(1038), 1: tensor(2)},fp {0: tensor(2), 1: tensor(1038)}
INFO:root:TRAIN measures microavg - precision 0.8249 - recall 0.8249 - f1 0.8249 
INFO:root:TRAIN measures for class 0 - precision 0.0000 - recall 0.0000 - f1 0.0000 
INFO:root:TRAIN measures for class 1 - precision 0.8252 - recall 0.9996 - f1 0.9041 
INFO:root:TRAIN measures@10 microavg - precision 0.9567 - recall 0.0483 - f1 0.0920 
INFO:root:TRAIN measures@10 for class 0 - precision 0.0000 - recall 0.0000 - f1 0.0000 
INFO:root:TRAIN measures@10 for class 1 - precision 0.9567 - recall 0.0585 - f1 0.1103 
INFO:root:TRAIN measures@100 microavg - precision 0.8667 - recall 0.4588 - f1 0.6000 
INFO:root:TRAIN measures@100 for class 0 - precision 0.3333 - recall 0.0462 - f1 0.0812 
INFO:root:TRAIN measures@100 for class 1 - precision 0.8923 - recall 0.5461 - f1 0.6775 
INFO:root:TRAIN measures@1000 microavg - precision 0.7692 - recall 0.7692 - f1 0.7692 
INFO:root:TRAIN measures@1000 for class 0 - precision 0.2164 - recall 0.1224 - f1 0.1563 
INFO:root:TRAIN measures@1000 for class 1 - precision 0.8298 - recall 0.9062 - f1 0.8663 
INFO:root:TRAIN Total epoch time: 0.5849822549998862
INFO:root:################ VALID epoch 11 ###################
INFO:root:VALID mean losses tensor(1.0884)
INFO:root:VALID mean errors 0.17255891859531403
INFO:root:VALID mean MRR 0.0 - mean MAP 0.9055342078208923
INFO:root:VALID tp {0: tensor(0), 1: tensor(983)},fn {0: tensor(205), 1: tensor(0)},fp {0: tensor(0), 1: tensor(205)}
INFO:root:VALID measures microavg - precision 0.8274 - recall 0.8274 - f1 0.8274 
INFO:root:VALID measures for class 0 - precision 0.0000 - recall 0.0000 - f1 0.0000 
INFO:root:VALID measures for class 1 - precision 0.8274 - recall 1.0000 - f1 0.9056 
INFO:root:VALID measures@10 microavg - precision 0.9667 - recall 0.0488 - f1 0.0929 
INFO:root:VALID measures@10 for class 0 - precision 0.0000 - recall 0.0000 - f1 0.0000 
INFO:root:VALID measures@10 for class 1 - precision 0.9667 - recall 0.0590 - f1 0.1112 
INFO:root:VALID measures@100 microavg - precision 0.8556 - recall 0.4588 - f1 0.5973 
INFO:root:VALID measures@100 for class 0 - precision 0.3784 - recall 0.0683 - f1 0.1157 
INFO:root:VALID measures@100 for class 1 - precision 0.8850 - recall 0.5402 - f1 0.6709 
INFO:root:VALID measures@1000 microavg - precision 0.7517 - recall 0.7517 - f1 0.7517 
INFO:root:VALID measures@1000 for class 0 - precision 0.2115 - recall 0.1610 - f1 0.1828 
INFO:root:VALID measures@1000 for class 1 - precision 0.8333 - recall 0.8749 - f1 0.8536 
INFO:root:VALID Total epoch time: 0.06930241700001716
INFO:root:################ TEST epoch 11 ###################
INFO:root:TEST batch 1 / 7 - partial error 0.1919 - partial loss 2.2713 - partial MRR  0.0000 - partial MAP 0.8982
INFO:root:TEST batch 1 / 7 -  partial tp {0: tensor(0), 1: tensor(160)},fn {0: tensor(38), 1: tensor(0)},fp {0: tensor(0), 1: tensor(38)}
INFO:root:TEST batch 1 / 7 - measures partial microavg - precision 0.8081 - recall 0.8081 - f1 0.8081 
INFO:root:TEST batch 1 / 7 - measures partial for class 0 - precision 0.0000 - recall 0.0000 - f1 0.0000 
INFO:root:TEST batch 1 / 7 - measures partial for class 1 - precision 0.8081 - recall 1.0000 - f1 0.8939 
INFO:root:TEST batch 1 / 7 - Batch time 0 
INFO:root:TEST batch 2 / 7 - partial error 0.1843 - partial loss 1.5922 - partial MRR  0.0000 - partial MAP 0.9115
INFO:root:TEST batch 2 / 7 -  partial tp {0: tensor(0), 1: tensor(163)},fn {0: tensor(35), 1: tensor(0)},fp {0: tensor(0), 1: tensor(35)}
INFO:root:TEST batch 2 / 7 - measures partial microavg - precision 0.8232 - recall 0.8232 - f1 0.8232 
INFO:root:TEST batch 2 / 7 - measures partial for class 0 - precision 0.0000 - recall 0.0000 - f1 0.0000 
INFO:root:TEST batch 2 / 7 - measures partial for class 1 - precision 0.8232 - recall 1.0000 - f1 0.9030 
INFO:root:TEST batch 2 / 7 - Batch time 0 
INFO:root:TEST batch 3 / 7 - partial error 0.1801 - partial loss 1.6214 - partial MRR  0.0000 - partial MAP 0.9177
INFO:root:TEST batch 3 / 7 -  partial tp {0: tensor(0), 1: tensor(164)},fn {0: tensor(34), 1: tensor(0)},fp {0: tensor(0), 1: tensor(34)}
INFO:root:TEST batch 3 / 7 - measures partial microavg - precision 0.8283 - recall 0.8283 - f1 0.8283 
INFO:root:TEST batch 3 / 7 - measures partial for class 0 - precision 0.0000 - recall 0.0000 - f1 0.0000 
INFO:root:TEST batch 3 / 7 - measures partial for class 1 - precision 0.8283 - recall 1.0000 - f1 0.9061 
INFO:root:TEST batch 3 / 7 - Batch time 0 
INFO:root:TEST batch 4 / 7 - partial error 0.1768 - partial loss 1.4684 - partial MRR  0.0000 - partial MAP 0.9073
INFO:root:TEST batch 4 / 7 -  partial tp {0: tensor(0), 1: tensor(165)},fn {0: tensor(33), 1: tensor(0)},fp {0: tensor(0), 1: tensor(33)}
INFO:root:TEST batch 4 / 7 - measures partial microavg - precision 0.8333 - recall 0.8333 - f1 0.8333 
INFO:root:TEST batch 4 / 7 - measures partial for class 0 - precision 0.0000 - recall 0.0000 - f1 0.0000 
INFO:root:TEST batch 4 / 7 - measures partial for class 1 - precision 0.8333 - recall 1.0000 - f1 0.9091 
INFO:root:TEST batch 4 / 7 - Batch time 0 
INFO:root:TEST batch 5 / 7 - partial error 0.1778 - partial loss 1.5260 - partial MRR  0.0000 - partial MAP 0.9082
INFO:root:TEST batch 5 / 7 -  partial tp {0: tensor(0), 1: tensor(162)},fn {0: tensor(36), 1: tensor(0)},fp {0: tensor(0), 1: tensor(36)}
INFO:root:TEST batch 5 / 7 - measures partial microavg - precision 0.8182 - recall 0.8182 - f1 0.8182 
INFO:root:TEST batch 5 / 7 - measures partial for class 0 - precision 0.0000 - recall 0.0000 - f1 0.0000 
INFO:root:TEST batch 5 / 7 - measures partial for class 1 - precision 0.8182 - recall 1.0000 - f1 0.9000 
INFO:root:TEST batch 5 / 7 - Batch time 0 
INFO:root:TEST batch 6 / 7 - partial error 0.1810 - partial loss 1.4348 - partial MRR  0.0000 - partial MAP 0.9037
INFO:root:TEST batch 6 / 7 -  partial tp {0: tensor(0), 1: tensor(159)},fn {0: tensor(39), 1: tensor(0)},fp {0: tensor(0), 1: tensor(39)}
INFO:root:TEST batch 6 / 7 - measures partial microavg - precision 0.8030 - recall 0.8030 - f1 0.8030 
INFO:root:TEST batch 6 / 7 - measures partial for class 0 - precision 0.0000 - recall 0.0000 - f1 0.0000 
INFO:root:TEST batch 6 / 7 - measures partial for class 1 - precision 0.8030 - recall 1.0000 - f1 0.8908 
INFO:root:TEST batch 6 / 7 - Batch time 0 
INFO:root:TEST batch 7 / 7 - partial error 0.1811 - partial loss 1.3853 - partial MRR  0.0000 - partial MAP 0.9007
INFO:root:TEST batch 7 / 7 -  partial tp {0: tensor(0), 1: tensor(162)},fn {0: tensor(36), 1: tensor(0)},fp {0: tensor(0), 1: tensor(36)}
INFO:root:TEST batch 7 / 7 - measures partial microavg - precision 0.8182 - recall 0.8182 - f1 0.8182 
INFO:root:TEST batch 7 / 7 - measures partial for class 0 - precision 0.0000 - recall 0.0000 - f1 0.0000 
INFO:root:TEST batch 7 / 7 - measures partial for class 1 - precision 0.8182 - recall 1.0000 - f1 0.9000 
INFO:root:TEST batch 7 / 7 - Batch time 0 
INFO:root:TEST mean losses tensor(1.3853)
INFO:root:TEST mean errors 0.18109668791294098
INFO:root:TEST mean MRR 0.0 - mean MAP 0.9006817936897278
INFO:root:TEST tp {0: tensor(0), 1: tensor(1135)},fn {0: tensor(251), 1: tensor(0)},fp {0: tensor(0), 1: tensor(251)}
INFO:root:TEST measures microavg - precision 0.8189 - recall 0.8189 - f1 0.8189 
INFO:root:TEST measures for class 0 - precision 0.0000 - recall 0.0000 - f1 0.0000 
INFO:root:TEST measures for class 1 - precision 0.8189 - recall 1.0000 - f1 0.9004 
INFO:root:TEST measures@10 microavg - precision 0.9714 - recall 0.0491 - f1 0.0934 
INFO:root:TEST measures@10 for class 0 - precision 0.0000 - recall 0.0000 - f1 0.0000 
INFO:root:TEST measures@10 for class 1 - precision 0.9714 - recall 0.0599 - f1 0.1129 
INFO:root:TEST measures@100 microavg - precision 0.8183 - recall 0.4582 - f1 0.5874 
INFO:root:TEST measures@100 for class 0 - precision 0.2763 - recall 0.0837 - f1 0.1284 
INFO:root:TEST measures@100 for class 1 - precision 0.8771 - recall 0.5410 - f1 0.6692 
INFO:root:TEST measures@1000 microavg - precision 0.6941 - recall 0.6941 - f1 0.6941 
INFO:root:TEST measures@1000 for class 0 - precision 0.2068 - recall 0.2430 - f1 0.2234 
INFO:root:TEST measures@1000 for class 1 - precision 0.8258 - recall 0.7938 - f1 0.8095 
INFO:root:TEST Total epoch time: 0.09055684499980998
INFO:root:################ TRAIN epoch 12 ###################
INFO:root:TRAIN mean losses tensor(1.0945)
INFO:root:TRAIN mean errors 0.17474748194217682
INFO:root:TRAIN mean MRR 0.0 - mean MAP 0.9024926424026489
INFO:root:TRAIN tp {0: tensor(0), 1: tensor(4902)},fn {0: tensor(1038), 1: tensor(0)},fp {0: tensor(0), 1: tensor(1038)}
INFO:root:TRAIN measures microavg - precision 0.8253 - recall 0.8253 - f1 0.8253 
INFO:root:TRAIN measures for class 0 - precision 0.0000 - recall 0.0000 - f1 0.0000 
INFO:root:TRAIN measures for class 1 - precision 0.8253 - recall 1.0000 - f1 0.9043 
INFO:root:TRAIN measures@10 microavg - precision 0.9507 - recall 0.0487 - f1 0.0926 
INFO:root:TRAIN measures@10 for class 0 - precision 0.7500 - recall 0.0029 - f1 0.0058 
INFO:root:TRAIN measures@10 for class 1 - precision 0.9533 - recall 0.0583 - f1 0.1100 
INFO:root:TRAIN measures@100 microavg - precision 0.8166 - recall 0.4631 - f1 0.5910 
INFO:root:TRAIN measures@100 for class 0 - precision 0.3333 - recall 0.1185 - f1 0.1748 
INFO:root:TRAIN measures@100 for class 1 - precision 0.8760 - recall 0.5361 - f1 0.6651 
INFO:root:TRAIN measures@1000 microavg - precision 0.6891 - recall 0.6891 - f1 0.6891 
INFO:root:TRAIN measures@1000 for class 0 - precision 0.2024 - recall 0.2649 - f1 0.2295 
INFO:root:TRAIN measures@1000 for class 1 - precision 0.8334 - recall 0.7789 - f1 0.8052 
INFO:root:TRAIN Total epoch time: 0.584938123000029
INFO:root:################ VALID epoch 12 ###################
INFO:root:VALID mean losses tensor(1.0652)
INFO:root:VALID mean errors 0.17255891859531403
INFO:root:VALID mean MRR 0.0 - mean MAP 0.920192301273346
INFO:root:VALID tp {0: tensor(0), 1: tensor(983)},fn {0: tensor(205), 1: tensor(0)},fp {0: tensor(0), 1: tensor(205)}
INFO:root:VALID measures microavg - precision 0.8274 - recall 0.8274 - f1 0.8274 
INFO:root:VALID measures for class 0 - precision 0.0000 - recall 0.0000 - f1 0.0000 
INFO:root:VALID measures for class 1 - precision 0.8274 - recall 1.0000 - f1 0.9056 
INFO:root:VALID measures@10 microavg - precision 1.0000 - recall 0.0505 - f1 0.0962 
INFO:root:VALID measures@10 for class 0 - precision 0.0000 - recall 0.0000 - f1 0.0000 
INFO:root:VALID measures@10 for class 1 - precision 1.0000 - recall 0.0610 - f1 0.1151 
INFO:root:VALID measures@100 microavg - precision 0.8677 - recall 0.4638 - f1 0.6045 
INFO:root:VALID measures@100 for class 0 - precision 0.3429 - recall 0.0585 - f1 0.1000 
INFO:root:VALID measures@100 for class 1 - precision 0.8983 - recall 0.5483 - f1 0.6810 
INFO:root:VALID measures@1000 microavg - precision 0.7433 - recall 0.7433 - f1 0.7433 
INFO:root:VALID measures@1000 for class 0 - precision 0.1875 - recall 0.1463 - f1 0.1644 
INFO:root:VALID measures@1000 for class 1 - precision 0.8298 - recall 0.8678 - f1 0.8483 
INFO:root:VALID Total epoch time: 0.06962646600004518
INFO:root:################ TEST epoch 12 ###################
INFO:root:TEST batch 1 / 7 - partial error 0.1970 - partial loss 1.4462 - partial MRR  0.0000 - partial MAP 0.8558
INFO:root:TEST batch 1 / 7 -  partial tp {0: tensor(0), 1: tensor(159)},fn {0: tensor(38), 1: tensor(1)},fp {0: tensor(1), 1: tensor(38)}
INFO:root:TEST batch 1 / 7 - measures partial microavg - precision 0.8030 - recall 0.8030 - f1 0.8030 
INFO:root:TEST batch 1 / 7 - measures partial for class 0 - precision 0.0000 - recall 0.0000 - f1 0.0000 
INFO:root:TEST batch 1 / 7 - measures partial for class 1 - precision 0.8071 - recall 0.9938 - f1 0.8908 
INFO:root:TEST batch 1 / 7 - Batch time 0 
INFO:root:TEST batch 2 / 7 - partial error 0.1869 - partial loss 1.2033 - partial MRR  0.0000 - partial MAP 0.8781
INFO:root:TEST batch 2 / 7 -  partial tp {0: tensor(0), 1: tensor(163)},fn {0: tensor(35), 1: tensor(0)},fp {0: tensor(0), 1: tensor(35)}
INFO:root:TEST batch 2 / 7 - measures partial microavg - precision 0.8232 - recall 0.8232 - f1 0.8232 
INFO:root:TEST batch 2 / 7 - measures partial for class 0 - precision 0.0000 - recall 0.0000 - f1 0.0000 
INFO:root:TEST batch 2 / 7 - measures partial for class 1 - precision 0.8232 - recall 1.0000 - f1 0.9030 
INFO:root:TEST batch 2 / 7 - Batch time 0 
INFO:root:TEST batch 3 / 7 - partial error 0.1818 - partial loss 1.0816 - partial MRR  0.0000 - partial MAP 0.8972
INFO:root:TEST batch 3 / 7 -  partial tp {0: tensor(0), 1: tensor(164)},fn {0: tensor(34), 1: tensor(0)},fp {0: tensor(0), 1: tensor(34)}
INFO:root:TEST batch 3 / 7 - measures partial microavg - precision 0.8283 - recall 0.8283 - f1 0.8283 
INFO:root:TEST batch 3 / 7 - measures partial for class 0 - precision 0.0000 - recall 0.0000 - f1 0.0000 
INFO:root:TEST batch 3 / 7 - measures partial for class 1 - precision 0.8283 - recall 1.0000 - f1 0.9061 
INFO:root:TEST batch 3 / 7 - Batch time 0 
INFO:root:TEST batch 4 / 7 - partial error 0.1780 - partial loss 1.2287 - partial MRR  0.0000 - partial MAP 0.8880
INFO:root:TEST batch 4 / 7 -  partial tp {0: tensor(0), 1: tensor(165)},fn {0: tensor(33), 1: tensor(0)},fp {0: tensor(0), 1: tensor(33)}
INFO:root:TEST batch 4 / 7 - measures partial microavg - precision 0.8333 - recall 0.8333 - f1 0.8333 
INFO:root:TEST batch 4 / 7 - measures partial for class 0 - precision 0.0000 - recall 0.0000 - f1 0.0000 
INFO:root:TEST batch 4 / 7 - measures partial for class 1 - precision 0.8333 - recall 1.0000 - f1 0.9091 
INFO:root:TEST batch 4 / 7 - Batch time 0 
INFO:root:TEST batch 5 / 7 - partial error 0.1788 - partial loss 1.1632 - partial MRR  0.0000 - partial MAP 0.8957
INFO:root:TEST batch 5 / 7 -  partial tp {0: tensor(0), 1: tensor(162)},fn {0: tensor(36), 1: tensor(0)},fp {0: tensor(0), 1: tensor(36)}
INFO:root:TEST batch 5 / 7 - measures partial microavg - precision 0.8182 - recall 0.8182 - f1 0.8182 
INFO:root:TEST batch 5 / 7 - measures partial for class 0 - precision 0.0000 - recall 0.0000 - f1 0.0000 
INFO:root:TEST batch 5 / 7 - measures partial for class 1 - precision 0.8182 - recall 1.0000 - f1 0.9000 
INFO:root:TEST batch 5 / 7 - Batch time 0 
INFO:root:TEST batch 6 / 7 - partial error 0.1818 - partial loss 1.1617 - partial MRR  0.0000 - partial MAP 0.8874
INFO:root:TEST batch 6 / 7 -  partial tp {0: tensor(0), 1: tensor(159)},fn {0: tensor(39), 1: tensor(0)},fp {0: tensor(0), 1: tensor(39)}
INFO:root:TEST batch 6 / 7 - measures partial microavg - precision 0.8030 - recall 0.8030 - f1 0.8030 
INFO:root:TEST batch 6 / 7 - measures partial for class 0 - precision 0.0000 - recall 0.0000 - f1 0.0000 
INFO:root:TEST batch 6 / 7 - measures partial for class 1 - precision 0.8030 - recall 1.0000 - f1 0.8908 
INFO:root:TEST batch 6 / 7 - Batch time 0 
INFO:root:TEST batch 7 / 7 - partial error 0.1818 - partial loss 1.1361 - partial MRR  0.0000 - partial MAP 0.8911
INFO:root:TEST batch 7 / 7 -  partial tp {0: tensor(0), 1: tensor(162)},fn {0: tensor(36), 1: tensor(0)},fp {0: tensor(0), 1: tensor(36)}
INFO:root:TEST batch 7 / 7 - measures partial microavg - precision 0.8182 - recall 0.8182 - f1 0.8182 
INFO:root:TEST batch 7 / 7 - measures partial for class 0 - precision 0.0000 - recall 0.0000 - f1 0.0000 
INFO:root:TEST batch 7 / 7 - measures partial for class 1 - precision 0.8182 - recall 1.0000 - f1 0.9000 
INFO:root:TEST batch 7 / 7 - Batch time 0 
INFO:root:TEST mean losses tensor(1.1361)
INFO:root:TEST mean errors 0.1818181872367859
INFO:root:TEST mean MRR 0.0 - mean MAP 0.8911332488059998
INFO:root:TEST tp {0: tensor(0), 1: tensor(1134)},fn {0: tensor(251), 1: tensor(1)},fp {0: tensor(1), 1: tensor(251)}
INFO:root:TEST measures microavg - precision 0.8182 - recall 0.8182 - f1 0.8182 
INFO:root:TEST measures for class 0 - precision 0.0000 - recall 0.0000 - f1 0.0000 
INFO:root:TEST measures for class 1 - precision 0.8188 - recall 0.9991 - f1 0.9000 
INFO:root:TEST measures@10 microavg - precision 0.9286 - recall 0.0469 - f1 0.0893 
INFO:root:TEST measures@10 for class 0 - precision 0.0000 - recall 0.0000 - f1 0.0000 
INFO:root:TEST measures@10 for class 1 - precision 0.9286 - recall 0.0573 - f1 0.1079 
INFO:root:TEST measures@100 microavg - precision 0.8414 - recall 0.4365 - f1 0.5748 
INFO:root:TEST measures@100 for class 0 - precision 0.2340 - recall 0.0438 - f1 0.0738 
INFO:root:TEST measures@100 for class 1 - precision 0.8839 - recall 0.5233 - f1 0.6574 
INFO:root:TEST measures@1000 microavg - precision 0.7496 - recall 0.7496 - f1 0.7496 
INFO:root:TEST measures@1000 for class 0 - precision 0.1667 - recall 0.0956 - f1 0.1215 
INFO:root:TEST measures@1000 for class 1 - precision 0.8172 - recall 0.8943 - f1 0.8540 
INFO:root:TEST Total epoch time: 0.12617776599972785
INFO:root:################ TRAIN epoch 13 ###################
INFO:root:TRAIN mean losses tensor(1.0393)
INFO:root:TRAIN mean errors 0.17474748194217682
INFO:root:TRAIN mean MRR 0.0 - mean MAP 0.9091850519180298
INFO:root:TRAIN tp {0: tensor(0), 1: tensor(4902)},fn {0: tensor(1038), 1: tensor(0)},fp {0: tensor(0), 1: tensor(1038)}
INFO:root:TRAIN measures microavg - precision 0.8253 - recall 0.8253 - f1 0.8253 
INFO:root:TRAIN measures for class 0 - precision 0.0000 - recall 0.0000 - f1 0.0000 
INFO:root:TRAIN measures for class 1 - precision 0.8253 - recall 1.0000 - f1 0.9043 
INFO:root:TRAIN measures@10 microavg - precision 0.9668 - recall 0.0490 - f1 0.0933 
INFO:root:TRAIN measures@10 for class 0 - precision 0.0000 - recall 0.0000 - f1 0.0000 
INFO:root:TRAIN measures@10 for class 1 - precision 0.9700 - recall 0.0594 - f1 0.1119 
INFO:root:TRAIN measures@100 microavg - precision 0.8510 - recall 0.4576 - f1 0.5951 
INFO:root:TRAIN measures@100 for class 0 - precision 0.3608 - recall 0.0674 - f1 0.1136 
INFO:root:TRAIN measures@100 for class 1 - precision 0.8827 - recall 0.5402 - f1 0.6702 
INFO:root:TRAIN measures@1000 microavg - precision 0.7394 - recall 0.7394 - f1 0.7394 
INFO:root:TRAIN measures@1000 for class 0 - precision 0.1890 - recall 0.1493 - f1 0.1668 
INFO:root:TRAIN measures@1000 for class 1 - precision 0.8275 - recall 0.8643 - f1 0.8455 
INFO:root:TRAIN Total epoch time: 0.6059433160003209
INFO:root:################ VALID epoch 13 ###################
INFO:root:VALID mean losses tensor(0.9285)
INFO:root:VALID mean errors 0.17255891859531403
INFO:root:VALID mean MRR 0.0 - mean MAP 0.9119957089424133
INFO:root:VALID tp {0: tensor(0), 1: tensor(983)},fn {0: tensor(205), 1: tensor(0)},fp {0: tensor(0), 1: tensor(205)}
INFO:root:VALID measures microavg - precision 0.8274 - recall 0.8274 - f1 0.8274 
INFO:root:VALID measures for class 0 - precision 0.0000 - recall 0.0000 - f1 0.0000 
INFO:root:VALID measures for class 1 - precision 0.8274 - recall 1.0000 - f1 0.9056 
INFO:root:VALID measures@10 microavg - precision 0.9672 - recall 0.0497 - f1 0.0945 
INFO:root:VALID measures@10 for class 0 - precision 1.0000 - recall 0.0049 - f1 0.0097 
INFO:root:VALID measures@10 for class 1 - precision 0.9667 - recall 0.0590 - f1 0.1112 
INFO:root:VALID measures@100 microavg - precision 0.8047 - recall 0.4579 - f1 0.5837 
INFO:root:VALID measures@100 for class 0 - precision 0.3289 - recall 0.1220 - f1 0.1779 
INFO:root:VALID measures@100 for class 1 - precision 0.8650 - recall 0.5280 - f1 0.6557 
INFO:root:VALID measures@1000 microavg - precision 0.6641 - recall 0.6641 - f1 0.6641 
INFO:root:VALID measures@1000 for class 0 - precision 0.1930 - recall 0.2976 - f1 0.2342 
INFO:root:VALID measures@1000 for class 1 - precision 0.8349 - recall 0.7406 - f1 0.7849 
INFO:root:VALID Total epoch time: 0.06489824299978864
INFO:root:################ TEST epoch 13 ###################
INFO:root:TEST batch 1 / 7 - partial error 0.1919 - partial loss 1.0561 - partial MRR  0.0000 - partial MAP 0.8734
INFO:root:TEST batch 1 / 7 -  partial tp {0: tensor(0), 1: tensor(160)},fn {0: tensor(38), 1: tensor(0)},fp {0: tensor(0), 1: tensor(38)}
INFO:root:TEST batch 1 / 7 - measures partial microavg - precision 0.8081 - recall 0.8081 - f1 0.8081 
INFO:root:TEST batch 1 / 7 - measures partial for class 0 - precision 0.0000 - recall 0.0000 - f1 0.0000 
INFO:root:TEST batch 1 / 7 - measures partial for class 1 - precision 0.8081 - recall 1.0000 - f1 0.8939 
INFO:root:TEST batch 1 / 7 - Batch time 0 
INFO:root:TEST batch 2 / 7 - partial error 0.1843 - partial loss 1.0088 - partial MRR  0.0000 - partial MAP 0.8874
INFO:root:TEST batch 2 / 7 -  partial tp {0: tensor(0), 1: tensor(163)},fn {0: tensor(35), 1: tensor(0)},fp {0: tensor(0), 1: tensor(35)}
INFO:root:TEST batch 2 / 7 - measures partial microavg - precision 0.8232 - recall 0.8232 - f1 0.8232 
INFO:root:TEST batch 2 / 7 - measures partial for class 0 - precision 0.0000 - recall 0.0000 - f1 0.0000 
INFO:root:TEST batch 2 / 7 - measures partial for class 1 - precision 0.8232 - recall 1.0000 - f1 0.9030 
INFO:root:TEST batch 2 / 7 - Batch time 0 
INFO:root:TEST batch 3 / 7 - partial error 0.1801 - partial loss 1.1197 - partial MRR  0.0000 - partial MAP 0.9066
INFO:root:TEST batch 3 / 7 -  partial tp {0: tensor(0), 1: tensor(164)},fn {0: tensor(34), 1: tensor(0)},fp {0: tensor(0), 1: tensor(34)}
INFO:root:TEST batch 3 / 7 - measures partial microavg - precision 0.8283 - recall 0.8283 - f1 0.8283 
INFO:root:TEST batch 3 / 7 - measures partial for class 0 - precision 0.0000 - recall 0.0000 - f1 0.0000 
INFO:root:TEST batch 3 / 7 - measures partial for class 1 - precision 0.8283 - recall 1.0000 - f1 0.9061 
INFO:root:TEST batch 3 / 7 - Batch time 0 
INFO:root:TEST batch 4 / 7 - partial error 0.1768 - partial loss 1.1042 - partial MRR  0.0000 - partial MAP 0.8970
INFO:root:TEST batch 4 / 7 -  partial tp {0: tensor(0), 1: tensor(165)},fn {0: tensor(33), 1: tensor(0)},fp {0: tensor(0), 1: tensor(33)}
INFO:root:TEST batch 4 / 7 - measures partial microavg - precision 0.8333 - recall 0.8333 - f1 0.8333 
INFO:root:TEST batch 4 / 7 - measures partial for class 0 - precision 0.0000 - recall 0.0000 - f1 0.0000 
INFO:root:TEST batch 4 / 7 - measures partial for class 1 - precision 0.8333 - recall 1.0000 - f1 0.9091 
INFO:root:TEST batch 4 / 7 - Batch time 0 
INFO:root:TEST batch 5 / 7 - partial error 0.1778 - partial loss 1.0581 - partial MRR  0.0000 - partial MAP 0.9018
INFO:root:TEST batch 5 / 7 -  partial tp {0: tensor(0), 1: tensor(162)},fn {0: tensor(36), 1: tensor(0)},fp {0: tensor(0), 1: tensor(36)}
INFO:root:TEST batch 5 / 7 - measures partial microavg - precision 0.8182 - recall 0.8182 - f1 0.8182 
INFO:root:TEST batch 5 / 7 - measures partial for class 0 - precision 0.0000 - recall 0.0000 - f1 0.0000 
INFO:root:TEST batch 5 / 7 - measures partial for class 1 - precision 0.8182 - recall 1.0000 - f1 0.9000 
INFO:root:TEST batch 5 / 7 - Batch time 0 
INFO:root:TEST batch 6 / 7 - partial error 0.1818 - partial loss 1.0656 - partial MRR  0.0000 - partial MAP 0.9018
INFO:root:TEST batch 6 / 7 -  partial tp {0: tensor(0), 1: tensor(158)},fn {0: tensor(39), 1: tensor(1)},fp {0: tensor(1), 1: tensor(39)}
INFO:root:TEST batch 6 / 7 - measures partial microavg - precision 0.7980 - recall 0.7980 - f1 0.7980 
INFO:root:TEST batch 6 / 7 - measures partial for class 0 - precision 0.0000 - recall 0.0000 - f1 0.0000 
INFO:root:TEST batch 6 / 7 - measures partial for class 1 - precision 0.8020 - recall 0.9937 - f1 0.8876 
INFO:root:TEST batch 6 / 7 - Batch time 0 
INFO:root:TEST batch 7 / 7 - partial error 0.1818 - partial loss 1.0604 - partial MRR  0.0000 - partial MAP 0.9019
INFO:root:TEST batch 7 / 7 -  partial tp {0: tensor(0), 1: tensor(162)},fn {0: tensor(36), 1: tensor(0)},fp {0: tensor(0), 1: tensor(36)}
INFO:root:TEST batch 7 / 7 - measures partial microavg - precision 0.8182 - recall 0.8182 - f1 0.8182 
INFO:root:TEST batch 7 / 7 - measures partial for class 0 - precision 0.0000 - recall 0.0000 - f1 0.0000 
INFO:root:TEST batch 7 / 7 - measures partial for class 1 - precision 0.8182 - recall 1.0000 - f1 0.9000 
INFO:root:TEST batch 7 / 7 - Batch time 0 
INFO:root:TEST mean losses tensor(1.0604)
INFO:root:TEST mean errors 0.1818181872367859
INFO:root:TEST mean MRR 0.0 - mean MAP 0.9018909335136414
INFO:root:TEST tp {0: tensor(0), 1: tensor(1134)},fn {0: tensor(251), 1: tensor(1)},fp {0: tensor(1), 1: tensor(251)}
INFO:root:TEST measures microavg - precision 0.8182 - recall 0.8182 - f1 0.8182 
INFO:root:TEST measures for class 0 - precision 0.0000 - recall 0.0000 - f1 0.0000 
INFO:root:TEST measures for class 1 - precision 0.8188 - recall 0.9991 - f1 0.9000 
INFO:root:TEST measures@10 microavg - precision 0.9857 - recall 0.0498 - f1 0.0948 
INFO:root:TEST measures@10 for class 0 - precision 0.0000 - recall 0.0000 - f1 0.0000 
INFO:root:TEST measures@10 for class 1 - precision 0.9857 - recall 0.0608 - f1 0.1145 
INFO:root:TEST measures@100 microavg - precision 0.8311 - recall 0.4473 - f1 0.5816 
INFO:root:TEST measures@100 for class 0 - precision 0.3000 - recall 0.0598 - f1 0.0997 
INFO:root:TEST measures@100 for class 1 - precision 0.8693 - recall 0.5330 - f1 0.6608 
INFO:root:TEST measures@1000 microavg - precision 0.7179 - recall 0.7179 - f1 0.7179 
INFO:root:TEST measures@1000 for class 0 - precision 0.1957 - recall 0.1793 - f1 0.1871 
INFO:root:TEST measures@1000 for class 1 - precision 0.8218 - recall 0.8370 - f1 0.8293 
INFO:root:TEST Total epoch time: 0.08855388500023764
INFO:root:################ TRAIN epoch 14 ###################
INFO:root:TRAIN mean losses tensor(0.9748)
INFO:root:TRAIN mean errors 0.17474748194217682
INFO:root:TRAIN mean MRR 0.0 - mean MAP 0.9154142141342163
INFO:root:TRAIN tp {0: tensor(0), 1: tensor(4902)},fn {0: tensor(1038), 1: tensor(0)},fp {0: tensor(0), 1: tensor(1038)}
INFO:root:TRAIN measures microavg - precision 0.8253 - recall 0.8253 - f1 0.8253 
INFO:root:TRAIN measures for class 0 - precision 0.0000 - recall 0.0000 - f1 0.0000 
INFO:root:TRAIN measures for class 1 - precision 0.8253 - recall 1.0000 - f1 0.9043 
INFO:root:TRAIN measures@10 microavg - precision 0.9803 - recall 0.0502 - f1 0.0955 
INFO:root:TRAIN measures@10 for class 0 - precision 0.7500 - recall 0.0029 - f1 0.0058 
INFO:root:TRAIN measures@10 for class 1 - precision 0.9833 - recall 0.0602 - f1 0.1134 
INFO:root:TRAIN measures@100 microavg - precision 0.8363 - recall 0.4618 - f1 0.5950 
INFO:root:TRAIN measures@100 for class 0 - precision 0.3679 - recall 0.0992 - f1 0.1563 
INFO:root:TRAIN measures@100 for class 1 - precision 0.8800 - recall 0.5386 - f1 0.6682 
INFO:root:TRAIN measures@1000 microavg - precision 0.7114 - recall 0.7114 - f1 0.7114 
INFO:root:TRAIN measures@1000 for class 0 - precision 0.1998 - recall 0.2168 - f1 0.2079 
INFO:root:TRAIN measures@1000 for class 1 - precision 0.8311 - recall 0.8162 - f1 0.8236 
INFO:root:TRAIN Total epoch time: 0.5935542010001882
INFO:root:################ VALID epoch 14 ###################
INFO:root:VALID mean losses tensor(0.8961)
INFO:root:VALID mean errors 0.17255891859531403
INFO:root:VALID mean MRR 0.0 - mean MAP 0.9121237397193909
INFO:root:VALID tp {0: tensor(0), 1: tensor(983)},fn {0: tensor(205), 1: tensor(0)},fp {0: tensor(0), 1: tensor(205)}
INFO:root:VALID measures microavg - precision 0.8274 - recall 0.8274 - f1 0.8274 
INFO:root:VALID measures for class 0 - precision 0.0000 - recall 0.0000 - f1 0.0000 
INFO:root:VALID measures for class 1 - precision 0.8274 - recall 1.0000 - f1 0.9056 
INFO:root:VALID measures@10 microavg - precision 0.9333 - recall 0.0471 - f1 0.0897 
INFO:root:VALID measures@10 for class 0 - precision 0.0000 - recall 0.0000 - f1 0.0000 
INFO:root:VALID measures@10 for class 1 - precision 0.9333 - recall 0.0570 - f1 0.1074 
INFO:root:VALID measures@100 microavg - precision 0.8344 - recall 0.4495 - f1 0.5842 
INFO:root:VALID measures@100 for class 0 - precision 0.3750 - recall 0.0732 - f1 0.1224 
INFO:root:VALID measures@100 for class 1 - precision 0.8650 - recall 0.5280 - f1 0.6557 
INFO:root:VALID measures@1000 microavg - precision 0.7071 - recall 0.7071 - f1 0.7071 
INFO:root:VALID measures@1000 for class 0 - precision 0.1443 - recall 0.1415 - f1 0.1429 
INFO:root:VALID measures@1000 for class 1 - precision 0.8217 - recall 0.8250 - f1 0.8234 
INFO:root:VALID Total epoch time: 0.07073105599965857
INFO:root:################ TEST epoch 14 ###################
INFO:root:TEST batch 1 / 7 - partial error 0.1919 - partial loss 1.1067 - partial MRR  0.0000 - partial MAP 0.8468
INFO:root:TEST batch 1 / 7 -  partial tp {0: tensor(0), 1: tensor(160)},fn {0: tensor(38), 1: tensor(0)},fp {0: tensor(0), 1: tensor(38)}
INFO:root:TEST batch 1 / 7 - measures partial microavg - precision 0.8081 - recall 0.8081 - f1 0.8081 
INFO:root:TEST batch 1 / 7 - measures partial for class 0 - precision 0.0000 - recall 0.0000 - f1 0.0000 
INFO:root:TEST batch 1 / 7 - measures partial for class 1 - precision 0.8081 - recall 1.0000 - f1 0.8939 
INFO:root:TEST batch 1 / 7 - Batch time 0 
INFO:root:TEST batch 2 / 7 - partial error 0.1843 - partial loss 1.0346 - partial MRR  0.0000 - partial MAP 0.8758
INFO:root:TEST batch 2 / 7 -  partial tp {0: tensor(0), 1: tensor(163)},fn {0: tensor(35), 1: tensor(0)},fp {0: tensor(0), 1: tensor(35)}
INFO:root:TEST batch 2 / 7 - measures partial microavg - precision 0.8232 - recall 0.8232 - f1 0.8232 
INFO:root:TEST batch 2 / 7 - measures partial for class 0 - precision 0.0000 - recall 0.0000 - f1 0.0000 
INFO:root:TEST batch 2 / 7 - measures partial for class 1 - precision 0.8232 - recall 1.0000 - f1 0.9030 
INFO:root:TEST batch 2 / 7 - Batch time 0 
INFO:root:TEST batch 3 / 7 - partial error 0.1801 - partial loss 0.9988 - partial MRR  0.0000 - partial MAP 0.8873
INFO:root:TEST batch 3 / 7 -  partial tp {0: tensor(0), 1: tensor(164)},fn {0: tensor(34), 1: tensor(0)},fp {0: tensor(0), 1: tensor(34)}
INFO:root:TEST batch 3 / 7 - measures partial microavg - precision 0.8283 - recall 0.8283 - f1 0.8283 
INFO:root:TEST batch 3 / 7 - measures partial for class 0 - precision 0.0000 - recall 0.0000 - f1 0.0000 
INFO:root:TEST batch 3 / 7 - measures partial for class 1 - precision 0.8283 - recall 1.0000 - f1 0.9061 
INFO:root:TEST batch 3 / 7 - Batch time 0 
INFO:root:TEST batch 4 / 7 - partial error 0.1768 - partial loss 1.0315 - partial MRR  0.0000 - partial MAP 0.8781
INFO:root:TEST batch 4 / 7 -  partial tp {0: tensor(0), 1: tensor(165)},fn {0: tensor(33), 1: tensor(0)},fp {0: tensor(0), 1: tensor(33)}
INFO:root:TEST batch 4 / 7 - measures partial microavg - precision 0.8333 - recall 0.8333 - f1 0.8333 
INFO:root:TEST batch 4 / 7 - measures partial for class 0 - precision 0.0000 - recall 0.0000 - f1 0.0000 
INFO:root:TEST batch 4 / 7 - measures partial for class 1 - precision 0.8333 - recall 1.0000 - f1 0.9091 
INFO:root:TEST batch 4 / 7 - Batch time 0 
INFO:root:TEST batch 5 / 7 - partial error 0.1778 - partial loss 0.9975 - partial MRR  0.0000 - partial MAP 0.8883
INFO:root:TEST batch 5 / 7 -  partial tp {0: tensor(0), 1: tensor(162)},fn {0: tensor(36), 1: tensor(0)},fp {0: tensor(0), 1: tensor(36)}
INFO:root:TEST batch 5 / 7 - measures partial microavg - precision 0.8182 - recall 0.8182 - f1 0.8182 
INFO:root:TEST batch 5 / 7 - measures partial for class 0 - precision 0.0000 - recall 0.0000 - f1 0.0000 
INFO:root:TEST batch 5 / 7 - measures partial for class 1 - precision 0.8182 - recall 1.0000 - f1 0.9000 
INFO:root:TEST batch 5 / 7 - Batch time 0 
INFO:root:TEST batch 6 / 7 - partial error 0.1810 - partial loss 0.9992 - partial MRR  0.0000 - partial MAP 0.8876
INFO:root:TEST batch 6 / 7 -  partial tp {0: tensor(0), 1: tensor(159)},fn {0: tensor(39), 1: tensor(0)},fp {0: tensor(0), 1: tensor(39)}
INFO:root:TEST batch 6 / 7 - measures partial microavg - precision 0.8030 - recall 0.8030 - f1 0.8030 
INFO:root:TEST batch 6 / 7 - measures partial for class 0 - precision 0.0000 - recall 0.0000 - f1 0.0000 
INFO:root:TEST batch 6 / 7 - measures partial for class 1 - precision 0.8030 - recall 1.0000 - f1 0.8908 
INFO:root:TEST batch 6 / 7 - Batch time 0 
INFO:root:TEST batch 7 / 7 - partial error 0.1811 - partial loss 0.9779 - partial MRR  0.0000 - partial MAP 0.8953
INFO:root:TEST batch 7 / 7 -  partial tp {0: tensor(0), 1: tensor(162)},fn {0: tensor(36), 1: tensor(0)},fp {0: tensor(0), 1: tensor(36)}
INFO:root:TEST batch 7 / 7 - measures partial microavg - precision 0.8182 - recall 0.8182 - f1 0.8182 
INFO:root:TEST batch 7 / 7 - measures partial for class 0 - precision 0.0000 - recall 0.0000 - f1 0.0000 
INFO:root:TEST batch 7 / 7 - measures partial for class 1 - precision 0.8182 - recall 1.0000 - f1 0.9000 
INFO:root:TEST batch 7 / 7 - Batch time 0 
INFO:root:TEST mean losses tensor(0.9779)
INFO:root:TEST mean errors 0.18109668791294098
INFO:root:TEST mean MRR 0.0 - mean MAP 0.8952887058258057
INFO:root:TEST tp {0: tensor(0), 1: tensor(1135)},fn {0: tensor(251), 1: tensor(0)},fp {0: tensor(0), 1: tensor(251)}
INFO:root:TEST measures microavg - precision 0.8189 - recall 0.8189 - f1 0.8189 
INFO:root:TEST measures for class 0 - precision 0.0000 - recall 0.0000 - f1 0.0000 
INFO:root:TEST measures for class 1 - precision 0.8189 - recall 1.0000 - f1 0.9004 
INFO:root:TEST measures@10 microavg - precision 0.9306 - recall 0.0483 - f1 0.0919 
INFO:root:TEST measures@10 for class 0 - precision 0.5000 - recall 0.0040 - f1 0.0079 
INFO:root:TEST measures@10 for class 1 - precision 0.9429 - recall 0.0581 - f1 0.1095 
INFO:root:TEST measures@100 microavg - precision 0.8404 - recall 0.4560 - f1 0.5912 
INFO:root:TEST measures@100 for class 0 - precision 0.3654 - recall 0.0757 - f1 0.1254 
INFO:root:TEST measures@100 for class 1 - precision 0.8757 - recall 0.5401 - f1 0.6681 
INFO:root:TEST measures@1000 microavg - precision 0.7165 - recall 0.7165 - f1 0.7165 
INFO:root:TEST measures@1000 for class 0 - precision 0.2248 - recall 0.2311 - f1 0.2279 
INFO:root:TEST measures@1000 for class 1 - precision 0.8289 - recall 0.8238 - f1 0.8263 
INFO:root:TEST Total epoch time: 0.09084122100011882
INFO:root:################ TRAIN epoch 15 ###################
INFO:root:TRAIN mean losses tensor(0.9605)
INFO:root:TRAIN mean errors 0.17474748194217682
INFO:root:TRAIN mean MRR 0.0 - mean MAP 0.9141293168067932
INFO:root:TRAIN tp {0: tensor(0), 1: tensor(4902)},fn {0: tensor(1038), 1: tensor(0)},fp {0: tensor(0), 1: tensor(1038)}
INFO:root:TRAIN measures microavg - precision 0.8253 - recall 0.8253 - f1 0.8253 
INFO:root:TRAIN measures for class 0 - precision 0.0000 - recall 0.0000 - f1 0.0000 
INFO:root:TRAIN measures for class 1 - precision 0.8253 - recall 1.0000 - f1 0.9043 
INFO:root:TRAIN measures@10 microavg - precision 0.9733 - recall 0.0492 - f1 0.0936 
INFO:root:TRAIN measures@10 for class 0 - precision 0.0000 - recall 0.0000 - f1 0.0000 
INFO:root:TRAIN measures@10 for class 1 - precision 0.9733 - recall 0.0596 - f1 0.1123 
INFO:root:TRAIN measures@100 microavg - precision 0.8469 - recall 0.4572 - f1 0.5939 
INFO:root:TRAIN measures@100 for class 0 - precision 0.3623 - recall 0.0723 - f1 0.1205 
INFO:root:TRAIN measures@100 for class 1 - precision 0.8803 - recall 0.5388 - f1 0.6684 
INFO:root:TRAIN measures@1000 microavg - precision 0.7285 - recall 0.7285 - f1 0.7285 
INFO:root:TRAIN measures@1000 for class 0 - precision 0.2008 - recall 0.1859 - f1 0.1931 
INFO:root:TRAIN measures@1000 for class 1 - precision 0.8303 - recall 0.8433 - f1 0.8368 
INFO:root:TRAIN Total epoch time: 0.5863949230001708
INFO:root:################ VALID epoch 15 ###################
INFO:root:VALID mean losses tensor(0.9418)
INFO:root:VALID mean errors 0.17255891859531403
INFO:root:VALID mean MRR 0.0 - mean MAP 0.9146142601966858
INFO:root:VALID tp {0: tensor(0), 1: tensor(983)},fn {0: tensor(205), 1: tensor(0)},fp {0: tensor(0), 1: tensor(205)}
INFO:root:VALID measures microavg - precision 0.8274 - recall 0.8274 - f1 0.8274 
INFO:root:VALID measures for class 0 - precision 0.0000 - recall 0.0000 - f1 0.0000 
INFO:root:VALID measures for class 1 - precision 0.8274 - recall 1.0000 - f1 0.9056 
INFO:root:VALID measures@10 microavg - precision 0.9667 - recall 0.0488 - f1 0.0929 
INFO:root:VALID measures@10 for class 0 - precision 0.0000 - recall 0.0000 - f1 0.0000 
INFO:root:VALID measures@10 for class 1 - precision 0.9667 - recall 0.0590 - f1 0.1112 
INFO:root:VALID measures@100 microavg - precision 0.8679 - recall 0.4646 - f1 0.6053 
INFO:root:VALID measures@100 for class 0 - precision 0.3611 - recall 0.0634 - f1 0.1079 
INFO:root:VALID measures@100 for class 1 - precision 0.8983 - recall 0.5483 - f1 0.6810 
INFO:root:VALID measures@1000 microavg - precision 0.7197 - recall 0.7197 - f1 0.7197 
INFO:root:VALID measures@1000 for class 0 - precision 0.1735 - recall 0.1659 - f1 0.1696 
INFO:root:VALID measures@1000 for class 1 - precision 0.8276 - recall 0.8352 - f1 0.8314 
INFO:root:VALID Total epoch time: 0.06987222700036
INFO:root:################ TEST epoch 15 ###################
INFO:root:TEST batch 1 / 7 - partial error 0.1919 - partial loss 1.0505 - partial MRR  0.0000 - partial MAP 0.8790
INFO:root:TEST batch 1 / 7 -  partial tp {0: tensor(0), 1: tensor(160)},fn {0: tensor(38), 1: tensor(0)},fp {0: tensor(0), 1: tensor(38)}
INFO:root:TEST batch 1 / 7 - measures partial microavg - precision 0.8081 - recall 0.8081 - f1 0.8081 
INFO:root:TEST batch 1 / 7 - measures partial for class 0 - precision 0.0000 - recall 0.0000 - f1 0.0000 
INFO:root:TEST batch 1 / 7 - measures partial for class 1 - precision 0.8081 - recall 1.0000 - f1 0.8939 
INFO:root:TEST batch 1 / 7 - Batch time 0 
INFO:root:TEST batch 2 / 7 - partial error 0.1843 - partial loss 0.9906 - partial MRR  0.0000 - partial MAP 0.8944
INFO:root:TEST batch 2 / 7 -  partial tp {0: tensor(0), 1: tensor(163)},fn {0: tensor(35), 1: tensor(0)},fp {0: tensor(0), 1: tensor(35)}
INFO:root:TEST batch 2 / 7 - measures partial microavg - precision 0.8232 - recall 0.8232 - f1 0.8232 
INFO:root:TEST batch 2 / 7 - measures partial for class 0 - precision 0.0000 - recall 0.0000 - f1 0.0000 
INFO:root:TEST batch 2 / 7 - measures partial for class 1 - precision 0.8232 - recall 1.0000 - f1 0.9030 
INFO:root:TEST batch 2 / 7 - Batch time 0 
INFO:root:TEST batch 3 / 7 - partial error 0.1801 - partial loss 1.0328 - partial MRR  0.0000 - partial MAP 0.9104
INFO:root:TEST batch 3 / 7 -  partial tp {0: tensor(0), 1: tensor(164)},fn {0: tensor(34), 1: tensor(0)},fp {0: tensor(0), 1: tensor(34)}
INFO:root:TEST batch 3 / 7 - measures partial microavg - precision 0.8283 - recall 0.8283 - f1 0.8283 
INFO:root:TEST batch 3 / 7 - measures partial for class 0 - precision 0.0000 - recall 0.0000 - f1 0.0000 
INFO:root:TEST batch 3 / 7 - measures partial for class 1 - precision 0.8283 - recall 1.0000 - f1 0.9061 
INFO:root:TEST batch 3 / 7 - Batch time 0 
INFO:root:TEST batch 4 / 7 - partial error 0.1768 - partial loss 1.1092 - partial MRR  0.0000 - partial MAP 0.9022
INFO:root:TEST batch 4 / 7 -  partial tp {0: tensor(0), 1: tensor(165)},fn {0: tensor(33), 1: tensor(0)},fp {0: tensor(0), 1: tensor(33)}
INFO:root:TEST batch 4 / 7 - measures partial microavg - precision 0.8333 - recall 0.8333 - f1 0.8333 
INFO:root:TEST batch 4 / 7 - measures partial for class 0 - precision 0.0000 - recall 0.0000 - f1 0.0000 
INFO:root:TEST batch 4 / 7 - measures partial for class 1 - precision 0.8333 - recall 1.0000 - f1 0.9091 
INFO:root:TEST batch 4 / 7 - Batch time 0 
INFO:root:TEST batch 5 / 7 - partial error 0.1778 - partial loss 1.0582 - partial MRR  0.0000 - partial MAP 0.9054
INFO:root:TEST batch 5 / 7 -  partial tp {0: tensor(0), 1: tensor(162)},fn {0: tensor(36), 1: tensor(0)},fp {0: tensor(0), 1: tensor(36)}
INFO:root:TEST batch 5 / 7 - measures partial microavg - precision 0.8182 - recall 0.8182 - f1 0.8182 
INFO:root:TEST batch 5 / 7 - measures partial for class 0 - precision 0.0000 - recall 0.0000 - f1 0.0000 
INFO:root:TEST batch 5 / 7 - measures partial for class 1 - precision 0.8182 - recall 1.0000 - f1 0.9000 
INFO:root:TEST batch 5 / 7 - Batch time 0 
INFO:root:TEST batch 6 / 7 - partial error 0.1810 - partial loss 1.1355 - partial MRR  0.0000 - partial MAP 0.9021
INFO:root:TEST batch 6 / 7 -  partial tp {0: tensor(0), 1: tensor(159)},fn {0: tensor(39), 1: tensor(0)},fp {0: tensor(0), 1: tensor(39)}
INFO:root:TEST batch 6 / 7 - measures partial microavg - precision 0.8030 - recall 0.8030 - f1 0.8030 
INFO:root:TEST batch 6 / 7 - measures partial for class 0 - precision 0.0000 - recall 0.0000 - f1 0.0000 
INFO:root:TEST batch 6 / 7 - measures partial for class 1 - precision 0.8030 - recall 1.0000 - f1 0.8908 
INFO:root:TEST batch 6 / 7 - Batch time 0 
INFO:root:TEST batch 7 / 7 - partial error 0.1811 - partial loss 1.1110 - partial MRR  0.0000 - partial MAP 0.9034
INFO:root:TEST batch 7 / 7 -  partial tp {0: tensor(0), 1: tensor(162)},fn {0: tensor(36), 1: tensor(0)},fp {0: tensor(0), 1: tensor(36)}
INFO:root:TEST batch 7 / 7 - measures partial microavg - precision 0.8182 - recall 0.8182 - f1 0.8182 
INFO:root:TEST batch 7 / 7 - measures partial for class 0 - precision 0.0000 - recall 0.0000 - f1 0.0000 
INFO:root:TEST batch 7 / 7 - measures partial for class 1 - precision 0.8182 - recall 1.0000 - f1 0.9000 
INFO:root:TEST batch 7 / 7 - Batch time 0 
INFO:root:TEST mean losses tensor(1.1110)
INFO:root:TEST mean errors 0.18109668791294098
INFO:root:TEST mean MRR 0.0 - mean MAP 0.9033815860748291
INFO:root:TEST tp {0: tensor(0), 1: tensor(1135)},fn {0: tensor(251), 1: tensor(0)},fp {0: tensor(0), 1: tensor(251)}
INFO:root:TEST measures microavg - precision 0.8189 - recall 0.8189 - f1 0.8189 
INFO:root:TEST measures for class 0 - precision 0.0000 - recall 0.0000 - f1 0.0000 
INFO:root:TEST measures for class 1 - precision 0.8189 - recall 1.0000 - f1 0.9004 
INFO:root:TEST measures@10 microavg - precision 0.9429 - recall 0.0476 - f1 0.0907 
INFO:root:TEST measures@10 for class 0 - precision 0.0000 - recall 0.0000 - f1 0.0000 
INFO:root:TEST measures@10 for class 1 - precision 0.9429 - recall 0.0581 - f1 0.1095 
INFO:root:TEST measures@100 microavg - precision 0.8679 - recall 0.4502 - f1 0.5929 
INFO:root:TEST measures@100 for class 0 - precision 0.3684 - recall 0.0279 - f1 0.0519 
INFO:root:TEST measures@100 for class 1 - precision 0.8814 - recall 0.5436 - f1 0.6725 
INFO:root:TEST measures@1000 microavg - precision 0.7511 - recall 0.7511 - f1 0.7511 
INFO:root:TEST measures@1000 for class 0 - precision 0.1867 - recall 0.1116 - f1 0.1397 
INFO:root:TEST measures@1000 for class 1 - precision 0.8196 - recall 0.8925 - f1 0.8545 
INFO:root:TEST Total epoch time: 0.09076510099976076
INFO:root:################ TRAIN epoch 16 ###################
INFO:root:TRAIN mean losses tensor(0.9027)
INFO:root:TRAIN mean errors 0.17474748194217682
INFO:root:TRAIN mean MRR 0.0 - mean MAP 0.9124959707260132
INFO:root:TRAIN tp {0: tensor(0), 1: tensor(4902)},fn {0: tensor(1038), 1: tensor(0)},fp {0: tensor(0), 1: tensor(1038)}
INFO:root:TRAIN measures microavg - precision 0.8253 - recall 0.8253 - f1 0.8253 
INFO:root:TRAIN measures for class 0 - precision 0.0000 - recall 0.0000 - f1 0.0000 
INFO:root:TRAIN measures for class 1 - precision 0.8253 - recall 1.0000 - f1 0.9043 
INFO:root:TRAIN measures@10 microavg - precision 0.9833 - recall 0.0497 - f1 0.0946 
INFO:root:TRAIN measures@10 for class 0 - precision 0.0000 - recall 0.0000 - f1 0.0000 
INFO:root:TRAIN measures@10 for class 1 - precision 0.9833 - recall 0.0602 - f1 0.1134 
INFO:root:TRAIN measures@100 microavg - precision 0.8703 - recall 0.4562 - f1 0.5986 
INFO:root:TRAIN measures@100 for class 0 - precision 0.3860 - recall 0.0424 - f1 0.0764 
INFO:root:TRAIN measures@100 for class 1 - precision 0.8887 - recall 0.5439 - f1 0.6748 
INFO:root:TRAIN measures@1000 microavg - precision 0.7551 - recall 0.7551 - f1 0.7551 
INFO:root:TRAIN measures@1000 for class 0 - precision 0.2092 - recall 0.1445 - f1 0.1709 
INFO:root:TRAIN measures@1000 for class 1 - precision 0.8300 - recall 0.8843 - f1 0.8563 
INFO:root:TRAIN Total epoch time: 0.5881655529997261
INFO:root:################ VALID epoch 16 ###################
INFO:root:VALID mean losses tensor(0.8926)
INFO:root:VALID mean errors 0.17255891859531403
INFO:root:VALID mean MRR 0.0 - mean MAP 0.9173741340637207
INFO:root:VALID tp {0: tensor(0), 1: tensor(983)},fn {0: tensor(205), 1: tensor(0)},fp {0: tensor(0), 1: tensor(205)}
INFO:root:VALID measures microavg - precision 0.8274 - recall 0.8274 - f1 0.8274 
INFO:root:VALID measures for class 0 - precision 0.0000 - recall 0.0000 - f1 0.0000 
INFO:root:VALID measures for class 1 - precision 0.8274 - recall 1.0000 - f1 0.9056 
INFO:root:VALID measures@10 microavg - precision 0.9667 - recall 0.0488 - f1 0.0929 
INFO:root:VALID measures@10 for class 0 - precision 0.0000 - recall 0.0000 - f1 0.0000 
INFO:root:VALID measures@10 for class 1 - precision 0.9667 - recall 0.0590 - f1 0.1112 
INFO:root:VALID measures@100 microavg - precision 0.9083 - recall 0.4588 - f1 0.6096 
INFO:root:VALID measures@100 for class 0 - precision 0.0000 - recall 0.0000 - f1 0.0000 
INFO:root:VALID measures@100 for class 1 - precision 0.9083 - recall 0.5544 - f1 0.6886 
INFO:root:VALID measures@1000 microavg - precision 0.8039 - recall 0.8039 - f1 0.8039 
INFO:root:VALID measures@1000 for class 0 - precision 0.1818 - recall 0.0390 - f1 0.0643 
INFO:root:VALID measures@1000 for class 1 - precision 0.8278 - recall 0.9634 - f1 0.8905 
INFO:root:VALID Total epoch time: 0.0688209619997906
INFO:root:################ TEST epoch 16 ###################
INFO:root:TEST batch 1 / 7 - partial error 0.1919 - partial loss 0.9889 - partial MRR  0.0000 - partial MAP 0.8847
INFO:root:TEST batch 1 / 7 -  partial tp {0: tensor(0), 1: tensor(160)},fn {0: tensor(38), 1: tensor(0)},fp {0: tensor(0), 1: tensor(38)}
INFO:root:TEST batch 1 / 7 - measures partial microavg - precision 0.8081 - recall 0.8081 - f1 0.8081 
INFO:root:TEST batch 1 / 7 - measures partial for class 0 - precision 0.0000 - recall 0.0000 - f1 0.0000 
INFO:root:TEST batch 1 / 7 - measures partial for class 1 - precision 0.8081 - recall 1.0000 - f1 0.8939 
INFO:root:TEST batch 1 / 7 - Batch time 0 
INFO:root:TEST batch 2 / 7 - partial error 0.1843 - partial loss 0.9371 - partial MRR  0.0000 - partial MAP 0.9052
INFO:root:TEST batch 2 / 7 -  partial tp {0: tensor(0), 1: tensor(163)},fn {0: tensor(35), 1: tensor(0)},fp {0: tensor(0), 1: tensor(35)}
INFO:root:TEST batch 2 / 7 - measures partial microavg - precision 0.8232 - recall 0.8232 - f1 0.8232 
INFO:root:TEST batch 2 / 7 - measures partial for class 0 - precision 0.0000 - recall 0.0000 - f1 0.0000 
INFO:root:TEST batch 2 / 7 - measures partial for class 1 - precision 0.8232 - recall 1.0000 - f1 0.9030 
INFO:root:TEST batch 2 / 7 - Batch time 0 
INFO:root:TEST batch 3 / 7 - partial error 0.1801 - partial loss 0.9004 - partial MRR  0.0000 - partial MAP 0.9159
INFO:root:TEST batch 3 / 7 -  partial tp {0: tensor(0), 1: tensor(164)},fn {0: tensor(34), 1: tensor(0)},fp {0: tensor(0), 1: tensor(34)}
INFO:root:TEST batch 3 / 7 - measures partial microavg - precision 0.8283 - recall 0.8283 - f1 0.8283 
INFO:root:TEST batch 3 / 7 - measures partial for class 0 - precision 0.0000 - recall 0.0000 - f1 0.0000 
INFO:root:TEST batch 3 / 7 - measures partial for class 1 - precision 0.8283 - recall 1.0000 - f1 0.9061 
INFO:root:TEST batch 3 / 7 - Batch time 0 
INFO:root:TEST batch 4 / 7 - partial error 0.1768 - partial loss 0.9257 - partial MRR  0.0000 - partial MAP 0.9059
INFO:root:TEST batch 4 / 7 -  partial tp {0: tensor(0), 1: tensor(165)},fn {0: tensor(33), 1: tensor(0)},fp {0: tensor(0), 1: tensor(33)}
INFO:root:TEST batch 4 / 7 - measures partial microavg - precision 0.8333 - recall 0.8333 - f1 0.8333 
INFO:root:TEST batch 4 / 7 - measures partial for class 0 - precision 0.0000 - recall 0.0000 - f1 0.0000 
INFO:root:TEST batch 4 / 7 - measures partial for class 1 - precision 0.8333 - recall 1.0000 - f1 0.9091 
INFO:root:TEST batch 4 / 7 - Batch time 0 
INFO:root:TEST batch 5 / 7 - partial error 0.1778 - partial loss 0.9038 - partial MRR  0.0000 - partial MAP 0.9092
INFO:root:TEST batch 5 / 7 -  partial tp {0: tensor(0), 1: tensor(162)},fn {0: tensor(36), 1: tensor(0)},fp {0: tensor(0), 1: tensor(36)}
INFO:root:TEST batch 5 / 7 - measures partial microavg - precision 0.8182 - recall 0.8182 - f1 0.8182 
INFO:root:TEST batch 5 / 7 - measures partial for class 0 - precision 0.0000 - recall 0.0000 - f1 0.0000 
INFO:root:TEST batch 5 / 7 - measures partial for class 1 - precision 0.8182 - recall 1.0000 - f1 0.9000 
INFO:root:TEST batch 5 / 7 - Batch time 0 
INFO:root:TEST batch 6 / 7 - partial error 0.1810 - partial loss 0.9168 - partial MRR  0.0000 - partial MAP 0.9022
INFO:root:TEST batch 6 / 7 -  partial tp {0: tensor(0), 1: tensor(159)},fn {0: tensor(39), 1: tensor(0)},fp {0: tensor(0), 1: tensor(39)}
INFO:root:TEST batch 6 / 7 - measures partial microavg - precision 0.8030 - recall 0.8030 - f1 0.8030 
INFO:root:TEST batch 6 / 7 - measures partial for class 0 - precision 0.0000 - recall 0.0000 - f1 0.0000 
INFO:root:TEST batch 6 / 7 - measures partial for class 1 - precision 0.8030 - recall 1.0000 - f1 0.8908 
INFO:root:TEST batch 6 / 7 - Batch time 0 
INFO:root:TEST batch 7 / 7 - partial error 0.1811 - partial loss 0.9152 - partial MRR  0.0000 - partial MAP 0.9054
INFO:root:TEST batch 7 / 7 -  partial tp {0: tensor(0), 1: tensor(162)},fn {0: tensor(36), 1: tensor(0)},fp {0: tensor(0), 1: tensor(36)}
INFO:root:TEST batch 7 / 7 - measures partial microavg - precision 0.8182 - recall 0.8182 - f1 0.8182 
INFO:root:TEST batch 7 / 7 - measures partial for class 0 - precision 0.0000 - recall 0.0000 - f1 0.0000 
INFO:root:TEST batch 7 / 7 - measures partial for class 1 - precision 0.8182 - recall 1.0000 - f1 0.9000 
INFO:root:TEST batch 7 / 7 - Batch time 0 
INFO:root:TEST mean losses tensor(0.9152)
INFO:root:TEST mean errors 0.18109668791294098
INFO:root:TEST mean MRR 0.0 - mean MAP 0.9053763747215271
INFO:root:TEST tp {0: tensor(0), 1: tensor(1135)},fn {0: tensor(251), 1: tensor(0)},fp {0: tensor(0), 1: tensor(251)}
INFO:root:TEST measures microavg - precision 0.8189 - recall 0.8189 - f1 0.8189 
INFO:root:TEST measures for class 0 - precision 0.0000 - recall 0.0000 - f1 0.0000 
INFO:root:TEST measures for class 1 - precision 0.8189 - recall 1.0000 - f1 0.9004 
INFO:root:TEST measures@10 microavg - precision 0.9286 - recall 0.0469 - f1 0.0893 
INFO:root:TEST measures@10 for class 0 - precision 0.0000 - recall 0.0000 - f1 0.0000 
INFO:root:TEST measures@10 for class 1 - precision 0.9286 - recall 0.0573 - f1 0.1079 
INFO:root:TEST measures@100 microavg - precision 0.8246 - recall 0.4444 - f1 0.5776 
INFO:root:TEST measures@100 for class 0 - precision 0.2553 - recall 0.0478 - f1 0.0805 
INFO:root:TEST measures@100 for class 1 - precision 0.8629 - recall 0.5322 - f1 0.6583 
INFO:root:TEST measures@1000 microavg - precision 0.6775 - recall 0.6775 - f1 0.6775 
INFO:root:TEST measures@1000 for class 0 - precision 0.1475 - recall 0.1633 - f1 0.1550 
INFO:root:TEST measures@1000 for class 1 - precision 0.8105 - recall 0.7912 - f1 0.8007 
INFO:root:TEST Total epoch time: 0.08988998499989975
INFO:root:################ TRAIN epoch 17 ###################
INFO:root:TRAIN mean losses tensor(0.8744)
INFO:root:TRAIN mean errors 0.17474748194217682
INFO:root:TRAIN mean MRR 0.0 - mean MAP 0.9156956672668457
INFO:root:TRAIN tp {0: tensor(0), 1: tensor(4902)},fn {0: tensor(1038), 1: tensor(0)},fp {0: tensor(0), 1: tensor(1038)}
INFO:root:TRAIN measures microavg - precision 0.8253 - recall 0.8253 - f1 0.8253 
INFO:root:TRAIN measures for class 0 - precision 0.0000 - recall 0.0000 - f1 0.0000 
INFO:root:TRAIN measures for class 1 - precision 0.8253 - recall 1.0000 - f1 0.9043 
INFO:root:TRAIN measures@10 microavg - precision 0.9700 - recall 0.0490 - f1 0.0933 
INFO:root:TRAIN measures@10 for class 0 - precision 0.0000 - recall 0.0000 - f1 0.0000 
INFO:root:TRAIN measures@10 for class 1 - precision 0.9700 - recall 0.0594 - f1 0.1119 
INFO:root:TRAIN measures@100 microavg - precision 0.8457 - recall 0.4577 - f1 0.5940 
INFO:root:TRAIN measures@100 for class 0 - precision 0.3814 - recall 0.0790 - f1 0.1309 
INFO:root:TRAIN measures@100 for class 1 - precision 0.8790 - recall 0.5379 - f1 0.6674 
INFO:root:TRAIN measures@1000 microavg - precision 0.7007 - recall 0.7007 - f1 0.7007 
INFO:root:TRAIN measures@1000 for class 0 - precision 0.1942 - recall 0.2264 - f1 0.2091 
INFO:root:TRAIN measures@1000 for class 1 - precision 0.8302 - recall 0.8011 - f1 0.8154 
INFO:root:TRAIN Total epoch time: 0.5845852980000927
INFO:root:################ VALID epoch 17 ###################
INFO:root:VALID mean losses tensor(0.8628)
INFO:root:VALID mean errors 0.17255891859531403
INFO:root:VALID mean MRR 0.0 - mean MAP 0.9163742065429688
INFO:root:VALID tp {0: tensor(0), 1: tensor(983)},fn {0: tensor(205), 1: tensor(0)},fp {0: tensor(0), 1: tensor(205)}
INFO:root:VALID measures microavg - precision 0.8274 - recall 0.8274 - f1 0.8274 
INFO:root:VALID measures for class 0 - precision 0.0000 - recall 0.0000 - f1 0.0000 
INFO:root:VALID measures for class 1 - precision 0.8274 - recall 1.0000 - f1 0.9056 
INFO:root:VALID measures@10 microavg - precision 0.9500 - recall 0.0480 - f1 0.0913 
INFO:root:VALID measures@10 for class 0 - precision 0.0000 - recall 0.0000 - f1 0.0000 
INFO:root:VALID measures@10 for class 1 - precision 0.9500 - recall 0.0580 - f1 0.1093 
INFO:root:VALID measures@100 microavg - precision 0.8146 - recall 0.4588 - f1 0.5870 
INFO:root:VALID measures@100 for class 0 - precision 0.3623 - recall 0.1220 - f1 0.1825 
INFO:root:VALID measures@100 for class 1 - precision 0.8667 - recall 0.5290 - f1 0.6570 
INFO:root:VALID measures@1000 microavg - precision 0.6279 - recall 0.6279 - f1 0.6279 
INFO:root:VALID measures@1000 for class 0 - precision 0.1771 - recall 0.3171 - f1 0.2273 
INFO:root:VALID measures@1000 for class 1 - precision 0.8295 - recall 0.6928 - f1 0.7550 
INFO:root:VALID Total epoch time: 0.0707568320003702
INFO:root:################ TEST epoch 17 ###################
INFO:root:TEST batch 1 / 7 - partial error 0.1919 - partial loss 0.9569 - partial MRR  0.0000 - partial MAP 0.8885
INFO:root:TEST batch 1 / 7 -  partial tp {0: tensor(0), 1: tensor(160)},fn {0: tensor(38), 1: tensor(0)},fp {0: tensor(0), 1: tensor(38)}
INFO:root:TEST batch 1 / 7 - measures partial microavg - precision 0.8081 - recall 0.8081 - f1 0.8081 
INFO:root:TEST batch 1 / 7 - measures partial for class 0 - precision 0.0000 - recall 0.0000 - f1 0.0000 
INFO:root:TEST batch 1 / 7 - measures partial for class 1 - precision 0.8081 - recall 1.0000 - f1 0.8939 
INFO:root:TEST batch 1 / 7 - Batch time 0 
INFO:root:TEST batch 2 / 7 - partial error 0.1843 - partial loss 0.8581 - partial MRR  0.0000 - partial MAP 0.9181
INFO:root:TEST batch 2 / 7 -  partial tp {0: tensor(0), 1: tensor(163)},fn {0: tensor(35), 1: tensor(0)},fp {0: tensor(0), 1: tensor(35)}
INFO:root:TEST batch 2 / 7 - measures partial microavg - precision 0.8232 - recall 0.8232 - f1 0.8232 
INFO:root:TEST batch 2 / 7 - measures partial for class 0 - precision 0.0000 - recall 0.0000 - f1 0.0000 
INFO:root:TEST batch 2 / 7 - measures partial for class 1 - precision 0.8232 - recall 1.0000 - f1 0.9030 
INFO:root:TEST batch 2 / 7 - Batch time 0 
INFO:root:TEST batch 3 / 7 - partial error 0.1801 - partial loss 0.8325 - partial MRR  0.0000 - partial MAP 0.9248
INFO:root:TEST batch 3 / 7 -  partial tp {0: tensor(0), 1: tensor(164)},fn {0: tensor(34), 1: tensor(0)},fp {0: tensor(0), 1: tensor(34)}
INFO:root:TEST batch 3 / 7 - measures partial microavg - precision 0.8283 - recall 0.8283 - f1 0.8283 
INFO:root:TEST batch 3 / 7 - measures partial for class 0 - precision 0.0000 - recall 0.0000 - f1 0.0000 
INFO:root:TEST batch 3 / 7 - measures partial for class 1 - precision 0.8283 - recall 1.0000 - f1 0.9061 
INFO:root:TEST batch 3 / 7 - Batch time 0 
INFO:root:TEST batch 4 / 7 - partial error 0.1768 - partial loss 0.8531 - partial MRR  0.0000 - partial MAP 0.9181
INFO:root:TEST batch 4 / 7 -  partial tp {0: tensor(0), 1: tensor(165)},fn {0: tensor(33), 1: tensor(0)},fp {0: tensor(0), 1: tensor(33)}
INFO:root:TEST batch 4 / 7 - measures partial microavg - precision 0.8333 - recall 0.8333 - f1 0.8333 
INFO:root:TEST batch 4 / 7 - measures partial for class 0 - precision 0.0000 - recall 0.0000 - f1 0.0000 
INFO:root:TEST batch 4 / 7 - measures partial for class 1 - precision 0.8333 - recall 1.0000 - f1 0.9091 
INFO:root:TEST batch 4 / 7 - Batch time 0 
INFO:root:TEST batch 5 / 7 - partial error 0.1778 - partial loss 0.8557 - partial MRR  0.0000 - partial MAP 0.9173
INFO:root:TEST batch 5 / 7 -  partial tp {0: tensor(0), 1: tensor(162)},fn {0: tensor(36), 1: tensor(0)},fp {0: tensor(0), 1: tensor(36)}
INFO:root:TEST batch 5 / 7 - measures partial microavg - precision 0.8182 - recall 0.8182 - f1 0.8182 
INFO:root:TEST batch 5 / 7 - measures partial for class 0 - precision 0.0000 - recall 0.0000 - f1 0.0000 
INFO:root:TEST batch 5 / 7 - measures partial for class 1 - precision 0.8182 - recall 1.0000 - f1 0.9000 
INFO:root:TEST batch 5 / 7 - Batch time 0 
INFO:root:TEST batch 6 / 7 - partial error 0.1810 - partial loss 0.8671 - partial MRR  0.0000 - partial MAP 0.9139
INFO:root:TEST batch 6 / 7 -  partial tp {0: tensor(0), 1: tensor(159)},fn {0: tensor(39), 1: tensor(0)},fp {0: tensor(0), 1: tensor(39)}
INFO:root:TEST batch 6 / 7 - measures partial microavg - precision 0.8030 - recall 0.8030 - f1 0.8030 
INFO:root:TEST batch 6 / 7 - measures partial for class 0 - precision 0.0000 - recall 0.0000 - f1 0.0000 
INFO:root:TEST batch 6 / 7 - measures partial for class 1 - precision 0.8030 - recall 1.0000 - f1 0.8908 
INFO:root:TEST batch 6 / 7 - Batch time 0 
INFO:root:TEST batch 7 / 7 - partial error 0.1811 - partial loss 0.8672 - partial MRR  0.0000 - partial MAP 0.9154
INFO:root:TEST batch 7 / 7 -  partial tp {0: tensor(0), 1: tensor(162)},fn {0: tensor(36), 1: tensor(0)},fp {0: tensor(0), 1: tensor(36)}
INFO:root:TEST batch 7 / 7 - measures partial microavg - precision 0.8182 - recall 0.8182 - f1 0.8182 
INFO:root:TEST batch 7 / 7 - measures partial for class 0 - precision 0.0000 - recall 0.0000 - f1 0.0000 
INFO:root:TEST batch 7 / 7 - measures partial for class 1 - precision 0.8182 - recall 1.0000 - f1 0.9000 
INFO:root:TEST batch 7 / 7 - Batch time 0 
INFO:root:TEST mean losses tensor(0.8672)
INFO:root:TEST mean errors 0.18109668791294098
INFO:root:TEST mean MRR 0.0 - mean MAP 0.9154126048088074
INFO:root:TEST tp {0: tensor(0), 1: tensor(1135)},fn {0: tensor(251), 1: tensor(0)},fp {0: tensor(0), 1: tensor(251)}
INFO:root:TEST measures microavg - precision 0.8189 - recall 0.8189 - f1 0.8189 
INFO:root:TEST measures for class 0 - precision 0.0000 - recall 0.0000 - f1 0.0000 
INFO:root:TEST measures for class 1 - precision 0.8189 - recall 1.0000 - f1 0.9004 
INFO:root:TEST measures@10 microavg - precision 0.9143 - recall 0.0462 - f1 0.0879 
INFO:root:TEST measures@10 for class 0 - precision 0.0000 - recall 0.0000 - f1 0.0000 
INFO:root:TEST measures@10 for class 1 - precision 0.9143 - recall 0.0564 - f1 0.1062 
INFO:root:TEST measures@100 microavg - precision 0.8190 - recall 0.4538 - f1 0.5840 
INFO:root:TEST measures@100 for class 0 - precision 0.4853 - recall 0.1315 - f1 0.2069 
INFO:root:TEST measures@100 for class 1 - precision 0.8514 - recall 0.5251 - f1 0.6496 
INFO:root:TEST measures@1000 microavg - precision 0.6486 - recall 0.6486 - f1 0.6486 
INFO:root:TEST measures@1000 for class 0 - precision 0.2020 - recall 0.3187 - f1 0.2473 
INFO:root:TEST measures@1000 for class 1 - precision 0.8273 - recall 0.7216 - f1 0.7708 
INFO:root:TEST Total epoch time: 0.09046196300005249
INFO:root:################ TRAIN epoch 18 ###################
INFO:root:TRAIN mean losses tensor(0.8873)
INFO:root:TRAIN mean errors 0.17474748194217682
INFO:root:TRAIN mean MRR 0.0 - mean MAP 0.9188967943191528
INFO:root:TRAIN tp {0: tensor(0), 1: tensor(4902)},fn {0: tensor(1038), 1: tensor(0)},fp {0: tensor(0), 1: tensor(1038)}
INFO:root:TRAIN measures microavg - precision 0.8253 - recall 0.8253 - f1 0.8253 
INFO:root:TRAIN measures for class 0 - precision 0.0000 - recall 0.0000 - f1 0.0000 
INFO:root:TRAIN measures for class 1 - precision 0.8253 - recall 1.0000 - f1 0.9043 
INFO:root:TRAIN measures@10 microavg - precision 0.9867 - recall 0.0498 - f1 0.0949 
INFO:root:TRAIN measures@10 for class 0 - precision 0.0000 - recall 0.0000 - f1 0.0000 
INFO:root:TRAIN measures@10 for class 1 - precision 0.9867 - recall 0.0604 - f1 0.1138 
INFO:root:TRAIN measures@100 microavg - precision 0.8553 - recall 0.4596 - f1 0.5979 
INFO:root:TRAIN measures@100 for class 0 - precision 0.3542 - recall 0.0655 - f1 0.1106 
INFO:root:TRAIN measures@100 for class 1 - precision 0.8873 - recall 0.5430 - f1 0.6738 
INFO:root:TRAIN measures@1000 microavg - precision 0.7157 - recall 0.7157 - f1 0.7157 
INFO:root:TRAIN measures@1000 for class 0 - precision 0.1921 - recall 0.1956 - f1 0.1938 
INFO:root:TRAIN measures@1000 for class 1 - precision 0.8290 - recall 0.8258 - f1 0.8274 
INFO:root:TRAIN Total epoch time: 0.586608279000302
INFO:root:################ VALID epoch 18 ###################
INFO:root:VALID mean losses tensor(0.8160)
INFO:root:VALID mean errors 0.17255891859531403
INFO:root:VALID mean MRR 0.0 - mean MAP 0.926011323928833
INFO:root:VALID tp {0: tensor(0), 1: tensor(983)},fn {0: tensor(205), 1: tensor(0)},fp {0: tensor(0), 1: tensor(205)}
INFO:root:VALID measures microavg - precision 0.8274 - recall 0.8274 - f1 0.8274 
INFO:root:VALID measures for class 0 - precision 0.0000 - recall 0.0000 - f1 0.0000 
INFO:root:VALID measures for class 1 - precision 0.8274 - recall 1.0000 - f1 0.9056 
INFO:root:VALID measures@10 microavg - precision 0.9667 - recall 0.0488 - f1 0.0929 
INFO:root:VALID measures@10 for class 0 - precision 0.0000 - recall 0.0000 - f1 0.0000 
INFO:root:VALID measures@10 for class 1 - precision 0.9667 - recall 0.0590 - f1 0.1112 
INFO:root:VALID measures@100 microavg - precision 0.8715 - recall 0.4680 - f1 0.6090 
INFO:root:VALID measures@100 for class 0 - precision 0.3947 - recall 0.0732 - f1 0.1235 
INFO:root:VALID measures@100 for class 1 - precision 0.9017 - recall 0.5504 - f1 0.6835 
INFO:root:VALID measures@1000 microavg - precision 0.7138 - recall 0.7138 - f1 0.7138 
INFO:root:VALID measures@1000 for class 0 - precision 0.1831 - recall 0.1902 - f1 0.1866 
INFO:root:VALID measures@1000 for class 1 - precision 0.8297 - recall 0.8230 - f1 0.8264 
INFO:root:VALID Total epoch time: 0.06932480199975544
INFO:root:################ TEST epoch 18 ###################
INFO:root:TEST batch 1 / 7 - partial error 0.1919 - partial loss 0.9603 - partial MRR  0.0000 - partial MAP 0.9047
INFO:root:TEST batch 1 / 7 -  partial tp {0: tensor(0), 1: tensor(160)},fn {0: tensor(38), 1: tensor(0)},fp {0: tensor(0), 1: tensor(38)}
INFO:root:TEST batch 1 / 7 - measures partial microavg - precision 0.8081 - recall 0.8081 - f1 0.8081 
INFO:root:TEST batch 1 / 7 - measures partial for class 0 - precision 0.0000 - recall 0.0000 - f1 0.0000 
INFO:root:TEST batch 1 / 7 - measures partial for class 1 - precision 0.8081 - recall 1.0000 - f1 0.8939 
INFO:root:TEST batch 1 / 7 - Batch time 0 
INFO:root:TEST batch 2 / 7 - partial error 0.1843 - partial loss 0.8680 - partial MRR  0.0000 - partial MAP 0.9216
INFO:root:TEST batch 2 / 7 -  partial tp {0: tensor(0), 1: tensor(163)},fn {0: tensor(35), 1: tensor(0)},fp {0: tensor(0), 1: tensor(35)}
INFO:root:TEST batch 2 / 7 - measures partial microavg - precision 0.8232 - recall 0.8232 - f1 0.8232 
INFO:root:TEST batch 2 / 7 - measures partial for class 0 - precision 0.0000 - recall 0.0000 - f1 0.0000 
INFO:root:TEST batch 2 / 7 - measures partial for class 1 - precision 0.8232 - recall 1.0000 - f1 0.9030 
INFO:root:TEST batch 2 / 7 - Batch time 0 
INFO:root:TEST batch 3 / 7 - partial error 0.1801 - partial loss 0.8512 - partial MRR  0.0000 - partial MAP 0.9251
INFO:root:TEST batch 3 / 7 -  partial tp {0: tensor(0), 1: tensor(164)},fn {0: tensor(34), 1: tensor(0)},fp {0: tensor(0), 1: tensor(34)}
INFO:root:TEST batch 3 / 7 - measures partial microavg - precision 0.8283 - recall 0.8283 - f1 0.8283 
INFO:root:TEST batch 3 / 7 - measures partial for class 0 - precision 0.0000 - recall 0.0000 - f1 0.0000 
INFO:root:TEST batch 3 / 7 - measures partial for class 1 - precision 0.8283 - recall 1.0000 - f1 0.9061 
INFO:root:TEST batch 3 / 7 - Batch time 0 
INFO:root:TEST batch 4 / 7 - partial error 0.1768 - partial loss 0.8709 - partial MRR  0.0000 - partial MAP 0.9170
INFO:root:TEST batch 4 / 7 -  partial tp {0: tensor(0), 1: tensor(165)},fn {0: tensor(33), 1: tensor(0)},fp {0: tensor(0), 1: tensor(33)}
INFO:root:TEST batch 4 / 7 - measures partial microavg - precision 0.8333 - recall 0.8333 - f1 0.8333 
INFO:root:TEST batch 4 / 7 - measures partial for class 0 - precision 0.0000 - recall 0.0000 - f1 0.0000 
INFO:root:TEST batch 4 / 7 - measures partial for class 1 - precision 0.8333 - recall 1.0000 - f1 0.9091 
INFO:root:TEST batch 4 / 7 - Batch time 0 
INFO:root:TEST batch 5 / 7 - partial error 0.1778 - partial loss 0.8793 - partial MRR  0.0000 - partial MAP 0.9127
INFO:root:TEST batch 5 / 7 -  partial tp {0: tensor(0), 1: tensor(162)},fn {0: tensor(36), 1: tensor(0)},fp {0: tensor(0), 1: tensor(36)}
INFO:root:TEST batch 5 / 7 - measures partial microavg - precision 0.8182 - recall 0.8182 - f1 0.8182 
INFO:root:TEST batch 5 / 7 - measures partial for class 0 - precision 0.0000 - recall 0.0000 - f1 0.0000 
INFO:root:TEST batch 5 / 7 - measures partial for class 1 - precision 0.8182 - recall 1.0000 - f1 0.9000 
INFO:root:TEST batch 5 / 7 - Batch time 0 
INFO:root:TEST batch 6 / 7 - partial error 0.1810 - partial loss 0.8813 - partial MRR  0.0000 - partial MAP 0.9097
INFO:root:TEST batch 6 / 7 -  partial tp {0: tensor(0), 1: tensor(159)},fn {0: tensor(39), 1: tensor(0)},fp {0: tensor(0), 1: tensor(39)}
INFO:root:TEST batch 6 / 7 - measures partial microavg - precision 0.8030 - recall 0.8030 - f1 0.8030 
INFO:root:TEST batch 6 / 7 - measures partial for class 0 - precision 0.0000 - recall 0.0000 - f1 0.0000 
INFO:root:TEST batch 6 / 7 - measures partial for class 1 - precision 0.8030 - recall 1.0000 - f1 0.8908 
INFO:root:TEST batch 6 / 7 - Batch time 0 
INFO:root:TEST batch 7 / 7 - partial error 0.1811 - partial loss 0.8826 - partial MRR  0.0000 - partial MAP 0.9115
INFO:root:TEST batch 7 / 7 -  partial tp {0: tensor(0), 1: tensor(162)},fn {0: tensor(36), 1: tensor(0)},fp {0: tensor(0), 1: tensor(36)}
INFO:root:TEST batch 7 / 7 - measures partial microavg - precision 0.8182 - recall 0.8182 - f1 0.8182 
INFO:root:TEST batch 7 / 7 - measures partial for class 0 - precision 0.0000 - recall 0.0000 - f1 0.0000 
INFO:root:TEST batch 7 / 7 - measures partial for class 1 - precision 0.8182 - recall 1.0000 - f1 0.9000 
INFO:root:TEST batch 7 / 7 - Batch time 0 
INFO:root:TEST mean losses tensor(0.8826)
INFO:root:TEST mean errors 0.18109668791294098
INFO:root:TEST mean MRR 0.0 - mean MAP 0.9114571809768677
INFO:root:TEST tp {0: tensor(0), 1: tensor(1135)},fn {0: tensor(251), 1: tensor(0)},fp {0: tensor(0), 1: tensor(251)}
INFO:root:TEST measures microavg - precision 0.8189 - recall 0.8189 - f1 0.8189 
INFO:root:TEST measures for class 0 - precision 0.0000 - recall 0.0000 - f1 0.0000 
INFO:root:TEST measures for class 1 - precision 0.8189 - recall 1.0000 - f1 0.9004 
INFO:root:TEST measures@10 microavg - precision 0.9571 - recall 0.0483 - f1 0.0920 
INFO:root:TEST measures@10 for class 0 - precision 0.0000 - recall 0.0000 - f1 0.0000 
INFO:root:TEST measures@10 for class 1 - precision 0.9571 - recall 0.0590 - f1 0.1112 
INFO:root:TEST measures@100 microavg - precision 0.8446 - recall 0.4509 - f1 0.5880 
INFO:root:TEST measures@100 for class 0 - precision 0.2250 - recall 0.0359 - f1 0.0619 
INFO:root:TEST measures@100 for class 1 - precision 0.8800 - recall 0.5427 - f1 0.6714 
INFO:root:TEST measures@1000 microavg - precision 0.7179 - recall 0.7179 - f1 0.7179 
INFO:root:TEST measures@1000 for class 0 - precision 0.1818 - recall 0.1594 - f1 0.1699 
INFO:root:TEST measures@1000 for class 1 - precision 0.8190 - recall 0.8414 - f1 0.8301 
INFO:root:TEST Total epoch time: 0.09024850300011167
INFO:root:################ TRAIN epoch 19 ###################
INFO:root:TRAIN mean losses tensor(0.8573)
INFO:root:TRAIN mean errors 0.17474748194217682
INFO:root:TRAIN mean MRR 0.0 - mean MAP 0.9207509756088257
INFO:root:TRAIN tp {0: tensor(0), 1: tensor(4902)},fn {0: tensor(1038), 1: tensor(0)},fp {0: tensor(0), 1: tensor(1038)}
INFO:root:TRAIN measures microavg - precision 0.8253 - recall 0.8253 - f1 0.8253 
INFO:root:TRAIN measures for class 0 - precision 0.0000 - recall 0.0000 - f1 0.0000 
INFO:root:TRAIN measures for class 1 - precision 0.8253 - recall 1.0000 - f1 0.9043 
INFO:root:TRAIN measures@10 microavg - precision 0.9867 - recall 0.0500 - f1 0.0952 
INFO:root:TRAIN measures@10 for class 0 - precision 1.0000 - recall 0.0010 - f1 0.0019 
INFO:root:TRAIN measures@10 for class 1 - precision 0.9867 - recall 0.0604 - f1 0.1138 
INFO:root:TRAIN measures@100 microavg - precision 0.8417 - recall 0.4601 - f1 0.5950 
INFO:root:TRAIN measures@100 for class 0 - precision 0.3887 - recall 0.0925 - f1 0.1494 
INFO:root:TRAIN measures@100 for class 1 - precision 0.8790 - recall 0.5379 - f1 0.6674 
INFO:root:TRAIN measures@1000 microavg - precision 0.6953 - recall 0.6953 - f1 0.6953 
INFO:root:TRAIN measures@1000 for class 0 - precision 0.1989 - recall 0.2457 - f1 0.2198 
INFO:root:TRAIN measures@1000 for class 1 - precision 0.8319 - recall 0.7905 - f1 0.8107 
INFO:root:TRAIN Total epoch time: 0.540109023000241
INFO:root:################ VALID epoch 19 ###################
INFO:root:VALID mean losses tensor(0.8284)
INFO:root:VALID mean errors 0.17255891859531403
INFO:root:VALID mean MRR 0.0 - mean MAP 0.9263001680374146
INFO:root:VALID tp {0: tensor(0), 1: tensor(983)},fn {0: tensor(205), 1: tensor(0)},fp {0: tensor(0), 1: tensor(205)}
INFO:root:VALID measures microavg - precision 0.8274 - recall 0.8274 - f1 0.8274 
INFO:root:VALID measures for class 0 - precision 0.0000 - recall 0.0000 - f1 0.0000 
INFO:root:VALID measures for class 1 - precision 0.8274 - recall 1.0000 - f1 0.9056 
INFO:root:VALID measures@10 microavg - precision 0.9836 - recall 0.0505 - f1 0.0961 
INFO:root:VALID measures@10 for class 0 - precision 1.0000 - recall 0.0049 - f1 0.0097 
INFO:root:VALID measures@10 for class 1 - precision 0.9833 - recall 0.0600 - f1 0.1131 
INFO:root:VALID measures@100 microavg - precision 0.8662 - recall 0.4579 - f1 0.5991 
INFO:root:VALID measures@100 for class 0 - precision 0.3929 - recall 0.0537 - f1 0.0944 
INFO:root:VALID measures@100 for class 1 - precision 0.8883 - recall 0.5422 - f1 0.6734 
INFO:root:VALID measures@1000 microavg - precision 0.7264 - recall 0.7264 - f1 0.7264 
INFO:root:VALID measures@1000 for class 0 - precision 0.1739 - recall 0.1561 - f1 0.1645 
INFO:root:VALID measures@1000 for class 1 - precision 0.8277 - recall 0.8454 - f1 0.8364 
INFO:root:VALID Total epoch time: 0.06601545000012266
INFO:root:################ TEST epoch 19 ###################
INFO:root:TEST batch 1 / 7 - partial error 0.1919 - partial loss 0.9266 - partial MRR  0.0000 - partial MAP 0.9062
INFO:root:TEST batch 1 / 7 -  partial tp {0: tensor(0), 1: tensor(160)},fn {0: tensor(38), 1: tensor(0)},fp {0: tensor(0), 1: tensor(38)}
INFO:root:TEST batch 1 / 7 - measures partial microavg - precision 0.8081 - recall 0.8081 - f1 0.8081 
INFO:root:TEST batch 1 / 7 - measures partial for class 0 - precision 0.0000 - recall 0.0000 - f1 0.0000 
INFO:root:TEST batch 1 / 7 - measures partial for class 1 - precision 0.8081 - recall 1.0000 - f1 0.8939 
INFO:root:TEST batch 1 / 7 - Batch time 0 
INFO:root:TEST batch 2 / 7 - partial error 0.1843 - partial loss 0.8623 - partial MRR  0.0000 - partial MAP 0.9261
INFO:root:TEST batch 2 / 7 -  partial tp {0: tensor(0), 1: tensor(163)},fn {0: tensor(35), 1: tensor(0)},fp {0: tensor(0), 1: tensor(35)}
INFO:root:TEST batch 2 / 7 - measures partial microavg - precision 0.8232 - recall 0.8232 - f1 0.8232 
INFO:root:TEST batch 2 / 7 - measures partial for class 0 - precision 0.0000 - recall 0.0000 - f1 0.0000 
INFO:root:TEST batch 2 / 7 - measures partial for class 1 - precision 0.8232 - recall 1.0000 - f1 0.9030 
INFO:root:TEST batch 2 / 7 - Batch time 0 
INFO:root:TEST batch 3 / 7 - partial error 0.1801 - partial loss 0.8458 - partial MRR  0.0000 - partial MAP 0.9309
INFO:root:TEST batch 3 / 7 -  partial tp {0: tensor(0), 1: tensor(164)},fn {0: tensor(34), 1: tensor(0)},fp {0: tensor(0), 1: tensor(34)}
INFO:root:TEST batch 3 / 7 - measures partial microavg - precision 0.8283 - recall 0.8283 - f1 0.8283 
INFO:root:TEST batch 3 / 7 - measures partial for class 0 - precision 0.0000 - recall 0.0000 - f1 0.0000 
INFO:root:TEST batch 3 / 7 - measures partial for class 1 - precision 0.8283 - recall 1.0000 - f1 0.9061 
INFO:root:TEST batch 3 / 7 - Batch time 0 
INFO:root:TEST batch 4 / 7 - partial error 0.1768 - partial loss 0.8705 - partial MRR  0.0000 - partial MAP 0.9193
INFO:root:TEST batch 4 / 7 -  partial tp {0: tensor(0), 1: tensor(165)},fn {0: tensor(33), 1: tensor(0)},fp {0: tensor(0), 1: tensor(33)}
INFO:root:TEST batch 4 / 7 - measures partial microavg - precision 0.8333 - recall 0.8333 - f1 0.8333 
INFO:root:TEST batch 4 / 7 - measures partial for class 0 - precision 0.0000 - recall 0.0000 - f1 0.0000 
INFO:root:TEST batch 4 / 7 - measures partial for class 1 - precision 0.8333 - recall 1.0000 - f1 0.9091 
INFO:root:TEST batch 4 / 7 - Batch time 0 
INFO:root:TEST batch 5 / 7 - partial error 0.1778 - partial loss 0.8678 - partial MRR  0.0000 - partial MAP 0.9178
INFO:root:TEST batch 5 / 7 -  partial tp {0: tensor(0), 1: tensor(162)},fn {0: tensor(36), 1: tensor(0)},fp {0: tensor(0), 1: tensor(36)}
INFO:root:TEST batch 5 / 7 - measures partial microavg - precision 0.8182 - recall 0.8182 - f1 0.8182 
INFO:root:TEST batch 5 / 7 - measures partial for class 0 - precision 0.0000 - recall 0.0000 - f1 0.0000 
INFO:root:TEST batch 5 / 7 - measures partial for class 1 - precision 0.8182 - recall 1.0000 - f1 0.9000 
INFO:root:TEST batch 5 / 7 - Batch time 0 
INFO:root:TEST batch 6 / 7 - partial error 0.1810 - partial loss 0.8698 - partial MRR  0.0000 - partial MAP 0.9197
INFO:root:TEST batch 6 / 7 -  partial tp {0: tensor(0), 1: tensor(159)},fn {0: tensor(39), 1: tensor(0)},fp {0: tensor(0), 1: tensor(39)}
INFO:root:TEST batch 6 / 7 - measures partial microavg - precision 0.8030 - recall 0.8030 - f1 0.8030 
INFO:root:TEST batch 6 / 7 - measures partial for class 0 - precision 0.0000 - recall 0.0000 - f1 0.0000 
INFO:root:TEST batch 6 / 7 - measures partial for class 1 - precision 0.8030 - recall 1.0000 - f1 0.8908 
INFO:root:TEST batch 6 / 7 - Batch time 0 
INFO:root:TEST batch 7 / 7 - partial error 0.1811 - partial loss 0.8761 - partial MRR  0.0000 - partial MAP 0.9169
INFO:root:TEST batch 7 / 7 -  partial tp {0: tensor(0), 1: tensor(162)},fn {0: tensor(36), 1: tensor(0)},fp {0: tensor(0), 1: tensor(36)}
INFO:root:TEST batch 7 / 7 - measures partial microavg - precision 0.8182 - recall 0.8182 - f1 0.8182 
INFO:root:TEST batch 7 / 7 - measures partial for class 0 - precision 0.0000 - recall 0.0000 - f1 0.0000 
INFO:root:TEST batch 7 / 7 - measures partial for class 1 - precision 0.8182 - recall 1.0000 - f1 0.9000 
INFO:root:TEST batch 7 / 7 - Batch time 0 
INFO:root:TEST mean losses tensor(0.8761)
INFO:root:TEST mean errors 0.18109668791294098
INFO:root:TEST mean MRR 0.0 - mean MAP 0.9168850779533386
INFO:root:TEST tp {0: tensor(0), 1: tensor(1135)},fn {0: tensor(251), 1: tensor(0)},fp {0: tensor(0), 1: tensor(251)}
INFO:root:TEST measures microavg - precision 0.8189 - recall 0.8189 - f1 0.8189 
INFO:root:TEST measures for class 0 - precision 0.0000 - recall 0.0000 - f1 0.0000 
INFO:root:TEST measures for class 1 - precision 0.8189 - recall 1.0000 - f1 0.9004 
INFO:root:TEST measures@10 microavg - precision 0.9714 - recall 0.0491 - f1 0.0934 
INFO:root:TEST measures@10 for class 0 - precision 0.0000 - recall 0.0000 - f1 0.0000 
INFO:root:TEST measures@10 for class 1 - precision 0.9714 - recall 0.0599 - f1 0.1129 
INFO:root:TEST measures@100 microavg - precision 0.7405 - recall 0.4488 - f1 0.5588 
INFO:root:TEST measures@100 for class 0 - precision 0.3158 - recall 0.1912 - f1 0.2382 
INFO:root:TEST measures@100 for class 1 - precision 0.8343 - recall 0.5057 - f1 0.6297 
INFO:root:TEST measures@1000 microavg - precision 0.5570 - recall 0.5570 - f1 0.5570 
INFO:root:TEST measures@1000 for class 0 - precision 0.1887 - recall 0.4382 - f1 0.2638 
INFO:root:TEST measures@1000 for class 1 - precision 0.8244 - recall 0.5833 - f1 0.6832 
INFO:root:TEST Total epoch time: 0.09061011099993266
INFO:root:################ TRAIN epoch 20 ###################
INFO:root:TRAIN mean losses tensor(0.8414)
INFO:root:TRAIN mean errors 0.17474748194217682
INFO:root:TRAIN mean MRR 0.0 - mean MAP 0.9270811080932617
INFO:root:TRAIN tp {0: tensor(0), 1: tensor(4902)},fn {0: tensor(1038), 1: tensor(0)},fp {0: tensor(0), 1: tensor(1038)}
INFO:root:TRAIN measures microavg - precision 0.8253 - recall 0.8253 - f1 0.8253 
INFO:root:TRAIN measures for class 0 - precision 0.0000 - recall 0.0000 - f1 0.0000 
INFO:root:TRAIN measures for class 1 - precision 0.8253 - recall 1.0000 - f1 0.9043 
INFO:root:TRAIN measures@10 microavg - precision 0.9733 - recall 0.0492 - f1 0.0936 
INFO:root:TRAIN measures@10 for class 0 - precision 0.0000 - recall 0.0000 - f1 0.0000 
INFO:root:TRAIN measures@10 for class 1 - precision 0.9733 - recall 0.0596 - f1 0.1123 
INFO:root:TRAIN measures@100 microavg - precision 0.8357 - recall 0.4614 - f1 0.5946 
INFO:root:TRAIN measures@100 for class 0 - precision 0.3643 - recall 0.0983 - f1 0.1548 
INFO:root:TRAIN measures@100 for class 1 - precision 0.8797 - recall 0.5384 - f1 0.6679 
INFO:root:TRAIN measures@1000 microavg - precision 0.6722 - recall 0.6722 - f1 0.6722 
INFO:root:TRAIN measures@1000 for class 0 - precision 0.1885 - recall 0.2649 - f1 0.2203 
INFO:root:TRAIN measures@1000 for class 1 - precision 0.8297 - recall 0.7585 - f1 0.7925 
INFO:root:TRAIN Total epoch time: 0.5304692289996638
INFO:root:################ VALID epoch 20 ###################
INFO:root:VALID mean losses tensor(0.8677)
INFO:root:VALID mean errors 0.17255891859531403
INFO:root:VALID mean MRR 0.0 - mean MAP 0.9226976633071899
INFO:root:VALID tp {0: tensor(0), 1: tensor(983)},fn {0: tensor(205), 1: tensor(0)},fp {0: tensor(0), 1: tensor(205)}
INFO:root:VALID measures microavg - precision 0.8274 - recall 0.8274 - f1 0.8274 
INFO:root:VALID measures for class 0 - precision 0.0000 - recall 0.0000 - f1 0.0000 
INFO:root:VALID measures for class 1 - precision 0.8274 - recall 1.0000 - f1 0.9056 
INFO:root:VALID measures@10 microavg - precision 0.9833 - recall 0.0497 - f1 0.0946 
INFO:root:VALID measures@10 for class 0 - precision 0.0000 - recall 0.0000 - f1 0.0000 
INFO:root:VALID measures@10 for class 1 - precision 0.9833 - recall 0.0600 - f1 0.1131 
INFO:root:VALID measures@100 microavg - precision 0.8954 - recall 0.4613 - f1 0.6089 
INFO:root:VALID measures@100 for class 0 - precision 0.4167 - recall 0.0244 - f1 0.0461 
INFO:root:VALID measures@100 for class 1 - precision 0.9050 - recall 0.5524 - f1 0.6860 
INFO:root:VALID measures@1000 microavg - precision 0.7517 - recall 0.7517 - f1 0.7517 
INFO:root:VALID measures@1000 for class 0 - precision 0.1538 - recall 0.0976 - f1 0.1194 
INFO:root:VALID measures@1000 for class 1 - precision 0.8251 - recall 0.8881 - f1 0.8555 
INFO:root:VALID Total epoch time: 0.061528410999926564
INFO:root:################ TEST epoch 20 ###################
INFO:root:TEST batch 1 / 7 - partial error 0.1919 - partial loss 0.8727 - partial MRR  0.0000 - partial MAP 0.9235
INFO:root:TEST batch 1 / 7 -  partial tp {0: tensor(0), 1: tensor(160)},fn {0: tensor(38), 1: tensor(0)},fp {0: tensor(0), 1: tensor(38)}
INFO:root:TEST batch 1 / 7 - measures partial microavg - precision 0.8081 - recall 0.8081 - f1 0.8081 
INFO:root:TEST batch 1 / 7 - measures partial for class 0 - precision 0.0000 - recall 0.0000 - f1 0.0000 
INFO:root:TEST batch 1 / 7 - measures partial for class 1 - precision 0.8081 - recall 1.0000 - f1 0.8939 
INFO:root:TEST batch 1 / 7 - Batch time 0 
INFO:root:TEST batch 2 / 7 - partial error 0.1843 - partial loss 0.8361 - partial MRR  0.0000 - partial MAP 0.9229
INFO:root:TEST batch 2 / 7 -  partial tp {0: tensor(0), 1: tensor(163)},fn {0: tensor(35), 1: tensor(0)},fp {0: tensor(0), 1: tensor(35)}
INFO:root:TEST batch 2 / 7 - measures partial microavg - precision 0.8232 - recall 0.8232 - f1 0.8232 
INFO:root:TEST batch 2 / 7 - measures partial for class 0 - precision 0.0000 - recall 0.0000 - f1 0.0000 
INFO:root:TEST batch 2 / 7 - measures partial for class 1 - precision 0.8232 - recall 1.0000 - f1 0.9030 
INFO:root:TEST batch 2 / 7 - Batch time 0 
INFO:root:TEST batch 3 / 7 - partial error 0.1801 - partial loss 0.8088 - partial MRR  0.0000 - partial MAP 0.9315
INFO:root:TEST batch 3 / 7 -  partial tp {0: tensor(0), 1: tensor(164)},fn {0: tensor(34), 1: tensor(0)},fp {0: tensor(0), 1: tensor(34)}
INFO:root:TEST batch 3 / 7 - measures partial microavg - precision 0.8283 - recall 0.8283 - f1 0.8283 
INFO:root:TEST batch 3 / 7 - measures partial for class 0 - precision 0.0000 - recall 0.0000 - f1 0.0000 
INFO:root:TEST batch 3 / 7 - measures partial for class 1 - precision 0.8283 - recall 1.0000 - f1 0.9061 
INFO:root:TEST batch 3 / 7 - Batch time 0 
INFO:root:TEST batch 4 / 7 - partial error 0.1768 - partial loss 0.8541 - partial MRR  0.0000 - partial MAP 0.9169
INFO:root:TEST batch 4 / 7 -  partial tp {0: tensor(0), 1: tensor(165)},fn {0: tensor(33), 1: tensor(0)},fp {0: tensor(0), 1: tensor(33)}
INFO:root:TEST batch 4 / 7 - measures partial microavg - precision 0.8333 - recall 0.8333 - f1 0.8333 
INFO:root:TEST batch 4 / 7 - measures partial for class 0 - precision 0.0000 - recall 0.0000 - f1 0.0000 
INFO:root:TEST batch 4 / 7 - measures partial for class 1 - precision 0.8333 - recall 1.0000 - f1 0.9091 
INFO:root:TEST batch 4 / 7 - Batch time 0 
INFO:root:TEST batch 5 / 7 - partial error 0.1778 - partial loss 0.8468 - partial MRR  0.0000 - partial MAP 0.9200
INFO:root:TEST batch 5 / 7 -  partial tp {0: tensor(0), 1: tensor(162)},fn {0: tensor(36), 1: tensor(0)},fp {0: tensor(0), 1: tensor(36)}
INFO:root:TEST batch 5 / 7 - measures partial microavg - precision 0.8182 - recall 0.8182 - f1 0.8182 
INFO:root:TEST batch 5 / 7 - measures partial for class 0 - precision 0.0000 - recall 0.0000 - f1 0.0000 
INFO:root:TEST batch 5 / 7 - measures partial for class 1 - precision 0.8182 - recall 1.0000 - f1 0.9000 
INFO:root:TEST batch 5 / 7 - Batch time 0 
INFO:root:TEST batch 6 / 7 - partial error 0.1810 - partial loss 0.8458 - partial MRR  0.0000 - partial MAP 0.9221
INFO:root:TEST batch 6 / 7 -  partial tp {0: tensor(0), 1: tensor(159)},fn {0: tensor(39), 1: tensor(0)},fp {0: tensor(0), 1: tensor(39)}
INFO:root:TEST batch 6 / 7 - measures partial microavg - precision 0.8030 - recall 0.8030 - f1 0.8030 
INFO:root:TEST batch 6 / 7 - measures partial for class 0 - precision 0.0000 - recall 0.0000 - f1 0.0000 
INFO:root:TEST batch 6 / 7 - measures partial for class 1 - precision 0.8030 - recall 1.0000 - f1 0.8908 
INFO:root:TEST batch 6 / 7 - Batch time 0 
INFO:root:TEST batch 7 / 7 - partial error 0.1811 - partial loss 0.8526 - partial MRR  0.0000 - partial MAP 0.9196
INFO:root:TEST batch 7 / 7 -  partial tp {0: tensor(0), 1: tensor(162)},fn {0: tensor(36), 1: tensor(0)},fp {0: tensor(0), 1: tensor(36)}
INFO:root:TEST batch 7 / 7 - measures partial microavg - precision 0.8182 - recall 0.8182 - f1 0.8182 
INFO:root:TEST batch 7 / 7 - measures partial for class 0 - precision 0.0000 - recall 0.0000 - f1 0.0000 
INFO:root:TEST batch 7 / 7 - measures partial for class 1 - precision 0.8182 - recall 1.0000 - f1 0.9000 
INFO:root:TEST batch 7 / 7 - Batch time 0 
INFO:root:TEST mean losses tensor(0.8526)
INFO:root:TEST mean errors 0.18109668791294098
INFO:root:TEST mean MRR 0.0 - mean MAP 0.9196218252182007
INFO:root:TEST tp {0: tensor(0), 1: tensor(1135)},fn {0: tensor(251), 1: tensor(0)},fp {0: tensor(0), 1: tensor(251)}
INFO:root:TEST measures microavg - precision 0.8189 - recall 0.8189 - f1 0.8189 
INFO:root:TEST measures for class 0 - precision 0.0000 - recall 0.0000 - f1 0.0000 
INFO:root:TEST measures for class 1 - precision 0.8189 - recall 1.0000 - f1 0.9004 
INFO:root:TEST measures@10 microavg - precision 0.9429 - recall 0.0476 - f1 0.0907 
INFO:root:TEST measures@10 for class 0 - precision 0.0000 - recall 0.0000 - f1 0.0000 
INFO:root:TEST measures@10 for class 1 - precision 0.9429 - recall 0.0581 - f1 0.1095 
INFO:root:TEST measures@100 microavg - precision 0.8517 - recall 0.4517 - f1 0.5903 
INFO:root:TEST measures@100 for class 0 - precision 0.4000 - recall 0.0558 - f1 0.0979 
INFO:root:TEST measures@100 for class 1 - precision 0.8743 - recall 0.5392 - f1 0.6670 
INFO:root:TEST measures@1000 microavg - precision 0.6991 - recall 0.6991 - f1 0.6991 
INFO:root:TEST measures@1000 for class 0 - precision 0.1926 - recall 0.2072 - f1 0.1996 
INFO:root:TEST measures@1000 for class 1 - precision 0.8217 - recall 0.8079 - f1 0.8147 
INFO:root:TEST Total epoch time: 0.08156123999970077
INFO:root:################ TRAIN epoch 21 ###################
INFO:root:TRAIN mean losses tensor(0.8011)
INFO:root:TRAIN mean errors 0.17474748194217682
INFO:root:TRAIN mean MRR 0.0 - mean MAP 0.9348980784416199
INFO:root:TRAIN tp {0: tensor(0), 1: tensor(4902)},fn {0: tensor(1038), 1: tensor(0)},fp {0: tensor(0), 1: tensor(1038)}
INFO:root:TRAIN measures microavg - precision 0.8253 - recall 0.8253 - f1 0.8253 
INFO:root:TRAIN measures for class 0 - precision 0.0000 - recall 0.0000 - f1 0.0000 
INFO:root:TRAIN measures for class 1 - precision 0.8253 - recall 1.0000 - f1 0.9043 
INFO:root:TRAIN measures@10 microavg - precision 0.9801 - recall 0.0497 - f1 0.0945 
INFO:root:TRAIN measures@10 for class 0 - precision 1.0000 - recall 0.0010 - f1 0.0019 
INFO:root:TRAIN measures@10 for class 1 - precision 0.9800 - recall 0.0600 - f1 0.1130 
INFO:root:TRAIN measures@100 microavg - precision 0.8601 - recall 0.4594 - f1 0.5989 
INFO:root:TRAIN measures@100 for class 0 - precision 0.3931 - recall 0.0655 - f1 0.1123 
INFO:root:TRAIN measures@100 for class 1 - precision 0.8870 - recall 0.5428 - f1 0.6735 
INFO:root:TRAIN measures@1000 microavg - precision 0.7059 - recall 0.7059 - f1 0.7059 
INFO:root:TRAIN measures@1000 for class 0 - precision 0.2019 - recall 0.2312 - f1 0.2155 
INFO:root:TRAIN measures@1000 for class 1 - precision 0.8320 - recall 0.8064 - f1 0.8190 
INFO:root:TRAIN Total epoch time: 0.6656448869998712
INFO:root:################ VALID epoch 21 ###################
INFO:root:VALID mean losses tensor(0.7982)
INFO:root:VALID mean errors 0.17255891859531403
INFO:root:VALID mean MRR 0.0 - mean MAP 0.9304438829421997
INFO:root:VALID tp {0: tensor(0), 1: tensor(983)},fn {0: tensor(205), 1: tensor(0)},fp {0: tensor(0), 1: tensor(205)}
INFO:root:VALID measures microavg - precision 0.8274 - recall 0.8274 - f1 0.8274 
INFO:root:VALID measures for class 0 - precision 0.0000 - recall 0.0000 - f1 0.0000 
INFO:root:VALID measures for class 1 - precision 0.8274 - recall 1.0000 - f1 0.9056 
INFO:root:VALID measures@10 microavg - precision 0.9667 - recall 0.0488 - f1 0.0929 
INFO:root:VALID measures@10 for class 0 - precision 0.0000 - recall 0.0000 - f1 0.0000 
INFO:root:VALID measures@10 for class 1 - precision 0.9667 - recall 0.0590 - f1 0.1112 
INFO:root:VALID measures@100 microavg - precision 0.8310 - recall 0.4554 - f1 0.5884 
INFO:root:VALID measures@100 for class 0 - precision 0.3529 - recall 0.0878 - f1 0.1406 
INFO:root:VALID measures@100 for class 1 - precision 0.8717 - recall 0.5320 - f1 0.6608 
INFO:root:VALID measures@1000 microavg - precision 0.6608 - recall 0.6608 - f1 0.6608 
INFO:root:VALID measures@1000 for class 0 - precision 0.1722 - recall 0.2537 - f1 0.2051 
INFO:root:VALID measures@1000 for class 1 - precision 0.8273 - recall 0.7457 - f1 0.7844 
INFO:root:VALID Total epoch time: 0.06271065500004624
INFO:root:################ TEST epoch 21 ###################
INFO:root:TEST batch 1 / 7 - partial error 0.1919 - partial loss 0.8753 - partial MRR  0.0000 - partial MAP 0.9192
INFO:root:TEST batch 1 / 7 -  partial tp {0: tensor(0), 1: tensor(160)},fn {0: tensor(38), 1: tensor(0)},fp {0: tensor(0), 1: tensor(38)}
INFO:root:TEST batch 1 / 7 - measures partial microavg - precision 0.8081 - recall 0.8081 - f1 0.8081 
INFO:root:TEST batch 1 / 7 - measures partial for class 0 - precision 0.0000 - recall 0.0000 - f1 0.0000 
INFO:root:TEST batch 1 / 7 - measures partial for class 1 - precision 0.8081 - recall 1.0000 - f1 0.8939 
INFO:root:TEST batch 1 / 7 - Batch time 0 
INFO:root:TEST batch 2 / 7 - partial error 0.1843 - partial loss 0.8472 - partial MRR  0.0000 - partial MAP 0.9153
INFO:root:TEST batch 2 / 7 -  partial tp {0: tensor(0), 1: tensor(163)},fn {0: tensor(35), 1: tensor(0)},fp {0: tensor(0), 1: tensor(35)}
INFO:root:TEST batch 2 / 7 - measures partial microavg - precision 0.8232 - recall 0.8232 - f1 0.8232 
INFO:root:TEST batch 2 / 7 - measures partial for class 0 - precision 0.0000 - recall 0.0000 - f1 0.0000 
INFO:root:TEST batch 2 / 7 - measures partial for class 1 - precision 0.8232 - recall 1.0000 - f1 0.9030 
INFO:root:TEST batch 2 / 7 - Batch time 0 
INFO:root:TEST batch 3 / 7 - partial error 0.1801 - partial loss 0.8180 - partial MRR  0.0000 - partial MAP 0.9279
INFO:root:TEST batch 3 / 7 -  partial tp {0: tensor(0), 1: tensor(164)},fn {0: tensor(34), 1: tensor(0)},fp {0: tensor(0), 1: tensor(34)}
INFO:root:TEST batch 3 / 7 - measures partial microavg - precision 0.8283 - recall 0.8283 - f1 0.8283 
INFO:root:TEST batch 3 / 7 - measures partial for class 0 - precision 0.0000 - recall 0.0000 - f1 0.0000 
INFO:root:TEST batch 3 / 7 - measures partial for class 1 - precision 0.8283 - recall 1.0000 - f1 0.9061 
INFO:root:TEST batch 3 / 7 - Batch time 0 
INFO:root:TEST batch 4 / 7 - partial error 0.1768 - partial loss 0.8442 - partial MRR  0.0000 - partial MAP 0.9183
INFO:root:TEST batch 4 / 7 -  partial tp {0: tensor(0), 1: tensor(165)},fn {0: tensor(33), 1: tensor(0)},fp {0: tensor(0), 1: tensor(33)}
INFO:root:TEST batch 4 / 7 - measures partial microavg - precision 0.8333 - recall 0.8333 - f1 0.8333 
INFO:root:TEST batch 4 / 7 - measures partial for class 0 - precision 0.0000 - recall 0.0000 - f1 0.0000 
INFO:root:TEST batch 4 / 7 - measures partial for class 1 - precision 0.8333 - recall 1.0000 - f1 0.9091 
INFO:root:TEST batch 4 / 7 - Batch time 0 
INFO:root:TEST batch 5 / 7 - partial error 0.1778 - partial loss 0.8999 - partial MRR  0.0000 - partial MAP 0.9188
INFO:root:TEST batch 5 / 7 -  partial tp {0: tensor(0), 1: tensor(162)},fn {0: tensor(36), 1: tensor(0)},fp {0: tensor(0), 1: tensor(36)}
INFO:root:TEST batch 5 / 7 - measures partial microavg - precision 0.8182 - recall 0.8182 - f1 0.8182 
INFO:root:TEST batch 5 / 7 - measures partial for class 0 - precision 0.0000 - recall 0.0000 - f1 0.0000 
INFO:root:TEST batch 5 / 7 - measures partial for class 1 - precision 0.8182 - recall 1.0000 - f1 0.9000 
INFO:root:TEST batch 5 / 7 - Batch time 0 
INFO:root:TEST batch 6 / 7 - partial error 0.1810 - partial loss 0.8961 - partial MRR  0.0000 - partial MAP 0.9193
INFO:root:TEST batch 6 / 7 -  partial tp {0: tensor(0), 1: tensor(159)},fn {0: tensor(39), 1: tensor(0)},fp {0: tensor(0), 1: tensor(39)}
INFO:root:TEST batch 6 / 7 - measures partial microavg - precision 0.8030 - recall 0.8030 - f1 0.8030 
INFO:root:TEST batch 6 / 7 - measures partial for class 0 - precision 0.0000 - recall 0.0000 - f1 0.0000 
INFO:root:TEST batch 6 / 7 - measures partial for class 1 - precision 0.8030 - recall 1.0000 - f1 0.8908 
INFO:root:TEST batch 6 / 7 - Batch time 0 
INFO:root:TEST batch 7 / 7 - partial error 0.1811 - partial loss 0.9310 - partial MRR  0.0000 - partial MAP 0.9206
INFO:root:TEST batch 7 / 7 -  partial tp {0: tensor(0), 1: tensor(162)},fn {0: tensor(36), 1: tensor(0)},fp {0: tensor(0), 1: tensor(36)}
INFO:root:TEST batch 7 / 7 - measures partial microavg - precision 0.8182 - recall 0.8182 - f1 0.8182 
INFO:root:TEST batch 7 / 7 - measures partial for class 0 - precision 0.0000 - recall 0.0000 - f1 0.0000 
INFO:root:TEST batch 7 / 7 - measures partial for class 1 - precision 0.8182 - recall 1.0000 - f1 0.9000 
INFO:root:TEST batch 7 / 7 - Batch time 0 
INFO:root:TEST mean losses tensor(0.9310)
INFO:root:TEST mean errors 0.18109668791294098
INFO:root:TEST mean MRR 0.0 - mean MAP 0.9206142425537109
INFO:root:TEST tp {0: tensor(0), 1: tensor(1135)},fn {0: tensor(251), 1: tensor(0)},fp {0: tensor(0), 1: tensor(251)}
INFO:root:TEST measures microavg - precision 0.8189 - recall 0.8189 - f1 0.8189 
INFO:root:TEST measures for class 0 - precision 0.0000 - recall 0.0000 - f1 0.0000 
INFO:root:TEST measures for class 1 - precision 0.8189 - recall 1.0000 - f1 0.9004 
INFO:root:TEST measures@10 microavg - precision 0.9571 - recall 0.0483 - f1 0.0920 
INFO:root:TEST measures@10 for class 0 - precision 0.0000 - recall 0.0000 - f1 0.0000 
INFO:root:TEST measures@10 for class 1 - precision 0.9571 - recall 0.0590 - f1 0.1112 
INFO:root:TEST measures@100 microavg - precision 0.8424 - recall 0.4589 - f1 0.5941 
INFO:root:TEST measures@100 for class 0 - precision 0.4545 - recall 0.0996 - f1 0.1634 
INFO:root:TEST measures@100 for class 1 - precision 0.8729 - recall 0.5383 - f1 0.6659 
INFO:root:TEST measures@1000 microavg - precision 0.6912 - recall 0.6912 - f1 0.6912 
INFO:root:TEST measures@1000 for class 0 - precision 0.2136 - recall 0.2629 - f1 0.2357 
INFO:root:TEST measures@1000 for class 1 - precision 0.8282 - recall 0.7859 - f1 0.8065 
INFO:root:TEST Total epoch time: 0.08472139400009837
INFO:root:################ TRAIN epoch 22 ###################
INFO:root:TRAIN mean losses tensor(0.8372)
INFO:root:TRAIN mean errors 0.17474748194217682
INFO:root:TRAIN mean MRR 0.0 - mean MAP 0.9314818382263184
INFO:root:TRAIN tp {0: tensor(0), 1: tensor(4902)},fn {0: tensor(1038), 1: tensor(0)},fp {0: tensor(0), 1: tensor(1038)}
INFO:root:TRAIN measures microavg - precision 0.8253 - recall 0.8253 - f1 0.8253 
INFO:root:TRAIN measures for class 0 - precision 0.0000 - recall 0.0000 - f1 0.0000 
INFO:root:TRAIN measures for class 1 - precision 0.8253 - recall 1.0000 - f1 0.9043 
INFO:root:TRAIN measures@10 microavg - precision 0.9800 - recall 0.0495 - f1 0.0942 
INFO:root:TRAIN measures@10 for class 0 - precision 0.0000 - recall 0.0000 - f1 0.0000 
INFO:root:TRAIN measures@10 for class 1 - precision 0.9800 - recall 0.0600 - f1 0.1130 
INFO:root:TRAIN measures@100 microavg - precision 0.8552 - recall 0.4593 - f1 0.5976 
INFO:root:TRAIN measures@100 for class 0 - precision 0.3684 - recall 0.0674 - f1 0.1140 
INFO:root:TRAIN measures@100 for class 1 - precision 0.8860 - recall 0.5422 - f1 0.6727 
INFO:root:TRAIN measures@1000 microavg - precision 0.6988 - recall 0.6988 - f1 0.6988 
INFO:root:TRAIN measures@1000 for class 0 - precision 0.1863 - recall 0.2148 - f1 0.1996 
INFO:root:TRAIN measures@1000 for class 1 - precision 0.8282 - recall 0.8013 - f1 0.8145 
INFO:root:TRAIN Total epoch time: 0.538008937000086
INFO:root:################ VALID epoch 22 ###################
INFO:root:VALID mean losses tensor(0.7950)
INFO:root:VALID mean errors 0.17255891859531403
INFO:root:VALID mean MRR 0.0 - mean MAP 0.9348862767219543
INFO:root:VALID tp {0: tensor(0), 1: tensor(983)},fn {0: tensor(205), 1: tensor(0)},fp {0: tensor(0), 1: tensor(205)}
INFO:root:VALID measures microavg - precision 0.8274 - recall 0.8274 - f1 0.8274 
INFO:root:VALID measures for class 0 - precision 0.0000 - recall 0.0000 - f1 0.0000 
INFO:root:VALID measures for class 1 - precision 0.8274 - recall 1.0000 - f1 0.9056 
INFO:root:VALID measures@10 microavg - precision 0.9500 - recall 0.0480 - f1 0.0913 
INFO:root:VALID measures@10 for class 0 - precision 0.0000 - recall 0.0000 - f1 0.0000 
INFO:root:VALID measures@10 for class 1 - precision 0.9500 - recall 0.0580 - f1 0.1093 
INFO:root:VALID measures@100 microavg - precision 0.8703 - recall 0.4630 - f1 0.6044 
INFO:root:VALID measures@100 for class 0 - precision 0.3750 - recall 0.0585 - f1 0.1013 
INFO:root:VALID measures@100 for class 1 - precision 0.8967 - recall 0.5473 - f1 0.6797 
INFO:root:VALID measures@1000 microavg - precision 0.7205 - recall 0.7205 - f1 0.7205 
INFO:root:VALID measures@1000 for class 0 - precision 0.1872 - recall 0.1854 - f1 0.1863 
INFO:root:VALID measures@1000 for class 1 - precision 0.8305 - recall 0.8321 - f1 0.8313 
INFO:root:VALID Total epoch time: 0.06219345000044996
INFO:root:################ TEST epoch 22 ###################
INFO:root:TEST batch 1 / 7 - partial error 0.1919 - partial loss 0.9383 - partial MRR  0.0000 - partial MAP 0.8911
INFO:root:TEST batch 1 / 7 -  partial tp {0: tensor(0), 1: tensor(160)},fn {0: tensor(38), 1: tensor(0)},fp {0: tensor(0), 1: tensor(38)}
INFO:root:TEST batch 1 / 7 - measures partial microavg - precision 0.8081 - recall 0.8081 - f1 0.8081 
INFO:root:TEST batch 1 / 7 - measures partial for class 0 - precision 0.0000 - recall 0.0000 - f1 0.0000 
INFO:root:TEST batch 1 / 7 - measures partial for class 1 - precision 0.8081 - recall 1.0000 - f1 0.8939 
INFO:root:TEST batch 1 / 7 - Batch time 0 
INFO:root:TEST batch 2 / 7 - partial error 0.1843 - partial loss 0.8703 - partial MRR  0.0000 - partial MAP 0.9158
INFO:root:TEST batch 2 / 7 -  partial tp {0: tensor(0), 1: tensor(163)},fn {0: tensor(35), 1: tensor(0)},fp {0: tensor(0), 1: tensor(35)}
INFO:root:TEST batch 2 / 7 - measures partial microavg - precision 0.8232 - recall 0.8232 - f1 0.8232 
INFO:root:TEST batch 2 / 7 - measures partial for class 0 - precision 0.0000 - recall 0.0000 - f1 0.0000 
INFO:root:TEST batch 2 / 7 - measures partial for class 1 - precision 0.8232 - recall 1.0000 - f1 0.9030 
INFO:root:TEST batch 2 / 7 - Batch time 0 
INFO:root:TEST batch 3 / 7 - partial error 0.1801 - partial loss 0.8219 - partial MRR  0.0000 - partial MAP 0.9275
INFO:root:TEST batch 3 / 7 -  partial tp {0: tensor(0), 1: tensor(164)},fn {0: tensor(34), 1: tensor(0)},fp {0: tensor(0), 1: tensor(34)}
INFO:root:TEST batch 3 / 7 - measures partial microavg - precision 0.8283 - recall 0.8283 - f1 0.8283 
INFO:root:TEST batch 3 / 7 - measures partial for class 0 - precision 0.0000 - recall 0.0000 - f1 0.0000 
INFO:root:TEST batch 3 / 7 - measures partial for class 1 - precision 0.8283 - recall 1.0000 - f1 0.9061 
INFO:root:TEST batch 3 / 7 - Batch time 0 
INFO:root:TEST batch 4 / 7 - partial error 0.1768 - partial loss 0.8397 - partial MRR  0.0000 - partial MAP 0.9203
INFO:root:TEST batch 4 / 7 -  partial tp {0: tensor(0), 1: tensor(165)},fn {0: tensor(33), 1: tensor(0)},fp {0: tensor(0), 1: tensor(33)}
INFO:root:TEST batch 4 / 7 - measures partial microavg - precision 0.8333 - recall 0.8333 - f1 0.8333 
INFO:root:TEST batch 4 / 7 - measures partial for class 0 - precision 0.0000 - recall 0.0000 - f1 0.0000 
INFO:root:TEST batch 4 / 7 - measures partial for class 1 - precision 0.8333 - recall 1.0000 - f1 0.9091 
INFO:root:TEST batch 4 / 7 - Batch time 0 
INFO:root:TEST batch 5 / 7 - partial error 0.1778 - partial loss 0.8261 - partial MRR  0.0000 - partial MAP 0.9242
INFO:root:TEST batch 5 / 7 -  partial tp {0: tensor(0), 1: tensor(162)},fn {0: tensor(36), 1: tensor(0)},fp {0: tensor(0), 1: tensor(36)}
INFO:root:TEST batch 5 / 7 - measures partial microavg - precision 0.8182 - recall 0.8182 - f1 0.8182 
INFO:root:TEST batch 5 / 7 - measures partial for class 0 - precision 0.0000 - recall 0.0000 - f1 0.0000 
INFO:root:TEST batch 5 / 7 - measures partial for class 1 - precision 0.8182 - recall 1.0000 - f1 0.9000 
INFO:root:TEST batch 5 / 7 - Batch time 0 
INFO:root:TEST batch 6 / 7 - partial error 0.1810 - partial loss 0.8354 - partial MRR  0.0000 - partial MAP 0.9239
INFO:root:TEST batch 6 / 7 -  partial tp {0: tensor(0), 1: tensor(159)},fn {0: tensor(39), 1: tensor(0)},fp {0: tensor(0), 1: tensor(39)}
INFO:root:TEST batch 6 / 7 - measures partial microavg - precision 0.8030 - recall 0.8030 - f1 0.8030 
INFO:root:TEST batch 6 / 7 - measures partial for class 0 - precision 0.0000 - recall 0.0000 - f1 0.0000 
INFO:root:TEST batch 6 / 7 - measures partial for class 1 - precision 0.8030 - recall 1.0000 - f1 0.8908 
INFO:root:TEST batch 6 / 7 - Batch time 0 
INFO:root:TEST batch 7 / 7 - partial error 0.1811 - partial loss 0.8359 - partial MRR  0.0000 - partial MAP 0.9246
INFO:root:TEST batch 7 / 7 -  partial tp {0: tensor(0), 1: tensor(162)},fn {0: tensor(36), 1: tensor(0)},fp {0: tensor(0), 1: tensor(36)}
INFO:root:TEST batch 7 / 7 - measures partial microavg - precision 0.8182 - recall 0.8182 - f1 0.8182 
INFO:root:TEST batch 7 / 7 - measures partial for class 0 - precision 0.0000 - recall 0.0000 - f1 0.0000 
INFO:root:TEST batch 7 / 7 - measures partial for class 1 - precision 0.8182 - recall 1.0000 - f1 0.9000 
INFO:root:TEST batch 7 / 7 - Batch time 0 
INFO:root:TEST mean losses tensor(0.8359)
INFO:root:TEST mean errors 0.18109668791294098
INFO:root:TEST mean MRR 0.0 - mean MAP 0.9245773553848267
INFO:root:TEST tp {0: tensor(0), 1: tensor(1135)},fn {0: tensor(251), 1: tensor(0)},fp {0: tensor(0), 1: tensor(251)}
INFO:root:TEST measures microavg - precision 0.8189 - recall 0.8189 - f1 0.8189 
INFO:root:TEST measures for class 0 - precision 0.0000 - recall 0.0000 - f1 0.0000 
INFO:root:TEST measures for class 1 - precision 0.8189 - recall 1.0000 - f1 0.9004 
INFO:root:TEST measures@10 microavg - precision 0.9577 - recall 0.0491 - f1 0.0933 
INFO:root:TEST measures@10 for class 0 - precision 0.0000 - recall 0.0000 - f1 0.0000 
INFO:root:TEST measures@10 for class 1 - precision 0.9714 - recall 0.0599 - f1 0.1129 
INFO:root:TEST measures@100 microavg - precision 0.8092 - recall 0.4560 - f1 0.5833 
INFO:root:TEST measures@100 for class 0 - precision 0.2963 - recall 0.0956 - f1 0.1446 
INFO:root:TEST measures@100 for class 1 - precision 0.8686 - recall 0.5357 - f1 0.6627 
INFO:root:TEST measures@1000 microavg - precision 0.6291 - recall 0.6291 - f1 0.6291 
INFO:root:TEST measures@1000 for class 0 - precision 0.1816 - recall 0.2988 - f1 0.2259 
INFO:root:TEST measures@1000 for class 1 - precision 0.8191 - recall 0.7022 - f1 0.7562 
INFO:root:TEST Total epoch time: 0.0815495350002493
INFO:root:################ TRAIN epoch 23 ###################
INFO:root:TRAIN mean losses tensor(0.7920)
INFO:root:TRAIN mean errors 0.17474748194217682
INFO:root:TRAIN mean MRR 0.0 - mean MAP 0.9376886487007141
INFO:root:TRAIN tp {0: tensor(0), 1: tensor(4902)},fn {0: tensor(1038), 1: tensor(0)},fp {0: tensor(0), 1: tensor(1038)}
INFO:root:TRAIN measures microavg - precision 0.8253 - recall 0.8253 - f1 0.8253 
INFO:root:TRAIN measures for class 0 - precision 0.0000 - recall 0.0000 - f1 0.0000 
INFO:root:TRAIN measures for class 1 - precision 0.8253 - recall 1.0000 - f1 0.9043 
INFO:root:TRAIN measures@10 microavg - precision 0.9867 - recall 0.0498 - f1 0.0949 
INFO:root:TRAIN measures@10 for class 0 - precision 0.0000 - recall 0.0000 - f1 0.0000 
INFO:root:TRAIN measures@10 for class 1 - precision 0.9867 - recall 0.0604 - f1 0.1138 
INFO:root:TRAIN measures@100 microavg - precision 0.8564 - recall 0.4690 - f1 0.6061 
INFO:root:TRAIN measures@100 for class 0 - precision 0.4783 - recall 0.1166 - f1 0.1875 
INFO:root:TRAIN measures@100 for class 1 - precision 0.8883 - recall 0.5437 - f1 0.6745 
INFO:root:TRAIN measures@1000 microavg - precision 0.6811 - recall 0.6811 - f1 0.6811 
INFO:root:TRAIN measures@1000 for class 0 - precision 0.2166 - recall 0.3150 - f1 0.2567 
INFO:root:TRAIN measures@1000 for class 1 - precision 0.8395 - recall 0.7587 - f1 0.7970 
INFO:root:TRAIN Total epoch time: 0.5303932219999297
INFO:root:################ VALID epoch 23 ###################
INFO:root:VALID mean losses tensor(0.8155)
INFO:root:VALID mean errors 0.17255891859531403
INFO:root:VALID mean MRR 0.0 - mean MAP 0.9382676482200623
INFO:root:VALID tp {0: tensor(0), 1: tensor(983)},fn {0: tensor(205), 1: tensor(0)},fp {0: tensor(0), 1: tensor(205)}
INFO:root:VALID measures microavg - precision 0.8274 - recall 0.8274 - f1 0.8274 
INFO:root:VALID measures for class 0 - precision 0.0000 - recall 0.0000 - f1 0.0000 
INFO:root:VALID measures for class 1 - precision 0.8274 - recall 1.0000 - f1 0.9056 
INFO:root:VALID measures@10 microavg - precision 1.0000 - recall 0.0505 - f1 0.0962 
INFO:root:VALID measures@10 for class 0 - precision 0.0000 - recall 0.0000 - f1 0.0000 
INFO:root:VALID measures@10 for class 1 - precision 1.0000 - recall 0.0610 - f1 0.1151 
INFO:root:VALID measures@100 microavg - precision 0.8607 - recall 0.4630 - f1 0.6021 
INFO:root:VALID measures@100 for class 0 - precision 0.3846 - recall 0.0732 - f1 0.1230 
INFO:root:VALID measures@100 for class 1 - precision 0.8917 - recall 0.5443 - f1 0.6759 
INFO:root:VALID measures@1000 microavg - precision 0.7130 - recall 0.7130 - f1 0.7130 
INFO:root:VALID measures@1000 for class 0 - precision 0.2069 - recall 0.2341 - f1 0.2197 
INFO:root:VALID measures@1000 for class 1 - precision 0.8358 - recall 0.8128 - f1 0.8241 
INFO:root:VALID Total epoch time: 0.06879538900011539
INFO:root:################ TEST epoch 23 ###################
INFO:root:TEST batch 1 / 7 - partial error 0.1919 - partial loss 0.8528 - partial MRR  0.0000 - partial MAP 0.9253
INFO:root:TEST batch 1 / 7 -  partial tp {0: tensor(0), 1: tensor(160)},fn {0: tensor(38), 1: tensor(0)},fp {0: tensor(0), 1: tensor(38)}
INFO:root:TEST batch 1 / 7 - measures partial microavg - precision 0.8081 - recall 0.8081 - f1 0.8081 
INFO:root:TEST batch 1 / 7 - measures partial for class 0 - precision 0.0000 - recall 0.0000 - f1 0.0000 
INFO:root:TEST batch 1 / 7 - measures partial for class 1 - precision 0.8081 - recall 1.0000 - f1 0.8939 
INFO:root:TEST batch 1 / 7 - Batch time 0 
INFO:root:TEST batch 2 / 7 - partial error 0.1843 - partial loss 0.9673 - partial MRR  0.0000 - partial MAP 0.9284
INFO:root:TEST batch 2 / 7 -  partial tp {0: tensor(0), 1: tensor(163)},fn {0: tensor(35), 1: tensor(0)},fp {0: tensor(0), 1: tensor(35)}
INFO:root:TEST batch 2 / 7 - measures partial microavg - precision 0.8232 - recall 0.8232 - f1 0.8232 
INFO:root:TEST batch 2 / 7 - measures partial for class 0 - precision 0.0000 - recall 0.0000 - f1 0.0000 
INFO:root:TEST batch 2 / 7 - measures partial for class 1 - precision 0.8232 - recall 1.0000 - f1 0.9030 
INFO:root:TEST batch 2 / 7 - Batch time 0 
INFO:root:TEST batch 3 / 7 - partial error 0.1801 - partial loss 0.9010 - partial MRR  0.0000 - partial MAP 0.9322
INFO:root:TEST batch 3 / 7 -  partial tp {0: tensor(0), 1: tensor(164)},fn {0: tensor(34), 1: tensor(0)},fp {0: tensor(0), 1: tensor(34)}
INFO:root:TEST batch 3 / 7 - measures partial microavg - precision 0.8283 - recall 0.8283 - f1 0.8283 
INFO:root:TEST batch 3 / 7 - measures partial for class 0 - precision 0.0000 - recall 0.0000 - f1 0.0000 
INFO:root:TEST batch 3 / 7 - measures partial for class 1 - precision 0.8283 - recall 1.0000 - f1 0.9061 
INFO:root:TEST batch 3 / 7 - Batch time 0 
INFO:root:TEST batch 4 / 7 - partial error 0.1768 - partial loss 0.8875 - partial MRR  0.0000 - partial MAP 0.9277
INFO:root:TEST batch 4 / 7 -  partial tp {0: tensor(0), 1: tensor(165)},fn {0: tensor(33), 1: tensor(0)},fp {0: tensor(0), 1: tensor(33)}
INFO:root:TEST batch 4 / 7 - measures partial microavg - precision 0.8333 - recall 0.8333 - f1 0.8333 
INFO:root:TEST batch 4 / 7 - measures partial for class 0 - precision 0.0000 - recall 0.0000 - f1 0.0000 
INFO:root:TEST batch 4 / 7 - measures partial for class 1 - precision 0.8333 - recall 1.0000 - f1 0.9091 
INFO:root:TEST batch 4 / 7 - Batch time 0 
INFO:root:TEST batch 5 / 7 - partial error 0.1778 - partial loss 0.8600 - partial MRR  0.0000 - partial MAP 0.9302
INFO:root:TEST batch 5 / 7 -  partial tp {0: tensor(0), 1: tensor(162)},fn {0: tensor(36), 1: tensor(0)},fp {0: tensor(0), 1: tensor(36)}
INFO:root:TEST batch 5 / 7 - measures partial microavg - precision 0.8182 - recall 0.8182 - f1 0.8182 
INFO:root:TEST batch 5 / 7 - measures partial for class 0 - precision 0.0000 - recall 0.0000 - f1 0.0000 
INFO:root:TEST batch 5 / 7 - measures partial for class 1 - precision 0.8182 - recall 1.0000 - f1 0.9000 
INFO:root:TEST batch 5 / 7 - Batch time 0 
INFO:root:TEST batch 6 / 7 - partial error 0.1810 - partial loss 0.8607 - partial MRR  0.0000 - partial MAP 0.9282
INFO:root:TEST batch 6 / 7 -  partial tp {0: tensor(0), 1: tensor(159)},fn {0: tensor(39), 1: tensor(0)},fp {0: tensor(0), 1: tensor(39)}
INFO:root:TEST batch 6 / 7 - measures partial microavg - precision 0.8030 - recall 0.8030 - f1 0.8030 
INFO:root:TEST batch 6 / 7 - measures partial for class 0 - precision 0.0000 - recall 0.0000 - f1 0.0000 
INFO:root:TEST batch 6 / 7 - measures partial for class 1 - precision 0.8030 - recall 1.0000 - f1 0.8908 
INFO:root:TEST batch 6 / 7 - Batch time 0 
INFO:root:TEST batch 7 / 7 - partial error 0.1811 - partial loss 0.8694 - partial MRR  0.0000 - partial MAP 0.9226
INFO:root:TEST batch 7 / 7 -  partial tp {0: tensor(0), 1: tensor(162)},fn {0: tensor(36), 1: tensor(0)},fp {0: tensor(0), 1: tensor(36)}
INFO:root:TEST batch 7 / 7 - measures partial microavg - precision 0.8182 - recall 0.8182 - f1 0.8182 
INFO:root:TEST batch 7 / 7 - measures partial for class 0 - precision 0.0000 - recall 0.0000 - f1 0.0000 
INFO:root:TEST batch 7 / 7 - measures partial for class 1 - precision 0.8182 - recall 1.0000 - f1 0.9000 
INFO:root:TEST batch 7 / 7 - Batch time 0 
INFO:root:TEST mean losses tensor(0.8694)
INFO:root:TEST mean errors 0.18109668791294098
INFO:root:TEST mean MRR 0.0 - mean MAP 0.9226129651069641
INFO:root:TEST tp {0: tensor(0), 1: tensor(1135)},fn {0: tensor(251), 1: tensor(0)},fp {0: tensor(0), 1: tensor(251)}
INFO:root:TEST measures microavg - precision 0.8189 - recall 0.8189 - f1 0.8189 
INFO:root:TEST measures for class 0 - precision 0.0000 - recall 0.0000 - f1 0.0000 
INFO:root:TEST measures for class 1 - precision 0.8189 - recall 1.0000 - f1 0.9004 
INFO:root:TEST measures@10 microavg - precision 0.9143 - recall 0.0462 - f1 0.0879 
INFO:root:TEST measures@10 for class 0 - precision 0.0000 - recall 0.0000 - f1 0.0000 
INFO:root:TEST measures@10 for class 1 - precision 0.9143 - recall 0.0564 - f1 0.1062 
INFO:root:TEST measures@100 microavg - precision 0.8523 - recall 0.4495 - f1 0.5886 
INFO:root:TEST measures@100 for class 0 - precision 0.3226 - recall 0.0398 - f1 0.0709 
INFO:root:TEST measures@100 for class 1 - precision 0.8757 - recall 0.5401 - f1 0.6681 
INFO:root:TEST measures@1000 microavg - precision 0.7056 - recall 0.7056 - f1 0.7056 
INFO:root:TEST measures@1000 for class 0 - precision 0.1796 - recall 0.1753 - f1 0.1774 
INFO:root:TEST measures@1000 for class 1 - precision 0.8186 - recall 0.8229 - f1 0.8207 
INFO:root:TEST Total epoch time: 0.08766395700013163
INFO:root:################ TRAIN epoch 24 ###################
INFO:root:TRAIN mean losses tensor(0.7949)
INFO:root:TRAIN mean errors 0.17474748194217682
INFO:root:TRAIN mean MRR 0.0 - mean MAP 0.9394793510437012
INFO:root:TRAIN tp {0: tensor(0), 1: tensor(4902)},fn {0: tensor(1038), 1: tensor(0)},fp {0: tensor(0), 1: tensor(1038)}
INFO:root:TRAIN measures microavg - precision 0.8253 - recall 0.8253 - f1 0.8253 
INFO:root:TRAIN measures for class 0 - precision 0.0000 - recall 0.0000 - f1 0.0000 
INFO:root:TRAIN measures for class 1 - precision 0.8253 - recall 1.0000 - f1 0.9043 
INFO:root:TRAIN measures@10 microavg - precision 0.9834 - recall 0.0498 - f1 0.0949 
INFO:root:TRAIN measures@10 for class 0 - precision 0.0000 - recall 0.0000 - f1 0.0000 
INFO:root:TRAIN measures@10 for class 1 - precision 0.9867 - recall 0.0604 - f1 0.1138 
INFO:root:TRAIN measures@100 microavg - precision 0.8321 - recall 0.4680 - f1 0.5991 
INFO:root:TRAIN measures@100 for class 0 - precision 0.3947 - recall 0.1301 - f1 0.1957 
INFO:root:TRAIN measures@100 for class 1 - precision 0.8820 - recall 0.5396 - f1 0.6695 
INFO:root:TRAIN measures@1000 microavg - precision 0.6609 - recall 0.6609 - f1 0.6609 
INFO:root:TRAIN measures@1000 for class 0 - precision 0.2081 - recall 0.3353 - f1 0.2568 
INFO:root:TRAIN measures@1000 for class 1 - precision 0.8383 - recall 0.7299 - f1 0.7804 
INFO:root:TRAIN Total epoch time: 0.5823549320002712
INFO:root:################ VALID epoch 24 ###################
INFO:root:VALID mean losses tensor(0.7729)
INFO:root:VALID mean errors 0.17255891859531403
INFO:root:VALID mean MRR 0.0 - mean MAP 0.9364880919456482
INFO:root:VALID tp {0: tensor(0), 1: tensor(983)},fn {0: tensor(205), 1: tensor(0)},fp {0: tensor(0), 1: tensor(205)}
INFO:root:VALID measures microavg - precision 0.8274 - recall 0.8274 - f1 0.8274 
INFO:root:VALID measures for class 0 - precision 0.0000 - recall 0.0000 - f1 0.0000 
INFO:root:VALID measures for class 1 - precision 0.8274 - recall 1.0000 - f1 0.9056 
INFO:root:VALID measures@10 microavg - precision 0.9833 - recall 0.0497 - f1 0.0946 
INFO:root:VALID measures@10 for class 0 - precision 0.0000 - recall 0.0000 - f1 0.0000 
INFO:root:VALID measures@10 for class 1 - precision 0.9833 - recall 0.0600 - f1 0.1131 
INFO:root:VALID measures@100 microavg - precision 0.9151 - recall 0.4630 - f1 0.6149 
INFO:root:VALID measures@100 for class 0 - precision 1.0000 - recall 0.0049 - f1 0.0097 
INFO:root:VALID measures@100 for class 1 - precision 0.9150 - recall 0.5585 - f1 0.6936 
INFO:root:VALID measures@1000 microavg - precision 0.7896 - recall 0.7896 - f1 0.7896 
INFO:root:VALID measures@1000 for class 0 - precision 0.2152 - recall 0.0829 - f1 0.1197 
INFO:root:VALID measures@1000 for class 1 - precision 0.8305 - recall 0.9369 - f1 0.8805 
INFO:root:VALID Total epoch time: 0.06825365099984992
INFO:root:################ TEST epoch 24 ###################
INFO:root:TEST batch 1 / 7 - partial error 0.1919 - partial loss 0.9395 - partial MRR  0.0000 - partial MAP 0.8881
INFO:root:TEST batch 1 / 7 -  partial tp {0: tensor(0), 1: tensor(160)},fn {0: tensor(38), 1: tensor(0)},fp {0: tensor(0), 1: tensor(38)}
INFO:root:TEST batch 1 / 7 - measures partial microavg - precision 0.8081 - recall 0.8081 - f1 0.8081 
INFO:root:TEST batch 1 / 7 - measures partial for class 0 - precision 0.0000 - recall 0.0000 - f1 0.0000 
INFO:root:TEST batch 1 / 7 - measures partial for class 1 - precision 0.8081 - recall 1.0000 - f1 0.8939 
INFO:root:TEST batch 1 / 7 - Batch time 0 
INFO:root:TEST batch 2 / 7 - partial error 0.1843 - partial loss 0.8538 - partial MRR  0.0000 - partial MAP 0.9158
INFO:root:TEST batch 2 / 7 -  partial tp {0: tensor(0), 1: tensor(163)},fn {0: tensor(35), 1: tensor(0)},fp {0: tensor(0), 1: tensor(35)}
INFO:root:TEST batch 2 / 7 - measures partial microavg - precision 0.8232 - recall 0.8232 - f1 0.8232 
INFO:root:TEST batch 2 / 7 - measures partial for class 0 - precision 0.0000 - recall 0.0000 - f1 0.0000 
INFO:root:TEST batch 2 / 7 - measures partial for class 1 - precision 0.8232 - recall 1.0000 - f1 0.9030 
INFO:root:TEST batch 2 / 7 - Batch time 0 
INFO:root:TEST batch 3 / 7 - partial error 0.1801 - partial loss 0.8097 - partial MRR  0.0000 - partial MAP 0.9303
INFO:root:TEST batch 3 / 7 -  partial tp {0: tensor(0), 1: tensor(164)},fn {0: tensor(34), 1: tensor(0)},fp {0: tensor(0), 1: tensor(34)}
INFO:root:TEST batch 3 / 7 - measures partial microavg - precision 0.8283 - recall 0.8283 - f1 0.8283 
INFO:root:TEST batch 3 / 7 - measures partial for class 0 - precision 0.0000 - recall 0.0000 - f1 0.0000 
INFO:root:TEST batch 3 / 7 - measures partial for class 1 - precision 0.8283 - recall 1.0000 - f1 0.9061 
INFO:root:TEST batch 3 / 7 - Batch time 0 
INFO:root:TEST batch 4 / 7 - partial error 0.1768 - partial loss 0.8290 - partial MRR  0.0000 - partial MAP 0.9263
INFO:root:TEST batch 4 / 7 -  partial tp {0: tensor(0), 1: tensor(165)},fn {0: tensor(33), 1: tensor(0)},fp {0: tensor(0), 1: tensor(33)}
INFO:root:TEST batch 4 / 7 - measures partial microavg - precision 0.8333 - recall 0.8333 - f1 0.8333 
INFO:root:TEST batch 4 / 7 - measures partial for class 0 - precision 0.0000 - recall 0.0000 - f1 0.0000 
INFO:root:TEST batch 4 / 7 - measures partial for class 1 - precision 0.8333 - recall 1.0000 - f1 0.9091 
INFO:root:TEST batch 4 / 7 - Batch time 0 
INFO:root:TEST batch 5 / 7 - partial error 0.1778 - partial loss 0.8107 - partial MRR  0.0000 - partial MAP 0.9325
INFO:root:TEST batch 5 / 7 -  partial tp {0: tensor(0), 1: tensor(162)},fn {0: tensor(36), 1: tensor(0)},fp {0: tensor(0), 1: tensor(36)}
INFO:root:TEST batch 5 / 7 - measures partial microavg - precision 0.8182 - recall 0.8182 - f1 0.8182 
INFO:root:TEST batch 5 / 7 - measures partial for class 0 - precision 0.0000 - recall 0.0000 - f1 0.0000 
INFO:root:TEST batch 5 / 7 - measures partial for class 1 - precision 0.8182 - recall 1.0000 - f1 0.9000 
INFO:root:TEST batch 5 / 7 - Batch time 0 
INFO:root:TEST batch 6 / 7 - partial error 0.1810 - partial loss 0.8222 - partial MRR  0.0000 - partial MAP 0.9301
INFO:root:TEST batch 6 / 7 -  partial tp {0: tensor(0), 1: tensor(159)},fn {0: tensor(39), 1: tensor(0)},fp {0: tensor(0), 1: tensor(39)}
INFO:root:TEST batch 6 / 7 - measures partial microavg - precision 0.8030 - recall 0.8030 - f1 0.8030 
INFO:root:TEST batch 6 / 7 - measures partial for class 0 - precision 0.0000 - recall 0.0000 - f1 0.0000 
INFO:root:TEST batch 6 / 7 - measures partial for class 1 - precision 0.8030 - recall 1.0000 - f1 0.8908 
INFO:root:TEST batch 6 / 7 - Batch time 0 
INFO:root:TEST batch 7 / 7 - partial error 0.1811 - partial loss 0.8628 - partial MRR  0.0000 - partial MAP 0.9313
INFO:root:TEST batch 7 / 7 -  partial tp {0: tensor(0), 1: tensor(162)},fn {0: tensor(36), 1: tensor(0)},fp {0: tensor(0), 1: tensor(36)}
INFO:root:TEST batch 7 / 7 - measures partial microavg - precision 0.8182 - recall 0.8182 - f1 0.8182 
INFO:root:TEST batch 7 / 7 - measures partial for class 0 - precision 0.0000 - recall 0.0000 - f1 0.0000 
INFO:root:TEST batch 7 / 7 - measures partial for class 1 - precision 0.8182 - recall 1.0000 - f1 0.9000 
INFO:root:TEST batch 7 / 7 - Batch time 0 
INFO:root:TEST mean losses tensor(0.8628)
INFO:root:TEST mean errors 0.18109668791294098
INFO:root:TEST mean MRR 0.0 - mean MAP 0.9313247203826904
INFO:root:TEST tp {0: tensor(0), 1: tensor(1135)},fn {0: tensor(251), 1: tensor(0)},fp {0: tensor(0), 1: tensor(251)}
INFO:root:TEST measures microavg - precision 0.8189 - recall 0.8189 - f1 0.8189 
INFO:root:TEST measures for class 0 - precision 0.0000 - recall 0.0000 - f1 0.0000 
INFO:root:TEST measures for class 1 - precision 0.8189 - recall 1.0000 - f1 0.9004 
INFO:root:TEST measures@10 microavg - precision 0.9571 - recall 0.0483 - f1 0.0920 
INFO:root:TEST measures@10 for class 0 - precision 0.0000 - recall 0.0000 - f1 0.0000 
INFO:root:TEST measures@10 for class 1 - precision 0.9571 - recall 0.0590 - f1 0.1112 
INFO:root:TEST measures@100 microavg - precision 0.8560 - recall 0.4675 - f1 0.6048 
INFO:root:TEST measures@100 for class 0 - precision 0.4561 - recall 0.1036 - f1 0.1688 
INFO:root:TEST measures@100 for class 1 - precision 0.8886 - recall 0.5480 - f1 0.6779 
INFO:root:TEST measures@1000 microavg - precision 0.6970 - recall 0.6970 - f1 0.6970 
INFO:root:TEST measures@1000 for class 0 - precision 0.2248 - recall 0.2749 - f1 0.2473 
INFO:root:TEST measures@1000 for class 1 - precision 0.8313 - recall 0.7903 - f1 0.8103 
INFO:root:TEST Total epoch time: 0.08631445800028814
INFO:root:################ TRAIN epoch 25 ###################
INFO:root:TRAIN mean losses tensor(0.7941)
INFO:root:TRAIN mean errors 0.17474748194217682
INFO:root:TRAIN mean MRR 0.0 - mean MAP 0.9391502737998962
INFO:root:TRAIN tp {0: tensor(0), 1: tensor(4902)},fn {0: tensor(1038), 1: tensor(0)},fp {0: tensor(0), 1: tensor(1038)}
INFO:root:TRAIN measures microavg - precision 0.8253 - recall 0.8253 - f1 0.8253 
INFO:root:TRAIN measures for class 0 - precision 0.0000 - recall 0.0000 - f1 0.0000 
INFO:root:TRAIN measures for class 1 - precision 0.8253 - recall 1.0000 - f1 0.9043 
INFO:root:TRAIN measures@10 microavg - precision 0.9800 - recall 0.0495 - f1 0.0942 
INFO:root:TRAIN measures@10 for class 0 - precision 0.0000 - recall 0.0000 - f1 0.0000 
INFO:root:TRAIN measures@10 for class 1 - precision 0.9800 - recall 0.0600 - f1 0.1130 
INFO:root:TRAIN measures@100 microavg - precision 0.8600 - recall 0.4641 - f1 0.6029 
INFO:root:TRAIN measures@100 for class 0 - precision 0.4126 - recall 0.0819 - f1 0.1367 
INFO:root:TRAIN measures@100 for class 1 - precision 0.8907 - recall 0.5451 - f1 0.6763 
INFO:root:TRAIN measures@1000 microavg - precision 0.7096 - recall 0.7096 - f1 0.7096 
INFO:root:TRAIN measures@1000 for class 0 - precision 0.2196 - recall 0.2592 - f1 0.2377 
INFO:root:TRAIN measures@1000 for class 1 - precision 0.8369 - recall 0.8050 - f1 0.8206 
INFO:root:TRAIN Total epoch time: 0.5435396650000257
INFO:root:################ VALID epoch 25 ###################
INFO:root:VALID mean losses tensor(0.8284)
INFO:root:VALID mean errors 0.17255891859531403
INFO:root:VALID mean MRR 0.0 - mean MAP 0.9384486079216003
INFO:root:VALID tp {0: tensor(0), 1: tensor(983)},fn {0: tensor(205), 1: tensor(0)},fp {0: tensor(0), 1: tensor(205)}
INFO:root:VALID measures microavg - precision 0.8274 - recall 0.8274 - f1 0.8274 
INFO:root:VALID measures for class 0 - precision 0.0000 - recall 0.0000 - f1 0.0000 
INFO:root:VALID measures for class 1 - precision 0.8274 - recall 1.0000 - f1 0.9056 
INFO:root:VALID measures@10 microavg - precision 0.9667 - recall 0.0488 - f1 0.0929 
INFO:root:VALID measures@10 for class 0 - precision 0.0000 - recall 0.0000 - f1 0.0000 
INFO:root:VALID measures@10 for class 1 - precision 0.9667 - recall 0.0590 - f1 0.1112 
INFO:root:VALID measures@100 microavg - precision 0.8585 - recall 0.4646 - f1 0.6029 
INFO:root:VALID measures@100 for class 0 - precision 0.3721 - recall 0.0780 - f1 0.1290 
INFO:root:VALID measures@100 for class 1 - precision 0.8933 - recall 0.5453 - f1 0.6772 
INFO:root:VALID measures@1000 microavg - precision 0.6970 - recall 0.6970 - f1 0.6970 
INFO:root:VALID measures@1000 for class 0 - precision 0.1888 - recall 0.2293 - f1 0.2070 
INFO:root:VALID measures@1000 for class 1 - precision 0.8317 - recall 0.7945 - f1 0.8127 
INFO:root:VALID Total epoch time: 0.06428881400006503
INFO:root:################ TEST epoch 25 ###################
INFO:root:TEST batch 1 / 7 - partial error 0.1919 - partial loss 0.9155 - partial MRR  0.0000 - partial MAP 0.9068
INFO:root:TEST batch 1 / 7 -  partial tp {0: tensor(0), 1: tensor(160)},fn {0: tensor(38), 1: tensor(0)},fp {0: tensor(0), 1: tensor(38)}
INFO:root:TEST batch 1 / 7 - measures partial microavg - precision 0.8081 - recall 0.8081 - f1 0.8081 
INFO:root:TEST batch 1 / 7 - measures partial for class 0 - precision 0.0000 - recall 0.0000 - f1 0.0000 
INFO:root:TEST batch 1 / 7 - measures partial for class 1 - precision 0.8081 - recall 1.0000 - f1 0.8939 
INFO:root:TEST batch 1 / 7 - Batch time 0 
INFO:root:TEST batch 2 / 7 - partial error 0.1843 - partial loss 0.8308 - partial MRR  0.0000 - partial MAP 0.9312
INFO:root:TEST batch 2 / 7 -  partial tp {0: tensor(0), 1: tensor(163)},fn {0: tensor(35), 1: tensor(0)},fp {0: tensor(0), 1: tensor(35)}
INFO:root:TEST batch 2 / 7 - measures partial microavg - precision 0.8232 - recall 0.8232 - f1 0.8232 
INFO:root:TEST batch 2 / 7 - measures partial for class 0 - precision 0.0000 - recall 0.0000 - f1 0.0000 
INFO:root:TEST batch 2 / 7 - measures partial for class 1 - precision 0.8232 - recall 1.0000 - f1 0.9030 
INFO:root:TEST batch 2 / 7 - Batch time 0 
INFO:root:TEST batch 3 / 7 - partial error 0.1801 - partial loss 0.8128 - partial MRR  0.0000 - partial MAP 0.9360
INFO:root:TEST batch 3 / 7 -  partial tp {0: tensor(0), 1: tensor(164)},fn {0: tensor(34), 1: tensor(0)},fp {0: tensor(0), 1: tensor(34)}
INFO:root:TEST batch 3 / 7 - measures partial microavg - precision 0.8283 - recall 0.8283 - f1 0.8283 
INFO:root:TEST batch 3 / 7 - measures partial for class 0 - precision 0.0000 - recall 0.0000 - f1 0.0000 
INFO:root:TEST batch 3 / 7 - measures partial for class 1 - precision 0.8283 - recall 1.0000 - f1 0.9061 
INFO:root:TEST batch 3 / 7 - Batch time 0 
INFO:root:TEST batch 4 / 7 - partial error 0.1768 - partial loss 0.8262 - partial MRR  0.0000 - partial MAP 0.9284
INFO:root:TEST batch 4 / 7 -  partial tp {0: tensor(0), 1: tensor(165)},fn {0: tensor(33), 1: tensor(0)},fp {0: tensor(0), 1: tensor(33)}
INFO:root:TEST batch 4 / 7 - measures partial microavg - precision 0.8333 - recall 0.8333 - f1 0.8333 
INFO:root:TEST batch 4 / 7 - measures partial for class 0 - precision 0.0000 - recall 0.0000 - f1 0.0000 
INFO:root:TEST batch 4 / 7 - measures partial for class 1 - precision 0.8333 - recall 1.0000 - f1 0.9091 
INFO:root:TEST batch 4 / 7 - Batch time 0 
INFO:root:TEST batch 5 / 7 - partial error 0.1778 - partial loss 0.8199 - partial MRR  0.0000 - partial MAP 0.9295
INFO:root:TEST batch 5 / 7 -  partial tp {0: tensor(0), 1: tensor(162)},fn {0: tensor(36), 1: tensor(0)},fp {0: tensor(0), 1: tensor(36)}
INFO:root:TEST batch 5 / 7 - measures partial microavg - precision 0.8182 - recall 0.8182 - f1 0.8182 
INFO:root:TEST batch 5 / 7 - measures partial for class 0 - precision 0.0000 - recall 0.0000 - f1 0.0000 
INFO:root:TEST batch 5 / 7 - measures partial for class 1 - precision 0.8182 - recall 1.0000 - f1 0.9000 
INFO:root:TEST batch 5 / 7 - Batch time 0 
INFO:root:TEST batch 6 / 7 - partial error 0.1810 - partial loss 0.8325 - partial MRR  0.0000 - partial MAP 0.9275
INFO:root:TEST batch 6 / 7 -  partial tp {0: tensor(0), 1: tensor(159)},fn {0: tensor(39), 1: tensor(0)},fp {0: tensor(0), 1: tensor(39)}
INFO:root:TEST batch 6 / 7 - measures partial microavg - precision 0.8030 - recall 0.8030 - f1 0.8030 
INFO:root:TEST batch 6 / 7 - measures partial for class 0 - precision 0.0000 - recall 0.0000 - f1 0.0000 
INFO:root:TEST batch 6 / 7 - measures partial for class 1 - precision 0.8030 - recall 1.0000 - f1 0.8908 
INFO:root:TEST batch 6 / 7 - Batch time 0 
INFO:root:TEST batch 7 / 7 - partial error 0.1811 - partial loss 0.8363 - partial MRR  0.0000 - partial MAP 0.9263
INFO:root:TEST batch 7 / 7 -  partial tp {0: tensor(0), 1: tensor(162)},fn {0: tensor(36), 1: tensor(0)},fp {0: tensor(0), 1: tensor(36)}
INFO:root:TEST batch 7 / 7 - measures partial microavg - precision 0.8182 - recall 0.8182 - f1 0.8182 
INFO:root:TEST batch 7 / 7 - measures partial for class 0 - precision 0.0000 - recall 0.0000 - f1 0.0000 
INFO:root:TEST batch 7 / 7 - measures partial for class 1 - precision 0.8182 - recall 1.0000 - f1 0.9000 
INFO:root:TEST batch 7 / 7 - Batch time 0 
INFO:root:TEST mean losses tensor(0.8363)
INFO:root:TEST mean errors 0.18109668791294098
INFO:root:TEST mean MRR 0.0 - mean MAP 0.9263437986373901
INFO:root:TEST tp {0: tensor(0), 1: tensor(1135)},fn {0: tensor(251), 1: tensor(0)},fp {0: tensor(0), 1: tensor(251)}
INFO:root:TEST measures microavg - precision 0.8189 - recall 0.8189 - f1 0.8189 
INFO:root:TEST measures for class 0 - precision 0.0000 - recall 0.0000 - f1 0.0000 
INFO:root:TEST measures for class 1 - precision 0.8189 - recall 1.0000 - f1 0.9004 
INFO:root:TEST measures@10 microavg - precision 0.9429 - recall 0.0476 - f1 0.0907 
INFO:root:TEST measures@10 for class 0 - precision 0.0000 - recall 0.0000 - f1 0.0000 
INFO:root:TEST measures@10 for class 1 - precision 0.9429 - recall 0.0581 - f1 0.1095 
INFO:root:TEST measures@100 microavg - precision 0.8280 - recall 0.4517 - f1 0.5845 
INFO:root:TEST measures@100 for class 0 - precision 0.3036 - recall 0.0677 - f1 0.1107 
INFO:root:TEST measures@100 for class 1 - precision 0.8700 - recall 0.5366 - f1 0.6638 
INFO:root:TEST measures@1000 microavg - precision 0.6595 - recall 0.6595 - f1 0.6595 
INFO:root:TEST measures@1000 for class 0 - precision 0.1922 - recall 0.2749 - f1 0.2262 
INFO:root:TEST measures@1000 for class 1 - precision 0.8228 - recall 0.7445 - f1 0.7817 
INFO:root:TEST Total epoch time: 0.08659146400032114
INFO:root:################ TRAIN epoch 26 ###################
INFO:root:TRAIN mean losses tensor(0.7948)
INFO:root:TRAIN mean errors 0.17474748194217682
INFO:root:TRAIN mean MRR 0.0 - mean MAP 0.9421200752258301
INFO:root:TRAIN tp {0: tensor(0), 1: tensor(4902)},fn {0: tensor(1038), 1: tensor(0)},fp {0: tensor(0), 1: tensor(1038)}
INFO:root:TRAIN measures microavg - precision 0.8253 - recall 0.8253 - f1 0.8253 
INFO:root:TRAIN measures for class 0 - precision 0.0000 - recall 0.0000 - f1 0.0000 
INFO:root:TRAIN measures for class 1 - precision 0.8253 - recall 1.0000 - f1 0.9043 
INFO:root:TRAIN measures@10 microavg - precision 0.9867 - recall 0.0498 - f1 0.0949 
INFO:root:TRAIN measures@10 for class 0 - precision 0.0000 - recall 0.0000 - f1 0.0000 
INFO:root:TRAIN measures@10 for class 1 - precision 0.9867 - recall 0.0604 - f1 0.1138 
INFO:root:TRAIN measures@100 microavg - precision 0.8717 - recall 0.4657 - f1 0.6070 
INFO:root:TRAIN measures@100 for class 0 - precision 0.4566 - recall 0.0761 - f1 0.1305 
INFO:root:TRAIN measures@100 for class 1 - precision 0.8957 - recall 0.5481 - f1 0.6801 
INFO:root:TRAIN measures@1000 microavg - precision 0.7185 - recall 0.7185 - f1 0.7185 
INFO:root:TRAIN measures@1000 for class 0 - precision 0.2108 - recall 0.2225 - f1 0.2165 
INFO:root:TRAIN measures@1000 for class 1 - precision 0.8334 - recall 0.8235 - f1 0.8284 
INFO:root:TRAIN Total epoch time: 0.5315987769999992
INFO:root:################ VALID epoch 26 ###################
INFO:root:VALID mean losses tensor(0.7693)
INFO:root:VALID mean errors 0.17255891859531403
INFO:root:VALID mean MRR 0.0 - mean MAP 0.9420223832130432
INFO:root:VALID tp {0: tensor(0), 1: tensor(983)},fn {0: tensor(205), 1: tensor(0)},fp {0: tensor(0), 1: tensor(205)}
INFO:root:VALID measures microavg - precision 0.8274 - recall 0.8274 - f1 0.8274 
INFO:root:VALID measures for class 0 - precision 0.0000 - recall 0.0000 - f1 0.0000 
INFO:root:VALID measures for class 1 - precision 0.8274 - recall 1.0000 - f1 0.9056 
INFO:root:VALID measures@10 microavg - precision 0.9833 - recall 0.0497 - f1 0.0946 
INFO:root:VALID measures@10 for class 0 - precision 0.0000 - recall 0.0000 - f1 0.0000 
INFO:root:VALID measures@10 for class 1 - precision 0.9833 - recall 0.0600 - f1 0.1131 
INFO:root:VALID measures@100 microavg - precision 0.9233 - recall 0.4663 - f1 0.6197 
INFO:root:VALID measures@100 for class 0 - precision 0.0000 - recall 0.0000 - f1 0.0000 
INFO:root:VALID measures@100 for class 1 - precision 0.9233 - recall 0.5636 - f1 0.6999 
INFO:root:VALID measures@1000 microavg - precision 0.7921 - recall 0.7921 - f1 0.7921 
INFO:root:VALID measures@1000 for class 0 - precision 0.2375 - recall 0.0927 - f1 0.1333 
INFO:root:VALID measures@1000 for class 1 - precision 0.8321 - recall 0.9379 - f1 0.8819 
INFO:root:VALID Total epoch time: 0.06177836400001979
INFO:root:################ TEST epoch 26 ###################
INFO:root:TEST batch 1 / 7 - partial error 0.1919 - partial loss 0.8994 - partial MRR  0.0000 - partial MAP 0.8940
INFO:root:TEST batch 1 / 7 -  partial tp {0: tensor(0), 1: tensor(160)},fn {0: tensor(38), 1: tensor(0)},fp {0: tensor(0), 1: tensor(38)}
INFO:root:TEST batch 1 / 7 - measures partial microavg - precision 0.8081 - recall 0.8081 - f1 0.8081 
INFO:root:TEST batch 1 / 7 - measures partial for class 0 - precision 0.0000 - recall 0.0000 - f1 0.0000 
INFO:root:TEST batch 1 / 7 - measures partial for class 1 - precision 0.8081 - recall 1.0000 - f1 0.8939 
INFO:root:TEST batch 1 / 7 - Batch time 0 
INFO:root:TEST batch 2 / 7 - partial error 0.1843 - partial loss 0.8524 - partial MRR  0.0000 - partial MAP 0.9099
INFO:root:TEST batch 2 / 7 -  partial tp {0: tensor(0), 1: tensor(163)},fn {0: tensor(35), 1: tensor(0)},fp {0: tensor(0), 1: tensor(35)}
INFO:root:TEST batch 2 / 7 - measures partial microavg - precision 0.8232 - recall 0.8232 - f1 0.8232 
INFO:root:TEST batch 2 / 7 - measures partial for class 0 - precision 0.0000 - recall 0.0000 - f1 0.0000 
INFO:root:TEST batch 2 / 7 - measures partial for class 1 - precision 0.8232 - recall 1.0000 - f1 0.9030 
INFO:root:TEST batch 2 / 7 - Batch time 0 
INFO:root:TEST batch 3 / 7 - partial error 0.1801 - partial loss 0.8099 - partial MRR  0.0000 - partial MAP 0.9258
INFO:root:TEST batch 3 / 7 -  partial tp {0: tensor(0), 1: tensor(164)},fn {0: tensor(34), 1: tensor(0)},fp {0: tensor(0), 1: tensor(34)}
INFO:root:TEST batch 3 / 7 - measures partial microavg - precision 0.8283 - recall 0.8283 - f1 0.8283 
INFO:root:TEST batch 3 / 7 - measures partial for class 0 - precision 0.0000 - recall 0.0000 - f1 0.0000 
INFO:root:TEST batch 3 / 7 - measures partial for class 1 - precision 0.8283 - recall 1.0000 - f1 0.9061 
INFO:root:TEST batch 3 / 7 - Batch time 0 
INFO:root:TEST batch 4 / 7 - partial error 0.1768 - partial loss 0.8269 - partial MRR  0.0000 - partial MAP 0.9216
INFO:root:TEST batch 4 / 7 -  partial tp {0: tensor(0), 1: tensor(165)},fn {0: tensor(33), 1: tensor(0)},fp {0: tensor(0), 1: tensor(33)}
INFO:root:TEST batch 4 / 7 - measures partial microavg - precision 0.8333 - recall 0.8333 - f1 0.8333 
INFO:root:TEST batch 4 / 7 - measures partial for class 0 - precision 0.0000 - recall 0.0000 - f1 0.0000 
INFO:root:TEST batch 4 / 7 - measures partial for class 1 - precision 0.8333 - recall 1.0000 - f1 0.9091 
INFO:root:TEST batch 4 / 7 - Batch time 0 
INFO:root:TEST batch 5 / 7 - partial error 0.1778 - partial loss 0.8202 - partial MRR  0.0000 - partial MAP 0.9228
INFO:root:TEST batch 5 / 7 -  partial tp {0: tensor(0), 1: tensor(162)},fn {0: tensor(36), 1: tensor(0)},fp {0: tensor(0), 1: tensor(36)}
INFO:root:TEST batch 5 / 7 - measures partial microavg - precision 0.8182 - recall 0.8182 - f1 0.8182 
INFO:root:TEST batch 5 / 7 - measures partial for class 0 - precision 0.0000 - recall 0.0000 - f1 0.0000 
INFO:root:TEST batch 5 / 7 - measures partial for class 1 - precision 0.8182 - recall 1.0000 - f1 0.9000 
INFO:root:TEST batch 5 / 7 - Batch time 0 
INFO:root:TEST batch 6 / 7 - partial error 0.1810 - partial loss 0.8271 - partial MRR  0.0000 - partial MAP 0.9221
INFO:root:TEST batch 6 / 7 -  partial tp {0: tensor(0), 1: tensor(159)},fn {0: tensor(39), 1: tensor(0)},fp {0: tensor(0), 1: tensor(39)}
INFO:root:TEST batch 6 / 7 - measures partial microavg - precision 0.8030 - recall 0.8030 - f1 0.8030 
INFO:root:TEST batch 6 / 7 - measures partial for class 0 - precision 0.0000 - recall 0.0000 - f1 0.0000 
INFO:root:TEST batch 6 / 7 - measures partial for class 1 - precision 0.8030 - recall 1.0000 - f1 0.8908 
INFO:root:TEST batch 6 / 7 - Batch time 0 
INFO:root:TEST batch 7 / 7 - partial error 0.1811 - partial loss 0.8233 - partial MRR  0.0000 - partial MAP 0.9236
INFO:root:TEST batch 7 / 7 -  partial tp {0: tensor(0), 1: tensor(162)},fn {0: tensor(36), 1: tensor(0)},fp {0: tensor(0), 1: tensor(36)}
INFO:root:TEST batch 7 / 7 - measures partial microavg - precision 0.8182 - recall 0.8182 - f1 0.8182 
INFO:root:TEST batch 7 / 7 - measures partial for class 0 - precision 0.0000 - recall 0.0000 - f1 0.0000 
INFO:root:TEST batch 7 / 7 - measures partial for class 1 - precision 0.8182 - recall 1.0000 - f1 0.9000 
INFO:root:TEST batch 7 / 7 - Batch time 0 
INFO:root:TEST mean losses tensor(0.8233)
INFO:root:TEST mean errors 0.18109668791294098
INFO:root:TEST mean MRR 0.0 - mean MAP 0.9235867261886597
INFO:root:TEST tp {0: tensor(0), 1: tensor(1135)},fn {0: tensor(251), 1: tensor(0)},fp {0: tensor(0), 1: tensor(251)}
INFO:root:TEST measures microavg - precision 0.8189 - recall 0.8189 - f1 0.8189 
INFO:root:TEST measures for class 0 - precision 0.0000 - recall 0.0000 - f1 0.0000 
INFO:root:TEST measures for class 1 - precision 0.8189 - recall 1.0000 - f1 0.9004 
INFO:root:TEST measures@10 microavg - precision 0.9429 - recall 0.0476 - f1 0.0907 
INFO:root:TEST measures@10 for class 0 - precision 0.0000 - recall 0.0000 - f1 0.0000 
INFO:root:TEST measures@10 for class 1 - precision 0.9429 - recall 0.0581 - f1 0.1095 
INFO:root:TEST measures@100 microavg - precision 0.8556 - recall 0.4574 - f1 0.5961 
INFO:root:TEST measures@100 for class 0 - precision 0.4390 - recall 0.0717 - f1 0.1233 
INFO:root:TEST measures@100 for class 1 - precision 0.8800 - recall 0.5427 - f1 0.6714 
INFO:root:TEST measures@1000 microavg - precision 0.7143 - recall 0.7143 - f1 0.7143 
INFO:root:TEST measures@1000 for class 0 - precision 0.2201 - recall 0.2271 - f1 0.2235 
INFO:root:TEST measures@1000 for class 1 - precision 0.8279 - recall 0.8220 - f1 0.8249 
INFO:root:TEST Total epoch time: 0.08224334400028965
INFO:root:################ TRAIN epoch 27 ###################
INFO:root:TRAIN mean losses tensor(0.7727)
INFO:root:TRAIN mean errors 0.17474748194217682
INFO:root:TRAIN mean MRR 0.0 - mean MAP 0.9432241320610046
INFO:root:TRAIN tp {0: tensor(0), 1: tensor(4902)},fn {0: tensor(1038), 1: tensor(0)},fp {0: tensor(0), 1: tensor(1038)}
INFO:root:TRAIN measures microavg - precision 0.8253 - recall 0.8253 - f1 0.8253 
INFO:root:TRAIN measures for class 0 - precision 0.0000 - recall 0.0000 - f1 0.0000 
INFO:root:TRAIN measures for class 1 - precision 0.8253 - recall 1.0000 - f1 0.9043 
INFO:root:TRAIN measures@10 microavg - precision 0.9867 - recall 0.0498 - f1 0.0949 
INFO:root:TRAIN measures@10 for class 0 - precision 0.0000 - recall 0.0000 - f1 0.0000 
INFO:root:TRAIN measures@10 for class 1 - precision 0.9867 - recall 0.0604 - f1 0.1138 
INFO:root:TRAIN measures@100 microavg - precision 0.8740 - recall 0.4613 - f1 0.6039 
INFO:root:TRAIN measures@100 for class 0 - precision 0.4444 - recall 0.0578 - f1 0.1023 
INFO:root:TRAIN measures@100 for class 1 - precision 0.8933 - recall 0.5467 - f1 0.6783 
INFO:root:TRAIN measures@1000 microavg - precision 0.7298 - recall 0.7298 - f1 0.7298 
INFO:root:TRAIN measures@1000 for class 0 - precision 0.2098 - recall 0.1975 - f1 0.2035 
INFO:root:TRAIN measures@1000 for class 1 - precision 0.8322 - recall 0.8425 - f1 0.8373 
INFO:root:TRAIN Total epoch time: 0.536671159999969
INFO:root:################ VALID epoch 27 ###################
INFO:root:VALID mean losses tensor(0.7855)
INFO:root:VALID mean errors 0.17255891859531403
INFO:root:VALID mean MRR 0.0 - mean MAP 0.9363629221916199
INFO:root:VALID tp {0: tensor(0), 1: tensor(983)},fn {0: tensor(205), 1: tensor(0)},fp {0: tensor(0), 1: tensor(205)}
INFO:root:VALID measures microavg - precision 0.8274 - recall 0.8274 - f1 0.8274 
INFO:root:VALID measures for class 0 - precision 0.0000 - recall 0.0000 - f1 0.0000 
INFO:root:VALID measures for class 1 - precision 0.8274 - recall 1.0000 - f1 0.9056 
INFO:root:VALID measures@10 microavg - precision 0.9667 - recall 0.0488 - f1 0.0929 
INFO:root:VALID measures@10 for class 0 - precision 0.0000 - recall 0.0000 - f1 0.0000 
INFO:root:VALID measures@10 for class 1 - precision 0.9667 - recall 0.0590 - f1 0.1112 
INFO:root:VALID measures@100 microavg - precision 0.8907 - recall 0.4596 - f1 0.6063 
INFO:root:VALID measures@100 for class 0 - precision 0.2308 - recall 0.0146 - f1 0.0275 
INFO:root:VALID measures@100 for class 1 - precision 0.9050 - recall 0.5524 - f1 0.6860 
INFO:root:VALID measures@1000 microavg - precision 0.7508 - recall 0.7508 - f1 0.7508 
INFO:root:VALID measures@1000 for class 0 - precision 0.1727 - recall 0.1171 - f1 0.1395 
INFO:root:VALID measures@1000 for class 1 - precision 0.8275 - recall 0.8830 - f1 0.8543 
INFO:root:VALID Total epoch time: 0.06848915099999431
INFO:root:################ TEST epoch 27 ###################
INFO:root:TEST batch 1 / 7 - partial error 0.1919 - partial loss 0.8232 - partial MRR  0.0000 - partial MAP 0.9326
INFO:root:TEST batch 1 / 7 -  partial tp {0: tensor(0), 1: tensor(160)},fn {0: tensor(38), 1: tensor(0)},fp {0: tensor(0), 1: tensor(38)}
INFO:root:TEST batch 1 / 7 - measures partial microavg - precision 0.8081 - recall 0.8081 - f1 0.8081 
INFO:root:TEST batch 1 / 7 - measures partial for class 0 - precision 0.0000 - recall 0.0000 - f1 0.0000 
INFO:root:TEST batch 1 / 7 - measures partial for class 1 - precision 0.8081 - recall 1.0000 - f1 0.8939 
INFO:root:TEST batch 1 / 7 - Batch time 0 
INFO:root:TEST batch 2 / 7 - partial error 0.1843 - partial loss 0.8068 - partial MRR  0.0000 - partial MAP 0.9295
INFO:root:TEST batch 2 / 7 -  partial tp {0: tensor(0), 1: tensor(163)},fn {0: tensor(35), 1: tensor(0)},fp {0: tensor(0), 1: tensor(35)}
INFO:root:TEST batch 2 / 7 - measures partial microavg - precision 0.8232 - recall 0.8232 - f1 0.8232 
INFO:root:TEST batch 2 / 7 - measures partial for class 0 - precision 0.0000 - recall 0.0000 - f1 0.0000 
INFO:root:TEST batch 2 / 7 - measures partial for class 1 - precision 0.8232 - recall 1.0000 - f1 0.9030 
INFO:root:TEST batch 2 / 7 - Batch time 0 
INFO:root:TEST batch 3 / 7 - partial error 0.1801 - partial loss 0.7937 - partial MRR  0.0000 - partial MAP 0.9329
INFO:root:TEST batch 3 / 7 -  partial tp {0: tensor(0), 1: tensor(164)},fn {0: tensor(34), 1: tensor(0)},fp {0: tensor(0), 1: tensor(34)}
INFO:root:TEST batch 3 / 7 - measures partial microavg - precision 0.8283 - recall 0.8283 - f1 0.8283 
INFO:root:TEST batch 3 / 7 - measures partial for class 0 - precision 0.0000 - recall 0.0000 - f1 0.0000 
INFO:root:TEST batch 3 / 7 - measures partial for class 1 - precision 0.8283 - recall 1.0000 - f1 0.9061 
INFO:root:TEST batch 3 / 7 - Batch time 0 
INFO:root:TEST batch 4 / 7 - partial error 0.1768 - partial loss 0.8057 - partial MRR  0.0000 - partial MAP 0.9285
INFO:root:TEST batch 4 / 7 -  partial tp {0: tensor(0), 1: tensor(165)},fn {0: tensor(33), 1: tensor(0)},fp {0: tensor(0), 1: tensor(33)}
INFO:root:TEST batch 4 / 7 - measures partial microavg - precision 0.8333 - recall 0.8333 - f1 0.8333 
INFO:root:TEST batch 4 / 7 - measures partial for class 0 - precision 0.0000 - recall 0.0000 - f1 0.0000 
INFO:root:TEST batch 4 / 7 - measures partial for class 1 - precision 0.8333 - recall 1.0000 - f1 0.9091 
INFO:root:TEST batch 4 / 7 - Batch time 0 
INFO:root:TEST batch 5 / 7 - partial error 0.1778 - partial loss 0.8049 - partial MRR  0.0000 - partial MAP 0.9275
INFO:root:TEST batch 5 / 7 -  partial tp {0: tensor(0), 1: tensor(162)},fn {0: tensor(36), 1: tensor(0)},fp {0: tensor(0), 1: tensor(36)}
INFO:root:TEST batch 5 / 7 - measures partial microavg - precision 0.8182 - recall 0.8182 - f1 0.8182 
INFO:root:TEST batch 5 / 7 - measures partial for class 0 - precision 0.0000 - recall 0.0000 - f1 0.0000 
INFO:root:TEST batch 5 / 7 - measures partial for class 1 - precision 0.8182 - recall 1.0000 - f1 0.9000 
INFO:root:TEST batch 5 / 7 - Batch time 0 
INFO:root:TEST batch 6 / 7 - partial error 0.1810 - partial loss 0.8076 - partial MRR  0.0000 - partial MAP 0.9302
INFO:root:TEST batch 6 / 7 -  partial tp {0: tensor(0), 1: tensor(159)},fn {0: tensor(39), 1: tensor(0)},fp {0: tensor(0), 1: tensor(39)}
INFO:root:TEST batch 6 / 7 - measures partial microavg - precision 0.8030 - recall 0.8030 - f1 0.8030 
INFO:root:TEST batch 6 / 7 - measures partial for class 0 - precision 0.0000 - recall 0.0000 - f1 0.0000 
INFO:root:TEST batch 6 / 7 - measures partial for class 1 - precision 0.8030 - recall 1.0000 - f1 0.8908 
INFO:root:TEST batch 6 / 7 - Batch time 0 
INFO:root:TEST batch 7 / 7 - partial error 0.1811 - partial loss 0.8135 - partial MRR  0.0000 - partial MAP 0.9288
INFO:root:TEST batch 7 / 7 -  partial tp {0: tensor(0), 1: tensor(162)},fn {0: tensor(36), 1: tensor(0)},fp {0: tensor(0), 1: tensor(36)}
INFO:root:TEST batch 7 / 7 - measures partial microavg - precision 0.8182 - recall 0.8182 - f1 0.8182 
INFO:root:TEST batch 7 / 7 - measures partial for class 0 - precision 0.0000 - recall 0.0000 - f1 0.0000 
INFO:root:TEST batch 7 / 7 - measures partial for class 1 - precision 0.8182 - recall 1.0000 - f1 0.9000 
INFO:root:TEST batch 7 / 7 - Batch time 0 
INFO:root:TEST mean losses tensor(0.8135)
INFO:root:TEST mean errors 0.18109668791294098
INFO:root:TEST mean MRR 0.0 - mean MAP 0.9287736415863037
INFO:root:TEST tp {0: tensor(0), 1: tensor(1135)},fn {0: tensor(251), 1: tensor(0)},fp {0: tensor(0), 1: tensor(251)}
INFO:root:TEST measures microavg - precision 0.8189 - recall 0.8189 - f1 0.8189 
INFO:root:TEST measures for class 0 - precision 0.0000 - recall 0.0000 - f1 0.0000 
INFO:root:TEST measures for class 1 - precision 0.8189 - recall 1.0000 - f1 0.9004 
INFO:root:TEST measures@10 microavg - precision 0.9571 - recall 0.0483 - f1 0.0920 
INFO:root:TEST measures@10 for class 0 - precision 0.0000 - recall 0.0000 - f1 0.0000 
INFO:root:TEST measures@10 for class 1 - precision 0.9571 - recall 0.0590 - f1 0.1112 
INFO:root:TEST measures@100 microavg - precision 0.8340 - recall 0.4603 - f1 0.5932 
INFO:root:TEST measures@100 for class 0 - precision 0.4615 - recall 0.1195 - f1 0.1899 
INFO:root:TEST measures@100 for class 1 - precision 0.8686 - recall 0.5357 - f1 0.6627 
INFO:root:TEST measures@1000 microavg - precision 0.6638 - recall 0.6638 - f1 0.6638 
INFO:root:TEST measures@1000 for class 0 - precision 0.2133 - recall 0.3187 - f1 0.2556 
INFO:root:TEST measures@1000 for class 1 - precision 0.8309 - recall 0.7401 - f1 0.7829 
INFO:root:TEST Total epoch time: 0.08634657599986895
INFO:root:################ TRAIN epoch 28 ###################
INFO:root:TRAIN mean losses tensor(0.7663)
INFO:root:TRAIN mean errors 0.17474748194217682
INFO:root:TRAIN mean MRR 0.0 - mean MAP 0.9456018805503845
INFO:root:TRAIN tp {0: tensor(0), 1: tensor(4902)},fn {0: tensor(1038), 1: tensor(0)},fp {0: tensor(0), 1: tensor(1038)}
INFO:root:TRAIN measures microavg - precision 0.8253 - recall 0.8253 - f1 0.8253 
INFO:root:TRAIN measures for class 0 - precision 0.0000 - recall 0.0000 - f1 0.0000 
INFO:root:TRAIN measures for class 1 - precision 0.8253 - recall 1.0000 - f1 0.9043 
INFO:root:TRAIN measures@10 microavg - precision 0.9900 - recall 0.0502 - f1 0.0955 
INFO:root:TRAIN measures@10 for class 0 - precision 1.0000 - recall 0.0010 - f1 0.0019 
INFO:root:TRAIN measures@10 for class 1 - precision 0.9900 - recall 0.0606 - f1 0.1142 
INFO:root:TRAIN measures@100 microavg - precision 0.8629 - recall 0.4663 - f1 0.6055 
INFO:root:TRAIN measures@100 for class 0 - precision 0.4238 - recall 0.0857 - f1 0.1426 
INFO:root:TRAIN measures@100 for class 1 - precision 0.8937 - recall 0.5469 - f1 0.6786 
INFO:root:TRAIN measures@1000 microavg - precision 0.6941 - recall 0.6941 - f1 0.6941 
INFO:root:TRAIN measures@1000 for class 0 - precision 0.2130 - recall 0.2784 - f1 0.2413 
INFO:root:TRAIN measures@1000 for class 1 - precision 0.8366 - recall 0.7821 - f1 0.8084 
INFO:root:TRAIN Total epoch time: 0.5354287329996623
INFO:root:################ VALID epoch 28 ###################
INFO:root:VALID mean losses tensor(0.7705)
INFO:root:VALID mean errors 0.17255891859531403
INFO:root:VALID mean MRR 0.0 - mean MAP 0.9413889050483704
INFO:root:VALID tp {0: tensor(0), 1: tensor(983)},fn {0: tensor(205), 1: tensor(0)},fp {0: tensor(0), 1: tensor(205)}
INFO:root:VALID measures microavg - precision 0.8274 - recall 0.8274 - f1 0.8274 
INFO:root:VALID measures for class 0 - precision 0.0000 - recall 0.0000 - f1 0.0000 
INFO:root:VALID measures for class 1 - precision 0.8274 - recall 1.0000 - f1 0.9056 
INFO:root:VALID measures@10 microavg - precision 0.9667 - recall 0.0488 - f1 0.0929 
INFO:root:VALID measures@10 for class 0 - precision 0.0000 - recall 0.0000 - f1 0.0000 
INFO:root:VALID measures@10 for class 1 - precision 0.9667 - recall 0.0590 - f1 0.1112 
INFO:root:VALID measures@100 microavg - precision 0.8348 - recall 0.4638 - f1 0.5963 
INFO:root:VALID measures@100 for class 0 - precision 0.3667 - recall 0.1073 - f1 0.1660 
INFO:root:VALID measures@100 for class 1 - precision 0.8817 - recall 0.5381 - f1 0.6684 
INFO:root:VALID measures@1000 microavg - precision 0.6633 - recall 0.6633 - f1 0.6633 
INFO:root:VALID measures@1000 for class 0 - precision 0.1963 - recall 0.3073 - f1 0.2395 
INFO:root:VALID measures@1000 for class 1 - precision 0.8362 - recall 0.7375 - f1 0.7838 
INFO:root:VALID Total epoch time: 0.06535228300026574
INFO:root:################ TEST epoch 28 ###################
INFO:root:TEST batch 1 / 7 - partial error 0.1919 - partial loss 0.8346 - partial MRR  0.0000 - partial MAP 0.9314
INFO:root:TEST batch 1 / 7 -  partial tp {0: tensor(0), 1: tensor(160)},fn {0: tensor(38), 1: tensor(0)},fp {0: tensor(0), 1: tensor(38)}
INFO:root:TEST batch 1 / 7 - measures partial microavg - precision 0.8081 - recall 0.8081 - f1 0.8081 
INFO:root:TEST batch 1 / 7 - measures partial for class 0 - precision 0.0000 - recall 0.0000 - f1 0.0000 
INFO:root:TEST batch 1 / 7 - measures partial for class 1 - precision 0.8081 - recall 1.0000 - f1 0.8939 
INFO:root:TEST batch 1 / 7 - Batch time 0 
INFO:root:TEST batch 2 / 7 - partial error 0.1843 - partial loss 0.7967 - partial MRR  0.0000 - partial MAP 0.9397
INFO:root:TEST batch 2 / 7 -  partial tp {0: tensor(0), 1: tensor(163)},fn {0: tensor(35), 1: tensor(0)},fp {0: tensor(0), 1: tensor(35)}
INFO:root:TEST batch 2 / 7 - measures partial microavg - precision 0.8232 - recall 0.8232 - f1 0.8232 
INFO:root:TEST batch 2 / 7 - measures partial for class 0 - precision 0.0000 - recall 0.0000 - f1 0.0000 
INFO:root:TEST batch 2 / 7 - measures partial for class 1 - precision 0.8232 - recall 1.0000 - f1 0.9030 
INFO:root:TEST batch 2 / 7 - Batch time 0 
INFO:root:TEST batch 3 / 7 - partial error 0.1801 - partial loss 0.7776 - partial MRR  0.0000 - partial MAP 0.9460
INFO:root:TEST batch 3 / 7 -  partial tp {0: tensor(0), 1: tensor(164)},fn {0: tensor(34), 1: tensor(0)},fp {0: tensor(0), 1: tensor(34)}
INFO:root:TEST batch 3 / 7 - measures partial microavg - precision 0.8283 - recall 0.8283 - f1 0.8283 
INFO:root:TEST batch 3 / 7 - measures partial for class 0 - precision 0.0000 - recall 0.0000 - f1 0.0000 
INFO:root:TEST batch 3 / 7 - measures partial for class 1 - precision 0.8283 - recall 1.0000 - f1 0.9061 
INFO:root:TEST batch 3 / 7 - Batch time 0 
INFO:root:TEST batch 4 / 7 - partial error 0.1768 - partial loss 0.7814 - partial MRR  0.0000 - partial MAP 0.9417
INFO:root:TEST batch 4 / 7 -  partial tp {0: tensor(0), 1: tensor(165)},fn {0: tensor(33), 1: tensor(0)},fp {0: tensor(0), 1: tensor(33)}
INFO:root:TEST batch 4 / 7 - measures partial microavg - precision 0.8333 - recall 0.8333 - f1 0.8333 
INFO:root:TEST batch 4 / 7 - measures partial for class 0 - precision 0.0000 - recall 0.0000 - f1 0.0000 
INFO:root:TEST batch 4 / 7 - measures partial for class 1 - precision 0.8333 - recall 1.0000 - f1 0.9091 
INFO:root:TEST batch 4 / 7 - Batch time 0 
INFO:root:TEST batch 5 / 7 - partial error 0.1778 - partial loss 0.7682 - partial MRR  0.0000 - partial MAP 0.9441
INFO:root:TEST batch 5 / 7 -  partial tp {0: tensor(0), 1: tensor(162)},fn {0: tensor(36), 1: tensor(0)},fp {0: tensor(0), 1: tensor(36)}
INFO:root:TEST batch 5 / 7 - measures partial microavg - precision 0.8182 - recall 0.8182 - f1 0.8182 
INFO:root:TEST batch 5 / 7 - measures partial for class 0 - precision 0.0000 - recall 0.0000 - f1 0.0000 
INFO:root:TEST batch 5 / 7 - measures partial for class 1 - precision 0.8182 - recall 1.0000 - f1 0.9000 
INFO:root:TEST batch 5 / 7 - Batch time 0 
INFO:root:TEST batch 6 / 7 - partial error 0.1810 - partial loss 0.7854 - partial MRR  0.0000 - partial MAP 0.9416
INFO:root:TEST batch 6 / 7 -  partial tp {0: tensor(0), 1: tensor(159)},fn {0: tensor(39), 1: tensor(0)},fp {0: tensor(0), 1: tensor(39)}
INFO:root:TEST batch 6 / 7 - measures partial microavg - precision 0.8030 - recall 0.8030 - f1 0.8030 
INFO:root:TEST batch 6 / 7 - measures partial for class 0 - precision 0.0000 - recall 0.0000 - f1 0.0000 
INFO:root:TEST batch 6 / 7 - measures partial for class 1 - precision 0.8030 - recall 1.0000 - f1 0.8908 
INFO:root:TEST batch 6 / 7 - Batch time 0 
INFO:root:TEST batch 7 / 7 - partial error 0.1811 - partial loss 0.7898 - partial MRR  0.0000 - partial MAP 0.9414
INFO:root:TEST batch 7 / 7 -  partial tp {0: tensor(0), 1: tensor(162)},fn {0: tensor(36), 1: tensor(0)},fp {0: tensor(0), 1: tensor(36)}
INFO:root:TEST batch 7 / 7 - measures partial microavg - precision 0.8182 - recall 0.8182 - f1 0.8182 
INFO:root:TEST batch 7 / 7 - measures partial for class 0 - precision 0.0000 - recall 0.0000 - f1 0.0000 
INFO:root:TEST batch 7 / 7 - measures partial for class 1 - precision 0.8182 - recall 1.0000 - f1 0.9000 
INFO:root:TEST batch 7 / 7 - Batch time 0 
INFO:root:TEST mean losses tensor(0.7898)
INFO:root:TEST mean errors 0.18109668791294098
INFO:root:TEST mean MRR 0.0 - mean MAP 0.9414013028144836
INFO:root:TEST tp {0: tensor(0), 1: tensor(1135)},fn {0: tensor(251), 1: tensor(0)},fp {0: tensor(0), 1: tensor(251)}
INFO:root:TEST measures microavg - precision 0.8189 - recall 0.8189 - f1 0.8189 
INFO:root:TEST measures for class 0 - precision 0.0000 - recall 0.0000 - f1 0.0000 
INFO:root:TEST measures for class 1 - precision 0.8189 - recall 1.0000 - f1 0.9004 
INFO:root:TEST measures@10 microavg - precision 0.9429 - recall 0.0476 - f1 0.0907 
INFO:root:TEST measures@10 for class 0 - precision 0.0000 - recall 0.0000 - f1 0.0000 
INFO:root:TEST measures@10 for class 1 - precision 0.9429 - recall 0.0581 - f1 0.1095 
INFO:root:TEST measures@100 microavg - precision 0.7958 - recall 0.4668 - f1 0.5884 
INFO:root:TEST measures@100 for class 0 - precision 0.4071 - recall 0.1833 - f1 0.2527 
INFO:root:TEST measures@100 for class 1 - precision 0.8586 - recall 0.5295 - f1 0.6550 
INFO:root:TEST measures@1000 microavg - precision 0.5873 - recall 0.5873 - f1 0.5873 
INFO:root:TEST measures@1000 for class 0 - precision 0.2022 - recall 0.4343 - f1 0.2759 
INFO:root:TEST measures@1000 for class 1 - precision 0.8323 - recall 0.6211 - f1 0.7114 
INFO:root:TEST Total epoch time: 0.09217818299975988
INFO:root:################ TRAIN epoch 29 ###################
INFO:root:TRAIN mean losses tensor(0.7605)
INFO:root:TRAIN mean errors 0.17474748194217682
INFO:root:TRAIN mean MRR 0.0 - mean MAP 0.9465520977973938
INFO:root:TRAIN tp {0: tensor(0), 1: tensor(4902)},fn {0: tensor(1038), 1: tensor(0)},fp {0: tensor(0), 1: tensor(1038)}
INFO:root:TRAIN measures microavg - precision 0.8253 - recall 0.8253 - f1 0.8253 
INFO:root:TRAIN measures for class 0 - precision 0.0000 - recall 0.0000 - f1 0.0000 
INFO:root:TRAIN measures for class 1 - precision 0.8253 - recall 1.0000 - f1 0.9043 
INFO:root:TRAIN measures@10 microavg - precision 0.9833 - recall 0.0497 - f1 0.0946 
INFO:root:TRAIN measures@10 for class 0 - precision 0.0000 - recall 0.0000 - f1 0.0000 
INFO:root:TRAIN measures@10 for class 1 - precision 0.9833 - recall 0.0602 - f1 0.1134 
INFO:root:TRAIN measures@100 microavg - precision 0.8697 - recall 0.4699 - f1 0.6101 
INFO:root:TRAIN measures@100 for class 0 - precision 0.4785 - recall 0.0963 - f1 0.1604 
INFO:root:TRAIN measures@100 for class 1 - precision 0.8970 - recall 0.5490 - f1 0.6811 
INFO:root:TRAIN measures@1000 microavg - precision 0.7143 - recall 0.7143 - f1 0.7143 
INFO:root:TRAIN measures@1000 for class 0 - precision 0.2243 - recall 0.2582 - f1 0.2400 
INFO:root:TRAIN measures@1000 for class 1 - precision 0.8377 - recall 0.8109 - f1 0.8241 
INFO:root:TRAIN Total epoch time: 0.880625241999951
INFO:root:################ VALID epoch 29 ###################
INFO:root:VALID mean losses tensor(0.7767)
INFO:root:VALID mean errors 0.17255891859531403
INFO:root:VALID mean MRR 0.0 - mean MAP 0.9438344240188599
INFO:root:VALID tp {0: tensor(0), 1: tensor(983)},fn {0: tensor(205), 1: tensor(0)},fp {0: tensor(0), 1: tensor(205)}
INFO:root:VALID measures microavg - precision 0.8274 - recall 0.8274 - f1 0.8274 
INFO:root:VALID measures for class 0 - precision 0.0000 - recall 0.0000 - f1 0.0000 
INFO:root:VALID measures for class 1 - precision 0.8274 - recall 1.0000 - f1 0.9056 
INFO:root:VALID measures@10 microavg - precision 0.9667 - recall 0.0488 - f1 0.0929 
INFO:root:VALID measures@10 for class 0 - precision 0.0000 - recall 0.0000 - f1 0.0000 
INFO:root:VALID measures@10 for class 1 - precision 0.9667 - recall 0.0590 - f1 0.1112 
INFO:root:VALID measures@100 microavg - precision 0.8112 - recall 0.4773 - f1 0.6010 
INFO:root:VALID measures@100 for class 0 - precision 0.4444 - recall 0.2146 - f1 0.2895 
INFO:root:VALID measures@100 for class 1 - precision 0.8717 - recall 0.5320 - f1 0.6608 
INFO:root:VALID measures@1000 microavg - precision 0.6204 - recall 0.6204 - f1 0.6204 
INFO:root:VALID measures@1000 for class 0 - precision 0.2166 - recall 0.4585 - f1 0.2942 
INFO:root:VALID measures@1000 for class 1 - precision 0.8528 - recall 0.6541 - f1 0.7404 
INFO:root:VALID Total epoch time: 0.1333411589998832
INFO:root:################ TEST epoch 29 ###################
INFO:root:TEST batch 1 / 7 - partial error 0.1919 - partial loss 0.8302 - partial MRR  0.0000 - partial MAP 0.9310
INFO:root:TEST batch 1 / 7 -  partial tp {0: tensor(0), 1: tensor(160)},fn {0: tensor(38), 1: tensor(0)},fp {0: tensor(0), 1: tensor(38)}
INFO:root:TEST batch 1 / 7 - measures partial microavg - precision 0.8081 - recall 0.8081 - f1 0.8081 
INFO:root:TEST batch 1 / 7 - measures partial for class 0 - precision 0.0000 - recall 0.0000 - f1 0.0000 
INFO:root:TEST batch 1 / 7 - measures partial for class 1 - precision 0.8081 - recall 1.0000 - f1 0.8939 
INFO:root:TEST batch 1 / 7 - Batch time 0 
INFO:root:TEST batch 2 / 7 - partial error 0.1843 - partial loss 0.8357 - partial MRR  0.0000 - partial MAP 0.9321
INFO:root:TEST batch 2 / 7 -  partial tp {0: tensor(0), 1: tensor(163)},fn {0: tensor(35), 1: tensor(0)},fp {0: tensor(0), 1: tensor(35)}
INFO:root:TEST batch 2 / 7 - measures partial microavg - precision 0.8232 - recall 0.8232 - f1 0.8232 
INFO:root:TEST batch 2 / 7 - measures partial for class 0 - precision 0.0000 - recall 0.0000 - f1 0.0000 
INFO:root:TEST batch 2 / 7 - measures partial for class 1 - precision 0.8232 - recall 1.0000 - f1 0.9030 
INFO:root:TEST batch 2 / 7 - Batch time 0 
INFO:root:TEST batch 3 / 7 - partial error 0.1801 - partial loss 0.8102 - partial MRR  0.0000 - partial MAP 0.9384
INFO:root:TEST batch 3 / 7 -  partial tp {0: tensor(0), 1: tensor(164)},fn {0: tensor(34), 1: tensor(0)},fp {0: tensor(0), 1: tensor(34)}
INFO:root:TEST batch 3 / 7 - measures partial microavg - precision 0.8283 - recall 0.8283 - f1 0.8283 
INFO:root:TEST batch 3 / 7 - measures partial for class 0 - precision 0.0000 - recall 0.0000 - f1 0.0000 
INFO:root:TEST batch 3 / 7 - measures partial for class 1 - precision 0.8283 - recall 1.0000 - f1 0.9061 
INFO:root:TEST batch 3 / 7 - Batch time 0 
INFO:root:TEST batch 4 / 7 - partial error 0.1768 - partial loss 0.8154 - partial MRR  0.0000 - partial MAP 0.9318
INFO:root:TEST batch 4 / 7 -  partial tp {0: tensor(0), 1: tensor(165)},fn {0: tensor(33), 1: tensor(0)},fp {0: tensor(0), 1: tensor(33)}
INFO:root:TEST batch 4 / 7 - measures partial microavg - precision 0.8333 - recall 0.8333 - f1 0.8333 
INFO:root:TEST batch 4 / 7 - measures partial for class 0 - precision 0.0000 - recall 0.0000 - f1 0.0000 
INFO:root:TEST batch 4 / 7 - measures partial for class 1 - precision 0.8333 - recall 1.0000 - f1 0.9091 
INFO:root:TEST batch 4 / 7 - Batch time 0 
INFO:root:TEST batch 5 / 7 - partial error 0.1778 - partial loss 0.7988 - partial MRR  0.0000 - partial MAP 0.9349
INFO:root:TEST batch 5 / 7 -  partial tp {0: tensor(0), 1: tensor(162)},fn {0: tensor(36), 1: tensor(0)},fp {0: tensor(0), 1: tensor(36)}
INFO:root:TEST batch 5 / 7 - measures partial microavg - precision 0.8182 - recall 0.8182 - f1 0.8182 
INFO:root:TEST batch 5 / 7 - measures partial for class 0 - precision 0.0000 - recall 0.0000 - f1 0.0000 
INFO:root:TEST batch 5 / 7 - measures partial for class 1 - precision 0.8182 - recall 1.0000 - f1 0.9000 
INFO:root:TEST batch 5 / 7 - Batch time 0 
INFO:root:TEST batch 6 / 7 - partial error 0.1810 - partial loss 0.8122 - partial MRR  0.0000 - partial MAP 0.9303
INFO:root:TEST batch 6 / 7 -  partial tp {0: tensor(0), 1: tensor(159)},fn {0: tensor(39), 1: tensor(0)},fp {0: tensor(0), 1: tensor(39)}
INFO:root:TEST batch 6 / 7 - measures partial microavg - precision 0.8030 - recall 0.8030 - f1 0.8030 
INFO:root:TEST batch 6 / 7 - measures partial for class 0 - precision 0.0000 - recall 0.0000 - f1 0.0000 
INFO:root:TEST batch 6 / 7 - measures partial for class 1 - precision 0.8030 - recall 1.0000 - f1 0.8908 
INFO:root:TEST batch 6 / 7 - Batch time 0 
INFO:root:TEST batch 7 / 7 - partial error 0.1811 - partial loss 0.8156 - partial MRR  0.0000 - partial MAP 0.9301
INFO:root:TEST batch 7 / 7 -  partial tp {0: tensor(0), 1: tensor(162)},fn {0: tensor(36), 1: tensor(0)},fp {0: tensor(0), 1: tensor(36)}
INFO:root:TEST batch 7 / 7 - measures partial microavg - precision 0.8182 - recall 0.8182 - f1 0.8182 
INFO:root:TEST batch 7 / 7 - measures partial for class 0 - precision 0.0000 - recall 0.0000 - f1 0.0000 
INFO:root:TEST batch 7 / 7 - measures partial for class 1 - precision 0.8182 - recall 1.0000 - f1 0.9000 
INFO:root:TEST batch 7 / 7 - Batch time 0 
INFO:root:TEST mean losses tensor(0.8156)
INFO:root:TEST mean errors 0.18109668791294098
INFO:root:TEST mean MRR 0.0 - mean MAP 0.9301146864891052
INFO:root:TEST tp {0: tensor(0), 1: tensor(1135)},fn {0: tensor(251), 1: tensor(0)},fp {0: tensor(0), 1: tensor(251)}
INFO:root:TEST measures microavg - precision 0.8189 - recall 0.8189 - f1 0.8189 
INFO:root:TEST measures for class 0 - precision 0.0000 - recall 0.0000 - f1 0.0000 
INFO:root:TEST measures for class 1 - precision 0.8189 - recall 1.0000 - f1 0.9004 
INFO:root:TEST measures@10 microavg - precision 0.9714 - recall 0.0491 - f1 0.0934 
INFO:root:TEST measures@10 for class 0 - precision 0.0000 - recall 0.0000 - f1 0.0000 
INFO:root:TEST measures@10 for class 1 - precision 0.9714 - recall 0.0599 - f1 0.1129 
INFO:root:TEST measures@100 microavg - precision 0.8154 - recall 0.4589 - f1 0.5873 
INFO:root:TEST measures@100 for class 0 - precision 0.3000 - recall 0.0956 - f1 0.1450 
INFO:root:TEST measures@100 for class 1 - precision 0.8743 - recall 0.5392 - f1 0.6670 
INFO:root:TEST measures@1000 microavg - precision 0.6450 - recall 0.6450 - f1 0.6450 
INFO:root:TEST measures@1000 for class 0 - precision 0.2068 - recall 0.3386 - f1 0.2568 
INFO:root:TEST measures@1000 for class 1 - precision 0.8297 - recall 0.7128 - f1 0.7668 
INFO:root:TEST Total epoch time: 0.1697361850001471
INFO:root:################ TRAIN epoch 30 ###################
INFO:root:TRAIN mean losses tensor(0.7540)
INFO:root:TRAIN mean errors 0.17474748194217682
INFO:root:TRAIN mean MRR 0.0 - mean MAP 0.9468162059783936
INFO:root:TRAIN tp {0: tensor(0), 1: tensor(4902)},fn {0: tensor(1038), 1: tensor(0)},fp {0: tensor(0), 1: tensor(1038)}
INFO:root:TRAIN measures microavg - precision 0.8253 - recall 0.8253 - f1 0.8253 
INFO:root:TRAIN measures for class 0 - precision 0.0000 - recall 0.0000 - f1 0.0000 
INFO:root:TRAIN measures for class 1 - precision 0.8253 - recall 1.0000 - f1 0.9043 
INFO:root:TRAIN measures@10 microavg - precision 0.9767 - recall 0.0493 - f1 0.0939 
INFO:root:TRAIN measures@10 for class 0 - precision 0.0000 - recall 0.0000 - f1 0.0000 
INFO:root:TRAIN measures@10 for class 1 - precision 0.9767 - recall 0.0598 - f1 0.1126 
INFO:root:TRAIN measures@100 microavg - precision 0.8551 - recall 0.4648 - f1 0.6022 
INFO:root:TRAIN measures@100 for class 0 - precision 0.4541 - recall 0.1002 - f1 0.1642 
INFO:root:TRAIN measures@100 for class 1 - precision 0.8857 - recall 0.5420 - f1 0.6725 
INFO:root:TRAIN measures@1000 microavg - precision 0.6963 - recall 0.6963 - f1 0.6963 
INFO:root:TRAIN measures@1000 for class 0 - precision 0.2221 - recall 0.2948 - f1 0.2533 
INFO:root:TRAIN measures@1000 for class 1 - precision 0.8395 - recall 0.7813 - f1 0.8094 
INFO:root:TRAIN Total epoch time: 1.4586217450000731
INFO:root:################ VALID epoch 30 ###################
INFO:root:VALID mean losses tensor(0.7829)
INFO:root:VALID mean errors 0.17255891859531403
INFO:root:VALID mean MRR 0.0 - mean MAP 0.9352827072143555
INFO:root:VALID tp {0: tensor(0), 1: tensor(983)},fn {0: tensor(205), 1: tensor(0)},fp {0: tensor(0), 1: tensor(205)}
INFO:root:VALID measures microavg - precision 0.8274 - recall 0.8274 - f1 0.8274 
INFO:root:VALID measures for class 0 - precision 0.0000 - recall 0.0000 - f1 0.0000 
INFO:root:VALID measures for class 1 - precision 0.8274 - recall 1.0000 - f1 0.9056 
INFO:root:VALID measures@10 microavg - precision 0.9667 - recall 0.0488 - f1 0.0929 
INFO:root:VALID measures@10 for class 0 - precision 0.0000 - recall 0.0000 - f1 0.0000 
INFO:root:VALID measures@10 for class 1 - precision 0.9667 - recall 0.0590 - f1 0.1112 
INFO:root:VALID measures@100 microavg - precision 0.8545 - recall 0.4646 - f1 0.6020 
INFO:root:VALID measures@100 for class 0 - precision 0.3696 - recall 0.0829 - f1 0.1355 
INFO:root:VALID measures@100 for class 1 - precision 0.8917 - recall 0.5443 - f1 0.6759 
INFO:root:VALID measures@1000 microavg - precision 0.6818 - recall 0.6818 - f1 0.6818 
INFO:root:VALID measures@1000 for class 0 - precision 0.2027 - recall 0.2878 - f1 0.2379 
INFO:root:VALID measures@1000 for class 1 - precision 0.8372 - recall 0.7640 - f1 0.7989 
INFO:root:VALID Total epoch time: 0.12979333600014797
INFO:root:################ TEST epoch 30 ###################
INFO:root:TEST batch 1 / 7 - partial error 0.1919 - partial loss 0.8115 - partial MRR  0.0000 - partial MAP 0.9303
INFO:root:TEST batch 1 / 7 -  partial tp {0: tensor(0), 1: tensor(160)},fn {0: tensor(38), 1: tensor(0)},fp {0: tensor(0), 1: tensor(38)}
INFO:root:TEST batch 1 / 7 - measures partial microavg - precision 0.8081 - recall 0.8081 - f1 0.8081 
INFO:root:TEST batch 1 / 7 - measures partial for class 0 - precision 0.0000 - recall 0.0000 - f1 0.0000 
INFO:root:TEST batch 1 / 7 - measures partial for class 1 - precision 0.8081 - recall 1.0000 - f1 0.8939 
INFO:root:TEST batch 1 / 7 - Batch time 0 
INFO:root:TEST batch 2 / 7 - partial error 0.1843 - partial loss 0.7785 - partial MRR  0.0000 - partial MAP 0.9386
INFO:root:TEST batch 2 / 7 -  partial tp {0: tensor(0), 1: tensor(163)},fn {0: tensor(35), 1: tensor(0)},fp {0: tensor(0), 1: tensor(35)}
INFO:root:TEST batch 2 / 7 - measures partial microavg - precision 0.8232 - recall 0.8232 - f1 0.8232 
INFO:root:TEST batch 2 / 7 - measures partial for class 0 - precision 0.0000 - recall 0.0000 - f1 0.0000 
INFO:root:TEST batch 2 / 7 - measures partial for class 1 - precision 0.8232 - recall 1.0000 - f1 0.9030 
INFO:root:TEST batch 2 / 7 - Batch time 0 
INFO:root:TEST batch 3 / 7 - partial error 0.1801 - partial loss 0.7677 - partial MRR  0.0000 - partial MAP 0.9436
INFO:root:TEST batch 3 / 7 -  partial tp {0: tensor(0), 1: tensor(164)},fn {0: tensor(34), 1: tensor(0)},fp {0: tensor(0), 1: tensor(34)}
INFO:root:TEST batch 3 / 7 - measures partial microavg - precision 0.8283 - recall 0.8283 - f1 0.8283 
INFO:root:TEST batch 3 / 7 - measures partial for class 0 - precision 0.0000 - recall 0.0000 - f1 0.0000 
INFO:root:TEST batch 3 / 7 - measures partial for class 1 - precision 0.8283 - recall 1.0000 - f1 0.9061 
INFO:root:TEST batch 3 / 7 - Batch time 0 
INFO:root:TEST batch 4 / 7 - partial error 0.1768 - partial loss 0.8020 - partial MRR  0.0000 - partial MAP 0.9328
INFO:root:TEST batch 4 / 7 -  partial tp {0: tensor(0), 1: tensor(165)},fn {0: tensor(33), 1: tensor(0)},fp {0: tensor(0), 1: tensor(33)}
INFO:root:TEST batch 4 / 7 - measures partial microavg - precision 0.8333 - recall 0.8333 - f1 0.8333 
INFO:root:TEST batch 4 / 7 - measures partial for class 0 - precision 0.0000 - recall 0.0000 - f1 0.0000 
INFO:root:TEST batch 4 / 7 - measures partial for class 1 - precision 0.8333 - recall 1.0000 - f1 0.9091 
INFO:root:TEST batch 4 / 7 - Batch time 0 
INFO:root:TEST batch 5 / 7 - partial error 0.1778 - partial loss 0.8005 - partial MRR  0.0000 - partial MAP 0.9320
INFO:root:TEST batch 5 / 7 -  partial tp {0: tensor(0), 1: tensor(162)},fn {0: tensor(36), 1: tensor(0)},fp {0: tensor(0), 1: tensor(36)}
INFO:root:TEST batch 5 / 7 - measures partial microavg - precision 0.8182 - recall 0.8182 - f1 0.8182 
INFO:root:TEST batch 5 / 7 - measures partial for class 0 - precision 0.0000 - recall 0.0000 - f1 0.0000 
INFO:root:TEST batch 5 / 7 - measures partial for class 1 - precision 0.8182 - recall 1.0000 - f1 0.9000 
INFO:root:TEST batch 5 / 7 - Batch time 0 
INFO:root:TEST batch 6 / 7 - partial error 0.1810 - partial loss 0.8118 - partial MRR  0.0000 - partial MAP 0.9291
INFO:root:TEST batch 6 / 7 -  partial tp {0: tensor(0), 1: tensor(159)},fn {0: tensor(39), 1: tensor(0)},fp {0: tensor(0), 1: tensor(39)}
INFO:root:TEST batch 6 / 7 - measures partial microavg - precision 0.8030 - recall 0.8030 - f1 0.8030 
INFO:root:TEST batch 6 / 7 - measures partial for class 0 - precision 0.0000 - recall 0.0000 - f1 0.0000 
INFO:root:TEST batch 6 / 7 - measures partial for class 1 - precision 0.8030 - recall 1.0000 - f1 0.8908 
INFO:root:TEST batch 6 / 7 - Batch time 0 
INFO:root:TEST batch 7 / 7 - partial error 0.1811 - partial loss 0.8141 - partial MRR  0.0000 - partial MAP 0.9293
INFO:root:TEST batch 7 / 7 -  partial tp {0: tensor(0), 1: tensor(162)},fn {0: tensor(36), 1: tensor(0)},fp {0: tensor(0), 1: tensor(36)}
INFO:root:TEST batch 7 / 7 - measures partial microavg - precision 0.8182 - recall 0.8182 - f1 0.8182 
INFO:root:TEST batch 7 / 7 - measures partial for class 0 - precision 0.0000 - recall 0.0000 - f1 0.0000 
INFO:root:TEST batch 7 / 7 - measures partial for class 1 - precision 0.8182 - recall 1.0000 - f1 0.9000 
INFO:root:TEST batch 7 / 7 - Batch time 0 
INFO:root:TEST mean losses tensor(0.8141)
INFO:root:TEST mean errors 0.18109668791294098
INFO:root:TEST mean MRR 0.0 - mean MAP 0.9292669296264648
INFO:root:TEST tp {0: tensor(0), 1: tensor(1135)},fn {0: tensor(251), 1: tensor(0)},fp {0: tensor(0), 1: tensor(251)}
INFO:root:TEST measures microavg - precision 0.8189 - recall 0.8189 - f1 0.8189 
INFO:root:TEST measures for class 0 - precision 0.0000 - recall 0.0000 - f1 0.0000 
INFO:root:TEST measures for class 1 - precision 0.8189 - recall 1.0000 - f1 0.9004 
INFO:root:TEST measures@10 microavg - precision 0.9714 - recall 0.0491 - f1 0.0934 
INFO:root:TEST measures@10 for class 0 - precision 0.0000 - recall 0.0000 - f1 0.0000 
INFO:root:TEST measures@10 for class 1 - precision 0.9714 - recall 0.0599 - f1 0.1129 
INFO:root:TEST measures@100 microavg - precision 0.8696 - recall 0.4618 - f1 0.6032 
INFO:root:TEST measures@100 for class 0 - precision 0.5833 - recall 0.0837 - f1 0.1463 
INFO:root:TEST measures@100 for class 1 - precision 0.8843 - recall 0.5454 - f1 0.6747 
INFO:root:TEST measures@1000 microavg - precision 0.7374 - recall 0.7374 - f1 0.7374 
INFO:root:TEST measures@1000 for class 0 - precision 0.2466 - recall 0.2191 - f1 0.2321 
INFO:root:TEST measures@1000 for class 1 - precision 0.8315 - recall 0.8520 - f1 0.8416 
INFO:root:TEST Total epoch time: 0.16566464500010625
INFO:root:################ TRAIN epoch 31 ###################
INFO:root:TRAIN mean losses tensor(0.7519)
INFO:root:TRAIN mean errors 0.17474748194217682
INFO:root:TRAIN mean MRR 0.0 - mean MAP 0.9496294856071472
INFO:root:TRAIN tp {0: tensor(0), 1: tensor(4902)},fn {0: tensor(1038), 1: tensor(0)},fp {0: tensor(0), 1: tensor(1038)}
INFO:root:TRAIN measures microavg - precision 0.8253 - recall 0.8253 - f1 0.8253 
INFO:root:TRAIN measures for class 0 - precision 0.0000 - recall 0.0000 - f1 0.0000 
INFO:root:TRAIN measures for class 1 - precision 0.8253 - recall 1.0000 - f1 0.9043 
INFO:root:TRAIN measures@10 microavg - precision 0.9867 - recall 0.0498 - f1 0.0949 
INFO:root:TRAIN measures@10 for class 0 - precision 0.0000 - recall 0.0000 - f1 0.0000 
INFO:root:TRAIN measures@10 for class 1 - precision 0.9867 - recall 0.0604 - f1 0.1138 
INFO:root:TRAIN measures@100 microavg - precision 0.8788 - recall 0.4700 - f1 0.6125 
INFO:root:TRAIN measures@100 for class 0 - precision 0.4746 - recall 0.0809 - f1 0.1383 
INFO:root:TRAIN measures@100 for class 1 - precision 0.9027 - recall 0.5524 - f1 0.6854 
INFO:root:TRAIN measures@1000 microavg - precision 0.7409 - recall 0.7409 - f1 0.7409 
INFO:root:TRAIN measures@1000 for class 0 - precision 0.2452 - recall 0.2322 - f1 0.2385 
INFO:root:TRAIN measures@1000 for class 1 - precision 0.8392 - recall 0.8486 - f1 0.8439 
INFO:root:TRAIN Total epoch time: 1.4535334309998689
INFO:root:################ VALID epoch 31 ###################
INFO:root:VALID mean losses tensor(0.7487)
INFO:root:VALID mean errors 0.1734006702899933
INFO:root:VALID mean MRR 0.0 - mean MAP 0.9496850371360779
INFO:root:VALID tp {0: tensor(0), 1: tensor(982)},fn {0: tensor(205), 1: tensor(1)},fp {0: tensor(1), 1: tensor(205)}
INFO:root:VALID measures microavg - precision 0.8266 - recall 0.8266 - f1 0.8266 
INFO:root:VALID measures for class 0 - precision 0.0000 - recall 0.0000 - f1 0.0000 
INFO:root:VALID measures for class 1 - precision 0.8273 - recall 0.9990 - f1 0.9051 
INFO:root:VALID measures@10 microavg - precision 0.9833 - recall 0.0497 - f1 0.0946 
INFO:root:VALID measures@10 for class 0 - precision 0.0000 - recall 0.0000 - f1 0.0000 
INFO:root:VALID measures@10 for class 1 - precision 0.9833 - recall 0.0600 - f1 0.1131 
INFO:root:VALID measures@100 microavg - precision 0.8638 - recall 0.4646 - f1 0.6043 
INFO:root:VALID measures@100 for class 0 - precision 0.3590 - recall 0.0683 - f1 0.1148 
INFO:root:VALID measures@100 for class 1 - precision 0.8967 - recall 0.5473 - f1 0.6797 
INFO:root:VALID measures@1000 microavg - precision 0.7088 - recall 0.7088 - f1 0.7088 
INFO:root:VALID measures@1000 for class 0 - precision 0.2099 - recall 0.2488 - f1 0.2277 
INFO:root:VALID measures@1000 for class 1 - precision 0.8370 - recall 0.8047 - f1 0.8205 
INFO:root:VALID Total epoch time: 0.1295227430000523
INFO:root:################ TRAIN epoch 32 ###################
INFO:root:TRAIN mean losses tensor(0.7713)
INFO:root:TRAIN mean errors 0.17491582036018372
INFO:root:TRAIN mean MRR 0.0 - mean MAP 0.9471054673194885
INFO:root:TRAIN tp {0: tensor(0), 1: tensor(4901)},fn {0: tensor(1038), 1: tensor(1)},fp {0: tensor(1), 1: tensor(1038)}
INFO:root:TRAIN measures microavg - precision 0.8251 - recall 0.8251 - f1 0.8251 
INFO:root:TRAIN measures for class 0 - precision 0.0000 - recall 0.0000 - f1 0.0000 
INFO:root:TRAIN measures for class 1 - precision 0.8252 - recall 0.9998 - f1 0.9042 
INFO:root:TRAIN measures@10 microavg - precision 0.9900 - recall 0.0502 - f1 0.0955 
INFO:root:TRAIN measures@10 for class 0 - precision 1.0000 - recall 0.0010 - f1 0.0019 
INFO:root:TRAIN measures@10 for class 1 - precision 0.9900 - recall 0.0606 - f1 0.1142 
INFO:root:TRAIN measures@100 microavg - precision 0.8807 - recall 0.4673 - f1 0.6106 
INFO:root:TRAIN measures@100 for class 0 - precision 0.4934 - recall 0.0723 - f1 0.1261 
INFO:root:TRAIN measures@100 for class 1 - precision 0.9003 - recall 0.5510 - f1 0.6836 
INFO:root:TRAIN measures@1000 microavg - precision 0.7360 - recall 0.7360 - f1 0.7360 
INFO:root:TRAIN measures@1000 for class 0 - precision 0.2334 - recall 0.2235 - f1 0.2283 
INFO:root:TRAIN measures@1000 for class 1 - precision 0.8370 - recall 0.8446 - f1 0.8408 
INFO:root:TRAIN Total epoch time: 1.4606003929998224
INFO:root:################ VALID epoch 32 ###################
INFO:root:VALID mean losses tensor(0.7494)
INFO:root:VALID mean errors 0.17255891859531403
INFO:root:VALID mean MRR 0.0 - mean MAP 0.9474833607673645
INFO:root:VALID tp {0: tensor(0), 1: tensor(983)},fn {0: tensor(205), 1: tensor(0)},fp {0: tensor(0), 1: tensor(205)}
INFO:root:VALID measures microavg - precision 0.8274 - recall 0.8274 - f1 0.8274 
INFO:root:VALID measures for class 0 - precision 0.0000 - recall 0.0000 - f1 0.0000 
INFO:root:VALID measures for class 1 - precision 0.8274 - recall 1.0000 - f1 0.9056 
INFO:root:VALID measures@10 microavg - precision 0.9500 - recall 0.0480 - f1 0.0913 
INFO:root:VALID measures@10 for class 0 - precision 0.0000 - recall 0.0000 - f1 0.0000 
INFO:root:VALID measures@10 for class 1 - precision 0.9500 - recall 0.0580 - f1 0.1093 
INFO:root:VALID measures@100 microavg - precision 0.8623 - recall 0.4588 - f1 0.5989 
INFO:root:VALID measures@100 for class 0 - precision 0.2812 - recall 0.0439 - f1 0.0759 
INFO:root:VALID measures@100 for class 1 - precision 0.8933 - recall 0.5453 - f1 0.6772 
INFO:root:VALID measures@1000 microavg - precision 0.7113 - recall 0.7113 - f1 0.7113 
INFO:root:VALID measures@1000 for class 0 - precision 0.1776 - recall 0.1854 - f1 0.1814 
INFO:root:VALID measures@1000 for class 1 - precision 0.8285 - recall 0.8210 - f1 0.8247 
INFO:root:VALID Total epoch time: 0.1296382860000449
INFO:root:################ TEST epoch 32 ###################
INFO:root:TEST batch 1 / 7 - partial error 0.1919 - partial loss 0.8631 - partial MRR  0.0000 - partial MAP 0.9134
INFO:root:TEST batch 1 / 7 -  partial tp {0: tensor(0), 1: tensor(160)},fn {0: tensor(38), 1: tensor(0)},fp {0: tensor(0), 1: tensor(38)}
INFO:root:TEST batch 1 / 7 - measures partial microavg - precision 0.8081 - recall 0.8081 - f1 0.8081 
INFO:root:TEST batch 1 / 7 - measures partial for class 0 - precision 0.0000 - recall 0.0000 - f1 0.0000 
INFO:root:TEST batch 1 / 7 - measures partial for class 1 - precision 0.8081 - recall 1.0000 - f1 0.8939 
INFO:root:TEST batch 1 / 7 - Batch time 0 
INFO:root:TEST batch 2 / 7 - partial error 0.1843 - partial loss 0.8010 - partial MRR  0.0000 - partial MAP 0.9334
INFO:root:TEST batch 2 / 7 -  partial tp {0: tensor(0), 1: tensor(163)},fn {0: tensor(35), 1: tensor(0)},fp {0: tensor(0), 1: tensor(35)}
INFO:root:TEST batch 2 / 7 - measures partial microavg - precision 0.8232 - recall 0.8232 - f1 0.8232 
INFO:root:TEST batch 2 / 7 - measures partial for class 0 - precision 0.0000 - recall 0.0000 - f1 0.0000 
INFO:root:TEST batch 2 / 7 - measures partial for class 1 - precision 0.8232 - recall 1.0000 - f1 0.9030 
INFO:root:TEST batch 2 / 7 - Batch time 0 
INFO:root:TEST batch 3 / 7 - partial error 0.1801 - partial loss 0.7851 - partial MRR  0.0000 - partial MAP 0.9397
INFO:root:TEST batch 3 / 7 -  partial tp {0: tensor(0), 1: tensor(164)},fn {0: tensor(34), 1: tensor(0)},fp {0: tensor(0), 1: tensor(34)}
INFO:root:TEST batch 3 / 7 - measures partial microavg - precision 0.8283 - recall 0.8283 - f1 0.8283 
INFO:root:TEST batch 3 / 7 - measures partial for class 0 - precision 0.0000 - recall 0.0000 - f1 0.0000 
INFO:root:TEST batch 3 / 7 - measures partial for class 1 - precision 0.8283 - recall 1.0000 - f1 0.9061 
INFO:root:TEST batch 3 / 7 - Batch time 0 
INFO:root:TEST batch 4 / 7 - partial error 0.1768 - partial loss 0.7989 - partial MRR  0.0000 - partial MAP 0.9324
INFO:root:TEST batch 4 / 7 -  partial tp {0: tensor(0), 1: tensor(165)},fn {0: tensor(33), 1: tensor(0)},fp {0: tensor(0), 1: tensor(33)}
INFO:root:TEST batch 4 / 7 - measures partial microavg - precision 0.8333 - recall 0.8333 - f1 0.8333 
INFO:root:TEST batch 4 / 7 - measures partial for class 0 - precision 0.0000 - recall 0.0000 - f1 0.0000 
INFO:root:TEST batch 4 / 7 - measures partial for class 1 - precision 0.8333 - recall 1.0000 - f1 0.9091 
INFO:root:TEST batch 4 / 7 - Batch time 0 
INFO:root:TEST batch 5 / 7 - partial error 0.1778 - partial loss 0.7908 - partial MRR  0.0000 - partial MAP 0.9346
INFO:root:TEST batch 5 / 7 -  partial tp {0: tensor(0), 1: tensor(162)},fn {0: tensor(36), 1: tensor(0)},fp {0: tensor(0), 1: tensor(36)}
INFO:root:TEST batch 5 / 7 - measures partial microavg - precision 0.8182 - recall 0.8182 - f1 0.8182 
INFO:root:TEST batch 5 / 7 - measures partial for class 0 - precision 0.0000 - recall 0.0000 - f1 0.0000 
INFO:root:TEST batch 5 / 7 - measures partial for class 1 - precision 0.8182 - recall 1.0000 - f1 0.9000 
INFO:root:TEST batch 5 / 7 - Batch time 0 
INFO:root:TEST batch 6 / 7 - partial error 0.1810 - partial loss 0.7990 - partial MRR  0.0000 - partial MAP 0.9340
INFO:root:TEST batch 6 / 7 -  partial tp {0: tensor(0), 1: tensor(159)},fn {0: tensor(39), 1: tensor(0)},fp {0: tensor(0), 1: tensor(39)}
INFO:root:TEST batch 6 / 7 - measures partial microavg - precision 0.8030 - recall 0.8030 - f1 0.8030 
INFO:root:TEST batch 6 / 7 - measures partial for class 0 - precision 0.0000 - recall 0.0000 - f1 0.0000 
INFO:root:TEST batch 6 / 7 - measures partial for class 1 - precision 0.8030 - recall 1.0000 - f1 0.8908 
INFO:root:TEST batch 6 / 7 - Batch time 0 
INFO:root:TEST batch 7 / 7 - partial error 0.1811 - partial loss 0.8028 - partial MRR  0.0000 - partial MAP 0.9355
INFO:root:TEST batch 7 / 7 -  partial tp {0: tensor(0), 1: tensor(162)},fn {0: tensor(36), 1: tensor(0)},fp {0: tensor(0), 1: tensor(36)}
INFO:root:TEST batch 7 / 7 - measures partial microavg - precision 0.8182 - recall 0.8182 - f1 0.8182 
INFO:root:TEST batch 7 / 7 - measures partial for class 0 - precision 0.0000 - recall 0.0000 - f1 0.0000 
INFO:root:TEST batch 7 / 7 - measures partial for class 1 - precision 0.8182 - recall 1.0000 - f1 0.9000 
INFO:root:TEST batch 7 / 7 - Batch time 0 
INFO:root:TEST mean losses tensor(0.8028)
INFO:root:TEST mean errors 0.18109668791294098
INFO:root:TEST mean MRR 0.0 - mean MAP 0.9355149865150452
INFO:root:TEST tp {0: tensor(0), 1: tensor(1135)},fn {0: tensor(251), 1: tensor(0)},fp {0: tensor(0), 1: tensor(251)}
INFO:root:TEST measures microavg - precision 0.8189 - recall 0.8189 - f1 0.8189 
INFO:root:TEST measures for class 0 - precision 0.0000 - recall 0.0000 - f1 0.0000 
INFO:root:TEST measures for class 1 - precision 0.8189 - recall 1.0000 - f1 0.9004 
INFO:root:TEST measures@10 microavg - precision 0.9714 - recall 0.0491 - f1 0.0934 
INFO:root:TEST measures@10 for class 0 - precision 0.0000 - recall 0.0000 - f1 0.0000 
INFO:root:TEST measures@10 for class 1 - precision 0.9714 - recall 0.0599 - f1 0.1129 
INFO:root:TEST measures@100 microavg - precision 0.8733 - recall 0.4625 - f1 0.6047 
INFO:root:TEST measures@100 for class 0 - precision 0.5882 - recall 0.0797 - f1 0.1404 
INFO:root:TEST measures@100 for class 1 - precision 0.8871 - recall 0.5471 - f1 0.6768 
INFO:root:TEST measures@1000 microavg - precision 0.7540 - recall 0.7540 - f1 0.7540 
INFO:root:TEST measures@1000 for class 0 - precision 0.2606 - recall 0.1952 - f1 0.2232 
INFO:root:TEST measures@1000 for class 1 - precision 0.8314 - recall 0.8775 - f1 0.8538 
INFO:root:TEST Total epoch time: 0.16556545200000983
INFO:root:################ TRAIN epoch 33 ###################
INFO:root:TRAIN mean losses tensor(0.7660)
INFO:root:TRAIN mean errors 0.17474748194217682
INFO:root:TRAIN mean MRR 0.0 - mean MAP 0.9482817053794861
INFO:root:TRAIN tp {0: tensor(0), 1: tensor(4902)},fn {0: tensor(1038), 1: tensor(0)},fp {0: tensor(0), 1: tensor(1038)}
INFO:root:TRAIN measures microavg - precision 0.8253 - recall 0.8253 - f1 0.8253 
INFO:root:TRAIN measures for class 0 - precision 0.0000 - recall 0.0000 - f1 0.0000 
INFO:root:TRAIN measures for class 1 - precision 0.8253 - recall 1.0000 - f1 0.9043 
INFO:root:TRAIN measures@10 microavg - precision 0.9900 - recall 0.0500 - f1 0.0952 
INFO:root:TRAIN measures@10 for class 0 - precision 0.0000 - recall 0.0000 - f1 0.0000 
INFO:root:TRAIN measures@10 for class 1 - precision 0.9900 - recall 0.0606 - f1 0.1142 
INFO:root:TRAIN measures@100 microavg - precision 0.8752 - recall 0.4685 - f1 0.6103 
INFO:root:TRAIN measures@100 for class 0 - precision 0.4611 - recall 0.0800 - f1 0.1363 
INFO:root:TRAIN measures@100 for class 1 - precision 0.9000 - recall 0.5508 - f1 0.6834 
INFO:root:TRAIN measures@1000 microavg - precision 0.7384 - recall 0.7384 - f1 0.7384 
INFO:root:TRAIN measures@1000 for class 0 - precision 0.2410 - recall 0.2312 - f1 0.2360 
INFO:root:TRAIN measures@1000 for class 1 - precision 0.8386 - recall 0.8458 - f1 0.8422 
INFO:root:TRAIN Total epoch time: 1.5350890780000555
INFO:root:################ VALID epoch 33 ###################
INFO:root:VALID mean losses tensor(0.7260)
INFO:root:VALID mean errors 0.17255891859531403
INFO:root:VALID mean MRR 0.0 - mean MAP 0.9553035497665405
INFO:root:VALID tp {0: tensor(0), 1: tensor(983)},fn {0: tensor(205), 1: tensor(0)},fp {0: tensor(0), 1: tensor(205)}
INFO:root:VALID measures microavg - precision 0.8274 - recall 0.8274 - f1 0.8274 
INFO:root:VALID measures for class 0 - precision 0.0000 - recall 0.0000 - f1 0.0000 
INFO:root:VALID measures for class 1 - precision 0.8274 - recall 1.0000 - f1 0.9056 
INFO:root:VALID measures@10 microavg - precision 1.0000 - recall 0.0505 - f1 0.0962 
INFO:root:VALID measures@10 for class 0 - precision 0.0000 - recall 0.0000 - f1 0.0000 
INFO:root:VALID measures@10 for class 1 - precision 1.0000 - recall 0.0610 - f1 0.1151 
INFO:root:VALID measures@100 microavg - precision 0.9182 - recall 0.4722 - f1 0.6237 
INFO:root:VALID measures@100 for class 0 - precision 0.3636 - recall 0.0195 - f1 0.0370 
INFO:root:VALID measures@100 for class 1 - precision 0.9283 - recall 0.5666 - f1 0.7037 
INFO:root:VALID measures@1000 microavg - precision 0.7660 - recall 0.7660 - f1 0.7660 
INFO:root:VALID measures@1000 for class 0 - precision 0.1770 - recall 0.0976 - f1 0.1258 
INFO:root:VALID measures@1000 for class 1 - precision 0.8279 - recall 0.9054 - f1 0.8649 
INFO:root:VALID Total epoch time: 0.13210939400005373
INFO:root:################ TEST epoch 33 ###################
INFO:root:TEST batch 1 / 7 - partial error 0.1919 - partial loss 0.8604 - partial MRR  0.0000 - partial MAP 0.9099
INFO:root:TEST batch 1 / 7 -  partial tp {0: tensor(0), 1: tensor(160)},fn {0: tensor(38), 1: tensor(0)},fp {0: tensor(0), 1: tensor(38)}
INFO:root:TEST batch 1 / 7 - measures partial microavg - precision 0.8081 - recall 0.8081 - f1 0.8081 
INFO:root:TEST batch 1 / 7 - measures partial for class 0 - precision 0.0000 - recall 0.0000 - f1 0.0000 
INFO:root:TEST batch 1 / 7 - measures partial for class 1 - precision 0.8081 - recall 1.0000 - f1 0.8939 
INFO:root:TEST batch 1 / 7 - Batch time 0 
INFO:root:TEST batch 2 / 7 - partial error 0.1843 - partial loss 0.8013 - partial MRR  0.0000 - partial MAP 0.9295
INFO:root:TEST batch 2 / 7 -  partial tp {0: tensor(0), 1: tensor(163)},fn {0: tensor(35), 1: tensor(0)},fp {0: tensor(0), 1: tensor(35)}
INFO:root:TEST batch 2 / 7 - measures partial microavg - precision 0.8232 - recall 0.8232 - f1 0.8232 
INFO:root:TEST batch 2 / 7 - measures partial for class 0 - precision 0.0000 - recall 0.0000 - f1 0.0000 
INFO:root:TEST batch 2 / 7 - measures partial for class 1 - precision 0.8232 - recall 1.0000 - f1 0.9030 
INFO:root:TEST batch 2 / 7 - Batch time 0 
INFO:root:TEST batch 3 / 7 - partial error 0.1801 - partial loss 0.7666 - partial MRR  0.0000 - partial MAP 0.9399
INFO:root:TEST batch 3 / 7 -  partial tp {0: tensor(0), 1: tensor(164)},fn {0: tensor(34), 1: tensor(0)},fp {0: tensor(0), 1: tensor(34)}
INFO:root:TEST batch 3 / 7 - measures partial microavg - precision 0.8283 - recall 0.8283 - f1 0.8283 
INFO:root:TEST batch 3 / 7 - measures partial for class 0 - precision 0.0000 - recall 0.0000 - f1 0.0000 
INFO:root:TEST batch 3 / 7 - measures partial for class 1 - precision 0.8283 - recall 1.0000 - f1 0.9061 
INFO:root:TEST batch 3 / 7 - Batch time 0 
INFO:root:TEST batch 4 / 7 - partial error 0.1768 - partial loss 0.7759 - partial MRR  0.0000 - partial MAP 0.9354
INFO:root:TEST batch 4 / 7 -  partial tp {0: tensor(0), 1: tensor(165)},fn {0: tensor(33), 1: tensor(0)},fp {0: tensor(0), 1: tensor(33)}
INFO:root:TEST batch 4 / 7 - measures partial microavg - precision 0.8333 - recall 0.8333 - f1 0.8333 
INFO:root:TEST batch 4 / 7 - measures partial for class 0 - precision 0.0000 - recall 0.0000 - f1 0.0000 
INFO:root:TEST batch 4 / 7 - measures partial for class 1 - precision 0.8333 - recall 1.0000 - f1 0.9091 
INFO:root:TEST batch 4 / 7 - Batch time 0 
INFO:root:TEST batch 5 / 7 - partial error 0.1778 - partial loss 0.7771 - partial MRR  0.0000 - partial MAP 0.9327
INFO:root:TEST batch 5 / 7 -  partial tp {0: tensor(0), 1: tensor(162)},fn {0: tensor(36), 1: tensor(0)},fp {0: tensor(0), 1: tensor(36)}
INFO:root:TEST batch 5 / 7 - measures partial microavg - precision 0.8182 - recall 0.8182 - f1 0.8182 
INFO:root:TEST batch 5 / 7 - measures partial for class 0 - precision 0.0000 - recall 0.0000 - f1 0.0000 
INFO:root:TEST batch 5 / 7 - measures partial for class 1 - precision 0.8182 - recall 1.0000 - f1 0.9000 
INFO:root:TEST batch 5 / 7 - Batch time 0 
INFO:root:TEST batch 6 / 7 - partial error 0.1810 - partial loss 0.7842 - partial MRR  0.0000 - partial MAP 0.9335
INFO:root:TEST batch 6 / 7 -  partial tp {0: tensor(0), 1: tensor(159)},fn {0: tensor(39), 1: tensor(0)},fp {0: tensor(0), 1: tensor(39)}
INFO:root:TEST batch 6 / 7 - measures partial microavg - precision 0.8030 - recall 0.8030 - f1 0.8030 
INFO:root:TEST batch 6 / 7 - measures partial for class 0 - precision 0.0000 - recall 0.0000 - f1 0.0000 
INFO:root:TEST batch 6 / 7 - measures partial for class 1 - precision 0.8030 - recall 1.0000 - f1 0.8908 
INFO:root:TEST batch 6 / 7 - Batch time 0 
INFO:root:TEST batch 7 / 7 - partial error 0.1811 - partial loss 0.7890 - partial MRR  0.0000 - partial MAP 0.9352
INFO:root:TEST batch 7 / 7 -  partial tp {0: tensor(0), 1: tensor(162)},fn {0: tensor(36), 1: tensor(0)},fp {0: tensor(0), 1: tensor(36)}
INFO:root:TEST batch 7 / 7 - measures partial microavg - precision 0.8182 - recall 0.8182 - f1 0.8182 
INFO:root:TEST batch 7 / 7 - measures partial for class 0 - precision 0.0000 - recall 0.0000 - f1 0.0000 
INFO:root:TEST batch 7 / 7 - measures partial for class 1 - precision 0.8182 - recall 1.0000 - f1 0.9000 
INFO:root:TEST batch 7 / 7 - Batch time 0 
INFO:root:TEST mean losses tensor(0.7890)
INFO:root:TEST mean errors 0.18109668791294098
INFO:root:TEST mean MRR 0.0 - mean MAP 0.9351806640625
INFO:root:TEST tp {0: tensor(0), 1: tensor(1135)},fn {0: tensor(251), 1: tensor(0)},fp {0: tensor(0), 1: tensor(251)}
INFO:root:TEST measures microavg - precision 0.8189 - recall 0.8189 - f1 0.8189 
INFO:root:TEST measures for class 0 - precision 0.0000 - recall 0.0000 - f1 0.0000 
INFO:root:TEST measures for class 1 - precision 0.8189 - recall 1.0000 - f1 0.9004 
INFO:root:TEST measures@10 microavg - precision 0.9429 - recall 0.0476 - f1 0.0907 
INFO:root:TEST measures@10 for class 0 - precision 0.0000 - recall 0.0000 - f1 0.0000 
INFO:root:TEST measures@10 for class 1 - precision 0.9429 - recall 0.0581 - f1 0.1095 
INFO:root:TEST measures@100 microavg - precision 0.8375 - recall 0.4646 - f1 0.5977 
INFO:root:TEST measures@100 for class 0 - precision 0.5072 - recall 0.1394 - f1 0.2187 
INFO:root:TEST measures@100 for class 1 - precision 0.8700 - recall 0.5366 - f1 0.6638 
INFO:root:TEST measures@1000 microavg - precision 0.6847 - recall 0.6847 - f1 0.6847 
INFO:root:TEST measures@1000 for class 0 - precision 0.2486 - recall 0.3665 - f1 0.2963 
INFO:root:TEST measures@1000 for class 1 - precision 0.8435 - recall 0.7551 - f1 0.7968 
INFO:root:TEST Total epoch time: 0.1711322240003028
INFO:root:################ TRAIN epoch 34 ###################
INFO:root:TRAIN mean losses tensor(0.7383)
INFO:root:TRAIN mean errors 0.17457912862300873
INFO:root:TRAIN mean MRR 0.0 - mean MAP 0.9503704905509949
INFO:root:TRAIN tp {0: tensor(1), 1: tensor(4902)},fn {0: tensor(1037), 1: tensor(0)},fp {0: tensor(0), 1: tensor(1037)}
INFO:root:TRAIN measures microavg - precision 0.8254 - recall 0.8254 - f1 0.8254 
INFO:root:TRAIN measures for class 0 - precision 1.0000 - recall 0.0010 - f1 0.0019 
INFO:root:TRAIN measures for class 1 - precision 0.8254 - recall 1.0000 - f1 0.9043 
INFO:root:TRAIN measures@10 microavg - precision 0.9800 - recall 0.0495 - f1 0.0942 
INFO:root:TRAIN measures@10 for class 0 - precision 0.0000 - recall 0.0000 - f1 0.0000 
INFO:root:TRAIN measures@10 for class 1 - precision 0.9800 - recall 0.0600 - f1 0.1130 
INFO:root:TRAIN measures@100 microavg - precision 0.8783 - recall 0.4739 - f1 0.6156 
INFO:root:TRAIN measures@100 for class 0 - precision 0.5463 - recall 0.1079 - f1 0.1802 
INFO:root:TRAIN measures@100 for class 1 - precision 0.9010 - recall 0.5514 - f1 0.6841 
INFO:root:TRAIN measures@1000 microavg - precision 0.7335 - recall 0.7335 - f1 0.7335 
INFO:root:TRAIN measures@1000 for class 0 - precision 0.2484 - recall 0.2592 - f1 0.2537 
INFO:root:TRAIN measures@1000 for class 1 - precision 0.8417 - recall 0.8339 - f1 0.8378 
INFO:root:TRAIN Total epoch time: 1.4960668270000497
INFO:root:################ VALID epoch 34 ###################
INFO:root:VALID mean losses tensor(0.7308)
INFO:root:VALID mean errors 0.17255891859531403
INFO:root:VALID mean MRR 0.0 - mean MAP 0.9529589414596558
INFO:root:VALID tp {0: tensor(0), 1: tensor(983)},fn {0: tensor(205), 1: tensor(0)},fp {0: tensor(0), 1: tensor(205)}
INFO:root:VALID measures microavg - precision 0.8274 - recall 0.8274 - f1 0.8274 
INFO:root:VALID measures for class 0 - precision 0.0000 - recall 0.0000 - f1 0.0000 
INFO:root:VALID measures for class 1 - precision 0.8274 - recall 1.0000 - f1 0.9056 
INFO:root:VALID measures@10 microavg - precision 0.9667 - recall 0.0488 - f1 0.0929 
INFO:root:VALID measures@10 for class 0 - precision 0.0000 - recall 0.0000 - f1 0.0000 
INFO:root:VALID measures@10 for class 1 - precision 0.9667 - recall 0.0590 - f1 0.1112 
INFO:root:VALID measures@100 microavg - precision 0.8420 - recall 0.4756 - f1 0.6079 
INFO:root:VALID measures@100 for class 0 - precision 0.4648 - recall 0.1610 - f1 0.2391 
INFO:root:VALID measures@100 for class 1 - precision 0.8867 - recall 0.5412 - f1 0.6721 
INFO:root:VALID measures@1000 microavg - precision 0.6776 - recall 0.6776 - f1 0.6776 
INFO:root:VALID measures@1000 for class 0 - precision 0.2236 - recall 0.3512 - f1 0.2732 
INFO:root:VALID measures@1000 for class 1 - precision 0.8464 - recall 0.7457 - f1 0.7929 
INFO:root:VALID Total epoch time: 0.1299684669997987
INFO:root:################ TEST epoch 34 ###################
INFO:root:TEST batch 1 / 7 - partial error 0.1919 - partial loss 0.8690 - partial MRR  0.0000 - partial MAP 0.9075
INFO:root:TEST batch 1 / 7 -  partial tp {0: tensor(0), 1: tensor(160)},fn {0: tensor(38), 1: tensor(0)},fp {0: tensor(0), 1: tensor(38)}
INFO:root:TEST batch 1 / 7 - measures partial microavg - precision 0.8081 - recall 0.8081 - f1 0.8081 
INFO:root:TEST batch 1 / 7 - measures partial for class 0 - precision 0.0000 - recall 0.0000 - f1 0.0000 
INFO:root:TEST batch 1 / 7 - measures partial for class 1 - precision 0.8081 - recall 1.0000 - f1 0.8939 
INFO:root:TEST batch 1 / 7 - Batch time 0 
INFO:root:TEST batch 2 / 7 - partial error 0.1843 - partial loss 0.8046 - partial MRR  0.0000 - partial MAP 0.9304
INFO:root:TEST batch 2 / 7 -  partial tp {0: tensor(0), 1: tensor(163)},fn {0: tensor(35), 1: tensor(0)},fp {0: tensor(0), 1: tensor(35)}
INFO:root:TEST batch 2 / 7 - measures partial microavg - precision 0.8232 - recall 0.8232 - f1 0.8232 
INFO:root:TEST batch 2 / 7 - measures partial for class 0 - precision 0.0000 - recall 0.0000 - f1 0.0000 
INFO:root:TEST batch 2 / 7 - measures partial for class 1 - precision 0.8232 - recall 1.0000 - f1 0.9030 
INFO:root:TEST batch 2 / 7 - Batch time 0 
INFO:root:TEST batch 3 / 7 - partial error 0.1801 - partial loss 0.7857 - partial MRR  0.0000 - partial MAP 0.9341
INFO:root:TEST batch 3 / 7 -  partial tp {0: tensor(0), 1: tensor(164)},fn {0: tensor(34), 1: tensor(0)},fp {0: tensor(0), 1: tensor(34)}
INFO:root:TEST batch 3 / 7 - measures partial microavg - precision 0.8283 - recall 0.8283 - f1 0.8283 
INFO:root:TEST batch 3 / 7 - measures partial for class 0 - precision 0.0000 - recall 0.0000 - f1 0.0000 
INFO:root:TEST batch 3 / 7 - measures partial for class 1 - precision 0.8283 - recall 1.0000 - f1 0.9061 
INFO:root:TEST batch 3 / 7 - Batch time 0 
INFO:root:TEST batch 4 / 7 - partial error 0.1768 - partial loss 0.7978 - partial MRR  0.0000 - partial MAP 0.9282
INFO:root:TEST batch 4 / 7 -  partial tp {0: tensor(0), 1: tensor(165)},fn {0: tensor(33), 1: tensor(0)},fp {0: tensor(0), 1: tensor(33)}
INFO:root:TEST batch 4 / 7 - measures partial microavg - precision 0.8333 - recall 0.8333 - f1 0.8333 
INFO:root:TEST batch 4 / 7 - measures partial for class 0 - precision 0.0000 - recall 0.0000 - f1 0.0000 
INFO:root:TEST batch 4 / 7 - measures partial for class 1 - precision 0.8333 - recall 1.0000 - f1 0.9091 
INFO:root:TEST batch 4 / 7 - Batch time 0 
INFO:root:TEST batch 5 / 7 - partial error 0.1778 - partial loss 0.7847 - partial MRR  0.0000 - partial MAP 0.9330
INFO:root:TEST batch 5 / 7 -  partial tp {0: tensor(0), 1: tensor(162)},fn {0: tensor(36), 1: tensor(0)},fp {0: tensor(0), 1: tensor(36)}
INFO:root:TEST batch 5 / 7 - measures partial microavg - precision 0.8182 - recall 0.8182 - f1 0.8182 
INFO:root:TEST batch 5 / 7 - measures partial for class 0 - precision 0.0000 - recall 0.0000 - f1 0.0000 
INFO:root:TEST batch 5 / 7 - measures partial for class 1 - precision 0.8182 - recall 1.0000 - f1 0.9000 
INFO:root:TEST batch 5 / 7 - Batch time 0 
INFO:root:TEST batch 6 / 7 - partial error 0.1810 - partial loss 0.7968 - partial MRR  0.0000 - partial MAP 0.9286
INFO:root:TEST batch 6 / 7 -  partial tp {0: tensor(0), 1: tensor(159)},fn {0: tensor(39), 1: tensor(0)},fp {0: tensor(0), 1: tensor(39)}
INFO:root:TEST batch 6 / 7 - measures partial microavg - precision 0.8030 - recall 0.8030 - f1 0.8030 
INFO:root:TEST batch 6 / 7 - measures partial for class 0 - precision 0.0000 - recall 0.0000 - f1 0.0000 
INFO:root:TEST batch 6 / 7 - measures partial for class 1 - precision 0.8030 - recall 1.0000 - f1 0.8908 
INFO:root:TEST batch 6 / 7 - Batch time 0 
INFO:root:TEST batch 7 / 7 - partial error 0.1811 - partial loss 0.8019 - partial MRR  0.0000 - partial MAP 0.9286
INFO:root:TEST batch 7 / 7 -  partial tp {0: tensor(0), 1: tensor(162)},fn {0: tensor(36), 1: tensor(0)},fp {0: tensor(0), 1: tensor(36)}
INFO:root:TEST batch 7 / 7 - measures partial microavg - precision 0.8182 - recall 0.8182 - f1 0.8182 
INFO:root:TEST batch 7 / 7 - measures partial for class 0 - precision 0.0000 - recall 0.0000 - f1 0.0000 
INFO:root:TEST batch 7 / 7 - measures partial for class 1 - precision 0.8182 - recall 1.0000 - f1 0.9000 
INFO:root:TEST batch 7 / 7 - Batch time 0 
INFO:root:TEST mean losses tensor(0.8019)
INFO:root:TEST mean errors 0.18109668791294098
INFO:root:TEST mean MRR 0.0 - mean MAP 0.9285538792610168
INFO:root:TEST tp {0: tensor(0), 1: tensor(1135)},fn {0: tensor(251), 1: tensor(0)},fp {0: tensor(0), 1: tensor(251)}
INFO:root:TEST measures microavg - precision 0.8189 - recall 0.8189 - f1 0.8189 
INFO:root:TEST measures for class 0 - precision 0.0000 - recall 0.0000 - f1 0.0000 
INFO:root:TEST measures for class 1 - precision 0.8189 - recall 1.0000 - f1 0.9004 
INFO:root:TEST measures@10 microavg - precision 0.9429 - recall 0.0476 - f1 0.0907 
INFO:root:TEST measures@10 for class 0 - precision 0.0000 - recall 0.0000 - f1 0.0000 
INFO:root:TEST measures@10 for class 1 - precision 0.9429 - recall 0.0581 - f1 0.1095 
INFO:root:TEST measures@100 microavg - precision 0.8449 - recall 0.4639 - f1 0.5990 
INFO:root:TEST measures@100 for class 0 - precision 0.4262 - recall 0.1036 - f1 0.1667 
INFO:root:TEST measures@100 for class 1 - precision 0.8814 - recall 0.5436 - f1 0.6725 
INFO:root:TEST measures@1000 microavg - precision 0.7056 - recall 0.7056 - f1 0.7056 
INFO:root:TEST measures@1000 for class 0 - precision 0.2375 - recall 0.2829 - f1 0.2582 
INFO:root:TEST measures@1000 for class 1 - precision 0.8344 - recall 0.7991 - f1 0.8164 
INFO:root:TEST Total epoch time: 0.16831023000031564
INFO:root:################ TRAIN epoch 35 ###################
INFO:root:TRAIN mean losses tensor(0.7281)
INFO:root:TRAIN mean errors 0.17457912862300873
INFO:root:TRAIN mean MRR 0.0 - mean MAP 0.9542837142944336
INFO:root:TRAIN tp {0: tensor(1), 1: tensor(4902)},fn {0: tensor(1037), 1: tensor(0)},fp {0: tensor(0), 1: tensor(1037)}
INFO:root:TRAIN measures microavg - precision 0.8254 - recall 0.8254 - f1 0.8254 
INFO:root:TRAIN measures for class 0 - precision 1.0000 - recall 0.0010 - f1 0.0019 
INFO:root:TRAIN measures for class 1 - precision 0.8254 - recall 1.0000 - f1 0.9043 
INFO:root:TRAIN measures@10 microavg - precision 0.9867 - recall 0.0498 - f1 0.0949 
INFO:root:TRAIN measures@10 for class 0 - precision 0.0000 - recall 0.0000 - f1 0.0000 
INFO:root:TRAIN measures@10 for class 1 - precision 0.9867 - recall 0.0604 - f1 0.1138 
INFO:root:TRAIN measures@100 microavg - precision 0.8744 - recall 0.4759 - f1 0.6164 
INFO:root:TRAIN measures@100 for class 0 - precision 0.5279 - recall 0.1185 - f1 0.1935 
INFO:root:TRAIN measures@100 for class 1 - precision 0.9013 - recall 0.5516 - f1 0.6844 
INFO:root:TRAIN measures@1000 microavg - precision 0.7131 - recall 0.7131 - f1 0.7131 
INFO:root:TRAIN measures@1000 for class 0 - precision 0.2319 - recall 0.2775 - f1 0.2526 
INFO:root:TRAIN measures@1000 for class 1 - precision 0.8404 - recall 0.8054 - f1 0.8225 
INFO:root:TRAIN Total epoch time: 1.491028520999862
INFO:root:################ VALID epoch 35 ###################
INFO:root:VALID mean losses tensor(0.7380)
INFO:root:VALID mean errors 0.17255891859531403
INFO:root:VALID mean MRR 0.0 - mean MAP 0.9508794546127319
INFO:root:VALID tp {0: tensor(0), 1: tensor(983)},fn {0: tensor(205), 1: tensor(0)},fp {0: tensor(0), 1: tensor(205)}
INFO:root:VALID measures microavg - precision 0.8274 - recall 0.8274 - f1 0.8274 
INFO:root:VALID measures for class 0 - precision 0.0000 - recall 0.0000 - f1 0.0000 
INFO:root:VALID measures for class 1 - precision 0.8274 - recall 1.0000 - f1 0.9056 
INFO:root:VALID measures@10 microavg - precision 0.9833 - recall 0.0497 - f1 0.0946 
INFO:root:VALID measures@10 for class 0 - precision 0.0000 - recall 0.0000 - f1 0.0000 
INFO:root:VALID measures@10 for class 1 - precision 0.9833 - recall 0.0600 - f1 0.1131 
INFO:root:VALID measures@100 microavg - precision 0.8629 - recall 0.4663 - f1 0.6055 
INFO:root:VALID measures@100 for class 0 - precision 0.4048 - recall 0.0829 - f1 0.1377 
INFO:root:VALID measures@100 for class 1 - precision 0.8950 - recall 0.5463 - f1 0.6785 
INFO:root:VALID measures@1000 microavg - precision 0.7088 - recall 0.7088 - f1 0.7088 
INFO:root:VALID measures@1000 for class 0 - precision 0.1839 - recall 0.2000 - f1 0.1916 
INFO:root:VALID measures@1000 for class 1 - precision 0.8301 - recall 0.8149 - f1 0.8224 
INFO:root:VALID Total epoch time: 0.1322541999998066
INFO:root:################ TEST epoch 35 ###################
INFO:root:TEST batch 1 / 7 - partial error 0.1919 - partial loss 0.8657 - partial MRR  0.0000 - partial MAP 0.9172
INFO:root:TEST batch 1 / 7 -  partial tp {0: tensor(0), 1: tensor(160)},fn {0: tensor(38), 1: tensor(0)},fp {0: tensor(0), 1: tensor(38)}
INFO:root:TEST batch 1 / 7 - measures partial microavg - precision 0.8081 - recall 0.8081 - f1 0.8081 
INFO:root:TEST batch 1 / 7 - measures partial for class 0 - precision 0.0000 - recall 0.0000 - f1 0.0000 
INFO:root:TEST batch 1 / 7 - measures partial for class 1 - precision 0.8081 - recall 1.0000 - f1 0.8939 
INFO:root:TEST batch 1 / 7 - Batch time 0 
INFO:root:TEST batch 2 / 7 - partial error 0.1843 - partial loss 0.8105 - partial MRR  0.0000 - partial MAP 0.9331
INFO:root:TEST batch 2 / 7 -  partial tp {0: tensor(0), 1: tensor(163)},fn {0: tensor(35), 1: tensor(0)},fp {0: tensor(0), 1: tensor(35)}
INFO:root:TEST batch 2 / 7 - measures partial microavg - precision 0.8232 - recall 0.8232 - f1 0.8232 
INFO:root:TEST batch 2 / 7 - measures partial for class 0 - precision 0.0000 - recall 0.0000 - f1 0.0000 
INFO:root:TEST batch 2 / 7 - measures partial for class 1 - precision 0.8232 - recall 1.0000 - f1 0.9030 
INFO:root:TEST batch 2 / 7 - Batch time 0 
INFO:root:TEST batch 3 / 7 - partial error 0.1801 - partial loss 0.7824 - partial MRR  0.0000 - partial MAP 0.9393
INFO:root:TEST batch 3 / 7 -  partial tp {0: tensor(0), 1: tensor(164)},fn {0: tensor(34), 1: tensor(0)},fp {0: tensor(0), 1: tensor(34)}
INFO:root:TEST batch 3 / 7 - measures partial microavg - precision 0.8283 - recall 0.8283 - f1 0.8283 
INFO:root:TEST batch 3 / 7 - measures partial for class 0 - precision 0.0000 - recall 0.0000 - f1 0.0000 
INFO:root:TEST batch 3 / 7 - measures partial for class 1 - precision 0.8283 - recall 1.0000 - f1 0.9061 
INFO:root:TEST batch 3 / 7 - Batch time 0 
INFO:root:TEST batch 4 / 7 - partial error 0.1768 - partial loss 0.7771 - partial MRR  0.0000 - partial MAP 0.9389
INFO:root:TEST batch 4 / 7 -  partial tp {0: tensor(0), 1: tensor(165)},fn {0: tensor(33), 1: tensor(0)},fp {0: tensor(0), 1: tensor(33)}
INFO:root:TEST batch 4 / 7 - measures partial microavg - precision 0.8333 - recall 0.8333 - f1 0.8333 
INFO:root:TEST batch 4 / 7 - measures partial for class 0 - precision 0.0000 - recall 0.0000 - f1 0.0000 
INFO:root:TEST batch 4 / 7 - measures partial for class 1 - precision 0.8333 - recall 1.0000 - f1 0.9091 
INFO:root:TEST batch 4 / 7 - Batch time 0 
INFO:root:TEST batch 5 / 7 - partial error 0.1778 - partial loss 0.7749 - partial MRR  0.0000 - partial MAP 0.9411
INFO:root:TEST batch 5 / 7 -  partial tp {0: tensor(0), 1: tensor(162)},fn {0: tensor(36), 1: tensor(0)},fp {0: tensor(0), 1: tensor(36)}
INFO:root:TEST batch 5 / 7 - measures partial microavg - precision 0.8182 - recall 0.8182 - f1 0.8182 
INFO:root:TEST batch 5 / 7 - measures partial for class 0 - precision 0.0000 - recall 0.0000 - f1 0.0000 
INFO:root:TEST batch 5 / 7 - measures partial for class 1 - precision 0.8182 - recall 1.0000 - f1 0.9000 
INFO:root:TEST batch 5 / 7 - Batch time 0 
INFO:root:TEST batch 6 / 7 - partial error 0.1810 - partial loss 0.7958 - partial MRR  0.0000 - partial MAP 0.9384
INFO:root:TEST batch 6 / 7 -  partial tp {0: tensor(0), 1: tensor(159)},fn {0: tensor(39), 1: tensor(0)},fp {0: tensor(0), 1: tensor(39)}
INFO:root:TEST batch 6 / 7 - measures partial microavg - precision 0.8030 - recall 0.8030 - f1 0.8030 
INFO:root:TEST batch 6 / 7 - measures partial for class 0 - precision 0.0000 - recall 0.0000 - f1 0.0000 
INFO:root:TEST batch 6 / 7 - measures partial for class 1 - precision 0.8030 - recall 1.0000 - f1 0.8908 
INFO:root:TEST batch 6 / 7 - Batch time 0 
INFO:root:TEST batch 7 / 7 - partial error 0.1811 - partial loss 0.7994 - partial MRR  0.0000 - partial MAP 0.9382
INFO:root:TEST batch 7 / 7 -  partial tp {0: tensor(0), 1: tensor(162)},fn {0: tensor(36), 1: tensor(0)},fp {0: tensor(0), 1: tensor(36)}
INFO:root:TEST batch 7 / 7 - measures partial microavg - precision 0.8182 - recall 0.8182 - f1 0.8182 
INFO:root:TEST batch 7 / 7 - measures partial for class 0 - precision 0.0000 - recall 0.0000 - f1 0.0000 
INFO:root:TEST batch 7 / 7 - measures partial for class 1 - precision 0.8182 - recall 1.0000 - f1 0.9000 
INFO:root:TEST batch 7 / 7 - Batch time 0 
INFO:root:TEST mean losses tensor(0.7994)
INFO:root:TEST mean errors 0.18109668791294098
INFO:root:TEST mean MRR 0.0 - mean MAP 0.9381675720214844
INFO:root:TEST tp {0: tensor(0), 1: tensor(1135)},fn {0: tensor(251), 1: tensor(0)},fp {0: tensor(0), 1: tensor(251)}
INFO:root:TEST measures microavg - precision 0.8189 - recall 0.8189 - f1 0.8189 
INFO:root:TEST measures for class 0 - precision 0.0000 - recall 0.0000 - f1 0.0000 
INFO:root:TEST measures for class 1 - precision 0.8189 - recall 1.0000 - f1 0.9004 
INFO:root:TEST measures@10 microavg - precision 0.9571 - recall 0.0483 - f1 0.0920 
INFO:root:TEST measures@10 for class 0 - precision 0.0000 - recall 0.0000 - f1 0.0000 
INFO:root:TEST measures@10 for class 1 - precision 0.9571 - recall 0.0590 - f1 0.1112 
INFO:root:TEST measures@100 microavg - precision 0.8690 - recall 0.4690 - f1 0.6092 
INFO:root:TEST measures@100 for class 0 - precision 0.5833 - recall 0.1116 - f1 0.1873 
INFO:root:TEST measures@100 for class 1 - precision 0.8886 - recall 0.5480 - f1 0.6779 
INFO:root:TEST measures@1000 microavg - precision 0.7078 - recall 0.7078 - f1 0.7078 
INFO:root:TEST measures@1000 for class 0 - precision 0.2230 - recall 0.2470 - f1 0.2344 
INFO:root:TEST measures@1000 for class 1 - precision 0.8294 - recall 0.8097 - f1 0.8194 
INFO:root:TEST Total epoch time: 0.171872637999968
INFO:root:################ TRAIN epoch 36 ###################
INFO:root:TRAIN mean losses tensor(0.7344)
INFO:root:TRAIN mean errors 0.17474748194217682
INFO:root:TRAIN mean MRR 0.0 - mean MAP 0.9537977576255798
INFO:root:TRAIN tp {0: tensor(0), 1: tensor(4902)},fn {0: tensor(1038), 1: tensor(0)},fp {0: tensor(0), 1: tensor(1038)}
INFO:root:TRAIN measures microavg - precision 0.8253 - recall 0.8253 - f1 0.8253 
INFO:root:TRAIN measures for class 0 - precision 0.0000 - recall 0.0000 - f1 0.0000 
INFO:root:TRAIN measures for class 1 - precision 0.8253 - recall 1.0000 - f1 0.9043 
INFO:root:TRAIN measures@10 microavg - precision 0.9801 - recall 0.0498 - f1 0.0948 
INFO:root:TRAIN measures@10 for class 0 - precision 0.5000 - recall 0.0010 - f1 0.0019 
INFO:root:TRAIN measures@10 for class 1 - precision 0.9833 - recall 0.0602 - f1 0.1134 
INFO:root:TRAIN measures@100 microavg - precision 0.8525 - recall 0.4768 - f1 0.6115 
INFO:root:TRAIN measures@100 for class 0 - precision 0.4814 - recall 0.1493 - f1 0.2279 
INFO:root:TRAIN measures@100 for class 1 - precision 0.8923 - recall 0.5461 - f1 0.6775 
INFO:root:TRAIN measures@1000 microavg - precision 0.6854 - recall 0.6854 - f1 0.6854 
INFO:root:TRAIN measures@1000 for class 0 - precision 0.2449 - recall 0.3844 - f1 0.2992 
INFO:root:TRAIN measures@1000 for class 1 - precision 0.8518 - recall 0.7491 - f1 0.7971 
INFO:root:TRAIN Total epoch time: 1.5493449350001356
INFO:root:################ VALID epoch 36 ###################
INFO:root:VALID mean losses tensor(0.7369)
INFO:root:VALID mean errors 0.17255891859531403
INFO:root:VALID mean MRR 0.0 - mean MAP 0.9492103457450867
INFO:root:VALID tp {0: tensor(0), 1: tensor(983)},fn {0: tensor(205), 1: tensor(0)},fp {0: tensor(0), 1: tensor(205)}
INFO:root:VALID measures microavg - precision 0.8274 - recall 0.8274 - f1 0.8274 
INFO:root:VALID measures for class 0 - precision 0.0000 - recall 0.0000 - f1 0.0000 
INFO:root:VALID measures for class 1 - precision 0.8274 - recall 1.0000 - f1 0.9056 
INFO:root:VALID measures@10 microavg - precision 0.9500 - recall 0.0480 - f1 0.0913 
INFO:root:VALID measures@10 for class 0 - precision 0.0000 - recall 0.0000 - f1 0.0000 
INFO:root:VALID measures@10 for class 1 - precision 0.9500 - recall 0.0580 - f1 0.1093 
INFO:root:VALID measures@100 microavg - precision 0.9017 - recall 0.4790 - f1 0.6256 
INFO:root:VALID measures@100 for class 0 - precision 0.5806 - recall 0.0878 - f1 0.1525 
INFO:root:VALID measures@100 for class 1 - precision 0.9183 - recall 0.5605 - f1 0.6961 
INFO:root:VALID measures@1000 microavg - precision 0.7643 - recall 0.7643 - f1 0.7643 
INFO:root:VALID measures@1000 for class 0 - precision 0.2671 - recall 0.2098 - f1 0.2350 
INFO:root:VALID measures@1000 for class 1 - precision 0.8423 - recall 0.8800 - f1 0.8607 
INFO:root:VALID Total epoch time: 0.13197061200025928
INFO:root:################ TEST epoch 36 ###################
INFO:root:TEST batch 1 / 7 - partial error 0.1919 - partial loss 0.8435 - partial MRR  0.0000 - partial MAP 0.9287
INFO:root:TEST batch 1 / 7 -  partial tp {0: tensor(0), 1: tensor(160)},fn {0: tensor(38), 1: tensor(0)},fp {0: tensor(0), 1: tensor(38)}
INFO:root:TEST batch 1 / 7 - measures partial microavg - precision 0.8081 - recall 0.8081 - f1 0.8081 
INFO:root:TEST batch 1 / 7 - measures partial for class 0 - precision 0.0000 - recall 0.0000 - f1 0.0000 
INFO:root:TEST batch 1 / 7 - measures partial for class 1 - precision 0.8081 - recall 1.0000 - f1 0.8939 
INFO:root:TEST batch 1 / 7 - Batch time 0 
INFO:root:TEST batch 2 / 7 - partial error 0.1843 - partial loss 0.7968 - partial MRR  0.0000 - partial MAP 0.9402
INFO:root:TEST batch 2 / 7 -  partial tp {0: tensor(0), 1: tensor(163)},fn {0: tensor(35), 1: tensor(0)},fp {0: tensor(0), 1: tensor(35)}
INFO:root:TEST batch 2 / 7 - measures partial microavg - precision 0.8232 - recall 0.8232 - f1 0.8232 
INFO:root:TEST batch 2 / 7 - measures partial for class 0 - precision 0.0000 - recall 0.0000 - f1 0.0000 
INFO:root:TEST batch 2 / 7 - measures partial for class 1 - precision 0.8232 - recall 1.0000 - f1 0.9030 
INFO:root:TEST batch 2 / 7 - Batch time 0 
INFO:root:TEST batch 3 / 7 - partial error 0.1801 - partial loss 0.7715 - partial MRR  0.0000 - partial MAP 0.9468
INFO:root:TEST batch 3 / 7 -  partial tp {0: tensor(0), 1: tensor(164)},fn {0: tensor(34), 1: tensor(0)},fp {0: tensor(0), 1: tensor(34)}
INFO:root:TEST batch 3 / 7 - measures partial microavg - precision 0.8283 - recall 0.8283 - f1 0.8283 
INFO:root:TEST batch 3 / 7 - measures partial for class 0 - precision 0.0000 - recall 0.0000 - f1 0.0000 
INFO:root:TEST batch 3 / 7 - measures partial for class 1 - precision 0.8283 - recall 1.0000 - f1 0.9061 
INFO:root:TEST batch 3 / 7 - Batch time 0 
INFO:root:TEST batch 4 / 7 - partial error 0.1768 - partial loss 0.7827 - partial MRR  0.0000 - partial MAP 0.9420
INFO:root:TEST batch 4 / 7 -  partial tp {0: tensor(0), 1: tensor(165)},fn {0: tensor(33), 1: tensor(0)},fp {0: tensor(0), 1: tensor(33)}
INFO:root:TEST batch 4 / 7 - measures partial microavg - precision 0.8333 - recall 0.8333 - f1 0.8333 
INFO:root:TEST batch 4 / 7 - measures partial for class 0 - precision 0.0000 - recall 0.0000 - f1 0.0000 
INFO:root:TEST batch 4 / 7 - measures partial for class 1 - precision 0.8333 - recall 1.0000 - f1 0.9091 
INFO:root:TEST batch 4 / 7 - Batch time 0 
INFO:root:TEST batch 5 / 7 - partial error 0.1778 - partial loss 0.7894 - partial MRR  0.0000 - partial MAP 0.9391
INFO:root:TEST batch 5 / 7 -  partial tp {0: tensor(0), 1: tensor(162)},fn {0: tensor(36), 1: tensor(0)},fp {0: tensor(0), 1: tensor(36)}
INFO:root:TEST batch 5 / 7 - measures partial microavg - precision 0.8182 - recall 0.8182 - f1 0.8182 
INFO:root:TEST batch 5 / 7 - measures partial for class 0 - precision 0.0000 - recall 0.0000 - f1 0.0000 
INFO:root:TEST batch 5 / 7 - measures partial for class 1 - precision 0.8182 - recall 1.0000 - f1 0.9000 
INFO:root:TEST batch 5 / 7 - Batch time 0 
INFO:root:TEST batch 6 / 7 - partial error 0.1810 - partial loss 0.7883 - partial MRR  0.0000 - partial MAP 0.9412
INFO:root:TEST batch 6 / 7 -  partial tp {0: tensor(0), 1: tensor(159)},fn {0: tensor(39), 1: tensor(0)},fp {0: tensor(0), 1: tensor(39)}
INFO:root:TEST batch 6 / 7 - measures partial microavg - precision 0.8030 - recall 0.8030 - f1 0.8030 
INFO:root:TEST batch 6 / 7 - measures partial for class 0 - precision 0.0000 - recall 0.0000 - f1 0.0000 
INFO:root:TEST batch 6 / 7 - measures partial for class 1 - precision 0.8030 - recall 1.0000 - f1 0.8908 
INFO:root:TEST batch 6 / 7 - Batch time 0 
INFO:root:TEST batch 7 / 7 - partial error 0.1811 - partial loss 0.7927 - partial MRR  0.0000 - partial MAP 0.9407
INFO:root:TEST batch 7 / 7 -  partial tp {0: tensor(0), 1: tensor(162)},fn {0: tensor(36), 1: tensor(0)},fp {0: tensor(0), 1: tensor(36)}
INFO:root:TEST batch 7 / 7 - measures partial microavg - precision 0.8182 - recall 0.8182 - f1 0.8182 
INFO:root:TEST batch 7 / 7 - measures partial for class 0 - precision 0.0000 - recall 0.0000 - f1 0.0000 
INFO:root:TEST batch 7 / 7 - measures partial for class 1 - precision 0.8182 - recall 1.0000 - f1 0.9000 
INFO:root:TEST batch 7 / 7 - Batch time 0 
INFO:root:TEST mean losses tensor(0.7927)
INFO:root:TEST mean errors 0.18109668791294098
INFO:root:TEST mean MRR 0.0 - mean MAP 0.9407086372375488
INFO:root:TEST tp {0: tensor(0), 1: tensor(1135)},fn {0: tensor(251), 1: tensor(0)},fp {0: tensor(0), 1: tensor(251)}
INFO:root:TEST measures microavg - precision 0.8189 - recall 0.8189 - f1 0.8189 
INFO:root:TEST measures for class 0 - precision 0.0000 - recall 0.0000 - f1 0.0000 
INFO:root:TEST measures for class 1 - precision 0.8189 - recall 1.0000 - f1 0.9004 
INFO:root:TEST measures@10 microavg - precision 0.9571 - recall 0.0483 - f1 0.0920 
INFO:root:TEST measures@10 for class 0 - precision 0.0000 - recall 0.0000 - f1 0.0000 
INFO:root:TEST measures@10 for class 1 - precision 0.9571 - recall 0.0590 - f1 0.1112 
INFO:root:TEST measures@100 microavg - precision 0.8344 - recall 0.4726 - f1 0.6034 
INFO:root:TEST measures@100 for class 0 - precision 0.4118 - recall 0.1394 - f1 0.2083 
INFO:root:TEST measures@100 for class 1 - precision 0.8857 - recall 0.5463 - f1 0.6757 
INFO:root:TEST measures@1000 microavg - precision 0.6616 - recall 0.6616 - f1 0.6616 
INFO:root:TEST measures@1000 for class 0 - precision 0.2302 - recall 0.3705 - f1 0.2840 
INFO:root:TEST measures@1000 for class 1 - precision 0.8391 - recall 0.7260 - f1 0.7785 
INFO:root:TEST Total epoch time: 0.17153067199978977
INFO:root:################ TRAIN epoch 37 ###################
INFO:root:TRAIN mean losses tensor(0.7428)
INFO:root:TRAIN mean errors 0.17491582036018372
INFO:root:TRAIN mean MRR 0.0 - mean MAP 0.9506382942199707
INFO:root:TRAIN tp {0: tensor(0), 1: tensor(4901)},fn {0: tensor(1038), 1: tensor(1)},fp {0: tensor(1), 1: tensor(1038)}
INFO:root:TRAIN measures microavg - precision 0.8251 - recall 0.8251 - f1 0.8251 
INFO:root:TRAIN measures for class 0 - precision 0.0000 - recall 0.0000 - f1 0.0000 
INFO:root:TRAIN measures for class 1 - precision 0.8252 - recall 0.9998 - f1 0.9042 
INFO:root:TRAIN measures@10 microavg - precision 0.9867 - recall 0.0498 - f1 0.0949 
INFO:root:TRAIN measures@10 for class 0 - precision 0.0000 - recall 0.0000 - f1 0.0000 
INFO:root:TRAIN measures@10 for class 1 - precision 0.9867 - recall 0.0604 - f1 0.1138 
INFO:root:TRAIN measures@100 microavg - precision 0.8689 - recall 0.4742 - f1 0.6136 
INFO:root:TRAIN measures@100 for class 0 - precision 0.4587 - recall 0.1069 - f1 0.1734 
INFO:root:TRAIN measures@100 for class 1 - precision 0.9020 - recall 0.5520 - f1 0.6849 
INFO:root:TRAIN measures@1000 microavg - precision 0.7150 - recall 0.7150 - f1 0.7150 
INFO:root:TRAIN measures@1000 for class 0 - precision 0.2382 - recall 0.2871 - f1 0.2604 
INFO:root:TRAIN measures@1000 for class 1 - precision 0.8422 - recall 0.8056 - f1 0.8235 
INFO:root:TRAIN Total epoch time: 1.4668986790002236
INFO:root:################ VALID epoch 37 ###################
INFO:root:VALID mean losses tensor(0.7428)
INFO:root:VALID mean errors 0.17255891859531403
INFO:root:VALID mean MRR 0.0 - mean MAP 0.9500399231910706
INFO:root:VALID tp {0: tensor(0), 1: tensor(983)},fn {0: tensor(205), 1: tensor(0)},fp {0: tensor(0), 1: tensor(205)}
INFO:root:VALID measures microavg - precision 0.8274 - recall 0.8274 - f1 0.8274 
INFO:root:VALID measures for class 0 - precision 0.0000 - recall 0.0000 - f1 0.0000 
INFO:root:VALID measures for class 1 - precision 0.8274 - recall 1.0000 - f1 0.9056 
INFO:root:VALID measures@10 microavg - precision 0.9667 - recall 0.0488 - f1 0.0929 
INFO:root:VALID measures@10 for class 0 - precision 0.0000 - recall 0.0000 - f1 0.0000 
INFO:root:VALID measures@10 for class 1 - precision 0.9667 - recall 0.0590 - f1 0.1112 
INFO:root:VALID measures@100 microavg - precision 0.8760 - recall 0.4697 - f1 0.6115 
INFO:root:VALID measures@100 for class 0 - precision 0.3784 - recall 0.0683 - f1 0.1157 
INFO:root:VALID measures@100 for class 1 - precision 0.9067 - recall 0.5534 - f1 0.6873 
INFO:root:VALID measures@1000 microavg - precision 0.7348 - recall 0.7348 - f1 0.7348 
INFO:root:VALID measures@1000 for class 0 - precision 0.2250 - recall 0.2195 - f1 0.2222 
INFO:root:VALID measures@1000 for class 1 - precision 0.8381 - recall 0.8423 - f1 0.8402 
INFO:root:VALID Total epoch time: 0.1297582560000592
INFO:root:################ TEST epoch 37 ###################
INFO:root:TEST batch 1 / 7 - partial error 0.1919 - partial loss 0.8605 - partial MRR  0.0000 - partial MAP 0.9275
INFO:root:TEST batch 1 / 7 -  partial tp {0: tensor(0), 1: tensor(160)},fn {0: tensor(38), 1: tensor(0)},fp {0: tensor(0), 1: tensor(38)}
INFO:root:TEST batch 1 / 7 - measures partial microavg - precision 0.8081 - recall 0.8081 - f1 0.8081 
INFO:root:TEST batch 1 / 7 - measures partial for class 0 - precision 0.0000 - recall 0.0000 - f1 0.0000 
INFO:root:TEST batch 1 / 7 - measures partial for class 1 - precision 0.8081 - recall 1.0000 - f1 0.8939 
INFO:root:TEST batch 1 / 7 - Batch time 0 
INFO:root:TEST batch 2 / 7 - partial error 0.1843 - partial loss 0.8031 - partial MRR  0.0000 - partial MAP 0.9404
INFO:root:TEST batch 2 / 7 -  partial tp {0: tensor(0), 1: tensor(163)},fn {0: tensor(35), 1: tensor(0)},fp {0: tensor(0), 1: tensor(35)}
INFO:root:TEST batch 2 / 7 - measures partial microavg - precision 0.8232 - recall 0.8232 - f1 0.8232 
INFO:root:TEST batch 2 / 7 - measures partial for class 0 - precision 0.0000 - recall 0.0000 - f1 0.0000 
INFO:root:TEST batch 2 / 7 - measures partial for class 1 - precision 0.8232 - recall 1.0000 - f1 0.9030 
INFO:root:TEST batch 2 / 7 - Batch time 0 
INFO:root:TEST batch 3 / 7 - partial error 0.1801 - partial loss 0.7721 - partial MRR  0.0000 - partial MAP 0.9492
INFO:root:TEST batch 3 / 7 -  partial tp {0: tensor(0), 1: tensor(164)},fn {0: tensor(34), 1: tensor(0)},fp {0: tensor(0), 1: tensor(34)}
INFO:root:TEST batch 3 / 7 - measures partial microavg - precision 0.8283 - recall 0.8283 - f1 0.8283 
INFO:root:TEST batch 3 / 7 - measures partial for class 0 - precision 0.0000 - recall 0.0000 - f1 0.0000 
INFO:root:TEST batch 3 / 7 - measures partial for class 1 - precision 0.8283 - recall 1.0000 - f1 0.9061 
INFO:root:TEST batch 3 / 7 - Batch time 0 
INFO:root:TEST batch 4 / 7 - partial error 0.1768 - partial loss 0.7832 - partial MRR  0.0000 - partial MAP 0.9444
INFO:root:TEST batch 4 / 7 -  partial tp {0: tensor(0), 1: tensor(165)},fn {0: tensor(33), 1: tensor(0)},fp {0: tensor(0), 1: tensor(33)}
INFO:root:TEST batch 4 / 7 - measures partial microavg - precision 0.8333 - recall 0.8333 - f1 0.8333 
INFO:root:TEST batch 4 / 7 - measures partial for class 0 - precision 0.0000 - recall 0.0000 - f1 0.0000 
INFO:root:TEST batch 4 / 7 - measures partial for class 1 - precision 0.8333 - recall 1.0000 - f1 0.9091 
INFO:root:TEST batch 4 / 7 - Batch time 0 
INFO:root:TEST batch 5 / 7 - partial error 0.1778 - partial loss 0.7851 - partial MRR  0.0000 - partial MAP 0.9424
INFO:root:TEST batch 5 / 7 -  partial tp {0: tensor(0), 1: tensor(162)},fn {0: tensor(36), 1: tensor(0)},fp {0: tensor(0), 1: tensor(36)}
INFO:root:TEST batch 5 / 7 - measures partial microavg - precision 0.8182 - recall 0.8182 - f1 0.8182 
INFO:root:TEST batch 5 / 7 - measures partial for class 0 - precision 0.0000 - recall 0.0000 - f1 0.0000 
INFO:root:TEST batch 5 / 7 - measures partial for class 1 - precision 0.8182 - recall 1.0000 - f1 0.9000 
INFO:root:TEST batch 5 / 7 - Batch time 0 
INFO:root:TEST batch 6 / 7 - partial error 0.1810 - partial loss 0.7966 - partial MRR  0.0000 - partial MAP 0.9399
INFO:root:TEST batch 6 / 7 -  partial tp {0: tensor(0), 1: tensor(159)},fn {0: tensor(39), 1: tensor(0)},fp {0: tensor(0), 1: tensor(39)}
INFO:root:TEST batch 6 / 7 - measures partial microavg - precision 0.8030 - recall 0.8030 - f1 0.8030 
INFO:root:TEST batch 6 / 7 - measures partial for class 0 - precision 0.0000 - recall 0.0000 - f1 0.0000 
INFO:root:TEST batch 6 / 7 - measures partial for class 1 - precision 0.8030 - recall 1.0000 - f1 0.8908 
INFO:root:TEST batch 6 / 7 - Batch time 0 
INFO:root:TEST batch 7 / 7 - partial error 0.1811 - partial loss 0.7963 - partial MRR  0.0000 - partial MAP 0.9406
INFO:root:TEST batch 7 / 7 -  partial tp {0: tensor(0), 1: tensor(162)},fn {0: tensor(36), 1: tensor(0)},fp {0: tensor(0), 1: tensor(36)}
INFO:root:TEST batch 7 / 7 - measures partial microavg - precision 0.8182 - recall 0.8182 - f1 0.8182 
INFO:root:TEST batch 7 / 7 - measures partial for class 0 - precision 0.0000 - recall 0.0000 - f1 0.0000 
INFO:root:TEST batch 7 / 7 - measures partial for class 1 - precision 0.8182 - recall 1.0000 - f1 0.9000 
INFO:root:TEST batch 7 / 7 - Batch time 0 
INFO:root:TEST mean losses tensor(0.7963)
INFO:root:TEST mean errors 0.18109668791294098
INFO:root:TEST mean MRR 0.0 - mean MAP 0.9406102299690247
INFO:root:TEST tp {0: tensor(0), 1: tensor(1135)},fn {0: tensor(251), 1: tensor(0)},fp {0: tensor(0), 1: tensor(251)}
INFO:root:TEST measures microavg - precision 0.8189 - recall 0.8189 - f1 0.8189 
INFO:root:TEST measures for class 0 - precision 0.0000 - recall 0.0000 - f1 0.0000 
INFO:root:TEST measures for class 1 - precision 0.8189 - recall 1.0000 - f1 0.9004 
INFO:root:TEST measures@10 microavg - precision 0.9429 - recall 0.0476 - f1 0.0907 
INFO:root:TEST measures@10 for class 0 - precision 0.0000 - recall 0.0000 - f1 0.0000 
INFO:root:TEST measures@10 for class 1 - precision 0.9429 - recall 0.0581 - f1 0.1095 
INFO:root:TEST measures@100 microavg - precision 0.8626 - recall 0.4574 - f1 0.5978 
INFO:root:TEST measures@100 for class 0 - precision 0.4000 - recall 0.0558 - f1 0.0979 
INFO:root:TEST measures@100 for class 1 - precision 0.8857 - recall 0.5463 - f1 0.6757 
INFO:root:TEST measures@1000 microavg - precision 0.7547 - recall 0.7547 - f1 0.7547 
INFO:root:TEST measures@1000 for class 0 - precision 0.2670 - recall 0.2032 - f1 0.2308 
INFO:root:TEST measures@1000 for class 1 - precision 0.8326 - recall 0.8767 - f1 0.8541 
INFO:root:TEST Total epoch time: 0.1690273710000838
INFO:root:################ TRAIN epoch 38 ###################
INFO:root:TRAIN mean losses tensor(0.7356)
INFO:root:TRAIN mean errors 0.17474748194217682
INFO:root:TRAIN mean MRR 0.0 - mean MAP 0.9527948498725891
INFO:root:TRAIN tp {0: tensor(0), 1: tensor(4902)},fn {0: tensor(1038), 1: tensor(0)},fp {0: tensor(0), 1: tensor(1038)}
INFO:root:TRAIN measures microavg - precision 0.8253 - recall 0.8253 - f1 0.8253 
INFO:root:TRAIN measures for class 0 - precision 0.0000 - recall 0.0000 - f1 0.0000 
INFO:root:TRAIN measures for class 1 - precision 0.8253 - recall 1.0000 - f1 0.9043 
INFO:root:TRAIN measures@10 microavg - precision 0.9834 - recall 0.0498 - f1 0.0949 
INFO:root:TRAIN measures@10 for class 0 - precision 0.0000 - recall 0.0000 - f1 0.0000 
INFO:root:TRAIN measures@10 for class 1 - precision 0.9867 - recall 0.0604 - f1 0.1138 
INFO:root:TRAIN measures@100 microavg - precision 0.8806 - recall 0.4744 - f1 0.6166 
INFO:root:TRAIN measures@100 for class 0 - precision 0.5100 - recall 0.0983 - f1 0.1648 
INFO:root:TRAIN measures@100 for class 1 - precision 0.9053 - recall 0.5541 - f1 0.6874 
INFO:root:TRAIN measures@1000 microavg - precision 0.7322 - recall 0.7322 - f1 0.7322 
INFO:root:TRAIN measures@1000 for class 0 - precision 0.2466 - recall 0.2592 - f1 0.2527 
INFO:root:TRAIN measures@1000 for class 1 - precision 0.8414 - recall 0.8323 - f1 0.8368 
INFO:root:TRAIN Total epoch time: 0.6745395319999261
INFO:root:################ VALID epoch 38 ###################
INFO:root:VALID mean losses tensor(0.7391)
INFO:root:VALID mean errors 0.17255891859531403
INFO:root:VALID mean MRR 0.0 - mean MAP 0.9491511583328247
INFO:root:VALID tp {0: tensor(0), 1: tensor(983)},fn {0: tensor(205), 1: tensor(0)},fp {0: tensor(0), 1: tensor(205)}
INFO:root:VALID measures microavg - precision 0.8274 - recall 0.8274 - f1 0.8274 
INFO:root:VALID measures for class 0 - precision 0.0000 - recall 0.0000 - f1 0.0000 
INFO:root:VALID measures for class 1 - precision 0.8274 - recall 1.0000 - f1 0.9056 
INFO:root:VALID measures@10 microavg - precision 0.9667 - recall 0.0488 - f1 0.0929 
INFO:root:VALID measures@10 for class 0 - precision 0.0000 - recall 0.0000 - f1 0.0000 
INFO:root:VALID measures@10 for class 1 - precision 0.9667 - recall 0.0590 - f1 0.1112 
INFO:root:VALID measures@100 microavg - precision 0.8938 - recall 0.4747 - f1 0.6201 
INFO:root:VALID measures@100 for class 0 - precision 0.4839 - recall 0.0732 - f1 0.1271 
INFO:root:VALID measures@100 for class 1 - precision 0.9150 - recall 0.5585 - f1 0.6936 
INFO:root:VALID measures@1000 microavg - precision 0.7525 - recall 0.7525 - f1 0.7525 
INFO:root:VALID measures@1000 for class 0 - precision 0.2201 - recall 0.1707 - f1 0.1923 
INFO:root:VALID measures@1000 for class 1 - precision 0.8348 - recall 0.8739 - f1 0.8539 
INFO:root:VALID Total epoch time: 0.06684650699980921
INFO:root:################ TEST epoch 38 ###################
INFO:root:TEST batch 1 / 7 - partial error 0.1919 - partial loss 0.8209 - partial MRR  0.0000 - partial MAP 0.9360
INFO:root:TEST batch 1 / 7 -  partial tp {0: tensor(0), 1: tensor(160)},fn {0: tensor(38), 1: tensor(0)},fp {0: tensor(0), 1: tensor(38)}
INFO:root:TEST batch 1 / 7 - measures partial microavg - precision 0.8081 - recall 0.8081 - f1 0.8081 
INFO:root:TEST batch 1 / 7 - measures partial for class 0 - precision 0.0000 - recall 0.0000 - f1 0.0000 
INFO:root:TEST batch 1 / 7 - measures partial for class 1 - precision 0.8081 - recall 1.0000 - f1 0.8939 
INFO:root:TEST batch 1 / 7 - Batch time 0 
INFO:root:TEST batch 2 / 7 - partial error 0.1843 - partial loss 0.7940 - partial MRR  0.0000 - partial MAP 0.9412
INFO:root:TEST batch 2 / 7 -  partial tp {0: tensor(0), 1: tensor(163)},fn {0: tensor(35), 1: tensor(0)},fp {0: tensor(0), 1: tensor(35)}
INFO:root:TEST batch 2 / 7 - measures partial microavg - precision 0.8232 - recall 0.8232 - f1 0.8232 
INFO:root:TEST batch 2 / 7 - measures partial for class 0 - precision 0.0000 - recall 0.0000 - f1 0.0000 
INFO:root:TEST batch 2 / 7 - measures partial for class 1 - precision 0.8232 - recall 1.0000 - f1 0.9030 
INFO:root:TEST batch 2 / 7 - Batch time 0 
INFO:root:TEST batch 3 / 7 - partial error 0.1801 - partial loss 0.7744 - partial MRR  0.0000 - partial MAP 0.9444
INFO:root:TEST batch 3 / 7 -  partial tp {0: tensor(0), 1: tensor(164)},fn {0: tensor(34), 1: tensor(0)},fp {0: tensor(0), 1: tensor(34)}
INFO:root:TEST batch 3 / 7 - measures partial microavg - precision 0.8283 - recall 0.8283 - f1 0.8283 
INFO:root:TEST batch 3 / 7 - measures partial for class 0 - precision 0.0000 - recall 0.0000 - f1 0.0000 
INFO:root:TEST batch 3 / 7 - measures partial for class 1 - precision 0.8283 - recall 1.0000 - f1 0.9061 
INFO:root:TEST batch 3 / 7 - Batch time 0 
INFO:root:TEST batch 4 / 7 - partial error 0.1768 - partial loss 0.7764 - partial MRR  0.0000 - partial MAP 0.9412
INFO:root:TEST batch 4 / 7 -  partial tp {0: tensor(0), 1: tensor(165)},fn {0: tensor(33), 1: tensor(0)},fp {0: tensor(0), 1: tensor(33)}
INFO:root:TEST batch 4 / 7 - measures partial microavg - precision 0.8333 - recall 0.8333 - f1 0.8333 
INFO:root:TEST batch 4 / 7 - measures partial for class 0 - precision 0.0000 - recall 0.0000 - f1 0.0000 
INFO:root:TEST batch 4 / 7 - measures partial for class 1 - precision 0.8333 - recall 1.0000 - f1 0.9091 
INFO:root:TEST batch 4 / 7 - Batch time 0 
INFO:root:TEST batch 5 / 7 - partial error 0.1778 - partial loss 0.7640 - partial MRR  0.0000 - partial MAP 0.9443
INFO:root:TEST batch 5 / 7 -  partial tp {0: tensor(0), 1: tensor(162)},fn {0: tensor(36), 1: tensor(0)},fp {0: tensor(0), 1: tensor(36)}
INFO:root:TEST batch 5 / 7 - measures partial microavg - precision 0.8182 - recall 0.8182 - f1 0.8182 
INFO:root:TEST batch 5 / 7 - measures partial for class 0 - precision 0.0000 - recall 0.0000 - f1 0.0000 
INFO:root:TEST batch 5 / 7 - measures partial for class 1 - precision 0.8182 - recall 1.0000 - f1 0.9000 
INFO:root:TEST batch 5 / 7 - Batch time 0 
INFO:root:TEST batch 6 / 7 - partial error 0.1810 - partial loss 0.7718 - partial MRR  0.0000 - partial MAP 0.9435
INFO:root:TEST batch 6 / 7 -  partial tp {0: tensor(0), 1: tensor(159)},fn {0: tensor(39), 1: tensor(0)},fp {0: tensor(0), 1: tensor(39)}
INFO:root:TEST batch 6 / 7 - measures partial microavg - precision 0.8030 - recall 0.8030 - f1 0.8030 
INFO:root:TEST batch 6 / 7 - measures partial for class 0 - precision 0.0000 - recall 0.0000 - f1 0.0000 
INFO:root:TEST batch 6 / 7 - measures partial for class 1 - precision 0.8030 - recall 1.0000 - f1 0.8908 
INFO:root:TEST batch 6 / 7 - Batch time 0 
INFO:root:TEST batch 7 / 7 - partial error 0.1811 - partial loss 0.7748 - partial MRR  0.0000 - partial MAP 0.9445
INFO:root:TEST batch 7 / 7 -  partial tp {0: tensor(0), 1: tensor(162)},fn {0: tensor(36), 1: tensor(0)},fp {0: tensor(0), 1: tensor(36)}
INFO:root:TEST batch 7 / 7 - measures partial microavg - precision 0.8182 - recall 0.8182 - f1 0.8182 
INFO:root:TEST batch 7 / 7 - measures partial for class 0 - precision 0.0000 - recall 0.0000 - f1 0.0000 
INFO:root:TEST batch 7 / 7 - measures partial for class 1 - precision 0.8182 - recall 1.0000 - f1 0.9000 
INFO:root:TEST batch 7 / 7 - Batch time 0 
INFO:root:TEST mean losses tensor(0.7748)
INFO:root:TEST mean errors 0.18109668791294098
INFO:root:TEST mean MRR 0.0 - mean MAP 0.944537878036499
INFO:root:TEST tp {0: tensor(0), 1: tensor(1135)},fn {0: tensor(251), 1: tensor(0)},fp {0: tensor(0), 1: tensor(251)}
INFO:root:TEST measures microavg - precision 0.8189 - recall 0.8189 - f1 0.8189 
INFO:root:TEST measures for class 0 - precision 0.0000 - recall 0.0000 - f1 0.0000 
INFO:root:TEST measures for class 1 - precision 0.8189 - recall 1.0000 - f1 0.9004 
INFO:root:TEST measures@10 microavg - precision 0.9571 - recall 0.0483 - f1 0.0920 
INFO:root:TEST measures@10 for class 0 - precision 0.0000 - recall 0.0000 - f1 0.0000 
INFO:root:TEST measures@10 for class 1 - precision 0.9571 - recall 0.0590 - f1 0.1112 
INFO:root:TEST measures@100 microavg - precision 0.8331 - recall 0.4683 - f1 0.5995 
INFO:root:TEST measures@100 for class 0 - precision 0.4557 - recall 0.1434 - f1 0.2182 
INFO:root:TEST measures@100 for class 1 - precision 0.8757 - recall 0.5401 - f1 0.6681 
INFO:root:TEST measures@1000 microavg - precision 0.6645 - recall 0.6645 - f1 0.6645 
INFO:root:TEST measures@1000 for class 0 - precision 0.2060 - recall 0.2988 - f1 0.2439 
INFO:root:TEST measures@1000 for class 1 - precision 0.8278 - recall 0.7454 - f1 0.7844 
INFO:root:TEST Total epoch time: 0.08859507299985125
INFO:root:################ TRAIN epoch 39 ###################
INFO:root:TRAIN mean losses tensor(0.7322)
INFO:root:TRAIN mean errors 0.17474748194217682
INFO:root:TRAIN mean MRR 0.0 - mean MAP 0.952969491481781
INFO:root:TRAIN tp {0: tensor(0), 1: tensor(4902)},fn {0: tensor(1038), 1: tensor(0)},fp {0: tensor(0), 1: tensor(1038)}
INFO:root:TRAIN measures microavg - precision 0.8253 - recall 0.8253 - f1 0.8253 
INFO:root:TRAIN measures for class 0 - precision 0.0000 - recall 0.0000 - f1 0.0000 
INFO:root:TRAIN measures for class 1 - precision 0.8253 - recall 1.0000 - f1 0.9043 
INFO:root:TRAIN measures@10 microavg - precision 0.9867 - recall 0.0500 - f1 0.0952 
INFO:root:TRAIN measures@10 for class 0 - precision 1.0000 - recall 0.0010 - f1 0.0019 
INFO:root:TRAIN measures@10 for class 1 - precision 0.9867 - recall 0.0604 - f1 0.1138 
INFO:root:TRAIN measures@100 microavg - precision 0.8607 - recall 0.4805 - f1 0.6167 
INFO:root:TRAIN measures@100 for class 0 - precision 0.4874 - recall 0.1493 - f1 0.2286 
INFO:root:TRAIN measures@100 for class 1 - precision 0.9003 - recall 0.5506 - f1 0.6833 
INFO:root:TRAIN measures@1000 microavg - precision 0.6879 - recall 0.6879 - f1 0.6879 
INFO:root:TRAIN measures@1000 for class 0 - precision 0.2316 - recall 0.3391 - f1 0.2752 
INFO:root:TRAIN measures@1000 for class 1 - precision 0.8448 - recall 0.7617 - f1 0.8011 
INFO:root:TRAIN Total epoch time: 0.5765592299999298
INFO:root:################ VALID epoch 39 ###################
INFO:root:VALID mean losses tensor(0.7630)
INFO:root:VALID mean errors 0.17255891859531403
INFO:root:VALID mean MRR 0.0 - mean MAP 0.949688732624054
INFO:root:VALID tp {0: tensor(0), 1: tensor(983)},fn {0: tensor(205), 1: tensor(0)},fp {0: tensor(0), 1: tensor(205)}
INFO:root:VALID measures microavg - precision 0.8274 - recall 0.8274 - f1 0.8274 
INFO:root:VALID measures for class 0 - precision 0.0000 - recall 0.0000 - f1 0.0000 
INFO:root:VALID measures for class 1 - precision 0.8274 - recall 1.0000 - f1 0.9056 
INFO:root:VALID measures@10 microavg - precision 0.9833 - recall 0.0497 - f1 0.0946 
INFO:root:VALID measures@10 for class 0 - precision 0.0000 - recall 0.0000 - f1 0.0000 
INFO:root:VALID measures@10 for class 1 - precision 0.9833 - recall 0.0600 - f1 0.1131 
INFO:root:VALID measures@100 microavg - precision 0.8785 - recall 0.4806 - f1 0.6213 
INFO:root:VALID measures@100 for class 0 - precision 0.5000 - recall 0.1220 - f1 0.1961 
INFO:root:VALID measures@100 for class 1 - precision 0.9100 - recall 0.5554 - f1 0.6898 
INFO:root:VALID measures@1000 microavg - precision 0.7281 - recall 0.7281 - f1 0.7281 
INFO:root:VALID measures@1000 for class 0 - precision 0.2389 - recall 0.2634 - f1 0.2506 
INFO:root:VALID measures@1000 for class 1 - precision 0.8430 - recall 0.8250 - f1 0.8339 
INFO:root:VALID Total epoch time: 0.06739667199963151
INFO:root:################ TEST epoch 39 ###################
INFO:root:TEST batch 1 / 7 - partial error 0.1919 - partial loss 0.8200 - partial MRR  0.0000 - partial MAP 0.9325
INFO:root:TEST batch 1 / 7 -  partial tp {0: tensor(0), 1: tensor(160)},fn {0: tensor(38), 1: tensor(0)},fp {0: tensor(0), 1: tensor(38)}
INFO:root:TEST batch 1 / 7 - measures partial microavg - precision 0.8081 - recall 0.8081 - f1 0.8081 
INFO:root:TEST batch 1 / 7 - measures partial for class 0 - precision 0.0000 - recall 0.0000 - f1 0.0000 
INFO:root:TEST batch 1 / 7 - measures partial for class 1 - precision 0.8081 - recall 1.0000 - f1 0.8939 
INFO:root:TEST batch 1 / 7 - Batch time 0 
INFO:root:TEST batch 2 / 7 - partial error 0.1843 - partial loss 0.7802 - partial MRR  0.0000 - partial MAP 0.9455
INFO:root:TEST batch 2 / 7 -  partial tp {0: tensor(0), 1: tensor(163)},fn {0: tensor(35), 1: tensor(0)},fp {0: tensor(0), 1: tensor(35)}
INFO:root:TEST batch 2 / 7 - measures partial microavg - precision 0.8232 - recall 0.8232 - f1 0.8232 
INFO:root:TEST batch 2 / 7 - measures partial for class 0 - precision 0.0000 - recall 0.0000 - f1 0.0000 
INFO:root:TEST batch 2 / 7 - measures partial for class 1 - precision 0.8232 - recall 1.0000 - f1 0.9030 
INFO:root:TEST batch 2 / 7 - Batch time 0 
INFO:root:TEST batch 3 / 7 - partial error 0.1801 - partial loss 0.7627 - partial MRR  0.0000 - partial MAP 0.9469
INFO:root:TEST batch 3 / 7 -  partial tp {0: tensor(0), 1: tensor(164)},fn {0: tensor(34), 1: tensor(0)},fp {0: tensor(0), 1: tensor(34)}
INFO:root:TEST batch 3 / 7 - measures partial microavg - precision 0.8283 - recall 0.8283 - f1 0.8283 
INFO:root:TEST batch 3 / 7 - measures partial for class 0 - precision 0.0000 - recall 0.0000 - f1 0.0000 
INFO:root:TEST batch 3 / 7 - measures partial for class 1 - precision 0.8283 - recall 1.0000 - f1 0.9061 
INFO:root:TEST batch 3 / 7 - Batch time 0 
INFO:root:TEST batch 4 / 7 - partial error 0.1768 - partial loss 0.7687 - partial MRR  0.0000 - partial MAP 0.9431
INFO:root:TEST batch 4 / 7 -  partial tp {0: tensor(0), 1: tensor(165)},fn {0: tensor(33), 1: tensor(0)},fp {0: tensor(0), 1: tensor(33)}
INFO:root:TEST batch 4 / 7 - measures partial microavg - precision 0.8333 - recall 0.8333 - f1 0.8333 
INFO:root:TEST batch 4 / 7 - measures partial for class 0 - precision 0.0000 - recall 0.0000 - f1 0.0000 
INFO:root:TEST batch 4 / 7 - measures partial for class 1 - precision 0.8333 - recall 1.0000 - f1 0.9091 
INFO:root:TEST batch 4 / 7 - Batch time 0 
INFO:root:TEST batch 5 / 7 - partial error 0.1778 - partial loss 0.7700 - partial MRR  0.0000 - partial MAP 0.9422
INFO:root:TEST batch 5 / 7 -  partial tp {0: tensor(0), 1: tensor(162)},fn {0: tensor(36), 1: tensor(0)},fp {0: tensor(0), 1: tensor(36)}
INFO:root:TEST batch 5 / 7 - measures partial microavg - precision 0.8182 - recall 0.8182 - f1 0.8182 
INFO:root:TEST batch 5 / 7 - measures partial for class 0 - precision 0.0000 - recall 0.0000 - f1 0.0000 
INFO:root:TEST batch 5 / 7 - measures partial for class 1 - precision 0.8182 - recall 1.0000 - f1 0.9000 
INFO:root:TEST batch 5 / 7 - Batch time 0 
INFO:root:TEST batch 6 / 7 - partial error 0.1810 - partial loss 0.7840 - partial MRR  0.0000 - partial MAP 0.9397
INFO:root:TEST batch 6 / 7 -  partial tp {0: tensor(0), 1: tensor(159)},fn {0: tensor(39), 1: tensor(0)},fp {0: tensor(0), 1: tensor(39)}
INFO:root:TEST batch 6 / 7 - measures partial microavg - precision 0.8030 - recall 0.8030 - f1 0.8030 
INFO:root:TEST batch 6 / 7 - measures partial for class 0 - precision 0.0000 - recall 0.0000 - f1 0.0000 
INFO:root:TEST batch 6 / 7 - measures partial for class 1 - precision 0.8030 - recall 1.0000 - f1 0.8908 
INFO:root:TEST batch 6 / 7 - Batch time 0 
INFO:root:TEST batch 7 / 7 - partial error 0.1811 - partial loss 0.7888 - partial MRR  0.0000 - partial MAP 0.9379
INFO:root:TEST batch 7 / 7 -  partial tp {0: tensor(0), 1: tensor(162)},fn {0: tensor(36), 1: tensor(0)},fp {0: tensor(0), 1: tensor(36)}
INFO:root:TEST batch 7 / 7 - measures partial microavg - precision 0.8182 - recall 0.8182 - f1 0.8182 
INFO:root:TEST batch 7 / 7 - measures partial for class 0 - precision 0.0000 - recall 0.0000 - f1 0.0000 
INFO:root:TEST batch 7 / 7 - measures partial for class 1 - precision 0.8182 - recall 1.0000 - f1 0.9000 
INFO:root:TEST batch 7 / 7 - Batch time 0 
INFO:root:TEST mean losses tensor(0.7888)
INFO:root:TEST mean errors 0.18109668791294098
INFO:root:TEST mean MRR 0.0 - mean MAP 0.9379189014434814
INFO:root:TEST tp {0: tensor(0), 1: tensor(1135)},fn {0: tensor(251), 1: tensor(0)},fp {0: tensor(0), 1: tensor(251)}
INFO:root:TEST measures microavg - precision 0.8189 - recall 0.8189 - f1 0.8189 
INFO:root:TEST measures for class 0 - precision 0.0000 - recall 0.0000 - f1 0.0000 
INFO:root:TEST measures for class 1 - precision 0.8189 - recall 1.0000 - f1 0.9004 
INFO:root:TEST measures@10 microavg - precision 0.9437 - recall 0.0483 - f1 0.0920 
INFO:root:TEST measures@10 for class 0 - precision 0.0000 - recall 0.0000 - f1 0.0000 
INFO:root:TEST measures@10 for class 1 - precision 0.9571 - recall 0.0590 - f1 0.1112 
INFO:root:TEST measures@100 microavg - precision 0.8202 - recall 0.4639 - f1 0.5926 
INFO:root:TEST measures@100 for class 0 - precision 0.4419 - recall 0.1514 - f1 0.2255 
INFO:root:TEST measures@100 for class 1 - precision 0.8668 - recall 0.5330 - f1 0.6601 
INFO:root:TEST measures@1000 microavg - precision 0.6580 - recall 0.6580 - f1 0.6580 
INFO:root:TEST measures@1000 for class 0 - precision 0.2134 - recall 0.3307 - f1 0.2594 
INFO:root:TEST measures@1000 for class 1 - precision 0.8315 - recall 0.7304 - f1 0.7777 
INFO:root:TEST Total epoch time: 0.08648563600036141
INFO:root:################ TRAIN epoch 40 ###################
INFO:root:TRAIN mean losses tensor(0.7439)
INFO:root:TRAIN mean errors 0.17457912862300873
INFO:root:TRAIN mean MRR 0.0 - mean MAP 0.9524825215339661
INFO:root:TRAIN tp {0: tensor(1), 1: tensor(4902)},fn {0: tensor(1037), 1: tensor(0)},fp {0: tensor(0), 1: tensor(1037)}
INFO:root:TRAIN measures microavg - precision 0.8254 - recall 0.8254 - f1 0.8254 
INFO:root:TRAIN measures for class 0 - precision 1.0000 - recall 0.0010 - f1 0.0019 
INFO:root:TRAIN measures for class 1 - precision 0.8254 - recall 1.0000 - f1 0.9043 
INFO:root:TRAIN measures@10 microavg - precision 0.9833 - recall 0.0497 - f1 0.0946 
INFO:root:TRAIN measures@10 for class 0 - precision 0.0000 - recall 0.0000 - f1 0.0000 
INFO:root:TRAIN measures@10 for class 1 - precision 0.9833 - recall 0.0602 - f1 0.1134 
INFO:root:TRAIN measures@100 microavg - precision 0.8662 - recall 0.4741 - f1 0.6128 
INFO:root:TRAIN measures@100 for class 0 - precision 0.4661 - recall 0.1127 - f1 0.1815 
INFO:root:TRAIN measures@100 for class 1 - precision 0.8997 - recall 0.5506 - f1 0.6831 
INFO:root:TRAIN measures@1000 microavg - precision 0.7189 - recall 0.7189 - f1 0.7189 
INFO:root:TRAIN measures@1000 for class 0 - precision 0.2362 - recall 0.2726 - f1 0.2531 
INFO:root:TRAIN measures@1000 for class 1 - precision 0.8408 - recall 0.8133 - f1 0.8268 
INFO:root:TRAIN Total epoch time: 0.5762625950001166
INFO:root:################ VALID epoch 40 ###################
INFO:root:VALID mean losses tensor(0.7252)
INFO:root:VALID mean errors 0.17255891859531403
INFO:root:VALID mean MRR 0.0 - mean MAP 0.9552090167999268
INFO:root:VALID tp {0: tensor(0), 1: tensor(983)},fn {0: tensor(205), 1: tensor(0)},fp {0: tensor(0), 1: tensor(205)}
INFO:root:VALID measures microavg - precision 0.8274 - recall 0.8274 - f1 0.8274 
INFO:root:VALID measures for class 0 - precision 0.0000 - recall 0.0000 - f1 0.0000 
INFO:root:VALID measures for class 1 - precision 0.8274 - recall 1.0000 - f1 0.9056 
INFO:root:VALID measures@10 microavg - precision 0.9667 - recall 0.0488 - f1 0.0929 
INFO:root:VALID measures@10 for class 0 - precision 0.0000 - recall 0.0000 - f1 0.0000 
INFO:root:VALID measures@10 for class 1 - precision 0.9667 - recall 0.0590 - f1 0.1112 
INFO:root:VALID measures@100 microavg - precision 0.8812 - recall 0.4806 - f1 0.6220 
INFO:root:VALID measures@100 for class 0 - precision 0.6042 - recall 0.1415 - f1 0.2292 
INFO:root:VALID measures@100 for class 1 - precision 0.9033 - recall 0.5514 - f1 0.6848 
INFO:root:VALID measures@1000 microavg - precision 0.7121 - recall 0.7121 - f1 0.7121 
INFO:root:VALID measures@1000 for class 0 - precision 0.2527 - recall 0.3415 - f1 0.2905 
INFO:root:VALID measures@1000 for class 1 - precision 0.8518 - recall 0.7894 - f1 0.8194 
INFO:root:VALID Total epoch time: 0.06776574600007734
INFO:root:################ TEST epoch 40 ###################
INFO:root:TEST batch 1 / 7 - partial error 0.1919 - partial loss 0.8160 - partial MRR  0.0000 - partial MAP 0.9418
INFO:root:TEST batch 1 / 7 -  partial tp {0: tensor(0), 1: tensor(160)},fn {0: tensor(38), 1: tensor(0)},fp {0: tensor(0), 1: tensor(38)}
INFO:root:TEST batch 1 / 7 - measures partial microavg - precision 0.8081 - recall 0.8081 - f1 0.8081 
INFO:root:TEST batch 1 / 7 - measures partial for class 0 - precision 0.0000 - recall 0.0000 - f1 0.0000 
INFO:root:TEST batch 1 / 7 - measures partial for class 1 - precision 0.8081 - recall 1.0000 - f1 0.8939 
INFO:root:TEST batch 1 / 7 - Batch time 0 
INFO:root:TEST batch 2 / 7 - partial error 0.1843 - partial loss 0.7663 - partial MRR  0.0000 - partial MAP 0.9523
INFO:root:TEST batch 2 / 7 -  partial tp {0: tensor(0), 1: tensor(163)},fn {0: tensor(35), 1: tensor(0)},fp {0: tensor(0), 1: tensor(35)}
INFO:root:TEST batch 2 / 7 - measures partial microavg - precision 0.8232 - recall 0.8232 - f1 0.8232 
INFO:root:TEST batch 2 / 7 - measures partial for class 0 - precision 0.0000 - recall 0.0000 - f1 0.0000 
INFO:root:TEST batch 2 / 7 - measures partial for class 1 - precision 0.8232 - recall 1.0000 - f1 0.9030 
INFO:root:TEST batch 2 / 7 - Batch time 0 
INFO:root:TEST batch 3 / 7 - partial error 0.1801 - partial loss 0.7448 - partial MRR  0.0000 - partial MAP 0.9542
INFO:root:TEST batch 3 / 7 -  partial tp {0: tensor(0), 1: tensor(164)},fn {0: tensor(34), 1: tensor(0)},fp {0: tensor(0), 1: tensor(34)}
INFO:root:TEST batch 3 / 7 - measures partial microavg - precision 0.8283 - recall 0.8283 - f1 0.8283 
INFO:root:TEST batch 3 / 7 - measures partial for class 0 - precision 0.0000 - recall 0.0000 - f1 0.0000 
INFO:root:TEST batch 3 / 7 - measures partial for class 1 - precision 0.8283 - recall 1.0000 - f1 0.9061 
INFO:root:TEST batch 3 / 7 - Batch time 0 
INFO:root:TEST batch 4 / 7 - partial error 0.1768 - partial loss 0.7545 - partial MRR  0.0000 - partial MAP 0.9499
INFO:root:TEST batch 4 / 7 -  partial tp {0: tensor(0), 1: tensor(165)},fn {0: tensor(33), 1: tensor(0)},fp {0: tensor(0), 1: tensor(33)}
INFO:root:TEST batch 4 / 7 - measures partial microavg - precision 0.8333 - recall 0.8333 - f1 0.8333 
INFO:root:TEST batch 4 / 7 - measures partial for class 0 - precision 0.0000 - recall 0.0000 - f1 0.0000 
INFO:root:TEST batch 4 / 7 - measures partial for class 1 - precision 0.8333 - recall 1.0000 - f1 0.9091 
INFO:root:TEST batch 4 / 7 - Batch time 0 
INFO:root:TEST batch 5 / 7 - partial error 0.1778 - partial loss 0.7587 - partial MRR  0.0000 - partial MAP 0.9480
INFO:root:TEST batch 5 / 7 -  partial tp {0: tensor(0), 1: tensor(162)},fn {0: tensor(36), 1: tensor(0)},fp {0: tensor(0), 1: tensor(36)}
INFO:root:TEST batch 5 / 7 - measures partial microavg - precision 0.8182 - recall 0.8182 - f1 0.8182 
INFO:root:TEST batch 5 / 7 - measures partial for class 0 - precision 0.0000 - recall 0.0000 - f1 0.0000 
INFO:root:TEST batch 5 / 7 - measures partial for class 1 - precision 0.8182 - recall 1.0000 - f1 0.9000 
INFO:root:TEST batch 5 / 7 - Batch time 0 
INFO:root:TEST batch 6 / 7 - partial error 0.1810 - partial loss 0.7712 - partial MRR  0.0000 - partial MAP 0.9467
INFO:root:TEST batch 6 / 7 -  partial tp {0: tensor(0), 1: tensor(159)},fn {0: tensor(39), 1: tensor(0)},fp {0: tensor(0), 1: tensor(39)}
INFO:root:TEST batch 6 / 7 - measures partial microavg - precision 0.8030 - recall 0.8030 - f1 0.8030 
INFO:root:TEST batch 6 / 7 - measures partial for class 0 - precision 0.0000 - recall 0.0000 - f1 0.0000 
INFO:root:TEST batch 6 / 7 - measures partial for class 1 - precision 0.8030 - recall 1.0000 - f1 0.8908 
INFO:root:TEST batch 6 / 7 - Batch time 0 
INFO:root:TEST batch 7 / 7 - partial error 0.1811 - partial loss 0.7749 - partial MRR  0.0000 - partial MAP 0.9466
INFO:root:TEST batch 7 / 7 -  partial tp {0: tensor(0), 1: tensor(162)},fn {0: tensor(36), 1: tensor(0)},fp {0: tensor(0), 1: tensor(36)}
INFO:root:TEST batch 7 / 7 - measures partial microavg - precision 0.8182 - recall 0.8182 - f1 0.8182 
INFO:root:TEST batch 7 / 7 - measures partial for class 0 - precision 0.0000 - recall 0.0000 - f1 0.0000 
INFO:root:TEST batch 7 / 7 - measures partial for class 1 - precision 0.8182 - recall 1.0000 - f1 0.9000 
INFO:root:TEST batch 7 / 7 - Batch time 0 
INFO:root:TEST mean losses tensor(0.7749)
INFO:root:TEST mean errors 0.18109668791294098
INFO:root:TEST mean MRR 0.0 - mean MAP 0.9465599060058594
INFO:root:TEST tp {0: tensor(0), 1: tensor(1135)},fn {0: tensor(251), 1: tensor(0)},fp {0: tensor(0), 1: tensor(251)}
INFO:root:TEST measures microavg - precision 0.8189 - recall 0.8189 - f1 0.8189 
INFO:root:TEST measures for class 0 - precision 0.0000 - recall 0.0000 - f1 0.0000 
INFO:root:TEST measures for class 1 - precision 0.8189 - recall 1.0000 - f1 0.9004 
INFO:root:TEST measures@10 microavg - precision 0.9286 - recall 0.0469 - f1 0.0893 
INFO:root:TEST measures@10 for class 0 - precision 0.0000 - recall 0.0000 - f1 0.0000 
INFO:root:TEST measures@10 for class 1 - precision 0.9286 - recall 0.0573 - f1 0.1079 
INFO:root:TEST measures@100 microavg - precision 0.8435 - recall 0.4668 - f1 0.6010 
INFO:root:TEST measures@100 for class 0 - precision 0.5224 - recall 0.1394 - f1 0.2201 
INFO:root:TEST measures@100 for class 1 - precision 0.8743 - recall 0.5392 - f1 0.6670 
INFO:root:TEST measures@1000 microavg - precision 0.6775 - recall 0.6775 - f1 0.6775 
INFO:root:TEST measures@1000 for class 0 - precision 0.2135 - recall 0.2908 - f1 0.2462 
INFO:root:TEST measures@1000 for class 1 - precision 0.8295 - recall 0.7630 - f1 0.7949 
INFO:root:TEST Total epoch time: 0.08984763099988413
INFO:root:################ TRAIN epoch 41 ###################
INFO:root:TRAIN mean losses tensor(0.7285)
INFO:root:TRAIN mean errors 0.17474748194217682
INFO:root:TRAIN mean MRR 0.0 - mean MAP 0.9531443119049072
INFO:root:TRAIN tp {0: tensor(0), 1: tensor(4902)},fn {0: tensor(1038), 1: tensor(0)},fp {0: tensor(0), 1: tensor(1038)}
INFO:root:TRAIN measures microavg - precision 0.8253 - recall 0.8253 - f1 0.8253 
INFO:root:TRAIN measures for class 0 - precision 0.0000 - recall 0.0000 - f1 0.0000 
INFO:root:TRAIN measures for class 1 - precision 0.8253 - recall 1.0000 - f1 0.9043 
INFO:root:TRAIN measures@10 microavg - precision 0.9767 - recall 0.0493 - f1 0.0939 
INFO:root:TRAIN measures@10 for class 0 - precision 0.0000 - recall 0.0000 - f1 0.0000 
INFO:root:TRAIN measures@10 for class 1 - precision 0.9767 - recall 0.0598 - f1 0.1126 
INFO:root:TRAIN measures@100 microavg - precision 0.8718 - recall 0.4820 - f1 0.6208 
INFO:root:TRAIN measures@100 for class 0 - precision 0.5211 - recall 0.1426 - f1 0.2239 
INFO:root:TRAIN measures@100 for class 1 - precision 0.9050 - recall 0.5539 - f1 0.6872 
INFO:root:TRAIN measures@1000 microavg - precision 0.7082 - recall 0.7082 - f1 0.7082 
INFO:root:TRAIN measures@1000 for class 0 - precision 0.2432 - recall 0.3170 - f1 0.2752 
INFO:root:TRAIN measures@1000 for class 1 - precision 0.8454 - recall 0.7911 - f1 0.8174 
INFO:root:TRAIN Total epoch time: 0.586047839999992
INFO:root:################ VALID epoch 41 ###################
INFO:root:VALID mean losses tensor(0.7216)
INFO:root:VALID mean errors 0.17255891859531403
INFO:root:VALID mean MRR 0.0 - mean MAP 0.953044056892395
INFO:root:VALID tp {0: tensor(0), 1: tensor(983)},fn {0: tensor(205), 1: tensor(0)},fp {0: tensor(0), 1: tensor(205)}
INFO:root:VALID measures microavg - precision 0.8274 - recall 0.8274 - f1 0.8274 
INFO:root:VALID measures for class 0 - precision 0.0000 - recall 0.0000 - f1 0.0000 
INFO:root:VALID measures for class 1 - precision 0.8274 - recall 1.0000 - f1 0.9056 
INFO:root:VALID measures@10 microavg - precision 0.9500 - recall 0.0480 - f1 0.0913 
INFO:root:VALID measures@10 for class 0 - precision 0.0000 - recall 0.0000 - f1 0.0000 
INFO:root:VALID measures@10 for class 1 - precision 0.9500 - recall 0.0580 - f1 0.1093 
INFO:root:VALID measures@100 microavg - precision 0.8704 - recall 0.4806 - f1 0.6193 
INFO:root:VALID measures@100 for class 0 - precision 0.5000 - recall 0.1366 - f1 0.2146 
INFO:root:VALID measures@100 for class 1 - precision 0.9050 - recall 0.5524 - f1 0.6860 
INFO:root:VALID measures@1000 microavg - precision 0.7214 - recall 0.7214 - f1 0.7214 
INFO:root:VALID measures@1000 for class 0 - precision 0.2649 - recall 0.3463 - f1 0.3002 
INFO:root:VALID measures@1000 for class 1 - precision 0.8543 - recall 0.7996 - f1 0.8261 
INFO:root:VALID Total epoch time: 0.06878605099973356
INFO:root:################ TEST epoch 41 ###################
INFO:root:TEST batch 1 / 7 - partial error 0.1919 - partial loss 0.8277 - partial MRR  0.0000 - partial MAP 0.9340
INFO:root:TEST batch 1 / 7 -  partial tp {0: tensor(0), 1: tensor(160)},fn {0: tensor(38), 1: tensor(0)},fp {0: tensor(0), 1: tensor(38)}
INFO:root:TEST batch 1 / 7 - measures partial microavg - precision 0.8081 - recall 0.8081 - f1 0.8081 
INFO:root:TEST batch 1 / 7 - measures partial for class 0 - precision 0.0000 - recall 0.0000 - f1 0.0000 
INFO:root:TEST batch 1 / 7 - measures partial for class 1 - precision 0.8081 - recall 1.0000 - f1 0.8939 
INFO:root:TEST batch 1 / 7 - Batch time 0 
INFO:root:TEST batch 2 / 7 - partial error 0.1843 - partial loss 0.7895 - partial MRR  0.0000 - partial MAP 0.9396
INFO:root:TEST batch 2 / 7 -  partial tp {0: tensor(0), 1: tensor(163)},fn {0: tensor(35), 1: tensor(0)},fp {0: tensor(0), 1: tensor(35)}
INFO:root:TEST batch 2 / 7 - measures partial microavg - precision 0.8232 - recall 0.8232 - f1 0.8232 
INFO:root:TEST batch 2 / 7 - measures partial for class 0 - precision 0.0000 - recall 0.0000 - f1 0.0000 
INFO:root:TEST batch 2 / 7 - measures partial for class 1 - precision 0.8232 - recall 1.0000 - f1 0.9030 
INFO:root:TEST batch 2 / 7 - Batch time 0 
INFO:root:TEST batch 3 / 7 - partial error 0.1801 - partial loss 0.7672 - partial MRR  0.0000 - partial MAP 0.9441
INFO:root:TEST batch 3 / 7 -  partial tp {0: tensor(0), 1: tensor(164)},fn {0: tensor(34), 1: tensor(0)},fp {0: tensor(0), 1: tensor(34)}
INFO:root:TEST batch 3 / 7 - measures partial microavg - precision 0.8283 - recall 0.8283 - f1 0.8283 
INFO:root:TEST batch 3 / 7 - measures partial for class 0 - precision 0.0000 - recall 0.0000 - f1 0.0000 
INFO:root:TEST batch 3 / 7 - measures partial for class 1 - precision 0.8283 - recall 1.0000 - f1 0.9061 
INFO:root:TEST batch 3 / 7 - Batch time 0 
INFO:root:TEST batch 4 / 7 - partial error 0.1768 - partial loss 0.7814 - partial MRR  0.0000 - partial MAP 0.9405
INFO:root:TEST batch 4 / 7 -  partial tp {0: tensor(0), 1: tensor(165)},fn {0: tensor(33), 1: tensor(0)},fp {0: tensor(0), 1: tensor(33)}
INFO:root:TEST batch 4 / 7 - measures partial microavg - precision 0.8333 - recall 0.8333 - f1 0.8333 
INFO:root:TEST batch 4 / 7 - measures partial for class 0 - precision 0.0000 - recall 0.0000 - f1 0.0000 
INFO:root:TEST batch 4 / 7 - measures partial for class 1 - precision 0.8333 - recall 1.0000 - f1 0.9091 
INFO:root:TEST batch 4 / 7 - Batch time 0 
INFO:root:TEST batch 5 / 7 - partial error 0.1778 - partial loss 0.7685 - partial MRR  0.0000 - partial MAP 0.9437
INFO:root:TEST batch 5 / 7 -  partial tp {0: tensor(0), 1: tensor(162)},fn {0: tensor(36), 1: tensor(0)},fp {0: tensor(0), 1: tensor(36)}
INFO:root:TEST batch 5 / 7 - measures partial microavg - precision 0.8182 - recall 0.8182 - f1 0.8182 
INFO:root:TEST batch 5 / 7 - measures partial for class 0 - precision 0.0000 - recall 0.0000 - f1 0.0000 
INFO:root:TEST batch 5 / 7 - measures partial for class 1 - precision 0.8182 - recall 1.0000 - f1 0.9000 
INFO:root:TEST batch 5 / 7 - Batch time 0 
INFO:root:TEST batch 6 / 7 - partial error 0.1810 - partial loss 0.7792 - partial MRR  0.0000 - partial MAP 0.9422
INFO:root:TEST batch 6 / 7 -  partial tp {0: tensor(0), 1: tensor(159)},fn {0: tensor(39), 1: tensor(0)},fp {0: tensor(0), 1: tensor(39)}
INFO:root:TEST batch 6 / 7 - measures partial microavg - precision 0.8030 - recall 0.8030 - f1 0.8030 
INFO:root:TEST batch 6 / 7 - measures partial for class 0 - precision 0.0000 - recall 0.0000 - f1 0.0000 
INFO:root:TEST batch 6 / 7 - measures partial for class 1 - precision 0.8030 - recall 1.0000 - f1 0.8908 
INFO:root:TEST batch 6 / 7 - Batch time 0 
INFO:root:TEST batch 7 / 7 - partial error 0.1811 - partial loss 0.7836 - partial MRR  0.0000 - partial MAP 0.9431
INFO:root:TEST batch 7 / 7 -  partial tp {0: tensor(0), 1: tensor(162)},fn {0: tensor(36), 1: tensor(0)},fp {0: tensor(0), 1: tensor(36)}
INFO:root:TEST batch 7 / 7 - measures partial microavg - precision 0.8182 - recall 0.8182 - f1 0.8182 
INFO:root:TEST batch 7 / 7 - measures partial for class 0 - precision 0.0000 - recall 0.0000 - f1 0.0000 
INFO:root:TEST batch 7 / 7 - measures partial for class 1 - precision 0.8182 - recall 1.0000 - f1 0.9000 
INFO:root:TEST batch 7 / 7 - Batch time 0 
INFO:root:TEST mean losses tensor(0.7836)
INFO:root:TEST mean errors 0.18109668791294098
INFO:root:TEST mean MRR 0.0 - mean MAP 0.9430879950523376
INFO:root:TEST tp {0: tensor(0), 1: tensor(1135)},fn {0: tensor(251), 1: tensor(0)},fp {0: tensor(0), 1: tensor(251)}
INFO:root:TEST measures microavg - precision 0.8189 - recall 0.8189 - f1 0.8189 
INFO:root:TEST measures for class 0 - precision 0.0000 - recall 0.0000 - f1 0.0000 
INFO:root:TEST measures for class 1 - precision 0.8189 - recall 1.0000 - f1 0.9004 
INFO:root:TEST measures@10 microavg - precision 0.9857 - recall 0.0498 - f1 0.0948 
INFO:root:TEST measures@10 for class 0 - precision 0.0000 - recall 0.0000 - f1 0.0000 
INFO:root:TEST measures@10 for class 1 - precision 0.9857 - recall 0.0608 - f1 0.1145 
INFO:root:TEST measures@100 microavg - precision 0.9004 - recall 0.4632 - f1 0.6117 
INFO:root:TEST measures@100 for class 0 - precision 0.6154 - recall 0.0319 - f1 0.0606 
INFO:root:TEST measures@100 for class 1 - precision 0.9057 - recall 0.5586 - f1 0.6910 
INFO:root:TEST measures@1000 microavg - precision 0.7893 - recall 0.7893 - f1 0.7893 
INFO:root:TEST measures@1000 for class 0 - precision 0.2588 - recall 0.0876 - f1 0.1310 
INFO:root:TEST measures@1000 for class 1 - precision 0.8240 - recall 0.9445 - f1 0.8801 
INFO:root:TEST Total epoch time: 0.09001087799970264
INFO:root:################ TRAIN epoch 42 ###################
INFO:root:TRAIN mean losses tensor(0.7281)
INFO:root:TRAIN mean errors 0.1750841736793518
INFO:root:TRAIN mean MRR 0.0 - mean MAP 0.9558322429656982
INFO:root:TRAIN tp {0: tensor(0), 1: tensor(4900)},fn {0: tensor(1038), 1: tensor(2)},fp {0: tensor(2), 1: tensor(1038)}
INFO:root:TRAIN measures microavg - precision 0.8249 - recall 0.8249 - f1 0.8249 
INFO:root:TRAIN measures for class 0 - precision 0.0000 - recall 0.0000 - f1 0.0000 
INFO:root:TRAIN measures for class 1 - precision 0.8252 - recall 0.9996 - f1 0.9041 
INFO:root:TRAIN measures@10 microavg - precision 0.9801 - recall 0.0497 - f1 0.0945 
INFO:root:TRAIN measures@10 for class 0 - precision 1.0000 - recall 0.0010 - f1 0.0019 
INFO:root:TRAIN measures@10 for class 1 - precision 0.9800 - recall 0.0600 - f1 0.1130 
INFO:root:TRAIN measures@100 microavg - precision 0.8814 - recall 0.4865 - f1 0.6270 
INFO:root:TRAIN measures@100 for class 0 - precision 0.5090 - recall 0.1368 - f1 0.2156 
INFO:root:TRAIN measures@100 for class 1 - precision 0.9160 - recall 0.5606 - f1 0.6955 
INFO:root:TRAIN measures@1000 microavg - precision 0.7254 - recall 0.7254 - f1 0.7254 
INFO:root:TRAIN measures@1000 for class 0 - precision 0.2599 - recall 0.3092 - f1 0.2824 
INFO:root:TRAIN measures@1000 for class 1 - precision 0.8476 - recall 0.8135 - f1 0.8302 
INFO:root:TRAIN Total epoch time: 0.6321028540000952
INFO:root:################ VALID epoch 42 ###################
INFO:root:VALID mean losses tensor(0.7301)
INFO:root:VALID mean errors 0.17255891859531403
INFO:root:VALID mean MRR 0.0 - mean MAP 0.9522814154624939
INFO:root:VALID tp {0: tensor(0), 1: tensor(983)},fn {0: tensor(205), 1: tensor(0)},fp {0: tensor(0), 1: tensor(205)}
INFO:root:VALID measures microavg - precision 0.8274 - recall 0.8274 - f1 0.8274 
INFO:root:VALID measures for class 0 - precision 0.0000 - recall 0.0000 - f1 0.0000 
INFO:root:VALID measures for class 1 - precision 0.8274 - recall 1.0000 - f1 0.9056 
INFO:root:VALID measures@10 microavg - precision 0.9508 - recall 0.0488 - f1 0.0929 
INFO:root:VALID measures@10 for class 0 - precision 1.0000 - recall 0.0049 - f1 0.0097 
INFO:root:VALID measures@10 for class 1 - precision 0.9500 - recall 0.0580 - f1 0.1093 
INFO:root:VALID measures@100 microavg - precision 0.8588 - recall 0.4865 - f1 0.6212 
INFO:root:VALID measures@100 for class 0 - precision 0.4932 - recall 0.1756 - f1 0.2590 
INFO:root:VALID measures@100 for class 1 - precision 0.9033 - recall 0.5514 - f1 0.6848 
INFO:root:VALID measures@1000 microavg - precision 0.6894 - recall 0.6894 - f1 0.6894 
INFO:root:VALID measures@1000 for class 0 - precision 0.2320 - recall 0.3463 - f1 0.2779 
INFO:root:VALID measures@1000 for class 1 - precision 0.8481 - recall 0.7609 - f1 0.8021 
INFO:root:VALID Total epoch time: 0.06617478599991955
INFO:root:################ TEST epoch 42 ###################
INFO:root:TEST batch 1 / 7 - partial error 0.1919 - partial loss 0.8198 - partial MRR  0.0000 - partial MAP 0.9389
INFO:root:TEST batch 1 / 7 -  partial tp {0: tensor(0), 1: tensor(160)},fn {0: tensor(38), 1: tensor(0)},fp {0: tensor(0), 1: tensor(38)}
INFO:root:TEST batch 1 / 7 - measures partial microavg - precision 0.8081 - recall 0.8081 - f1 0.8081 
INFO:root:TEST batch 1 / 7 - measures partial for class 0 - precision 0.0000 - recall 0.0000 - f1 0.0000 
INFO:root:TEST batch 1 / 7 - measures partial for class 1 - precision 0.8081 - recall 1.0000 - f1 0.8939 
INFO:root:TEST batch 1 / 7 - Batch time 0 
INFO:root:TEST batch 2 / 7 - partial error 0.1843 - partial loss 0.7757 - partial MRR  0.0000 - partial MAP 0.9449
INFO:root:TEST batch 2 / 7 -  partial tp {0: tensor(0), 1: tensor(163)},fn {0: tensor(35), 1: tensor(0)},fp {0: tensor(0), 1: tensor(35)}
INFO:root:TEST batch 2 / 7 - measures partial microavg - precision 0.8232 - recall 0.8232 - f1 0.8232 
INFO:root:TEST batch 2 / 7 - measures partial for class 0 - precision 0.0000 - recall 0.0000 - f1 0.0000 
INFO:root:TEST batch 2 / 7 - measures partial for class 1 - precision 0.8232 - recall 1.0000 - f1 0.9030 
INFO:root:TEST batch 2 / 7 - Batch time 0 
INFO:root:TEST batch 3 / 7 - partial error 0.1801 - partial loss 0.7516 - partial MRR  0.0000 - partial MAP 0.9493
INFO:root:TEST batch 3 / 7 -  partial tp {0: tensor(0), 1: tensor(164)},fn {0: tensor(34), 1: tensor(0)},fp {0: tensor(0), 1: tensor(34)}
INFO:root:TEST batch 3 / 7 - measures partial microavg - precision 0.8283 - recall 0.8283 - f1 0.8283 
INFO:root:TEST batch 3 / 7 - measures partial for class 0 - precision 0.0000 - recall 0.0000 - f1 0.0000 
INFO:root:TEST batch 3 / 7 - measures partial for class 1 - precision 0.8283 - recall 1.0000 - f1 0.9061 
INFO:root:TEST batch 3 / 7 - Batch time 0 
INFO:root:TEST batch 4 / 7 - partial error 0.1768 - partial loss 0.7743 - partial MRR  0.0000 - partial MAP 0.9416
INFO:root:TEST batch 4 / 7 -  partial tp {0: tensor(0), 1: tensor(165)},fn {0: tensor(33), 1: tensor(0)},fp {0: tensor(0), 1: tensor(33)}
INFO:root:TEST batch 4 / 7 - measures partial microavg - precision 0.8333 - recall 0.8333 - f1 0.8333 
INFO:root:TEST batch 4 / 7 - measures partial for class 0 - precision 0.0000 - recall 0.0000 - f1 0.0000 
INFO:root:TEST batch 4 / 7 - measures partial for class 1 - precision 0.8333 - recall 1.0000 - f1 0.9091 
INFO:root:TEST batch 4 / 7 - Batch time 0 
INFO:root:TEST batch 5 / 7 - partial error 0.1778 - partial loss 0.7619 - partial MRR  0.0000 - partial MAP 0.9444
INFO:root:TEST batch 5 / 7 -  partial tp {0: tensor(0), 1: tensor(162)},fn {0: tensor(36), 1: tensor(0)},fp {0: tensor(0), 1: tensor(36)}
INFO:root:TEST batch 5 / 7 - measures partial microavg - precision 0.8182 - recall 0.8182 - f1 0.8182 
INFO:root:TEST batch 5 / 7 - measures partial for class 0 - precision 0.0000 - recall 0.0000 - f1 0.0000 
INFO:root:TEST batch 5 / 7 - measures partial for class 1 - precision 0.8182 - recall 1.0000 - f1 0.9000 
INFO:root:TEST batch 5 / 7 - Batch time 0 
INFO:root:TEST batch 6 / 7 - partial error 0.1810 - partial loss 0.7740 - partial MRR  0.0000 - partial MAP 0.9425
INFO:root:TEST batch 6 / 7 -  partial tp {0: tensor(0), 1: tensor(159)},fn {0: tensor(39), 1: tensor(0)},fp {0: tensor(0), 1: tensor(39)}
INFO:root:TEST batch 6 / 7 - measures partial microavg - precision 0.8030 - recall 0.8030 - f1 0.8030 
INFO:root:TEST batch 6 / 7 - measures partial for class 0 - precision 0.0000 - recall 0.0000 - f1 0.0000 
INFO:root:TEST batch 6 / 7 - measures partial for class 1 - precision 0.8030 - recall 1.0000 - f1 0.8908 
INFO:root:TEST batch 6 / 7 - Batch time 0 
INFO:root:TEST batch 7 / 7 - partial error 0.1811 - partial loss 0.7794 - partial MRR  0.0000 - partial MAP 0.9427
INFO:root:TEST batch 7 / 7 -  partial tp {0: tensor(0), 1: tensor(162)},fn {0: tensor(36), 1: tensor(0)},fp {0: tensor(0), 1: tensor(36)}
INFO:root:TEST batch 7 / 7 - measures partial microavg - precision 0.8182 - recall 0.8182 - f1 0.8182 
INFO:root:TEST batch 7 / 7 - measures partial for class 0 - precision 0.0000 - recall 0.0000 - f1 0.0000 
INFO:root:TEST batch 7 / 7 - measures partial for class 1 - precision 0.8182 - recall 1.0000 - f1 0.9000 
INFO:root:TEST batch 7 / 7 - Batch time 0 
INFO:root:TEST mean losses tensor(0.7794)
INFO:root:TEST mean errors 0.18109668791294098
INFO:root:TEST mean MRR 0.0 - mean MAP 0.9426838755607605
INFO:root:TEST tp {0: tensor(0), 1: tensor(1135)},fn {0: tensor(251), 1: tensor(0)},fp {0: tensor(0), 1: tensor(251)}
INFO:root:TEST measures microavg - precision 0.8189 - recall 0.8189 - f1 0.8189 
INFO:root:TEST measures for class 0 - precision 0.0000 - recall 0.0000 - f1 0.0000 
INFO:root:TEST measures for class 1 - precision 0.8189 - recall 1.0000 - f1 0.9004 
INFO:root:TEST measures@10 microavg - precision 0.9571 - recall 0.0483 - f1 0.0920 
INFO:root:TEST measures@10 for class 0 - precision 0.0000 - recall 0.0000 - f1 0.0000 
INFO:root:TEST measures@10 for class 1 - precision 0.9571 - recall 0.0590 - f1 0.1112 
INFO:root:TEST measures@100 microavg - precision 0.8648 - recall 0.4798 - f1 0.6172 
INFO:root:TEST measures@100 for class 0 - precision 0.6087 - recall 0.1673 - f1 0.2625 
INFO:root:TEST measures@100 for class 1 - precision 0.8900 - recall 0.5489 - f1 0.6790 
INFO:root:TEST measures@1000 microavg - precision 0.7287 - recall 0.7287 - f1 0.7287 
INFO:root:TEST measures@1000 for class 0 - precision 0.2792 - recall 0.3147 - f1 0.2959 
INFO:root:TEST measures@1000 for class 1 - precision 0.8441 - recall 0.8203 - f1 0.8320 
INFO:root:TEST Total epoch time: 0.09225388699996984
INFO:root:################ TRAIN epoch 43 ###################
INFO:root:TRAIN mean losses tensor(0.7305)
INFO:root:TRAIN mean errors 0.17491582036018372
INFO:root:TRAIN mean MRR 0.0 - mean MAP 0.9561609625816345
INFO:root:TRAIN tp {0: tensor(0), 1: tensor(4901)},fn {0: tensor(1038), 1: tensor(1)},fp {0: tensor(1), 1: tensor(1038)}
INFO:root:TRAIN measures microavg - precision 0.8251 - recall 0.8251 - f1 0.8251 
INFO:root:TRAIN measures for class 0 - precision 0.0000 - recall 0.0000 - f1 0.0000 
INFO:root:TRAIN measures for class 1 - precision 0.8252 - recall 0.9998 - f1 0.9042 
INFO:root:TRAIN measures@10 microavg - precision 0.9900 - recall 0.0502 - f1 0.0955 
INFO:root:TRAIN measures@10 for class 0 - precision 1.0000 - recall 0.0010 - f1 0.0019 
INFO:root:TRAIN measures@10 for class 1 - precision 0.9900 - recall 0.0606 - f1 0.1142 
INFO:root:TRAIN measures@100 microavg - precision 0.8869 - recall 0.4805 - f1 0.6233 
INFO:root:TRAIN measures@100 for class 0 - precision 0.4817 - recall 0.1012 - f1 0.1672 
INFO:root:TRAIN measures@100 for class 1 - precision 0.9163 - recall 0.5608 - f1 0.6958 
INFO:root:TRAIN measures@1000 microavg - precision 0.7407 - recall 0.7407 - f1 0.7407 
INFO:root:TRAIN measures@1000 for class 0 - precision 0.2554 - recall 0.2524 - f1 0.2539 
INFO:root:TRAIN measures@1000 for class 1 - precision 0.8421 - recall 0.8441 - f1 0.8431 
INFO:root:TRAIN Total epoch time: 0.5910269360001621
INFO:root:################ VALID epoch 43 ###################
INFO:root:VALID mean losses tensor(0.7067)
INFO:root:VALID mean errors 0.17255891859531403
INFO:root:VALID mean MRR 0.0 - mean MAP 0.9556586742401123
INFO:root:VALID tp {0: tensor(0), 1: tensor(983)},fn {0: tensor(205), 1: tensor(0)},fp {0: tensor(0), 1: tensor(205)}
INFO:root:VALID measures microavg - precision 0.8274 - recall 0.8274 - f1 0.8274 
INFO:root:VALID measures for class 0 - precision 0.0000 - recall 0.0000 - f1 0.0000 
INFO:root:VALID measures for class 1 - precision 0.8274 - recall 1.0000 - f1 0.9056 
INFO:root:VALID measures@10 microavg - precision 0.9667 - recall 0.0488 - f1 0.0929 
INFO:root:VALID measures@10 for class 0 - precision 0.0000 - recall 0.0000 - f1 0.0000 
INFO:root:VALID measures@10 for class 1 - precision 0.9667 - recall 0.0590 - f1 0.1112 
INFO:root:VALID measures@100 microavg - precision 0.8708 - recall 0.4823 - f1 0.6208 
INFO:root:VALID measures@100 for class 0 - precision 0.3793 - recall 0.1073 - f1 0.1673 
INFO:root:VALID measures@100 for class 1 - precision 0.9183 - recall 0.5605 - f1 0.6961 
INFO:root:VALID measures@1000 microavg - precision 0.6911 - recall 0.6911 - f1 0.6911 
INFO:root:VALID measures@1000 for class 0 - precision 0.2168 - recall 0.3024 - f1 0.2525 
INFO:root:VALID measures@1000 for class 1 - precision 0.8415 - recall 0.7721 - f1 0.8053 
INFO:root:VALID Total epoch time: 0.0662538050000876
INFO:root:################ TEST epoch 43 ###################
INFO:root:TEST batch 1 / 7 - partial error 0.1919 - partial loss 0.8932 - partial MRR  0.0000 - partial MAP 0.9145
INFO:root:TEST batch 1 / 7 -  partial tp {0: tensor(0), 1: tensor(160)},fn {0: tensor(38), 1: tensor(0)},fp {0: tensor(0), 1: tensor(38)}
INFO:root:TEST batch 1 / 7 - measures partial microavg - precision 0.8081 - recall 0.8081 - f1 0.8081 
INFO:root:TEST batch 1 / 7 - measures partial for class 0 - precision 0.0000 - recall 0.0000 - f1 0.0000 
INFO:root:TEST batch 1 / 7 - measures partial for class 1 - precision 0.8081 - recall 1.0000 - f1 0.8939 
INFO:root:TEST batch 1 / 7 - Batch time 0 
INFO:root:TEST batch 2 / 7 - partial error 0.1843 - partial loss 0.8020 - partial MRR  0.0000 - partial MAP 0.9388
INFO:root:TEST batch 2 / 7 -  partial tp {0: tensor(0), 1: tensor(163)},fn {0: tensor(35), 1: tensor(0)},fp {0: tensor(0), 1: tensor(35)}
INFO:root:TEST batch 2 / 7 - measures partial microavg - precision 0.8232 - recall 0.8232 - f1 0.8232 
INFO:root:TEST batch 2 / 7 - measures partial for class 0 - precision 0.0000 - recall 0.0000 - f1 0.0000 
INFO:root:TEST batch 2 / 7 - measures partial for class 1 - precision 0.8232 - recall 1.0000 - f1 0.9030 
INFO:root:TEST batch 2 / 7 - Batch time 0 
INFO:root:TEST batch 3 / 7 - partial error 0.1801 - partial loss 0.7734 - partial MRR  0.0000 - partial MAP 0.9431
INFO:root:TEST batch 3 / 7 -  partial tp {0: tensor(0), 1: tensor(164)},fn {0: tensor(34), 1: tensor(0)},fp {0: tensor(0), 1: tensor(34)}
INFO:root:TEST batch 3 / 7 - measures partial microavg - precision 0.8283 - recall 0.8283 - f1 0.8283 
INFO:root:TEST batch 3 / 7 - measures partial for class 0 - precision 0.0000 - recall 0.0000 - f1 0.0000 
INFO:root:TEST batch 3 / 7 - measures partial for class 1 - precision 0.8283 - recall 1.0000 - f1 0.9061 
INFO:root:TEST batch 3 / 7 - Batch time 0 
INFO:root:TEST batch 4 / 7 - partial error 0.1768 - partial loss 0.7867 - partial MRR  0.0000 - partial MAP 0.9364
INFO:root:TEST batch 4 / 7 -  partial tp {0: tensor(0), 1: tensor(165)},fn {0: tensor(33), 1: tensor(0)},fp {0: tensor(0), 1: tensor(33)}
INFO:root:TEST batch 4 / 7 - measures partial microavg - precision 0.8333 - recall 0.8333 - f1 0.8333 
INFO:root:TEST batch 4 / 7 - measures partial for class 0 - precision 0.0000 - recall 0.0000 - f1 0.0000 
INFO:root:TEST batch 4 / 7 - measures partial for class 1 - precision 0.8333 - recall 1.0000 - f1 0.9091 
INFO:root:TEST batch 4 / 7 - Batch time 0 
INFO:root:TEST batch 5 / 7 - partial error 0.1778 - partial loss 0.7731 - partial MRR  0.0000 - partial MAP 0.9393
INFO:root:TEST batch 5 / 7 -  partial tp {0: tensor(0), 1: tensor(162)},fn {0: tensor(36), 1: tensor(0)},fp {0: tensor(0), 1: tensor(36)}
INFO:root:TEST batch 5 / 7 - measures partial microavg - precision 0.8182 - recall 0.8182 - f1 0.8182 
INFO:root:TEST batch 5 / 7 - measures partial for class 0 - precision 0.0000 - recall 0.0000 - f1 0.0000 
INFO:root:TEST batch 5 / 7 - measures partial for class 1 - precision 0.8182 - recall 1.0000 - f1 0.9000 
INFO:root:TEST batch 5 / 7 - Batch time 0 
INFO:root:TEST batch 6 / 7 - partial error 0.1810 - partial loss 0.7854 - partial MRR  0.0000 - partial MAP 0.9372
INFO:root:TEST batch 6 / 7 -  partial tp {0: tensor(0), 1: tensor(159)},fn {0: tensor(39), 1: tensor(0)},fp {0: tensor(0), 1: tensor(39)}
INFO:root:TEST batch 6 / 7 - measures partial microavg - precision 0.8030 - recall 0.8030 - f1 0.8030 
INFO:root:TEST batch 6 / 7 - measures partial for class 0 - precision 0.0000 - recall 0.0000 - f1 0.0000 
INFO:root:TEST batch 6 / 7 - measures partial for class 1 - precision 0.8030 - recall 1.0000 - f1 0.8908 
INFO:root:TEST batch 6 / 7 - Batch time 0 
INFO:root:TEST batch 7 / 7 - partial error 0.1811 - partial loss 0.7843 - partial MRR  0.0000 - partial MAP 0.9386
INFO:root:TEST batch 7 / 7 -  partial tp {0: tensor(0), 1: tensor(162)},fn {0: tensor(36), 1: tensor(0)},fp {0: tensor(0), 1: tensor(36)}
INFO:root:TEST batch 7 / 7 - measures partial microavg - precision 0.8182 - recall 0.8182 - f1 0.8182 
INFO:root:TEST batch 7 / 7 - measures partial for class 0 - precision 0.0000 - recall 0.0000 - f1 0.0000 
INFO:root:TEST batch 7 / 7 - measures partial for class 1 - precision 0.8182 - recall 1.0000 - f1 0.9000 
INFO:root:TEST batch 7 / 7 - Batch time 0 
INFO:root:TEST mean losses tensor(0.7843)
INFO:root:TEST mean errors 0.18109668791294098
INFO:root:TEST mean MRR 0.0 - mean MAP 0.9386152625083923
INFO:root:TEST tp {0: tensor(0), 1: tensor(1135)},fn {0: tensor(251), 1: tensor(0)},fp {0: tensor(0), 1: tensor(251)}
INFO:root:TEST measures microavg - precision 0.8189 - recall 0.8189 - f1 0.8189 
INFO:root:TEST measures for class 0 - precision 0.0000 - recall 0.0000 - f1 0.0000 
INFO:root:TEST measures for class 1 - precision 0.8189 - recall 1.0000 - f1 0.9004 
INFO:root:TEST measures@10 microavg - precision 0.9714 - recall 0.0491 - f1 0.0934 
INFO:root:TEST measures@10 for class 0 - precision 0.0000 - recall 0.0000 - f1 0.0000 
INFO:root:TEST measures@10 for class 1 - precision 0.9714 - recall 0.0599 - f1 0.1129 
INFO:root:TEST measures@100 microavg - precision 0.8722 - recall 0.4827 - f1 0.6215 
INFO:root:TEST measures@100 for class 0 - precision 0.5075 - recall 0.1355 - f1 0.2138 
INFO:root:TEST measures@100 for class 1 - precision 0.9071 - recall 0.5595 - f1 0.6921 
INFO:root:TEST measures@1000 microavg - precision 0.7280 - recall 0.7280 - f1 0.7280 
INFO:root:TEST measures@1000 for class 0 - precision 0.2649 - recall 0.2829 - f1 0.2736 
INFO:root:TEST measures@1000 for class 1 - precision 0.8390 - recall 0.8264 - f1 0.8327 
INFO:root:TEST Total epoch time: 0.08746092500041414
INFO:root:################ TRAIN epoch 44 ###################
INFO:root:TRAIN mean losses tensor(0.7225)
INFO:root:TRAIN mean errors 0.17457912862300873
INFO:root:TRAIN mean MRR 0.0 - mean MAP 0.9573803544044495
INFO:root:TRAIN tp {0: tensor(1), 1: tensor(4902)},fn {0: tensor(1037), 1: tensor(0)},fp {0: tensor(0), 1: tensor(1037)}
INFO:root:TRAIN measures microavg - precision 0.8254 - recall 0.8254 - f1 0.8254 
INFO:root:TRAIN measures for class 0 - precision 1.0000 - recall 0.0010 - f1 0.0019 
INFO:root:TRAIN measures for class 1 - precision 0.8254 - recall 1.0000 - f1 0.9043 
INFO:root:TRAIN measures@10 microavg - precision 0.9867 - recall 0.0498 - f1 0.0949 
INFO:root:TRAIN measures@10 for class 0 - precision 0.0000 - recall 0.0000 - f1 0.0000 
INFO:root:TRAIN measures@10 for class 1 - precision 0.9867 - recall 0.0604 - f1 0.1138 
INFO:root:TRAIN measures@100 microavg - precision 0.8743 - recall 0.4837 - f1 0.6228 
INFO:root:TRAIN measures@100 for class 0 - precision 0.5000 - recall 0.1407 - f1 0.2195 
INFO:root:TRAIN measures@100 for class 1 - precision 0.9108 - recall 0.5563 - f1 0.6907 
INFO:root:TRAIN measures@1000 microavg - precision 0.7136 - recall 0.7136 - f1 0.7136 
INFO:root:TRAIN measures@1000 for class 0 - precision 0.2464 - recall 0.3102 - f1 0.2746 
INFO:root:TRAIN measures@1000 for class 1 - precision 0.8455 - recall 0.7991 - f1 0.8216 
INFO:root:TRAIN Total epoch time: 0.549802393000391
INFO:root:################ VALID epoch 44 ###################
INFO:root:VALID mean losses tensor(0.7221)
INFO:root:VALID mean errors 0.17255891859531403
INFO:root:VALID mean MRR 0.0 - mean MAP 0.9584519267082214
INFO:root:VALID tp {0: tensor(0), 1: tensor(983)},fn {0: tensor(205), 1: tensor(0)},fp {0: tensor(0), 1: tensor(205)}
INFO:root:VALID measures microavg - precision 0.8274 - recall 0.8274 - f1 0.8274 
INFO:root:VALID measures for class 0 - precision 0.0000 - recall 0.0000 - f1 0.0000 
INFO:root:VALID measures for class 1 - precision 0.8274 - recall 1.0000 - f1 0.9056 
INFO:root:VALID measures@10 microavg - precision 0.9667 - recall 0.0488 - f1 0.0929 
INFO:root:VALID measures@10 for class 0 - precision 0.0000 - recall 0.0000 - f1 0.0000 
INFO:root:VALID measures@10 for class 1 - precision 0.9667 - recall 0.0590 - f1 0.1112 
INFO:root:VALID measures@100 microavg - precision 0.8964 - recall 0.4882 - f1 0.6322 
INFO:root:VALID measures@100 for class 0 - precision 0.5957 - recall 0.1366 - f1 0.2222 
INFO:root:VALID measures@100 for class 1 - precision 0.9200 - recall 0.5615 - f1 0.6974 
INFO:root:VALID measures@1000 microavg - precision 0.7365 - recall 0.7365 - f1 0.7365 
INFO:root:VALID measures@1000 for class 0 - precision 0.2652 - recall 0.2976 - f1 0.2805 
INFO:root:VALID measures@1000 for class 1 - precision 0.8497 - recall 0.8281 - f1 0.8387 
INFO:root:VALID Total epoch time: 0.06264632099964729
INFO:root:################ TEST epoch 44 ###################
INFO:root:TEST batch 1 / 7 - partial error 0.1919 - partial loss 0.8456 - partial MRR  0.0000 - partial MAP 0.9359
INFO:root:TEST batch 1 / 7 -  partial tp {0: tensor(0), 1: tensor(160)},fn {0: tensor(38), 1: tensor(0)},fp {0: tensor(0), 1: tensor(38)}
INFO:root:TEST batch 1 / 7 - measures partial microavg - precision 0.8081 - recall 0.8081 - f1 0.8081 
INFO:root:TEST batch 1 / 7 - measures partial for class 0 - precision 0.0000 - recall 0.0000 - f1 0.0000 
INFO:root:TEST batch 1 / 7 - measures partial for class 1 - precision 0.8081 - recall 1.0000 - f1 0.8939 
INFO:root:TEST batch 1 / 7 - Batch time 0 
INFO:root:TEST batch 2 / 7 - partial error 0.1843 - partial loss 0.7898 - partial MRR  0.0000 - partial MAP 0.9474
INFO:root:TEST batch 2 / 7 -  partial tp {0: tensor(0), 1: tensor(163)},fn {0: tensor(35), 1: tensor(0)},fp {0: tensor(0), 1: tensor(35)}
INFO:root:TEST batch 2 / 7 - measures partial microavg - precision 0.8232 - recall 0.8232 - f1 0.8232 
INFO:root:TEST batch 2 / 7 - measures partial for class 0 - precision 0.0000 - recall 0.0000 - f1 0.0000 
INFO:root:TEST batch 2 / 7 - measures partial for class 1 - precision 0.8232 - recall 1.0000 - f1 0.9030 
INFO:root:TEST batch 2 / 7 - Batch time 0 
INFO:root:TEST batch 3 / 7 - partial error 0.1801 - partial loss 0.7572 - partial MRR  0.0000 - partial MAP 0.9525
INFO:root:TEST batch 3 / 7 -  partial tp {0: tensor(0), 1: tensor(164)},fn {0: tensor(34), 1: tensor(0)},fp {0: tensor(0), 1: tensor(34)}
INFO:root:TEST batch 3 / 7 - measures partial microavg - precision 0.8283 - recall 0.8283 - f1 0.8283 
INFO:root:TEST batch 3 / 7 - measures partial for class 0 - precision 0.0000 - recall 0.0000 - f1 0.0000 
INFO:root:TEST batch 3 / 7 - measures partial for class 1 - precision 0.8283 - recall 1.0000 - f1 0.9061 
INFO:root:TEST batch 3 / 7 - Batch time 0 
INFO:root:TEST batch 4 / 7 - partial error 0.1768 - partial loss 0.7641 - partial MRR  0.0000 - partial MAP 0.9473
INFO:root:TEST batch 4 / 7 -  partial tp {0: tensor(0), 1: tensor(165)},fn {0: tensor(33), 1: tensor(0)},fp {0: tensor(0), 1: tensor(33)}
INFO:root:TEST batch 4 / 7 - measures partial microavg - precision 0.8333 - recall 0.8333 - f1 0.8333 
INFO:root:TEST batch 4 / 7 - measures partial for class 0 - precision 0.0000 - recall 0.0000 - f1 0.0000 
INFO:root:TEST batch 4 / 7 - measures partial for class 1 - precision 0.8333 - recall 1.0000 - f1 0.9091 
INFO:root:TEST batch 4 / 7 - Batch time 0 
INFO:root:TEST batch 5 / 7 - partial error 0.1778 - partial loss 0.7690 - partial MRR  0.0000 - partial MAP 0.9450
INFO:root:TEST batch 5 / 7 -  partial tp {0: tensor(0), 1: tensor(162)},fn {0: tensor(36), 1: tensor(0)},fp {0: tensor(0), 1: tensor(36)}
INFO:root:TEST batch 5 / 7 - measures partial microavg - precision 0.8182 - recall 0.8182 - f1 0.8182 
INFO:root:TEST batch 5 / 7 - measures partial for class 0 - precision 0.0000 - recall 0.0000 - f1 0.0000 
INFO:root:TEST batch 5 / 7 - measures partial for class 1 - precision 0.8182 - recall 1.0000 - f1 0.9000 
INFO:root:TEST batch 5 / 7 - Batch time 0 
INFO:root:TEST batch 6 / 7 - partial error 0.1810 - partial loss 0.7830 - partial MRR  0.0000 - partial MAP 0.9432
INFO:root:TEST batch 6 / 7 -  partial tp {0: tensor(0), 1: tensor(159)},fn {0: tensor(39), 1: tensor(0)},fp {0: tensor(0), 1: tensor(39)}
INFO:root:TEST batch 6 / 7 - measures partial microavg - precision 0.8030 - recall 0.8030 - f1 0.8030 
INFO:root:TEST batch 6 / 7 - measures partial for class 0 - precision 0.0000 - recall 0.0000 - f1 0.0000 
INFO:root:TEST batch 6 / 7 - measures partial for class 1 - precision 0.8030 - recall 1.0000 - f1 0.8908 
INFO:root:TEST batch 6 / 7 - Batch time 0 
INFO:root:TEST batch 7 / 7 - partial error 0.1811 - partial loss 0.7827 - partial MRR  0.0000 - partial MAP 0.9447
INFO:root:TEST batch 7 / 7 -  partial tp {0: tensor(0), 1: tensor(162)},fn {0: tensor(36), 1: tensor(0)},fp {0: tensor(0), 1: tensor(36)}
INFO:root:TEST batch 7 / 7 - measures partial microavg - precision 0.8182 - recall 0.8182 - f1 0.8182 
INFO:root:TEST batch 7 / 7 - measures partial for class 0 - precision 0.0000 - recall 0.0000 - f1 0.0000 
INFO:root:TEST batch 7 / 7 - measures partial for class 1 - precision 0.8182 - recall 1.0000 - f1 0.9000 
INFO:root:TEST batch 7 / 7 - Batch time 0 
INFO:root:TEST mean losses tensor(0.7827)
INFO:root:TEST mean errors 0.18109668791294098
INFO:root:TEST mean MRR 0.0 - mean MAP 0.944665789604187
INFO:root:TEST tp {0: tensor(0), 1: tensor(1135)},fn {0: tensor(251), 1: tensor(0)},fp {0: tensor(0), 1: tensor(251)}
INFO:root:TEST measures microavg - precision 0.8189 - recall 0.8189 - f1 0.8189 
INFO:root:TEST measures for class 0 - precision 0.0000 - recall 0.0000 - f1 0.0000 
INFO:root:TEST measures for class 1 - precision 0.8189 - recall 1.0000 - f1 0.9004 
INFO:root:TEST measures@10 microavg - precision 1.0000 - recall 0.0505 - f1 0.0962 
INFO:root:TEST measures@10 for class 0 - precision 0.0000 - recall 0.0000 - f1 0.0000 
INFO:root:TEST measures@10 for class 1 - precision 1.0000 - recall 0.0617 - f1 0.1162 
INFO:root:TEST measures@100 microavg - precision 0.8589 - recall 0.4654 - f1 0.6036 
INFO:root:TEST measures@100 for class 0 - precision 0.5294 - recall 0.1076 - f1 0.1788 
INFO:root:TEST measures@100 for class 1 - precision 0.8829 - recall 0.5445 - f1 0.6736 
INFO:root:TEST measures@1000 microavg - precision 0.7222 - recall 0.7222 - f1 0.7222 
INFO:root:TEST measures@1000 for class 0 - precision 0.2276 - recall 0.2231 - f1 0.2254 
INFO:root:TEST measures@1000 for class 1 - precision 0.8289 - recall 0.8326 - f1 0.8308 
INFO:root:TEST Total epoch time: 0.08207456900026955
INFO:root:################ TRAIN epoch 45 ###################
INFO:root:TRAIN mean losses tensor(0.7281)
INFO:root:TRAIN mean errors 0.17474748194217682
INFO:root:TRAIN mean MRR 0.0 - mean MAP 0.9557918310165405
INFO:root:TRAIN tp {0: tensor(0), 1: tensor(4902)},fn {0: tensor(1038), 1: tensor(0)},fp {0: tensor(0), 1: tensor(1038)}
INFO:root:TRAIN measures microavg - precision 0.8253 - recall 0.8253 - f1 0.8253 
INFO:root:TRAIN measures for class 0 - precision 0.0000 - recall 0.0000 - f1 0.0000 
INFO:root:TRAIN measures for class 1 - precision 0.8253 - recall 1.0000 - f1 0.9043 
INFO:root:TRAIN measures@10 microavg - precision 0.9934 - recall 0.0507 - f1 0.0964 
INFO:root:TRAIN measures@10 for class 0 - precision 1.0000 - recall 0.0029 - f1 0.0058 
INFO:root:TRAIN measures@10 for class 1 - precision 0.9933 - recall 0.0608 - f1 0.1146 
INFO:root:TRAIN measures@100 microavg - precision 0.8504 - recall 0.4891 - f1 0.6210 
INFO:root:TRAIN measures@100 for class 0 - precision 0.4976 - recall 0.2023 - f1 0.2877 
INFO:root:TRAIN measures@100 for class 1 - precision 0.9001 - recall 0.5498 - f1 0.6826 
INFO:root:TRAIN measures@1000 microavg - precision 0.6714 - recall 0.6714 - f1 0.6714 
INFO:root:TRAIN measures@1000 for class 0 - precision 0.2489 - recall 0.4364 - f1 0.3170 
INFO:root:TRAIN measures@1000 for class 1 - precision 0.8580 - recall 0.7211 - f1 0.7836 
INFO:root:TRAIN Total epoch time: 0.5459312080001837
INFO:root:################ VALID epoch 45 ###################
INFO:root:VALID mean losses tensor(0.7173)
INFO:root:VALID mean errors 0.17255891859531403
INFO:root:VALID mean MRR 0.0 - mean MAP 0.958048939704895
INFO:root:VALID tp {0: tensor(0), 1: tensor(983)},fn {0: tensor(205), 1: tensor(0)},fp {0: tensor(0), 1: tensor(205)}
INFO:root:VALID measures microavg - precision 0.8274 - recall 0.8274 - f1 0.8274 
INFO:root:VALID measures for class 0 - precision 0.0000 - recall 0.0000 - f1 0.0000 
INFO:root:VALID measures for class 1 - precision 0.8274 - recall 1.0000 - f1 0.9056 
INFO:root:VALID measures@10 microavg - precision 0.9833 - recall 0.0497 - f1 0.0946 
INFO:root:VALID measures@10 for class 0 - precision 0.0000 - recall 0.0000 - f1 0.0000 
INFO:root:VALID measures@10 for class 1 - precision 0.9833 - recall 0.0600 - f1 0.1131 
INFO:root:VALID measures@100 microavg - precision 0.8652 - recall 0.4756 - f1 0.6138 
INFO:root:VALID measures@100 for class 0 - precision 0.4717 - recall 0.1220 - f1 0.1938 
INFO:root:VALID measures@100 for class 1 - precision 0.9000 - recall 0.5493 - f1 0.6822 
INFO:root:VALID measures@1000 microavg - precision 0.6886 - recall 0.6886 - f1 0.6886 
INFO:root:VALID measures@1000 for class 0 - precision 0.2105 - recall 0.2927 - f1 0.2449 
INFO:root:VALID measures@1000 for class 1 - precision 0.8394 - recall 0.7711 - f1 0.8038 
INFO:root:VALID Total epoch time: 0.06435971000018981
INFO:root:################ TEST epoch 45 ###################
INFO:root:TEST batch 1 / 7 - partial error 0.1919 - partial loss 0.8271 - partial MRR  0.0000 - partial MAP 0.9373
INFO:root:TEST batch 1 / 7 -  partial tp {0: tensor(0), 1: tensor(160)},fn {0: tensor(38), 1: tensor(0)},fp {0: tensor(0), 1: tensor(38)}
INFO:root:TEST batch 1 / 7 - measures partial microavg - precision 0.8081 - recall 0.8081 - f1 0.8081 
INFO:root:TEST batch 1 / 7 - measures partial for class 0 - precision 0.0000 - recall 0.0000 - f1 0.0000 
INFO:root:TEST batch 1 / 7 - measures partial for class 1 - precision 0.8081 - recall 1.0000 - f1 0.8939 
INFO:root:TEST batch 1 / 7 - Batch time 0 
INFO:root:TEST batch 2 / 7 - partial error 0.1843 - partial loss 0.8048 - partial MRR  0.0000 - partial MAP 0.9431
INFO:root:TEST batch 2 / 7 -  partial tp {0: tensor(0), 1: tensor(163)},fn {0: tensor(35), 1: tensor(0)},fp {0: tensor(0), 1: tensor(35)}
INFO:root:TEST batch 2 / 7 - measures partial microavg - precision 0.8232 - recall 0.8232 - f1 0.8232 
INFO:root:TEST batch 2 / 7 - measures partial for class 0 - precision 0.0000 - recall 0.0000 - f1 0.0000 
INFO:root:TEST batch 2 / 7 - measures partial for class 1 - precision 0.8232 - recall 1.0000 - f1 0.9030 
INFO:root:TEST batch 2 / 7 - Batch time 0 
INFO:root:TEST batch 3 / 7 - partial error 0.1801 - partial loss 0.7767 - partial MRR  0.0000 - partial MAP 0.9489
INFO:root:TEST batch 3 / 7 -  partial tp {0: tensor(0), 1: tensor(164)},fn {0: tensor(34), 1: tensor(0)},fp {0: tensor(0), 1: tensor(34)}
INFO:root:TEST batch 3 / 7 - measures partial microavg - precision 0.8283 - recall 0.8283 - f1 0.8283 
INFO:root:TEST batch 3 / 7 - measures partial for class 0 - precision 0.0000 - recall 0.0000 - f1 0.0000 
INFO:root:TEST batch 3 / 7 - measures partial for class 1 - precision 0.8283 - recall 1.0000 - f1 0.9061 
INFO:root:TEST batch 3 / 7 - Batch time 0 
INFO:root:TEST batch 4 / 7 - partial error 0.1768 - partial loss 0.7849 - partial MRR  0.0000 - partial MAP 0.9443
INFO:root:TEST batch 4 / 7 -  partial tp {0: tensor(0), 1: tensor(165)},fn {0: tensor(33), 1: tensor(0)},fp {0: tensor(0), 1: tensor(33)}
INFO:root:TEST batch 4 / 7 - measures partial microavg - precision 0.8333 - recall 0.8333 - f1 0.8333 
INFO:root:TEST batch 4 / 7 - measures partial for class 0 - precision 0.0000 - recall 0.0000 - f1 0.0000 
INFO:root:TEST batch 4 / 7 - measures partial for class 1 - precision 0.8333 - recall 1.0000 - f1 0.9091 
INFO:root:TEST batch 4 / 7 - Batch time 0 
INFO:root:TEST batch 5 / 7 - partial error 0.1778 - partial loss 0.7827 - partial MRR  0.0000 - partial MAP 0.9446
INFO:root:TEST batch 5 / 7 -  partial tp {0: tensor(0), 1: tensor(162)},fn {0: tensor(36), 1: tensor(0)},fp {0: tensor(0), 1: tensor(36)}
INFO:root:TEST batch 5 / 7 - measures partial microavg - precision 0.8182 - recall 0.8182 - f1 0.8182 
INFO:root:TEST batch 5 / 7 - measures partial for class 0 - precision 0.0000 - recall 0.0000 - f1 0.0000 
INFO:root:TEST batch 5 / 7 - measures partial for class 1 - precision 0.8182 - recall 1.0000 - f1 0.9000 
INFO:root:TEST batch 5 / 7 - Batch time 0 
INFO:root:TEST batch 6 / 7 - partial error 0.1810 - partial loss 0.7968 - partial MRR  0.0000 - partial MAP 0.9419
INFO:root:TEST batch 6 / 7 -  partial tp {0: tensor(0), 1: tensor(159)},fn {0: tensor(39), 1: tensor(0)},fp {0: tensor(0), 1: tensor(39)}
INFO:root:TEST batch 6 / 7 - measures partial microavg - precision 0.8030 - recall 0.8030 - f1 0.8030 
INFO:root:TEST batch 6 / 7 - measures partial for class 0 - precision 0.0000 - recall 0.0000 - f1 0.0000 
INFO:root:TEST batch 6 / 7 - measures partial for class 1 - precision 0.8030 - recall 1.0000 - f1 0.8908 
INFO:root:TEST batch 6 / 7 - Batch time 0 
INFO:root:TEST batch 7 / 7 - partial error 0.1811 - partial loss 0.8039 - partial MRR  0.0000 - partial MAP 0.9415
INFO:root:TEST batch 7 / 7 -  partial tp {0: tensor(0), 1: tensor(162)},fn {0: tensor(36), 1: tensor(0)},fp {0: tensor(0), 1: tensor(36)}
INFO:root:TEST batch 7 / 7 - measures partial microavg - precision 0.8182 - recall 0.8182 - f1 0.8182 
INFO:root:TEST batch 7 / 7 - measures partial for class 0 - precision 0.0000 - recall 0.0000 - f1 0.0000 
INFO:root:TEST batch 7 / 7 - measures partial for class 1 - precision 0.8182 - recall 1.0000 - f1 0.9000 
INFO:root:TEST batch 7 / 7 - Batch time 0 
INFO:root:TEST mean losses tensor(0.8039)
INFO:root:TEST mean errors 0.18109668791294098
INFO:root:TEST mean MRR 0.0 - mean MAP 0.9414617419242859
INFO:root:TEST tp {0: tensor(0), 1: tensor(1135)},fn {0: tensor(251), 1: tensor(0)},fp {0: tensor(0), 1: tensor(251)}
INFO:root:TEST measures microavg - precision 0.8189 - recall 0.8189 - f1 0.8189 
INFO:root:TEST measures for class 0 - precision 0.0000 - recall 0.0000 - f1 0.0000 
INFO:root:TEST measures for class 1 - precision 0.8189 - recall 1.0000 - f1 0.9004 
INFO:root:TEST measures@10 microavg - precision 0.9714 - recall 0.0491 - f1 0.0934 
INFO:root:TEST measures@10 for class 0 - precision 0.0000 - recall 0.0000 - f1 0.0000 
INFO:root:TEST measures@10 for class 1 - precision 0.9714 - recall 0.0599 - f1 0.1129 
INFO:root:TEST measures@100 microavg - precision 0.8589 - recall 0.4524 - f1 0.5926 
INFO:root:TEST measures@100 for class 0 - precision 0.4000 - recall 0.0478 - f1 0.0854 
INFO:root:TEST measures@100 for class 1 - precision 0.8786 - recall 0.5419 - f1 0.6703 
INFO:root:TEST measures@1000 microavg - precision 0.7612 - recall 0.7612 - f1 0.7612 
INFO:root:TEST measures@1000 for class 0 - precision 0.2368 - recall 0.1434 - f1 0.1787 
INFO:root:TEST measures@1000 for class 1 - precision 0.8258 - recall 0.8978 - f1 0.8603 
INFO:root:TEST Total epoch time: 0.08504993599990485
INFO:root:################ TRAIN epoch 46 ###################
INFO:root:TRAIN mean losses tensor(0.7345)
INFO:root:TRAIN mean errors 0.17491582036018372
INFO:root:TRAIN mean MRR 0.0 - mean MAP 0.95540851354599
INFO:root:TRAIN tp {0: tensor(0), 1: tensor(4901)},fn {0: tensor(1038), 1: tensor(1)},fp {0: tensor(1), 1: tensor(1038)}
INFO:root:TRAIN measures microavg - precision 0.8251 - recall 0.8251 - f1 0.8251 
INFO:root:TRAIN measures for class 0 - precision 0.0000 - recall 0.0000 - f1 0.0000 
INFO:root:TRAIN measures for class 1 - precision 0.8252 - recall 0.9998 - f1 0.9042 
INFO:root:TRAIN measures@10 microavg - precision 0.9900 - recall 0.0500 - f1 0.0952 
INFO:root:TRAIN measures@10 for class 0 - precision 0.0000 - recall 0.0000 - f1 0.0000 
INFO:root:TRAIN measures@10 for class 1 - precision 0.9900 - recall 0.0606 - f1 0.1142 
INFO:root:TRAIN measures@100 microavg - precision 0.8669 - recall 0.4803 - f1 0.6181 
INFO:root:TRAIN measures@100 for class 0 - precision 0.4810 - recall 0.1464 - f1 0.2245 
INFO:root:TRAIN measures@100 for class 1 - precision 0.9079 - recall 0.5510 - f1 0.6858 
INFO:root:TRAIN measures@1000 microavg - precision 0.7204 - recall 0.7204 - f1 0.7204 
INFO:root:TRAIN measures@1000 for class 0 - precision 0.2506 - recall 0.3015 - f1 0.2737 
INFO:root:TRAIN measures@1000 for class 1 - precision 0.8454 - recall 0.8091 - f1 0.8269 
INFO:root:TRAIN Total epoch time: 0.5418575109997619
INFO:root:################ VALID epoch 46 ###################
INFO:root:VALID mean losses tensor(0.7221)
INFO:root:VALID mean errors 0.17255891859531403
INFO:root:VALID mean MRR 0.0 - mean MAP 0.9570786952972412
INFO:root:VALID tp {0: tensor(0), 1: tensor(983)},fn {0: tensor(205), 1: tensor(0)},fp {0: tensor(0), 1: tensor(205)}
INFO:root:VALID measures microavg - precision 0.8274 - recall 0.8274 - f1 0.8274 
INFO:root:VALID measures for class 0 - precision 0.0000 - recall 0.0000 - f1 0.0000 
INFO:root:VALID measures for class 1 - precision 0.8274 - recall 1.0000 - f1 0.9056 
INFO:root:VALID measures@10 microavg - precision 0.9508 - recall 0.0488 - f1 0.0929 
INFO:root:VALID measures@10 for class 0 - precision 0.0000 - recall 0.0000 - f1 0.0000 
INFO:root:VALID measures@10 for class 1 - precision 0.9667 - recall 0.0590 - f1 0.1112 
INFO:root:VALID measures@100 microavg - precision 0.8420 - recall 0.4891 - f1 0.6187 
INFO:root:VALID measures@100 for class 0 - precision 0.5333 - recall 0.2341 - f1 0.3254 
INFO:root:VALID measures@100 for class 1 - precision 0.8883 - recall 0.5422 - f1 0.6734 
INFO:root:VALID measures@1000 microavg - precision 0.6439 - recall 0.6439 - f1 0.6439 
INFO:root:VALID measures@1000 for class 0 - precision 0.2147 - recall 0.4000 - f1 0.2794 
INFO:root:VALID measures@1000 for class 1 - precision 0.8474 - recall 0.6948 - f1 0.7636 
INFO:root:VALID Total epoch time: 0.06475223400002506
INFO:root:################ TEST epoch 46 ###################
INFO:root:TEST batch 1 / 7 - partial error 0.1919 - partial loss 0.8206 - partial MRR  0.0000 - partial MAP 0.9374
INFO:root:TEST batch 1 / 7 -  partial tp {0: tensor(0), 1: tensor(160)},fn {0: tensor(38), 1: tensor(0)},fp {0: tensor(0), 1: tensor(38)}
INFO:root:TEST batch 1 / 7 - measures partial microavg - precision 0.8081 - recall 0.8081 - f1 0.8081 
INFO:root:TEST batch 1 / 7 - measures partial for class 0 - precision 0.0000 - recall 0.0000 - f1 0.0000 
INFO:root:TEST batch 1 / 7 - measures partial for class 1 - precision 0.8081 - recall 1.0000 - f1 0.8939 
INFO:root:TEST batch 1 / 7 - Batch time 0 
INFO:root:TEST batch 2 / 7 - partial error 0.1843 - partial loss 0.7789 - partial MRR  0.0000 - partial MAP 0.9455
INFO:root:TEST batch 2 / 7 -  partial tp {0: tensor(0), 1: tensor(163)},fn {0: tensor(35), 1: tensor(0)},fp {0: tensor(0), 1: tensor(35)}
INFO:root:TEST batch 2 / 7 - measures partial microavg - precision 0.8232 - recall 0.8232 - f1 0.8232 
INFO:root:TEST batch 2 / 7 - measures partial for class 0 - precision 0.0000 - recall 0.0000 - f1 0.0000 
INFO:root:TEST batch 2 / 7 - measures partial for class 1 - precision 0.8232 - recall 1.0000 - f1 0.9030 
INFO:root:TEST batch 2 / 7 - Batch time 0 
INFO:root:TEST batch 3 / 7 - partial error 0.1801 - partial loss 0.7614 - partial MRR  0.0000 - partial MAP 0.9503
INFO:root:TEST batch 3 / 7 -  partial tp {0: tensor(0), 1: tensor(164)},fn {0: tensor(34), 1: tensor(0)},fp {0: tensor(0), 1: tensor(34)}
INFO:root:TEST batch 3 / 7 - measures partial microavg - precision 0.8283 - recall 0.8283 - f1 0.8283 
INFO:root:TEST batch 3 / 7 - measures partial for class 0 - precision 0.0000 - recall 0.0000 - f1 0.0000 
INFO:root:TEST batch 3 / 7 - measures partial for class 1 - precision 0.8283 - recall 1.0000 - f1 0.9061 
INFO:root:TEST batch 3 / 7 - Batch time 0 
INFO:root:TEST batch 4 / 7 - partial error 0.1768 - partial loss 0.7670 - partial MRR  0.0000 - partial MAP 0.9465
INFO:root:TEST batch 4 / 7 -  partial tp {0: tensor(0), 1: tensor(165)},fn {0: tensor(33), 1: tensor(0)},fp {0: tensor(0), 1: tensor(33)}
INFO:root:TEST batch 4 / 7 - measures partial microavg - precision 0.8333 - recall 0.8333 - f1 0.8333 
INFO:root:TEST batch 4 / 7 - measures partial for class 0 - precision 0.0000 - recall 0.0000 - f1 0.0000 
INFO:root:TEST batch 4 / 7 - measures partial for class 1 - precision 0.8333 - recall 1.0000 - f1 0.9091 
INFO:root:TEST batch 4 / 7 - Batch time 0 
INFO:root:TEST batch 5 / 7 - partial error 0.1778 - partial loss 0.7637 - partial MRR  0.0000 - partial MAP 0.9455
INFO:root:TEST batch 5 / 7 -  partial tp {0: tensor(0), 1: tensor(162)},fn {0: tensor(36), 1: tensor(0)},fp {0: tensor(0), 1: tensor(36)}
INFO:root:TEST batch 5 / 7 - measures partial microavg - precision 0.8182 - recall 0.8182 - f1 0.8182 
INFO:root:TEST batch 5 / 7 - measures partial for class 0 - precision 0.0000 - recall 0.0000 - f1 0.0000 
INFO:root:TEST batch 5 / 7 - measures partial for class 1 - precision 0.8182 - recall 1.0000 - f1 0.9000 
INFO:root:TEST batch 5 / 7 - Batch time 0 
INFO:root:TEST batch 6 / 7 - partial error 0.1810 - partial loss 0.7734 - partial MRR  0.0000 - partial MAP 0.9460
INFO:root:TEST batch 6 / 7 -  partial tp {0: tensor(0), 1: tensor(159)},fn {0: tensor(39), 1: tensor(0)},fp {0: tensor(0), 1: tensor(39)}
INFO:root:TEST batch 6 / 7 - measures partial microavg - precision 0.8030 - recall 0.8030 - f1 0.8030 
INFO:root:TEST batch 6 / 7 - measures partial for class 0 - precision 0.0000 - recall 0.0000 - f1 0.0000 
INFO:root:TEST batch 6 / 7 - measures partial for class 1 - precision 0.8030 - recall 1.0000 - f1 0.8908 
INFO:root:TEST batch 6 / 7 - Batch time 0 
INFO:root:TEST batch 7 / 7 - partial error 0.1811 - partial loss 0.7828 - partial MRR  0.0000 - partial MAP 0.9453
INFO:root:TEST batch 7 / 7 -  partial tp {0: tensor(0), 1: tensor(162)},fn {0: tensor(36), 1: tensor(0)},fp {0: tensor(0), 1: tensor(36)}
INFO:root:TEST batch 7 / 7 - measures partial microavg - precision 0.8182 - recall 0.8182 - f1 0.8182 
INFO:root:TEST batch 7 / 7 - measures partial for class 0 - precision 0.0000 - recall 0.0000 - f1 0.0000 
INFO:root:TEST batch 7 / 7 - measures partial for class 1 - precision 0.8182 - recall 1.0000 - f1 0.9000 
INFO:root:TEST batch 7 / 7 - Batch time 0 
INFO:root:TEST mean losses tensor(0.7828)
INFO:root:TEST mean errors 0.18109668791294098
INFO:root:TEST mean MRR 0.0 - mean MAP 0.9453480839729309
INFO:root:TEST tp {0: tensor(0), 1: tensor(1135)},fn {0: tensor(251), 1: tensor(0)},fp {0: tensor(0), 1: tensor(251)}
INFO:root:TEST measures microavg - precision 0.8189 - recall 0.8189 - f1 0.8189 
INFO:root:TEST measures for class 0 - precision 0.0000 - recall 0.0000 - f1 0.0000 
INFO:root:TEST measures for class 1 - precision 0.8189 - recall 1.0000 - f1 0.9004 
INFO:root:TEST measures@10 microavg - precision 0.9718 - recall 0.0498 - f1 0.0947 
INFO:root:TEST measures@10 for class 0 - precision 0.0000 - recall 0.0000 - f1 0.0000 
INFO:root:TEST measures@10 for class 1 - precision 0.9857 - recall 0.0608 - f1 0.1145 
INFO:root:TEST measures@100 microavg - precision 0.8005 - recall 0.4776 - f1 0.5983 
INFO:root:TEST measures@100 for class 0 - precision 0.4046 - recall 0.2112 - f1 0.2775 
INFO:root:TEST measures@100 for class 1 - precision 0.8750 - recall 0.5366 - f1 0.6652 
INFO:root:TEST measures@1000 microavg - precision 0.6248 - recall 0.6248 - f1 0.6248 
INFO:root:TEST measures@1000 for class 0 - precision 0.2144 - recall 0.4024 - f1 0.2798 
INFO:root:TEST measures@1000 for class 1 - precision 0.8361 - recall 0.6740 - f1 0.7463 
INFO:root:TEST Total epoch time: 0.08565193899994483
INFO:root:################ TRAIN epoch 47 ###################
INFO:root:TRAIN mean losses tensor(0.7291)
INFO:root:TRAIN mean errors 0.17474748194217682
INFO:root:TRAIN mean MRR 0.0 - mean MAP 0.9558476209640503
INFO:root:TRAIN tp {0: tensor(0), 1: tensor(4902)},fn {0: tensor(1038), 1: tensor(0)},fp {0: tensor(0), 1: tensor(1038)}
INFO:root:TRAIN measures microavg - precision 0.8253 - recall 0.8253 - f1 0.8253 
INFO:root:TRAIN measures for class 0 - precision 0.0000 - recall 0.0000 - f1 0.0000 
INFO:root:TRAIN measures for class 1 - precision 0.8253 - recall 1.0000 - f1 0.9043 
INFO:root:TRAIN measures@10 microavg - precision 0.9705 - recall 0.0498 - f1 0.0948 
INFO:root:TRAIN measures@10 for class 0 - precision 0.4000 - recall 0.0019 - f1 0.0038 
INFO:root:TRAIN measures@10 for class 1 - precision 0.9800 - recall 0.0600 - f1 0.1130 
INFO:root:TRAIN measures@100 microavg - precision 0.8518 - recall 0.4875 - f1 0.6201 
INFO:root:TRAIN measures@100 for class 0 - precision 0.4623 - recall 0.1830 - f1 0.2622 
INFO:root:TRAIN measures@100 for class 1 - precision 0.9053 - recall 0.5520 - f1 0.6858 
INFO:root:TRAIN measures@1000 microavg - precision 0.6875 - recall 0.6875 - f1 0.6875 
INFO:root:TRAIN measures@1000 for class 0 - precision 0.2434 - recall 0.3738 - f1 0.2948 
INFO:root:TRAIN measures@1000 for class 1 - precision 0.8504 - recall 0.7540 - f1 0.7993 
INFO:root:TRAIN Total epoch time: 0.542214821000016
INFO:root:################ VALID epoch 47 ###################
INFO:root:VALID mean losses tensor(0.7256)
INFO:root:VALID mean errors 0.17255891859531403
INFO:root:VALID mean MRR 0.0 - mean MAP 0.9546365141868591
INFO:root:VALID tp {0: tensor(0), 1: tensor(983)},fn {0: tensor(205), 1: tensor(0)},fp {0: tensor(0), 1: tensor(205)}
INFO:root:VALID measures microavg - precision 0.8274 - recall 0.8274 - f1 0.8274 
INFO:root:VALID measures for class 0 - precision 0.0000 - recall 0.0000 - f1 0.0000 
INFO:root:VALID measures for class 1 - precision 0.8274 - recall 1.0000 - f1 0.9056 
INFO:root:VALID measures@10 microavg - precision 0.9833 - recall 0.0497 - f1 0.0946 
INFO:root:VALID measures@10 for class 0 - precision 0.0000 - recall 0.0000 - f1 0.0000 
INFO:root:VALID measures@10 for class 1 - precision 0.9833 - recall 0.0600 - f1 0.1131 
INFO:root:VALID measures@100 microavg - precision 0.8849 - recall 0.4722 - f1 0.6158 
INFO:root:VALID measures@100 for class 0 - precision 0.4118 - recall 0.0683 - f1 0.1172 
INFO:root:VALID measures@100 for class 1 - precision 0.9117 - recall 0.5565 - f1 0.6911 
INFO:root:VALID measures@1000 microavg - precision 0.7551 - recall 0.7551 - f1 0.7551 
INFO:root:VALID measures@1000 for class 0 - precision 0.2171 - recall 0.1610 - f1 0.1849 
INFO:root:VALID measures@1000 for class 1 - precision 0.8340 - recall 0.8789 - f1 0.8559 
INFO:root:VALID Total epoch time: 0.0648477089998778
INFO:root:################ TEST epoch 47 ###################
INFO:root:TEST batch 1 / 7 - partial error 0.1919 - partial loss 0.8349 - partial MRR  0.0000 - partial MAP 0.9222
INFO:root:TEST batch 1 / 7 -  partial tp {0: tensor(0), 1: tensor(160)},fn {0: tensor(38), 1: tensor(0)},fp {0: tensor(0), 1: tensor(38)}
INFO:root:TEST batch 1 / 7 - measures partial microavg - precision 0.8081 - recall 0.8081 - f1 0.8081 
INFO:root:TEST batch 1 / 7 - measures partial for class 0 - precision 0.0000 - recall 0.0000 - f1 0.0000 
INFO:root:TEST batch 1 / 7 - measures partial for class 1 - precision 0.8081 - recall 1.0000 - f1 0.8939 
INFO:root:TEST batch 1 / 7 - Batch time 0 
INFO:root:TEST batch 2 / 7 - partial error 0.1843 - partial loss 0.7829 - partial MRR  0.0000 - partial MAP 0.9373
INFO:root:TEST batch 2 / 7 -  partial tp {0: tensor(0), 1: tensor(163)},fn {0: tensor(35), 1: tensor(0)},fp {0: tensor(0), 1: tensor(35)}
INFO:root:TEST batch 2 / 7 - measures partial microavg - precision 0.8232 - recall 0.8232 - f1 0.8232 
INFO:root:TEST batch 2 / 7 - measures partial for class 0 - precision 0.0000 - recall 0.0000 - f1 0.0000 
INFO:root:TEST batch 2 / 7 - measures partial for class 1 - precision 0.8232 - recall 1.0000 - f1 0.9030 
INFO:root:TEST batch 2 / 7 - Batch time 0 
INFO:root:TEST batch 3 / 7 - partial error 0.1801 - partial loss 0.7719 - partial MRR  0.0000 - partial MAP 0.9422
INFO:root:TEST batch 3 / 7 -  partial tp {0: tensor(0), 1: tensor(164)},fn {0: tensor(34), 1: tensor(0)},fp {0: tensor(0), 1: tensor(34)}
INFO:root:TEST batch 3 / 7 - measures partial microavg - precision 0.8283 - recall 0.8283 - f1 0.8283 
INFO:root:TEST batch 3 / 7 - measures partial for class 0 - precision 0.0000 - recall 0.0000 - f1 0.0000 
INFO:root:TEST batch 3 / 7 - measures partial for class 1 - precision 0.8283 - recall 1.0000 - f1 0.9061 
INFO:root:TEST batch 3 / 7 - Batch time 0 
INFO:root:TEST batch 4 / 7 - partial error 0.1768 - partial loss 0.7775 - partial MRR  0.0000 - partial MAP 0.9397
INFO:root:TEST batch 4 / 7 -  partial tp {0: tensor(0), 1: tensor(165)},fn {0: tensor(33), 1: tensor(0)},fp {0: tensor(0), 1: tensor(33)}
INFO:root:TEST batch 4 / 7 - measures partial microavg - precision 0.8333 - recall 0.8333 - f1 0.8333 
INFO:root:TEST batch 4 / 7 - measures partial for class 0 - precision 0.0000 - recall 0.0000 - f1 0.0000 
INFO:root:TEST batch 4 / 7 - measures partial for class 1 - precision 0.8333 - recall 1.0000 - f1 0.9091 
INFO:root:TEST batch 4 / 7 - Batch time 0 
INFO:root:TEST batch 5 / 7 - partial error 0.1778 - partial loss 0.7677 - partial MRR  0.0000 - partial MAP 0.9418
INFO:root:TEST batch 5 / 7 -  partial tp {0: tensor(0), 1: tensor(162)},fn {0: tensor(36), 1: tensor(0)},fp {0: tensor(0), 1: tensor(36)}
INFO:root:TEST batch 5 / 7 - measures partial microavg - precision 0.8182 - recall 0.8182 - f1 0.8182 
INFO:root:TEST batch 5 / 7 - measures partial for class 0 - precision 0.0000 - recall 0.0000 - f1 0.0000 
INFO:root:TEST batch 5 / 7 - measures partial for class 1 - precision 0.8182 - recall 1.0000 - f1 0.9000 
INFO:root:TEST batch 5 / 7 - Batch time 0 
INFO:root:TEST batch 6 / 7 - partial error 0.1810 - partial loss 0.7800 - partial MRR  0.0000 - partial MAP 0.9391
INFO:root:TEST batch 6 / 7 -  partial tp {0: tensor(0), 1: tensor(159)},fn {0: tensor(39), 1: tensor(0)},fp {0: tensor(0), 1: tensor(39)}
INFO:root:TEST batch 6 / 7 - measures partial microavg - precision 0.8030 - recall 0.8030 - f1 0.8030 
INFO:root:TEST batch 6 / 7 - measures partial for class 0 - precision 0.0000 - recall 0.0000 - f1 0.0000 
INFO:root:TEST batch 6 / 7 - measures partial for class 1 - precision 0.8030 - recall 1.0000 - f1 0.8908 
INFO:root:TEST batch 6 / 7 - Batch time 0 
INFO:root:TEST batch 7 / 7 - partial error 0.1811 - partial loss 0.7839 - partial MRR  0.0000 - partial MAP 0.9402
INFO:root:TEST batch 7 / 7 -  partial tp {0: tensor(0), 1: tensor(162)},fn {0: tensor(36), 1: tensor(0)},fp {0: tensor(0), 1: tensor(36)}
INFO:root:TEST batch 7 / 7 - measures partial microavg - precision 0.8182 - recall 0.8182 - f1 0.8182 
INFO:root:TEST batch 7 / 7 - measures partial for class 0 - precision 0.0000 - recall 0.0000 - f1 0.0000 
INFO:root:TEST batch 7 / 7 - measures partial for class 1 - precision 0.8182 - recall 1.0000 - f1 0.9000 
INFO:root:TEST batch 7 / 7 - Batch time 0 
INFO:root:TEST mean losses tensor(0.7839)
INFO:root:TEST mean errors 0.18109668791294098
INFO:root:TEST mean MRR 0.0 - mean MAP 0.9402178525924683
INFO:root:TEST tp {0: tensor(0), 1: tensor(1135)},fn {0: tensor(251), 1: tensor(0)},fp {0: tensor(0), 1: tensor(251)}
INFO:root:TEST measures microavg - precision 0.8189 - recall 0.8189 - f1 0.8189 
INFO:root:TEST measures for class 0 - precision 0.0000 - recall 0.0000 - f1 0.0000 
INFO:root:TEST measures for class 1 - precision 0.8189 - recall 1.0000 - f1 0.9004 
INFO:root:TEST measures@10 microavg - precision 0.9571 - recall 0.0483 - f1 0.0920 
INFO:root:TEST measures@10 for class 0 - precision 0.0000 - recall 0.0000 - f1 0.0000 
INFO:root:TEST measures@10 for class 1 - precision 0.9571 - recall 0.0590 - f1 0.1112 
INFO:root:TEST measures@100 microavg - precision 0.8612 - recall 0.4610 - f1 0.6006 
INFO:root:TEST measures@100 for class 0 - precision 0.5238 - recall 0.0876 - f1 0.1502 
INFO:root:TEST measures@100 for class 1 - precision 0.8814 - recall 0.5436 - f1 0.6725 
INFO:root:TEST measures@1000 microavg - precision 0.7222 - recall 0.7222 - f1 0.7222 
INFO:root:TEST measures@1000 for class 0 - precision 0.2341 - recall 0.2351 - f1 0.2346 
INFO:root:TEST measures@1000 for class 1 - precision 0.8307 - recall 0.8300 - f1 0.8303 
INFO:root:TEST Total epoch time: 0.08451272299998891
INFO:root:################ TRAIN epoch 48 ###################
INFO:root:TRAIN mean losses tensor(0.7218)
INFO:root:TRAIN mean errors 0.17491582036018372
INFO:root:TRAIN mean MRR 0.0 - mean MAP 0.9582563638687134
INFO:root:TRAIN tp {0: tensor(0), 1: tensor(4901)},fn {0: tensor(1038), 1: tensor(1)},fp {0: tensor(1), 1: tensor(1038)}
INFO:root:TRAIN measures microavg - precision 0.8251 - recall 0.8251 - f1 0.8251 
INFO:root:TRAIN measures for class 0 - precision 0.0000 - recall 0.0000 - f1 0.0000 
INFO:root:TRAIN measures for class 1 - precision 0.8252 - recall 0.9998 - f1 0.9042 
INFO:root:TRAIN measures@10 microavg - precision 0.9833 - recall 0.0497 - f1 0.0946 
INFO:root:TRAIN measures@10 for class 0 - precision 0.0000 - recall 0.0000 - f1 0.0000 
INFO:root:TRAIN measures@10 for class 1 - precision 0.9833 - recall 0.0602 - f1 0.1134 
INFO:root:TRAIN measures@100 microavg - precision 0.8731 - recall 0.4912 - f1 0.6287 
INFO:root:TRAIN measures@100 for class 0 - precision 0.5234 - recall 0.1724 - f1 0.2594 
INFO:root:TRAIN measures@100 for class 1 - precision 0.9130 - recall 0.5588 - f1 0.6932 
INFO:root:TRAIN measures@1000 microavg - precision 0.7044 - recall 0.7044 - f1 0.7044 
INFO:root:TRAIN measures@1000 for class 0 - precision 0.2607 - recall 0.3767 - f1 0.3081 
INFO:root:TRAIN measures@1000 for class 1 - precision 0.8543 - recall 0.7738 - f1 0.8120 
INFO:root:TRAIN Total epoch time: 0.5446372729998075
INFO:root:################ VALID epoch 48 ###################
INFO:root:VALID mean losses tensor(0.7128)
INFO:root:VALID mean errors 0.17255891859531403
INFO:root:VALID mean MRR 0.0 - mean MAP 0.9548795223236084
INFO:root:VALID tp {0: tensor(0), 1: tensor(983)},fn {0: tensor(205), 1: tensor(0)},fp {0: tensor(0), 1: tensor(205)}
INFO:root:VALID measures microavg - precision 0.8274 - recall 0.8274 - f1 0.8274 
INFO:root:VALID measures for class 0 - precision 0.0000 - recall 0.0000 - f1 0.0000 
INFO:root:VALID measures for class 1 - precision 0.8274 - recall 1.0000 - f1 0.9056 
INFO:root:VALID measures@10 microavg - precision 0.9833 - recall 0.0497 - f1 0.0946 
INFO:root:VALID measures@10 for class 0 - precision 0.0000 - recall 0.0000 - f1 0.0000 
INFO:root:VALID measures@10 for class 1 - precision 0.9833 - recall 0.0600 - f1 0.1131 
INFO:root:VALID measures@100 microavg - precision 0.8186 - recall 0.4899 - f1 0.6130 
INFO:root:VALID measures@100 for class 0 - precision 0.4865 - recall 0.2634 - f1 0.3418 
INFO:root:VALID measures@100 for class 1 - precision 0.8800 - recall 0.5371 - f1 0.6671 
INFO:root:VALID measures@1000 microavg - precision 0.6094 - recall 0.6094 - f1 0.6094 
INFO:root:VALID measures@1000 for class 0 - precision 0.2203 - recall 0.4976 - f1 0.3054 
INFO:root:VALID measures@1000 for class 1 - precision 0.8579 - recall 0.6328 - f1 0.7283 
INFO:root:VALID Total epoch time: 0.06429200200000196
INFO:root:################ TEST epoch 48 ###################
INFO:root:TEST batch 1 / 7 - partial error 0.1919 - partial loss 0.8469 - partial MRR  0.0000 - partial MAP 0.9127
INFO:root:TEST batch 1 / 7 -  partial tp {0: tensor(0), 1: tensor(160)},fn {0: tensor(38), 1: tensor(0)},fp {0: tensor(0), 1: tensor(38)}
INFO:root:TEST batch 1 / 7 - measures partial microavg - precision 0.8081 - recall 0.8081 - f1 0.8081 
INFO:root:TEST batch 1 / 7 - measures partial for class 0 - precision 0.0000 - recall 0.0000 - f1 0.0000 
INFO:root:TEST batch 1 / 7 - measures partial for class 1 - precision 0.8081 - recall 1.0000 - f1 0.8939 
INFO:root:TEST batch 1 / 7 - Batch time 0 
INFO:root:TEST batch 2 / 7 - partial error 0.1843 - partial loss 0.7951 - partial MRR  0.0000 - partial MAP 0.9340
INFO:root:TEST batch 2 / 7 -  partial tp {0: tensor(0), 1: tensor(163)},fn {0: tensor(35), 1: tensor(0)},fp {0: tensor(0), 1: tensor(35)}
INFO:root:TEST batch 2 / 7 - measures partial microavg - precision 0.8232 - recall 0.8232 - f1 0.8232 
INFO:root:TEST batch 2 / 7 - measures partial for class 0 - precision 0.0000 - recall 0.0000 - f1 0.0000 
INFO:root:TEST batch 2 / 7 - measures partial for class 1 - precision 0.8232 - recall 1.0000 - f1 0.9030 
INFO:root:TEST batch 2 / 7 - Batch time 0 
INFO:root:TEST batch 3 / 7 - partial error 0.1801 - partial loss 0.7865 - partial MRR  0.0000 - partial MAP 0.9394
INFO:root:TEST batch 3 / 7 -  partial tp {0: tensor(0), 1: tensor(164)},fn {0: tensor(34), 1: tensor(0)},fp {0: tensor(0), 1: tensor(34)}
INFO:root:TEST batch 3 / 7 - measures partial microavg - precision 0.8283 - recall 0.8283 - f1 0.8283 
INFO:root:TEST batch 3 / 7 - measures partial for class 0 - precision 0.0000 - recall 0.0000 - f1 0.0000 
INFO:root:TEST batch 3 / 7 - measures partial for class 1 - precision 0.8283 - recall 1.0000 - f1 0.9061 
INFO:root:TEST batch 3 / 7 - Batch time 0 
INFO:root:TEST batch 4 / 7 - partial error 0.1768 - partial loss 0.7917 - partial MRR  0.0000 - partial MAP 0.9339
INFO:root:TEST batch 4 / 7 -  partial tp {0: tensor(0), 1: tensor(165)},fn {0: tensor(33), 1: tensor(0)},fp {0: tensor(0), 1: tensor(33)}
INFO:root:TEST batch 4 / 7 - measures partial microavg - precision 0.8333 - recall 0.8333 - f1 0.8333 
INFO:root:TEST batch 4 / 7 - measures partial for class 0 - precision 0.0000 - recall 0.0000 - f1 0.0000 
INFO:root:TEST batch 4 / 7 - measures partial for class 1 - precision 0.8333 - recall 1.0000 - f1 0.9091 
INFO:root:TEST batch 4 / 7 - Batch time 0 
INFO:root:TEST batch 5 / 7 - partial error 0.1778 - partial loss 0.7754 - partial MRR  0.0000 - partial MAP 0.9398
INFO:root:TEST batch 5 / 7 -  partial tp {0: tensor(0), 1: tensor(162)},fn {0: tensor(36), 1: tensor(0)},fp {0: tensor(0), 1: tensor(36)}
INFO:root:TEST batch 5 / 7 - measures partial microavg - precision 0.8182 - recall 0.8182 - f1 0.8182 
INFO:root:TEST batch 5 / 7 - measures partial for class 0 - precision 0.0000 - recall 0.0000 - f1 0.0000 
INFO:root:TEST batch 5 / 7 - measures partial for class 1 - precision 0.8182 - recall 1.0000 - f1 0.9000 
INFO:root:TEST batch 5 / 7 - Batch time 0 
INFO:root:TEST batch 6 / 7 - partial error 0.1810 - partial loss 0.7837 - partial MRR  0.0000 - partial MAP 0.9392
INFO:root:TEST batch 6 / 7 -  partial tp {0: tensor(0), 1: tensor(159)},fn {0: tensor(39), 1: tensor(0)},fp {0: tensor(0), 1: tensor(39)}
INFO:root:TEST batch 6 / 7 - measures partial microavg - precision 0.8030 - recall 0.8030 - f1 0.8030 
INFO:root:TEST batch 6 / 7 - measures partial for class 0 - precision 0.0000 - recall 0.0000 - f1 0.0000 
INFO:root:TEST batch 6 / 7 - measures partial for class 1 - precision 0.8030 - recall 1.0000 - f1 0.8908 
INFO:root:TEST batch 6 / 7 - Batch time 0 
INFO:root:TEST batch 7 / 7 - partial error 0.1811 - partial loss 0.7882 - partial MRR  0.0000 - partial MAP 0.9397
INFO:root:TEST batch 7 / 7 -  partial tp {0: tensor(0), 1: tensor(162)},fn {0: tensor(36), 1: tensor(0)},fp {0: tensor(0), 1: tensor(36)}
INFO:root:TEST batch 7 / 7 - measures partial microavg - precision 0.8182 - recall 0.8182 - f1 0.8182 
INFO:root:TEST batch 7 / 7 - measures partial for class 0 - precision 0.0000 - recall 0.0000 - f1 0.0000 
INFO:root:TEST batch 7 / 7 - measures partial for class 1 - precision 0.8182 - recall 1.0000 - f1 0.9000 
INFO:root:TEST batch 7 / 7 - Batch time 0 
INFO:root:TEST mean losses tensor(0.7882)
INFO:root:TEST mean errors 0.18109668791294098
INFO:root:TEST mean MRR 0.0 - mean MAP 0.9397070407867432
INFO:root:TEST tp {0: tensor(0), 1: tensor(1135)},fn {0: tensor(251), 1: tensor(0)},fp {0: tensor(0), 1: tensor(251)}
INFO:root:TEST measures microavg - precision 0.8189 - recall 0.8189 - f1 0.8189 
INFO:root:TEST measures for class 0 - precision 0.0000 - recall 0.0000 - f1 0.0000 
INFO:root:TEST measures for class 1 - precision 0.8189 - recall 1.0000 - f1 0.9004 
INFO:root:TEST measures@10 microavg - precision 0.9286 - recall 0.0469 - f1 0.0893 
INFO:root:TEST measures@10 for class 0 - precision 0.0000 - recall 0.0000 - f1 0.0000 
INFO:root:TEST measures@10 for class 1 - precision 0.9286 - recall 0.0573 - f1 0.1079 
INFO:root:TEST measures@100 microavg - precision 0.8571 - recall 0.4632 - f1 0.6014 
INFO:root:TEST measures@100 for class 0 - precision 0.4490 - recall 0.0876 - f1 0.1467 
INFO:root:TEST measures@100 for class 1 - precision 0.8857 - recall 0.5463 - f1 0.6757 
INFO:root:TEST measures@1000 microavg - precision 0.7244 - recall 0.7244 - f1 0.7244 
INFO:root:TEST measures@1000 for class 0 - precision 0.2259 - recall 0.2151 - f1 0.2204 
INFO:root:TEST measures@1000 for class 1 - precision 0.8282 - recall 0.8370 - f1 0.8326 
INFO:root:TEST Total epoch time: 0.08908758000006856
INFO:root:################ TRAIN epoch 49 ###################
INFO:root:TRAIN mean losses tensor(0.7201)
INFO:root:TRAIN mean errors 0.17474748194217682
INFO:root:TRAIN mean MRR 0.0 - mean MAP 0.9579278230667114
INFO:root:TRAIN tp {0: tensor(0), 1: tensor(4902)},fn {0: tensor(1038), 1: tensor(0)},fp {0: tensor(0), 1: tensor(1038)}
INFO:root:TRAIN measures microavg - precision 0.8253 - recall 0.8253 - f1 0.8253 
INFO:root:TRAIN measures for class 0 - precision 0.0000 - recall 0.0000 - f1 0.0000 
INFO:root:TRAIN measures for class 1 - precision 0.8253 - recall 1.0000 - f1 0.9043 
INFO:root:TRAIN measures@10 microavg - precision 0.9834 - recall 0.0500 - f1 0.0952 
INFO:root:TRAIN measures@10 for class 0 - precision 1.0000 - recall 0.0019 - f1 0.0038 
INFO:root:TRAIN measures@10 for class 1 - precision 0.9833 - recall 0.0602 - f1 0.1134 
INFO:root:TRAIN measures@100 microavg - precision 0.8506 - recall 0.4946 - f1 0.6255 
INFO:root:TRAIN measures@100 for class 0 - precision 0.4793 - recall 0.2119 - f1 0.2939 
INFO:root:TRAIN measures@100 for class 1 - precision 0.9075 - recall 0.5545 - f1 0.6884 
INFO:root:TRAIN measures@1000 microavg - precision 0.6803 - recall 0.6803 - f1 0.6803 
INFO:root:TRAIN measures@1000 for class 0 - precision 0.2484 - recall 0.4094 - f1 0.3092 
INFO:root:TRAIN measures@1000 for class 1 - precision 0.8550 - recall 0.7377 - f1 0.7920 
INFO:root:TRAIN Total epoch time: 0.5864422959998592
INFO:root:################ VALID epoch 49 ###################
INFO:root:VALID mean losses tensor(0.7247)
INFO:root:VALID mean errors 0.17255891859531403
INFO:root:VALID mean MRR 0.0 - mean MAP 0.9542591571807861
INFO:root:VALID tp {0: tensor(0), 1: tensor(983)},fn {0: tensor(205), 1: tensor(0)},fp {0: tensor(0), 1: tensor(205)}
INFO:root:VALID measures microavg - precision 0.8274 - recall 0.8274 - f1 0.8274 
INFO:root:VALID measures for class 0 - precision 0.0000 - recall 0.0000 - f1 0.0000 
INFO:root:VALID measures for class 1 - precision 0.8274 - recall 1.0000 - f1 0.9056 
INFO:root:VALID measures@10 microavg - precision 1.0000 - recall 0.0505 - f1 0.0962 
INFO:root:VALID measures@10 for class 0 - precision 0.0000 - recall 0.0000 - f1 0.0000 
INFO:root:VALID measures@10 for class 1 - precision 1.0000 - recall 0.0610 - f1 0.1151 
INFO:root:VALID measures@100 microavg - precision 0.8665 - recall 0.5025 - f1 0.6361 
INFO:root:VALID measures@100 for class 0 - precision 0.5506 - recall 0.2390 - f1 0.3333 
INFO:root:VALID measures@100 for class 1 - precision 0.9133 - recall 0.5575 - f1 0.6924 
INFO:root:VALID measures@1000 microavg - precision 0.7045 - recall 0.7045 - f1 0.7045 
INFO:root:VALID measures@1000 for class 0 - precision 0.2890 - recall 0.4878 - f1 0.3630 
INFO:root:VALID measures@1000 for class 1 - precision 0.8753 - recall 0.7497 - f1 0.8077 
INFO:root:VALID Total epoch time: 0.06887905999974464
INFO:root:################ TEST epoch 49 ###################
INFO:root:TEST batch 1 / 7 - partial error 0.1919 - partial loss 0.8330 - partial MRR  0.0000 - partial MAP 0.9343
INFO:root:TEST batch 1 / 7 -  partial tp {0: tensor(0), 1: tensor(160)},fn {0: tensor(38), 1: tensor(0)},fp {0: tensor(0), 1: tensor(38)}
INFO:root:TEST batch 1 / 7 - measures partial microavg - precision 0.8081 - recall 0.8081 - f1 0.8081 
INFO:root:TEST batch 1 / 7 - measures partial for class 0 - precision 0.0000 - recall 0.0000 - f1 0.0000 
INFO:root:TEST batch 1 / 7 - measures partial for class 1 - precision 0.8081 - recall 1.0000 - f1 0.8939 
INFO:root:TEST batch 1 / 7 - Batch time 0 
INFO:root:TEST batch 2 / 7 - partial error 0.1843 - partial loss 0.7785 - partial MRR  0.0000 - partial MAP 0.9472
INFO:root:TEST batch 2 / 7 -  partial tp {0: tensor(0), 1: tensor(163)},fn {0: tensor(35), 1: tensor(0)},fp {0: tensor(0), 1: tensor(35)}
INFO:root:TEST batch 2 / 7 - measures partial microavg - precision 0.8232 - recall 0.8232 - f1 0.8232 
INFO:root:TEST batch 2 / 7 - measures partial for class 0 - precision 0.0000 - recall 0.0000 - f1 0.0000 
INFO:root:TEST batch 2 / 7 - measures partial for class 1 - precision 0.8232 - recall 1.0000 - f1 0.9030 
INFO:root:TEST batch 2 / 7 - Batch time 0 
INFO:root:TEST batch 3 / 7 - partial error 0.1801 - partial loss 0.7716 - partial MRR  0.0000 - partial MAP 0.9454
INFO:root:TEST batch 3 / 7 -  partial tp {0: tensor(0), 1: tensor(164)},fn {0: tensor(34), 1: tensor(0)},fp {0: tensor(0), 1: tensor(34)}
INFO:root:TEST batch 3 / 7 - measures partial microavg - precision 0.8283 - recall 0.8283 - f1 0.8283 
INFO:root:TEST batch 3 / 7 - measures partial for class 0 - precision 0.0000 - recall 0.0000 - f1 0.0000 
INFO:root:TEST batch 3 / 7 - measures partial for class 1 - precision 0.8283 - recall 1.0000 - f1 0.9061 
INFO:root:TEST batch 3 / 7 - Batch time 0 
INFO:root:TEST batch 4 / 7 - partial error 0.1768 - partial loss 0.7823 - partial MRR  0.0000 - partial MAP 0.9364
INFO:root:TEST batch 4 / 7 -  partial tp {0: tensor(0), 1: tensor(165)},fn {0: tensor(33), 1: tensor(0)},fp {0: tensor(0), 1: tensor(33)}
INFO:root:TEST batch 4 / 7 - measures partial microavg - precision 0.8333 - recall 0.8333 - f1 0.8333 
INFO:root:TEST batch 4 / 7 - measures partial for class 0 - precision 0.0000 - recall 0.0000 - f1 0.0000 
INFO:root:TEST batch 4 / 7 - measures partial for class 1 - precision 0.8333 - recall 1.0000 - f1 0.9091 
INFO:root:TEST batch 4 / 7 - Batch time 0 
INFO:root:TEST batch 5 / 7 - partial error 0.1778 - partial loss 0.7658 - partial MRR  0.0000 - partial MAP 0.9412
INFO:root:TEST batch 5 / 7 -  partial tp {0: tensor(0), 1: tensor(162)},fn {0: tensor(36), 1: tensor(0)},fp {0: tensor(0), 1: tensor(36)}
INFO:root:TEST batch 5 / 7 - measures partial microavg - precision 0.8182 - recall 0.8182 - f1 0.8182 
INFO:root:TEST batch 5 / 7 - measures partial for class 0 - precision 0.0000 - recall 0.0000 - f1 0.0000 
INFO:root:TEST batch 5 / 7 - measures partial for class 1 - precision 0.8182 - recall 1.0000 - f1 0.9000 
INFO:root:TEST batch 5 / 7 - Batch time 0 
INFO:root:TEST batch 6 / 7 - partial error 0.1810 - partial loss 0.7716 - partial MRR  0.0000 - partial MAP 0.9413
INFO:root:TEST batch 6 / 7 -  partial tp {0: tensor(0), 1: tensor(159)},fn {0: tensor(39), 1: tensor(0)},fp {0: tensor(0), 1: tensor(39)}
INFO:root:TEST batch 6 / 7 - measures partial microavg - precision 0.8030 - recall 0.8030 - f1 0.8030 
INFO:root:TEST batch 6 / 7 - measures partial for class 0 - precision 0.0000 - recall 0.0000 - f1 0.0000 
INFO:root:TEST batch 6 / 7 - measures partial for class 1 - precision 0.8030 - recall 1.0000 - f1 0.8908 
INFO:root:TEST batch 6 / 7 - Batch time 0 
INFO:root:TEST batch 7 / 7 - partial error 0.1811 - partial loss 0.7782 - partial MRR  0.0000 - partial MAP 0.9413
INFO:root:TEST batch 7 / 7 -  partial tp {0: tensor(0), 1: tensor(162)},fn {0: tensor(36), 1: tensor(0)},fp {0: tensor(0), 1: tensor(36)}
INFO:root:TEST batch 7 / 7 - measures partial microavg - precision 0.8182 - recall 0.8182 - f1 0.8182 
INFO:root:TEST batch 7 / 7 - measures partial for class 0 - precision 0.0000 - recall 0.0000 - f1 0.0000 
INFO:root:TEST batch 7 / 7 - measures partial for class 1 - precision 0.8182 - recall 1.0000 - f1 0.9000 
INFO:root:TEST batch 7 / 7 - Batch time 0 
INFO:root:TEST mean losses tensor(0.7782)
INFO:root:TEST mean errors 0.18109668791294098
INFO:root:TEST mean MRR 0.0 - mean MAP 0.9412972927093506
INFO:root:TEST tp {0: tensor(0), 1: tensor(1135)},fn {0: tensor(251), 1: tensor(0)},fp {0: tensor(0), 1: tensor(251)}
INFO:root:TEST measures microavg - precision 0.8189 - recall 0.8189 - f1 0.8189 
INFO:root:TEST measures for class 0 - precision 0.0000 - recall 0.0000 - f1 0.0000 
INFO:root:TEST measures for class 1 - precision 0.8189 - recall 1.0000 - f1 0.9004 
INFO:root:TEST measures@10 microavg - precision 0.9571 - recall 0.0483 - f1 0.0920 
INFO:root:TEST measures@10 for class 0 - precision 0.0000 - recall 0.0000 - f1 0.0000 
INFO:root:TEST measures@10 for class 1 - precision 0.9571 - recall 0.0590 - f1 0.1112 
INFO:root:TEST measures@100 microavg - precision 0.8601 - recall 0.4791 - f1 0.6154 
INFO:root:TEST measures@100 for class 0 - precision 0.5417 - recall 0.1554 - f1 0.2415 
INFO:root:TEST measures@100 for class 1 - precision 0.8929 - recall 0.5507 - f1 0.6812 
INFO:root:TEST measures@1000 microavg - precision 0.7280 - recall 0.7280 - f1 0.7280 
INFO:root:TEST measures@1000 for class 0 - precision 0.2717 - recall 0.2988 - f1 0.2846 
INFO:root:TEST measures@1000 for class 1 - precision 0.8414 - recall 0.8229 - f1 0.8321 
INFO:root:TEST Total epoch time: 0.09052306500007035
INFO:root:################ TRAIN epoch 50 ###################
INFO:root:TRAIN mean losses tensor(0.7190)
INFO:root:TRAIN mean errors 0.17474748194217682
INFO:root:TRAIN mean MRR 0.0 - mean MAP 0.9567087888717651
INFO:root:TRAIN tp {0: tensor(0), 1: tensor(4902)},fn {0: tensor(1038), 1: tensor(0)},fp {0: tensor(0), 1: tensor(1038)}
INFO:root:TRAIN measures microavg - precision 0.8253 - recall 0.8253 - f1 0.8253 
INFO:root:TRAIN measures for class 0 - precision 0.0000 - recall 0.0000 - f1 0.0000 
INFO:root:TRAIN measures for class 1 - precision 0.8253 - recall 1.0000 - f1 0.9043 
INFO:root:TRAIN measures@10 microavg - precision 0.9801 - recall 0.0498 - f1 0.0948 
INFO:root:TRAIN measures@10 for class 0 - precision 1.0000 - recall 0.0019 - f1 0.0038 
INFO:root:TRAIN measures@10 for class 1 - precision 0.9800 - recall 0.0600 - f1 0.1130 
INFO:root:TRAIN measures@100 microavg - precision 0.8600 - recall 0.4912 - f1 0.6253 
INFO:root:TRAIN measures@100 for class 0 - precision 0.4835 - recall 0.1840 - f1 0.2666 
INFO:root:TRAIN measures@100 for class 1 - precision 0.9096 - recall 0.5563 - f1 0.6904 
INFO:root:TRAIN measures@1000 microavg - precision 0.6961 - recall 0.6961 - f1 0.6961 
INFO:root:TRAIN measures@1000 for class 0 - precision 0.2577 - recall 0.3931 - f1 0.3113 
INFO:root:TRAIN measures@1000 for class 1 - precision 0.8554 - recall 0.7603 - f1 0.8051 
INFO:root:TRAIN Total epoch time: 0.6552695850000418
INFO:root:################ VALID epoch 50 ###################
INFO:root:VALID mean losses tensor(0.7158)
INFO:root:VALID mean errors 0.17255891859531403
INFO:root:VALID mean MRR 0.0 - mean MAP 0.9566662907600403
INFO:root:VALID tp {0: tensor(0), 1: tensor(983)},fn {0: tensor(205), 1: tensor(0)},fp {0: tensor(0), 1: tensor(205)}
INFO:root:VALID measures microavg - precision 0.8274 - recall 0.8274 - f1 0.8274 
INFO:root:VALID measures for class 0 - precision 0.0000 - recall 0.0000 - f1 0.0000 
INFO:root:VALID measures for class 1 - precision 0.8274 - recall 1.0000 - f1 0.9056 
INFO:root:VALID measures@10 microavg - precision 0.9677 - recall 0.0505 - f1 0.0960 
INFO:root:VALID measures@10 for class 0 - precision 1.0000 - recall 0.0098 - f1 0.0193 
INFO:root:VALID measures@10 for class 1 - precision 0.9667 - recall 0.0590 - f1 0.1112 
INFO:root:VALID measures@100 microavg - precision 0.8958 - recall 0.4848 - f1 0.6292 
INFO:root:VALID measures@100 for class 0 - precision 0.5814 - recall 0.1220 - f1 0.2016 
INFO:root:VALID measures@100 for class 1 - precision 0.9183 - recall 0.5605 - f1 0.6961 
INFO:root:VALID measures@1000 microavg - precision 0.7382 - recall 0.7382 - f1 0.7382 
INFO:root:VALID measures@1000 for class 0 - precision 0.2211 - recall 0.2049 - f1 0.2127 
INFO:root:VALID measures@1000 for class 1 - precision 0.8367 - recall 0.8494 - f1 0.8430 
INFO:root:VALID Total epoch time: 0.06467579599984674
INFO:root:################ TEST epoch 50 ###################
INFO:root:TEST batch 1 / 7 - partial error 0.1919 - partial loss 0.7782 - partial MRR  0.0000 - partial MAP 0.9462
INFO:root:TEST batch 1 / 7 -  partial tp {0: tensor(0), 1: tensor(160)},fn {0: tensor(38), 1: tensor(0)},fp {0: tensor(0), 1: tensor(38)}
INFO:root:TEST batch 1 / 7 - measures partial microavg - precision 0.8081 - recall 0.8081 - f1 0.8081 
INFO:root:TEST batch 1 / 7 - measures partial for class 0 - precision 0.0000 - recall 0.0000 - f1 0.0000 
INFO:root:TEST batch 1 / 7 - measures partial for class 1 - precision 0.8081 - recall 1.0000 - f1 0.8939 
INFO:root:TEST batch 1 / 7 - Batch time 0 
INFO:root:TEST batch 2 / 7 - partial error 0.1843 - partial loss 0.7378 - partial MRR  0.0000 - partial MAP 0.9551
INFO:root:TEST batch 2 / 7 -  partial tp {0: tensor(0), 1: tensor(163)},fn {0: tensor(35), 1: tensor(0)},fp {0: tensor(0), 1: tensor(35)}
INFO:root:TEST batch 2 / 7 - measures partial microavg - precision 0.8232 - recall 0.8232 - f1 0.8232 
INFO:root:TEST batch 2 / 7 - measures partial for class 0 - precision 0.0000 - recall 0.0000 - f1 0.0000 
INFO:root:TEST batch 2 / 7 - measures partial for class 1 - precision 0.8232 - recall 1.0000 - f1 0.9030 
INFO:root:TEST batch 2 / 7 - Batch time 0 
INFO:root:TEST batch 3 / 7 - partial error 0.1801 - partial loss 0.7360 - partial MRR  0.0000 - partial MAP 0.9554
INFO:root:TEST batch 3 / 7 -  partial tp {0: tensor(0), 1: tensor(164)},fn {0: tensor(34), 1: tensor(0)},fp {0: tensor(0), 1: tensor(34)}
INFO:root:TEST batch 3 / 7 - measures partial microavg - precision 0.8283 - recall 0.8283 - f1 0.8283 
INFO:root:TEST batch 3 / 7 - measures partial for class 0 - precision 0.0000 - recall 0.0000 - f1 0.0000 
INFO:root:TEST batch 3 / 7 - measures partial for class 1 - precision 0.8283 - recall 1.0000 - f1 0.9061 
INFO:root:TEST batch 3 / 7 - Batch time 0 
INFO:root:TEST batch 4 / 7 - partial error 0.1768 - partial loss 0.7502 - partial MRR  0.0000 - partial MAP 0.9489
INFO:root:TEST batch 4 / 7 -  partial tp {0: tensor(0), 1: tensor(165)},fn {0: tensor(33), 1: tensor(0)},fp {0: tensor(0), 1: tensor(33)}
INFO:root:TEST batch 4 / 7 - measures partial microavg - precision 0.8333 - recall 0.8333 - f1 0.8333 
INFO:root:TEST batch 4 / 7 - measures partial for class 0 - precision 0.0000 - recall 0.0000 - f1 0.0000 
INFO:root:TEST batch 4 / 7 - measures partial for class 1 - precision 0.8333 - recall 1.0000 - f1 0.9091 
INFO:root:TEST batch 4 / 7 - Batch time 0 
INFO:root:TEST batch 5 / 7 - partial error 0.1778 - partial loss 0.7429 - partial MRR  0.0000 - partial MAP 0.9503
INFO:root:TEST batch 5 / 7 -  partial tp {0: tensor(0), 1: tensor(162)},fn {0: tensor(36), 1: tensor(0)},fp {0: tensor(0), 1: tensor(36)}
INFO:root:TEST batch 5 / 7 - measures partial microavg - precision 0.8182 - recall 0.8182 - f1 0.8182 
INFO:root:TEST batch 5 / 7 - measures partial for class 0 - precision 0.0000 - recall 0.0000 - f1 0.0000 
INFO:root:TEST batch 5 / 7 - measures partial for class 1 - precision 0.8182 - recall 1.0000 - f1 0.9000 
INFO:root:TEST batch 5 / 7 - Batch time 0 
INFO:root:TEST batch 6 / 7 - partial error 0.1810 - partial loss 0.7550 - partial MRR  0.0000 - partial MAP 0.9485
INFO:root:TEST batch 6 / 7 -  partial tp {0: tensor(0), 1: tensor(159)},fn {0: tensor(39), 1: tensor(0)},fp {0: tensor(0), 1: tensor(39)}
INFO:root:TEST batch 6 / 7 - measures partial microavg - precision 0.8030 - recall 0.8030 - f1 0.8030 
INFO:root:TEST batch 6 / 7 - measures partial for class 0 - precision 0.0000 - recall 0.0000 - f1 0.0000 
INFO:root:TEST batch 6 / 7 - measures partial for class 1 - precision 0.8030 - recall 1.0000 - f1 0.8908 
INFO:root:TEST batch 6 / 7 - Batch time 0 
INFO:root:TEST batch 7 / 7 - partial error 0.1811 - partial loss 0.7583 - partial MRR  0.0000 - partial MAP 0.9483
INFO:root:TEST batch 7 / 7 -  partial tp {0: tensor(0), 1: tensor(162)},fn {0: tensor(36), 1: tensor(0)},fp {0: tensor(0), 1: tensor(36)}
INFO:root:TEST batch 7 / 7 - measures partial microavg - precision 0.8182 - recall 0.8182 - f1 0.8182 
INFO:root:TEST batch 7 / 7 - measures partial for class 0 - precision 0.0000 - recall 0.0000 - f1 0.0000 
INFO:root:TEST batch 7 / 7 - measures partial for class 1 - precision 0.8182 - recall 1.0000 - f1 0.9000 
INFO:root:TEST batch 7 / 7 - Batch time 0 
INFO:root:TEST mean losses tensor(0.7583)
INFO:root:TEST mean errors 0.18109668791294098
INFO:root:TEST mean MRR 0.0 - mean MAP 0.9482825994491577
INFO:root:TEST tp {0: tensor(0), 1: tensor(1135)},fn {0: tensor(251), 1: tensor(0)},fp {0: tensor(0), 1: tensor(251)}
INFO:root:TEST measures microavg - precision 0.8189 - recall 0.8189 - f1 0.8189 
INFO:root:TEST measures for class 0 - precision 0.0000 - recall 0.0000 - f1 0.0000 
INFO:root:TEST measures for class 1 - precision 0.8189 - recall 1.0000 - f1 0.9004 
INFO:root:TEST measures@10 microavg - precision 0.9571 - recall 0.0483 - f1 0.0920 
INFO:root:TEST measures@10 for class 0 - precision 0.0000 - recall 0.0000 - f1 0.0000 
INFO:root:TEST measures@10 for class 1 - precision 0.9571 - recall 0.0590 - f1 0.1112 
INFO:root:TEST measures@100 microavg - precision 0.8264 - recall 0.4841 - f1 0.6106 
INFO:root:TEST measures@100 for class 0 - precision 0.5179 - recall 0.2311 - f1 0.3196 
INFO:root:TEST measures@100 for class 1 - precision 0.8757 - recall 0.5401 - f1 0.6681 
INFO:root:TEST measures@1000 microavg - precision 0.6486 - recall 0.6486 - f1 0.6486 
INFO:root:TEST measures@1000 for class 0 - precision 0.2294 - recall 0.3984 - f1 0.2911 
INFO:root:TEST measures@1000 for class 1 - precision 0.8411 - recall 0.7040 - f1 0.7664 
INFO:root:TEST Total epoch time: 0.08459119500002998
INFO:root:################ TRAIN epoch 51 ###################
INFO:root:TRAIN mean losses tensor(0.7147)
INFO:root:TRAIN mean errors 0.17474748194217682
INFO:root:TRAIN mean MRR 0.0 - mean MAP 0.9583483934402466
INFO:root:TRAIN tp {0: tensor(0), 1: tensor(4902)},fn {0: tensor(1038), 1: tensor(0)},fp {0: tensor(0), 1: tensor(1038)}
INFO:root:TRAIN measures microavg - precision 0.8253 - recall 0.8253 - f1 0.8253 
INFO:root:TRAIN measures for class 0 - precision 0.0000 - recall 0.0000 - f1 0.0000 
INFO:root:TRAIN measures for class 1 - precision 0.8253 - recall 1.0000 - f1 0.9043 
INFO:root:TRAIN measures@10 microavg - precision 0.9741 - recall 0.0507 - f1 0.0963 
INFO:root:TRAIN measures@10 for class 0 - precision 0.8889 - recall 0.0077 - f1 0.0153 
INFO:root:TRAIN measures@10 for class 1 - precision 0.9767 - recall 0.0598 - f1 0.1126 
INFO:root:TRAIN measures@100 microavg - precision 0.8560 - recall 0.4944 - f1 0.6268 
INFO:root:TRAIN measures@100 for class 0 - precision 0.5058 - recall 0.2100 - f1 0.2968 
INFO:root:TRAIN measures@100 for class 1 - precision 0.9063 - recall 0.5547 - f1 0.6882 
INFO:root:TRAIN measures@1000 microavg - precision 0.6709 - recall 0.6709 - f1 0.6709 
INFO:root:TRAIN measures@1000 for class 0 - precision 0.2411 - recall 0.4114 - f1 0.3040 
INFO:root:TRAIN measures@1000 for class 1 - precision 0.8534 - recall 0.7258 - f1 0.7845 
INFO:root:TRAIN Total epoch time: 0.5490234789999704
INFO:root:################ VALID epoch 51 ###################
INFO:root:VALID mean losses tensor(0.7191)
INFO:root:VALID mean errors 0.17255891859531403
INFO:root:VALID mean MRR 0.0 - mean MAP 0.9590626955032349
INFO:root:VALID tp {0: tensor(0), 1: tensor(983)},fn {0: tensor(205), 1: tensor(0)},fp {0: tensor(0), 1: tensor(205)}
INFO:root:VALID measures microavg - precision 0.8274 - recall 0.8274 - f1 0.8274 
INFO:root:VALID measures for class 0 - precision 0.0000 - recall 0.0000 - f1 0.0000 
INFO:root:VALID measures for class 1 - precision 0.8274 - recall 1.0000 - f1 0.9056 
INFO:root:VALID measures@10 microavg - precision 0.9672 - recall 0.0497 - f1 0.0945 
INFO:root:VALID measures@10 for class 0 - precision 1.0000 - recall 0.0049 - f1 0.0097 
INFO:root:VALID measures@10 for class 1 - precision 0.9667 - recall 0.0590 - f1 0.1112 
INFO:root:VALID measures@100 microavg - precision 0.8444 - recall 0.4933 - f1 0.6227 
INFO:root:VALID measures@100 for class 0 - precision 0.5213 - recall 0.2390 - f1 0.3278 
INFO:root:VALID measures@100 for class 1 - precision 0.8950 - recall 0.5463 - f1 0.6785 
INFO:root:VALID measures@1000 microavg - precision 0.6650 - recall 0.6650 - f1 0.6650 
INFO:root:VALID measures@1000 for class 0 - precision 0.2297 - recall 0.4000 - f1 0.2918 
INFO:root:VALID measures@1000 for class 1 - precision 0.8520 - recall 0.7202 - f1 0.7806 
INFO:root:VALID Total epoch time: 0.06393261799985339
INFO:root:################ TEST epoch 51 ###################
INFO:root:TEST batch 1 / 7 - partial error 0.1919 - partial loss 0.8126 - partial MRR  0.0000 - partial MAP 0.9389
INFO:root:TEST batch 1 / 7 -  partial tp {0: tensor(0), 1: tensor(160)},fn {0: tensor(38), 1: tensor(0)},fp {0: tensor(0), 1: tensor(38)}
INFO:root:TEST batch 1 / 7 - measures partial microavg - precision 0.8081 - recall 0.8081 - f1 0.8081 
INFO:root:TEST batch 1 / 7 - measures partial for class 0 - precision 0.0000 - recall 0.0000 - f1 0.0000 
INFO:root:TEST batch 1 / 7 - measures partial for class 1 - precision 0.8081 - recall 1.0000 - f1 0.8939 
INFO:root:TEST batch 1 / 7 - Batch time 0 
INFO:root:TEST batch 2 / 7 - partial error 0.1843 - partial loss 0.7741 - partial MRR  0.0000 - partial MAP 0.9479
INFO:root:TEST batch 2 / 7 -  partial tp {0: tensor(0), 1: tensor(163)},fn {0: tensor(35), 1: tensor(0)},fp {0: tensor(0), 1: tensor(35)}
INFO:root:TEST batch 2 / 7 - measures partial microavg - precision 0.8232 - recall 0.8232 - f1 0.8232 
INFO:root:TEST batch 2 / 7 - measures partial for class 0 - precision 0.0000 - recall 0.0000 - f1 0.0000 
INFO:root:TEST batch 2 / 7 - measures partial for class 1 - precision 0.8232 - recall 1.0000 - f1 0.9030 
INFO:root:TEST batch 2 / 7 - Batch time 0 
INFO:root:TEST batch 3 / 7 - partial error 0.1801 - partial loss 0.7520 - partial MRR  0.0000 - partial MAP 0.9513
INFO:root:TEST batch 3 / 7 -  partial tp {0: tensor(0), 1: tensor(164)},fn {0: tensor(34), 1: tensor(0)},fp {0: tensor(0), 1: tensor(34)}
INFO:root:TEST batch 3 / 7 - measures partial microavg - precision 0.8283 - recall 0.8283 - f1 0.8283 
INFO:root:TEST batch 3 / 7 - measures partial for class 0 - precision 0.0000 - recall 0.0000 - f1 0.0000 
INFO:root:TEST batch 3 / 7 - measures partial for class 1 - precision 0.8283 - recall 1.0000 - f1 0.9061 
INFO:root:TEST batch 3 / 7 - Batch time 0 
INFO:root:TEST batch 4 / 7 - partial error 0.1768 - partial loss 0.7594 - partial MRR  0.0000 - partial MAP 0.9472
INFO:root:TEST batch 4 / 7 -  partial tp {0: tensor(0), 1: tensor(165)},fn {0: tensor(33), 1: tensor(0)},fp {0: tensor(0), 1: tensor(33)}
INFO:root:TEST batch 4 / 7 - measures partial microavg - precision 0.8333 - recall 0.8333 - f1 0.8333 
INFO:root:TEST batch 4 / 7 - measures partial for class 0 - precision 0.0000 - recall 0.0000 - f1 0.0000 
INFO:root:TEST batch 4 / 7 - measures partial for class 1 - precision 0.8333 - recall 1.0000 - f1 0.9091 
INFO:root:TEST batch 4 / 7 - Batch time 0 
INFO:root:TEST batch 5 / 7 - partial error 0.1778 - partial loss 0.7499 - partial MRR  0.0000 - partial MAP 0.9495
INFO:root:TEST batch 5 / 7 -  partial tp {0: tensor(0), 1: tensor(162)},fn {0: tensor(36), 1: tensor(0)},fp {0: tensor(0), 1: tensor(36)}
INFO:root:TEST batch 5 / 7 - measures partial microavg - precision 0.8182 - recall 0.8182 - f1 0.8182 
INFO:root:TEST batch 5 / 7 - measures partial for class 0 - precision 0.0000 - recall 0.0000 - f1 0.0000 
INFO:root:TEST batch 5 / 7 - measures partial for class 1 - precision 0.8182 - recall 1.0000 - f1 0.9000 
INFO:root:TEST batch 5 / 7 - Batch time 0 
INFO:root:TEST batch 6 / 7 - partial error 0.1810 - partial loss 0.7644 - partial MRR  0.0000 - partial MAP 0.9473
INFO:root:TEST batch 6 / 7 -  partial tp {0: tensor(0), 1: tensor(159)},fn {0: tensor(39), 1: tensor(0)},fp {0: tensor(0), 1: tensor(39)}
INFO:root:TEST batch 6 / 7 - measures partial microavg - precision 0.8030 - recall 0.8030 - f1 0.8030 
INFO:root:TEST batch 6 / 7 - measures partial for class 0 - precision 0.0000 - recall 0.0000 - f1 0.0000 
INFO:root:TEST batch 6 / 7 - measures partial for class 1 - precision 0.8030 - recall 1.0000 - f1 0.8908 
INFO:root:TEST batch 6 / 7 - Batch time 0 
INFO:root:TEST batch 7 / 7 - partial error 0.1811 - partial loss 0.7716 - partial MRR  0.0000 - partial MAP 0.9464
INFO:root:TEST batch 7 / 7 -  partial tp {0: tensor(0), 1: tensor(162)},fn {0: tensor(36), 1: tensor(0)},fp {0: tensor(0), 1: tensor(36)}
INFO:root:TEST batch 7 / 7 - measures partial microavg - precision 0.8182 - recall 0.8182 - f1 0.8182 
INFO:root:TEST batch 7 / 7 - measures partial for class 0 - precision 0.0000 - recall 0.0000 - f1 0.0000 
INFO:root:TEST batch 7 / 7 - measures partial for class 1 - precision 0.8182 - recall 1.0000 - f1 0.9000 
INFO:root:TEST batch 7 / 7 - Batch time 0 
INFO:root:TEST mean losses tensor(0.7716)
INFO:root:TEST mean errors 0.18109668791294098
INFO:root:TEST mean MRR 0.0 - mean MAP 0.9463692903518677
INFO:root:TEST tp {0: tensor(0), 1: tensor(1135)},fn {0: tensor(251), 1: tensor(0)},fp {0: tensor(0), 1: tensor(251)}
INFO:root:TEST measures microavg - precision 0.8189 - recall 0.8189 - f1 0.8189 
INFO:root:TEST measures for class 0 - precision 0.0000 - recall 0.0000 - f1 0.0000 
INFO:root:TEST measures for class 1 - precision 0.8189 - recall 1.0000 - f1 0.9004 
INFO:root:TEST measures@10 microavg - precision 0.9857 - recall 0.0498 - f1 0.0948 
INFO:root:TEST measures@10 for class 0 - precision 0.0000 - recall 0.0000 - f1 0.0000 
INFO:root:TEST measures@10 for class 1 - precision 0.9857 - recall 0.0608 - f1 0.1145 
INFO:root:TEST measures@100 microavg - precision 0.8321 - recall 0.4827 - f1 0.6110 
INFO:root:TEST measures@100 for class 0 - precision 0.5385 - recall 0.2231 - f1 0.3155 
INFO:root:TEST measures@100 for class 1 - precision 0.8757 - recall 0.5401 - f1 0.6681 
INFO:root:TEST measures@1000 microavg - precision 0.6595 - recall 0.6595 - f1 0.6595 
INFO:root:TEST measures@1000 for class 0 - precision 0.2400 - recall 0.4064 - f1 0.3018 
INFO:root:TEST measures@1000 for class 1 - precision 0.8450 - recall 0.7154 - f1 0.7748 
INFO:root:TEST Total epoch time: 0.0841063729999405
INFO:root:################ TRAIN epoch 52 ###################
INFO:root:TRAIN mean losses tensor(0.7192)
INFO:root:TRAIN mean errors 0.17474748194217682
INFO:root:TRAIN mean MRR 0.0 - mean MAP 0.9578170776367188
INFO:root:TRAIN tp {0: tensor(0), 1: tensor(4902)},fn {0: tensor(1038), 1: tensor(0)},fp {0: tensor(0), 1: tensor(1038)}
INFO:root:TRAIN measures microavg - precision 0.8253 - recall 0.8253 - f1 0.8253 
INFO:root:TRAIN measures for class 0 - precision 0.0000 - recall 0.0000 - f1 0.0000 
INFO:root:TRAIN measures for class 1 - precision 0.8253 - recall 1.0000 - f1 0.9043 
INFO:root:TRAIN measures@10 microavg - precision 0.9767 - recall 0.0493 - f1 0.0939 
INFO:root:TRAIN measures@10 for class 0 - precision 0.0000 - recall 0.0000 - f1 0.0000 
INFO:root:TRAIN measures@10 for class 1 - precision 0.9767 - recall 0.0598 - f1 0.1126 
INFO:root:TRAIN measures@100 microavg - precision 0.8611 - recall 0.4928 - f1 0.6268 
INFO:root:TRAIN measures@100 for class 0 - precision 0.4888 - recall 0.1888 - f1 0.2724 
INFO:root:TRAIN measures@100 for class 1 - precision 0.9109 - recall 0.5571 - f1 0.6914 
INFO:root:TRAIN measures@1000 microavg - precision 0.6985 - recall 0.6985 - f1 0.6985 
INFO:root:TRAIN measures@1000 for class 0 - precision 0.2566 - recall 0.3825 - f1 0.3072 
INFO:root:TRAIN measures@1000 for class 1 - precision 0.8541 - recall 0.7654 - f1 0.8073 
INFO:root:TRAIN Total epoch time: 0.5710206439998728
INFO:root:################ VALID epoch 52 ###################
INFO:root:VALID mean losses tensor(0.7015)
INFO:root:VALID mean errors 0.17255891859531403
INFO:root:VALID mean MRR 0.0 - mean MAP 0.95965176820755
INFO:root:VALID tp {0: tensor(0), 1: tensor(983)},fn {0: tensor(205), 1: tensor(0)},fp {0: tensor(0), 1: tensor(205)}
INFO:root:VALID measures microavg - precision 0.8274 - recall 0.8274 - f1 0.8274 
INFO:root:VALID measures for class 0 - precision 0.0000 - recall 0.0000 - f1 0.0000 
INFO:root:VALID measures for class 1 - precision 0.8274 - recall 1.0000 - f1 0.9056 
INFO:root:VALID measures@10 microavg - precision 0.9667 - recall 0.0488 - f1 0.0929 
INFO:root:VALID measures@10 for class 0 - precision 0.0000 - recall 0.0000 - f1 0.0000 
INFO:root:VALID measures@10 for class 1 - precision 0.9667 - recall 0.0590 - f1 0.1112 
INFO:root:VALID measures@100 microavg - precision 0.8601 - recall 0.4966 - f1 0.6297 
INFO:root:VALID measures@100 for class 0 - precision 0.5233 - recall 0.2195 - f1 0.3093 
INFO:root:VALID measures@100 for class 1 - precision 0.9083 - recall 0.5544 - f1 0.6886 
INFO:root:VALID measures@1000 microavg - precision 0.6574 - recall 0.6574 - f1 0.6574 
INFO:root:VALID measures@1000 for class 0 - precision 0.2549 - recall 0.5122 - f1 0.3404 
INFO:root:VALID measures@1000 for class 1 - precision 0.8711 - recall 0.6877 - f1 0.7686 
INFO:root:VALID Total epoch time: 0.07074005300000863
INFO:root:################ TEST epoch 52 ###################
INFO:root:TEST batch 1 / 7 - partial error 0.1919 - partial loss 0.8583 - partial MRR  0.0000 - partial MAP 0.9155
INFO:root:TEST batch 1 / 7 -  partial tp {0: tensor(0), 1: tensor(160)},fn {0: tensor(38), 1: tensor(0)},fp {0: tensor(0), 1: tensor(38)}
INFO:root:TEST batch 1 / 7 - measures partial microavg - precision 0.8081 - recall 0.8081 - f1 0.8081 
INFO:root:TEST batch 1 / 7 - measures partial for class 0 - precision 0.0000 - recall 0.0000 - f1 0.0000 
INFO:root:TEST batch 1 / 7 - measures partial for class 1 - precision 0.8081 - recall 1.0000 - f1 0.8939 
INFO:root:TEST batch 1 / 7 - Batch time 0 
INFO:root:TEST batch 2 / 7 - partial error 0.1843 - partial loss 0.7902 - partial MRR  0.0000 - partial MAP 0.9381
INFO:root:TEST batch 2 / 7 -  partial tp {0: tensor(0), 1: tensor(163)},fn {0: tensor(35), 1: tensor(0)},fp {0: tensor(0), 1: tensor(35)}
INFO:root:TEST batch 2 / 7 - measures partial microavg - precision 0.8232 - recall 0.8232 - f1 0.8232 
INFO:root:TEST batch 2 / 7 - measures partial for class 0 - precision 0.0000 - recall 0.0000 - f1 0.0000 
INFO:root:TEST batch 2 / 7 - measures partial for class 1 - precision 0.8232 - recall 1.0000 - f1 0.9030 
INFO:root:TEST batch 2 / 7 - Batch time 0 
INFO:root:TEST batch 3 / 7 - partial error 0.1801 - partial loss 0.7586 - partial MRR  0.0000 - partial MAP 0.9449
INFO:root:TEST batch 3 / 7 -  partial tp {0: tensor(0), 1: tensor(164)},fn {0: tensor(34), 1: tensor(0)},fp {0: tensor(0), 1: tensor(34)}
INFO:root:TEST batch 3 / 7 - measures partial microavg - precision 0.8283 - recall 0.8283 - f1 0.8283 
INFO:root:TEST batch 3 / 7 - measures partial for class 0 - precision 0.0000 - recall 0.0000 - f1 0.0000 
INFO:root:TEST batch 3 / 7 - measures partial for class 1 - precision 0.8283 - recall 1.0000 - f1 0.9061 
INFO:root:TEST batch 3 / 7 - Batch time 0 
INFO:root:TEST batch 4 / 7 - partial error 0.1768 - partial loss 0.7672 - partial MRR  0.0000 - partial MAP 0.9377
INFO:root:TEST batch 4 / 7 -  partial tp {0: tensor(0), 1: tensor(165)},fn {0: tensor(33), 1: tensor(0)},fp {0: tensor(0), 1: tensor(33)}
INFO:root:TEST batch 4 / 7 - measures partial microavg - precision 0.8333 - recall 0.8333 - f1 0.8333 
INFO:root:TEST batch 4 / 7 - measures partial for class 0 - precision 0.0000 - recall 0.0000 - f1 0.0000 
INFO:root:TEST batch 4 / 7 - measures partial for class 1 - precision 0.8333 - recall 1.0000 - f1 0.9091 
INFO:root:TEST batch 4 / 7 - Batch time 0 
INFO:root:TEST batch 5 / 7 - partial error 0.1778 - partial loss 0.7610 - partial MRR  0.0000 - partial MAP 0.9405
INFO:root:TEST batch 5 / 7 -  partial tp {0: tensor(0), 1: tensor(162)},fn {0: tensor(36), 1: tensor(0)},fp {0: tensor(0), 1: tensor(36)}
INFO:root:TEST batch 5 / 7 - measures partial microavg - precision 0.8182 - recall 0.8182 - f1 0.8182 
INFO:root:TEST batch 5 / 7 - measures partial for class 0 - precision 0.0000 - recall 0.0000 - f1 0.0000 
INFO:root:TEST batch 5 / 7 - measures partial for class 1 - precision 0.8182 - recall 1.0000 - f1 0.9000 
INFO:root:TEST batch 5 / 7 - Batch time 0 
INFO:root:TEST batch 6 / 7 - partial error 0.1810 - partial loss 0.7818 - partial MRR  0.0000 - partial MAP 0.9379
INFO:root:TEST batch 6 / 7 -  partial tp {0: tensor(0), 1: tensor(159)},fn {0: tensor(39), 1: tensor(0)},fp {0: tensor(0), 1: tensor(39)}
INFO:root:TEST batch 6 / 7 - measures partial microavg - precision 0.8030 - recall 0.8030 - f1 0.8030 
INFO:root:TEST batch 6 / 7 - measures partial for class 0 - precision 0.0000 - recall 0.0000 - f1 0.0000 
INFO:root:TEST batch 6 / 7 - measures partial for class 1 - precision 0.8030 - recall 1.0000 - f1 0.8908 
INFO:root:TEST batch 6 / 7 - Batch time 0 
INFO:root:TEST batch 7 / 7 - partial error 0.1811 - partial loss 0.7864 - partial MRR  0.0000 - partial MAP 0.9399
INFO:root:TEST batch 7 / 7 -  partial tp {0: tensor(0), 1: tensor(162)},fn {0: tensor(36), 1: tensor(0)},fp {0: tensor(0), 1: tensor(36)}
INFO:root:TEST batch 7 / 7 - measures partial microavg - precision 0.8182 - recall 0.8182 - f1 0.8182 
INFO:root:TEST batch 7 / 7 - measures partial for class 0 - precision 0.0000 - recall 0.0000 - f1 0.0000 
INFO:root:TEST batch 7 / 7 - measures partial for class 1 - precision 0.8182 - recall 1.0000 - f1 0.9000 
INFO:root:TEST batch 7 / 7 - Batch time 0 
INFO:root:TEST mean losses tensor(0.7864)
INFO:root:TEST mean errors 0.18109668791294098
INFO:root:TEST mean MRR 0.0 - mean MAP 0.9398975372314453
INFO:root:TEST tp {0: tensor(0), 1: tensor(1135)},fn {0: tensor(251), 1: tensor(0)},fp {0: tensor(0), 1: tensor(251)}
INFO:root:TEST measures microavg - precision 0.8189 - recall 0.8189 - f1 0.8189 
INFO:root:TEST measures for class 0 - precision 0.0000 - recall 0.0000 - f1 0.0000 
INFO:root:TEST measures for class 1 - precision 0.8189 - recall 1.0000 - f1 0.9004 
INFO:root:TEST measures@10 microavg - precision 0.9571 - recall 0.0483 - f1 0.0920 
INFO:root:TEST measures@10 for class 0 - precision 0.0000 - recall 0.0000 - f1 0.0000 
INFO:root:TEST measures@10 for class 1 - precision 0.9571 - recall 0.0590 - f1 0.1112 
INFO:root:TEST measures@100 microavg - precision 0.8472 - recall 0.4639 - f1 0.5995 
INFO:root:TEST measures@100 for class 0 - precision 0.3898 - recall 0.0916 - f1 0.1484 
INFO:root:TEST measures@100 for class 1 - precision 0.8857 - recall 0.5463 - f1 0.6757 
INFO:root:TEST measures@1000 microavg - precision 0.7128 - recall 0.7128 - f1 0.7128 
INFO:root:TEST measures@1000 for class 0 - precision 0.2140 - recall 0.2191 - f1 0.2165 
INFO:root:TEST measures@1000 for class 1 - precision 0.8264 - recall 0.8220 - f1 0.8242 
INFO:root:TEST Total epoch time: 0.090624987999945
INFO:root:################ TRAIN epoch 53 ###################
INFO:root:TRAIN mean losses tensor(0.7176)
INFO:root:TRAIN mean errors 0.17474748194217682
INFO:root:TRAIN mean MRR 0.0 - mean MAP 0.9577333927154541
INFO:root:TRAIN tp {0: tensor(0), 1: tensor(4902)},fn {0: tensor(1038), 1: tensor(0)},fp {0: tensor(0), 1: tensor(1038)}
INFO:root:TRAIN measures microavg - precision 0.8253 - recall 0.8253 - f1 0.8253 
INFO:root:TRAIN measures for class 0 - precision 0.0000 - recall 0.0000 - f1 0.0000 
INFO:root:TRAIN measures for class 1 - precision 0.8253 - recall 1.0000 - f1 0.9043 
INFO:root:TRAIN measures@10 microavg - precision 0.9767 - recall 0.0495 - f1 0.0942 
INFO:root:TRAIN measures@10 for class 0 - precision 0.0000 - recall 0.0000 - f1 0.0000 
INFO:root:TRAIN measures@10 for class 1 - precision 0.9800 - recall 0.0600 - f1 0.1130 
INFO:root:TRAIN measures@100 microavg - precision 0.8663 - recall 0.4918 - f1 0.6274 
INFO:root:TRAIN measures@100 for class 0 - precision 0.4919 - recall 0.1763 - f1 0.2596 
INFO:root:TRAIN measures@100 for class 1 - precision 0.9127 - recall 0.5585 - f1 0.6930 
INFO:root:TRAIN measures@1000 microavg - precision 0.7079 - recall 0.7079 - f1 0.7079 
INFO:root:TRAIN measures@1000 for class 0 - precision 0.2637 - recall 0.3748 - f1 0.3096 
INFO:root:TRAIN measures@1000 for class 1 - precision 0.8546 - recall 0.7785 - f1 0.8148 
INFO:root:TRAIN Total epoch time: 0.5920442479996382
INFO:root:################ VALID epoch 53 ###################
INFO:root:VALID mean losses tensor(0.7065)
INFO:root:VALID mean errors 0.17255891859531403
INFO:root:VALID mean MRR 0.0 - mean MAP 0.9566729664802551
INFO:root:VALID tp {0: tensor(0), 1: tensor(983)},fn {0: tensor(205), 1: tensor(0)},fp {0: tensor(0), 1: tensor(205)}
INFO:root:VALID measures microavg - precision 0.8274 - recall 0.8274 - f1 0.8274 
INFO:root:VALID measures for class 0 - precision 0.0000 - recall 0.0000 - f1 0.0000 
INFO:root:VALID measures for class 1 - precision 0.8274 - recall 1.0000 - f1 0.9056 
INFO:root:VALID measures@10 microavg - precision 0.9667 - recall 0.0488 - f1 0.0929 
INFO:root:VALID measures@10 for class 0 - precision 0.0000 - recall 0.0000 - f1 0.0000 
INFO:root:VALID measures@10 for class 1 - precision 0.9667 - recall 0.0590 - f1 0.1112 
INFO:root:VALID measures@100 microavg - precision 0.8605 - recall 0.4882 - f1 0.6230 
INFO:root:VALID measures@100 for class 0 - precision 0.4865 - recall 0.1756 - f1 0.2581 
INFO:root:VALID measures@100 for class 1 - precision 0.9067 - recall 0.5534 - f1 0.6873 
INFO:root:VALID measures@1000 microavg - precision 0.6734 - recall 0.6734 - f1 0.6734 
INFO:root:VALID measures@1000 for class 0 - precision 0.2269 - recall 0.3707 - f1 0.2815 
INFO:root:VALID measures@1000 for class 1 - precision 0.8488 - recall 0.7365 - f1 0.7887 
INFO:root:VALID Total epoch time: 0.07089476800001648
INFO:root:################ TEST epoch 53 ###################
INFO:root:TEST batch 1 / 7 - partial error 0.1919 - partial loss 0.8263 - partial MRR  0.0000 - partial MAP 0.9302
INFO:root:TEST batch 1 / 7 -  partial tp {0: tensor(0), 1: tensor(160)},fn {0: tensor(38), 1: tensor(0)},fp {0: tensor(0), 1: tensor(38)}
INFO:root:TEST batch 1 / 7 - measures partial microavg - precision 0.8081 - recall 0.8081 - f1 0.8081 
INFO:root:TEST batch 1 / 7 - measures partial for class 0 - precision 0.0000 - recall 0.0000 - f1 0.0000 
INFO:root:TEST batch 1 / 7 - measures partial for class 1 - precision 0.8081 - recall 1.0000 - f1 0.8939 
INFO:root:TEST batch 1 / 7 - Batch time 0 
INFO:root:TEST batch 2 / 7 - partial error 0.1843 - partial loss 0.7790 - partial MRR  0.0000 - partial MAP 0.9430
INFO:root:TEST batch 2 / 7 -  partial tp {0: tensor(0), 1: tensor(163)},fn {0: tensor(35), 1: tensor(0)},fp {0: tensor(0), 1: tensor(35)}
INFO:root:TEST batch 2 / 7 - measures partial microavg - precision 0.8232 - recall 0.8232 - f1 0.8232 
INFO:root:TEST batch 2 / 7 - measures partial for class 0 - precision 0.0000 - recall 0.0000 - f1 0.0000 
INFO:root:TEST batch 2 / 7 - measures partial for class 1 - precision 0.8232 - recall 1.0000 - f1 0.9030 
INFO:root:TEST batch 2 / 7 - Batch time 0 
INFO:root:TEST batch 3 / 7 - partial error 0.1801 - partial loss 0.7506 - partial MRR  0.0000 - partial MAP 0.9496
INFO:root:TEST batch 3 / 7 -  partial tp {0: tensor(0), 1: tensor(164)},fn {0: tensor(34), 1: tensor(0)},fp {0: tensor(0), 1: tensor(34)}
INFO:root:TEST batch 3 / 7 - measures partial microavg - precision 0.8283 - recall 0.8283 - f1 0.8283 
INFO:root:TEST batch 3 / 7 - measures partial for class 0 - precision 0.0000 - recall 0.0000 - f1 0.0000 
INFO:root:TEST batch 3 / 7 - measures partial for class 1 - precision 0.8283 - recall 1.0000 - f1 0.9061 
INFO:root:TEST batch 3 / 7 - Batch time 0 
INFO:root:TEST batch 4 / 7 - partial error 0.1768 - partial loss 0.7567 - partial MRR  0.0000 - partial MAP 0.9471
INFO:root:TEST batch 4 / 7 -  partial tp {0: tensor(0), 1: tensor(165)},fn {0: tensor(33), 1: tensor(0)},fp {0: tensor(0), 1: tensor(33)}
INFO:root:TEST batch 4 / 7 - measures partial microavg - precision 0.8333 - recall 0.8333 - f1 0.8333 
INFO:root:TEST batch 4 / 7 - measures partial for class 0 - precision 0.0000 - recall 0.0000 - f1 0.0000 
INFO:root:TEST batch 4 / 7 - measures partial for class 1 - precision 0.8333 - recall 1.0000 - f1 0.9091 
INFO:root:TEST batch 4 / 7 - Batch time 0 
INFO:root:TEST batch 5 / 7 - partial error 0.1778 - partial loss 0.7458 - partial MRR  0.0000 - partial MAP 0.9496
INFO:root:TEST batch 5 / 7 -  partial tp {0: tensor(0), 1: tensor(162)},fn {0: tensor(36), 1: tensor(0)},fp {0: tensor(0), 1: tensor(36)}
INFO:root:TEST batch 5 / 7 - measures partial microavg - precision 0.8182 - recall 0.8182 - f1 0.8182 
INFO:root:TEST batch 5 / 7 - measures partial for class 0 - precision 0.0000 - recall 0.0000 - f1 0.0000 
INFO:root:TEST batch 5 / 7 - measures partial for class 1 - precision 0.8182 - recall 1.0000 - f1 0.9000 
INFO:root:TEST batch 5 / 7 - Batch time 0 
INFO:root:TEST batch 6 / 7 - partial error 0.1810 - partial loss 0.7541 - partial MRR  0.0000 - partial MAP 0.9498
INFO:root:TEST batch 6 / 7 -  partial tp {0: tensor(0), 1: tensor(159)},fn {0: tensor(39), 1: tensor(0)},fp {0: tensor(0), 1: tensor(39)}
INFO:root:TEST batch 6 / 7 - measures partial microavg - precision 0.8030 - recall 0.8030 - f1 0.8030 
INFO:root:TEST batch 6 / 7 - measures partial for class 0 - precision 0.0000 - recall 0.0000 - f1 0.0000 
INFO:root:TEST batch 6 / 7 - measures partial for class 1 - precision 0.8030 - recall 1.0000 - f1 0.8908 
INFO:root:TEST batch 6 / 7 - Batch time 0 
INFO:root:TEST batch 7 / 7 - partial error 0.1811 - partial loss 0.7553 - partial MRR  0.0000 - partial MAP 0.9506
INFO:root:TEST batch 7 / 7 -  partial tp {0: tensor(0), 1: tensor(162)},fn {0: tensor(36), 1: tensor(0)},fp {0: tensor(0), 1: tensor(36)}
INFO:root:TEST batch 7 / 7 - measures partial microavg - precision 0.8182 - recall 0.8182 - f1 0.8182 
INFO:root:TEST batch 7 / 7 - measures partial for class 0 - precision 0.0000 - recall 0.0000 - f1 0.0000 
INFO:root:TEST batch 7 / 7 - measures partial for class 1 - precision 0.8182 - recall 1.0000 - f1 0.9000 
INFO:root:TEST batch 7 / 7 - Batch time 0 
INFO:root:TEST mean losses tensor(0.7553)
INFO:root:TEST mean errors 0.18109668791294098
INFO:root:TEST mean MRR 0.0 - mean MAP 0.9505869746208191
INFO:root:TEST tp {0: tensor(0), 1: tensor(1135)},fn {0: tensor(251), 1: tensor(0)},fp {0: tensor(0), 1: tensor(251)}
INFO:root:TEST measures microavg - precision 0.8189 - recall 0.8189 - f1 0.8189 
INFO:root:TEST measures for class 0 - precision 0.0000 - recall 0.0000 - f1 0.0000 
INFO:root:TEST measures for class 1 - precision 0.8189 - recall 1.0000 - f1 0.9004 
INFO:root:TEST measures@10 microavg - precision 0.9437 - recall 0.0483 - f1 0.0920 
INFO:root:TEST measures@10 for class 0 - precision 1.0000 - recall 0.0040 - f1 0.0079 
INFO:root:TEST measures@10 for class 1 - precision 0.9429 - recall 0.0581 - f1 0.1095 
INFO:root:TEST measures@100 microavg - precision 0.8419 - recall 0.4726 - f1 0.6054 
INFO:root:TEST measures@100 for class 0 - precision 0.5000 - recall 0.1554 - f1 0.2371 
INFO:root:TEST measures@100 for class 1 - precision 0.8800 - recall 0.5427 - f1 0.6714 
INFO:root:TEST measures@1000 microavg - precision 0.6999 - recall 0.6999 - f1 0.6999 
INFO:root:TEST measures@1000 for class 0 - precision 0.2523 - recall 0.3347 - f1 0.2877 
INFO:root:TEST measures@1000 for class 1 - precision 0.8414 - recall 0.7806 - f1 0.8099 
INFO:root:TEST Total epoch time: 0.0924574170003325
INFO:root:################ TRAIN epoch 54 ###################
INFO:root:TRAIN mean losses tensor(0.7108)
INFO:root:TRAIN mean errors 0.17474748194217682
INFO:root:TRAIN mean MRR 0.0 - mean MAP 0.9596462845802307
INFO:root:TRAIN tp {0: tensor(0), 1: tensor(4902)},fn {0: tensor(1038), 1: tensor(0)},fp {0: tensor(0), 1: tensor(1038)}
INFO:root:TRAIN measures microavg - precision 0.8253 - recall 0.8253 - f1 0.8253 
INFO:root:TRAIN measures for class 0 - precision 0.0000 - recall 0.0000 - f1 0.0000 
INFO:root:TRAIN measures for class 1 - precision 0.8253 - recall 1.0000 - f1 0.9043 
INFO:root:TRAIN measures@10 microavg - precision 0.9768 - recall 0.0497 - f1 0.0945 
INFO:root:TRAIN measures@10 for class 0 - precision 1.0000 - recall 0.0019 - f1 0.0038 
INFO:root:TRAIN measures@10 for class 1 - precision 0.9767 - recall 0.0598 - f1 0.1126 
INFO:root:TRAIN measures@100 microavg - precision 0.8429 - recall 0.4877 - f1 0.6179 
INFO:root:TRAIN measures@100 for class 0 - precision 0.4622 - recall 0.2119 - f1 0.2906 
INFO:root:TRAIN measures@100 for class 1 - precision 0.9041 - recall 0.5461 - f1 0.6809 
INFO:root:TRAIN measures@1000 microavg - precision 0.6744 - recall 0.6744 - f1 0.6744 
INFO:root:TRAIN measures@1000 for class 0 - precision 0.2480 - recall 0.4249 - f1 0.3132 
INFO:root:TRAIN measures@1000 for class 1 - precision 0.8566 - recall 0.7273 - f1 0.7866 
INFO:root:TRAIN Total epoch time: 0.5866950859999633
INFO:root:################ VALID epoch 54 ###################
INFO:root:VALID mean losses tensor(0.7152)
INFO:root:VALID mean errors 0.17255891859531403
INFO:root:VALID mean MRR 0.0 - mean MAP 0.9552889466285706
INFO:root:VALID tp {0: tensor(0), 1: tensor(983)},fn {0: tensor(205), 1: tensor(0)},fp {0: tensor(0), 1: tensor(205)}
INFO:root:VALID measures microavg - precision 0.8274 - recall 0.8274 - f1 0.8274 
INFO:root:VALID measures for class 0 - precision 0.0000 - recall 0.0000 - f1 0.0000 
INFO:root:VALID measures for class 1 - precision 0.8274 - recall 1.0000 - f1 0.9056 
INFO:root:VALID measures@10 microavg - precision 0.9836 - recall 0.0505 - f1 0.0961 
INFO:root:VALID measures@10 for class 0 - precision 1.0000 - recall 0.0049 - f1 0.0097 
INFO:root:VALID measures@10 for class 1 - precision 0.9833 - recall 0.0600 - f1 0.1131 
INFO:root:VALID measures@100 microavg - precision 0.8218 - recall 0.4891 - f1 0.6132 
INFO:root:VALID measures@100 for class 0 - precision 0.4732 - recall 0.2585 - f1 0.3344 
INFO:root:VALID measures@100 for class 1 - precision 0.8874 - recall 0.5371 - f1 0.6692 
INFO:root:VALID measures@1000 microavg - precision 0.6372 - recall 0.6372 - f1 0.6372 
INFO:root:VALID measures@1000 for class 0 - precision 0.2217 - recall 0.4390 - f1 0.2946 
INFO:root:VALID measures@1000 for class 1 - precision 0.8529 - recall 0.6785 - f1 0.7558 
INFO:root:VALID Total epoch time: 0.06935618699981205
INFO:root:################ TEST epoch 54 ###################
INFO:root:TEST batch 1 / 7 - partial error 0.1919 - partial loss 0.8098 - partial MRR  0.0000 - partial MAP 0.9383
INFO:root:TEST batch 1 / 7 -  partial tp {0: tensor(0), 1: tensor(160)},fn {0: tensor(38), 1: tensor(0)},fp {0: tensor(0), 1: tensor(38)}
INFO:root:TEST batch 1 / 7 - measures partial microavg - precision 0.8081 - recall 0.8081 - f1 0.8081 
INFO:root:TEST batch 1 / 7 - measures partial for class 0 - precision 0.0000 - recall 0.0000 - f1 0.0000 
INFO:root:TEST batch 1 / 7 - measures partial for class 1 - precision 0.8081 - recall 1.0000 - f1 0.8939 
INFO:root:TEST batch 1 / 7 - Batch time 0 
INFO:root:TEST batch 2 / 7 - partial error 0.1843 - partial loss 0.7688 - partial MRR  0.0000 - partial MAP 0.9464
INFO:root:TEST batch 2 / 7 -  partial tp {0: tensor(0), 1: tensor(163)},fn {0: tensor(35), 1: tensor(0)},fp {0: tensor(0), 1: tensor(35)}
INFO:root:TEST batch 2 / 7 - measures partial microavg - precision 0.8232 - recall 0.8232 - f1 0.8232 
INFO:root:TEST batch 2 / 7 - measures partial for class 0 - precision 0.0000 - recall 0.0000 - f1 0.0000 
INFO:root:TEST batch 2 / 7 - measures partial for class 1 - precision 0.8232 - recall 1.0000 - f1 0.9030 
INFO:root:TEST batch 2 / 7 - Batch time 0 
INFO:root:TEST batch 3 / 7 - partial error 0.1801 - partial loss 0.7616 - partial MRR  0.0000 - partial MAP 0.9518
INFO:root:TEST batch 3 / 7 -  partial tp {0: tensor(0), 1: tensor(164)},fn {0: tensor(34), 1: tensor(0)},fp {0: tensor(0), 1: tensor(34)}
INFO:root:TEST batch 3 / 7 - measures partial microavg - precision 0.8283 - recall 0.8283 - f1 0.8283 
INFO:root:TEST batch 3 / 7 - measures partial for class 0 - precision 0.0000 - recall 0.0000 - f1 0.0000 
INFO:root:TEST batch 3 / 7 - measures partial for class 1 - precision 0.8283 - recall 1.0000 - f1 0.9061 
INFO:root:TEST batch 3 / 7 - Batch time 0 
INFO:root:TEST batch 4 / 7 - partial error 0.1768 - partial loss 0.7707 - partial MRR  0.0000 - partial MAP 0.9453
INFO:root:TEST batch 4 / 7 -  partial tp {0: tensor(0), 1: tensor(165)},fn {0: tensor(33), 1: tensor(0)},fp {0: tensor(0), 1: tensor(33)}
INFO:root:TEST batch 4 / 7 - measures partial microavg - precision 0.8333 - recall 0.8333 - f1 0.8333 
INFO:root:TEST batch 4 / 7 - measures partial for class 0 - precision 0.0000 - recall 0.0000 - f1 0.0000 
INFO:root:TEST batch 4 / 7 - measures partial for class 1 - precision 0.8333 - recall 1.0000 - f1 0.9091 
INFO:root:TEST batch 4 / 7 - Batch time 0 
INFO:root:TEST batch 5 / 7 - partial error 0.1778 - partial loss 0.7716 - partial MRR  0.0000 - partial MAP 0.9454
INFO:root:TEST batch 5 / 7 -  partial tp {0: tensor(0), 1: tensor(162)},fn {0: tensor(36), 1: tensor(0)},fp {0: tensor(0), 1: tensor(36)}
INFO:root:TEST batch 5 / 7 - measures partial microavg - precision 0.8182 - recall 0.8182 - f1 0.8182 
INFO:root:TEST batch 5 / 7 - measures partial for class 0 - precision 0.0000 - recall 0.0000 - f1 0.0000 
INFO:root:TEST batch 5 / 7 - measures partial for class 1 - precision 0.8182 - recall 1.0000 - f1 0.9000 
INFO:root:TEST batch 5 / 7 - Batch time 0 
INFO:root:TEST batch 6 / 7 - partial error 0.1810 - partial loss 0.7797 - partial MRR  0.0000 - partial MAP 0.9437
INFO:root:TEST batch 6 / 7 -  partial tp {0: tensor(0), 1: tensor(159)},fn {0: tensor(39), 1: tensor(0)},fp {0: tensor(0), 1: tensor(39)}
INFO:root:TEST batch 6 / 7 - measures partial microavg - precision 0.8030 - recall 0.8030 - f1 0.8030 
INFO:root:TEST batch 6 / 7 - measures partial for class 0 - precision 0.0000 - recall 0.0000 - f1 0.0000 
INFO:root:TEST batch 6 / 7 - measures partial for class 1 - precision 0.8030 - recall 1.0000 - f1 0.8908 
INFO:root:TEST batch 6 / 7 - Batch time 0 
INFO:root:TEST batch 7 / 7 - partial error 0.1811 - partial loss 0.7861 - partial MRR  0.0000 - partial MAP 0.9436
INFO:root:TEST batch 7 / 7 -  partial tp {0: tensor(0), 1: tensor(162)},fn {0: tensor(36), 1: tensor(0)},fp {0: tensor(0), 1: tensor(36)}
INFO:root:TEST batch 7 / 7 - measures partial microavg - precision 0.8182 - recall 0.8182 - f1 0.8182 
INFO:root:TEST batch 7 / 7 - measures partial for class 0 - precision 0.0000 - recall 0.0000 - f1 0.0000 
INFO:root:TEST batch 7 / 7 - measures partial for class 1 - precision 0.8182 - recall 1.0000 - f1 0.9000 
INFO:root:TEST batch 7 / 7 - Batch time 0 
INFO:root:TEST mean losses tensor(0.7861)
INFO:root:TEST mean errors 0.18109668791294098
INFO:root:TEST mean MRR 0.0 - mean MAP 0.9436031579971313
INFO:root:TEST tp {0: tensor(0), 1: tensor(1135)},fn {0: tensor(251), 1: tensor(0)},fp {0: tensor(0), 1: tensor(251)}
INFO:root:TEST measures microavg - precision 0.8189 - recall 0.8189 - f1 0.8189 
INFO:root:TEST measures for class 0 - precision 0.0000 - recall 0.0000 - f1 0.0000 
INFO:root:TEST measures for class 1 - precision 0.8189 - recall 1.0000 - f1 0.9004 
INFO:root:TEST measures@10 microavg - precision 0.9722 - recall 0.0505 - f1 0.0960 
INFO:root:TEST measures@10 for class 0 - precision 0.5000 - recall 0.0040 - f1 0.0079 
INFO:root:TEST measures@10 for class 1 - precision 0.9857 - recall 0.0608 - f1 0.1145 
INFO:root:TEST measures@100 microavg - precision 0.8379 - recall 0.4625 - f1 0.5960 
INFO:root:TEST measures@100 for class 0 - precision 0.3956 - recall 0.1434 - f1 0.2105 
INFO:root:TEST measures@100 for class 1 - precision 0.8976 - recall 0.5330 - f1 0.6689 
INFO:root:TEST measures@1000 microavg - precision 0.6833 - recall 0.6833 - f1 0.6833 
INFO:root:TEST measures@1000 for class 0 - precision 0.2152 - recall 0.2829 - f1 0.2444 
INFO:root:TEST measures@1000 for class 1 - precision 0.8295 - recall 0.7718 - f1 0.7996 
INFO:root:TEST Total epoch time: 0.0903020710002238
INFO:root:################ TRAIN epoch 55 ###################
INFO:root:TRAIN mean losses tensor(0.7179)
INFO:root:TRAIN mean errors 0.17474748194217682
INFO:root:TRAIN mean MRR 0.0 - mean MAP 0.9577073454856873
INFO:root:TRAIN tp {0: tensor(0), 1: tensor(4902)},fn {0: tensor(1038), 1: tensor(0)},fp {0: tensor(0), 1: tensor(1038)}
INFO:root:TRAIN measures microavg - precision 0.8253 - recall 0.8253 - f1 0.8253 
INFO:root:TRAIN measures for class 0 - precision 0.0000 - recall 0.0000 - f1 0.0000 
INFO:root:TRAIN measures for class 1 - precision 0.8253 - recall 1.0000 - f1 0.9043 
INFO:root:TRAIN measures@10 microavg - precision 0.9834 - recall 0.0500 - f1 0.0952 
INFO:root:TRAIN measures@10 for class 0 - precision 1.0000 - recall 0.0019 - f1 0.0038 
INFO:root:TRAIN measures@10 for class 1 - precision 0.9833 - recall 0.0602 - f1 0.1134 
INFO:root:TRAIN measures@100 microavg - precision 0.8742 - recall 0.4914 - f1 0.6292 
INFO:root:TRAIN measures@100 for class 0 - precision 0.5044 - recall 0.1647 - f1 0.2484 
INFO:root:TRAIN measures@100 for class 1 - precision 0.9160 - recall 0.5606 - f1 0.6955 
INFO:root:TRAIN measures@1000 microavg - precision 0.7197 - recall 0.7197 - f1 0.7197 
INFO:root:TRAIN measures@1000 for class 0 - precision 0.2641 - recall 0.3382 - f1 0.2966 
INFO:root:TRAIN measures@1000 for class 1 - precision 0.8510 - recall 0.8005 - f1 0.8250 
INFO:root:TRAIN Total epoch time: 0.5774626310003441
INFO:root:################ VALID epoch 55 ###################
INFO:root:VALID mean losses tensor(0.7283)
INFO:root:VALID mean errors 0.17255891859531403
INFO:root:VALID mean MRR 0.0 - mean MAP 0.9543018341064453
INFO:root:VALID tp {0: tensor(0), 1: tensor(983)},fn {0: tensor(205), 1: tensor(0)},fp {0: tensor(0), 1: tensor(205)}
INFO:root:VALID measures microavg - precision 0.8274 - recall 0.8274 - f1 0.8274 
INFO:root:VALID measures for class 0 - precision 0.0000 - recall 0.0000 - f1 0.0000 
INFO:root:VALID measures for class 1 - precision 0.8274 - recall 1.0000 - f1 0.9056 
INFO:root:VALID measures@10 microavg - precision 0.9333 - recall 0.0471 - f1 0.0897 
INFO:root:VALID measures@10 for class 0 - precision 0.0000 - recall 0.0000 - f1 0.0000 
INFO:root:VALID measures@10 for class 1 - precision 0.9333 - recall 0.0570 - f1 0.1074 
INFO:root:VALID measures@100 microavg - precision 0.8898 - recall 0.4756 - f1 0.6199 
INFO:root:VALID measures@100 for class 0 - precision 0.4857 - recall 0.0829 - f1 0.1417 
INFO:root:VALID measures@100 for class 1 - precision 0.9133 - recall 0.5575 - f1 0.6924 
INFO:root:VALID measures@1000 microavg - precision 0.7433 - recall 0.7433 - f1 0.7433 
INFO:root:VALID measures@1000 for class 0 - precision 0.2340 - recall 0.2146 - f1 0.2239 
INFO:root:VALID measures@1000 for class 1 - precision 0.8390 - recall 0.8535 - f1 0.8462 
INFO:root:VALID Total epoch time: 0.06621689499979766
INFO:root:################ TEST epoch 55 ###################
INFO:root:TEST batch 1 / 7 - partial error 0.1919 - partial loss 0.8000 - partial MRR  0.0000 - partial MAP 0.9419
INFO:root:TEST batch 1 / 7 -  partial tp {0: tensor(0), 1: tensor(160)},fn {0: tensor(38), 1: tensor(0)},fp {0: tensor(0), 1: tensor(38)}
INFO:root:TEST batch 1 / 7 - measures partial microavg - precision 0.8081 - recall 0.8081 - f1 0.8081 
INFO:root:TEST batch 1 / 7 - measures partial for class 0 - precision 0.0000 - recall 0.0000 - f1 0.0000 
INFO:root:TEST batch 1 / 7 - measures partial for class 1 - precision 0.8081 - recall 1.0000 - f1 0.8939 
INFO:root:TEST batch 1 / 7 - Batch time 0 
INFO:root:TEST batch 2 / 7 - partial error 0.1843 - partial loss 0.7611 - partial MRR  0.0000 - partial MAP 0.9497
INFO:root:TEST batch 2 / 7 -  partial tp {0: tensor(0), 1: tensor(163)},fn {0: tensor(35), 1: tensor(0)},fp {0: tensor(0), 1: tensor(35)}
INFO:root:TEST batch 2 / 7 - measures partial microavg - precision 0.8232 - recall 0.8232 - f1 0.8232 
INFO:root:TEST batch 2 / 7 - measures partial for class 0 - precision 0.0000 - recall 0.0000 - f1 0.0000 
INFO:root:TEST batch 2 / 7 - measures partial for class 1 - precision 0.8232 - recall 1.0000 - f1 0.9030 
INFO:root:TEST batch 2 / 7 - Batch time 0 
INFO:root:TEST batch 3 / 7 - partial error 0.1801 - partial loss 0.7387 - partial MRR  0.0000 - partial MAP 0.9553
INFO:root:TEST batch 3 / 7 -  partial tp {0: tensor(0), 1: tensor(164)},fn {0: tensor(34), 1: tensor(0)},fp {0: tensor(0), 1: tensor(34)}
INFO:root:TEST batch 3 / 7 - measures partial microavg - precision 0.8283 - recall 0.8283 - f1 0.8283 
INFO:root:TEST batch 3 / 7 - measures partial for class 0 - precision 0.0000 - recall 0.0000 - f1 0.0000 
INFO:root:TEST batch 3 / 7 - measures partial for class 1 - precision 0.8283 - recall 1.0000 - f1 0.9061 
INFO:root:TEST batch 3 / 7 - Batch time 0 
INFO:root:TEST batch 4 / 7 - partial error 0.1768 - partial loss 0.7555 - partial MRR  0.0000 - partial MAP 0.9511
INFO:root:TEST batch 4 / 7 -  partial tp {0: tensor(0), 1: tensor(165)},fn {0: tensor(33), 1: tensor(0)},fp {0: tensor(0), 1: tensor(33)}
INFO:root:TEST batch 4 / 7 - measures partial microavg - precision 0.8333 - recall 0.8333 - f1 0.8333 
INFO:root:TEST batch 4 / 7 - measures partial for class 0 - precision 0.0000 - recall 0.0000 - f1 0.0000 
INFO:root:TEST batch 4 / 7 - measures partial for class 1 - precision 0.8333 - recall 1.0000 - f1 0.9091 
INFO:root:TEST batch 4 / 7 - Batch time 0 
INFO:root:TEST batch 5 / 7 - partial error 0.1778 - partial loss 0.7498 - partial MRR  0.0000 - partial MAP 0.9530
INFO:root:TEST batch 5 / 7 -  partial tp {0: tensor(0), 1: tensor(162)},fn {0: tensor(36), 1: tensor(0)},fp {0: tensor(0), 1: tensor(36)}
INFO:root:TEST batch 5 / 7 - measures partial microavg - precision 0.8182 - recall 0.8182 - f1 0.8182 
INFO:root:TEST batch 5 / 7 - measures partial for class 0 - precision 0.0000 - recall 0.0000 - f1 0.0000 
INFO:root:TEST batch 5 / 7 - measures partial for class 1 - precision 0.8182 - recall 1.0000 - f1 0.9000 
INFO:root:TEST batch 5 / 7 - Batch time 0 
INFO:root:TEST batch 6 / 7 - partial error 0.1810 - partial loss 0.7646 - partial MRR  0.0000 - partial MAP 0.9496
INFO:root:TEST batch 6 / 7 -  partial tp {0: tensor(0), 1: tensor(159)},fn {0: tensor(39), 1: tensor(0)},fp {0: tensor(0), 1: tensor(39)}
INFO:root:TEST batch 6 / 7 - measures partial microavg - precision 0.8030 - recall 0.8030 - f1 0.8030 
INFO:root:TEST batch 6 / 7 - measures partial for class 0 - precision 0.0000 - recall 0.0000 - f1 0.0000 
INFO:root:TEST batch 6 / 7 - measures partial for class 1 - precision 0.8030 - recall 1.0000 - f1 0.8908 
INFO:root:TEST batch 6 / 7 - Batch time 0 
INFO:root:TEST batch 7 / 7 - partial error 0.1811 - partial loss 0.7721 - partial MRR  0.0000 - partial MAP 0.9497
INFO:root:TEST batch 7 / 7 -  partial tp {0: tensor(0), 1: tensor(162)},fn {0: tensor(36), 1: tensor(0)},fp {0: tensor(0), 1: tensor(36)}
INFO:root:TEST batch 7 / 7 - measures partial microavg - precision 0.8182 - recall 0.8182 - f1 0.8182 
INFO:root:TEST batch 7 / 7 - measures partial for class 0 - precision 0.0000 - recall 0.0000 - f1 0.0000 
INFO:root:TEST batch 7 / 7 - measures partial for class 1 - precision 0.8182 - recall 1.0000 - f1 0.9000 
INFO:root:TEST batch 7 / 7 - Batch time 0 
INFO:root:TEST mean losses tensor(0.7721)
INFO:root:TEST mean errors 0.18109668791294098
INFO:root:TEST mean MRR 0.0 - mean MAP 0.9497194290161133
INFO:root:TEST tp {0: tensor(0), 1: tensor(1135)},fn {0: tensor(251), 1: tensor(0)},fp {0: tensor(0), 1: tensor(251)}
INFO:root:TEST measures microavg - precision 0.8189 - recall 0.8189 - f1 0.8189 
INFO:root:TEST measures for class 0 - precision 0.0000 - recall 0.0000 - f1 0.0000 
INFO:root:TEST measures for class 1 - precision 0.8189 - recall 1.0000 - f1 0.9004 
INFO:root:TEST measures@10 microavg - precision 0.9714 - recall 0.0491 - f1 0.0934 
INFO:root:TEST measures@10 for class 0 - precision 0.0000 - recall 0.0000 - f1 0.0000 
INFO:root:TEST measures@10 for class 1 - precision 0.9714 - recall 0.0599 - f1 0.1129 
INFO:root:TEST measures@100 microavg - precision 0.8819 - recall 0.4740 - f1 0.6166 
INFO:root:TEST measures@100 for class 0 - precision 0.5333 - recall 0.0956 - f1 0.1622 
INFO:root:TEST measures@100 for class 1 - precision 0.9043 - recall 0.5577 - f1 0.6899 
INFO:root:TEST measures@1000 microavg - precision 0.7410 - recall 0.7410 - f1 0.7410 
INFO:root:TEST measures@1000 for class 0 - precision 0.2404 - recall 0.1992 - f1 0.2179 
INFO:root:TEST measures@1000 for class 1 - precision 0.8294 - recall 0.8608 - f1 0.8448 
INFO:root:TEST Total epoch time: 0.08475477699994372
INFO:root:################ TRAIN epoch 56 ###################
INFO:root:TRAIN mean losses tensor(0.7205)
INFO:root:TRAIN mean errors 0.17474748194217682
INFO:root:TRAIN mean MRR 0.0 - mean MAP 0.9606944918632507
INFO:root:TRAIN tp {0: tensor(0), 1: tensor(4902)},fn {0: tensor(1038), 1: tensor(0)},fp {0: tensor(0), 1: tensor(1038)}
INFO:root:TRAIN measures microavg - precision 0.8253 - recall 0.8253 - f1 0.8253 
INFO:root:TRAIN measures for class 0 - precision 0.0000 - recall 0.0000 - f1 0.0000 
INFO:root:TRAIN measures for class 1 - precision 0.8253 - recall 1.0000 - f1 0.9043 
INFO:root:TRAIN measures@10 microavg - precision 0.9934 - recall 0.0503 - f1 0.0958 
INFO:root:TRAIN measures@10 for class 0 - precision 1.0000 - recall 0.0010 - f1 0.0019 
INFO:root:TRAIN measures@10 for class 1 - precision 0.9933 - recall 0.0608 - f1 0.1146 
INFO:root:TRAIN measures@100 microavg - precision 0.8885 - recall 0.4924 - f1 0.6337 
INFO:root:TRAIN measures@100 for class 0 - precision 0.5582 - recall 0.1570 - f1 0.2451 
INFO:root:TRAIN measures@100 for class 1 - precision 0.9207 - recall 0.5634 - f1 0.6991 
INFO:root:TRAIN measures@1000 microavg - precision 0.7300 - recall 0.7300 - f1 0.7300 
INFO:root:TRAIN measures@1000 for class 0 - precision 0.2772 - recall 0.3391 - f1 0.3050 
INFO:root:TRAIN measures@1000 for class 1 - precision 0.8531 - recall 0.8127 - f1 0.8324 
INFO:root:TRAIN Total epoch time: 0.5465176699999574
INFO:root:################ VALID epoch 56 ###################
INFO:root:VALID mean losses tensor(0.7108)
INFO:root:VALID mean errors 0.17255891859531403
INFO:root:VALID mean MRR 0.0 - mean MAP 0.9554511308670044
INFO:root:VALID tp {0: tensor(0), 1: tensor(983)},fn {0: tensor(205), 1: tensor(0)},fp {0: tensor(0), 1: tensor(205)}
INFO:root:VALID measures microavg - precision 0.8274 - recall 0.8274 - f1 0.8274 
INFO:root:VALID measures for class 0 - precision 0.0000 - recall 0.0000 - f1 0.0000 
INFO:root:VALID measures for class 1 - precision 0.8274 - recall 1.0000 - f1 0.9056 
INFO:root:VALID measures@10 microavg - precision 0.9344 - recall 0.0480 - f1 0.0913 
INFO:root:VALID measures@10 for class 0 - precision 1.0000 - recall 0.0049 - f1 0.0097 
INFO:root:VALID measures@10 for class 1 - precision 0.9333 - recall 0.0570 - f1 0.1074 
INFO:root:VALID measures@100 microavg - precision 0.8772 - recall 0.4933 - f1 0.6315 
INFO:root:VALID measures@100 for class 0 - precision 0.5294 - recall 0.1756 - f1 0.2637 
INFO:root:VALID measures@100 for class 1 - precision 0.9167 - recall 0.5595 - f1 0.6949 
INFO:root:VALID measures@1000 microavg - precision 0.7163 - recall 0.7163 - f1 0.7163 
INFO:root:VALID measures@1000 for class 0 - precision 0.2500 - recall 0.3220 - f1 0.2814 
INFO:root:VALID measures@1000 for class 1 - precision 0.8496 - recall 0.7986 - f1 0.8233 
INFO:root:VALID Total epoch time: 0.06613591599989377
INFO:root:################ TEST epoch 56 ###################
INFO:root:TEST batch 1 / 7 - partial error 0.1919 - partial loss 0.8117 - partial MRR  0.0000 - partial MAP 0.9415
INFO:root:TEST batch 1 / 7 -  partial tp {0: tensor(0), 1: tensor(160)},fn {0: tensor(38), 1: tensor(0)},fp {0: tensor(0), 1: tensor(38)}
INFO:root:TEST batch 1 / 7 - measures partial microavg - precision 0.8081 - recall 0.8081 - f1 0.8081 
INFO:root:TEST batch 1 / 7 - measures partial for class 0 - precision 0.0000 - recall 0.0000 - f1 0.0000 
INFO:root:TEST batch 1 / 7 - measures partial for class 1 - precision 0.8081 - recall 1.0000 - f1 0.8939 
INFO:root:TEST batch 1 / 7 - Batch time 0 
INFO:root:TEST batch 2 / 7 - partial error 0.1843 - partial loss 0.7640 - partial MRR  0.0000 - partial MAP 0.9497
INFO:root:TEST batch 2 / 7 -  partial tp {0: tensor(0), 1: tensor(163)},fn {0: tensor(35), 1: tensor(0)},fp {0: tensor(0), 1: tensor(35)}
INFO:root:TEST batch 2 / 7 - measures partial microavg - precision 0.8232 - recall 0.8232 - f1 0.8232 
INFO:root:TEST batch 2 / 7 - measures partial for class 0 - precision 0.0000 - recall 0.0000 - f1 0.0000 
INFO:root:TEST batch 2 / 7 - measures partial for class 1 - precision 0.8232 - recall 1.0000 - f1 0.9030 
INFO:root:TEST batch 2 / 7 - Batch time 0 
INFO:root:TEST batch 3 / 7 - partial error 0.1801 - partial loss 0.7516 - partial MRR  0.0000 - partial MAP 0.9512
INFO:root:TEST batch 3 / 7 -  partial tp {0: tensor(0), 1: tensor(164)},fn {0: tensor(34), 1: tensor(0)},fp {0: tensor(0), 1: tensor(34)}
INFO:root:TEST batch 3 / 7 - measures partial microavg - precision 0.8283 - recall 0.8283 - f1 0.8283 
INFO:root:TEST batch 3 / 7 - measures partial for class 0 - precision 0.0000 - recall 0.0000 - f1 0.0000 
INFO:root:TEST batch 3 / 7 - measures partial for class 1 - precision 0.8283 - recall 1.0000 - f1 0.9061 
INFO:root:TEST batch 3 / 7 - Batch time 0 
INFO:root:TEST batch 4 / 7 - partial error 0.1768 - partial loss 0.7624 - partial MRR  0.0000 - partial MAP 0.9448
INFO:root:TEST batch 4 / 7 -  partial tp {0: tensor(0), 1: tensor(165)},fn {0: tensor(33), 1: tensor(0)},fp {0: tensor(0), 1: tensor(33)}
INFO:root:TEST batch 4 / 7 - measures partial microavg - precision 0.8333 - recall 0.8333 - f1 0.8333 
INFO:root:TEST batch 4 / 7 - measures partial for class 0 - precision 0.0000 - recall 0.0000 - f1 0.0000 
INFO:root:TEST batch 4 / 7 - measures partial for class 1 - precision 0.8333 - recall 1.0000 - f1 0.9091 
INFO:root:TEST batch 4 / 7 - Batch time 0 
INFO:root:TEST batch 5 / 7 - partial error 0.1778 - partial loss 0.7578 - partial MRR  0.0000 - partial MAP 0.9457
INFO:root:TEST batch 5 / 7 -  partial tp {0: tensor(0), 1: tensor(162)},fn {0: tensor(36), 1: tensor(0)},fp {0: tensor(0), 1: tensor(36)}
INFO:root:TEST batch 5 / 7 - measures partial microavg - precision 0.8182 - recall 0.8182 - f1 0.8182 
INFO:root:TEST batch 5 / 7 - measures partial for class 0 - precision 0.0000 - recall 0.0000 - f1 0.0000 
INFO:root:TEST batch 5 / 7 - measures partial for class 1 - precision 0.8182 - recall 1.0000 - f1 0.9000 
INFO:root:TEST batch 5 / 7 - Batch time 0 
INFO:root:TEST batch 6 / 7 - partial error 0.1810 - partial loss 0.7655 - partial MRR  0.0000 - partial MAP 0.9444
INFO:root:TEST batch 6 / 7 -  partial tp {0: tensor(0), 1: tensor(159)},fn {0: tensor(39), 1: tensor(0)},fp {0: tensor(0), 1: tensor(39)}
INFO:root:TEST batch 6 / 7 - measures partial microavg - precision 0.8030 - recall 0.8030 - f1 0.8030 
INFO:root:TEST batch 6 / 7 - measures partial for class 0 - precision 0.0000 - recall 0.0000 - f1 0.0000 
INFO:root:TEST batch 6 / 7 - measures partial for class 1 - precision 0.8030 - recall 1.0000 - f1 0.8908 
INFO:root:TEST batch 6 / 7 - Batch time 0 
INFO:root:TEST batch 7 / 7 - partial error 0.1811 - partial loss 0.7790 - partial MRR  0.0000 - partial MAP 0.9426
INFO:root:TEST batch 7 / 7 -  partial tp {0: tensor(0), 1: tensor(162)},fn {0: tensor(36), 1: tensor(0)},fp {0: tensor(0), 1: tensor(36)}
INFO:root:TEST batch 7 / 7 - measures partial microavg - precision 0.8182 - recall 0.8182 - f1 0.8182 
INFO:root:TEST batch 7 / 7 - measures partial for class 0 - precision 0.0000 - recall 0.0000 - f1 0.0000 
INFO:root:TEST batch 7 / 7 - measures partial for class 1 - precision 0.8182 - recall 1.0000 - f1 0.9000 
INFO:root:TEST batch 7 / 7 - Batch time 0 
INFO:root:TEST mean losses tensor(0.7790)
INFO:root:TEST mean errors 0.18109668791294098
INFO:root:TEST mean MRR 0.0 - mean MAP 0.9426226615905762
INFO:root:TEST tp {0: tensor(0), 1: tensor(1135)},fn {0: tensor(251), 1: tensor(0)},fp {0: tensor(0), 1: tensor(251)}
INFO:root:TEST measures microavg - precision 0.8189 - recall 0.8189 - f1 0.8189 
INFO:root:TEST measures for class 0 - precision 0.0000 - recall 0.0000 - f1 0.0000 
INFO:root:TEST measures for class 1 - precision 0.8189 - recall 1.0000 - f1 0.9004 
INFO:root:TEST measures@10 microavg - precision 0.9714 - recall 0.0491 - f1 0.0934 
INFO:root:TEST measures@10 for class 0 - precision 0.0000 - recall 0.0000 - f1 0.0000 
INFO:root:TEST measures@10 for class 1 - precision 0.9714 - recall 0.0599 - f1 0.1129 
INFO:root:TEST measures@100 microavg - precision 0.8581 - recall 0.4711 - f1 0.6083 
INFO:root:TEST measures@100 for class 0 - precision 0.3934 - recall 0.0956 - f1 0.1538 
INFO:root:TEST measures@100 for class 1 - precision 0.8986 - recall 0.5542 - f1 0.6856 
INFO:root:TEST measures@1000 microavg - precision 0.7186 - recall 0.7186 - f1 0.7186 
INFO:root:TEST measures@1000 for class 0 - precision 0.2253 - recall 0.2271 - f1 0.2262 
INFO:root:TEST measures@1000 for class 1 - precision 0.8288 - recall 0.8273 - f1 0.8280 
INFO:root:TEST Total epoch time: 0.0843411969999579
INFO:root:################ TRAIN epoch 57 ###################
INFO:root:TRAIN mean losses tensor(0.7199)
INFO:root:TRAIN mean errors 0.17457912862300873
INFO:root:TRAIN mean MRR 0.0 - mean MAP 0.9567483067512512
INFO:root:TRAIN tp {0: tensor(1), 1: tensor(4902)},fn {0: tensor(1037), 1: tensor(0)},fp {0: tensor(0), 1: tensor(1037)}
INFO:root:TRAIN measures microavg - precision 0.8254 - recall 0.8254 - f1 0.8254 
INFO:root:TRAIN measures for class 0 - precision 1.0000 - recall 0.0010 - f1 0.0019 
INFO:root:TRAIN measures for class 1 - precision 0.8254 - recall 1.0000 - f1 0.9043 
INFO:root:TRAIN measures@10 microavg - precision 0.9735 - recall 0.0495 - f1 0.0942 
INFO:root:TRAIN measures@10 for class 0 - precision 0.5000 - recall 0.0010 - f1 0.0019 
INFO:root:TRAIN measures@10 for class 1 - precision 0.9767 - recall 0.0598 - f1 0.1126 
INFO:root:TRAIN measures@100 microavg - precision 0.8764 - recall 0.4896 - f1 0.6282 
INFO:root:TRAIN measures@100 for class 0 - precision 0.5031 - recall 0.1541 - f1 0.2360 
INFO:root:TRAIN measures@100 for class 1 - precision 0.9160 - recall 0.5606 - f1 0.6955 
INFO:root:TRAIN measures@1000 microavg - precision 0.7155 - recall 0.7155 - f1 0.7155 
INFO:root:TRAIN measures@1000 for class 0 - precision 0.2665 - recall 0.3584 - f1 0.3057 
INFO:root:TRAIN measures@1000 for class 1 - precision 0.8534 - recall 0.7911 - f1 0.8211 
INFO:root:TRAIN Total epoch time: 0.5436189879997073
INFO:root:################ VALID epoch 57 ###################
INFO:root:VALID mean losses tensor(0.7152)
INFO:root:VALID mean errors 0.17255891859531403
INFO:root:VALID mean MRR 0.0 - mean MAP 0.9567702412605286
INFO:root:VALID tp {0: tensor(0), 1: tensor(983)},fn {0: tensor(205), 1: tensor(0)},fp {0: tensor(0), 1: tensor(205)}
INFO:root:VALID measures microavg - precision 0.8274 - recall 0.8274 - f1 0.8274 
INFO:root:VALID measures for class 0 - precision 0.0000 - recall 0.0000 - f1 0.0000 
INFO:root:VALID measures for class 1 - precision 0.8274 - recall 1.0000 - f1 0.9056 
INFO:root:VALID measures@10 microavg - precision 0.9667 - recall 0.0488 - f1 0.0929 
INFO:root:VALID measures@10 for class 0 - precision 0.0000 - recall 0.0000 - f1 0.0000 
INFO:root:VALID measures@10 for class 1 - precision 0.9667 - recall 0.0590 - f1 0.1112 
INFO:root:VALID measures@100 microavg - precision 0.8951 - recall 0.4882 - f1 0.6318 
INFO:root:VALID measures@100 for class 0 - precision 0.6042 - recall 0.1415 - f1 0.2292 
INFO:root:VALID measures@100 for class 1 - precision 0.9183 - recall 0.5605 - f1 0.6961 
INFO:root:VALID measures@1000 microavg - precision 0.7298 - recall 0.7298 - f1 0.7298 
INFO:root:VALID measures@1000 for class 0 - precision 0.2478 - recall 0.2780 - f1 0.2621 
INFO:root:VALID measures@1000 for class 1 - precision 0.8455 - recall 0.8240 - f1 0.8346 
INFO:root:VALID Total epoch time: 0.06406204299992169
INFO:root:################ TEST epoch 57 ###################
INFO:root:TEST batch 1 / 7 - partial error 0.1919 - partial loss 0.8098 - partial MRR  0.0000 - partial MAP 0.9427
INFO:root:TEST batch 1 / 7 -  partial tp {0: tensor(0), 1: tensor(160)},fn {0: tensor(38), 1: tensor(0)},fp {0: tensor(0), 1: tensor(38)}
INFO:root:TEST batch 1 / 7 - measures partial microavg - precision 0.8081 - recall 0.8081 - f1 0.8081 
INFO:root:TEST batch 1 / 7 - measures partial for class 0 - precision 0.0000 - recall 0.0000 - f1 0.0000 
INFO:root:TEST batch 1 / 7 - measures partial for class 1 - precision 0.8081 - recall 1.0000 - f1 0.8939 
INFO:root:TEST batch 1 / 7 - Batch time 0 
INFO:root:TEST batch 2 / 7 - partial error 0.1843 - partial loss 0.7756 - partial MRR  0.0000 - partial MAP 0.9464
INFO:root:TEST batch 2 / 7 -  partial tp {0: tensor(0), 1: tensor(163)},fn {0: tensor(35), 1: tensor(0)},fp {0: tensor(0), 1: tensor(35)}
INFO:root:TEST batch 2 / 7 - measures partial microavg - precision 0.8232 - recall 0.8232 - f1 0.8232 
INFO:root:TEST batch 2 / 7 - measures partial for class 0 - precision 0.0000 - recall 0.0000 - f1 0.0000 
INFO:root:TEST batch 2 / 7 - measures partial for class 1 - precision 0.8232 - recall 1.0000 - f1 0.9030 
INFO:root:TEST batch 2 / 7 - Batch time 0 
INFO:root:TEST batch 3 / 7 - partial error 0.1801 - partial loss 0.7622 - partial MRR  0.0000 - partial MAP 0.9477
INFO:root:TEST batch 3 / 7 -  partial tp {0: tensor(0), 1: tensor(164)},fn {0: tensor(34), 1: tensor(0)},fp {0: tensor(0), 1: tensor(34)}
INFO:root:TEST batch 3 / 7 - measures partial microavg - precision 0.8283 - recall 0.8283 - f1 0.8283 
INFO:root:TEST batch 3 / 7 - measures partial for class 0 - precision 0.0000 - recall 0.0000 - f1 0.0000 
INFO:root:TEST batch 3 / 7 - measures partial for class 1 - precision 0.8283 - recall 1.0000 - f1 0.9061 
INFO:root:TEST batch 3 / 7 - Batch time 0 
INFO:root:TEST batch 4 / 7 - partial error 0.1768 - partial loss 0.7730 - partial MRR  0.0000 - partial MAP 0.9415
INFO:root:TEST batch 4 / 7 -  partial tp {0: tensor(0), 1: tensor(165)},fn {0: tensor(33), 1: tensor(0)},fp {0: tensor(0), 1: tensor(33)}
INFO:root:TEST batch 4 / 7 - measures partial microavg - precision 0.8333 - recall 0.8333 - f1 0.8333 
INFO:root:TEST batch 4 / 7 - measures partial for class 0 - precision 0.0000 - recall 0.0000 - f1 0.0000 
INFO:root:TEST batch 4 / 7 - measures partial for class 1 - precision 0.8333 - recall 1.0000 - f1 0.9091 
INFO:root:TEST batch 4 / 7 - Batch time 0 
INFO:root:TEST batch 5 / 7 - partial error 0.1778 - partial loss 0.7604 - partial MRR  0.0000 - partial MAP 0.9442
INFO:root:TEST batch 5 / 7 -  partial tp {0: tensor(0), 1: tensor(162)},fn {0: tensor(36), 1: tensor(0)},fp {0: tensor(0), 1: tensor(36)}
INFO:root:TEST batch 5 / 7 - measures partial microavg - precision 0.8182 - recall 0.8182 - f1 0.8182 
INFO:root:TEST batch 5 / 7 - measures partial for class 0 - precision 0.0000 - recall 0.0000 - f1 0.0000 
INFO:root:TEST batch 5 / 7 - measures partial for class 1 - precision 0.8182 - recall 1.0000 - f1 0.9000 
INFO:root:TEST batch 5 / 7 - Batch time 0 
INFO:root:TEST batch 6 / 7 - partial error 0.1810 - partial loss 0.7727 - partial MRR  0.0000 - partial MAP 0.9438
INFO:root:TEST batch 6 / 7 -  partial tp {0: tensor(0), 1: tensor(159)},fn {0: tensor(39), 1: tensor(0)},fp {0: tensor(0), 1: tensor(39)}
INFO:root:TEST batch 6 / 7 - measures partial microavg - precision 0.8030 - recall 0.8030 - f1 0.8030 
INFO:root:TEST batch 6 / 7 - measures partial for class 0 - precision 0.0000 - recall 0.0000 - f1 0.0000 
INFO:root:TEST batch 6 / 7 - measures partial for class 1 - precision 0.8030 - recall 1.0000 - f1 0.8908 
INFO:root:TEST batch 6 / 7 - Batch time 0 
INFO:root:TEST batch 7 / 7 - partial error 0.1811 - partial loss 0.7786 - partial MRR  0.0000 - partial MAP 0.9438
INFO:root:TEST batch 7 / 7 -  partial tp {0: tensor(0), 1: tensor(162)},fn {0: tensor(36), 1: tensor(0)},fp {0: tensor(0), 1: tensor(36)}
INFO:root:TEST batch 7 / 7 - measures partial microavg - precision 0.8182 - recall 0.8182 - f1 0.8182 
INFO:root:TEST batch 7 / 7 - measures partial for class 0 - precision 0.0000 - recall 0.0000 - f1 0.0000 
INFO:root:TEST batch 7 / 7 - measures partial for class 1 - precision 0.8182 - recall 1.0000 - f1 0.9000 
INFO:root:TEST batch 7 / 7 - Batch time 0 
INFO:root:TEST mean losses tensor(0.7786)
INFO:root:TEST mean errors 0.18109668791294098
INFO:root:TEST mean MRR 0.0 - mean MAP 0.9437656402587891
INFO:root:TEST tp {0: tensor(0), 1: tensor(1135)},fn {0: tensor(251), 1: tensor(0)},fp {0: tensor(0), 1: tensor(251)}
INFO:root:TEST measures microavg - precision 0.8189 - recall 0.8189 - f1 0.8189 
INFO:root:TEST measures for class 0 - precision 0.0000 - recall 0.0000 - f1 0.0000 
INFO:root:TEST measures for class 1 - precision 0.8189 - recall 1.0000 - f1 0.9004 
INFO:root:TEST measures@10 microavg - precision 0.9714 - recall 0.0491 - f1 0.0934 
INFO:root:TEST measures@10 for class 0 - precision 0.0000 - recall 0.0000 - f1 0.0000 
INFO:root:TEST measures@10 for class 1 - precision 0.9714 - recall 0.0599 - f1 0.1129 
INFO:root:TEST measures@100 microavg - precision 0.8649 - recall 0.4711 - f1 0.6100 
INFO:root:TEST measures@100 for class 0 - precision 0.6000 - recall 0.1315 - f1 0.2157 
INFO:root:TEST measures@100 for class 1 - precision 0.8857 - recall 0.5463 - f1 0.6757 
INFO:root:TEST measures@1000 microavg - precision 0.7266 - recall 0.7266 - f1 0.7266 
INFO:root:TEST measures@1000 for class 0 - precision 0.2333 - recall 0.2231 - f1 0.2281 
INFO:root:TEST measures@1000 for class 1 - precision 0.8298 - recall 0.8379 - f1 0.8338 
INFO:root:TEST Total epoch time: 0.08493935099977534
INFO:root:################ TRAIN epoch 58 ###################
INFO:root:TRAIN mean losses tensor(0.7152)
INFO:root:TRAIN mean errors 0.17474748194217682
INFO:root:TRAIN mean MRR 0.0 - mean MAP 0.9594563245773315
INFO:root:TRAIN tp {0: tensor(0), 1: tensor(4902)},fn {0: tensor(1038), 1: tensor(0)},fp {0: tensor(0), 1: tensor(1038)}
INFO:root:TRAIN measures microavg - precision 0.8253 - recall 0.8253 - f1 0.8253 
INFO:root:TRAIN measures for class 0 - precision 0.0000 - recall 0.0000 - f1 0.0000 
INFO:root:TRAIN measures for class 1 - precision 0.8253 - recall 1.0000 - f1 0.9043 
INFO:root:TRAIN measures@10 microavg - precision 0.9868 - recall 0.0505 - f1 0.0961 
INFO:root:TRAIN measures@10 for class 0 - precision 0.7500 - recall 0.0029 - f1 0.0058 
INFO:root:TRAIN measures@10 for class 1 - precision 0.9900 - recall 0.0606 - f1 0.1142 
INFO:root:TRAIN measures@100 microavg - precision 0.8778 - recall 0.4933 - f1 0.6316 
INFO:root:TRAIN measures@100 for class 0 - precision 0.5089 - recall 0.1657 - f1 0.2500 
INFO:root:TRAIN measures@100 for class 1 - precision 0.9193 - recall 0.5626 - f1 0.6981 
INFO:root:TRAIN measures@1000 microavg - precision 0.7072 - recall 0.7072 - f1 0.7072 
INFO:root:TRAIN measures@1000 for class 0 - precision 0.2574 - recall 0.3584 - f1 0.2996 
INFO:root:TRAIN measures@1000 for class 1 - precision 0.8518 - recall 0.7811 - f1 0.8149 
INFO:root:TRAIN Total epoch time: 0.6179609020000498
INFO:root:################ VALID epoch 58 ###################
INFO:root:VALID mean losses tensor(0.7056)
INFO:root:VALID mean errors 0.17255891859531403
INFO:root:VALID mean MRR 0.0 - mean MAP 0.9603143334388733
INFO:root:VALID tp {0: tensor(0), 1: tensor(983)},fn {0: tensor(205), 1: tensor(0)},fp {0: tensor(0), 1: tensor(205)}
INFO:root:VALID measures microavg - precision 0.8274 - recall 0.8274 - f1 0.8274 
INFO:root:VALID measures for class 0 - precision 0.0000 - recall 0.0000 - f1 0.0000 
INFO:root:VALID measures for class 1 - precision 0.8274 - recall 1.0000 - f1 0.9056 
INFO:root:VALID measures@10 microavg - precision 0.9833 - recall 0.0497 - f1 0.0946 
INFO:root:VALID measures@10 for class 0 - precision 0.0000 - recall 0.0000 - f1 0.0000 
INFO:root:VALID measures@10 for class 1 - precision 0.9833 - recall 0.0600 - f1 0.1131 
INFO:root:VALID measures@100 microavg - precision 0.8418 - recall 0.4882 - f1 0.6180 
INFO:root:VALID measures@100 for class 0 - precision 0.5506 - recall 0.2390 - f1 0.3333 
INFO:root:VALID measures@100 for class 1 - precision 0.8850 - recall 0.5402 - f1 0.6709 
INFO:root:VALID measures@1000 microavg - precision 0.6296 - recall 0.6296 - f1 0.6296 
INFO:root:VALID measures@1000 for class 0 - precision 0.2323 - recall 0.4976 - f1 0.3168 
INFO:root:VALID measures@1000 for class 1 - precision 0.8625 - recall 0.6572 - f1 0.7460 
INFO:root:VALID Total epoch time: 0.14154150800004572
INFO:root:################ TEST epoch 58 ###################
INFO:root:TEST batch 1 / 7 - partial error 0.1919 - partial loss 0.8241 - partial MRR  0.0000 - partial MAP 0.9390
INFO:root:TEST batch 1 / 7 -  partial tp {0: tensor(0), 1: tensor(160)},fn {0: tensor(38), 1: tensor(0)},fp {0: tensor(0), 1: tensor(38)}
INFO:root:TEST batch 1 / 7 - measures partial microavg - precision 0.8081 - recall 0.8081 - f1 0.8081 
INFO:root:TEST batch 1 / 7 - measures partial for class 0 - precision 0.0000 - recall 0.0000 - f1 0.0000 
INFO:root:TEST batch 1 / 7 - measures partial for class 1 - precision 0.8081 - recall 1.0000 - f1 0.8939 
INFO:root:TEST batch 1 / 7 - Batch time 0 
INFO:root:TEST batch 2 / 7 - partial error 0.1843 - partial loss 0.7770 - partial MRR  0.0000 - partial MAP 0.9481
INFO:root:TEST batch 2 / 7 -  partial tp {0: tensor(0), 1: tensor(163)},fn {0: tensor(35), 1: tensor(0)},fp {0: tensor(0), 1: tensor(35)}
INFO:root:TEST batch 2 / 7 - measures partial microavg - precision 0.8232 - recall 0.8232 - f1 0.8232 
INFO:root:TEST batch 2 / 7 - measures partial for class 0 - precision 0.0000 - recall 0.0000 - f1 0.0000 
INFO:root:TEST batch 2 / 7 - measures partial for class 1 - precision 0.8232 - recall 1.0000 - f1 0.9030 
INFO:root:TEST batch 2 / 7 - Batch time 0 
INFO:root:TEST batch 3 / 7 - partial error 0.1801 - partial loss 0.7589 - partial MRR  0.0000 - partial MAP 0.9493
INFO:root:TEST batch 3 / 7 -  partial tp {0: tensor(0), 1: tensor(164)},fn {0: tensor(34), 1: tensor(0)},fp {0: tensor(0), 1: tensor(34)}
INFO:root:TEST batch 3 / 7 - measures partial microavg - precision 0.8283 - recall 0.8283 - f1 0.8283 
INFO:root:TEST batch 3 / 7 - measures partial for class 0 - precision 0.0000 - recall 0.0000 - f1 0.0000 
INFO:root:TEST batch 3 / 7 - measures partial for class 1 - precision 0.8283 - recall 1.0000 - f1 0.9061 
INFO:root:TEST batch 3 / 7 - Batch time 0 
INFO:root:TEST batch 4 / 7 - partial error 0.1768 - partial loss 0.7657 - partial MRR  0.0000 - partial MAP 0.9461
INFO:root:TEST batch 4 / 7 -  partial tp {0: tensor(0), 1: tensor(165)},fn {0: tensor(33), 1: tensor(0)},fp {0: tensor(0), 1: tensor(33)}
INFO:root:TEST batch 4 / 7 - measures partial microavg - precision 0.8333 - recall 0.8333 - f1 0.8333 
INFO:root:TEST batch 4 / 7 - measures partial for class 0 - precision 0.0000 - recall 0.0000 - f1 0.0000 
INFO:root:TEST batch 4 / 7 - measures partial for class 1 - precision 0.8333 - recall 1.0000 - f1 0.9091 
INFO:root:TEST batch 4 / 7 - Batch time 0 
INFO:root:TEST batch 5 / 7 - partial error 0.1778 - partial loss 0.7518 - partial MRR  0.0000 - partial MAP 0.9492
INFO:root:TEST batch 5 / 7 -  partial tp {0: tensor(0), 1: tensor(162)},fn {0: tensor(36), 1: tensor(0)},fp {0: tensor(0), 1: tensor(36)}
INFO:root:TEST batch 5 / 7 - measures partial microavg - precision 0.8182 - recall 0.8182 - f1 0.8182 
INFO:root:TEST batch 5 / 7 - measures partial for class 0 - precision 0.0000 - recall 0.0000 - f1 0.0000 
INFO:root:TEST batch 5 / 7 - measures partial for class 1 - precision 0.8182 - recall 1.0000 - f1 0.9000 
INFO:root:TEST batch 5 / 7 - Batch time 0 
INFO:root:TEST batch 6 / 7 - partial error 0.1810 - partial loss 0.7657 - partial MRR  0.0000 - partial MAP 0.9469
INFO:root:TEST batch 6 / 7 -  partial tp {0: tensor(0), 1: tensor(159)},fn {0: tensor(39), 1: tensor(0)},fp {0: tensor(0), 1: tensor(39)}
INFO:root:TEST batch 6 / 7 - measures partial microavg - precision 0.8030 - recall 0.8030 - f1 0.8030 
INFO:root:TEST batch 6 / 7 - measures partial for class 0 - precision 0.0000 - recall 0.0000 - f1 0.0000 
INFO:root:TEST batch 6 / 7 - measures partial for class 1 - precision 0.8030 - recall 1.0000 - f1 0.8908 
INFO:root:TEST batch 6 / 7 - Batch time 0 
INFO:root:TEST batch 7 / 7 - partial error 0.1811 - partial loss 0.7702 - partial MRR  0.0000 - partial MAP 0.9474
INFO:root:TEST batch 7 / 7 -  partial tp {0: tensor(0), 1: tensor(162)},fn {0: tensor(36), 1: tensor(0)},fp {0: tensor(0), 1: tensor(36)}
INFO:root:TEST batch 7 / 7 - measures partial microavg - precision 0.8182 - recall 0.8182 - f1 0.8182 
INFO:root:TEST batch 7 / 7 - measures partial for class 0 - precision 0.0000 - recall 0.0000 - f1 0.0000 
INFO:root:TEST batch 7 / 7 - measures partial for class 1 - precision 0.8182 - recall 1.0000 - f1 0.9000 
INFO:root:TEST batch 7 / 7 - Batch time 0 
INFO:root:TEST mean losses tensor(0.7702)
INFO:root:TEST mean errors 0.18109668791294098
INFO:root:TEST mean MRR 0.0 - mean MAP 0.9474139213562012
INFO:root:TEST tp {0: tensor(0), 1: tensor(1135)},fn {0: tensor(251), 1: tensor(0)},fp {0: tensor(0), 1: tensor(251)}
INFO:root:TEST measures microavg - precision 0.8189 - recall 0.8189 - f1 0.8189 
INFO:root:TEST measures for class 0 - precision 0.0000 - recall 0.0000 - f1 0.0000 
INFO:root:TEST measures for class 1 - precision 0.8189 - recall 1.0000 - f1 0.9004 
INFO:root:TEST measures@10 microavg - precision 0.9571 - recall 0.0483 - f1 0.0920 
INFO:root:TEST measures@10 for class 0 - precision 0.0000 - recall 0.0000 - f1 0.0000 
INFO:root:TEST measures@10 for class 1 - precision 0.9571 - recall 0.0590 - f1 0.1112 
INFO:root:TEST measures@100 microavg - precision 0.8374 - recall 0.4683 - f1 0.6006 
INFO:root:TEST measures@100 for class 0 - precision 0.4400 - recall 0.1315 - f1 0.2025 
INFO:root:TEST measures@100 for class 1 - precision 0.8800 - recall 0.5427 - f1 0.6714 
INFO:root:TEST measures@1000 microavg - precision 0.7172 - recall 0.7172 - f1 0.7172 
INFO:root:TEST measures@1000 for class 0 - precision 0.2509 - recall 0.2829 - f1 0.2659 
INFO:root:TEST measures@1000 for class 1 - precision 0.8368 - recall 0.8132 - f1 0.8248 
INFO:root:TEST Total epoch time: 0.17855703700024605
INFO:root:################ TRAIN epoch 59 ###################
INFO:root:TRAIN mean losses tensor(0.7088)
INFO:root:TRAIN mean errors 0.17474748194217682
INFO:root:TRAIN mean MRR 0.0 - mean MAP 0.9605544209480286
INFO:root:TRAIN tp {0: tensor(0), 1: tensor(4902)},fn {0: tensor(1038), 1: tensor(0)},fp {0: tensor(0), 1: tensor(1038)}
INFO:root:TRAIN measures microavg - precision 0.8253 - recall 0.8253 - f1 0.8253 
INFO:root:TRAIN measures for class 0 - precision 0.0000 - recall 0.0000 - f1 0.0000 
INFO:root:TRAIN measures for class 1 - precision 0.8253 - recall 1.0000 - f1 0.9043 
INFO:root:TRAIN measures@10 microavg - precision 0.9867 - recall 0.0500 - f1 0.0952 
INFO:root:TRAIN measures@10 for class 0 - precision 0.0000 - recall 0.0000 - f1 0.0000 
INFO:root:TRAIN measures@10 for class 1 - precision 0.9900 - recall 0.0606 - f1 0.1142 
INFO:root:TRAIN measures@100 microavg - precision 0.8700 - recall 0.4901 - f1 0.6270 
INFO:root:TRAIN measures@100 for class 0 - precision 0.5029 - recall 0.1676 - f1 0.2514 
INFO:root:TRAIN measures@100 for class 1 - precision 0.9123 - recall 0.5583 - f1 0.6927 
INFO:root:TRAIN measures@1000 microavg - precision 0.6997 - recall 0.6997 - f1 0.6997 
INFO:root:TRAIN measures@1000 for class 0 - precision 0.2618 - recall 0.3950 - f1 0.3149 
INFO:root:TRAIN measures@1000 for class 1 - precision 0.8564 - recall 0.7642 - f1 0.8077 
INFO:root:TRAIN Total epoch time: 1.4408679359999041
INFO:root:################ VALID epoch 59 ###################
INFO:root:VALID mean losses tensor(0.7093)
INFO:root:VALID mean errors 0.17255891859531403
INFO:root:VALID mean MRR 0.0 - mean MAP 0.9598862528800964
INFO:root:VALID tp {0: tensor(0), 1: tensor(983)},fn {0: tensor(205), 1: tensor(0)},fp {0: tensor(0), 1: tensor(205)}
INFO:root:VALID measures microavg - precision 0.8274 - recall 0.8274 - f1 0.8274 
INFO:root:VALID measures for class 0 - precision 0.0000 - recall 0.0000 - f1 0.0000 
INFO:root:VALID measures for class 1 - precision 0.8274 - recall 1.0000 - f1 0.9056 
INFO:root:VALID measures@10 microavg - precision 0.9667 - recall 0.0488 - f1 0.0929 
INFO:root:VALID measures@10 for class 0 - precision 0.0000 - recall 0.0000 - f1 0.0000 
INFO:root:VALID measures@10 for class 1 - precision 0.9667 - recall 0.0590 - f1 0.1112 
INFO:root:VALID measures@100 microavg - precision 0.8594 - recall 0.4992 - f1 0.6315 
INFO:root:VALID measures@100 for class 0 - precision 0.5000 - recall 0.2195 - f1 0.3051 
INFO:root:VALID measures@100 for class 1 - precision 0.9133 - recall 0.5575 - f1 0.6924 
INFO:root:VALID measures@1000 microavg - precision 0.6953 - recall 0.6953 - f1 0.6953 
INFO:root:VALID measures@1000 for class 0 - precision 0.2643 - recall 0.4293 - f1 0.3271 
INFO:root:VALID measures@1000 for class 1 - precision 0.8632 - recall 0.7508 - f1 0.8030 
INFO:root:VALID Total epoch time: 0.12881595499993637
INFO:root:################ TEST epoch 59 ###################
INFO:root:TEST batch 1 / 7 - partial error 0.1919 - partial loss 0.8215 - partial MRR  0.0000 - partial MAP 0.9409
INFO:root:TEST batch 1 / 7 -  partial tp {0: tensor(0), 1: tensor(160)},fn {0: tensor(38), 1: tensor(0)},fp {0: tensor(0), 1: tensor(38)}
INFO:root:TEST batch 1 / 7 - measures partial microavg - precision 0.8081 - recall 0.8081 - f1 0.8081 
INFO:root:TEST batch 1 / 7 - measures partial for class 0 - precision 0.0000 - recall 0.0000 - f1 0.0000 
INFO:root:TEST batch 1 / 7 - measures partial for class 1 - precision 0.8081 - recall 1.0000 - f1 0.8939 
INFO:root:TEST batch 1 / 7 - Batch time 0 
INFO:root:TEST batch 2 / 7 - partial error 0.1843 - partial loss 0.7805 - partial MRR  0.0000 - partial MAP 0.9493
INFO:root:TEST batch 2 / 7 -  partial tp {0: tensor(0), 1: tensor(163)},fn {0: tensor(35), 1: tensor(0)},fp {0: tensor(0), 1: tensor(35)}
INFO:root:TEST batch 2 / 7 - measures partial microavg - precision 0.8232 - recall 0.8232 - f1 0.8232 
INFO:root:TEST batch 2 / 7 - measures partial for class 0 - precision 0.0000 - recall 0.0000 - f1 0.0000 
INFO:root:TEST batch 2 / 7 - measures partial for class 1 - precision 0.8232 - recall 1.0000 - f1 0.9030 
INFO:root:TEST batch 2 / 7 - Batch time 0 
INFO:root:TEST batch 3 / 7 - partial error 0.1801 - partial loss 0.7518 - partial MRR  0.0000 - partial MAP 0.9537
INFO:root:TEST batch 3 / 7 -  partial tp {0: tensor(0), 1: tensor(164)},fn {0: tensor(34), 1: tensor(0)},fp {0: tensor(0), 1: tensor(34)}
INFO:root:TEST batch 3 / 7 - measures partial microavg - precision 0.8283 - recall 0.8283 - f1 0.8283 
INFO:root:TEST batch 3 / 7 - measures partial for class 0 - precision 0.0000 - recall 0.0000 - f1 0.0000 
INFO:root:TEST batch 3 / 7 - measures partial for class 1 - precision 0.8283 - recall 1.0000 - f1 0.9061 
INFO:root:TEST batch 3 / 7 - Batch time 0 
INFO:root:TEST batch 4 / 7 - partial error 0.1768 - partial loss 0.7657 - partial MRR  0.0000 - partial MAP 0.9489
INFO:root:TEST batch 4 / 7 -  partial tp {0: tensor(0), 1: tensor(165)},fn {0: tensor(33), 1: tensor(0)},fp {0: tensor(0), 1: tensor(33)}
INFO:root:TEST batch 4 / 7 - measures partial microavg - precision 0.8333 - recall 0.8333 - f1 0.8333 
INFO:root:TEST batch 4 / 7 - measures partial for class 0 - precision 0.0000 - recall 0.0000 - f1 0.0000 
INFO:root:TEST batch 4 / 7 - measures partial for class 1 - precision 0.8333 - recall 1.0000 - f1 0.9091 
INFO:root:TEST batch 4 / 7 - Batch time 0 
INFO:root:TEST batch 5 / 7 - partial error 0.1778 - partial loss 0.7611 - partial MRR  0.0000 - partial MAP 0.9491
INFO:root:TEST batch 5 / 7 -  partial tp {0: tensor(0), 1: tensor(162)},fn {0: tensor(36), 1: tensor(0)},fp {0: tensor(0), 1: tensor(36)}
INFO:root:TEST batch 5 / 7 - measures partial microavg - precision 0.8182 - recall 0.8182 - f1 0.8182 
INFO:root:TEST batch 5 / 7 - measures partial for class 0 - precision 0.0000 - recall 0.0000 - f1 0.0000 
INFO:root:TEST batch 5 / 7 - measures partial for class 1 - precision 0.8182 - recall 1.0000 - f1 0.9000 
INFO:root:TEST batch 5 / 7 - Batch time 0 
INFO:root:TEST batch 6 / 7 - partial error 0.1810 - partial loss 0.7749 - partial MRR  0.0000 - partial MAP 0.9465
INFO:root:TEST batch 6 / 7 -  partial tp {0: tensor(0), 1: tensor(159)},fn {0: tensor(39), 1: tensor(0)},fp {0: tensor(0), 1: tensor(39)}
INFO:root:TEST batch 6 / 7 - measures partial microavg - precision 0.8030 - recall 0.8030 - f1 0.8030 
INFO:root:TEST batch 6 / 7 - measures partial for class 0 - precision 0.0000 - recall 0.0000 - f1 0.0000 
INFO:root:TEST batch 6 / 7 - measures partial for class 1 - precision 0.8030 - recall 1.0000 - f1 0.8908 
INFO:root:TEST batch 6 / 7 - Batch time 0 
INFO:root:TEST batch 7 / 7 - partial error 0.1811 - partial loss 0.7802 - partial MRR  0.0000 - partial MAP 0.9462
INFO:root:TEST batch 7 / 7 -  partial tp {0: tensor(0), 1: tensor(162)},fn {0: tensor(36), 1: tensor(0)},fp {0: tensor(0), 1: tensor(36)}
INFO:root:TEST batch 7 / 7 - measures partial microavg - precision 0.8182 - recall 0.8182 - f1 0.8182 
INFO:root:TEST batch 7 / 7 - measures partial for class 0 - precision 0.0000 - recall 0.0000 - f1 0.0000 
INFO:root:TEST batch 7 / 7 - measures partial for class 1 - precision 0.8182 - recall 1.0000 - f1 0.9000 
INFO:root:TEST batch 7 / 7 - Batch time 0 
INFO:root:TEST mean losses tensor(0.7802)
INFO:root:TEST mean errors 0.18109668791294098
INFO:root:TEST mean MRR 0.0 - mean MAP 0.9462345242500305
INFO:root:TEST tp {0: tensor(0), 1: tensor(1135)},fn {0: tensor(251), 1: tensor(0)},fp {0: tensor(0), 1: tensor(251)}
INFO:root:TEST measures microavg - precision 0.8189 - recall 0.8189 - f1 0.8189 
INFO:root:TEST measures for class 0 - precision 0.0000 - recall 0.0000 - f1 0.0000 
INFO:root:TEST measures for class 1 - precision 0.8189 - recall 1.0000 - f1 0.9004 
INFO:root:TEST measures@10 microavg - precision 0.9437 - recall 0.0483 - f1 0.0920 
INFO:root:TEST measures@10 for class 0 - precision 0.0000 - recall 0.0000 - f1 0.0000 
INFO:root:TEST measures@10 for class 1 - precision 0.9571 - recall 0.0590 - f1 0.1112 
INFO:root:TEST measures@100 microavg - precision 0.8407 - recall 0.4798 - f1 0.6109 
INFO:root:TEST measures@100 for class 0 - precision 0.4396 - recall 0.1594 - f1 0.2339 
INFO:root:TEST measures@100 for class 1 - precision 0.8929 - recall 0.5507 - f1 0.6812 
INFO:root:TEST measures@1000 microavg - precision 0.6869 - recall 0.6869 - f1 0.6869 
INFO:root:TEST measures@1000 for class 0 - precision 0.2451 - recall 0.3506 - f1 0.2885 
INFO:root:TEST measures@1000 for class 1 - precision 0.8413 - recall 0.7612 - f1 0.7993 
INFO:root:TEST Total epoch time: 0.16482223799994244
INFO:root:################ TRAIN epoch 60 ###################
INFO:root:TRAIN mean losses tensor(0.7120)
INFO:root:TRAIN mean errors 0.17474748194217682
INFO:root:TRAIN mean MRR 0.0 - mean MAP 0.9605918526649475
INFO:root:TRAIN tp {0: tensor(0), 1: tensor(4902)},fn {0: tensor(1038), 1: tensor(0)},fp {0: tensor(0), 1: tensor(1038)}
INFO:root:TRAIN measures microavg - precision 0.8253 - recall 0.8253 - f1 0.8253 
INFO:root:TRAIN measures for class 0 - precision 0.0000 - recall 0.0000 - f1 0.0000 
INFO:root:TRAIN measures for class 1 - precision 0.8253 - recall 1.0000 - f1 0.9043 
INFO:root:TRAIN measures@10 microavg - precision 0.9833 - recall 0.0497 - f1 0.0946 
INFO:root:TRAIN measures@10 for class 0 - precision 0.0000 - recall 0.0000 - f1 0.0000 
INFO:root:TRAIN measures@10 for class 1 - precision 0.9833 - recall 0.0602 - f1 0.1134 
INFO:root:TRAIN measures@100 microavg - precision 0.8673 - recall 0.4896 - f1 0.6258 
INFO:root:TRAIN measures@100 for class 0 - precision 0.5056 - recall 0.1734 - f1 0.2582 
INFO:root:TRAIN measures@100 for class 1 - precision 0.9102 - recall 0.5565 - f1 0.6907 
INFO:root:TRAIN measures@1000 microavg - precision 0.6961 - recall 0.6961 - f1 0.6961 
INFO:root:TRAIN measures@1000 for class 0 - precision 0.2605 - recall 0.4017 - f1 0.3160 
INFO:root:TRAIN measures@1000 for class 1 - precision 0.8569 - recall 0.7585 - f1 0.8047 
INFO:root:TRAIN Total epoch time: 1.4349763350001012
INFO:root:################ VALID epoch 60 ###################
INFO:root:VALID mean losses tensor(0.7002)
INFO:root:VALID mean errors 0.17255891859531403
INFO:root:VALID mean MRR 0.0 - mean MAP 0.9606528878211975
INFO:root:VALID tp {0: tensor(0), 1: tensor(983)},fn {0: tensor(205), 1: tensor(0)},fp {0: tensor(0), 1: tensor(205)}
INFO:root:VALID measures microavg - precision 0.8274 - recall 0.8274 - f1 0.8274 
INFO:root:VALID measures for class 0 - precision 0.0000 - recall 0.0000 - f1 0.0000 
INFO:root:VALID measures for class 1 - precision 0.8274 - recall 1.0000 - f1 0.9056 
INFO:root:VALID measures@10 microavg - precision 0.9500 - recall 0.0480 - f1 0.0913 
INFO:root:VALID measures@10 for class 0 - precision 0.0000 - recall 0.0000 - f1 0.0000 
INFO:root:VALID measures@10 for class 1 - precision 0.9500 - recall 0.0580 - f1 0.1093 
INFO:root:VALID measures@100 microavg - precision 0.8537 - recall 0.5059 - f1 0.6353 
INFO:root:VALID measures@100 for class 0 - precision 0.5000 - recall 0.2537 - f1 0.3366 
INFO:root:VALID measures@100 for class 1 - precision 0.9150 - recall 0.5585 - f1 0.6936 
INFO:root:VALID measures@1000 microavg - precision 0.6776 - recall 0.6776 - f1 0.6776 
INFO:root:VALID measures@1000 for class 0 - precision 0.2658 - recall 0.4927 - f1 0.3453 
INFO:root:VALID measures@1000 for class 1 - precision 0.8713 - recall 0.7162 - f1 0.7862 
INFO:root:VALID Total epoch time: 0.12919036899984349
INFO:root:################ TEST epoch 60 ###################
INFO:root:TEST batch 1 / 7 - partial error 0.1919 - partial loss 0.8305 - partial MRR  0.0000 - partial MAP 0.9375
INFO:root:TEST batch 1 / 7 -  partial tp {0: tensor(0), 1: tensor(160)},fn {0: tensor(38), 1: tensor(0)},fp {0: tensor(0), 1: tensor(38)}
INFO:root:TEST batch 1 / 7 - measures partial microavg - precision 0.8081 - recall 0.8081 - f1 0.8081 
INFO:root:TEST batch 1 / 7 - measures partial for class 0 - precision 0.0000 - recall 0.0000 - f1 0.0000 
INFO:root:TEST batch 1 / 7 - measures partial for class 1 - precision 0.8081 - recall 1.0000 - f1 0.8939 
INFO:root:TEST batch 1 / 7 - Batch time 0 
INFO:root:TEST batch 2 / 7 - partial error 0.1843 - partial loss 0.7783 - partial MRR  0.0000 - partial MAP 0.9492
INFO:root:TEST batch 2 / 7 -  partial tp {0: tensor(0), 1: tensor(163)},fn {0: tensor(35), 1: tensor(0)},fp {0: tensor(0), 1: tensor(35)}
INFO:root:TEST batch 2 / 7 - measures partial microavg - precision 0.8232 - recall 0.8232 - f1 0.8232 
INFO:root:TEST batch 2 / 7 - measures partial for class 0 - precision 0.0000 - recall 0.0000 - f1 0.0000 
INFO:root:TEST batch 2 / 7 - measures partial for class 1 - precision 0.8232 - recall 1.0000 - f1 0.9030 
INFO:root:TEST batch 2 / 7 - Batch time 0 
INFO:root:TEST batch 3 / 7 - partial error 0.1801 - partial loss 0.7465 - partial MRR  0.0000 - partial MAP 0.9566
INFO:root:TEST batch 3 / 7 -  partial tp {0: tensor(0), 1: tensor(164)},fn {0: tensor(34), 1: tensor(0)},fp {0: tensor(0), 1: tensor(34)}
INFO:root:TEST batch 3 / 7 - measures partial microavg - precision 0.8283 - recall 0.8283 - f1 0.8283 
INFO:root:TEST batch 3 / 7 - measures partial for class 0 - precision 0.0000 - recall 0.0000 - f1 0.0000 
INFO:root:TEST batch 3 / 7 - measures partial for class 1 - precision 0.8283 - recall 1.0000 - f1 0.9061 
INFO:root:TEST batch 3 / 7 - Batch time 0 
INFO:root:TEST batch 4 / 7 - partial error 0.1768 - partial loss 0.7576 - partial MRR  0.0000 - partial MAP 0.9504
INFO:root:TEST batch 4 / 7 -  partial tp {0: tensor(0), 1: tensor(165)},fn {0: tensor(33), 1: tensor(0)},fp {0: tensor(0), 1: tensor(33)}
INFO:root:TEST batch 4 / 7 - measures partial microavg - precision 0.8333 - recall 0.8333 - f1 0.8333 
INFO:root:TEST batch 4 / 7 - measures partial for class 0 - precision 0.0000 - recall 0.0000 - f1 0.0000 
INFO:root:TEST batch 4 / 7 - measures partial for class 1 - precision 0.8333 - recall 1.0000 - f1 0.9091 
INFO:root:TEST batch 4 / 7 - Batch time 0 
INFO:root:TEST batch 5 / 7 - partial error 0.1778 - partial loss 0.7507 - partial MRR  0.0000 - partial MAP 0.9510
INFO:root:TEST batch 5 / 7 -  partial tp {0: tensor(0), 1: tensor(162)},fn {0: tensor(36), 1: tensor(0)},fp {0: tensor(0), 1: tensor(36)}
INFO:root:TEST batch 5 / 7 - measures partial microavg - precision 0.8182 - recall 0.8182 - f1 0.8182 
INFO:root:TEST batch 5 / 7 - measures partial for class 0 - precision 0.0000 - recall 0.0000 - f1 0.0000 
INFO:root:TEST batch 5 / 7 - measures partial for class 1 - precision 0.8182 - recall 1.0000 - f1 0.9000 
INFO:root:TEST batch 5 / 7 - Batch time 0 
INFO:root:TEST batch 6 / 7 - partial error 0.1810 - partial loss 0.7623 - partial MRR  0.0000 - partial MAP 0.9502
INFO:root:TEST batch 6 / 7 -  partial tp {0: tensor(0), 1: tensor(159)},fn {0: tensor(39), 1: tensor(0)},fp {0: tensor(0), 1: tensor(39)}
INFO:root:TEST batch 6 / 7 - measures partial microavg - precision 0.8030 - recall 0.8030 - f1 0.8030 
INFO:root:TEST batch 6 / 7 - measures partial for class 0 - precision 0.0000 - recall 0.0000 - f1 0.0000 
INFO:root:TEST batch 6 / 7 - measures partial for class 1 - precision 0.8030 - recall 1.0000 - f1 0.8908 
INFO:root:TEST batch 6 / 7 - Batch time 0 
INFO:root:TEST batch 7 / 7 - partial error 0.1811 - partial loss 0.7667 - partial MRR  0.0000 - partial MAP 0.9496
INFO:root:TEST batch 7 / 7 -  partial tp {0: tensor(0), 1: tensor(162)},fn {0: tensor(36), 1: tensor(0)},fp {0: tensor(0), 1: tensor(36)}
INFO:root:TEST batch 7 / 7 - measures partial microavg - precision 0.8182 - recall 0.8182 - f1 0.8182 
INFO:root:TEST batch 7 / 7 - measures partial for class 0 - precision 0.0000 - recall 0.0000 - f1 0.0000 
INFO:root:TEST batch 7 / 7 - measures partial for class 1 - precision 0.8182 - recall 1.0000 - f1 0.9000 
INFO:root:TEST batch 7 / 7 - Batch time 0 
INFO:root:TEST mean losses tensor(0.7667)
INFO:root:TEST mean errors 0.18109668791294098
INFO:root:TEST mean MRR 0.0 - mean MAP 0.9496065974235535
INFO:root:TEST tp {0: tensor(0), 1: tensor(1135)},fn {0: tensor(251), 1: tensor(0)},fp {0: tensor(0), 1: tensor(251)}
INFO:root:TEST measures microavg - precision 0.8189 - recall 0.8189 - f1 0.8189 
INFO:root:TEST measures for class 0 - precision 0.0000 - recall 0.0000 - f1 0.0000 
INFO:root:TEST measures for class 1 - precision 0.8189 - recall 1.0000 - f1 0.9004 
INFO:root:TEST measures@10 microavg - precision 0.9857 - recall 0.0498 - f1 0.0948 
INFO:root:TEST measures@10 for class 0 - precision 0.0000 - recall 0.0000 - f1 0.0000 
INFO:root:TEST measures@10 for class 1 - precision 0.9857 - recall 0.0608 - f1 0.1145 
INFO:root:TEST measures@100 microavg - precision 0.8742 - recall 0.4863 - f1 0.6249 
INFO:root:TEST measures@100 for class 0 - precision 0.6197 - recall 0.1753 - f1 0.2733 
INFO:root:TEST measures@100 for class 1 - precision 0.9000 - recall 0.5551 - f1 0.6866 
INFO:root:TEST measures@1000 microavg - precision 0.7056 - recall 0.7056 - f1 0.7056 
INFO:root:TEST measures@1000 for class 0 - precision 0.2555 - recall 0.3267 - f1 0.2867 
INFO:root:TEST measures@1000 for class 1 - precision 0.8413 - recall 0.7894 - f1 0.8145 
INFO:root:TEST Total epoch time: 0.16451201199970455
INFO:root:################ TRAIN epoch 61 ###################
INFO:root:TRAIN mean losses tensor(0.7093)
INFO:root:TRAIN mean errors 0.17474748194217682
INFO:root:TRAIN mean MRR 0.0 - mean MAP 0.9600311517715454
INFO:root:TRAIN tp {0: tensor(0), 1: tensor(4902)},fn {0: tensor(1038), 1: tensor(0)},fp {0: tensor(0), 1: tensor(1038)}
INFO:root:TRAIN measures microavg - precision 0.8253 - recall 0.8253 - f1 0.8253 
INFO:root:TRAIN measures for class 0 - precision 0.0000 - recall 0.0000 - f1 0.0000 
INFO:root:TRAIN measures for class 1 - precision 0.8253 - recall 1.0000 - f1 0.9043 
INFO:root:TRAIN measures@10 microavg - precision 0.9801 - recall 0.0498 - f1 0.0948 
INFO:root:TRAIN measures@10 for class 0 - precision 1.0000 - recall 0.0019 - f1 0.0038 
INFO:root:TRAIN measures@10 for class 1 - precision 0.9800 - recall 0.0600 - f1 0.1130 
INFO:root:TRAIN measures@100 microavg - precision 0.8606 - recall 0.4958 - f1 0.6291 
INFO:root:TRAIN measures@100 for class 0 - precision 0.5104 - recall 0.2119 - f1 0.2995 
INFO:root:TRAIN measures@100 for class 1 - precision 0.9111 - recall 0.5559 - f1 0.6905 
INFO:root:TRAIN measures@1000 microavg - precision 0.6800 - recall 0.6800 - f1 0.6800 
INFO:root:TRAIN measures@1000 for class 0 - precision 0.2596 - recall 0.4489 - f1 0.3290 
INFO:root:TRAIN measures@1000 for class 1 - precision 0.8620 - recall 0.7289 - f1 0.7899 
INFO:root:TRAIN Total epoch time: 1.4729184090001581
INFO:root:################ VALID epoch 61 ###################
INFO:root:VALID mean losses tensor(0.7283)
INFO:root:VALID mean errors 0.17255891859531403
INFO:root:VALID mean MRR 0.0 - mean MAP 0.9594494104385376
INFO:root:VALID tp {0: tensor(0), 1: tensor(983)},fn {0: tensor(205), 1: tensor(0)},fp {0: tensor(0), 1: tensor(205)}
INFO:root:VALID measures microavg - precision 0.8274 - recall 0.8274 - f1 0.8274 
INFO:root:VALID measures for class 0 - precision 0.0000 - recall 0.0000 - f1 0.0000 
INFO:root:VALID measures for class 1 - precision 0.8274 - recall 1.0000 - f1 0.9056 
INFO:root:VALID measures@10 microavg - precision 0.9667 - recall 0.0488 - f1 0.0929 
INFO:root:VALID measures@10 for class 0 - precision 0.0000 - recall 0.0000 - f1 0.0000 
INFO:root:VALID measures@10 for class 1 - precision 0.9667 - recall 0.0590 - f1 0.1112 
INFO:root:VALID measures@100 microavg - precision 0.8812 - recall 0.4747 - f1 0.6171 
INFO:root:VALID measures@100 for class 0 - precision 0.4750 - recall 0.0927 - f1 0.1551 
INFO:root:VALID measures@100 for class 1 - precision 0.9083 - recall 0.5544 - f1 0.6886 
INFO:root:VALID measures@1000 microavg - precision 0.7088 - recall 0.7088 - f1 0.7088 
INFO:root:VALID measures@1000 for class 0 - precision 0.1839 - recall 0.2000 - f1 0.1916 
INFO:root:VALID measures@1000 for class 1 - precision 0.8301 - recall 0.8149 - f1 0.8224 
INFO:root:VALID Total epoch time: 0.1301633899997796
INFO:root:################ TEST epoch 61 ###################
INFO:root:TEST batch 1 / 7 - partial error 0.1919 - partial loss 0.8385 - partial MRR  0.0000 - partial MAP 0.9441
INFO:root:TEST batch 1 / 7 -  partial tp {0: tensor(0), 1: tensor(160)},fn {0: tensor(38), 1: tensor(0)},fp {0: tensor(0), 1: tensor(38)}
INFO:root:TEST batch 1 / 7 - measures partial microavg - precision 0.8081 - recall 0.8081 - f1 0.8081 
INFO:root:TEST batch 1 / 7 - measures partial for class 0 - precision 0.0000 - recall 0.0000 - f1 0.0000 
INFO:root:TEST batch 1 / 7 - measures partial for class 1 - precision 0.8081 - recall 1.0000 - f1 0.8939 
INFO:root:TEST batch 1 / 7 - Batch time 0 
INFO:root:TEST batch 2 / 7 - partial error 0.1843 - partial loss 0.7936 - partial MRR  0.0000 - partial MAP 0.9510
INFO:root:TEST batch 2 / 7 -  partial tp {0: tensor(0), 1: tensor(163)},fn {0: tensor(35), 1: tensor(0)},fp {0: tensor(0), 1: tensor(35)}
INFO:root:TEST batch 2 / 7 - measures partial microavg - precision 0.8232 - recall 0.8232 - f1 0.8232 
INFO:root:TEST batch 2 / 7 - measures partial for class 0 - precision 0.0000 - recall 0.0000 - f1 0.0000 
INFO:root:TEST batch 2 / 7 - measures partial for class 1 - precision 0.8232 - recall 1.0000 - f1 0.9030 
INFO:root:TEST batch 2 / 7 - Batch time 0 
INFO:root:TEST batch 3 / 7 - partial error 0.1801 - partial loss 0.7716 - partial MRR  0.0000 - partial MAP 0.9531
INFO:root:TEST batch 3 / 7 -  partial tp {0: tensor(0), 1: tensor(164)},fn {0: tensor(34), 1: tensor(0)},fp {0: tensor(0), 1: tensor(34)}
INFO:root:TEST batch 3 / 7 - measures partial microavg - precision 0.8283 - recall 0.8283 - f1 0.8283 
INFO:root:TEST batch 3 / 7 - measures partial for class 0 - precision 0.0000 - recall 0.0000 - f1 0.0000 
INFO:root:TEST batch 3 / 7 - measures partial for class 1 - precision 0.8283 - recall 1.0000 - f1 0.9061 
INFO:root:TEST batch 3 / 7 - Batch time 0 
INFO:root:TEST batch 4 / 7 - partial error 0.1768 - partial loss 0.7746 - partial MRR  0.0000 - partial MAP 0.9475
INFO:root:TEST batch 4 / 7 -  partial tp {0: tensor(0), 1: tensor(165)},fn {0: tensor(33), 1: tensor(0)},fp {0: tensor(0), 1: tensor(33)}
INFO:root:TEST batch 4 / 7 - measures partial microavg - precision 0.8333 - recall 0.8333 - f1 0.8333 
INFO:root:TEST batch 4 / 7 - measures partial for class 0 - precision 0.0000 - recall 0.0000 - f1 0.0000 
INFO:root:TEST batch 4 / 7 - measures partial for class 1 - precision 0.8333 - recall 1.0000 - f1 0.9091 
INFO:root:TEST batch 4 / 7 - Batch time 0 
INFO:root:TEST batch 5 / 7 - partial error 0.1778 - partial loss 0.7660 - partial MRR  0.0000 - partial MAP 0.9504
INFO:root:TEST batch 5 / 7 -  partial tp {0: tensor(0), 1: tensor(162)},fn {0: tensor(36), 1: tensor(0)},fp {0: tensor(0), 1: tensor(36)}
INFO:root:TEST batch 5 / 7 - measures partial microavg - precision 0.8182 - recall 0.8182 - f1 0.8182 
INFO:root:TEST batch 5 / 7 - measures partial for class 0 - precision 0.0000 - recall 0.0000 - f1 0.0000 
INFO:root:TEST batch 5 / 7 - measures partial for class 1 - precision 0.8182 - recall 1.0000 - f1 0.9000 
INFO:root:TEST batch 5 / 7 - Batch time 0 
INFO:root:TEST batch 6 / 7 - partial error 0.1810 - partial loss 0.7793 - partial MRR  0.0000 - partial MAP 0.9490
INFO:root:TEST batch 6 / 7 -  partial tp {0: tensor(0), 1: tensor(159)},fn {0: tensor(39), 1: tensor(0)},fp {0: tensor(0), 1: tensor(39)}
INFO:root:TEST batch 6 / 7 - measures partial microavg - precision 0.8030 - recall 0.8030 - f1 0.8030 
INFO:root:TEST batch 6 / 7 - measures partial for class 0 - precision 0.0000 - recall 0.0000 - f1 0.0000 
INFO:root:TEST batch 6 / 7 - measures partial for class 1 - precision 0.8030 - recall 1.0000 - f1 0.8908 
INFO:root:TEST batch 6 / 7 - Batch time 0 
INFO:root:TEST batch 7 / 7 - partial error 0.1811 - partial loss 0.7873 - partial MRR  0.0000 - partial MAP 0.9484
INFO:root:TEST batch 7 / 7 -  partial tp {0: tensor(0), 1: tensor(162)},fn {0: tensor(36), 1: tensor(0)},fp {0: tensor(0), 1: tensor(36)}
INFO:root:TEST batch 7 / 7 - measures partial microavg - precision 0.8182 - recall 0.8182 - f1 0.8182 
INFO:root:TEST batch 7 / 7 - measures partial for class 0 - precision 0.0000 - recall 0.0000 - f1 0.0000 
INFO:root:TEST batch 7 / 7 - measures partial for class 1 - precision 0.8182 - recall 1.0000 - f1 0.9000 
INFO:root:TEST batch 7 / 7 - Batch time 0 
INFO:root:TEST mean losses tensor(0.7873)
INFO:root:TEST mean errors 0.18109668791294098
INFO:root:TEST mean MRR 0.0 - mean MAP 0.9484230875968933
INFO:root:TEST tp {0: tensor(0), 1: tensor(1135)},fn {0: tensor(251), 1: tensor(0)},fp {0: tensor(0), 1: tensor(251)}
INFO:root:TEST measures microavg - precision 0.8189 - recall 0.8189 - f1 0.8189 
INFO:root:TEST measures for class 0 - precision 0.0000 - recall 0.0000 - f1 0.0000 
INFO:root:TEST measures for class 1 - precision 0.8189 - recall 1.0000 - f1 0.9004 
INFO:root:TEST measures@10 microavg - precision 0.9857 - recall 0.0498 - f1 0.0948 
INFO:root:TEST measures@10 for class 0 - precision 0.0000 - recall 0.0000 - f1 0.0000 
INFO:root:TEST measures@10 for class 1 - precision 0.9857 - recall 0.0608 - f1 0.1145 
INFO:root:TEST measures@100 microavg - precision 0.8603 - recall 0.4798 - f1 0.6160 
INFO:root:TEST measures@100 for class 0 - precision 0.6027 - recall 0.1753 - f1 0.2716 
INFO:root:TEST measures@100 for class 1 - precision 0.8871 - recall 0.5471 - f1 0.6768 
INFO:root:TEST measures@1000 microavg - precision 0.6970 - recall 0.6970 - f1 0.6970 
INFO:root:TEST measures@1000 for class 0 - precision 0.2565 - recall 0.3546 - f1 0.2977 
INFO:root:TEST measures@1000 for class 1 - precision 0.8441 - recall 0.7727 - f1 0.8068 
INFO:root:TEST Total epoch time: 0.16603959299982307
INFO:root:################ TRAIN epoch 62 ###################
INFO:root:TRAIN mean losses tensor(0.7134)
INFO:root:TRAIN mean errors 0.17474748194217682
INFO:root:TRAIN mean MRR 0.0 - mean MAP 0.9606198072433472
INFO:root:TRAIN tp {0: tensor(0), 1: tensor(4902)},fn {0: tensor(1038), 1: tensor(0)},fp {0: tensor(0), 1: tensor(1038)}
INFO:root:TRAIN measures microavg - precision 0.8253 - recall 0.8253 - f1 0.8253 
INFO:root:TRAIN measures for class 0 - precision 0.0000 - recall 0.0000 - f1 0.0000 
INFO:root:TRAIN measures for class 1 - precision 0.8253 - recall 1.0000 - f1 0.9043 
INFO:root:TRAIN measures@10 microavg - precision 0.9800 - recall 0.0495 - f1 0.0942 
INFO:root:TRAIN measures@10 for class 0 - precision 0.0000 - recall 0.0000 - f1 0.0000 
INFO:root:TRAIN measures@10 for class 1 - precision 0.9800 - recall 0.0600 - f1 0.1130 
INFO:root:TRAIN measures@100 microavg - precision 0.8930 - recall 0.4820 - f1 0.6261 
INFO:root:TRAIN measures@100 for class 0 - precision 0.4660 - recall 0.0925 - f1 0.1543 
INFO:root:TRAIN measures@100 for class 1 - precision 0.9223 - recall 0.5645 - f1 0.7003 
INFO:root:TRAIN measures@1000 microavg - precision 0.7380 - recall 0.7380 - f1 0.7380 
INFO:root:TRAIN measures@1000 for class 0 - precision 0.2619 - recall 0.2746 - f1 0.2681 
INFO:root:TRAIN measures@1000 for class 1 - precision 0.8448 - recall 0.8362 - f1 0.8405 
INFO:root:TRAIN Total epoch time: 1.487362745000155
INFO:root:################ VALID epoch 62 ###################
INFO:root:VALID mean losses tensor(0.7103)
INFO:root:VALID mean errors 0.17255891859531403
INFO:root:VALID mean MRR 0.0 - mean MAP 0.9587991237640381
INFO:root:VALID tp {0: tensor(0), 1: tensor(983)},fn {0: tensor(205), 1: tensor(0)},fp {0: tensor(0), 1: tensor(205)}
INFO:root:VALID measures microavg - precision 0.8274 - recall 0.8274 - f1 0.8274 
INFO:root:VALID measures for class 0 - precision 0.0000 - recall 0.0000 - f1 0.0000 
INFO:root:VALID measures for class 1 - precision 0.8274 - recall 1.0000 - f1 0.9056 
INFO:root:VALID measures@10 microavg - precision 0.9833 - recall 0.0497 - f1 0.0946 
INFO:root:VALID measures@10 for class 0 - precision 0.0000 - recall 0.0000 - f1 0.0000 
INFO:root:VALID measures@10 for class 1 - precision 0.9833 - recall 0.0600 - f1 0.1131 
INFO:root:VALID measures@100 microavg - precision 0.8676 - recall 0.4798 - f1 0.6179 
INFO:root:VALID measures@100 for class 0 - precision 0.5263 - recall 0.1463 - f1 0.2290 
INFO:root:VALID measures@100 for class 1 - precision 0.9000 - recall 0.5493 - f1 0.6822 
INFO:root:VALID measures@1000 microavg - precision 0.6978 - recall 0.6978 - f1 0.6978 
INFO:root:VALID measures@1000 for class 0 - precision 0.2363 - recall 0.3366 - f1 0.2777 
INFO:root:VALID measures@1000 for class 1 - precision 0.8482 - recall 0.7731 - f1 0.8089 
INFO:root:VALID Total epoch time: 0.12882873699982156
INFO:root:################ TEST epoch 62 ###################
INFO:root:TEST batch 1 / 7 - partial error 0.1919 - partial loss 0.8011 - partial MRR  0.0000 - partial MAP 0.9424
INFO:root:TEST batch 1 / 7 -  partial tp {0: tensor(0), 1: tensor(160)},fn {0: tensor(38), 1: tensor(0)},fp {0: tensor(0), 1: tensor(38)}
INFO:root:TEST batch 1 / 7 - measures partial microavg - precision 0.8081 - recall 0.8081 - f1 0.8081 
INFO:root:TEST batch 1 / 7 - measures partial for class 0 - precision 0.0000 - recall 0.0000 - f1 0.0000 
INFO:root:TEST batch 1 / 7 - measures partial for class 1 - precision 0.8081 - recall 1.0000 - f1 0.8939 
INFO:root:TEST batch 1 / 7 - Batch time 0 
INFO:root:TEST batch 2 / 7 - partial error 0.1843 - partial loss 0.7541 - partial MRR  0.0000 - partial MAP 0.9527
INFO:root:TEST batch 2 / 7 -  partial tp {0: tensor(0), 1: tensor(163)},fn {0: tensor(35), 1: tensor(0)},fp {0: tensor(0), 1: tensor(35)}
INFO:root:TEST batch 2 / 7 - measures partial microavg - precision 0.8232 - recall 0.8232 - f1 0.8232 
INFO:root:TEST batch 2 / 7 - measures partial for class 0 - precision 0.0000 - recall 0.0000 - f1 0.0000 
INFO:root:TEST batch 2 / 7 - measures partial for class 1 - precision 0.8232 - recall 1.0000 - f1 0.9030 
INFO:root:TEST batch 2 / 7 - Batch time 0 
INFO:root:TEST batch 3 / 7 - partial error 0.1801 - partial loss 0.7411 - partial MRR  0.0000 - partial MAP 0.9543
INFO:root:TEST batch 3 / 7 -  partial tp {0: tensor(0), 1: tensor(164)},fn {0: tensor(34), 1: tensor(0)},fp {0: tensor(0), 1: tensor(34)}
INFO:root:TEST batch 3 / 7 - measures partial microavg - precision 0.8283 - recall 0.8283 - f1 0.8283 
INFO:root:TEST batch 3 / 7 - measures partial for class 0 - precision 0.0000 - recall 0.0000 - f1 0.0000 
INFO:root:TEST batch 3 / 7 - measures partial for class 1 - precision 0.8283 - recall 1.0000 - f1 0.9061 
INFO:root:TEST batch 3 / 7 - Batch time 0 
INFO:root:TEST batch 4 / 7 - partial error 0.1768 - partial loss 0.7499 - partial MRR  0.0000 - partial MAP 0.9492
INFO:root:TEST batch 4 / 7 -  partial tp {0: tensor(0), 1: tensor(165)},fn {0: tensor(33), 1: tensor(0)},fp {0: tensor(0), 1: tensor(33)}
INFO:root:TEST batch 4 / 7 - measures partial microavg - precision 0.8333 - recall 0.8333 - f1 0.8333 
INFO:root:TEST batch 4 / 7 - measures partial for class 0 - precision 0.0000 - recall 0.0000 - f1 0.0000 
INFO:root:TEST batch 4 / 7 - measures partial for class 1 - precision 0.8333 - recall 1.0000 - f1 0.9091 
INFO:root:TEST batch 4 / 7 - Batch time 0 
INFO:root:TEST batch 5 / 7 - partial error 0.1778 - partial loss 0.7436 - partial MRR  0.0000 - partial MAP 0.9512
INFO:root:TEST batch 5 / 7 -  partial tp {0: tensor(0), 1: tensor(162)},fn {0: tensor(36), 1: tensor(0)},fp {0: tensor(0), 1: tensor(36)}
INFO:root:TEST batch 5 / 7 - measures partial microavg - precision 0.8182 - recall 0.8182 - f1 0.8182 
INFO:root:TEST batch 5 / 7 - measures partial for class 0 - precision 0.0000 - recall 0.0000 - f1 0.0000 
INFO:root:TEST batch 5 / 7 - measures partial for class 1 - precision 0.8182 - recall 1.0000 - f1 0.9000 
INFO:root:TEST batch 5 / 7 - Batch time 0 
INFO:root:TEST batch 6 / 7 - partial error 0.1810 - partial loss 0.7529 - partial MRR  0.0000 - partial MAP 0.9495
INFO:root:TEST batch 6 / 7 -  partial tp {0: tensor(0), 1: tensor(159)},fn {0: tensor(39), 1: tensor(0)},fp {0: tensor(0), 1: tensor(39)}
INFO:root:TEST batch 6 / 7 - measures partial microavg - precision 0.8030 - recall 0.8030 - f1 0.8030 
INFO:root:TEST batch 6 / 7 - measures partial for class 0 - precision 0.0000 - recall 0.0000 - f1 0.0000 
INFO:root:TEST batch 6 / 7 - measures partial for class 1 - precision 0.8030 - recall 1.0000 - f1 0.8908 
INFO:root:TEST batch 6 / 7 - Batch time 0 
INFO:root:TEST batch 7 / 7 - partial error 0.1811 - partial loss 0.7552 - partial MRR  0.0000 - partial MAP 0.9491
INFO:root:TEST batch 7 / 7 -  partial tp {0: tensor(0), 1: tensor(162)},fn {0: tensor(36), 1: tensor(0)},fp {0: tensor(0), 1: tensor(36)}
INFO:root:TEST batch 7 / 7 - measures partial microavg - precision 0.8182 - recall 0.8182 - f1 0.8182 
INFO:root:TEST batch 7 / 7 - measures partial for class 0 - precision 0.0000 - recall 0.0000 - f1 0.0000 
INFO:root:TEST batch 7 / 7 - measures partial for class 1 - precision 0.8182 - recall 1.0000 - f1 0.9000 
INFO:root:TEST batch 7 / 7 - Batch time 0 
INFO:root:TEST mean losses tensor(0.7552)
INFO:root:TEST mean errors 0.18109668791294098
INFO:root:TEST mean MRR 0.0 - mean MAP 0.9491187930107117
INFO:root:TEST tp {0: tensor(0), 1: tensor(1135)},fn {0: tensor(251), 1: tensor(0)},fp {0: tensor(0), 1: tensor(251)}
INFO:root:TEST measures microavg - precision 0.8189 - recall 0.8189 - f1 0.8189 
INFO:root:TEST measures for class 0 - precision 0.0000 - recall 0.0000 - f1 0.0000 
INFO:root:TEST measures for class 1 - precision 0.8189 - recall 1.0000 - f1 0.9004 
INFO:root:TEST measures@10 microavg - precision 0.9857 - recall 0.0498 - f1 0.0948 
INFO:root:TEST measures@10 for class 0 - precision 0.0000 - recall 0.0000 - f1 0.0000 
INFO:root:TEST measures@10 for class 1 - precision 0.9857 - recall 0.0608 - f1 0.1145 
INFO:root:TEST measures@100 microavg - precision 0.8660 - recall 0.4755 - f1 0.6139 
INFO:root:TEST measures@100 for class 0 - precision 0.6066 - recall 0.1474 - f1 0.2372 
INFO:root:TEST measures@100 for class 1 - precision 0.8886 - recall 0.5480 - f1 0.6779 
INFO:root:TEST measures@1000 microavg - precision 0.7013 - recall 0.7013 - f1 0.7013 
INFO:root:TEST measures@1000 for class 0 - precision 0.2477 - recall 0.3187 - f1 0.2787 
INFO:root:TEST measures@1000 for class 1 - precision 0.8391 - recall 0.7859 - f1 0.8116 
INFO:root:TEST Total epoch time: 0.16507036499979222
INFO:root:################ TRAIN epoch 63 ###################
INFO:root:TRAIN mean losses tensor(0.7060)
INFO:root:TRAIN mean errors 0.17474748194217682
INFO:root:TRAIN mean MRR 0.0 - mean MAP 0.9594891667366028
INFO:root:TRAIN tp {0: tensor(0), 1: tensor(4902)},fn {0: tensor(1038), 1: tensor(0)},fp {0: tensor(0), 1: tensor(1038)}
INFO:root:TRAIN measures microavg - precision 0.8253 - recall 0.8253 - f1 0.8253 
INFO:root:TRAIN measures for class 0 - precision 0.0000 - recall 0.0000 - f1 0.0000 
INFO:root:TRAIN measures for class 1 - precision 0.8253 - recall 1.0000 - f1 0.9043 
INFO:root:TRAIN measures@10 microavg - precision 0.9867 - recall 0.0498 - f1 0.0949 
INFO:root:TRAIN measures@10 for class 0 - precision 0.0000 - recall 0.0000 - f1 0.0000 
INFO:root:TRAIN measures@10 for class 1 - precision 0.9867 - recall 0.0604 - f1 0.1138 
INFO:root:TRAIN measures@100 microavg - precision 0.8742 - recall 0.4912 - f1 0.6290 
INFO:root:TRAIN measures@100 for class 0 - precision 0.5147 - recall 0.1686 - f1 0.2540 
INFO:root:TRAIN measures@100 for class 1 - precision 0.9149 - recall 0.5596 - f1 0.6944 
INFO:root:TRAIN measures@1000 microavg - precision 0.7069 - recall 0.7069 - f1 0.7069 
INFO:root:TRAIN measures@1000 for class 0 - precision 0.2664 - recall 0.3863 - f1 0.3154 
INFO:root:TRAIN measures@1000 for class 1 - precision 0.8564 - recall 0.7748 - f1 0.8135 
INFO:root:TRAIN Total epoch time: 1.4398037609998937
INFO:root:################ VALID epoch 63 ###################
INFO:root:VALID mean losses tensor(0.7112)
INFO:root:VALID mean errors 0.17255891859531403
INFO:root:VALID mean MRR 0.0 - mean MAP 0.9589798450469971
INFO:root:VALID tp {0: tensor(0), 1: tensor(983)},fn {0: tensor(205), 1: tensor(0)},fp {0: tensor(0), 1: tensor(205)}
INFO:root:VALID measures microavg - precision 0.8274 - recall 0.8274 - f1 0.8274 
INFO:root:VALID measures for class 0 - precision 0.0000 - recall 0.0000 - f1 0.0000 
INFO:root:VALID measures for class 1 - precision 0.8274 - recall 1.0000 - f1 0.9056 
INFO:root:VALID measures@10 microavg - precision 0.9833 - recall 0.0497 - f1 0.0946 
INFO:root:VALID measures@10 for class 0 - precision 0.0000 - recall 0.0000 - f1 0.0000 
INFO:root:VALID measures@10 for class 1 - precision 0.9833 - recall 0.0600 - f1 0.1131 
INFO:root:VALID measures@100 microavg - precision 0.8897 - recall 0.4891 - f1 0.6312 
INFO:root:VALID measures@100 for class 0 - precision 0.5094 - recall 0.1317 - f1 0.2093 
INFO:root:VALID measures@100 for class 1 - precision 0.9233 - recall 0.5636 - f1 0.6999 
INFO:root:VALID measures@1000 microavg - precision 0.7163 - recall 0.7163 - f1 0.7163 
INFO:root:VALID measures@1000 for class 0 - precision 0.2402 - recall 0.2976 - f1 0.2658 
INFO:root:VALID measures@1000 for class 1 - precision 0.8458 - recall 0.8037 - f1 0.8242 
INFO:root:VALID Total epoch time: 0.12955087399996046
INFO:root:################ TEST epoch 63 ###################
INFO:root:TEST batch 1 / 7 - partial error 0.1919 - partial loss 0.8174 - partial MRR  0.0000 - partial MAP 0.9386
INFO:root:TEST batch 1 / 7 -  partial tp {0: tensor(0), 1: tensor(160)},fn {0: tensor(38), 1: tensor(0)},fp {0: tensor(0), 1: tensor(38)}
INFO:root:TEST batch 1 / 7 - measures partial microavg - precision 0.8081 - recall 0.8081 - f1 0.8081 
INFO:root:TEST batch 1 / 7 - measures partial for class 0 - precision 0.0000 - recall 0.0000 - f1 0.0000 
INFO:root:TEST batch 1 / 7 - measures partial for class 1 - precision 0.8081 - recall 1.0000 - f1 0.8939 
INFO:root:TEST batch 1 / 7 - Batch time 0 
INFO:root:TEST batch 2 / 7 - partial error 0.1843 - partial loss 0.7757 - partial MRR  0.0000 - partial MAP 0.9444
INFO:root:TEST batch 2 / 7 -  partial tp {0: tensor(0), 1: tensor(163)},fn {0: tensor(35), 1: tensor(0)},fp {0: tensor(0), 1: tensor(35)}
INFO:root:TEST batch 2 / 7 - measures partial microavg - precision 0.8232 - recall 0.8232 - f1 0.8232 
INFO:root:TEST batch 2 / 7 - measures partial for class 0 - precision 0.0000 - recall 0.0000 - f1 0.0000 
INFO:root:TEST batch 2 / 7 - measures partial for class 1 - precision 0.8232 - recall 1.0000 - f1 0.9030 
INFO:root:TEST batch 2 / 7 - Batch time 0 
INFO:root:TEST batch 3 / 7 - partial error 0.1801 - partial loss 0.7536 - partial MRR  0.0000 - partial MAP 0.9484
INFO:root:TEST batch 3 / 7 -  partial tp {0: tensor(0), 1: tensor(164)},fn {0: tensor(34), 1: tensor(0)},fp {0: tensor(0), 1: tensor(34)}
INFO:root:TEST batch 3 / 7 - measures partial microavg - precision 0.8283 - recall 0.8283 - f1 0.8283 
INFO:root:TEST batch 3 / 7 - measures partial for class 0 - precision 0.0000 - recall 0.0000 - f1 0.0000 
INFO:root:TEST batch 3 / 7 - measures partial for class 1 - precision 0.8283 - recall 1.0000 - f1 0.9061 
INFO:root:TEST batch 3 / 7 - Batch time 0 
INFO:root:TEST batch 4 / 7 - partial error 0.1768 - partial loss 0.7640 - partial MRR  0.0000 - partial MAP 0.9448
INFO:root:TEST batch 4 / 7 -  partial tp {0: tensor(0), 1: tensor(165)},fn {0: tensor(33), 1: tensor(0)},fp {0: tensor(0), 1: tensor(33)}
INFO:root:TEST batch 4 / 7 - measures partial microavg - precision 0.8333 - recall 0.8333 - f1 0.8333 
INFO:root:TEST batch 4 / 7 - measures partial for class 0 - precision 0.0000 - recall 0.0000 - f1 0.0000 
INFO:root:TEST batch 4 / 7 - measures partial for class 1 - precision 0.8333 - recall 1.0000 - f1 0.9091 
INFO:root:TEST batch 4 / 7 - Batch time 0 
INFO:root:TEST batch 5 / 7 - partial error 0.1778 - partial loss 0.7501 - partial MRR  0.0000 - partial MAP 0.9469
INFO:root:TEST batch 5 / 7 -  partial tp {0: tensor(0), 1: tensor(162)},fn {0: tensor(36), 1: tensor(0)},fp {0: tensor(0), 1: tensor(36)}
INFO:root:TEST batch 5 / 7 - measures partial microavg - precision 0.8182 - recall 0.8182 - f1 0.8182 
INFO:root:TEST batch 5 / 7 - measures partial for class 0 - precision 0.0000 - recall 0.0000 - f1 0.0000 
INFO:root:TEST batch 5 / 7 - measures partial for class 1 - precision 0.8182 - recall 1.0000 - f1 0.9000 
INFO:root:TEST batch 5 / 7 - Batch time 0 
INFO:root:TEST batch 6 / 7 - partial error 0.1810 - partial loss 0.7627 - partial MRR  0.0000 - partial MAP 0.9451
INFO:root:TEST batch 6 / 7 -  partial tp {0: tensor(0), 1: tensor(159)},fn {0: tensor(39), 1: tensor(0)},fp {0: tensor(0), 1: tensor(39)}
INFO:root:TEST batch 6 / 7 - measures partial microavg - precision 0.8030 - recall 0.8030 - f1 0.8030 
INFO:root:TEST batch 6 / 7 - measures partial for class 0 - precision 0.0000 - recall 0.0000 - f1 0.0000 
INFO:root:TEST batch 6 / 7 - measures partial for class 1 - precision 0.8030 - recall 1.0000 - f1 0.8908 
INFO:root:TEST batch 6 / 7 - Batch time 0 
INFO:root:TEST batch 7 / 7 - partial error 0.1811 - partial loss 0.7665 - partial MRR  0.0000 - partial MAP 0.9450
INFO:root:TEST batch 7 / 7 -  partial tp {0: tensor(0), 1: tensor(162)},fn {0: tensor(36), 1: tensor(0)},fp {0: tensor(0), 1: tensor(36)}
INFO:root:TEST batch 7 / 7 - measures partial microavg - precision 0.8182 - recall 0.8182 - f1 0.8182 
INFO:root:TEST batch 7 / 7 - measures partial for class 0 - precision 0.0000 - recall 0.0000 - f1 0.0000 
INFO:root:TEST batch 7 / 7 - measures partial for class 1 - precision 0.8182 - recall 1.0000 - f1 0.9000 
INFO:root:TEST batch 7 / 7 - Batch time 0 
INFO:root:TEST mean losses tensor(0.7665)
INFO:root:TEST mean errors 0.18109668791294098
INFO:root:TEST mean MRR 0.0 - mean MAP 0.9450018405914307
INFO:root:TEST tp {0: tensor(0), 1: tensor(1135)},fn {0: tensor(251), 1: tensor(0)},fp {0: tensor(0), 1: tensor(251)}
INFO:root:TEST measures microavg - precision 0.8189 - recall 0.8189 - f1 0.8189 
INFO:root:TEST measures for class 0 - precision 0.0000 - recall 0.0000 - f1 0.0000 
INFO:root:TEST measures for class 1 - precision 0.8189 - recall 1.0000 - f1 0.9004 
INFO:root:TEST measures@10 microavg - precision 0.9714 - recall 0.0491 - f1 0.0934 
INFO:root:TEST measures@10 for class 0 - precision 0.0000 - recall 0.0000 - f1 0.0000 
INFO:root:TEST measures@10 for class 1 - precision 0.9714 - recall 0.0599 - f1 0.1129 
INFO:root:TEST measures@100 microavg - precision 0.8323 - recall 0.4798 - f1 0.6087 
INFO:root:TEST measures@100 for class 0 - precision 0.5051 - recall 0.1992 - f1 0.2857 
INFO:root:TEST measures@100 for class 1 - precision 0.8786 - recall 0.5419 - f1 0.6703 
INFO:root:TEST measures@1000 microavg - precision 0.6674 - recall 0.6674 - f1 0.6674 
INFO:root:TEST measures@1000 for class 0 - precision 0.2375 - recall 0.3785 - f1 0.2919 
INFO:root:TEST measures@1000 for class 1 - precision 0.8418 - recall 0.7313 - f1 0.7826 
INFO:root:TEST Total epoch time: 0.1646788469997773
INFO:root:################ TRAIN epoch 64 ###################
INFO:root:TRAIN mean losses tensor(0.7098)
INFO:root:TRAIN mean errors 0.17474748194217682
INFO:root:TRAIN mean MRR 0.0 - mean MAP 0.9606364965438843
INFO:root:TRAIN tp {0: tensor(0), 1: tensor(4902)},fn {0: tensor(1038), 1: tensor(0)},fp {0: tensor(0), 1: tensor(1038)}
INFO:root:TRAIN measures microavg - precision 0.8253 - recall 0.8253 - f1 0.8253 
INFO:root:TRAIN measures for class 0 - precision 0.0000 - recall 0.0000 - f1 0.0000 
INFO:root:TRAIN measures for class 1 - precision 0.8253 - recall 1.0000 - f1 0.9043 
INFO:root:TRAIN measures@10 microavg - precision 0.9867 - recall 0.0498 - f1 0.0949 
INFO:root:TRAIN measures@10 for class 0 - precision 0.0000 - recall 0.0000 - f1 0.0000 
INFO:root:TRAIN measures@10 for class 1 - precision 0.9867 - recall 0.0604 - f1 0.1138 
INFO:root:TRAIN measures@100 microavg - precision 0.8844 - recall 0.4906 - f1 0.6311 
INFO:root:TRAIN measures@100 for class 0 - precision 0.5424 - recall 0.1541 - f1 0.2401 
INFO:root:TRAIN measures@100 for class 1 - precision 0.9180 - recall 0.5618 - f1 0.6970 
INFO:root:TRAIN measures@1000 microavg - precision 0.7189 - recall 0.7189 - f1 0.7189 
INFO:root:TRAIN measures@1000 for class 0 - precision 0.2649 - recall 0.3430 - f1 0.2989 
INFO:root:TRAIN measures@1000 for class 1 - precision 0.8516 - recall 0.7984 - f1 0.8242 
INFO:root:TRAIN Total epoch time: 1.435287414999948
INFO:root:################ VALID epoch 64 ###################
INFO:root:VALID mean losses tensor(0.7029)
INFO:root:VALID mean errors 0.17255891859531403
INFO:root:VALID mean MRR 0.0 - mean MAP 0.9619038105010986
INFO:root:VALID tp {0: tensor(0), 1: tensor(983)},fn {0: tensor(205), 1: tensor(0)},fp {0: tensor(0), 1: tensor(205)}
INFO:root:VALID measures microavg - precision 0.8274 - recall 0.8274 - f1 0.8274 
INFO:root:VALID measures for class 0 - precision 0.0000 - recall 0.0000 - f1 0.0000 
INFO:root:VALID measures for class 1 - precision 0.8274 - recall 1.0000 - f1 0.9056 
INFO:root:VALID measures@10 microavg - precision 0.9667 - recall 0.0488 - f1 0.0929 
INFO:root:VALID measures@10 for class 0 - precision 0.0000 - recall 0.0000 - f1 0.0000 
INFO:root:VALID measures@10 for class 1 - precision 0.9667 - recall 0.0590 - f1 0.1112 
INFO:root:VALID measures@100 microavg - precision 0.8831 - recall 0.4832 - f1 0.6246 
INFO:root:VALID measures@100 for class 0 - precision 0.6000 - recall 0.1463 - f1 0.2353 
INFO:root:VALID measures@100 for class 1 - precision 0.9067 - recall 0.5534 - f1 0.6873 
INFO:root:VALID measures@1000 microavg - precision 0.7348 - recall 0.7348 - f1 0.7348 
INFO:root:VALID measures@1000 for class 0 - precision 0.2566 - recall 0.2829 - f1 0.2691 
INFO:root:VALID measures@1000 for class 1 - precision 0.8472 - recall 0.8291 - f1 0.8380 
INFO:root:VALID Total epoch time: 0.13091038099992147
INFO:root:################ TEST epoch 64 ###################
INFO:root:TEST batch 1 / 7 - partial error 0.1919 - partial loss 0.8369 - partial MRR  0.0000 - partial MAP 0.9327
INFO:root:TEST batch 1 / 7 -  partial tp {0: tensor(0), 1: tensor(160)},fn {0: tensor(38), 1: tensor(0)},fp {0: tensor(0), 1: tensor(38)}
INFO:root:TEST batch 1 / 7 - measures partial microavg - precision 0.8081 - recall 0.8081 - f1 0.8081 
INFO:root:TEST batch 1 / 7 - measures partial for class 0 - precision 0.0000 - recall 0.0000 - f1 0.0000 
INFO:root:TEST batch 1 / 7 - measures partial for class 1 - precision 0.8081 - recall 1.0000 - f1 0.8939 
INFO:root:TEST batch 1 / 7 - Batch time 0 
INFO:root:TEST batch 2 / 7 - partial error 0.1843 - partial loss 0.7785 - partial MRR  0.0000 - partial MAP 0.9479
INFO:root:TEST batch 2 / 7 -  partial tp {0: tensor(0), 1: tensor(163)},fn {0: tensor(35), 1: tensor(0)},fp {0: tensor(0), 1: tensor(35)}
INFO:root:TEST batch 2 / 7 - measures partial microavg - precision 0.8232 - recall 0.8232 - f1 0.8232 
INFO:root:TEST batch 2 / 7 - measures partial for class 0 - precision 0.0000 - recall 0.0000 - f1 0.0000 
INFO:root:TEST batch 2 / 7 - measures partial for class 1 - precision 0.8232 - recall 1.0000 - f1 0.9030 
INFO:root:TEST batch 2 / 7 - Batch time 0 
INFO:root:TEST batch 3 / 7 - partial error 0.1801 - partial loss 0.7543 - partial MRR  0.0000 - partial MAP 0.9515
INFO:root:TEST batch 3 / 7 -  partial tp {0: tensor(0), 1: tensor(164)},fn {0: tensor(34), 1: tensor(0)},fp {0: tensor(0), 1: tensor(34)}
INFO:root:TEST batch 3 / 7 - measures partial microavg - precision 0.8283 - recall 0.8283 - f1 0.8283 
INFO:root:TEST batch 3 / 7 - measures partial for class 0 - precision 0.0000 - recall 0.0000 - f1 0.0000 
INFO:root:TEST batch 3 / 7 - measures partial for class 1 - precision 0.8283 - recall 1.0000 - f1 0.9061 
INFO:root:TEST batch 3 / 7 - Batch time 0 
INFO:root:TEST batch 4 / 7 - partial error 0.1768 - partial loss 0.7623 - partial MRR  0.0000 - partial MAP 0.9472
INFO:root:TEST batch 4 / 7 -  partial tp {0: tensor(0), 1: tensor(165)},fn {0: tensor(33), 1: tensor(0)},fp {0: tensor(0), 1: tensor(33)}
INFO:root:TEST batch 4 / 7 - measures partial microavg - precision 0.8333 - recall 0.8333 - f1 0.8333 
INFO:root:TEST batch 4 / 7 - measures partial for class 0 - precision 0.0000 - recall 0.0000 - f1 0.0000 
INFO:root:TEST batch 4 / 7 - measures partial for class 1 - precision 0.8333 - recall 1.0000 - f1 0.9091 
INFO:root:TEST batch 4 / 7 - Batch time 0 
INFO:root:TEST batch 5 / 7 - partial error 0.1778 - partial loss 0.7532 - partial MRR  0.0000 - partial MAP 0.9492
INFO:root:TEST batch 5 / 7 -  partial tp {0: tensor(0), 1: tensor(162)},fn {0: tensor(36), 1: tensor(0)},fp {0: tensor(0), 1: tensor(36)}
INFO:root:TEST batch 5 / 7 - measures partial microavg - precision 0.8182 - recall 0.8182 - f1 0.8182 
INFO:root:TEST batch 5 / 7 - measures partial for class 0 - precision 0.0000 - recall 0.0000 - f1 0.0000 
INFO:root:TEST batch 5 / 7 - measures partial for class 1 - precision 0.8182 - recall 1.0000 - f1 0.9000 
INFO:root:TEST batch 5 / 7 - Batch time 0 
INFO:root:TEST batch 6 / 7 - partial error 0.1810 - partial loss 0.7640 - partial MRR  0.0000 - partial MAP 0.9469
INFO:root:TEST batch 6 / 7 -  partial tp {0: tensor(0), 1: tensor(159)},fn {0: tensor(39), 1: tensor(0)},fp {0: tensor(0), 1: tensor(39)}
INFO:root:TEST batch 6 / 7 - measures partial microavg - precision 0.8030 - recall 0.8030 - f1 0.8030 
INFO:root:TEST batch 6 / 7 - measures partial for class 0 - precision 0.0000 - recall 0.0000 - f1 0.0000 
INFO:root:TEST batch 6 / 7 - measures partial for class 1 - precision 0.8030 - recall 1.0000 - f1 0.8908 
INFO:root:TEST batch 6 / 7 - Batch time 0 
INFO:root:TEST batch 7 / 7 - partial error 0.1811 - partial loss 0.7652 - partial MRR  0.0000 - partial MAP 0.9471
INFO:root:TEST batch 7 / 7 -  partial tp {0: tensor(0), 1: tensor(162)},fn {0: tensor(36), 1: tensor(0)},fp {0: tensor(0), 1: tensor(36)}
INFO:root:TEST batch 7 / 7 - measures partial microavg - precision 0.8182 - recall 0.8182 - f1 0.8182 
INFO:root:TEST batch 7 / 7 - measures partial for class 0 - precision 0.0000 - recall 0.0000 - f1 0.0000 
INFO:root:TEST batch 7 / 7 - measures partial for class 1 - precision 0.8182 - recall 1.0000 - f1 0.9000 
INFO:root:TEST batch 7 / 7 - Batch time 0 
INFO:root:TEST mean losses tensor(0.7652)
INFO:root:TEST mean errors 0.18109668791294098
INFO:root:TEST mean MRR 0.0 - mean MAP 0.9470928311347961
INFO:root:TEST tp {0: tensor(0), 1: tensor(1135)},fn {0: tensor(251), 1: tensor(0)},fp {0: tensor(0), 1: tensor(251)}
INFO:root:TEST measures microavg - precision 0.8189 - recall 0.8189 - f1 0.8189 
INFO:root:TEST measures for class 0 - precision 0.0000 - recall 0.0000 - f1 0.0000 
INFO:root:TEST measures for class 1 - precision 0.8189 - recall 1.0000 - f1 0.9004 
INFO:root:TEST measures@10 microavg - precision 0.9714 - recall 0.0491 - f1 0.0934 
INFO:root:TEST measures@10 for class 0 - precision 0.0000 - recall 0.0000 - f1 0.0000 
INFO:root:TEST measures@10 for class 1 - precision 0.9714 - recall 0.0599 - f1 0.1129 
INFO:root:TEST measures@100 microavg - precision 0.8686 - recall 0.4675 - f1 0.6079 
INFO:root:TEST measures@100 for class 0 - precision 0.3478 - recall 0.0637 - f1 0.1077 
INFO:root:TEST measures@100 for class 1 - precision 0.9029 - recall 0.5568 - f1 0.6888 
INFO:root:TEST measures@1000 microavg - precision 0.7475 - recall 0.7475 - f1 0.7475 
INFO:root:TEST measures@1000 for class 0 - precision 0.2324 - recall 0.1713 - f1 0.1972 
INFO:root:TEST measures@1000 for class 1 - precision 0.8268 - recall 0.8749 - f1 0.8502 
INFO:root:TEST Total epoch time: 0.16692482300004485
INFO:root:################ TRAIN epoch 65 ###################
INFO:root:TRAIN mean losses tensor(0.7031)
INFO:root:TRAIN mean errors 0.17474748194217682
INFO:root:TRAIN mean MRR 0.0 - mean MAP 0.961590588092804
INFO:root:TRAIN tp {0: tensor(0), 1: tensor(4902)},fn {0: tensor(1038), 1: tensor(0)},fp {0: tensor(0), 1: tensor(1038)}
INFO:root:TRAIN measures microavg - precision 0.8253 - recall 0.8253 - f1 0.8253 
INFO:root:TRAIN measures for class 0 - precision 0.0000 - recall 0.0000 - f1 0.0000 
INFO:root:TRAIN measures for class 1 - precision 0.8253 - recall 1.0000 - f1 0.9043 
INFO:root:TRAIN measures@10 microavg - precision 0.9800 - recall 0.0495 - f1 0.0942 
INFO:root:TRAIN measures@10 for class 0 - precision 0.0000 - recall 0.0000 - f1 0.0000 
INFO:root:TRAIN measures@10 for class 1 - precision 0.9800 - recall 0.0600 - f1 0.1130 
INFO:root:TRAIN measures@100 microavg - precision 0.8703 - recall 0.4924 - f1 0.6290 
INFO:root:TRAIN measures@100 for class 0 - precision 0.4891 - recall 0.1724 - f1 0.2550 
INFO:root:TRAIN measures@100 for class 1 - precision 0.9169 - recall 0.5602 - f1 0.6955 
INFO:root:TRAIN measures@1000 microavg - precision 0.6941 - recall 0.6941 - f1 0.6941 
INFO:root:TRAIN measures@1000 for class 0 - precision 0.2546 - recall 0.3892 - f1 0.3078 
INFO:root:TRAIN measures@1000 for class 1 - precision 0.8544 - recall 0.7587 - f1 0.8037 
INFO:root:TRAIN Total epoch time: 1.4738108659998943
INFO:root:################ VALID epoch 65 ###################
INFO:root:VALID mean losses tensor(0.7295)
INFO:root:VALID mean errors 0.17255891859531403
INFO:root:VALID mean MRR 0.0 - mean MAP 0.9609054327011108
INFO:root:VALID tp {0: tensor(0), 1: tensor(983)},fn {0: tensor(205), 1: tensor(0)},fp {0: tensor(0), 1: tensor(205)}
INFO:root:VALID measures microavg - precision 0.8274 - recall 0.8274 - f1 0.8274 
INFO:root:VALID measures for class 0 - precision 0.0000 - recall 0.0000 - f1 0.0000 
INFO:root:VALID measures for class 1 - precision 0.8274 - recall 1.0000 - f1 0.9056 
INFO:root:VALID measures@10 microavg - precision 0.9500 - recall 0.0480 - f1 0.0913 
INFO:root:VALID measures@10 for class 0 - precision 0.0000 - recall 0.0000 - f1 0.0000 
INFO:root:VALID measures@10 for class 1 - precision 0.9500 - recall 0.0580 - f1 0.1093 
INFO:root:VALID measures@100 microavg - precision 0.8967 - recall 0.4966 - f1 0.6392 
INFO:root:VALID measures@100 for class 0 - precision 0.6379 - recall 0.1805 - f1 0.2814 
INFO:root:VALID measures@100 for class 1 - precision 0.9217 - recall 0.5626 - f1 0.6987 
INFO:root:VALID measures@1000 microavg - precision 0.7172 - recall 0.7172 - f1 0.7172 
INFO:root:VALID measures@1000 for class 0 - precision 0.2686 - recall 0.3707 - f1 0.3115 
INFO:root:VALID measures@1000 for class 1 - precision 0.8575 - recall 0.7894 - f1 0.8220 
INFO:root:VALID Total epoch time: 0.13028410800006895
INFO:root:################ TEST epoch 65 ###################
INFO:root:TEST batch 1 / 7 - partial error 0.1919 - partial loss 0.8497 - partial MRR  0.0000 - partial MAP 0.9285
INFO:root:TEST batch 1 / 7 -  partial tp {0: tensor(0), 1: tensor(160)},fn {0: tensor(38), 1: tensor(0)},fp {0: tensor(0), 1: tensor(38)}
INFO:root:TEST batch 1 / 7 - measures partial microavg - precision 0.8081 - recall 0.8081 - f1 0.8081 
INFO:root:TEST batch 1 / 7 - measures partial for class 0 - precision 0.0000 - recall 0.0000 - f1 0.0000 
INFO:root:TEST batch 1 / 7 - measures partial for class 1 - precision 0.8081 - recall 1.0000 - f1 0.8939 
INFO:root:TEST batch 1 / 7 - Batch time 0 
INFO:root:TEST batch 2 / 7 - partial error 0.1843 - partial loss 0.7965 - partial MRR  0.0000 - partial MAP 0.9451
INFO:root:TEST batch 2 / 7 -  partial tp {0: tensor(0), 1: tensor(163)},fn {0: tensor(35), 1: tensor(0)},fp {0: tensor(0), 1: tensor(35)}
INFO:root:TEST batch 2 / 7 - measures partial microavg - precision 0.8232 - recall 0.8232 - f1 0.8232 
INFO:root:TEST batch 2 / 7 - measures partial for class 0 - precision 0.0000 - recall 0.0000 - f1 0.0000 
INFO:root:TEST batch 2 / 7 - measures partial for class 1 - precision 0.8232 - recall 1.0000 - f1 0.9030 
INFO:root:TEST batch 2 / 7 - Batch time 0 
INFO:root:TEST batch 3 / 7 - partial error 0.1801 - partial loss 0.7720 - partial MRR  0.0000 - partial MAP 0.9497
INFO:root:TEST batch 3 / 7 -  partial tp {0: tensor(0), 1: tensor(164)},fn {0: tensor(34), 1: tensor(0)},fp {0: tensor(0), 1: tensor(34)}
INFO:root:TEST batch 3 / 7 - measures partial microavg - precision 0.8283 - recall 0.8283 - f1 0.8283 
INFO:root:TEST batch 3 / 7 - measures partial for class 0 - precision 0.0000 - recall 0.0000 - f1 0.0000 
INFO:root:TEST batch 3 / 7 - measures partial for class 1 - precision 0.8283 - recall 1.0000 - f1 0.9061 
INFO:root:TEST batch 3 / 7 - Batch time 0 
INFO:root:TEST batch 4 / 7 - partial error 0.1768 - partial loss 0.7789 - partial MRR  0.0000 - partial MAP 0.9461
INFO:root:TEST batch 4 / 7 -  partial tp {0: tensor(0), 1: tensor(165)},fn {0: tensor(33), 1: tensor(0)},fp {0: tensor(0), 1: tensor(33)}
INFO:root:TEST batch 4 / 7 - measures partial microavg - precision 0.8333 - recall 0.8333 - f1 0.8333 
INFO:root:TEST batch 4 / 7 - measures partial for class 0 - precision 0.0000 - recall 0.0000 - f1 0.0000 
INFO:root:TEST batch 4 / 7 - measures partial for class 1 - precision 0.8333 - recall 1.0000 - f1 0.9091 
INFO:root:TEST batch 4 / 7 - Batch time 0 
INFO:root:TEST batch 5 / 7 - partial error 0.1778 - partial loss 0.7741 - partial MRR  0.0000 - partial MAP 0.9478
INFO:root:TEST batch 5 / 7 -  partial tp {0: tensor(0), 1: tensor(162)},fn {0: tensor(36), 1: tensor(0)},fp {0: tensor(0), 1: tensor(36)}
INFO:root:TEST batch 5 / 7 - measures partial microavg - precision 0.8182 - recall 0.8182 - f1 0.8182 
INFO:root:TEST batch 5 / 7 - measures partial for class 0 - precision 0.0000 - recall 0.0000 - f1 0.0000 
INFO:root:TEST batch 5 / 7 - measures partial for class 1 - precision 0.8182 - recall 1.0000 - f1 0.9000 
INFO:root:TEST batch 5 / 7 - Batch time 0 
INFO:root:TEST batch 6 / 7 - partial error 0.1810 - partial loss 0.7933 - partial MRR  0.0000 - partial MAP 0.9452
INFO:root:TEST batch 6 / 7 -  partial tp {0: tensor(0), 1: tensor(159)},fn {0: tensor(39), 1: tensor(0)},fp {0: tensor(0), 1: tensor(39)}
INFO:root:TEST batch 6 / 7 - measures partial microavg - precision 0.8030 - recall 0.8030 - f1 0.8030 
INFO:root:TEST batch 6 / 7 - measures partial for class 0 - precision 0.0000 - recall 0.0000 - f1 0.0000 
INFO:root:TEST batch 6 / 7 - measures partial for class 1 - precision 0.8030 - recall 1.0000 - f1 0.8908 
INFO:root:TEST batch 6 / 7 - Batch time 0 
INFO:root:TEST batch 7 / 7 - partial error 0.1811 - partial loss 0.7898 - partial MRR  0.0000 - partial MAP 0.9457
INFO:root:TEST batch 7 / 7 -  partial tp {0: tensor(0), 1: tensor(162)},fn {0: tensor(36), 1: tensor(0)},fp {0: tensor(0), 1: tensor(36)}
INFO:root:TEST batch 7 / 7 - measures partial microavg - precision 0.8182 - recall 0.8182 - f1 0.8182 
INFO:root:TEST batch 7 / 7 - measures partial for class 0 - precision 0.0000 - recall 0.0000 - f1 0.0000 
INFO:root:TEST batch 7 / 7 - measures partial for class 1 - precision 0.8182 - recall 1.0000 - f1 0.9000 
INFO:root:TEST batch 7 / 7 - Batch time 0 
INFO:root:TEST mean losses tensor(0.7898)
INFO:root:TEST mean errors 0.18109668791294098
INFO:root:TEST mean MRR 0.0 - mean MAP 0.9456861019134521
INFO:root:TEST tp {0: tensor(0), 1: tensor(1135)},fn {0: tensor(251), 1: tensor(0)},fp {0: tensor(0), 1: tensor(251)}
INFO:root:TEST measures microavg - precision 0.8189 - recall 0.8189 - f1 0.8189 
INFO:root:TEST measures for class 0 - precision 0.0000 - recall 0.0000 - f1 0.0000 
INFO:root:TEST measures for class 1 - precision 0.8189 - recall 1.0000 - f1 0.9004 
INFO:root:TEST measures@10 microavg - precision 0.9571 - recall 0.0483 - f1 0.0920 
INFO:root:TEST measures@10 for class 0 - precision 0.0000 - recall 0.0000 - f1 0.0000 
INFO:root:TEST measures@10 for class 1 - precision 0.9571 - recall 0.0590 - f1 0.1112 
INFO:root:TEST measures@100 microavg - precision 0.8781 - recall 0.4834 - f1 0.6235 
INFO:root:TEST measures@100 for class 0 - precision 0.5873 - recall 0.1474 - f1 0.2357 
INFO:root:TEST measures@100 for class 1 - precision 0.9043 - recall 0.5577 - f1 0.6899 
INFO:root:TEST measures@1000 microavg - precision 0.7294 - recall 0.7294 - f1 0.7294 
INFO:root:TEST measures@1000 for class 0 - precision 0.2578 - recall 0.2629 - f1 0.2604 
INFO:root:TEST measures@1000 for class 1 - precision 0.8363 - recall 0.8326 - f1 0.8344 
INFO:root:TEST Total epoch time: 0.16531769700031873
INFO:root:################ TRAIN epoch 66 ###################
INFO:root:TRAIN mean losses tensor(0.7171)
INFO:root:TRAIN mean errors 0.17474748194217682
INFO:root:TRAIN mean MRR 0.0 - mean MAP 0.9612870812416077
INFO:root:TRAIN tp {0: tensor(0), 1: tensor(4902)},fn {0: tensor(1038), 1: tensor(0)},fp {0: tensor(0), 1: tensor(1038)}
INFO:root:TRAIN measures microavg - precision 0.8253 - recall 0.8253 - f1 0.8253 
INFO:root:TRAIN measures for class 0 - precision 0.0000 - recall 0.0000 - f1 0.0000 
INFO:root:TRAIN measures for class 1 - precision 0.8253 - recall 1.0000 - f1 0.9043 
INFO:root:TRAIN measures@10 microavg - precision 0.9734 - recall 0.0493 - f1 0.0939 
INFO:root:TRAIN measures@10 for class 0 - precision 1.0000 - recall 0.0010 - f1 0.0019 
INFO:root:TRAIN measures@10 for class 1 - precision 0.9733 - recall 0.0596 - f1 0.1123 
INFO:root:TRAIN measures@100 microavg - precision 0.8815 - recall 0.4921 - f1 0.6316 
INFO:root:TRAIN measures@100 for class 0 - precision 0.5285 - recall 0.1609 - f1 0.2467 
INFO:root:TRAIN measures@100 for class 1 - precision 0.9187 - recall 0.5622 - f1 0.6975 
INFO:root:TRAIN measures@1000 microavg - precision 0.7131 - recall 0.7131 - f1 0.7131 
INFO:root:TRAIN measures@1000 for class 0 - precision 0.2675 - recall 0.3690 - f1 0.3101 
INFO:root:TRAIN measures@1000 for class 1 - precision 0.8547 - recall 0.7860 - f1 0.8189 
INFO:root:TRAIN Total epoch time: 1.423401742000351
INFO:root:################ VALID epoch 66 ###################
INFO:root:VALID mean losses tensor(0.7166)
INFO:root:VALID mean errors 0.17255891859531403
INFO:root:VALID mean MRR 0.0 - mean MAP 0.9554445147514343
INFO:root:VALID tp {0: tensor(0), 1: tensor(983)},fn {0: tensor(205), 1: tensor(0)},fp {0: tensor(0), 1: tensor(205)}
INFO:root:VALID measures microavg - precision 0.8274 - recall 0.8274 - f1 0.8274 
INFO:root:VALID measures for class 0 - precision 0.0000 - recall 0.0000 - f1 0.0000 
INFO:root:VALID measures for class 1 - precision 0.8274 - recall 1.0000 - f1 0.9056 
INFO:root:VALID measures@10 microavg - precision 0.9667 - recall 0.0488 - f1 0.0929 
INFO:root:VALID measures@10 for class 0 - precision 0.0000 - recall 0.0000 - f1 0.0000 
INFO:root:VALID measures@10 for class 1 - precision 0.9667 - recall 0.0590 - f1 0.1112 
INFO:root:VALID measures@100 microavg - precision 0.8614 - recall 0.4916 - f1 0.6259 
INFO:root:VALID measures@100 for class 0 - precision 0.4872 - recall 0.1854 - f1 0.2686 
INFO:root:VALID measures@100 for class 1 - precision 0.9100 - recall 0.5554 - f1 0.6898 
INFO:root:VALID measures@1000 microavg - precision 0.6633 - recall 0.6633 - f1 0.6633 
INFO:root:VALID measures@1000 for class 0 - precision 0.2544 - recall 0.4927 - f1 0.3355 
INFO:root:VALID measures@1000 for class 1 - precision 0.8685 - recall 0.6989 - f1 0.7745 
INFO:root:VALID Total epoch time: 0.12924865600007251
INFO:root:################ TEST epoch 66 ###################
INFO:root:TEST batch 1 / 7 - partial error 0.1919 - partial loss 0.7788 - partial MRR  0.0000 - partial MAP 0.9446
INFO:root:TEST batch 1 / 7 -  partial tp {0: tensor(0), 1: tensor(160)},fn {0: tensor(38), 1: tensor(0)},fp {0: tensor(0), 1: tensor(38)}
INFO:root:TEST batch 1 / 7 - measures partial microavg - precision 0.8081 - recall 0.8081 - f1 0.8081 
INFO:root:TEST batch 1 / 7 - measures partial for class 0 - precision 0.0000 - recall 0.0000 - f1 0.0000 
INFO:root:TEST batch 1 / 7 - measures partial for class 1 - precision 0.8081 - recall 1.0000 - f1 0.8939 
INFO:root:TEST batch 1 / 7 - Batch time 0 
INFO:root:TEST batch 2 / 7 - partial error 0.1843 - partial loss 0.7545 - partial MRR  0.0000 - partial MAP 0.9508
INFO:root:TEST batch 2 / 7 -  partial tp {0: tensor(0), 1: tensor(163)},fn {0: tensor(35), 1: tensor(0)},fp {0: tensor(0), 1: tensor(35)}
INFO:root:TEST batch 2 / 7 - measures partial microavg - precision 0.8232 - recall 0.8232 - f1 0.8232 
INFO:root:TEST batch 2 / 7 - measures partial for class 0 - precision 0.0000 - recall 0.0000 - f1 0.0000 
INFO:root:TEST batch 2 / 7 - measures partial for class 1 - precision 0.8232 - recall 1.0000 - f1 0.9030 
INFO:root:TEST batch 2 / 7 - Batch time 0 
INFO:root:TEST batch 3 / 7 - partial error 0.1801 - partial loss 0.7531 - partial MRR  0.0000 - partial MAP 0.9523
INFO:root:TEST batch 3 / 7 -  partial tp {0: tensor(0), 1: tensor(164)},fn {0: tensor(34), 1: tensor(0)},fp {0: tensor(0), 1: tensor(34)}
INFO:root:TEST batch 3 / 7 - measures partial microavg - precision 0.8283 - recall 0.8283 - f1 0.8283 
INFO:root:TEST batch 3 / 7 - measures partial for class 0 - precision 0.0000 - recall 0.0000 - f1 0.0000 
INFO:root:TEST batch 3 / 7 - measures partial for class 1 - precision 0.8283 - recall 1.0000 - f1 0.9061 
INFO:root:TEST batch 3 / 7 - Batch time 0 
INFO:root:TEST batch 4 / 7 - partial error 0.1768 - partial loss 0.7637 - partial MRR  0.0000 - partial MAP 0.9460
INFO:root:TEST batch 4 / 7 -  partial tp {0: tensor(0), 1: tensor(165)},fn {0: tensor(33), 1: tensor(0)},fp {0: tensor(0), 1: tensor(33)}
INFO:root:TEST batch 4 / 7 - measures partial microavg - precision 0.8333 - recall 0.8333 - f1 0.8333 
INFO:root:TEST batch 4 / 7 - measures partial for class 0 - precision 0.0000 - recall 0.0000 - f1 0.0000 
INFO:root:TEST batch 4 / 7 - measures partial for class 1 - precision 0.8333 - recall 1.0000 - f1 0.9091 
INFO:root:TEST batch 4 / 7 - Batch time 0 
INFO:root:TEST batch 5 / 7 - partial error 0.1778 - partial loss 0.7549 - partial MRR  0.0000 - partial MAP 0.9480
INFO:root:TEST batch 5 / 7 -  partial tp {0: tensor(0), 1: tensor(162)},fn {0: tensor(36), 1: tensor(0)},fp {0: tensor(0), 1: tensor(36)}
INFO:root:TEST batch 5 / 7 - measures partial microavg - precision 0.8182 - recall 0.8182 - f1 0.8182 
INFO:root:TEST batch 5 / 7 - measures partial for class 0 - precision 0.0000 - recall 0.0000 - f1 0.0000 
INFO:root:TEST batch 5 / 7 - measures partial for class 1 - precision 0.8182 - recall 1.0000 - f1 0.9000 
INFO:root:TEST batch 5 / 7 - Batch time 0 
INFO:root:TEST batch 6 / 7 - partial error 0.1810 - partial loss 0.7689 - partial MRR  0.0000 - partial MAP 0.9435
INFO:root:TEST batch 6 / 7 -  partial tp {0: tensor(0), 1: tensor(159)},fn {0: tensor(39), 1: tensor(0)},fp {0: tensor(0), 1: tensor(39)}
INFO:root:TEST batch 6 / 7 - measures partial microavg - precision 0.8030 - recall 0.8030 - f1 0.8030 
INFO:root:TEST batch 6 / 7 - measures partial for class 0 - precision 0.0000 - recall 0.0000 - f1 0.0000 
INFO:root:TEST batch 6 / 7 - measures partial for class 1 - precision 0.8030 - recall 1.0000 - f1 0.8908 
INFO:root:TEST batch 6 / 7 - Batch time 0 
INFO:root:TEST batch 7 / 7 - partial error 0.1818 - partial loss 0.7936 - partial MRR  0.0000 - partial MAP 0.9417
INFO:root:TEST batch 7 / 7 -  partial tp {0: tensor(0), 1: tensor(161)},fn {0: tensor(36), 1: tensor(1)},fp {0: tensor(1), 1: tensor(36)}
INFO:root:TEST batch 7 / 7 - measures partial microavg - precision 0.8131 - recall 0.8131 - f1 0.8131 
INFO:root:TEST batch 7 / 7 - measures partial for class 0 - precision 0.0000 - recall 0.0000 - f1 0.0000 
INFO:root:TEST batch 7 / 7 - measures partial for class 1 - precision 0.8173 - recall 0.9938 - f1 0.8969 
INFO:root:TEST batch 7 / 7 - Batch time 0 
INFO:root:TEST mean losses tensor(0.7936)
INFO:root:TEST mean errors 0.1818181872367859
INFO:root:TEST mean MRR 0.0 - mean MAP 0.9417310953140259
INFO:root:TEST tp {0: tensor(0), 1: tensor(1134)},fn {0: tensor(251), 1: tensor(1)},fp {0: tensor(1), 1: tensor(251)}
INFO:root:TEST measures microavg - precision 0.8182 - recall 0.8182 - f1 0.8182 
INFO:root:TEST measures for class 0 - precision 0.0000 - recall 0.0000 - f1 0.0000 
INFO:root:TEST measures for class 1 - precision 0.8188 - recall 0.9991 - f1 0.9000 
INFO:root:TEST measures@10 microavg - precision 0.9714 - recall 0.0491 - f1 0.0934 
INFO:root:TEST measures@10 for class 0 - precision 0.0000 - recall 0.0000 - f1 0.0000 
INFO:root:TEST measures@10 for class 1 - precision 0.9714 - recall 0.0599 - f1 0.1129 
INFO:root:TEST measures@100 microavg - precision 0.8757 - recall 0.4726 - f1 0.6139 
INFO:root:TEST measures@100 for class 0 - precision 0.6250 - recall 0.1195 - f1 0.2007 
INFO:root:TEST measures@100 for class 1 - precision 0.8929 - recall 0.5507 - f1 0.6812 
INFO:root:TEST measures@1000 microavg - precision 0.7352 - recall 0.7352 - f1 0.7352 
INFO:root:TEST measures@1000 for class 0 - precision 0.2642 - recall 0.2590 - f1 0.2616 
INFO:root:TEST measures@1000 for class 1 - precision 0.8368 - recall 0.8405 - f1 0.8387 
INFO:root:TEST Total epoch time: 0.16550412200012943
INFO:root:################ TRAIN epoch 67 ###################
INFO:root:TRAIN mean losses tensor(0.7251)
INFO:root:TRAIN mean errors 0.17457912862300873
INFO:root:TRAIN mean MRR 0.0 - mean MAP 0.9602130651473999
INFO:root:TRAIN tp {0: tensor(1), 1: tensor(4902)},fn {0: tensor(1037), 1: tensor(0)},fp {0: tensor(0), 1: tensor(1037)}
INFO:root:TRAIN measures microavg - precision 0.8254 - recall 0.8254 - f1 0.8254 
INFO:root:TRAIN measures for class 0 - precision 1.0000 - recall 0.0010 - f1 0.0019 
INFO:root:TRAIN measures for class 1 - precision 0.8254 - recall 1.0000 - f1 0.9043 
INFO:root:TRAIN measures@10 microavg - precision 0.9800 - recall 0.0495 - f1 0.0942 
INFO:root:TRAIN measures@10 for class 0 - precision 0.0000 - recall 0.0000 - f1 0.0000 
INFO:root:TRAIN measures@10 for class 1 - precision 0.9800 - recall 0.0600 - f1 0.1130 
INFO:root:TRAIN measures@100 microavg - precision 0.8898 - recall 0.4892 - f1 0.6313 
INFO:root:TRAIN measures@100 for class 0 - precision 0.4982 - recall 0.1310 - f1 0.2075 
INFO:root:TRAIN measures@100 for class 1 - precision 0.9255 - recall 0.5651 - f1 0.7017 
INFO:root:TRAIN measures@1000 microavg - precision 0.7412 - recall 0.7412 - f1 0.7412 
INFO:root:TRAIN measures@1000 for class 0 - precision 0.2866 - recall 0.3227 - f1 0.3036 
INFO:root:TRAIN measures@1000 for class 1 - precision 0.8527 - recall 0.8299 - f1 0.8411 
INFO:root:TRAIN Total epoch time: 1.4272352240000146
INFO:root:################ VALID epoch 67 ###################
INFO:root:VALID mean losses tensor(0.7045)
INFO:root:VALID mean errors 0.17255891859531403
INFO:root:VALID mean MRR 0.0 - mean MAP 0.9601850509643555
INFO:root:VALID tp {0: tensor(0), 1: tensor(983)},fn {0: tensor(205), 1: tensor(0)},fp {0: tensor(0), 1: tensor(205)}
INFO:root:VALID measures microavg - precision 0.8274 - recall 0.8274 - f1 0.8274 
INFO:root:VALID measures for class 0 - precision 0.0000 - recall 0.0000 - f1 0.0000 
INFO:root:VALID measures for class 1 - precision 0.8274 - recall 1.0000 - f1 0.9056 
INFO:root:VALID measures@10 microavg - precision 1.0000 - recall 0.0505 - f1 0.0962 
INFO:root:VALID measures@10 for class 0 - precision 0.0000 - recall 0.0000 - f1 0.0000 
INFO:root:VALID measures@10 for class 1 - precision 1.0000 - recall 0.0610 - f1 0.1151 
INFO:root:VALID measures@100 microavg - precision 0.9190 - recall 0.4874 - f1 0.6370 
INFO:root:VALID measures@100 for class 0 - precision 0.7333 - recall 0.1073 - f1 0.1872 
INFO:root:VALID measures@100 for class 1 - precision 0.9283 - recall 0.5666 - f1 0.7037 
INFO:root:VALID measures@1000 microavg - precision 0.7811 - recall 0.7811 - f1 0.7811 
INFO:root:VALID measures@1000 for class 0 - precision 0.3103 - recall 0.2195 - f1 0.2571 
INFO:root:VALID measures@1000 for class 1 - precision 0.8466 - recall 0.8983 - f1 0.8717 
INFO:root:VALID Total epoch time: 0.1312515889999304
INFO:root:################ TEST epoch 67 ###################
INFO:root:TEST batch 1 / 7 - partial error 0.1919 - partial loss 0.8202 - partial MRR  0.0000 - partial MAP 0.9375
INFO:root:TEST batch 1 / 7 -  partial tp {0: tensor(0), 1: tensor(160)},fn {0: tensor(38), 1: tensor(0)},fp {0: tensor(0), 1: tensor(38)}
INFO:root:TEST batch 1 / 7 - measures partial microavg - precision 0.8081 - recall 0.8081 - f1 0.8081 
INFO:root:TEST batch 1 / 7 - measures partial for class 0 - precision 0.0000 - recall 0.0000 - f1 0.0000 
INFO:root:TEST batch 1 / 7 - measures partial for class 1 - precision 0.8081 - recall 1.0000 - f1 0.8939 
INFO:root:TEST batch 1 / 7 - Batch time 0 
INFO:root:TEST batch 2 / 7 - partial error 0.1843 - partial loss 0.7791 - partial MRR  0.0000 - partial MAP 0.9467
INFO:root:TEST batch 2 / 7 -  partial tp {0: tensor(0), 1: tensor(163)},fn {0: tensor(35), 1: tensor(0)},fp {0: tensor(0), 1: tensor(35)}
INFO:root:TEST batch 2 / 7 - measures partial microavg - precision 0.8232 - recall 0.8232 - f1 0.8232 
INFO:root:TEST batch 2 / 7 - measures partial for class 0 - precision 0.0000 - recall 0.0000 - f1 0.0000 
INFO:root:TEST batch 2 / 7 - measures partial for class 1 - precision 0.8232 - recall 1.0000 - f1 0.9030 
INFO:root:TEST batch 2 / 7 - Batch time 0 
INFO:root:TEST batch 3 / 7 - partial error 0.1801 - partial loss 0.7637 - partial MRR  0.0000 - partial MAP 0.9505
INFO:root:TEST batch 3 / 7 -  partial tp {0: tensor(0), 1: tensor(164)},fn {0: tensor(34), 1: tensor(0)},fp {0: tensor(0), 1: tensor(34)}
INFO:root:TEST batch 3 / 7 - measures partial microavg - precision 0.8283 - recall 0.8283 - f1 0.8283 
INFO:root:TEST batch 3 / 7 - measures partial for class 0 - precision 0.0000 - recall 0.0000 - f1 0.0000 
INFO:root:TEST batch 3 / 7 - measures partial for class 1 - precision 0.8283 - recall 1.0000 - f1 0.9061 
INFO:root:TEST batch 3 / 7 - Batch time 0 
INFO:root:TEST batch 4 / 7 - partial error 0.1768 - partial loss 0.7689 - partial MRR  0.0000 - partial MAP 0.9458
INFO:root:TEST batch 4 / 7 -  partial tp {0: tensor(0), 1: tensor(165)},fn {0: tensor(33), 1: tensor(0)},fp {0: tensor(0), 1: tensor(33)}
INFO:root:TEST batch 4 / 7 - measures partial microavg - precision 0.8333 - recall 0.8333 - f1 0.8333 
INFO:root:TEST batch 4 / 7 - measures partial for class 0 - precision 0.0000 - recall 0.0000 - f1 0.0000 
INFO:root:TEST batch 4 / 7 - measures partial for class 1 - precision 0.8333 - recall 1.0000 - f1 0.9091 
INFO:root:TEST batch 4 / 7 - Batch time 0 
INFO:root:TEST batch 5 / 7 - partial error 0.1778 - partial loss 0.7557 - partial MRR  0.0000 - partial MAP 0.9489
INFO:root:TEST batch 5 / 7 -  partial tp {0: tensor(0), 1: tensor(162)},fn {0: tensor(36), 1: tensor(0)},fp {0: tensor(0), 1: tensor(36)}
INFO:root:TEST batch 5 / 7 - measures partial microavg - precision 0.8182 - recall 0.8182 - f1 0.8182 
INFO:root:TEST batch 5 / 7 - measures partial for class 0 - precision 0.0000 - recall 0.0000 - f1 0.0000 
INFO:root:TEST batch 5 / 7 - measures partial for class 1 - precision 0.8182 - recall 1.0000 - f1 0.9000 
INFO:root:TEST batch 5 / 7 - Batch time 0 
INFO:root:TEST batch 6 / 7 - partial error 0.1810 - partial loss 0.7704 - partial MRR  0.0000 - partial MAP 0.9463
INFO:root:TEST batch 6 / 7 -  partial tp {0: tensor(0), 1: tensor(159)},fn {0: tensor(39), 1: tensor(0)},fp {0: tensor(0), 1: tensor(39)}
INFO:root:TEST batch 6 / 7 - measures partial microavg - precision 0.8030 - recall 0.8030 - f1 0.8030 
INFO:root:TEST batch 6 / 7 - measures partial for class 0 - precision 0.0000 - recall 0.0000 - f1 0.0000 
INFO:root:TEST batch 6 / 7 - measures partial for class 1 - precision 0.8030 - recall 1.0000 - f1 0.8908 
INFO:root:TEST batch 6 / 7 - Batch time 0 
INFO:root:TEST batch 7 / 7 - partial error 0.1811 - partial loss 0.7711 - partial MRR  0.0000 - partial MAP 0.9465
INFO:root:TEST batch 7 / 7 -  partial tp {0: tensor(0), 1: tensor(162)},fn {0: tensor(36), 1: tensor(0)},fp {0: tensor(0), 1: tensor(36)}
INFO:root:TEST batch 7 / 7 - measures partial microavg - precision 0.8182 - recall 0.8182 - f1 0.8182 
INFO:root:TEST batch 7 / 7 - measures partial for class 0 - precision 0.0000 - recall 0.0000 - f1 0.0000 
INFO:root:TEST batch 7 / 7 - measures partial for class 1 - precision 0.8182 - recall 1.0000 - f1 0.9000 
INFO:root:TEST batch 7 / 7 - Batch time 0 
INFO:root:TEST mean losses tensor(0.7711)
INFO:root:TEST mean errors 0.18109668791294098
INFO:root:TEST mean MRR 0.0 - mean MAP 0.9464943408966064
INFO:root:TEST tp {0: tensor(0), 1: tensor(1135)},fn {0: tensor(251), 1: tensor(0)},fp {0: tensor(0), 1: tensor(251)}
INFO:root:TEST measures microavg - precision 0.8189 - recall 0.8189 - f1 0.8189 
INFO:root:TEST measures for class 0 - precision 0.0000 - recall 0.0000 - f1 0.0000 
INFO:root:TEST measures for class 1 - precision 0.8189 - recall 1.0000 - f1 0.9004 
INFO:root:TEST measures@10 microavg - precision 0.9571 - recall 0.0483 - f1 0.0920 
INFO:root:TEST measures@10 for class 0 - precision 0.0000 - recall 0.0000 - f1 0.0000 
INFO:root:TEST measures@10 for class 1 - precision 0.9571 - recall 0.0590 - f1 0.1112 
INFO:root:TEST measures@100 microavg - precision 0.8378 - recall 0.4697 - f1 0.6019 
INFO:root:TEST measures@100 for class 0 - precision 0.4416 - recall 0.1355 - f1 0.2073 
INFO:root:TEST measures@100 for class 1 - precision 0.8814 - recall 0.5436 - f1 0.6725 
INFO:root:TEST measures@1000 microavg - precision 0.6847 - recall 0.6847 - f1 0.6847 
INFO:root:TEST measures@1000 for class 0 - precision 0.2265 - recall 0.3068 - f1 0.2606 
INFO:root:TEST measures@1000 for class 1 - precision 0.8337 - recall 0.7683 - f1 0.7996 
INFO:root:TEST Total epoch time: 0.16805541600024299
INFO:root:################ TRAIN epoch 68 ###################
INFO:root:TRAIN mean losses tensor(0.7173)
INFO:root:TRAIN mean errors 0.17457912862300873
INFO:root:TRAIN mean MRR 0.0 - mean MAP 0.9594106674194336
INFO:root:TRAIN tp {0: tensor(1), 1: tensor(4902)},fn {0: tensor(1037), 1: tensor(0)},fp {0: tensor(0), 1: tensor(1037)}
INFO:root:TRAIN measures microavg - precision 0.8254 - recall 0.8254 - f1 0.8254 
INFO:root:TRAIN measures for class 0 - precision 1.0000 - recall 0.0010 - f1 0.0019 
INFO:root:TRAIN measures for class 1 - precision 0.8254 - recall 1.0000 - f1 0.9043 
INFO:root:TRAIN measures@10 microavg - precision 0.9900 - recall 0.0500 - f1 0.0952 
INFO:root:TRAIN measures@10 for class 0 - precision 0.0000 - recall 0.0000 - f1 0.0000 
INFO:root:TRAIN measures@10 for class 1 - precision 0.9900 - recall 0.0606 - f1 0.1142 
INFO:root:TRAIN measures@100 microavg - precision 0.8903 - recall 0.4891 - f1 0.6313 
INFO:root:TRAIN measures@100 for class 0 - precision 0.5665 - recall 0.1435 - f1 0.2291 
INFO:root:TRAIN measures@100 for class 1 - precision 0.9187 - recall 0.5622 - f1 0.6975 
INFO:root:TRAIN measures@1000 microavg - precision 0.7258 - recall 0.7258 - f1 0.7258 
INFO:root:TRAIN measures@1000 for class 0 - precision 0.2690 - recall 0.3314 - f1 0.2969 
INFO:root:TRAIN measures@1000 for class 1 - precision 0.8511 - recall 0.8093 - f1 0.8297 
INFO:root:TRAIN Total epoch time: 1.4395980369999961
INFO:root:################ VALID epoch 68 ###################
INFO:root:VALID mean losses tensor(0.7129)
INFO:root:VALID mean errors 0.17255891859531403
INFO:root:VALID mean MRR 0.0 - mean MAP 0.9557740688323975
INFO:root:VALID tp {0: tensor(0), 1: tensor(983)},fn {0: tensor(205), 1: tensor(0)},fp {0: tensor(0), 1: tensor(205)}
INFO:root:VALID measures microavg - precision 0.8274 - recall 0.8274 - f1 0.8274 
INFO:root:VALID measures for class 0 - precision 0.0000 - recall 0.0000 - f1 0.0000 
INFO:root:VALID measures for class 1 - precision 0.8274 - recall 1.0000 - f1 0.9056 
INFO:root:VALID measures@10 microavg - precision 0.9833 - recall 0.0497 - f1 0.0946 
INFO:root:VALID measures@10 for class 0 - precision 0.0000 - recall 0.0000 - f1 0.0000 
INFO:root:VALID measures@10 for class 1 - precision 0.9833 - recall 0.0600 - f1 0.1131 
INFO:root:VALID measures@100 microavg - precision 0.8643 - recall 0.4933 - f1 0.6281 
INFO:root:VALID measures@100 for class 0 - precision 0.5641 - recall 0.2146 - f1 0.3110 
INFO:root:VALID measures@100 for class 1 - precision 0.9033 - recall 0.5514 - f1 0.6848 
INFO:root:VALID measures@1000 microavg - precision 0.6574 - recall 0.6574 - f1 0.6574 
INFO:root:VALID measures@1000 for class 0 - precision 0.2270 - recall 0.4098 - f1 0.2922 
INFO:root:VALID measures@1000 for class 1 - precision 0.8521 - recall 0.7091 - f1 0.7740 
INFO:root:VALID Total epoch time: 0.06518772799972794
INFO:root:################ TEST epoch 68 ###################
INFO:root:TEST batch 1 / 7 - partial error 0.1919 - partial loss 0.8212 - partial MRR  0.0000 - partial MAP 0.9294
INFO:root:TEST batch 1 / 7 -  partial tp {0: tensor(0), 1: tensor(160)},fn {0: tensor(38), 1: tensor(0)},fp {0: tensor(0), 1: tensor(38)}
INFO:root:TEST batch 1 / 7 - measures partial microavg - precision 0.8081 - recall 0.8081 - f1 0.8081 
INFO:root:TEST batch 1 / 7 - measures partial for class 0 - precision 0.0000 - recall 0.0000 - f1 0.0000 
INFO:root:TEST batch 1 / 7 - measures partial for class 1 - precision 0.8081 - recall 1.0000 - f1 0.8939 
INFO:root:TEST batch 1 / 7 - Batch time 0 
INFO:root:TEST batch 2 / 7 - partial error 0.1843 - partial loss 0.7735 - partial MRR  0.0000 - partial MAP 0.9426
INFO:root:TEST batch 2 / 7 -  partial tp {0: tensor(0), 1: tensor(163)},fn {0: tensor(35), 1: tensor(0)},fp {0: tensor(0), 1: tensor(35)}
INFO:root:TEST batch 2 / 7 - measures partial microavg - precision 0.8232 - recall 0.8232 - f1 0.8232 
INFO:root:TEST batch 2 / 7 - measures partial for class 0 - precision 0.0000 - recall 0.0000 - f1 0.0000 
INFO:root:TEST batch 2 / 7 - measures partial for class 1 - precision 0.8232 - recall 1.0000 - f1 0.9030 
INFO:root:TEST batch 2 / 7 - Batch time 0 
INFO:root:TEST batch 3 / 7 - partial error 0.1801 - partial loss 0.7494 - partial MRR  0.0000 - partial MAP 0.9470
INFO:root:TEST batch 3 / 7 -  partial tp {0: tensor(0), 1: tensor(164)},fn {0: tensor(34), 1: tensor(0)},fp {0: tensor(0), 1: tensor(34)}
INFO:root:TEST batch 3 / 7 - measures partial microavg - precision 0.8283 - recall 0.8283 - f1 0.8283 
INFO:root:TEST batch 3 / 7 - measures partial for class 0 - precision 0.0000 - recall 0.0000 - f1 0.0000 
INFO:root:TEST batch 3 / 7 - measures partial for class 1 - precision 0.8283 - recall 1.0000 - f1 0.9061 
INFO:root:TEST batch 3 / 7 - Batch time 0 
INFO:root:TEST batch 4 / 7 - partial error 0.1768 - partial loss 0.7615 - partial MRR  0.0000 - partial MAP 0.9412
INFO:root:TEST batch 4 / 7 -  partial tp {0: tensor(0), 1: tensor(165)},fn {0: tensor(33), 1: tensor(0)},fp {0: tensor(0), 1: tensor(33)}
INFO:root:TEST batch 4 / 7 - measures partial microavg - precision 0.8333 - recall 0.8333 - f1 0.8333 
INFO:root:TEST batch 4 / 7 - measures partial for class 0 - precision 0.0000 - recall 0.0000 - f1 0.0000 
INFO:root:TEST batch 4 / 7 - measures partial for class 1 - precision 0.8333 - recall 1.0000 - f1 0.9091 
INFO:root:TEST batch 4 / 7 - Batch time 0 
INFO:root:TEST batch 5 / 7 - partial error 0.1778 - partial loss 0.7539 - partial MRR  0.0000 - partial MAP 0.9435
INFO:root:TEST batch 5 / 7 -  partial tp {0: tensor(0), 1: tensor(162)},fn {0: tensor(36), 1: tensor(0)},fp {0: tensor(0), 1: tensor(36)}
INFO:root:TEST batch 5 / 7 - measures partial microavg - precision 0.8182 - recall 0.8182 - f1 0.8182 
INFO:root:TEST batch 5 / 7 - measures partial for class 0 - precision 0.0000 - recall 0.0000 - f1 0.0000 
INFO:root:TEST batch 5 / 7 - measures partial for class 1 - precision 0.8182 - recall 1.0000 - f1 0.9000 
INFO:root:TEST batch 5 / 7 - Batch time 0 
INFO:root:TEST batch 6 / 7 - partial error 0.1810 - partial loss 0.7648 - partial MRR  0.0000 - partial MAP 0.9437
INFO:root:TEST batch 6 / 7 -  partial tp {0: tensor(0), 1: tensor(159)},fn {0: tensor(39), 1: tensor(0)},fp {0: tensor(0), 1: tensor(39)}
INFO:root:TEST batch 6 / 7 - measures partial microavg - precision 0.8030 - recall 0.8030 - f1 0.8030 
INFO:root:TEST batch 6 / 7 - measures partial for class 0 - precision 0.0000 - recall 0.0000 - f1 0.0000 
INFO:root:TEST batch 6 / 7 - measures partial for class 1 - precision 0.8030 - recall 1.0000 - f1 0.8908 
INFO:root:TEST batch 6 / 7 - Batch time 0 
INFO:root:TEST batch 7 / 7 - partial error 0.1811 - partial loss 0.7656 - partial MRR  0.0000 - partial MAP 0.9445
INFO:root:TEST batch 7 / 7 -  partial tp {0: tensor(0), 1: tensor(162)},fn {0: tensor(36), 1: tensor(0)},fp {0: tensor(0), 1: tensor(36)}
INFO:root:TEST batch 7 / 7 - measures partial microavg - precision 0.8182 - recall 0.8182 - f1 0.8182 
INFO:root:TEST batch 7 / 7 - measures partial for class 0 - precision 0.0000 - recall 0.0000 - f1 0.0000 
INFO:root:TEST batch 7 / 7 - measures partial for class 1 - precision 0.8182 - recall 1.0000 - f1 0.9000 
INFO:root:TEST batch 7 / 7 - Batch time 0 
INFO:root:TEST mean losses tensor(0.7656)
INFO:root:TEST mean errors 0.18109668791294098
INFO:root:TEST mean MRR 0.0 - mean MAP 0.9444831013679504
INFO:root:TEST tp {0: tensor(0), 1: tensor(1135)},fn {0: tensor(251), 1: tensor(0)},fp {0: tensor(0), 1: tensor(251)}
INFO:root:TEST measures microavg - precision 0.8189 - recall 0.8189 - f1 0.8189 
INFO:root:TEST measures for class 0 - precision 0.0000 - recall 0.0000 - f1 0.0000 
INFO:root:TEST measures for class 1 - precision 0.8189 - recall 1.0000 - f1 0.9004 
INFO:root:TEST measures@10 microavg - precision 0.9571 - recall 0.0483 - f1 0.0920 
INFO:root:TEST measures@10 for class 0 - precision 0.0000 - recall 0.0000 - f1 0.0000 
INFO:root:TEST measures@10 for class 1 - precision 0.9571 - recall 0.0590 - f1 0.1112 
INFO:root:TEST measures@100 microavg - precision 0.8595 - recall 0.4812 - f1 0.6170 
INFO:root:TEST measures@100 for class 0 - precision 0.5256 - recall 0.1633 - f1 0.2492 
INFO:root:TEST measures@100 for class 1 - precision 0.8968 - recall 0.5515 - f1 0.6830 
INFO:root:TEST measures@1000 microavg - precision 0.7092 - recall 0.7092 - f1 0.7092 
INFO:root:TEST measures@1000 for class 0 - precision 0.2669 - recall 0.3466 - f1 0.3016 
INFO:root:TEST measures@1000 for class 1 - precision 0.8453 - recall 0.7894 - f1 0.8164 
INFO:root:TEST Total epoch time: 0.08632307700008823
INFO:root:################ TRAIN epoch 69 ###################
INFO:root:TRAIN mean losses tensor(0.7139)
INFO:root:TRAIN mean errors 0.17474748194217682
INFO:root:TRAIN mean MRR 0.0 - mean MAP 0.9611173868179321
INFO:root:TRAIN tp {0: tensor(0), 1: tensor(4902)},fn {0: tensor(1038), 1: tensor(0)},fp {0: tensor(0), 1: tensor(1038)}
INFO:root:TRAIN measures microavg - precision 0.8253 - recall 0.8253 - f1 0.8253 
INFO:root:TRAIN measures for class 0 - precision 0.0000 - recall 0.0000 - f1 0.0000 
INFO:root:TRAIN measures for class 1 - precision 0.8253 - recall 1.0000 - f1 0.9043 
INFO:root:TRAIN measures@10 microavg - precision 0.9767 - recall 0.0493 - f1 0.0939 
INFO:root:TRAIN measures@10 for class 0 - precision 0.0000 - recall 0.0000 - f1 0.0000 
INFO:root:TRAIN measures@10 for class 1 - precision 0.9767 - recall 0.0598 - f1 0.1126 
INFO:root:TRAIN measures@100 microavg - precision 0.8623 - recall 0.4966 - f1 0.6303 
INFO:root:TRAIN measures@100 for class 0 - precision 0.5149 - recall 0.2158 - f1 0.3041 
INFO:root:TRAIN measures@100 for class 1 - precision 0.9129 - recall 0.5561 - f1 0.6912 
INFO:root:TRAIN measures@1000 microavg - precision 0.6857 - recall 0.6857 - f1 0.6857 
INFO:root:TRAIN measures@1000 for class 0 - precision 0.2721 - recall 0.4769 - f1 0.3465 
INFO:root:TRAIN measures@1000 for class 1 - precision 0.8682 - recall 0.7299 - f1 0.7931 
INFO:root:TRAIN Total epoch time: 0.6487508729996989
INFO:root:################ VALID epoch 69 ###################
INFO:root:VALID mean losses tensor(0.7052)
INFO:root:VALID mean errors 0.17255891859531403
INFO:root:VALID mean MRR 0.0 - mean MAP 0.9592610597610474
INFO:root:VALID tp {0: tensor(0), 1: tensor(983)},fn {0: tensor(205), 1: tensor(0)},fp {0: tensor(0), 1: tensor(205)}
INFO:root:VALID measures microavg - precision 0.8274 - recall 0.8274 - f1 0.8274 
INFO:root:VALID measures for class 0 - precision 0.0000 - recall 0.0000 - f1 0.0000 
INFO:root:VALID measures for class 1 - precision 0.8274 - recall 1.0000 - f1 0.9056 
INFO:root:VALID measures@10 microavg - precision 0.9667 - recall 0.0488 - f1 0.0929 
INFO:root:VALID measures@10 for class 0 - precision 0.0000 - recall 0.0000 - f1 0.0000 
INFO:root:VALID measures@10 for class 1 - precision 0.9667 - recall 0.0590 - f1 0.1112 
INFO:root:VALID measures@100 microavg - precision 0.8719 - recall 0.5042 - f1 0.6389 
INFO:root:VALID measures@100 for class 0 - precision 0.5632 - recall 0.2390 - f1 0.3356 
INFO:root:VALID measures@100 for class 1 - precision 0.9167 - recall 0.5595 - f1 0.6949 
INFO:root:VALID measures@1000 microavg - precision 0.7088 - recall 0.7088 - f1 0.7088 
INFO:root:VALID measures@1000 for class 0 - precision 0.2776 - recall 0.4293 - f1 0.3372 
INFO:root:VALID measures@1000 for class 1 - precision 0.8657 - recall 0.7670 - f1 0.8134 
INFO:root:VALID Total epoch time: 0.06707150800002637
INFO:root:################ TEST epoch 69 ###################
INFO:root:TEST batch 1 / 7 - partial error 0.1919 - partial loss 0.8333 - partial MRR  0.0000 - partial MAP 0.9350
INFO:root:TEST batch 1 / 7 -  partial tp {0: tensor(0), 1: tensor(160)},fn {0: tensor(38), 1: tensor(0)},fp {0: tensor(0), 1: tensor(38)}
INFO:root:TEST batch 1 / 7 - measures partial microavg - precision 0.8081 - recall 0.8081 - f1 0.8081 
INFO:root:TEST batch 1 / 7 - measures partial for class 0 - precision 0.0000 - recall 0.0000 - f1 0.0000 
INFO:root:TEST batch 1 / 7 - measures partial for class 1 - precision 0.8081 - recall 1.0000 - f1 0.8939 
INFO:root:TEST batch 1 / 7 - Batch time 0 
INFO:root:TEST batch 2 / 7 - partial error 0.1843 - partial loss 0.7907 - partial MRR  0.0000 - partial MAP 0.9474
INFO:root:TEST batch 2 / 7 -  partial tp {0: tensor(0), 1: tensor(163)},fn {0: tensor(35), 1: tensor(0)},fp {0: tensor(0), 1: tensor(35)}
INFO:root:TEST batch 2 / 7 - measures partial microavg - precision 0.8232 - recall 0.8232 - f1 0.8232 
INFO:root:TEST batch 2 / 7 - measures partial for class 0 - precision 0.0000 - recall 0.0000 - f1 0.0000 
INFO:root:TEST batch 2 / 7 - measures partial for class 1 - precision 0.8232 - recall 1.0000 - f1 0.9030 
INFO:root:TEST batch 2 / 7 - Batch time 0 
INFO:root:TEST batch 3 / 7 - partial error 0.1801 - partial loss 0.7615 - partial MRR  0.0000 - partial MAP 0.9518
INFO:root:TEST batch 3 / 7 -  partial tp {0: tensor(0), 1: tensor(164)},fn {0: tensor(34), 1: tensor(0)},fp {0: tensor(0), 1: tensor(34)}
INFO:root:TEST batch 3 / 7 - measures partial microavg - precision 0.8283 - recall 0.8283 - f1 0.8283 
INFO:root:TEST batch 3 / 7 - measures partial for class 0 - precision 0.0000 - recall 0.0000 - f1 0.0000 
INFO:root:TEST batch 3 / 7 - measures partial for class 1 - precision 0.8283 - recall 1.0000 - f1 0.9061 
INFO:root:TEST batch 3 / 7 - Batch time 0 
INFO:root:TEST batch 4 / 7 - partial error 0.1768 - partial loss 0.7694 - partial MRR  0.0000 - partial MAP 0.9467
INFO:root:TEST batch 4 / 7 -  partial tp {0: tensor(0), 1: tensor(165)},fn {0: tensor(33), 1: tensor(0)},fp {0: tensor(0), 1: tensor(33)}
INFO:root:TEST batch 4 / 7 - measures partial microavg - precision 0.8333 - recall 0.8333 - f1 0.8333 
INFO:root:TEST batch 4 / 7 - measures partial for class 0 - precision 0.0000 - recall 0.0000 - f1 0.0000 
INFO:root:TEST batch 4 / 7 - measures partial for class 1 - precision 0.8333 - recall 1.0000 - f1 0.9091 
INFO:root:TEST batch 4 / 7 - Batch time 0 
INFO:root:TEST batch 5 / 7 - partial error 0.1778 - partial loss 0.7577 - partial MRR  0.0000 - partial MAP 0.9492
INFO:root:TEST batch 5 / 7 -  partial tp {0: tensor(0), 1: tensor(162)},fn {0: tensor(36), 1: tensor(0)},fp {0: tensor(0), 1: tensor(36)}
INFO:root:TEST batch 5 / 7 - measures partial microavg - precision 0.8182 - recall 0.8182 - f1 0.8182 
INFO:root:TEST batch 5 / 7 - measures partial for class 0 - precision 0.0000 - recall 0.0000 - f1 0.0000 
INFO:root:TEST batch 5 / 7 - measures partial for class 1 - precision 0.8182 - recall 1.0000 - f1 0.9000 
INFO:root:TEST batch 5 / 7 - Batch time 0 
INFO:root:TEST batch 6 / 7 - partial error 0.1810 - partial loss 0.7699 - partial MRR  0.0000 - partial MAP 0.9475
INFO:root:TEST batch 6 / 7 -  partial tp {0: tensor(0), 1: tensor(159)},fn {0: tensor(39), 1: tensor(0)},fp {0: tensor(0), 1: tensor(39)}
INFO:root:TEST batch 6 / 7 - measures partial microavg - precision 0.8030 - recall 0.8030 - f1 0.8030 
INFO:root:TEST batch 6 / 7 - measures partial for class 0 - precision 0.0000 - recall 0.0000 - f1 0.0000 
INFO:root:TEST batch 6 / 7 - measures partial for class 1 - precision 0.8030 - recall 1.0000 - f1 0.8908 
INFO:root:TEST batch 6 / 7 - Batch time 0 
INFO:root:TEST batch 7 / 7 - partial error 0.1811 - partial loss 0.7750 - partial MRR  0.0000 - partial MAP 0.9467
INFO:root:TEST batch 7 / 7 -  partial tp {0: tensor(0), 1: tensor(162)},fn {0: tensor(36), 1: tensor(0)},fp {0: tensor(0), 1: tensor(36)}
INFO:root:TEST batch 7 / 7 - measures partial microavg - precision 0.8182 - recall 0.8182 - f1 0.8182 
INFO:root:TEST batch 7 / 7 - measures partial for class 0 - precision 0.0000 - recall 0.0000 - f1 0.0000 
INFO:root:TEST batch 7 / 7 - measures partial for class 1 - precision 0.8182 - recall 1.0000 - f1 0.9000 
INFO:root:TEST batch 7 / 7 - Batch time 0 
INFO:root:TEST mean losses tensor(0.7750)
INFO:root:TEST mean errors 0.18109668791294098
INFO:root:TEST mean MRR 0.0 - mean MAP 0.946698784828186
INFO:root:TEST tp {0: tensor(0), 1: tensor(1135)},fn {0: tensor(251), 1: tensor(0)},fp {0: tensor(0), 1: tensor(251)}
INFO:root:TEST measures microavg - precision 0.8189 - recall 0.8189 - f1 0.8189 
INFO:root:TEST measures for class 0 - precision 0.0000 - recall 0.0000 - f1 0.0000 
INFO:root:TEST measures for class 1 - precision 0.8189 - recall 1.0000 - f1 0.9004 
INFO:root:TEST measures@10 microavg - precision 0.9577 - recall 0.0491 - f1 0.0933 
INFO:root:TEST measures@10 for class 0 - precision 1.0000 - recall 0.0040 - f1 0.0079 
INFO:root:TEST measures@10 for class 1 - precision 0.9571 - recall 0.0590 - f1 0.1112 
INFO:root:TEST measures@100 microavg - precision 0.8770 - recall 0.4683 - f1 0.6105 
INFO:root:TEST measures@100 for class 0 - precision 0.5500 - recall 0.0876 - f1 0.1512 
INFO:root:TEST measures@100 for class 1 - precision 0.8957 - recall 0.5524 - f1 0.6834 
INFO:root:TEST measures@1000 microavg - precision 0.7547 - recall 0.7547 - f1 0.7547 
INFO:root:TEST measures@1000 for class 0 - precision 0.2428 - recall 0.1673 - f1 0.1981 
INFO:root:TEST measures@1000 for class 1 - precision 0.8277 - recall 0.8846 - f1 0.8552 
INFO:root:TEST Total epoch time: 0.08973490200014567
INFO:root:################ TRAIN epoch 70 ###################
INFO:root:TRAIN mean losses tensor(0.7098)
INFO:root:TRAIN mean errors 0.17474748194217682
INFO:root:TRAIN mean MRR 0.0 - mean MAP 0.9606330394744873
INFO:root:TRAIN tp {0: tensor(0), 1: tensor(4902)},fn {0: tensor(1038), 1: tensor(0)},fp {0: tensor(0), 1: tensor(1038)}
INFO:root:TRAIN measures microavg - precision 0.8253 - recall 0.8253 - f1 0.8253 
INFO:root:TRAIN measures for class 0 - precision 0.0000 - recall 0.0000 - f1 0.0000 
INFO:root:TRAIN measures for class 1 - precision 0.8253 - recall 1.0000 - f1 0.9043 
INFO:root:TRAIN measures@10 microavg - precision 0.9801 - recall 0.0497 - f1 0.0945 
INFO:root:TRAIN measures@10 for class 0 - precision 1.0000 - recall 0.0010 - f1 0.0019 
INFO:root:TRAIN measures@10 for class 1 - precision 0.9800 - recall 0.0600 - f1 0.1130 
INFO:root:TRAIN measures@100 microavg - precision 0.8759 - recall 0.4896 - f1 0.6281 
INFO:root:TRAIN measures@100 for class 0 - precision 0.4906 - recall 0.1513 - f1 0.2312 
INFO:root:TRAIN measures@100 for class 1 - precision 0.9170 - recall 0.5612 - f1 0.6963 
INFO:root:TRAIN measures@1000 microavg - precision 0.7118 - recall 0.7118 - f1 0.7118 
INFO:root:TRAIN measures@1000 for class 0 - precision 0.2647 - recall 0.3651 - f1 0.3069 
INFO:root:TRAIN measures@1000 for class 1 - precision 0.8538 - recall 0.7852 - f1 0.8181 
INFO:root:TRAIN Total epoch time: 0.5717551699999603
INFO:root:################ VALID epoch 70 ###################
INFO:root:VALID mean losses tensor(0.7067)
INFO:root:VALID mean errors 0.17255891859531403
INFO:root:VALID mean MRR 0.0 - mean MAP 0.9579694867134094
INFO:root:VALID tp {0: tensor(0), 1: tensor(983)},fn {0: tensor(205), 1: tensor(0)},fp {0: tensor(0), 1: tensor(205)}
INFO:root:VALID measures microavg - precision 0.8274 - recall 0.8274 - f1 0.8274 
INFO:root:VALID measures for class 0 - precision 0.0000 - recall 0.0000 - f1 0.0000 
INFO:root:VALID measures for class 1 - precision 0.8274 - recall 1.0000 - f1 0.9056 
INFO:root:VALID measures@10 microavg - precision 1.0000 - recall 0.0505 - f1 0.0962 
INFO:root:VALID measures@10 for class 0 - precision 0.0000 - recall 0.0000 - f1 0.0000 
INFO:root:VALID measures@10 for class 1 - precision 1.0000 - recall 0.0610 - f1 0.1151 
INFO:root:VALID measures@100 microavg - precision 0.8584 - recall 0.4899 - f1 0.6238 
INFO:root:VALID measures@100 for class 0 - precision 0.5128 - recall 0.1951 - f1 0.2827 
INFO:root:VALID measures@100 for class 1 - precision 0.9033 - recall 0.5514 - f1 0.6848 
INFO:root:VALID measures@1000 microavg - precision 0.6835 - recall 0.6835 - f1 0.6835 
INFO:root:VALID measures@1000 for class 0 - precision 0.2522 - recall 0.4244 - f1 0.3164 
INFO:root:VALID measures@1000 for class 1 - precision 0.8600 - recall 0.7375 - f1 0.7941 
INFO:root:VALID Total epoch time: 0.06497591300012573
INFO:root:################ TEST epoch 70 ###################
INFO:root:TEST batch 1 / 7 - partial error 0.1919 - partial loss 0.8697 - partial MRR  0.0000 - partial MAP 0.9221
INFO:root:TEST batch 1 / 7 -  partial tp {0: tensor(0), 1: tensor(160)},fn {0: tensor(38), 1: tensor(0)},fp {0: tensor(0), 1: tensor(38)}
INFO:root:TEST batch 1 / 7 - measures partial microavg - precision 0.8081 - recall 0.8081 - f1 0.8081 
INFO:root:TEST batch 1 / 7 - measures partial for class 0 - precision 0.0000 - recall 0.0000 - f1 0.0000 
INFO:root:TEST batch 1 / 7 - measures partial for class 1 - precision 0.8081 - recall 1.0000 - f1 0.8939 
INFO:root:TEST batch 1 / 7 - Batch time 0 
INFO:root:TEST batch 2 / 7 - partial error 0.1843 - partial loss 0.7952 - partial MRR  0.0000 - partial MAP 0.9390
INFO:root:TEST batch 2 / 7 -  partial tp {0: tensor(0), 1: tensor(163)},fn {0: tensor(35), 1: tensor(0)},fp {0: tensor(0), 1: tensor(35)}
INFO:root:TEST batch 2 / 7 - measures partial microavg - precision 0.8232 - recall 0.8232 - f1 0.8232 
INFO:root:TEST batch 2 / 7 - measures partial for class 0 - precision 0.0000 - recall 0.0000 - f1 0.0000 
INFO:root:TEST batch 2 / 7 - measures partial for class 1 - precision 0.8232 - recall 1.0000 - f1 0.9030 
INFO:root:TEST batch 2 / 7 - Batch time 0 
INFO:root:TEST batch 3 / 7 - partial error 0.1801 - partial loss 0.7712 - partial MRR  0.0000 - partial MAP 0.9444
INFO:root:TEST batch 3 / 7 -  partial tp {0: tensor(0), 1: tensor(164)},fn {0: tensor(34), 1: tensor(0)},fp {0: tensor(0), 1: tensor(34)}
INFO:root:TEST batch 3 / 7 - measures partial microavg - precision 0.8283 - recall 0.8283 - f1 0.8283 
INFO:root:TEST batch 3 / 7 - measures partial for class 0 - precision 0.0000 - recall 0.0000 - f1 0.0000 
INFO:root:TEST batch 3 / 7 - measures partial for class 1 - precision 0.8283 - recall 1.0000 - f1 0.9061 
INFO:root:TEST batch 3 / 7 - Batch time 0 
INFO:root:TEST batch 4 / 7 - partial error 0.1768 - partial loss 0.7789 - partial MRR  0.0000 - partial MAP 0.9408
INFO:root:TEST batch 4 / 7 -  partial tp {0: tensor(0), 1: tensor(165)},fn {0: tensor(33), 1: tensor(0)},fp {0: tensor(0), 1: tensor(33)}
INFO:root:TEST batch 4 / 7 - measures partial microavg - precision 0.8333 - recall 0.8333 - f1 0.8333 
INFO:root:TEST batch 4 / 7 - measures partial for class 0 - precision 0.0000 - recall 0.0000 - f1 0.0000 
INFO:root:TEST batch 4 / 7 - measures partial for class 1 - precision 0.8333 - recall 1.0000 - f1 0.9091 
INFO:root:TEST batch 4 / 7 - Batch time 0 
INFO:root:TEST batch 5 / 7 - partial error 0.1778 - partial loss 0.7608 - partial MRR  0.0000 - partial MAP 0.9455
INFO:root:TEST batch 5 / 7 -  partial tp {0: tensor(0), 1: tensor(162)},fn {0: tensor(36), 1: tensor(0)},fp {0: tensor(0), 1: tensor(36)}
INFO:root:TEST batch 5 / 7 - measures partial microavg - precision 0.8182 - recall 0.8182 - f1 0.8182 
INFO:root:TEST batch 5 / 7 - measures partial for class 0 - precision 0.0000 - recall 0.0000 - f1 0.0000 
INFO:root:TEST batch 5 / 7 - measures partial for class 1 - precision 0.8182 - recall 1.0000 - f1 0.9000 
INFO:root:TEST batch 5 / 7 - Batch time 0 
INFO:root:TEST batch 6 / 7 - partial error 0.1810 - partial loss 0.7672 - partial MRR  0.0000 - partial MAP 0.9461
INFO:root:TEST batch 6 / 7 -  partial tp {0: tensor(0), 1: tensor(159)},fn {0: tensor(39), 1: tensor(0)},fp {0: tensor(0), 1: tensor(39)}
INFO:root:TEST batch 6 / 7 - measures partial microavg - precision 0.8030 - recall 0.8030 - f1 0.8030 
INFO:root:TEST batch 6 / 7 - measures partial for class 0 - precision 0.0000 - recall 0.0000 - f1 0.0000 
INFO:root:TEST batch 6 / 7 - measures partial for class 1 - precision 0.8030 - recall 1.0000 - f1 0.8908 
INFO:root:TEST batch 6 / 7 - Batch time 0 
INFO:root:TEST batch 7 / 7 - partial error 0.1811 - partial loss 0.7692 - partial MRR  0.0000 - partial MAP 0.9468
INFO:root:TEST batch 7 / 7 -  partial tp {0: tensor(0), 1: tensor(162)},fn {0: tensor(36), 1: tensor(0)},fp {0: tensor(0), 1: tensor(36)}
INFO:root:TEST batch 7 / 7 - measures partial microavg - precision 0.8182 - recall 0.8182 - f1 0.8182 
INFO:root:TEST batch 7 / 7 - measures partial for class 0 - precision 0.0000 - recall 0.0000 - f1 0.0000 
INFO:root:TEST batch 7 / 7 - measures partial for class 1 - precision 0.8182 - recall 1.0000 - f1 0.9000 
INFO:root:TEST batch 7 / 7 - Batch time 0 
INFO:root:TEST mean losses tensor(0.7692)
INFO:root:TEST mean errors 0.18109668791294098
INFO:root:TEST mean MRR 0.0 - mean MAP 0.9468008875846863
INFO:root:TEST tp {0: tensor(0), 1: tensor(1135)},fn {0: tensor(251), 1: tensor(0)},fp {0: tensor(0), 1: tensor(251)}
INFO:root:TEST measures microavg - precision 0.8189 - recall 0.8189 - f1 0.8189 
INFO:root:TEST measures for class 0 - precision 0.0000 - recall 0.0000 - f1 0.0000 
INFO:root:TEST measures for class 1 - precision 0.8189 - recall 1.0000 - f1 0.9004 
INFO:root:TEST measures@10 microavg - precision 0.9571 - recall 0.0483 - f1 0.0920 
INFO:root:TEST measures@10 for class 0 - precision 0.0000 - recall 0.0000 - f1 0.0000 
INFO:root:TEST measures@10 for class 1 - precision 0.9571 - recall 0.0590 - f1 0.1112 
INFO:root:TEST measures@100 microavg - precision 0.8661 - recall 0.4668 - f1 0.6067 
INFO:root:TEST measures@100 for class 0 - precision 0.5532 - recall 0.1036 - f1 0.1745 
INFO:root:TEST measures@100 for class 1 - precision 0.8871 - recall 0.5471 - f1 0.6768 
INFO:root:TEST measures@1000 microavg - precision 0.7165 - recall 0.7165 - f1 0.7165 
INFO:root:TEST measures@1000 for class 0 - precision 0.2464 - recall 0.2749 - f1 0.2599 
INFO:root:TEST measures@1000 for class 1 - precision 0.8354 - recall 0.8141 - f1 0.8246 
INFO:root:TEST Total epoch time: 0.09136691999992763
INFO:root:################ TRAIN epoch 71 ###################
INFO:root:TRAIN mean losses tensor(0.7004)
INFO:root:TRAIN mean errors 0.17474748194217682
INFO:root:TRAIN mean MRR 0.0 - mean MAP 0.9616262912750244
INFO:root:TRAIN tp {0: tensor(0), 1: tensor(4902)},fn {0: tensor(1038), 1: tensor(0)},fp {0: tensor(0), 1: tensor(1038)}
INFO:root:TRAIN measures microavg - precision 0.8253 - recall 0.8253 - f1 0.8253 
INFO:root:TRAIN measures for class 0 - precision 0.0000 - recall 0.0000 - f1 0.0000 
INFO:root:TRAIN measures for class 1 - precision 0.8253 - recall 1.0000 - f1 0.9043 
INFO:root:TRAIN measures@10 microavg - precision 0.9800 - recall 0.0495 - f1 0.0942 
INFO:root:TRAIN measures@10 for class 0 - precision 0.0000 - recall 0.0000 - f1 0.0000 
INFO:root:TRAIN measures@10 for class 1 - precision 0.9800 - recall 0.0600 - f1 0.1130 
INFO:root:TRAIN measures@100 microavg - precision 0.8747 - recall 0.4938 - f1 0.6312 
INFO:root:TRAIN measures@100 for class 0 - precision 0.4930 - recall 0.1705 - f1 0.2534 
INFO:root:TRAIN measures@100 for class 1 - precision 0.9205 - recall 0.5622 - f1 0.6981 
INFO:root:TRAIN measures@1000 microavg - precision 0.7037 - recall 0.7037 - f1 0.7037 
INFO:root:TRAIN measures@1000 for class 0 - precision 0.2680 - recall 0.4017 - f1 0.3215 
INFO:root:TRAIN measures@1000 for class 1 - precision 0.8583 - recall 0.7676 - f1 0.8105 
INFO:root:TRAIN Total epoch time: 0.5971871039996586
INFO:root:################ VALID epoch 71 ###################
INFO:root:VALID mean losses tensor(0.7140)
INFO:root:VALID mean errors 0.17255891859531403
INFO:root:VALID mean MRR 0.0 - mean MAP 0.9564240574836731
INFO:root:VALID tp {0: tensor(0), 1: tensor(983)},fn {0: tensor(205), 1: tensor(0)},fp {0: tensor(0), 1: tensor(205)}
INFO:root:VALID measures microavg - precision 0.8274 - recall 0.8274 - f1 0.8274 
INFO:root:VALID measures for class 0 - precision 0.0000 - recall 0.0000 - f1 0.0000 
INFO:root:VALID measures for class 1 - precision 0.8274 - recall 1.0000 - f1 0.9056 
INFO:root:VALID measures@10 microavg - precision 0.9667 - recall 0.0488 - f1 0.0929 
INFO:root:VALID measures@10 for class 0 - precision 0.0000 - recall 0.0000 - f1 0.0000 
INFO:root:VALID measures@10 for class 1 - precision 0.9667 - recall 0.0590 - f1 0.1112 
INFO:root:VALID measures@100 microavg - precision 0.8692 - recall 0.4924 - f1 0.6287 
INFO:root:VALID measures@100 for class 0 - precision 0.5342 - recall 0.1902 - f1 0.2806 
INFO:root:VALID measures@100 for class 1 - precision 0.9100 - recall 0.5554 - f1 0.6898 
INFO:root:VALID measures@1000 microavg - precision 0.6944 - recall 0.6944 - f1 0.6944 
INFO:root:VALID measures@1000 for class 0 - precision 0.2500 - recall 0.3854 - f1 0.3033 
INFO:root:VALID measures@1000 for class 1 - precision 0.8555 - recall 0.7589 - f1 0.8043 
INFO:root:VALID Total epoch time: 0.0705789020003067
INFO:root:################ TEST epoch 71 ###################
INFO:root:TEST batch 1 / 7 - partial error 0.1919 - partial loss 0.8318 - partial MRR  0.0000 - partial MAP 0.9363
INFO:root:TEST batch 1 / 7 -  partial tp {0: tensor(0), 1: tensor(160)},fn {0: tensor(38), 1: tensor(0)},fp {0: tensor(0), 1: tensor(38)}
INFO:root:TEST batch 1 / 7 - measures partial microavg - precision 0.8081 - recall 0.8081 - f1 0.8081 
INFO:root:TEST batch 1 / 7 - measures partial for class 0 - precision 0.0000 - recall 0.0000 - f1 0.0000 
INFO:root:TEST batch 1 / 7 - measures partial for class 1 - precision 0.8081 - recall 1.0000 - f1 0.8939 
INFO:root:TEST batch 1 / 7 - Batch time 0 
INFO:root:TEST batch 2 / 7 - partial error 0.1843 - partial loss 0.7657 - partial MRR  0.0000 - partial MAP 0.9477
INFO:root:TEST batch 2 / 7 -  partial tp {0: tensor(0), 1: tensor(163)},fn {0: tensor(35), 1: tensor(0)},fp {0: tensor(0), 1: tensor(35)}
INFO:root:TEST batch 2 / 7 - measures partial microavg - precision 0.8232 - recall 0.8232 - f1 0.8232 
INFO:root:TEST batch 2 / 7 - measures partial for class 0 - precision 0.0000 - recall 0.0000 - f1 0.0000 
INFO:root:TEST batch 2 / 7 - measures partial for class 1 - precision 0.8232 - recall 1.0000 - f1 0.9030 
INFO:root:TEST batch 2 / 7 - Batch time 0 
INFO:root:TEST batch 3 / 7 - partial error 0.1801 - partial loss 0.7488 - partial MRR  0.0000 - partial MAP 0.9520
INFO:root:TEST batch 3 / 7 -  partial tp {0: tensor(0), 1: tensor(164)},fn {0: tensor(34), 1: tensor(0)},fp {0: tensor(0), 1: tensor(34)}
INFO:root:TEST batch 3 / 7 - measures partial microavg - precision 0.8283 - recall 0.8283 - f1 0.8283 
INFO:root:TEST batch 3 / 7 - measures partial for class 0 - precision 0.0000 - recall 0.0000 - f1 0.0000 
INFO:root:TEST batch 3 / 7 - measures partial for class 1 - precision 0.8283 - recall 1.0000 - f1 0.9061 
INFO:root:TEST batch 3 / 7 - Batch time 0 
INFO:root:TEST batch 4 / 7 - partial error 0.1768 - partial loss 0.7636 - partial MRR  0.0000 - partial MAP 0.9467
INFO:root:TEST batch 4 / 7 -  partial tp {0: tensor(0), 1: tensor(165)},fn {0: tensor(33), 1: tensor(0)},fp {0: tensor(0), 1: tensor(33)}
INFO:root:TEST batch 4 / 7 - measures partial microavg - precision 0.8333 - recall 0.8333 - f1 0.8333 
INFO:root:TEST batch 4 / 7 - measures partial for class 0 - precision 0.0000 - recall 0.0000 - f1 0.0000 
INFO:root:TEST batch 4 / 7 - measures partial for class 1 - precision 0.8333 - recall 1.0000 - f1 0.9091 
INFO:root:TEST batch 4 / 7 - Batch time 0 
INFO:root:TEST batch 5 / 7 - partial error 0.1778 - partial loss 0.7503 - partial MRR  0.0000 - partial MAP 0.9496
INFO:root:TEST batch 5 / 7 -  partial tp {0: tensor(0), 1: tensor(162)},fn {0: tensor(36), 1: tensor(0)},fp {0: tensor(0), 1: tensor(36)}
INFO:root:TEST batch 5 / 7 - measures partial microavg - precision 0.8182 - recall 0.8182 - f1 0.8182 
INFO:root:TEST batch 5 / 7 - measures partial for class 0 - precision 0.0000 - recall 0.0000 - f1 0.0000 
INFO:root:TEST batch 5 / 7 - measures partial for class 1 - precision 0.8182 - recall 1.0000 - f1 0.9000 
INFO:root:TEST batch 5 / 7 - Batch time 0 
INFO:root:TEST batch 6 / 7 - partial error 0.1810 - partial loss 0.7601 - partial MRR  0.0000 - partial MAP 0.9486
INFO:root:TEST batch 6 / 7 -  partial tp {0: tensor(0), 1: tensor(159)},fn {0: tensor(39), 1: tensor(0)},fp {0: tensor(0), 1: tensor(39)}
INFO:root:TEST batch 6 / 7 - measures partial microavg - precision 0.8030 - recall 0.8030 - f1 0.8030 
INFO:root:TEST batch 6 / 7 - measures partial for class 0 - precision 0.0000 - recall 0.0000 - f1 0.0000 
INFO:root:TEST batch 6 / 7 - measures partial for class 1 - precision 0.8030 - recall 1.0000 - f1 0.8908 
INFO:root:TEST batch 6 / 7 - Batch time 0 
INFO:root:TEST batch 7 / 7 - partial error 0.1811 - partial loss 0.7690 - partial MRR  0.0000 - partial MAP 0.9484
INFO:root:TEST batch 7 / 7 -  partial tp {0: tensor(0), 1: tensor(162)},fn {0: tensor(36), 1: tensor(0)},fp {0: tensor(0), 1: tensor(36)}
INFO:root:TEST batch 7 / 7 - measures partial microavg - precision 0.8182 - recall 0.8182 - f1 0.8182 
INFO:root:TEST batch 7 / 7 - measures partial for class 0 - precision 0.0000 - recall 0.0000 - f1 0.0000 
INFO:root:TEST batch 7 / 7 - measures partial for class 1 - precision 0.8182 - recall 1.0000 - f1 0.9000 
INFO:root:TEST batch 7 / 7 - Batch time 0 
INFO:root:TEST mean losses tensor(0.7690)
INFO:root:TEST mean errors 0.18109668791294098
INFO:root:TEST mean MRR 0.0 - mean MAP 0.9483547210693359
INFO:root:TEST tp {0: tensor(0), 1: tensor(1135)},fn {0: tensor(251), 1: tensor(0)},fp {0: tensor(0), 1: tensor(251)}
INFO:root:TEST measures microavg - precision 0.8189 - recall 0.8189 - f1 0.8189 
INFO:root:TEST measures for class 0 - precision 0.0000 - recall 0.0000 - f1 0.0000 
INFO:root:TEST measures for class 1 - precision 0.8189 - recall 1.0000 - f1 0.9004 
INFO:root:TEST measures@10 microavg - precision 0.9857 - recall 0.0498 - f1 0.0948 
INFO:root:TEST measures@10 for class 0 - precision 0.0000 - recall 0.0000 - f1 0.0000 
INFO:root:TEST measures@10 for class 1 - precision 0.9857 - recall 0.0608 - f1 0.1145 
INFO:root:TEST measures@100 microavg - precision 0.8798 - recall 0.4805 - f1 0.6216 
INFO:root:TEST measures@100 for class 0 - precision 0.5965 - recall 0.1355 - f1 0.2208 
INFO:root:TEST measures@100 for class 1 - precision 0.9029 - recall 0.5568 - f1 0.6888 
INFO:root:TEST measures@1000 microavg - precision 0.7309 - recall 0.7309 - f1 0.7309 
INFO:root:TEST measures@1000 for class 0 - precision 0.2560 - recall 0.2550 - f1 0.2555 
INFO:root:TEST measures@1000 for class 1 - precision 0.8354 - recall 0.8361 - f1 0.8358 
INFO:root:TEST Total epoch time: 0.09141189599995414
INFO:root:################ TRAIN epoch 72 ###################
INFO:root:TRAIN mean losses tensor(0.7053)
INFO:root:TRAIN mean errors 0.17474748194217682
INFO:root:TRAIN mean MRR 0.0 - mean MAP 0.9616891741752625
INFO:root:TRAIN tp {0: tensor(0), 1: tensor(4902)},fn {0: tensor(1038), 1: tensor(0)},fp {0: tensor(0), 1: tensor(1038)}
INFO:root:TRAIN measures microavg - precision 0.8253 - recall 0.8253 - f1 0.8253 
INFO:root:TRAIN measures for class 0 - precision 0.0000 - recall 0.0000 - f1 0.0000 
INFO:root:TRAIN measures for class 1 - precision 0.8253 - recall 1.0000 - f1 0.9043 
INFO:root:TRAIN measures@10 microavg - precision 0.9900 - recall 0.0500 - f1 0.0952 
INFO:root:TRAIN measures@10 for class 0 - precision 0.0000 - recall 0.0000 - f1 0.0000 
INFO:root:TRAIN measures@10 for class 1 - precision 0.9900 - recall 0.0606 - f1 0.1142 
INFO:root:TRAIN measures@100 microavg - precision 0.8691 - recall 0.4919 - f1 0.6283 
INFO:root:TRAIN measures@100 for class 0 - precision 0.5067 - recall 0.1830 - f1 0.2689 
INFO:root:TRAIN measures@100 for class 1 - precision 0.9146 - recall 0.5573 - f1 0.6926 
INFO:root:TRAIN measures@1000 microavg - precision 0.6850 - recall 0.6850 - f1 0.6850 
INFO:root:TRAIN measures@1000 for class 0 - precision 0.2635 - recall 0.4470 - f1 0.3315 
INFO:root:TRAIN measures@1000 for class 1 - precision 0.8626 - recall 0.7354 - f1 0.7940 
INFO:root:TRAIN Total epoch time: 0.5782964990003165
INFO:root:################ VALID epoch 72 ###################
INFO:root:VALID mean losses tensor(0.7214)
INFO:root:VALID mean errors 0.17255891859531403
INFO:root:VALID mean MRR 0.0 - mean MAP 0.9569535851478577
INFO:root:VALID tp {0: tensor(0), 1: tensor(983)},fn {0: tensor(205), 1: tensor(0)},fp {0: tensor(0), 1: tensor(205)}
INFO:root:VALID measures microavg - precision 0.8274 - recall 0.8274 - f1 0.8274 
INFO:root:VALID measures for class 0 - precision 0.0000 - recall 0.0000 - f1 0.0000 
INFO:root:VALID measures for class 1 - precision 0.8274 - recall 1.0000 - f1 0.9056 
INFO:root:VALID measures@10 microavg - precision 0.9667 - recall 0.0488 - f1 0.0929 
INFO:root:VALID measures@10 for class 0 - precision 0.0000 - recall 0.0000 - f1 0.0000 
INFO:root:VALID measures@10 for class 1 - precision 0.9667 - recall 0.0590 - f1 0.1112 
INFO:root:VALID measures@100 microavg - precision 0.8669 - recall 0.4933 - f1 0.6288 
INFO:root:VALID measures@100 for class 0 - precision 0.5132 - recall 0.1902 - f1 0.2776 
INFO:root:VALID measures@100 for class 1 - precision 0.9117 - recall 0.5565 - f1 0.6911 
INFO:root:VALID measures@1000 microavg - precision 0.6953 - recall 0.6953 - f1 0.6953 
INFO:root:VALID measures@1000 for class 0 - precision 0.2375 - recall 0.3463 - f1 0.2817 
INFO:root:VALID measures@1000 for class 1 - precision 0.8493 - recall 0.7681 - f1 0.8066 
INFO:root:VALID Total epoch time: 0.06463649700026508
INFO:root:################ TEST epoch 72 ###################
INFO:root:TEST batch 1 / 7 - partial error 0.1919 - partial loss 0.8259 - partial MRR  0.0000 - partial MAP 0.9432
INFO:root:TEST batch 1 / 7 -  partial tp {0: tensor(0), 1: tensor(160)},fn {0: tensor(38), 1: tensor(0)},fp {0: tensor(0), 1: tensor(38)}
INFO:root:TEST batch 1 / 7 - measures partial microavg - precision 0.8081 - recall 0.8081 - f1 0.8081 
INFO:root:TEST batch 1 / 7 - measures partial for class 0 - precision 0.0000 - recall 0.0000 - f1 0.0000 
INFO:root:TEST batch 1 / 7 - measures partial for class 1 - precision 0.8081 - recall 1.0000 - f1 0.8939 
INFO:root:TEST batch 1 / 7 - Batch time 0 
INFO:root:TEST batch 2 / 7 - partial error 0.1843 - partial loss 0.7744 - partial MRR  0.0000 - partial MAP 0.9493
INFO:root:TEST batch 2 / 7 -  partial tp {0: tensor(0), 1: tensor(163)},fn {0: tensor(35), 1: tensor(0)},fp {0: tensor(0), 1: tensor(35)}
INFO:root:TEST batch 2 / 7 - measures partial microavg - precision 0.8232 - recall 0.8232 - f1 0.8232 
INFO:root:TEST batch 2 / 7 - measures partial for class 0 - precision 0.0000 - recall 0.0000 - f1 0.0000 
INFO:root:TEST batch 2 / 7 - measures partial for class 1 - precision 0.8232 - recall 1.0000 - f1 0.9030 
INFO:root:TEST batch 2 / 7 - Batch time 0 
INFO:root:TEST batch 3 / 7 - partial error 0.1801 - partial loss 0.7551 - partial MRR  0.0000 - partial MAP 0.9510
INFO:root:TEST batch 3 / 7 -  partial tp {0: tensor(0), 1: tensor(164)},fn {0: tensor(34), 1: tensor(0)},fp {0: tensor(0), 1: tensor(34)}
INFO:root:TEST batch 3 / 7 - measures partial microavg - precision 0.8283 - recall 0.8283 - f1 0.8283 
INFO:root:TEST batch 3 / 7 - measures partial for class 0 - precision 0.0000 - recall 0.0000 - f1 0.0000 
INFO:root:TEST batch 3 / 7 - measures partial for class 1 - precision 0.8283 - recall 1.0000 - f1 0.9061 
INFO:root:TEST batch 3 / 7 - Batch time 0 
INFO:root:TEST batch 4 / 7 - partial error 0.1768 - partial loss 0.7619 - partial MRR  0.0000 - partial MAP 0.9473
INFO:root:TEST batch 4 / 7 -  partial tp {0: tensor(0), 1: tensor(165)},fn {0: tensor(33), 1: tensor(0)},fp {0: tensor(0), 1: tensor(33)}
INFO:root:TEST batch 4 / 7 - measures partial microavg - precision 0.8333 - recall 0.8333 - f1 0.8333 
INFO:root:TEST batch 4 / 7 - measures partial for class 0 - precision 0.0000 - recall 0.0000 - f1 0.0000 
INFO:root:TEST batch 4 / 7 - measures partial for class 1 - precision 0.8333 - recall 1.0000 - f1 0.9091 
INFO:root:TEST batch 4 / 7 - Batch time 0 
INFO:root:TEST batch 5 / 7 - partial error 0.1778 - partial loss 0.7504 - partial MRR  0.0000 - partial MAP 0.9507
INFO:root:TEST batch 5 / 7 -  partial tp {0: tensor(0), 1: tensor(162)},fn {0: tensor(36), 1: tensor(0)},fp {0: tensor(0), 1: tensor(36)}
INFO:root:TEST batch 5 / 7 - measures partial microavg - precision 0.8182 - recall 0.8182 - f1 0.8182 
INFO:root:TEST batch 5 / 7 - measures partial for class 0 - precision 0.0000 - recall 0.0000 - f1 0.0000 
INFO:root:TEST batch 5 / 7 - measures partial for class 1 - precision 0.8182 - recall 1.0000 - f1 0.9000 
INFO:root:TEST batch 5 / 7 - Batch time 0 
INFO:root:TEST batch 6 / 7 - partial error 0.1810 - partial loss 0.7650 - partial MRR  0.0000 - partial MAP 0.9482
INFO:root:TEST batch 6 / 7 -  partial tp {0: tensor(0), 1: tensor(159)},fn {0: tensor(39), 1: tensor(0)},fp {0: tensor(0), 1: tensor(39)}
INFO:root:TEST batch 6 / 7 - measures partial microavg - precision 0.8030 - recall 0.8030 - f1 0.8030 
INFO:root:TEST batch 6 / 7 - measures partial for class 0 - precision 0.0000 - recall 0.0000 - f1 0.0000 
INFO:root:TEST batch 6 / 7 - measures partial for class 1 - precision 0.8030 - recall 1.0000 - f1 0.8908 
INFO:root:TEST batch 6 / 7 - Batch time 0 
INFO:root:TEST batch 7 / 7 - partial error 0.1811 - partial loss 0.7699 - partial MRR  0.0000 - partial MAP 0.9485
INFO:root:TEST batch 7 / 7 -  partial tp {0: tensor(0), 1: tensor(162)},fn {0: tensor(36), 1: tensor(0)},fp {0: tensor(0), 1: tensor(36)}
INFO:root:TEST batch 7 / 7 - measures partial microavg - precision 0.8182 - recall 0.8182 - f1 0.8182 
INFO:root:TEST batch 7 / 7 - measures partial for class 0 - precision 0.0000 - recall 0.0000 - f1 0.0000 
INFO:root:TEST batch 7 / 7 - measures partial for class 1 - precision 0.8182 - recall 1.0000 - f1 0.9000 
INFO:root:TEST batch 7 / 7 - Batch time 0 
INFO:root:TEST mean losses tensor(0.7699)
INFO:root:TEST mean errors 0.18109668791294098
INFO:root:TEST mean MRR 0.0 - mean MAP 0.9485223293304443
INFO:root:TEST tp {0: tensor(0), 1: tensor(1135)},fn {0: tensor(251), 1: tensor(0)},fp {0: tensor(0), 1: tensor(251)}
INFO:root:TEST measures microavg - precision 0.8189 - recall 0.8189 - f1 0.8189 
INFO:root:TEST measures for class 0 - precision 0.0000 - recall 0.0000 - f1 0.0000 
INFO:root:TEST measures for class 1 - precision 0.8189 - recall 1.0000 - f1 0.9004 
INFO:root:TEST measures@10 microavg - precision 1.0000 - recall 0.0512 - f1 0.0975 
INFO:root:TEST measures@10 for class 0 - precision 1.0000 - recall 0.0040 - f1 0.0079 
INFO:root:TEST measures@10 for class 1 - precision 1.0000 - recall 0.0617 - f1 0.1162 
INFO:root:TEST measures@100 microavg - precision 0.8391 - recall 0.4740 - f1 0.6058 
INFO:root:TEST measures@100 for class 0 - precision 0.4458 - recall 0.1474 - f1 0.2216 
INFO:root:TEST measures@100 for class 1 - precision 0.8857 - recall 0.5463 - f1 0.6757 
INFO:root:TEST measures@1000 microavg - precision 0.6760 - recall 0.6760 - f1 0.6760 
INFO:root:TEST measures@1000 for class 0 - precision 0.2408 - recall 0.3665 - f1 0.2907 
INFO:root:TEST measures@1000 for class 1 - precision 0.8416 - recall 0.7445 - f1 0.7901 
INFO:root:TEST Total epoch time: 0.08445682199999283
INFO:root:################ TRAIN epoch 73 ###################
INFO:root:TRAIN mean losses tensor(0.7154)
INFO:root:TRAIN mean errors 0.17457912862300873
INFO:root:TRAIN mean MRR 0.0 - mean MAP 0.9603409767150879
INFO:root:TRAIN tp {0: tensor(2), 1: tensor(4901)},fn {0: tensor(1036), 1: tensor(1)},fp {0: tensor(1), 1: tensor(1036)}
INFO:root:TRAIN measures microavg - precision 0.8254 - recall 0.8254 - f1 0.8254 
INFO:root:TRAIN measures for class 0 - precision 0.6667 - recall 0.0019 - f1 0.0038 
INFO:root:TRAIN measures for class 1 - precision 0.8255 - recall 0.9998 - f1 0.9043 
INFO:root:TRAIN measures@10 microavg - precision 0.9833 - recall 0.0497 - f1 0.0946 
INFO:root:TRAIN measures@10 for class 0 - precision 0.0000 - recall 0.0000 - f1 0.0000 
INFO:root:TRAIN measures@10 for class 1 - precision 0.9833 - recall 0.0602 - f1 0.1134 
INFO:root:TRAIN measures@100 microavg - precision 0.8709 - recall 0.4872 - f1 0.6249 
INFO:root:TRAIN measures@100 for class 0 - precision 0.4835 - recall 0.1551 - f1 0.2349 
INFO:root:TRAIN measures@100 for class 1 - precision 0.9140 - recall 0.5575 - f1 0.6926 
INFO:root:TRAIN measures@1000 microavg - precision 0.7035 - recall 0.7035 - f1 0.7035 
INFO:root:TRAIN measures@1000 for class 0 - precision 0.2705 - recall 0.4104 - f1 0.3261 
INFO:root:TRAIN measures@1000 for class 1 - precision 0.8598 - recall 0.7656 - f1 0.8100 
INFO:root:TRAIN Total epoch time: 0.5491229159997602
INFO:root:################ VALID epoch 73 ###################
INFO:root:VALID mean losses tensor(0.7017)
INFO:root:VALID mean errors 0.17255891859531403
INFO:root:VALID mean MRR 0.0 - mean MAP 0.9599244594573975
INFO:root:VALID tp {0: tensor(0), 1: tensor(983)},fn {0: tensor(205), 1: tensor(0)},fp {0: tensor(0), 1: tensor(205)}
INFO:root:VALID measures microavg - precision 0.8274 - recall 0.8274 - f1 0.8274 
INFO:root:VALID measures for class 0 - precision 0.0000 - recall 0.0000 - f1 0.0000 
INFO:root:VALID measures for class 1 - precision 0.8274 - recall 1.0000 - f1 0.9056 
INFO:root:VALID measures@10 microavg - precision 1.0000 - recall 0.0505 - f1 0.0962 
INFO:root:VALID measures@10 for class 0 - precision 0.0000 - recall 0.0000 - f1 0.0000 
INFO:root:VALID measures@10 for class 1 - precision 1.0000 - recall 0.0610 - f1 0.1151 
INFO:root:VALID measures@100 microavg - precision 0.8584 - recall 0.4949 - f1 0.6279 
INFO:root:VALID measures@100 for class 0 - precision 0.5059 - recall 0.2098 - f1 0.2966 
INFO:root:VALID measures@100 for class 1 - precision 0.9083 - recall 0.5544 - f1 0.6886 
INFO:root:VALID measures@1000 microavg - precision 0.6843 - recall 0.6843 - f1 0.6843 
INFO:root:VALID measures@1000 for class 0 - precision 0.2612 - recall 0.4537 - f1 0.3316 
INFO:root:VALID measures@1000 for class 1 - precision 0.8654 - recall 0.7325 - f1 0.7934 
INFO:root:VALID Total epoch time: 0.06560647199967207
INFO:root:################ TEST epoch 73 ###################
INFO:root:TEST batch 1 / 7 - partial error 0.1919 - partial loss 0.7911 - partial MRR  0.0000 - partial MAP 0.9453
INFO:root:TEST batch 1 / 7 -  partial tp {0: tensor(0), 1: tensor(160)},fn {0: tensor(38), 1: tensor(0)},fp {0: tensor(0), 1: tensor(38)}
INFO:root:TEST batch 1 / 7 - measures partial microavg - precision 0.8081 - recall 0.8081 - f1 0.8081 
INFO:root:TEST batch 1 / 7 - measures partial for class 0 - precision 0.0000 - recall 0.0000 - f1 0.0000 
INFO:root:TEST batch 1 / 7 - measures partial for class 1 - precision 0.8081 - recall 1.0000 - f1 0.8939 
INFO:root:TEST batch 1 / 7 - Batch time 0 
INFO:root:TEST batch 2 / 7 - partial error 0.1843 - partial loss 0.7598 - partial MRR  0.0000 - partial MAP 0.9512
INFO:root:TEST batch 2 / 7 -  partial tp {0: tensor(0), 1: tensor(163)},fn {0: tensor(35), 1: tensor(0)},fp {0: tensor(0), 1: tensor(35)}
INFO:root:TEST batch 2 / 7 - measures partial microavg - precision 0.8232 - recall 0.8232 - f1 0.8232 
INFO:root:TEST batch 2 / 7 - measures partial for class 0 - precision 0.0000 - recall 0.0000 - f1 0.0000 
INFO:root:TEST batch 2 / 7 - measures partial for class 1 - precision 0.8232 - recall 1.0000 - f1 0.9030 
INFO:root:TEST batch 2 / 7 - Batch time 0 
INFO:root:TEST batch 3 / 7 - partial error 0.1801 - partial loss 0.7562 - partial MRR  0.0000 - partial MAP 0.9494
INFO:root:TEST batch 3 / 7 -  partial tp {0: tensor(0), 1: tensor(164)},fn {0: tensor(34), 1: tensor(0)},fp {0: tensor(0), 1: tensor(34)}
INFO:root:TEST batch 3 / 7 - measures partial microavg - precision 0.8283 - recall 0.8283 - f1 0.8283 
INFO:root:TEST batch 3 / 7 - measures partial for class 0 - precision 0.0000 - recall 0.0000 - f1 0.0000 
INFO:root:TEST batch 3 / 7 - measures partial for class 1 - precision 0.8283 - recall 1.0000 - f1 0.9061 
INFO:root:TEST batch 3 / 7 - Batch time 0 
INFO:root:TEST batch 4 / 7 - partial error 0.1768 - partial loss 0.7604 - partial MRR  0.0000 - partial MAP 0.9453
INFO:root:TEST batch 4 / 7 -  partial tp {0: tensor(0), 1: tensor(165)},fn {0: tensor(33), 1: tensor(0)},fp {0: tensor(0), 1: tensor(33)}
INFO:root:TEST batch 4 / 7 - measures partial microavg - precision 0.8333 - recall 0.8333 - f1 0.8333 
INFO:root:TEST batch 4 / 7 - measures partial for class 0 - precision 0.0000 - recall 0.0000 - f1 0.0000 
INFO:root:TEST batch 4 / 7 - measures partial for class 1 - precision 0.8333 - recall 1.0000 - f1 0.9091 
INFO:root:TEST batch 4 / 7 - Batch time 0 
INFO:root:TEST batch 5 / 7 - partial error 0.1778 - partial loss 0.7441 - partial MRR  0.0000 - partial MAP 0.9482
INFO:root:TEST batch 5 / 7 -  partial tp {0: tensor(0), 1: tensor(162)},fn {0: tensor(36), 1: tensor(0)},fp {0: tensor(0), 1: tensor(36)}
INFO:root:TEST batch 5 / 7 - measures partial microavg - precision 0.8182 - recall 0.8182 - f1 0.8182 
INFO:root:TEST batch 5 / 7 - measures partial for class 0 - precision 0.0000 - recall 0.0000 - f1 0.0000 
INFO:root:TEST batch 5 / 7 - measures partial for class 1 - precision 0.8182 - recall 1.0000 - f1 0.9000 
INFO:root:TEST batch 5 / 7 - Batch time 0 
INFO:root:TEST batch 6 / 7 - partial error 0.1810 - partial loss 0.7572 - partial MRR  0.0000 - partial MAP 0.9444
INFO:root:TEST batch 6 / 7 -  partial tp {0: tensor(0), 1: tensor(159)},fn {0: tensor(39), 1: tensor(0)},fp {0: tensor(0), 1: tensor(39)}
INFO:root:TEST batch 6 / 7 - measures partial microavg - precision 0.8030 - recall 0.8030 - f1 0.8030 
INFO:root:TEST batch 6 / 7 - measures partial for class 0 - precision 0.0000 - recall 0.0000 - f1 0.0000 
INFO:root:TEST batch 6 / 7 - measures partial for class 1 - precision 0.8030 - recall 1.0000 - f1 0.8908 
INFO:root:TEST batch 6 / 7 - Batch time 0 
INFO:root:TEST batch 7 / 7 - partial error 0.1811 - partial loss 0.7600 - partial MRR  0.0000 - partial MAP 0.9446
INFO:root:TEST batch 7 / 7 -  partial tp {0: tensor(0), 1: tensor(162)},fn {0: tensor(36), 1: tensor(0)},fp {0: tensor(0), 1: tensor(36)}
INFO:root:TEST batch 7 / 7 - measures partial microavg - precision 0.8182 - recall 0.8182 - f1 0.8182 
INFO:root:TEST batch 7 / 7 - measures partial for class 0 - precision 0.0000 - recall 0.0000 - f1 0.0000 
INFO:root:TEST batch 7 / 7 - measures partial for class 1 - precision 0.8182 - recall 1.0000 - f1 0.9000 
INFO:root:TEST batch 7 / 7 - Batch time 0 
INFO:root:TEST mean losses tensor(0.7600)
INFO:root:TEST mean errors 0.18109668791294098
INFO:root:TEST mean MRR 0.0 - mean MAP 0.9446431398391724
INFO:root:TEST tp {0: tensor(0), 1: tensor(1135)},fn {0: tensor(251), 1: tensor(0)},fp {0: tensor(0), 1: tensor(251)}
INFO:root:TEST measures microavg - precision 0.8189 - recall 0.8189 - f1 0.8189 
INFO:root:TEST measures for class 0 - precision 0.0000 - recall 0.0000 - f1 0.0000 
INFO:root:TEST measures for class 1 - precision 0.8189 - recall 1.0000 - f1 0.9004 
INFO:root:TEST measures@10 microavg - precision 0.9714 - recall 0.0491 - f1 0.0934 
INFO:root:TEST measures@10 for class 0 - precision 0.0000 - recall 0.0000 - f1 0.0000 
INFO:root:TEST measures@10 for class 1 - precision 0.9714 - recall 0.0599 - f1 0.1129 
INFO:root:TEST measures@100 microavg - precision 0.8348 - recall 0.4704 - f1 0.6018 
INFO:root:TEST measures@100 for class 0 - precision 0.5185 - recall 0.1673 - f1 0.2530 
INFO:root:TEST measures@100 for class 1 - precision 0.8714 - recall 0.5374 - f1 0.6649 
INFO:root:TEST measures@1000 microavg - precision 0.6746 - recall 0.6746 - f1 0.6746 
INFO:root:TEST measures@1000 for class 0 - precision 0.2396 - recall 0.3665 - f1 0.2898 
INFO:root:TEST measures@1000 for class 1 - precision 0.8413 - recall 0.7427 - f1 0.7890 
INFO:root:TEST Total epoch time: 0.08602378500017949
INFO:root:################ TRAIN epoch 74 ###################
INFO:root:TRAIN mean losses tensor(0.7074)
INFO:root:TRAIN mean errors 0.17474748194217682
INFO:root:TRAIN mean MRR 0.0 - mean MAP 0.9614856839179993
INFO:root:TRAIN tp {0: tensor(0), 1: tensor(4902)},fn {0: tensor(1038), 1: tensor(0)},fp {0: tensor(0), 1: tensor(1038)}
INFO:root:TRAIN measures microavg - precision 0.8253 - recall 0.8253 - f1 0.8253 
INFO:root:TRAIN measures for class 0 - precision 0.0000 - recall 0.0000 - f1 0.0000 
INFO:root:TRAIN measures for class 1 - precision 0.8253 - recall 1.0000 - f1 0.9043 
INFO:root:TRAIN measures@10 microavg - precision 0.9801 - recall 0.0497 - f1 0.0945 
INFO:root:TRAIN measures@10 for class 0 - precision 0.0000 - recall 0.0000 - f1 0.0000 
INFO:root:TRAIN measures@10 for class 1 - precision 0.9833 - recall 0.0602 - f1 0.1134 
INFO:root:TRAIN measures@100 microavg - precision 0.8722 - recall 0.4907 - f1 0.6281 
INFO:root:TRAIN measures@100 for class 0 - precision 0.4842 - recall 0.1628 - f1 0.2437 
INFO:root:TRAIN measures@100 for class 1 - precision 0.9175 - recall 0.5602 - f1 0.6956 
INFO:root:TRAIN measures@1000 microavg - precision 0.7039 - recall 0.7039 - f1 0.7039 
INFO:root:TRAIN measures@1000 for class 0 - precision 0.2582 - recall 0.3709 - f1 0.3045 
INFO:root:TRAIN measures@1000 for class 1 - precision 0.8532 - recall 0.7744 - f1 0.8119 
INFO:root:TRAIN Total epoch time: 0.5509147279999524
INFO:root:################ VALID epoch 74 ###################
INFO:root:VALID mean losses tensor(0.7101)
INFO:root:VALID mean errors 0.17255891859531403
INFO:root:VALID mean MRR 0.0 - mean MAP 0.958319902420044
INFO:root:VALID tp {0: tensor(0), 1: tensor(983)},fn {0: tensor(205), 1: tensor(0)},fp {0: tensor(0), 1: tensor(205)}
INFO:root:VALID measures microavg - precision 0.8274 - recall 0.8274 - f1 0.8274 
INFO:root:VALID measures for class 0 - precision 0.0000 - recall 0.0000 - f1 0.0000 
INFO:root:VALID measures for class 1 - precision 0.8274 - recall 1.0000 - f1 0.9056 
INFO:root:VALID measures@10 microavg - precision 0.9524 - recall 0.0505 - f1 0.0959 
INFO:root:VALID measures@10 for class 0 - precision 0.6667 - recall 0.0098 - f1 0.0192 
INFO:root:VALID measures@10 for class 1 - precision 0.9667 - recall 0.0590 - f1 0.1112 
INFO:root:VALID measures@100 microavg - precision 0.8378 - recall 0.5042 - f1 0.6295 
INFO:root:VALID measures@100 for class 0 - precision 0.5130 - recall 0.2878 - f1 0.3688 
INFO:root:VALID measures@100 for class 1 - precision 0.9000 - recall 0.5493 - f1 0.6822 
INFO:root:VALID measures@1000 microavg - precision 0.6330 - recall 0.6330 - f1 0.6330 
INFO:root:VALID measures@1000 for class 0 - precision 0.2439 - recall 0.5366 - f1 0.3354 
INFO:root:VALID measures@1000 for class 1 - precision 0.8711 - recall 0.6531 - f1 0.7465 
INFO:root:VALID Total epoch time: 0.06307915899969885
INFO:root:################ TEST epoch 74 ###################
INFO:root:TEST batch 1 / 7 - partial error 0.1919 - partial loss 0.8025 - partial MRR  0.0000 - partial MAP 0.9424
INFO:root:TEST batch 1 / 7 -  partial tp {0: tensor(0), 1: tensor(160)},fn {0: tensor(38), 1: tensor(0)},fp {0: tensor(0), 1: tensor(38)}
INFO:root:TEST batch 1 / 7 - measures partial microavg - precision 0.8081 - recall 0.8081 - f1 0.8081 
INFO:root:TEST batch 1 / 7 - measures partial for class 0 - precision 0.0000 - recall 0.0000 - f1 0.0000 
INFO:root:TEST batch 1 / 7 - measures partial for class 1 - precision 0.8081 - recall 1.0000 - f1 0.8939 
INFO:root:TEST batch 1 / 7 - Batch time 0 
INFO:root:TEST batch 2 / 7 - partial error 0.1843 - partial loss 0.7639 - partial MRR  0.0000 - partial MAP 0.9503
INFO:root:TEST batch 2 / 7 -  partial tp {0: tensor(0), 1: tensor(163)},fn {0: tensor(35), 1: tensor(0)},fp {0: tensor(0), 1: tensor(35)}
INFO:root:TEST batch 2 / 7 - measures partial microavg - precision 0.8232 - recall 0.8232 - f1 0.8232 
INFO:root:TEST batch 2 / 7 - measures partial for class 0 - precision 0.0000 - recall 0.0000 - f1 0.0000 
INFO:root:TEST batch 2 / 7 - measures partial for class 1 - precision 0.8232 - recall 1.0000 - f1 0.9030 
INFO:root:TEST batch 2 / 7 - Batch time 0 
INFO:root:TEST batch 3 / 7 - partial error 0.1801 - partial loss 0.7546 - partial MRR  0.0000 - partial MAP 0.9505
INFO:root:TEST batch 3 / 7 -  partial tp {0: tensor(0), 1: tensor(164)},fn {0: tensor(34), 1: tensor(0)},fp {0: tensor(0), 1: tensor(34)}
INFO:root:TEST batch 3 / 7 - measures partial microavg - precision 0.8283 - recall 0.8283 - f1 0.8283 
INFO:root:TEST batch 3 / 7 - measures partial for class 0 - precision 0.0000 - recall 0.0000 - f1 0.0000 
INFO:root:TEST batch 3 / 7 - measures partial for class 1 - precision 0.8283 - recall 1.0000 - f1 0.9061 
INFO:root:TEST batch 3 / 7 - Batch time 0 
INFO:root:TEST batch 4 / 7 - partial error 0.1768 - partial loss 0.7610 - partial MRR  0.0000 - partial MAP 0.9473
INFO:root:TEST batch 4 / 7 -  partial tp {0: tensor(0), 1: tensor(165)},fn {0: tensor(33), 1: tensor(0)},fp {0: tensor(0), 1: tensor(33)}
INFO:root:TEST batch 4 / 7 - measures partial microavg - precision 0.8333 - recall 0.8333 - f1 0.8333 
INFO:root:TEST batch 4 / 7 - measures partial for class 0 - precision 0.0000 - recall 0.0000 - f1 0.0000 
INFO:root:TEST batch 4 / 7 - measures partial for class 1 - precision 0.8333 - recall 1.0000 - f1 0.9091 
INFO:root:TEST batch 4 / 7 - Batch time 0 
INFO:root:TEST batch 5 / 7 - partial error 0.1778 - partial loss 0.7547 - partial MRR  0.0000 - partial MAP 0.9486
INFO:root:TEST batch 5 / 7 -  partial tp {0: tensor(0), 1: tensor(162)},fn {0: tensor(36), 1: tensor(0)},fp {0: tensor(0), 1: tensor(36)}
INFO:root:TEST batch 5 / 7 - measures partial microavg - precision 0.8182 - recall 0.8182 - f1 0.8182 
INFO:root:TEST batch 5 / 7 - measures partial for class 0 - precision 0.0000 - recall 0.0000 - f1 0.0000 
INFO:root:TEST batch 5 / 7 - measures partial for class 1 - precision 0.8182 - recall 1.0000 - f1 0.9000 
INFO:root:TEST batch 5 / 7 - Batch time 0 
INFO:root:TEST batch 6 / 7 - partial error 0.1810 - partial loss 0.7621 - partial MRR  0.0000 - partial MAP 0.9462
INFO:root:TEST batch 6 / 7 -  partial tp {0: tensor(0), 1: tensor(159)},fn {0: tensor(39), 1: tensor(0)},fp {0: tensor(0), 1: tensor(39)}
INFO:root:TEST batch 6 / 7 - measures partial microavg - precision 0.8030 - recall 0.8030 - f1 0.8030 
INFO:root:TEST batch 6 / 7 - measures partial for class 0 - precision 0.0000 - recall 0.0000 - f1 0.0000 
INFO:root:TEST batch 6 / 7 - measures partial for class 1 - precision 0.8030 - recall 1.0000 - f1 0.8908 
INFO:root:TEST batch 6 / 7 - Batch time 0 
INFO:root:TEST batch 7 / 7 - partial error 0.1811 - partial loss 0.7646 - partial MRR  0.0000 - partial MAP 0.9471
INFO:root:TEST batch 7 / 7 -  partial tp {0: tensor(0), 1: tensor(162)},fn {0: tensor(36), 1: tensor(0)},fp {0: tensor(0), 1: tensor(36)}
INFO:root:TEST batch 7 / 7 - measures partial microavg - precision 0.8182 - recall 0.8182 - f1 0.8182 
INFO:root:TEST batch 7 / 7 - measures partial for class 0 - precision 0.0000 - recall 0.0000 - f1 0.0000 
INFO:root:TEST batch 7 / 7 - measures partial for class 1 - precision 0.8182 - recall 1.0000 - f1 0.9000 
INFO:root:TEST batch 7 / 7 - Batch time 0 
INFO:root:TEST mean losses tensor(0.7646)
INFO:root:TEST mean errors 0.18109668791294098
INFO:root:TEST mean MRR 0.0 - mean MAP 0.9470731019973755
INFO:root:TEST tp {0: tensor(0), 1: tensor(1135)},fn {0: tensor(251), 1: tensor(0)},fp {0: tensor(0), 1: tensor(251)}
INFO:root:TEST measures microavg - precision 0.8189 - recall 0.8189 - f1 0.8189 
INFO:root:TEST measures for class 0 - precision 0.0000 - recall 0.0000 - f1 0.0000 
INFO:root:TEST measures for class 1 - precision 0.8189 - recall 1.0000 - f1 0.9004 
INFO:root:TEST measures@10 microavg - precision 0.9714 - recall 0.0491 - f1 0.0934 
INFO:root:TEST measures@10 for class 0 - precision 0.0000 - recall 0.0000 - f1 0.0000 
INFO:root:TEST measures@10 for class 1 - precision 0.9714 - recall 0.0599 - f1 0.1129 
INFO:root:TEST measures@100 microavg - precision 0.8499 - recall 0.4863 - f1 0.6186 
INFO:root:TEST measures@100 for class 0 - precision 0.5484 - recall 0.2032 - f1 0.2965 
INFO:root:TEST measures@100 for class 1 - precision 0.8900 - recall 0.5489 - f1 0.6790 
INFO:root:TEST measures@1000 microavg - precision 0.7100 - recall 0.7100 - f1 0.7100 
INFO:root:TEST measures@1000 for class 0 - precision 0.2719 - recall 0.3586 - f1 0.3093 
INFO:root:TEST measures@1000 for class 1 - precision 0.8474 - recall 0.7877 - f1 0.8164 
INFO:root:TEST Total epoch time: 0.08405414900016694
INFO:root:################ TRAIN epoch 75 ###################
INFO:root:TRAIN mean losses tensor(0.6990)
INFO:root:TRAIN mean errors 0.17474748194217682
INFO:root:TRAIN mean MRR 0.0 - mean MAP 0.9632315039634705
INFO:root:TRAIN tp {0: tensor(0), 1: tensor(4902)},fn {0: tensor(1038), 1: tensor(0)},fp {0: tensor(0), 1: tensor(1038)}
INFO:root:TRAIN measures microavg - precision 0.8253 - recall 0.8253 - f1 0.8253 
INFO:root:TRAIN measures for class 0 - precision 0.0000 - recall 0.0000 - f1 0.0000 
INFO:root:TRAIN measures for class 1 - precision 0.8253 - recall 1.0000 - f1 0.9043 
INFO:root:TRAIN measures@10 microavg - precision 0.9867 - recall 0.0498 - f1 0.0949 
INFO:root:TRAIN measures@10 for class 0 - precision 0.0000 - recall 0.0000 - f1 0.0000 
INFO:root:TRAIN measures@10 for class 1 - precision 0.9867 - recall 0.0604 - f1 0.1138 
INFO:root:TRAIN measures@100 microavg - precision 0.8592 - recall 0.5003 - f1 0.6324 
INFO:root:TRAIN measures@100 for class 0 - precision 0.5021 - recall 0.2283 - f1 0.3139 
INFO:root:TRAIN measures@100 for class 1 - precision 0.9156 - recall 0.5579 - f1 0.6934 
INFO:root:TRAIN measures@1000 microavg - precision 0.6813 - recall 0.6813 - f1 0.6813 
INFO:root:TRAIN measures@1000 for class 0 - precision 0.2668 - recall 0.4711 - f1 0.3406 
INFO:root:TRAIN measures@1000 for class 1 - precision 0.8663 - recall 0.7258 - f1 0.7899 
INFO:root:TRAIN Total epoch time: 0.5452707310000733
INFO:root:################ VALID epoch 75 ###################
INFO:root:VALID mean losses tensor(0.7062)
INFO:root:VALID mean errors 0.17255891859531403
INFO:root:VALID mean MRR 0.0 - mean MAP 0.9604824185371399
INFO:root:VALID tp {0: tensor(0), 1: tensor(983)},fn {0: tensor(205), 1: tensor(0)},fp {0: tensor(0), 1: tensor(205)}
INFO:root:VALID measures microavg - precision 0.8274 - recall 0.8274 - f1 0.8274 
INFO:root:VALID measures for class 0 - precision 0.0000 - recall 0.0000 - f1 0.0000 
INFO:root:VALID measures for class 1 - precision 0.8274 - recall 1.0000 - f1 0.9056 
INFO:root:VALID measures@10 microavg - precision 0.9667 - recall 0.0488 - f1 0.0929 
INFO:root:VALID measures@10 for class 0 - precision 0.0000 - recall 0.0000 - f1 0.0000 
INFO:root:VALID measures@10 for class 1 - precision 0.9667 - recall 0.0590 - f1 0.1112 
INFO:root:VALID measures@100 microavg - precision 0.8806 - recall 0.4840 - f1 0.6247 
INFO:root:VALID measures@100 for class 0 - precision 0.5094 - recall 0.1317 - f1 0.2093 
INFO:root:VALID measures@100 for class 1 - precision 0.9133 - recall 0.5575 - f1 0.6924 
INFO:root:VALID measures@1000 microavg - precision 0.7197 - recall 0.7197 - f1 0.7197 
INFO:root:VALID measures@1000 for class 0 - precision 0.2519 - recall 0.3171 - f1 0.2808 
INFO:root:VALID measures@1000 for class 1 - precision 0.8495 - recall 0.8037 - f1 0.8259 
INFO:root:VALID Total epoch time: 0.06528898900023705
INFO:root:################ TEST epoch 75 ###################
INFO:root:TEST batch 1 / 7 - partial error 0.1919 - partial loss 0.8155 - partial MRR  0.0000 - partial MAP 0.9400
INFO:root:TEST batch 1 / 7 -  partial tp {0: tensor(0), 1: tensor(160)},fn {0: tensor(38), 1: tensor(0)},fp {0: tensor(0), 1: tensor(38)}
INFO:root:TEST batch 1 / 7 - measures partial microavg - precision 0.8081 - recall 0.8081 - f1 0.8081 
INFO:root:TEST batch 1 / 7 - measures partial for class 0 - precision 0.0000 - recall 0.0000 - f1 0.0000 
INFO:root:TEST batch 1 / 7 - measures partial for class 1 - precision 0.8081 - recall 1.0000 - f1 0.8939 
INFO:root:TEST batch 1 / 7 - Batch time 0 
INFO:root:TEST batch 2 / 7 - partial error 0.1843 - partial loss 0.7580 - partial MRR  0.0000 - partial MAP 0.9519
INFO:root:TEST batch 2 / 7 -  partial tp {0: tensor(0), 1: tensor(163)},fn {0: tensor(35), 1: tensor(0)},fp {0: tensor(0), 1: tensor(35)}
INFO:root:TEST batch 2 / 7 - measures partial microavg - precision 0.8232 - recall 0.8232 - f1 0.8232 
INFO:root:TEST batch 2 / 7 - measures partial for class 0 - precision 0.0000 - recall 0.0000 - f1 0.0000 
INFO:root:TEST batch 2 / 7 - measures partial for class 1 - precision 0.8232 - recall 1.0000 - f1 0.9030 
INFO:root:TEST batch 2 / 7 - Batch time 0 
INFO:root:TEST batch 3 / 7 - partial error 0.1801 - partial loss 0.7384 - partial MRR  0.0000 - partial MAP 0.9539
INFO:root:TEST batch 3 / 7 -  partial tp {0: tensor(0), 1: tensor(164)},fn {0: tensor(34), 1: tensor(0)},fp {0: tensor(0), 1: tensor(34)}
INFO:root:TEST batch 3 / 7 - measures partial microavg - precision 0.8283 - recall 0.8283 - f1 0.8283 
INFO:root:TEST batch 3 / 7 - measures partial for class 0 - precision 0.0000 - recall 0.0000 - f1 0.0000 
INFO:root:TEST batch 3 / 7 - measures partial for class 1 - precision 0.8283 - recall 1.0000 - f1 0.9061 
INFO:root:TEST batch 3 / 7 - Batch time 0 
INFO:root:TEST batch 4 / 7 - partial error 0.1768 - partial loss 0.7421 - partial MRR  0.0000 - partial MAP 0.9507
INFO:root:TEST batch 4 / 7 -  partial tp {0: tensor(0), 1: tensor(165)},fn {0: tensor(33), 1: tensor(0)},fp {0: tensor(0), 1: tensor(33)}
INFO:root:TEST batch 4 / 7 - measures partial microavg - precision 0.8333 - recall 0.8333 - f1 0.8333 
INFO:root:TEST batch 4 / 7 - measures partial for class 0 - precision 0.0000 - recall 0.0000 - f1 0.0000 
INFO:root:TEST batch 4 / 7 - measures partial for class 1 - precision 0.8333 - recall 1.0000 - f1 0.9091 
INFO:root:TEST batch 4 / 7 - Batch time 0 
INFO:root:TEST batch 5 / 7 - partial error 0.1778 - partial loss 0.7340 - partial MRR  0.0000 - partial MAP 0.9535
INFO:root:TEST batch 5 / 7 -  partial tp {0: tensor(0), 1: tensor(162)},fn {0: tensor(36), 1: tensor(0)},fp {0: tensor(0), 1: tensor(36)}
INFO:root:TEST batch 5 / 7 - measures partial microavg - precision 0.8182 - recall 0.8182 - f1 0.8182 
INFO:root:TEST batch 5 / 7 - measures partial for class 0 - precision 0.0000 - recall 0.0000 - f1 0.0000 
INFO:root:TEST batch 5 / 7 - measures partial for class 1 - precision 0.8182 - recall 1.0000 - f1 0.9000 
INFO:root:TEST batch 5 / 7 - Batch time 0 
INFO:root:TEST batch 6 / 7 - partial error 0.1810 - partial loss 0.7554 - partial MRR  0.0000 - partial MAP 0.9487
INFO:root:TEST batch 6 / 7 -  partial tp {0: tensor(0), 1: tensor(159)},fn {0: tensor(39), 1: tensor(0)},fp {0: tensor(0), 1: tensor(39)}
INFO:root:TEST batch 6 / 7 - measures partial microavg - precision 0.8030 - recall 0.8030 - f1 0.8030 
INFO:root:TEST batch 6 / 7 - measures partial for class 0 - precision 0.0000 - recall 0.0000 - f1 0.0000 
INFO:root:TEST batch 6 / 7 - measures partial for class 1 - precision 0.8030 - recall 1.0000 - f1 0.8908 
INFO:root:TEST batch 6 / 7 - Batch time 0 
INFO:root:TEST batch 7 / 7 - partial error 0.1811 - partial loss 0.7585 - partial MRR  0.0000 - partial MAP 0.9491
INFO:root:TEST batch 7 / 7 -  partial tp {0: tensor(0), 1: tensor(162)},fn {0: tensor(36), 1: tensor(0)},fp {0: tensor(0), 1: tensor(36)}
INFO:root:TEST batch 7 / 7 - measures partial microavg - precision 0.8182 - recall 0.8182 - f1 0.8182 
INFO:root:TEST batch 7 / 7 - measures partial for class 0 - precision 0.0000 - recall 0.0000 - f1 0.0000 
INFO:root:TEST batch 7 / 7 - measures partial for class 1 - precision 0.8182 - recall 1.0000 - f1 0.9000 
INFO:root:TEST batch 7 / 7 - Batch time 0 
INFO:root:TEST mean losses tensor(0.7585)
INFO:root:TEST mean errors 0.18109668791294098
INFO:root:TEST mean MRR 0.0 - mean MAP 0.9490565061569214
INFO:root:TEST tp {0: tensor(0), 1: tensor(1135)},fn {0: tensor(251), 1: tensor(0)},fp {0: tensor(0), 1: tensor(251)}
INFO:root:TEST measures microavg - precision 0.8189 - recall 0.8189 - f1 0.8189 
INFO:root:TEST measures for class 0 - precision 0.0000 - recall 0.0000 - f1 0.0000 
INFO:root:TEST measures for class 1 - precision 0.8189 - recall 1.0000 - f1 0.9004 
INFO:root:TEST measures@10 microavg - precision 0.9859 - recall 0.0505 - f1 0.0961 
INFO:root:TEST measures@10 for class 0 - precision 1.0000 - recall 0.0040 - f1 0.0079 
INFO:root:TEST measures@10 for class 1 - precision 0.9857 - recall 0.0608 - f1 0.1145 
INFO:root:TEST measures@100 microavg - precision 0.8368 - recall 0.4885 - f1 0.6169 
INFO:root:TEST measures@100 for class 0 - precision 0.5505 - recall 0.2390 - f1 0.3333 
INFO:root:TEST measures@100 for class 1 - precision 0.8814 - recall 0.5436 - f1 0.6725 
INFO:root:TEST measures@1000 microavg - precision 0.6248 - recall 0.6248 - f1 0.6248 
INFO:root:TEST measures@1000 for class 0 - precision 0.2315 - recall 0.4622 - f1 0.3085 
INFO:root:TEST measures@1000 for class 1 - precision 0.8475 - recall 0.6608 - f1 0.7426 
INFO:root:TEST Total epoch time: 0.0852333030002228
INFO:root:################ TRAIN epoch 76 ###################
INFO:root:TRAIN mean losses tensor(0.7092)
INFO:root:TRAIN mean errors 0.17474748194217682
INFO:root:TRAIN mean MRR 0.0 - mean MAP 0.9627603888511658
INFO:root:TRAIN tp {0: tensor(0), 1: tensor(4902)},fn {0: tensor(1038), 1: tensor(0)},fp {0: tensor(0), 1: tensor(1038)}
INFO:root:TRAIN measures microavg - precision 0.8253 - recall 0.8253 - f1 0.8253 
INFO:root:TRAIN measures for class 0 - precision 0.0000 - recall 0.0000 - f1 0.0000 
INFO:root:TRAIN measures for class 1 - precision 0.8253 - recall 1.0000 - f1 0.9043 
INFO:root:TRAIN measures@10 microavg - precision 0.9868 - recall 0.0502 - f1 0.0955 
INFO:root:TRAIN measures@10 for class 0 - precision 1.0000 - recall 0.0019 - f1 0.0038 
INFO:root:TRAIN measures@10 for class 1 - precision 0.9867 - recall 0.0604 - f1 0.1138 
INFO:root:TRAIN measures@100 microavg - precision 0.8755 - recall 0.4901 - f1 0.6284 
INFO:root:TRAIN measures@100 for class 0 - precision 0.4945 - recall 0.1744 - f1 0.2578 
INFO:root:TRAIN measures@100 for class 1 - precision 0.9226 - recall 0.5569 - f1 0.6946 
INFO:root:TRAIN measures@1000 microavg - precision 0.7123 - recall 0.7123 - f1 0.7123 
INFO:root:TRAIN measures@1000 for class 0 - precision 0.2672 - recall 0.3709 - f1 0.3106 
INFO:root:TRAIN measures@1000 for class 1 - precision 0.8549 - recall 0.7846 - f1 0.8182 
INFO:root:TRAIN Total epoch time: 0.5474967860000106
INFO:root:################ VALID epoch 76 ###################
INFO:root:VALID mean losses tensor(0.7019)
INFO:root:VALID mean errors 0.17255891859531403
INFO:root:VALID mean MRR 0.0 - mean MAP 0.9603217244148254
INFO:root:VALID tp {0: tensor(0), 1: tensor(983)},fn {0: tensor(205), 1: tensor(0)},fp {0: tensor(0), 1: tensor(205)}
INFO:root:VALID measures microavg - precision 0.8274 - recall 0.8274 - f1 0.8274 
INFO:root:VALID measures for class 0 - precision 0.0000 - recall 0.0000 - f1 0.0000 
INFO:root:VALID measures for class 1 - precision 0.8274 - recall 1.0000 - f1 0.9056 
INFO:root:VALID measures@10 microavg - precision 0.9667 - recall 0.0488 - f1 0.0929 
INFO:root:VALID measures@10 for class 0 - precision 0.0000 - recall 0.0000 - f1 0.0000 
INFO:root:VALID measures@10 for class 1 - precision 0.9667 - recall 0.0590 - f1 0.1112 
INFO:root:VALID measures@100 microavg - precision 0.8678 - recall 0.4806 - f1 0.6186 
INFO:root:VALID measures@100 for class 0 - precision 0.4655 - recall 0.1317 - f1 0.2053 
INFO:root:VALID measures@100 for class 1 - precision 0.9067 - recall 0.5534 - f1 0.6873 
INFO:root:VALID measures@1000 microavg - precision 0.7096 - recall 0.7096 - f1 0.7096 
INFO:root:VALID measures@1000 for class 0 - precision 0.2500 - recall 0.3415 - f1 0.2887 
INFO:root:VALID measures@1000 for class 1 - precision 0.8513 - recall 0.7864 - f1 0.8176 
INFO:root:VALID Total epoch time: 0.06285871099998985
INFO:root:################ TEST epoch 76 ###################
INFO:root:TEST batch 1 / 7 - partial error 0.1919 - partial loss 0.8079 - partial MRR  0.0000 - partial MAP 0.9423
INFO:root:TEST batch 1 / 7 -  partial tp {0: tensor(0), 1: tensor(160)},fn {0: tensor(38), 1: tensor(0)},fp {0: tensor(0), 1: tensor(38)}
INFO:root:TEST batch 1 / 7 - measures partial microavg - precision 0.8081 - recall 0.8081 - f1 0.8081 
INFO:root:TEST batch 1 / 7 - measures partial for class 0 - precision 0.0000 - recall 0.0000 - f1 0.0000 
INFO:root:TEST batch 1 / 7 - measures partial for class 1 - precision 0.8081 - recall 1.0000 - f1 0.8939 
INFO:root:TEST batch 1 / 7 - Batch time 0 
INFO:root:TEST batch 2 / 7 - partial error 0.1843 - partial loss 0.7700 - partial MRR  0.0000 - partial MAP 0.9512
INFO:root:TEST batch 2 / 7 -  partial tp {0: tensor(0), 1: tensor(163)},fn {0: tensor(35), 1: tensor(0)},fp {0: tensor(0), 1: tensor(35)}
INFO:root:TEST batch 2 / 7 - measures partial microavg - precision 0.8232 - recall 0.8232 - f1 0.8232 
INFO:root:TEST batch 2 / 7 - measures partial for class 0 - precision 0.0000 - recall 0.0000 - f1 0.0000 
INFO:root:TEST batch 2 / 7 - measures partial for class 1 - precision 0.8232 - recall 1.0000 - f1 0.9030 
INFO:root:TEST batch 2 / 7 - Batch time 0 
INFO:root:TEST batch 3 / 7 - partial error 0.1801 - partial loss 0.7472 - partial MRR  0.0000 - partial MAP 0.9543
INFO:root:TEST batch 3 / 7 -  partial tp {0: tensor(0), 1: tensor(164)},fn {0: tensor(34), 1: tensor(0)},fp {0: tensor(0), 1: tensor(34)}
INFO:root:TEST batch 3 / 7 - measures partial microavg - precision 0.8283 - recall 0.8283 - f1 0.8283 
INFO:root:TEST batch 3 / 7 - measures partial for class 0 - precision 0.0000 - recall 0.0000 - f1 0.0000 
INFO:root:TEST batch 3 / 7 - measures partial for class 1 - precision 0.8283 - recall 1.0000 - f1 0.9061 
INFO:root:TEST batch 3 / 7 - Batch time 0 
INFO:root:TEST batch 4 / 7 - partial error 0.1768 - partial loss 0.7517 - partial MRR  0.0000 - partial MAP 0.9511
INFO:root:TEST batch 4 / 7 -  partial tp {0: tensor(0), 1: tensor(165)},fn {0: tensor(33), 1: tensor(0)},fp {0: tensor(0), 1: tensor(33)}
INFO:root:TEST batch 4 / 7 - measures partial microavg - precision 0.8333 - recall 0.8333 - f1 0.8333 
INFO:root:TEST batch 4 / 7 - measures partial for class 0 - precision 0.0000 - recall 0.0000 - f1 0.0000 
INFO:root:TEST batch 4 / 7 - measures partial for class 1 - precision 0.8333 - recall 1.0000 - f1 0.9091 
INFO:root:TEST batch 4 / 7 - Batch time 0 
INFO:root:TEST batch 5 / 7 - partial error 0.1778 - partial loss 0.7454 - partial MRR  0.0000 - partial MAP 0.9523
INFO:root:TEST batch 5 / 7 -  partial tp {0: tensor(0), 1: tensor(162)},fn {0: tensor(36), 1: tensor(0)},fp {0: tensor(0), 1: tensor(36)}
INFO:root:TEST batch 5 / 7 - measures partial microavg - precision 0.8182 - recall 0.8182 - f1 0.8182 
INFO:root:TEST batch 5 / 7 - measures partial for class 0 - precision 0.0000 - recall 0.0000 - f1 0.0000 
INFO:root:TEST batch 5 / 7 - measures partial for class 1 - precision 0.8182 - recall 1.0000 - f1 0.9000 
INFO:root:TEST batch 5 / 7 - Batch time 0 
INFO:root:TEST batch 6 / 7 - partial error 0.1810 - partial loss 0.7587 - partial MRR  0.0000 - partial MAP 0.9508
INFO:root:TEST batch 6 / 7 -  partial tp {0: tensor(0), 1: tensor(159)},fn {0: tensor(39), 1: tensor(0)},fp {0: tensor(0), 1: tensor(39)}
INFO:root:TEST batch 6 / 7 - measures partial microavg - precision 0.8030 - recall 0.8030 - f1 0.8030 
INFO:root:TEST batch 6 / 7 - measures partial for class 0 - precision 0.0000 - recall 0.0000 - f1 0.0000 
INFO:root:TEST batch 6 / 7 - measures partial for class 1 - precision 0.8030 - recall 1.0000 - f1 0.8908 
INFO:root:TEST batch 6 / 7 - Batch time 0 
INFO:root:TEST batch 7 / 7 - partial error 0.1811 - partial loss 0.7625 - partial MRR  0.0000 - partial MAP 0.9503
INFO:root:TEST batch 7 / 7 -  partial tp {0: tensor(0), 1: tensor(162)},fn {0: tensor(36), 1: tensor(0)},fp {0: tensor(0), 1: tensor(36)}
INFO:root:TEST batch 7 / 7 - measures partial microavg - precision 0.8182 - recall 0.8182 - f1 0.8182 
INFO:root:TEST batch 7 / 7 - measures partial for class 0 - precision 0.0000 - recall 0.0000 - f1 0.0000 
INFO:root:TEST batch 7 / 7 - measures partial for class 1 - precision 0.8182 - recall 1.0000 - f1 0.9000 
INFO:root:TEST batch 7 / 7 - Batch time 0 
INFO:root:TEST mean losses tensor(0.7625)
INFO:root:TEST mean errors 0.18109668791294098
INFO:root:TEST mean MRR 0.0 - mean MAP 0.9503193497657776
INFO:root:TEST tp {0: tensor(0), 1: tensor(1135)},fn {0: tensor(251), 1: tensor(0)},fp {0: tensor(0), 1: tensor(251)}
INFO:root:TEST measures microavg - precision 0.8189 - recall 0.8189 - f1 0.8189 
INFO:root:TEST measures for class 0 - precision 0.0000 - recall 0.0000 - f1 0.0000 
INFO:root:TEST measures for class 1 - precision 0.8189 - recall 1.0000 - f1 0.9004 
INFO:root:TEST measures@10 microavg - precision 0.9859 - recall 0.0505 - f1 0.0961 
INFO:root:TEST measures@10 for class 0 - precision 1.0000 - recall 0.0040 - f1 0.0079 
INFO:root:TEST measures@10 for class 1 - precision 0.9857 - recall 0.0608 - f1 0.1145 
INFO:root:TEST measures@100 microavg - precision 0.8806 - recall 0.4791 - f1 0.6206 
INFO:root:TEST measures@100 for class 0 - precision 0.5741 - recall 0.1235 - f1 0.2033 
INFO:root:TEST measures@100 for class 1 - precision 0.9043 - recall 0.5577 - f1 0.6899 
INFO:root:TEST measures@1000 microavg - precision 0.7590 - recall 0.7590 - f1 0.7590 
INFO:root:TEST measures@1000 for class 0 - precision 0.2956 - recall 0.2390 - f1 0.2643 
INFO:root:TEST measures@1000 for class 1 - precision 0.8385 - recall 0.8740 - f1 0.8559 
INFO:root:TEST Total epoch time: 0.08838503400011177
INFO:root:################ TRAIN epoch 77 ###################
INFO:root:TRAIN mean losses tensor(0.7054)
INFO:root:TRAIN mean errors 0.17474748194217682
INFO:root:TRAIN mean MRR 0.0 - mean MAP 0.9624747037887573
INFO:root:TRAIN tp {0: tensor(0), 1: tensor(4902)},fn {0: tensor(1038), 1: tensor(0)},fp {0: tensor(0), 1: tensor(1038)}
INFO:root:TRAIN measures microavg - precision 0.8253 - recall 0.8253 - f1 0.8253 
INFO:root:TRAIN measures for class 0 - precision 0.0000 - recall 0.0000 - f1 0.0000 
INFO:root:TRAIN measures for class 1 - precision 0.8253 - recall 1.0000 - f1 0.9043 
INFO:root:TRAIN measures@10 microavg - precision 0.9835 - recall 0.0502 - f1 0.0955 
INFO:root:TRAIN measures@10 for class 0 - precision 0.6667 - recall 0.0019 - f1 0.0038 
INFO:root:TRAIN measures@10 for class 1 - precision 0.9867 - recall 0.0604 - f1 0.1138 
INFO:root:TRAIN measures@100 microavg - precision 0.8546 - recall 0.4928 - f1 0.6251 
INFO:root:TRAIN measures@100 for class 0 - precision 0.4730 - recall 0.2023 - f1 0.2834 
INFO:root:TRAIN measures@100 for class 1 - precision 0.9114 - recall 0.5543 - f1 0.6893 
INFO:root:TRAIN measures@1000 microavg - precision 0.6726 - recall 0.6726 - f1 0.6726 
INFO:root:TRAIN measures@1000 for class 0 - precision 0.2566 - recall 0.4605 - f1 0.3295 
INFO:root:TRAIN measures@1000 for class 1 - precision 0.8626 - recall 0.7175 - f1 0.7834 
INFO:root:TRAIN Total epoch time: 0.6489097740000034
INFO:root:################ VALID epoch 77 ###################
INFO:root:VALID mean losses tensor(0.6966)
INFO:root:VALID mean errors 0.17255891859531403
INFO:root:VALID mean MRR 0.0 - mean MAP 0.9603672027587891
INFO:root:VALID tp {0: tensor(0), 1: tensor(983)},fn {0: tensor(205), 1: tensor(0)},fp {0: tensor(0), 1: tensor(205)}
INFO:root:VALID measures microavg - precision 0.8274 - recall 0.8274 - f1 0.8274 
INFO:root:VALID measures for class 0 - precision 0.0000 - recall 0.0000 - f1 0.0000 
INFO:root:VALID measures for class 1 - precision 0.8274 - recall 1.0000 - f1 0.9056 
INFO:root:VALID measures@10 microavg - precision 0.9833 - recall 0.0497 - f1 0.0946 
INFO:root:VALID measures@10 for class 0 - precision 0.0000 - recall 0.0000 - f1 0.0000 
INFO:root:VALID measures@10 for class 1 - precision 0.9833 - recall 0.0600 - f1 0.1131 
INFO:root:VALID measures@100 microavg - precision 0.8559 - recall 0.4949 - f1 0.6272 
INFO:root:VALID measures@100 for class 0 - precision 0.5057 - recall 0.2146 - f1 0.3014 
INFO:root:VALID measures@100 for class 1 - precision 0.9067 - recall 0.5534 - f1 0.6873 
INFO:root:VALID measures@1000 microavg - precision 0.6608 - recall 0.6608 - f1 0.6608 
INFO:root:VALID measures@1000 for class 0 - precision 0.2310 - recall 0.4146 - f1 0.2967 
INFO:root:VALID measures@1000 for class 1 - precision 0.8537 - recall 0.7121 - f1 0.7765 
INFO:root:VALID Total epoch time: 0.0846210070003508
INFO:root:################ TEST epoch 77 ###################
INFO:root:TEST batch 1 / 7 - partial error 0.1919 - partial loss 0.8170 - partial MRR  0.0000 - partial MAP 0.9371
INFO:root:TEST batch 1 / 7 -  partial tp {0: tensor(0), 1: tensor(160)},fn {0: tensor(38), 1: tensor(0)},fp {0: tensor(0), 1: tensor(38)}
INFO:root:TEST batch 1 / 7 - measures partial microavg - precision 0.8081 - recall 0.8081 - f1 0.8081 
INFO:root:TEST batch 1 / 7 - measures partial for class 0 - precision 0.0000 - recall 0.0000 - f1 0.0000 
INFO:root:TEST batch 1 / 7 - measures partial for class 1 - precision 0.8081 - recall 1.0000 - f1 0.8939 
INFO:root:TEST batch 1 / 7 - Batch time 0 
INFO:root:TEST batch 2 / 7 - partial error 0.1843 - partial loss 0.7655 - partial MRR  0.0000 - partial MAP 0.9481
INFO:root:TEST batch 2 / 7 -  partial tp {0: tensor(0), 1: tensor(163)},fn {0: tensor(35), 1: tensor(0)},fp {0: tensor(0), 1: tensor(35)}
INFO:root:TEST batch 2 / 7 - measures partial microavg - precision 0.8232 - recall 0.8232 - f1 0.8232 
INFO:root:TEST batch 2 / 7 - measures partial for class 0 - precision 0.0000 - recall 0.0000 - f1 0.0000 
INFO:root:TEST batch 2 / 7 - measures partial for class 1 - precision 0.8232 - recall 1.0000 - f1 0.9030 
INFO:root:TEST batch 2 / 7 - Batch time 0 
INFO:root:TEST batch 3 / 7 - partial error 0.1801 - partial loss 0.7410 - partial MRR  0.0000 - partial MAP 0.9530
INFO:root:TEST batch 3 / 7 -  partial tp {0: tensor(0), 1: tensor(164)},fn {0: tensor(34), 1: tensor(0)},fp {0: tensor(0), 1: tensor(34)}
INFO:root:TEST batch 3 / 7 - measures partial microavg - precision 0.8283 - recall 0.8283 - f1 0.8283 
INFO:root:TEST batch 3 / 7 - measures partial for class 0 - precision 0.0000 - recall 0.0000 - f1 0.0000 
INFO:root:TEST batch 3 / 7 - measures partial for class 1 - precision 0.8283 - recall 1.0000 - f1 0.9061 
INFO:root:TEST batch 3 / 7 - Batch time 0 
INFO:root:TEST batch 4 / 7 - partial error 0.1768 - partial loss 0.7472 - partial MRR  0.0000 - partial MAP 0.9490
INFO:root:TEST batch 4 / 7 -  partial tp {0: tensor(0), 1: tensor(165)},fn {0: tensor(33), 1: tensor(0)},fp {0: tensor(0), 1: tensor(33)}
INFO:root:TEST batch 4 / 7 - measures partial microavg - precision 0.8333 - recall 0.8333 - f1 0.8333 
INFO:root:TEST batch 4 / 7 - measures partial for class 0 - precision 0.0000 - recall 0.0000 - f1 0.0000 
INFO:root:TEST batch 4 / 7 - measures partial for class 1 - precision 0.8333 - recall 1.0000 - f1 0.9091 
INFO:root:TEST batch 4 / 7 - Batch time 0 
INFO:root:TEST batch 5 / 7 - partial error 0.1778 - partial loss 0.7402 - partial MRR  0.0000 - partial MAP 0.9508
INFO:root:TEST batch 5 / 7 -  partial tp {0: tensor(0), 1: tensor(162)},fn {0: tensor(36), 1: tensor(0)},fp {0: tensor(0), 1: tensor(36)}
INFO:root:TEST batch 5 / 7 - measures partial microavg - precision 0.8182 - recall 0.8182 - f1 0.8182 
INFO:root:TEST batch 5 / 7 - measures partial for class 0 - precision 0.0000 - recall 0.0000 - f1 0.0000 
INFO:root:TEST batch 5 / 7 - measures partial for class 1 - precision 0.8182 - recall 1.0000 - f1 0.9000 
INFO:root:TEST batch 5 / 7 - Batch time 0 
INFO:root:TEST batch 6 / 7 - partial error 0.1810 - partial loss 0.7581 - partial MRR  0.0000 - partial MAP 0.9483
INFO:root:TEST batch 6 / 7 -  partial tp {0: tensor(0), 1: tensor(159)},fn {0: tensor(39), 1: tensor(0)},fp {0: tensor(0), 1: tensor(39)}
INFO:root:TEST batch 6 / 7 - measures partial microavg - precision 0.8030 - recall 0.8030 - f1 0.8030 
INFO:root:TEST batch 6 / 7 - measures partial for class 0 - precision 0.0000 - recall 0.0000 - f1 0.0000 
INFO:root:TEST batch 6 / 7 - measures partial for class 1 - precision 0.8030 - recall 1.0000 - f1 0.8908 
INFO:root:TEST batch 6 / 7 - Batch time 0 
INFO:root:TEST batch 7 / 7 - partial error 0.1811 - partial loss 0.7563 - partial MRR  0.0000 - partial MAP 0.9501
INFO:root:TEST batch 7 / 7 -  partial tp {0: tensor(0), 1: tensor(162)},fn {0: tensor(36), 1: tensor(0)},fp {0: tensor(0), 1: tensor(36)}
INFO:root:TEST batch 7 / 7 - measures partial microavg - precision 0.8182 - recall 0.8182 - f1 0.8182 
INFO:root:TEST batch 7 / 7 - measures partial for class 0 - precision 0.0000 - recall 0.0000 - f1 0.0000 
INFO:root:TEST batch 7 / 7 - measures partial for class 1 - precision 0.8182 - recall 1.0000 - f1 0.9000 
INFO:root:TEST batch 7 / 7 - Batch time 0 
INFO:root:TEST mean losses tensor(0.7563)
INFO:root:TEST mean errors 0.18109668791294098
INFO:root:TEST mean MRR 0.0 - mean MAP 0.9500583410263062
INFO:root:TEST tp {0: tensor(0), 1: tensor(1135)},fn {0: tensor(251), 1: tensor(0)},fp {0: tensor(0), 1: tensor(251)}
INFO:root:TEST measures microavg - precision 0.8189 - recall 0.8189 - f1 0.8189 
INFO:root:TEST measures for class 0 - precision 0.0000 - recall 0.0000 - f1 0.0000 
INFO:root:TEST measures for class 1 - precision 0.8189 - recall 1.0000 - f1 0.9004 
INFO:root:TEST measures@10 microavg - precision 0.9857 - recall 0.0498 - f1 0.0948 
INFO:root:TEST measures@10 for class 0 - precision 0.0000 - recall 0.0000 - f1 0.0000 
INFO:root:TEST measures@10 for class 1 - precision 0.9857 - recall 0.0608 - f1 0.1145 
INFO:root:TEST measures@100 microavg - precision 0.8651 - recall 0.4719 - f1 0.6106 
INFO:root:TEST measures@100 for class 0 - precision 0.5000 - recall 0.1155 - f1 0.1877 
INFO:root:TEST measures@100 for class 1 - precision 0.8954 - recall 0.5507 - f1 0.6819 
INFO:root:TEST measures@1000 microavg - precision 0.7367 - recall 0.7367 - f1 0.7367 
INFO:root:TEST measures@1000 for class 0 - precision 0.2664 - recall 0.2590 - f1 0.2626 
INFO:root:TEST measures@1000 for class 1 - precision 0.8371 - recall 0.8423 - f1 0.8397 
INFO:root:TEST Total epoch time: 0.08515226500003337
INFO:root:################ TRAIN epoch 78 ###################
INFO:root:TRAIN mean losses tensor(0.7048)
INFO:root:TRAIN mean errors 0.17474748194217682
INFO:root:TRAIN mean MRR 0.0 - mean MAP 0.9612115025520325
INFO:root:TRAIN tp {0: tensor(0), 1: tensor(4902)},fn {0: tensor(1038), 1: tensor(0)},fp {0: tensor(0), 1: tensor(1038)}
INFO:root:TRAIN measures microavg - precision 0.8253 - recall 0.8253 - f1 0.8253 
INFO:root:TRAIN measures for class 0 - precision 0.0000 - recall 0.0000 - f1 0.0000 
INFO:root:TRAIN measures for class 1 - precision 0.8253 - recall 1.0000 - f1 0.9043 
INFO:root:TRAIN measures@10 microavg - precision 0.9800 - recall 0.0495 - f1 0.0942 
INFO:root:TRAIN measures@10 for class 0 - precision 0.0000 - recall 0.0000 - f1 0.0000 
INFO:root:TRAIN measures@10 for class 1 - precision 0.9800 - recall 0.0600 - f1 0.1130 
INFO:root:TRAIN measures@100 microavg - precision 0.8663 - recall 0.4953 - f1 0.6302 
INFO:root:TRAIN measures@100 for class 0 - precision 0.5199 - recall 0.2013 - f1 0.2903 
INFO:root:TRAIN measures@100 for class 1 - precision 0.9128 - recall 0.5575 - f1 0.6922 
INFO:root:TRAIN measures@1000 microavg - precision 0.7002 - recall 0.7002 - f1 0.7002 
INFO:root:TRAIN measures@1000 for class 0 - precision 0.2739 - recall 0.4335 - f1 0.3357 
INFO:root:TRAIN measures@1000 for class 1 - precision 0.8632 - recall 0.7566 - f1 0.8064 
INFO:root:TRAIN Total epoch time: 0.5642575169999873
INFO:root:################ VALID epoch 78 ###################
INFO:root:VALID mean losses tensor(0.6967)
INFO:root:VALID mean errors 0.17255891859531403
INFO:root:VALID mean MRR 0.0 - mean MAP 0.9593884944915771
INFO:root:VALID tp {0: tensor(0), 1: tensor(983)},fn {0: tensor(205), 1: tensor(0)},fp {0: tensor(0), 1: tensor(205)}
INFO:root:VALID measures microavg - precision 0.8274 - recall 0.8274 - f1 0.8274 
INFO:root:VALID measures for class 0 - precision 0.0000 - recall 0.0000 - f1 0.0000 
INFO:root:VALID measures for class 1 - precision 0.8274 - recall 1.0000 - f1 0.9056 
INFO:root:VALID measures@10 microavg - precision 0.9524 - recall 0.0505 - f1 0.0959 
INFO:root:VALID measures@10 for class 0 - precision 0.6667 - recall 0.0098 - f1 0.0192 
INFO:root:VALID measures@10 for class 1 - precision 0.9667 - recall 0.0590 - f1 0.1112 
INFO:root:VALID measures@100 microavg - precision 0.8660 - recall 0.4949 - f1 0.6299 
INFO:root:VALID measures@100 for class 0 - precision 0.5063 - recall 0.1951 - f1 0.2817 
INFO:root:VALID measures@100 for class 1 - precision 0.9133 - recall 0.5575 - f1 0.6924 
INFO:root:VALID measures@1000 microavg - precision 0.6810 - recall 0.6810 - f1 0.6810 
INFO:root:VALID measures@1000 for class 0 - precision 0.2583 - recall 0.4537 - f1 0.3292 
INFO:root:VALID measures@1000 for class 1 - precision 0.8647 - recall 0.7284 - f1 0.7907 
INFO:root:VALID Total epoch time: 0.06958686999996644
INFO:root:################ TEST epoch 78 ###################
INFO:root:TEST batch 1 / 7 - partial error 0.1919 - partial loss 0.7958 - partial MRR  0.0000 - partial MAP 0.9483
INFO:root:TEST batch 1 / 7 -  partial tp {0: tensor(0), 1: tensor(160)},fn {0: tensor(38), 1: tensor(0)},fp {0: tensor(0), 1: tensor(38)}
INFO:root:TEST batch 1 / 7 - measures partial microavg - precision 0.8081 - recall 0.8081 - f1 0.8081 
INFO:root:TEST batch 1 / 7 - measures partial for class 0 - precision 0.0000 - recall 0.0000 - f1 0.0000 
INFO:root:TEST batch 1 / 7 - measures partial for class 1 - precision 0.8081 - recall 1.0000 - f1 0.8939 
INFO:root:TEST batch 1 / 7 - Batch time 0 
INFO:root:TEST batch 2 / 7 - partial error 0.1843 - partial loss 0.7475 - partial MRR  0.0000 - partial MAP 0.9553
INFO:root:TEST batch 2 / 7 -  partial tp {0: tensor(0), 1: tensor(163)},fn {0: tensor(35), 1: tensor(0)},fp {0: tensor(0), 1: tensor(35)}
INFO:root:TEST batch 2 / 7 - measures partial microavg - precision 0.8232 - recall 0.8232 - f1 0.8232 
INFO:root:TEST batch 2 / 7 - measures partial for class 0 - precision 0.0000 - recall 0.0000 - f1 0.0000 
INFO:root:TEST batch 2 / 7 - measures partial for class 1 - precision 0.8232 - recall 1.0000 - f1 0.9030 
INFO:root:TEST batch 2 / 7 - Batch time 0 
INFO:root:TEST batch 3 / 7 - partial error 0.1801 - partial loss 0.7394 - partial MRR  0.0000 - partial MAP 0.9522
INFO:root:TEST batch 3 / 7 -  partial tp {0: tensor(0), 1: tensor(164)},fn {0: tensor(34), 1: tensor(0)},fp {0: tensor(0), 1: tensor(34)}
INFO:root:TEST batch 3 / 7 - measures partial microavg - precision 0.8283 - recall 0.8283 - f1 0.8283 
INFO:root:TEST batch 3 / 7 - measures partial for class 0 - precision 0.0000 - recall 0.0000 - f1 0.0000 
INFO:root:TEST batch 3 / 7 - measures partial for class 1 - precision 0.8283 - recall 1.0000 - f1 0.9061 
INFO:root:TEST batch 3 / 7 - Batch time 0 
INFO:root:TEST batch 4 / 7 - partial error 0.1768 - partial loss 0.7552 - partial MRR  0.0000 - partial MAP 0.9475
INFO:root:TEST batch 4 / 7 -  partial tp {0: tensor(0), 1: tensor(165)},fn {0: tensor(33), 1: tensor(0)},fp {0: tensor(0), 1: tensor(33)}
INFO:root:TEST batch 4 / 7 - measures partial microavg - precision 0.8333 - recall 0.8333 - f1 0.8333 
INFO:root:TEST batch 4 / 7 - measures partial for class 0 - precision 0.0000 - recall 0.0000 - f1 0.0000 
INFO:root:TEST batch 4 / 7 - measures partial for class 1 - precision 0.8333 - recall 1.0000 - f1 0.9091 
INFO:root:TEST batch 4 / 7 - Batch time 0 
INFO:root:TEST batch 5 / 7 - partial error 0.1778 - partial loss 0.7432 - partial MRR  0.0000 - partial MAP 0.9501
INFO:root:TEST batch 5 / 7 -  partial tp {0: tensor(0), 1: tensor(162)},fn {0: tensor(36), 1: tensor(0)},fp {0: tensor(0), 1: tensor(36)}
INFO:root:TEST batch 5 / 7 - measures partial microavg - precision 0.8182 - recall 0.8182 - f1 0.8182 
INFO:root:TEST batch 5 / 7 - measures partial for class 0 - precision 0.0000 - recall 0.0000 - f1 0.0000 
INFO:root:TEST batch 5 / 7 - measures partial for class 1 - precision 0.8182 - recall 1.0000 - f1 0.9000 
INFO:root:TEST batch 5 / 7 - Batch time 0 
INFO:root:TEST batch 6 / 7 - partial error 0.1810 - partial loss 0.7582 - partial MRR  0.0000 - partial MAP 0.9466
INFO:root:TEST batch 6 / 7 -  partial tp {0: tensor(0), 1: tensor(159)},fn {0: tensor(39), 1: tensor(0)},fp {0: tensor(0), 1: tensor(39)}
INFO:root:TEST batch 6 / 7 - measures partial microavg - precision 0.8030 - recall 0.8030 - f1 0.8030 
INFO:root:TEST batch 6 / 7 - measures partial for class 0 - precision 0.0000 - recall 0.0000 - f1 0.0000 
INFO:root:TEST batch 6 / 7 - measures partial for class 1 - precision 0.8030 - recall 1.0000 - f1 0.8908 
INFO:root:TEST batch 6 / 7 - Batch time 0 
INFO:root:TEST batch 7 / 7 - partial error 0.1811 - partial loss 0.7620 - partial MRR  0.0000 - partial MAP 0.9471
INFO:root:TEST batch 7 / 7 -  partial tp {0: tensor(0), 1: tensor(162)},fn {0: tensor(36), 1: tensor(0)},fp {0: tensor(0), 1: tensor(36)}
INFO:root:TEST batch 7 / 7 - measures partial microavg - precision 0.8182 - recall 0.8182 - f1 0.8182 
INFO:root:TEST batch 7 / 7 - measures partial for class 0 - precision 0.0000 - recall 0.0000 - f1 0.0000 
INFO:root:TEST batch 7 / 7 - measures partial for class 1 - precision 0.8182 - recall 1.0000 - f1 0.9000 
INFO:root:TEST batch 7 / 7 - Batch time 0 
INFO:root:TEST mean losses tensor(0.7620)
INFO:root:TEST mean errors 0.18109668791294098
INFO:root:TEST mean MRR 0.0 - mean MAP 0.9471002221107483
INFO:root:TEST tp {0: tensor(0), 1: tensor(1135)},fn {0: tensor(251), 1: tensor(0)},fp {0: tensor(0), 1: tensor(251)}
INFO:root:TEST measures microavg - precision 0.8189 - recall 0.8189 - f1 0.8189 
INFO:root:TEST measures for class 0 - precision 0.0000 - recall 0.0000 - f1 0.0000 
INFO:root:TEST measures for class 1 - precision 0.8189 - recall 1.0000 - f1 0.9004 
INFO:root:TEST measures@10 microavg - precision 0.9718 - recall 0.0498 - f1 0.0947 
INFO:root:TEST measures@10 for class 0 - precision 1.0000 - recall 0.0040 - f1 0.0079 
INFO:root:TEST measures@10 for class 1 - precision 0.9714 - recall 0.0599 - f1 0.1129 
INFO:root:TEST measures@100 microavg - precision 0.8260 - recall 0.4863 - f1 0.6122 
INFO:root:TEST measures@100 for class 0 - precision 0.5259 - recall 0.2430 - f1 0.3324 
INFO:root:TEST measures@100 for class 1 - precision 0.8757 - recall 0.5401 - f1 0.6681 
INFO:root:TEST measures@1000 microavg - precision 0.6392 - recall 0.6392 - f1 0.6392 
INFO:root:TEST measures@1000 for class 0 - precision 0.2288 - recall 0.4183 - f1 0.2958 
INFO:root:TEST measures@1000 for class 1 - precision 0.8425 - recall 0.6881 - f1 0.7575 
INFO:root:TEST Total epoch time: 0.09018820499977664
INFO:root:################ TRAIN epoch 79 ###################
INFO:root:TRAIN mean losses tensor(0.7130)
INFO:root:TRAIN mean errors 0.17491582036018372
INFO:root:TRAIN mean MRR 0.0 - mean MAP 0.9612910747528076
INFO:root:TRAIN tp {0: tensor(0), 1: tensor(4901)},fn {0: tensor(1038), 1: tensor(1)},fp {0: tensor(1), 1: tensor(1038)}
INFO:root:TRAIN measures microavg - precision 0.8251 - recall 0.8251 - f1 0.8251 
INFO:root:TRAIN measures for class 0 - precision 0.0000 - recall 0.0000 - f1 0.0000 
INFO:root:TRAIN measures for class 1 - precision 0.8252 - recall 0.9998 - f1 0.9042 
INFO:root:TRAIN measures@10 microavg - precision 0.9767 - recall 0.0495 - f1 0.0942 
INFO:root:TRAIN measures@10 for class 0 - precision 0.0000 - recall 0.0000 - f1 0.0000 
INFO:root:TRAIN measures@10 for class 1 - precision 0.9800 - recall 0.0600 - f1 0.1130 
INFO:root:TRAIN measures@100 microavg - precision 0.8670 - recall 0.4951 - f1 0.6303 
INFO:root:TRAIN measures@100 for class 0 - precision 0.4951 - recall 0.1946 - f1 0.2794 
INFO:root:TRAIN measures@100 for class 1 - precision 0.9179 - recall 0.5588 - f1 0.6946 
INFO:root:TRAIN measures@1000 microavg - precision 0.7030 - recall 0.7030 - f1 0.7030 
INFO:root:TRAIN measures@1000 for class 0 - precision 0.2652 - recall 0.3950 - f1 0.3173 
INFO:root:TRAIN measures@1000 for class 1 - precision 0.8571 - recall 0.7683 - f1 0.8102 
INFO:root:TRAIN Total epoch time: 0.5492959560001509
INFO:root:################ VALID epoch 79 ###################
INFO:root:VALID mean losses tensor(0.7170)
INFO:root:VALID mean errors 0.17255891859531403
INFO:root:VALID mean MRR 0.0 - mean MAP 0.9596495032310486
INFO:root:VALID tp {0: tensor(0), 1: tensor(983)},fn {0: tensor(205), 1: tensor(0)},fp {0: tensor(0), 1: tensor(205)}
INFO:root:VALID measures microavg - precision 0.8274 - recall 0.8274 - f1 0.8274 
INFO:root:VALID measures for class 0 - precision 0.0000 - recall 0.0000 - f1 0.0000 
INFO:root:VALID measures for class 1 - precision 0.8274 - recall 1.0000 - f1 0.9056 
INFO:root:VALID measures@10 microavg - precision 0.9667 - recall 0.0488 - f1 0.0929 
INFO:root:VALID measures@10 for class 0 - precision 0.0000 - recall 0.0000 - f1 0.0000 
INFO:root:VALID measures@10 for class 1 - precision 0.9667 - recall 0.0590 - f1 0.1112 
INFO:root:VALID measures@100 microavg - precision 0.9094 - recall 0.4815 - f1 0.6296 
INFO:root:VALID measures@100 for class 0 - precision 0.5172 - recall 0.0732 - f1 0.1282 
INFO:root:VALID measures@100 for class 1 - precision 0.9283 - recall 0.5666 - f1 0.7037 
INFO:root:VALID measures@1000 microavg - precision 0.7828 - recall 0.7828 - f1 0.7828 
INFO:root:VALID measures@1000 for class 0 - precision 0.2735 - recall 0.1561 - f1 0.1988 
INFO:root:VALID measures@1000 for class 1 - precision 0.8385 - recall 0.9135 - f1 0.8744 
INFO:root:VALID Total epoch time: 0.06338350099986201
INFO:root:################ TEST epoch 79 ###################
INFO:root:TEST batch 1 / 7 - partial error 0.1919 - partial loss 0.8190 - partial MRR  0.0000 - partial MAP 0.9412
INFO:root:TEST batch 1 / 7 -  partial tp {0: tensor(0), 1: tensor(160)},fn {0: tensor(38), 1: tensor(0)},fp {0: tensor(0), 1: tensor(38)}
INFO:root:TEST batch 1 / 7 - measures partial microavg - precision 0.8081 - recall 0.8081 - f1 0.8081 
INFO:root:TEST batch 1 / 7 - measures partial for class 0 - precision 0.0000 - recall 0.0000 - f1 0.0000 
INFO:root:TEST batch 1 / 7 - measures partial for class 1 - precision 0.8081 - recall 1.0000 - f1 0.8939 
INFO:root:TEST batch 1 / 7 - Batch time 0 
INFO:root:TEST batch 2 / 7 - partial error 0.1843 - partial loss 0.7805 - partial MRR  0.0000 - partial MAP 0.9484
INFO:root:TEST batch 2 / 7 -  partial tp {0: tensor(0), 1: tensor(163)},fn {0: tensor(35), 1: tensor(0)},fp {0: tensor(0), 1: tensor(35)}
INFO:root:TEST batch 2 / 7 - measures partial microavg - precision 0.8232 - recall 0.8232 - f1 0.8232 
INFO:root:TEST batch 2 / 7 - measures partial for class 0 - precision 0.0000 - recall 0.0000 - f1 0.0000 
INFO:root:TEST batch 2 / 7 - measures partial for class 1 - precision 0.8232 - recall 1.0000 - f1 0.9030 
INFO:root:TEST batch 2 / 7 - Batch time 0 
INFO:root:TEST batch 3 / 7 - partial error 0.1801 - partial loss 0.7626 - partial MRR  0.0000 - partial MAP 0.9522
INFO:root:TEST batch 3 / 7 -  partial tp {0: tensor(0), 1: tensor(164)},fn {0: tensor(34), 1: tensor(0)},fp {0: tensor(0), 1: tensor(34)}
INFO:root:TEST batch 3 / 7 - measures partial microavg - precision 0.8283 - recall 0.8283 - f1 0.8283 
INFO:root:TEST batch 3 / 7 - measures partial for class 0 - precision 0.0000 - recall 0.0000 - f1 0.0000 
INFO:root:TEST batch 3 / 7 - measures partial for class 1 - precision 0.8283 - recall 1.0000 - f1 0.9061 
INFO:root:TEST batch 3 / 7 - Batch time 0 
INFO:root:TEST batch 4 / 7 - partial error 0.1768 - partial loss 0.7764 - partial MRR  0.0000 - partial MAP 0.9464
INFO:root:TEST batch 4 / 7 -  partial tp {0: tensor(0), 1: tensor(165)},fn {0: tensor(33), 1: tensor(0)},fp {0: tensor(0), 1: tensor(33)}
INFO:root:TEST batch 4 / 7 - measures partial microavg - precision 0.8333 - recall 0.8333 - f1 0.8333 
INFO:root:TEST batch 4 / 7 - measures partial for class 0 - precision 0.0000 - recall 0.0000 - f1 0.0000 
INFO:root:TEST batch 4 / 7 - measures partial for class 1 - precision 0.8333 - recall 1.0000 - f1 0.9091 
INFO:root:TEST batch 4 / 7 - Batch time 0 
INFO:root:TEST batch 5 / 7 - partial error 0.1778 - partial loss 0.7664 - partial MRR  0.0000 - partial MAP 0.9491
INFO:root:TEST batch 5 / 7 -  partial tp {0: tensor(0), 1: tensor(162)},fn {0: tensor(36), 1: tensor(0)},fp {0: tensor(0), 1: tensor(36)}
INFO:root:TEST batch 5 / 7 - measures partial microavg - precision 0.8182 - recall 0.8182 - f1 0.8182 
INFO:root:TEST batch 5 / 7 - measures partial for class 0 - precision 0.0000 - recall 0.0000 - f1 0.0000 
INFO:root:TEST batch 5 / 7 - measures partial for class 1 - precision 0.8182 - recall 1.0000 - f1 0.9000 
INFO:root:TEST batch 5 / 7 - Batch time 0 
INFO:root:TEST batch 6 / 7 - partial error 0.1810 - partial loss 0.7800 - partial MRR  0.0000 - partial MAP 0.9483
INFO:root:TEST batch 6 / 7 -  partial tp {0: tensor(0), 1: tensor(159)},fn {0: tensor(39), 1: tensor(0)},fp {0: tensor(0), 1: tensor(39)}
INFO:root:TEST batch 6 / 7 - measures partial microavg - precision 0.8030 - recall 0.8030 - f1 0.8030 
INFO:root:TEST batch 6 / 7 - measures partial for class 0 - precision 0.0000 - recall 0.0000 - f1 0.0000 
INFO:root:TEST batch 6 / 7 - measures partial for class 1 - precision 0.8030 - recall 1.0000 - f1 0.8908 
INFO:root:TEST batch 6 / 7 - Batch time 0 
INFO:root:TEST batch 7 / 7 - partial error 0.1811 - partial loss 0.7793 - partial MRR  0.0000 - partial MAP 0.9492
INFO:root:TEST batch 7 / 7 -  partial tp {0: tensor(0), 1: tensor(162)},fn {0: tensor(36), 1: tensor(0)},fp {0: tensor(0), 1: tensor(36)}
INFO:root:TEST batch 7 / 7 - measures partial microavg - precision 0.8182 - recall 0.8182 - f1 0.8182 
INFO:root:TEST batch 7 / 7 - measures partial for class 0 - precision 0.0000 - recall 0.0000 - f1 0.0000 
INFO:root:TEST batch 7 / 7 - measures partial for class 1 - precision 0.8182 - recall 1.0000 - f1 0.9000 
INFO:root:TEST batch 7 / 7 - Batch time 0 
INFO:root:TEST mean losses tensor(0.7793)
INFO:root:TEST mean errors 0.18109668791294098
INFO:root:TEST mean MRR 0.0 - mean MAP 0.9492166638374329
INFO:root:TEST tp {0: tensor(0), 1: tensor(1135)},fn {0: tensor(251), 1: tensor(0)},fp {0: tensor(0), 1: tensor(251)}
INFO:root:TEST measures microavg - precision 0.8189 - recall 0.8189 - f1 0.8189 
INFO:root:TEST measures for class 0 - precision 0.0000 - recall 0.0000 - f1 0.0000 
INFO:root:TEST measures for class 1 - precision 0.8189 - recall 1.0000 - f1 0.9004 
INFO:root:TEST measures@10 microavg - precision 0.9714 - recall 0.0491 - f1 0.0934 
INFO:root:TEST measures@10 for class 0 - precision 0.0000 - recall 0.0000 - f1 0.0000 
INFO:root:TEST measures@10 for class 1 - precision 0.9714 - recall 0.0599 - f1 0.1129 
INFO:root:TEST measures@100 microavg - precision 0.8172 - recall 0.4675 - f1 0.5948 
INFO:root:TEST measures@100 for class 0 - precision 0.4086 - recall 0.1514 - f1 0.2209 
INFO:root:TEST measures@100 for class 1 - precision 0.8714 - recall 0.5374 - f1 0.6649 
INFO:root:TEST measures@1000 microavg - precision 0.6616 - recall 0.6616 - f1 0.6616 
INFO:root:TEST measures@1000 for class 0 - precision 0.2191 - recall 0.3386 - f1 0.2660 
INFO:root:TEST measures@1000 for class 1 - precision 0.8337 - recall 0.7330 - f1 0.7801 
INFO:root:TEST Total epoch time: 0.08283988099992712
INFO:root:################ TRAIN epoch 80 ###################
INFO:root:TRAIN mean losses tensor(0.7046)
INFO:root:TRAIN mean errors 0.17474748194217682
INFO:root:TRAIN mean MRR 0.0 - mean MAP 0.9631133079528809
INFO:root:TRAIN tp {0: tensor(0), 1: tensor(4902)},fn {0: tensor(1038), 1: tensor(0)},fp {0: tensor(0), 1: tensor(1038)}
INFO:root:TRAIN measures microavg - precision 0.8253 - recall 0.8253 - f1 0.8253 
INFO:root:TRAIN measures for class 0 - precision 0.0000 - recall 0.0000 - f1 0.0000 
INFO:root:TRAIN measures for class 1 - precision 0.8253 - recall 1.0000 - f1 0.9043 
INFO:root:TRAIN measures@10 microavg - precision 0.9868 - recall 0.0502 - f1 0.0955 
INFO:root:TRAIN measures@10 for class 0 - precision 1.0000 - recall 0.0019 - f1 0.0038 
INFO:root:TRAIN measures@10 for class 1 - precision 0.9867 - recall 0.0604 - f1 0.1138 
INFO:root:TRAIN measures@100 microavg - precision 0.8593 - recall 0.4944 - f1 0.6277 
INFO:root:TRAIN measures@100 for class 0 - precision 0.4989 - recall 0.2110 - f1 0.2965 
INFO:root:TRAIN measures@100 for class 1 - precision 0.9124 - recall 0.5545 - f1 0.6898 
INFO:root:TRAIN measures@1000 microavg - precision 0.6832 - recall 0.6832 - f1 0.6832 
INFO:root:TRAIN measures@1000 for class 0 - precision 0.2605 - recall 0.4422 - f1 0.3279 
INFO:root:TRAIN measures@1000 for class 1 - precision 0.8614 - recall 0.7342 - f1 0.7927 
INFO:root:TRAIN Total epoch time: 0.5381304160000582
INFO:root:################ VALID epoch 80 ###################
INFO:root:VALID mean losses tensor(0.7081)
INFO:root:VALID mean errors 0.17255891859531403
INFO:root:VALID mean MRR 0.0 - mean MAP 0.9628103971481323
INFO:root:VALID tp {0: tensor(0), 1: tensor(983)},fn {0: tensor(205), 1: tensor(0)},fp {0: tensor(0), 1: tensor(205)}
INFO:root:VALID measures microavg - precision 0.8274 - recall 0.8274 - f1 0.8274 
INFO:root:VALID measures for class 0 - precision 0.0000 - recall 0.0000 - f1 0.0000 
INFO:root:VALID measures for class 1 - precision 0.8274 - recall 1.0000 - f1 0.9056 
INFO:root:VALID measures@10 microavg - precision 0.9667 - recall 0.0488 - f1 0.0929 
INFO:root:VALID measures@10 for class 0 - precision 0.0000 - recall 0.0000 - f1 0.0000 
INFO:root:VALID measures@10 for class 1 - precision 0.9667 - recall 0.0590 - f1 0.1112 
INFO:root:VALID measures@100 microavg - precision 0.8588 - recall 0.4865 - f1 0.6212 
INFO:root:VALID measures@100 for class 0 - precision 0.3836 - recall 0.1366 - f1 0.2014 
INFO:root:VALID measures@100 for class 1 - precision 0.9167 - recall 0.5595 - f1 0.6949 
INFO:root:VALID measures@1000 microavg - precision 0.6835 - recall 0.6835 - f1 0.6835 
INFO:root:VALID measures@1000 for class 0 - precision 0.2448 - recall 0.4000 - f1 0.3037 
INFO:root:VALID measures@1000 for class 1 - precision 0.8558 - recall 0.7426 - f1 0.7952 
INFO:root:VALID Total epoch time: 0.06297540200012008
INFO:root:################ TEST epoch 80 ###################
INFO:root:TEST batch 1 / 7 - partial error 0.1919 - partial loss 0.8242 - partial MRR  0.0000 - partial MAP 0.9394
INFO:root:TEST batch 1 / 7 -  partial tp {0: tensor(0), 1: tensor(160)},fn {0: tensor(38), 1: tensor(0)},fp {0: tensor(0), 1: tensor(38)}
INFO:root:TEST batch 1 / 7 - measures partial microavg - precision 0.8081 - recall 0.8081 - f1 0.8081 
INFO:root:TEST batch 1 / 7 - measures partial for class 0 - precision 0.0000 - recall 0.0000 - f1 0.0000 
INFO:root:TEST batch 1 / 7 - measures partial for class 1 - precision 0.8081 - recall 1.0000 - f1 0.8939 
INFO:root:TEST batch 1 / 7 - Batch time 0 
INFO:root:TEST batch 2 / 7 - partial error 0.1843 - partial loss 0.7761 - partial MRR  0.0000 - partial MAP 0.9474
INFO:root:TEST batch 2 / 7 -  partial tp {0: tensor(0), 1: tensor(163)},fn {0: tensor(35), 1: tensor(0)},fp {0: tensor(0), 1: tensor(35)}
INFO:root:TEST batch 2 / 7 - measures partial microavg - precision 0.8232 - recall 0.8232 - f1 0.8232 
INFO:root:TEST batch 2 / 7 - measures partial for class 0 - precision 0.0000 - recall 0.0000 - f1 0.0000 
INFO:root:TEST batch 2 / 7 - measures partial for class 1 - precision 0.8232 - recall 1.0000 - f1 0.9030 
INFO:root:TEST batch 2 / 7 - Batch time 0 
INFO:root:TEST batch 3 / 7 - partial error 0.1801 - partial loss 0.7548 - partial MRR  0.0000 - partial MAP 0.9503
INFO:root:TEST batch 3 / 7 -  partial tp {0: tensor(0), 1: tensor(164)},fn {0: tensor(34), 1: tensor(0)},fp {0: tensor(0), 1: tensor(34)}
INFO:root:TEST batch 3 / 7 - measures partial microavg - precision 0.8283 - recall 0.8283 - f1 0.8283 
INFO:root:TEST batch 3 / 7 - measures partial for class 0 - precision 0.0000 - recall 0.0000 - f1 0.0000 
INFO:root:TEST batch 3 / 7 - measures partial for class 1 - precision 0.8283 - recall 1.0000 - f1 0.9061 
INFO:root:TEST batch 3 / 7 - Batch time 0 
INFO:root:TEST batch 4 / 7 - partial error 0.1768 - partial loss 0.7601 - partial MRR  0.0000 - partial MAP 0.9468
INFO:root:TEST batch 4 / 7 -  partial tp {0: tensor(0), 1: tensor(165)},fn {0: tensor(33), 1: tensor(0)},fp {0: tensor(0), 1: tensor(33)}
INFO:root:TEST batch 4 / 7 - measures partial microavg - precision 0.8333 - recall 0.8333 - f1 0.8333 
INFO:root:TEST batch 4 / 7 - measures partial for class 0 - precision 0.0000 - recall 0.0000 - f1 0.0000 
INFO:root:TEST batch 4 / 7 - measures partial for class 1 - precision 0.8333 - recall 1.0000 - f1 0.9091 
INFO:root:TEST batch 4 / 7 - Batch time 0 
INFO:root:TEST batch 5 / 7 - partial error 0.1778 - partial loss 0.7461 - partial MRR  0.0000 - partial MAP 0.9501
INFO:root:TEST batch 5 / 7 -  partial tp {0: tensor(0), 1: tensor(162)},fn {0: tensor(36), 1: tensor(0)},fp {0: tensor(0), 1: tensor(36)}
INFO:root:TEST batch 5 / 7 - measures partial microavg - precision 0.8182 - recall 0.8182 - f1 0.8182 
INFO:root:TEST batch 5 / 7 - measures partial for class 0 - precision 0.0000 - recall 0.0000 - f1 0.0000 
INFO:root:TEST batch 5 / 7 - measures partial for class 1 - precision 0.8182 - recall 1.0000 - f1 0.9000 
INFO:root:TEST batch 5 / 7 - Batch time 0 
INFO:root:TEST batch 6 / 7 - partial error 0.1810 - partial loss 0.7597 - partial MRR  0.0000 - partial MAP 0.9476
INFO:root:TEST batch 6 / 7 -  partial tp {0: tensor(0), 1: tensor(159)},fn {0: tensor(39), 1: tensor(0)},fp {0: tensor(0), 1: tensor(39)}
INFO:root:TEST batch 6 / 7 - measures partial microavg - precision 0.8030 - recall 0.8030 - f1 0.8030 
INFO:root:TEST batch 6 / 7 - measures partial for class 0 - precision 0.0000 - recall 0.0000 - f1 0.0000 
INFO:root:TEST batch 6 / 7 - measures partial for class 1 - precision 0.8030 - recall 1.0000 - f1 0.8908 
INFO:root:TEST batch 6 / 7 - Batch time 0 
INFO:root:TEST batch 7 / 7 - partial error 0.1811 - partial loss 0.7617 - partial MRR  0.0000 - partial MAP 0.9489
INFO:root:TEST batch 7 / 7 -  partial tp {0: tensor(0), 1: tensor(162)},fn {0: tensor(36), 1: tensor(0)},fp {0: tensor(0), 1: tensor(36)}
INFO:root:TEST batch 7 / 7 - measures partial microavg - precision 0.8182 - recall 0.8182 - f1 0.8182 
INFO:root:TEST batch 7 / 7 - measures partial for class 0 - precision 0.0000 - recall 0.0000 - f1 0.0000 
INFO:root:TEST batch 7 / 7 - measures partial for class 1 - precision 0.8182 - recall 1.0000 - f1 0.9000 
INFO:root:TEST batch 7 / 7 - Batch time 0 
INFO:root:TEST mean losses tensor(0.7617)
INFO:root:TEST mean errors 0.18109668791294098
INFO:root:TEST mean MRR 0.0 - mean MAP 0.9488660097122192
INFO:root:TEST tp {0: tensor(0), 1: tensor(1135)},fn {0: tensor(251), 1: tensor(0)},fp {0: tensor(0), 1: tensor(251)}
INFO:root:TEST measures microavg - precision 0.8189 - recall 0.8189 - f1 0.8189 
INFO:root:TEST measures for class 0 - precision 0.0000 - recall 0.0000 - f1 0.0000 
INFO:root:TEST measures for class 1 - precision 0.8189 - recall 1.0000 - f1 0.9004 
INFO:root:TEST measures@10 microavg - precision 0.9857 - recall 0.0498 - f1 0.0948 
INFO:root:TEST measures@10 for class 0 - precision 0.0000 - recall 0.0000 - f1 0.0000 
INFO:root:TEST measures@10 for class 1 - precision 0.9857 - recall 0.0608 - f1 0.1145 
INFO:root:TEST measures@100 microavg - precision 0.8024 - recall 0.4892 - f1 0.6078 
INFO:root:TEST measures@100 for class 0 - precision 0.4863 - recall 0.2829 - f1 0.3577 
INFO:root:TEST measures@100 for class 1 - precision 0.8684 - recall 0.5348 - f1 0.6619 
INFO:root:TEST measures@1000 microavg - precision 0.5736 - recall 0.5736 - f1 0.5736 
INFO:root:TEST measures@1000 for class 0 - precision 0.2222 - recall 0.5418 - f1 0.3152 
INFO:root:TEST measures@1000 for class 1 - precision 0.8514 - recall 0.5806 - f1 0.6904 
INFO:root:TEST Total epoch time: 0.0827950289999535
INFO:root:################ TRAIN epoch 81 ###################
INFO:root:TRAIN mean losses tensor(0.7332)
INFO:root:TRAIN mean errors 0.17474748194217682
INFO:root:TRAIN mean MRR 0.0 - mean MAP 0.9599414467811584
INFO:root:TRAIN tp {0: tensor(0), 1: tensor(4902)},fn {0: tensor(1038), 1: tensor(0)},fp {0: tensor(0), 1: tensor(1038)}
INFO:root:TRAIN measures microavg - precision 0.8253 - recall 0.8253 - f1 0.8253 
INFO:root:TRAIN measures for class 0 - precision 0.0000 - recall 0.0000 - f1 0.0000 
INFO:root:TRAIN measures for class 1 - precision 0.8253 - recall 1.0000 - f1 0.9043 
INFO:root:TRAIN measures@10 microavg - precision 0.9833 - recall 0.0497 - f1 0.0946 
INFO:root:TRAIN measures@10 for class 0 - precision 0.0000 - recall 0.0000 - f1 0.0000 
INFO:root:TRAIN measures@10 for class 1 - precision 0.9833 - recall 0.0602 - f1 0.1134 
INFO:root:TRAIN measures@100 microavg - precision 0.8787 - recall 0.4904 - f1 0.6295 
INFO:root:TRAIN measures@100 for class 0 - precision 0.5060 - recall 0.1628 - f1 0.2464 
INFO:root:TRAIN measures@100 for class 1 - precision 0.9205 - recall 0.5598 - f1 0.6962 
INFO:root:TRAIN measures@1000 microavg - precision 0.7136 - recall 0.7136 - f1 0.7136 
INFO:root:TRAIN measures@1000 for class 0 - precision 0.2674 - recall 0.3671 - f1 0.3094 
INFO:root:TRAIN measures@1000 for class 1 - precision 0.8545 - recall 0.7870 - f1 0.8194 
INFO:root:TRAIN Total epoch time: 0.5356272059998446
INFO:root:################ VALID epoch 81 ###################
INFO:root:VALID mean losses tensor(0.7128)
INFO:root:VALID mean errors 0.17255891859531403
INFO:root:VALID mean MRR 0.0 - mean MAP 0.9591946005821228
INFO:root:VALID tp {0: tensor(0), 1: tensor(983)},fn {0: tensor(205), 1: tensor(0)},fp {0: tensor(0), 1: tensor(205)}
INFO:root:VALID measures microavg - precision 0.8274 - recall 0.8274 - f1 0.8274 
INFO:root:VALID measures for class 0 - precision 0.0000 - recall 0.0000 - f1 0.0000 
INFO:root:VALID measures for class 1 - precision 0.8274 - recall 1.0000 - f1 0.9056 
INFO:root:VALID measures@10 microavg - precision 0.9836 - recall 0.0505 - f1 0.0961 
INFO:root:VALID measures@10 for class 0 - precision 1.0000 - recall 0.0049 - f1 0.0097 
INFO:root:VALID measures@10 for class 1 - precision 0.9833 - recall 0.0600 - f1 0.1131 
INFO:root:VALID measures@100 microavg - precision 0.8789 - recall 0.4949 - f1 0.6333 
INFO:root:VALID measures@100 for class 0 - precision 0.5797 - recall 0.1951 - f1 0.2920 
INFO:root:VALID measures@100 for class 1 - precision 0.9133 - recall 0.5575 - f1 0.6924 
INFO:root:VALID measures@1000 microavg - precision 0.7029 - recall 0.7029 - f1 0.7029 
INFO:root:VALID measures@1000 for class 0 - precision 0.2673 - recall 0.4146 - f1 0.3250 
INFO:root:VALID measures@1000 for class 1 - precision 0.8621 - recall 0.7630 - f1 0.8095 
INFO:root:VALID Total epoch time: 0.06189823800013983
INFO:root:################ TEST epoch 81 ###################
INFO:root:TEST batch 1 / 7 - partial error 0.1919 - partial loss 0.8123 - partial MRR  0.0000 - partial MAP 0.9435
INFO:root:TEST batch 1 / 7 -  partial tp {0: tensor(0), 1: tensor(160)},fn {0: tensor(38), 1: tensor(0)},fp {0: tensor(0), 1: tensor(38)}
INFO:root:TEST batch 1 / 7 - measures partial microavg - precision 0.8081 - recall 0.8081 - f1 0.8081 
INFO:root:TEST batch 1 / 7 - measures partial for class 0 - precision 0.0000 - recall 0.0000 - f1 0.0000 
INFO:root:TEST batch 1 / 7 - measures partial for class 1 - precision 0.8081 - recall 1.0000 - f1 0.8939 
INFO:root:TEST batch 1 / 7 - Batch time 0 
INFO:root:TEST batch 2 / 7 - partial error 0.1843 - partial loss 0.7820 - partial MRR  0.0000 - partial MAP 0.9483
INFO:root:TEST batch 2 / 7 -  partial tp {0: tensor(0), 1: tensor(163)},fn {0: tensor(35), 1: tensor(0)},fp {0: tensor(0), 1: tensor(35)}
INFO:root:TEST batch 2 / 7 - measures partial microavg - precision 0.8232 - recall 0.8232 - f1 0.8232 
INFO:root:TEST batch 2 / 7 - measures partial for class 0 - precision 0.0000 - recall 0.0000 - f1 0.0000 
INFO:root:TEST batch 2 / 7 - measures partial for class 1 - precision 0.8232 - recall 1.0000 - f1 0.9030 
INFO:root:TEST batch 2 / 7 - Batch time 0 
INFO:root:TEST batch 3 / 7 - partial error 0.1801 - partial loss 0.7564 - partial MRR  0.0000 - partial MAP 0.9517
INFO:root:TEST batch 3 / 7 -  partial tp {0: tensor(0), 1: tensor(164)},fn {0: tensor(34), 1: tensor(0)},fp {0: tensor(0), 1: tensor(34)}
INFO:root:TEST batch 3 / 7 - measures partial microavg - precision 0.8283 - recall 0.8283 - f1 0.8283 
INFO:root:TEST batch 3 / 7 - measures partial for class 0 - precision 0.0000 - recall 0.0000 - f1 0.0000 
INFO:root:TEST batch 3 / 7 - measures partial for class 1 - precision 0.8283 - recall 1.0000 - f1 0.9061 
INFO:root:TEST batch 3 / 7 - Batch time 0 
INFO:root:TEST batch 4 / 7 - partial error 0.1768 - partial loss 0.7629 - partial MRR  0.0000 - partial MAP 0.9497
INFO:root:TEST batch 4 / 7 -  partial tp {0: tensor(0), 1: tensor(165)},fn {0: tensor(33), 1: tensor(0)},fp {0: tensor(0), 1: tensor(33)}
INFO:root:TEST batch 4 / 7 - measures partial microavg - precision 0.8333 - recall 0.8333 - f1 0.8333 
INFO:root:TEST batch 4 / 7 - measures partial for class 0 - precision 0.0000 - recall 0.0000 - f1 0.0000 
INFO:root:TEST batch 4 / 7 - measures partial for class 1 - precision 0.8333 - recall 1.0000 - f1 0.9091 
INFO:root:TEST batch 4 / 7 - Batch time 0 
INFO:root:TEST batch 5 / 7 - partial error 0.1778 - partial loss 0.7556 - partial MRR  0.0000 - partial MAP 0.9517
INFO:root:TEST batch 5 / 7 -  partial tp {0: tensor(0), 1: tensor(162)},fn {0: tensor(36), 1: tensor(0)},fp {0: tensor(0), 1: tensor(36)}
INFO:root:TEST batch 5 / 7 - measures partial microavg - precision 0.8182 - recall 0.8182 - f1 0.8182 
INFO:root:TEST batch 5 / 7 - measures partial for class 0 - precision 0.0000 - recall 0.0000 - f1 0.0000 
INFO:root:TEST batch 5 / 7 - measures partial for class 1 - precision 0.8182 - recall 1.0000 - f1 0.9000 
INFO:root:TEST batch 5 / 7 - Batch time 0 
INFO:root:TEST batch 6 / 7 - partial error 0.1810 - partial loss 0.7669 - partial MRR  0.0000 - partial MAP 0.9495
INFO:root:TEST batch 6 / 7 -  partial tp {0: tensor(0), 1: tensor(159)},fn {0: tensor(39), 1: tensor(0)},fp {0: tensor(0), 1: tensor(39)}
INFO:root:TEST batch 6 / 7 - measures partial microavg - precision 0.8030 - recall 0.8030 - f1 0.8030 
INFO:root:TEST batch 6 / 7 - measures partial for class 0 - precision 0.0000 - recall 0.0000 - f1 0.0000 
INFO:root:TEST batch 6 / 7 - measures partial for class 1 - precision 0.8030 - recall 1.0000 - f1 0.8908 
INFO:root:TEST batch 6 / 7 - Batch time 0 
INFO:root:TEST batch 7 / 7 - partial error 0.1811 - partial loss 0.7712 - partial MRR  0.0000 - partial MAP 0.9506
INFO:root:TEST batch 7 / 7 -  partial tp {0: tensor(0), 1: tensor(162)},fn {0: tensor(36), 1: tensor(0)},fp {0: tensor(0), 1: tensor(36)}
INFO:root:TEST batch 7 / 7 - measures partial microavg - precision 0.8182 - recall 0.8182 - f1 0.8182 
INFO:root:TEST batch 7 / 7 - measures partial for class 0 - precision 0.0000 - recall 0.0000 - f1 0.0000 
INFO:root:TEST batch 7 / 7 - measures partial for class 1 - precision 0.8182 - recall 1.0000 - f1 0.9000 
INFO:root:TEST batch 7 / 7 - Batch time 0 
INFO:root:TEST mean losses tensor(0.7712)
INFO:root:TEST mean errors 0.18109668791294098
INFO:root:TEST mean MRR 0.0 - mean MAP 0.9505844116210938
INFO:root:TEST tp {0: tensor(0), 1: tensor(1135)},fn {0: tensor(251), 1: tensor(0)},fp {0: tensor(0), 1: tensor(251)}
INFO:root:TEST measures microavg - precision 0.8189 - recall 0.8189 - f1 0.8189 
INFO:root:TEST measures for class 0 - precision 0.0000 - recall 0.0000 - f1 0.0000 
INFO:root:TEST measures for class 1 - precision 0.8189 - recall 1.0000 - f1 0.9004 
INFO:root:TEST measures@10 microavg - precision 0.9571 - recall 0.0483 - f1 0.0920 
INFO:root:TEST measures@10 for class 0 - precision 0.0000 - recall 0.0000 - f1 0.0000 
INFO:root:TEST measures@10 for class 1 - precision 0.9571 - recall 0.0590 - f1 0.1112 
INFO:root:TEST measures@100 microavg - precision 0.8522 - recall 0.4784 - f1 0.6128 
INFO:root:TEST measures@100 for class 0 - precision 0.5128 - recall 0.1594 - f1 0.2432 
INFO:root:TEST measures@100 for class 1 - precision 0.8900 - recall 0.5489 - f1 0.6790 
INFO:root:TEST measures@1000 microavg - precision 0.6847 - recall 0.6847 - f1 0.6847 
INFO:root:TEST measures@1000 for class 0 - precision 0.2373 - recall 0.3347 - f1 0.2777 
INFO:root:TEST measures@1000 for class 1 - precision 0.8382 - recall 0.7621 - f1 0.7983 
INFO:root:TEST Total epoch time: 0.08221632899994802
INFO:root:################ TRAIN epoch 82 ###################
INFO:root:TRAIN mean losses tensor(0.7132)
INFO:root:TRAIN mean errors 0.17474748194217682
INFO:root:TRAIN mean MRR 0.0 - mean MAP 0.9613650441169739
INFO:root:TRAIN tp {0: tensor(0), 1: tensor(4902)},fn {0: tensor(1038), 1: tensor(0)},fp {0: tensor(0), 1: tensor(1038)}
INFO:root:TRAIN measures microavg - precision 0.8253 - recall 0.8253 - f1 0.8253 
INFO:root:TRAIN measures for class 0 - precision 0.0000 - recall 0.0000 - f1 0.0000 
INFO:root:TRAIN measures for class 1 - precision 0.8253 - recall 1.0000 - f1 0.9043 
INFO:root:TRAIN measures@10 microavg - precision 0.9801 - recall 0.0497 - f1 0.0945 
INFO:root:TRAIN measures@10 for class 0 - precision 1.0000 - recall 0.0010 - f1 0.0019 
INFO:root:TRAIN measures@10 for class 1 - precision 0.9800 - recall 0.0600 - f1 0.1130 
INFO:root:TRAIN measures@100 microavg - precision 0.8792 - recall 0.4976 - f1 0.6356 
INFO:root:TRAIN measures@100 for class 0 - precision 0.5342 - recall 0.1879 - f1 0.2780 
INFO:root:TRAIN measures@100 for class 1 - precision 0.9213 - recall 0.5632 - f1 0.6991 
INFO:root:TRAIN measures@1000 microavg - precision 0.7158 - recall 0.7158 - f1 0.7158 
INFO:root:TRAIN measures@1000 for class 0 - precision 0.2865 - recall 0.4200 - f1 0.3406 
INFO:root:TRAIN measures@1000 for class 1 - precision 0.8637 - recall 0.7785 - f1 0.8189 
INFO:root:TRAIN Total epoch time: 0.6569090700004381
INFO:root:################ VALID epoch 82 ###################
INFO:root:VALID mean losses tensor(0.7197)
INFO:root:VALID mean errors 0.17255891859531403
INFO:root:VALID mean MRR 0.0 - mean MAP 0.9565279483795166
INFO:root:VALID tp {0: tensor(0), 1: tensor(983)},fn {0: tensor(205), 1: tensor(0)},fp {0: tensor(0), 1: tensor(205)}
INFO:root:VALID measures microavg - precision 0.8274 - recall 0.8274 - f1 0.8274 
INFO:root:VALID measures for class 0 - precision 0.0000 - recall 0.0000 - f1 0.0000 
INFO:root:VALID measures for class 1 - precision 0.8274 - recall 1.0000 - f1 0.9056 
INFO:root:VALID measures@10 microavg - precision 0.9667 - recall 0.0488 - f1 0.0929 
INFO:root:VALID measures@10 for class 0 - precision 0.0000 - recall 0.0000 - f1 0.0000 
INFO:root:VALID measures@10 for class 1 - precision 0.9667 - recall 0.0590 - f1 0.1112 
INFO:root:VALID measures@100 microavg - precision 0.8665 - recall 0.4806 - f1 0.6183 
INFO:root:VALID measures@100 for class 0 - precision 0.5424 - recall 0.1561 - f1 0.2424 
INFO:root:VALID measures@100 for class 1 - precision 0.8983 - recall 0.5483 - f1 0.6810 
INFO:root:VALID measures@1000 microavg - precision 0.7172 - recall 0.7172 - f1 0.7172 
INFO:root:VALID measures@1000 for class 0 - precision 0.2618 - recall 0.3512 - f1 0.3000 
INFO:root:VALID measures@1000 for class 1 - precision 0.8543 - recall 0.7935 - f1 0.8228 
INFO:root:VALID Total epoch time: 0.06572361400003501
INFO:root:################ TEST epoch 82 ###################
INFO:root:TEST batch 1 / 7 - partial error 0.1919 - partial loss 0.8796 - partial MRR  0.0000 - partial MAP 0.9320
INFO:root:TEST batch 1 / 7 -  partial tp {0: tensor(0), 1: tensor(160)},fn {0: tensor(38), 1: tensor(0)},fp {0: tensor(0), 1: tensor(38)}
INFO:root:TEST batch 1 / 7 - measures partial microavg - precision 0.8081 - recall 0.8081 - f1 0.8081 
INFO:root:TEST batch 1 / 7 - measures partial for class 0 - precision 0.0000 - recall 0.0000 - f1 0.0000 
INFO:root:TEST batch 1 / 7 - measures partial for class 1 - precision 0.8081 - recall 1.0000 - f1 0.8939 
INFO:root:TEST batch 1 / 7 - Batch time 0 
INFO:root:TEST batch 2 / 7 - partial error 0.1843 - partial loss 0.8022 - partial MRR  0.0000 - partial MAP 0.9451
INFO:root:TEST batch 2 / 7 -  partial tp {0: tensor(0), 1: tensor(163)},fn {0: tensor(35), 1: tensor(0)},fp {0: tensor(0), 1: tensor(35)}
INFO:root:TEST batch 2 / 7 - measures partial microavg - precision 0.8232 - recall 0.8232 - f1 0.8232 
INFO:root:TEST batch 2 / 7 - measures partial for class 0 - precision 0.0000 - recall 0.0000 - f1 0.0000 
INFO:root:TEST batch 2 / 7 - measures partial for class 1 - precision 0.8232 - recall 1.0000 - f1 0.9030 
INFO:root:TEST batch 2 / 7 - Batch time 0 
INFO:root:TEST batch 3 / 7 - partial error 0.1801 - partial loss 0.7790 - partial MRR  0.0000 - partial MAP 0.9500
INFO:root:TEST batch 3 / 7 -  partial tp {0: tensor(0), 1: tensor(164)},fn {0: tensor(34), 1: tensor(0)},fp {0: tensor(0), 1: tensor(34)}
INFO:root:TEST batch 3 / 7 - measures partial microavg - precision 0.8283 - recall 0.8283 - f1 0.8283 
INFO:root:TEST batch 3 / 7 - measures partial for class 0 - precision 0.0000 - recall 0.0000 - f1 0.0000 
INFO:root:TEST batch 3 / 7 - measures partial for class 1 - precision 0.8283 - recall 1.0000 - f1 0.9061 
INFO:root:TEST batch 3 / 7 - Batch time 0 
INFO:root:TEST batch 4 / 7 - partial error 0.1768 - partial loss 0.7800 - partial MRR  0.0000 - partial MAP 0.9482
INFO:root:TEST batch 4 / 7 -  partial tp {0: tensor(0), 1: tensor(165)},fn {0: tensor(33), 1: tensor(0)},fp {0: tensor(0), 1: tensor(33)}
INFO:root:TEST batch 4 / 7 - measures partial microavg - precision 0.8333 - recall 0.8333 - f1 0.8333 
INFO:root:TEST batch 4 / 7 - measures partial for class 0 - precision 0.0000 - recall 0.0000 - f1 0.0000 
INFO:root:TEST batch 4 / 7 - measures partial for class 1 - precision 0.8333 - recall 1.0000 - f1 0.9091 
INFO:root:TEST batch 4 / 7 - Batch time 0 
INFO:root:TEST batch 5 / 7 - partial error 0.1778 - partial loss 0.7668 - partial MRR  0.0000 - partial MAP 0.9509
INFO:root:TEST batch 5 / 7 -  partial tp {0: tensor(0), 1: tensor(162)},fn {0: tensor(36), 1: tensor(0)},fp {0: tensor(0), 1: tensor(36)}
INFO:root:TEST batch 5 / 7 - measures partial microavg - precision 0.8182 - recall 0.8182 - f1 0.8182 
INFO:root:TEST batch 5 / 7 - measures partial for class 0 - precision 0.0000 - recall 0.0000 - f1 0.0000 
INFO:root:TEST batch 5 / 7 - measures partial for class 1 - precision 0.8182 - recall 1.0000 - f1 0.9000 
INFO:root:TEST batch 5 / 7 - Batch time 0 
INFO:root:TEST batch 6 / 7 - partial error 0.1810 - partial loss 0.7777 - partial MRR  0.0000 - partial MAP 0.9482
INFO:root:TEST batch 6 / 7 -  partial tp {0: tensor(0), 1: tensor(159)},fn {0: tensor(39), 1: tensor(0)},fp {0: tensor(0), 1: tensor(39)}
INFO:root:TEST batch 6 / 7 - measures partial microavg - precision 0.8030 - recall 0.8030 - f1 0.8030 
INFO:root:TEST batch 6 / 7 - measures partial for class 0 - precision 0.0000 - recall 0.0000 - f1 0.0000 
INFO:root:TEST batch 6 / 7 - measures partial for class 1 - precision 0.8030 - recall 1.0000 - f1 0.8908 
INFO:root:TEST batch 6 / 7 - Batch time 0 
INFO:root:TEST batch 7 / 7 - partial error 0.1811 - partial loss 0.7784 - partial MRR  0.0000 - partial MAP 0.9491
INFO:root:TEST batch 7 / 7 -  partial tp {0: tensor(0), 1: tensor(162)},fn {0: tensor(36), 1: tensor(0)},fp {0: tensor(0), 1: tensor(36)}
INFO:root:TEST batch 7 / 7 - measures partial microavg - precision 0.8182 - recall 0.8182 - f1 0.8182 
INFO:root:TEST batch 7 / 7 - measures partial for class 0 - precision 0.0000 - recall 0.0000 - f1 0.0000 
INFO:root:TEST batch 7 / 7 - measures partial for class 1 - precision 0.8182 - recall 1.0000 - f1 0.9000 
INFO:root:TEST batch 7 / 7 - Batch time 0 
INFO:root:TEST mean losses tensor(0.7784)
INFO:root:TEST mean errors 0.18109668791294098
INFO:root:TEST mean MRR 0.0 - mean MAP 0.9490984678268433
INFO:root:TEST tp {0: tensor(0), 1: tensor(1135)},fn {0: tensor(251), 1: tensor(0)},fp {0: tensor(0), 1: tensor(251)}
INFO:root:TEST measures microavg - precision 0.8189 - recall 0.8189 - f1 0.8189 
INFO:root:TEST measures for class 0 - precision 0.0000 - recall 0.0000 - f1 0.0000 
INFO:root:TEST measures for class 1 - precision 0.8189 - recall 1.0000 - f1 0.9004 
INFO:root:TEST measures@10 microavg - precision 0.9857 - recall 0.0498 - f1 0.0948 
INFO:root:TEST measures@10 for class 0 - precision 0.0000 - recall 0.0000 - f1 0.0000 
INFO:root:TEST measures@10 for class 1 - precision 0.9857 - recall 0.0608 - f1 0.1145 
INFO:root:TEST measures@100 microavg - precision 0.8505 - recall 0.4719 - f1 0.6070 
INFO:root:TEST measures@100 for class 0 - precision 0.4058 - recall 0.1116 - f1 0.1750 
INFO:root:TEST measures@100 for class 1 - precision 0.8943 - recall 0.5515 - f1 0.6823 
INFO:root:TEST measures@1000 microavg - precision 0.6970 - recall 0.6970 - f1 0.6970 
INFO:root:TEST measures@1000 for class 0 - precision 0.2368 - recall 0.3028 - f1 0.2657 
INFO:root:TEST measures@1000 for class 1 - precision 0.8357 - recall 0.7841 - f1 0.8091 
INFO:root:TEST Total epoch time: 0.08562721699991016
INFO:root:################ TRAIN epoch 83 ###################
INFO:root:TRAIN mean losses tensor(0.7088)
INFO:root:TRAIN mean errors 0.17457912862300873
INFO:root:TRAIN mean MRR 0.0 - mean MAP 0.9625421166419983
INFO:root:TRAIN tp {0: tensor(1), 1: tensor(4902)},fn {0: tensor(1037), 1: tensor(0)},fp {0: tensor(0), 1: tensor(1037)}
INFO:root:TRAIN measures microavg - precision 0.8254 - recall 0.8254 - f1 0.8254 
INFO:root:TRAIN measures for class 0 - precision 1.0000 - recall 0.0010 - f1 0.0019 
INFO:root:TRAIN measures for class 1 - precision 0.8254 - recall 1.0000 - f1 0.9043 
INFO:root:TRAIN measures@10 microavg - precision 0.9767 - recall 0.0495 - f1 0.0942 
INFO:root:TRAIN measures@10 for class 0 - precision 0.0000 - recall 0.0000 - f1 0.0000 
INFO:root:TRAIN measures@10 for class 1 - precision 0.9800 - recall 0.0600 - f1 0.1130 
INFO:root:TRAIN measures@100 microavg - precision 0.8680 - recall 0.4924 - f1 0.6284 
INFO:root:TRAIN measures@100 for class 0 - precision 0.5188 - recall 0.1994 - f1 0.2881 
INFO:root:TRAIN measures@100 for class 1 - precision 0.9148 - recall 0.5545 - f1 0.6905 
INFO:root:TRAIN measures@1000 microavg - precision 0.7037 - recall 0.7037 - f1 0.7037 
INFO:root:TRAIN measures@1000 for class 0 - precision 0.2785 - recall 0.4374 - f1 0.3403 
INFO:root:TRAIN measures@1000 for class 1 - precision 0.8645 - recall 0.7601 - f1 0.8089 
INFO:root:TRAIN Total epoch time: 0.575355128999945
INFO:root:################ VALID epoch 83 ###################
INFO:root:VALID mean losses tensor(0.7067)
INFO:root:VALID mean errors 0.17255891859531403
INFO:root:VALID mean MRR 0.0 - mean MAP 0.9588930010795593
INFO:root:VALID tp {0: tensor(0), 1: tensor(983)},fn {0: tensor(205), 1: tensor(0)},fp {0: tensor(0), 1: tensor(205)}
INFO:root:VALID measures microavg - precision 0.8274 - recall 0.8274 - f1 0.8274 
INFO:root:VALID measures for class 0 - precision 0.0000 - recall 0.0000 - f1 0.0000 
INFO:root:VALID measures for class 1 - precision 0.8274 - recall 1.0000 - f1 0.9056 
INFO:root:VALID measures@10 microavg - precision 0.9667 - recall 0.0488 - f1 0.0929 
INFO:root:VALID measures@10 for class 0 - precision 0.0000 - recall 0.0000 - f1 0.0000 
INFO:root:VALID measures@10 for class 1 - precision 0.9667 - recall 0.0590 - f1 0.1112 
INFO:root:VALID measures@100 microavg - precision 0.7654 - recall 0.4697 - f1 0.5822 
INFO:root:VALID measures@100 for class 0 - precision 0.3892 - recall 0.3171 - f1 0.3495 
INFO:root:VALID measures@100 for class 1 - precision 0.8772 - recall 0.5015 - f1 0.6382 
INFO:root:VALID measures@1000 microavg - precision 0.5311 - recall 0.5311 - f1 0.5311 
INFO:root:VALID measures@1000 for class 0 - precision 0.2179 - recall 0.6634 - f1 0.3281 
INFO:root:VALID measures@1000 for class 1 - precision 0.8777 - recall 0.5036 - f1 0.6399 
INFO:root:VALID Total epoch time: 0.06961477599998034
INFO:root:################ TEST epoch 83 ###################
INFO:root:TEST batch 1 / 7 - partial error 0.1919 - partial loss 0.7751 - partial MRR  0.0000 - partial MAP 0.9486
INFO:root:TEST batch 1 / 7 -  partial tp {0: tensor(0), 1: tensor(160)},fn {0: tensor(38), 1: tensor(0)},fp {0: tensor(0), 1: tensor(38)}
INFO:root:TEST batch 1 / 7 - measures partial microavg - precision 0.8081 - recall 0.8081 - f1 0.8081 
INFO:root:TEST batch 1 / 7 - measures partial for class 0 - precision 0.0000 - recall 0.0000 - f1 0.0000 
INFO:root:TEST batch 1 / 7 - measures partial for class 1 - precision 0.8081 - recall 1.0000 - f1 0.8939 
INFO:root:TEST batch 1 / 7 - Batch time 0 
INFO:root:TEST batch 2 / 7 - partial error 0.1843 - partial loss 0.7459 - partial MRR  0.0000 - partial MAP 0.9535
INFO:root:TEST batch 2 / 7 -  partial tp {0: tensor(0), 1: tensor(163)},fn {0: tensor(35), 1: tensor(0)},fp {0: tensor(0), 1: tensor(35)}
INFO:root:TEST batch 2 / 7 - measures partial microavg - precision 0.8232 - recall 0.8232 - f1 0.8232 
INFO:root:TEST batch 2 / 7 - measures partial for class 0 - precision 0.0000 - recall 0.0000 - f1 0.0000 
INFO:root:TEST batch 2 / 7 - measures partial for class 1 - precision 0.8232 - recall 1.0000 - f1 0.9030 
INFO:root:TEST batch 2 / 7 - Batch time 0 
INFO:root:TEST batch 3 / 7 - partial error 0.1801 - partial loss 0.7278 - partial MRR  0.0000 - partial MAP 0.9557
INFO:root:TEST batch 3 / 7 -  partial tp {0: tensor(0), 1: tensor(164)},fn {0: tensor(34), 1: tensor(0)},fp {0: tensor(0), 1: tensor(34)}
INFO:root:TEST batch 3 / 7 - measures partial microavg - precision 0.8283 - recall 0.8283 - f1 0.8283 
INFO:root:TEST batch 3 / 7 - measures partial for class 0 - precision 0.0000 - recall 0.0000 - f1 0.0000 
INFO:root:TEST batch 3 / 7 - measures partial for class 1 - precision 0.8283 - recall 1.0000 - f1 0.9061 
INFO:root:TEST batch 3 / 7 - Batch time 0 
INFO:root:TEST batch 4 / 7 - partial error 0.1768 - partial loss 0.7376 - partial MRR  0.0000 - partial MAP 0.9521
INFO:root:TEST batch 4 / 7 -  partial tp {0: tensor(0), 1: tensor(165)},fn {0: tensor(33), 1: tensor(0)},fp {0: tensor(0), 1: tensor(33)}
INFO:root:TEST batch 4 / 7 - measures partial microavg - precision 0.8333 - recall 0.8333 - f1 0.8333 
INFO:root:TEST batch 4 / 7 - measures partial for class 0 - precision 0.0000 - recall 0.0000 - f1 0.0000 
INFO:root:TEST batch 4 / 7 - measures partial for class 1 - precision 0.8333 - recall 1.0000 - f1 0.9091 
INFO:root:TEST batch 4 / 7 - Batch time 0 
INFO:root:TEST batch 5 / 7 - partial error 0.1778 - partial loss 0.7260 - partial MRR  0.0000 - partial MAP 0.9544
INFO:root:TEST batch 5 / 7 -  partial tp {0: tensor(0), 1: tensor(162)},fn {0: tensor(36), 1: tensor(0)},fp {0: tensor(0), 1: tensor(36)}
INFO:root:TEST batch 5 / 7 - measures partial microavg - precision 0.8182 - recall 0.8182 - f1 0.8182 
INFO:root:TEST batch 5 / 7 - measures partial for class 0 - precision 0.0000 - recall 0.0000 - f1 0.0000 
INFO:root:TEST batch 5 / 7 - measures partial for class 1 - precision 0.8182 - recall 1.0000 - f1 0.9000 
INFO:root:TEST batch 5 / 7 - Batch time 0 
INFO:root:TEST batch 6 / 7 - partial error 0.1810 - partial loss 0.7381 - partial MRR  0.0000 - partial MAP 0.9525
INFO:root:TEST batch 6 / 7 -  partial tp {0: tensor(0), 1: tensor(159)},fn {0: tensor(39), 1: tensor(0)},fp {0: tensor(0), 1: tensor(39)}
INFO:root:TEST batch 6 / 7 - measures partial microavg - precision 0.8030 - recall 0.8030 - f1 0.8030 
INFO:root:TEST batch 6 / 7 - measures partial for class 0 - precision 0.0000 - recall 0.0000 - f1 0.0000 
INFO:root:TEST batch 6 / 7 - measures partial for class 1 - precision 0.8030 - recall 1.0000 - f1 0.8908 
INFO:root:TEST batch 6 / 7 - Batch time 0 
INFO:root:TEST batch 7 / 7 - partial error 0.1811 - partial loss 0.7434 - partial MRR  0.0000 - partial MAP 0.9527
INFO:root:TEST batch 7 / 7 -  partial tp {0: tensor(0), 1: tensor(162)},fn {0: tensor(36), 1: tensor(0)},fp {0: tensor(0), 1: tensor(36)}
INFO:root:TEST batch 7 / 7 - measures partial microavg - precision 0.8182 - recall 0.8182 - f1 0.8182 
INFO:root:TEST batch 7 / 7 - measures partial for class 0 - precision 0.0000 - recall 0.0000 - f1 0.0000 
INFO:root:TEST batch 7 / 7 - measures partial for class 1 - precision 0.8182 - recall 1.0000 - f1 0.9000 
INFO:root:TEST batch 7 / 7 - Batch time 0 
INFO:root:TEST mean losses tensor(0.7434)
INFO:root:TEST mean errors 0.18109668791294098
INFO:root:TEST mean MRR 0.0 - mean MAP 0.9527485966682434
INFO:root:TEST tp {0: tensor(0), 1: tensor(1135)},fn {0: tensor(251), 1: tensor(0)},fp {0: tensor(0), 1: tensor(251)}
INFO:root:TEST measures microavg - precision 0.8189 - recall 0.8189 - f1 0.8189 
INFO:root:TEST measures for class 0 - precision 0.0000 - recall 0.0000 - f1 0.0000 
INFO:root:TEST measures for class 1 - precision 0.8189 - recall 1.0000 - f1 0.9004 
INFO:root:TEST measures@10 microavg - precision 1.0000 - recall 0.0512 - f1 0.0975 
INFO:root:TEST measures@10 for class 0 - precision 1.0000 - recall 0.0040 - f1 0.0079 
INFO:root:TEST measures@10 for class 1 - precision 1.0000 - recall 0.0617 - f1 0.1162 
INFO:root:TEST measures@100 microavg - precision 0.7882 - recall 0.4646 - f1 0.5847 
INFO:root:TEST measures@100 for class 0 - precision 0.4457 - recall 0.3108 - f1 0.3662 
INFO:root:TEST measures@100 for class 1 - precision 0.8816 - recall 0.4987 - f1 0.6370 
INFO:root:TEST measures@1000 microavg - precision 0.6010 - recall 0.6010 - f1 0.6010 
INFO:root:TEST measures@1000 for class 0 - precision 0.2388 - recall 0.5498 - f1 0.3329 
INFO:root:TEST measures@1000 for class 1 - precision 0.8601 - recall 0.6123 - f1 0.7154 
INFO:root:TEST Total epoch time: 0.09084177700015061
INFO:root:################ TRAIN epoch 84 ###################
INFO:root:TRAIN mean losses tensor(0.7103)
INFO:root:TRAIN mean errors 0.17474748194217682
INFO:root:TRAIN mean MRR 0.0 - mean MAP 0.9617688655853271
INFO:root:TRAIN tp {0: tensor(0), 1: tensor(4902)},fn {0: tensor(1038), 1: tensor(0)},fp {0: tensor(0), 1: tensor(1038)}
INFO:root:TRAIN measures microavg - precision 0.8253 - recall 0.8253 - f1 0.8253 
INFO:root:TRAIN measures for class 0 - precision 0.0000 - recall 0.0000 - f1 0.0000 
INFO:root:TRAIN measures for class 1 - precision 0.8253 - recall 1.0000 - f1 0.9043 
INFO:root:TRAIN measures@10 microavg - precision 0.9836 - recall 0.0503 - f1 0.0958 
INFO:root:TRAIN measures@10 for class 0 - precision 0.7500 - recall 0.0029 - f1 0.0058 
INFO:root:TRAIN measures@10 for class 1 - precision 0.9867 - recall 0.0604 - f1 0.1138 
INFO:root:TRAIN measures@100 microavg - precision 0.8443 - recall 0.4865 - f1 0.6173 
INFO:root:TRAIN measures@100 for class 0 - precision 0.4391 - recall 0.2119 - f1 0.2859 
INFO:root:TRAIN measures@100 for class 1 - precision 0.9138 - recall 0.5447 - f1 0.6825 
INFO:root:TRAIN measures@1000 microavg - precision 0.6865 - recall 0.6865 - f1 0.6865 
INFO:root:TRAIN measures@1000 for class 0 - precision 0.2648 - recall 0.4470 - f1 0.3326 
INFO:root:TRAIN measures@1000 for class 1 - precision 0.8629 - recall 0.7373 - f1 0.7952 
INFO:root:TRAIN Total epoch time: 0.5830464709997614
INFO:root:################ VALID epoch 84 ###################
INFO:root:VALID mean losses tensor(0.7099)
INFO:root:VALID mean errors 0.17255891859531403
INFO:root:VALID mean MRR 0.0 - mean MAP 0.9589606523513794
INFO:root:VALID tp {0: tensor(0), 1: tensor(983)},fn {0: tensor(205), 1: tensor(0)},fp {0: tensor(0), 1: tensor(205)}
INFO:root:VALID measures microavg - precision 0.8274 - recall 0.8274 - f1 0.8274 
INFO:root:VALID measures for class 0 - precision 0.0000 - recall 0.0000 - f1 0.0000 
INFO:root:VALID measures for class 1 - precision 0.8274 - recall 1.0000 - f1 0.9056 
INFO:root:VALID measures@10 microavg - precision 0.9672 - recall 0.0497 - f1 0.0945 
INFO:root:VALID measures@10 for class 0 - precision 1.0000 - recall 0.0049 - f1 0.0097 
INFO:root:VALID measures@10 for class 1 - precision 0.9667 - recall 0.0590 - f1 0.1112 
INFO:root:VALID measures@100 microavg - precision 0.8748 - recall 0.4941 - f1 0.6315 
INFO:root:VALID measures@100 for class 0 - precision 0.5200 - recall 0.1902 - f1 0.2786 
INFO:root:VALID measures@100 for class 1 - precision 0.9195 - recall 0.5575 - f1 0.6941 
INFO:root:VALID measures@1000 microavg - precision 0.7029 - recall 0.7029 - f1 0.7029 
INFO:root:VALID measures@1000 for class 0 - precision 0.2702 - recall 0.4244 - f1 0.3302 
INFO:root:VALID measures@1000 for class 1 - precision 0.8637 - recall 0.7609 - f1 0.8091 
INFO:root:VALID Total epoch time: 0.06794758400019418
INFO:root:################ TEST epoch 84 ###################
INFO:root:TEST batch 1 / 7 - partial error 0.1919 - partial loss 0.8156 - partial MRR  0.0000 - partial MAP 0.9340
INFO:root:TEST batch 1 / 7 -  partial tp {0: tensor(0), 1: tensor(160)},fn {0: tensor(38), 1: tensor(0)},fp {0: tensor(0), 1: tensor(38)}
INFO:root:TEST batch 1 / 7 - measures partial microavg - precision 0.8081 - recall 0.8081 - f1 0.8081 
INFO:root:TEST batch 1 / 7 - measures partial for class 0 - precision 0.0000 - recall 0.0000 - f1 0.0000 
INFO:root:TEST batch 1 / 7 - measures partial for class 1 - precision 0.8081 - recall 1.0000 - f1 0.8939 
INFO:root:TEST batch 1 / 7 - Batch time 0 
INFO:root:TEST batch 2 / 7 - partial error 0.1843 - partial loss 0.7599 - partial MRR  0.0000 - partial MAP 0.9480
INFO:root:TEST batch 2 / 7 -  partial tp {0: tensor(0), 1: tensor(163)},fn {0: tensor(35), 1: tensor(0)},fp {0: tensor(0), 1: tensor(35)}
INFO:root:TEST batch 2 / 7 - measures partial microavg - precision 0.8232 - recall 0.8232 - f1 0.8232 
INFO:root:TEST batch 2 / 7 - measures partial for class 0 - precision 0.0000 - recall 0.0000 - f1 0.0000 
INFO:root:TEST batch 2 / 7 - measures partial for class 1 - precision 0.8232 - recall 1.0000 - f1 0.9030 
INFO:root:TEST batch 2 / 7 - Batch time 0 
INFO:root:TEST batch 3 / 7 - partial error 0.1801 - partial loss 0.7457 - partial MRR  0.0000 - partial MAP 0.9493
INFO:root:TEST batch 3 / 7 -  partial tp {0: tensor(0), 1: tensor(164)},fn {0: tensor(34), 1: tensor(0)},fp {0: tensor(0), 1: tensor(34)}
INFO:root:TEST batch 3 / 7 - measures partial microavg - precision 0.8283 - recall 0.8283 - f1 0.8283 
INFO:root:TEST batch 3 / 7 - measures partial for class 0 - precision 0.0000 - recall 0.0000 - f1 0.0000 
INFO:root:TEST batch 3 / 7 - measures partial for class 1 - precision 0.8283 - recall 1.0000 - f1 0.9061 
INFO:root:TEST batch 3 / 7 - Batch time 0 
INFO:root:TEST batch 4 / 7 - partial error 0.1768 - partial loss 0.7525 - partial MRR  0.0000 - partial MAP 0.9458
INFO:root:TEST batch 4 / 7 -  partial tp {0: tensor(0), 1: tensor(165)},fn {0: tensor(33), 1: tensor(0)},fp {0: tensor(0), 1: tensor(33)}
INFO:root:TEST batch 4 / 7 - measures partial microavg - precision 0.8333 - recall 0.8333 - f1 0.8333 
INFO:root:TEST batch 4 / 7 - measures partial for class 0 - precision 0.0000 - recall 0.0000 - f1 0.0000 
INFO:root:TEST batch 4 / 7 - measures partial for class 1 - precision 0.8333 - recall 1.0000 - f1 0.9091 
INFO:root:TEST batch 4 / 7 - Batch time 0 
INFO:root:TEST batch 5 / 7 - partial error 0.1778 - partial loss 0.7391 - partial MRR  0.0000 - partial MAP 0.9482
INFO:root:TEST batch 5 / 7 -  partial tp {0: tensor(0), 1: tensor(162)},fn {0: tensor(36), 1: tensor(0)},fp {0: tensor(0), 1: tensor(36)}
INFO:root:TEST batch 5 / 7 - measures partial microavg - precision 0.8182 - recall 0.8182 - f1 0.8182 
INFO:root:TEST batch 5 / 7 - measures partial for class 0 - precision 0.0000 - recall 0.0000 - f1 0.0000 
INFO:root:TEST batch 5 / 7 - measures partial for class 1 - precision 0.8182 - recall 1.0000 - f1 0.9000 
INFO:root:TEST batch 5 / 7 - Batch time 0 
INFO:root:TEST batch 6 / 7 - partial error 0.1810 - partial loss 0.7515 - partial MRR  0.0000 - partial MAP 0.9469
INFO:root:TEST batch 6 / 7 -  partial tp {0: tensor(0), 1: tensor(159)},fn {0: tensor(39), 1: tensor(0)},fp {0: tensor(0), 1: tensor(39)}
INFO:root:TEST batch 6 / 7 - measures partial microavg - precision 0.8030 - recall 0.8030 - f1 0.8030 
INFO:root:TEST batch 6 / 7 - measures partial for class 0 - precision 0.0000 - recall 0.0000 - f1 0.0000 
INFO:root:TEST batch 6 / 7 - measures partial for class 1 - precision 0.8030 - recall 1.0000 - f1 0.8908 
INFO:root:TEST batch 6 / 7 - Batch time 0 
INFO:root:TEST batch 7 / 7 - partial error 0.1811 - partial loss 0.7525 - partial MRR  0.0000 - partial MAP 0.9479
INFO:root:TEST batch 7 / 7 -  partial tp {0: tensor(0), 1: tensor(162)},fn {0: tensor(36), 1: tensor(0)},fp {0: tensor(0), 1: tensor(36)}
INFO:root:TEST batch 7 / 7 - measures partial microavg - precision 0.8182 - recall 0.8182 - f1 0.8182 
INFO:root:TEST batch 7 / 7 - measures partial for class 0 - precision 0.0000 - recall 0.0000 - f1 0.0000 
INFO:root:TEST batch 7 / 7 - measures partial for class 1 - precision 0.8182 - recall 1.0000 - f1 0.9000 
INFO:root:TEST batch 7 / 7 - Batch time 0 
INFO:root:TEST mean losses tensor(0.7525)
INFO:root:TEST mean errors 0.18109668791294098
INFO:root:TEST mean MRR 0.0 - mean MAP 0.9479139447212219
INFO:root:TEST tp {0: tensor(0), 1: tensor(1135)},fn {0: tensor(251), 1: tensor(0)},fp {0: tensor(0), 1: tensor(251)}
INFO:root:TEST measures microavg - precision 0.8189 - recall 0.8189 - f1 0.8189 
INFO:root:TEST measures for class 0 - precision 0.0000 - recall 0.0000 - f1 0.0000 
INFO:root:TEST measures for class 1 - precision 0.8189 - recall 1.0000 - f1 0.9004 
INFO:root:TEST measures@10 microavg - precision 0.9722 - recall 0.0505 - f1 0.0960 
INFO:root:TEST measures@10 for class 0 - precision 1.0000 - recall 0.0080 - f1 0.0158 
INFO:root:TEST measures@10 for class 1 - precision 0.9714 - recall 0.0599 - f1 0.1129 
INFO:root:TEST measures@100 microavg - precision 0.8061 - recall 0.4798 - f1 0.6015 
INFO:root:TEST measures@100 for class 0 - precision 0.4365 - recall 0.2191 - f1 0.2918 
INFO:root:TEST measures@100 for class 1 - precision 0.8727 - recall 0.5374 - f1 0.6652 
INFO:root:TEST measures@1000 microavg - precision 0.6328 - recall 0.6328 - f1 0.6328 
INFO:root:TEST measures@1000 for class 0 - precision 0.2430 - recall 0.4861 - f1 0.3240 
INFO:root:TEST measures@1000 for class 1 - precision 0.8541 - recall 0.6652 - f1 0.7479 
INFO:root:TEST Total epoch time: 0.08887633200038181
INFO:root:################ TRAIN epoch 85 ###################
INFO:root:TRAIN mean losses tensor(0.6979)
INFO:root:TRAIN mean errors 0.17474748194217682
INFO:root:TRAIN mean MRR 0.0 - mean MAP 0.9636988639831543
INFO:root:TRAIN tp {0: tensor(0), 1: tensor(4902)},fn {0: tensor(1038), 1: tensor(0)},fp {0: tensor(0), 1: tensor(1038)}
INFO:root:TRAIN measures microavg - precision 0.8253 - recall 0.8253 - f1 0.8253 
INFO:root:TRAIN measures for class 0 - precision 0.0000 - recall 0.0000 - f1 0.0000 
INFO:root:TRAIN measures for class 1 - precision 0.8253 - recall 1.0000 - f1 0.9043 
INFO:root:TRAIN measures@10 microavg - precision 0.9802 - recall 0.0500 - f1 0.0951 
INFO:root:TRAIN measures@10 for class 0 - precision 1.0000 - recall 0.0029 - f1 0.0058 
INFO:root:TRAIN measures@10 for class 1 - precision 0.9800 - recall 0.0600 - f1 0.1130 
INFO:root:TRAIN measures@100 microavg - precision 0.8530 - recall 0.4993 - f1 0.6299 
INFO:root:TRAIN measures@100 for class 0 - precision 0.5028 - recall 0.2563 - f1 0.3395 
INFO:root:TRAIN measures@100 for class 1 - precision 0.9159 - recall 0.5508 - f1 0.6879 
INFO:root:TRAIN measures@1000 microavg - precision 0.6734 - recall 0.6734 - f1 0.6734 
INFO:root:TRAIN measures@1000 for class 0 - precision 0.2770 - recall 0.5395 - f1 0.3660 
INFO:root:TRAIN measures@1000 for class 1 - precision 0.8780 - recall 0.7018 - f1 0.7800 
INFO:root:TRAIN Total epoch time: 0.602098801000011
INFO:root:################ VALID epoch 85 ###################
INFO:root:VALID mean losses tensor(0.6963)
INFO:root:VALID mean errors 0.17255891859531403
INFO:root:VALID mean MRR 0.0 - mean MAP 0.9595616459846497
INFO:root:VALID tp {0: tensor(0), 1: tensor(983)},fn {0: tensor(205), 1: tensor(0)},fp {0: tensor(0), 1: tensor(205)}
INFO:root:VALID measures microavg - precision 0.8274 - recall 0.8274 - f1 0.8274 
INFO:root:VALID measures for class 0 - precision 0.0000 - recall 0.0000 - f1 0.0000 
INFO:root:VALID measures for class 1 - precision 0.8274 - recall 1.0000 - f1 0.9056 
INFO:root:VALID measures@10 microavg - precision 0.9839 - recall 0.0513 - f1 0.0976 
INFO:root:VALID measures@10 for class 0 - precision 1.0000 - recall 0.0098 - f1 0.0193 
INFO:root:VALID measures@10 for class 1 - precision 0.9833 - recall 0.0600 - f1 0.1131 
INFO:root:VALID measures@100 microavg - precision 0.8188 - recall 0.4983 - f1 0.6196 
INFO:root:VALID measures@100 for class 0 - precision 0.5000 - recall 0.3073 - f1 0.3807 
INFO:root:VALID measures@100 for class 1 - precision 0.8861 - recall 0.5381 - f1 0.6696 
INFO:root:VALID measures@1000 microavg - precision 0.5976 - recall 0.5976 - f1 0.5976 
INFO:root:VALID measures@1000 for class 0 - precision 0.2308 - recall 0.5707 - f1 0.3287 
INFO:root:VALID measures@1000 for class 1 - precision 0.8708 - recall 0.6033 - f1 0.7127 
INFO:root:VALID Total epoch time: 0.07422592700004316
INFO:root:################ TEST epoch 85 ###################
INFO:root:TEST batch 1 / 7 - partial error 0.1919 - partial loss 0.7978 - partial MRR  0.0000 - partial MAP 0.9428
INFO:root:TEST batch 1 / 7 -  partial tp {0: tensor(0), 1: tensor(160)},fn {0: tensor(38), 1: tensor(0)},fp {0: tensor(0), 1: tensor(38)}
INFO:root:TEST batch 1 / 7 - measures partial microavg - precision 0.8081 - recall 0.8081 - f1 0.8081 
INFO:root:TEST batch 1 / 7 - measures partial for class 0 - precision 0.0000 - recall 0.0000 - f1 0.0000 
INFO:root:TEST batch 1 / 7 - measures partial for class 1 - precision 0.8081 - recall 1.0000 - f1 0.8939 
INFO:root:TEST batch 1 / 7 - Batch time 0 
INFO:root:TEST batch 2 / 7 - partial error 0.1843 - partial loss 0.7749 - partial MRR  0.0000 - partial MAP 0.9430
INFO:root:TEST batch 2 / 7 -  partial tp {0: tensor(0), 1: tensor(163)},fn {0: tensor(35), 1: tensor(0)},fp {0: tensor(0), 1: tensor(35)}
INFO:root:TEST batch 2 / 7 - measures partial microavg - precision 0.8232 - recall 0.8232 - f1 0.8232 
INFO:root:TEST batch 2 / 7 - measures partial for class 0 - precision 0.0000 - recall 0.0000 - f1 0.0000 
INFO:root:TEST batch 2 / 7 - measures partial for class 1 - precision 0.8232 - recall 1.0000 - f1 0.9030 
INFO:root:TEST batch 2 / 7 - Batch time 0 
INFO:root:TEST batch 3 / 7 - partial error 0.1801 - partial loss 0.7496 - partial MRR  0.0000 - partial MAP 0.9472
INFO:root:TEST batch 3 / 7 -  partial tp {0: tensor(0), 1: tensor(164)},fn {0: tensor(34), 1: tensor(0)},fp {0: tensor(0), 1: tensor(34)}
INFO:root:TEST batch 3 / 7 - measures partial microavg - precision 0.8283 - recall 0.8283 - f1 0.8283 
INFO:root:TEST batch 3 / 7 - measures partial for class 0 - precision 0.0000 - recall 0.0000 - f1 0.0000 
INFO:root:TEST batch 3 / 7 - measures partial for class 1 - precision 0.8283 - recall 1.0000 - f1 0.9061 
INFO:root:TEST batch 3 / 7 - Batch time 0 
INFO:root:TEST batch 4 / 7 - partial error 0.1768 - partial loss 0.7571 - partial MRR  0.0000 - partial MAP 0.9429
INFO:root:TEST batch 4 / 7 -  partial tp {0: tensor(0), 1: tensor(165)},fn {0: tensor(33), 1: tensor(0)},fp {0: tensor(0), 1: tensor(33)}
INFO:root:TEST batch 4 / 7 - measures partial microavg - precision 0.8333 - recall 0.8333 - f1 0.8333 
INFO:root:TEST batch 4 / 7 - measures partial for class 0 - precision 0.0000 - recall 0.0000 - f1 0.0000 
INFO:root:TEST batch 4 / 7 - measures partial for class 1 - precision 0.8333 - recall 1.0000 - f1 0.9091 
INFO:root:TEST batch 4 / 7 - Batch time 0 
INFO:root:TEST batch 5 / 7 - partial error 0.1778 - partial loss 0.7465 - partial MRR  0.0000 - partial MAP 0.9473
INFO:root:TEST batch 5 / 7 -  partial tp {0: tensor(0), 1: tensor(162)},fn {0: tensor(36), 1: tensor(0)},fp {0: tensor(0), 1: tensor(36)}
INFO:root:TEST batch 5 / 7 - measures partial microavg - precision 0.8182 - recall 0.8182 - f1 0.8182 
INFO:root:TEST batch 5 / 7 - measures partial for class 0 - precision 0.0000 - recall 0.0000 - f1 0.0000 
INFO:root:TEST batch 5 / 7 - measures partial for class 1 - precision 0.8182 - recall 1.0000 - f1 0.9000 
INFO:root:TEST batch 5 / 7 - Batch time 0 
INFO:root:TEST batch 6 / 7 - partial error 0.1810 - partial loss 0.7609 - partial MRR  0.0000 - partial MAP 0.9450
INFO:root:TEST batch 6 / 7 -  partial tp {0: tensor(0), 1: tensor(159)},fn {0: tensor(39), 1: tensor(0)},fp {0: tensor(0), 1: tensor(39)}
INFO:root:TEST batch 6 / 7 - measures partial microavg - precision 0.8030 - recall 0.8030 - f1 0.8030 
INFO:root:TEST batch 6 / 7 - measures partial for class 0 - precision 0.0000 - recall 0.0000 - f1 0.0000 
INFO:root:TEST batch 6 / 7 - measures partial for class 1 - precision 0.8030 - recall 1.0000 - f1 0.8908 
INFO:root:TEST batch 6 / 7 - Batch time 0 
INFO:root:TEST batch 7 / 7 - partial error 0.1811 - partial loss 0.7614 - partial MRR  0.0000 - partial MAP 0.9468
INFO:root:TEST batch 7 / 7 -  partial tp {0: tensor(0), 1: tensor(162)},fn {0: tensor(36), 1: tensor(0)},fp {0: tensor(0), 1: tensor(36)}
INFO:root:TEST batch 7 / 7 - measures partial microavg - precision 0.8182 - recall 0.8182 - f1 0.8182 
INFO:root:TEST batch 7 / 7 - measures partial for class 0 - precision 0.0000 - recall 0.0000 - f1 0.0000 
INFO:root:TEST batch 7 / 7 - measures partial for class 1 - precision 0.8182 - recall 1.0000 - f1 0.9000 
INFO:root:TEST batch 7 / 7 - Batch time 0 
INFO:root:TEST mean losses tensor(0.7614)
INFO:root:TEST mean errors 0.18109668791294098
INFO:root:TEST mean MRR 0.0 - mean MAP 0.9467675685882568
INFO:root:TEST tp {0: tensor(0), 1: tensor(1135)},fn {0: tensor(251), 1: tensor(0)},fp {0: tensor(0), 1: tensor(251)}
INFO:root:TEST measures microavg - precision 0.8189 - recall 0.8189 - f1 0.8189 
INFO:root:TEST measures for class 0 - precision 0.0000 - recall 0.0000 - f1 0.0000 
INFO:root:TEST measures for class 1 - precision 0.8189 - recall 1.0000 - f1 0.9004 
INFO:root:TEST measures@10 microavg - precision 0.9718 - recall 0.0498 - f1 0.0947 
INFO:root:TEST measures@10 for class 0 - precision 0.0000 - recall 0.0000 - f1 0.0000 
INFO:root:TEST measures@10 for class 1 - precision 0.9857 - recall 0.0608 - f1 0.1145 
INFO:root:TEST measures@100 microavg - precision 0.8126 - recall 0.4913 - f1 0.6124 
INFO:root:TEST measures@100 for class 0 - precision 0.4930 - recall 0.2789 - f1 0.3562 
INFO:root:TEST measures@100 for class 1 - precision 0.8779 - recall 0.5383 - f1 0.6674 
INFO:root:TEST measures@1000 microavg - precision 0.6277 - recall 0.6277 - f1 0.6277 
INFO:root:TEST measures@1000 for class 0 - precision 0.2417 - recall 0.4940 - f1 0.3246 
INFO:root:TEST measures@1000 for class 1 - precision 0.8545 - recall 0.6573 - f1 0.7430 
INFO:root:TEST Total epoch time: 0.16466640199996618
INFO:root:################ TRAIN epoch 86 ###################
INFO:root:TRAIN mean losses tensor(0.7189)
INFO:root:TRAIN mean errors 0.17491582036018372
INFO:root:TRAIN mean MRR 0.0 - mean MAP 0.9610803127288818
INFO:root:TRAIN tp {0: tensor(0), 1: tensor(4901)},fn {0: tensor(1038), 1: tensor(1)},fp {0: tensor(1), 1: tensor(1038)}
INFO:root:TRAIN measures microavg - precision 0.8251 - recall 0.8251 - f1 0.8251 
INFO:root:TRAIN measures for class 0 - precision 0.0000 - recall 0.0000 - f1 0.0000 
INFO:root:TRAIN measures for class 1 - precision 0.8252 - recall 0.9998 - f1 0.9042 
INFO:root:TRAIN measures@10 microavg - precision 0.9867 - recall 0.0500 - f1 0.0952 
INFO:root:TRAIN measures@10 for class 0 - precision 0.0000 - recall 0.0000 - f1 0.0000 
INFO:root:TRAIN measures@10 for class 1 - precision 0.9900 - recall 0.0606 - f1 0.1142 
INFO:root:TRAIN measures@100 microavg - precision 0.8577 - recall 0.4983 - f1 0.6304 
INFO:root:TRAIN measures@100 for class 0 - precision 0.4898 - recall 0.2322 - f1 0.3150 
INFO:root:TRAIN measures@100 for class 1 - precision 0.9189 - recall 0.5547 - f1 0.6918 
INFO:root:TRAIN measures@1000 microavg - precision 0.6865 - recall 0.6865 - f1 0.6865 
INFO:root:TRAIN measures@1000 for class 0 - precision 0.2729 - recall 0.4769 - f1 0.3471 
INFO:root:TRAIN measures@1000 for class 1 - precision 0.8684 - recall 0.7309 - f1 0.7938 
INFO:root:TRAIN Total epoch time: 0.5453545469999881
INFO:root:################ VALID epoch 86 ###################
INFO:root:VALID mean losses tensor(0.7042)
INFO:root:VALID mean errors 0.17255891859531403
INFO:root:VALID mean MRR 0.0 - mean MAP 0.9618701934814453
INFO:root:VALID tp {0: tensor(0), 1: tensor(983)},fn {0: tensor(205), 1: tensor(0)},fp {0: tensor(0), 1: tensor(205)}
INFO:root:VALID measures microavg - precision 0.8274 - recall 0.8274 - f1 0.8274 
INFO:root:VALID measures for class 0 - precision 0.0000 - recall 0.0000 - f1 0.0000 
INFO:root:VALID measures for class 1 - precision 0.8274 - recall 1.0000 - f1 0.9056 
INFO:root:VALID measures@10 microavg - precision 0.9833 - recall 0.0497 - f1 0.0946 
INFO:root:VALID measures@10 for class 0 - precision 0.0000 - recall 0.0000 - f1 0.0000 
INFO:root:VALID measures@10 for class 1 - precision 0.9833 - recall 0.0600 - f1 0.1131 
INFO:root:VALID measures@100 microavg - precision 0.8551 - recall 0.5017 - f1 0.6324 
INFO:root:VALID measures@100 for class 0 - precision 0.4742 - recall 0.2244 - f1 0.3046 
INFO:root:VALID measures@100 for class 1 - precision 0.9167 - recall 0.5595 - f1 0.6949 
INFO:root:VALID measures@1000 microavg - precision 0.6431 - recall 0.6431 - f1 0.6431 
INFO:root:VALID measures@1000 for class 0 - precision 0.2494 - recall 0.5317 - f1 0.3396 
INFO:root:VALID measures@1000 for class 1 - precision 0.8722 - recall 0.6663 - f1 0.7555 
INFO:root:VALID Total epoch time: 0.06264232200010156
INFO:root:################ TEST epoch 86 ###################
INFO:root:TEST batch 1 / 7 - partial error 0.1919 - partial loss 0.8214 - partial MRR  0.0000 - partial MAP 0.9430
INFO:root:TEST batch 1 / 7 -  partial tp {0: tensor(0), 1: tensor(160)},fn {0: tensor(38), 1: tensor(0)},fp {0: tensor(0), 1: tensor(38)}
INFO:root:TEST batch 1 / 7 - measures partial microavg - precision 0.8081 - recall 0.8081 - f1 0.8081 
INFO:root:TEST batch 1 / 7 - measures partial for class 0 - precision 0.0000 - recall 0.0000 - f1 0.0000 
INFO:root:TEST batch 1 / 7 - measures partial for class 1 - precision 0.8081 - recall 1.0000 - f1 0.8939 
INFO:root:TEST batch 1 / 7 - Batch time 0 
INFO:root:TEST batch 2 / 7 - partial error 0.1843 - partial loss 0.7739 - partial MRR  0.0000 - partial MAP 0.9518
INFO:root:TEST batch 2 / 7 -  partial tp {0: tensor(0), 1: tensor(163)},fn {0: tensor(35), 1: tensor(0)},fp {0: tensor(0), 1: tensor(35)}
INFO:root:TEST batch 2 / 7 - measures partial microavg - precision 0.8232 - recall 0.8232 - f1 0.8232 
INFO:root:TEST batch 2 / 7 - measures partial for class 0 - precision 0.0000 - recall 0.0000 - f1 0.0000 
INFO:root:TEST batch 2 / 7 - measures partial for class 1 - precision 0.8232 - recall 1.0000 - f1 0.9030 
INFO:root:TEST batch 2 / 7 - Batch time 0 
INFO:root:TEST batch 3 / 7 - partial error 0.1801 - partial loss 0.7504 - partial MRR  0.0000 - partial MAP 0.9557
INFO:root:TEST batch 3 / 7 -  partial tp {0: tensor(0), 1: tensor(164)},fn {0: tensor(34), 1: tensor(0)},fp {0: tensor(0), 1: tensor(34)}
INFO:root:TEST batch 3 / 7 - measures partial microavg - precision 0.8283 - recall 0.8283 - f1 0.8283 
INFO:root:TEST batch 3 / 7 - measures partial for class 0 - precision 0.0000 - recall 0.0000 - f1 0.0000 
INFO:root:TEST batch 3 / 7 - measures partial for class 1 - precision 0.8283 - recall 1.0000 - f1 0.9061 
INFO:root:TEST batch 3 / 7 - Batch time 0 
INFO:root:TEST batch 4 / 7 - partial error 0.1768 - partial loss 0.7608 - partial MRR  0.0000 - partial MAP 0.9511
INFO:root:TEST batch 4 / 7 -  partial tp {0: tensor(0), 1: tensor(165)},fn {0: tensor(33), 1: tensor(0)},fp {0: tensor(0), 1: tensor(33)}
INFO:root:TEST batch 4 / 7 - measures partial microavg - precision 0.8333 - recall 0.8333 - f1 0.8333 
INFO:root:TEST batch 4 / 7 - measures partial for class 0 - precision 0.0000 - recall 0.0000 - f1 0.0000 
INFO:root:TEST batch 4 / 7 - measures partial for class 1 - precision 0.8333 - recall 1.0000 - f1 0.9091 
INFO:root:TEST batch 4 / 7 - Batch time 0 
INFO:root:TEST batch 5 / 7 - partial error 0.1778 - partial loss 0.7524 - partial MRR  0.0000 - partial MAP 0.9526
INFO:root:TEST batch 5 / 7 -  partial tp {0: tensor(0), 1: tensor(162)},fn {0: tensor(36), 1: tensor(0)},fp {0: tensor(0), 1: tensor(36)}
INFO:root:TEST batch 5 / 7 - measures partial microavg - precision 0.8182 - recall 0.8182 - f1 0.8182 
INFO:root:TEST batch 5 / 7 - measures partial for class 0 - precision 0.0000 - recall 0.0000 - f1 0.0000 
INFO:root:TEST batch 5 / 7 - measures partial for class 1 - precision 0.8182 - recall 1.0000 - f1 0.9000 
INFO:root:TEST batch 5 / 7 - Batch time 0 
INFO:root:TEST batch 6 / 7 - partial error 0.1810 - partial loss 0.7658 - partial MRR  0.0000 - partial MAP 0.9505
INFO:root:TEST batch 6 / 7 -  partial tp {0: tensor(0), 1: tensor(159)},fn {0: tensor(39), 1: tensor(0)},fp {0: tensor(0), 1: tensor(39)}
INFO:root:TEST batch 6 / 7 - measures partial microavg - precision 0.8030 - recall 0.8030 - f1 0.8030 
INFO:root:TEST batch 6 / 7 - measures partial for class 0 - precision 0.0000 - recall 0.0000 - f1 0.0000 
INFO:root:TEST batch 6 / 7 - measures partial for class 1 - precision 0.8030 - recall 1.0000 - f1 0.8908 
INFO:root:TEST batch 6 / 7 - Batch time 0 
INFO:root:TEST batch 7 / 7 - partial error 0.1811 - partial loss 0.7708 - partial MRR  0.0000 - partial MAP 0.9507
INFO:root:TEST batch 7 / 7 -  partial tp {0: tensor(0), 1: tensor(162)},fn {0: tensor(36), 1: tensor(0)},fp {0: tensor(0), 1: tensor(36)}
INFO:root:TEST batch 7 / 7 - measures partial microavg - precision 0.8182 - recall 0.8182 - f1 0.8182 
INFO:root:TEST batch 7 / 7 - measures partial for class 0 - precision 0.0000 - recall 0.0000 - f1 0.0000 
INFO:root:TEST batch 7 / 7 - measures partial for class 1 - precision 0.8182 - recall 1.0000 - f1 0.9000 
INFO:root:TEST batch 7 / 7 - Batch time 0 
INFO:root:TEST mean losses tensor(0.7708)
INFO:root:TEST mean errors 0.18109668791294098
INFO:root:TEST mean MRR 0.0 - mean MAP 0.9506956338882446
INFO:root:TEST tp {0: tensor(0), 1: tensor(1135)},fn {0: tensor(251), 1: tensor(0)},fp {0: tensor(0), 1: tensor(251)}
INFO:root:TEST measures microavg - precision 0.8189 - recall 0.8189 - f1 0.8189 
INFO:root:TEST measures for class 0 - precision 0.0000 - recall 0.0000 - f1 0.0000 
INFO:root:TEST measures for class 1 - precision 0.8189 - recall 1.0000 - f1 0.9004 
INFO:root:TEST measures@10 microavg - precision 0.9722 - recall 0.0505 - f1 0.0960 
INFO:root:TEST measures@10 for class 0 - precision 0.5000 - recall 0.0040 - f1 0.0079 
INFO:root:TEST measures@10 for class 1 - precision 0.9857 - recall 0.0608 - f1 0.1145 
INFO:root:TEST measures@100 microavg - precision 0.8286 - recall 0.4848 - f1 0.6117 
INFO:root:TEST measures@100 for class 0 - precision 0.4865 - recall 0.2151 - f1 0.2983 
INFO:root:TEST measures@100 for class 1 - precision 0.8829 - recall 0.5445 - f1 0.6736 
INFO:root:TEST measures@1000 microavg - precision 0.6696 - recall 0.6696 - f1 0.6696 
INFO:root:TEST measures@1000 for class 0 - precision 0.2482 - recall 0.4064 - f1 0.3082 
INFO:root:TEST measures@1000 for class 1 - precision 0.8472 - recall 0.7278 - f1 0.7829 
INFO:root:TEST Total epoch time: 0.08375236600022617
INFO:root:################ TRAIN epoch 87 ###################
INFO:root:TRAIN mean losses tensor(0.7095)
INFO:root:TRAIN mean errors 0.17474748194217682
INFO:root:TRAIN mean MRR 0.0 - mean MAP 0.9624561071395874
INFO:root:TRAIN tp {0: tensor(0), 1: tensor(4902)},fn {0: tensor(1038), 1: tensor(0)},fp {0: tensor(0), 1: tensor(1038)}
INFO:root:TRAIN measures microavg - precision 0.8253 - recall 0.8253 - f1 0.8253 
INFO:root:TRAIN measures for class 0 - precision 0.0000 - recall 0.0000 - f1 0.0000 
INFO:root:TRAIN measures for class 1 - precision 0.8253 - recall 1.0000 - f1 0.9043 
INFO:root:TRAIN measures@10 microavg - precision 0.9934 - recall 0.0505 - f1 0.0961 
INFO:root:TRAIN measures@10 for class 0 - precision 1.0000 - recall 0.0019 - f1 0.0038 
INFO:root:TRAIN measures@10 for class 1 - precision 0.9933 - recall 0.0608 - f1 0.1146 
INFO:root:TRAIN measures@100 microavg - precision 0.8833 - recall 0.4919 - f1 0.6319 
INFO:root:TRAIN measures@100 for class 0 - precision 0.5174 - recall 0.1715 - f1 0.2576 
INFO:root:TRAIN measures@100 for class 1 - precision 0.9258 - recall 0.5598 - f1 0.6977 
INFO:root:TRAIN measures@1000 microavg - precision 0.7281 - recall 0.7281 - f1 0.7281 
INFO:root:TRAIN measures@1000 for class 0 - precision 0.2836 - recall 0.3642 - f1 0.3189 
INFO:root:TRAIN measures@1000 for class 1 - precision 0.8567 - recall 0.8052 - f1 0.8302 
INFO:root:TRAIN Total epoch time: 0.5588815350001823
INFO:root:################ VALID epoch 87 ###################
INFO:root:VALID mean losses tensor(0.7238)
INFO:root:VALID mean errors 0.17255891859531403
INFO:root:VALID mean MRR 0.0 - mean MAP 0.9612473845481873
INFO:root:VALID tp {0: tensor(0), 1: tensor(983)},fn {0: tensor(205), 1: tensor(0)},fp {0: tensor(0), 1: tensor(205)}
INFO:root:VALID measures microavg - precision 0.8274 - recall 0.8274 - f1 0.8274 
INFO:root:VALID measures for class 0 - precision 0.0000 - recall 0.0000 - f1 0.0000 
INFO:root:VALID measures for class 1 - precision 0.8274 - recall 1.0000 - f1 0.9056 
INFO:root:VALID measures@10 microavg - precision 0.9672 - recall 0.0497 - f1 0.0945 
INFO:root:VALID measures@10 for class 0 - precision 1.0000 - recall 0.0049 - f1 0.0097 
INFO:root:VALID measures@10 for class 1 - precision 0.9667 - recall 0.0590 - f1 0.1112 
INFO:root:VALID measures@100 microavg - precision 0.8795 - recall 0.4916 - f1 0.6307 
INFO:root:VALID measures@100 for class 0 - precision 0.5000 - recall 0.1610 - f1 0.2435 
INFO:root:VALID measures@100 for class 1 - precision 0.9214 - recall 0.5605 - f1 0.6970 
INFO:root:VALID measures@1000 microavg - precision 0.7096 - recall 0.7096 - f1 0.7096 
INFO:root:VALID measures@1000 for class 0 - precision 0.2500 - recall 0.3415 - f1 0.2887 
INFO:root:VALID measures@1000 for class 1 - precision 0.8513 - recall 0.7864 - f1 0.8176 
INFO:root:VALID Total epoch time: 0.06476309099980426
INFO:root:################ TEST epoch 87 ###################
INFO:root:TEST batch 1 / 7 - partial error 0.1919 - partial loss 0.8493 - partial MRR  0.0000 - partial MAP 0.9431
INFO:root:TEST batch 1 / 7 -  partial tp {0: tensor(0), 1: tensor(160)},fn {0: tensor(38), 1: tensor(0)},fp {0: tensor(0), 1: tensor(38)}
INFO:root:TEST batch 1 / 7 - measures partial microavg - precision 0.8081 - recall 0.8081 - f1 0.8081 
INFO:root:TEST batch 1 / 7 - measures partial for class 0 - precision 0.0000 - recall 0.0000 - f1 0.0000 
INFO:root:TEST batch 1 / 7 - measures partial for class 1 - precision 0.8081 - recall 1.0000 - f1 0.8939 
INFO:root:TEST batch 1 / 7 - Batch time 0 
INFO:root:TEST batch 2 / 7 - partial error 0.1843 - partial loss 0.7942 - partial MRR  0.0000 - partial MAP 0.9503
INFO:root:TEST batch 2 / 7 -  partial tp {0: tensor(0), 1: tensor(163)},fn {0: tensor(35), 1: tensor(0)},fp {0: tensor(0), 1: tensor(35)}
INFO:root:TEST batch 2 / 7 - measures partial microavg - precision 0.8232 - recall 0.8232 - f1 0.8232 
INFO:root:TEST batch 2 / 7 - measures partial for class 0 - precision 0.0000 - recall 0.0000 - f1 0.0000 
INFO:root:TEST batch 2 / 7 - measures partial for class 1 - precision 0.8232 - recall 1.0000 - f1 0.9030 
INFO:root:TEST batch 2 / 7 - Batch time 0 
INFO:root:TEST batch 3 / 7 - partial error 0.1801 - partial loss 0.7691 - partial MRR  0.0000 - partial MAP 0.9540
INFO:root:TEST batch 3 / 7 -  partial tp {0: tensor(0), 1: tensor(164)},fn {0: tensor(34), 1: tensor(0)},fp {0: tensor(0), 1: tensor(34)}
INFO:root:TEST batch 3 / 7 - measures partial microavg - precision 0.8283 - recall 0.8283 - f1 0.8283 
INFO:root:TEST batch 3 / 7 - measures partial for class 0 - precision 0.0000 - recall 0.0000 - f1 0.0000 
INFO:root:TEST batch 3 / 7 - measures partial for class 1 - precision 0.8283 - recall 1.0000 - f1 0.9061 
INFO:root:TEST batch 3 / 7 - Batch time 0 
INFO:root:TEST batch 4 / 7 - partial error 0.1768 - partial loss 0.7720 - partial MRR  0.0000 - partial MAP 0.9496
INFO:root:TEST batch 4 / 7 -  partial tp {0: tensor(0), 1: tensor(165)},fn {0: tensor(33), 1: tensor(0)},fp {0: tensor(0), 1: tensor(33)}
INFO:root:TEST batch 4 / 7 - measures partial microavg - precision 0.8333 - recall 0.8333 - f1 0.8333 
INFO:root:TEST batch 4 / 7 - measures partial for class 0 - precision 0.0000 - recall 0.0000 - f1 0.0000 
INFO:root:TEST batch 4 / 7 - measures partial for class 1 - precision 0.8333 - recall 1.0000 - f1 0.9091 
INFO:root:TEST batch 4 / 7 - Batch time 0 
INFO:root:TEST batch 5 / 7 - partial error 0.1778 - partial loss 0.7588 - partial MRR  0.0000 - partial MAP 0.9516
INFO:root:TEST batch 5 / 7 -  partial tp {0: tensor(0), 1: tensor(162)},fn {0: tensor(36), 1: tensor(0)},fp {0: tensor(0), 1: tensor(36)}
INFO:root:TEST batch 5 / 7 - measures partial microavg - precision 0.8182 - recall 0.8182 - f1 0.8182 
INFO:root:TEST batch 5 / 7 - measures partial for class 0 - precision 0.0000 - recall 0.0000 - f1 0.0000 
INFO:root:TEST batch 5 / 7 - measures partial for class 1 - precision 0.8182 - recall 1.0000 - f1 0.9000 
INFO:root:TEST batch 5 / 7 - Batch time 0 
INFO:root:TEST batch 6 / 7 - partial error 0.1810 - partial loss 0.7785 - partial MRR  0.0000 - partial MAP 0.9502
INFO:root:TEST batch 6 / 7 -  partial tp {0: tensor(0), 1: tensor(159)},fn {0: tensor(39), 1: tensor(0)},fp {0: tensor(0), 1: tensor(39)}
INFO:root:TEST batch 6 / 7 - measures partial microavg - precision 0.8030 - recall 0.8030 - f1 0.8030 
INFO:root:TEST batch 6 / 7 - measures partial for class 0 - precision 0.0000 - recall 0.0000 - f1 0.0000 
INFO:root:TEST batch 6 / 7 - measures partial for class 1 - precision 0.8030 - recall 1.0000 - f1 0.8908 
INFO:root:TEST batch 6 / 7 - Batch time 0 
INFO:root:TEST batch 7 / 7 - partial error 0.1811 - partial loss 0.7800 - partial MRR  0.0000 - partial MAP 0.9505
INFO:root:TEST batch 7 / 7 -  partial tp {0: tensor(0), 1: tensor(162)},fn {0: tensor(36), 1: tensor(0)},fp {0: tensor(0), 1: tensor(36)}
INFO:root:TEST batch 7 / 7 - measures partial microavg - precision 0.8182 - recall 0.8182 - f1 0.8182 
INFO:root:TEST batch 7 / 7 - measures partial for class 0 - precision 0.0000 - recall 0.0000 - f1 0.0000 
INFO:root:TEST batch 7 / 7 - measures partial for class 1 - precision 0.8182 - recall 1.0000 - f1 0.9000 
INFO:root:TEST batch 7 / 7 - Batch time 0 
INFO:root:TEST mean losses tensor(0.7800)
INFO:root:TEST mean errors 0.18109668791294098
INFO:root:TEST mean MRR 0.0 - mean MAP 0.9504993557929993
INFO:root:TEST tp {0: tensor(0), 1: tensor(1135)},fn {0: tensor(251), 1: tensor(0)},fp {0: tensor(0), 1: tensor(251)}
INFO:root:TEST measures microavg - precision 0.8189 - recall 0.8189 - f1 0.8189 
INFO:root:TEST measures for class 0 - precision 0.0000 - recall 0.0000 - f1 0.0000 
INFO:root:TEST measures for class 1 - precision 0.8189 - recall 1.0000 - f1 0.9004 
INFO:root:TEST measures@10 microavg - precision 0.9718 - recall 0.0498 - f1 0.0947 
INFO:root:TEST measures@10 for class 0 - precision 1.0000 - recall 0.0040 - f1 0.0079 
INFO:root:TEST measures@10 for class 1 - precision 0.9714 - recall 0.0599 - f1 0.1129 
INFO:root:TEST measures@100 microavg - precision 0.8515 - recall 0.4798 - f1 0.6138 
INFO:root:TEST measures@100 for class 0 - precision 0.5185 - recall 0.1673 - f1 0.2530 
INFO:root:TEST measures@100 for class 1 - precision 0.8900 - recall 0.5489 - f1 0.6790 
INFO:root:TEST measures@1000 microavg - precision 0.6746 - recall 0.6746 - f1 0.6746 
INFO:root:TEST measures@1000 for class 0 - precision 0.2312 - recall 0.3426 - f1 0.2761 
INFO:root:TEST measures@1000 for class 1 - precision 0.8373 - recall 0.7480 - f1 0.7901 
INFO:root:TEST Total epoch time: 0.09066234200008694
INFO:root:################ TRAIN epoch 88 ###################
INFO:root:TRAIN mean losses tensor(0.7053)
INFO:root:TRAIN mean errors 0.17474748194217682
INFO:root:TRAIN mean MRR 0.0 - mean MAP 0.964053213596344
INFO:root:TRAIN tp {0: tensor(0), 1: tensor(4902)},fn {0: tensor(1038), 1: tensor(0)},fp {0: tensor(0), 1: tensor(1038)}
INFO:root:TRAIN measures microavg - precision 0.8253 - recall 0.8253 - f1 0.8253 
INFO:root:TRAIN measures for class 0 - precision 0.0000 - recall 0.0000 - f1 0.0000 
INFO:root:TRAIN measures for class 1 - precision 0.8253 - recall 1.0000 - f1 0.9043 
INFO:root:TRAIN measures@10 microavg - precision 0.9868 - recall 0.0505 - f1 0.0961 
INFO:root:TRAIN measures@10 for class 0 - precision 1.0000 - recall 0.0039 - f1 0.0077 
INFO:root:TRAIN measures@10 for class 1 - precision 0.9867 - recall 0.0604 - f1 0.1138 
INFO:root:TRAIN measures@100 microavg - precision 0.8499 - recall 0.4948 - f1 0.6255 
INFO:root:TRAIN measures@100 for class 0 - precision 0.4894 - recall 0.2437 - f1 0.3254 
INFO:root:TRAIN measures@100 for class 1 - precision 0.9133 - recall 0.5479 - f1 0.6849 
INFO:root:TRAIN measures@1000 microavg - precision 0.6614 - recall 0.6614 - f1 0.6614 
INFO:root:TRAIN measures@1000 for class 0 - precision 0.2609 - recall 0.5116 - f1 0.3456 
INFO:root:TRAIN measures@1000 for class 1 - precision 0.8702 - recall 0.6932 - f1 0.7717 
INFO:root:TRAIN Total epoch time: 0.5694535150000775
INFO:root:################ VALID epoch 88 ###################
INFO:root:VALID mean losses tensor(0.7233)
INFO:root:VALID mean errors 0.17255891859531403
INFO:root:VALID mean MRR 0.0 - mean MAP 0.9612652063369751
INFO:root:VALID tp {0: tensor(0), 1: tensor(983)},fn {0: tensor(205), 1: tensor(0)},fp {0: tensor(0), 1: tensor(205)}
INFO:root:VALID measures microavg - precision 0.8274 - recall 0.8274 - f1 0.8274 
INFO:root:VALID measures for class 0 - precision 0.0000 - recall 0.0000 - f1 0.0000 
INFO:root:VALID measures for class 1 - precision 0.8274 - recall 1.0000 - f1 0.9056 
INFO:root:VALID measures@10 microavg - precision 0.9833 - recall 0.0497 - f1 0.0946 
INFO:root:VALID measures@10 for class 0 - precision 0.0000 - recall 0.0000 - f1 0.0000 
INFO:root:VALID measures@10 for class 1 - precision 0.9833 - recall 0.0600 - f1 0.1131 
INFO:root:VALID measures@100 microavg - precision 0.8869 - recall 0.4882 - f1 0.6298 
INFO:root:VALID measures@100 for class 0 - precision 0.5000 - recall 0.1317 - f1 0.2085 
INFO:root:VALID measures@100 for class 1 - precision 0.9217 - recall 0.5626 - f1 0.6987 
INFO:root:VALID measures@1000 microavg - precision 0.7332 - recall 0.7332 - f1 0.7332 
INFO:root:VALID measures@1000 for class 0 - precision 0.2607 - recall 0.2976 - f1 0.2779 
INFO:root:VALID measures@1000 for class 1 - precision 0.8491 - recall 0.8240 - f1 0.8363 
INFO:root:VALID Total epoch time: 0.0678220150002744
INFO:root:################ TEST epoch 88 ###################
INFO:root:TEST batch 1 / 7 - partial error 0.1919 - partial loss 0.8072 - partial MRR  0.0000 - partial MAP 0.9455
INFO:root:TEST batch 1 / 7 -  partial tp {0: tensor(0), 1: tensor(160)},fn {0: tensor(38), 1: tensor(0)},fp {0: tensor(0), 1: tensor(38)}
INFO:root:TEST batch 1 / 7 - measures partial microavg - precision 0.8081 - recall 0.8081 - f1 0.8081 
INFO:root:TEST batch 1 / 7 - measures partial for class 0 - precision 0.0000 - recall 0.0000 - f1 0.0000 
INFO:root:TEST batch 1 / 7 - measures partial for class 1 - precision 0.8081 - recall 1.0000 - f1 0.8939 
INFO:root:TEST batch 1 / 7 - Batch time 0 
INFO:root:TEST batch 2 / 7 - partial error 0.1843 - partial loss 0.7777 - partial MRR  0.0000 - partial MAP 0.9506
INFO:root:TEST batch 2 / 7 -  partial tp {0: tensor(0), 1: tensor(163)},fn {0: tensor(35), 1: tensor(0)},fp {0: tensor(0), 1: tensor(35)}
INFO:root:TEST batch 2 / 7 - measures partial microavg - precision 0.8232 - recall 0.8232 - f1 0.8232 
INFO:root:TEST batch 2 / 7 - measures partial for class 0 - precision 0.0000 - recall 0.0000 - f1 0.0000 
INFO:root:TEST batch 2 / 7 - measures partial for class 1 - precision 0.8232 - recall 1.0000 - f1 0.9030 
INFO:root:TEST batch 2 / 7 - Batch time 0 
INFO:root:TEST batch 3 / 7 - partial error 0.1801 - partial loss 0.7652 - partial MRR  0.0000 - partial MAP 0.9545
INFO:root:TEST batch 3 / 7 -  partial tp {0: tensor(0), 1: tensor(164)},fn {0: tensor(34), 1: tensor(0)},fp {0: tensor(0), 1: tensor(34)}
INFO:root:TEST batch 3 / 7 - measures partial microavg - precision 0.8283 - recall 0.8283 - f1 0.8283 
INFO:root:TEST batch 3 / 7 - measures partial for class 0 - precision 0.0000 - recall 0.0000 - f1 0.0000 
INFO:root:TEST batch 3 / 7 - measures partial for class 1 - precision 0.8283 - recall 1.0000 - f1 0.9061 
INFO:root:TEST batch 3 / 7 - Batch time 0 
INFO:root:TEST batch 4 / 7 - partial error 0.1768 - partial loss 0.7721 - partial MRR  0.0000 - partial MAP 0.9508
INFO:root:TEST batch 4 / 7 -  partial tp {0: tensor(0), 1: tensor(165)},fn {0: tensor(33), 1: tensor(0)},fp {0: tensor(0), 1: tensor(33)}
INFO:root:TEST batch 4 / 7 - measures partial microavg - precision 0.8333 - recall 0.8333 - f1 0.8333 
INFO:root:TEST batch 4 / 7 - measures partial for class 0 - precision 0.0000 - recall 0.0000 - f1 0.0000 
INFO:root:TEST batch 4 / 7 - measures partial for class 1 - precision 0.8333 - recall 1.0000 - f1 0.9091 
INFO:root:TEST batch 4 / 7 - Batch time 0 
INFO:root:TEST batch 5 / 7 - partial error 0.1778 - partial loss 0.7585 - partial MRR  0.0000 - partial MAP 0.9518
INFO:root:TEST batch 5 / 7 -  partial tp {0: tensor(0), 1: tensor(162)},fn {0: tensor(36), 1: tensor(0)},fp {0: tensor(0), 1: tensor(36)}
INFO:root:TEST batch 5 / 7 - measures partial microavg - precision 0.8182 - recall 0.8182 - f1 0.8182 
INFO:root:TEST batch 5 / 7 - measures partial for class 0 - precision 0.0000 - recall 0.0000 - f1 0.0000 
INFO:root:TEST batch 5 / 7 - measures partial for class 1 - precision 0.8182 - recall 1.0000 - f1 0.9000 
INFO:root:TEST batch 5 / 7 - Batch time 0 
INFO:root:TEST batch 6 / 7 - partial error 0.1810 - partial loss 0.7748 - partial MRR  0.0000 - partial MAP 0.9496
INFO:root:TEST batch 6 / 7 -  partial tp {0: tensor(0), 1: tensor(159)},fn {0: tensor(39), 1: tensor(0)},fp {0: tensor(0), 1: tensor(39)}
INFO:root:TEST batch 6 / 7 - measures partial microavg - precision 0.8030 - recall 0.8030 - f1 0.8030 
INFO:root:TEST batch 6 / 7 - measures partial for class 0 - precision 0.0000 - recall 0.0000 - f1 0.0000 
INFO:root:TEST batch 6 / 7 - measures partial for class 1 - precision 0.8030 - recall 1.0000 - f1 0.8908 
INFO:root:TEST batch 6 / 7 - Batch time 0 
INFO:root:TEST batch 7 / 7 - partial error 0.1811 - partial loss 0.7786 - partial MRR  0.0000 - partial MAP 0.9509
INFO:root:TEST batch 7 / 7 -  partial tp {0: tensor(0), 1: tensor(162)},fn {0: tensor(36), 1: tensor(0)},fp {0: tensor(0), 1: tensor(36)}
INFO:root:TEST batch 7 / 7 - measures partial microavg - precision 0.8182 - recall 0.8182 - f1 0.8182 
INFO:root:TEST batch 7 / 7 - measures partial for class 0 - precision 0.0000 - recall 0.0000 - f1 0.0000 
INFO:root:TEST batch 7 / 7 - measures partial for class 1 - precision 0.8182 - recall 1.0000 - f1 0.9000 
INFO:root:TEST batch 7 / 7 - Batch time 0 
INFO:root:TEST mean losses tensor(0.7786)
INFO:root:TEST mean errors 0.18109668791294098
INFO:root:TEST mean MRR 0.0 - mean MAP 0.9509422779083252
INFO:root:TEST tp {0: tensor(0), 1: tensor(1135)},fn {0: tensor(251), 1: tensor(0)},fp {0: tensor(0), 1: tensor(251)}
INFO:root:TEST measures microavg - precision 0.8189 - recall 0.8189 - f1 0.8189 
INFO:root:TEST measures for class 0 - precision 0.0000 - recall 0.0000 - f1 0.0000 
INFO:root:TEST measures for class 1 - precision 0.8189 - recall 1.0000 - f1 0.9004 
INFO:root:TEST measures@10 microavg - precision 0.9714 - recall 0.0491 - f1 0.0934 
INFO:root:TEST measures@10 for class 0 - precision 0.0000 - recall 0.0000 - f1 0.0000 
INFO:root:TEST measures@10 for class 1 - precision 0.9714 - recall 0.0599 - f1 0.1129 
INFO:root:TEST measures@100 microavg - precision 0.8333 - recall 0.4762 - f1 0.6061 
INFO:root:TEST measures@100 for class 0 - precision 0.4674 - recall 0.1713 - f1 0.2507 
INFO:root:TEST measures@100 for class 1 - precision 0.8814 - recall 0.5436 - f1 0.6725 
INFO:root:TEST measures@1000 microavg - precision 0.6616 - recall 0.6616 - f1 0.6616 
INFO:root:TEST measures@1000 for class 0 - precision 0.2289 - recall 0.3665 - f1 0.2818 
INFO:root:TEST measures@1000 for class 1 - precision 0.8384 - recall 0.7269 - f1 0.7787 
INFO:root:TEST Total epoch time: 0.08752423900023132
INFO:root:################ TRAIN epoch 89 ###################
INFO:root:TRAIN mean losses tensor(0.7156)
INFO:root:TRAIN mean errors 0.17457912862300873
INFO:root:TRAIN mean MRR 0.0 - mean MAP 0.9628027677536011
INFO:root:TRAIN tp {0: tensor(1), 1: tensor(4902)},fn {0: tensor(1037), 1: tensor(0)},fp {0: tensor(0), 1: tensor(1037)}
INFO:root:TRAIN measures microavg - precision 0.8254 - recall 0.8254 - f1 0.8254 
INFO:root:TRAIN measures for class 0 - precision 1.0000 - recall 0.0010 - f1 0.0019 
INFO:root:TRAIN measures for class 1 - precision 0.8254 - recall 1.0000 - f1 0.9043 
INFO:root:TRAIN measures@10 microavg - precision 0.9868 - recall 0.0505 - f1 0.0961 
INFO:root:TRAIN measures@10 for class 0 - precision 1.0000 - recall 0.0039 - f1 0.0077 
INFO:root:TRAIN measures@10 for class 1 - precision 0.9867 - recall 0.0604 - f1 0.1138 
INFO:root:TRAIN measures@100 microavg - precision 0.8647 - recall 0.4886 - f1 0.6244 
INFO:root:TRAIN measures@100 for class 0 - precision 0.4679 - recall 0.1898 - f1 0.2700 
INFO:root:TRAIN measures@100 for class 1 - precision 0.9216 - recall 0.5518 - f1 0.6903 
INFO:root:TRAIN measures@1000 microavg - precision 0.7012 - recall 0.7012 - f1 0.7012 
INFO:root:TRAIN measures@1000 for class 0 - precision 0.2609 - recall 0.3873 - f1 0.3117 
INFO:root:TRAIN measures@1000 for class 1 - precision 0.8554 - recall 0.7676 - f1 0.8092 
INFO:root:TRAIN Total epoch time: 0.5744860159998098
INFO:root:################ VALID epoch 89 ###################
INFO:root:VALID mean losses tensor(0.7154)
INFO:root:VALID mean errors 0.17255891859531403
INFO:root:VALID mean MRR 0.0 - mean MAP 0.9657115936279297
INFO:root:VALID tp {0: tensor(0), 1: tensor(983)},fn {0: tensor(205), 1: tensor(0)},fp {0: tensor(0), 1: tensor(205)}
INFO:root:VALID measures microavg - precision 0.8274 - recall 0.8274 - f1 0.8274 
INFO:root:VALID measures for class 0 - precision 0.0000 - recall 0.0000 - f1 0.0000 
INFO:root:VALID measures for class 1 - precision 0.8274 - recall 1.0000 - f1 0.9056 
INFO:root:VALID measures@10 microavg - precision 0.9833 - recall 0.0497 - f1 0.0946 
INFO:root:VALID measures@10 for class 0 - precision 0.0000 - recall 0.0000 - f1 0.0000 
INFO:root:VALID measures@10 for class 1 - precision 0.9833 - recall 0.0600 - f1 0.1131 
INFO:root:VALID measures@100 microavg - precision 0.9040 - recall 0.4916 - f1 0.6369 
INFO:root:VALID measures@100 for class 0 - precision 0.6522 - recall 0.1463 - f1 0.2390 
INFO:root:VALID measures@100 for class 1 - precision 0.9233 - recall 0.5636 - f1 0.6999 
INFO:root:VALID measures@1000 microavg - precision 0.7668 - recall 0.7668 - f1 0.7668 
INFO:root:VALID measures@1000 for class 0 - precision 0.3182 - recall 0.3073 - f1 0.3127 
INFO:root:VALID measures@1000 for class 1 - precision 0.8566 - recall 0.8627 - f1 0.8596 
INFO:root:VALID Total epoch time: 0.06929607200027021
INFO:root:################ TEST epoch 89 ###################
INFO:root:TEST batch 1 / 7 - partial error 0.1919 - partial loss 0.8244 - partial MRR  0.0000 - partial MAP 0.9400
INFO:root:TEST batch 1 / 7 -  partial tp {0: tensor(0), 1: tensor(160)},fn {0: tensor(38), 1: tensor(0)},fp {0: tensor(0), 1: tensor(38)}
INFO:root:TEST batch 1 / 7 - measures partial microavg - precision 0.8081 - recall 0.8081 - f1 0.8081 
INFO:root:TEST batch 1 / 7 - measures partial for class 0 - precision 0.0000 - recall 0.0000 - f1 0.0000 
INFO:root:TEST batch 1 / 7 - measures partial for class 1 - precision 0.8081 - recall 1.0000 - f1 0.8939 
INFO:root:TEST batch 1 / 7 - Batch time 0 
INFO:root:TEST batch 2 / 7 - partial error 0.1843 - partial loss 0.7723 - partial MRR  0.0000 - partial MAP 0.9512
INFO:root:TEST batch 2 / 7 -  partial tp {0: tensor(0), 1: tensor(163)},fn {0: tensor(35), 1: tensor(0)},fp {0: tensor(0), 1: tensor(35)}
INFO:root:TEST batch 2 / 7 - measures partial microavg - precision 0.8232 - recall 0.8232 - f1 0.8232 
INFO:root:TEST batch 2 / 7 - measures partial for class 0 - precision 0.0000 - recall 0.0000 - f1 0.0000 
INFO:root:TEST batch 2 / 7 - measures partial for class 1 - precision 0.8232 - recall 1.0000 - f1 0.9030 
INFO:root:TEST batch 2 / 7 - Batch time 0 
INFO:root:TEST batch 3 / 7 - partial error 0.1801 - partial loss 0.7626 - partial MRR  0.0000 - partial MAP 0.9522
INFO:root:TEST batch 3 / 7 -  partial tp {0: tensor(0), 1: tensor(164)},fn {0: tensor(34), 1: tensor(0)},fp {0: tensor(0), 1: tensor(34)}
INFO:root:TEST batch 3 / 7 - measures partial microavg - precision 0.8283 - recall 0.8283 - f1 0.8283 
INFO:root:TEST batch 3 / 7 - measures partial for class 0 - precision 0.0000 - recall 0.0000 - f1 0.0000 
INFO:root:TEST batch 3 / 7 - measures partial for class 1 - precision 0.8283 - recall 1.0000 - f1 0.9061 
INFO:root:TEST batch 3 / 7 - Batch time 0 
INFO:root:TEST batch 4 / 7 - partial error 0.1768 - partial loss 0.7762 - partial MRR  0.0000 - partial MAP 0.9495
INFO:root:TEST batch 4 / 7 -  partial tp {0: tensor(0), 1: tensor(165)},fn {0: tensor(33), 1: tensor(0)},fp {0: tensor(0), 1: tensor(33)}
INFO:root:TEST batch 4 / 7 - measures partial microavg - precision 0.8333 - recall 0.8333 - f1 0.8333 
INFO:root:TEST batch 4 / 7 - measures partial for class 0 - precision 0.0000 - recall 0.0000 - f1 0.0000 
INFO:root:TEST batch 4 / 7 - measures partial for class 1 - precision 0.8333 - recall 1.0000 - f1 0.9091 
INFO:root:TEST batch 4 / 7 - Batch time 0 
INFO:root:TEST batch 5 / 7 - partial error 0.1778 - partial loss 0.7682 - partial MRR  0.0000 - partial MAP 0.9504
INFO:root:TEST batch 5 / 7 -  partial tp {0: tensor(0), 1: tensor(162)},fn {0: tensor(36), 1: tensor(0)},fp {0: tensor(0), 1: tensor(36)}
INFO:root:TEST batch 5 / 7 - measures partial microavg - precision 0.8182 - recall 0.8182 - f1 0.8182 
INFO:root:TEST batch 5 / 7 - measures partial for class 0 - precision 0.0000 - recall 0.0000 - f1 0.0000 
INFO:root:TEST batch 5 / 7 - measures partial for class 1 - precision 0.8182 - recall 1.0000 - f1 0.9000 
INFO:root:TEST batch 5 / 7 - Batch time 0 
INFO:root:TEST batch 6 / 7 - partial error 0.1810 - partial loss 0.7937 - partial MRR  0.0000 - partial MAP 0.9479
INFO:root:TEST batch 6 / 7 -  partial tp {0: tensor(0), 1: tensor(159)},fn {0: tensor(39), 1: tensor(0)},fp {0: tensor(0), 1: tensor(39)}
INFO:root:TEST batch 6 / 7 - measures partial microavg - precision 0.8030 - recall 0.8030 - f1 0.8030 
INFO:root:TEST batch 6 / 7 - measures partial for class 0 - precision 0.0000 - recall 0.0000 - f1 0.0000 
INFO:root:TEST batch 6 / 7 - measures partial for class 1 - precision 0.8030 - recall 1.0000 - f1 0.8908 
INFO:root:TEST batch 6 / 7 - Batch time 0 
INFO:root:TEST batch 7 / 7 - partial error 0.1811 - partial loss 0.7912 - partial MRR  0.0000 - partial MAP 0.9488
INFO:root:TEST batch 7 / 7 -  partial tp {0: tensor(0), 1: tensor(162)},fn {0: tensor(36), 1: tensor(0)},fp {0: tensor(0), 1: tensor(36)}
INFO:root:TEST batch 7 / 7 - measures partial microavg - precision 0.8182 - recall 0.8182 - f1 0.8182 
INFO:root:TEST batch 7 / 7 - measures partial for class 0 - precision 0.0000 - recall 0.0000 - f1 0.0000 
INFO:root:TEST batch 7 / 7 - measures partial for class 1 - precision 0.8182 - recall 1.0000 - f1 0.9000 
INFO:root:TEST batch 7 / 7 - Batch time 0 
INFO:root:TEST mean losses tensor(0.7912)
INFO:root:TEST mean errors 0.18109668791294098
INFO:root:TEST mean MRR 0.0 - mean MAP 0.9488418102264404
INFO:root:TEST tp {0: tensor(0), 1: tensor(1135)},fn {0: tensor(251), 1: tensor(0)},fp {0: tensor(0), 1: tensor(251)}
INFO:root:TEST measures microavg - precision 0.8189 - recall 0.8189 - f1 0.8189 
INFO:root:TEST measures for class 0 - precision 0.0000 - recall 0.0000 - f1 0.0000 
INFO:root:TEST measures for class 1 - precision 0.8189 - recall 1.0000 - f1 0.9004 
INFO:root:TEST measures@10 microavg - precision 0.9857 - recall 0.0498 - f1 0.0948 
INFO:root:TEST measures@10 for class 0 - precision 0.0000 - recall 0.0000 - f1 0.0000 
INFO:root:TEST measures@10 for class 1 - precision 0.9857 - recall 0.0608 - f1 0.1145 
INFO:root:TEST measures@100 microavg - precision 0.8883 - recall 0.4646 - f1 0.6101 
INFO:root:TEST measures@100 for class 0 - precision 0.4800 - recall 0.0478 - f1 0.0870 
INFO:root:TEST measures@100 for class 1 - precision 0.9029 - recall 0.5568 - f1 0.6888 
INFO:root:TEST measures@1000 microavg - precision 0.7662 - recall 0.7662 - f1 0.7662 
INFO:root:TEST measures@1000 for class 0 - precision 0.2296 - recall 0.1235 - f1 0.1606 
INFO:root:TEST measures@1000 for class 1 - precision 0.8241 - recall 0.9084 - f1 0.8642 
INFO:root:TEST Total epoch time: 0.08818838099978166
INFO:root:################ TRAIN epoch 90 ###################
INFO:root:TRAIN mean losses tensor(0.7138)
INFO:root:TRAIN mean errors 0.17474748194217682
INFO:root:TRAIN mean MRR 0.0 - mean MAP 0.9618756175041199
INFO:root:TRAIN tp {0: tensor(0), 1: tensor(4902)},fn {0: tensor(1038), 1: tensor(0)},fp {0: tensor(0), 1: tensor(1038)}
INFO:root:TRAIN measures microavg - precision 0.8253 - recall 0.8253 - f1 0.8253 
INFO:root:TRAIN measures for class 0 - precision 0.0000 - recall 0.0000 - f1 0.0000 
INFO:root:TRAIN measures for class 1 - precision 0.8253 - recall 1.0000 - f1 0.9043 
INFO:root:TRAIN measures@10 microavg - precision 0.9901 - recall 0.0503 - f1 0.0958 
INFO:root:TRAIN measures@10 for class 0 - precision 1.0000 - recall 0.0019 - f1 0.0038 
INFO:root:TRAIN measures@10 for class 1 - precision 0.9900 - recall 0.0606 - f1 0.1142 
INFO:root:TRAIN measures@100 microavg - precision 0.8817 - recall 0.4931 - f1 0.6325 
INFO:root:TRAIN measures@100 for class 0 - precision 0.5274 - recall 0.1667 - f1 0.2533 
INFO:root:TRAIN measures@100 for class 1 - precision 0.9205 - recall 0.5622 - f1 0.6981 
INFO:root:TRAIN measures@1000 microavg - precision 0.7209 - recall 0.7209 - f1 0.7209 
INFO:root:TRAIN measures@1000 for class 0 - precision 0.2888 - recall 0.4085 - f1 0.3384 
INFO:root:TRAIN measures@1000 for class 1 - precision 0.8627 - recall 0.7870 - f1 0.8231 
INFO:root:TRAIN Total epoch time: 0.577762286000052
INFO:root:################ VALID epoch 90 ###################
INFO:root:VALID mean losses tensor(0.6968)
INFO:root:VALID mean errors 0.17255891859531403
INFO:root:VALID mean MRR 0.0 - mean MAP 0.9627740979194641
INFO:root:VALID tp {0: tensor(0), 1: tensor(983)},fn {0: tensor(205), 1: tensor(0)},fp {0: tensor(0), 1: tensor(205)}
INFO:root:VALID measures microavg - precision 0.8274 - recall 0.8274 - f1 0.8274 
INFO:root:VALID measures for class 0 - precision 0.0000 - recall 0.0000 - f1 0.0000 
INFO:root:VALID measures for class 1 - precision 0.8274 - recall 1.0000 - f1 0.9056 
INFO:root:VALID measures@10 microavg - precision 0.9833 - recall 0.0497 - f1 0.0946 
INFO:root:VALID measures@10 for class 0 - precision 0.0000 - recall 0.0000 - f1 0.0000 
INFO:root:VALID measures@10 for class 1 - precision 0.9833 - recall 0.0600 - f1 0.1131 
INFO:root:VALID measures@100 microavg - precision 0.8549 - recall 0.4958 - f1 0.6276 
INFO:root:VALID measures@100 for class 0 - precision 0.5843 - recall 0.2537 - f1 0.3537 
INFO:root:VALID measures@100 for class 1 - precision 0.8950 - recall 0.5463 - f1 0.6785 
INFO:root:VALID measures@1000 microavg - precision 0.6860 - recall 0.6860 - f1 0.6860 
INFO:root:VALID measures@1000 for class 0 - precision 0.2705 - recall 0.4829 - f1 0.3468 
INFO:root:VALID measures@1000 for class 1 - precision 0.8710 - recall 0.7284 - f1 0.7934 
INFO:root:VALID Total epoch time: 0.06907632799993735
INFO:root:################ TEST epoch 90 ###################
INFO:root:TEST batch 1 / 7 - partial error 0.1919 - partial loss 0.8083 - partial MRR  0.0000 - partial MAP 0.9404
INFO:root:TEST batch 1 / 7 -  partial tp {0: tensor(0), 1: tensor(160)},fn {0: tensor(38), 1: tensor(0)},fp {0: tensor(0), 1: tensor(38)}
INFO:root:TEST batch 1 / 7 - measures partial microavg - precision 0.8081 - recall 0.8081 - f1 0.8081 
INFO:root:TEST batch 1 / 7 - measures partial for class 0 - precision 0.0000 - recall 0.0000 - f1 0.0000 
INFO:root:TEST batch 1 / 7 - measures partial for class 1 - precision 0.8081 - recall 1.0000 - f1 0.8939 
INFO:root:TEST batch 1 / 7 - Batch time 0 
INFO:root:TEST batch 2 / 7 - partial error 0.1843 - partial loss 0.7675 - partial MRR  0.0000 - partial MAP 0.9484
INFO:root:TEST batch 2 / 7 -  partial tp {0: tensor(0), 1: tensor(163)},fn {0: tensor(35), 1: tensor(0)},fp {0: tensor(0), 1: tensor(35)}
INFO:root:TEST batch 2 / 7 - measures partial microavg - precision 0.8232 - recall 0.8232 - f1 0.8232 
INFO:root:TEST batch 2 / 7 - measures partial for class 0 - precision 0.0000 - recall 0.0000 - f1 0.0000 
INFO:root:TEST batch 2 / 7 - measures partial for class 1 - precision 0.8232 - recall 1.0000 - f1 0.9030 
INFO:root:TEST batch 2 / 7 - Batch time 0 
INFO:root:TEST batch 3 / 7 - partial error 0.1801 - partial loss 0.7364 - partial MRR  0.0000 - partial MAP 0.9531
INFO:root:TEST batch 3 / 7 -  partial tp {0: tensor(0), 1: tensor(164)},fn {0: tensor(34), 1: tensor(0)},fp {0: tensor(0), 1: tensor(34)}
INFO:root:TEST batch 3 / 7 - measures partial microavg - precision 0.8283 - recall 0.8283 - f1 0.8283 
INFO:root:TEST batch 3 / 7 - measures partial for class 0 - precision 0.0000 - recall 0.0000 - f1 0.0000 
INFO:root:TEST batch 3 / 7 - measures partial for class 1 - precision 0.8283 - recall 1.0000 - f1 0.9061 
INFO:root:TEST batch 3 / 7 - Batch time 0 
INFO:root:TEST batch 4 / 7 - partial error 0.1768 - partial loss 0.7536 - partial MRR  0.0000 - partial MAP 0.9480
INFO:root:TEST batch 4 / 7 -  partial tp {0: tensor(0), 1: tensor(165)},fn {0: tensor(33), 1: tensor(0)},fp {0: tensor(0), 1: tensor(33)}
INFO:root:TEST batch 4 / 7 - measures partial microavg - precision 0.8333 - recall 0.8333 - f1 0.8333 
INFO:root:TEST batch 4 / 7 - measures partial for class 0 - precision 0.0000 - recall 0.0000 - f1 0.0000 
INFO:root:TEST batch 4 / 7 - measures partial for class 1 - precision 0.8333 - recall 1.0000 - f1 0.9091 
INFO:root:TEST batch 4 / 7 - Batch time 0 
INFO:root:TEST batch 5 / 7 - partial error 0.1778 - partial loss 0.7419 - partial MRR  0.0000 - partial MAP 0.9510
INFO:root:TEST batch 5 / 7 -  partial tp {0: tensor(0), 1: tensor(162)},fn {0: tensor(36), 1: tensor(0)},fp {0: tensor(0), 1: tensor(36)}
INFO:root:TEST batch 5 / 7 - measures partial microavg - precision 0.8182 - recall 0.8182 - f1 0.8182 
INFO:root:TEST batch 5 / 7 - measures partial for class 0 - precision 0.0000 - recall 0.0000 - f1 0.0000 
INFO:root:TEST batch 5 / 7 - measures partial for class 1 - precision 0.8182 - recall 1.0000 - f1 0.9000 
INFO:root:TEST batch 5 / 7 - Batch time 0 
INFO:root:TEST batch 6 / 7 - partial error 0.1810 - partial loss 0.7595 - partial MRR  0.0000 - partial MAP 0.9479
INFO:root:TEST batch 6 / 7 -  partial tp {0: tensor(0), 1: tensor(159)},fn {0: tensor(39), 1: tensor(0)},fp {0: tensor(0), 1: tensor(39)}
INFO:root:TEST batch 6 / 7 - measures partial microavg - precision 0.8030 - recall 0.8030 - f1 0.8030 
INFO:root:TEST batch 6 / 7 - measures partial for class 0 - precision 0.0000 - recall 0.0000 - f1 0.0000 
INFO:root:TEST batch 6 / 7 - measures partial for class 1 - precision 0.8030 - recall 1.0000 - f1 0.8908 
INFO:root:TEST batch 6 / 7 - Batch time 0 
INFO:root:TEST batch 7 / 7 - partial error 0.1811 - partial loss 0.7583 - partial MRR  0.0000 - partial MAP 0.9490
INFO:root:TEST batch 7 / 7 -  partial tp {0: tensor(0), 1: tensor(162)},fn {0: tensor(36), 1: tensor(0)},fp {0: tensor(0), 1: tensor(36)}
INFO:root:TEST batch 7 / 7 - measures partial microavg - precision 0.8182 - recall 0.8182 - f1 0.8182 
INFO:root:TEST batch 7 / 7 - measures partial for class 0 - precision 0.0000 - recall 0.0000 - f1 0.0000 
INFO:root:TEST batch 7 / 7 - measures partial for class 1 - precision 0.8182 - recall 1.0000 - f1 0.9000 
INFO:root:TEST batch 7 / 7 - Batch time 0 
INFO:root:TEST mean losses tensor(0.7583)
INFO:root:TEST mean errors 0.18109668791294098
INFO:root:TEST mean MRR 0.0 - mean MAP 0.9490436315536499
INFO:root:TEST tp {0: tensor(0), 1: tensor(1135)},fn {0: tensor(251), 1: tensor(0)},fp {0: tensor(0), 1: tensor(251)}
INFO:root:TEST measures microavg - precision 0.8189 - recall 0.8189 - f1 0.8189 
INFO:root:TEST measures for class 0 - precision 0.0000 - recall 0.0000 - f1 0.0000 
INFO:root:TEST measures for class 1 - precision 0.8189 - recall 1.0000 - f1 0.9004 
INFO:root:TEST measures@10 microavg - precision 0.9857 - recall 0.0498 - f1 0.0948 
INFO:root:TEST measures@10 for class 0 - precision 0.0000 - recall 0.0000 - f1 0.0000 
INFO:root:TEST measures@10 for class 1 - precision 0.9857 - recall 0.0608 - f1 0.1145 
INFO:root:TEST measures@100 microavg - precision 0.8627 - recall 0.4805 - f1 0.6172 
INFO:root:TEST measures@100 for class 0 - precision 0.5556 - recall 0.1594 - f1 0.2477 
INFO:root:TEST measures@100 for class 1 - precision 0.8943 - recall 0.5515 - f1 0.6823 
INFO:root:TEST measures@1000 microavg - precision 0.7244 - recall 0.7244 - f1 0.7244 
INFO:root:TEST measures@1000 for class 0 - precision 0.2780 - recall 0.3267 - f1 0.3004 
INFO:root:TEST measures@1000 for class 1 - precision 0.8451 - recall 0.8123 - f1 0.8284 
INFO:root:TEST Total epoch time: 0.09023528700026873
INFO:root:################ TRAIN epoch 91 ###################
INFO:root:TRAIN mean losses tensor(0.7078)
INFO:root:TRAIN mean errors 0.17491582036018372
INFO:root:TRAIN mean MRR 0.0 - mean MAP 0.9629467129707336
INFO:root:TRAIN tp {0: tensor(0), 1: tensor(4901)},fn {0: tensor(1038), 1: tensor(1)},fp {0: tensor(1), 1: tensor(1038)}
INFO:root:TRAIN measures microavg - precision 0.8251 - recall 0.8251 - f1 0.8251 
INFO:root:TRAIN measures for class 0 - precision 0.0000 - recall 0.0000 - f1 0.0000 
INFO:root:TRAIN measures for class 1 - precision 0.8252 - recall 0.9998 - f1 0.9042 
INFO:root:TRAIN measures@10 microavg - precision 0.9802 - recall 0.0500 - f1 0.0951 
INFO:root:TRAIN measures@10 for class 0 - precision 0.6667 - recall 0.0019 - f1 0.0038 
INFO:root:TRAIN measures@10 for class 1 - precision 0.9833 - recall 0.0602 - f1 0.1134 
INFO:root:TRAIN measures@100 microavg - precision 0.8446 - recall 0.4931 - f1 0.6227 
INFO:root:TRAIN measures@100 for class 0 - precision 0.4738 - recall 0.2351 - f1 0.3142 
INFO:root:TRAIN measures@100 for class 1 - precision 0.9092 - recall 0.5477 - f1 0.6836 
INFO:root:TRAIN measures@1000 microavg - precision 0.6628 - recall 0.6628 - f1 0.6628 
INFO:root:TRAIN measures@1000 for class 0 - precision 0.2577 - recall 0.4942 - f1 0.3387 
INFO:root:TRAIN measures@1000 for class 1 - precision 0.8671 - recall 0.6985 - f1 0.7737 
INFO:root:TRAIN Total epoch time: 0.5828528010001719
INFO:root:################ VALID epoch 91 ###################
INFO:root:VALID mean losses tensor(0.7032)
INFO:root:VALID mean errors 0.17255891859531403
INFO:root:VALID mean MRR 0.0 - mean MAP 0.9591332674026489
INFO:root:VALID tp {0: tensor(0), 1: tensor(983)},fn {0: tensor(205), 1: tensor(0)},fp {0: tensor(0), 1: tensor(205)}
INFO:root:VALID measures microavg - precision 0.8274 - recall 0.8274 - f1 0.8274 
INFO:root:VALID measures for class 0 - precision 0.0000 - recall 0.0000 - f1 0.0000 
INFO:root:VALID measures for class 1 - precision 0.8274 - recall 1.0000 - f1 0.9056 
INFO:root:VALID measures@10 microavg - precision 0.9667 - recall 0.0488 - f1 0.0929 
INFO:root:VALID measures@10 for class 0 - precision 0.0000 - recall 0.0000 - f1 0.0000 
INFO:root:VALID measures@10 for class 1 - precision 0.9667 - recall 0.0590 - f1 0.1112 
INFO:root:VALID measures@100 microavg - precision 0.8480 - recall 0.4933 - f1 0.6237 
INFO:root:VALID measures@100 for class 0 - precision 0.5055 - recall 0.2244 - f1 0.3108 
INFO:root:VALID measures@100 for class 1 - precision 0.9000 - recall 0.5493 - f1 0.6822 
INFO:root:VALID measures@1000 microavg - precision 0.6852 - recall 0.6852 - f1 0.6852 
INFO:root:VALID measures@1000 for class 0 - precision 0.2759 - recall 0.5073 - f1 0.3574 
INFO:root:VALID measures@1000 for class 1 - precision 0.8755 - recall 0.7223 - f1 0.7915 
INFO:root:VALID Total epoch time: 0.06562898499987568
INFO:root:################ TEST epoch 91 ###################
INFO:root:TEST batch 1 / 7 - partial error 0.1919 - partial loss 0.8076 - partial MRR  0.0000 - partial MAP 0.9492
INFO:root:TEST batch 1 / 7 -  partial tp {0: tensor(0), 1: tensor(160)},fn {0: tensor(38), 1: tensor(0)},fp {0: tensor(0), 1: tensor(38)}
INFO:root:TEST batch 1 / 7 - measures partial microavg - precision 0.8081 - recall 0.8081 - f1 0.8081 
INFO:root:TEST batch 1 / 7 - measures partial for class 0 - precision 0.0000 - recall 0.0000 - f1 0.0000 
INFO:root:TEST batch 1 / 7 - measures partial for class 1 - precision 0.8081 - recall 1.0000 - f1 0.8939 
INFO:root:TEST batch 1 / 7 - Batch time 0 
INFO:root:TEST batch 2 / 7 - partial error 0.1843 - partial loss 0.7465 - partial MRR  0.0000 - partial MAP 0.9565
INFO:root:TEST batch 2 / 7 -  partial tp {0: tensor(0), 1: tensor(163)},fn {0: tensor(35), 1: tensor(0)},fp {0: tensor(0), 1: tensor(35)}
INFO:root:TEST batch 2 / 7 - measures partial microavg - precision 0.8232 - recall 0.8232 - f1 0.8232 
INFO:root:TEST batch 2 / 7 - measures partial for class 0 - precision 0.0000 - recall 0.0000 - f1 0.0000 
INFO:root:TEST batch 2 / 7 - measures partial for class 1 - precision 0.8232 - recall 1.0000 - f1 0.9030 
INFO:root:TEST batch 2 / 7 - Batch time 0 
INFO:root:TEST batch 3 / 7 - partial error 0.1801 - partial loss 0.7300 - partial MRR  0.0000 - partial MAP 0.9589
INFO:root:TEST batch 3 / 7 -  partial tp {0: tensor(0), 1: tensor(164)},fn {0: tensor(34), 1: tensor(0)},fp {0: tensor(0), 1: tensor(34)}
INFO:root:TEST batch 3 / 7 - measures partial microavg - precision 0.8283 - recall 0.8283 - f1 0.8283 
INFO:root:TEST batch 3 / 7 - measures partial for class 0 - precision 0.0000 - recall 0.0000 - f1 0.0000 
INFO:root:TEST batch 3 / 7 - measures partial for class 1 - precision 0.8283 - recall 1.0000 - f1 0.9061 
INFO:root:TEST batch 3 / 7 - Batch time 0 
INFO:root:TEST batch 4 / 7 - partial error 0.1768 - partial loss 0.7404 - partial MRR  0.0000 - partial MAP 0.9530
INFO:root:TEST batch 4 / 7 -  partial tp {0: tensor(0), 1: tensor(165)},fn {0: tensor(33), 1: tensor(0)},fp {0: tensor(0), 1: tensor(33)}
INFO:root:TEST batch 4 / 7 - measures partial microavg - precision 0.8333 - recall 0.8333 - f1 0.8333 
INFO:root:TEST batch 4 / 7 - measures partial for class 0 - precision 0.0000 - recall 0.0000 - f1 0.0000 
INFO:root:TEST batch 4 / 7 - measures partial for class 1 - precision 0.8333 - recall 1.0000 - f1 0.9091 
INFO:root:TEST batch 4 / 7 - Batch time 0 
INFO:root:TEST batch 5 / 7 - partial error 0.1778 - partial loss 0.7361 - partial MRR  0.0000 - partial MAP 0.9536
INFO:root:TEST batch 5 / 7 -  partial tp {0: tensor(0), 1: tensor(162)},fn {0: tensor(36), 1: tensor(0)},fp {0: tensor(0), 1: tensor(36)}
INFO:root:TEST batch 5 / 7 - measures partial microavg - precision 0.8182 - recall 0.8182 - f1 0.8182 
INFO:root:TEST batch 5 / 7 - measures partial for class 0 - precision 0.0000 - recall 0.0000 - f1 0.0000 
INFO:root:TEST batch 5 / 7 - measures partial for class 1 - precision 0.8182 - recall 1.0000 - f1 0.9000 
INFO:root:TEST batch 5 / 7 - Batch time 0 
INFO:root:TEST batch 6 / 7 - partial error 0.1810 - partial loss 0.7599 - partial MRR  0.0000 - partial MAP 0.9488
INFO:root:TEST batch 6 / 7 -  partial tp {0: tensor(0), 1: tensor(159)},fn {0: tensor(39), 1: tensor(0)},fp {0: tensor(0), 1: tensor(39)}
INFO:root:TEST batch 6 / 7 - measures partial microavg - precision 0.8030 - recall 0.8030 - f1 0.8030 
INFO:root:TEST batch 6 / 7 - measures partial for class 0 - precision 0.0000 - recall 0.0000 - f1 0.0000 
INFO:root:TEST batch 6 / 7 - measures partial for class 1 - precision 0.8030 - recall 1.0000 - f1 0.8908 
INFO:root:TEST batch 6 / 7 - Batch time 0 
INFO:root:TEST batch 7 / 7 - partial error 0.1811 - partial loss 0.7592 - partial MRR  0.0000 - partial MAP 0.9498
INFO:root:TEST batch 7 / 7 -  partial tp {0: tensor(0), 1: tensor(162)},fn {0: tensor(36), 1: tensor(0)},fp {0: tensor(0), 1: tensor(36)}
INFO:root:TEST batch 7 / 7 - measures partial microavg - precision 0.8182 - recall 0.8182 - f1 0.8182 
INFO:root:TEST batch 7 / 7 - measures partial for class 0 - precision 0.0000 - recall 0.0000 - f1 0.0000 
INFO:root:TEST batch 7 / 7 - measures partial for class 1 - precision 0.8182 - recall 1.0000 - f1 0.9000 
INFO:root:TEST batch 7 / 7 - Batch time 0 
INFO:root:TEST mean losses tensor(0.7592)
INFO:root:TEST mean errors 0.18109668791294098
INFO:root:TEST mean MRR 0.0 - mean MAP 0.9498279690742493
INFO:root:TEST tp {0: tensor(0), 1: tensor(1135)},fn {0: tensor(251), 1: tensor(0)},fp {0: tensor(0), 1: tensor(251)}
INFO:root:TEST measures microavg - precision 0.8189 - recall 0.8189 - f1 0.8189 
INFO:root:TEST measures for class 0 - precision 0.0000 - recall 0.0000 - f1 0.0000 
INFO:root:TEST measures for class 1 - precision 0.8189 - recall 1.0000 - f1 0.9004 
INFO:root:TEST measures@10 microavg - precision 0.9857 - recall 0.0498 - f1 0.0948 
INFO:root:TEST measures@10 for class 0 - precision 0.0000 - recall 0.0000 - f1 0.0000 
INFO:root:TEST measures@10 for class 1 - precision 0.9857 - recall 0.0608 - f1 0.1145 
INFO:root:TEST measures@100 microavg - precision 0.8562 - recall 0.4769 - f1 0.6126 
INFO:root:TEST measures@100 for class 0 - precision 0.5556 - recall 0.1594 - f1 0.2477 
INFO:root:TEST measures@100 for class 1 - precision 0.8871 - recall 0.5471 - f1 0.6768 
INFO:root:TEST measures@1000 microavg - precision 0.7042 - recall 0.7042 - f1 0.7042 
INFO:root:TEST measures@1000 for class 0 - precision 0.2554 - recall 0.3307 - f1 0.2882 
INFO:root:TEST measures@1000 for class 1 - precision 0.8417 - recall 0.7868 - f1 0.8133 
INFO:root:TEST Total epoch time: 0.0914016530000481
INFO:root:################ TRAIN epoch 92 ###################
INFO:root:TRAIN mean losses tensor(0.7028)
INFO:root:TRAIN mean errors 0.17474748194217682
INFO:root:TRAIN mean MRR 0.0 - mean MAP 0.9629101157188416
INFO:root:TRAIN tp {0: tensor(0), 1: tensor(4902)},fn {0: tensor(1038), 1: tensor(0)},fp {0: tensor(0), 1: tensor(1038)}
INFO:root:TRAIN measures microavg - precision 0.8253 - recall 0.8253 - f1 0.8253 
INFO:root:TRAIN measures for class 0 - precision 0.0000 - recall 0.0000 - f1 0.0000 
INFO:root:TRAIN measures for class 1 - precision 0.8253 - recall 1.0000 - f1 0.9043 
INFO:root:TRAIN measures@10 microavg - precision 0.9867 - recall 0.0500 - f1 0.0952 
INFO:root:TRAIN measures@10 for class 0 - precision 1.0000 - recall 0.0010 - f1 0.0019 
INFO:root:TRAIN measures@10 for class 1 - precision 0.9867 - recall 0.0604 - f1 0.1138 
INFO:root:TRAIN measures@100 microavg - precision 0.8692 - recall 0.4934 - f1 0.6295 
INFO:root:TRAIN measures@100 for class 0 - precision 0.5242 - recall 0.2091 - f1 0.2989 
INFO:root:TRAIN measures@100 for class 1 - precision 0.9175 - recall 0.5537 - f1 0.6906 
INFO:root:TRAIN measures@1000 microavg - precision 0.7091 - recall 0.7091 - f1 0.7091 
INFO:root:TRAIN measures@1000 for class 0 - precision 0.2862 - recall 0.4451 - f1 0.3484 
INFO:root:TRAIN measures@1000 for class 1 - precision 0.8669 - recall 0.7650 - f1 0.8127 
INFO:root:TRAIN Total epoch time: 0.5838517659999525
INFO:root:################ VALID epoch 92 ###################
INFO:root:VALID mean losses tensor(0.7025)
INFO:root:VALID mean errors 0.17255891859531403
INFO:root:VALID mean MRR 0.0 - mean MAP 0.9587804079055786
INFO:root:VALID tp {0: tensor(0), 1: tensor(983)},fn {0: tensor(205), 1: tensor(0)},fp {0: tensor(0), 1: tensor(205)}
INFO:root:VALID measures microavg - precision 0.8274 - recall 0.8274 - f1 0.8274 
INFO:root:VALID measures for class 0 - precision 0.0000 - recall 0.0000 - f1 0.0000 
INFO:root:VALID measures for class 1 - precision 0.8274 - recall 1.0000 - f1 0.9056 
INFO:root:VALID measures@10 microavg - precision 0.9833 - recall 0.0497 - f1 0.0946 
INFO:root:VALID measures@10 for class 0 - precision 0.0000 - recall 0.0000 - f1 0.0000 
INFO:root:VALID measures@10 for class 1 - precision 0.9833 - recall 0.0600 - f1 0.1131 
INFO:root:VALID measures@100 microavg - precision 0.8540 - recall 0.4874 - f1 0.6206 
INFO:root:VALID measures@100 for class 0 - precision 0.5190 - recall 0.2000 - f1 0.2887 
INFO:root:VALID measures@100 for class 1 - precision 0.8982 - recall 0.5473 - f1 0.6802 
INFO:root:VALID measures@1000 microavg - precision 0.6801 - recall 0.6801 - f1 0.6801 
INFO:root:VALID measures@1000 for class 0 - precision 0.2493 - recall 0.4244 - f1 0.3141 
INFO:root:VALID measures@1000 for class 1 - precision 0.8594 - recall 0.7335 - f1 0.7914 
INFO:root:VALID Total epoch time: 0.06998652399988714
INFO:root:################ TEST epoch 92 ###################
INFO:root:TEST batch 1 / 7 - partial error 0.1919 - partial loss 0.8257 - partial MRR  0.0000 - partial MAP 0.9420
INFO:root:TEST batch 1 / 7 -  partial tp {0: tensor(0), 1: tensor(160)},fn {0: tensor(38), 1: tensor(0)},fp {0: tensor(0), 1: tensor(38)}
INFO:root:TEST batch 1 / 7 - measures partial microavg - precision 0.8081 - recall 0.8081 - f1 0.8081 
INFO:root:TEST batch 1 / 7 - measures partial for class 0 - precision 0.0000 - recall 0.0000 - f1 0.0000 
INFO:root:TEST batch 1 / 7 - measures partial for class 1 - precision 0.8081 - recall 1.0000 - f1 0.8939 
INFO:root:TEST batch 1 / 7 - Batch time 0 
INFO:root:TEST batch 2 / 7 - partial error 0.1843 - partial loss 0.7720 - partial MRR  0.0000 - partial MAP 0.9503
INFO:root:TEST batch 2 / 7 -  partial tp {0: tensor(0), 1: tensor(163)},fn {0: tensor(35), 1: tensor(0)},fp {0: tensor(0), 1: tensor(35)}
INFO:root:TEST batch 2 / 7 - measures partial microavg - precision 0.8232 - recall 0.8232 - f1 0.8232 
INFO:root:TEST batch 2 / 7 - measures partial for class 0 - precision 0.0000 - recall 0.0000 - f1 0.0000 
INFO:root:TEST batch 2 / 7 - measures partial for class 1 - precision 0.8232 - recall 1.0000 - f1 0.9030 
INFO:root:TEST batch 2 / 7 - Batch time 0 
INFO:root:TEST batch 3 / 7 - partial error 0.1801 - partial loss 0.7548 - partial MRR  0.0000 - partial MAP 0.9508
INFO:root:TEST batch 3 / 7 -  partial tp {0: tensor(0), 1: tensor(164)},fn {0: tensor(34), 1: tensor(0)},fp {0: tensor(0), 1: tensor(34)}
INFO:root:TEST batch 3 / 7 - measures partial microavg - precision 0.8283 - recall 0.8283 - f1 0.8283 
INFO:root:TEST batch 3 / 7 - measures partial for class 0 - precision 0.0000 - recall 0.0000 - f1 0.0000 
INFO:root:TEST batch 3 / 7 - measures partial for class 1 - precision 0.8283 - recall 1.0000 - f1 0.9061 
INFO:root:TEST batch 3 / 7 - Batch time 0 
INFO:root:TEST batch 4 / 7 - partial error 0.1768 - partial loss 0.7555 - partial MRR  0.0000 - partial MAP 0.9475
INFO:root:TEST batch 4 / 7 -  partial tp {0: tensor(0), 1: tensor(165)},fn {0: tensor(33), 1: tensor(0)},fp {0: tensor(0), 1: tensor(33)}
INFO:root:TEST batch 4 / 7 - measures partial microavg - precision 0.8333 - recall 0.8333 - f1 0.8333 
INFO:root:TEST batch 4 / 7 - measures partial for class 0 - precision 0.0000 - recall 0.0000 - f1 0.0000 
INFO:root:TEST batch 4 / 7 - measures partial for class 1 - precision 0.8333 - recall 1.0000 - f1 0.9091 
INFO:root:TEST batch 4 / 7 - Batch time 0 
INFO:root:TEST batch 5 / 7 - partial error 0.1778 - partial loss 0.7388 - partial MRR  0.0000 - partial MAP 0.9511
INFO:root:TEST batch 5 / 7 -  partial tp {0: tensor(0), 1: tensor(162)},fn {0: tensor(36), 1: tensor(0)},fp {0: tensor(0), 1: tensor(36)}
INFO:root:TEST batch 5 / 7 - measures partial microavg - precision 0.8182 - recall 0.8182 - f1 0.8182 
INFO:root:TEST batch 5 / 7 - measures partial for class 0 - precision 0.0000 - recall 0.0000 - f1 0.0000 
INFO:root:TEST batch 5 / 7 - measures partial for class 1 - precision 0.8182 - recall 1.0000 - f1 0.9000 
INFO:root:TEST batch 5 / 7 - Batch time 0 
INFO:root:TEST batch 6 / 7 - partial error 0.1810 - partial loss 0.7550 - partial MRR  0.0000 - partial MAP 0.9485
INFO:root:TEST batch 6 / 7 -  partial tp {0: tensor(0), 1: tensor(159)},fn {0: tensor(39), 1: tensor(0)},fp {0: tensor(0), 1: tensor(39)}
INFO:root:TEST batch 6 / 7 - measures partial microavg - precision 0.8030 - recall 0.8030 - f1 0.8030 
INFO:root:TEST batch 6 / 7 - measures partial for class 0 - precision 0.0000 - recall 0.0000 - f1 0.0000 
INFO:root:TEST batch 6 / 7 - measures partial for class 1 - precision 0.8030 - recall 1.0000 - f1 0.8908 
INFO:root:TEST batch 6 / 7 - Batch time 0 
INFO:root:TEST batch 7 / 7 - partial error 0.1811 - partial loss 0.7598 - partial MRR  0.0000 - partial MAP 0.9483
INFO:root:TEST batch 7 / 7 -  partial tp {0: tensor(0), 1: tensor(162)},fn {0: tensor(36), 1: tensor(0)},fp {0: tensor(0), 1: tensor(36)}
INFO:root:TEST batch 7 / 7 - measures partial microavg - precision 0.8182 - recall 0.8182 - f1 0.8182 
INFO:root:TEST batch 7 / 7 - measures partial for class 0 - precision 0.0000 - recall 0.0000 - f1 0.0000 
INFO:root:TEST batch 7 / 7 - measures partial for class 1 - precision 0.8182 - recall 1.0000 - f1 0.9000 
INFO:root:TEST batch 7 / 7 - Batch time 0 
INFO:root:TEST mean losses tensor(0.7598)
INFO:root:TEST mean errors 0.18109668791294098
INFO:root:TEST mean MRR 0.0 - mean MAP 0.9482690691947937
INFO:root:TEST tp {0: tensor(0), 1: tensor(1135)},fn {0: tensor(251), 1: tensor(0)},fp {0: tensor(0), 1: tensor(251)}
INFO:root:TEST measures microavg - precision 0.8189 - recall 0.8189 - f1 0.8189 
INFO:root:TEST measures for class 0 - precision 0.0000 - recall 0.0000 - f1 0.0000 
INFO:root:TEST measures for class 1 - precision 0.8189 - recall 1.0000 - f1 0.9004 
INFO:root:TEST measures@10 microavg - precision 0.9718 - recall 0.0498 - f1 0.0947 
INFO:root:TEST measures@10 for class 0 - precision 0.0000 - recall 0.0000 - f1 0.0000 
INFO:root:TEST measures@10 for class 1 - precision 0.9857 - recall 0.0608 - f1 0.1145 
INFO:root:TEST measures@100 microavg - precision 0.8167 - recall 0.4791 - f1 0.6039 
INFO:root:TEST measures@100 for class 0 - precision 0.4963 - recall 0.2669 - f1 0.3472 
INFO:root:TEST measures@100 for class 1 - precision 0.8805 - recall 0.5260 - f1 0.6586 
INFO:root:TEST measures@1000 microavg - precision 0.6385 - recall 0.6385 - f1 0.6385 
INFO:root:TEST measures@1000 for class 0 - precision 0.2470 - recall 0.4861 - f1 0.3275 
INFO:root:TEST measures@1000 for class 1 - precision 0.8554 - recall 0.6722 - f1 0.7528 
INFO:root:TEST Total epoch time: 0.09115504000010333
INFO:root:################ TRAIN epoch 93 ###################
INFO:root:TRAIN mean losses tensor(0.7016)
INFO:root:TRAIN mean errors 0.17474748194217682
INFO:root:TRAIN mean MRR 0.0 - mean MAP 0.9630686640739441
INFO:root:TRAIN tp {0: tensor(0), 1: tensor(4902)},fn {0: tensor(1038), 1: tensor(0)},fp {0: tensor(0), 1: tensor(1038)}
INFO:root:TRAIN measures microavg - precision 0.8253 - recall 0.8253 - f1 0.8253 
INFO:root:TRAIN measures for class 0 - precision 0.0000 - recall 0.0000 - f1 0.0000 
INFO:root:TRAIN measures for class 1 - precision 0.8253 - recall 1.0000 - f1 0.9043 
INFO:root:TRAIN measures@10 microavg - precision 0.9736 - recall 0.0497 - f1 0.0945 
INFO:root:TRAIN measures@10 for class 0 - precision 0.6667 - recall 0.0019 - f1 0.0038 
INFO:root:TRAIN measures@10 for class 1 - precision 0.9767 - recall 0.0598 - f1 0.1126 
INFO:root:TRAIN measures@100 microavg - precision 0.8616 - recall 0.4934 - f1 0.6275 
INFO:root:TRAIN measures@100 for class 0 - precision 0.5104 - recall 0.2360 - f1 0.3228 
INFO:root:TRAIN measures@100 for class 1 - precision 0.9192 - recall 0.5479 - f1 0.6866 
INFO:root:TRAIN measures@1000 microavg - precision 0.6793 - recall 0.6793 - f1 0.6793 
INFO:root:TRAIN measures@1000 for class 0 - precision 0.2708 - recall 0.4933 - f1 0.3496 
INFO:root:TRAIN measures@1000 for class 1 - precision 0.8701 - recall 0.7187 - f1 0.7872 
INFO:root:TRAIN Total epoch time: 0.5673904730001595
INFO:root:################ VALID epoch 93 ###################
INFO:root:VALID mean losses tensor(0.7023)
INFO:root:VALID mean errors 0.17255891859531403
INFO:root:VALID mean MRR 0.0 - mean MAP 0.9574069380760193
INFO:root:VALID tp {0: tensor(0), 1: tensor(983)},fn {0: tensor(205), 1: tensor(0)},fp {0: tensor(0), 1: tensor(205)}
INFO:root:VALID measures microavg - precision 0.8274 - recall 0.8274 - f1 0.8274 
INFO:root:VALID measures for class 0 - precision 0.0000 - recall 0.0000 - f1 0.0000 
INFO:root:VALID measures for class 1 - precision 0.8274 - recall 1.0000 - f1 0.9056 
INFO:root:VALID measures@10 microavg - precision 0.9500 - recall 0.0480 - f1 0.0913 
INFO:root:VALID measures@10 for class 0 - precision 0.0000 - recall 0.0000 - f1 0.0000 
INFO:root:VALID measures@10 for class 1 - precision 0.9500 - recall 0.0580 - f1 0.1093 
INFO:root:VALID measures@100 microavg - precision 0.8258 - recall 0.4907 - f1 0.6156 
INFO:root:VALID measures@100 for class 0 - precision 0.4602 - recall 0.2537 - f1 0.3270 
INFO:root:VALID measures@100 for class 1 - precision 0.8954 - recall 0.5402 - f1 0.6739 
INFO:root:VALID measures@1000 microavg - precision 0.6077 - recall 0.6077 - f1 0.6077 
INFO:root:VALID measures@1000 for class 0 - precision 0.2298 - recall 0.5415 - f1 0.3227 
INFO:root:VALID measures@1000 for class 1 - precision 0.8667 - recall 0.6216 - f1 0.7239 
INFO:root:VALID Total epoch time: 0.07104303699998127
INFO:root:################ TEST epoch 93 ###################
INFO:root:TEST batch 1 / 7 - partial error 0.1919 - partial loss 0.7915 - partial MRR  0.0000 - partial MAP 0.9453
INFO:root:TEST batch 1 / 7 -  partial tp {0: tensor(0), 1: tensor(160)},fn {0: tensor(38), 1: tensor(0)},fp {0: tensor(0), 1: tensor(38)}
INFO:root:TEST batch 1 / 7 - measures partial microavg - precision 0.8081 - recall 0.8081 - f1 0.8081 
INFO:root:TEST batch 1 / 7 - measures partial for class 0 - precision 0.0000 - recall 0.0000 - f1 0.0000 
INFO:root:TEST batch 1 / 7 - measures partial for class 1 - precision 0.8081 - recall 1.0000 - f1 0.8939 
INFO:root:TEST batch 1 / 7 - Batch time 0 
INFO:root:TEST batch 2 / 7 - partial error 0.1843 - partial loss 0.7670 - partial MRR  0.0000 - partial MAP 0.9531
INFO:root:TEST batch 2 / 7 -  partial tp {0: tensor(0), 1: tensor(163)},fn {0: tensor(35), 1: tensor(0)},fp {0: tensor(0), 1: tensor(35)}
INFO:root:TEST batch 2 / 7 - measures partial microavg - precision 0.8232 - recall 0.8232 - f1 0.8232 
INFO:root:TEST batch 2 / 7 - measures partial for class 0 - precision 0.0000 - recall 0.0000 - f1 0.0000 
INFO:root:TEST batch 2 / 7 - measures partial for class 1 - precision 0.8232 - recall 1.0000 - f1 0.9030 
INFO:root:TEST batch 2 / 7 - Batch time 0 
INFO:root:TEST batch 3 / 7 - partial error 0.1801 - partial loss 0.7571 - partial MRR  0.0000 - partial MAP 0.9542
INFO:root:TEST batch 3 / 7 -  partial tp {0: tensor(0), 1: tensor(164)},fn {0: tensor(34), 1: tensor(0)},fp {0: tensor(0), 1: tensor(34)}
INFO:root:TEST batch 3 / 7 - measures partial microavg - precision 0.8283 - recall 0.8283 - f1 0.8283 
INFO:root:TEST batch 3 / 7 - measures partial for class 0 - precision 0.0000 - recall 0.0000 - f1 0.0000 
INFO:root:TEST batch 3 / 7 - measures partial for class 1 - precision 0.8283 - recall 1.0000 - f1 0.9061 
INFO:root:TEST batch 3 / 7 - Batch time 0 
INFO:root:TEST batch 4 / 7 - partial error 0.1768 - partial loss 0.7663 - partial MRR  0.0000 - partial MAP 0.9503
INFO:root:TEST batch 4 / 7 -  partial tp {0: tensor(0), 1: tensor(165)},fn {0: tensor(33), 1: tensor(0)},fp {0: tensor(0), 1: tensor(33)}
INFO:root:TEST batch 4 / 7 - measures partial microavg - precision 0.8333 - recall 0.8333 - f1 0.8333 
INFO:root:TEST batch 4 / 7 - measures partial for class 0 - precision 0.0000 - recall 0.0000 - f1 0.0000 
INFO:root:TEST batch 4 / 7 - measures partial for class 1 - precision 0.8333 - recall 1.0000 - f1 0.9091 
INFO:root:TEST batch 4 / 7 - Batch time 0 
INFO:root:TEST batch 5 / 7 - partial error 0.1778 - partial loss 0.7511 - partial MRR  0.0000 - partial MAP 0.9543
INFO:root:TEST batch 5 / 7 -  partial tp {0: tensor(0), 1: tensor(162)},fn {0: tensor(36), 1: tensor(0)},fp {0: tensor(0), 1: tensor(36)}
INFO:root:TEST batch 5 / 7 - measures partial microavg - precision 0.8182 - recall 0.8182 - f1 0.8182 
INFO:root:TEST batch 5 / 7 - measures partial for class 0 - precision 0.0000 - recall 0.0000 - f1 0.0000 
INFO:root:TEST batch 5 / 7 - measures partial for class 1 - precision 0.8182 - recall 1.0000 - f1 0.9000 
INFO:root:TEST batch 5 / 7 - Batch time 0 
INFO:root:TEST batch 6 / 7 - partial error 0.1810 - partial loss 0.7613 - partial MRR  0.0000 - partial MAP 0.9517
INFO:root:TEST batch 6 / 7 -  partial tp {0: tensor(0), 1: tensor(159)},fn {0: tensor(39), 1: tensor(0)},fp {0: tensor(0), 1: tensor(39)}
INFO:root:TEST batch 6 / 7 - measures partial microavg - precision 0.8030 - recall 0.8030 - f1 0.8030 
INFO:root:TEST batch 6 / 7 - measures partial for class 0 - precision 0.0000 - recall 0.0000 - f1 0.0000 
INFO:root:TEST batch 6 / 7 - measures partial for class 1 - precision 0.8030 - recall 1.0000 - f1 0.8908 
INFO:root:TEST batch 6 / 7 - Batch time 0 
INFO:root:TEST batch 7 / 7 - partial error 0.1811 - partial loss 0.7658 - partial MRR  0.0000 - partial MAP 0.9520
INFO:root:TEST batch 7 / 7 -  partial tp {0: tensor(0), 1: tensor(162)},fn {0: tensor(36), 1: tensor(0)},fp {0: tensor(0), 1: tensor(36)}
INFO:root:TEST batch 7 / 7 - measures partial microavg - precision 0.8182 - recall 0.8182 - f1 0.8182 
INFO:root:TEST batch 7 / 7 - measures partial for class 0 - precision 0.0000 - recall 0.0000 - f1 0.0000 
INFO:root:TEST batch 7 / 7 - measures partial for class 1 - precision 0.8182 - recall 1.0000 - f1 0.9000 
INFO:root:TEST batch 7 / 7 - Batch time 0 
INFO:root:TEST mean losses tensor(0.7658)
INFO:root:TEST mean errors 0.18109668791294098
INFO:root:TEST mean MRR 0.0 - mean MAP 0.9520276188850403
INFO:root:TEST tp {0: tensor(0), 1: tensor(1135)},fn {0: tensor(251), 1: tensor(0)},fp {0: tensor(0), 1: tensor(251)}
INFO:root:TEST measures microavg - precision 0.8189 - recall 0.8189 - f1 0.8189 
INFO:root:TEST measures for class 0 - precision 0.0000 - recall 0.0000 - f1 0.0000 
INFO:root:TEST measures for class 1 - precision 0.8189 - recall 1.0000 - f1 0.9004 
INFO:root:TEST measures@10 microavg - precision 0.9859 - recall 0.0505 - f1 0.0961 
INFO:root:TEST measures@10 for class 0 - precision 1.0000 - recall 0.0040 - f1 0.0079 
INFO:root:TEST measures@10 for class 1 - precision 0.9857 - recall 0.0608 - f1 0.1145 
INFO:root:TEST measures@100 microavg - precision 0.8615 - recall 0.4668 - f1 0.6055 
INFO:root:TEST measures@100 for class 0 - precision 0.4386 - recall 0.0996 - f1 0.1623 
INFO:root:TEST measures@100 for class 1 - precision 0.8963 - recall 0.5480 - f1 0.6802 
INFO:root:TEST measures@1000 microavg - precision 0.7381 - recall 0.7381 - f1 0.7381 
INFO:root:TEST measures@1000 for class 0 - precision 0.2586 - recall 0.2390 - f1 0.2484 
INFO:root:TEST measures@1000 for class 1 - precision 0.8345 - recall 0.8485 - f1 0.8414 
INFO:root:TEST Total epoch time: 0.08426229499991678
INFO:root:################ TRAIN epoch 94 ###################
INFO:root:TRAIN mean losses tensor(0.7071)
INFO:root:TRAIN mean errors 0.17457912862300873
INFO:root:TRAIN mean MRR 0.0 - mean MAP 0.9637851715087891
INFO:root:TRAIN tp {0: tensor(1), 1: tensor(4902)},fn {0: tensor(1037), 1: tensor(0)},fp {0: tensor(0), 1: tensor(1037)}
INFO:root:TRAIN measures microavg - precision 0.8254 - recall 0.8254 - f1 0.8254 
INFO:root:TRAIN measures for class 0 - precision 1.0000 - recall 0.0010 - f1 0.0019 
INFO:root:TRAIN measures for class 1 - precision 0.8254 - recall 1.0000 - f1 0.9043 
INFO:root:TRAIN measures@10 microavg - precision 0.9901 - recall 0.0507 - f1 0.0964 
INFO:root:TRAIN measures@10 for class 0 - precision 0.7500 - recall 0.0029 - f1 0.0058 
INFO:root:TRAIN measures@10 for class 1 - precision 0.9933 - recall 0.0608 - f1 0.1146 
INFO:root:TRAIN measures@100 microavg - precision 0.8494 - recall 0.4938 - f1 0.6245 
INFO:root:TRAIN measures@100 for class 0 - precision 0.4794 - recall 0.2351 - f1 0.3154 
INFO:root:TRAIN measures@100 for class 1 - precision 0.9134 - recall 0.5486 - f1 0.6854 
INFO:root:TRAIN measures@1000 microavg - precision 0.6754 - recall 0.6754 - f1 0.6754 
INFO:root:TRAIN measures@1000 for class 0 - precision 0.2665 - recall 0.4894 - f1 0.3451 
INFO:root:TRAIN measures@1000 for class 1 - precision 0.8686 - recall 0.7148 - f1 0.7842 
INFO:root:TRAIN Total epoch time: 0.6646702319999349
INFO:root:################ VALID epoch 94 ###################
INFO:root:VALID mean losses tensor(0.7032)
INFO:root:VALID mean errors 0.17255891859531403
INFO:root:VALID mean MRR 0.0 - mean MAP 0.9615752100944519
INFO:root:VALID tp {0: tensor(0), 1: tensor(983)},fn {0: tensor(205), 1: tensor(0)},fp {0: tensor(0), 1: tensor(205)}
INFO:root:VALID measures microavg - precision 0.8274 - recall 0.8274 - f1 0.8274 
INFO:root:VALID measures for class 0 - precision 0.0000 - recall 0.0000 - f1 0.0000 
INFO:root:VALID measures for class 1 - precision 0.8274 - recall 1.0000 - f1 0.9056 
INFO:root:VALID measures@10 microavg - precision 0.9833 - recall 0.0497 - f1 0.0946 
INFO:root:VALID measures@10 for class 0 - precision 0.0000 - recall 0.0000 - f1 0.0000 
INFO:root:VALID measures@10 for class 1 - precision 0.9833 - recall 0.0600 - f1 0.1131 
INFO:root:VALID measures@100 microavg - precision 0.8994 - recall 0.4891 - f1 0.6336 
INFO:root:VALID measures@100 for class 0 - precision 0.5870 - recall 0.1317 - f1 0.2151 
INFO:root:VALID measures@100 for class 1 - precision 0.9233 - recall 0.5636 - f1 0.6999 
INFO:root:VALID measures@1000 microavg - precision 0.7576 - recall 0.7576 - f1 0.7576 
INFO:root:VALID measures@1000 for class 0 - precision 0.2872 - recall 0.2732 - f1 0.2800 
INFO:root:VALID measures@1000 for class 1 - precision 0.8499 - recall 0.8586 - f1 0.8543 
INFO:root:VALID Total epoch time: 0.07030798400001004
INFO:root:################ TEST epoch 94 ###################
INFO:root:TEST batch 1 / 7 - partial error 0.1919 - partial loss 0.7900 - partial MRR  0.0000 - partial MAP 0.9468
INFO:root:TEST batch 1 / 7 -  partial tp {0: tensor(0), 1: tensor(160)},fn {0: tensor(38), 1: tensor(0)},fp {0: tensor(0), 1: tensor(38)}
INFO:root:TEST batch 1 / 7 - measures partial microavg - precision 0.8081 - recall 0.8081 - f1 0.8081 
INFO:root:TEST batch 1 / 7 - measures partial for class 0 - precision 0.0000 - recall 0.0000 - f1 0.0000 
INFO:root:TEST batch 1 / 7 - measures partial for class 1 - precision 0.8081 - recall 1.0000 - f1 0.8939 
INFO:root:TEST batch 1 / 7 - Batch time 0 
INFO:root:TEST batch 2 / 7 - partial error 0.1843 - partial loss 0.7660 - partial MRR  0.0000 - partial MAP 0.9520
INFO:root:TEST batch 2 / 7 -  partial tp {0: tensor(0), 1: tensor(163)},fn {0: tensor(35), 1: tensor(0)},fp {0: tensor(0), 1: tensor(35)}
INFO:root:TEST batch 2 / 7 - measures partial microavg - precision 0.8232 - recall 0.8232 - f1 0.8232 
INFO:root:TEST batch 2 / 7 - measures partial for class 0 - precision 0.0000 - recall 0.0000 - f1 0.0000 
INFO:root:TEST batch 2 / 7 - measures partial for class 1 - precision 0.8232 - recall 1.0000 - f1 0.9030 
INFO:root:TEST batch 2 / 7 - Batch time 0 
INFO:root:TEST batch 3 / 7 - partial error 0.1801 - partial loss 0.7436 - partial MRR  0.0000 - partial MAP 0.9525
INFO:root:TEST batch 3 / 7 -  partial tp {0: tensor(0), 1: tensor(164)},fn {0: tensor(34), 1: tensor(0)},fp {0: tensor(0), 1: tensor(34)}
INFO:root:TEST batch 3 / 7 - measures partial microavg - precision 0.8283 - recall 0.8283 - f1 0.8283 
INFO:root:TEST batch 3 / 7 - measures partial for class 0 - precision 0.0000 - recall 0.0000 - f1 0.0000 
INFO:root:TEST batch 3 / 7 - measures partial for class 1 - precision 0.8283 - recall 1.0000 - f1 0.9061 
INFO:root:TEST batch 3 / 7 - Batch time 0 
INFO:root:TEST batch 4 / 7 - partial error 0.1768 - partial loss 0.7511 - partial MRR  0.0000 - partial MAP 0.9486
INFO:root:TEST batch 4 / 7 -  partial tp {0: tensor(0), 1: tensor(165)},fn {0: tensor(33), 1: tensor(0)},fp {0: tensor(0), 1: tensor(33)}
INFO:root:TEST batch 4 / 7 - measures partial microavg - precision 0.8333 - recall 0.8333 - f1 0.8333 
INFO:root:TEST batch 4 / 7 - measures partial for class 0 - precision 0.0000 - recall 0.0000 - f1 0.0000 
INFO:root:TEST batch 4 / 7 - measures partial for class 1 - precision 0.8333 - recall 1.0000 - f1 0.9091 
INFO:root:TEST batch 4 / 7 - Batch time 0 
INFO:root:TEST batch 5 / 7 - partial error 0.1778 - partial loss 0.7409 - partial MRR  0.0000 - partial MAP 0.9515
INFO:root:TEST batch 5 / 7 -  partial tp {0: tensor(0), 1: tensor(162)},fn {0: tensor(36), 1: tensor(0)},fp {0: tensor(0), 1: tensor(36)}
INFO:root:TEST batch 5 / 7 - measures partial microavg - precision 0.8182 - recall 0.8182 - f1 0.8182 
INFO:root:TEST batch 5 / 7 - measures partial for class 0 - precision 0.0000 - recall 0.0000 - f1 0.0000 
INFO:root:TEST batch 5 / 7 - measures partial for class 1 - precision 0.8182 - recall 1.0000 - f1 0.9000 
INFO:root:TEST batch 5 / 7 - Batch time 0 
INFO:root:TEST batch 6 / 7 - partial error 0.1810 - partial loss 0.7612 - partial MRR  0.0000 - partial MAP 0.9485
INFO:root:TEST batch 6 / 7 -  partial tp {0: tensor(0), 1: tensor(159)},fn {0: tensor(39), 1: tensor(0)},fp {0: tensor(0), 1: tensor(39)}
INFO:root:TEST batch 6 / 7 - measures partial microavg - precision 0.8030 - recall 0.8030 - f1 0.8030 
INFO:root:TEST batch 6 / 7 - measures partial for class 0 - precision 0.0000 - recall 0.0000 - f1 0.0000 
INFO:root:TEST batch 6 / 7 - measures partial for class 1 - precision 0.8030 - recall 1.0000 - f1 0.8908 
INFO:root:TEST batch 6 / 7 - Batch time 0 
INFO:root:TEST batch 7 / 7 - partial error 0.1811 - partial loss 0.7624 - partial MRR  0.0000 - partial MAP 0.9494
INFO:root:TEST batch 7 / 7 -  partial tp {0: tensor(0), 1: tensor(162)},fn {0: tensor(36), 1: tensor(0)},fp {0: tensor(0), 1: tensor(36)}
INFO:root:TEST batch 7 / 7 - measures partial microavg - precision 0.8182 - recall 0.8182 - f1 0.8182 
INFO:root:TEST batch 7 / 7 - measures partial for class 0 - precision 0.0000 - recall 0.0000 - f1 0.0000 
INFO:root:TEST batch 7 / 7 - measures partial for class 1 - precision 0.8182 - recall 1.0000 - f1 0.9000 
INFO:root:TEST batch 7 / 7 - Batch time 0 
INFO:root:TEST mean losses tensor(0.7624)
INFO:root:TEST mean errors 0.18109668791294098
INFO:root:TEST mean MRR 0.0 - mean MAP 0.9493936896324158
INFO:root:TEST tp {0: tensor(0), 1: tensor(1135)},fn {0: tensor(251), 1: tensor(0)},fp {0: tensor(0), 1: tensor(251)}
INFO:root:TEST measures microavg - precision 0.8189 - recall 0.8189 - f1 0.8189 
INFO:root:TEST measures for class 0 - precision 0.0000 - recall 0.0000 - f1 0.0000 
INFO:root:TEST measures for class 1 - precision 0.8189 - recall 1.0000 - f1 0.9004 
INFO:root:TEST measures@10 microavg - precision 1.0000 - recall 0.0505 - f1 0.0962 
INFO:root:TEST measures@10 for class 0 - precision 0.0000 - recall 0.0000 - f1 0.0000 
INFO:root:TEST measures@10 for class 1 - precision 1.0000 - recall 0.0617 - f1 0.1162 
INFO:root:TEST measures@100 microavg - precision 0.8570 - recall 0.4798 - f1 0.6152 
INFO:root:TEST measures@100 for class 0 - precision 0.5395 - recall 0.1633 - f1 0.2508 
INFO:root:TEST measures@100 for class 1 - precision 0.8914 - recall 0.5498 - f1 0.6801 
INFO:root:TEST measures@1000 microavg - precision 0.7042 - recall 0.7042 - f1 0.7042 
INFO:root:TEST measures@1000 for class 0 - precision 0.2323 - recall 0.2749 - f1 0.2518 
INFO:root:TEST measures@1000 for class 1 - precision 0.8329 - recall 0.7991 - f1 0.8156 
INFO:root:TEST Total epoch time: 0.08981716400012374
INFO:root:################ TRAIN epoch 95 ###################
INFO:root:TRAIN mean losses tensor(0.7117)
INFO:root:TRAIN mean errors 0.17474748194217682
INFO:root:TRAIN mean MRR 0.0 - mean MAP 0.9620628356933594
INFO:root:TRAIN tp {0: tensor(0), 1: tensor(4902)},fn {0: tensor(1038), 1: tensor(0)},fp {0: tensor(0), 1: tensor(1038)}
INFO:root:TRAIN measures microavg - precision 0.8253 - recall 0.8253 - f1 0.8253 
INFO:root:TRAIN measures for class 0 - precision 0.0000 - recall 0.0000 - f1 0.0000 
INFO:root:TRAIN measures for class 1 - precision 0.8253 - recall 1.0000 - f1 0.9043 
INFO:root:TRAIN measures@10 microavg - precision 0.9767 - recall 0.0493 - f1 0.0939 
INFO:root:TRAIN measures@10 for class 0 - precision 0.0000 - recall 0.0000 - f1 0.0000 
INFO:root:TRAIN measures@10 for class 1 - precision 0.9767 - recall 0.0598 - f1 0.1126 
INFO:root:TRAIN measures@100 microavg - precision 0.8726 - recall 0.4914 - f1 0.6288 
INFO:root:TRAIN measures@100 for class 0 - precision 0.5120 - recall 0.1850 - f1 0.2718 
INFO:root:TRAIN measures@100 for class 1 - precision 0.9182 - recall 0.5563 - f1 0.6928 
INFO:root:TRAIN measures@1000 microavg - precision 0.6995 - recall 0.6995 - f1 0.6995 
INFO:root:TRAIN measures@1000 for class 0 - precision 0.2626 - recall 0.3979 - f1 0.3164 
INFO:root:TRAIN measures@1000 for class 1 - precision 0.8569 - recall 0.7634 - f1 0.8074 
INFO:root:TRAIN Total epoch time: 0.5843270029999985
INFO:root:################ VALID epoch 95 ###################
INFO:root:VALID mean losses tensor(0.7042)
INFO:root:VALID mean errors 0.17255891859531403
INFO:root:VALID mean MRR 0.0 - mean MAP 0.96088707447052
INFO:root:VALID tp {0: tensor(0), 1: tensor(983)},fn {0: tensor(205), 1: tensor(0)},fp {0: tensor(0), 1: tensor(205)}
INFO:root:VALID measures microavg - precision 0.8274 - recall 0.8274 - f1 0.8274 
INFO:root:VALID measures for class 0 - precision 0.0000 - recall 0.0000 - f1 0.0000 
INFO:root:VALID measures for class 1 - precision 0.8274 - recall 1.0000 - f1 0.9056 
INFO:root:VALID measures@10 microavg - precision 0.9833 - recall 0.0497 - f1 0.0946 
INFO:root:VALID measures@10 for class 0 - precision 0.0000 - recall 0.0000 - f1 0.0000 
INFO:root:VALID measures@10 for class 1 - precision 0.9833 - recall 0.0600 - f1 0.1131 
INFO:root:VALID measures@100 microavg - precision 0.8850 - recall 0.4924 - f1 0.6328 
INFO:root:VALID measures@100 for class 0 - precision 0.5246 - recall 0.1561 - f1 0.2406 
INFO:root:VALID measures@100 for class 1 - precision 0.9217 - recall 0.5626 - f1 0.6987 
INFO:root:VALID measures@1000 microavg - precision 0.7079 - recall 0.7079 - f1 0.7079 
INFO:root:VALID measures@1000 for class 0 - precision 0.2585 - recall 0.3707 - f1 0.3046 
INFO:root:VALID measures@1000 for class 1 - precision 0.8557 - recall 0.7782 - f1 0.8151 
INFO:root:VALID Total epoch time: 0.06932024299976547
INFO:root:################ TEST epoch 95 ###################
INFO:root:TEST batch 1 / 7 - partial error 0.1919 - partial loss 0.8334 - partial MRR  0.0000 - partial MAP 0.9423
INFO:root:TEST batch 1 / 7 -  partial tp {0: tensor(0), 1: tensor(160)},fn {0: tensor(38), 1: tensor(0)},fp {0: tensor(0), 1: tensor(38)}
INFO:root:TEST batch 1 / 7 - measures partial microavg - precision 0.8081 - recall 0.8081 - f1 0.8081 
INFO:root:TEST batch 1 / 7 - measures partial for class 0 - precision 0.0000 - recall 0.0000 - f1 0.0000 
INFO:root:TEST batch 1 / 7 - measures partial for class 1 - precision 0.8081 - recall 1.0000 - f1 0.8939 
INFO:root:TEST batch 1 / 7 - Batch time 0 
INFO:root:TEST batch 2 / 7 - partial error 0.1843 - partial loss 0.7849 - partial MRR  0.0000 - partial MAP 0.9517
INFO:root:TEST batch 2 / 7 -  partial tp {0: tensor(0), 1: tensor(163)},fn {0: tensor(35), 1: tensor(0)},fp {0: tensor(0), 1: tensor(35)}
INFO:root:TEST batch 2 / 7 - measures partial microavg - precision 0.8232 - recall 0.8232 - f1 0.8232 
INFO:root:TEST batch 2 / 7 - measures partial for class 0 - precision 0.0000 - recall 0.0000 - f1 0.0000 
INFO:root:TEST batch 2 / 7 - measures partial for class 1 - precision 0.8232 - recall 1.0000 - f1 0.9030 
INFO:root:TEST batch 2 / 7 - Batch time 0 
INFO:root:TEST batch 3 / 7 - partial error 0.1801 - partial loss 0.7598 - partial MRR  0.0000 - partial MAP 0.9541
INFO:root:TEST batch 3 / 7 -  partial tp {0: tensor(0), 1: tensor(164)},fn {0: tensor(34), 1: tensor(0)},fp {0: tensor(0), 1: tensor(34)}
INFO:root:TEST batch 3 / 7 - measures partial microavg - precision 0.8283 - recall 0.8283 - f1 0.8283 
INFO:root:TEST batch 3 / 7 - measures partial for class 0 - precision 0.0000 - recall 0.0000 - f1 0.0000 
INFO:root:TEST batch 3 / 7 - measures partial for class 1 - precision 0.8283 - recall 1.0000 - f1 0.9061 
INFO:root:TEST batch 3 / 7 - Batch time 0 
INFO:root:TEST batch 4 / 7 - partial error 0.1768 - partial loss 0.7651 - partial MRR  0.0000 - partial MAP 0.9503
INFO:root:TEST batch 4 / 7 -  partial tp {0: tensor(0), 1: tensor(165)},fn {0: tensor(33), 1: tensor(0)},fp {0: tensor(0), 1: tensor(33)}
INFO:root:TEST batch 4 / 7 - measures partial microavg - precision 0.8333 - recall 0.8333 - f1 0.8333 
INFO:root:TEST batch 4 / 7 - measures partial for class 0 - precision 0.0000 - recall 0.0000 - f1 0.0000 
INFO:root:TEST batch 4 / 7 - measures partial for class 1 - precision 0.8333 - recall 1.0000 - f1 0.9091 
INFO:root:TEST batch 4 / 7 - Batch time 0 
INFO:root:TEST batch 5 / 7 - partial error 0.1778 - partial loss 0.7498 - partial MRR  0.0000 - partial MAP 0.9539
INFO:root:TEST batch 5 / 7 -  partial tp {0: tensor(0), 1: tensor(162)},fn {0: tensor(36), 1: tensor(0)},fp {0: tensor(0), 1: tensor(36)}
INFO:root:TEST batch 5 / 7 - measures partial microavg - precision 0.8182 - recall 0.8182 - f1 0.8182 
INFO:root:TEST batch 5 / 7 - measures partial for class 0 - precision 0.0000 - recall 0.0000 - f1 0.0000 
INFO:root:TEST batch 5 / 7 - measures partial for class 1 - precision 0.8182 - recall 1.0000 - f1 0.9000 
INFO:root:TEST batch 5 / 7 - Batch time 0 
INFO:root:TEST batch 6 / 7 - partial error 0.1810 - partial loss 0.7640 - partial MRR  0.0000 - partial MAP 0.9495
INFO:root:TEST batch 6 / 7 -  partial tp {0: tensor(0), 1: tensor(159)},fn {0: tensor(39), 1: tensor(0)},fp {0: tensor(0), 1: tensor(39)}
INFO:root:TEST batch 6 / 7 - measures partial microavg - precision 0.8030 - recall 0.8030 - f1 0.8030 
INFO:root:TEST batch 6 / 7 - measures partial for class 0 - precision 0.0000 - recall 0.0000 - f1 0.0000 
INFO:root:TEST batch 6 / 7 - measures partial for class 1 - precision 0.8030 - recall 1.0000 - f1 0.8908 
INFO:root:TEST batch 6 / 7 - Batch time 0 
INFO:root:TEST batch 7 / 7 - partial error 0.1811 - partial loss 0.7649 - partial MRR  0.0000 - partial MAP 0.9506
INFO:root:TEST batch 7 / 7 -  partial tp {0: tensor(0), 1: tensor(162)},fn {0: tensor(36), 1: tensor(0)},fp {0: tensor(0), 1: tensor(36)}
INFO:root:TEST batch 7 / 7 - measures partial microavg - precision 0.8182 - recall 0.8182 - f1 0.8182 
INFO:root:TEST batch 7 / 7 - measures partial for class 0 - precision 0.0000 - recall 0.0000 - f1 0.0000 
INFO:root:TEST batch 7 / 7 - measures partial for class 1 - precision 0.8182 - recall 1.0000 - f1 0.9000 
INFO:root:TEST batch 7 / 7 - Batch time 0 
INFO:root:TEST mean losses tensor(0.7649)
INFO:root:TEST mean errors 0.18109668791294098
INFO:root:TEST mean MRR 0.0 - mean MAP 0.950616717338562
INFO:root:TEST tp {0: tensor(0), 1: tensor(1135)},fn {0: tensor(251), 1: tensor(0)},fp {0: tensor(0), 1: tensor(251)}
INFO:root:TEST measures microavg - precision 0.8189 - recall 0.8189 - f1 0.8189 
INFO:root:TEST measures for class 0 - precision 0.0000 - recall 0.0000 - f1 0.0000 
INFO:root:TEST measures for class 1 - precision 0.8189 - recall 1.0000 - f1 0.9004 
INFO:root:TEST measures@10 microavg - precision 1.0000 - recall 0.0505 - f1 0.0962 
INFO:root:TEST measures@10 for class 0 - precision 0.0000 - recall 0.0000 - f1 0.0000 
INFO:root:TEST measures@10 for class 1 - precision 1.0000 - recall 0.0617 - f1 0.1162 
INFO:root:TEST measures@100 microavg - precision 0.8496 - recall 0.4769 - f1 0.6109 
INFO:root:TEST measures@100 for class 0 - precision 0.4744 - recall 0.1474 - f1 0.2249 
INFO:root:TEST measures@100 for class 1 - precision 0.8914 - recall 0.5498 - f1 0.6801 
INFO:root:TEST measures@1000 microavg - precision 0.6890 - recall 0.6890 - f1 0.6890 
INFO:root:TEST measures@1000 for class 0 - precision 0.2353 - recall 0.3187 - f1 0.2707 
INFO:root:TEST measures@1000 for class 1 - precision 0.8365 - recall 0.7709 - f1 0.8024 
INFO:root:TEST Total epoch time: 0.08962168300013218
INFO:root:################ TRAIN epoch 96 ###################
INFO:root:TRAIN mean losses tensor(0.7079)
INFO:root:TRAIN mean errors 0.17491582036018372
INFO:root:TRAIN mean MRR 0.0 - mean MAP 0.9637120962142944
INFO:root:TRAIN tp {0: tensor(0), 1: tensor(4901)},fn {0: tensor(1038), 1: tensor(1)},fp {0: tensor(1), 1: tensor(1038)}
INFO:root:TRAIN measures microavg - precision 0.8251 - recall 0.8251 - f1 0.8251 
INFO:root:TRAIN measures for class 0 - precision 0.0000 - recall 0.0000 - f1 0.0000 
INFO:root:TRAIN measures for class 1 - precision 0.8252 - recall 0.9998 - f1 0.9042 
INFO:root:TRAIN measures@10 microavg - precision 0.9836 - recall 0.0505 - f1 0.0961 
INFO:root:TRAIN measures@10 for class 0 - precision 0.8000 - recall 0.0039 - f1 0.0077 
INFO:root:TRAIN measures@10 for class 1 - precision 0.9867 - recall 0.0604 - f1 0.1138 
INFO:root:TRAIN measures@100 microavg - precision 0.8563 - recall 0.4886 - f1 0.6221 
INFO:root:TRAIN measures@100 for class 0 - precision 0.4949 - recall 0.2341 - f1 0.3179 
INFO:root:TRAIN measures@100 for class 1 - precision 0.9175 - recall 0.5424 - f1 0.6818 
INFO:root:TRAIN measures@1000 microavg - precision 0.6867 - recall 0.6867 - f1 0.6867 
INFO:root:TRAIN measures@1000 for class 0 - precision 0.2728 - recall 0.4759 - f1 0.3468 
INFO:root:TRAIN measures@1000 for class 1 - precision 0.8682 - recall 0.7313 - f1 0.7939 
INFO:root:TRAIN Total epoch time: 0.5423438529996929
INFO:root:################ VALID epoch 96 ###################
INFO:root:VALID mean losses tensor(0.7051)
INFO:root:VALID mean errors 0.17255891859531403
INFO:root:VALID mean MRR 0.0 - mean MAP 0.9586579203605652
INFO:root:VALID tp {0: tensor(0), 1: tensor(983)},fn {0: tensor(205), 1: tensor(0)},fp {0: tensor(0), 1: tensor(205)}
INFO:root:VALID measures microavg - precision 0.8274 - recall 0.8274 - f1 0.8274 
INFO:root:VALID measures for class 0 - precision 0.0000 - recall 0.0000 - f1 0.0000 
INFO:root:VALID measures for class 1 - precision 0.8274 - recall 1.0000 - f1 0.9056 
INFO:root:VALID measures@10 microavg - precision 0.9672 - recall 0.0497 - f1 0.0945 
INFO:root:VALID measures@10 for class 0 - precision 1.0000 - recall 0.0049 - f1 0.0097 
INFO:root:VALID measures@10 for class 1 - precision 0.9667 - recall 0.0590 - f1 0.1112 
INFO:root:VALID measures@100 microavg - precision 0.8719 - recall 0.4983 - f1 0.6342 
INFO:root:VALID measures@100 for class 0 - precision 0.5823 - recall 0.2244 - f1 0.3239 
INFO:root:VALID measures@100 for class 1 - precision 0.9100 - recall 0.5554 - f1 0.6898 
INFO:root:VALID measures@1000 microavg - precision 0.6987 - recall 0.6987 - f1 0.6987 
INFO:root:VALID measures@1000 for class 0 - precision 0.2703 - recall 0.4390 - f1 0.3346 
INFO:root:VALID measures@1000 for class 1 - precision 0.8655 - recall 0.7528 - f1 0.8052 
INFO:root:VALID Total epoch time: 0.06923333800023102
INFO:root:################ TEST epoch 96 ###################
INFO:root:TEST batch 1 / 7 - partial error 0.1919 - partial loss 0.8280 - partial MRR  0.0000 - partial MAP 0.9423
INFO:root:TEST batch 1 / 7 -  partial tp {0: tensor(0), 1: tensor(160)},fn {0: tensor(38), 1: tensor(0)},fp {0: tensor(0), 1: tensor(38)}
INFO:root:TEST batch 1 / 7 - measures partial microavg - precision 0.8081 - recall 0.8081 - f1 0.8081 
INFO:root:TEST batch 1 / 7 - measures partial for class 0 - precision 0.0000 - recall 0.0000 - f1 0.0000 
INFO:root:TEST batch 1 / 7 - measures partial for class 1 - precision 0.8081 - recall 1.0000 - f1 0.8939 
INFO:root:TEST batch 1 / 7 - Batch time 0 
INFO:root:TEST batch 2 / 7 - partial error 0.1843 - partial loss 0.7779 - partial MRR  0.0000 - partial MAP 0.9497
INFO:root:TEST batch 2 / 7 -  partial tp {0: tensor(0), 1: tensor(163)},fn {0: tensor(35), 1: tensor(0)},fp {0: tensor(0), 1: tensor(35)}
INFO:root:TEST batch 2 / 7 - measures partial microavg - precision 0.8232 - recall 0.8232 - f1 0.8232 
INFO:root:TEST batch 2 / 7 - measures partial for class 0 - precision 0.0000 - recall 0.0000 - f1 0.0000 
INFO:root:TEST batch 2 / 7 - measures partial for class 1 - precision 0.8232 - recall 1.0000 - f1 0.9030 
INFO:root:TEST batch 2 / 7 - Batch time 0 
INFO:root:TEST batch 3 / 7 - partial error 0.1801 - partial loss 0.7541 - partial MRR  0.0000 - partial MAP 0.9507
INFO:root:TEST batch 3 / 7 -  partial tp {0: tensor(0), 1: tensor(164)},fn {0: tensor(34), 1: tensor(0)},fp {0: tensor(0), 1: tensor(34)}
INFO:root:TEST batch 3 / 7 - measures partial microavg - precision 0.8283 - recall 0.8283 - f1 0.8283 
INFO:root:TEST batch 3 / 7 - measures partial for class 0 - precision 0.0000 - recall 0.0000 - f1 0.0000 
INFO:root:TEST batch 3 / 7 - measures partial for class 1 - precision 0.8283 - recall 1.0000 - f1 0.9061 
INFO:root:TEST batch 3 / 7 - Batch time 0 
INFO:root:TEST batch 4 / 7 - partial error 0.1768 - partial loss 0.7629 - partial MRR  0.0000 - partial MAP 0.9451
INFO:root:TEST batch 4 / 7 -  partial tp {0: tensor(0), 1: tensor(165)},fn {0: tensor(33), 1: tensor(0)},fp {0: tensor(0), 1: tensor(33)}
INFO:root:TEST batch 4 / 7 - measures partial microavg - precision 0.8333 - recall 0.8333 - f1 0.8333 
INFO:root:TEST batch 4 / 7 - measures partial for class 0 - precision 0.0000 - recall 0.0000 - f1 0.0000 
INFO:root:TEST batch 4 / 7 - measures partial for class 1 - precision 0.8333 - recall 1.0000 - f1 0.9091 
INFO:root:TEST batch 4 / 7 - Batch time 0 
INFO:root:TEST batch 5 / 7 - partial error 0.1778 - partial loss 0.7516 - partial MRR  0.0000 - partial MAP 0.9478
INFO:root:TEST batch 5 / 7 -  partial tp {0: tensor(0), 1: tensor(162)},fn {0: tensor(36), 1: tensor(0)},fp {0: tensor(0), 1: tensor(36)}
INFO:root:TEST batch 5 / 7 - measures partial microavg - precision 0.8182 - recall 0.8182 - f1 0.8182 
INFO:root:TEST batch 5 / 7 - measures partial for class 0 - precision 0.0000 - recall 0.0000 - f1 0.0000 
INFO:root:TEST batch 5 / 7 - measures partial for class 1 - precision 0.8182 - recall 1.0000 - f1 0.9000 
INFO:root:TEST batch 5 / 7 - Batch time 0 
INFO:root:TEST batch 6 / 7 - partial error 0.1810 - partial loss 0.7643 - partial MRR  0.0000 - partial MAP 0.9462
INFO:root:TEST batch 6 / 7 -  partial tp {0: tensor(0), 1: tensor(159)},fn {0: tensor(39), 1: tensor(0)},fp {0: tensor(0), 1: tensor(39)}
INFO:root:TEST batch 6 / 7 - measures partial microavg - precision 0.8030 - recall 0.8030 - f1 0.8030 
INFO:root:TEST batch 6 / 7 - measures partial for class 0 - precision 0.0000 - recall 0.0000 - f1 0.0000 
INFO:root:TEST batch 6 / 7 - measures partial for class 1 - precision 0.8030 - recall 1.0000 - f1 0.8908 
INFO:root:TEST batch 6 / 7 - Batch time 0 
INFO:root:TEST batch 7 / 7 - partial error 0.1811 - partial loss 0.7690 - partial MRR  0.0000 - partial MAP 0.9466
INFO:root:TEST batch 7 / 7 -  partial tp {0: tensor(0), 1: tensor(162)},fn {0: tensor(36), 1: tensor(0)},fp {0: tensor(0), 1: tensor(36)}
INFO:root:TEST batch 7 / 7 - measures partial microavg - precision 0.8182 - recall 0.8182 - f1 0.8182 
INFO:root:TEST batch 7 / 7 - measures partial for class 0 - precision 0.0000 - recall 0.0000 - f1 0.0000 
INFO:root:TEST batch 7 / 7 - measures partial for class 1 - precision 0.8182 - recall 1.0000 - f1 0.9000 
INFO:root:TEST batch 7 / 7 - Batch time 0 
INFO:root:TEST mean losses tensor(0.7690)
INFO:root:TEST mean errors 0.18109668791294098
INFO:root:TEST mean MRR 0.0 - mean MAP 0.9466211199760437
INFO:root:TEST tp {0: tensor(0), 1: tensor(1135)},fn {0: tensor(251), 1: tensor(0)},fp {0: tensor(0), 1: tensor(251)}
INFO:root:TEST measures microavg - precision 0.8189 - recall 0.8189 - f1 0.8189 
INFO:root:TEST measures for class 0 - precision 0.0000 - recall 0.0000 - f1 0.0000 
INFO:root:TEST measures for class 1 - precision 0.8189 - recall 1.0000 - f1 0.9004 
INFO:root:TEST measures@10 microavg - precision 1.0000 - recall 0.0512 - f1 0.0975 
INFO:root:TEST measures@10 for class 0 - precision 1.0000 - recall 0.0040 - f1 0.0079 
INFO:root:TEST measures@10 for class 1 - precision 1.0000 - recall 0.0617 - f1 0.1162 
INFO:root:TEST measures@100 microavg - precision 0.8412 - recall 0.4740 - f1 0.6064 
INFO:root:TEST measures@100 for class 0 - precision 0.4878 - recall 0.1594 - f1 0.2402 
INFO:root:TEST measures@100 for class 1 - precision 0.8827 - recall 0.5436 - f1 0.6728 
INFO:root:TEST measures@1000 microavg - precision 0.7035 - recall 0.7035 - f1 0.7035 
INFO:root:TEST measures@1000 for class 0 - precision 0.2619 - recall 0.3506 - f1 0.2998 
INFO:root:TEST measures@1000 for class 1 - precision 0.8448 - recall 0.7815 - f1 0.8119 
INFO:root:TEST Total epoch time: 0.09211439099999552
INFO:root:################ TRAIN epoch 97 ###################
INFO:root:TRAIN mean losses tensor(0.6978)
INFO:root:TRAIN mean errors 0.17474748194217682
INFO:root:TRAIN mean MRR 0.0 - mean MAP 0.9636273384094238
INFO:root:TRAIN tp {0: tensor(0), 1: tensor(4902)},fn {0: tensor(1038), 1: tensor(0)},fp {0: tensor(0), 1: tensor(1038)}
INFO:root:TRAIN measures microavg - precision 0.8253 - recall 0.8253 - f1 0.8253 
INFO:root:TRAIN measures for class 0 - precision 0.0000 - recall 0.0000 - f1 0.0000 
INFO:root:TRAIN measures for class 1 - precision 0.8253 - recall 1.0000 - f1 0.9043 
INFO:root:TRAIN measures@10 microavg - precision 0.9868 - recall 0.0502 - f1 0.0955 
INFO:root:TRAIN measures@10 for class 0 - precision 1.0000 - recall 0.0019 - f1 0.0038 
INFO:root:TRAIN measures@10 for class 1 - precision 0.9867 - recall 0.0604 - f1 0.1138 
INFO:root:TRAIN measures@100 microavg - precision 0.8496 - recall 0.4916 - f1 0.6228 
INFO:root:TRAIN measures@100 for class 0 - precision 0.4778 - recall 0.2486 - f1 0.3270 
INFO:root:TRAIN measures@100 for class 1 - precision 0.9189 - recall 0.5430 - f1 0.6827 
INFO:root:TRAIN measures@1000 microavg - precision 0.6670 - recall 0.6670 - f1 0.6670 
INFO:root:TRAIN measures@1000 for class 0 - precision 0.2652 - recall 0.5116 - f1 0.3493 
INFO:root:TRAIN measures@1000 for class 1 - precision 0.8713 - recall 0.6999 - f1 0.7762 
INFO:root:TRAIN Total epoch time: 0.5854424449998987
INFO:root:################ VALID epoch 97 ###################
INFO:root:VALID mean losses tensor(0.7058)
INFO:root:VALID mean errors 0.17255891859531403
INFO:root:VALID mean MRR 0.0 - mean MAP 0.9599392414093018
INFO:root:VALID tp {0: tensor(0), 1: tensor(983)},fn {0: tensor(205), 1: tensor(0)},fp {0: tensor(0), 1: tensor(205)}
INFO:root:VALID measures microavg - precision 0.8274 - recall 0.8274 - f1 0.8274 
INFO:root:VALID measures for class 0 - precision 0.0000 - recall 0.0000 - f1 0.0000 
INFO:root:VALID measures for class 1 - precision 0.8274 - recall 1.0000 - f1 0.9056 
INFO:root:VALID measures@10 microavg - precision 0.9836 - recall 0.0505 - f1 0.0961 
INFO:root:VALID measures@10 for class 0 - precision 1.0000 - recall 0.0049 - f1 0.0097 
INFO:root:VALID measures@10 for class 1 - precision 0.9833 - recall 0.0600 - f1 0.1131 
INFO:root:VALID measures@100 microavg - precision 0.8488 - recall 0.4916 - f1 0.6226 
INFO:root:VALID measures@100 for class 0 - precision 0.5000 - recall 0.2537 - f1 0.3366 
INFO:root:VALID measures@100 for class 1 - precision 0.9110 - recall 0.5412 - f1 0.6790 
INFO:root:VALID measures@1000 microavg - precision 0.6700 - recall 0.6700 - f1 0.6700 
INFO:root:VALID measures@1000 for class 0 - precision 0.2507 - recall 0.4585 - f1 0.3241 
INFO:root:VALID measures@1000 for class 1 - precision 0.8635 - recall 0.7141 - f1 0.7817 
INFO:root:VALID Total epoch time: 0.06666451299997789
INFO:root:################ TEST epoch 97 ###################
INFO:root:TEST batch 1 / 7 - partial error 0.1919 - partial loss 0.8404 - partial MRR  0.0000 - partial MAP 0.9405
INFO:root:TEST batch 1 / 7 -  partial tp {0: tensor(0), 1: tensor(160)},fn {0: tensor(38), 1: tensor(0)},fp {0: tensor(0), 1: tensor(38)}
INFO:root:TEST batch 1 / 7 - measures partial microavg - precision 0.8081 - recall 0.8081 - f1 0.8081 
INFO:root:TEST batch 1 / 7 - measures partial for class 0 - precision 0.0000 - recall 0.0000 - f1 0.0000 
INFO:root:TEST batch 1 / 7 - measures partial for class 1 - precision 0.8081 - recall 1.0000 - f1 0.8939 
INFO:root:TEST batch 1 / 7 - Batch time 0 
INFO:root:TEST batch 2 / 7 - partial error 0.1843 - partial loss 0.7729 - partial MRR  0.0000 - partial MAP 0.9514
INFO:root:TEST batch 2 / 7 -  partial tp {0: tensor(0), 1: tensor(163)},fn {0: tensor(35), 1: tensor(0)},fp {0: tensor(0), 1: tensor(35)}
INFO:root:TEST batch 2 / 7 - measures partial microavg - precision 0.8232 - recall 0.8232 - f1 0.8232 
INFO:root:TEST batch 2 / 7 - measures partial for class 0 - precision 0.0000 - recall 0.0000 - f1 0.0000 
INFO:root:TEST batch 2 / 7 - measures partial for class 1 - precision 0.8232 - recall 1.0000 - f1 0.9030 
INFO:root:TEST batch 2 / 7 - Batch time 0 
INFO:root:TEST batch 3 / 7 - partial error 0.1801 - partial loss 0.7509 - partial MRR  0.0000 - partial MAP 0.9526
INFO:root:TEST batch 3 / 7 -  partial tp {0: tensor(0), 1: tensor(164)},fn {0: tensor(34), 1: tensor(0)},fp {0: tensor(0), 1: tensor(34)}
INFO:root:TEST batch 3 / 7 - measures partial microavg - precision 0.8283 - recall 0.8283 - f1 0.8283 
INFO:root:TEST batch 3 / 7 - measures partial for class 0 - precision 0.0000 - recall 0.0000 - f1 0.0000 
INFO:root:TEST batch 3 / 7 - measures partial for class 1 - precision 0.8283 - recall 1.0000 - f1 0.9061 
INFO:root:TEST batch 3 / 7 - Batch time 0 
INFO:root:TEST batch 4 / 7 - partial error 0.1768 - partial loss 0.7638 - partial MRR  0.0000 - partial MAP 0.9458
INFO:root:TEST batch 4 / 7 -  partial tp {0: tensor(0), 1: tensor(165)},fn {0: tensor(33), 1: tensor(0)},fp {0: tensor(0), 1: tensor(33)}
INFO:root:TEST batch 4 / 7 - measures partial microavg - precision 0.8333 - recall 0.8333 - f1 0.8333 
INFO:root:TEST batch 4 / 7 - measures partial for class 0 - precision 0.0000 - recall 0.0000 - f1 0.0000 
INFO:root:TEST batch 4 / 7 - measures partial for class 1 - precision 0.8333 - recall 1.0000 - f1 0.9091 
INFO:root:TEST batch 4 / 7 - Batch time 0 
INFO:root:TEST batch 5 / 7 - partial error 0.1778 - partial loss 0.7507 - partial MRR  0.0000 - partial MAP 0.9492
INFO:root:TEST batch 5 / 7 -  partial tp {0: tensor(0), 1: tensor(162)},fn {0: tensor(36), 1: tensor(0)},fp {0: tensor(0), 1: tensor(36)}
INFO:root:TEST batch 5 / 7 - measures partial microavg - precision 0.8182 - recall 0.8182 - f1 0.8182 
INFO:root:TEST batch 5 / 7 - measures partial for class 0 - precision 0.0000 - recall 0.0000 - f1 0.0000 
INFO:root:TEST batch 5 / 7 - measures partial for class 1 - precision 0.8182 - recall 1.0000 - f1 0.9000 
INFO:root:TEST batch 5 / 7 - Batch time 0 
INFO:root:TEST batch 6 / 7 - partial error 0.1810 - partial loss 0.7651 - partial MRR  0.0000 - partial MAP 0.9463
INFO:root:TEST batch 6 / 7 -  partial tp {0: tensor(0), 1: tensor(159)},fn {0: tensor(39), 1: tensor(0)},fp {0: tensor(0), 1: tensor(39)}
INFO:root:TEST batch 6 / 7 - measures partial microavg - precision 0.8030 - recall 0.8030 - f1 0.8030 
INFO:root:TEST batch 6 / 7 - measures partial for class 0 - precision 0.0000 - recall 0.0000 - f1 0.0000 
INFO:root:TEST batch 6 / 7 - measures partial for class 1 - precision 0.8030 - recall 1.0000 - f1 0.8908 
INFO:root:TEST batch 6 / 7 - Batch time 0 
INFO:root:TEST batch 7 / 7 - partial error 0.1811 - partial loss 0.7676 - partial MRR  0.0000 - partial MAP 0.9473
INFO:root:TEST batch 7 / 7 -  partial tp {0: tensor(0), 1: tensor(162)},fn {0: tensor(36), 1: tensor(0)},fp {0: tensor(0), 1: tensor(36)}
INFO:root:TEST batch 7 / 7 - measures partial microavg - precision 0.8182 - recall 0.8182 - f1 0.8182 
INFO:root:TEST batch 7 / 7 - measures partial for class 0 - precision 0.0000 - recall 0.0000 - f1 0.0000 
INFO:root:TEST batch 7 / 7 - measures partial for class 1 - precision 0.8182 - recall 1.0000 - f1 0.9000 
INFO:root:TEST batch 7 / 7 - Batch time 0 
INFO:root:TEST mean losses tensor(0.7676)
INFO:root:TEST mean errors 0.18109668791294098
INFO:root:TEST mean MRR 0.0 - mean MAP 0.9473239183425903
INFO:root:TEST tp {0: tensor(0), 1: tensor(1135)},fn {0: tensor(251), 1: tensor(0)},fp {0: tensor(0), 1: tensor(251)}
INFO:root:TEST measures microavg - precision 0.8189 - recall 0.8189 - f1 0.8189 
INFO:root:TEST measures for class 0 - precision 0.0000 - recall 0.0000 - f1 0.0000 
INFO:root:TEST measures for class 1 - precision 0.8189 - recall 1.0000 - f1 0.9004 
INFO:root:TEST measures@10 microavg - precision 1.0000 - recall 0.0505 - f1 0.0962 
INFO:root:TEST measures@10 for class 0 - precision 0.0000 - recall 0.0000 - f1 0.0000 
INFO:root:TEST measures@10 for class 1 - precision 1.0000 - recall 0.0617 - f1 0.1162 
INFO:root:TEST measures@100 microavg - precision 0.8274 - recall 0.4877 - f1 0.6137 
INFO:root:TEST measures@100 for class 0 - precision 0.5360 - recall 0.2669 - f1 0.3564 
INFO:root:TEST measures@100 for class 1 - precision 0.8801 - recall 0.5366 - f1 0.6667 
INFO:root:TEST measures@1000 microavg - precision 0.6508 - recall 0.6508 - f1 0.6508 
INFO:root:TEST measures@1000 for class 0 - precision 0.2547 - recall 0.4821 - f1 0.3333 
INFO:root:TEST measures@1000 for class 1 - precision 0.8573 - recall 0.6881 - f1 0.7634 
INFO:root:TEST Total epoch time: 0.08773166299988588
INFO:root:################ TRAIN epoch 98 ###################
INFO:root:TRAIN mean losses tensor(0.7099)
INFO:root:TRAIN mean errors 0.17474748194217682
INFO:root:TRAIN mean MRR 0.0 - mean MAP 0.9630347490310669
INFO:root:TRAIN tp {0: tensor(0), 1: tensor(4902)},fn {0: tensor(1038), 1: tensor(0)},fp {0: tensor(0), 1: tensor(1038)}
INFO:root:TRAIN measures microavg - precision 0.8253 - recall 0.8253 - f1 0.8253 
INFO:root:TRAIN measures for class 0 - precision 0.0000 - recall 0.0000 - f1 0.0000 
INFO:root:TRAIN measures for class 1 - precision 0.8253 - recall 1.0000 - f1 0.9043 
INFO:root:TRAIN measures@10 microavg - precision 0.9934 - recall 0.0505 - f1 0.0961 
INFO:root:TRAIN measures@10 for class 0 - precision 1.0000 - recall 0.0019 - f1 0.0038 
INFO:root:TRAIN measures@10 for class 1 - precision 0.9933 - recall 0.0608 - f1 0.1146 
INFO:root:TRAIN measures@100 microavg - precision 0.8477 - recall 0.4958 - f1 0.6257 
INFO:root:TRAIN measures@100 for class 0 - precision 0.4867 - recall 0.2466 - f1 0.3274 
INFO:root:TRAIN measures@100 for class 1 - precision 0.9121 - recall 0.5486 - f1 0.6851 
INFO:root:TRAIN measures@1000 microavg - precision 0.6599 - recall 0.6599 - f1 0.6599 
INFO:root:TRAIN measures@1000 for class 0 - precision 0.2642 - recall 0.5299 - f1 0.3526 
INFO:root:TRAIN measures@1000 for class 1 - precision 0.8735 - recall 0.6875 - f1 0.7694 
INFO:root:TRAIN Total epoch time: 0.5771276089999446
INFO:root:################ VALID epoch 98 ###################
INFO:root:VALID mean losses tensor(0.7089)
INFO:root:VALID mean errors 0.17255891859531403
INFO:root:VALID mean MRR 0.0 - mean MAP 0.9609836339950562
INFO:root:VALID tp {0: tensor(0), 1: tensor(983)},fn {0: tensor(205), 1: tensor(0)},fp {0: tensor(0), 1: tensor(205)}
INFO:root:VALID measures microavg - precision 0.8274 - recall 0.8274 - f1 0.8274 
INFO:root:VALID measures for class 0 - precision 0.0000 - recall 0.0000 - f1 0.0000 
INFO:root:VALID measures for class 1 - precision 0.8274 - recall 1.0000 - f1 0.9056 
INFO:root:VALID measures@10 microavg - precision 0.9667 - recall 0.0488 - f1 0.0929 
INFO:root:VALID measures@10 for class 0 - precision 0.0000 - recall 0.0000 - f1 0.0000 
INFO:root:VALID measures@10 for class 1 - precision 0.9667 - recall 0.0590 - f1 0.1112 
INFO:root:VALID measures@100 microavg - precision 0.8918 - recall 0.4924 - f1 0.6345 
INFO:root:VALID measures@100 for class 0 - precision 0.6429 - recall 0.1756 - f1 0.2759 
INFO:root:VALID measures@100 for class 1 - precision 0.9150 - recall 0.5585 - f1 0.6936 
INFO:root:VALID measures@1000 microavg - precision 0.7685 - recall 0.7685 - f1 0.7685 
INFO:root:VALID measures@1000 for class 0 - precision 0.3349 - recall 0.3463 - f1 0.3405 
INFO:root:VALID measures@1000 for class 1 - precision 0.8627 - recall 0.8566 - f1 0.8596 
INFO:root:VALID Total epoch time: 0.06927907399995092
INFO:root:################ TEST epoch 98 ###################
INFO:root:TEST batch 1 / 7 - partial error 0.1919 - partial loss 0.8218 - partial MRR  0.0000 - partial MAP 0.9483
INFO:root:TEST batch 1 / 7 -  partial tp {0: tensor(0), 1: tensor(160)},fn {0: tensor(38), 1: tensor(0)},fp {0: tensor(0), 1: tensor(38)}
INFO:root:TEST batch 1 / 7 - measures partial microavg - precision 0.8081 - recall 0.8081 - f1 0.8081 
INFO:root:TEST batch 1 / 7 - measures partial for class 0 - precision 0.0000 - recall 0.0000 - f1 0.0000 
INFO:root:TEST batch 1 / 7 - measures partial for class 1 - precision 0.8081 - recall 1.0000 - f1 0.8939 
INFO:root:TEST batch 1 / 7 - Batch time 0 
INFO:root:TEST batch 2 / 7 - partial error 0.1843 - partial loss 0.7810 - partial MRR  0.0000 - partial MAP 0.9544
INFO:root:TEST batch 2 / 7 -  partial tp {0: tensor(0), 1: tensor(163)},fn {0: tensor(35), 1: tensor(0)},fp {0: tensor(0), 1: tensor(35)}
INFO:root:TEST batch 2 / 7 - measures partial microavg - precision 0.8232 - recall 0.8232 - f1 0.8232 
INFO:root:TEST batch 2 / 7 - measures partial for class 0 - precision 0.0000 - recall 0.0000 - f1 0.0000 
INFO:root:TEST batch 2 / 7 - measures partial for class 1 - precision 0.8232 - recall 1.0000 - f1 0.9030 
INFO:root:TEST batch 2 / 7 - Batch time 0 
INFO:root:TEST batch 3 / 7 - partial error 0.1801 - partial loss 0.7554 - partial MRR  0.0000 - partial MAP 0.9544
INFO:root:TEST batch 3 / 7 -  partial tp {0: tensor(0), 1: tensor(164)},fn {0: tensor(34), 1: tensor(0)},fp {0: tensor(0), 1: tensor(34)}
INFO:root:TEST batch 3 / 7 - measures partial microavg - precision 0.8283 - recall 0.8283 - f1 0.8283 
INFO:root:TEST batch 3 / 7 - measures partial for class 0 - precision 0.0000 - recall 0.0000 - f1 0.0000 
INFO:root:TEST batch 3 / 7 - measures partial for class 1 - precision 0.8283 - recall 1.0000 - f1 0.9061 
INFO:root:TEST batch 3 / 7 - Batch time 0 
INFO:root:TEST batch 4 / 7 - partial error 0.1768 - partial loss 0.7602 - partial MRR  0.0000 - partial MAP 0.9517
INFO:root:TEST batch 4 / 7 -  partial tp {0: tensor(0), 1: tensor(165)},fn {0: tensor(33), 1: tensor(0)},fp {0: tensor(0), 1: tensor(33)}
INFO:root:TEST batch 4 / 7 - measures partial microavg - precision 0.8333 - recall 0.8333 - f1 0.8333 
INFO:root:TEST batch 4 / 7 - measures partial for class 0 - precision 0.0000 - recall 0.0000 - f1 0.0000 
INFO:root:TEST batch 4 / 7 - measures partial for class 1 - precision 0.8333 - recall 1.0000 - f1 0.9091 
INFO:root:TEST batch 4 / 7 - Batch time 0 
INFO:root:TEST batch 5 / 7 - partial error 0.1778 - partial loss 0.7525 - partial MRR  0.0000 - partial MAP 0.9536
INFO:root:TEST batch 5 / 7 -  partial tp {0: tensor(0), 1: tensor(162)},fn {0: tensor(36), 1: tensor(0)},fp {0: tensor(0), 1: tensor(36)}
INFO:root:TEST batch 5 / 7 - measures partial microavg - precision 0.8182 - recall 0.8182 - f1 0.8182 
INFO:root:TEST batch 5 / 7 - measures partial for class 0 - precision 0.0000 - recall 0.0000 - f1 0.0000 
INFO:root:TEST batch 5 / 7 - measures partial for class 1 - precision 0.8182 - recall 1.0000 - f1 0.9000 
INFO:root:TEST batch 5 / 7 - Batch time 0 
INFO:root:TEST batch 6 / 7 - partial error 0.1810 - partial loss 0.7696 - partial MRR  0.0000 - partial MAP 0.9498
INFO:root:TEST batch 6 / 7 -  partial tp {0: tensor(0), 1: tensor(159)},fn {0: tensor(39), 1: tensor(0)},fp {0: tensor(0), 1: tensor(39)}
INFO:root:TEST batch 6 / 7 - measures partial microavg - precision 0.8030 - recall 0.8030 - f1 0.8030 
INFO:root:TEST batch 6 / 7 - measures partial for class 0 - precision 0.0000 - recall 0.0000 - f1 0.0000 
INFO:root:TEST batch 6 / 7 - measures partial for class 1 - precision 0.8030 - recall 1.0000 - f1 0.8908 
INFO:root:TEST batch 6 / 7 - Batch time 0 
INFO:root:TEST batch 7 / 7 - partial error 0.1811 - partial loss 0.7698 - partial MRR  0.0000 - partial MAP 0.9502
INFO:root:TEST batch 7 / 7 -  partial tp {0: tensor(0), 1: tensor(162)},fn {0: tensor(36), 1: tensor(0)},fp {0: tensor(0), 1: tensor(36)}
INFO:root:TEST batch 7 / 7 - measures partial microavg - precision 0.8182 - recall 0.8182 - f1 0.8182 
INFO:root:TEST batch 7 / 7 - measures partial for class 0 - precision 0.0000 - recall 0.0000 - f1 0.0000 
INFO:root:TEST batch 7 / 7 - measures partial for class 1 - precision 0.8182 - recall 1.0000 - f1 0.9000 
INFO:root:TEST batch 7 / 7 - Batch time 0 
INFO:root:TEST mean losses tensor(0.7698)
INFO:root:TEST mean errors 0.18109668791294098
INFO:root:TEST mean MRR 0.0 - mean MAP 0.9501728415489197
INFO:root:TEST tp {0: tensor(0), 1: tensor(1135)},fn {0: tensor(251), 1: tensor(0)},fp {0: tensor(0), 1: tensor(251)}
INFO:root:TEST measures microavg - precision 0.8189 - recall 0.8189 - f1 0.8189 
INFO:root:TEST measures for class 0 - precision 0.0000 - recall 0.0000 - f1 0.0000 
INFO:root:TEST measures for class 1 - precision 0.8189 - recall 1.0000 - f1 0.9004 
INFO:root:TEST measures@10 microavg - precision 0.9857 - recall 0.0498 - f1 0.0948 
INFO:root:TEST measures@10 for class 0 - precision 0.0000 - recall 0.0000 - f1 0.0000 
INFO:root:TEST measures@10 for class 1 - precision 0.9857 - recall 0.0608 - f1 0.1145 
INFO:root:TEST measures@100 microavg - precision 0.8511 - recall 0.4906 - f1 0.6224 
INFO:root:TEST measures@100 for class 0 - precision 0.6162 - recall 0.2430 - f1 0.3486 
INFO:root:TEST measures@100 for class 1 - precision 0.8843 - recall 0.5454 - f1 0.6747 
INFO:root:TEST measures@1000 microavg - precision 0.6811 - recall 0.6811 - f1 0.6811 
INFO:root:TEST measures@1000 for class 0 - precision 0.2794 - recall 0.4821 - f1 0.3538 
INFO:root:TEST measures@1000 for class 1 - precision 0.8636 - recall 0.7251 - f1 0.7883 
INFO:root:TEST Total epoch time: 0.09080733200016766
INFO:root:################ TRAIN epoch 99 ###################
INFO:root:TRAIN mean losses tensor(0.7601)
INFO:root:TRAIN mean errors 0.17407406866550446
INFO:root:TRAIN mean MRR 0.0 - mean MAP 0.9598082304000854
INFO:root:TRAIN tp {0: tensor(4), 1: tensor(4902)},fn {0: tensor(1034), 1: tensor(0)},fp {0: tensor(0), 1: tensor(1034)}
INFO:root:TRAIN measures microavg - precision 0.8259 - recall 0.8259 - f1 0.8259 
INFO:root:TRAIN measures for class 0 - precision 1.0000 - recall 0.0039 - f1 0.0077 
INFO:root:TRAIN measures for class 1 - precision 0.8258 - recall 1.0000 - f1 0.9046 
INFO:root:TRAIN measures@10 microavg - precision 0.9901 - recall 0.0503 - f1 0.0958 
INFO:root:TRAIN measures@10 for class 0 - precision 1.0000 - recall 0.0019 - f1 0.0038 
INFO:root:TRAIN measures@10 for class 1 - precision 0.9900 - recall 0.0606 - f1 0.1142 
INFO:root:TRAIN measures@100 microavg - precision 0.9021 - recall 0.4811 - f1 0.6276 
INFO:root:TRAIN measures@100 for class 0 - precision 0.5000 - recall 0.0906 - f1 0.1533 
INFO:root:TRAIN measures@100 for class 1 - precision 0.9275 - recall 0.5639 - f1 0.7013 
INFO:root:TRAIN measures@1000 microavg - precision 0.7559 - recall 0.7559 - f1 0.7559 
INFO:root:TRAIN measures@1000 for class 0 - precision 0.2894 - recall 0.2726 - f1 0.2808 
INFO:root:TRAIN measures@1000 for class 1 - precision 0.8478 - recall 0.8582 - f1 0.8530 
INFO:root:TRAIN Total epoch time: 0.5887046959996951
INFO:root:################ VALID epoch 99 ###################
INFO:root:VALID mean losses tensor(0.7143)
INFO:root:VALID mean errors 0.17255891859531403
INFO:root:VALID mean MRR 0.0 - mean MAP 0.9567895531654358
INFO:root:VALID tp {0: tensor(0), 1: tensor(983)},fn {0: tensor(205), 1: tensor(0)},fp {0: tensor(0), 1: tensor(205)}
INFO:root:VALID measures microavg - precision 0.8274 - recall 0.8274 - f1 0.8274 
INFO:root:VALID measures for class 0 - precision 0.0000 - recall 0.0000 - f1 0.0000 
INFO:root:VALID measures for class 1 - precision 0.8274 - recall 1.0000 - f1 0.9056 
INFO:root:VALID measures@10 microavg - precision 0.9500 - recall 0.0480 - f1 0.0913 
INFO:root:VALID measures@10 for class 0 - precision 0.0000 - recall 0.0000 - f1 0.0000 
INFO:root:VALID measures@10 for class 1 - precision 0.9500 - recall 0.0580 - f1 0.1093 
INFO:root:VALID measures@100 microavg - precision 0.9114 - recall 0.4848 - f1 0.6330 
INFO:root:VALID measures@100 for class 0 - precision 0.5000 - recall 0.0780 - f1 0.1350 
INFO:root:VALID measures@100 for class 1 - precision 0.9333 - recall 0.5697 - f1 0.7075 
INFO:root:VALID measures@1000 microavg - precision 0.7458 - recall 0.7458 - f1 0.7458 
INFO:root:VALID measures@1000 for class 0 - precision 0.2679 - recall 0.2732 - f1 0.2705 
INFO:root:VALID measures@1000 for class 1 - precision 0.8478 - recall 0.8444 - f1 0.8461 
INFO:root:VALID Total epoch time: 0.06983375899972089
INFO:root:################ TEST epoch 99 ###################
INFO:root:TEST batch 1 / 7 - partial error 0.1919 - partial loss 0.8428 - partial MRR  0.0000 - partial MAP 0.9339
INFO:root:TEST batch 1 / 7 -  partial tp {0: tensor(0), 1: tensor(160)},fn {0: tensor(38), 1: tensor(0)},fp {0: tensor(0), 1: tensor(38)}
INFO:root:TEST batch 1 / 7 - measures partial microavg - precision 0.8081 - recall 0.8081 - f1 0.8081 
INFO:root:TEST batch 1 / 7 - measures partial for class 0 - precision 0.0000 - recall 0.0000 - f1 0.0000 
INFO:root:TEST batch 1 / 7 - measures partial for class 1 - precision 0.8081 - recall 1.0000 - f1 0.8939 
INFO:root:TEST batch 1 / 7 - Batch time 0 
INFO:root:TEST batch 2 / 7 - partial error 0.1843 - partial loss 0.7988 - partial MRR  0.0000 - partial MAP 0.9413
INFO:root:TEST batch 2 / 7 -  partial tp {0: tensor(0), 1: tensor(163)},fn {0: tensor(35), 1: tensor(0)},fp {0: tensor(0), 1: tensor(35)}
INFO:root:TEST batch 2 / 7 - measures partial microavg - precision 0.8232 - recall 0.8232 - f1 0.8232 
INFO:root:TEST batch 2 / 7 - measures partial for class 0 - precision 0.0000 - recall 0.0000 - f1 0.0000 
INFO:root:TEST batch 2 / 7 - measures partial for class 1 - precision 0.8232 - recall 1.0000 - f1 0.9030 
INFO:root:TEST batch 2 / 7 - Batch time 0 
INFO:root:TEST batch 3 / 7 - partial error 0.1801 - partial loss 0.7911 - partial MRR  0.0000 - partial MAP 0.9445
INFO:root:TEST batch 3 / 7 -  partial tp {0: tensor(0), 1: tensor(164)},fn {0: tensor(34), 1: tensor(0)},fp {0: tensor(0), 1: tensor(34)}
INFO:root:TEST batch 3 / 7 - measures partial microavg - precision 0.8283 - recall 0.8283 - f1 0.8283 
INFO:root:TEST batch 3 / 7 - measures partial for class 0 - precision 0.0000 - recall 0.0000 - f1 0.0000 
INFO:root:TEST batch 3 / 7 - measures partial for class 1 - precision 0.8283 - recall 1.0000 - f1 0.9061 
INFO:root:TEST batch 3 / 7 - Batch time 0 
INFO:root:TEST batch 4 / 7 - partial error 0.1768 - partial loss 0.7902 - partial MRR  0.0000 - partial MAP 0.9430
INFO:root:TEST batch 4 / 7 -  partial tp {0: tensor(0), 1: tensor(165)},fn {0: tensor(33), 1: tensor(0)},fp {0: tensor(0), 1: tensor(33)}
INFO:root:TEST batch 4 / 7 - measures partial microavg - precision 0.8333 - recall 0.8333 - f1 0.8333 
INFO:root:TEST batch 4 / 7 - measures partial for class 0 - precision 0.0000 - recall 0.0000 - f1 0.0000 
INFO:root:TEST batch 4 / 7 - measures partial for class 1 - precision 0.8333 - recall 1.0000 - f1 0.9091 
INFO:root:TEST batch 4 / 7 - Batch time 0 
INFO:root:TEST batch 5 / 7 - partial error 0.1778 - partial loss 0.7776 - partial MRR  0.0000 - partial MAP 0.9465
INFO:root:TEST batch 5 / 7 -  partial tp {0: tensor(0), 1: tensor(162)},fn {0: tensor(36), 1: tensor(0)},fp {0: tensor(0), 1: tensor(36)}
INFO:root:TEST batch 5 / 7 - measures partial microavg - precision 0.8182 - recall 0.8182 - f1 0.8182 
INFO:root:TEST batch 5 / 7 - measures partial for class 0 - precision 0.0000 - recall 0.0000 - f1 0.0000 
INFO:root:TEST batch 5 / 7 - measures partial for class 1 - precision 0.8182 - recall 1.0000 - f1 0.9000 
INFO:root:TEST batch 5 / 7 - Batch time 0 
INFO:root:TEST batch 6 / 7 - partial error 0.1810 - partial loss 0.7865 - partial MRR  0.0000 - partial MAP 0.9426
INFO:root:TEST batch 6 / 7 -  partial tp {0: tensor(0), 1: tensor(159)},fn {0: tensor(39), 1: tensor(0)},fp {0: tensor(0), 1: tensor(39)}
INFO:root:TEST batch 6 / 7 - measures partial microavg - precision 0.8030 - recall 0.8030 - f1 0.8030 
INFO:root:TEST batch 6 / 7 - measures partial for class 0 - precision 0.0000 - recall 0.0000 - f1 0.0000 
INFO:root:TEST batch 6 / 7 - measures partial for class 1 - precision 0.8030 - recall 1.0000 - f1 0.8908 
INFO:root:TEST batch 6 / 7 - Batch time 0 
INFO:root:TEST batch 7 / 7 - partial error 0.1811 - partial loss 0.7862 - partial MRR  0.0000 - partial MAP 0.9441
INFO:root:TEST batch 7 / 7 -  partial tp {0: tensor(0), 1: tensor(162)},fn {0: tensor(36), 1: tensor(0)},fp {0: tensor(0), 1: tensor(36)}
INFO:root:TEST batch 7 / 7 - measures partial microavg - precision 0.8182 - recall 0.8182 - f1 0.8182 
INFO:root:TEST batch 7 / 7 - measures partial for class 0 - precision 0.0000 - recall 0.0000 - f1 0.0000 
INFO:root:TEST batch 7 / 7 - measures partial for class 1 - precision 0.8182 - recall 1.0000 - f1 0.9000 
INFO:root:TEST batch 7 / 7 - Batch time 0 
INFO:root:TEST mean losses tensor(0.7862)
INFO:root:TEST mean errors 0.18109668791294098
INFO:root:TEST mean MRR 0.0 - mean MAP 0.9440980553627014
INFO:root:TEST tp {0: tensor(0), 1: tensor(1135)},fn {0: tensor(251), 1: tensor(0)},fp {0: tensor(0), 1: tensor(251)}
INFO:root:TEST measures microavg - precision 0.8189 - recall 0.8189 - f1 0.8189 
INFO:root:TEST measures for class 0 - precision 0.0000 - recall 0.0000 - f1 0.0000 
INFO:root:TEST measures for class 1 - precision 0.8189 - recall 1.0000 - f1 0.9004 
INFO:root:TEST measures@10 microavg - precision 0.9714 - recall 0.0491 - f1 0.0934 
INFO:root:TEST measures@10 for class 0 - precision 0.0000 - recall 0.0000 - f1 0.0000 
INFO:root:TEST measures@10 for class 1 - precision 0.9714 - recall 0.0599 - f1 0.1129 
INFO:root:TEST measures@100 microavg - precision 0.8757 - recall 0.4675 - f1 0.6096 
INFO:root:TEST measures@100 for class 0 - precision 0.6500 - recall 0.1036 - f1 0.1787 
INFO:root:TEST measures@100 for class 1 - precision 0.8886 - recall 0.5480 - f1 0.6779 
INFO:root:TEST measures@1000 microavg - precision 0.7381 - recall 0.7381 - f1 0.7381 
INFO:root:TEST measures@1000 for class 0 - precision 0.2705 - recall 0.2629 - f1 0.2667 
INFO:root:TEST measures@1000 for class 1 - precision 0.8380 - recall 0.8432 - f1 0.8406 
INFO:root:TEST Total epoch time: 0.09169258400015678
INFO:root:################ TRAIN epoch 100 ###################
INFO:root:TRAIN mean losses tensor(0.7271)
INFO:root:TRAIN mean errors 0.17474748194217682
INFO:root:TRAIN mean MRR 0.0 - mean MAP 0.9606039524078369
INFO:root:TRAIN tp {0: tensor(0), 1: tensor(4902)},fn {0: tensor(1038), 1: tensor(0)},fp {0: tensor(0), 1: tensor(1038)}
INFO:root:TRAIN measures microavg - precision 0.8253 - recall 0.8253 - f1 0.8253 
INFO:root:TRAIN measures for class 0 - precision 0.0000 - recall 0.0000 - f1 0.0000 
INFO:root:TRAIN measures for class 1 - precision 0.8253 - recall 1.0000 - f1 0.9043 
INFO:root:TRAIN measures@10 microavg - precision 0.9900 - recall 0.0500 - f1 0.0952 
INFO:root:TRAIN measures@10 for class 0 - precision 0.0000 - recall 0.0000 - f1 0.0000 
INFO:root:TRAIN measures@10 for class 1 - precision 0.9900 - recall 0.0606 - f1 0.1142 
INFO:root:TRAIN measures@100 microavg - precision 0.8947 - recall 0.4850 - f1 0.6290 
INFO:root:TRAIN measures@100 for class 0 - precision 0.5000 - recall 0.1060 - f1 0.1749 
INFO:root:TRAIN measures@100 for class 1 - precision 0.9237 - recall 0.5653 - f1 0.7013 
INFO:root:TRAIN measures@1000 microavg - precision 0.7374 - recall 0.7374 - f1 0.7374 
INFO:root:TRAIN measures@1000 for class 0 - precision 0.2807 - recall 0.3218 - f1 0.2998 
INFO:root:TRAIN measures@1000 for class 1 - precision 0.8518 - recall 0.8254 - f1 0.8384 
INFO:root:TRAIN Total epoch time: 0.5866779120001411
INFO:root:################ VALID epoch 100 ###################
INFO:root:VALID mean losses tensor(0.7126)
INFO:root:VALID mean errors 0.17255891859531403
INFO:root:VALID mean MRR 0.0 - mean MAP 0.9591825604438782
INFO:root:VALID tp {0: tensor(0), 1: tensor(983)},fn {0: tensor(205), 1: tensor(0)},fp {0: tensor(0), 1: tensor(205)}
INFO:root:VALID measures microavg - precision 0.8274 - recall 0.8274 - f1 0.8274 
INFO:root:VALID measures for class 0 - precision 0.0000 - recall 0.0000 - f1 0.0000 
INFO:root:VALID measures for class 1 - precision 0.8274 - recall 1.0000 - f1 0.9056 
INFO:root:VALID measures@10 microavg - precision 0.9836 - recall 0.0505 - f1 0.0961 
INFO:root:VALID measures@10 for class 0 - precision 1.0000 - recall 0.0049 - f1 0.0097 
INFO:root:VALID measures@10 for class 1 - precision 0.9833 - recall 0.0600 - f1 0.1131 
INFO:root:VALID measures@100 microavg - precision 0.8336 - recall 0.4975 - f1 0.6231 
INFO:root:VALID measures@100 for class 0 - precision 0.5000 - recall 0.2683 - f1 0.3492 
INFO:root:VALID measures@100 for class 1 - precision 0.8948 - recall 0.5453 - f1 0.6776 
INFO:root:VALID measures@1000 microavg - precision 0.6397 - recall 0.6397 - f1 0.6397 
INFO:root:VALID measures@1000 for class 0 - precision 0.2539 - recall 0.5610 - f1 0.3495 
INFO:root:VALID measures@1000 for class 1 - precision 0.8776 - recall 0.6562 - f1 0.7509 
INFO:root:VALID Total epoch time: 0.06999609500007864
INFO:root:################ TEST epoch 100 ###################
INFO:root:TEST batch 1 / 7 - partial error 0.1919 - partial loss 0.8235 - partial MRR  0.0000 - partial MAP 0.9452
INFO:root:TEST batch 1 / 7 -  partial tp {0: tensor(0), 1: tensor(160)},fn {0: tensor(38), 1: tensor(0)},fp {0: tensor(0), 1: tensor(38)}
INFO:root:TEST batch 1 / 7 - measures partial microavg - precision 0.8081 - recall 0.8081 - f1 0.8081 
INFO:root:TEST batch 1 / 7 - measures partial for class 0 - precision 0.0000 - recall 0.0000 - f1 0.0000 
INFO:root:TEST batch 1 / 7 - measures partial for class 1 - precision 0.8081 - recall 1.0000 - f1 0.8939 
INFO:root:TEST batch 1 / 7 - Batch time 0 
INFO:root:TEST batch 2 / 7 - partial error 0.1843 - partial loss 0.7762 - partial MRR  0.0000 - partial MAP 0.9511
INFO:root:TEST batch 2 / 7 -  partial tp {0: tensor(0), 1: tensor(163)},fn {0: tensor(35), 1: tensor(0)},fp {0: tensor(0), 1: tensor(35)}
INFO:root:TEST batch 2 / 7 - measures partial microavg - precision 0.8232 - recall 0.8232 - f1 0.8232 
INFO:root:TEST batch 2 / 7 - measures partial for class 0 - precision 0.0000 - recall 0.0000 - f1 0.0000 
INFO:root:TEST batch 2 / 7 - measures partial for class 1 - precision 0.8232 - recall 1.0000 - f1 0.9030 
INFO:root:TEST batch 2 / 7 - Batch time 0 
INFO:root:TEST batch 3 / 7 - partial error 0.1801 - partial loss 0.7516 - partial MRR  0.0000 - partial MAP 0.9532
INFO:root:TEST batch 3 / 7 -  partial tp {0: tensor(0), 1: tensor(164)},fn {0: tensor(34), 1: tensor(0)},fp {0: tensor(0), 1: tensor(34)}
INFO:root:TEST batch 3 / 7 - measures partial microavg - precision 0.8283 - recall 0.8283 - f1 0.8283 
INFO:root:TEST batch 3 / 7 - measures partial for class 0 - precision 0.0000 - recall 0.0000 - f1 0.0000 
INFO:root:TEST batch 3 / 7 - measures partial for class 1 - precision 0.8283 - recall 1.0000 - f1 0.9061 
INFO:root:TEST batch 3 / 7 - Batch time 0 
INFO:root:TEST batch 4 / 7 - partial error 0.1768 - partial loss 0.7566 - partial MRR  0.0000 - partial MAP 0.9496
INFO:root:TEST batch 4 / 7 -  partial tp {0: tensor(0), 1: tensor(165)},fn {0: tensor(33), 1: tensor(0)},fp {0: tensor(0), 1: tensor(33)}
INFO:root:TEST batch 4 / 7 - measures partial microavg - precision 0.8333 - recall 0.8333 - f1 0.8333 
INFO:root:TEST batch 4 / 7 - measures partial for class 0 - precision 0.0000 - recall 0.0000 - f1 0.0000 
INFO:root:TEST batch 4 / 7 - measures partial for class 1 - precision 0.8333 - recall 1.0000 - f1 0.9091 
INFO:root:TEST batch 4 / 7 - Batch time 0 
INFO:root:TEST batch 5 / 7 - partial error 0.1778 - partial loss 0.7487 - partial MRR  0.0000 - partial MAP 0.9515
INFO:root:TEST batch 5 / 7 -  partial tp {0: tensor(0), 1: tensor(162)},fn {0: tensor(36), 1: tensor(0)},fp {0: tensor(0), 1: tensor(36)}
INFO:root:TEST batch 5 / 7 - measures partial microavg - precision 0.8182 - recall 0.8182 - f1 0.8182 
INFO:root:TEST batch 5 / 7 - measures partial for class 0 - precision 0.0000 - recall 0.0000 - f1 0.0000 
INFO:root:TEST batch 5 / 7 - measures partial for class 1 - precision 0.8182 - recall 1.0000 - f1 0.9000 
INFO:root:TEST batch 5 / 7 - Batch time 0 
INFO:root:TEST batch 6 / 7 - partial error 0.1810 - partial loss 0.7642 - partial MRR  0.0000 - partial MAP 0.9483
INFO:root:TEST batch 6 / 7 -  partial tp {0: tensor(0), 1: tensor(159)},fn {0: tensor(39), 1: tensor(0)},fp {0: tensor(0), 1: tensor(39)}
INFO:root:TEST batch 6 / 7 - measures partial microavg - precision 0.8030 - recall 0.8030 - f1 0.8030 
INFO:root:TEST batch 6 / 7 - measures partial for class 0 - precision 0.0000 - recall 0.0000 - f1 0.0000 
INFO:root:TEST batch 6 / 7 - measures partial for class 1 - precision 0.8030 - recall 1.0000 - f1 0.8908 
INFO:root:TEST batch 6 / 7 - Batch time 0 
INFO:root:TEST batch 7 / 7 - partial error 0.1811 - partial loss 0.7693 - partial MRR  0.0000 - partial MAP 0.9488
INFO:root:TEST batch 7 / 7 -  partial tp {0: tensor(0), 1: tensor(162)},fn {0: tensor(36), 1: tensor(0)},fp {0: tensor(0), 1: tensor(36)}
INFO:root:TEST batch 7 / 7 - measures partial microavg - precision 0.8182 - recall 0.8182 - f1 0.8182 
INFO:root:TEST batch 7 / 7 - measures partial for class 0 - precision 0.0000 - recall 0.0000 - f1 0.0000 
INFO:root:TEST batch 7 / 7 - measures partial for class 1 - precision 0.8182 - recall 1.0000 - f1 0.9000 
INFO:root:TEST batch 7 / 7 - Batch time 0 
INFO:root:TEST mean losses tensor(0.7693)
INFO:root:TEST mean errors 0.18109668791294098
INFO:root:TEST mean MRR 0.0 - mean MAP 0.9488086104393005
INFO:root:TEST tp {0: tensor(0), 1: tensor(1135)},fn {0: tensor(251), 1: tensor(0)},fp {0: tensor(0), 1: tensor(251)}
INFO:root:TEST measures microavg - precision 0.8189 - recall 0.8189 - f1 0.8189 
INFO:root:TEST measures for class 0 - precision 0.0000 - recall 0.0000 - f1 0.0000 
INFO:root:TEST measures for class 1 - precision 0.8189 - recall 1.0000 - f1 0.9004 
INFO:root:TEST measures@10 microavg - precision 0.9571 - recall 0.0483 - f1 0.0920 
INFO:root:TEST measures@10 for class 0 - precision 0.0000 - recall 0.0000 - f1 0.0000 
INFO:root:TEST measures@10 for class 1 - precision 0.9571 - recall 0.0590 - f1 0.1112 
INFO:root:TEST measures@100 microavg - precision 0.8240 - recall 0.4798 - f1 0.6065 
INFO:root:TEST measures@100 for class 0 - precision 0.4957 - recall 0.2271 - f1 0.3115 
INFO:root:TEST measures@100 for class 1 - precision 0.8786 - recall 0.5357 - f1 0.6656 
INFO:root:TEST measures@1000 microavg - precision 0.6501 - recall 0.6501 - f1 0.6501 
INFO:root:TEST measures@1000 for class 0 - precision 0.2412 - recall 0.4343 - f1 0.3101 
INFO:root:TEST measures@1000 for class 1 - precision 0.8480 - recall 0.6978 - f1 0.7656 
INFO:root:TEST Total epoch time: 0.09065548500029763
INFO:root:################ TRAIN epoch 101 ###################
INFO:root:TRAIN mean losses tensor(0.7101)
INFO:root:TRAIN mean errors 0.17474748194217682
INFO:root:TRAIN mean MRR 0.0 - mean MAP 0.960678219795227
INFO:root:TRAIN tp {0: tensor(0), 1: tensor(4902)},fn {0: tensor(1038), 1: tensor(0)},fp {0: tensor(0), 1: tensor(1038)}
INFO:root:TRAIN measures microavg - precision 0.8253 - recall 0.8253 - f1 0.8253 
INFO:root:TRAIN measures for class 0 - precision 0.0000 - recall 0.0000 - f1 0.0000 
INFO:root:TRAIN measures for class 1 - precision 0.8253 - recall 1.0000 - f1 0.9043 
INFO:root:TRAIN measures@10 microavg - precision 0.9836 - recall 0.0503 - f1 0.0958 
INFO:root:TRAIN measures@10 for class 0 - precision 1.0000 - recall 0.0039 - f1 0.0077 
INFO:root:TRAIN measures@10 for class 1 - precision 0.9833 - recall 0.0602 - f1 0.1134 
INFO:root:TRAIN measures@100 microavg - precision 0.8521 - recall 0.5007 - f1 0.6308 
INFO:root:TRAIN measures@100 for class 0 - precision 0.5148 - recall 0.2678 - f1 0.3523 
INFO:root:TRAIN measures@100 for class 1 - precision 0.9139 - recall 0.5500 - f1 0.6867 
INFO:root:TRAIN measures@1000 microavg - precision 0.6732 - recall 0.6732 - f1 0.6732 
INFO:root:TRAIN measures@1000 for class 0 - precision 0.2679 - recall 0.5019 - f1 0.3493 
INFO:root:TRAIN measures@1000 for class 1 - precision 0.8706 - recall 0.7095 - f1 0.7818 
INFO:root:TRAIN Total epoch time: 0.5912993560000359
INFO:root:################ VALID epoch 101 ###################
INFO:root:VALID mean losses tensor(0.7106)
INFO:root:VALID mean errors 0.17255891859531403
INFO:root:VALID mean MRR 0.0 - mean MAP 0.9619349241256714
INFO:root:VALID tp {0: tensor(0), 1: tensor(983)},fn {0: tensor(205), 1: tensor(0)},fp {0: tensor(0), 1: tensor(205)}
INFO:root:VALID measures microavg - precision 0.8274 - recall 0.8274 - f1 0.8274 
INFO:root:VALID measures for class 0 - precision 0.0000 - recall 0.0000 - f1 0.0000 
INFO:root:VALID measures for class 1 - precision 0.8274 - recall 1.0000 - f1 0.9056 
INFO:root:VALID measures@10 microavg - precision 1.0000 - recall 0.0505 - f1 0.0962 
INFO:root:VALID measures@10 for class 0 - precision 0.0000 - recall 0.0000 - f1 0.0000 
INFO:root:VALID measures@10 for class 1 - precision 1.0000 - recall 0.0610 - f1 0.1151 
INFO:root:VALID measures@100 microavg - precision 0.8477 - recall 0.4966 - f1 0.6263 
INFO:root:VALID measures@100 for class 0 - precision 0.4896 - recall 0.2293 - f1 0.3123 
INFO:root:VALID measures@100 for class 1 - precision 0.9050 - recall 0.5524 - f1 0.6860 
INFO:root:VALID measures@1000 microavg - precision 0.6574 - recall 0.6574 - f1 0.6574 
INFO:root:VALID measures@1000 for class 0 - precision 0.2462 - recall 0.4780 - f1 0.3250 
INFO:root:VALID measures@1000 for class 1 - precision 0.8646 - recall 0.6948 - f1 0.7704 
INFO:root:VALID Total epoch time: 0.07007693200012
INFO:root:################ TEST epoch 101 ###################
INFO:root:TEST batch 1 / 7 - partial error 0.1919 - partial loss 0.8367 - partial MRR  0.0000 - partial MAP 0.9380
INFO:root:TEST batch 1 / 7 -  partial tp {0: tensor(0), 1: tensor(160)},fn {0: tensor(38), 1: tensor(0)},fp {0: tensor(0), 1: tensor(38)}
INFO:root:TEST batch 1 / 7 - measures partial microavg - precision 0.8081 - recall 0.8081 - f1 0.8081 
INFO:root:TEST batch 1 / 7 - measures partial for class 0 - precision 0.0000 - recall 0.0000 - f1 0.0000 
INFO:root:TEST batch 1 / 7 - measures partial for class 1 - precision 0.8081 - recall 1.0000 - f1 0.8939 
INFO:root:TEST batch 1 / 7 - Batch time 0 
INFO:root:TEST batch 2 / 7 - partial error 0.1843 - partial loss 0.7653 - partial MRR  0.0000 - partial MAP 0.9509
INFO:root:TEST batch 2 / 7 -  partial tp {0: tensor(0), 1: tensor(163)},fn {0: tensor(35), 1: tensor(0)},fp {0: tensor(0), 1: tensor(35)}
INFO:root:TEST batch 2 / 7 - measures partial microavg - precision 0.8232 - recall 0.8232 - f1 0.8232 
INFO:root:TEST batch 2 / 7 - measures partial for class 0 - precision 0.0000 - recall 0.0000 - f1 0.0000 
INFO:root:TEST batch 2 / 7 - measures partial for class 1 - precision 0.8232 - recall 1.0000 - f1 0.9030 
INFO:root:TEST batch 2 / 7 - Batch time 0 
INFO:root:TEST batch 3 / 7 - partial error 0.1801 - partial loss 0.7585 - partial MRR  0.0000 - partial MAP 0.9552
INFO:root:TEST batch 3 / 7 -  partial tp {0: tensor(0), 1: tensor(164)},fn {0: tensor(34), 1: tensor(0)},fp {0: tensor(0), 1: tensor(34)}
INFO:root:TEST batch 3 / 7 - measures partial microavg - precision 0.8283 - recall 0.8283 - f1 0.8283 
INFO:root:TEST batch 3 / 7 - measures partial for class 0 - precision 0.0000 - recall 0.0000 - f1 0.0000 
INFO:root:TEST batch 3 / 7 - measures partial for class 1 - precision 0.8283 - recall 1.0000 - f1 0.9061 
INFO:root:TEST batch 3 / 7 - Batch time 0 
INFO:root:TEST batch 4 / 7 - partial error 0.1768 - partial loss 0.7648 - partial MRR  0.0000 - partial MAP 0.9499
INFO:root:TEST batch 4 / 7 -  partial tp {0: tensor(0), 1: tensor(165)},fn {0: tensor(33), 1: tensor(0)},fp {0: tensor(0), 1: tensor(33)}
INFO:root:TEST batch 4 / 7 - measures partial microavg - precision 0.8333 - recall 0.8333 - f1 0.8333 
INFO:root:TEST batch 4 / 7 - measures partial for class 0 - precision 0.0000 - recall 0.0000 - f1 0.0000 
INFO:root:TEST batch 4 / 7 - measures partial for class 1 - precision 0.8333 - recall 1.0000 - f1 0.9091 
INFO:root:TEST batch 4 / 7 - Batch time 0 
INFO:root:TEST batch 5 / 7 - partial error 0.1778 - partial loss 0.7496 - partial MRR  0.0000 - partial MAP 0.9524
INFO:root:TEST batch 5 / 7 -  partial tp {0: tensor(0), 1: tensor(162)},fn {0: tensor(36), 1: tensor(0)},fp {0: tensor(0), 1: tensor(36)}
INFO:root:TEST batch 5 / 7 - measures partial microavg - precision 0.8182 - recall 0.8182 - f1 0.8182 
INFO:root:TEST batch 5 / 7 - measures partial for class 0 - precision 0.0000 - recall 0.0000 - f1 0.0000 
INFO:root:TEST batch 5 / 7 - measures partial for class 1 - precision 0.8182 - recall 1.0000 - f1 0.9000 
INFO:root:TEST batch 5 / 7 - Batch time 0 
INFO:root:TEST batch 6 / 7 - partial error 0.1810 - partial loss 0.7627 - partial MRR  0.0000 - partial MAP 0.9491
INFO:root:TEST batch 6 / 7 -  partial tp {0: tensor(0), 1: tensor(159)},fn {0: tensor(39), 1: tensor(0)},fp {0: tensor(0), 1: tensor(39)}
INFO:root:TEST batch 6 / 7 - measures partial microavg - precision 0.8030 - recall 0.8030 - f1 0.8030 
INFO:root:TEST batch 6 / 7 - measures partial for class 0 - precision 0.0000 - recall 0.0000 - f1 0.0000 
INFO:root:TEST batch 6 / 7 - measures partial for class 1 - precision 0.8030 - recall 1.0000 - f1 0.8908 
INFO:root:TEST batch 6 / 7 - Batch time 0 
INFO:root:TEST batch 7 / 7 - partial error 0.1811 - partial loss 0.7759 - partial MRR  0.0000 - partial MAP 0.9499
INFO:root:TEST batch 7 / 7 -  partial tp {0: tensor(0), 1: tensor(162)},fn {0: tensor(36), 1: tensor(0)},fp {0: tensor(0), 1: tensor(36)}
INFO:root:TEST batch 7 / 7 - measures partial microavg - precision 0.8182 - recall 0.8182 - f1 0.8182 
INFO:root:TEST batch 7 / 7 - measures partial for class 0 - precision 0.0000 - recall 0.0000 - f1 0.0000 
INFO:root:TEST batch 7 / 7 - measures partial for class 1 - precision 0.8182 - recall 1.0000 - f1 0.9000 
INFO:root:TEST batch 7 / 7 - Batch time 0 
INFO:root:TEST mean losses tensor(0.7759)
INFO:root:TEST mean errors 0.18109668791294098
INFO:root:TEST mean MRR 0.0 - mean MAP 0.949887216091156
INFO:root:TEST tp {0: tensor(0), 1: tensor(1135)},fn {0: tensor(251), 1: tensor(0)},fp {0: tensor(0), 1: tensor(251)}
INFO:root:TEST measures microavg - precision 0.8189 - recall 0.8189 - f1 0.8189 
INFO:root:TEST measures for class 0 - precision 0.0000 - recall 0.0000 - f1 0.0000 
INFO:root:TEST measures for class 1 - precision 0.8189 - recall 1.0000 - f1 0.9004 
INFO:root:TEST measures@10 microavg - precision 0.9857 - recall 0.0498 - f1 0.0948 
INFO:root:TEST measures@10 for class 0 - precision 0.0000 - recall 0.0000 - f1 0.0000 
INFO:root:TEST measures@10 for class 1 - precision 0.9857 - recall 0.0608 - f1 0.1145 
INFO:root:TEST measures@100 microavg - precision 0.8608 - recall 0.4820 - f1 0.6179 
INFO:root:TEST measures@100 for class 0 - precision 0.5000 - recall 0.1514 - f1 0.2324 
INFO:root:TEST measures@100 for class 1 - precision 0.9000 - recall 0.5551 - f1 0.6866 
INFO:root:TEST measures@1000 microavg - precision 0.7374 - recall 0.7374 - f1 0.7374 
INFO:root:TEST measures@1000 for class 0 - precision 0.2835 - recall 0.2948 - f1 0.2891 
INFO:root:TEST measures@1000 for class 1 - precision 0.8427 - recall 0.8352 - f1 0.8389 
INFO:root:TEST Total epoch time: 0.09158055799980502
INFO:root:################ TRAIN epoch 102 ###################
INFO:root:TRAIN mean losses tensor(0.7376)
INFO:root:TRAIN mean errors 0.17491582036018372
INFO:root:TRAIN mean MRR 0.0 - mean MAP 0.9619567394256592
INFO:root:TRAIN tp {0: tensor(0), 1: tensor(4901)},fn {0: tensor(1038), 1: tensor(1)},fp {0: tensor(1), 1: tensor(1038)}
INFO:root:TRAIN measures microavg - precision 0.8251 - recall 0.8251 - f1 0.8251 
INFO:root:TRAIN measures for class 0 - precision 0.0000 - recall 0.0000 - f1 0.0000 
INFO:root:TRAIN measures for class 1 - precision 0.8252 - recall 0.9998 - f1 0.9042 
INFO:root:TRAIN measures@10 microavg - precision 0.9833 - recall 0.0497 - f1 0.0946 
INFO:root:TRAIN measures@10 for class 0 - precision 0.0000 - recall 0.0000 - f1 0.0000 
INFO:root:TRAIN measures@10 for class 1 - precision 0.9833 - recall 0.0602 - f1 0.1134 
INFO:root:TRAIN measures@100 microavg - precision 0.8688 - recall 0.4916 - f1 0.6279 
INFO:root:TRAIN measures@100 for class 0 - precision 0.4751 - recall 0.1744 - f1 0.2551 
INFO:root:TRAIN measures@100 for class 1 - precision 0.9191 - recall 0.5588 - f1 0.6950 
INFO:root:TRAIN measures@1000 microavg - precision 0.6968 - recall 0.6968 - f1 0.6968 
INFO:root:TRAIN measures@1000 for class 0 - precision 0.2617 - recall 0.4037 - f1 0.3175 
INFO:root:TRAIN measures@1000 for class 1 - precision 0.8573 - recall 0.7589 - f1 0.8051 
INFO:root:TRAIN Total epoch time: 0.6763052449996394
INFO:root:################ VALID epoch 102 ###################
INFO:root:VALID mean losses tensor(0.7835)
INFO:root:VALID mean errors 0.17255891859531403
INFO:root:VALID mean MRR 0.0 - mean MAP 0.9581303000450134
INFO:root:VALID tp {0: tensor(0), 1: tensor(983)},fn {0: tensor(205), 1: tensor(0)},fp {0: tensor(0), 1: tensor(205)}
INFO:root:VALID measures microavg - precision 0.8274 - recall 0.8274 - f1 0.8274 
INFO:root:VALID measures for class 0 - precision 0.0000 - recall 0.0000 - f1 0.0000 
INFO:root:VALID measures for class 1 - precision 0.8274 - recall 1.0000 - f1 0.9056 
INFO:root:VALID measures@10 microavg - precision 0.9833 - recall 0.0497 - f1 0.0946 
INFO:root:VALID measures@10 for class 0 - precision 0.0000 - recall 0.0000 - f1 0.0000 
INFO:root:VALID measures@10 for class 1 - precision 0.9833 - recall 0.0600 - f1 0.1131 
INFO:root:VALID measures@100 microavg - precision 0.8307 - recall 0.4916 - f1 0.6177 
INFO:root:VALID measures@100 for class 0 - precision 0.5081 - recall 0.3073 - f1 0.3830 
INFO:root:VALID measures@100 for class 1 - precision 0.8998 - recall 0.5300 - f1 0.6671 
INFO:root:VALID measures@1000 microavg - precision 0.5926 - recall 0.5926 - f1 0.5926 
INFO:root:VALID measures@1000 for class 0 - precision 0.2468 - recall 0.6634 - f1 0.3598 
INFO:root:VALID measures@1000 for class 1 - precision 0.8917 - recall 0.5778 - f1 0.7012 
INFO:root:VALID Total epoch time: 0.06792329200015956
INFO:root:################ TEST epoch 102 ###################
INFO:root:TEST batch 1 / 7 - partial error 0.1919 - partial loss 0.8754 - partial MRR  0.0000 - partial MAP 0.9422
INFO:root:TEST batch 1 / 7 -  partial tp {0: tensor(0), 1: tensor(160)},fn {0: tensor(38), 1: tensor(0)},fp {0: tensor(0), 1: tensor(38)}
INFO:root:TEST batch 1 / 7 - measures partial microavg - precision 0.8081 - recall 0.8081 - f1 0.8081 
INFO:root:TEST batch 1 / 7 - measures partial for class 0 - precision 0.0000 - recall 0.0000 - f1 0.0000 
INFO:root:TEST batch 1 / 7 - measures partial for class 1 - precision 0.8081 - recall 1.0000 - f1 0.8939 
INFO:root:TEST batch 1 / 7 - Batch time 0 
INFO:root:TEST batch 2 / 7 - partial error 0.1843 - partial loss 0.8396 - partial MRR  0.0000 - partial MAP 0.9535
INFO:root:TEST batch 2 / 7 -  partial tp {0: tensor(0), 1: tensor(163)},fn {0: tensor(35), 1: tensor(0)},fp {0: tensor(0), 1: tensor(35)}
INFO:root:TEST batch 2 / 7 - measures partial microavg - precision 0.8232 - recall 0.8232 - f1 0.8232 
INFO:root:TEST batch 2 / 7 - measures partial for class 0 - precision 0.0000 - recall 0.0000 - f1 0.0000 
INFO:root:TEST batch 2 / 7 - measures partial for class 1 - precision 0.8232 - recall 1.0000 - f1 0.9030 
INFO:root:TEST batch 2 / 7 - Batch time 0 
INFO:root:TEST batch 3 / 7 - partial error 0.1801 - partial loss 0.8035 - partial MRR  0.0000 - partial MAP 0.9538
INFO:root:TEST batch 3 / 7 -  partial tp {0: tensor(0), 1: tensor(164)},fn {0: tensor(34), 1: tensor(0)},fp {0: tensor(0), 1: tensor(34)}
INFO:root:TEST batch 3 / 7 - measures partial microavg - precision 0.8283 - recall 0.8283 - f1 0.8283 
INFO:root:TEST batch 3 / 7 - measures partial for class 0 - precision 0.0000 - recall 0.0000 - f1 0.0000 
INFO:root:TEST batch 3 / 7 - measures partial for class 1 - precision 0.8283 - recall 1.0000 - f1 0.9061 
INFO:root:TEST batch 3 / 7 - Batch time 0 
INFO:root:TEST batch 4 / 7 - partial error 0.1768 - partial loss 0.8009 - partial MRR  0.0000 - partial MAP 0.9493
INFO:root:TEST batch 4 / 7 -  partial tp {0: tensor(0), 1: tensor(165)},fn {0: tensor(33), 1: tensor(0)},fp {0: tensor(0), 1: tensor(33)}
INFO:root:TEST batch 4 / 7 - measures partial microavg - precision 0.8333 - recall 0.8333 - f1 0.8333 
INFO:root:TEST batch 4 / 7 - measures partial for class 0 - precision 0.0000 - recall 0.0000 - f1 0.0000 
INFO:root:TEST batch 4 / 7 - measures partial for class 1 - precision 0.8333 - recall 1.0000 - f1 0.9091 
INFO:root:TEST batch 4 / 7 - Batch time 0 
INFO:root:TEST batch 5 / 7 - partial error 0.1778 - partial loss 0.7816 - partial MRR  0.0000 - partial MAP 0.9499
INFO:root:TEST batch 5 / 7 -  partial tp {0: tensor(0), 1: tensor(162)},fn {0: tensor(36), 1: tensor(0)},fp {0: tensor(0), 1: tensor(36)}
INFO:root:TEST batch 5 / 7 - measures partial microavg - precision 0.8182 - recall 0.8182 - f1 0.8182 
INFO:root:TEST batch 5 / 7 - measures partial for class 0 - precision 0.0000 - recall 0.0000 - f1 0.0000 
INFO:root:TEST batch 5 / 7 - measures partial for class 1 - precision 0.8182 - recall 1.0000 - f1 0.9000 
INFO:root:TEST batch 5 / 7 - Batch time 0 
INFO:root:TEST batch 6 / 7 - partial error 0.1810 - partial loss 0.8008 - partial MRR  0.0000 - partial MAP 0.9465
INFO:root:TEST batch 6 / 7 -  partial tp {0: tensor(0), 1: tensor(159)},fn {0: tensor(39), 1: tensor(0)},fp {0: tensor(0), 1: tensor(39)}
INFO:root:TEST batch 6 / 7 - measures partial microavg - precision 0.8030 - recall 0.8030 - f1 0.8030 
INFO:root:TEST batch 6 / 7 - measures partial for class 0 - precision 0.0000 - recall 0.0000 - f1 0.0000 
INFO:root:TEST batch 6 / 7 - measures partial for class 1 - precision 0.8030 - recall 1.0000 - f1 0.8908 
INFO:root:TEST batch 6 / 7 - Batch time 0 
INFO:root:TEST batch 7 / 7 - partial error 0.1811 - partial loss 0.7955 - partial MRR  0.0000 - partial MAP 0.9481
INFO:root:TEST batch 7 / 7 -  partial tp {0: tensor(0), 1: tensor(162)},fn {0: tensor(36), 1: tensor(0)},fp {0: tensor(0), 1: tensor(36)}
INFO:root:TEST batch 7 / 7 - measures partial microavg - precision 0.8182 - recall 0.8182 - f1 0.8182 
INFO:root:TEST batch 7 / 7 - measures partial for class 0 - precision 0.0000 - recall 0.0000 - f1 0.0000 
INFO:root:TEST batch 7 / 7 - measures partial for class 1 - precision 0.8182 - recall 1.0000 - f1 0.9000 
INFO:root:TEST batch 7 / 7 - Batch time 0 
INFO:root:TEST mean losses tensor(0.7955)
INFO:root:TEST mean errors 0.18109668791294098
INFO:root:TEST mean MRR 0.0 - mean MAP 0.9480799436569214
INFO:root:TEST tp {0: tensor(0), 1: tensor(1135)},fn {0: tensor(251), 1: tensor(0)},fp {0: tensor(0), 1: tensor(251)}
INFO:root:TEST measures microavg - precision 0.8189 - recall 0.8189 - f1 0.8189 
INFO:root:TEST measures for class 0 - precision 0.0000 - recall 0.0000 - f1 0.0000 
INFO:root:TEST measures for class 1 - precision 0.8189 - recall 1.0000 - f1 0.9004 
INFO:root:TEST measures@10 microavg - precision 0.9714 - recall 0.0491 - f1 0.0934 
INFO:root:TEST measures@10 for class 0 - precision 0.0000 - recall 0.0000 - f1 0.0000 
INFO:root:TEST measures@10 for class 1 - precision 0.9714 - recall 0.0599 - f1 0.1129 
INFO:root:TEST measures@100 microavg - precision 0.7906 - recall 0.4711 - f1 0.5904 
INFO:root:TEST measures@100 for class 0 - precision 0.4667 - recall 0.2789 - f1 0.3491 
INFO:root:TEST measures@100 for class 1 - precision 0.8624 - recall 0.5137 - f1 0.6438 
INFO:root:TEST measures@1000 microavg - precision 0.5527 - recall 0.5527 - f1 0.5527 
INFO:root:TEST measures@1000 for class 0 - precision 0.2226 - recall 0.5896 - f1 0.3231 
INFO:root:TEST measures@1000 for class 1 - precision 0.8571 - recall 0.5445 - f1 0.6659 
INFO:root:TEST Total epoch time: 0.08719290999988516
INFO:root:################ TRAIN epoch 103 ###################
INFO:root:TRAIN mean losses tensor(0.7240)
INFO:root:TRAIN mean errors 0.17474748194217682
INFO:root:TRAIN mean MRR 0.0 - mean MAP 0.9615232944488525
INFO:root:TRAIN tp {0: tensor(0), 1: tensor(4902)},fn {0: tensor(1038), 1: tensor(0)},fp {0: tensor(0), 1: tensor(1038)}
INFO:root:TRAIN measures microavg - precision 0.8253 - recall 0.8253 - f1 0.8253 
INFO:root:TRAIN measures for class 0 - precision 0.0000 - recall 0.0000 - f1 0.0000 
INFO:root:TRAIN measures for class 1 - precision 0.8253 - recall 1.0000 - f1 0.9043 
INFO:root:TRAIN measures@10 microavg - precision 0.9834 - recall 0.0498 - f1 0.0949 
INFO:root:TRAIN measures@10 for class 0 - precision 1.0000 - recall 0.0010 - f1 0.0019 
INFO:root:TRAIN measures@10 for class 1 - precision 0.9833 - recall 0.0602 - f1 0.1134 
INFO:root:TRAIN measures@100 microavg - precision 0.8648 - recall 0.4865 - f1 0.6227 
INFO:root:TRAIN measures@100 for class 0 - precision 0.4794 - recall 0.1792 - f1 0.2609 
INFO:root:TRAIN measures@100 for class 1 - precision 0.9154 - recall 0.5516 - f1 0.6884 
INFO:root:TRAIN measures@1000 microavg - precision 0.6941 - recall 0.6941 - f1 0.6941 
INFO:root:TRAIN measures@1000 for class 0 - precision 0.2641 - recall 0.4200 - f1 0.3243 
INFO:root:TRAIN measures@1000 for class 1 - precision 0.8596 - recall 0.7521 - f1 0.8023 
INFO:root:TRAIN Total epoch time: 0.5551846309999746
INFO:root:################ VALID epoch 103 ###################
INFO:root:VALID mean losses tensor(0.6915)
INFO:root:VALID mean errors 0.17255891859531403
INFO:root:VALID mean MRR 0.0 - mean MAP 0.960972011089325
INFO:root:VALID tp {0: tensor(0), 1: tensor(983)},fn {0: tensor(205), 1: tensor(0)},fp {0: tensor(0), 1: tensor(205)}
INFO:root:VALID measures microavg - precision 0.8274 - recall 0.8274 - f1 0.8274 
INFO:root:VALID measures for class 0 - precision 0.0000 - recall 0.0000 - f1 0.0000 
INFO:root:VALID measures for class 1 - precision 0.8274 - recall 1.0000 - f1 0.9056 
INFO:root:VALID measures@10 microavg - precision 0.9667 - recall 0.0488 - f1 0.0929 
INFO:root:VALID measures@10 for class 0 - precision 0.0000 - recall 0.0000 - f1 0.0000 
INFO:root:VALID measures@10 for class 1 - precision 0.9667 - recall 0.0590 - f1 0.1112 
INFO:root:VALID measures@100 microavg - precision 0.8761 - recall 0.4882 - f1 0.6270 
INFO:root:VALID measures@100 for class 0 - precision 0.5362 - recall 0.1805 - f1 0.2701 
INFO:root:VALID measures@100 for class 1 - precision 0.9157 - recall 0.5524 - f1 0.6891 
INFO:root:VALID measures@1000 microavg - precision 0.7189 - recall 0.7189 - f1 0.7189 
INFO:root:VALID measures@1000 for class 0 - precision 0.2899 - recall 0.4341 - f1 0.3477 
INFO:root:VALID measures@1000 for class 1 - precision 0.8683 - recall 0.7782 - f1 0.8208 
INFO:root:VALID Total epoch time: 0.06468794600004912
INFO:root:################ TEST epoch 103 ###################
INFO:root:TEST batch 1 / 7 - partial error 0.1919 - partial loss 0.8056 - partial MRR  0.0000 - partial MAP 0.9383
INFO:root:TEST batch 1 / 7 -  partial tp {0: tensor(0), 1: tensor(160)},fn {0: tensor(38), 1: tensor(0)},fp {0: tensor(0), 1: tensor(38)}
INFO:root:TEST batch 1 / 7 - measures partial microavg - precision 0.8081 - recall 0.8081 - f1 0.8081 
INFO:root:TEST batch 1 / 7 - measures partial for class 0 - precision 0.0000 - recall 0.0000 - f1 0.0000 
INFO:root:TEST batch 1 / 7 - measures partial for class 1 - precision 0.8081 - recall 1.0000 - f1 0.8939 
INFO:root:TEST batch 1 / 7 - Batch time 0 
INFO:root:TEST batch 2 / 7 - partial error 0.1843 - partial loss 0.7710 - partial MRR  0.0000 - partial MAP 0.9461
INFO:root:TEST batch 2 / 7 -  partial tp {0: tensor(0), 1: tensor(163)},fn {0: tensor(35), 1: tensor(0)},fp {0: tensor(0), 1: tensor(35)}
INFO:root:TEST batch 2 / 7 - measures partial microavg - precision 0.8232 - recall 0.8232 - f1 0.8232 
INFO:root:TEST batch 2 / 7 - measures partial for class 0 - precision 0.0000 - recall 0.0000 - f1 0.0000 
INFO:root:TEST batch 2 / 7 - measures partial for class 1 - precision 0.8232 - recall 1.0000 - f1 0.9030 
INFO:root:TEST batch 2 / 7 - Batch time 0 
INFO:root:TEST batch 3 / 7 - partial error 0.1801 - partial loss 0.7622 - partial MRR  0.0000 - partial MAP 0.9470
INFO:root:TEST batch 3 / 7 -  partial tp {0: tensor(0), 1: tensor(164)},fn {0: tensor(34), 1: tensor(0)},fp {0: tensor(0), 1: tensor(34)}
INFO:root:TEST batch 3 / 7 - measures partial microavg - precision 0.8283 - recall 0.8283 - f1 0.8283 
INFO:root:TEST batch 3 / 7 - measures partial for class 0 - precision 0.0000 - recall 0.0000 - f1 0.0000 
INFO:root:TEST batch 3 / 7 - measures partial for class 1 - precision 0.8283 - recall 1.0000 - f1 0.9061 
INFO:root:TEST batch 3 / 7 - Batch time 0 
INFO:root:TEST batch 4 / 7 - partial error 0.1768 - partial loss 0.7705 - partial MRR  0.0000 - partial MAP 0.9422
INFO:root:TEST batch 4 / 7 -  partial tp {0: tensor(0), 1: tensor(165)},fn {0: tensor(33), 1: tensor(0)},fp {0: tensor(0), 1: tensor(33)}
INFO:root:TEST batch 4 / 7 - measures partial microavg - precision 0.8333 - recall 0.8333 - f1 0.8333 
INFO:root:TEST batch 4 / 7 - measures partial for class 0 - precision 0.0000 - recall 0.0000 - f1 0.0000 
INFO:root:TEST batch 4 / 7 - measures partial for class 1 - precision 0.8333 - recall 1.0000 - f1 0.9091 
INFO:root:TEST batch 4 / 7 - Batch time 0 
INFO:root:TEST batch 5 / 7 - partial error 0.1778 - partial loss 0.7551 - partial MRR  0.0000 - partial MAP 0.9461
INFO:root:TEST batch 5 / 7 -  partial tp {0: tensor(0), 1: tensor(162)},fn {0: tensor(36), 1: tensor(0)},fp {0: tensor(0), 1: tensor(36)}
INFO:root:TEST batch 5 / 7 - measures partial microavg - precision 0.8182 - recall 0.8182 - f1 0.8182 
INFO:root:TEST batch 5 / 7 - measures partial for class 0 - precision 0.0000 - recall 0.0000 - f1 0.0000 
INFO:root:TEST batch 5 / 7 - measures partial for class 1 - precision 0.8182 - recall 1.0000 - f1 0.9000 
INFO:root:TEST batch 5 / 7 - Batch time 0 
INFO:root:TEST batch 6 / 7 - partial error 0.1810 - partial loss 0.7668 - partial MRR  0.0000 - partial MAP 0.9445
INFO:root:TEST batch 6 / 7 -  partial tp {0: tensor(0), 1: tensor(159)},fn {0: tensor(39), 1: tensor(0)},fp {0: tensor(0), 1: tensor(39)}
INFO:root:TEST batch 6 / 7 - measures partial microavg - precision 0.8030 - recall 0.8030 - f1 0.8030 
INFO:root:TEST batch 6 / 7 - measures partial for class 0 - precision 0.0000 - recall 0.0000 - f1 0.0000 
INFO:root:TEST batch 6 / 7 - measures partial for class 1 - precision 0.8030 - recall 1.0000 - f1 0.8908 
INFO:root:TEST batch 6 / 7 - Batch time 0 
INFO:root:TEST batch 7 / 7 - partial error 0.1811 - partial loss 0.7651 - partial MRR  0.0000 - partial MAP 0.9463
INFO:root:TEST batch 7 / 7 -  partial tp {0: tensor(0), 1: tensor(162)},fn {0: tensor(36), 1: tensor(0)},fp {0: tensor(0), 1: tensor(36)}
INFO:root:TEST batch 7 / 7 - measures partial microavg - precision 0.8182 - recall 0.8182 - f1 0.8182 
INFO:root:TEST batch 7 / 7 - measures partial for class 0 - precision 0.0000 - recall 0.0000 - f1 0.0000 
INFO:root:TEST batch 7 / 7 - measures partial for class 1 - precision 0.8182 - recall 1.0000 - f1 0.9000 
INFO:root:TEST batch 7 / 7 - Batch time 0 
INFO:root:TEST mean losses tensor(0.7651)
INFO:root:TEST mean errors 0.18109668791294098
INFO:root:TEST mean MRR 0.0 - mean MAP 0.9462956786155701
INFO:root:TEST tp {0: tensor(0), 1: tensor(1135)},fn {0: tensor(251), 1: tensor(0)},fp {0: tensor(0), 1: tensor(251)}
INFO:root:TEST measures microavg - precision 0.8189 - recall 0.8189 - f1 0.8189 
INFO:root:TEST measures for class 0 - precision 0.0000 - recall 0.0000 - f1 0.0000 
INFO:root:TEST measures for class 1 - precision 0.8189 - recall 1.0000 - f1 0.9004 
INFO:root:TEST measures@10 microavg - precision 0.9857 - recall 0.0498 - f1 0.0948 
INFO:root:TEST measures@10 for class 0 - precision 0.0000 - recall 0.0000 - f1 0.0000 
INFO:root:TEST measures@10 for class 1 - precision 0.9857 - recall 0.0608 - f1 0.1145 
INFO:root:TEST measures@100 microavg - precision 0.8480 - recall 0.4870 - f1 0.6187 
INFO:root:TEST measures@100 for class 0 - precision 0.5238 - recall 0.2191 - f1 0.3090 
INFO:root:TEST measures@100 for class 1 - precision 0.8973 - recall 0.5463 - f1 0.6791 
INFO:root:TEST measures@1000 microavg - precision 0.6847 - recall 0.6847 - f1 0.6847 
INFO:root:TEST measures@1000 for class 0 - precision 0.2540 - recall 0.3825 - f1 0.3052 
INFO:root:TEST measures@1000 for class 1 - precision 0.8462 - recall 0.7515 - f1 0.7961 
INFO:root:TEST Total epoch time: 0.08487611100008507
INFO:root:################ TRAIN epoch 104 ###################
INFO:root:TRAIN mean losses tensor(0.6948)
INFO:root:TRAIN mean errors 0.17474748194217682
INFO:root:TRAIN mean MRR 0.0 - mean MAP 0.9634777307510376
INFO:root:TRAIN tp {0: tensor(0), 1: tensor(4902)},fn {0: tensor(1038), 1: tensor(0)},fp {0: tensor(0), 1: tensor(1038)}
INFO:root:TRAIN measures microavg - precision 0.8253 - recall 0.8253 - f1 0.8253 
INFO:root:TRAIN measures for class 0 - precision 0.0000 - recall 0.0000 - f1 0.0000 
INFO:root:TRAIN measures for class 1 - precision 0.8253 - recall 1.0000 - f1 0.9043 
INFO:root:TRAIN measures@10 microavg - precision 0.9803 - recall 0.0502 - f1 0.0955 
INFO:root:TRAIN measures@10 for class 0 - precision 0.7500 - recall 0.0029 - f1 0.0058 
INFO:root:TRAIN measures@10 for class 1 - precision 0.9833 - recall 0.0602 - f1 0.1134 
INFO:root:TRAIN measures@100 microavg - precision 0.8431 - recall 0.4923 - f1 0.6216 
INFO:root:TRAIN measures@100 for class 0 - precision 0.5009 - recall 0.2813 - f1 0.3603 
INFO:root:TRAIN measures@100 for class 1 - precision 0.9123 - recall 0.5369 - f1 0.6760 
INFO:root:TRAIN measures@1000 microavg - precision 0.6426 - recall 0.6426 - f1 0.6426 
INFO:root:TRAIN measures@1000 for class 0 - precision 0.2615 - recall 0.5732 - f1 0.3592 
INFO:root:TRAIN measures@1000 for class 1 - precision 0.8791 - recall 0.6573 - f1 0.7522 
INFO:root:TRAIN Total epoch time: 0.5428481690000808
INFO:root:################ VALID epoch 104 ###################
INFO:root:VALID mean losses tensor(0.7095)
INFO:root:VALID mean errors 0.17255891859531403
INFO:root:VALID mean MRR 0.0 - mean MAP 0.9579058885574341
INFO:root:VALID tp {0: tensor(0), 1: tensor(983)},fn {0: tensor(205), 1: tensor(0)},fp {0: tensor(0), 1: tensor(205)}
INFO:root:VALID measures microavg - precision 0.8274 - recall 0.8274 - f1 0.8274 
INFO:root:VALID measures for class 0 - precision 0.0000 - recall 0.0000 - f1 0.0000 
INFO:root:VALID measures for class 1 - precision 0.8274 - recall 1.0000 - f1 0.9056 
INFO:root:VALID measures@10 microavg - precision 0.9833 - recall 0.0497 - f1 0.0946 
INFO:root:VALID measures@10 for class 0 - precision 0.0000 - recall 0.0000 - f1 0.0000 
INFO:root:VALID measures@10 for class 1 - precision 0.9833 - recall 0.0600 - f1 0.1131 
INFO:root:VALID measures@100 microavg - precision 0.8623 - recall 0.4848 - f1 0.6207 
INFO:root:VALID measures@100 for class 0 - precision 0.4853 - recall 0.1610 - f1 0.2418 
INFO:root:VALID measures@100 for class 1 - precision 0.9050 - recall 0.5524 - f1 0.6860 
INFO:root:VALID measures@1000 microavg - precision 0.6608 - recall 0.6608 - f1 0.6608 
INFO:root:VALID measures@1000 for class 0 - precision 0.2310 - recall 0.4146 - f1 0.2967 
INFO:root:VALID measures@1000 for class 1 - precision 0.8537 - recall 0.7121 - f1 0.7765 
INFO:root:VALID Total epoch time: 0.0637447140002223
INFO:root:################ TEST epoch 104 ###################
INFO:root:TEST batch 1 / 7 - partial error 0.1919 - partial loss 0.8014 - partial MRR  0.0000 - partial MAP 0.9407
INFO:root:TEST batch 1 / 7 -  partial tp {0: tensor(0), 1: tensor(160)},fn {0: tensor(38), 1: tensor(0)},fp {0: tensor(0), 1: tensor(38)}
INFO:root:TEST batch 1 / 7 - measures partial microavg - precision 0.8081 - recall 0.8081 - f1 0.8081 
INFO:root:TEST batch 1 / 7 - measures partial for class 0 - precision 0.0000 - recall 0.0000 - f1 0.0000 
INFO:root:TEST batch 1 / 7 - measures partial for class 1 - precision 0.8081 - recall 1.0000 - f1 0.8939 
INFO:root:TEST batch 1 / 7 - Batch time 0 
INFO:root:TEST batch 2 / 7 - partial error 0.1843 - partial loss 0.7554 - partial MRR  0.0000 - partial MAP 0.9507
INFO:root:TEST batch 2 / 7 -  partial tp {0: tensor(0), 1: tensor(163)},fn {0: tensor(35), 1: tensor(0)},fp {0: tensor(0), 1: tensor(35)}
INFO:root:TEST batch 2 / 7 - measures partial microavg - precision 0.8232 - recall 0.8232 - f1 0.8232 
INFO:root:TEST batch 2 / 7 - measures partial for class 0 - precision 0.0000 - recall 0.0000 - f1 0.0000 
INFO:root:TEST batch 2 / 7 - measures partial for class 1 - precision 0.8232 - recall 1.0000 - f1 0.9030 
INFO:root:TEST batch 2 / 7 - Batch time 0 
INFO:root:TEST batch 3 / 7 - partial error 0.1801 - partial loss 0.7398 - partial MRR  0.0000 - partial MAP 0.9518
INFO:root:TEST batch 3 / 7 -  partial tp {0: tensor(0), 1: tensor(164)},fn {0: tensor(34), 1: tensor(0)},fp {0: tensor(0), 1: tensor(34)}
INFO:root:TEST batch 3 / 7 - measures partial microavg - precision 0.8283 - recall 0.8283 - f1 0.8283 
INFO:root:TEST batch 3 / 7 - measures partial for class 0 - precision 0.0000 - recall 0.0000 - f1 0.0000 
INFO:root:TEST batch 3 / 7 - measures partial for class 1 - precision 0.8283 - recall 1.0000 - f1 0.9061 
INFO:root:TEST batch 3 / 7 - Batch time 0 
INFO:root:TEST batch 4 / 7 - partial error 0.1768 - partial loss 0.7519 - partial MRR  0.0000 - partial MAP 0.9451
INFO:root:TEST batch 4 / 7 -  partial tp {0: tensor(0), 1: tensor(165)},fn {0: tensor(33), 1: tensor(0)},fp {0: tensor(0), 1: tensor(33)}
INFO:root:TEST batch 4 / 7 - measures partial microavg - precision 0.8333 - recall 0.8333 - f1 0.8333 
INFO:root:TEST batch 4 / 7 - measures partial for class 0 - precision 0.0000 - recall 0.0000 - f1 0.0000 
INFO:root:TEST batch 4 / 7 - measures partial for class 1 - precision 0.8333 - recall 1.0000 - f1 0.9091 
INFO:root:TEST batch 4 / 7 - Batch time 0 
INFO:root:TEST batch 5 / 7 - partial error 0.1778 - partial loss 0.7419 - partial MRR  0.0000 - partial MAP 0.9486
INFO:root:TEST batch 5 / 7 -  partial tp {0: tensor(0), 1: tensor(162)},fn {0: tensor(36), 1: tensor(0)},fp {0: tensor(0), 1: tensor(36)}
INFO:root:TEST batch 5 / 7 - measures partial microavg - precision 0.8182 - recall 0.8182 - f1 0.8182 
INFO:root:TEST batch 5 / 7 - measures partial for class 0 - precision 0.0000 - recall 0.0000 - f1 0.0000 
INFO:root:TEST batch 5 / 7 - measures partial for class 1 - precision 0.8182 - recall 1.0000 - f1 0.9000 
INFO:root:TEST batch 5 / 7 - Batch time 0 
INFO:root:TEST batch 6 / 7 - partial error 0.1810 - partial loss 0.7579 - partial MRR  0.0000 - partial MAP 0.9456
INFO:root:TEST batch 6 / 7 -  partial tp {0: tensor(0), 1: tensor(159)},fn {0: tensor(39), 1: tensor(0)},fp {0: tensor(0), 1: tensor(39)}
INFO:root:TEST batch 6 / 7 - measures partial microavg - precision 0.8030 - recall 0.8030 - f1 0.8030 
INFO:root:TEST batch 6 / 7 - measures partial for class 0 - precision 0.0000 - recall 0.0000 - f1 0.0000 
INFO:root:TEST batch 6 / 7 - measures partial for class 1 - precision 0.8030 - recall 1.0000 - f1 0.8908 
INFO:root:TEST batch 6 / 7 - Batch time 0 
INFO:root:TEST batch 7 / 7 - partial error 0.1811 - partial loss 0.7603 - partial MRR  0.0000 - partial MAP 0.9469
INFO:root:TEST batch 7 / 7 -  partial tp {0: tensor(0), 1: tensor(162)},fn {0: tensor(36), 1: tensor(0)},fp {0: tensor(0), 1: tensor(36)}
INFO:root:TEST batch 7 / 7 - measures partial microavg - precision 0.8182 - recall 0.8182 - f1 0.8182 
INFO:root:TEST batch 7 / 7 - measures partial for class 0 - precision 0.0000 - recall 0.0000 - f1 0.0000 
INFO:root:TEST batch 7 / 7 - measures partial for class 1 - precision 0.8182 - recall 1.0000 - f1 0.9000 
INFO:root:TEST batch 7 / 7 - Batch time 0 
INFO:root:TEST mean losses tensor(0.7603)
INFO:root:TEST mean errors 0.18109668791294098
INFO:root:TEST mean MRR 0.0 - mean MAP 0.9468920826911926
INFO:root:TEST tp {0: tensor(0), 1: tensor(1135)},fn {0: tensor(251), 1: tensor(0)},fp {0: tensor(0), 1: tensor(251)}
INFO:root:TEST measures microavg - precision 0.8189 - recall 0.8189 - f1 0.8189 
INFO:root:TEST measures for class 0 - precision 0.0000 - recall 0.0000 - f1 0.0000 
INFO:root:TEST measures for class 1 - precision 0.8189 - recall 1.0000 - f1 0.9004 
INFO:root:TEST measures@10 microavg - precision 0.9571 - recall 0.0483 - f1 0.0920 
INFO:root:TEST measures@10 for class 0 - precision 0.0000 - recall 0.0000 - f1 0.0000 
INFO:root:TEST measures@10 for class 1 - precision 0.9571 - recall 0.0590 - f1 0.1112 
INFO:root:TEST measures@100 microavg - precision 0.8526 - recall 0.4675 - f1 0.6039 
INFO:root:TEST measures@100 for class 0 - precision 0.4333 - recall 0.1036 - f1 0.1672 
INFO:root:TEST measures@100 for class 1 - precision 0.8886 - recall 0.5480 - f1 0.6779 
INFO:root:TEST measures@1000 microavg - precision 0.6890 - recall 0.6890 - f1 0.6890 
INFO:root:TEST measures@1000 for class 0 - precision 0.2289 - recall 0.3028 - f1 0.2607 
INFO:root:TEST measures@1000 for class 1 - precision 0.8340 - recall 0.7744 - f1 0.8031 
INFO:root:TEST Total epoch time: 0.08427596000001358
INFO:root:################ TRAIN epoch 105 ###################
INFO:root:TRAIN mean losses tensor(0.7054)
INFO:root:TRAIN mean errors 0.17474748194217682
INFO:root:TRAIN mean MRR 0.0 - mean MAP 0.9629672169685364
INFO:root:TRAIN tp {0: tensor(0), 1: tensor(4902)},fn {0: tensor(1038), 1: tensor(0)},fp {0: tensor(0), 1: tensor(1038)}
INFO:root:TRAIN measures microavg - precision 0.8253 - recall 0.8253 - f1 0.8253 
INFO:root:TRAIN measures for class 0 - precision 0.0000 - recall 0.0000 - f1 0.0000 
INFO:root:TRAIN measures for class 1 - precision 0.8253 - recall 1.0000 - f1 0.9043 
INFO:root:TRAIN measures@10 microavg - precision 0.9833 - recall 0.0497 - f1 0.0946 
INFO:root:TRAIN measures@10 for class 0 - precision 0.0000 - recall 0.0000 - f1 0.0000 
INFO:root:TRAIN measures@10 for class 1 - precision 0.9833 - recall 0.0602 - f1 0.1134 
INFO:root:TRAIN measures@100 microavg - precision 0.8686 - recall 0.4961 - f1 0.6315 
INFO:root:TRAIN measures@100 for class 0 - precision 0.5120 - recall 0.2052 - f1 0.2930 
INFO:root:TRAIN measures@100 for class 1 - precision 0.9184 - recall 0.5577 - f1 0.6940 
INFO:root:TRAIN measures@1000 microavg - precision 0.6956 - recall 0.6956 - f1 0.6956 
INFO:root:TRAIN measures@1000 for class 0 - precision 0.2756 - recall 0.4557 - f1 0.3435 
INFO:root:TRAIN measures@1000 for class 1 - precision 0.8662 - recall 0.7464 - f1 0.8019 
INFO:root:TRAIN Total epoch time: 0.5447589640002661
INFO:root:################ VALID epoch 105 ###################
INFO:root:VALID mean losses tensor(0.7027)
INFO:root:VALID mean errors 0.17255891859531403
INFO:root:VALID mean MRR 0.0 - mean MAP 0.9597368240356445
INFO:root:VALID tp {0: tensor(0), 1: tensor(983)},fn {0: tensor(205), 1: tensor(0)},fp {0: tensor(0), 1: tensor(205)}
INFO:root:VALID measures microavg - precision 0.8274 - recall 0.8274 - f1 0.8274 
INFO:root:VALID measures for class 0 - precision 0.0000 - recall 0.0000 - f1 0.0000 
INFO:root:VALID measures for class 1 - precision 0.8274 - recall 1.0000 - f1 0.9056 
INFO:root:VALID measures@10 microavg - precision 0.9524 - recall 0.0505 - f1 0.0959 
INFO:root:VALID measures@10 for class 0 - precision 0.6667 - recall 0.0098 - f1 0.0192 
INFO:root:VALID measures@10 for class 1 - precision 0.9667 - recall 0.0590 - f1 0.1112 
INFO:root:VALID measures@100 microavg - precision 0.8769 - recall 0.4975 - f1 0.6348 
INFO:root:VALID measures@100 for class 0 - precision 0.4865 - recall 0.1756 - f1 0.2581 
INFO:root:VALID measures@100 for class 1 - precision 0.9250 - recall 0.5646 - f1 0.7012 
INFO:root:VALID measures@1000 microavg - precision 0.7407 - recall 0.7407 - f1 0.7407 
INFO:root:VALID measures@1000 for class 0 - precision 0.3057 - recall 0.3951 - f1 0.3447 
INFO:root:VALID measures@1000 for class 1 - precision 0.8657 - recall 0.8128 - f1 0.8384 
INFO:root:VALID Total epoch time: 0.06406501900028161
INFO:root:################ TEST epoch 105 ###################
INFO:root:TEST batch 1 / 7 - partial error 0.1919 - partial loss 0.8391 - partial MRR  0.0000 - partial MAP 0.9245
INFO:root:TEST batch 1 / 7 -  partial tp {0: tensor(0), 1: tensor(160)},fn {0: tensor(38), 1: tensor(0)},fp {0: tensor(0), 1: tensor(38)}
INFO:root:TEST batch 1 / 7 - measures partial microavg - precision 0.8081 - recall 0.8081 - f1 0.8081 
INFO:root:TEST batch 1 / 7 - measures partial for class 0 - precision 0.0000 - recall 0.0000 - f1 0.0000 
INFO:root:TEST batch 1 / 7 - measures partial for class 1 - precision 0.8081 - recall 1.0000 - f1 0.8939 
INFO:root:TEST batch 1 / 7 - Batch time 0 
INFO:root:TEST batch 2 / 7 - partial error 0.1843 - partial loss 0.7698 - partial MRR  0.0000 - partial MAP 0.9435
INFO:root:TEST batch 2 / 7 -  partial tp {0: tensor(0), 1: tensor(163)},fn {0: tensor(35), 1: tensor(0)},fp {0: tensor(0), 1: tensor(35)}
INFO:root:TEST batch 2 / 7 - measures partial microavg - precision 0.8232 - recall 0.8232 - f1 0.8232 
INFO:root:TEST batch 2 / 7 - measures partial for class 0 - precision 0.0000 - recall 0.0000 - f1 0.0000 
INFO:root:TEST batch 2 / 7 - measures partial for class 1 - precision 0.8232 - recall 1.0000 - f1 0.9030 
INFO:root:TEST batch 2 / 7 - Batch time 0 
INFO:root:TEST batch 3 / 7 - partial error 0.1801 - partial loss 0.7494 - partial MRR  0.0000 - partial MAP 0.9458
INFO:root:TEST batch 3 / 7 -  partial tp {0: tensor(0), 1: tensor(164)},fn {0: tensor(34), 1: tensor(0)},fp {0: tensor(0), 1: tensor(34)}
INFO:root:TEST batch 3 / 7 - measures partial microavg - precision 0.8283 - recall 0.8283 - f1 0.8283 
INFO:root:TEST batch 3 / 7 - measures partial for class 0 - precision 0.0000 - recall 0.0000 - f1 0.0000 
INFO:root:TEST batch 3 / 7 - measures partial for class 1 - precision 0.8283 - recall 1.0000 - f1 0.9061 
INFO:root:TEST batch 3 / 7 - Batch time 0 
INFO:root:TEST batch 4 / 7 - partial error 0.1768 - partial loss 0.7567 - partial MRR  0.0000 - partial MAP 0.9424
INFO:root:TEST batch 4 / 7 -  partial tp {0: tensor(0), 1: tensor(165)},fn {0: tensor(33), 1: tensor(0)},fp {0: tensor(0), 1: tensor(33)}
INFO:root:TEST batch 4 / 7 - measures partial microavg - precision 0.8333 - recall 0.8333 - f1 0.8333 
INFO:root:TEST batch 4 / 7 - measures partial for class 0 - precision 0.0000 - recall 0.0000 - f1 0.0000 
INFO:root:TEST batch 4 / 7 - measures partial for class 1 - precision 0.8333 - recall 1.0000 - f1 0.9091 
INFO:root:TEST batch 4 / 7 - Batch time 0 
INFO:root:TEST batch 5 / 7 - partial error 0.1778 - partial loss 0.7401 - partial MRR  0.0000 - partial MAP 0.9467
INFO:root:TEST batch 5 / 7 -  partial tp {0: tensor(0), 1: tensor(162)},fn {0: tensor(36), 1: tensor(0)},fp {0: tensor(0), 1: tensor(36)}
INFO:root:TEST batch 5 / 7 - measures partial microavg - precision 0.8182 - recall 0.8182 - f1 0.8182 
INFO:root:TEST batch 5 / 7 - measures partial for class 0 - precision 0.0000 - recall 0.0000 - f1 0.0000 
INFO:root:TEST batch 5 / 7 - measures partial for class 1 - precision 0.8182 - recall 1.0000 - f1 0.9000 
INFO:root:TEST batch 5 / 7 - Batch time 0 
INFO:root:TEST batch 6 / 7 - partial error 0.1810 - partial loss 0.7546 - partial MRR  0.0000 - partial MAP 0.9450
INFO:root:TEST batch 6 / 7 -  partial tp {0: tensor(0), 1: tensor(159)},fn {0: tensor(39), 1: tensor(0)},fp {0: tensor(0), 1: tensor(39)}
INFO:root:TEST batch 6 / 7 - measures partial microavg - precision 0.8030 - recall 0.8030 - f1 0.8030 
INFO:root:TEST batch 6 / 7 - measures partial for class 0 - precision 0.0000 - recall 0.0000 - f1 0.0000 
INFO:root:TEST batch 6 / 7 - measures partial for class 1 - precision 0.8030 - recall 1.0000 - f1 0.8908 
INFO:root:TEST batch 6 / 7 - Batch time 0 
INFO:root:TEST batch 7 / 7 - partial error 0.1811 - partial loss 0.7590 - partial MRR  0.0000 - partial MAP 0.9456
INFO:root:TEST batch 7 / 7 -  partial tp {0: tensor(0), 1: tensor(162)},fn {0: tensor(36), 1: tensor(0)},fp {0: tensor(0), 1: tensor(36)}
INFO:root:TEST batch 7 / 7 - measures partial microavg - precision 0.8182 - recall 0.8182 - f1 0.8182 
INFO:root:TEST batch 7 / 7 - measures partial for class 0 - precision 0.0000 - recall 0.0000 - f1 0.0000 
INFO:root:TEST batch 7 / 7 - measures partial for class 1 - precision 0.8182 - recall 1.0000 - f1 0.9000 
INFO:root:TEST batch 7 / 7 - Batch time 0 
INFO:root:TEST mean losses tensor(0.7590)
INFO:root:TEST mean errors 0.18109668791294098
INFO:root:TEST mean MRR 0.0 - mean MAP 0.945641279220581
INFO:root:TEST tp {0: tensor(0), 1: tensor(1135)},fn {0: tensor(251), 1: tensor(0)},fp {0: tensor(0), 1: tensor(251)}
INFO:root:TEST measures microavg - precision 0.8189 - recall 0.8189 - f1 0.8189 
INFO:root:TEST measures for class 0 - precision 0.0000 - recall 0.0000 - f1 0.0000 
INFO:root:TEST measures for class 1 - precision 0.8189 - recall 1.0000 - f1 0.9004 
INFO:root:TEST measures@10 microavg - precision 0.9714 - recall 0.0491 - f1 0.0934 
INFO:root:TEST measures@10 for class 0 - precision 0.0000 - recall 0.0000 - f1 0.0000 
INFO:root:TEST measures@10 for class 1 - precision 0.9714 - recall 0.0599 - f1 0.1129 
INFO:root:TEST measures@100 microavg - precision 0.8975 - recall 0.4740 - f1 0.6204 
INFO:root:TEST measures@100 for class 0 - precision 0.6250 - recall 0.0797 - f1 0.1413 
INFO:root:TEST measures@100 for class 1 - precision 0.9100 - recall 0.5612 - f1 0.6943 
INFO:root:TEST measures@1000 microavg - precision 0.8124 - recall 0.8124 - f1 0.8124 
INFO:root:TEST measures@1000 for class 0 - precision 0.4602 - recall 0.2072 - f1 0.2857 
INFO:root:TEST measures@1000 for class 1 - precision 0.8437 - recall 0.9463 - f1 0.8920 
INFO:root:TEST Total epoch time: 0.08369614200000797
INFO:root:################ TRAIN epoch 106 ###################
INFO:root:TRAIN mean losses tensor(0.7043)
INFO:root:TRAIN mean errors 0.17474748194217682
INFO:root:TRAIN mean MRR 0.0 - mean MAP 0.9627314209938049
INFO:root:TRAIN tp {0: tensor(0), 1: tensor(4902)},fn {0: tensor(1038), 1: tensor(0)},fp {0: tensor(0), 1: tensor(1038)}
INFO:root:TRAIN measures microavg - precision 0.8253 - recall 0.8253 - f1 0.8253 
INFO:root:TRAIN measures for class 0 - precision 0.0000 - recall 0.0000 - f1 0.0000 
INFO:root:TRAIN measures for class 1 - precision 0.8253 - recall 1.0000 - f1 0.9043 
INFO:root:TRAIN measures@10 microavg - precision 0.9833 - recall 0.0497 - f1 0.0946 
INFO:root:TRAIN measures@10 for class 0 - precision 0.0000 - recall 0.0000 - f1 0.0000 
INFO:root:TRAIN measures@10 for class 1 - precision 0.9833 - recall 0.0602 - f1 0.1134 
INFO:root:TRAIN measures@100 microavg - precision 0.8835 - recall 0.4928 - f1 0.6327 
INFO:root:TRAIN measures@100 for class 0 - precision 0.5291 - recall 0.1667 - f1 0.2535 
INFO:root:TRAIN measures@100 for class 1 - precision 0.9223 - recall 0.5618 - f1 0.6983 
INFO:root:TRAIN measures@1000 microavg - precision 0.7180 - recall 0.7180 - f1 0.7180 
INFO:root:TRAIN measures@1000 for class 0 - precision 0.2790 - recall 0.3873 - f1 0.3243 
INFO:root:TRAIN measures@1000 for class 1 - precision 0.8586 - recall 0.7880 - f1 0.8218 
INFO:root:TRAIN Total epoch time: 1.4125091959999736
INFO:root:################ VALID epoch 106 ###################
INFO:root:VALID mean losses tensor(0.6905)
INFO:root:VALID mean errors 0.17255891859531403
INFO:root:VALID mean MRR 0.0 - mean MAP 0.9603718519210815
INFO:root:VALID tp {0: tensor(0), 1: tensor(983)},fn {0: tensor(205), 1: tensor(0)},fp {0: tensor(0), 1: tensor(205)}
INFO:root:VALID measures microavg - precision 0.8274 - recall 0.8274 - f1 0.8274 
INFO:root:VALID measures for class 0 - precision 0.0000 - recall 0.0000 - f1 0.0000 
INFO:root:VALID measures for class 1 - precision 0.8274 - recall 1.0000 - f1 0.9056 
INFO:root:VALID measures@10 microavg - precision 0.9667 - recall 0.0488 - f1 0.0929 
INFO:root:VALID measures@10 for class 0 - precision 0.0000 - recall 0.0000 - f1 0.0000 
INFO:root:VALID measures@10 for class 1 - precision 0.9667 - recall 0.0590 - f1 0.1112 
INFO:root:VALID measures@100 microavg - precision 0.8909 - recall 0.4882 - f1 0.6308 
INFO:root:VALID measures@100 for class 0 - precision 0.5000 - recall 0.1415 - f1 0.2205 
INFO:root:VALID measures@100 for class 1 - precision 0.9292 - recall 0.5605 - f1 0.6992 
INFO:root:VALID measures@1000 microavg - precision 0.7189 - recall 0.7189 - f1 0.7189 
INFO:root:VALID measures@1000 for class 0 - precision 0.2367 - recall 0.2829 - f1 0.2578 
INFO:root:VALID measures@1000 for class 1 - precision 0.8441 - recall 0.8098 - f1 0.8266 
INFO:root:VALID Total epoch time: 0.13091317699991123
INFO:root:################ TEST epoch 106 ###################
INFO:root:TEST batch 1 / 7 - partial error 0.1919 - partial loss 0.8266 - partial MRR  0.0000 - partial MAP 0.9319
INFO:root:TEST batch 1 / 7 -  partial tp {0: tensor(0), 1: tensor(160)},fn {0: tensor(38), 1: tensor(0)},fp {0: tensor(0), 1: tensor(38)}
INFO:root:TEST batch 1 / 7 - measures partial microavg - precision 0.8081 - recall 0.8081 - f1 0.8081 
INFO:root:TEST batch 1 / 7 - measures partial for class 0 - precision 0.0000 - recall 0.0000 - f1 0.0000 
INFO:root:TEST batch 1 / 7 - measures partial for class 1 - precision 0.8081 - recall 1.0000 - f1 0.8939 
INFO:root:TEST batch 1 / 7 - Batch time 0 
INFO:root:TEST batch 2 / 7 - partial error 0.1843 - partial loss 0.7732 - partial MRR  0.0000 - partial MAP 0.9451
INFO:root:TEST batch 2 / 7 -  partial tp {0: tensor(0), 1: tensor(163)},fn {0: tensor(35), 1: tensor(0)},fp {0: tensor(0), 1: tensor(35)}
INFO:root:TEST batch 2 / 7 - measures partial microavg - precision 0.8232 - recall 0.8232 - f1 0.8232 
INFO:root:TEST batch 2 / 7 - measures partial for class 0 - precision 0.0000 - recall 0.0000 - f1 0.0000 
INFO:root:TEST batch 2 / 7 - measures partial for class 1 - precision 0.8232 - recall 1.0000 - f1 0.9030 
INFO:root:TEST batch 2 / 7 - Batch time 0 
INFO:root:TEST batch 3 / 7 - partial error 0.1801 - partial loss 0.7588 - partial MRR  0.0000 - partial MAP 0.9465
INFO:root:TEST batch 3 / 7 -  partial tp {0: tensor(0), 1: tensor(164)},fn {0: tensor(34), 1: tensor(0)},fp {0: tensor(0), 1: tensor(34)}
INFO:root:TEST batch 3 / 7 - measures partial microavg - precision 0.8283 - recall 0.8283 - f1 0.8283 
INFO:root:TEST batch 3 / 7 - measures partial for class 0 - precision 0.0000 - recall 0.0000 - f1 0.0000 
INFO:root:TEST batch 3 / 7 - measures partial for class 1 - precision 0.8283 - recall 1.0000 - f1 0.9061 
INFO:root:TEST batch 3 / 7 - Batch time 0 
INFO:root:TEST batch 4 / 7 - partial error 0.1768 - partial loss 0.7655 - partial MRR  0.0000 - partial MAP 0.9435
INFO:root:TEST batch 4 / 7 -  partial tp {0: tensor(0), 1: tensor(165)},fn {0: tensor(33), 1: tensor(0)},fp {0: tensor(0), 1: tensor(33)}
INFO:root:TEST batch 4 / 7 - measures partial microavg - precision 0.8333 - recall 0.8333 - f1 0.8333 
INFO:root:TEST batch 4 / 7 - measures partial for class 0 - precision 0.0000 - recall 0.0000 - f1 0.0000 
INFO:root:TEST batch 4 / 7 - measures partial for class 1 - precision 0.8333 - recall 1.0000 - f1 0.9091 
INFO:root:TEST batch 4 / 7 - Batch time 0 
INFO:root:TEST batch 5 / 7 - partial error 0.1778 - partial loss 0.7492 - partial MRR  0.0000 - partial MAP 0.9478
INFO:root:TEST batch 5 / 7 -  partial tp {0: tensor(0), 1: tensor(162)},fn {0: tensor(36), 1: tensor(0)},fp {0: tensor(0), 1: tensor(36)}
INFO:root:TEST batch 5 / 7 - measures partial microavg - precision 0.8182 - recall 0.8182 - f1 0.8182 
INFO:root:TEST batch 5 / 7 - measures partial for class 0 - precision 0.0000 - recall 0.0000 - f1 0.0000 
INFO:root:TEST batch 5 / 7 - measures partial for class 1 - precision 0.8182 - recall 1.0000 - f1 0.9000 
INFO:root:TEST batch 5 / 7 - Batch time 0 
INFO:root:TEST batch 6 / 7 - partial error 0.1810 - partial loss 0.7613 - partial MRR  0.0000 - partial MAP 0.9465
INFO:root:TEST batch 6 / 7 -  partial tp {0: tensor(0), 1: tensor(159)},fn {0: tensor(39), 1: tensor(0)},fp {0: tensor(0), 1: tensor(39)}
INFO:root:TEST batch 6 / 7 - measures partial microavg - precision 0.8030 - recall 0.8030 - f1 0.8030 
INFO:root:TEST batch 6 / 7 - measures partial for class 0 - precision 0.0000 - recall 0.0000 - f1 0.0000 
INFO:root:TEST batch 6 / 7 - measures partial for class 1 - precision 0.8030 - recall 1.0000 - f1 0.8908 
INFO:root:TEST batch 6 / 7 - Batch time 0 
INFO:root:TEST batch 7 / 7 - partial error 0.1811 - partial loss 0.7620 - partial MRR  0.0000 - partial MAP 0.9480
INFO:root:TEST batch 7 / 7 -  partial tp {0: tensor(0), 1: tensor(162)},fn {0: tensor(36), 1: tensor(0)},fp {0: tensor(0), 1: tensor(36)}
INFO:root:TEST batch 7 / 7 - measures partial microavg - precision 0.8182 - recall 0.8182 - f1 0.8182 
INFO:root:TEST batch 7 / 7 - measures partial for class 0 - precision 0.0000 - recall 0.0000 - f1 0.0000 
INFO:root:TEST batch 7 / 7 - measures partial for class 1 - precision 0.8182 - recall 1.0000 - f1 0.9000 
INFO:root:TEST batch 7 / 7 - Batch time 0 
INFO:root:TEST mean losses tensor(0.7620)
INFO:root:TEST mean errors 0.18109668791294098
INFO:root:TEST mean MRR 0.0 - mean MAP 0.9479836225509644
INFO:root:TEST tp {0: tensor(0), 1: tensor(1135)},fn {0: tensor(251), 1: tensor(0)},fp {0: tensor(0), 1: tensor(251)}
INFO:root:TEST measures microavg - precision 0.8189 - recall 0.8189 - f1 0.8189 
INFO:root:TEST measures for class 0 - precision 0.0000 - recall 0.0000 - f1 0.0000 
INFO:root:TEST measures for class 1 - precision 0.8189 - recall 1.0000 - f1 0.9004 
INFO:root:TEST measures@10 microavg - precision 0.9714 - recall 0.0491 - f1 0.0934 
INFO:root:TEST measures@10 for class 0 - precision 0.0000 - recall 0.0000 - f1 0.0000 
INFO:root:TEST measures@10 for class 1 - precision 0.9714 - recall 0.0599 - f1 0.1129 
INFO:root:TEST measures@100 microavg - precision 0.8361 - recall 0.4784 - f1 0.6085 
INFO:root:TEST measures@100 for class 0 - precision 0.5000 - recall 0.1952 - f1 0.2808 
INFO:root:TEST measures@100 for class 1 - precision 0.8835 - recall 0.5410 - f1 0.6710 
INFO:root:TEST measures@1000 microavg - precision 0.6558 - recall 0.6558 - f1 0.6558 
INFO:root:TEST measures@1000 for class 0 - precision 0.2455 - recall 0.4343 - f1 0.3137 
INFO:root:TEST measures@1000 for class 1 - precision 0.8493 - recall 0.7048 - f1 0.7703 
INFO:root:TEST Total epoch time: 0.1675788359998478
INFO:root:################ TRAIN epoch 107 ###################
INFO:root:TRAIN mean losses tensor(0.7053)
INFO:root:TRAIN mean errors 0.17491582036018372
INFO:root:TRAIN mean MRR 0.0 - mean MAP 0.9630011320114136
INFO:root:TRAIN tp {0: tensor(0), 1: tensor(4901)},fn {0: tensor(1038), 1: tensor(1)},fp {0: tensor(1), 1: tensor(1038)}
INFO:root:TRAIN measures microavg - precision 0.8251 - recall 0.8251 - f1 0.8251 
INFO:root:TRAIN measures for class 0 - precision 0.0000 - recall 0.0000 - f1 0.0000 
INFO:root:TRAIN measures for class 1 - precision 0.8252 - recall 0.9998 - f1 0.9042 
INFO:root:TRAIN measures@10 microavg - precision 0.9802 - recall 0.0500 - f1 0.0951 
INFO:root:TRAIN measures@10 for class 0 - precision 0.3333 - recall 0.0010 - f1 0.0019 
INFO:root:TRAIN measures@10 for class 1 - precision 0.9867 - recall 0.0604 - f1 0.1138 
INFO:root:TRAIN measures@100 microavg - precision 0.8498 - recall 0.4983 - f1 0.6283 
INFO:root:TRAIN measures@100 for class 0 - precision 0.5213 - recall 0.2717 - f1 0.3572 
INFO:root:TRAIN measures@100 for class 1 - precision 0.9103 - recall 0.5463 - f1 0.6828 
INFO:root:TRAIN measures@1000 microavg - precision 0.6630 - recall 0.6630 - f1 0.6630 
INFO:root:TRAIN measures@1000 for class 0 - precision 0.2694 - recall 0.5424 - f1 0.3600 
INFO:root:TRAIN measures@1000 for class 1 - precision 0.8766 - recall 0.6885 - f1 0.7713 
INFO:root:TRAIN Total epoch time: 1.443629109000085
INFO:root:################ VALID epoch 107 ###################
INFO:root:VALID mean losses tensor(0.6840)
INFO:root:VALID mean errors 0.17255891859531403
INFO:root:VALID mean MRR 0.0 - mean MAP 0.964560866355896
INFO:root:VALID tp {0: tensor(0), 1: tensor(983)},fn {0: tensor(205), 1: tensor(0)},fp {0: tensor(0), 1: tensor(205)}
INFO:root:VALID measures microavg - precision 0.8274 - recall 0.8274 - f1 0.8274 
INFO:root:VALID measures for class 0 - precision 0.0000 - recall 0.0000 - f1 0.0000 
INFO:root:VALID measures for class 1 - precision 0.8274 - recall 1.0000 - f1 0.9056 
INFO:root:VALID measures@10 microavg - precision 0.9836 - recall 0.0505 - f1 0.0961 
INFO:root:VALID measures@10 for class 0 - precision 1.0000 - recall 0.0049 - f1 0.0097 
INFO:root:VALID measures@10 for class 1 - precision 0.9833 - recall 0.0600 - f1 0.1131 
INFO:root:VALID measures@100 microavg - precision 0.8617 - recall 0.4983 - f1 0.6315 
INFO:root:VALID measures@100 for class 0 - precision 0.5109 - recall 0.2293 - f1 0.3165 
INFO:root:VALID measures@100 for class 1 - precision 0.9160 - recall 0.5544 - f1 0.6907 
INFO:root:VALID measures@1000 microavg - precision 0.6852 - recall 0.6852 - f1 0.6852 
INFO:root:VALID measures@1000 for class 0 - precision 0.2710 - recall 0.4878 - f1 0.3484 
INFO:root:VALID measures@1000 for class 1 - precision 0.8718 - recall 0.7263 - f1 0.7925 
INFO:root:VALID Total epoch time: 0.15455226599988237
