INFO:root:*** PARAMETERS ***
INFO:root:{'adj_mat_time_window': 1,
 'adj_mat_time_window_max': 10,
 'adj_mat_time_window_min': 1,
 'class_weights': [1.0, 10.0],
 'comments': ['comments'],
 'data': 'sp',
 'data_loading_params': {'batch_size': 1, 'num_workers': 0},
 'dev_proportion': 0.125,
 'device': 'cpu',
 'early_stop_patience': 100,
 'eval_after_epochs': 5,
 'gcn_parameters': {'cls_feats': 306,
                    'cls_feats_max': 420,
                    'cls_feats_min': 60,
                    'feats_per_node': 30,
                    'feats_per_node_max': 187,
                    'feats_per_node_min': 18,
                    'k_top_grcu': 200,
                    'layer_1_feats': 46,
                    'layer_1_feats_max': 300,
                    'layer_1_feats_min': 18,
                    'layer_2_feats': 46,
                    'layer_2_feats_same_as_l1': True,
                    'lstm_l1_feats': 75,
                    'lstm_l1_feats_max': 300,
                    'lstm_l1_feats_min': 30,
                    'lstm_l1_layers': 1,
                    'lstm_l2_feats': 75,
                    'lstm_l2_feats_same_as_l1': True,
                    'lstm_l2_layers': 1,
                    'num_layers': 2},
 'learning_rate': 0.001,
 'learning_rate_max': 0.02,
 'learning_rate_min': 0.001,
 'model': 'egcn_h',
 'negative_mult_test': 100,
 'negative_mult_training': 20,
 'num_epochs': 2000,
 'num_hist_steps': 5,
 'num_hist_steps_max': 21,
 'num_hist_steps_min': 3,
 'rank': 0,
 'save_node_embeddings': False,
 'seed': 1234,
 'smart_neg_sampling': False,
 'sp_args': <utils.Namespace object at 0x7f86839ec550>,
 'steps_accum_gradients': 1,
 'target_class': 1,
 'target_measure': 'F1',
 'task': 'node_cls',
 'train_proportion': 0.75,
 'use_1_hot_node_feats': False,
 'use_2_hot_node_feats': False,
 'use_cuda': False,
 'use_logfile': True,
 'wsize': 1}
INFO:root:
INFO:root:################ TRAIN epoch 0 ###################
INFO:root:TRAIN mean losses tensor(243.9129)
INFO:root:TRAIN mean errors 0.2879432737827301
INFO:root:TRAIN mean MRR 0.0 - mean MAP 0.7582001090049744
INFO:root:TRAIN tp {0: tensor(32), 1: tensor(972)},fn {0: tensor(311), 1: tensor(95)},fp {0: tensor(95), 1: tensor(311)}
INFO:root:TRAIN measures microavg - precision 0.7121 - recall 0.7121 - f1 0.7121 
INFO:root:TRAIN measures for class 0 - precision 0.2520 - recall 0.0933 - f1 0.1362 
INFO:root:TRAIN measures for class 1 - precision 0.7576 - recall 0.9110 - f1 0.8272 
INFO:root:TRAIN measures@10 microavg - precision 0.9082 - recall 0.1965 - f1 0.3230 
INFO:root:TRAIN measures@10 for class 0 - precision 0.2333 - recall 0.0204 - f1 0.0375 
INFO:root:TRAIN measures@10 for class 1 - precision 0.9818 - recall 0.2530 - f1 0.4024 
INFO:root:TRAIN measures@100 microavg - precision 0.6922 - recall 0.6922 - f1 0.6922 
INFO:root:TRAIN measures@100 for class 0 - precision 0.2275 - recall 0.1108 - f1 0.1490 
INFO:root:TRAIN measures@100 for class 1 - precision 0.7546 - recall 0.8791 - f1 0.8121 
INFO:root:TRAIN measures@1000 microavg - precision 0.6922 - recall 0.6922 - f1 0.6922 
INFO:root:TRAIN measures@1000 for class 0 - precision 0.2275 - recall 0.1108 - f1 0.1490 
INFO:root:TRAIN measures@1000 for class 1 - precision 0.7546 - recall 0.8791 - f1 0.8121 
INFO:root:TRAIN Total epoch time: 0.5484093019999818
INFO:root:################ TRAIN epoch 1 ###################
INFO:root:TRAIN mean losses tensor(122.5104)
INFO:root:TRAIN mean errors 0.25886523723602295
INFO:root:TRAIN mean MRR 0.0 - mean MAP 0.7524355053901672
INFO:root:TRAIN tp {0: tensor(12), 1: tensor(1033)},fn {0: tensor(331), 1: tensor(34)},fp {0: tensor(34), 1: tensor(331)}
INFO:root:TRAIN measures microavg - precision 0.7411 - recall 0.7411 - f1 0.7411 
INFO:root:TRAIN measures for class 0 - precision 0.2609 - recall 0.0350 - f1 0.0617 
INFO:root:TRAIN measures for class 1 - precision 0.7573 - recall 0.9681 - f1 0.8499 
INFO:root:TRAIN measures@10 microavg - precision 1.0000 - recall 0.2128 - f1 0.3509 
INFO:root:TRAIN measures@10 for class 0 - precision 0.0000 - recall 0.0000 - f1 0.0000 
INFO:root:TRAIN measures@10 for class 1 - precision 1.0000 - recall 0.2812 - f1 0.4389 
INFO:root:TRAIN measures@100 microavg - precision 0.7567 - recall 0.7567 - f1 0.7567 
INFO:root:TRAIN measures@100 for class 0 - precision 0.0000 - recall 0.0000 - f1 0.0000 
INFO:root:TRAIN measures@100 for class 1 - precision 0.7567 - recall 1.0000 - f1 0.8615 
INFO:root:TRAIN measures@1000 microavg - precision 0.7567 - recall 0.7567 - f1 0.7567 
INFO:root:TRAIN measures@1000 for class 0 - precision 0.0000 - recall 0.0000 - f1 0.0000 
INFO:root:TRAIN measures@1000 for class 1 - precision 0.7567 - recall 1.0000 - f1 0.8615 
INFO:root:TRAIN Total epoch time: 0.36747682299983353
INFO:root:################ TRAIN epoch 2 ###################
INFO:root:TRAIN mean losses tensor(28.2511)
INFO:root:TRAIN mean errors 0.25886523723602295
INFO:root:TRAIN mean MRR 0.0 - mean MAP 0.7591341733932495
INFO:root:TRAIN tp {0: tensor(11), 1: tensor(1034)},fn {0: tensor(332), 1: tensor(33)},fp {0: tensor(33), 1: tensor(332)}
INFO:root:TRAIN measures microavg - precision 0.7411 - recall 0.7411 - f1 0.7411 
INFO:root:TRAIN measures for class 0 - precision 0.2500 - recall 0.0321 - f1 0.0568 
INFO:root:TRAIN measures for class 1 - precision 0.7570 - recall 0.9691 - f1 0.8500 
INFO:root:TRAIN measures@10 microavg - precision 0.9071 - recall 0.2078 - f1 0.3381 
INFO:root:TRAIN measures@10 for class 0 - precision 0.3478 - recall 0.0233 - f1 0.0437 
INFO:root:TRAIN measures@10 for class 1 - precision 0.9500 - recall 0.2671 - f1 0.4170 
INFO:root:TRAIN measures@100 microavg - precision 0.7440 - recall 0.7440 - f1 0.7440 
INFO:root:TRAIN measures@100 for class 0 - precision 0.3393 - recall 0.0554 - f1 0.0952 
INFO:root:TRAIN measures@100 for class 1 - precision 0.7607 - recall 0.9653 - f1 0.8509 
INFO:root:TRAIN measures@1000 microavg - precision 0.7440 - recall 0.7440 - f1 0.7440 
INFO:root:TRAIN measures@1000 for class 0 - precision 0.3393 - recall 0.0554 - f1 0.0952 
INFO:root:TRAIN measures@1000 for class 1 - precision 0.7607 - recall 0.9653 - f1 0.8509 
INFO:root:TRAIN Total epoch time: 0.4083666879996599
INFO:root:################ TRAIN epoch 3 ###################
INFO:root:TRAIN mean losses tensor(69.6272)
INFO:root:TRAIN mean errors 0.2921985685825348
INFO:root:TRAIN mean MRR 0.0 - mean MAP 0.7723289728164673
INFO:root:TRAIN tp {0: tensor(33), 1: tensor(965)},fn {0: tensor(310), 1: tensor(102)},fp {0: tensor(102), 1: tensor(310)}
INFO:root:TRAIN measures microavg - precision 0.7078 - recall 0.7078 - f1 0.7078 
INFO:root:TRAIN measures for class 0 - precision 0.2444 - recall 0.0962 - f1 0.1381 
INFO:root:TRAIN measures for class 1 - precision 0.7569 - recall 0.9044 - f1 0.8241 
INFO:root:TRAIN measures@10 microavg - precision 0.8790 - recall 0.1957 - f1 0.3202 
INFO:root:TRAIN measures@10 for class 0 - precision 0.1613 - recall 0.0146 - f1 0.0267 
INFO:root:TRAIN measures@10 for class 1 - precision 0.9576 - recall 0.2540 - f1 0.4015 
INFO:root:TRAIN measures@100 microavg - precision 0.7078 - recall 0.7078 - f1 0.7078 
INFO:root:TRAIN measures@100 for class 0 - precision 0.2444 - recall 0.0962 - f1 0.1381 
INFO:root:TRAIN measures@100 for class 1 - precision 0.7569 - recall 0.9044 - f1 0.8241 
INFO:root:TRAIN measures@1000 microavg - precision 0.7078 - recall 0.7078 - f1 0.7078 
INFO:root:TRAIN measures@1000 for class 0 - precision 0.2444 - recall 0.0962 - f1 0.1381 
INFO:root:TRAIN measures@1000 for class 1 - precision 0.7569 - recall 0.9044 - f1 0.8241 
INFO:root:TRAIN Total epoch time: 0.42278707300010865
INFO:root:################ TRAIN epoch 4 ###################
INFO:root:TRAIN mean losses tensor(46.9081)
INFO:root:TRAIN mean errors 0.2432624101638794
INFO:root:TRAIN mean MRR 0.0 - mean MAP 0.7567375898361206
INFO:root:TRAIN tp {0: tensor(0), 1: tensor(1067)},fn {0: tensor(343), 1: tensor(0)},fp {0: tensor(0), 1: tensor(343)}
INFO:root:TRAIN measures microavg - precision 0.7567 - recall 0.7567 - f1 0.7567 
INFO:root:TRAIN measures for class 0 - precision 0.0000 - recall 0.0000 - f1 0.0000 
INFO:root:TRAIN measures for class 1 - precision 0.7567 - recall 1.0000 - f1 0.8615 
INFO:root:TRAIN measures@10 microavg - precision 0.9967 - recall 0.2121 - f1 0.3497 
INFO:root:TRAIN measures@10 for class 0 - precision 0.0000 - recall 0.0000 - f1 0.0000 
INFO:root:TRAIN measures@10 for class 1 - precision 0.9967 - recall 0.2802 - f1 0.4375 
INFO:root:TRAIN measures@100 microavg - precision 0.7567 - recall 0.7567 - f1 0.7567 
INFO:root:TRAIN measures@100 for class 0 - precision 0.0000 - recall 0.0000 - f1 0.0000 
INFO:root:TRAIN measures@100 for class 1 - precision 0.7567 - recall 1.0000 - f1 0.8615 
INFO:root:TRAIN measures@1000 microavg - precision 0.7567 - recall 0.7567 - f1 0.7567 
INFO:root:TRAIN measures@1000 for class 0 - precision 0.0000 - recall 0.0000 - f1 0.0000 
INFO:root:TRAIN measures@1000 for class 1 - precision 0.7567 - recall 1.0000 - f1 0.8615 
INFO:root:TRAIN Total epoch time: 0.38642166799991173
INFO:root:################ TRAIN epoch 5 ###################
INFO:root:TRAIN mean losses tensor(23.9085)
INFO:root:TRAIN mean errors 0.24964539706707
INFO:root:TRAIN mean MRR 0.0 - mean MAP 0.7571128606796265
INFO:root:TRAIN tp {0: tensor(4), 1: tensor(1054)},fn {0: tensor(339), 1: tensor(13)},fp {0: tensor(13), 1: tensor(339)}
INFO:root:TRAIN measures microavg - precision 0.7504 - recall 0.7504 - f1 0.7504 
INFO:root:TRAIN measures for class 0 - precision 0.2353 - recall 0.0117 - f1 0.0222 
INFO:root:TRAIN measures for class 1 - precision 0.7566 - recall 0.9878 - f1 0.8569 
INFO:root:TRAIN measures@10 microavg - precision 0.9643 - recall 0.2106 - f1 0.3458 
INFO:root:TRAIN measures@10 for class 0 - precision 0.2500 - recall 0.0058 - f1 0.0114 
INFO:root:TRAIN measures@10 for class 1 - precision 0.9833 - recall 0.2765 - f1 0.4316 
INFO:root:TRAIN measures@100 microavg - precision 0.7525 - recall 0.7525 - f1 0.7525 
INFO:root:TRAIN measures@100 for class 0 - precision 0.3125 - recall 0.0146 - f1 0.0279 
INFO:root:TRAIN measures@100 for class 1 - precision 0.7575 - recall 0.9897 - f1 0.8582 
INFO:root:TRAIN measures@1000 microavg - precision 0.7525 - recall 0.7525 - f1 0.7525 
INFO:root:TRAIN measures@1000 for class 0 - precision 0.3125 - recall 0.0146 - f1 0.0279 
INFO:root:TRAIN measures@1000 for class 1 - precision 0.7575 - recall 0.9897 - f1 0.8582 
INFO:root:TRAIN Total epoch time: 0.4073263209998004
INFO:root:################ TRAIN epoch 6 ###################
INFO:root:TRAIN mean losses tensor(11.6392)
INFO:root:TRAIN mean errors 0.25602835416793823
INFO:root:TRAIN mean MRR 0.0 - mean MAP 0.7676873207092285
INFO:root:TRAIN tp {0: tensor(4), 1: tensor(1045)},fn {0: tensor(339), 1: tensor(22)},fp {0: tensor(22), 1: tensor(339)}
INFO:root:TRAIN measures microavg - precision 0.7440 - recall 0.7440 - f1 0.7440 
INFO:root:TRAIN measures for class 0 - precision 0.1538 - recall 0.0117 - f1 0.0217 
INFO:root:TRAIN measures for class 1 - precision 0.7551 - recall 0.9794 - f1 0.8527 
INFO:root:TRAIN measures@10 microavg - precision 0.9333 - recall 0.2085 - f1 0.3409 
INFO:root:TRAIN measures@10 for class 0 - precision 0.2667 - recall 0.0117 - f1 0.0223 
INFO:root:TRAIN measures@10 for class 1 - precision 0.9667 - recall 0.2718 - f1 0.4243 
INFO:root:TRAIN measures@100 microavg - precision 0.7326 - recall 0.7326 - f1 0.7326 
INFO:root:TRAIN measures@100 for class 0 - precision 0.2344 - recall 0.0437 - f1 0.0737 
INFO:root:TRAIN measures@100 for class 1 - precision 0.7563 - recall 0.9541 - f1 0.8438 
INFO:root:TRAIN measures@1000 microavg - precision 0.7326 - recall 0.7326 - f1 0.7326 
INFO:root:TRAIN measures@1000 for class 0 - precision 0.2344 - recall 0.0437 - f1 0.0737 
INFO:root:TRAIN measures@1000 for class 1 - precision 0.7563 - recall 0.9541 - f1 0.8438 
INFO:root:TRAIN Total epoch time: 0.40336334399989937
INFO:root:################ VALID epoch 6 ###################
INFO:root:VALID mean losses tensor(12.9881)
INFO:root:VALID mean errors 0.24468085169792175
INFO:root:VALID mean MRR 0.0 - mean MAP 0.7553191781044006
INFO:root:VALID tp {0: tensor(0), 1: tensor(213)},fn {0: tensor(69), 1: tensor(0)},fp {0: tensor(0), 1: tensor(69)}
INFO:root:VALID measures microavg - precision 0.7553 - recall 0.7553 - f1 0.7553 
INFO:root:VALID measures for class 0 - precision 0.0000 - recall 0.0000 - f1 0.0000 
INFO:root:VALID measures for class 1 - precision 0.7553 - recall 1.0000 - f1 0.8606 
INFO:root:VALID measures@10 microavg - precision 0.9833 - recall 0.2092 - f1 0.3450 
INFO:root:VALID measures@10 for class 0 - precision 0.0000 - recall 0.0000 - f1 0.0000 
INFO:root:VALID measures@10 for class 1 - precision 0.9833 - recall 0.2770 - f1 0.4322 
INFO:root:VALID measures@100 microavg - precision 0.7553 - recall 0.7553 - f1 0.7553 
INFO:root:VALID measures@100 for class 0 - precision 0.0000 - recall 0.0000 - f1 0.0000 
INFO:root:VALID measures@100 for class 1 - precision 0.7553 - recall 1.0000 - f1 0.8606 
INFO:root:VALID measures@1000 microavg - precision 0.7553 - recall 0.7553 - f1 0.7553 
INFO:root:VALID measures@1000 for class 0 - precision 0.0000 - recall 0.0000 - f1 0.0000 
INFO:root:VALID measures@1000 for class 1 - precision 0.7553 - recall 1.0000 - f1 0.8606 
INFO:root:VALID Total epoch time: 0.037837064000086684
INFO:root:################ TEST epoch 6 ###################
INFO:root:TEST batch 1 / 7 - partial error 0.2128 - partial loss 12.7207 - partial MRR  0.0000 - partial MAP 0.7872
INFO:root:TEST batch 1 / 7 -  partial tp {0: tensor(0), 1: tensor(37)},fn {0: tensor(10), 1: tensor(0)},fp {0: tensor(0), 1: tensor(10)}
INFO:root:TEST batch 1 / 7 - measures partial microavg - precision 0.7872 - recall 0.7872 - f1 0.7872 
INFO:root:TEST batch 1 / 7 - measures partial for class 0 - precision 0.0000 - recall 0.0000 - f1 0.0000 
INFO:root:TEST batch 1 / 7 - measures partial for class 1 - precision 0.7872 - recall 1.0000 - f1 0.8810 
INFO:root:TEST batch 1 / 7 - Batch time 0 
INFO:root:TEST batch 2 / 7 - partial error 0.2340 - partial loss 13.2489 - partial MRR  0.0000 - partial MAP 0.7660
INFO:root:TEST batch 2 / 7 -  partial tp {0: tensor(0), 1: tensor(35)},fn {0: tensor(12), 1: tensor(0)},fp {0: tensor(0), 1: tensor(12)}
INFO:root:TEST batch 2 / 7 - measures partial microavg - precision 0.7447 - recall 0.7447 - f1 0.7447 
INFO:root:TEST batch 2 / 7 - measures partial for class 0 - precision 0.0000 - recall 0.0000 - f1 0.0000 
INFO:root:TEST batch 2 / 7 - measures partial for class 1 - precision 0.7447 - recall 1.0000 - f1 0.8537 
INFO:root:TEST batch 2 / 7 - Batch time 0 
INFO:root:TEST batch 3 / 7 - partial error 0.2553 - partial loss 14.0872 - partial MRR  0.0000 - partial MAP 0.7447
INFO:root:TEST batch 3 / 7 -  partial tp {0: tensor(0), 1: tensor(33)},fn {0: tensor(14), 1: tensor(0)},fp {0: tensor(0), 1: tensor(14)}
INFO:root:TEST batch 3 / 7 - measures partial microavg - precision 0.7021 - recall 0.7021 - f1 0.7021 
INFO:root:TEST batch 3 / 7 - measures partial for class 0 - precision 0.0000 - recall 0.0000 - f1 0.0000 
INFO:root:TEST batch 3 / 7 - measures partial for class 1 - precision 0.7021 - recall 1.0000 - f1 0.8250 
INFO:root:TEST batch 3 / 7 - Batch time 0 
INFO:root:TEST batch 4 / 7 - partial error 0.2553 - partial loss 14.4682 - partial MRR  0.0000 - partial MAP 0.7447
INFO:root:TEST batch 4 / 7 -  partial tp {0: tensor(0), 1: tensor(35)},fn {0: tensor(12), 1: tensor(0)},fp {0: tensor(0), 1: tensor(12)}
INFO:root:TEST batch 4 / 7 - measures partial microavg - precision 0.7447 - recall 0.7447 - f1 0.7447 
INFO:root:TEST batch 4 / 7 - measures partial for class 0 - precision 0.0000 - recall 0.0000 - f1 0.0000 
INFO:root:TEST batch 4 / 7 - measures partial for class 1 - precision 0.7447 - recall 1.0000 - f1 0.8537 
INFO:root:TEST batch 4 / 7 - Batch time 0 
INFO:root:TEST batch 5 / 7 - partial error 0.2638 - partial loss 15.4707 - partial MRR  0.0000 - partial MAP 0.7362
INFO:root:TEST batch 5 / 7 -  partial tp {0: tensor(0), 1: tensor(33)},fn {0: tensor(14), 1: tensor(0)},fp {0: tensor(0), 1: tensor(14)}
INFO:root:TEST batch 5 / 7 - measures partial microavg - precision 0.7021 - recall 0.7021 - f1 0.7021 
INFO:root:TEST batch 5 / 7 - measures partial for class 0 - precision 0.0000 - recall 0.0000 - f1 0.0000 
INFO:root:TEST batch 5 / 7 - measures partial for class 1 - precision 0.7021 - recall 1.0000 - f1 0.8250 
INFO:root:TEST batch 5 / 7 - Batch time 0 
INFO:root:TEST batch 6 / 7 - partial error 0.2660 - partial loss 16.0074 - partial MRR  0.0000 - partial MAP 0.7340
INFO:root:TEST batch 6 / 7 -  partial tp {0: tensor(0), 1: tensor(34)},fn {0: tensor(13), 1: tensor(0)},fp {0: tensor(0), 1: tensor(13)}
INFO:root:TEST batch 6 / 7 - measures partial microavg - precision 0.7234 - recall 0.7234 - f1 0.7234 
INFO:root:TEST batch 6 / 7 - measures partial for class 0 - precision 0.0000 - recall 0.0000 - f1 0.0000 
INFO:root:TEST batch 6 / 7 - measures partial for class 1 - precision 0.7234 - recall 1.0000 - f1 0.8395 
INFO:root:TEST batch 6 / 7 - Batch time 0 
INFO:root:TEST batch 7 / 7 - partial error 0.2736 - partial loss 16.4893 - partial MRR  0.0000 - partial MAP 0.7264
INFO:root:TEST batch 7 / 7 -  partial tp {0: tensor(0), 1: tensor(32)},fn {0: tensor(15), 1: tensor(0)},fp {0: tensor(0), 1: tensor(15)}
INFO:root:TEST batch 7 / 7 - measures partial microavg - precision 0.6809 - recall 0.6809 - f1 0.6809 
INFO:root:TEST batch 7 / 7 - measures partial for class 0 - precision 0.0000 - recall 0.0000 - f1 0.0000 
INFO:root:TEST batch 7 / 7 - measures partial for class 1 - precision 0.6809 - recall 1.0000 - f1 0.8101 
INFO:root:TEST batch 7 / 7 - Batch time 0 
INFO:root:TEST mean losses tensor(16.4893)
INFO:root:TEST mean errors 0.2735562324523926
INFO:root:TEST mean MRR 0.0 - mean MAP 0.7264437675476074
INFO:root:TEST tp {0: tensor(0), 1: tensor(239)},fn {0: tensor(90), 1: tensor(0)},fp {0: tensor(0), 1: tensor(90)}
INFO:root:TEST measures microavg - precision 0.7264 - recall 0.7264 - f1 0.7264 
INFO:root:TEST measures for class 0 - precision 0.0000 - recall 0.0000 - f1 0.0000 
INFO:root:TEST measures for class 1 - precision 0.7264 - recall 1.0000 - f1 0.8415 
INFO:root:TEST measures@10 microavg - precision 1.0000 - recall 0.2128 - f1 0.3509 
INFO:root:TEST measures@10 for class 0 - precision 0.0000 - recall 0.0000 - f1 0.0000 
INFO:root:TEST measures@10 for class 1 - precision 1.0000 - recall 0.2929 - f1 0.4531 
INFO:root:TEST measures@100 microavg - precision 0.7264 - recall 0.7264 - f1 0.7264 
INFO:root:TEST measures@100 for class 0 - precision 0.0000 - recall 0.0000 - f1 0.0000 
INFO:root:TEST measures@100 for class 1 - precision 0.7264 - recall 1.0000 - f1 0.8415 
INFO:root:TEST measures@1000 microavg - precision 0.7264 - recall 0.7264 - f1 0.7264 
INFO:root:TEST measures@1000 for class 0 - precision 0.0000 - recall 0.0000 - f1 0.0000 
INFO:root:TEST measures@1000 for class 1 - precision 0.7264 - recall 1.0000 - f1 0.8415 
INFO:root:TEST Total epoch time: 0.060224890999961644
INFO:root:################ TRAIN epoch 7 ###################
INFO:root:TRAIN mean losses tensor(13.1060)
INFO:root:TRAIN mean errors 0.25531914830207825
INFO:root:TRAIN mean MRR 0.0 - mean MAP 0.7593343257904053
INFO:root:TRAIN tp {0: tensor(3), 1: tensor(1047)},fn {0: tensor(340), 1: tensor(20)},fp {0: tensor(20), 1: tensor(340)}
INFO:root:TRAIN measures microavg - precision 0.7447 - recall 0.7447 - f1 0.7447 
INFO:root:TRAIN measures for class 0 - precision 0.1304 - recall 0.0087 - f1 0.0164 
INFO:root:TRAIN measures for class 1 - precision 0.7549 - recall 0.9813 - f1 0.8533 
INFO:root:TRAIN measures@10 microavg - precision 0.9541 - recall 0.2064 - f1 0.3394 
INFO:root:TRAIN measures@10 for class 0 - precision 0.0000 - recall 0.0000 - f1 0.0000 
INFO:root:TRAIN measures@10 for class 1 - precision 0.9700 - recall 0.2727 - f1 0.4257 
INFO:root:TRAIN measures@100 microavg - precision 0.7270 - recall 0.7270 - f1 0.7270 
INFO:root:TRAIN measures@100 for class 0 - precision 0.1250 - recall 0.0204 - f1 0.0351 
INFO:root:TRAIN measures@100 for class 1 - precision 0.7518 - recall 0.9541 - f1 0.8410 
INFO:root:TRAIN measures@1000 microavg - precision 0.7270 - recall 0.7270 - f1 0.7270 
INFO:root:TRAIN measures@1000 for class 0 - precision 0.1250 - recall 0.0204 - f1 0.0351 
INFO:root:TRAIN measures@1000 for class 1 - precision 0.7518 - recall 0.9541 - f1 0.8410 
INFO:root:TRAIN Total epoch time: 0.403995168000165
INFO:root:################ VALID epoch 7 ###################
INFO:root:VALID mean losses tensor(13.9242)
INFO:root:VALID mean errors 0.24468085169792175
INFO:root:VALID mean MRR 0.0 - mean MAP 0.7553191781044006
INFO:root:VALID tp {0: tensor(0), 1: tensor(213)},fn {0: tensor(69), 1: tensor(0)},fp {0: tensor(0), 1: tensor(69)}
INFO:root:VALID measures microavg - precision 0.7553 - recall 0.7553 - f1 0.7553 
INFO:root:VALID measures for class 0 - precision 0.0000 - recall 0.0000 - f1 0.0000 
INFO:root:VALID measures for class 1 - precision 0.7553 - recall 1.0000 - f1 0.8606 
INFO:root:VALID measures@10 microavg - precision 1.0000 - recall 0.2128 - f1 0.3509 
INFO:root:VALID measures@10 for class 0 - precision 0.0000 - recall 0.0000 - f1 0.0000 
INFO:root:VALID measures@10 for class 1 - precision 1.0000 - recall 0.2817 - f1 0.4396 
INFO:root:VALID measures@100 microavg - precision 0.7553 - recall 0.7553 - f1 0.7553 
INFO:root:VALID measures@100 for class 0 - precision 0.0000 - recall 0.0000 - f1 0.0000 
INFO:root:VALID measures@100 for class 1 - precision 0.7553 - recall 1.0000 - f1 0.8606 
INFO:root:VALID measures@1000 microavg - precision 0.7553 - recall 0.7553 - f1 0.7553 
INFO:root:VALID measures@1000 for class 0 - precision 0.0000 - recall 0.0000 - f1 0.0000 
INFO:root:VALID measures@1000 for class 1 - precision 0.7553 - recall 1.0000 - f1 0.8606 
INFO:root:VALID Total epoch time: 0.038306170999931055
INFO:root:################ TEST epoch 7 ###################
INFO:root:TEST batch 1 / 7 - partial error 0.2128 - partial loss 11.7511 - partial MRR  0.0000 - partial MAP 0.7872
INFO:root:TEST batch 1 / 7 -  partial tp {0: tensor(0), 1: tensor(37)},fn {0: tensor(10), 1: tensor(0)},fp {0: tensor(0), 1: tensor(10)}
INFO:root:TEST batch 1 / 7 - measures partial microavg - precision 0.7872 - recall 0.7872 - f1 0.7872 
INFO:root:TEST batch 1 / 7 - measures partial for class 0 - precision 0.0000 - recall 0.0000 - f1 0.0000 
INFO:root:TEST batch 1 / 7 - measures partial for class 1 - precision 0.7872 - recall 1.0000 - f1 0.8810 
INFO:root:TEST batch 1 / 7 - Batch time 0 
INFO:root:TEST batch 2 / 7 - partial error 0.2340 - partial loss 14.0513 - partial MRR  0.0000 - partial MAP 0.7660
INFO:root:TEST batch 2 / 7 -  partial tp {0: tensor(0), 1: tensor(35)},fn {0: tensor(12), 1: tensor(0)},fp {0: tensor(0), 1: tensor(12)}
INFO:root:TEST batch 2 / 7 - measures partial microavg - precision 0.7447 - recall 0.7447 - f1 0.7447 
INFO:root:TEST batch 2 / 7 - measures partial for class 0 - precision 0.0000 - recall 0.0000 - f1 0.0000 
INFO:root:TEST batch 2 / 7 - measures partial for class 1 - precision 0.7447 - recall 1.0000 - f1 0.8537 
INFO:root:TEST batch 2 / 7 - Batch time 0 
INFO:root:TEST batch 3 / 7 - partial error 0.2553 - partial loss 14.7815 - partial MRR  0.0000 - partial MAP 0.7447
INFO:root:TEST batch 3 / 7 -  partial tp {0: tensor(0), 1: tensor(33)},fn {0: tensor(14), 1: tensor(0)},fp {0: tensor(0), 1: tensor(14)}
INFO:root:TEST batch 3 / 7 - measures partial microavg - precision 0.7021 - recall 0.7021 - f1 0.7021 
INFO:root:TEST batch 3 / 7 - measures partial for class 0 - precision 0.0000 - recall 0.0000 - f1 0.0000 
INFO:root:TEST batch 3 / 7 - measures partial for class 1 - precision 0.7021 - recall 1.0000 - f1 0.8250 
INFO:root:TEST batch 3 / 7 - Batch time 0 
INFO:root:TEST batch 4 / 7 - partial error 0.2553 - partial loss 15.1128 - partial MRR  0.0000 - partial MAP 0.7447
INFO:root:TEST batch 4 / 7 -  partial tp {0: tensor(0), 1: tensor(35)},fn {0: tensor(12), 1: tensor(0)},fp {0: tensor(0), 1: tensor(12)}
INFO:root:TEST batch 4 / 7 - measures partial microavg - precision 0.7447 - recall 0.7447 - f1 0.7447 
INFO:root:TEST batch 4 / 7 - measures partial for class 0 - precision 0.0000 - recall 0.0000 - f1 0.0000 
INFO:root:TEST batch 4 / 7 - measures partial for class 1 - precision 0.7447 - recall 1.0000 - f1 0.8537 
INFO:root:TEST batch 4 / 7 - Batch time 0 
INFO:root:TEST batch 5 / 7 - partial error 0.2638 - partial loss 15.7032 - partial MRR  0.0000 - partial MAP 0.7362
INFO:root:TEST batch 5 / 7 -  partial tp {0: tensor(0), 1: tensor(33)},fn {0: tensor(14), 1: tensor(0)},fp {0: tensor(0), 1: tensor(14)}
INFO:root:TEST batch 5 / 7 - measures partial microavg - precision 0.7021 - recall 0.7021 - f1 0.7021 
INFO:root:TEST batch 5 / 7 - measures partial for class 0 - precision 0.0000 - recall 0.0000 - f1 0.0000 
INFO:root:TEST batch 5 / 7 - measures partial for class 1 - precision 0.7021 - recall 1.0000 - f1 0.8250 
INFO:root:TEST batch 5 / 7 - Batch time 0 
INFO:root:TEST batch 6 / 7 - partial error 0.2660 - partial loss 15.3578 - partial MRR  0.0000 - partial MAP 0.7340
INFO:root:TEST batch 6 / 7 -  partial tp {0: tensor(0), 1: tensor(34)},fn {0: tensor(13), 1: tensor(0)},fp {0: tensor(0), 1: tensor(13)}
INFO:root:TEST batch 6 / 7 - measures partial microavg - precision 0.7234 - recall 0.7234 - f1 0.7234 
INFO:root:TEST batch 6 / 7 - measures partial for class 0 - precision 0.0000 - recall 0.0000 - f1 0.0000 
INFO:root:TEST batch 6 / 7 - measures partial for class 1 - precision 0.7234 - recall 1.0000 - f1 0.8395 
INFO:root:TEST batch 6 / 7 - Batch time 0 
INFO:root:TEST batch 7 / 7 - partial error 0.2736 - partial loss 15.7214 - partial MRR  0.0000 - partial MAP 0.7264
INFO:root:TEST batch 7 / 7 -  partial tp {0: tensor(0), 1: tensor(32)},fn {0: tensor(15), 1: tensor(0)},fp {0: tensor(0), 1: tensor(15)}
INFO:root:TEST batch 7 / 7 - measures partial microavg - precision 0.6809 - recall 0.6809 - f1 0.6809 
INFO:root:TEST batch 7 / 7 - measures partial for class 0 - precision 0.0000 - recall 0.0000 - f1 0.0000 
INFO:root:TEST batch 7 / 7 - measures partial for class 1 - precision 0.6809 - recall 1.0000 - f1 0.8101 
INFO:root:TEST batch 7 / 7 - Batch time 0 
INFO:root:TEST mean losses tensor(15.7214)
INFO:root:TEST mean errors 0.2735562324523926
INFO:root:TEST mean MRR 0.0 - mean MAP 0.7264437675476074
INFO:root:TEST tp {0: tensor(0), 1: tensor(239)},fn {0: tensor(90), 1: tensor(0)},fp {0: tensor(0), 1: tensor(90)}
INFO:root:TEST measures microavg - precision 0.7264 - recall 0.7264 - f1 0.7264 
INFO:root:TEST measures for class 0 - precision 0.0000 - recall 0.0000 - f1 0.0000 
INFO:root:TEST measures for class 1 - precision 0.7264 - recall 1.0000 - f1 0.8415 
INFO:root:TEST measures@10 microavg - precision 1.0000 - recall 0.2128 - f1 0.3509 
INFO:root:TEST measures@10 for class 0 - precision 0.0000 - recall 0.0000 - f1 0.0000 
INFO:root:TEST measures@10 for class 1 - precision 1.0000 - recall 0.2929 - f1 0.4531 
INFO:root:TEST measures@100 microavg - precision 0.7264 - recall 0.7264 - f1 0.7264 
INFO:root:TEST measures@100 for class 0 - precision 0.0000 - recall 0.0000 - f1 0.0000 
INFO:root:TEST measures@100 for class 1 - precision 0.7264 - recall 1.0000 - f1 0.8415 
INFO:root:TEST measures@1000 microavg - precision 0.7264 - recall 0.7264 - f1 0.7264 
INFO:root:TEST measures@1000 for class 0 - precision 0.0000 - recall 0.0000 - f1 0.0000 
INFO:root:TEST measures@1000 for class 1 - precision 0.7264 - recall 1.0000 - f1 0.8415 
INFO:root:TEST Total epoch time: 0.05195938499991826
INFO:root:################ TRAIN epoch 8 ###################
INFO:root:TRAIN mean losses tensor(10.7821)
INFO:root:TRAIN mean errors 0.2539007067680359
INFO:root:TRAIN mean MRR 0.0 - mean MAP 0.7694474458694458
INFO:root:TRAIN tp {0: tensor(8), 1: tensor(1044)},fn {0: tensor(335), 1: tensor(23)},fp {0: tensor(23), 1: tensor(335)}
INFO:root:TRAIN measures microavg - precision 0.7461 - recall 0.7461 - f1 0.7461 
INFO:root:TRAIN measures for class 0 - precision 0.2581 - recall 0.0233 - f1 0.0428 
INFO:root:TRAIN measures for class 1 - precision 0.7571 - recall 0.9784 - f1 0.8536 
INFO:root:TRAIN measures@10 microavg - precision 0.9553 - recall 0.2121 - f1 0.3471 
INFO:root:TRAIN measures@10 for class 0 - precision 0.3846 - recall 0.0146 - f1 0.0281 
INFO:root:TRAIN measures@10 for class 1 - precision 0.9800 - recall 0.2755 - f1 0.4301 
INFO:root:TRAIN measures@100 microavg - precision 0.7199 - recall 0.7199 - f1 0.7199 
INFO:root:TRAIN measures@100 for class 0 - precision 0.1905 - recall 0.0466 - f1 0.0749 
INFO:root:TRAIN measures@100 for class 1 - precision 0.7534 - recall 0.9363 - f1 0.8349 
INFO:root:TRAIN measures@1000 microavg - precision 0.7199 - recall 0.7199 - f1 0.7199 
INFO:root:TRAIN measures@1000 for class 0 - precision 0.1905 - recall 0.0466 - f1 0.0749 
INFO:root:TRAIN measures@1000 for class 1 - precision 0.7534 - recall 0.9363 - f1 0.8349 
INFO:root:TRAIN Total epoch time: 0.4003342910000356
INFO:root:################ VALID epoch 8 ###################
INFO:root:VALID mean losses tensor(14.1900)
INFO:root:VALID mean errors 0.24468085169792175
INFO:root:VALID mean MRR 0.0 - mean MAP 0.7553191781044006
INFO:root:VALID tp {0: tensor(0), 1: tensor(213)},fn {0: tensor(69), 1: tensor(0)},fp {0: tensor(0), 1: tensor(69)}
INFO:root:VALID measures microavg - precision 0.7553 - recall 0.7553 - f1 0.7553 
INFO:root:VALID measures for class 0 - precision 0.0000 - recall 0.0000 - f1 0.0000 
INFO:root:VALID measures for class 1 - precision 0.7553 - recall 1.0000 - f1 0.8606 
INFO:root:VALID measures@10 microavg - precision 1.0000 - recall 0.2128 - f1 0.3509 
INFO:root:VALID measures@10 for class 0 - precision 0.0000 - recall 0.0000 - f1 0.0000 
INFO:root:VALID measures@10 for class 1 - precision 1.0000 - recall 0.2817 - f1 0.4396 
INFO:root:VALID measures@100 microavg - precision 0.7553 - recall 0.7553 - f1 0.7553 
INFO:root:VALID measures@100 for class 0 - precision 0.0000 - recall 0.0000 - f1 0.0000 
INFO:root:VALID measures@100 for class 1 - precision 0.7553 - recall 1.0000 - f1 0.8606 
INFO:root:VALID measures@1000 microavg - precision 0.7553 - recall 0.7553 - f1 0.7553 
INFO:root:VALID measures@1000 for class 0 - precision 0.0000 - recall 0.0000 - f1 0.0000 
INFO:root:VALID measures@1000 for class 1 - precision 0.7553 - recall 1.0000 - f1 0.8606 
INFO:root:VALID Total epoch time: 0.03899565400024585
INFO:root:################ TEST epoch 8 ###################
INFO:root:TEST batch 1 / 7 - partial error 0.2128 - partial loss 13.9448 - partial MRR  0.0000 - partial MAP 0.7872
INFO:root:TEST batch 1 / 7 -  partial tp {0: tensor(0), 1: tensor(37)},fn {0: tensor(10), 1: tensor(0)},fp {0: tensor(0), 1: tensor(10)}
INFO:root:TEST batch 1 / 7 - measures partial microavg - precision 0.7872 - recall 0.7872 - f1 0.7872 
INFO:root:TEST batch 1 / 7 - measures partial for class 0 - precision 0.0000 - recall 0.0000 - f1 0.0000 
INFO:root:TEST batch 1 / 7 - measures partial for class 1 - precision 0.7872 - recall 1.0000 - f1 0.8810 
INFO:root:TEST batch 1 / 7 - Batch time 0 
INFO:root:TEST batch 2 / 7 - partial error 0.2340 - partial loss 14.0656 - partial MRR  0.0000 - partial MAP 0.7660
INFO:root:TEST batch 2 / 7 -  partial tp {0: tensor(0), 1: tensor(35)},fn {0: tensor(12), 1: tensor(0)},fp {0: tensor(0), 1: tensor(12)}
INFO:root:TEST batch 2 / 7 - measures partial microavg - precision 0.7447 - recall 0.7447 - f1 0.7447 
INFO:root:TEST batch 2 / 7 - measures partial for class 0 - precision 0.0000 - recall 0.0000 - f1 0.0000 
INFO:root:TEST batch 2 / 7 - measures partial for class 1 - precision 0.7447 - recall 1.0000 - f1 0.8537 
INFO:root:TEST batch 2 / 7 - Batch time 0 
INFO:root:TEST batch 3 / 7 - partial error 0.2553 - partial loss 14.8653 - partial MRR  0.0000 - partial MAP 0.7447
INFO:root:TEST batch 3 / 7 -  partial tp {0: tensor(0), 1: tensor(33)},fn {0: tensor(14), 1: tensor(0)},fp {0: tensor(0), 1: tensor(14)}
INFO:root:TEST batch 3 / 7 - measures partial microavg - precision 0.7021 - recall 0.7021 - f1 0.7021 
INFO:root:TEST batch 3 / 7 - measures partial for class 0 - precision 0.0000 - recall 0.0000 - f1 0.0000 
INFO:root:TEST batch 3 / 7 - measures partial for class 1 - precision 0.7021 - recall 1.0000 - f1 0.8250 
INFO:root:TEST batch 3 / 7 - Batch time 0 
INFO:root:TEST batch 4 / 7 - partial error 0.2553 - partial loss 14.8130 - partial MRR  0.0000 - partial MAP 0.7447
INFO:root:TEST batch 4 / 7 -  partial tp {0: tensor(0), 1: tensor(35)},fn {0: tensor(12), 1: tensor(0)},fp {0: tensor(0), 1: tensor(12)}
INFO:root:TEST batch 4 / 7 - measures partial microavg - precision 0.7447 - recall 0.7447 - f1 0.7447 
INFO:root:TEST batch 4 / 7 - measures partial for class 0 - precision 0.0000 - recall 0.0000 - f1 0.0000 
INFO:root:TEST batch 4 / 7 - measures partial for class 1 - precision 0.7447 - recall 1.0000 - f1 0.8537 
INFO:root:TEST batch 4 / 7 - Batch time 0 
INFO:root:TEST batch 5 / 7 - partial error 0.2638 - partial loss 15.7839 - partial MRR  0.0000 - partial MAP 0.7362
INFO:root:TEST batch 5 / 7 -  partial tp {0: tensor(0), 1: tensor(33)},fn {0: tensor(14), 1: tensor(0)},fp {0: tensor(0), 1: tensor(14)}
INFO:root:TEST batch 5 / 7 - measures partial microavg - precision 0.7021 - recall 0.7021 - f1 0.7021 
INFO:root:TEST batch 5 / 7 - measures partial for class 0 - precision 0.0000 - recall 0.0000 - f1 0.0000 
INFO:root:TEST batch 5 / 7 - measures partial for class 1 - precision 0.7021 - recall 1.0000 - f1 0.8250 
INFO:root:TEST batch 5 / 7 - Batch time 0 
INFO:root:TEST batch 6 / 7 - partial error 0.2660 - partial loss 15.9171 - partial MRR  0.0000 - partial MAP 0.7340
INFO:root:TEST batch 6 / 7 -  partial tp {0: tensor(0), 1: tensor(34)},fn {0: tensor(13), 1: tensor(0)},fp {0: tensor(0), 1: tensor(13)}
INFO:root:TEST batch 6 / 7 - measures partial microavg - precision 0.7234 - recall 0.7234 - f1 0.7234 
INFO:root:TEST batch 6 / 7 - measures partial for class 0 - precision 0.0000 - recall 0.0000 - f1 0.0000 
INFO:root:TEST batch 6 / 7 - measures partial for class 1 - precision 0.7234 - recall 1.0000 - f1 0.8395 
INFO:root:TEST batch 6 / 7 - Batch time 0 
INFO:root:TEST batch 7 / 7 - partial error 0.2736 - partial loss 16.0432 - partial MRR  0.0000 - partial MAP 0.7264
INFO:root:TEST batch 7 / 7 -  partial tp {0: tensor(0), 1: tensor(32)},fn {0: tensor(15), 1: tensor(0)},fp {0: tensor(0), 1: tensor(15)}
INFO:root:TEST batch 7 / 7 - measures partial microavg - precision 0.6809 - recall 0.6809 - f1 0.6809 
INFO:root:TEST batch 7 / 7 - measures partial for class 0 - precision 0.0000 - recall 0.0000 - f1 0.0000 
INFO:root:TEST batch 7 / 7 - measures partial for class 1 - precision 0.6809 - recall 1.0000 - f1 0.8101 
INFO:root:TEST batch 7 / 7 - Batch time 0 
INFO:root:TEST mean losses tensor(16.0432)
INFO:root:TEST mean errors 0.2735562324523926
INFO:root:TEST mean MRR 0.0 - mean MAP 0.7264437675476074
INFO:root:TEST tp {0: tensor(0), 1: tensor(239)},fn {0: tensor(90), 1: tensor(0)},fp {0: tensor(0), 1: tensor(90)}
INFO:root:TEST measures microavg - precision 0.7264 - recall 0.7264 - f1 0.7264 
INFO:root:TEST measures for class 0 - precision 0.0000 - recall 0.0000 - f1 0.0000 
INFO:root:TEST measures for class 1 - precision 0.7264 - recall 1.0000 - f1 0.8415 
INFO:root:TEST measures@10 microavg - precision 1.0000 - recall 0.2128 - f1 0.3509 
INFO:root:TEST measures@10 for class 0 - precision 0.0000 - recall 0.0000 - f1 0.0000 
INFO:root:TEST measures@10 for class 1 - precision 1.0000 - recall 0.2929 - f1 0.4531 
INFO:root:TEST measures@100 microavg - precision 0.7264 - recall 0.7264 - f1 0.7264 
INFO:root:TEST measures@100 for class 0 - precision 0.0000 - recall 0.0000 - f1 0.0000 
INFO:root:TEST measures@100 for class 1 - precision 0.7264 - recall 1.0000 - f1 0.8415 
INFO:root:TEST measures@1000 microavg - precision 0.7264 - recall 0.7264 - f1 0.7264 
INFO:root:TEST measures@1000 for class 0 - precision 0.0000 - recall 0.0000 - f1 0.0000 
INFO:root:TEST measures@1000 for class 1 - precision 0.7264 - recall 1.0000 - f1 0.8415 
INFO:root:TEST Total epoch time: 0.05169516400019347
INFO:root:################ TRAIN epoch 9 ###################
INFO:root:TRAIN mean losses tensor(12.7133)
INFO:root:TRAIN mean errors 0.25886523723602295
INFO:root:TRAIN mean MRR 0.0 - mean MAP 0.7605577707290649
INFO:root:TRAIN tp {0: tensor(5), 1: tensor(1040)},fn {0: tensor(338), 1: tensor(27)},fp {0: tensor(27), 1: tensor(338)}
INFO:root:TRAIN measures microavg - precision 0.7411 - recall 0.7411 - f1 0.7411 
INFO:root:TRAIN measures for class 0 - precision 0.1562 - recall 0.0146 - f1 0.0267 
INFO:root:TRAIN measures for class 1 - precision 0.7547 - recall 0.9747 - f1 0.8507 
INFO:root:TRAIN measures@10 microavg - precision 0.9265 - recall 0.2057 - f1 0.3366 
INFO:root:TRAIN measures@10 for class 0 - precision 0.1875 - recall 0.0087 - f1 0.0167 
INFO:root:TRAIN measures@10 for class 1 - precision 0.9663 - recall 0.2690 - f1 0.4208 
INFO:root:TRAIN measures@100 microavg - precision 0.7270 - recall 0.7270 - f1 0.7270 
INFO:root:TRAIN measures@100 for class 0 - precision 0.2500 - recall 0.0612 - f1 0.0984 
INFO:root:TRAIN measures@100 for class 1 - precision 0.7572 - recall 0.9410 - f1 0.8391 
INFO:root:TRAIN measures@1000 microavg - precision 0.7270 - recall 0.7270 - f1 0.7270 
INFO:root:TRAIN measures@1000 for class 0 - precision 0.2500 - recall 0.0612 - f1 0.0984 
INFO:root:TRAIN measures@1000 for class 1 - precision 0.7572 - recall 0.9410 - f1 0.8391 
INFO:root:TRAIN Total epoch time: 0.5160345330000382
INFO:root:################ VALID epoch 9 ###################
INFO:root:VALID mean losses tensor(17.0864)
INFO:root:VALID mean errors 0.24468085169792175
INFO:root:VALID mean MRR 0.0 - mean MAP 0.7553191781044006
INFO:root:VALID tp {0: tensor(0), 1: tensor(213)},fn {0: tensor(69), 1: tensor(0)},fp {0: tensor(0), 1: tensor(69)}
INFO:root:VALID measures microavg - precision 0.7553 - recall 0.7553 - f1 0.7553 
INFO:root:VALID measures for class 0 - precision 0.0000 - recall 0.0000 - f1 0.0000 
INFO:root:VALID measures for class 1 - precision 0.7553 - recall 1.0000 - f1 0.8606 
INFO:root:VALID measures@10 microavg - precision 0.9833 - recall 0.2092 - f1 0.3450 
INFO:root:VALID measures@10 for class 0 - precision 0.0000 - recall 0.0000 - f1 0.0000 
INFO:root:VALID measures@10 for class 1 - precision 0.9833 - recall 0.2770 - f1 0.4322 
INFO:root:VALID measures@100 microavg - precision 0.7553 - recall 0.7553 - f1 0.7553 
INFO:root:VALID measures@100 for class 0 - precision 0.0000 - recall 0.0000 - f1 0.0000 
INFO:root:VALID measures@100 for class 1 - precision 0.7553 - recall 1.0000 - f1 0.8606 
INFO:root:VALID measures@1000 microavg - precision 0.7553 - recall 0.7553 - f1 0.7553 
INFO:root:VALID measures@1000 for class 0 - precision 0.0000 - recall 0.0000 - f1 0.0000 
INFO:root:VALID measures@1000 for class 1 - precision 0.7553 - recall 1.0000 - f1 0.8606 
INFO:root:VALID Total epoch time: 0.043551112999921315
INFO:root:################ TEST epoch 9 ###################
INFO:root:TEST batch 1 / 7 - partial error 0.2128 - partial loss 14.3294 - partial MRR  0.0000 - partial MAP 0.7872
INFO:root:TEST batch 1 / 7 -  partial tp {0: tensor(0), 1: tensor(37)},fn {0: tensor(10), 1: tensor(0)},fp {0: tensor(0), 1: tensor(10)}
INFO:root:TEST batch 1 / 7 - measures partial microavg - precision 0.7872 - recall 0.7872 - f1 0.7872 
INFO:root:TEST batch 1 / 7 - measures partial for class 0 - precision 0.0000 - recall 0.0000 - f1 0.0000 
INFO:root:TEST batch 1 / 7 - measures partial for class 1 - precision 0.7872 - recall 1.0000 - f1 0.8810 
INFO:root:TEST batch 1 / 7 - Batch time 0 
INFO:root:TEST batch 2 / 7 - partial error 0.2340 - partial loss 15.4384 - partial MRR  0.0000 - partial MAP 0.7660
INFO:root:TEST batch 2 / 7 -  partial tp {0: tensor(0), 1: tensor(35)},fn {0: tensor(12), 1: tensor(0)},fp {0: tensor(0), 1: tensor(12)}
INFO:root:TEST batch 2 / 7 - measures partial microavg - precision 0.7447 - recall 0.7447 - f1 0.7447 
INFO:root:TEST batch 2 / 7 - measures partial for class 0 - precision 0.0000 - recall 0.0000 - f1 0.0000 
INFO:root:TEST batch 2 / 7 - measures partial for class 1 - precision 0.7447 - recall 1.0000 - f1 0.8537 
INFO:root:TEST batch 2 / 7 - Batch time 0 
INFO:root:TEST batch 3 / 7 - partial error 0.2553 - partial loss 17.7123 - partial MRR  0.0000 - partial MAP 0.7447
INFO:root:TEST batch 3 / 7 -  partial tp {0: tensor(0), 1: tensor(33)},fn {0: tensor(14), 1: tensor(0)},fp {0: tensor(0), 1: tensor(14)}
INFO:root:TEST batch 3 / 7 - measures partial microavg - precision 0.7021 - recall 0.7021 - f1 0.7021 
INFO:root:TEST batch 3 / 7 - measures partial for class 0 - precision 0.0000 - recall 0.0000 - f1 0.0000 
INFO:root:TEST batch 3 / 7 - measures partial for class 1 - precision 0.7021 - recall 1.0000 - f1 0.8250 
INFO:root:TEST batch 3 / 7 - Batch time 0 
INFO:root:TEST batch 4 / 7 - partial error 0.2553 - partial loss 17.3163 - partial MRR  0.0000 - partial MAP 0.7447
INFO:root:TEST batch 4 / 7 -  partial tp {0: tensor(0), 1: tensor(35)},fn {0: tensor(12), 1: tensor(0)},fp {0: tensor(0), 1: tensor(12)}
INFO:root:TEST batch 4 / 7 - measures partial microavg - precision 0.7447 - recall 0.7447 - f1 0.7447 
INFO:root:TEST batch 4 / 7 - measures partial for class 0 - precision 0.0000 - recall 0.0000 - f1 0.0000 
INFO:root:TEST batch 4 / 7 - measures partial for class 1 - precision 0.7447 - recall 1.0000 - f1 0.8537 
INFO:root:TEST batch 4 / 7 - Batch time 0 
INFO:root:TEST batch 5 / 7 - partial error 0.2638 - partial loss 18.3258 - partial MRR  0.0000 - partial MAP 0.7362
INFO:root:TEST batch 5 / 7 -  partial tp {0: tensor(0), 1: tensor(33)},fn {0: tensor(14), 1: tensor(0)},fp {0: tensor(0), 1: tensor(14)}
INFO:root:TEST batch 5 / 7 - measures partial microavg - precision 0.7021 - recall 0.7021 - f1 0.7021 
INFO:root:TEST batch 5 / 7 - measures partial for class 0 - precision 0.0000 - recall 0.0000 - f1 0.0000 
INFO:root:TEST batch 5 / 7 - measures partial for class 1 - precision 0.7021 - recall 1.0000 - f1 0.8250 
INFO:root:TEST batch 5 / 7 - Batch time 0 
INFO:root:TEST batch 6 / 7 - partial error 0.2660 - partial loss 18.9274 - partial MRR  0.0000 - partial MAP 0.7340
INFO:root:TEST batch 6 / 7 -  partial tp {0: tensor(0), 1: tensor(34)},fn {0: tensor(13), 1: tensor(0)},fp {0: tensor(0), 1: tensor(13)}
INFO:root:TEST batch 6 / 7 - measures partial microavg - precision 0.7234 - recall 0.7234 - f1 0.7234 
INFO:root:TEST batch 6 / 7 - measures partial for class 0 - precision 0.0000 - recall 0.0000 - f1 0.0000 
INFO:root:TEST batch 6 / 7 - measures partial for class 1 - precision 0.7234 - recall 1.0000 - f1 0.8395 
INFO:root:TEST batch 6 / 7 - Batch time 0 
INFO:root:TEST batch 7 / 7 - partial error 0.2736 - partial loss 18.9465 - partial MRR  0.0000 - partial MAP 0.7264
INFO:root:TEST batch 7 / 7 -  partial tp {0: tensor(0), 1: tensor(32)},fn {0: tensor(15), 1: tensor(0)},fp {0: tensor(0), 1: tensor(15)}
INFO:root:TEST batch 7 / 7 - measures partial microavg - precision 0.6809 - recall 0.6809 - f1 0.6809 
INFO:root:TEST batch 7 / 7 - measures partial for class 0 - precision 0.0000 - recall 0.0000 - f1 0.0000 
INFO:root:TEST batch 7 / 7 - measures partial for class 1 - precision 0.6809 - recall 1.0000 - f1 0.8101 
INFO:root:TEST batch 7 / 7 - Batch time 0 
INFO:root:TEST mean losses tensor(18.9465)
INFO:root:TEST mean errors 0.2735562324523926
INFO:root:TEST mean MRR 0.0 - mean MAP 0.7264437675476074
INFO:root:TEST tp {0: tensor(0), 1: tensor(239)},fn {0: tensor(90), 1: tensor(0)},fp {0: tensor(0), 1: tensor(90)}
INFO:root:TEST measures microavg - precision 0.7264 - recall 0.7264 - f1 0.7264 
INFO:root:TEST measures for class 0 - precision 0.0000 - recall 0.0000 - f1 0.0000 
INFO:root:TEST measures for class 1 - precision 0.7264 - recall 1.0000 - f1 0.8415 
INFO:root:TEST measures@10 microavg - precision 1.0000 - recall 0.2128 - f1 0.3509 
INFO:root:TEST measures@10 for class 0 - precision 0.0000 - recall 0.0000 - f1 0.0000 
INFO:root:TEST measures@10 for class 1 - precision 1.0000 - recall 0.2929 - f1 0.4531 
INFO:root:TEST measures@100 microavg - precision 0.7264 - recall 0.7264 - f1 0.7264 
INFO:root:TEST measures@100 for class 0 - precision 0.0000 - recall 0.0000 - f1 0.0000 
INFO:root:TEST measures@100 for class 1 - precision 0.7264 - recall 1.0000 - f1 0.8415 
INFO:root:TEST measures@1000 microavg - precision 0.7264 - recall 0.7264 - f1 0.7264 
INFO:root:TEST measures@1000 for class 0 - precision 0.0000 - recall 0.0000 - f1 0.0000 
INFO:root:TEST measures@1000 for class 1 - precision 0.7264 - recall 1.0000 - f1 0.8415 
INFO:root:TEST Total epoch time: 0.058046377999744436
INFO:root:################ TRAIN epoch 10 ###################
INFO:root:TRAIN mean losses tensor(11.2787)
INFO:root:TRAIN mean errors 0.25531914830207825
INFO:root:TRAIN mean MRR 0.0 - mean MAP 0.7660301923751831
INFO:root:TRAIN tp {0: tensor(3), 1: tensor(1047)},fn {0: tensor(340), 1: tensor(20)},fp {0: tensor(20), 1: tensor(340)}
INFO:root:TRAIN measures microavg - precision 0.7447 - recall 0.7447 - f1 0.7447 
INFO:root:TRAIN measures for class 0 - precision 0.1304 - recall 0.0087 - f1 0.0164 
INFO:root:TRAIN measures for class 1 - precision 0.7549 - recall 0.9813 - f1 0.8533 
INFO:root:TRAIN measures@10 microavg - precision 0.9146 - recall 0.2050 - f1 0.3349 
INFO:root:TRAIN measures@10 for class 0 - precision 0.3125 - recall 0.0146 - f1 0.0279 
INFO:root:TRAIN measures@10 for class 1 - precision 0.9467 - recall 0.2662 - f1 0.4155 
INFO:root:TRAIN measures@100 microavg - precision 0.7227 - recall 0.7227 - f1 0.7227 
INFO:root:TRAIN measures@100 for class 0 - precision 0.2391 - recall 0.0641 - f1 0.1011 
INFO:root:TRAIN measures@100 for class 1 - precision 0.7564 - recall 0.9344 - f1 0.8361 
INFO:root:TRAIN measures@1000 microavg - precision 0.7227 - recall 0.7227 - f1 0.7227 
INFO:root:TRAIN measures@1000 for class 0 - precision 0.2391 - recall 0.0641 - f1 0.1011 
INFO:root:TRAIN measures@1000 for class 1 - precision 0.7564 - recall 0.9344 - f1 0.8361 
INFO:root:TRAIN Total epoch time: 0.44016274600016914
INFO:root:################ VALID epoch 10 ###################
INFO:root:VALID mean losses tensor(3.2840)
INFO:root:VALID mean errors 0.24822695553302765
INFO:root:VALID mean MRR 0.0 - mean MAP 0.8529953360557556
INFO:root:VALID tp {0: tensor(1), 1: tensor(211)},fn {0: tensor(68), 1: tensor(2)},fp {0: tensor(2), 1: tensor(68)}
INFO:root:VALID measures microavg - precision 0.7518 - recall 0.7518 - f1 0.7518 
INFO:root:VALID measures for class 0 - precision 0.3333 - recall 0.0145 - f1 0.0278 
INFO:root:VALID measures for class 1 - precision 0.7563 - recall 0.9906 - f1 0.8577 
INFO:root:VALID measures@10 microavg - precision 0.8714 - recall 0.2163 - f1 0.3466 
INFO:root:VALID measures@10 for class 0 - precision 0.7000 - recall 0.1014 - f1 0.1772 
INFO:root:VALID measures@10 for class 1 - precision 0.9000 - recall 0.2535 - f1 0.3956 
INFO:root:VALID measures@100 microavg - precision 0.6525 - recall 0.6525 - f1 0.6525 
INFO:root:VALID measures@100 for class 0 - precision 0.2836 - recall 0.2754 - f1 0.2794 
INFO:root:VALID measures@100 for class 1 - precision 0.7674 - recall 0.7746 - f1 0.7710 
INFO:root:VALID measures@1000 microavg - precision 0.6525 - recall 0.6525 - f1 0.6525 
INFO:root:VALID measures@1000 for class 0 - precision 0.2836 - recall 0.2754 - f1 0.2794 
INFO:root:VALID measures@1000 for class 1 - precision 0.7674 - recall 0.7746 - f1 0.7710 
INFO:root:VALID Total epoch time: 0.04191873499985377
INFO:root:################ TRAIN epoch 11 ###################
INFO:root:TRAIN mean losses tensor(5.6842)
INFO:root:TRAIN mean errors 0.2468085139989853
INFO:root:TRAIN mean MRR 0.0 - mean MAP 0.7975649237632751
INFO:root:TRAIN tp {0: tensor(13), 1: tensor(1049)},fn {0: tensor(330), 1: tensor(18)},fp {0: tensor(18), 1: tensor(330)}
INFO:root:TRAIN measures microavg - precision 0.7532 - recall 0.7532 - f1 0.7532 
INFO:root:TRAIN measures for class 0 - precision 0.4194 - recall 0.0379 - f1 0.0695 
INFO:root:TRAIN measures for class 1 - precision 0.7607 - recall 0.9831 - f1 0.8577 
INFO:root:TRAIN measures@10 microavg - precision 0.8642 - recall 0.1986 - f1 0.3230 
INFO:root:TRAIN measures@10 for class 0 - precision 0.4444 - recall 0.0350 - f1 0.0649 
INFO:root:TRAIN measures@10 for class 1 - precision 0.9024 - recall 0.2512 - f1 0.3930 
INFO:root:TRAIN measures@100 microavg - precision 0.6695 - recall 0.6695 - f1 0.6695 
INFO:root:TRAIN measures@100 for class 0 - precision 0.2530 - recall 0.1837 - f1 0.2128 
INFO:root:TRAIN measures@100 for class 1 - precision 0.7588 - recall 0.8257 - f1 0.7908 
INFO:root:TRAIN measures@1000 microavg - precision 0.6695 - recall 0.6695 - f1 0.6695 
INFO:root:TRAIN measures@1000 for class 0 - precision 0.2530 - recall 0.1837 - f1 0.2128 
INFO:root:TRAIN measures@1000 for class 1 - precision 0.7588 - recall 0.8257 - f1 0.7908 
INFO:root:TRAIN Total epoch time: 0.4084547030001886
INFO:root:################ VALID epoch 11 ###################
INFO:root:VALID mean losses tensor(8.4350)
INFO:root:VALID mean errors 0.24468085169792175
INFO:root:VALID mean MRR 0.0 - mean MAP 0.7578631043434143
INFO:root:VALID tp {0: tensor(0), 1: tensor(213)},fn {0: tensor(69), 1: tensor(0)},fp {0: tensor(0), 1: tensor(69)}
INFO:root:VALID measures microavg - precision 0.7553 - recall 0.7553 - f1 0.7553 
INFO:root:VALID measures for class 0 - precision 0.0000 - recall 0.0000 - f1 0.0000 
INFO:root:VALID measures for class 1 - precision 0.7553 - recall 1.0000 - f1 0.8606 
INFO:root:VALID measures@10 microavg - precision 1.0000 - recall 0.2128 - f1 0.3509 
INFO:root:VALID measures@10 for class 0 - precision 0.0000 - recall 0.0000 - f1 0.0000 
INFO:root:VALID measures@10 for class 1 - precision 1.0000 - recall 0.2817 - f1 0.4396 
INFO:root:VALID measures@100 microavg - precision 0.7553 - recall 0.7553 - f1 0.7553 
INFO:root:VALID measures@100 for class 0 - precision 0.0000 - recall 0.0000 - f1 0.0000 
INFO:root:VALID measures@100 for class 1 - precision 0.7553 - recall 1.0000 - f1 0.8606 
INFO:root:VALID measures@1000 microavg - precision 0.7553 - recall 0.7553 - f1 0.7553 
INFO:root:VALID measures@1000 for class 0 - precision 0.0000 - recall 0.0000 - f1 0.0000 
INFO:root:VALID measures@1000 for class 1 - precision 0.7553 - recall 1.0000 - f1 0.8606 
INFO:root:VALID Total epoch time: 0.0416041270000278
INFO:root:################ TEST epoch 11 ###################
INFO:root:TEST batch 1 / 7 - partial error 0.2128 - partial loss 7.1305 - partial MRR  0.0000 - partial MAP 0.7872
INFO:root:TEST batch 1 / 7 -  partial tp {0: tensor(0), 1: tensor(37)},fn {0: tensor(10), 1: tensor(0)},fp {0: tensor(0), 1: tensor(10)}
INFO:root:TEST batch 1 / 7 - measures partial microavg - precision 0.7872 - recall 0.7872 - f1 0.7872 
INFO:root:TEST batch 1 / 7 - measures partial for class 0 - precision 0.0000 - recall 0.0000 - f1 0.0000 
INFO:root:TEST batch 1 / 7 - measures partial for class 1 - precision 0.7872 - recall 1.0000 - f1 0.8810 
INFO:root:TEST batch 1 / 7 - Batch time 0 
INFO:root:TEST batch 2 / 7 - partial error 0.2340 - partial loss 7.6301 - partial MRR  0.0000 - partial MAP 0.7660
INFO:root:TEST batch 2 / 7 -  partial tp {0: tensor(0), 1: tensor(35)},fn {0: tensor(12), 1: tensor(0)},fp {0: tensor(0), 1: tensor(12)}
INFO:root:TEST batch 2 / 7 - measures partial microavg - precision 0.7447 - recall 0.7447 - f1 0.7447 
INFO:root:TEST batch 2 / 7 - measures partial for class 0 - precision 0.0000 - recall 0.0000 - f1 0.0000 
INFO:root:TEST batch 2 / 7 - measures partial for class 1 - precision 0.7447 - recall 1.0000 - f1 0.8537 
INFO:root:TEST batch 2 / 7 - Batch time 0 
INFO:root:TEST batch 3 / 7 - partial error 0.2553 - partial loss 8.2088 - partial MRR  0.0000 - partial MAP 0.7447
INFO:root:TEST batch 3 / 7 -  partial tp {0: tensor(0), 1: tensor(33)},fn {0: tensor(14), 1: tensor(0)},fp {0: tensor(0), 1: tensor(14)}
INFO:root:TEST batch 3 / 7 - measures partial microavg - precision 0.7021 - recall 0.7021 - f1 0.7021 
INFO:root:TEST batch 3 / 7 - measures partial for class 0 - precision 0.0000 - recall 0.0000 - f1 0.0000 
INFO:root:TEST batch 3 / 7 - measures partial for class 1 - precision 0.7021 - recall 1.0000 - f1 0.8250 
INFO:root:TEST batch 3 / 7 - Batch time 0 
INFO:root:TEST batch 4 / 7 - partial error 0.2553 - partial loss 8.4300 - partial MRR  0.0000 - partial MAP 0.7447
INFO:root:TEST batch 4 / 7 -  partial tp {0: tensor(0), 1: tensor(35)},fn {0: tensor(12), 1: tensor(0)},fp {0: tensor(0), 1: tensor(12)}
INFO:root:TEST batch 4 / 7 - measures partial microavg - precision 0.7447 - recall 0.7447 - f1 0.7447 
INFO:root:TEST batch 4 / 7 - measures partial for class 0 - precision 0.0000 - recall 0.0000 - f1 0.0000 
INFO:root:TEST batch 4 / 7 - measures partial for class 1 - precision 0.7447 - recall 1.0000 - f1 0.8537 
INFO:root:TEST batch 4 / 7 - Batch time 0 
INFO:root:TEST batch 5 / 7 - partial error 0.2638 - partial loss 8.8586 - partial MRR  0.0000 - partial MAP 0.7362
INFO:root:TEST batch 5 / 7 -  partial tp {0: tensor(0), 1: tensor(33)},fn {0: tensor(14), 1: tensor(0)},fp {0: tensor(0), 1: tensor(14)}
INFO:root:TEST batch 5 / 7 - measures partial microavg - precision 0.7021 - recall 0.7021 - f1 0.7021 
INFO:root:TEST batch 5 / 7 - measures partial for class 0 - precision 0.0000 - recall 0.0000 - f1 0.0000 
INFO:root:TEST batch 5 / 7 - measures partial for class 1 - precision 0.7021 - recall 1.0000 - f1 0.8250 
INFO:root:TEST batch 5 / 7 - Batch time 0 
INFO:root:TEST batch 6 / 7 - partial error 0.2660 - partial loss 9.0640 - partial MRR  0.0000 - partial MAP 0.7340
INFO:root:TEST batch 6 / 7 -  partial tp {0: tensor(0), 1: tensor(34)},fn {0: tensor(13), 1: tensor(0)},fp {0: tensor(0), 1: tensor(13)}
INFO:root:TEST batch 6 / 7 - measures partial microavg - precision 0.7234 - recall 0.7234 - f1 0.7234 
INFO:root:TEST batch 6 / 7 - measures partial for class 0 - precision 0.0000 - recall 0.0000 - f1 0.0000 
INFO:root:TEST batch 6 / 7 - measures partial for class 1 - precision 0.7234 - recall 1.0000 - f1 0.8395 
INFO:root:TEST batch 6 / 7 - Batch time 0 
INFO:root:TEST batch 7 / 7 - partial error 0.2736 - partial loss 9.6014 - partial MRR  0.0000 - partial MAP 0.7264
INFO:root:TEST batch 7 / 7 -  partial tp {0: tensor(0), 1: tensor(32)},fn {0: tensor(15), 1: tensor(0)},fp {0: tensor(0), 1: tensor(15)}
INFO:root:TEST batch 7 / 7 - measures partial microavg - precision 0.6809 - recall 0.6809 - f1 0.6809 
INFO:root:TEST batch 7 / 7 - measures partial for class 0 - precision 0.0000 - recall 0.0000 - f1 0.0000 
INFO:root:TEST batch 7 / 7 - measures partial for class 1 - precision 0.6809 - recall 1.0000 - f1 0.8101 
INFO:root:TEST batch 7 / 7 - Batch time 0 
INFO:root:TEST mean losses tensor(9.6014)
INFO:root:TEST mean errors 0.2735562324523926
INFO:root:TEST mean MRR 0.0 - mean MAP 0.7264437675476074
INFO:root:TEST tp {0: tensor(0), 1: tensor(239)},fn {0: tensor(90), 1: tensor(0)},fp {0: tensor(0), 1: tensor(90)}
INFO:root:TEST measures microavg - precision 0.7264 - recall 0.7264 - f1 0.7264 
INFO:root:TEST measures for class 0 - precision 0.0000 - recall 0.0000 - f1 0.0000 
INFO:root:TEST measures for class 1 - precision 0.7264 - recall 1.0000 - f1 0.8415 
INFO:root:TEST measures@10 microavg - precision 1.0000 - recall 0.2128 - f1 0.3509 
INFO:root:TEST measures@10 for class 0 - precision 0.0000 - recall 0.0000 - f1 0.0000 
INFO:root:TEST measures@10 for class 1 - precision 1.0000 - recall 0.2929 - f1 0.4531 
INFO:root:TEST measures@100 microavg - precision 0.7264 - recall 0.7264 - f1 0.7264 
INFO:root:TEST measures@100 for class 0 - precision 0.0000 - recall 0.0000 - f1 0.0000 
INFO:root:TEST measures@100 for class 1 - precision 0.7264 - recall 1.0000 - f1 0.8415 
INFO:root:TEST measures@1000 microavg - precision 0.7264 - recall 0.7264 - f1 0.7264 
INFO:root:TEST measures@1000 for class 0 - precision 0.0000 - recall 0.0000 - f1 0.0000 
INFO:root:TEST measures@1000 for class 1 - precision 0.7264 - recall 1.0000 - f1 0.8415 
INFO:root:TEST Total epoch time: 0.057604239999818674
INFO:root:################ TRAIN epoch 12 ###################
INFO:root:TRAIN mean losses tensor(6.4264)
INFO:root:TRAIN mean errors 0.24964539706707
INFO:root:TRAIN mean MRR 0.0 - mean MAP 0.8020386695861816
INFO:root:TRAIN tp {0: tensor(5), 1: tensor(1053)},fn {0: tensor(338), 1: tensor(14)},fp {0: tensor(14), 1: tensor(338)}
INFO:root:TRAIN measures microavg - precision 0.7504 - recall 0.7504 - f1 0.7504 
INFO:root:TRAIN measures for class 0 - precision 0.2632 - recall 0.0146 - f1 0.0276 
INFO:root:TRAIN measures for class 1 - precision 0.7570 - recall 0.9869 - f1 0.8568 
INFO:root:TRAIN measures@10 microavg - precision 0.9270 - recall 0.2071 - f1 0.3386 
INFO:root:TRAIN measures@10 for class 0 - precision 0.5000 - recall 0.0262 - f1 0.0499 
INFO:root:TRAIN measures@10 for class 1 - precision 0.9529 - recall 0.2652 - f1 0.4150 
INFO:root:TRAIN measures@100 microavg - precision 0.7085 - recall 0.7085 - f1 0.7085 
INFO:root:TRAIN measures@100 for class 0 - precision 0.3046 - recall 0.1545 - f1 0.2050 
INFO:root:TRAIN measures@100 for class 1 - precision 0.7654 - recall 0.8866 - f1 0.8215 
INFO:root:TRAIN measures@1000 microavg - precision 0.7085 - recall 0.7085 - f1 0.7085 
INFO:root:TRAIN measures@1000 for class 0 - precision 0.3046 - recall 0.1545 - f1 0.2050 
INFO:root:TRAIN measures@1000 for class 1 - precision 0.7654 - recall 0.8866 - f1 0.8215 
INFO:root:TRAIN Total epoch time: 0.39109592299973883
INFO:root:################ VALID epoch 12 ###################
INFO:root:VALID mean losses tensor(5.2422)
INFO:root:VALID mean errors 0.24468085169792175
INFO:root:VALID mean MRR 0.0 - mean MAP 0.7934193015098572
INFO:root:VALID tp {0: tensor(0), 1: tensor(213)},fn {0: tensor(69), 1: tensor(0)},fp {0: tensor(0), 1: tensor(69)}
INFO:root:VALID measures microavg - precision 0.7553 - recall 0.7553 - f1 0.7553 
INFO:root:VALID measures for class 0 - precision 0.0000 - recall 0.0000 - f1 0.0000 
INFO:root:VALID measures for class 1 - precision 0.7553 - recall 1.0000 - f1 0.8606 
INFO:root:VALID measures@10 microavg - precision 0.9836 - recall 0.2128 - f1 0.3499 
INFO:root:VALID measures@10 for class 0 - precision 1.0000 - recall 0.0145 - f1 0.0286 
INFO:root:VALID measures@10 for class 1 - precision 0.9833 - recall 0.2770 - f1 0.4322 
INFO:root:VALID measures@100 microavg - precision 0.7163 - recall 0.7163 - f1 0.7163 
INFO:root:VALID measures@100 for class 0 - precision 0.2381 - recall 0.0725 - f1 0.1111 
INFO:root:VALID measures@100 for class 1 - precision 0.7548 - recall 0.9249 - f1 0.8312 
INFO:root:VALID measures@1000 microavg - precision 0.7163 - recall 0.7163 - f1 0.7163 
INFO:root:VALID measures@1000 for class 0 - precision 0.2381 - recall 0.0725 - f1 0.1111 
INFO:root:VALID measures@1000 for class 1 - precision 0.7548 - recall 0.9249 - f1 0.8312 
INFO:root:VALID Total epoch time: 0.03785143599998264
INFO:root:################ TEST epoch 12 ###################
INFO:root:TEST batch 1 / 7 - partial error 0.2128 - partial loss 4.4513 - partial MRR  0.0000 - partial MAP 0.8082
INFO:root:TEST batch 1 / 7 -  partial tp {0: tensor(0), 1: tensor(37)},fn {0: tensor(10), 1: tensor(0)},fp {0: tensor(0), 1: tensor(10)}
INFO:root:TEST batch 1 / 7 - measures partial microavg - precision 0.7872 - recall 0.7872 - f1 0.7872 
INFO:root:TEST batch 1 / 7 - measures partial for class 0 - precision 0.0000 - recall 0.0000 - f1 0.0000 
INFO:root:TEST batch 1 / 7 - measures partial for class 1 - precision 0.7872 - recall 1.0000 - f1 0.8810 
INFO:root:TEST batch 1 / 7 - Batch time 0 
INFO:root:TEST batch 2 / 7 - partial error 0.2340 - partial loss 4.8910 - partial MRR  0.0000 - partial MAP 0.7849
INFO:root:TEST batch 2 / 7 -  partial tp {0: tensor(0), 1: tensor(35)},fn {0: tensor(12), 1: tensor(0)},fp {0: tensor(0), 1: tensor(12)}
INFO:root:TEST batch 2 / 7 - measures partial microavg - precision 0.7447 - recall 0.7447 - f1 0.7447 
INFO:root:TEST batch 2 / 7 - measures partial for class 0 - precision 0.0000 - recall 0.0000 - f1 0.0000 
INFO:root:TEST batch 2 / 7 - measures partial for class 1 - precision 0.7447 - recall 1.0000 - f1 0.8537 
INFO:root:TEST batch 2 / 7 - Batch time 0 
INFO:root:TEST batch 3 / 7 - partial error 0.2553 - partial loss 5.0508 - partial MRR  0.0000 - partial MAP 0.7781
INFO:root:TEST batch 3 / 7 -  partial tp {0: tensor(0), 1: tensor(33)},fn {0: tensor(14), 1: tensor(0)},fp {0: tensor(0), 1: tensor(14)}
INFO:root:TEST batch 3 / 7 - measures partial microavg - precision 0.7021 - recall 0.7021 - f1 0.7021 
INFO:root:TEST batch 3 / 7 - measures partial for class 0 - precision 0.0000 - recall 0.0000 - f1 0.0000 
INFO:root:TEST batch 3 / 7 - measures partial for class 1 - precision 0.7021 - recall 1.0000 - f1 0.8250 
INFO:root:TEST batch 3 / 7 - Batch time 0 
INFO:root:TEST batch 4 / 7 - partial error 0.2553 - partial loss 5.0296 - partial MRR  0.0000 - partial MAP 0.7782
INFO:root:TEST batch 4 / 7 -  partial tp {0: tensor(0), 1: tensor(35)},fn {0: tensor(12), 1: tensor(0)},fp {0: tensor(0), 1: tensor(12)}
INFO:root:TEST batch 4 / 7 - measures partial microavg - precision 0.7447 - recall 0.7447 - f1 0.7447 
INFO:root:TEST batch 4 / 7 - measures partial for class 0 - precision 0.0000 - recall 0.0000 - f1 0.0000 
INFO:root:TEST batch 4 / 7 - measures partial for class 1 - precision 0.7447 - recall 1.0000 - f1 0.8537 
INFO:root:TEST batch 4 / 7 - Batch time 0 
INFO:root:TEST batch 5 / 7 - partial error 0.2638 - partial loss 5.2610 - partial MRR  0.0000 - partial MAP 0.7686
INFO:root:TEST batch 5 / 7 -  partial tp {0: tensor(0), 1: tensor(33)},fn {0: tensor(14), 1: tensor(0)},fp {0: tensor(0), 1: tensor(14)}
INFO:root:TEST batch 5 / 7 - measures partial microavg - precision 0.7021 - recall 0.7021 - f1 0.7021 
INFO:root:TEST batch 5 / 7 - measures partial for class 0 - precision 0.0000 - recall 0.0000 - f1 0.0000 
INFO:root:TEST batch 5 / 7 - measures partial for class 1 - precision 0.7021 - recall 1.0000 - f1 0.8250 
INFO:root:TEST batch 5 / 7 - Batch time 0 
INFO:root:TEST batch 6 / 7 - partial error 0.2660 - partial loss 5.4131 - partial MRR  0.0000 - partial MAP 0.7649
INFO:root:TEST batch 6 / 7 -  partial tp {0: tensor(0), 1: tensor(34)},fn {0: tensor(13), 1: tensor(0)},fp {0: tensor(0), 1: tensor(13)}
INFO:root:TEST batch 6 / 7 - measures partial microavg - precision 0.7234 - recall 0.7234 - f1 0.7234 
INFO:root:TEST batch 6 / 7 - measures partial for class 0 - precision 0.0000 - recall 0.0000 - f1 0.0000 
INFO:root:TEST batch 6 / 7 - measures partial for class 1 - precision 0.7234 - recall 1.0000 - f1 0.8395 
INFO:root:TEST batch 6 / 7 - Batch time 0 
INFO:root:TEST batch 7 / 7 - partial error 0.2736 - partial loss 5.5938 - partial MRR  0.0000 - partial MAP 0.7622
INFO:root:TEST batch 7 / 7 -  partial tp {0: tensor(0), 1: tensor(32)},fn {0: tensor(15), 1: tensor(0)},fp {0: tensor(0), 1: tensor(15)}
INFO:root:TEST batch 7 / 7 - measures partial microavg - precision 0.6809 - recall 0.6809 - f1 0.6809 
INFO:root:TEST batch 7 / 7 - measures partial for class 0 - precision 0.0000 - recall 0.0000 - f1 0.0000 
INFO:root:TEST batch 7 / 7 - measures partial for class 1 - precision 0.6809 - recall 1.0000 - f1 0.8101 
INFO:root:TEST batch 7 / 7 - Batch time 0 
INFO:root:TEST mean losses tensor(5.5938)
INFO:root:TEST mean errors 0.2735562324523926
INFO:root:TEST mean MRR 0.0 - mean MAP 0.7622300982475281
INFO:root:TEST tp {0: tensor(0), 1: tensor(239)},fn {0: tensor(90), 1: tensor(0)},fp {0: tensor(0), 1: tensor(90)}
INFO:root:TEST measures microavg - precision 0.7264 - recall 0.7264 - f1 0.7264 
INFO:root:TEST measures for class 0 - precision 0.0000 - recall 0.0000 - f1 0.0000 
INFO:root:TEST measures for class 1 - precision 0.7264 - recall 1.0000 - f1 0.8415 
INFO:root:TEST measures@10 microavg - precision 0.9437 - recall 0.2036 - f1 0.3350 
INFO:root:TEST measures@10 for class 0 - precision 1.0000 - recall 0.0111 - f1 0.0220 
INFO:root:TEST measures@10 for class 1 - precision 0.9429 - recall 0.2762 - f1 0.4272 
INFO:root:TEST measures@100 microavg - precision 0.6900 - recall 0.6900 - f1 0.6900 
INFO:root:TEST measures@100 for class 0 - precision 0.2692 - recall 0.0778 - f1 0.1207 
INFO:root:TEST measures@100 for class 1 - precision 0.7261 - recall 0.9205 - f1 0.8118 
INFO:root:TEST measures@1000 microavg - precision 0.6900 - recall 0.6900 - f1 0.6900 
INFO:root:TEST measures@1000 for class 0 - precision 0.2692 - recall 0.0778 - f1 0.1207 
INFO:root:TEST measures@1000 for class 1 - precision 0.7261 - recall 0.9205 - f1 0.8118 
INFO:root:TEST Total epoch time: 0.05204984900001364
INFO:root:################ TRAIN epoch 13 ###################
INFO:root:TRAIN mean losses tensor(3.1330)
INFO:root:TRAIN mean errors 0.25248226523399353
INFO:root:TRAIN mean MRR 0.0 - mean MAP 0.8617708683013916
INFO:root:TRAIN tp {0: tensor(3), 1: tensor(1051)},fn {0: tensor(340), 1: tensor(16)},fp {0: tensor(16), 1: tensor(340)}
INFO:root:TRAIN measures microavg - precision 0.7475 - recall 0.7475 - f1 0.7475 
INFO:root:TRAIN measures for class 0 - precision 0.1579 - recall 0.0087 - f1 0.0166 
INFO:root:TRAIN measures for class 1 - precision 0.7556 - recall 0.9850 - f1 0.8552 
INFO:root:TRAIN measures@10 microavg - precision 0.8834 - recall 0.2043 - f1 0.3318 
INFO:root:TRAIN measures@10 for class 0 - precision 0.3846 - recall 0.0292 - f1 0.0542 
INFO:root:TRAIN measures@10 for class 1 - precision 0.9267 - recall 0.2605 - f1 0.4067 
INFO:root:TRAIN measures@100 microavg - precision 0.6305 - recall 0.6305 - f1 0.6305 
INFO:root:TRAIN measures@100 for class 0 - precision 0.2541 - recall 0.2682 - f1 0.2610 
INFO:root:TRAIN measures@100 for class 1 - precision 0.7605 - recall 0.7470 - f1 0.7537 
INFO:root:TRAIN measures@1000 microavg - precision 0.6305 - recall 0.6305 - f1 0.6305 
INFO:root:TRAIN measures@1000 for class 0 - precision 0.2541 - recall 0.2682 - f1 0.2610 
INFO:root:TRAIN measures@1000 for class 1 - precision 0.7605 - recall 0.7470 - f1 0.7537 
INFO:root:TRAIN Total epoch time: 0.47327595199976713
INFO:root:################ VALID epoch 13 ###################
INFO:root:VALID mean losses tensor(2.3359)
INFO:root:VALID mean errors 0.24468085169792175
INFO:root:VALID mean MRR 0.0 - mean MAP 0.891217052936554
INFO:root:VALID tp {0: tensor(0), 1: tensor(213)},fn {0: tensor(69), 1: tensor(0)},fp {0: tensor(0), 1: tensor(69)}
INFO:root:VALID measures microavg - precision 0.7553 - recall 0.7553 - f1 0.7553 
INFO:root:VALID measures for class 0 - precision 0.0000 - recall 0.0000 - f1 0.0000 
INFO:root:VALID measures for class 1 - precision 0.7553 - recall 1.0000 - f1 0.8606 
INFO:root:VALID measures@10 microavg - precision 0.8167 - recall 0.1738 - f1 0.2865 
INFO:root:VALID measures@10 for class 0 - precision 0.0000 - recall 0.0000 - f1 0.0000 
INFO:root:VALID measures@10 for class 1 - precision 0.8167 - recall 0.2300 - f1 0.3590 
INFO:root:VALID measures@100 microavg - precision 0.6738 - recall 0.6738 - f1 0.6738 
INFO:root:VALID measures@100 for class 0 - precision 0.2745 - recall 0.2029 - f1 0.2333 
INFO:root:VALID measures@100 for class 1 - precision 0.7619 - recall 0.8263 - f1 0.7928 
INFO:root:VALID measures@1000 microavg - precision 0.6738 - recall 0.6738 - f1 0.6738 
INFO:root:VALID measures@1000 for class 0 - precision 0.2745 - recall 0.2029 - f1 0.2333 
INFO:root:VALID measures@1000 for class 1 - precision 0.7619 - recall 0.8263 - f1 0.7928 
INFO:root:VALID Total epoch time: 0.03861257900007331
INFO:root:################ TEST epoch 13 ###################
INFO:root:TEST batch 1 / 7 - partial error 0.2128 - partial loss 2.0137 - partial MRR  0.0000 - partial MAP 0.9400
INFO:root:TEST batch 1 / 7 -  partial tp {0: tensor(1), 1: tensor(36)},fn {0: tensor(9), 1: tensor(1)},fp {0: tensor(1), 1: tensor(9)}
INFO:root:TEST batch 1 / 7 - measures partial microavg - precision 0.7872 - recall 0.7872 - f1 0.7872 
INFO:root:TEST batch 1 / 7 - measures partial for class 0 - precision 0.5000 - recall 0.1000 - f1 0.1667 
INFO:root:TEST batch 1 / 7 - measures partial for class 1 - precision 0.8000 - recall 0.9730 - f1 0.8780 
INFO:root:TEST batch 1 / 7 - Batch time 0 
INFO:root:TEST batch 2 / 7 - partial error 0.2340 - partial loss 2.4972 - partial MRR  0.0000 - partial MAP 0.8887
INFO:root:TEST batch 2 / 7 -  partial tp {0: tensor(0), 1: tensor(35)},fn {0: tensor(12), 1: tensor(0)},fp {0: tensor(0), 1: tensor(12)}
INFO:root:TEST batch 2 / 7 - measures partial microavg - precision 0.7447 - recall 0.7447 - f1 0.7447 
INFO:root:TEST batch 2 / 7 - measures partial for class 0 - precision 0.0000 - recall 0.0000 - f1 0.0000 
INFO:root:TEST batch 2 / 7 - measures partial for class 1 - precision 0.7447 - recall 1.0000 - f1 0.8537 
INFO:root:TEST batch 2 / 7 - Batch time 0 
INFO:root:TEST batch 3 / 7 - partial error 0.2553 - partial loss 2.7379 - partial MRR  0.0000 - partial MAP 0.8956
INFO:root:TEST batch 3 / 7 -  partial tp {0: tensor(0), 1: tensor(33)},fn {0: tensor(14), 1: tensor(0)},fp {0: tensor(0), 1: tensor(14)}
INFO:root:TEST batch 3 / 7 - measures partial microavg - precision 0.7021 - recall 0.7021 - f1 0.7021 
INFO:root:TEST batch 3 / 7 - measures partial for class 0 - precision 0.0000 - recall 0.0000 - f1 0.0000 
INFO:root:TEST batch 3 / 7 - measures partial for class 1 - precision 0.7021 - recall 1.0000 - f1 0.8250 
INFO:root:TEST batch 3 / 7 - Batch time 0 
INFO:root:TEST batch 4 / 7 - partial error 0.2553 - partial loss 2.6508 - partial MRR  0.0000 - partial MAP 0.9042
INFO:root:TEST batch 4 / 7 -  partial tp {0: tensor(0), 1: tensor(35)},fn {0: tensor(12), 1: tensor(0)},fp {0: tensor(0), 1: tensor(12)}
INFO:root:TEST batch 4 / 7 - measures partial microavg - precision 0.7447 - recall 0.7447 - f1 0.7447 
INFO:root:TEST batch 4 / 7 - measures partial for class 0 - precision 0.0000 - recall 0.0000 - f1 0.0000 
INFO:root:TEST batch 4 / 7 - measures partial for class 1 - precision 0.7447 - recall 1.0000 - f1 0.8537 
INFO:root:TEST batch 4 / 7 - Batch time 0 
INFO:root:TEST batch 5 / 7 - partial error 0.2596 - partial loss 2.6551 - partial MRR  0.0000 - partial MAP 0.8858
INFO:root:TEST batch 5 / 7 -  partial tp {0: tensor(1), 1: tensor(33)},fn {0: tensor(13), 1: tensor(0)},fp {0: tensor(0), 1: tensor(13)}
INFO:root:TEST batch 5 / 7 - measures partial microavg - precision 0.7234 - recall 0.7234 - f1 0.7234 
INFO:root:TEST batch 5 / 7 - measures partial for class 0 - precision 1.0000 - recall 0.0714 - f1 0.1333 
INFO:root:TEST batch 5 / 7 - measures partial for class 1 - precision 0.7174 - recall 1.0000 - f1 0.8354 
INFO:root:TEST batch 5 / 7 - Batch time 0 
INFO:root:TEST batch 6 / 7 - partial error 0.2624 - partial loss 2.5703 - partial MRR  0.0000 - partial MAP 0.8893
INFO:root:TEST batch 6 / 7 -  partial tp {0: tensor(0), 1: tensor(34)},fn {0: tensor(13), 1: tensor(0)},fp {0: tensor(0), 1: tensor(13)}
INFO:root:TEST batch 6 / 7 - measures partial microavg - precision 0.7234 - recall 0.7234 - f1 0.7234 
INFO:root:TEST batch 6 / 7 - measures partial for class 0 - precision 0.0000 - recall 0.0000 - f1 0.0000 
INFO:root:TEST batch 6 / 7 - measures partial for class 1 - precision 0.7234 - recall 1.0000 - f1 0.8395 
INFO:root:TEST batch 6 / 7 - Batch time 0 
INFO:root:TEST batch 7 / 7 - partial error 0.2705 - partial loss 2.6568 - partial MRR  0.0000 - partial MAP 0.8802
INFO:root:TEST batch 7 / 7 -  partial tp {0: tensor(0), 1: tensor(32)},fn {0: tensor(15), 1: tensor(0)},fp {0: tensor(0), 1: tensor(15)}
INFO:root:TEST batch 7 / 7 - measures partial microavg - precision 0.6809 - recall 0.6809 - f1 0.6809 
INFO:root:TEST batch 7 / 7 - measures partial for class 0 - precision 0.0000 - recall 0.0000 - f1 0.0000 
INFO:root:TEST batch 7 / 7 - measures partial for class 1 - precision 0.6809 - recall 1.0000 - f1 0.8101 
INFO:root:TEST batch 7 / 7 - Batch time 0 
INFO:root:TEST mean losses tensor(2.6568)
INFO:root:TEST mean errors 0.2705167233943939
INFO:root:TEST mean MRR 0.0 - mean MAP 0.8802233934402466
INFO:root:TEST tp {0: tensor(2), 1: tensor(238)},fn {0: tensor(88), 1: tensor(1)},fp {0: tensor(1), 1: tensor(88)}
INFO:root:TEST measures microavg - precision 0.7295 - recall 0.7295 - f1 0.7295 
INFO:root:TEST measures for class 0 - precision 0.6667 - recall 0.0222 - f1 0.0430 
INFO:root:TEST measures for class 1 - precision 0.7301 - recall 0.9958 - f1 0.8425 
INFO:root:TEST measures@10 microavg - precision 0.8592 - recall 0.1854 - f1 0.3050 
INFO:root:TEST measures@10 for class 0 - precision 1.0000 - recall 0.0111 - f1 0.0220 
INFO:root:TEST measures@10 for class 1 - precision 0.8571 - recall 0.2510 - f1 0.3883 
INFO:root:TEST measures@100 microavg - precision 0.6140 - recall 0.6140 - f1 0.6140 
INFO:root:TEST measures@100 for class 0 - precision 0.2967 - recall 0.3000 - f1 0.2983 
INFO:root:TEST measures@100 for class 1 - precision 0.7353 - recall 0.7322 - f1 0.7338 
INFO:root:TEST measures@1000 microavg - precision 0.6140 - recall 0.6140 - f1 0.6140 
INFO:root:TEST measures@1000 for class 0 - precision 0.2967 - recall 0.3000 - f1 0.2983 
INFO:root:TEST measures@1000 for class 1 - precision 0.7353 - recall 0.7322 - f1 0.7338 
INFO:root:TEST Total epoch time: 0.05276419799974974
INFO:root:################ TRAIN epoch 14 ###################
INFO:root:TRAIN mean losses tensor(4.8026)
INFO:root:TRAIN mean errors 0.24539007246494293
INFO:root:TRAIN mean MRR 0.0 - mean MAP 0.8165175914764404
INFO:root:TRAIN tp {0: tensor(9), 1: tensor(1055)},fn {0: tensor(334), 1: tensor(12)},fp {0: tensor(12), 1: tensor(334)}
INFO:root:TRAIN measures microavg - precision 0.7546 - recall 0.7546 - f1 0.7546 
INFO:root:TRAIN measures for class 0 - precision 0.4286 - recall 0.0262 - f1 0.0495 
INFO:root:TRAIN measures for class 1 - precision 0.7595 - recall 0.9888 - f1 0.8591 
INFO:root:TRAIN measures@10 microavg - precision 0.9377 - recall 0.2028 - f1 0.3335 
INFO:root:TRAIN measures@10 for class 0 - precision 0.6000 - recall 0.0087 - f1 0.0172 
INFO:root:TRAIN measures@10 for class 1 - precision 0.9433 - recall 0.2652 - f1 0.4140 
INFO:root:TRAIN measures@100 microavg - precision 0.6894 - recall 0.6894 - f1 0.6894 
INFO:root:TRAIN measures@100 for class 0 - precision 0.2660 - recall 0.1574 - f1 0.1978 
INFO:root:TRAIN measures@100 for class 1 - precision 0.7606 - recall 0.8604 - f1 0.8074 
INFO:root:TRAIN measures@1000 microavg - precision 0.6894 - recall 0.6894 - f1 0.6894 
INFO:root:TRAIN measures@1000 for class 0 - precision 0.2660 - recall 0.1574 - f1 0.1978 
INFO:root:TRAIN measures@1000 for class 1 - precision 0.7606 - recall 0.8604 - f1 0.8074 
INFO:root:TRAIN Total epoch time: 0.38184601500006465
INFO:root:################ VALID epoch 14 ###################
INFO:root:VALID mean losses tensor(2.2962)
INFO:root:VALID mean errors 0.24113474786281586
INFO:root:VALID mean MRR 0.0 - mean MAP 0.8760045170783997
INFO:root:VALID tp {0: tensor(6), 1: tensor(208)},fn {0: tensor(63), 1: tensor(5)},fp {0: tensor(5), 1: tensor(63)}
INFO:root:VALID measures microavg - precision 0.7589 - recall 0.7589 - f1 0.7589 
INFO:root:VALID measures for class 0 - precision 0.5455 - recall 0.0870 - f1 0.1500 
INFO:root:VALID measures for class 1 - precision 0.7675 - recall 0.9765 - f1 0.8595 
INFO:root:VALID measures@10 microavg - precision 0.8226 - recall 0.1809 - f1 0.2965 
INFO:root:VALID measures@10 for class 0 - precision 0.5000 - recall 0.0145 - f1 0.0282 
INFO:root:VALID measures@10 for class 1 - precision 0.8333 - recall 0.2347 - f1 0.3663 
INFO:root:VALID measures@100 microavg - precision 0.6099 - recall 0.6099 - f1 0.6099 
INFO:root:VALID measures@100 for class 0 - precision 0.2796 - recall 0.3768 - f1 0.3210 
INFO:root:VALID measures@100 for class 1 - precision 0.7725 - recall 0.6854 - f1 0.7264 
INFO:root:VALID measures@1000 microavg - precision 0.6099 - recall 0.6099 - f1 0.6099 
INFO:root:VALID measures@1000 for class 0 - precision 0.2796 - recall 0.3768 - f1 0.3210 
INFO:root:VALID measures@1000 for class 1 - precision 0.7725 - recall 0.6854 - f1 0.7264 
INFO:root:VALID Total epoch time: 0.03830607999998392
INFO:root:################ TRAIN epoch 15 ###################
INFO:root:TRAIN mean losses tensor(9.3877)
INFO:root:TRAIN mean errors 0.25531914830207825
INFO:root:TRAIN mean MRR 0.0 - mean MAP 0.7841119170188904
INFO:root:TRAIN tp {0: tensor(9), 1: tensor(1041)},fn {0: tensor(334), 1: tensor(26)},fp {0: tensor(26), 1: tensor(334)}
INFO:root:TRAIN measures microavg - precision 0.7447 - recall 0.7447 - f1 0.7447 
INFO:root:TRAIN measures for class 0 - precision 0.2571 - recall 0.0262 - f1 0.0476 
INFO:root:TRAIN measures for class 1 - precision 0.7571 - recall 0.9756 - f1 0.8526 
INFO:root:TRAIN measures@10 microavg - precision 0.9475 - recall 0.2050 - f1 0.3370 
INFO:root:TRAIN measures@10 for class 0 - precision 0.3000 - recall 0.0087 - f1 0.0170 
INFO:root:TRAIN measures@10 for class 1 - precision 0.9695 - recall 0.2680 - f1 0.4200 
INFO:root:TRAIN measures@100 microavg - precision 0.7191 - recall 0.7191 - f1 0.7191 
INFO:root:TRAIN measures@100 for class 0 - precision 0.2913 - recall 0.1079 - f1 0.1574 
INFO:root:TRAIN measures@100 for class 1 - precision 0.7615 - recall 0.9157 - f1 0.8315 
INFO:root:TRAIN measures@1000 microavg - precision 0.7191 - recall 0.7191 - f1 0.7191 
INFO:root:TRAIN measures@1000 for class 0 - precision 0.2913 - recall 0.1079 - f1 0.1574 
INFO:root:TRAIN measures@1000 for class 1 - precision 0.7615 - recall 0.9157 - f1 0.8315 
INFO:root:TRAIN Total epoch time: 0.4168207210000219
INFO:root:################ VALID epoch 15 ###################
INFO:root:VALID mean losses tensor(9.1662)
INFO:root:VALID mean errors 0.24468085169792175
INFO:root:VALID mean MRR 0.0 - mean MAP 0.7553191781044006
INFO:root:VALID tp {0: tensor(0), 1: tensor(213)},fn {0: tensor(69), 1: tensor(0)},fp {0: tensor(0), 1: tensor(69)}
INFO:root:VALID measures microavg - precision 0.7553 - recall 0.7553 - f1 0.7553 
INFO:root:VALID measures for class 0 - precision 0.0000 - recall 0.0000 - f1 0.0000 
INFO:root:VALID measures for class 1 - precision 0.7553 - recall 1.0000 - f1 0.8606 
INFO:root:VALID measures@10 microavg - precision 1.0000 - recall 0.2128 - f1 0.3509 
INFO:root:VALID measures@10 for class 0 - precision 0.0000 - recall 0.0000 - f1 0.0000 
INFO:root:VALID measures@10 for class 1 - precision 1.0000 - recall 0.2817 - f1 0.4396 
INFO:root:VALID measures@100 microavg - precision 0.7553 - recall 0.7553 - f1 0.7553 
INFO:root:VALID measures@100 for class 0 - precision 0.0000 - recall 0.0000 - f1 0.0000 
INFO:root:VALID measures@100 for class 1 - precision 0.7553 - recall 1.0000 - f1 0.8606 
INFO:root:VALID measures@1000 microavg - precision 0.7553 - recall 0.7553 - f1 0.7553 
INFO:root:VALID measures@1000 for class 0 - precision 0.0000 - recall 0.0000 - f1 0.0000 
INFO:root:VALID measures@1000 for class 1 - precision 0.7553 - recall 1.0000 - f1 0.8606 
INFO:root:VALID Total epoch time: 0.04083431199978804
INFO:root:################ TEST epoch 15 ###################
INFO:root:TEST batch 1 / 7 - partial error 0.2128 - partial loss 6.6142 - partial MRR  0.0000 - partial MAP 0.7872
INFO:root:TEST batch 1 / 7 -  partial tp {0: tensor(0), 1: tensor(37)},fn {0: tensor(10), 1: tensor(0)},fp {0: tensor(0), 1: tensor(10)}
INFO:root:TEST batch 1 / 7 - measures partial microavg - precision 0.7872 - recall 0.7872 - f1 0.7872 
INFO:root:TEST batch 1 / 7 - measures partial for class 0 - precision 0.0000 - recall 0.0000 - f1 0.0000 
INFO:root:TEST batch 1 / 7 - measures partial for class 1 - precision 0.7872 - recall 1.0000 - f1 0.8810 
INFO:root:TEST batch 1 / 7 - Batch time 0 
INFO:root:TEST batch 2 / 7 - partial error 0.2340 - partial loss 7.5417 - partial MRR  0.0000 - partial MAP 0.7660
INFO:root:TEST batch 2 / 7 -  partial tp {0: tensor(0), 1: tensor(35)},fn {0: tensor(12), 1: tensor(0)},fp {0: tensor(0), 1: tensor(12)}
INFO:root:TEST batch 2 / 7 - measures partial microavg - precision 0.7447 - recall 0.7447 - f1 0.7447 
INFO:root:TEST batch 2 / 7 - measures partial for class 0 - precision 0.0000 - recall 0.0000 - f1 0.0000 
INFO:root:TEST batch 2 / 7 - measures partial for class 1 - precision 0.7447 - recall 1.0000 - f1 0.8537 
INFO:root:TEST batch 2 / 7 - Batch time 0 
INFO:root:TEST batch 3 / 7 - partial error 0.2553 - partial loss 8.1796 - partial MRR  0.0000 - partial MAP 0.7447
INFO:root:TEST batch 3 / 7 -  partial tp {0: tensor(0), 1: tensor(33)},fn {0: tensor(14), 1: tensor(0)},fp {0: tensor(0), 1: tensor(14)}
INFO:root:TEST batch 3 / 7 - measures partial microavg - precision 0.7021 - recall 0.7021 - f1 0.7021 
INFO:root:TEST batch 3 / 7 - measures partial for class 0 - precision 0.0000 - recall 0.0000 - f1 0.0000 
INFO:root:TEST batch 3 / 7 - measures partial for class 1 - precision 0.7021 - recall 1.0000 - f1 0.8250 
INFO:root:TEST batch 3 / 7 - Batch time 0 
INFO:root:TEST batch 4 / 7 - partial error 0.2553 - partial loss 8.5872 - partial MRR  0.0000 - partial MAP 0.7447
INFO:root:TEST batch 4 / 7 -  partial tp {0: tensor(0), 1: tensor(35)},fn {0: tensor(12), 1: tensor(0)},fp {0: tensor(0), 1: tensor(12)}
INFO:root:TEST batch 4 / 7 - measures partial microavg - precision 0.7447 - recall 0.7447 - f1 0.7447 
INFO:root:TEST batch 4 / 7 - measures partial for class 0 - precision 0.0000 - recall 0.0000 - f1 0.0000 
INFO:root:TEST batch 4 / 7 - measures partial for class 1 - precision 0.7447 - recall 1.0000 - f1 0.8537 
INFO:root:TEST batch 4 / 7 - Batch time 0 
INFO:root:TEST batch 5 / 7 - partial error 0.2638 - partial loss 9.0714 - partial MRR  0.0000 - partial MAP 0.7362
INFO:root:TEST batch 5 / 7 -  partial tp {0: tensor(0), 1: tensor(33)},fn {0: tensor(14), 1: tensor(0)},fp {0: tensor(0), 1: tensor(14)}
INFO:root:TEST batch 5 / 7 - measures partial microavg - precision 0.7021 - recall 0.7021 - f1 0.7021 
INFO:root:TEST batch 5 / 7 - measures partial for class 0 - precision 0.0000 - recall 0.0000 - f1 0.0000 
INFO:root:TEST batch 5 / 7 - measures partial for class 1 - precision 0.7021 - recall 1.0000 - f1 0.8250 
INFO:root:TEST batch 5 / 7 - Batch time 0 
INFO:root:TEST batch 6 / 7 - partial error 0.2660 - partial loss 9.2865 - partial MRR  0.0000 - partial MAP 0.7340
INFO:root:TEST batch 6 / 7 -  partial tp {0: tensor(0), 1: tensor(34)},fn {0: tensor(13), 1: tensor(0)},fp {0: tensor(0), 1: tensor(13)}
INFO:root:TEST batch 6 / 7 - measures partial microavg - precision 0.7234 - recall 0.7234 - f1 0.7234 
INFO:root:TEST batch 6 / 7 - measures partial for class 0 - precision 0.0000 - recall 0.0000 - f1 0.0000 
INFO:root:TEST batch 6 / 7 - measures partial for class 1 - precision 0.7234 - recall 1.0000 - f1 0.8395 
INFO:root:TEST batch 6 / 7 - Batch time 0 
INFO:root:TEST batch 7 / 7 - partial error 0.2736 - partial loss 9.5696 - partial MRR  0.0000 - partial MAP 0.7264
INFO:root:TEST batch 7 / 7 -  partial tp {0: tensor(0), 1: tensor(32)},fn {0: tensor(15), 1: tensor(0)},fp {0: tensor(0), 1: tensor(15)}
INFO:root:TEST batch 7 / 7 - measures partial microavg - precision 0.6809 - recall 0.6809 - f1 0.6809 
INFO:root:TEST batch 7 / 7 - measures partial for class 0 - precision 0.0000 - recall 0.0000 - f1 0.0000 
INFO:root:TEST batch 7 / 7 - measures partial for class 1 - precision 0.6809 - recall 1.0000 - f1 0.8101 
INFO:root:TEST batch 7 / 7 - Batch time 0 
INFO:root:TEST mean losses tensor(9.5696)
INFO:root:TEST mean errors 0.2735562324523926
INFO:root:TEST mean MRR 0.0 - mean MAP 0.7264437675476074
INFO:root:TEST tp {0: tensor(0), 1: tensor(239)},fn {0: tensor(90), 1: tensor(0)},fp {0: tensor(0), 1: tensor(90)}
INFO:root:TEST measures microavg - precision 0.7264 - recall 0.7264 - f1 0.7264 
INFO:root:TEST measures for class 0 - precision 0.0000 - recall 0.0000 - f1 0.0000 
INFO:root:TEST measures for class 1 - precision 0.7264 - recall 1.0000 - f1 0.8415 
INFO:root:TEST measures@10 microavg - precision 0.9714 - recall 0.2067 - f1 0.3409 
INFO:root:TEST measures@10 for class 0 - precision 0.0000 - recall 0.0000 - f1 0.0000 
INFO:root:TEST measures@10 for class 1 - precision 0.9714 - recall 0.2845 - f1 0.4401 
INFO:root:TEST measures@100 microavg - precision 0.7295 - recall 0.7295 - f1 0.7295 
INFO:root:TEST measures@100 for class 0 - precision 0.6667 - recall 0.0222 - f1 0.0430 
INFO:root:TEST measures@100 for class 1 - precision 0.7301 - recall 0.9958 - f1 0.8425 
INFO:root:TEST measures@1000 microavg - precision 0.7295 - recall 0.7295 - f1 0.7295 
INFO:root:TEST measures@1000 for class 0 - precision 0.6667 - recall 0.0222 - f1 0.0430 
INFO:root:TEST measures@1000 for class 1 - precision 0.7301 - recall 0.9958 - f1 0.8425 
INFO:root:TEST Total epoch time: 0.05518923299996459
INFO:root:################ TRAIN epoch 16 ###################
INFO:root:TRAIN mean losses tensor(4.8004)
INFO:root:TRAIN mean errors 0.25106382369995117
INFO:root:TRAIN mean MRR 0.0 - mean MAP 0.8219769597053528
INFO:root:TRAIN tp {0: tensor(4), 1: tensor(1052)},fn {0: tensor(339), 1: tensor(15)},fp {0: tensor(15), 1: tensor(339)}
INFO:root:TRAIN measures microavg - precision 0.7489 - recall 0.7489 - f1 0.7489 
INFO:root:TRAIN measures for class 0 - precision 0.2105 - recall 0.0117 - f1 0.0221 
INFO:root:TRAIN measures for class 1 - precision 0.7563 - recall 0.9859 - f1 0.8560 
INFO:root:TRAIN measures@10 microavg - precision 0.8621 - recall 0.1950 - f1 0.3181 
INFO:root:TRAIN measures@10 for class 0 - precision 0.2632 - recall 0.0146 - f1 0.0276 
INFO:root:TRAIN measures@10 for class 1 - precision 0.9000 - recall 0.2530 - f1 0.3950 
INFO:root:TRAIN measures@100 microavg - precision 0.6298 - recall 0.6298 - f1 0.6298 
INFO:root:TRAIN measures@100 for class 0 - precision 0.2085 - recall 0.1866 - f1 0.1969 
INFO:root:TRAIN measures@100 for class 1 - precision 0.7471 - recall 0.7723 - f1 0.7594 
INFO:root:TRAIN measures@1000 microavg - precision 0.6298 - recall 0.6298 - f1 0.6298 
INFO:root:TRAIN measures@1000 for class 0 - precision 0.2085 - recall 0.1866 - f1 0.1969 
INFO:root:TRAIN measures@1000 for class 1 - precision 0.7471 - recall 0.7723 - f1 0.7594 
INFO:root:TRAIN Total epoch time: 0.3960258890001569
INFO:root:################ VALID epoch 16 ###################
INFO:root:VALID mean losses tensor(3.2934)
INFO:root:VALID mean errors 0.24468085169792175
INFO:root:VALID mean MRR 0.0 - mean MAP 0.8800569772720337
INFO:root:VALID tp {0: tensor(0), 1: tensor(213)},fn {0: tensor(69), 1: tensor(0)},fp {0: tensor(0), 1: tensor(69)}
INFO:root:VALID measures microavg - precision 0.7553 - recall 0.7553 - f1 0.7553 
INFO:root:VALID measures for class 0 - precision 0.0000 - recall 0.0000 - f1 0.0000 
INFO:root:VALID measures for class 1 - precision 0.7553 - recall 1.0000 - f1 0.8606 
INFO:root:VALID measures@10 microavg - precision 0.8923 - recall 0.2057 - f1 0.3343 
INFO:root:VALID measures@10 for class 0 - precision 0.6000 - recall 0.0435 - f1 0.0811 
INFO:root:VALID measures@10 for class 1 - precision 0.9167 - recall 0.2582 - f1 0.4029 
INFO:root:VALID measures@100 microavg - precision 0.6738 - recall 0.6738 - f1 0.6738 
INFO:root:VALID measures@100 for class 0 - precision 0.3333 - recall 0.3333 - f1 0.3333 
INFO:root:VALID measures@100 for class 1 - precision 0.7840 - recall 0.7840 - f1 0.7840 
INFO:root:VALID measures@1000 microavg - precision 0.6738 - recall 0.6738 - f1 0.6738 
INFO:root:VALID measures@1000 for class 0 - precision 0.3333 - recall 0.3333 - f1 0.3333 
INFO:root:VALID measures@1000 for class 1 - precision 0.7840 - recall 0.7840 - f1 0.7840 
INFO:root:VALID Total epoch time: 0.04015169900003457
INFO:root:################ TEST epoch 16 ###################
INFO:root:TEST batch 1 / 7 - partial error 0.2128 - partial loss 2.1831 - partial MRR  0.0000 - partial MAP 0.8966
INFO:root:TEST batch 1 / 7 -  partial tp {0: tensor(0), 1: tensor(37)},fn {0: tensor(10), 1: tensor(0)},fp {0: tensor(0), 1: tensor(10)}
INFO:root:TEST batch 1 / 7 - measures partial microavg - precision 0.7872 - recall 0.7872 - f1 0.7872 
INFO:root:TEST batch 1 / 7 - measures partial for class 0 - precision 0.0000 - recall 0.0000 - f1 0.0000 
INFO:root:TEST batch 1 / 7 - measures partial for class 1 - precision 0.7872 - recall 1.0000 - f1 0.8810 
INFO:root:TEST batch 1 / 7 - Batch time 0 
INFO:root:TEST batch 2 / 7 - partial error 0.2340 - partial loss 3.2080 - partial MRR  0.0000 - partial MAP 0.8615
INFO:root:TEST batch 2 / 7 -  partial tp {0: tensor(0), 1: tensor(35)},fn {0: tensor(12), 1: tensor(0)},fp {0: tensor(0), 1: tensor(12)}
INFO:root:TEST batch 2 / 7 - measures partial microavg - precision 0.7447 - recall 0.7447 - f1 0.7447 
INFO:root:TEST batch 2 / 7 - measures partial for class 0 - precision 0.0000 - recall 0.0000 - f1 0.0000 
INFO:root:TEST batch 2 / 7 - measures partial for class 1 - precision 0.7447 - recall 1.0000 - f1 0.8537 
INFO:root:TEST batch 2 / 7 - Batch time 0 
INFO:root:TEST batch 3 / 7 - partial error 0.2553 - partial loss 3.2429 - partial MRR  0.0000 - partial MAP 0.8645
INFO:root:TEST batch 3 / 7 -  partial tp {0: tensor(0), 1: tensor(33)},fn {0: tensor(14), 1: tensor(0)},fp {0: tensor(0), 1: tensor(14)}
INFO:root:TEST batch 3 / 7 - measures partial microavg - precision 0.7021 - recall 0.7021 - f1 0.7021 
INFO:root:TEST batch 3 / 7 - measures partial for class 0 - precision 0.0000 - recall 0.0000 - f1 0.0000 
INFO:root:TEST batch 3 / 7 - measures partial for class 1 - precision 0.7021 - recall 1.0000 - f1 0.8250 
INFO:root:TEST batch 3 / 7 - Batch time 0 
INFO:root:TEST batch 4 / 7 - partial error 0.2553 - partial loss 3.2504 - partial MRR  0.0000 - partial MAP 0.8510
INFO:root:TEST batch 4 / 7 -  partial tp {0: tensor(0), 1: tensor(35)},fn {0: tensor(12), 1: tensor(0)},fp {0: tensor(0), 1: tensor(12)}
INFO:root:TEST batch 4 / 7 - measures partial microavg - precision 0.7447 - recall 0.7447 - f1 0.7447 
INFO:root:TEST batch 4 / 7 - measures partial for class 0 - precision 0.0000 - recall 0.0000 - f1 0.0000 
INFO:root:TEST batch 4 / 7 - measures partial for class 1 - precision 0.7447 - recall 1.0000 - f1 0.8537 
INFO:root:TEST batch 4 / 7 - Batch time 0 
INFO:root:TEST batch 5 / 7 - partial error 0.2638 - partial loss 3.3068 - partial MRR  0.0000 - partial MAP 0.8620
INFO:root:TEST batch 5 / 7 -  partial tp {0: tensor(0), 1: tensor(33)},fn {0: tensor(14), 1: tensor(0)},fp {0: tensor(0), 1: tensor(14)}
INFO:root:TEST batch 5 / 7 - measures partial microavg - precision 0.7021 - recall 0.7021 - f1 0.7021 
INFO:root:TEST batch 5 / 7 - measures partial for class 0 - precision 0.0000 - recall 0.0000 - f1 0.0000 
INFO:root:TEST batch 5 / 7 - measures partial for class 1 - precision 0.7021 - recall 1.0000 - f1 0.8250 
INFO:root:TEST batch 5 / 7 - Batch time 0 
INFO:root:TEST batch 6 / 7 - partial error 0.2660 - partial loss 3.4084 - partial MRR  0.0000 - partial MAP 0.8640
INFO:root:TEST batch 6 / 7 -  partial tp {0: tensor(0), 1: tensor(34)},fn {0: tensor(13), 1: tensor(0)},fp {0: tensor(0), 1: tensor(13)}
INFO:root:TEST batch 6 / 7 - measures partial microavg - precision 0.7234 - recall 0.7234 - f1 0.7234 
INFO:root:TEST batch 6 / 7 - measures partial for class 0 - precision 0.0000 - recall 0.0000 - f1 0.0000 
INFO:root:TEST batch 6 / 7 - measures partial for class 1 - precision 0.7234 - recall 1.0000 - f1 0.8395 
INFO:root:TEST batch 6 / 7 - Batch time 0 
INFO:root:TEST batch 7 / 7 - partial error 0.2736 - partial loss 3.4339 - partial MRR  0.0000 - partial MAP 0.8689
INFO:root:TEST batch 7 / 7 -  partial tp {0: tensor(0), 1: tensor(32)},fn {0: tensor(15), 1: tensor(0)},fp {0: tensor(0), 1: tensor(15)}
INFO:root:TEST batch 7 / 7 - measures partial microavg - precision 0.6809 - recall 0.6809 - f1 0.6809 
INFO:root:TEST batch 7 / 7 - measures partial for class 0 - precision 0.0000 - recall 0.0000 - f1 0.0000 
INFO:root:TEST batch 7 / 7 - measures partial for class 1 - precision 0.6809 - recall 1.0000 - f1 0.8101 
INFO:root:TEST batch 7 / 7 - Batch time 0 
INFO:root:TEST mean losses tensor(3.4339)
INFO:root:TEST mean errors 0.2735562324523926
INFO:root:TEST mean MRR 0.0 - mean MAP 0.8689390420913696
INFO:root:TEST tp {0: tensor(0), 1: tensor(239)},fn {0: tensor(90), 1: tensor(0)},fp {0: tensor(0), 1: tensor(90)}
INFO:root:TEST measures microavg - precision 0.7264 - recall 0.7264 - f1 0.7264 
INFO:root:TEST measures for class 0 - precision 0.0000 - recall 0.0000 - f1 0.0000 
INFO:root:TEST measures for class 1 - precision 0.7264 - recall 1.0000 - f1 0.8415 
INFO:root:TEST measures@10 microavg - precision 0.8714 - recall 0.1854 - f1 0.3058 
INFO:root:TEST measures@10 for class 0 - precision 0.0000 - recall 0.0000 - f1 0.0000 
INFO:root:TEST measures@10 for class 1 - precision 0.8714 - recall 0.2552 - f1 0.3948 
INFO:root:TEST measures@100 microavg - precision 0.6778 - recall 0.6778 - f1 0.6778 
INFO:root:TEST measures@100 for class 0 - precision 0.2143 - recall 0.0667 - f1 0.1017 
INFO:root:TEST measures@100 for class 1 - precision 0.7209 - recall 0.9079 - f1 0.8037 
INFO:root:TEST measures@1000 microavg - precision 0.6778 - recall 0.6778 - f1 0.6778 
INFO:root:TEST measures@1000 for class 0 - precision 0.2143 - recall 0.0667 - f1 0.1017 
INFO:root:TEST measures@1000 for class 1 - precision 0.7209 - recall 0.9079 - f1 0.8037 
INFO:root:TEST Total epoch time: 0.05734311400010483
INFO:root:################ TRAIN epoch 17 ###################
INFO:root:TRAIN mean losses tensor(3.2273)
INFO:root:TRAIN mean errors 0.2531915009021759
INFO:root:TRAIN mean MRR 0.0 - mean MAP 0.8697416186332703
INFO:root:TRAIN tp {0: tensor(9), 1: tensor(1044)},fn {0: tensor(334), 1: tensor(23)},fp {0: tensor(23), 1: tensor(334)}
INFO:root:TRAIN measures microavg - precision 0.7468 - recall 0.7468 - f1 0.7468 
INFO:root:TRAIN measures for class 0 - precision 0.2812 - recall 0.0262 - f1 0.0480 
INFO:root:TRAIN measures for class 1 - precision 0.7576 - recall 0.9784 - f1 0.8540 
INFO:root:TRAIN measures@10 microavg - precision 0.8048 - recall 0.1901 - f1 0.3075 
INFO:root:TRAIN measures@10 for class 0 - precision 0.5366 - recall 0.0641 - f1 0.1146 
INFO:root:TRAIN measures@10 for class 1 - precision 0.8425 - recall 0.2306 - f1 0.3620 
INFO:root:TRAIN measures@100 microavg - precision 0.5780 - recall 0.5780 - f1 0.5780 
INFO:root:TRAIN measures@100 for class 0 - precision 0.2595 - recall 0.3965 - f1 0.3137 
INFO:root:TRAIN measures@100 for class 1 - precision 0.7664 - recall 0.6364 - f1 0.6953 
INFO:root:TRAIN measures@1000 microavg - precision 0.5780 - recall 0.5780 - f1 0.5780 
INFO:root:TRAIN measures@1000 for class 0 - precision 0.2595 - recall 0.3965 - f1 0.3137 
INFO:root:TRAIN measures@1000 for class 1 - precision 0.7664 - recall 0.6364 - f1 0.6953 
INFO:root:TRAIN Total epoch time: 0.40707771400002457
INFO:root:################ VALID epoch 17 ###################
INFO:root:VALID mean losses tensor(2.4606)
INFO:root:VALID mean errors 0.24822695553302765
INFO:root:VALID mean MRR 0.0 - mean MAP 0.8637194037437439
INFO:root:VALID tp {0: tensor(4), 1: tensor(208)},fn {0: tensor(65), 1: tensor(5)},fp {0: tensor(5), 1: tensor(65)}
INFO:root:VALID measures microavg - precision 0.7518 - recall 0.7518 - f1 0.7518 
INFO:root:VALID measures for class 0 - precision 0.4444 - recall 0.0580 - f1 0.1026 
INFO:root:VALID measures for class 1 - precision 0.7619 - recall 0.9765 - f1 0.8560 
INFO:root:VALID measures@10 microavg - precision 0.7391 - recall 0.1809 - f1 0.2906 
INFO:root:VALID measures@10 for class 0 - precision 0.4615 - recall 0.0870 - f1 0.1463 
INFO:root:VALID measures@10 for class 1 - precision 0.8036 - recall 0.2113 - f1 0.3346 
INFO:root:VALID measures@100 microavg - precision 0.4362 - recall 0.4362 - f1 0.4362 
INFO:root:VALID measures@100 for class 0 - precision 0.2500 - recall 0.6522 - f1 0.3614 
INFO:root:VALID measures@100 for class 1 - precision 0.7647 - recall 0.3662 - f1 0.4952 
INFO:root:VALID measures@1000 microavg - precision 0.4362 - recall 0.4362 - f1 0.4362 
INFO:root:VALID measures@1000 for class 0 - precision 0.2500 - recall 0.6522 - f1 0.3614 
INFO:root:VALID measures@1000 for class 1 - precision 0.7647 - recall 0.3662 - f1 0.4952 
INFO:root:VALID Total epoch time: 0.04235896399995909
INFO:root:################ TRAIN epoch 18 ###################
INFO:root:TRAIN mean losses tensor(2.5198)
INFO:root:TRAIN mean errors 0.2503546178340912
INFO:root:TRAIN mean MRR 0.0 - mean MAP 0.8815551996231079
INFO:root:TRAIN tp {0: tensor(4), 1: tensor(1053)},fn {0: tensor(339), 1: tensor(14)},fp {0: tensor(14), 1: tensor(339)}
INFO:root:TRAIN measures microavg - precision 0.7496 - recall 0.7496 - f1 0.7496 
INFO:root:TRAIN measures for class 0 - precision 0.2222 - recall 0.0117 - f1 0.0222 
INFO:root:TRAIN measures for class 1 - precision 0.7565 - recall 0.9869 - f1 0.8564 
INFO:root:TRAIN measures@10 microavg - precision 0.8179 - recall 0.1879 - f1 0.3057 
INFO:root:TRAIN measures@10 for class 0 - precision 0.4583 - recall 0.0321 - f1 0.0599 
INFO:root:TRAIN measures@10 for class 1 - precision 0.8467 - recall 0.2381 - f1 0.3716 
INFO:root:TRAIN measures@100 microavg - precision 0.5574 - recall 0.5574 - f1 0.5574 
INFO:root:TRAIN measures@100 for class 0 - precision 0.2431 - recall 0.3878 - f1 0.2989 
INFO:root:TRAIN measures@100 for class 1 - precision 0.7567 - recall 0.6120 - f1 0.6767 
INFO:root:TRAIN measures@1000 microavg - precision 0.5574 - recall 0.5574 - f1 0.5574 
INFO:root:TRAIN measures@1000 for class 0 - precision 0.2431 - recall 0.3878 - f1 0.2989 
INFO:root:TRAIN measures@1000 for class 1 - precision 0.7567 - recall 0.6120 - f1 0.6767 
INFO:root:TRAIN Total epoch time: 0.40628259999994043
INFO:root:################ VALID epoch 18 ###################
INFO:root:VALID mean losses tensor(2.4532)
INFO:root:VALID mean errors 0.25886523723602295
INFO:root:VALID mean MRR 0.0 - mean MAP 0.8556782603263855
INFO:root:VALID tp {0: tensor(3), 1: tensor(206)},fn {0: tensor(66), 1: tensor(7)},fp {0: tensor(7), 1: tensor(66)}
INFO:root:VALID measures microavg - precision 0.7411 - recall 0.7411 - f1 0.7411 
INFO:root:VALID measures for class 0 - precision 0.3000 - recall 0.0435 - f1 0.0759 
INFO:root:VALID measures for class 1 - precision 0.7574 - recall 0.9671 - f1 0.8495 
INFO:root:VALID measures@10 microavg - precision 0.8636 - recall 0.2021 - f1 0.3276 
INFO:root:VALID measures@10 for class 0 - precision 0.6667 - recall 0.0580 - f1 0.1067 
INFO:root:VALID measures@10 for class 1 - precision 0.8833 - recall 0.2488 - f1 0.3883 
INFO:root:VALID measures@100 microavg - precision 0.5567 - recall 0.5567 - f1 0.5567 
INFO:root:VALID measures@100 for class 0 - precision 0.2846 - recall 0.5362 - f1 0.3719 
INFO:root:VALID measures@100 for class 1 - precision 0.7895 - recall 0.5634 - f1 0.6575 
INFO:root:VALID measures@1000 microavg - precision 0.5567 - recall 0.5567 - f1 0.5567 
INFO:root:VALID measures@1000 for class 0 - precision 0.2846 - recall 0.5362 - f1 0.3719 
INFO:root:VALID measures@1000 for class 1 - precision 0.7895 - recall 0.5634 - f1 0.6575 
INFO:root:VALID Total epoch time: 0.042292135000025155
INFO:root:################ TRAIN epoch 19 ###################
INFO:root:TRAIN mean losses tensor(2.2527)
INFO:root:TRAIN mean errors 0.24893617630004883
INFO:root:TRAIN mean MRR 0.0 - mean MAP 0.8962909579277039
INFO:root:TRAIN tp {0: tensor(4), 1: tensor(1055)},fn {0: tensor(339), 1: tensor(12)},fp {0: tensor(12), 1: tensor(339)}
INFO:root:TRAIN measures microavg - precision 0.7511 - recall 0.7511 - f1 0.7511 
INFO:root:TRAIN measures for class 0 - precision 0.2500 - recall 0.0117 - f1 0.0223 
INFO:root:TRAIN measures for class 1 - precision 0.7568 - recall 0.9888 - f1 0.8574 
INFO:root:TRAIN measures@10 microavg - precision 0.8418 - recall 0.1887 - f1 0.3082 
INFO:root:TRAIN measures@10 for class 0 - precision 0.3810 - recall 0.0233 - f1 0.0440 
INFO:root:TRAIN measures@10 for class 1 - precision 0.8746 - recall 0.2418 - f1 0.3789 
INFO:root:TRAIN measures@100 microavg - precision 0.5780 - recall 0.5780 - f1 0.5780 
INFO:root:TRAIN measures@100 for class 0 - precision 0.2667 - recall 0.4198 - f1 0.3262 
INFO:root:TRAIN measures@100 for class 1 - precision 0.7713 - recall 0.6289 - f1 0.6928 
INFO:root:TRAIN measures@1000 microavg - precision 0.5780 - recall 0.5780 - f1 0.5780 
INFO:root:TRAIN measures@1000 for class 0 - precision 0.2667 - recall 0.4198 - f1 0.3262 
INFO:root:TRAIN measures@1000 for class 1 - precision 0.7713 - recall 0.6289 - f1 0.6928 
INFO:root:TRAIN Total epoch time: 0.38442668599964236
INFO:root:################ VALID epoch 19 ###################
INFO:root:VALID mean losses tensor(1.8713)
INFO:root:VALID mean errors 0.24468085169792175
INFO:root:VALID mean MRR 0.0 - mean MAP 0.9272780418395996
INFO:root:VALID tp {0: tensor(0), 1: tensor(213)},fn {0: tensor(69), 1: tensor(0)},fp {0: tensor(0), 1: tensor(69)}
INFO:root:VALID measures microavg - precision 0.7553 - recall 0.7553 - f1 0.7553 
INFO:root:VALID measures for class 0 - precision 0.0000 - recall 0.0000 - f1 0.0000 
INFO:root:VALID measures for class 1 - precision 0.7553 - recall 1.0000 - f1 0.8606 
INFO:root:VALID measures@10 microavg - precision 0.8413 - recall 0.1879 - f1 0.3072 
INFO:root:VALID measures@10 for class 0 - precision 0.6667 - recall 0.0290 - f1 0.0556 
INFO:root:VALID measures@10 for class 1 - precision 0.8500 - recall 0.2394 - f1 0.3736 
INFO:root:VALID measures@100 microavg - precision 0.6489 - recall 0.6489 - f1 0.6489 
INFO:root:VALID measures@100 for class 0 - precision 0.2794 - recall 0.2754 - f1 0.2774 
INFO:root:VALID measures@100 for class 1 - precision 0.7664 - recall 0.7700 - f1 0.7681 
INFO:root:VALID measures@1000 microavg - precision 0.6489 - recall 0.6489 - f1 0.6489 
INFO:root:VALID measures@1000 for class 0 - precision 0.2794 - recall 0.2754 - f1 0.2774 
INFO:root:VALID measures@1000 for class 1 - precision 0.7664 - recall 0.7700 - f1 0.7681 
INFO:root:VALID Total epoch time: 0.03808689900006357
INFO:root:################ TEST epoch 19 ###################
INFO:root:TEST batch 1 / 7 - partial error 0.2128 - partial loss 1.7956 - partial MRR  0.0000 - partial MAP 0.9400
INFO:root:TEST batch 1 / 7 -  partial tp {0: tensor(0), 1: tensor(37)},fn {0: tensor(10), 1: tensor(0)},fp {0: tensor(0), 1: tensor(10)}
INFO:root:TEST batch 1 / 7 - measures partial microavg - precision 0.7872 - recall 0.7872 - f1 0.7872 
INFO:root:TEST batch 1 / 7 - measures partial for class 0 - precision 0.0000 - recall 0.0000 - f1 0.0000 
INFO:root:TEST batch 1 / 7 - measures partial for class 1 - precision 0.7872 - recall 1.0000 - f1 0.8810 
INFO:root:TEST batch 1 / 7 - Batch time 0 
INFO:root:TEST batch 2 / 7 - partial error 0.2340 - partial loss 2.3645 - partial MRR  0.0000 - partial MAP 0.9029
INFO:root:TEST batch 2 / 7 -  partial tp {0: tensor(0), 1: tensor(35)},fn {0: tensor(12), 1: tensor(0)},fp {0: tensor(0), 1: tensor(12)}
INFO:root:TEST batch 2 / 7 - measures partial microavg - precision 0.7447 - recall 0.7447 - f1 0.7447 
INFO:root:TEST batch 2 / 7 - measures partial for class 0 - precision 0.0000 - recall 0.0000 - f1 0.0000 
INFO:root:TEST batch 2 / 7 - measures partial for class 1 - precision 0.7447 - recall 1.0000 - f1 0.8537 
INFO:root:TEST batch 2 / 7 - Batch time 0 
INFO:root:TEST batch 3 / 7 - partial error 0.2553 - partial loss 2.9258 - partial MRR  0.0000 - partial MAP 0.8919
INFO:root:TEST batch 3 / 7 -  partial tp {0: tensor(0), 1: tensor(33)},fn {0: tensor(14), 1: tensor(0)},fp {0: tensor(0), 1: tensor(14)}
INFO:root:TEST batch 3 / 7 - measures partial microavg - precision 0.7021 - recall 0.7021 - f1 0.7021 
INFO:root:TEST batch 3 / 7 - measures partial for class 0 - precision 0.0000 - recall 0.0000 - f1 0.0000 
INFO:root:TEST batch 3 / 7 - measures partial for class 1 - precision 0.7021 - recall 1.0000 - f1 0.8250 
INFO:root:TEST batch 3 / 7 - Batch time 0 
INFO:root:TEST batch 4 / 7 - partial error 0.2553 - partial loss 2.8605 - partial MRR  0.0000 - partial MAP 0.8945
INFO:root:TEST batch 4 / 7 -  partial tp {0: tensor(0), 1: tensor(35)},fn {0: tensor(12), 1: tensor(0)},fp {0: tensor(0), 1: tensor(12)}
INFO:root:TEST batch 4 / 7 - measures partial microavg - precision 0.7447 - recall 0.7447 - f1 0.7447 
INFO:root:TEST batch 4 / 7 - measures partial for class 0 - precision 0.0000 - recall 0.0000 - f1 0.0000 
INFO:root:TEST batch 4 / 7 - measures partial for class 1 - precision 0.7447 - recall 1.0000 - f1 0.8537 
INFO:root:TEST batch 4 / 7 - Batch time 0 
INFO:root:TEST batch 5 / 7 - partial error 0.2638 - partial loss 2.6797 - partial MRR  0.0000 - partial MAP 0.9075
INFO:root:TEST batch 5 / 7 -  partial tp {0: tensor(0), 1: tensor(33)},fn {0: tensor(14), 1: tensor(0)},fp {0: tensor(0), 1: tensor(14)}
INFO:root:TEST batch 5 / 7 - measures partial microavg - precision 0.7021 - recall 0.7021 - f1 0.7021 
INFO:root:TEST batch 5 / 7 - measures partial for class 0 - precision 0.0000 - recall 0.0000 - f1 0.0000 
INFO:root:TEST batch 5 / 7 - measures partial for class 1 - precision 0.7021 - recall 1.0000 - f1 0.8250 
INFO:root:TEST batch 5 / 7 - Batch time 0 
INFO:root:TEST batch 6 / 7 - partial error 0.2660 - partial loss 2.6862 - partial MRR  0.0000 - partial MAP 0.9112
INFO:root:TEST batch 6 / 7 -  partial tp {0: tensor(0), 1: tensor(34)},fn {0: tensor(13), 1: tensor(0)},fp {0: tensor(0), 1: tensor(13)}
INFO:root:TEST batch 6 / 7 - measures partial microavg - precision 0.7234 - recall 0.7234 - f1 0.7234 
INFO:root:TEST batch 6 / 7 - measures partial for class 0 - precision 0.0000 - recall 0.0000 - f1 0.0000 
INFO:root:TEST batch 6 / 7 - measures partial for class 1 - precision 0.7234 - recall 1.0000 - f1 0.8395 
INFO:root:TEST batch 6 / 7 - Batch time 0 
INFO:root:TEST batch 7 / 7 - partial error 0.2736 - partial loss 2.7335 - partial MRR  0.0000 - partial MAP 0.9129
INFO:root:TEST batch 7 / 7 -  partial tp {0: tensor(0), 1: tensor(32)},fn {0: tensor(15), 1: tensor(0)},fp {0: tensor(0), 1: tensor(15)}
INFO:root:TEST batch 7 / 7 - measures partial microavg - precision 0.6809 - recall 0.6809 - f1 0.6809 
INFO:root:TEST batch 7 / 7 - measures partial for class 0 - precision 0.0000 - recall 0.0000 - f1 0.0000 
INFO:root:TEST batch 7 / 7 - measures partial for class 1 - precision 0.6809 - recall 1.0000 - f1 0.8101 
INFO:root:TEST batch 7 / 7 - Batch time 0 
INFO:root:TEST mean losses tensor(2.7335)
INFO:root:TEST mean errors 0.2735562324523926
INFO:root:TEST mean MRR 0.0 - mean MAP 0.9128920435905457
INFO:root:TEST tp {0: tensor(0), 1: tensor(239)},fn {0: tensor(90), 1: tensor(0)},fp {0: tensor(0), 1: tensor(90)}
INFO:root:TEST measures microavg - precision 0.7264 - recall 0.7264 - f1 0.7264 
INFO:root:TEST measures for class 0 - precision 0.0000 - recall 0.0000 - f1 0.0000 
INFO:root:TEST measures for class 1 - precision 0.7264 - recall 1.0000 - f1 0.8415 
INFO:root:TEST measures@10 microavg - precision 0.9028 - recall 0.1976 - f1 0.3242 
INFO:root:TEST measures@10 for class 0 - precision 1.0000 - recall 0.0222 - f1 0.0435 
INFO:root:TEST measures@10 for class 1 - precision 0.9000 - recall 0.2636 - f1 0.4078 
INFO:root:TEST measures@100 microavg - precision 0.6535 - recall 0.6535 - f1 0.6535 
INFO:root:TEST measures@100 for class 0 - precision 0.3462 - recall 0.3000 - f1 0.3214 
INFO:root:TEST measures@100 for class 1 - precision 0.7490 - recall 0.7866 - f1 0.7673 
INFO:root:TEST measures@1000 microavg - precision 0.6535 - recall 0.6535 - f1 0.6535 
INFO:root:TEST measures@1000 for class 0 - precision 0.3462 - recall 0.3000 - f1 0.3214 
INFO:root:TEST measures@1000 for class 1 - precision 0.7490 - recall 0.7866 - f1 0.7673 
INFO:root:TEST Total epoch time: 0.0516751430000113
INFO:root:################ TRAIN epoch 20 ###################
INFO:root:TRAIN mean losses tensor(6.0637)
INFO:root:TRAIN mean errors 0.25106382369995117
INFO:root:TRAIN mean MRR 0.0 - mean MAP 0.8022732138633728
INFO:root:TRAIN tp {0: tensor(9), 1: tensor(1047)},fn {0: tensor(334), 1: tensor(20)},fp {0: tensor(20), 1: tensor(334)}
INFO:root:TRAIN measures microavg - precision 0.7489 - recall 0.7489 - f1 0.7489 
INFO:root:TRAIN measures for class 0 - precision 0.3103 - recall 0.0262 - f1 0.0484 
INFO:root:TRAIN measures for class 1 - precision 0.7581 - recall 0.9813 - f1 0.8554 
INFO:root:TRAIN measures@10 microavg - precision 0.9213 - recall 0.1993 - f1 0.3277 
INFO:root:TRAIN measures@10 for class 0 - precision 0.2222 - recall 0.0058 - f1 0.0114 
INFO:root:TRAIN measures@10 for class 1 - precision 0.9426 - recall 0.2615 - f1 0.4094 
INFO:root:TRAIN measures@100 microavg - precision 0.7021 - recall 0.7021 - f1 0.7021 
INFO:root:TRAIN measures@100 for class 0 - precision 0.2749 - recall 0.1370 - f1 0.1829 
INFO:root:TRAIN measures@100 for class 1 - precision 0.7611 - recall 0.8838 - f1 0.8179 
INFO:root:TRAIN measures@1000 microavg - precision 0.7021 - recall 0.7021 - f1 0.7021 
INFO:root:TRAIN measures@1000 for class 0 - precision 0.2749 - recall 0.1370 - f1 0.1829 
INFO:root:TRAIN measures@1000 for class 1 - precision 0.7611 - recall 0.8838 - f1 0.8179 
INFO:root:TRAIN Total epoch time: 0.3787145299997974
INFO:root:################ VALID epoch 20 ###################
INFO:root:VALID mean losses tensor(3.9525)
INFO:root:VALID mean errors 0.24468085169792175
INFO:root:VALID mean MRR 0.0 - mean MAP 0.8620244264602661
INFO:root:VALID tp {0: tensor(0), 1: tensor(213)},fn {0: tensor(69), 1: tensor(0)},fp {0: tensor(0), 1: tensor(69)}
INFO:root:VALID measures microavg - precision 0.7553 - recall 0.7553 - f1 0.7553 
INFO:root:VALID measures for class 0 - precision 0.0000 - recall 0.0000 - f1 0.0000 
INFO:root:VALID measures for class 1 - precision 0.7553 - recall 1.0000 - f1 0.8606 
INFO:root:VALID measures@10 microavg - precision 0.9180 - recall 0.1986 - f1 0.3265 
INFO:root:VALID measures@10 for class 0 - precision 1.0000 - recall 0.0145 - f1 0.0286 
INFO:root:VALID measures@10 for class 1 - precision 0.9167 - recall 0.2582 - f1 0.4029 
INFO:root:VALID measures@100 microavg - precision 0.7234 - recall 0.7234 - f1 0.7234 
INFO:root:VALID measures@100 for class 0 - precision 0.3548 - recall 0.1594 - f1 0.2200 
INFO:root:VALID measures@100 for class 1 - precision 0.7689 - recall 0.9061 - f1 0.8319 
INFO:root:VALID measures@1000 microavg - precision 0.7234 - recall 0.7234 - f1 0.7234 
INFO:root:VALID measures@1000 for class 0 - precision 0.3548 - recall 0.1594 - f1 0.2200 
INFO:root:VALID measures@1000 for class 1 - precision 0.7689 - recall 0.9061 - f1 0.8319 
INFO:root:VALID Total epoch time: 0.0388813909999044
INFO:root:################ TEST epoch 20 ###################
INFO:root:TEST batch 1 / 7 - partial error 0.2128 - partial loss 3.6892 - partial MRR  0.0000 - partial MAP 0.8356
INFO:root:TEST batch 1 / 7 -  partial tp {0: tensor(0), 1: tensor(37)},fn {0: tensor(10), 1: tensor(0)},fp {0: tensor(0), 1: tensor(10)}
INFO:root:TEST batch 1 / 7 - measures partial microavg - precision 0.7872 - recall 0.7872 - f1 0.7872 
INFO:root:TEST batch 1 / 7 - measures partial for class 0 - precision 0.0000 - recall 0.0000 - f1 0.0000 
INFO:root:TEST batch 1 / 7 - measures partial for class 1 - precision 0.7872 - recall 1.0000 - f1 0.8810 
INFO:root:TEST batch 1 / 7 - Batch time 0 
INFO:root:TEST batch 2 / 7 - partial error 0.2340 - partial loss 4.1576 - partial MRR  0.0000 - partial MAP 0.8173
INFO:root:TEST batch 2 / 7 -  partial tp {0: tensor(0), 1: tensor(35)},fn {0: tensor(12), 1: tensor(0)},fp {0: tensor(0), 1: tensor(12)}
INFO:root:TEST batch 2 / 7 - measures partial microavg - precision 0.7447 - recall 0.7447 - f1 0.7447 
INFO:root:TEST batch 2 / 7 - measures partial for class 0 - precision 0.0000 - recall 0.0000 - f1 0.0000 
INFO:root:TEST batch 2 / 7 - measures partial for class 1 - precision 0.7447 - recall 1.0000 - f1 0.8537 
INFO:root:TEST batch 2 / 7 - Batch time 0 
INFO:root:TEST batch 3 / 7 - partial error 0.2553 - partial loss 4.4050 - partial MRR  0.0000 - partial MAP 0.8259
INFO:root:TEST batch 3 / 7 -  partial tp {0: tensor(0), 1: tensor(33)},fn {0: tensor(14), 1: tensor(0)},fp {0: tensor(0), 1: tensor(14)}
INFO:root:TEST batch 3 / 7 - measures partial microavg - precision 0.7021 - recall 0.7021 - f1 0.7021 
INFO:root:TEST batch 3 / 7 - measures partial for class 0 - precision 0.0000 - recall 0.0000 - f1 0.0000 
INFO:root:TEST batch 3 / 7 - measures partial for class 1 - precision 0.7021 - recall 1.0000 - f1 0.8250 
INFO:root:TEST batch 3 / 7 - Batch time 0 
INFO:root:TEST batch 4 / 7 - partial error 0.2553 - partial loss 4.2935 - partial MRR  0.0000 - partial MAP 0.8366
INFO:root:TEST batch 4 / 7 -  partial tp {0: tensor(0), 1: tensor(35)},fn {0: tensor(12), 1: tensor(0)},fp {0: tensor(0), 1: tensor(12)}
INFO:root:TEST batch 4 / 7 - measures partial microavg - precision 0.7447 - recall 0.7447 - f1 0.7447 
INFO:root:TEST batch 4 / 7 - measures partial for class 0 - precision 0.0000 - recall 0.0000 - f1 0.0000 
INFO:root:TEST batch 4 / 7 - measures partial for class 1 - precision 0.7447 - recall 1.0000 - f1 0.8537 
INFO:root:TEST batch 4 / 7 - Batch time 0 
INFO:root:TEST batch 5 / 7 - partial error 0.2638 - partial loss 4.3343 - partial MRR  0.0000 - partial MAP 0.8377
INFO:root:TEST batch 5 / 7 -  partial tp {0: tensor(0), 1: tensor(33)},fn {0: tensor(14), 1: tensor(0)},fp {0: tensor(0), 1: tensor(14)}
INFO:root:TEST batch 5 / 7 - measures partial microavg - precision 0.7021 - recall 0.7021 - f1 0.7021 
INFO:root:TEST batch 5 / 7 - measures partial for class 0 - precision 0.0000 - recall 0.0000 - f1 0.0000 
INFO:root:TEST batch 5 / 7 - measures partial for class 1 - precision 0.7021 - recall 1.0000 - f1 0.8250 
INFO:root:TEST batch 5 / 7 - Batch time 0 
INFO:root:TEST batch 6 / 7 - partial error 0.2660 - partial loss 4.3376 - partial MRR  0.0000 - partial MAP 0.8351
INFO:root:TEST batch 6 / 7 -  partial tp {0: tensor(0), 1: tensor(34)},fn {0: tensor(13), 1: tensor(0)},fp {0: tensor(0), 1: tensor(13)}
INFO:root:TEST batch 6 / 7 - measures partial microavg - precision 0.7234 - recall 0.7234 - f1 0.7234 
INFO:root:TEST batch 6 / 7 - measures partial for class 0 - precision 0.0000 - recall 0.0000 - f1 0.0000 
INFO:root:TEST batch 6 / 7 - measures partial for class 1 - precision 0.7234 - recall 1.0000 - f1 0.8395 
INFO:root:TEST batch 6 / 7 - Batch time 0 
INFO:root:TEST batch 7 / 7 - partial error 0.2736 - partial loss 4.3698 - partial MRR  0.0000 - partial MAP 0.8409
INFO:root:TEST batch 7 / 7 -  partial tp {0: tensor(0), 1: tensor(32)},fn {0: tensor(15), 1: tensor(0)},fp {0: tensor(0), 1: tensor(15)}
INFO:root:TEST batch 7 / 7 - measures partial microavg - precision 0.6809 - recall 0.6809 - f1 0.6809 
INFO:root:TEST batch 7 / 7 - measures partial for class 0 - precision 0.0000 - recall 0.0000 - f1 0.0000 
INFO:root:TEST batch 7 / 7 - measures partial for class 1 - precision 0.6809 - recall 1.0000 - f1 0.8101 
INFO:root:TEST batch 7 / 7 - Batch time 0 
INFO:root:TEST mean losses tensor(4.3698)
INFO:root:TEST mean errors 0.2735562324523926
INFO:root:TEST mean MRR 0.0 - mean MAP 0.8409205675125122
INFO:root:TEST tp {0: tensor(0), 1: tensor(239)},fn {0: tensor(90), 1: tensor(0)},fp {0: tensor(0), 1: tensor(90)}
INFO:root:TEST measures microavg - precision 0.7264 - recall 0.7264 - f1 0.7264 
INFO:root:TEST measures for class 0 - precision 0.0000 - recall 0.0000 - f1 0.0000 
INFO:root:TEST measures for class 1 - precision 0.7264 - recall 1.0000 - f1 0.8415 
INFO:root:TEST measures@10 microavg - precision 0.9143 - recall 0.1945 - f1 0.3208 
INFO:root:TEST measures@10 for class 0 - precision 0.0000 - recall 0.0000 - f1 0.0000 
INFO:root:TEST measures@10 for class 1 - precision 0.9143 - recall 0.2678 - f1 0.4142 
INFO:root:TEST measures@100 microavg - precision 0.6960 - recall 0.6960 - f1 0.6960 
INFO:root:TEST measures@100 for class 0 - precision 0.3333 - recall 0.1111 - f1 0.1667 
INFO:root:TEST measures@100 for class 1 - precision 0.7324 - recall 0.9163 - f1 0.8141 
INFO:root:TEST measures@1000 microavg - precision 0.6960 - recall 0.6960 - f1 0.6960 
INFO:root:TEST measures@1000 for class 0 - precision 0.3333 - recall 0.1111 - f1 0.1667 
INFO:root:TEST measures@1000 for class 1 - precision 0.7324 - recall 0.9163 - f1 0.8141 
INFO:root:TEST Total epoch time: 0.0529261450001286
INFO:root:################ TRAIN epoch 21 ###################
INFO:root:TRAIN mean losses tensor(5.8554)
INFO:root:TRAIN mean errors 0.25106382369995117
INFO:root:TRAIN mean MRR 0.0 - mean MAP 0.8041431903839111
INFO:root:TRAIN tp {0: tensor(8), 1: tensor(1048)},fn {0: tensor(335), 1: tensor(19)},fp {0: tensor(19), 1: tensor(335)}
INFO:root:TRAIN measures microavg - precision 0.7489 - recall 0.7489 - f1 0.7489 
INFO:root:TRAIN measures for class 0 - precision 0.2963 - recall 0.0233 - f1 0.0432 
INFO:root:TRAIN measures for class 1 - precision 0.7578 - recall 0.9822 - f1 0.8555 
INFO:root:TRAIN measures@10 microavg - precision 0.9477 - recall 0.2057 - f1 0.3380 
INFO:root:TRAIN measures@10 for class 0 - precision 0.5000 - recall 0.0146 - f1 0.0283 
INFO:root:TRAIN measures@10 for class 1 - precision 0.9628 - recall 0.2671 - f1 0.4182 
INFO:root:TRAIN measures@100 microavg - precision 0.6887 - recall 0.6887 - f1 0.6887 
INFO:root:TRAIN measures@100 for class 0 - precision 0.2647 - recall 0.1574 - f1 0.1974 
INFO:root:TRAIN measures@100 for class 1 - precision 0.7604 - recall 0.8594 - f1 0.8069 
INFO:root:TRAIN measures@1000 microavg - precision 0.6887 - recall 0.6887 - f1 0.6887 
INFO:root:TRAIN measures@1000 for class 0 - precision 0.2647 - recall 0.1574 - f1 0.1974 
INFO:root:TRAIN measures@1000 for class 1 - precision 0.7604 - recall 0.8594 - f1 0.8069 
INFO:root:TRAIN Total epoch time: 0.3933475369999542
INFO:root:################ VALID epoch 21 ###################
INFO:root:VALID mean losses tensor(4.4771)
INFO:root:VALID mean errors 0.24468085169792175
INFO:root:VALID mean MRR 0.0 - mean MAP 0.8205568790435791
INFO:root:VALID tp {0: tensor(0), 1: tensor(213)},fn {0: tensor(69), 1: tensor(0)},fp {0: tensor(0), 1: tensor(69)}
INFO:root:VALID measures microavg - precision 0.7553 - recall 0.7553 - f1 0.7553 
INFO:root:VALID measures for class 0 - precision 0.0000 - recall 0.0000 - f1 0.0000 
INFO:root:VALID measures for class 1 - precision 0.7553 - recall 1.0000 - f1 0.8606 
INFO:root:VALID measures@10 microavg - precision 0.9333 - recall 0.1986 - f1 0.3275 
INFO:root:VALID measures@10 for class 0 - precision 0.0000 - recall 0.0000 - f1 0.0000 
INFO:root:VALID measures@10 for class 1 - precision 0.9333 - recall 0.2629 - f1 0.4103 
INFO:root:VALID measures@100 microavg - precision 0.7553 - recall 0.7553 - f1 0.7553 
INFO:root:VALID measures@100 for class 0 - precision 0.5000 - recall 0.0580 - f1 0.1039 
INFO:root:VALID measures@100 for class 1 - precision 0.7628 - recall 0.9812 - f1 0.8583 
INFO:root:VALID measures@1000 microavg - precision 0.7553 - recall 0.7553 - f1 0.7553 
INFO:root:VALID measures@1000 for class 0 - precision 0.5000 - recall 0.0580 - f1 0.1039 
INFO:root:VALID measures@1000 for class 1 - precision 0.7628 - recall 0.9812 - f1 0.8583 
INFO:root:VALID Total epoch time: 0.03873047000024599
INFO:root:################ TEST epoch 21 ###################
INFO:root:TEST batch 1 / 7 - partial error 0.2128 - partial loss 3.2266 - partial MRR  0.0000 - partial MAP 0.9024
INFO:root:TEST batch 1 / 7 -  partial tp {0: tensor(0), 1: tensor(37)},fn {0: tensor(10), 1: tensor(0)},fp {0: tensor(0), 1: tensor(10)}
INFO:root:TEST batch 1 / 7 - measures partial microavg - precision 0.7872 - recall 0.7872 - f1 0.7872 
INFO:root:TEST batch 1 / 7 - measures partial for class 0 - precision 0.0000 - recall 0.0000 - f1 0.0000 
INFO:root:TEST batch 1 / 7 - measures partial for class 1 - precision 0.7872 - recall 1.0000 - f1 0.8810 
INFO:root:TEST batch 1 / 7 - Batch time 0 
INFO:root:TEST batch 2 / 7 - partial error 0.2340 - partial loss 4.0175 - partial MRR  0.0000 - partial MAP 0.8375
INFO:root:TEST batch 2 / 7 -  partial tp {0: tensor(0), 1: tensor(35)},fn {0: tensor(12), 1: tensor(0)},fp {0: tensor(0), 1: tensor(12)}
INFO:root:TEST batch 2 / 7 - measures partial microavg - precision 0.7447 - recall 0.7447 - f1 0.7447 
INFO:root:TEST batch 2 / 7 - measures partial for class 0 - precision 0.0000 - recall 0.0000 - f1 0.0000 
INFO:root:TEST batch 2 / 7 - measures partial for class 1 - precision 0.7447 - recall 1.0000 - f1 0.8537 
INFO:root:TEST batch 2 / 7 - Batch time 0 
INFO:root:TEST batch 3 / 7 - partial error 0.2553 - partial loss 4.8031 - partial MRR  0.0000 - partial MAP 0.8042
INFO:root:TEST batch 3 / 7 -  partial tp {0: tensor(0), 1: tensor(33)},fn {0: tensor(14), 1: tensor(0)},fp {0: tensor(0), 1: tensor(14)}
INFO:root:TEST batch 3 / 7 - measures partial microavg - precision 0.7021 - recall 0.7021 - f1 0.7021 
INFO:root:TEST batch 3 / 7 - measures partial for class 0 - precision 0.0000 - recall 0.0000 - f1 0.0000 
INFO:root:TEST batch 3 / 7 - measures partial for class 1 - precision 0.7021 - recall 1.0000 - f1 0.8250 
INFO:root:TEST batch 3 / 7 - Batch time 0 
INFO:root:TEST batch 4 / 7 - partial error 0.2553 - partial loss 5.1796 - partial MRR  0.0000 - partial MAP 0.7962
INFO:root:TEST batch 4 / 7 -  partial tp {0: tensor(0), 1: tensor(35)},fn {0: tensor(12), 1: tensor(0)},fp {0: tensor(0), 1: tensor(12)}
INFO:root:TEST batch 4 / 7 - measures partial microavg - precision 0.7447 - recall 0.7447 - f1 0.7447 
INFO:root:TEST batch 4 / 7 - measures partial for class 0 - precision 0.0000 - recall 0.0000 - f1 0.0000 
INFO:root:TEST batch 4 / 7 - measures partial for class 1 - precision 0.7447 - recall 1.0000 - f1 0.8537 
INFO:root:TEST batch 4 / 7 - Batch time 0 
INFO:root:TEST batch 5 / 7 - partial error 0.2638 - partial loss 5.3040 - partial MRR  0.0000 - partial MAP 0.7933
INFO:root:TEST batch 5 / 7 -  partial tp {0: tensor(0), 1: tensor(33)},fn {0: tensor(14), 1: tensor(0)},fp {0: tensor(0), 1: tensor(14)}
INFO:root:TEST batch 5 / 7 - measures partial microavg - precision 0.7021 - recall 0.7021 - f1 0.7021 
INFO:root:TEST batch 5 / 7 - measures partial for class 0 - precision 0.0000 - recall 0.0000 - f1 0.0000 
INFO:root:TEST batch 5 / 7 - measures partial for class 1 - precision 0.7021 - recall 1.0000 - f1 0.8250 
INFO:root:TEST batch 5 / 7 - Batch time 0 
INFO:root:TEST batch 6 / 7 - partial error 0.2660 - partial loss 5.3096 - partial MRR  0.0000 - partial MAP 0.7949
INFO:root:TEST batch 6 / 7 -  partial tp {0: tensor(0), 1: tensor(34)},fn {0: tensor(13), 1: tensor(0)},fp {0: tensor(0), 1: tensor(13)}
INFO:root:TEST batch 6 / 7 - measures partial microavg - precision 0.7234 - recall 0.7234 - f1 0.7234 
INFO:root:TEST batch 6 / 7 - measures partial for class 0 - precision 0.0000 - recall 0.0000 - f1 0.0000 
INFO:root:TEST batch 6 / 7 - measures partial for class 1 - precision 0.7234 - recall 1.0000 - f1 0.8395 
INFO:root:TEST batch 6 / 7 - Batch time 0 
INFO:root:TEST batch 7 / 7 - partial error 0.2736 - partial loss 5.3701 - partial MRR  0.0000 - partial MAP 0.7896
INFO:root:TEST batch 7 / 7 -  partial tp {0: tensor(0), 1: tensor(32)},fn {0: tensor(15), 1: tensor(0)},fp {0: tensor(0), 1: tensor(15)}
INFO:root:TEST batch 7 / 7 - measures partial microavg - precision 0.6809 - recall 0.6809 - f1 0.6809 
INFO:root:TEST batch 7 / 7 - measures partial for class 0 - precision 0.0000 - recall 0.0000 - f1 0.0000 
INFO:root:TEST batch 7 / 7 - measures partial for class 1 - precision 0.6809 - recall 1.0000 - f1 0.8101 
INFO:root:TEST batch 7 / 7 - Batch time 0 
INFO:root:TEST mean losses tensor(5.3701)
INFO:root:TEST mean errors 0.2735562324523926
INFO:root:TEST mean MRR 0.0 - mean MAP 0.7895556092262268
INFO:root:TEST tp {0: tensor(0), 1: tensor(239)},fn {0: tensor(90), 1: tensor(0)},fp {0: tensor(0), 1: tensor(90)}
INFO:root:TEST measures microavg - precision 0.7264 - recall 0.7264 - f1 0.7264 
INFO:root:TEST measures for class 0 - precision 0.0000 - recall 0.0000 - f1 0.0000 
INFO:root:TEST measures for class 1 - precision 0.7264 - recall 1.0000 - f1 0.8415 
INFO:root:TEST measures@10 microavg - precision 0.8873 - recall 0.1915 - f1 0.3150 
INFO:root:TEST measures@10 for class 0 - precision 1.0000 - recall 0.0111 - f1 0.0220 
INFO:root:TEST measures@10 for class 1 - precision 0.8857 - recall 0.2594 - f1 0.4013 
INFO:root:TEST measures@100 microavg - precision 0.6809 - recall 0.6809 - f1 0.6809 
INFO:root:TEST measures@100 for class 0 - precision 0.3529 - recall 0.2000 - f1 0.2553 
INFO:root:TEST measures@100 for class 1 - precision 0.7410 - recall 0.8619 - f1 0.7969 
INFO:root:TEST measures@1000 microavg - precision 0.6809 - recall 0.6809 - f1 0.6809 
INFO:root:TEST measures@1000 for class 0 - precision 0.3529 - recall 0.2000 - f1 0.2553 
INFO:root:TEST measures@1000 for class 1 - precision 0.7410 - recall 0.8619 - f1 0.7969 
INFO:root:TEST Total epoch time: 0.052455954999913956
INFO:root:################ TRAIN epoch 22 ###################
INFO:root:TRAIN mean losses tensor(2.4693)
INFO:root:TRAIN mean errors 0.2503546178340912
INFO:root:TRAIN mean MRR 0.0 - mean MAP 0.8940012454986572
INFO:root:TRAIN tp {0: tensor(6), 1: tensor(1051)},fn {0: tensor(337), 1: tensor(16)},fp {0: tensor(16), 1: tensor(337)}
INFO:root:TRAIN measures microavg - precision 0.7496 - recall 0.7496 - f1 0.7496 
INFO:root:TRAIN measures for class 0 - precision 0.2727 - recall 0.0175 - f1 0.0329 
INFO:root:TRAIN measures for class 1 - precision 0.7572 - recall 0.9850 - f1 0.8562 
INFO:root:TRAIN measures@10 microavg - precision 0.9042 - recall 0.2007 - f1 0.3285 
INFO:root:TRAIN measures@10 for class 0 - precision 0.8462 - recall 0.0321 - f1 0.0618 
INFO:root:TRAIN measures@10 for class 1 - precision 0.9067 - recall 0.2549 - f1 0.3980 
INFO:root:TRAIN measures@100 microavg - precision 0.6397 - recall 0.6397 - f1 0.6397 
INFO:root:TRAIN measures@100 for class 0 - precision 0.2868 - recall 0.3236 - f1 0.3041 
INFO:root:TRAIN measures@100 for class 1 - precision 0.7732 - recall 0.7413 - f1 0.7569 
INFO:root:TRAIN measures@1000 microavg - precision 0.6397 - recall 0.6397 - f1 0.6397 
INFO:root:TRAIN measures@1000 for class 0 - precision 0.2868 - recall 0.3236 - f1 0.3041 
INFO:root:TRAIN measures@1000 for class 1 - precision 0.7732 - recall 0.7413 - f1 0.7569 
INFO:root:TRAIN Total epoch time: 0.37425020000000586
INFO:root:################ VALID epoch 22 ###################
INFO:root:VALID mean losses tensor(1.7704)
INFO:root:VALID mean errors 0.24822695553302765
INFO:root:VALID mean MRR 0.0 - mean MAP 0.9134522676467896
INFO:root:VALID tp {0: tensor(0), 1: tensor(212)},fn {0: tensor(69), 1: tensor(1)},fp {0: tensor(1), 1: tensor(69)}
INFO:root:VALID measures microavg - precision 0.7518 - recall 0.7518 - f1 0.7518 
INFO:root:VALID measures for class 0 - precision 0.0000 - recall 0.0000 - f1 0.0000 
INFO:root:VALID measures for class 1 - precision 0.7544 - recall 0.9953 - f1 0.8583 
INFO:root:VALID measures@10 microavg - precision 0.9032 - recall 0.1986 - f1 0.3256 
INFO:root:VALID measures@10 for class 0 - precision 0.0000 - recall 0.0000 - f1 0.0000 
INFO:root:VALID measures@10 for class 1 - precision 0.9333 - recall 0.2629 - f1 0.4103 
INFO:root:VALID measures@100 microavg - precision 0.6596 - recall 0.6596 - f1 0.6596 
INFO:root:VALID measures@100 for class 0 - precision 0.2985 - recall 0.2899 - f1 0.2941 
INFO:root:VALID measures@100 for class 1 - precision 0.7721 - recall 0.7793 - f1 0.7757 
INFO:root:VALID measures@1000 microavg - precision 0.6596 - recall 0.6596 - f1 0.6596 
INFO:root:VALID measures@1000 for class 0 - precision 0.2985 - recall 0.2899 - f1 0.2941 
INFO:root:VALID measures@1000 for class 1 - precision 0.7721 - recall 0.7793 - f1 0.7757 
INFO:root:VALID Total epoch time: 0.03907783200020276
INFO:root:################ TRAIN epoch 23 ###################
INFO:root:TRAIN mean losses tensor(1.8593)
INFO:root:TRAIN mean errors 0.2460992932319641
INFO:root:TRAIN mean MRR 0.0 - mean MAP 0.9202134013175964
INFO:root:TRAIN tp {0: tensor(7), 1: tensor(1056)},fn {0: tensor(336), 1: tensor(11)},fp {0: tensor(11), 1: tensor(336)}
INFO:root:TRAIN measures microavg - precision 0.7539 - recall 0.7539 - f1 0.7539 
INFO:root:TRAIN measures for class 0 - precision 0.3889 - recall 0.0204 - f1 0.0388 
INFO:root:TRAIN measures for class 1 - precision 0.7586 - recall 0.9897 - f1 0.8589 
INFO:root:TRAIN measures@10 microavg - precision 0.9305 - recall 0.1993 - f1 0.3283 
INFO:root:TRAIN measures@10 for class 0 - precision 0.5000 - recall 0.0029 - f1 0.0058 
INFO:root:TRAIN measures@10 for class 1 - precision 0.9333 - recall 0.2624 - f1 0.4097 
INFO:root:TRAIN measures@100 microavg - precision 0.6972 - recall 0.6972 - f1 0.6972 
INFO:root:TRAIN measures@100 for class 0 - precision 0.3478 - recall 0.2799 - f1 0.3102 
INFO:root:TRAIN measures@100 for class 1 - precision 0.7822 - recall 0.8313 - f1 0.8060 
INFO:root:TRAIN measures@1000 microavg - precision 0.6972 - recall 0.6972 - f1 0.6972 
INFO:root:TRAIN measures@1000 for class 0 - precision 0.3478 - recall 0.2799 - f1 0.3102 
INFO:root:TRAIN measures@1000 for class 1 - precision 0.7822 - recall 0.8313 - f1 0.8060 
INFO:root:TRAIN Total epoch time: 0.37057400699995924
INFO:root:################ VALID epoch 23 ###################
INFO:root:VALID mean losses tensor(1.6987)
INFO:root:VALID mean errors 0.26595744490623474
INFO:root:VALID mean MRR 0.0 - mean MAP 0.8899844288825989
INFO:root:VALID tp {0: tensor(0), 1: tensor(207)},fn {0: tensor(69), 1: tensor(6)},fp {0: tensor(6), 1: tensor(69)}
INFO:root:VALID measures microavg - precision 0.7340 - recall 0.7340 - f1 0.7340 
INFO:root:VALID measures for class 0 - precision 0.0000 - recall 0.0000 - f1 0.0000 
INFO:root:VALID measures for class 1 - precision 0.7500 - recall 0.9718 - f1 0.8466 
INFO:root:VALID measures@10 microavg - precision 0.8000 - recall 0.1702 - f1 0.2807 
INFO:root:VALID measures@10 for class 0 - precision 0.0000 - recall 0.0000 - f1 0.0000 
INFO:root:VALID measures@10 for class 1 - precision 0.8000 - recall 0.2254 - f1 0.3516 
INFO:root:VALID measures@100 microavg - precision 0.5638 - recall 0.5638 - f1 0.5638 
INFO:root:VALID measures@100 for class 0 - precision 0.2632 - recall 0.4348 - f1 0.3279 
INFO:root:VALID measures@100 for class 1 - precision 0.7679 - recall 0.6056 - f1 0.6772 
INFO:root:VALID measures@1000 microavg - precision 0.5638 - recall 0.5638 - f1 0.5638 
INFO:root:VALID measures@1000 for class 0 - precision 0.2632 - recall 0.4348 - f1 0.3279 
INFO:root:VALID measures@1000 for class 1 - precision 0.7679 - recall 0.6056 - f1 0.6772 
INFO:root:VALID Total epoch time: 0.038108094000108395
INFO:root:################ TRAIN epoch 24 ###################
INFO:root:TRAIN mean losses tensor(1.6755)
INFO:root:TRAIN mean errors 0.2539007067680359
INFO:root:TRAIN mean MRR 0.0 - mean MAP 0.9084612727165222
INFO:root:TRAIN tp {0: tensor(4), 1: tensor(1048)},fn {0: tensor(339), 1: tensor(19)},fp {0: tensor(19), 1: tensor(339)}
INFO:root:TRAIN measures microavg - precision 0.7461 - recall 0.7461 - f1 0.7461 
INFO:root:TRAIN measures for class 0 - precision 0.1739 - recall 0.0117 - f1 0.0219 
INFO:root:TRAIN measures for class 1 - precision 0.7556 - recall 0.9822 - f1 0.8541 
INFO:root:TRAIN measures@10 microavg - precision 0.8553 - recall 0.1929 - f1 0.3148 
INFO:root:TRAIN measures@10 for class 0 - precision 0.3704 - recall 0.0292 - f1 0.0541 
INFO:root:TRAIN measures@10 for class 1 - precision 0.9003 - recall 0.2455 - f1 0.3859 
INFO:root:TRAIN measures@100 microavg - precision 0.5596 - recall 0.5596 - f1 0.5596 
INFO:root:TRAIN measures@100 for class 0 - precision 0.2612 - recall 0.4431 - f1 0.3286 
INFO:root:TRAIN measures@100 for class 1 - precision 0.7693 - recall 0.5970 - f1 0.6723 
INFO:root:TRAIN measures@1000 microavg - precision 0.5596 - recall 0.5596 - f1 0.5596 
INFO:root:TRAIN measures@1000 for class 0 - precision 0.2612 - recall 0.4431 - f1 0.3286 
INFO:root:TRAIN measures@1000 for class 1 - precision 0.7693 - recall 0.5970 - f1 0.6723 
INFO:root:TRAIN Total epoch time: 0.3694872050000413
INFO:root:################ VALID epoch 24 ###################
INFO:root:VALID mean losses tensor(2.2066)
INFO:root:VALID mean errors 0.24468085169792175
INFO:root:VALID mean MRR 0.0 - mean MAP 0.9306197762489319
INFO:root:VALID tp {0: tensor(0), 1: tensor(213)},fn {0: tensor(69), 1: tensor(0)},fp {0: tensor(0), 1: tensor(69)}
INFO:root:VALID measures microavg - precision 0.7553 - recall 0.7553 - f1 0.7553 
INFO:root:VALID measures for class 0 - precision 0.0000 - recall 0.0000 - f1 0.0000 
INFO:root:VALID measures for class 1 - precision 0.7553 - recall 1.0000 - f1 0.8606 
INFO:root:VALID measures@10 microavg - precision 0.8676 - recall 0.2092 - f1 0.3371 
INFO:root:VALID measures@10 for class 0 - precision 0.6250 - recall 0.0725 - f1 0.1299 
INFO:root:VALID measures@10 for class 1 - precision 0.9000 - recall 0.2535 - f1 0.3956 
INFO:root:VALID measures@100 microavg - precision 0.5957 - recall 0.5957 - f1 0.5957 
INFO:root:VALID measures@100 for class 0 - precision 0.2857 - recall 0.4348 - f1 0.3448 
INFO:root:VALID measures@100 for class 1 - precision 0.7797 - recall 0.6479 - f1 0.7077 
INFO:root:VALID measures@1000 microavg - precision 0.5957 - recall 0.5957 - f1 0.5957 
INFO:root:VALID measures@1000 for class 0 - precision 0.2857 - recall 0.4348 - f1 0.3448 
INFO:root:VALID measures@1000 for class 1 - precision 0.7797 - recall 0.6479 - f1 0.7077 
INFO:root:VALID Total epoch time: 0.03886117699994429
INFO:root:################ TEST epoch 24 ###################
INFO:root:TEST batch 1 / 7 - partial error 0.2128 - partial loss 1.5081 - partial MRR  0.0000 - partial MAP 0.9547
INFO:root:TEST batch 1 / 7 -  partial tp {0: tensor(0), 1: tensor(37)},fn {0: tensor(10), 1: tensor(0)},fp {0: tensor(0), 1: tensor(10)}
INFO:root:TEST batch 1 / 7 - measures partial microavg - precision 0.7872 - recall 0.7872 - f1 0.7872 
INFO:root:TEST batch 1 / 7 - measures partial for class 0 - precision 0.0000 - recall 0.0000 - f1 0.0000 
INFO:root:TEST batch 1 / 7 - measures partial for class 1 - precision 0.7872 - recall 1.0000 - f1 0.8810 
INFO:root:TEST batch 1 / 7 - Batch time 0 
INFO:root:TEST batch 2 / 7 - partial error 0.2340 - partial loss 1.8583 - partial MRR  0.0000 - partial MAP 0.9478
INFO:root:TEST batch 2 / 7 -  partial tp {0: tensor(0), 1: tensor(35)},fn {0: tensor(12), 1: tensor(0)},fp {0: tensor(0), 1: tensor(12)}
INFO:root:TEST batch 2 / 7 - measures partial microavg - precision 0.7447 - recall 0.7447 - f1 0.7447 
INFO:root:TEST batch 2 / 7 - measures partial for class 0 - precision 0.0000 - recall 0.0000 - f1 0.0000 
INFO:root:TEST batch 2 / 7 - measures partial for class 1 - precision 0.7447 - recall 1.0000 - f1 0.8537 
INFO:root:TEST batch 2 / 7 - Batch time 0 
INFO:root:TEST batch 3 / 7 - partial error 0.2553 - partial loss 4.9556 - partial MRR  0.0000 - partial MAP 0.8595
INFO:root:TEST batch 3 / 7 -  partial tp {0: tensor(0), 1: tensor(33)},fn {0: tensor(14), 1: tensor(0)},fp {0: tensor(0), 1: tensor(14)}
INFO:root:TEST batch 3 / 7 - measures partial microavg - precision 0.7021 - recall 0.7021 - f1 0.7021 
INFO:root:TEST batch 3 / 7 - measures partial for class 0 - precision 0.0000 - recall 0.0000 - f1 0.0000 
INFO:root:TEST batch 3 / 7 - measures partial for class 1 - precision 0.7021 - recall 1.0000 - f1 0.8250 
INFO:root:TEST batch 3 / 7 - Batch time 0 
INFO:root:TEST batch 4 / 7 - partial error 0.2553 - partial loss 4.2120 - partial MRR  0.0000 - partial MAP 0.8764
INFO:root:TEST batch 4 / 7 -  partial tp {0: tensor(0), 1: tensor(35)},fn {0: tensor(12), 1: tensor(0)},fp {0: tensor(0), 1: tensor(12)}
INFO:root:TEST batch 4 / 7 - measures partial microavg - precision 0.7447 - recall 0.7447 - f1 0.7447 
INFO:root:TEST batch 4 / 7 - measures partial for class 0 - precision 0.0000 - recall 0.0000 - f1 0.0000 
INFO:root:TEST batch 4 / 7 - measures partial for class 1 - precision 0.7447 - recall 1.0000 - f1 0.8537 
INFO:root:TEST batch 4 / 7 - Batch time 0 
INFO:root:TEST batch 5 / 7 - partial error 0.2638 - partial loss 3.9318 - partial MRR  0.0000 - partial MAP 0.8849
INFO:root:TEST batch 5 / 7 -  partial tp {0: tensor(0), 1: tensor(33)},fn {0: tensor(14), 1: tensor(0)},fp {0: tensor(0), 1: tensor(14)}
INFO:root:TEST batch 5 / 7 - measures partial microavg - precision 0.7021 - recall 0.7021 - f1 0.7021 
INFO:root:TEST batch 5 / 7 - measures partial for class 0 - precision 0.0000 - recall 0.0000 - f1 0.0000 
INFO:root:TEST batch 5 / 7 - measures partial for class 1 - precision 0.7021 - recall 1.0000 - f1 0.8250 
INFO:root:TEST batch 5 / 7 - Batch time 0 
INFO:root:TEST batch 6 / 7 - partial error 0.2660 - partial loss 3.7252 - partial MRR  0.0000 - partial MAP 0.8929
INFO:root:TEST batch 6 / 7 -  partial tp {0: tensor(0), 1: tensor(34)},fn {0: tensor(13), 1: tensor(0)},fp {0: tensor(0), 1: tensor(13)}
INFO:root:TEST batch 6 / 7 - measures partial microavg - precision 0.7234 - recall 0.7234 - f1 0.7234 
INFO:root:TEST batch 6 / 7 - measures partial for class 0 - precision 0.0000 - recall 0.0000 - f1 0.0000 
INFO:root:TEST batch 6 / 7 - measures partial for class 1 - precision 0.7234 - recall 1.0000 - f1 0.8395 
INFO:root:TEST batch 6 / 7 - Batch time 0 
INFO:root:TEST batch 7 / 7 - partial error 0.2736 - partial loss 3.7258 - partial MRR  0.0000 - partial MAP 0.8892
INFO:root:TEST batch 7 / 7 -  partial tp {0: tensor(0), 1: tensor(32)},fn {0: tensor(15), 1: tensor(0)},fp {0: tensor(0), 1: tensor(15)}
INFO:root:TEST batch 7 / 7 - measures partial microavg - precision 0.6809 - recall 0.6809 - f1 0.6809 
INFO:root:TEST batch 7 / 7 - measures partial for class 0 - precision 0.0000 - recall 0.0000 - f1 0.0000 
INFO:root:TEST batch 7 / 7 - measures partial for class 1 - precision 0.6809 - recall 1.0000 - f1 0.8101 
INFO:root:TEST batch 7 / 7 - Batch time 0 
INFO:root:TEST mean losses tensor(3.7258)
INFO:root:TEST mean errors 0.2735562324523926
INFO:root:TEST mean MRR 0.0 - mean MAP 0.8891569972038269
INFO:root:TEST tp {0: tensor(0), 1: tensor(239)},fn {0: tensor(90), 1: tensor(0)},fp {0: tensor(0), 1: tensor(90)}
INFO:root:TEST measures microavg - precision 0.7264 - recall 0.7264 - f1 0.7264 
INFO:root:TEST measures for class 0 - precision 0.0000 - recall 0.0000 - f1 0.0000 
INFO:root:TEST measures for class 1 - precision 0.7264 - recall 1.0000 - f1 0.8415 
INFO:root:TEST measures@10 microavg - precision 0.9429 - recall 0.2006 - f1 0.3308 
INFO:root:TEST measures@10 for class 0 - precision 0.0000 - recall 0.0000 - f1 0.0000 
INFO:root:TEST measures@10 for class 1 - precision 0.9429 - recall 0.2762 - f1 0.4272 
INFO:root:TEST measures@100 microavg - precision 0.6900 - recall 0.6900 - f1 0.6900 
INFO:root:TEST measures@100 for class 0 - precision 0.3696 - recall 0.1889 - f1 0.2500 
INFO:root:TEST measures@100 for class 1 - precision 0.7420 - recall 0.8787 - f1 0.8046 
INFO:root:TEST measures@1000 microavg - precision 0.6900 - recall 0.6900 - f1 0.6900 
INFO:root:TEST measures@1000 for class 0 - precision 0.3696 - recall 0.1889 - f1 0.2500 
INFO:root:TEST measures@1000 for class 1 - precision 0.7420 - recall 0.8787 - f1 0.8046 
INFO:root:TEST Total epoch time: 0.05119952999984889
INFO:root:################ TRAIN epoch 25 ###################
INFO:root:TRAIN mean losses tensor(2.4746)
INFO:root:TRAIN mean errors 0.2460992932319641
INFO:root:TRAIN mean MRR 0.0 - mean MAP 0.9133379459381104
INFO:root:TRAIN tp {0: tensor(3), 1: tensor(1060)},fn {0: tensor(340), 1: tensor(7)},fp {0: tensor(7), 1: tensor(340)}
INFO:root:TRAIN measures microavg - precision 0.7539 - recall 0.7539 - f1 0.7539 
INFO:root:TRAIN measures for class 0 - precision 0.3000 - recall 0.0087 - f1 0.0170 
INFO:root:TRAIN measures for class 1 - precision 0.7571 - recall 0.9934 - f1 0.8593 
INFO:root:TRAIN measures@10 microavg - precision 0.9314 - recall 0.2021 - f1 0.3322 
INFO:root:TRAIN measures@10 for class 0 - precision 0.8333 - recall 0.0146 - f1 0.0287 
INFO:root:TRAIN measures@10 for class 1 - precision 0.9333 - recall 0.2624 - f1 0.4097 
INFO:root:TRAIN measures@100 microavg - precision 0.6816 - recall 0.6816 - f1 0.6816 
INFO:root:TRAIN measures@100 for class 0 - precision 0.3121 - recall 0.2566 - f1 0.2816 
INFO:root:TRAIN measures@100 for class 1 - precision 0.7739 - recall 0.8182 - f1 0.7954 
INFO:root:TRAIN measures@1000 microavg - precision 0.6816 - recall 0.6816 - f1 0.6816 
INFO:root:TRAIN measures@1000 for class 0 - precision 0.3121 - recall 0.2566 - f1 0.2816 
INFO:root:TRAIN measures@1000 for class 1 - precision 0.7739 - recall 0.8182 - f1 0.7954 
INFO:root:TRAIN Total epoch time: 0.36993174300005194
INFO:root:################ VALID epoch 25 ###################
INFO:root:VALID mean losses tensor(1.3751)
INFO:root:VALID mean errors 0.24113474786281586
INFO:root:VALID mean MRR 0.0 - mean MAP 0.888849675655365
INFO:root:VALID tp {0: tensor(1), 1: tensor(213)},fn {0: tensor(68), 1: tensor(0)},fp {0: tensor(0), 1: tensor(68)}
INFO:root:VALID measures microavg - precision 0.7589 - recall 0.7589 - f1 0.7589 
INFO:root:VALID measures for class 0 - precision 1.0000 - recall 0.0145 - f1 0.0286 
INFO:root:VALID measures for class 1 - precision 0.7580 - recall 1.0000 - f1 0.8623 
INFO:root:VALID measures@10 microavg - precision 0.7969 - recall 0.1809 - f1 0.2948 
INFO:root:VALID measures@10 for class 0 - precision 0.5000 - recall 0.0290 - f1 0.0548 
INFO:root:VALID measures@10 for class 1 - precision 0.8167 - recall 0.2300 - f1 0.3590 
INFO:root:VALID measures@100 microavg - precision 0.5390 - recall 0.5390 - f1 0.5390 
INFO:root:VALID measures@100 for class 0 - precision 0.2636 - recall 0.4928 - f1 0.3434 
INFO:root:VALID measures@100 for class 1 - precision 0.7712 - recall 0.5540 - f1 0.6448 
INFO:root:VALID measures@1000 microavg - precision 0.5390 - recall 0.5390 - f1 0.5390 
INFO:root:VALID measures@1000 for class 0 - precision 0.2636 - recall 0.4928 - f1 0.3434 
INFO:root:VALID measures@1000 for class 1 - precision 0.7712 - recall 0.5540 - f1 0.6448 
INFO:root:VALID Total epoch time: 0.04250894500000868
INFO:root:################ TEST epoch 25 ###################
INFO:root:TEST batch 1 / 7 - partial error 0.2128 - partial loss 1.0314 - partial MRR  0.0000 - partial MAP 0.9099
INFO:root:TEST batch 1 / 7 -  partial tp {0: tensor(0), 1: tensor(37)},fn {0: tensor(10), 1: tensor(0)},fp {0: tensor(0), 1: tensor(10)}
INFO:root:TEST batch 1 / 7 - measures partial microavg - precision 0.7872 - recall 0.7872 - f1 0.7872 
INFO:root:TEST batch 1 / 7 - measures partial for class 0 - precision 0.0000 - recall 0.0000 - f1 0.0000 
INFO:root:TEST batch 1 / 7 - measures partial for class 1 - precision 0.7872 - recall 1.0000 - f1 0.8810 
INFO:root:TEST batch 1 / 7 - Batch time 0 
INFO:root:TEST batch 2 / 7 - partial error 0.2340 - partial loss 1.2487 - partial MRR  0.0000 - partial MAP 0.8918
INFO:root:TEST batch 2 / 7 -  partial tp {0: tensor(0), 1: tensor(35)},fn {0: tensor(12), 1: tensor(0)},fp {0: tensor(0), 1: tensor(12)}
INFO:root:TEST batch 2 / 7 - measures partial microavg - precision 0.7447 - recall 0.7447 - f1 0.7447 
INFO:root:TEST batch 2 / 7 - measures partial for class 0 - precision 0.0000 - recall 0.0000 - f1 0.0000 
INFO:root:TEST batch 2 / 7 - measures partial for class 1 - precision 0.7447 - recall 1.0000 - f1 0.8537 
INFO:root:TEST batch 2 / 7 - Batch time 0 
INFO:root:TEST batch 3 / 7 - partial error 0.2553 - partial loss 2.1601 - partial MRR  0.0000 - partial MAP 0.8724
INFO:root:TEST batch 3 / 7 -  partial tp {0: tensor(0), 1: tensor(33)},fn {0: tensor(14), 1: tensor(0)},fp {0: tensor(0), 1: tensor(14)}
INFO:root:TEST batch 3 / 7 - measures partial microavg - precision 0.7021 - recall 0.7021 - f1 0.7021 
INFO:root:TEST batch 3 / 7 - measures partial for class 0 - precision 0.0000 - recall 0.0000 - f1 0.0000 
INFO:root:TEST batch 3 / 7 - measures partial for class 1 - precision 0.7021 - recall 1.0000 - f1 0.8250 
INFO:root:TEST batch 3 / 7 - Batch time 0 
INFO:root:TEST batch 4 / 7 - partial error 0.2553 - partial loss 1.9995 - partial MRR  0.0000 - partial MAP 0.8698
INFO:root:TEST batch 4 / 7 -  partial tp {0: tensor(0), 1: tensor(35)},fn {0: tensor(12), 1: tensor(0)},fp {0: tensor(0), 1: tensor(12)}
INFO:root:TEST batch 4 / 7 - measures partial microavg - precision 0.7447 - recall 0.7447 - f1 0.7447 
INFO:root:TEST batch 4 / 7 - measures partial for class 0 - precision 0.0000 - recall 0.0000 - f1 0.0000 
INFO:root:TEST batch 4 / 7 - measures partial for class 1 - precision 0.7447 - recall 1.0000 - f1 0.8537 
INFO:root:TEST batch 4 / 7 - Batch time 0 
INFO:root:TEST batch 5 / 7 - partial error 0.2638 - partial loss 1.9365 - partial MRR  0.0000 - partial MAP 0.8686
INFO:root:TEST batch 5 / 7 -  partial tp {0: tensor(0), 1: tensor(33)},fn {0: tensor(14), 1: tensor(0)},fp {0: tensor(0), 1: tensor(14)}
INFO:root:TEST batch 5 / 7 - measures partial microavg - precision 0.7021 - recall 0.7021 - f1 0.7021 
INFO:root:TEST batch 5 / 7 - measures partial for class 0 - precision 0.0000 - recall 0.0000 - f1 0.0000 
INFO:root:TEST batch 5 / 7 - measures partial for class 1 - precision 0.7021 - recall 1.0000 - f1 0.8250 
INFO:root:TEST batch 5 / 7 - Batch time 0 
INFO:root:TEST batch 6 / 7 - partial error 0.2660 - partial loss 1.8640 - partial MRR  0.0000 - partial MAP 0.8647
INFO:root:TEST batch 6 / 7 -  partial tp {0: tensor(0), 1: tensor(34)},fn {0: tensor(13), 1: tensor(0)},fp {0: tensor(0), 1: tensor(13)}
INFO:root:TEST batch 6 / 7 - measures partial microavg - precision 0.7234 - recall 0.7234 - f1 0.7234 
INFO:root:TEST batch 6 / 7 - measures partial for class 0 - precision 0.0000 - recall 0.0000 - f1 0.0000 
INFO:root:TEST batch 6 / 7 - measures partial for class 1 - precision 0.7234 - recall 1.0000 - f1 0.8395 
INFO:root:TEST batch 6 / 7 - Batch time 0 
INFO:root:TEST batch 7 / 7 - partial error 0.2705 - partial loss 1.8385 - partial MRR  0.0000 - partial MAP 0.8617
INFO:root:TEST batch 7 / 7 -  partial tp {0: tensor(1), 1: tensor(32)},fn {0: tensor(14), 1: tensor(0)},fp {0: tensor(0), 1: tensor(14)}
INFO:root:TEST batch 7 / 7 - measures partial microavg - precision 0.7021 - recall 0.7021 - f1 0.7021 
INFO:root:TEST batch 7 / 7 - measures partial for class 0 - precision 1.0000 - recall 0.0667 - f1 0.1250 
INFO:root:TEST batch 7 / 7 - measures partial for class 1 - precision 0.6957 - recall 1.0000 - f1 0.8205 
INFO:root:TEST batch 7 / 7 - Batch time 0 
INFO:root:TEST mean losses tensor(1.8385)
INFO:root:TEST mean errors 0.2705167233943939
INFO:root:TEST mean MRR 0.0 - mean MAP 0.8616788387298584
INFO:root:TEST tp {0: tensor(1), 1: tensor(239)},fn {0: tensor(89), 1: tensor(0)},fp {0: tensor(0), 1: tensor(89)}
INFO:root:TEST measures microavg - precision 0.7295 - recall 0.7295 - f1 0.7295 
INFO:root:TEST measures for class 0 - precision 1.0000 - recall 0.0111 - f1 0.0220 
INFO:root:TEST measures for class 1 - precision 0.7287 - recall 1.0000 - f1 0.8430 
INFO:root:TEST measures@10 microavg - precision 0.8243 - recall 0.1854 - f1 0.3027 
INFO:root:TEST measures@10 for class 0 - precision 0.2500 - recall 0.0111 - f1 0.0213 
INFO:root:TEST measures@10 for class 1 - precision 0.8571 - recall 0.2510 - f1 0.3883 
INFO:root:TEST measures@100 microavg - precision 0.5289 - recall 0.5289 - f1 0.5289 
INFO:root:TEST measures@100 for class 0 - precision 0.2848 - recall 0.4778 - f1 0.3568 
INFO:root:TEST measures@100 for class 1 - precision 0.7360 - recall 0.5481 - f1 0.6283 
INFO:root:TEST measures@1000 microavg - precision 0.5289 - recall 0.5289 - f1 0.5289 
INFO:root:TEST measures@1000 for class 0 - precision 0.2848 - recall 0.4778 - f1 0.3568 
INFO:root:TEST measures@1000 for class 1 - precision 0.7360 - recall 0.5481 - f1 0.6283 
INFO:root:TEST Total epoch time: 0.06267396800012648
INFO:root:################ TRAIN epoch 26 ###################
INFO:root:TRAIN mean losses tensor(4.2102)
INFO:root:TRAIN mean errors 0.25815603137016296
INFO:root:TRAIN mean MRR 0.0 - mean MAP 0.8340783715248108
INFO:root:TRAIN tp {0: tensor(15), 1: tensor(1031)},fn {0: tensor(328), 1: tensor(36)},fp {0: tensor(36), 1: tensor(328)}
INFO:root:TRAIN measures microavg - precision 0.7418 - recall 0.7418 - f1 0.7418 
INFO:root:TRAIN measures for class 0 - precision 0.2941 - recall 0.0437 - f1 0.0761 
INFO:root:TRAIN measures for class 1 - precision 0.7586 - recall 0.9663 - f1 0.8500 
INFO:root:TRAIN measures@10 microavg - precision 0.8946 - recall 0.1986 - f1 0.3250 
INFO:root:TRAIN measures@10 for class 0 - precision 0.3182 - recall 0.0204 - f1 0.0384 
INFO:root:TRAIN measures@10 for class 1 - precision 0.9381 - recall 0.2559 - f1 0.4021 
INFO:root:TRAIN measures@100 microavg - precision 0.6688 - recall 0.6688 - f1 0.6688 
INFO:root:TRAIN measures@100 for class 0 - precision 0.2877 - recall 0.2449 - f1 0.2646 
INFO:root:TRAIN measures@100 for class 1 - precision 0.7683 - recall 0.8051 - f1 0.7863 
INFO:root:TRAIN measures@1000 microavg - precision 0.6688 - recall 0.6688 - f1 0.6688 
INFO:root:TRAIN measures@1000 for class 0 - precision 0.2877 - recall 0.2449 - f1 0.2646 
INFO:root:TRAIN measures@1000 for class 1 - precision 0.7683 - recall 0.8051 - f1 0.7863 
INFO:root:TRAIN Total epoch time: 0.5196119530000942
INFO:root:################ VALID epoch 26 ###################
INFO:root:VALID mean losses tensor(1.5129)
INFO:root:VALID mean errors 0.24822695553302765
INFO:root:VALID mean MRR 0.0 - mean MAP 0.887933075428009
INFO:root:VALID tp {0: tensor(0), 1: tensor(212)},fn {0: tensor(69), 1: tensor(1)},fp {0: tensor(1), 1: tensor(69)}
INFO:root:VALID measures microavg - precision 0.7518 - recall 0.7518 - f1 0.7518 
INFO:root:VALID measures for class 0 - precision 0.0000 - recall 0.0000 - f1 0.0000 
INFO:root:VALID measures for class 1 - precision 0.7544 - recall 0.9953 - f1 0.8583 
INFO:root:VALID measures@10 microavg - precision 0.8033 - recall 0.1738 - f1 0.2857 
INFO:root:VALID measures@10 for class 0 - precision 0.0000 - recall 0.0000 - f1 0.0000 
INFO:root:VALID measures@10 for class 1 - precision 0.8167 - recall 0.2300 - f1 0.3590 
INFO:root:VALID measures@100 microavg - precision 0.5213 - recall 0.5213 - f1 0.5213 
INFO:root:VALID measures@100 for class 0 - precision 0.2203 - recall 0.3768 - f1 0.2781 
INFO:root:VALID measures@100 for class 1 - precision 0.7378 - recall 0.5681 - f1 0.6419 
INFO:root:VALID measures@1000 microavg - precision 0.5213 - recall 0.5213 - f1 0.5213 
INFO:root:VALID measures@1000 for class 0 - precision 0.2203 - recall 0.3768 - f1 0.2781 
INFO:root:VALID measures@1000 for class 1 - precision 0.7378 - recall 0.5681 - f1 0.6419 
INFO:root:VALID Total epoch time: 0.03906022999990455
INFO:root:################ TRAIN epoch 27 ###################
INFO:root:TRAIN mean losses tensor(3.2798)
INFO:root:TRAIN mean errors 0.24539007246494293
INFO:root:TRAIN mean MRR 0.0 - mean MAP 0.8678818941116333
INFO:root:TRAIN tp {0: tensor(3), 1: tensor(1061)},fn {0: tensor(340), 1: tensor(6)},fp {0: tensor(6), 1: tensor(340)}
INFO:root:TRAIN measures microavg - precision 0.7546 - recall 0.7546 - f1 0.7546 
INFO:root:TRAIN measures for class 0 - precision 0.3333 - recall 0.0087 - f1 0.0170 
INFO:root:TRAIN measures for class 1 - precision 0.7573 - recall 0.9944 - f1 0.8598 
INFO:root:TRAIN measures@10 microavg - precision 0.8769 - recall 0.2021 - f1 0.3285 
INFO:root:TRAIN measures@10 for class 0 - precision 0.4800 - recall 0.0350 - f1 0.0652 
INFO:root:TRAIN measures@10 for class 1 - precision 0.9100 - recall 0.2559 - f1 0.3994 
INFO:root:TRAIN measures@100 microavg - precision 0.6397 - recall 0.6397 - f1 0.6397 
INFO:root:TRAIN measures@100 for class 0 - precision 0.2727 - recall 0.2886 - f1 0.2805 
INFO:root:TRAIN measures@100 for class 1 - precision 0.7670 - recall 0.7526 - f1 0.7597 
INFO:root:TRAIN measures@1000 microavg - precision 0.6397 - recall 0.6397 - f1 0.6397 
INFO:root:TRAIN measures@1000 for class 0 - precision 0.2727 - recall 0.2886 - f1 0.2805 
INFO:root:TRAIN measures@1000 for class 1 - precision 0.7670 - recall 0.7526 - f1 0.7597 
INFO:root:TRAIN Total epoch time: 0.37559384599990153
INFO:root:################ VALID epoch 27 ###################
INFO:root:VALID mean losses tensor(1.5795)
INFO:root:VALID mean errors 0.24822695553302765
INFO:root:VALID mean MRR 0.0 - mean MAP 0.8935118913650513
INFO:root:VALID tp {0: tensor(0), 1: tensor(212)},fn {0: tensor(69), 1: tensor(1)},fp {0: tensor(1), 1: tensor(69)}
INFO:root:VALID measures microavg - precision 0.7518 - recall 0.7518 - f1 0.7518 
INFO:root:VALID measures for class 0 - precision 0.0000 - recall 0.0000 - f1 0.0000 
INFO:root:VALID measures for class 1 - precision 0.7544 - recall 0.9953 - f1 0.8583 
INFO:root:VALID measures@10 microavg - precision 0.7538 - recall 0.1738 - f1 0.2824 
INFO:root:VALID measures@10 for class 0 - precision 0.2000 - recall 0.0145 - f1 0.0270 
INFO:root:VALID measures@10 for class 1 - precision 0.8000 - recall 0.2254 - f1 0.3516 
INFO:root:VALID measures@100 microavg - precision 0.5177 - recall 0.5177 - f1 0.5177 
INFO:root:VALID measures@100 for class 0 - precision 0.2443 - recall 0.4638 - f1 0.3200 
INFO:root:VALID measures@100 for class 1 - precision 0.7550 - recall 0.5352 - f1 0.6264 
INFO:root:VALID measures@1000 microavg - precision 0.5177 - recall 0.5177 - f1 0.5177 
INFO:root:VALID measures@1000 for class 0 - precision 0.2443 - recall 0.4638 - f1 0.3200 
INFO:root:VALID measures@1000 for class 1 - precision 0.7550 - recall 0.5352 - f1 0.6264 
INFO:root:VALID Total epoch time: 0.046731829999771435
INFO:root:################ TRAIN epoch 28 ###################
INFO:root:TRAIN mean losses tensor(1.6859)
INFO:root:TRAIN mean errors 0.25248226523399353
INFO:root:TRAIN mean MRR 0.0 - mean MAP 0.8976758122444153
INFO:root:TRAIN tp {0: tensor(1), 1: tensor(1053)},fn {0: tensor(342), 1: tensor(14)},fp {0: tensor(14), 1: tensor(342)}
INFO:root:TRAIN measures microavg - precision 0.7475 - recall 0.7475 - f1 0.7475 
INFO:root:TRAIN measures for class 0 - precision 0.0667 - recall 0.0029 - f1 0.0056 
INFO:root:TRAIN measures for class 1 - precision 0.7548 - recall 0.9869 - f1 0.8554 
INFO:root:TRAIN measures@10 microavg - precision 0.8598 - recall 0.1957 - f1 0.3189 
INFO:root:TRAIN measures@10 for class 0 - precision 0.7143 - recall 0.0437 - f1 0.0824 
INFO:root:TRAIN measures@10 for class 1 - precision 0.8700 - recall 0.2446 - f1 0.3819 
INFO:root:TRAIN measures@100 microavg - precision 0.5787 - recall 0.5787 - f1 0.5787 
INFO:root:TRAIN measures@100 for class 0 - precision 0.2787 - recall 0.4606 - f1 0.3473 
INFO:root:TRAIN measures@100 for class 1 - precision 0.7805 - recall 0.6167 - f1 0.6890 
INFO:root:TRAIN measures@1000 microavg - precision 0.5787 - recall 0.5787 - f1 0.5787 
INFO:root:TRAIN measures@1000 for class 0 - precision 0.2787 - recall 0.4606 - f1 0.3473 
INFO:root:TRAIN measures@1000 for class 1 - precision 0.7805 - recall 0.6167 - f1 0.6890 
INFO:root:TRAIN Total epoch time: 0.36805304000017713
INFO:root:################ VALID epoch 28 ###################
INFO:root:VALID mean losses tensor(1.5365)
INFO:root:VALID mean errors 0.24468085169792175
INFO:root:VALID mean MRR 0.0 - mean MAP 0.9214187264442444
INFO:root:VALID tp {0: tensor(0), 1: tensor(213)},fn {0: tensor(69), 1: tensor(0)},fp {0: tensor(0), 1: tensor(69)}
INFO:root:VALID measures microavg - precision 0.7553 - recall 0.7553 - f1 0.7553 
INFO:root:VALID measures for class 0 - precision 0.0000 - recall 0.0000 - f1 0.0000 
INFO:root:VALID measures for class 1 - precision 0.7553 - recall 1.0000 - f1 0.8606 
INFO:root:VALID measures@10 microavg - precision 0.9167 - recall 0.1950 - f1 0.3216 
INFO:root:VALID measures@10 for class 0 - precision 0.0000 - recall 0.0000 - f1 0.0000 
INFO:root:VALID measures@10 for class 1 - precision 0.9167 - recall 0.2582 - f1 0.4029 
INFO:root:VALID measures@100 microavg - precision 0.6241 - recall 0.6241 - f1 0.6241 
INFO:root:VALID measures@100 for class 0 - precision 0.2466 - recall 0.2609 - f1 0.2535 
INFO:root:VALID measures@100 for class 1 - precision 0.7560 - recall 0.7418 - f1 0.7488 
INFO:root:VALID measures@1000 microavg - precision 0.6241 - recall 0.6241 - f1 0.6241 
INFO:root:VALID measures@1000 for class 0 - precision 0.2466 - recall 0.2609 - f1 0.2535 
INFO:root:VALID measures@1000 for class 1 - precision 0.7560 - recall 0.7418 - f1 0.7488 
INFO:root:VALID Total epoch time: 0.03892023399976097
INFO:root:################ TRAIN epoch 29 ###################
INFO:root:TRAIN mean losses tensor(1.4018)
INFO:root:TRAIN mean errors 0.24184396862983704
INFO:root:TRAIN mean MRR 0.0 - mean MAP 0.9113444685935974
INFO:root:TRAIN tp {0: tensor(8), 1: tensor(1061)},fn {0: tensor(335), 1: tensor(6)},fp {0: tensor(6), 1: tensor(335)}
INFO:root:TRAIN measures microavg - precision 0.7582 - recall 0.7582 - f1 0.7582 
INFO:root:TRAIN measures for class 0 - precision 0.5714 - recall 0.0233 - f1 0.0448 
INFO:root:TRAIN measures for class 1 - precision 0.7600 - recall 0.9944 - f1 0.8616 
INFO:root:TRAIN measures@10 microavg - precision 0.8750 - recall 0.1936 - f1 0.3171 
INFO:root:TRAIN measures@10 for class 0 - precision 0.6667 - recall 0.0233 - f1 0.0451 
INFO:root:TRAIN measures@10 for class 1 - precision 0.8833 - recall 0.2484 - f1 0.3877 
INFO:root:TRAIN measures@100 microavg - precision 0.5972 - recall 0.5972 - f1 0.5972 
INFO:root:TRAIN measures@100 for class 0 - precision 0.2781 - recall 0.4111 - f1 0.3318 
INFO:root:TRAIN measures@100 for class 1 - precision 0.7763 - recall 0.6570 - f1 0.7117 
INFO:root:TRAIN measures@1000 microavg - precision 0.5972 - recall 0.5972 - f1 0.5972 
INFO:root:TRAIN measures@1000 for class 0 - precision 0.2781 - recall 0.4111 - f1 0.3318 
INFO:root:TRAIN measures@1000 for class 1 - precision 0.7763 - recall 0.6570 - f1 0.7117 
INFO:root:TRAIN Total epoch time: 0.3714237740000499
INFO:root:################ VALID epoch 29 ###################
INFO:root:VALID mean losses tensor(1.1960)
INFO:root:VALID mean errors 0.24468085169792175
INFO:root:VALID mean MRR 0.0 - mean MAP 0.9263860583305359
INFO:root:VALID tp {0: tensor(0), 1: tensor(213)},fn {0: tensor(69), 1: tensor(0)},fp {0: tensor(0), 1: tensor(69)}
INFO:root:VALID measures microavg - precision 0.7553 - recall 0.7553 - f1 0.7553 
INFO:root:VALID measures for class 0 - precision 0.0000 - recall 0.0000 - f1 0.0000 
INFO:root:VALID measures for class 1 - precision 0.7553 - recall 1.0000 - f1 0.8606 
INFO:root:VALID measures@10 microavg - precision 0.9016 - recall 0.1950 - f1 0.3207 
INFO:root:VALID measures@10 for class 0 - precision 1.0000 - recall 0.0145 - f1 0.0286 
INFO:root:VALID measures@10 for class 1 - precision 0.9000 - recall 0.2535 - f1 0.3956 
INFO:root:VALID measures@100 microavg - precision 0.6915 - recall 0.6915 - f1 0.6915 
INFO:root:VALID measures@100 for class 0 - precision 0.3750 - recall 0.3913 - f1 0.3830 
INFO:root:VALID measures@100 for class 1 - precision 0.8000 - recall 0.7887 - f1 0.7943 
INFO:root:VALID measures@1000 microavg - precision 0.6915 - recall 0.6915 - f1 0.6915 
INFO:root:VALID measures@1000 for class 0 - precision 0.3750 - recall 0.3913 - f1 0.3830 
INFO:root:VALID measures@1000 for class 1 - precision 0.8000 - recall 0.7887 - f1 0.7943 
INFO:root:VALID Total epoch time: 0.03864765400021497
INFO:root:################ TRAIN epoch 30 ###################
INFO:root:TRAIN mean losses tensor(2.1832)
INFO:root:TRAIN mean errors 0.24468085169792175
INFO:root:TRAIN mean MRR 0.0 - mean MAP 0.9101510643959045
INFO:root:TRAIN tp {0: tensor(4), 1: tensor(1061)},fn {0: tensor(339), 1: tensor(6)},fp {0: tensor(6), 1: tensor(339)}
INFO:root:TRAIN measures microavg - precision 0.7553 - recall 0.7553 - f1 0.7553 
INFO:root:TRAIN measures for class 0 - precision 0.4000 - recall 0.0117 - f1 0.0227 
INFO:root:TRAIN measures for class 1 - precision 0.7579 - recall 0.9944 - f1 0.8602 
INFO:root:TRAIN measures@10 microavg - precision 0.9223 - recall 0.2021 - f1 0.3316 
INFO:root:TRAIN measures@10 for class 0 - precision 0.5556 - recall 0.0146 - f1 0.0284 
INFO:root:TRAIN measures@10 for class 1 - precision 0.9333 - recall 0.2624 - f1 0.4097 
INFO:root:TRAIN measures@100 microavg - precision 0.6610 - recall 0.6610 - f1 0.6610 
INFO:root:TRAIN measures@100 for class 0 - precision 0.3009 - recall 0.2974 - f1 0.2991 
INFO:root:TRAIN measures@100 for class 1 - precision 0.7750 - recall 0.7779 - f1 0.7764 
INFO:root:TRAIN measures@1000 microavg - precision 0.6610 - recall 0.6610 - f1 0.6610 
INFO:root:TRAIN measures@1000 for class 0 - precision 0.3009 - recall 0.2974 - f1 0.2991 
INFO:root:TRAIN measures@1000 for class 1 - precision 0.7750 - recall 0.7779 - f1 0.7764 
INFO:root:TRAIN Total epoch time: 0.37437356700002056
INFO:root:################ VALID epoch 30 ###################
INFO:root:VALID mean losses tensor(1.5062)
INFO:root:VALID mean errors 0.24468085169792175
INFO:root:VALID mean MRR 0.0 - mean MAP 0.9420979619026184
INFO:root:VALID tp {0: tensor(0), 1: tensor(213)},fn {0: tensor(69), 1: tensor(0)},fp {0: tensor(0), 1: tensor(69)}
INFO:root:VALID measures microavg - precision 0.7553 - recall 0.7553 - f1 0.7553 
INFO:root:VALID measures for class 0 - precision 0.0000 - recall 0.0000 - f1 0.0000 
INFO:root:VALID measures for class 1 - precision 0.7553 - recall 1.0000 - f1 0.8606 
INFO:root:VALID measures@10 microavg - precision 0.8462 - recall 0.1950 - f1 0.3170 
INFO:root:VALID measures@10 for class 0 - precision 0.4000 - recall 0.0290 - f1 0.0541 
INFO:root:VALID measures@10 for class 1 - precision 0.8833 - recall 0.2488 - f1 0.3883 
INFO:root:VALID measures@100 microavg - precision 0.5248 - recall 0.5248 - f1 0.5248 
INFO:root:VALID measures@100 for class 0 - precision 0.2519 - recall 0.4783 - f1 0.3300 
INFO:root:VALID measures@100 for class 1 - precision 0.7616 - recall 0.5399 - f1 0.6319 
INFO:root:VALID measures@1000 microavg - precision 0.5248 - recall 0.5248 - f1 0.5248 
INFO:root:VALID measures@1000 for class 0 - precision 0.2519 - recall 0.4783 - f1 0.3300 
INFO:root:VALID measures@1000 for class 1 - precision 0.7616 - recall 0.5399 - f1 0.6319 
INFO:root:VALID Total epoch time: 0.0397036329995899
INFO:root:################ TRAIN epoch 31 ###################
INFO:root:TRAIN mean losses tensor(1.7280)
INFO:root:TRAIN mean errors 0.24751773476600647
INFO:root:TRAIN mean MRR 0.0 - mean MAP 0.9147545099258423
INFO:root:TRAIN tp {0: tensor(7), 1: tensor(1054)},fn {0: tensor(336), 1: tensor(13)},fp {0: tensor(13), 1: tensor(336)}
INFO:root:TRAIN measures microavg - precision 0.7525 - recall 0.7525 - f1 0.7525 
INFO:root:TRAIN measures for class 0 - precision 0.3500 - recall 0.0204 - f1 0.0386 
INFO:root:TRAIN measures for class 1 - precision 0.7583 - recall 0.9878 - f1 0.8580 
INFO:root:TRAIN measures@10 microavg - precision 0.8529 - recall 0.1851 - f1 0.3042 
INFO:root:TRAIN measures@10 for class 0 - precision 0.5600 - recall 0.0408 - f1 0.0761 
INFO:root:TRAIN measures@10 for class 1 - precision 0.8790 - recall 0.2315 - f1 0.3665 
INFO:root:TRAIN measures@100 microavg - precision 0.5730 - recall 0.5730 - f1 0.5730 
INFO:root:TRAIN measures@100 for class 0 - precision 0.2436 - recall 0.3586 - f1 0.2901 
INFO:root:TRAIN measures@100 for class 1 - precision 0.7569 - recall 0.6420 - f1 0.6947 
INFO:root:TRAIN measures@1000 microavg - precision 0.5730 - recall 0.5730 - f1 0.5730 
INFO:root:TRAIN measures@1000 for class 0 - precision 0.2436 - recall 0.3586 - f1 0.2901 
INFO:root:TRAIN measures@1000 for class 1 - precision 0.7569 - recall 0.6420 - f1 0.6947 
INFO:root:TRAIN Total epoch time: 0.3727516310000283
INFO:root:################ VALID epoch 31 ###################
INFO:root:VALID mean losses tensor(1.1586)
INFO:root:VALID mean errors 0.24822695553302765
INFO:root:VALID mean MRR 0.0 - mean MAP 0.9082616567611694
INFO:root:VALID tp {0: tensor(0), 1: tensor(212)},fn {0: tensor(69), 1: tensor(1)},fp {0: tensor(1), 1: tensor(69)}
INFO:root:VALID measures microavg - precision 0.7518 - recall 0.7518 - f1 0.7518 
INFO:root:VALID measures for class 0 - precision 0.0000 - recall 0.0000 - f1 0.0000 
INFO:root:VALID measures for class 1 - precision 0.7544 - recall 0.9953 - f1 0.8583 
INFO:root:VALID measures@10 microavg - precision 0.8462 - recall 0.1950 - f1 0.3170 
INFO:root:VALID measures@10 for class 0 - precision 0.4000 - recall 0.0290 - f1 0.0541 
INFO:root:VALID measures@10 for class 1 - precision 0.8833 - recall 0.2488 - f1 0.3883 
INFO:root:VALID measures@100 microavg - precision 0.5567 - recall 0.5567 - f1 0.5567 
INFO:root:VALID measures@100 for class 0 - precision 0.2971 - recall 0.5942 - f1 0.3961 
INFO:root:VALID measures@100 for class 1 - precision 0.8056 - recall 0.5446 - f1 0.6499 
INFO:root:VALID measures@1000 microavg - precision 0.5567 - recall 0.5567 - f1 0.5567 
INFO:root:VALID measures@1000 for class 0 - precision 0.2971 - recall 0.5942 - f1 0.3961 
INFO:root:VALID measures@1000 for class 1 - precision 0.8056 - recall 0.5446 - f1 0.6499 
INFO:root:VALID Total epoch time: 0.03856996100012111
INFO:root:################ TRAIN epoch 32 ###################
INFO:root:TRAIN mean losses tensor(1.5785)
INFO:root:TRAIN mean errors 0.24822695553302765
INFO:root:TRAIN mean MRR 0.0 - mean MAP 0.918989896774292
INFO:root:TRAIN tp {0: tensor(3), 1: tensor(1057)},fn {0: tensor(340), 1: tensor(10)},fp {0: tensor(10), 1: tensor(340)}
INFO:root:TRAIN measures microavg - precision 0.7518 - recall 0.7518 - f1 0.7518 
INFO:root:TRAIN measures for class 0 - precision 0.2308 - recall 0.0087 - f1 0.0169 
INFO:root:TRAIN measures for class 1 - precision 0.7566 - recall 0.9906 - f1 0.8580 
INFO:root:TRAIN measures@10 microavg - precision 0.8248 - recall 0.1837 - f1 0.3005 
INFO:root:TRAIN measures@10 for class 0 - precision 0.5200 - recall 0.0379 - f1 0.0707 
INFO:root:TRAIN measures@10 for class 1 - precision 0.8512 - recall 0.2306 - f1 0.3628 
INFO:root:TRAIN measures@100 microavg - precision 0.5844 - recall 0.5844 - f1 0.5844 
INFO:root:TRAIN measures@100 for class 0 - precision 0.2811 - recall 0.4548 - f1 0.3474 
INFO:root:TRAIN measures@100 for class 1 - precision 0.7813 - recall 0.6261 - f1 0.6951 
INFO:root:TRAIN measures@1000 microavg - precision 0.5844 - recall 0.5844 - f1 0.5844 
INFO:root:TRAIN measures@1000 for class 0 - precision 0.2811 - recall 0.4548 - f1 0.3474 
INFO:root:TRAIN measures@1000 for class 1 - precision 0.7813 - recall 0.6261 - f1 0.6951 
INFO:root:TRAIN Total epoch time: 0.37614268700008324
INFO:root:################ VALID epoch 32 ###################
INFO:root:VALID mean losses tensor(1.6867)
INFO:root:VALID mean errors 0.24468085169792175
INFO:root:VALID mean MRR 0.0 - mean MAP 0.9327441453933716
INFO:root:VALID tp {0: tensor(0), 1: tensor(213)},fn {0: tensor(69), 1: tensor(0)},fp {0: tensor(0), 1: tensor(69)}
INFO:root:VALID measures microavg - precision 0.7553 - recall 0.7553 - f1 0.7553 
INFO:root:VALID measures for class 0 - precision 0.0000 - recall 0.0000 - f1 0.0000 
INFO:root:VALID measures for class 1 - precision 0.7553 - recall 1.0000 - f1 0.8606 
INFO:root:VALID measures@10 microavg - precision 0.9508 - recall 0.2057 - f1 0.3382 
INFO:root:VALID measures@10 for class 0 - precision 1.0000 - recall 0.0145 - f1 0.0286 
INFO:root:VALID measures@10 for class 1 - precision 0.9500 - recall 0.2676 - f1 0.4176 
INFO:root:VALID measures@100 microavg - precision 0.6667 - recall 0.6667 - f1 0.6667 
INFO:root:VALID measures@100 for class 0 - precision 0.2642 - recall 0.2029 - f1 0.2295 
INFO:root:VALID measures@100 for class 1 - precision 0.7598 - recall 0.8169 - f1 0.7873 
INFO:root:VALID measures@1000 microavg - precision 0.6667 - recall 0.6667 - f1 0.6667 
INFO:root:VALID measures@1000 for class 0 - precision 0.2642 - recall 0.2029 - f1 0.2295 
INFO:root:VALID measures@1000 for class 1 - precision 0.7598 - recall 0.8169 - f1 0.7873 
INFO:root:VALID Total epoch time: 0.038947308999922825
INFO:root:################ TRAIN epoch 33 ###################
INFO:root:TRAIN mean losses tensor(1.3228)
INFO:root:TRAIN mean errors 0.24822695553302765
INFO:root:TRAIN mean MRR 0.0 - mean MAP 0.9196683764457703
INFO:root:TRAIN tp {0: tensor(2), 1: tensor(1058)},fn {0: tensor(341), 1: tensor(9)},fp {0: tensor(9), 1: tensor(341)}
INFO:root:TRAIN measures microavg - precision 0.7518 - recall 0.7518 - f1 0.7518 
INFO:root:TRAIN measures for class 0 - precision 0.1818 - recall 0.0058 - f1 0.0113 
INFO:root:TRAIN measures for class 1 - precision 0.7563 - recall 0.9916 - f1 0.8581 
INFO:root:TRAIN measures@10 microavg - precision 0.8230 - recall 0.1879 - f1 0.3060 
INFO:root:TRAIN measures@10 for class 0 - precision 0.4545 - recall 0.0437 - f1 0.0798 
INFO:root:TRAIN measures@10 for class 1 - precision 0.8651 - recall 0.2343 - f1 0.3687 
INFO:root:TRAIN measures@100 microavg - precision 0.5383 - recall 0.5383 - f1 0.5383 
INFO:root:TRAIN measures@100 for class 0 - precision 0.2755 - recall 0.5510 - f1 0.3673 
INFO:root:TRAIN measures@100 for class 1 - precision 0.7873 - recall 0.5342 - f1 0.6365 
INFO:root:TRAIN measures@1000 microavg - precision 0.5383 - recall 0.5383 - f1 0.5383 
INFO:root:TRAIN measures@1000 for class 0 - precision 0.2755 - recall 0.5510 - f1 0.3673 
INFO:root:TRAIN measures@1000 for class 1 - precision 0.7873 - recall 0.5342 - f1 0.6365 
INFO:root:TRAIN Total epoch time: 0.37460110700021687
INFO:root:################ VALID epoch 33 ###################
INFO:root:VALID mean losses tensor(1.1420)
INFO:root:VALID mean errors 0.24468085169792175
INFO:root:VALID mean MRR 0.0 - mean MAP 0.9001251459121704
INFO:root:VALID tp {0: tensor(1), 1: tensor(212)},fn {0: tensor(68), 1: tensor(1)},fp {0: tensor(1), 1: tensor(68)}
INFO:root:VALID measures microavg - precision 0.7553 - recall 0.7553 - f1 0.7553 
INFO:root:VALID measures for class 0 - precision 0.5000 - recall 0.0145 - f1 0.0282 
INFO:root:VALID measures for class 1 - precision 0.7571 - recall 0.9953 - f1 0.8600 
INFO:root:VALID measures@10 microavg - precision 0.9000 - recall 0.1915 - f1 0.3158 
INFO:root:VALID measures@10 for class 0 - precision 0.0000 - recall 0.0000 - f1 0.0000 
INFO:root:VALID measures@10 for class 1 - precision 0.9000 - recall 0.2535 - f1 0.3956 
INFO:root:VALID measures@100 microavg - precision 0.5780 - recall 0.5780 - f1 0.5780 
INFO:root:VALID measures@100 for class 0 - precision 0.2596 - recall 0.3913 - f1 0.3121 
INFO:root:VALID measures@100 for class 1 - precision 0.7640 - recall 0.6385 - f1 0.6957 
INFO:root:VALID measures@1000 microavg - precision 0.5780 - recall 0.5780 - f1 0.5780 
INFO:root:VALID measures@1000 for class 0 - precision 0.2596 - recall 0.3913 - f1 0.3121 
INFO:root:VALID measures@1000 for class 1 - precision 0.7640 - recall 0.6385 - f1 0.6957 
INFO:root:VALID Total epoch time: 0.042773506000230554
INFO:root:################ TRAIN epoch 34 ###################
INFO:root:TRAIN mean losses tensor(1.6111)
INFO:root:TRAIN mean errors 0.2539007067680359
INFO:root:TRAIN mean MRR 0.0 - mean MAP 0.929427444934845
INFO:root:TRAIN tp {0: tensor(3), 1: tensor(1049)},fn {0: tensor(340), 1: tensor(18)},fp {0: tensor(18), 1: tensor(340)}
INFO:root:TRAIN measures microavg - precision 0.7461 - recall 0.7461 - f1 0.7461 
INFO:root:TRAIN measures for class 0 - precision 0.1429 - recall 0.0087 - f1 0.0165 
INFO:root:TRAIN measures for class 1 - precision 0.7552 - recall 0.9831 - f1 0.8542 
INFO:root:TRAIN measures@10 microavg - precision 0.8833 - recall 0.1986 - f1 0.3243 
INFO:root:TRAIN measures@10 for class 0 - precision 0.6087 - recall 0.0408 - f1 0.0765 
INFO:root:TRAIN measures@10 for class 1 - precision 0.9048 - recall 0.2493 - f1 0.3909 
INFO:root:TRAIN measures@100 microavg - precision 0.5645 - recall 0.5645 - f1 0.5645 
INFO:root:TRAIN measures@100 for class 0 - precision 0.2660 - recall 0.4490 - f1 0.3341 
INFO:root:TRAIN measures@100 for class 1 - precision 0.7726 - recall 0.6017 - f1 0.6765 
INFO:root:TRAIN measures@1000 microavg - precision 0.5645 - recall 0.5645 - f1 0.5645 
INFO:root:TRAIN measures@1000 for class 0 - precision 0.2660 - recall 0.4490 - f1 0.3341 
INFO:root:TRAIN measures@1000 for class 1 - precision 0.7726 - recall 0.6017 - f1 0.6765 
INFO:root:TRAIN Total epoch time: 0.38735754000026645
INFO:root:################ VALID epoch 34 ###################
INFO:root:VALID mean losses tensor(3.5479)
INFO:root:VALID mean errors 0.24468085169792175
INFO:root:VALID mean MRR 0.0 - mean MAP 0.8609994649887085
INFO:root:VALID tp {0: tensor(0), 1: tensor(213)},fn {0: tensor(69), 1: tensor(0)},fp {0: tensor(0), 1: tensor(69)}
INFO:root:VALID measures microavg - precision 0.7553 - recall 0.7553 - f1 0.7553 
INFO:root:VALID measures for class 0 - precision 0.0000 - recall 0.0000 - f1 0.0000 
INFO:root:VALID measures for class 1 - precision 0.7553 - recall 1.0000 - f1 0.8606 
INFO:root:VALID measures@10 microavg - precision 0.9667 - recall 0.2057 - f1 0.3392 
INFO:root:VALID measures@10 for class 0 - precision 0.0000 - recall 0.0000 - f1 0.0000 
INFO:root:VALID measures@10 for class 1 - precision 0.9667 - recall 0.2723 - f1 0.4249 
INFO:root:VALID measures@100 microavg - precision 0.7411 - recall 0.7411 - f1 0.7411 
INFO:root:VALID measures@100 for class 0 - precision 0.0000 - recall 0.0000 - f1 0.0000 
INFO:root:VALID measures@100 for class 1 - precision 0.7518 - recall 0.9812 - f1 0.8513 
INFO:root:VALID measures@1000 microavg - precision 0.7411 - recall 0.7411 - f1 0.7411 
INFO:root:VALID measures@1000 for class 0 - precision 0.0000 - recall 0.0000 - f1 0.0000 
INFO:root:VALID measures@1000 for class 1 - precision 0.7518 - recall 0.9812 - f1 0.8513 
INFO:root:VALID Total epoch time: 0.03829883999969752
INFO:root:################ TRAIN epoch 35 ###################
INFO:root:TRAIN mean losses tensor(2.6974)
INFO:root:TRAIN mean errors 0.2460992932319641
INFO:root:TRAIN mean MRR 0.0 - mean MAP 0.8856788277626038
INFO:root:TRAIN tp {0: tensor(1), 1: tensor(1062)},fn {0: tensor(342), 1: tensor(5)},fp {0: tensor(5), 1: tensor(342)}
INFO:root:TRAIN measures microavg - precision 0.7539 - recall 0.7539 - f1 0.7539 
INFO:root:TRAIN measures for class 0 - precision 0.1667 - recall 0.0029 - f1 0.0057 
INFO:root:TRAIN measures for class 1 - precision 0.7564 - recall 0.9953 - f1 0.8596 
INFO:root:TRAIN measures@10 microavg - precision 0.8746 - recall 0.1929 - f1 0.3161 
INFO:root:TRAIN measures@10 for class 0 - precision 0.4706 - recall 0.0233 - f1 0.0444 
INFO:root:TRAIN measures@10 for class 1 - precision 0.8980 - recall 0.2474 - f1 0.3880 
INFO:root:TRAIN measures@100 microavg - precision 0.6199 - recall 0.6199 - f1 0.6199 
INFO:root:TRAIN measures@100 for class 0 - precision 0.2467 - recall 0.2741 - f1 0.2597 
INFO:root:TRAIN measures@100 for class 1 - precision 0.7580 - recall 0.7310 - f1 0.7443 
INFO:root:TRAIN measures@1000 microavg - precision 0.6199 - recall 0.6199 - f1 0.6199 
INFO:root:TRAIN measures@1000 for class 0 - precision 0.2467 - recall 0.2741 - f1 0.2597 
INFO:root:TRAIN measures@1000 for class 1 - precision 0.7580 - recall 0.7310 - f1 0.7443 
INFO:root:TRAIN Total epoch time: 0.3661970299999666
INFO:root:################ VALID epoch 35 ###################
INFO:root:VALID mean losses tensor(1.0761)
INFO:root:VALID mean errors 0.23758865892887115
INFO:root:VALID mean MRR 0.0 - mean MAP 0.9249481558799744
INFO:root:VALID tp {0: tensor(2), 1: tensor(213)},fn {0: tensor(67), 1: tensor(0)},fp {0: tensor(0), 1: tensor(67)}
INFO:root:VALID measures microavg - precision 0.7624 - recall 0.7624 - f1 0.7624 
INFO:root:VALID measures for class 0 - precision 1.0000 - recall 0.0290 - f1 0.0563 
INFO:root:VALID measures for class 1 - precision 0.7607 - recall 1.0000 - f1 0.8641 
INFO:root:VALID measures@10 microavg - precision 0.8030 - recall 0.1879 - f1 0.3046 
INFO:root:VALID measures@10 for class 0 - precision 0.6364 - recall 0.1014 - f1 0.1750 
INFO:root:VALID measures@10 for class 1 - precision 0.8364 - recall 0.2160 - f1 0.3433 
INFO:root:VALID measures@100 microavg - precision 0.4645 - recall 0.4645 - f1 0.4645 
INFO:root:VALID measures@100 for class 0 - precision 0.2644 - recall 0.6667 - f1 0.3786 
INFO:root:VALID measures@100 for class 1 - precision 0.7870 - recall 0.3991 - f1 0.5296 
INFO:root:VALID measures@1000 microavg - precision 0.4645 - recall 0.4645 - f1 0.4645 
INFO:root:VALID measures@1000 for class 0 - precision 0.2644 - recall 0.6667 - f1 0.3786 
INFO:root:VALID measures@1000 for class 1 - precision 0.7870 - recall 0.3991 - f1 0.5296 
INFO:root:VALID Total epoch time: 0.042910300999665196
INFO:root:################ TEST epoch 35 ###################
INFO:root:TEST batch 1 / 7 - partial error 0.2128 - partial loss 1.0388 - partial MRR  0.0000 - partial MAP 0.8895
INFO:root:TEST batch 1 / 7 -  partial tp {0: tensor(0), 1: tensor(37)},fn {0: tensor(10), 1: tensor(0)},fp {0: tensor(0), 1: tensor(10)}
INFO:root:TEST batch 1 / 7 - measures partial microavg - precision 0.7872 - recall 0.7872 - f1 0.7872 
INFO:root:TEST batch 1 / 7 - measures partial for class 0 - precision 0.0000 - recall 0.0000 - f1 0.0000 
INFO:root:TEST batch 1 / 7 - measures partial for class 1 - precision 0.7872 - recall 1.0000 - f1 0.8810 
INFO:root:TEST batch 1 / 7 - Batch time 0 
INFO:root:TEST batch 2 / 7 - partial error 0.2340 - partial loss 1.0680 - partial MRR  0.0000 - partial MAP 0.9166
INFO:root:TEST batch 2 / 7 -  partial tp {0: tensor(0), 1: tensor(35)},fn {0: tensor(12), 1: tensor(0)},fp {0: tensor(0), 1: tensor(12)}
INFO:root:TEST batch 2 / 7 - measures partial microavg - precision 0.7447 - recall 0.7447 - f1 0.7447 
INFO:root:TEST batch 2 / 7 - measures partial for class 0 - precision 0.0000 - recall 0.0000 - f1 0.0000 
INFO:root:TEST batch 2 / 7 - measures partial for class 1 - precision 0.7447 - recall 1.0000 - f1 0.8537 
INFO:root:TEST batch 2 / 7 - Batch time 0 
INFO:root:TEST batch 3 / 7 - partial error 0.2624 - partial loss 1.1701 - partial MRR  0.0000 - partial MAP 0.8986
INFO:root:TEST batch 3 / 7 -  partial tp {0: tensor(0), 1: tensor(32)},fn {0: tensor(14), 1: tensor(1)},fp {0: tensor(1), 1: tensor(14)}
INFO:root:TEST batch 3 / 7 - measures partial microavg - precision 0.6809 - recall 0.6809 - f1 0.6809 
INFO:root:TEST batch 3 / 7 - measures partial for class 0 - precision 0.0000 - recall 0.0000 - f1 0.0000 
INFO:root:TEST batch 3 / 7 - measures partial for class 1 - precision 0.6957 - recall 0.9697 - f1 0.8101 
INFO:root:TEST batch 3 / 7 - Batch time 0 
INFO:root:TEST batch 4 / 7 - partial error 0.2606 - partial loss 1.2219 - partial MRR  0.0000 - partial MAP 0.8761
INFO:root:TEST batch 4 / 7 -  partial tp {0: tensor(0), 1: tensor(35)},fn {0: tensor(12), 1: tensor(0)},fp {0: tensor(0), 1: tensor(12)}
INFO:root:TEST batch 4 / 7 - measures partial microavg - precision 0.7447 - recall 0.7447 - f1 0.7447 
INFO:root:TEST batch 4 / 7 - measures partial for class 0 - precision 0.0000 - recall 0.0000 - f1 0.0000 
INFO:root:TEST batch 4 / 7 - measures partial for class 1 - precision 0.7447 - recall 1.0000 - f1 0.8537 
INFO:root:TEST batch 4 / 7 - Batch time 0 
INFO:root:TEST batch 5 / 7 - partial error 0.2681 - partial loss 1.1851 - partial MRR  0.0000 - partial MAP 0.8858
INFO:root:TEST batch 5 / 7 -  partial tp {0: tensor(0), 1: tensor(33)},fn {0: tensor(14), 1: tensor(0)},fp {0: tensor(0), 1: tensor(14)}
INFO:root:TEST batch 5 / 7 - measures partial microavg - precision 0.7021 - recall 0.7021 - f1 0.7021 
INFO:root:TEST batch 5 / 7 - measures partial for class 0 - precision 0.0000 - recall 0.0000 - f1 0.0000 
INFO:root:TEST batch 5 / 7 - measures partial for class 1 - precision 0.7021 - recall 1.0000 - f1 0.8250 
INFO:root:TEST batch 5 / 7 - Batch time 0 
INFO:root:TEST batch 6 / 7 - partial error 0.2695 - partial loss 1.1941 - partial MRR  0.0000 - partial MAP 0.8847
INFO:root:TEST batch 6 / 7 -  partial tp {0: tensor(0), 1: tensor(34)},fn {0: tensor(13), 1: tensor(0)},fp {0: tensor(0), 1: tensor(13)}
INFO:root:TEST batch 6 / 7 - measures partial microavg - precision 0.7234 - recall 0.7234 - f1 0.7234 
INFO:root:TEST batch 6 / 7 - measures partial for class 0 - precision 0.0000 - recall 0.0000 - f1 0.0000 
INFO:root:TEST batch 6 / 7 - measures partial for class 1 - precision 0.7234 - recall 1.0000 - f1 0.8395 
INFO:root:TEST batch 6 / 7 - Batch time 0 
INFO:root:TEST batch 7 / 7 - partial error 0.2766 - partial loss 1.2143 - partial MRR  0.0000 - partial MAP 0.8876
INFO:root:TEST batch 7 / 7 -  partial tp {0: tensor(0), 1: tensor(32)},fn {0: tensor(15), 1: tensor(0)},fp {0: tensor(0), 1: tensor(15)}
INFO:root:TEST batch 7 / 7 - measures partial microavg - precision 0.6809 - recall 0.6809 - f1 0.6809 
INFO:root:TEST batch 7 / 7 - measures partial for class 0 - precision 0.0000 - recall 0.0000 - f1 0.0000 
INFO:root:TEST batch 7 / 7 - measures partial for class 1 - precision 0.6809 - recall 1.0000 - f1 0.8101 
INFO:root:TEST batch 7 / 7 - Batch time 0 
INFO:root:TEST mean losses tensor(1.2143)
INFO:root:TEST mean errors 0.27659574151039124
INFO:root:TEST mean MRR 0.0 - mean MAP 0.8875560760498047
INFO:root:TEST tp {0: tensor(0), 1: tensor(238)},fn {0: tensor(90), 1: tensor(1)},fp {0: tensor(1), 1: tensor(90)}
INFO:root:TEST measures microavg - precision 0.7234 - recall 0.7234 - f1 0.7234 
INFO:root:TEST measures for class 0 - precision 0.0000 - recall 0.0000 - f1 0.0000 
INFO:root:TEST measures for class 1 - precision 0.7256 - recall 0.9958 - f1 0.8395 
INFO:root:TEST measures@10 microavg - precision 0.7342 - recall 0.1763 - f1 0.2843 
INFO:root:TEST measures@10 for class 0 - precision 0.2727 - recall 0.0333 - f1 0.0594 
INFO:root:TEST measures@10 for class 1 - precision 0.8088 - recall 0.2301 - f1 0.3583 
INFO:root:TEST measures@100 microavg - precision 0.4316 - recall 0.4316 - f1 0.4316 
INFO:root:TEST measures@100 for class 0 - precision 0.2765 - recall 0.6667 - f1 0.3909 
INFO:root:TEST measures@100 for class 1 - precision 0.7321 - recall 0.3431 - f1 0.4672 
INFO:root:TEST measures@1000 microavg - precision 0.4316 - recall 0.4316 - f1 0.4316 
INFO:root:TEST measures@1000 for class 0 - precision 0.2765 - recall 0.6667 - f1 0.3909 
INFO:root:TEST measures@1000 for class 1 - precision 0.7321 - recall 0.3431 - f1 0.4672 
INFO:root:TEST Total epoch time: 0.06134392899957675
INFO:root:################ TRAIN epoch 36 ###################
INFO:root:TRAIN mean losses tensor(1.3200)
INFO:root:TRAIN mean errors 0.24539007246494293
INFO:root:TRAIN mean MRR 0.0 - mean MAP 0.9213270545005798
INFO:root:TRAIN tp {0: tensor(3), 1: tensor(1061)},fn {0: tensor(340), 1: tensor(6)},fp {0: tensor(6), 1: tensor(340)}
INFO:root:TRAIN measures microavg - precision 0.7546 - recall 0.7546 - f1 0.7546 
INFO:root:TRAIN measures for class 0 - precision 0.3333 - recall 0.0087 - f1 0.0170 
INFO:root:TRAIN measures for class 1 - precision 0.7573 - recall 0.9944 - f1 0.8598 
INFO:root:TRAIN measures@10 microavg - precision 0.8349 - recall 0.1901 - f1 0.3096 
INFO:root:TRAIN measures@10 for class 0 - precision 0.5263 - recall 0.0583 - f1 0.1050 
INFO:root:TRAIN measures@10 for class 1 - precision 0.8763 - recall 0.2324 - f1 0.3674 
INFO:root:TRAIN measures@100 microavg - precision 0.4979 - recall 0.4979 - f1 0.4979 
INFO:root:TRAIN measures@100 for class 0 - precision 0.2602 - recall 0.5773 - f1 0.3587 
INFO:root:TRAIN measures@100 for class 1 - precision 0.7766 - recall 0.4724 - f1 0.5874 
INFO:root:TRAIN measures@1000 microavg - precision 0.4979 - recall 0.4979 - f1 0.4979 
INFO:root:TRAIN measures@1000 for class 0 - precision 0.2602 - recall 0.5773 - f1 0.3587 
INFO:root:TRAIN measures@1000 for class 1 - precision 0.7766 - recall 0.4724 - f1 0.5874 
INFO:root:TRAIN Total epoch time: 0.40245239100022445
INFO:root:################ VALID epoch 36 ###################
INFO:root:VALID mean losses tensor(1.2294)
INFO:root:VALID mean errors 0.24468085169792175
INFO:root:VALID mean MRR 0.0 - mean MAP 0.931320309638977
INFO:root:VALID tp {0: tensor(0), 1: tensor(213)},fn {0: tensor(69), 1: tensor(0)},fp {0: tensor(0), 1: tensor(69)}
INFO:root:VALID measures microavg - precision 0.7553 - recall 0.7553 - f1 0.7553 
INFO:root:VALID measures for class 0 - precision 0.0000 - recall 0.0000 - f1 0.0000 
INFO:root:VALID measures for class 1 - precision 0.7553 - recall 1.0000 - f1 0.8606 
INFO:root:VALID measures@10 microavg - precision 0.8382 - recall 0.2021 - f1 0.3257 
INFO:root:VALID measures@10 for class 0 - precision 0.5000 - recall 0.0580 - f1 0.1039 
INFO:root:VALID measures@10 for class 1 - precision 0.8833 - recall 0.2488 - f1 0.3883 
INFO:root:VALID measures@100 microavg - precision 0.5674 - recall 0.5674 - f1 0.5674 
INFO:root:VALID measures@100 for class 0 - precision 0.2946 - recall 0.5507 - f1 0.3838 
INFO:root:VALID measures@100 for class 1 - precision 0.7974 - recall 0.5728 - f1 0.6667 
INFO:root:VALID measures@1000 microavg - precision 0.5674 - recall 0.5674 - f1 0.5674 
INFO:root:VALID measures@1000 for class 0 - precision 0.2946 - recall 0.5507 - f1 0.3838 
INFO:root:VALID measures@1000 for class 1 - precision 0.7974 - recall 0.5728 - f1 0.6667 
INFO:root:VALID Total epoch time: 0.0409267679997356
INFO:root:################ TRAIN epoch 37 ###################
INFO:root:TRAIN mean losses tensor(1.5175)
INFO:root:TRAIN mean errors 0.24822695553302765
INFO:root:TRAIN mean MRR 0.0 - mean MAP 0.9339693784713745
INFO:root:TRAIN tp {0: tensor(1), 1: tensor(1059)},fn {0: tensor(342), 1: tensor(8)},fp {0: tensor(8), 1: tensor(342)}
INFO:root:TRAIN measures microavg - precision 0.7518 - recall 0.7518 - f1 0.7518 
INFO:root:TRAIN measures for class 0 - precision 0.1111 - recall 0.0029 - f1 0.0057 
INFO:root:TRAIN measures for class 1 - precision 0.7559 - recall 0.9925 - f1 0.8582 
INFO:root:TRAIN measures@10 microavg - precision 0.8840 - recall 0.2000 - f1 0.3262 
INFO:root:TRAIN measures@10 for class 0 - precision 0.7368 - recall 0.0408 - f1 0.0773 
INFO:root:TRAIN measures@10 for class 1 - precision 0.8933 - recall 0.2512 - f1 0.3921 
INFO:root:TRAIN measures@100 microavg - precision 0.5936 - recall 0.5936 - f1 0.5936 
INFO:root:TRAIN measures@100 for class 0 - precision 0.2939 - recall 0.4781 - f1 0.3640 
INFO:root:TRAIN measures@100 for class 1 - precision 0.7899 - recall 0.6307 - f1 0.7014 
INFO:root:TRAIN measures@1000 microavg - precision 0.5936 - recall 0.5936 - f1 0.5936 
INFO:root:TRAIN measures@1000 for class 0 - precision 0.2939 - recall 0.4781 - f1 0.3640 
INFO:root:TRAIN measures@1000 for class 1 - precision 0.7899 - recall 0.6307 - f1 0.7014 
INFO:root:TRAIN Total epoch time: 0.3969747350001853
INFO:root:################ VALID epoch 37 ###################
INFO:root:VALID mean losses tensor(1.2850)
INFO:root:VALID mean errors 0.24468085169792175
INFO:root:VALID mean MRR 0.0 - mean MAP 0.9411996603012085
INFO:root:VALID tp {0: tensor(0), 1: tensor(213)},fn {0: tensor(69), 1: tensor(0)},fp {0: tensor(0), 1: tensor(69)}
INFO:root:VALID measures microavg - precision 0.7553 - recall 0.7553 - f1 0.7553 
INFO:root:VALID measures for class 0 - precision 0.0000 - recall 0.0000 - f1 0.0000 
INFO:root:VALID measures for class 1 - precision 0.7553 - recall 1.0000 - f1 0.8606 
INFO:root:VALID measures@10 microavg - precision 0.9524 - recall 0.2128 - f1 0.3478 
INFO:root:VALID measures@10 for class 0 - precision 0.6667 - recall 0.0290 - f1 0.0556 
INFO:root:VALID measures@10 for class 1 - precision 0.9667 - recall 0.2723 - f1 0.4249 
INFO:root:VALID measures@100 microavg - precision 0.5922 - recall 0.5922 - f1 0.5922 
INFO:root:VALID measures@100 for class 0 - precision 0.2553 - recall 0.3478 - f1 0.2945 
INFO:root:VALID measures@100 for class 1 - precision 0.7606 - recall 0.6714 - f1 0.7132 
INFO:root:VALID measures@1000 microavg - precision 0.5922 - recall 0.5922 - f1 0.5922 
INFO:root:VALID measures@1000 for class 0 - precision 0.2553 - recall 0.3478 - f1 0.2945 
INFO:root:VALID measures@1000 for class 1 - precision 0.7606 - recall 0.6714 - f1 0.7132 
INFO:root:VALID Total epoch time: 0.042040188999635575
INFO:root:################ TRAIN epoch 38 ###################
INFO:root:TRAIN mean losses tensor(1.2413)
INFO:root:TRAIN mean errors 0.24397163093090057
INFO:root:TRAIN mean MRR 0.0 - mean MAP 0.9222150444984436
INFO:root:TRAIN tp {0: tensor(2), 1: tensor(1064)},fn {0: tensor(341), 1: tensor(3)},fp {0: tensor(3), 1: tensor(341)}
INFO:root:TRAIN measures microavg - precision 0.7560 - recall 0.7560 - f1 0.7560 
INFO:root:TRAIN measures for class 0 - precision 0.4000 - recall 0.0058 - f1 0.0115 
INFO:root:TRAIN measures for class 1 - precision 0.7573 - recall 0.9972 - f1 0.8608 
INFO:root:TRAIN measures@10 microavg - precision 0.7952 - recall 0.1872 - f1 0.3031 
INFO:root:TRAIN measures@10 for class 0 - precision 0.5510 - recall 0.0787 - f1 0.1378 
INFO:root:TRAIN measures@10 for class 1 - precision 0.8375 - recall 0.2221 - f1 0.3511 
INFO:root:TRAIN measures@100 microavg - precision 0.4816 - recall 0.4816 - f1 0.4816 
INFO:root:TRAIN measures@100 for class 0 - precision 0.2557 - recall 0.5918 - f1 0.3571 
INFO:root:TRAIN measures@100 for class 1 - precision 0.7727 - recall 0.4461 - f1 0.5657 
INFO:root:TRAIN measures@1000 microavg - precision 0.4816 - recall 0.4816 - f1 0.4816 
INFO:root:TRAIN measures@1000 for class 0 - precision 0.2557 - recall 0.5918 - f1 0.3571 
INFO:root:TRAIN measures@1000 for class 1 - precision 0.7727 - recall 0.4461 - f1 0.5657 
INFO:root:TRAIN Total epoch time: 0.4063149369999337
INFO:root:################ VALID epoch 38 ###################
INFO:root:VALID mean losses tensor(1.5244)
INFO:root:VALID mean errors 0.26595744490623474
INFO:root:VALID mean MRR 0.0 - mean MAP 0.8863570690155029
INFO:root:VALID tp {0: tensor(0), 1: tensor(207)},fn {0: tensor(69), 1: tensor(6)},fp {0: tensor(6), 1: tensor(69)}
INFO:root:VALID measures microavg - precision 0.7340 - recall 0.7340 - f1 0.7340 
INFO:root:VALID measures for class 0 - precision 0.0000 - recall 0.0000 - f1 0.0000 
INFO:root:VALID measures for class 1 - precision 0.7500 - recall 0.9718 - f1 0.8466 
INFO:root:VALID measures@10 microavg - precision 0.8667 - recall 0.1844 - f1 0.3041 
INFO:root:VALID measures@10 for class 0 - precision 0.0000 - recall 0.0000 - f1 0.0000 
INFO:root:VALID measures@10 for class 1 - precision 0.8667 - recall 0.2441 - f1 0.3810 
INFO:root:VALID measures@100 microavg - precision 0.5035 - recall 0.5035 - f1 0.5035 
INFO:root:VALID measures@100 for class 0 - precision 0.2160 - recall 0.3913 - f1 0.2784 
INFO:root:VALID measures@100 for class 1 - precision 0.7325 - recall 0.5399 - f1 0.6216 
INFO:root:VALID measures@1000 microavg - precision 0.5035 - recall 0.5035 - f1 0.5035 
INFO:root:VALID measures@1000 for class 0 - precision 0.2160 - recall 0.3913 - f1 0.2784 
INFO:root:VALID measures@1000 for class 1 - precision 0.7325 - recall 0.5399 - f1 0.6216 
INFO:root:VALID Total epoch time: 0.04194472400013183
INFO:root:################ TRAIN epoch 39 ###################
INFO:root:TRAIN mean losses tensor(1.6060)
INFO:root:TRAIN mean errors 0.2460992932319641
INFO:root:TRAIN mean MRR 0.0 - mean MAP 0.9293773770332336
INFO:root:TRAIN tp {0: tensor(2), 1: tensor(1061)},fn {0: tensor(341), 1: tensor(6)},fp {0: tensor(6), 1: tensor(341)}
INFO:root:TRAIN measures microavg - precision 0.7539 - recall 0.7539 - f1 0.7539 
INFO:root:TRAIN measures for class 0 - precision 0.2500 - recall 0.0058 - f1 0.0114 
INFO:root:TRAIN measures for class 1 - precision 0.7568 - recall 0.9944 - f1 0.8595 
INFO:root:TRAIN measures@10 microavg - precision 0.8914 - recall 0.1979 - f1 0.3239 
INFO:root:TRAIN measures@10 for class 0 - precision 0.6429 - recall 0.0262 - f1 0.0504 
INFO:root:TRAIN measures@10 for class 1 - precision 0.9030 - recall 0.2530 - f1 0.3953 
INFO:root:TRAIN measures@100 microavg - precision 0.6014 - recall 0.6014 - f1 0.6014 
INFO:root:TRAIN measures@100 for class 0 - precision 0.2930 - recall 0.4519 - f1 0.3555 
INFO:root:TRAIN measures@100 for class 1 - precision 0.7866 - recall 0.6495 - f1 0.7115 
INFO:root:TRAIN measures@1000 microavg - precision 0.6014 - recall 0.6014 - f1 0.6014 
INFO:root:TRAIN measures@1000 for class 0 - precision 0.2930 - recall 0.4519 - f1 0.3555 
INFO:root:TRAIN measures@1000 for class 1 - precision 0.7866 - recall 0.6495 - f1 0.7115 
INFO:root:TRAIN Total epoch time: 0.5200222670000585
INFO:root:################ VALID epoch 39 ###################
INFO:root:VALID mean losses tensor(1.4388)
INFO:root:VALID mean errors 0.25177305936813354
INFO:root:VALID mean MRR 0.0 - mean MAP 0.8799065351486206
INFO:root:VALID tp {0: tensor(2), 1: tensor(209)},fn {0: tensor(67), 1: tensor(4)},fp {0: tensor(4), 1: tensor(67)}
INFO:root:VALID measures microavg - precision 0.7482 - recall 0.7482 - f1 0.7482 
INFO:root:VALID measures for class 0 - precision 0.3333 - recall 0.0290 - f1 0.0533 
INFO:root:VALID measures for class 1 - precision 0.7572 - recall 0.9812 - f1 0.8548 
INFO:root:VALID measures@10 microavg - precision 0.7576 - recall 0.1773 - f1 0.2874 
INFO:root:VALID measures@10 for class 0 - precision 0.5417 - recall 0.1884 - f1 0.2796 
INFO:root:VALID measures@10 for class 1 - precision 0.8810 - recall 0.1737 - f1 0.2902 
INFO:root:VALID measures@100 microavg - precision 0.3582 - recall 0.3582 - f1 0.3582 
INFO:root:VALID measures@100 for class 0 - precision 0.2544 - recall 0.8406 - f1 0.3906 
INFO:root:VALID measures@100 for class 1 - precision 0.7963 - recall 0.2019 - f1 0.3221 
INFO:root:VALID measures@1000 microavg - precision 0.3582 - recall 0.3582 - f1 0.3582 
INFO:root:VALID measures@1000 for class 0 - precision 0.2544 - recall 0.8406 - f1 0.3906 
INFO:root:VALID measures@1000 for class 1 - precision 0.7963 - recall 0.2019 - f1 0.3221 
INFO:root:VALID Total epoch time: 0.03877921299999798
INFO:root:################ TRAIN epoch 40 ###################
INFO:root:TRAIN mean losses tensor(1.0334)
INFO:root:TRAIN mean errors 0.24255318939685822
INFO:root:TRAIN mean MRR 0.0 - mean MAP 0.9276412129402161
INFO:root:TRAIN tp {0: tensor(1), 1: tensor(1067)},fn {0: tensor(342), 1: tensor(0)},fp {0: tensor(0), 1: tensor(342)}
INFO:root:TRAIN measures microavg - precision 0.7574 - recall 0.7574 - f1 0.7574 
INFO:root:TRAIN measures for class 0 - precision 1.0000 - recall 0.0029 - f1 0.0058 
INFO:root:TRAIN measures for class 1 - precision 0.7573 - recall 1.0000 - f1 0.8619 
INFO:root:TRAIN measures@10 microavg - precision 0.8282 - recall 0.1915 - f1 0.3111 
INFO:root:TRAIN measures@10 for class 0 - precision 0.5818 - recall 0.0933 - f1 0.1608 
INFO:root:TRAIN measures@10 for class 1 - precision 0.8782 - recall 0.2231 - f1 0.3558 
INFO:root:TRAIN measures@100 microavg - precision 0.4887 - recall 0.4887 - f1 0.4887 
INFO:root:TRAIN measures@100 for class 0 - precision 0.2684 - recall 0.6385 - f1 0.3779 
INFO:root:TRAIN measures@100 for class 1 - precision 0.7912 - recall 0.4405 - f1 0.5659 
INFO:root:TRAIN measures@1000 microavg - precision 0.4887 - recall 0.4887 - f1 0.4887 
INFO:root:TRAIN measures@1000 for class 0 - precision 0.2684 - recall 0.6385 - f1 0.3779 
INFO:root:TRAIN measures@1000 for class 1 - precision 0.7912 - recall 0.4405 - f1 0.5659 
INFO:root:TRAIN Total epoch time: 0.3739162310002939
INFO:root:################ VALID epoch 40 ###################
INFO:root:VALID mean losses tensor(1.0217)
INFO:root:VALID mean errors 0.24113474786281586
INFO:root:VALID mean MRR 0.0 - mean MAP 0.9255362153053284
INFO:root:VALID tp {0: tensor(1), 1: tensor(213)},fn {0: tensor(68), 1: tensor(0)},fp {0: tensor(0), 1: tensor(68)}
INFO:root:VALID measures microavg - precision 0.7589 - recall 0.7589 - f1 0.7589 
INFO:root:VALID measures for class 0 - precision 1.0000 - recall 0.0145 - f1 0.0286 
INFO:root:VALID measures for class 1 - precision 0.7580 - recall 1.0000 - f1 0.8623 
INFO:root:VALID measures@10 microavg - precision 0.9016 - recall 0.1950 - f1 0.3207 
INFO:root:VALID measures@10 for class 0 - precision 0.0000 - recall 0.0000 - f1 0.0000 
INFO:root:VALID measures@10 for class 1 - precision 0.9167 - recall 0.2582 - f1 0.4029 
INFO:root:VALID measures@100 microavg - precision 0.5922 - recall 0.5922 - f1 0.5922 
INFO:root:VALID measures@100 for class 0 - precision 0.3017 - recall 0.5072 - f1 0.3784 
INFO:root:VALID measures@100 for class 1 - precision 0.7952 - recall 0.6197 - f1 0.6966 
INFO:root:VALID measures@1000 microavg - precision 0.5922 - recall 0.5922 - f1 0.5922 
INFO:root:VALID measures@1000 for class 0 - precision 0.3017 - recall 0.5072 - f1 0.3784 
INFO:root:VALID measures@1000 for class 1 - precision 0.7952 - recall 0.6197 - f1 0.6966 
INFO:root:VALID Total epoch time: 0.03850966000027256
INFO:root:################ TRAIN epoch 41 ###################
INFO:root:TRAIN mean losses tensor(1.0662)
INFO:root:TRAIN mean errors 0.24397163093090057
INFO:root:TRAIN mean MRR 0.0 - mean MAP 0.9244669675827026
INFO:root:TRAIN tp {0: tensor(1), 1: tensor(1065)},fn {0: tensor(342), 1: tensor(2)},fp {0: tensor(2), 1: tensor(342)}
INFO:root:TRAIN measures microavg - precision 0.7560 - recall 0.7560 - f1 0.7560 
INFO:root:TRAIN measures for class 0 - precision 0.3333 - recall 0.0029 - f1 0.0058 
INFO:root:TRAIN measures for class 1 - precision 0.7569 - recall 0.9981 - f1 0.8610 
INFO:root:TRAIN measures@10 microavg - precision 0.8012 - recall 0.1830 - f1 0.2979 
INFO:root:TRAIN measures@10 for class 0 - precision 0.3529 - recall 0.0350 - f1 0.0637 
INFO:root:TRAIN measures@10 for class 1 - precision 0.8542 - recall 0.2306 - f1 0.3631 
INFO:root:TRAIN measures@100 microavg - precision 0.4872 - recall 0.4872 - f1 0.4872 
INFO:root:TRAIN measures@100 for class 0 - precision 0.2625 - recall 0.6122 - f1 0.3675 
INFO:root:TRAIN measures@100 for class 1 - precision 0.7820 - recall 0.4470 - f1 0.5689 
INFO:root:TRAIN measures@1000 microavg - precision 0.4872 - recall 0.4872 - f1 0.4872 
INFO:root:TRAIN measures@1000 for class 0 - precision 0.2625 - recall 0.6122 - f1 0.3675 
INFO:root:TRAIN measures@1000 for class 1 - precision 0.7820 - recall 0.4470 - f1 0.5689 
INFO:root:TRAIN Total epoch time: 0.3839645709999786
INFO:root:################ VALID epoch 41 ###################
INFO:root:VALID mean losses tensor(1.1075)
INFO:root:VALID mean errors 0.24822695553302765
INFO:root:VALID mean MRR 0.0 - mean MAP 0.9268317222595215
INFO:root:VALID tp {0: tensor(0), 1: tensor(212)},fn {0: tensor(69), 1: tensor(1)},fp {0: tensor(1), 1: tensor(69)}
INFO:root:VALID measures microavg - precision 0.7518 - recall 0.7518 - f1 0.7518 
INFO:root:VALID measures for class 0 - precision 0.0000 - recall 0.0000 - f1 0.0000 
INFO:root:VALID measures for class 1 - precision 0.7544 - recall 0.9953 - f1 0.8583 
INFO:root:VALID measures@10 microavg - precision 0.7903 - recall 0.1738 - f1 0.2849 
INFO:root:VALID measures@10 for class 0 - precision 0.1250 - recall 0.0145 - f1 0.0260 
INFO:root:VALID measures@10 for class 1 - precision 0.8889 - recall 0.2254 - f1 0.3596 
INFO:root:VALID measures@100 microavg - precision 0.4965 - recall 0.4965 - f1 0.4965 
INFO:root:VALID measures@100 for class 0 - precision 0.2550 - recall 0.5507 - f1 0.3486 
INFO:root:VALID measures@100 for class 1 - precision 0.7669 - recall 0.4789 - f1 0.5896 
INFO:root:VALID measures@1000 microavg - precision 0.4965 - recall 0.4965 - f1 0.4965 
INFO:root:VALID measures@1000 for class 0 - precision 0.2550 - recall 0.5507 - f1 0.3486 
INFO:root:VALID measures@1000 for class 1 - precision 0.7669 - recall 0.4789 - f1 0.5896 
INFO:root:VALID Total epoch time: 0.041233298999941326
INFO:root:################ TRAIN epoch 42 ###################
INFO:root:TRAIN mean losses tensor(1.1102)
INFO:root:TRAIN mean errors 0.24042552709579468
INFO:root:TRAIN mean MRR 0.0 - mean MAP 0.9344191551208496
INFO:root:TRAIN tp {0: tensor(5), 1: tensor(1066)},fn {0: tensor(338), 1: tensor(1)},fp {0: tensor(1), 1: tensor(338)}
INFO:root:TRAIN measures microavg - precision 0.7596 - recall 0.7596 - f1 0.7596 
INFO:root:TRAIN measures for class 0 - precision 0.8333 - recall 0.0146 - f1 0.0287 
INFO:root:TRAIN measures for class 1 - precision 0.7593 - recall 0.9991 - f1 0.8628 
INFO:root:TRAIN measures@10 microavg - precision 0.8302 - recall 0.1908 - f1 0.3103 
INFO:root:TRAIN measures@10 for class 0 - precision 0.3871 - recall 0.0350 - f1 0.0642 
INFO:root:TRAIN measures@10 for class 1 - precision 0.8771 - recall 0.2409 - f1 0.3779 
INFO:root:TRAIN measures@100 microavg - precision 0.4965 - recall 0.4965 - f1 0.4965 
INFO:root:TRAIN measures@100 for class 0 - precision 0.2601 - recall 0.5802 - f1 0.3592 
INFO:root:TRAIN measures@100 for class 1 - precision 0.7767 - recall 0.4695 - f1 0.5853 
INFO:root:TRAIN measures@1000 microavg - precision 0.4965 - recall 0.4965 - f1 0.4965 
INFO:root:TRAIN measures@1000 for class 0 - precision 0.2601 - recall 0.5802 - f1 0.3592 
INFO:root:TRAIN measures@1000 for class 1 - precision 0.7767 - recall 0.4695 - f1 0.5853 
INFO:root:TRAIN Total epoch time: 0.40429398200012656
INFO:root:################ VALID epoch 42 ###################
INFO:root:VALID mean losses tensor(1.0563)
INFO:root:VALID mean errors 0.24822695553302765
INFO:root:VALID mean MRR 0.0 - mean MAP 0.9191398620605469
INFO:root:VALID tp {0: tensor(0), 1: tensor(212)},fn {0: tensor(69), 1: tensor(1)},fp {0: tensor(1), 1: tensor(69)}
INFO:root:VALID measures microavg - precision 0.7518 - recall 0.7518 - f1 0.7518 
INFO:root:VALID measures for class 0 - precision 0.0000 - recall 0.0000 - f1 0.0000 
INFO:root:VALID measures for class 1 - precision 0.7544 - recall 0.9953 - f1 0.8583 
INFO:root:VALID measures@10 microavg - precision 0.7761 - recall 0.1844 - f1 0.2980 
INFO:root:VALID measures@10 for class 0 - precision 0.4000 - recall 0.0580 - f1 0.1013 
INFO:root:VALID measures@10 for class 1 - precision 0.8421 - recall 0.2254 - f1 0.3556 
INFO:root:VALID measures@100 microavg - precision 0.5106 - recall 0.5106 - f1 0.5106 
INFO:root:VALID measures@100 for class 0 - precision 0.2909 - recall 0.6957 - f1 0.4103 
INFO:root:VALID measures@100 for class 1 - precision 0.8205 - recall 0.4507 - f1 0.5818 
INFO:root:VALID measures@1000 microavg - precision 0.5106 - recall 0.5106 - f1 0.5106 
INFO:root:VALID measures@1000 for class 0 - precision 0.2909 - recall 0.6957 - f1 0.4103 
INFO:root:VALID measures@1000 for class 1 - precision 0.8205 - recall 0.4507 - f1 0.5818 
INFO:root:VALID Total epoch time: 0.041804352999861294
INFO:root:################ TRAIN epoch 43 ###################
INFO:root:TRAIN mean losses tensor(1.4363)
INFO:root:TRAIN mean errors 0.24397163093090057
INFO:root:TRAIN mean MRR 0.0 - mean MAP 0.9410877227783203
INFO:root:TRAIN tp {0: tensor(5), 1: tensor(1061)},fn {0: tensor(338), 1: tensor(6)},fp {0: tensor(6), 1: tensor(338)}
INFO:root:TRAIN measures microavg - precision 0.7560 - recall 0.7560 - f1 0.7560 
INFO:root:TRAIN measures for class 0 - precision 0.4545 - recall 0.0146 - f1 0.0282 
INFO:root:TRAIN measures for class 1 - precision 0.7584 - recall 0.9944 - f1 0.8605 
INFO:root:TRAIN measures@10 microavg - precision 0.8492 - recall 0.1957 - f1 0.3182 
INFO:root:TRAIN measures@10 for class 0 - precision 0.6333 - recall 0.0554 - f1 0.1019 
INFO:root:TRAIN measures@10 for class 1 - precision 0.8712 - recall 0.2409 - f1 0.3774 
INFO:root:TRAIN measures@100 microavg - precision 0.5560 - recall 0.5560 - f1 0.5560 
INFO:root:TRAIN measures@100 for class 0 - precision 0.2793 - recall 0.5219 - f1 0.3638 
INFO:root:TRAIN measures@100 for class 1 - precision 0.7867 - recall 0.5670 - f1 0.6590 
INFO:root:TRAIN measures@1000 microavg - precision 0.5560 - recall 0.5560 - f1 0.5560 
INFO:root:TRAIN measures@1000 for class 0 - precision 0.2793 - recall 0.5219 - f1 0.3638 
INFO:root:TRAIN measures@1000 for class 1 - precision 0.7867 - recall 0.5670 - f1 0.6590 
INFO:root:TRAIN Total epoch time: 0.4036715180000101
INFO:root:################ VALID epoch 43 ###################
INFO:root:VALID mean losses tensor(1.9958)
INFO:root:VALID mean errors 0.28723403811454773
INFO:root:VALID mean MRR 0.0 - mean MAP 0.8722355365753174
INFO:root:VALID tp {0: tensor(3), 1: tensor(198)},fn {0: tensor(66), 1: tensor(15)},fp {0: tensor(15), 1: tensor(66)}
INFO:root:VALID measures microavg - precision 0.7128 - recall 0.7128 - f1 0.7128 
INFO:root:VALID measures for class 0 - precision 0.1667 - recall 0.0435 - f1 0.0690 
INFO:root:VALID measures for class 1 - precision 0.7500 - recall 0.9296 - f1 0.8302 
INFO:root:VALID measures@10 microavg - precision 0.7460 - recall 0.1667 - f1 0.2725 
INFO:root:VALID measures@10 for class 0 - precision 0.3750 - recall 0.0870 - f1 0.1412 
INFO:root:VALID measures@10 for class 1 - precision 0.8723 - recall 0.1925 - f1 0.3154 
INFO:root:VALID measures@100 microavg - precision 0.4504 - recall 0.4504 - f1 0.4504 
INFO:root:VALID measures@100 for class 0 - precision 0.2713 - recall 0.7391 - f1 0.3969 
INFO:root:VALID measures@100 for class 1 - precision 0.8085 - recall 0.3568 - f1 0.4951 
INFO:root:VALID measures@1000 microavg - precision 0.4504 - recall 0.4504 - f1 0.4504 
INFO:root:VALID measures@1000 for class 0 - precision 0.2713 - recall 0.7391 - f1 0.3969 
INFO:root:VALID measures@1000 for class 1 - precision 0.8085 - recall 0.3568 - f1 0.4951 
INFO:root:VALID Total epoch time: 0.04345137500013152
INFO:root:################ TRAIN epoch 44 ###################
INFO:root:TRAIN mean losses tensor(1.5939)
INFO:root:TRAIN mean errors 0.24751773476600647
INFO:root:TRAIN mean MRR 0.0 - mean MAP 0.9178376793861389
INFO:root:TRAIN tp {0: tensor(4), 1: tensor(1057)},fn {0: tensor(339), 1: tensor(10)},fp {0: tensor(10), 1: tensor(339)}
INFO:root:TRAIN measures microavg - precision 0.7525 - recall 0.7525 - f1 0.7525 
INFO:root:TRAIN measures for class 0 - precision 0.2857 - recall 0.0117 - f1 0.0224 
INFO:root:TRAIN measures for class 1 - precision 0.7572 - recall 0.9906 - f1 0.8583 
INFO:root:TRAIN measures@10 microavg - precision 0.8255 - recall 0.1879 - f1 0.3062 
INFO:root:TRAIN measures@10 for class 0 - precision 0.5172 - recall 0.0437 - f1 0.0806 
INFO:root:TRAIN measures@10 for class 1 - precision 0.8562 - recall 0.2343 - f1 0.3679 
INFO:root:TRAIN measures@100 microavg - precision 0.5262 - recall 0.5262 - f1 0.5262 
INFO:root:TRAIN measures@100 for class 0 - precision 0.2556 - recall 0.4956 - f1 0.3373 
INFO:root:TRAIN measures@100 for class 1 - precision 0.7678 - recall 0.5361 - f1 0.6313 
INFO:root:TRAIN measures@1000 microavg - precision 0.5262 - recall 0.5262 - f1 0.5262 
INFO:root:TRAIN measures@1000 for class 0 - precision 0.2556 - recall 0.4956 - f1 0.3373 
INFO:root:TRAIN measures@1000 for class 1 - precision 0.7678 - recall 0.5361 - f1 0.6313 
INFO:root:TRAIN Total epoch time: 0.41154504599990105
INFO:root:################ VALID epoch 44 ###################
INFO:root:VALID mean losses tensor(1.1393)
INFO:root:VALID mean errors 0.24113474786281586
INFO:root:VALID mean MRR 0.0 - mean MAP 0.8988529443740845
INFO:root:VALID tp {0: tensor(1), 1: tensor(213)},fn {0: tensor(68), 1: tensor(0)},fp {0: tensor(0), 1: tensor(68)}
INFO:root:VALID measures microavg - precision 0.7589 - recall 0.7589 - f1 0.7589 
INFO:root:VALID measures for class 0 - precision 1.0000 - recall 0.0145 - f1 0.0286 
INFO:root:VALID measures for class 1 - precision 0.7580 - recall 1.0000 - f1 0.8623 
INFO:root:VALID measures@10 microavg - precision 0.8060 - recall 0.1915 - f1 0.3095 
INFO:root:VALID measures@10 for class 0 - precision 0.5000 - recall 0.0725 - f1 0.1266 
INFO:root:VALID measures@10 for class 1 - precision 0.8596 - recall 0.2300 - f1 0.3630 
INFO:root:VALID measures@100 microavg - precision 0.5106 - recall 0.5106 - f1 0.5106 
INFO:root:VALID measures@100 for class 0 - precision 0.2587 - recall 0.5362 - f1 0.3491 
INFO:root:VALID measures@100 for class 1 - precision 0.7698 - recall 0.5023 - f1 0.6080 
INFO:root:VALID measures@1000 microavg - precision 0.5106 - recall 0.5106 - f1 0.5106 
INFO:root:VALID measures@1000 for class 0 - precision 0.2587 - recall 0.5362 - f1 0.3491 
INFO:root:VALID measures@1000 for class 1 - precision 0.7698 - recall 0.5023 - f1 0.6080 
INFO:root:VALID Total epoch time: 0.04288639900005364
INFO:root:################ TRAIN epoch 45 ###################
INFO:root:TRAIN mean losses tensor(1.3886)
INFO:root:TRAIN mean errors 0.24184396862983704
INFO:root:TRAIN mean MRR 0.0 - mean MAP 0.9242153167724609
INFO:root:TRAIN tp {0: tensor(4), 1: tensor(1065)},fn {0: tensor(339), 1: tensor(2)},fp {0: tensor(2), 1: tensor(339)}
INFO:root:TRAIN measures microavg - precision 0.7582 - recall 0.7582 - f1 0.7582 
INFO:root:TRAIN measures for class 0 - precision 0.6667 - recall 0.0117 - f1 0.0229 
INFO:root:TRAIN measures for class 1 - precision 0.7585 - recall 0.9981 - f1 0.8620 
INFO:root:TRAIN measures@10 microavg - precision 0.8065 - recall 0.1922 - f1 0.3104 
INFO:root:TRAIN measures@10 for class 0 - precision 0.5660 - recall 0.0875 - f1 0.1515 
INFO:root:TRAIN measures@10 for class 1 - precision 0.8516 - recall 0.2259 - f1 0.3570 
INFO:root:TRAIN measures@100 microavg - precision 0.4972 - recall 0.4972 - f1 0.4972 
INFO:root:TRAIN measures@100 for class 0 - precision 0.2774 - recall 0.6647 - f1 0.3914 
INFO:root:TRAIN measures@100 for class 1 - precision 0.8044 - recall 0.4433 - f1 0.5716 
INFO:root:TRAIN measures@1000 microavg - precision 0.4972 - recall 0.4972 - f1 0.4972 
INFO:root:TRAIN measures@1000 for class 0 - precision 0.2774 - recall 0.6647 - f1 0.3914 
INFO:root:TRAIN measures@1000 for class 1 - precision 0.8044 - recall 0.4433 - f1 0.5716 
INFO:root:TRAIN Total epoch time: 0.41055890100005854
INFO:root:################ VALID epoch 45 ###################
INFO:root:VALID mean losses tensor(1.0882)
INFO:root:VALID mean errors 0.24113474786281586
INFO:root:VALID mean MRR 0.0 - mean MAP 0.9088473320007324
INFO:root:VALID tp {0: tensor(1), 1: tensor(213)},fn {0: tensor(68), 1: tensor(0)},fp {0: tensor(0), 1: tensor(68)}
INFO:root:VALID measures microavg - precision 0.7589 - recall 0.7589 - f1 0.7589 
INFO:root:VALID measures for class 0 - precision 1.0000 - recall 0.0145 - f1 0.0286 
INFO:root:VALID measures for class 1 - precision 0.7580 - recall 1.0000 - f1 0.8623 
INFO:root:VALID measures@10 microavg - precision 0.7812 - recall 0.1773 - f1 0.2890 
INFO:root:VALID measures@10 for class 0 - precision 0.5385 - recall 0.1014 - f1 0.1707 
INFO:root:VALID measures@10 for class 1 - precision 0.8431 - recall 0.2019 - f1 0.3258 
INFO:root:VALID measures@100 microavg - precision 0.4433 - recall 0.4433 - f1 0.4433 
INFO:root:VALID measures@100 for class 0 - precision 0.2528 - recall 0.6522 - f1 0.3644 
INFO:root:VALID measures@100 for class 1 - precision 0.7692 - recall 0.3756 - f1 0.5047 
INFO:root:VALID measures@1000 microavg - precision 0.4433 - recall 0.4433 - f1 0.4433 
INFO:root:VALID measures@1000 for class 0 - precision 0.2528 - recall 0.6522 - f1 0.3644 
INFO:root:VALID measures@1000 for class 1 - precision 0.7692 - recall 0.3756 - f1 0.5047 
INFO:root:VALID Total epoch time: 0.04345881899962478
INFO:root:################ TRAIN epoch 46 ###################
INFO:root:TRAIN mean losses tensor(1.1274)
INFO:root:TRAIN mean errors 0.24184396862983704
INFO:root:TRAIN mean MRR 0.0 - mean MAP 0.9323648810386658
INFO:root:TRAIN tp {0: tensor(4), 1: tensor(1065)},fn {0: tensor(339), 1: tensor(2)},fp {0: tensor(2), 1: tensor(339)}
INFO:root:TRAIN measures microavg - precision 0.7582 - recall 0.7582 - f1 0.7582 
INFO:root:TRAIN measures for class 0 - precision 0.6667 - recall 0.0117 - f1 0.0229 
INFO:root:TRAIN measures for class 1 - precision 0.7585 - recall 0.9981 - f1 0.8620 
INFO:root:TRAIN measures@10 microavg - precision 0.7662 - recall 0.1766 - f1 0.2870 
INFO:root:TRAIN measures@10 for class 0 - precision 0.5424 - recall 0.0933 - f1 0.1592 
INFO:root:TRAIN measures@10 for class 1 - precision 0.8158 - recall 0.2034 - f1 0.3256 
INFO:root:TRAIN measures@100 microavg - precision 0.4773 - recall 0.4773 - f1 0.4773 
INFO:root:TRAIN measures@100 for class 0 - precision 0.2592 - recall 0.6181 - f1 0.3652 
INFO:root:TRAIN measures@100 for class 1 - precision 0.7787 - recall 0.4321 - f1 0.5558 
INFO:root:TRAIN measures@1000 microavg - precision 0.4773 - recall 0.4773 - f1 0.4773 
INFO:root:TRAIN measures@1000 for class 0 - precision 0.2592 - recall 0.6181 - f1 0.3652 
INFO:root:TRAIN measures@1000 for class 1 - precision 0.7787 - recall 0.4321 - f1 0.5558 
INFO:root:TRAIN Total epoch time: 0.38024233099986304
INFO:root:################ VALID epoch 46 ###################
INFO:root:VALID mean losses tensor(1.0234)
INFO:root:VALID mean errors 0.24468085169792175
INFO:root:VALID mean MRR 0.0 - mean MAP 0.9463661313056946
INFO:root:VALID tp {0: tensor(0), 1: tensor(213)},fn {0: tensor(69), 1: tensor(0)},fp {0: tensor(0), 1: tensor(69)}
INFO:root:VALID measures microavg - precision 0.7553 - recall 0.7553 - f1 0.7553 
INFO:root:VALID measures for class 0 - precision 0.0000 - recall 0.0000 - f1 0.0000 
INFO:root:VALID measures for class 1 - precision 0.7553 - recall 1.0000 - f1 0.8606 
INFO:root:VALID measures@10 microavg - precision 0.8261 - recall 0.2021 - f1 0.3248 
INFO:root:VALID measures@10 for class 0 - precision 0.5556 - recall 0.0725 - f1 0.1282 
INFO:root:VALID measures@10 for class 1 - precision 0.8667 - recall 0.2441 - f1 0.3810 
INFO:root:VALID measures@100 microavg - precision 0.4965 - recall 0.4965 - f1 0.4965 
INFO:root:VALID measures@100 for class 0 - precision 0.2614 - recall 0.5797 - f1 0.3604 
INFO:root:VALID measures@100 for class 1 - precision 0.7752 - recall 0.4695 - f1 0.5848 
INFO:root:VALID measures@1000 microavg - precision 0.4965 - recall 0.4965 - f1 0.4965 
INFO:root:VALID measures@1000 for class 0 - precision 0.2614 - recall 0.5797 - f1 0.3604 
INFO:root:VALID measures@1000 for class 1 - precision 0.7752 - recall 0.4695 - f1 0.5848 
INFO:root:VALID Total epoch time: 0.03854506300012872
INFO:root:################ TRAIN epoch 47 ###################
INFO:root:TRAIN mean losses tensor(1.0092)
INFO:root:TRAIN mean errors 0.24255318939685822
INFO:root:TRAIN mean MRR 0.0 - mean MAP 0.9311079978942871
INFO:root:TRAIN tp {0: tensor(1), 1: tensor(1067)},fn {0: tensor(342), 1: tensor(0)},fp {0: tensor(0), 1: tensor(342)}
INFO:root:TRAIN measures microavg - precision 0.7574 - recall 0.7574 - f1 0.7574 
INFO:root:TRAIN measures for class 0 - precision 1.0000 - recall 0.0029 - f1 0.0058 
INFO:root:TRAIN measures for class 1 - precision 0.7573 - recall 1.0000 - f1 0.8619 
INFO:root:TRAIN measures@10 microavg - precision 0.8000 - recall 0.1872 - f1 0.3034 
INFO:root:TRAIN measures@10 for class 0 - precision 0.4286 - recall 0.0525 - f1 0.0935 
INFO:root:TRAIN measures@10 for class 1 - precision 0.8542 - recall 0.2306 - f1 0.3631 
INFO:root:TRAIN measures@100 microavg - precision 0.4766 - recall 0.4766 - f1 0.4766 
INFO:root:TRAIN measures@100 for class 0 - precision 0.2623 - recall 0.6356 - f1 0.3714 
INFO:root:TRAIN measures@100 for class 1 - precision 0.7841 - recall 0.4255 - f1 0.5516 
INFO:root:TRAIN measures@1000 microavg - precision 0.4766 - recall 0.4766 - f1 0.4766 
INFO:root:TRAIN measures@1000 for class 0 - precision 0.2623 - recall 0.6356 - f1 0.3714 
INFO:root:TRAIN measures@1000 for class 1 - precision 0.7841 - recall 0.4255 - f1 0.5516 
INFO:root:TRAIN Total epoch time: 0.3720637959995656
INFO:root:################ VALID epoch 47 ###################
INFO:root:VALID mean losses tensor(1.0762)
INFO:root:VALID mean errors 0.24468085169792175
INFO:root:VALID mean MRR 0.0 - mean MAP 0.93963623046875
INFO:root:VALID tp {0: tensor(0), 1: tensor(213)},fn {0: tensor(69), 1: tensor(0)},fp {0: tensor(0), 1: tensor(69)}
INFO:root:VALID measures microavg - precision 0.7553 - recall 0.7553 - f1 0.7553 
INFO:root:VALID measures for class 0 - precision 0.0000 - recall 0.0000 - f1 0.0000 
INFO:root:VALID measures for class 1 - precision 0.7553 - recall 1.0000 - f1 0.8606 
INFO:root:VALID measures@10 microavg - precision 0.8413 - recall 0.1879 - f1 0.3072 
INFO:root:VALID measures@10 for class 0 - precision 0.3333 - recall 0.0145 - f1 0.0278 
INFO:root:VALID measures@10 for class 1 - precision 0.8667 - recall 0.2441 - f1 0.3810 
INFO:root:VALID measures@100 microavg - precision 0.5461 - recall 0.5461 - f1 0.5461 
INFO:root:VALID measures@100 for class 0 - precision 0.2677 - recall 0.4928 - f1 0.3469 
INFO:root:VALID measures@100 for class 1 - precision 0.7742 - recall 0.5634 - f1 0.6522 
INFO:root:VALID measures@1000 microavg - precision 0.5461 - recall 0.5461 - f1 0.5461 
INFO:root:VALID measures@1000 for class 0 - precision 0.2677 - recall 0.4928 - f1 0.3469 
INFO:root:VALID measures@1000 for class 1 - precision 0.7742 - recall 0.5634 - f1 0.6522 
INFO:root:VALID Total epoch time: 0.03895619000013539
INFO:root:################ TRAIN epoch 48 ###################
INFO:root:TRAIN mean losses tensor(1.2115)
INFO:root:TRAIN mean errors 0.2432624101638794
INFO:root:TRAIN mean MRR 0.0 - mean MAP 0.9332662224769592
INFO:root:TRAIN tp {0: tensor(2), 1: tensor(1065)},fn {0: tensor(341), 1: tensor(2)},fp {0: tensor(2), 1: tensor(341)}
INFO:root:TRAIN measures microavg - precision 0.7567 - recall 0.7567 - f1 0.7567 
INFO:root:TRAIN measures for class 0 - precision 0.5000 - recall 0.0058 - f1 0.0115 
INFO:root:TRAIN measures for class 1 - precision 0.7575 - recall 0.9981 - f1 0.8613 
INFO:root:TRAIN measures@10 microavg - precision 0.8685 - recall 0.2014 - f1 0.3270 
INFO:root:TRAIN measures@10 for class 0 - precision 0.6129 - recall 0.0554 - f1 0.1016 
INFO:root:TRAIN measures@10 for class 1 - precision 0.8953 - recall 0.2484 - f1 0.3888 
INFO:root:TRAIN measures@100 microavg - precision 0.5184 - recall 0.5184 - f1 0.5184 
INFO:root:TRAIN measures@100 for class 0 - precision 0.2565 - recall 0.5160 - f1 0.3427 
INFO:root:TRAIN measures@100 for class 1 - precision 0.7694 - recall 0.5192 - f1 0.6200 
INFO:root:TRAIN measures@1000 microavg - precision 0.5184 - recall 0.5184 - f1 0.5184 
INFO:root:TRAIN measures@1000 for class 0 - precision 0.2565 - recall 0.5160 - f1 0.3427 
INFO:root:TRAIN measures@1000 for class 1 - precision 0.7694 - recall 0.5192 - f1 0.6200 
INFO:root:TRAIN Total epoch time: 0.40066708499989545
INFO:root:################ VALID epoch 48 ###################
INFO:root:VALID mean losses tensor(1.2706)
INFO:root:VALID mean errors 0.24468085169792175
INFO:root:VALID mean MRR 0.0 - mean MAP 0.9369245767593384
INFO:root:VALID tp {0: tensor(0), 1: tensor(213)},fn {0: tensor(69), 1: tensor(0)},fp {0: tensor(0), 1: tensor(69)}
INFO:root:VALID measures microavg - precision 0.7553 - recall 0.7553 - f1 0.7553 
INFO:root:VALID measures for class 0 - precision 0.0000 - recall 0.0000 - f1 0.0000 
INFO:root:VALID measures for class 1 - precision 0.7553 - recall 1.0000 - f1 0.8606 
INFO:root:VALID measures@10 microavg - precision 0.8923 - recall 0.2057 - f1 0.3343 
INFO:root:VALID measures@10 for class 0 - precision 0.6000 - recall 0.0435 - f1 0.0811 
INFO:root:VALID measures@10 for class 1 - precision 0.9167 - recall 0.2582 - f1 0.4029 
INFO:root:VALID measures@100 microavg - precision 0.5780 - recall 0.5780 - f1 0.5780 
INFO:root:VALID measures@100 for class 0 - precision 0.3016 - recall 0.5507 - f1 0.3897 
INFO:root:VALID measures@100 for class 1 - precision 0.8013 - recall 0.5869 - f1 0.6775 
INFO:root:VALID measures@1000 microavg - precision 0.5780 - recall 0.5780 - f1 0.5780 
INFO:root:VALID measures@1000 for class 0 - precision 0.3016 - recall 0.5507 - f1 0.3897 
INFO:root:VALID measures@1000 for class 1 - precision 0.8013 - recall 0.5869 - f1 0.6775 
INFO:root:VALID Total epoch time: 0.04192495500001314
INFO:root:################ TRAIN epoch 49 ###################
INFO:root:TRAIN mean losses tensor(1.2751)
INFO:root:TRAIN mean errors 0.2460992932319641
INFO:root:TRAIN mean MRR 0.0 - mean MAP 0.9289676547050476
INFO:root:TRAIN tp {0: tensor(0), 1: tensor(1063)},fn {0: tensor(343), 1: tensor(4)},fp {0: tensor(4), 1: tensor(343)}
INFO:root:TRAIN measures microavg - precision 0.7539 - recall 0.7539 - f1 0.7539 
INFO:root:TRAIN measures for class 0 - precision 0.0000 - recall 0.0000 - f1 0.0000 
INFO:root:TRAIN measures for class 1 - precision 0.7560 - recall 0.9963 - f1 0.8597 
INFO:root:TRAIN measures@10 microavg - precision 0.8210 - recall 0.1887 - f1 0.3068 
INFO:root:TRAIN measures@10 for class 0 - precision 0.5500 - recall 0.0641 - f1 0.1149 
INFO:root:TRAIN measures@10 for class 1 - precision 0.8592 - recall 0.2287 - f1 0.3612 
INFO:root:TRAIN measures@100 microavg - precision 0.5149 - recall 0.5149 - f1 0.5149 
INFO:root:TRAIN measures@100 for class 0 - precision 0.2674 - recall 0.5714 - f1 0.3643 
INFO:root:TRAIN measures@100 for class 1 - precision 0.7829 - recall 0.4967 - f1 0.6078 
INFO:root:TRAIN measures@1000 microavg - precision 0.5149 - recall 0.5149 - f1 0.5149 
INFO:root:TRAIN measures@1000 for class 0 - precision 0.2674 - recall 0.5714 - f1 0.3643 
INFO:root:TRAIN measures@1000 for class 1 - precision 0.7829 - recall 0.4967 - f1 0.6078 
INFO:root:TRAIN Total epoch time: 0.4049264939999375
INFO:root:################ VALID epoch 49 ###################
INFO:root:VALID mean losses tensor(1.0471)
INFO:root:VALID mean errors 0.24468085169792175
INFO:root:VALID mean MRR 0.0 - mean MAP 0.9377012848854065
INFO:root:VALID tp {0: tensor(0), 1: tensor(213)},fn {0: tensor(69), 1: tensor(0)},fp {0: tensor(0), 1: tensor(69)}
INFO:root:VALID measures microavg - precision 0.7553 - recall 0.7553 - f1 0.7553 
INFO:root:VALID measures for class 0 - precision 0.0000 - recall 0.0000 - f1 0.0000 
INFO:root:VALID measures for class 1 - precision 0.7553 - recall 1.0000 - f1 0.8606 
INFO:root:VALID measures@10 microavg - precision 0.8676 - recall 0.2092 - f1 0.3371 
INFO:root:VALID measures@10 for class 0 - precision 0.6000 - recall 0.0870 - f1 0.1519 
INFO:root:VALID measures@10 for class 1 - precision 0.9138 - recall 0.2488 - f1 0.3911 
INFO:root:VALID measures@100 microavg - precision 0.5071 - recall 0.5071 - f1 0.5071 
INFO:root:VALID measures@100 for class 0 - precision 0.2756 - recall 0.6232 - f1 0.3822 
INFO:root:VALID measures@100 for class 1 - precision 0.7937 - recall 0.4695 - f1 0.5900 
INFO:root:VALID measures@1000 microavg - precision 0.5071 - recall 0.5071 - f1 0.5071 
INFO:root:VALID measures@1000 for class 0 - precision 0.2756 - recall 0.6232 - f1 0.3822 
INFO:root:VALID measures@1000 for class 1 - precision 0.7937 - recall 0.4695 - f1 0.5900 
INFO:root:VALID Total epoch time: 0.0415773579998131
INFO:root:################ TRAIN epoch 50 ###################
INFO:root:TRAIN mean losses tensor(1.0761)
INFO:root:TRAIN mean errors 0.24397163093090057
INFO:root:TRAIN mean MRR 0.0 - mean MAP 0.9385536313056946
INFO:root:TRAIN tp {0: tensor(2), 1: tensor(1064)},fn {0: tensor(341), 1: tensor(3)},fp {0: tensor(3), 1: tensor(341)}
INFO:root:TRAIN measures microavg - precision 0.7560 - recall 0.7560 - f1 0.7560 
INFO:root:TRAIN measures for class 0 - precision 0.4000 - recall 0.0058 - f1 0.0115 
INFO:root:TRAIN measures for class 1 - precision 0.7573 - recall 0.9972 - f1 0.8608 
INFO:root:TRAIN measures@10 microavg - precision 0.7827 - recall 0.1865 - f1 0.3013 
INFO:root:TRAIN measures@10 for class 0 - precision 0.5352 - recall 0.1108 - f1 0.1836 
INFO:root:TRAIN measures@10 for class 1 - precision 0.8491 - recall 0.2109 - f1 0.3378 
INFO:root:TRAIN measures@100 microavg - precision 0.4426 - recall 0.4426 - f1 0.4426 
INFO:root:TRAIN measures@100 for class 0 - precision 0.2611 - recall 0.7055 - f1 0.3811 
INFO:root:TRAIN measures@100 for class 1 - precision 0.7909 - recall 0.3580 - f1 0.4929 
INFO:root:TRAIN measures@1000 microavg - precision 0.4426 - recall 0.4426 - f1 0.4426 
INFO:root:TRAIN measures@1000 for class 0 - precision 0.2611 - recall 0.7055 - f1 0.3811 
INFO:root:TRAIN measures@1000 for class 1 - precision 0.7909 - recall 0.3580 - f1 0.4929 
INFO:root:TRAIN Total epoch time: 0.40455926000004183
INFO:root:################ VALID epoch 50 ###################
INFO:root:VALID mean losses tensor(1.0029)
INFO:root:VALID mean errors 0.24468085169792175
INFO:root:VALID mean MRR 0.0 - mean MAP 0.9328382611274719
INFO:root:VALID tp {0: tensor(0), 1: tensor(213)},fn {0: tensor(69), 1: tensor(0)},fp {0: tensor(0), 1: tensor(69)}
INFO:root:VALID measures microavg - precision 0.7553 - recall 0.7553 - f1 0.7553 
INFO:root:VALID measures for class 0 - precision 0.0000 - recall 0.0000 - f1 0.0000 
INFO:root:VALID measures for class 1 - precision 0.7553 - recall 1.0000 - f1 0.8606 
INFO:root:VALID measures@10 microavg - precision 0.7042 - recall 0.1773 - f1 0.2833 
INFO:root:VALID measures@10 for class 0 - precision 0.7000 - recall 0.2029 - f1 0.3146 
INFO:root:VALID measures@10 for class 1 - precision 0.7059 - recall 0.1690 - f1 0.2727 
INFO:root:VALID measures@100 microavg - precision 0.3404 - recall 0.3404 - f1 0.3404 
INFO:root:VALID measures@100 for class 0 - precision 0.2377 - recall 0.7681 - f1 0.3630 
INFO:root:VALID measures@100 for class 1 - precision 0.7288 - recall 0.2019 - f1 0.3162 
INFO:root:VALID measures@1000 microavg - precision 0.3404 - recall 0.3404 - f1 0.3404 
INFO:root:VALID measures@1000 for class 0 - precision 0.2377 - recall 0.7681 - f1 0.3630 
INFO:root:VALID measures@1000 for class 1 - precision 0.7288 - recall 0.2019 - f1 0.3162 
INFO:root:VALID Total epoch time: 0.04160793899973214
INFO:root:################ TRAIN epoch 51 ###################
INFO:root:TRAIN mean losses tensor(1.2810)
INFO:root:TRAIN mean errors 0.2468085139989853
INFO:root:TRAIN mean MRR 0.0 - mean MAP 0.9382320046424866
INFO:root:TRAIN tp {0: tensor(2), 1: tensor(1060)},fn {0: tensor(341), 1: tensor(7)},fp {0: tensor(7), 1: tensor(341)}
INFO:root:TRAIN measures microavg - precision 0.7532 - recall 0.7532 - f1 0.7532 
INFO:root:TRAIN measures for class 0 - precision 0.2222 - recall 0.0058 - f1 0.0114 
INFO:root:TRAIN measures for class 1 - precision 0.7566 - recall 0.9934 - f1 0.8590 
INFO:root:TRAIN measures@10 microavg - precision 0.8491 - recall 0.1915 - f1 0.3125 
INFO:root:TRAIN measures@10 for class 0 - precision 0.4615 - recall 0.0525 - f1 0.0942 
INFO:root:TRAIN measures@10 for class 1 - precision 0.9032 - recall 0.2362 - f1 0.3744 
INFO:root:TRAIN measures@100 microavg - precision 0.5326 - recall 0.5326 - f1 0.5326 
INFO:root:TRAIN measures@100 for class 0 - precision 0.2703 - recall 0.5423 - f1 0.3608 
INFO:root:TRAIN measures@100 for class 1 - precision 0.7825 - recall 0.5295 - f1 0.6316 
INFO:root:TRAIN measures@1000 microavg - precision 0.5326 - recall 0.5326 - f1 0.5326 
INFO:root:TRAIN measures@1000 for class 0 - precision 0.2703 - recall 0.5423 - f1 0.3608 
INFO:root:TRAIN measures@1000 for class 1 - precision 0.7825 - recall 0.5295 - f1 0.6316 
INFO:root:TRAIN Total epoch time: 0.38171418899992204
INFO:root:################ VALID epoch 51 ###################
INFO:root:VALID mean losses tensor(1.9513)
INFO:root:VALID mean errors 0.24468085169792175
INFO:root:VALID mean MRR 0.0 - mean MAP 0.9455686807632446
INFO:root:VALID tp {0: tensor(0), 1: tensor(213)},fn {0: tensor(69), 1: tensor(0)},fp {0: tensor(0), 1: tensor(69)}
INFO:root:VALID measures microavg - precision 0.7553 - recall 0.7553 - f1 0.7553 
INFO:root:VALID measures for class 0 - precision 0.0000 - recall 0.0000 - f1 0.0000 
INFO:root:VALID measures for class 1 - precision 0.7553 - recall 1.0000 - f1 0.8606 
INFO:root:VALID measures@10 microavg - precision 0.8788 - recall 0.2057 - f1 0.3333 
INFO:root:VALID measures@10 for class 0 - precision 0.6667 - recall 0.0580 - f1 0.1067 
INFO:root:VALID measures@10 for class 1 - precision 0.9000 - recall 0.2535 - f1 0.3956 
INFO:root:VALID measures@100 microavg - precision 0.6348 - recall 0.6348 - f1 0.6348 
INFO:root:VALID measures@100 for class 0 - precision 0.3068 - recall 0.3913 - f1 0.3439 
INFO:root:VALID measures@100 for class 1 - precision 0.7835 - recall 0.7136 - f1 0.7469 
INFO:root:VALID measures@1000 microavg - precision 0.6348 - recall 0.6348 - f1 0.6348 
INFO:root:VALID measures@1000 for class 0 - precision 0.3068 - recall 0.3913 - f1 0.3439 
INFO:root:VALID measures@1000 for class 1 - precision 0.7835 - recall 0.7136 - f1 0.7469 
INFO:root:VALID Total epoch time: 0.03864975299984508
INFO:root:################ TRAIN epoch 52 ###################
INFO:root:TRAIN mean losses tensor(2.1943)
INFO:root:TRAIN mean errors 0.24964539706707
INFO:root:TRAIN mean MRR 0.0 - mean MAP 0.9240303635597229
INFO:root:TRAIN tp {0: tensor(5), 1: tensor(1053)},fn {0: tensor(338), 1: tensor(14)},fp {0: tensor(14), 1: tensor(338)}
INFO:root:TRAIN measures microavg - precision 0.7504 - recall 0.7504 - f1 0.7504 
INFO:root:TRAIN measures for class 0 - precision 0.2632 - recall 0.0146 - f1 0.0276 
INFO:root:TRAIN measures for class 1 - precision 0.7570 - recall 0.9869 - f1 0.8568 
INFO:root:TRAIN measures@10 microavg - precision 0.8344 - recall 0.1894 - f1 0.3087 
INFO:root:TRAIN measures@10 for class 0 - precision 0.4894 - recall 0.0671 - f1 0.1179 
INFO:root:TRAIN measures@10 for class 1 - precision 0.8938 - recall 0.2287 - f1 0.3642 
INFO:root:TRAIN measures@100 microavg - precision 0.5922 - recall 0.5922 - f1 0.5922 
INFO:root:TRAIN measures@100 for class 0 - precision 0.2717 - recall 0.4023 - f1 0.3243 
INFO:root:TRAIN measures@100 for class 1 - precision 0.7727 - recall 0.6532 - f1 0.7080 
INFO:root:TRAIN measures@1000 microavg - precision 0.5922 - recall 0.5922 - f1 0.5922 
INFO:root:TRAIN measures@1000 for class 0 - precision 0.2717 - recall 0.4023 - f1 0.3243 
INFO:root:TRAIN measures@1000 for class 1 - precision 0.7727 - recall 0.6532 - f1 0.7080 
INFO:root:TRAIN Total epoch time: 0.37768323000000237
INFO:root:################ VALID epoch 52 ###################
INFO:root:VALID mean losses tensor(2.7770)
INFO:root:VALID mean errors 0.24468085169792175
INFO:root:VALID mean MRR 0.0 - mean MAP 0.9351857304573059
INFO:root:VALID tp {0: tensor(0), 1: tensor(213)},fn {0: tensor(69), 1: tensor(0)},fp {0: tensor(0), 1: tensor(69)}
INFO:root:VALID measures microavg - precision 0.7553 - recall 0.7553 - f1 0.7553 
INFO:root:VALID measures for class 0 - precision 0.0000 - recall 0.0000 - f1 0.0000 
INFO:root:VALID measures for class 1 - precision 0.7553 - recall 1.0000 - f1 0.8606 
INFO:root:VALID measures@10 microavg - precision 0.9508 - recall 0.2057 - f1 0.3382 
INFO:root:VALID measures@10 for class 0 - precision 0.0000 - recall 0.0000 - f1 0.0000 
INFO:root:VALID measures@10 for class 1 - precision 0.9667 - recall 0.2723 - f1 0.4249 
INFO:root:VALID measures@100 microavg - precision 0.6738 - recall 0.6738 - f1 0.6738 
INFO:root:VALID measures@100 for class 0 - precision 0.2326 - recall 0.1449 - f1 0.1786 
INFO:root:VALID measures@100 for class 1 - precision 0.7531 - recall 0.8451 - f1 0.7965 
INFO:root:VALID measures@1000 microavg - precision 0.6738 - recall 0.6738 - f1 0.6738 
INFO:root:VALID measures@1000 for class 0 - precision 0.2326 - recall 0.1449 - f1 0.1786 
INFO:root:VALID measures@1000 for class 1 - precision 0.7531 - recall 0.8451 - f1 0.7965 
INFO:root:VALID Total epoch time: 0.041053510999972787
INFO:root:################ TRAIN epoch 53 ###################
INFO:root:TRAIN mean losses tensor(1.7538)
INFO:root:TRAIN mean errors 0.24751773476600647
INFO:root:TRAIN mean MRR 0.0 - mean MAP 0.9277978539466858
INFO:root:TRAIN tp {0: tensor(2), 1: tensor(1059)},fn {0: tensor(341), 1: tensor(8)},fp {0: tensor(8), 1: tensor(341)}
INFO:root:TRAIN measures microavg - precision 0.7525 - recall 0.7525 - f1 0.7525 
INFO:root:TRAIN measures for class 0 - precision 0.2000 - recall 0.0058 - f1 0.0113 
INFO:root:TRAIN measures for class 1 - precision 0.7564 - recall 0.9925 - f1 0.8585 
INFO:root:TRAIN measures@10 microavg - precision 0.7755 - recall 0.1887 - f1 0.3035 
INFO:root:TRAIN measures@10 for class 0 - precision 0.4667 - recall 0.1020 - f1 0.1675 
INFO:root:TRAIN measures@10 for class 1 - precision 0.8619 - recall 0.2165 - f1 0.3461 
INFO:root:TRAIN measures@100 microavg - precision 0.5078 - recall 0.5078 - f1 0.5078 
INFO:root:TRAIN measures@100 for class 0 - precision 0.2579 - recall 0.5452 - f1 0.3502 
INFO:root:TRAIN measures@100 for class 1 - precision 0.7723 - recall 0.4958 - f1 0.6039 
INFO:root:TRAIN measures@1000 microavg - precision 0.5078 - recall 0.5078 - f1 0.5078 
INFO:root:TRAIN measures@1000 for class 0 - precision 0.2579 - recall 0.5452 - f1 0.3502 
INFO:root:TRAIN measures@1000 for class 1 - precision 0.7723 - recall 0.4958 - f1 0.6039 
INFO:root:TRAIN Total epoch time: 0.4805520820000311
INFO:root:################ VALID epoch 53 ###################
INFO:root:VALID mean losses tensor(1.2144)
INFO:root:VALID mean errors 0.24468085169792175
INFO:root:VALID mean MRR 0.0 - mean MAP 0.9425579309463501
INFO:root:VALID tp {0: tensor(0), 1: tensor(213)},fn {0: tensor(69), 1: tensor(0)},fp {0: tensor(0), 1: tensor(69)}
INFO:root:VALID measures microavg - precision 0.7553 - recall 0.7553 - f1 0.7553 
INFO:root:VALID measures for class 0 - precision 0.0000 - recall 0.0000 - f1 0.0000 
INFO:root:VALID measures for class 1 - precision 0.7553 - recall 1.0000 - f1 0.8606 
INFO:root:VALID measures@10 microavg - precision 0.8438 - recall 0.1915 - f1 0.3121 
INFO:root:VALID measures@10 for class 0 - precision 0.7500 - recall 0.0435 - f1 0.0822 
INFO:root:VALID measures@10 for class 1 - precision 0.8500 - recall 0.2394 - f1 0.3736 
INFO:root:VALID measures@100 microavg - precision 0.5142 - recall 0.5142 - f1 0.5142 
INFO:root:VALID measures@100 for class 0 - precision 0.2463 - recall 0.4783 - f1 0.3251 
INFO:root:VALID measures@100 for class 1 - precision 0.7568 - recall 0.5258 - f1 0.6205 
INFO:root:VALID measures@1000 microavg - precision 0.5142 - recall 0.5142 - f1 0.5142 
INFO:root:VALID measures@1000 for class 0 - precision 0.2463 - recall 0.4783 - f1 0.3251 
INFO:root:VALID measures@1000 for class 1 - precision 0.7568 - recall 0.5258 - f1 0.6205 
INFO:root:VALID Total epoch time: 0.03837932099986574
INFO:root:################ TRAIN epoch 54 ###################
INFO:root:TRAIN mean losses tensor(1.1260)
INFO:root:TRAIN mean errors 0.24468085169792175
INFO:root:TRAIN mean MRR 0.0 - mean MAP 0.9265066385269165
INFO:root:TRAIN tp {0: tensor(0), 1: tensor(1065)},fn {0: tensor(343), 1: tensor(2)},fp {0: tensor(2), 1: tensor(343)}
INFO:root:TRAIN measures microavg - precision 0.7553 - recall 0.7553 - f1 0.7553 
INFO:root:TRAIN measures for class 0 - precision 0.0000 - recall 0.0000 - f1 0.0000 
INFO:root:TRAIN measures for class 1 - precision 0.7564 - recall 0.9981 - f1 0.8606 
INFO:root:TRAIN measures@10 microavg - precision 0.7206 - recall 0.1738 - f1 0.2800 
INFO:root:TRAIN measures@10 for class 0 - precision 0.3947 - recall 0.0875 - f1 0.1432 
INFO:root:TRAIN measures@10 for class 1 - precision 0.8144 - recall 0.2015 - f1 0.3231 
INFO:root:TRAIN measures@100 microavg - precision 0.4475 - recall 0.4475 - f1 0.4475 
INFO:root:TRAIN measures@100 for class 0 - precision 0.2500 - recall 0.6356 - f1 0.3588 
INFO:root:TRAIN measures@100 for class 1 - precision 0.7677 - recall 0.3871 - f1 0.5146 
INFO:root:TRAIN measures@1000 microavg - precision 0.4475 - recall 0.4475 - f1 0.4475 
INFO:root:TRAIN measures@1000 for class 0 - precision 0.2500 - recall 0.6356 - f1 0.3588 
INFO:root:TRAIN measures@1000 for class 1 - precision 0.7677 - recall 0.3871 - f1 0.5146 
INFO:root:TRAIN Total epoch time: 0.3751646749997235
INFO:root:################ VALID epoch 54 ###################
INFO:root:VALID mean losses tensor(1.0522)
INFO:root:VALID mean errors 0.24113474786281586
INFO:root:VALID mean MRR 0.0 - mean MAP 0.9195733070373535
INFO:root:VALID tp {0: tensor(1), 1: tensor(213)},fn {0: tensor(68), 1: tensor(0)},fp {0: tensor(0), 1: tensor(68)}
INFO:root:VALID measures microavg - precision 0.7589 - recall 0.7589 - f1 0.7589 
INFO:root:VALID measures for class 0 - precision 1.0000 - recall 0.0145 - f1 0.0286 
INFO:root:VALID measures for class 1 - precision 0.7580 - recall 1.0000 - f1 0.8623 
INFO:root:VALID measures@10 microavg - precision 0.6452 - recall 0.1418 - f1 0.2326 
INFO:root:VALID measures@10 for class 0 - precision 0.3333 - recall 0.0725 - f1 0.1190 
INFO:root:VALID measures@10 for class 1 - precision 0.7447 - recall 0.1643 - f1 0.2692 
INFO:root:VALID measures@100 microavg - precision 0.3546 - recall 0.3546 - f1 0.3546 
INFO:root:VALID measures@100 for class 0 - precision 0.2271 - recall 0.6812 - f1 0.3406 
INFO:root:VALID measures@100 for class 1 - precision 0.7067 - recall 0.2488 - f1 0.3681 
INFO:root:VALID measures@1000 microavg - precision 0.3546 - recall 0.3546 - f1 0.3546 
INFO:root:VALID measures@1000 for class 0 - precision 0.2271 - recall 0.6812 - f1 0.3406 
INFO:root:VALID measures@1000 for class 1 - precision 0.7067 - recall 0.2488 - f1 0.3681 
INFO:root:VALID Total epoch time: 0.03836423599977934
INFO:root:################ TRAIN epoch 55 ###################
INFO:root:TRAIN mean losses tensor(1.0804)
INFO:root:TRAIN mean errors 0.24397163093090057
INFO:root:TRAIN mean MRR 0.0 - mean MAP 0.9338882565498352
INFO:root:TRAIN tp {0: tensor(1), 1: tensor(1065)},fn {0: tensor(342), 1: tensor(2)},fp {0: tensor(2), 1: tensor(342)}
INFO:root:TRAIN measures microavg - precision 0.7560 - recall 0.7560 - f1 0.7560 
INFO:root:TRAIN measures for class 0 - precision 0.3333 - recall 0.0029 - f1 0.0058 
INFO:root:TRAIN measures for class 1 - precision 0.7569 - recall 0.9981 - f1 0.8610 
INFO:root:TRAIN measures@10 microavg - precision 0.7441 - recall 0.1794 - f1 0.2891 
INFO:root:TRAIN measures@10 for class 0 - precision 0.4810 - recall 0.1108 - f1 0.1801 
INFO:root:TRAIN measures@10 for class 1 - precision 0.8238 - recall 0.2015 - f1 0.3238 
INFO:root:TRAIN measures@100 microavg - precision 0.4390 - recall 0.4390 - f1 0.4390 
INFO:root:TRAIN measures@100 for class 0 - precision 0.2506 - recall 0.6560 - f1 0.3626 
INFO:root:TRAIN measures@100 for class 1 - precision 0.7695 - recall 0.3693 - f1 0.4991 
INFO:root:TRAIN measures@1000 microavg - precision 0.4390 - recall 0.4390 - f1 0.4390 
INFO:root:TRAIN measures@1000 for class 0 - precision 0.2506 - recall 0.6560 - f1 0.3626 
INFO:root:TRAIN measures@1000 for class 1 - precision 0.7695 - recall 0.3693 - f1 0.4991 
INFO:root:TRAIN Total epoch time: 0.37160125400032484
INFO:root:################ VALID epoch 55 ###################
INFO:root:VALID mean losses tensor(1.0476)
INFO:root:VALID mean errors 0.24822695553302765
INFO:root:VALID mean MRR 0.0 - mean MAP 0.9355106353759766
INFO:root:VALID tp {0: tensor(0), 1: tensor(212)},fn {0: tensor(69), 1: tensor(1)},fp {0: tensor(1), 1: tensor(69)}
INFO:root:VALID measures microavg - precision 0.7518 - recall 0.7518 - f1 0.7518 
INFO:root:VALID measures for class 0 - precision 0.0000 - recall 0.0000 - f1 0.0000 
INFO:root:VALID measures for class 1 - precision 0.7544 - recall 0.9953 - f1 0.8583 
INFO:root:VALID measures@10 microavg - precision 0.8571 - recall 0.1915 - f1 0.3130 
INFO:root:VALID measures@10 for class 0 - precision 0.7273 - recall 0.1159 - f1 0.2000 
INFO:root:VALID measures@10 for class 1 - precision 0.8846 - recall 0.2160 - f1 0.3472 
INFO:root:VALID measures@100 microavg - precision 0.4468 - recall 0.4468 - f1 0.4468 
INFO:root:VALID measures@100 for class 0 - precision 0.2514 - recall 0.6377 - f1 0.3607 
INFO:root:VALID measures@100 for class 1 - precision 0.7664 - recall 0.3850 - f1 0.5125 
INFO:root:VALID measures@1000 microavg - precision 0.4468 - recall 0.4468 - f1 0.4468 
INFO:root:VALID measures@1000 for class 0 - precision 0.2514 - recall 0.6377 - f1 0.3607 
INFO:root:VALID measures@1000 for class 1 - precision 0.7664 - recall 0.3850 - f1 0.5125 
INFO:root:VALID Total epoch time: 0.039036949000092136
INFO:root:################ TRAIN epoch 56 ###################
INFO:root:TRAIN mean losses tensor(1.0843)
INFO:root:TRAIN mean errors 0.24397163093090057
INFO:root:TRAIN mean MRR 0.0 - mean MAP 0.9322085380554199
INFO:root:TRAIN tp {0: tensor(1), 1: tensor(1065)},fn {0: tensor(342), 1: tensor(2)},fp {0: tensor(2), 1: tensor(342)}
INFO:root:TRAIN measures microavg - precision 0.7560 - recall 0.7560 - f1 0.7560 
INFO:root:TRAIN measures for class 0 - precision 0.3333 - recall 0.0029 - f1 0.0058 
INFO:root:TRAIN measures for class 1 - precision 0.7569 - recall 0.9981 - f1 0.8610 
INFO:root:TRAIN measures@10 microavg - precision 0.7225 - recall 0.1773 - f1 0.2847 
INFO:root:TRAIN measures@10 for class 0 - precision 0.4634 - recall 0.1108 - f1 0.1788 
INFO:root:TRAIN measures@10 for class 1 - precision 0.8030 - recall 0.1987 - f1 0.3186 
INFO:root:TRAIN measures@100 microavg - precision 0.4468 - recall 0.4468 - f1 0.4468 
INFO:root:TRAIN measures@100 for class 0 - precision 0.2570 - recall 0.6735 - f1 0.3720 
INFO:root:TRAIN measures@100 for class 1 - precision 0.7808 - recall 0.3739 - f1 0.5057 
INFO:root:TRAIN measures@1000 microavg - precision 0.4468 - recall 0.4468 - f1 0.4468 
INFO:root:TRAIN measures@1000 for class 0 - precision 0.2570 - recall 0.6735 - f1 0.3720 
INFO:root:TRAIN measures@1000 for class 1 - precision 0.7808 - recall 0.3739 - f1 0.5057 
INFO:root:TRAIN Total epoch time: 0.3724200239998936
INFO:root:################ VALID epoch 56 ###################
INFO:root:VALID mean losses tensor(1.1842)
INFO:root:VALID mean errors 0.24468085169792175
INFO:root:VALID mean MRR 0.0 - mean MAP 0.9331053495407104
INFO:root:VALID tp {0: tensor(0), 1: tensor(213)},fn {0: tensor(69), 1: tensor(0)},fp {0: tensor(0), 1: tensor(69)}
INFO:root:VALID measures microavg - precision 0.7553 - recall 0.7553 - f1 0.7553 
INFO:root:VALID measures for class 0 - precision 0.0000 - recall 0.0000 - f1 0.0000 
INFO:root:VALID measures for class 1 - precision 0.7553 - recall 1.0000 - f1 0.8606 
INFO:root:VALID measures@10 microavg - precision 0.7273 - recall 0.1702 - f1 0.2759 
INFO:root:VALID measures@10 for class 0 - precision 0.5000 - recall 0.1159 - f1 0.1882 
INFO:root:VALID measures@10 for class 1 - precision 0.8000 - recall 0.1878 - f1 0.3042 
INFO:root:VALID measures@100 microavg - precision 0.3936 - recall 0.3936 - f1 0.3936 
INFO:root:VALID measures@100 for class 0 - precision 0.2617 - recall 0.8116 - f1 0.3958 
INFO:root:VALID measures@100 for class 1 - precision 0.8088 - recall 0.2582 - f1 0.3915 
INFO:root:VALID measures@1000 microavg - precision 0.3936 - recall 0.3936 - f1 0.3936 
INFO:root:VALID measures@1000 for class 0 - precision 0.2617 - recall 0.8116 - f1 0.3958 
INFO:root:VALID measures@1000 for class 1 - precision 0.8088 - recall 0.2582 - f1 0.3915 
INFO:root:VALID Total epoch time: 0.03899894400001358
INFO:root:################ TRAIN epoch 57 ###################
INFO:root:TRAIN mean losses tensor(1.0256)
INFO:root:TRAIN mean errors 0.24255318939685822
INFO:root:TRAIN mean MRR 0.0 - mean MAP 0.9350956678390503
INFO:root:TRAIN tp {0: tensor(2), 1: tensor(1066)},fn {0: tensor(341), 1: tensor(1)},fp {0: tensor(1), 1: tensor(341)}
INFO:root:TRAIN measures microavg - precision 0.7574 - recall 0.7574 - f1 0.7574 
INFO:root:TRAIN measures for class 0 - precision 0.6667 - recall 0.0058 - f1 0.0116 
INFO:root:TRAIN measures for class 1 - precision 0.7576 - recall 0.9991 - f1 0.8618 
INFO:root:TRAIN measures@10 microavg - precision 0.7372 - recall 0.1730 - f1 0.2803 
INFO:root:TRAIN measures@10 for class 0 - precision 0.4444 - recall 0.1166 - f1 0.1848 
INFO:root:TRAIN measures@10 for class 1 - precision 0.8465 - recall 0.1912 - f1 0.3119 
INFO:root:TRAIN measures@100 microavg - precision 0.4113 - recall 0.4113 - f1 0.4113 
INFO:root:TRAIN measures@100 for class 0 - precision 0.2528 - recall 0.7259 - f1 0.3750 
INFO:root:TRAIN measures@100 for class 1 - precision 0.7788 - recall 0.3102 - f1 0.4437 
INFO:root:TRAIN measures@1000 microavg - precision 0.4113 - recall 0.4113 - f1 0.4113 
INFO:root:TRAIN measures@1000 for class 0 - precision 0.2528 - recall 0.7259 - f1 0.3750 
INFO:root:TRAIN measures@1000 for class 1 - precision 0.7788 - recall 0.3102 - f1 0.4437 
INFO:root:TRAIN Total epoch time: 0.3763871750002181
INFO:root:################ VALID epoch 57 ###################
INFO:root:VALID mean losses tensor(0.9617)
INFO:root:VALID mean errors 0.24468085169792175
INFO:root:VALID mean MRR 0.0 - mean MAP 0.942241907119751
INFO:root:VALID tp {0: tensor(0), 1: tensor(213)},fn {0: tensor(69), 1: tensor(0)},fp {0: tensor(0), 1: tensor(69)}
INFO:root:VALID measures microavg - precision 0.7553 - recall 0.7553 - f1 0.7553 
INFO:root:VALID measures for class 0 - precision 0.0000 - recall 0.0000 - f1 0.0000 
INFO:root:VALID measures for class 1 - precision 0.7553 - recall 1.0000 - f1 0.8606 
INFO:root:VALID measures@10 microavg - precision 0.6716 - recall 0.1596 - f1 0.2579 
INFO:root:VALID measures@10 for class 0 - precision 0.4286 - recall 0.1739 - f1 0.2474 
INFO:root:VALID measures@10 for class 1 - precision 0.8462 - recall 0.1549 - f1 0.2619 
INFO:root:VALID measures@100 microavg - precision 0.3617 - recall 0.3617 - f1 0.3617 
INFO:root:VALID measures@100 for class 0 - precision 0.2511 - recall 0.8116 - f1 0.3836 
INFO:root:VALID measures@100 for class 1 - precision 0.7797 - recall 0.2160 - f1 0.3382 
INFO:root:VALID measures@1000 microavg - precision 0.3617 - recall 0.3617 - f1 0.3617 
INFO:root:VALID measures@1000 for class 0 - precision 0.2511 - recall 0.8116 - f1 0.3836 
INFO:root:VALID measures@1000 for class 1 - precision 0.7797 - recall 0.2160 - f1 0.3382 
INFO:root:VALID Total epoch time: 0.03901205600004687
INFO:root:################ TRAIN epoch 58 ###################
INFO:root:TRAIN mean losses tensor(0.9689)
INFO:root:TRAIN mean errors 0.2432624101638794
INFO:root:TRAIN mean MRR 0.0 - mean MAP 0.9390251040458679
INFO:root:TRAIN tp {0: tensor(0), 1: tensor(1067)},fn {0: tensor(343), 1: tensor(0)},fp {0: tensor(0), 1: tensor(343)}
INFO:root:TRAIN measures microavg - precision 0.7567 - recall 0.7567 - f1 0.7567 
INFO:root:TRAIN measures for class 0 - precision 0.0000 - recall 0.0000 - f1 0.0000 
INFO:root:TRAIN measures for class 1 - precision 0.7567 - recall 1.0000 - f1 0.8615 
INFO:root:TRAIN measures@10 microavg - precision 0.7246 - recall 0.1773 - f1 0.2849 
INFO:root:TRAIN measures@10 for class 0 - precision 0.4948 - recall 0.1399 - f1 0.2182 
INFO:root:TRAIN measures@10 for class 1 - precision 0.8145 - recall 0.1893 - f1 0.3072 
INFO:root:TRAIN measures@100 microavg - precision 0.3986 - recall 0.3986 - f1 0.3986 
INFO:root:TRAIN measures@100 for class 0 - precision 0.2546 - recall 0.7638 - f1 0.3819 
INFO:root:TRAIN measures@100 for class 1 - precision 0.7874 - recall 0.2812 - f1 0.4144 
INFO:root:TRAIN measures@1000 microavg - precision 0.3986 - recall 0.3986 - f1 0.3986 
INFO:root:TRAIN measures@1000 for class 0 - precision 0.2546 - recall 0.7638 - f1 0.3819 
INFO:root:TRAIN measures@1000 for class 1 - precision 0.7874 - recall 0.2812 - f1 0.4144 
INFO:root:TRAIN Total epoch time: 0.3760263650001434
INFO:root:################ VALID epoch 58 ###################
INFO:root:VALID mean losses tensor(1.1581)
INFO:root:VALID mean errors 0.24822695553302765
INFO:root:VALID mean MRR 0.0 - mean MAP 0.9379808306694031
INFO:root:VALID tp {0: tensor(0), 1: tensor(212)},fn {0: tensor(69), 1: tensor(1)},fp {0: tensor(1), 1: tensor(69)}
INFO:root:VALID measures microavg - precision 0.7518 - recall 0.7518 - f1 0.7518 
INFO:root:VALID measures for class 0 - precision 0.0000 - recall 0.0000 - f1 0.0000 
INFO:root:VALID measures for class 1 - precision 0.7544 - recall 0.9953 - f1 0.8583 
INFO:root:VALID measures@10 microavg - precision 0.6515 - recall 0.1525 - f1 0.2471 
INFO:root:VALID measures@10 for class 0 - precision 0.4615 - recall 0.1739 - f1 0.2526 
INFO:root:VALID measures@10 for class 1 - precision 0.7750 - recall 0.1455 - f1 0.2451 
INFO:root:VALID measures@100 microavg - precision 0.3333 - recall 0.3333 - f1 0.3333 
INFO:root:VALID measures@100 for class 0 - precision 0.2308 - recall 0.7391 - f1 0.3517 
INFO:root:VALID measures@100 for class 1 - precision 0.7049 - recall 0.2019 - f1 0.3139 
INFO:root:VALID measures@1000 microavg - precision 0.3333 - recall 0.3333 - f1 0.3333 
INFO:root:VALID measures@1000 for class 0 - precision 0.2308 - recall 0.7391 - f1 0.3517 
INFO:root:VALID measures@1000 for class 1 - precision 0.7049 - recall 0.2019 - f1 0.3139 
INFO:root:VALID Total epoch time: 0.0389107519999925
INFO:root:################ TRAIN epoch 59 ###################
INFO:root:TRAIN mean losses tensor(1.0181)
INFO:root:TRAIN mean errors 0.24468085169792175
INFO:root:TRAIN mean MRR 0.0 - mean MAP 0.9335803985595703
INFO:root:TRAIN tp {0: tensor(1), 1: tensor(1064)},fn {0: tensor(342), 1: tensor(3)},fp {0: tensor(3), 1: tensor(342)}
INFO:root:TRAIN measures microavg - precision 0.7553 - recall 0.7553 - f1 0.7553 
INFO:root:TRAIN measures for class 0 - precision 0.2500 - recall 0.0029 - f1 0.0058 
INFO:root:TRAIN measures for class 1 - precision 0.7568 - recall 0.9972 - f1 0.8605 
INFO:root:TRAIN measures@10 microavg - precision 0.7812 - recall 0.1773 - f1 0.2890 
INFO:root:TRAIN measures@10 for class 0 - precision 0.4821 - recall 0.0787 - f1 0.1353 
INFO:root:TRAIN measures@10 for class 1 - precision 0.8447 - recall 0.2090 - f1 0.3351 
INFO:root:TRAIN measures@100 microavg - precision 0.5000 - recall 0.5000 - f1 0.5000 
INFO:root:TRAIN measures@100 for class 0 - precision 0.2593 - recall 0.5685 - f1 0.3562 
INFO:root:TRAIN measures@100 for class 1 - precision 0.7751 - recall 0.4780 - f1 0.5913 
INFO:root:TRAIN measures@1000 microavg - precision 0.5000 - recall 0.5000 - f1 0.5000 
INFO:root:TRAIN measures@1000 for class 0 - precision 0.2593 - recall 0.5685 - f1 0.3562 
INFO:root:TRAIN measures@1000 for class 1 - precision 0.7751 - recall 0.4780 - f1 0.5913 
INFO:root:TRAIN Total epoch time: 0.37535288600020067
INFO:root:################ VALID epoch 59 ###################
INFO:root:VALID mean losses tensor(0.9850)
INFO:root:VALID mean errors 0.24468085169792175
INFO:root:VALID mean MRR 0.0 - mean MAP 0.938428521156311
INFO:root:VALID tp {0: tensor(0), 1: tensor(213)},fn {0: tensor(69), 1: tensor(0)},fp {0: tensor(0), 1: tensor(69)}
INFO:root:VALID measures microavg - precision 0.7553 - recall 0.7553 - f1 0.7553 
INFO:root:VALID measures for class 0 - precision 0.0000 - recall 0.0000 - f1 0.0000 
INFO:root:VALID measures for class 1 - precision 0.7553 - recall 1.0000 - f1 0.8606 
INFO:root:VALID measures@10 microavg - precision 0.9231 - recall 0.2128 - f1 0.3458 
INFO:root:VALID measures@10 for class 0 - precision 1.0000 - recall 0.0725 - f1 0.1351 
INFO:root:VALID measures@10 for class 1 - precision 0.9167 - recall 0.2582 - f1 0.4029 
INFO:root:VALID measures@100 microavg - precision 0.5674 - recall 0.5674 - f1 0.5674 
INFO:root:VALID measures@100 for class 0 - precision 0.2946 - recall 0.5507 - f1 0.3838 
INFO:root:VALID measures@100 for class 1 - precision 0.7974 - recall 0.5728 - f1 0.6667 
INFO:root:VALID measures@1000 microavg - precision 0.5674 - recall 0.5674 - f1 0.5674 
INFO:root:VALID measures@1000 for class 0 - precision 0.2946 - recall 0.5507 - f1 0.3838 
INFO:root:VALID measures@1000 for class 1 - precision 0.7974 - recall 0.5728 - f1 0.6667 
INFO:root:VALID Total epoch time: 0.039703345999896555
INFO:root:################ TRAIN epoch 60 ###################
INFO:root:TRAIN mean losses tensor(0.9966)
INFO:root:TRAIN mean errors 0.24255318939685822
INFO:root:TRAIN mean MRR 0.0 - mean MAP 0.9405580759048462
INFO:root:TRAIN tp {0: tensor(1), 1: tensor(1067)},fn {0: tensor(342), 1: tensor(0)},fp {0: tensor(0), 1: tensor(342)}
INFO:root:TRAIN measures microavg - precision 0.7574 - recall 0.7574 - f1 0.7574 
INFO:root:TRAIN measures for class 0 - precision 1.0000 - recall 0.0029 - f1 0.0058 
INFO:root:TRAIN measures for class 1 - precision 0.7573 - recall 1.0000 - f1 0.8619 
INFO:root:TRAIN measures@10 microavg - precision 0.7434 - recall 0.1787 - f1 0.2882 
INFO:root:TRAIN measures@10 for class 0 - precision 0.4941 - recall 0.1224 - f1 0.1963 
INFO:root:TRAIN measures@10 for class 1 - precision 0.8268 - recall 0.1968 - f1 0.3179 
INFO:root:TRAIN measures@100 microavg - precision 0.4348 - recall 0.4348 - f1 0.4348 
INFO:root:TRAIN measures@100 for class 0 - precision 0.2640 - recall 0.7405 - f1 0.3893 
INFO:root:TRAIN measures@100 for class 1 - precision 0.8013 - recall 0.3365 - f1 0.4739 
INFO:root:TRAIN measures@1000 microavg - precision 0.4348 - recall 0.4348 - f1 0.4348 
INFO:root:TRAIN measures@1000 for class 0 - precision 0.2640 - recall 0.7405 - f1 0.3893 
INFO:root:TRAIN measures@1000 for class 1 - precision 0.8013 - recall 0.3365 - f1 0.4739 
INFO:root:TRAIN Total epoch time: 0.3754482519998419
INFO:root:################ VALID epoch 60 ###################
INFO:root:VALID mean losses tensor(0.9909)
INFO:root:VALID mean errors 0.24468085169792175
INFO:root:VALID mean MRR 0.0 - mean MAP 0.9338364005088806
INFO:root:VALID tp {0: tensor(0), 1: tensor(213)},fn {0: tensor(69), 1: tensor(0)},fp {0: tensor(0), 1: tensor(69)}
INFO:root:VALID measures microavg - precision 0.7553 - recall 0.7553 - f1 0.7553 
INFO:root:VALID measures for class 0 - precision 0.0000 - recall 0.0000 - f1 0.0000 
INFO:root:VALID measures for class 1 - precision 0.7553 - recall 1.0000 - f1 0.8606 
INFO:root:VALID measures@10 microavg - precision 0.6812 - recall 0.1667 - f1 0.2678 
INFO:root:VALID measures@10 for class 0 - precision 0.4167 - recall 0.1449 - f1 0.2151 
INFO:root:VALID measures@10 for class 1 - precision 0.8222 - recall 0.1737 - f1 0.2868 
INFO:root:VALID measures@100 microavg - precision 0.3936 - recall 0.3936 - f1 0.3936 
INFO:root:VALID measures@100 for class 0 - precision 0.2571 - recall 0.7826 - f1 0.3871 
INFO:root:VALID measures@100 for class 1 - precision 0.7917 - recall 0.2676 - f1 0.4000 
INFO:root:VALID measures@1000 microavg - precision 0.3936 - recall 0.3936 - f1 0.3936 
INFO:root:VALID measures@1000 for class 0 - precision 0.2571 - recall 0.7826 - f1 0.3871 
INFO:root:VALID measures@1000 for class 1 - precision 0.7917 - recall 0.2676 - f1 0.4000 
INFO:root:VALID Total epoch time: 0.0384306790001574
INFO:root:################ TRAIN epoch 61 ###################
INFO:root:TRAIN mean losses tensor(0.9754)
INFO:root:TRAIN mean errors 0.24184396862983704
INFO:root:TRAIN mean MRR 0.0 - mean MAP 0.9436560869216919
INFO:root:TRAIN tp {0: tensor(2), 1: tensor(1067)},fn {0: tensor(341), 1: tensor(0)},fp {0: tensor(0), 1: tensor(341)}
INFO:root:TRAIN measures microavg - precision 0.7582 - recall 0.7582 - f1 0.7582 
INFO:root:TRAIN measures for class 0 - precision 1.0000 - recall 0.0058 - f1 0.0116 
INFO:root:TRAIN measures for class 1 - precision 0.7578 - recall 1.0000 - f1 0.8622 
INFO:root:TRAIN measures@10 microavg - precision 0.7887 - recall 0.1879 - f1 0.3036 
INFO:root:TRAIN measures@10 for class 0 - precision 0.5345 - recall 0.0904 - f1 0.1546 
INFO:root:TRAIN measures@10 for class 1 - precision 0.8417 - recall 0.2193 - f1 0.3480 
INFO:root:TRAIN measures@100 microavg - precision 0.4376 - recall 0.4376 - f1 0.4376 
INFO:root:TRAIN measures@100 for class 0 - precision 0.2586 - recall 0.7026 - f1 0.3780 
INFO:root:TRAIN measures@100 for class 1 - precision 0.7866 - recall 0.3524 - f1 0.4867 
INFO:root:TRAIN measures@1000 microavg - precision 0.4376 - recall 0.4376 - f1 0.4376 
INFO:root:TRAIN measures@1000 for class 0 - precision 0.2586 - recall 0.7026 - f1 0.3780 
INFO:root:TRAIN measures@1000 for class 1 - precision 0.7866 - recall 0.3524 - f1 0.4867 
INFO:root:TRAIN Total epoch time: 0.3779898489997322
INFO:root:################ VALID epoch 61 ###################
INFO:root:VALID mean losses tensor(0.9761)
INFO:root:VALID mean errors 0.24468085169792175
INFO:root:VALID mean MRR 0.0 - mean MAP 0.9312282204627991
INFO:root:VALID tp {0: tensor(0), 1: tensor(213)},fn {0: tensor(69), 1: tensor(0)},fp {0: tensor(0), 1: tensor(69)}
INFO:root:VALID measures microavg - precision 0.7553 - recall 0.7553 - f1 0.7553 
INFO:root:VALID measures for class 0 - precision 0.0000 - recall 0.0000 - f1 0.0000 
INFO:root:VALID measures for class 1 - precision 0.7553 - recall 1.0000 - f1 0.8606 
INFO:root:VALID measures@10 microavg - precision 0.7361 - recall 0.1879 - f1 0.2994 
INFO:root:VALID measures@10 for class 0 - precision 0.5667 - recall 0.2464 - f1 0.3434 
INFO:root:VALID measures@10 for class 1 - precision 0.8571 - recall 0.1690 - f1 0.2824 
INFO:root:VALID measures@100 microavg - precision 0.3546 - recall 0.3546 - f1 0.3546 
INFO:root:VALID measures@100 for class 0 - precision 0.2636 - recall 0.9130 - f1 0.4091 
INFO:root:VALID measures@100 for class 1 - precision 0.8605 - recall 0.1737 - f1 0.2891 
INFO:root:VALID measures@1000 microavg - precision 0.3546 - recall 0.3546 - f1 0.3546 
INFO:root:VALID measures@1000 for class 0 - precision 0.2636 - recall 0.9130 - f1 0.4091 
INFO:root:VALID measures@1000 for class 1 - precision 0.8605 - recall 0.1737 - f1 0.2891 
INFO:root:VALID Total epoch time: 0.037824605999958294
INFO:root:################ TRAIN epoch 62 ###################
INFO:root:TRAIN mean losses tensor(1.0444)
INFO:root:TRAIN mean errors 0.24397163093090057
INFO:root:TRAIN mean MRR 0.0 - mean MAP 0.9375399947166443
INFO:root:TRAIN tp {0: tensor(1), 1: tensor(1065)},fn {0: tensor(342), 1: tensor(2)},fp {0: tensor(2), 1: tensor(342)}
INFO:root:TRAIN measures microavg - precision 0.7560 - recall 0.7560 - f1 0.7560 
INFO:root:TRAIN measures for class 0 - precision 0.3333 - recall 0.0029 - f1 0.0058 
INFO:root:TRAIN measures for class 1 - precision 0.7569 - recall 0.9981 - f1 0.8610 
INFO:root:TRAIN measures@10 microavg - precision 0.7988 - recall 0.1887 - f1 0.3052 
INFO:root:TRAIN measures@10 for class 0 - precision 0.5077 - recall 0.0962 - f1 0.1618 
INFO:root:TRAIN measures@10 for class 1 - precision 0.8694 - recall 0.2184 - f1 0.3491 
INFO:root:TRAIN measures@100 microavg - precision 0.4426 - recall 0.4426 - f1 0.4426 
INFO:root:TRAIN measures@100 for class 0 - precision 0.2552 - recall 0.6735 - f1 0.3702 
INFO:root:TRAIN measures@100 for class 1 - precision 0.7782 - recall 0.3683 - f1 0.5000 
INFO:root:TRAIN measures@1000 microavg - precision 0.4426 - recall 0.4426 - f1 0.4426 
INFO:root:TRAIN measures@1000 for class 0 - precision 0.2552 - recall 0.6735 - f1 0.3702 
INFO:root:TRAIN measures@1000 for class 1 - precision 0.7782 - recall 0.3683 - f1 0.5000 
INFO:root:TRAIN Total epoch time: 0.3712030930000765
INFO:root:################ VALID epoch 62 ###################
INFO:root:VALID mean losses tensor(1.2523)
INFO:root:VALID mean errors 0.25177305936813354
INFO:root:VALID mean MRR 0.0 - mean MAP 0.9161449670791626
INFO:root:VALID tp {0: tensor(0), 1: tensor(211)},fn {0: tensor(69), 1: tensor(2)},fp {0: tensor(2), 1: tensor(69)}
INFO:root:VALID measures microavg - precision 0.7482 - recall 0.7482 - f1 0.7482 
INFO:root:VALID measures for class 0 - precision 0.0000 - recall 0.0000 - f1 0.0000 
INFO:root:VALID measures for class 1 - precision 0.7536 - recall 0.9906 - f1 0.8560 
INFO:root:VALID measures@10 microavg - precision 0.7258 - recall 0.1596 - f1 0.2616 
INFO:root:VALID measures@10 for class 0 - precision 0.5385 - recall 0.1014 - f1 0.1707 
INFO:root:VALID measures@10 for class 1 - precision 0.7755 - recall 0.1784 - f1 0.2901 
INFO:root:VALID measures@100 microavg - precision 0.3617 - recall 0.3617 - f1 0.3617 
INFO:root:VALID measures@100 for class 0 - precision 0.2394 - recall 0.7391 - f1 0.3617 
INFO:root:VALID measures@100 for class 1 - precision 0.7391 - recall 0.2394 - f1 0.3617 
INFO:root:VALID measures@1000 microavg - precision 0.3617 - recall 0.3617 - f1 0.3617 
INFO:root:VALID measures@1000 for class 0 - precision 0.2394 - recall 0.7391 - f1 0.3617 
INFO:root:VALID measures@1000 for class 1 - precision 0.7391 - recall 0.2394 - f1 0.3617 
INFO:root:VALID Total epoch time: 0.03904855300015697
INFO:root:################ TRAIN epoch 63 ###################
INFO:root:TRAIN mean losses tensor(1.0176)
INFO:root:TRAIN mean errors 0.24255318939685822
INFO:root:TRAIN mean MRR 0.0 - mean MAP 0.9374926686286926
INFO:root:TRAIN tp {0: tensor(1), 1: tensor(1067)},fn {0: tensor(342), 1: tensor(0)},fp {0: tensor(0), 1: tensor(342)}
INFO:root:TRAIN measures microavg - precision 0.7574 - recall 0.7574 - f1 0.7574 
INFO:root:TRAIN measures for class 0 - precision 1.0000 - recall 0.0029 - f1 0.0058 
INFO:root:TRAIN measures for class 1 - precision 0.7573 - recall 1.0000 - f1 0.8619 
INFO:root:TRAIN measures@10 microavg - precision 0.6686 - recall 0.1603 - f1 0.2586 
INFO:root:TRAIN measures@10 for class 0 - precision 0.4538 - recall 0.1574 - f1 0.2338 
INFO:root:TRAIN measures@10 for class 1 - precision 0.7854 - recall 0.1612 - f1 0.2675 
INFO:root:TRAIN measures@100 microavg - precision 0.3688 - recall 0.3688 - f1 0.3688 
INFO:root:TRAIN measures@100 for class 0 - precision 0.2412 - recall 0.7434 - f1 0.3643 
INFO:root:TRAIN measures@100 for class 1 - precision 0.7507 - recall 0.2484 - f1 0.3732 
INFO:root:TRAIN measures@1000 microavg - precision 0.3688 - recall 0.3688 - f1 0.3688 
INFO:root:TRAIN measures@1000 for class 0 - precision 0.2412 - recall 0.7434 - f1 0.3643 
INFO:root:TRAIN measures@1000 for class 1 - precision 0.7507 - recall 0.2484 - f1 0.3732 
INFO:root:TRAIN Total epoch time: 0.3717219369996201
INFO:root:################ VALID epoch 63 ###################
INFO:root:VALID mean losses tensor(1.1158)
INFO:root:VALID mean errors 0.24468085169792175
INFO:root:VALID mean MRR 0.0 - mean MAP 0.9389297962188721
INFO:root:VALID tp {0: tensor(0), 1: tensor(213)},fn {0: tensor(69), 1: tensor(0)},fp {0: tensor(0), 1: tensor(69)}
INFO:root:VALID measures microavg - precision 0.7553 - recall 0.7553 - f1 0.7553 
INFO:root:VALID measures for class 0 - precision 0.0000 - recall 0.0000 - f1 0.0000 
INFO:root:VALID measures for class 1 - precision 0.7553 - recall 1.0000 - f1 0.8606 
INFO:root:VALID measures@10 microavg - precision 0.7671 - recall 0.1986 - f1 0.3155 
INFO:root:VALID measures@10 for class 0 - precision 0.4615 - recall 0.0870 - f1 0.1463 
INFO:root:VALID measures@10 for class 1 - precision 0.8333 - recall 0.2347 - f1 0.3663 
INFO:root:VALID measures@100 microavg - precision 0.4716 - recall 0.4716 - f1 0.4716 
INFO:root:VALID measures@100 for class 0 - precision 0.2727 - recall 0.6957 - f1 0.3918 
INFO:root:VALID measures@100 for class 1 - precision 0.8019 - recall 0.3991 - f1 0.5329 
INFO:root:VALID measures@1000 microavg - precision 0.4716 - recall 0.4716 - f1 0.4716 
INFO:root:VALID measures@1000 for class 0 - precision 0.2727 - recall 0.6957 - f1 0.3918 
INFO:root:VALID measures@1000 for class 1 - precision 0.8019 - recall 0.3991 - f1 0.5329 
INFO:root:VALID Total epoch time: 0.03882999200004633
INFO:root:################ TRAIN epoch 64 ###################
INFO:root:TRAIN mean losses tensor(1.0890)
INFO:root:TRAIN mean errors 0.24468085169792175
INFO:root:TRAIN mean MRR 0.0 - mean MAP 0.9376164674758911
INFO:root:TRAIN tp {0: tensor(0), 1: tensor(1065)},fn {0: tensor(343), 1: tensor(2)},fp {0: tensor(2), 1: tensor(343)}
INFO:root:TRAIN measures microavg - precision 0.7553 - recall 0.7553 - f1 0.7553 
INFO:root:TRAIN measures for class 0 - precision 0.0000 - recall 0.0000 - f1 0.0000 
INFO:root:TRAIN measures for class 1 - precision 0.7564 - recall 0.9981 - f1 0.8606 
INFO:root:TRAIN measures@10 microavg - precision 0.7599 - recall 0.1773 - f1 0.2875 
INFO:root:TRAIN measures@10 for class 0 - precision 0.4938 - recall 0.1166 - f1 0.1887 
INFO:root:TRAIN measures@10 for class 1 - precision 0.8468 - recall 0.1968 - f1 0.3194 
INFO:root:TRAIN measures@100 microavg - precision 0.4298 - recall 0.4298 - f1 0.4298 
INFO:root:TRAIN measures@100 for class 0 - precision 0.2550 - recall 0.6997 - f1 0.3738 
INFO:root:TRAIN measures@100 for class 1 - precision 0.7804 - recall 0.3430 - f1 0.4766 
INFO:root:TRAIN measures@1000 microavg - precision 0.4298 - recall 0.4298 - f1 0.4298 
INFO:root:TRAIN measures@1000 for class 0 - precision 0.2550 - recall 0.6997 - f1 0.3738 
INFO:root:TRAIN measures@1000 for class 1 - precision 0.7804 - recall 0.3430 - f1 0.4766 
INFO:root:TRAIN Total epoch time: 0.3674538969999048
INFO:root:################ VALID epoch 64 ###################
INFO:root:VALID mean losses tensor(1.0318)
INFO:root:VALID mean errors 0.24468085169792175
INFO:root:VALID mean MRR 0.0 - mean MAP 0.9316381216049194
INFO:root:VALID tp {0: tensor(0), 1: tensor(213)},fn {0: tensor(69), 1: tensor(0)},fp {0: tensor(0), 1: tensor(69)}
INFO:root:VALID measures microavg - precision 0.7553 - recall 0.7553 - f1 0.7553 
INFO:root:VALID measures for class 0 - precision 0.0000 - recall 0.0000 - f1 0.0000 
INFO:root:VALID measures for class 1 - precision 0.7553 - recall 1.0000 - f1 0.8606 
INFO:root:VALID measures@10 microavg - precision 0.7231 - recall 0.1667 - f1 0.2709 
INFO:root:VALID measures@10 for class 0 - precision 0.5238 - recall 0.1594 - f1 0.2444 
INFO:root:VALID measures@10 for class 1 - precision 0.8182 - recall 0.1690 - f1 0.2802 
INFO:root:VALID measures@100 microavg - precision 0.3440 - recall 0.3440 - f1 0.3440 
INFO:root:VALID measures@100 for class 0 - precision 0.2521 - recall 0.8551 - f1 0.3894 
INFO:root:VALID measures@100 for class 1 - precision 0.7917 - recall 0.1784 - f1 0.2912 
INFO:root:VALID measures@1000 microavg - precision 0.3440 - recall 0.3440 - f1 0.3440 
INFO:root:VALID measures@1000 for class 0 - precision 0.2521 - recall 0.8551 - f1 0.3894 
INFO:root:VALID measures@1000 for class 1 - precision 0.7917 - recall 0.1784 - f1 0.2912 
INFO:root:VALID Total epoch time: 0.03858631599996443
INFO:root:################ TRAIN epoch 65 ###################
INFO:root:TRAIN mean losses tensor(0.9322)
INFO:root:TRAIN mean errors 0.24255318939685822
INFO:root:TRAIN mean MRR 0.0 - mean MAP 0.9460141062736511
INFO:root:TRAIN tp {0: tensor(1), 1: tensor(1067)},fn {0: tensor(342), 1: tensor(0)},fp {0: tensor(0), 1: tensor(342)}
INFO:root:TRAIN measures microavg - precision 0.7574 - recall 0.7574 - f1 0.7574 
INFO:root:TRAIN measures for class 0 - precision 1.0000 - recall 0.0029 - f1 0.0058 
INFO:root:TRAIN measures for class 1 - precision 0.7573 - recall 1.0000 - f1 0.8619 
INFO:root:TRAIN measures@10 microavg - precision 0.6916 - recall 0.1638 - f1 0.2649 
INFO:root:TRAIN measures@10 for class 0 - precision 0.4180 - recall 0.1487 - f1 0.2194 
INFO:root:TRAIN measures@10 for class 1 - precision 0.8491 - recall 0.1687 - f1 0.2815 
INFO:root:TRAIN measures@100 microavg - precision 0.3730 - recall 0.3730 - f1 0.3730 
INFO:root:TRAIN measures@100 for class 0 - precision 0.2556 - recall 0.8251 - f1 0.3903 
INFO:root:TRAIN measures@100 for class 1 - precision 0.8020 - recall 0.2277 - f1 0.3547 
INFO:root:TRAIN measures@1000 microavg - precision 0.3730 - recall 0.3730 - f1 0.3730 
INFO:root:TRAIN measures@1000 for class 0 - precision 0.2556 - recall 0.8251 - f1 0.3903 
INFO:root:TRAIN measures@1000 for class 1 - precision 0.8020 - recall 0.2277 - f1 0.3547 
INFO:root:TRAIN Total epoch time: 0.3695600529999865
INFO:root:################ VALID epoch 65 ###################
INFO:root:VALID mean losses tensor(0.9847)
INFO:root:VALID mean errors 0.24468085169792175
INFO:root:VALID mean MRR 0.0 - mean MAP 0.9347506165504456
INFO:root:VALID tp {0: tensor(0), 1: tensor(213)},fn {0: tensor(69), 1: tensor(0)},fp {0: tensor(0), 1: tensor(69)}
INFO:root:VALID measures microavg - precision 0.7553 - recall 0.7553 - f1 0.7553 
INFO:root:VALID measures for class 0 - precision 0.0000 - recall 0.0000 - f1 0.0000 
INFO:root:VALID measures for class 1 - precision 0.7553 - recall 1.0000 - f1 0.8606 
INFO:root:VALID measures@10 microavg - precision 0.7231 - recall 0.1667 - f1 0.2709 
INFO:root:VALID measures@10 for class 0 - precision 0.5333 - recall 0.1159 - f1 0.1905 
INFO:root:VALID measures@10 for class 1 - precision 0.7800 - recall 0.1831 - f1 0.2966 
INFO:root:VALID measures@100 microavg - precision 0.3901 - recall 0.3901 - f1 0.3901 
INFO:root:VALID measures@100 for class 0 - precision 0.2512 - recall 0.7536 - f1 0.3768 
INFO:root:VALID measures@100 for class 1 - precision 0.7733 - recall 0.2723 - f1 0.4028 
INFO:root:VALID measures@1000 microavg - precision 0.3901 - recall 0.3901 - f1 0.3901 
INFO:root:VALID measures@1000 for class 0 - precision 0.2512 - recall 0.7536 - f1 0.3768 
INFO:root:VALID measures@1000 for class 1 - precision 0.7733 - recall 0.2723 - f1 0.4028 
INFO:root:VALID Total epoch time: 0.03825139499986108
INFO:root:################ TRAIN epoch 66 ###################
INFO:root:TRAIN mean losses tensor(1.0547)
INFO:root:TRAIN mean errors 0.2432624101638794
INFO:root:TRAIN mean MRR 0.0 - mean MAP 0.9430087208747864
INFO:root:TRAIN tp {0: tensor(1), 1: tensor(1066)},fn {0: tensor(342), 1: tensor(1)},fp {0: tensor(1), 1: tensor(342)}
INFO:root:TRAIN measures microavg - precision 0.7567 - recall 0.7567 - f1 0.7567 
INFO:root:TRAIN measures for class 0 - precision 0.5000 - recall 0.0029 - f1 0.0058 
INFO:root:TRAIN measures for class 1 - precision 0.7571 - recall 0.9991 - f1 0.8614 
INFO:root:TRAIN measures@10 microavg - precision 0.7722 - recall 0.1851 - f1 0.2986 
INFO:root:TRAIN measures@10 for class 0 - precision 0.5000 - recall 0.1020 - f1 0.1695 
INFO:root:TRAIN measures@10 for class 1 - precision 0.8433 - recall 0.2118 - f1 0.3386 
INFO:root:TRAIN measures@100 microavg - precision 0.4404 - recall 0.4404 - f1 0.4404 
INFO:root:TRAIN measures@100 for class 0 - precision 0.2566 - recall 0.6851 - f1 0.3733 
INFO:root:TRAIN measures@100 for class 1 - precision 0.7814 - recall 0.3618 - f1 0.4946 
INFO:root:TRAIN measures@1000 microavg - precision 0.4404 - recall 0.4404 - f1 0.4404 
INFO:root:TRAIN measures@1000 for class 0 - precision 0.2566 - recall 0.6851 - f1 0.3733 
INFO:root:TRAIN measures@1000 for class 1 - precision 0.7814 - recall 0.3618 - f1 0.4946 
INFO:root:TRAIN Total epoch time: 0.37106427099979555
INFO:root:################ VALID epoch 66 ###################
INFO:root:VALID mean losses tensor(1.3124)
INFO:root:VALID mean errors 0.24468085169792175
INFO:root:VALID mean MRR 0.0 - mean MAP 0.9445837736129761
INFO:root:VALID tp {0: tensor(0), 1: tensor(213)},fn {0: tensor(69), 1: tensor(0)},fp {0: tensor(0), 1: tensor(69)}
INFO:root:VALID measures microavg - precision 0.7553 - recall 0.7553 - f1 0.7553 
INFO:root:VALID measures for class 0 - precision 0.0000 - recall 0.0000 - f1 0.0000 
INFO:root:VALID measures for class 1 - precision 0.7553 - recall 1.0000 - f1 0.8606 
INFO:root:VALID measures@10 microavg - precision 0.8209 - recall 0.1950 - f1 0.3152 
INFO:root:VALID measures@10 for class 0 - precision 0.2857 - recall 0.0290 - f1 0.0526 
INFO:root:VALID measures@10 for class 1 - precision 0.8833 - recall 0.2488 - f1 0.3883 
INFO:root:VALID measures@100 microavg - precision 0.5213 - recall 0.5213 - f1 0.5213 
INFO:root:VALID measures@100 for class 0 - precision 0.2740 - recall 0.5797 - f1 0.3721 
INFO:root:VALID measures@100 for class 1 - precision 0.7868 - recall 0.5023 - f1 0.6132 
INFO:root:VALID measures@1000 microavg - precision 0.5213 - recall 0.5213 - f1 0.5213 
INFO:root:VALID measures@1000 for class 0 - precision 0.2740 - recall 0.5797 - f1 0.3721 
INFO:root:VALID measures@1000 for class 1 - precision 0.7868 - recall 0.5023 - f1 0.6132 
INFO:root:VALID Total epoch time: 0.042737790000046516
INFO:root:################ TRAIN epoch 67 ###################
INFO:root:TRAIN mean losses tensor(1.0894)
INFO:root:TRAIN mean errors 0.2432624101638794
INFO:root:TRAIN mean MRR 0.0 - mean MAP 0.942976176738739
INFO:root:TRAIN tp {0: tensor(0), 1: tensor(1067)},fn {0: tensor(343), 1: tensor(0)},fp {0: tensor(0), 1: tensor(343)}
INFO:root:TRAIN measures microavg - precision 0.7567 - recall 0.7567 - f1 0.7567 
INFO:root:TRAIN measures for class 0 - precision 0.0000 - recall 0.0000 - f1 0.0000 
INFO:root:TRAIN measures for class 1 - precision 0.7567 - recall 1.0000 - f1 0.8615 
INFO:root:TRAIN measures@10 microavg - precision 0.7437 - recall 0.1872 - f1 0.2992 
INFO:root:TRAIN measures@10 for class 0 - precision 0.5755 - recall 0.1778 - f1 0.2717 
INFO:root:TRAIN measures@10 for class 1 - precision 0.8153 - recall 0.1903 - f1 0.3085 
INFO:root:TRAIN measures@100 microavg - precision 0.4014 - recall 0.4014 - f1 0.4014 
INFO:root:TRAIN measures@100 for class 0 - precision 0.2589 - recall 0.7843 - f1 0.3893 
INFO:root:TRAIN measures@100 for class 1 - precision 0.8005 - recall 0.2784 - f1 0.4131 
INFO:root:TRAIN measures@1000 microavg - precision 0.4014 - recall 0.4014 - f1 0.4014 
INFO:root:TRAIN measures@1000 for class 0 - precision 0.2589 - recall 0.7843 - f1 0.3893 
INFO:root:TRAIN measures@1000 for class 1 - precision 0.8005 - recall 0.2784 - f1 0.4131 
INFO:root:TRAIN Total epoch time: 0.482822952999868
INFO:root:################ VALID epoch 67 ###################
INFO:root:VALID mean losses tensor(0.9914)
INFO:root:VALID mean errors 0.24468085169792175
INFO:root:VALID mean MRR 0.0 - mean MAP 0.9436129331588745
INFO:root:VALID tp {0: tensor(0), 1: tensor(213)},fn {0: tensor(69), 1: tensor(0)},fp {0: tensor(0), 1: tensor(69)}
INFO:root:VALID measures microavg - precision 0.7553 - recall 0.7553 - f1 0.7553 
INFO:root:VALID measures for class 0 - precision 0.0000 - recall 0.0000 - f1 0.0000 
INFO:root:VALID measures for class 1 - precision 0.7553 - recall 1.0000 - f1 0.8606 
INFO:root:VALID measures@10 microavg - precision 0.7206 - recall 0.1738 - f1 0.2800 
INFO:root:VALID measures@10 for class 0 - precision 0.4000 - recall 0.0870 - f1 0.1429 
INFO:root:VALID measures@10 for class 1 - precision 0.8113 - recall 0.2019 - f1 0.3233 
INFO:root:VALID measures@100 microavg - precision 0.4574 - recall 0.4574 - f1 0.4574 
INFO:root:VALID measures@100 for class 0 - precision 0.2529 - recall 0.6232 - f1 0.3598 
INFO:root:VALID measures@100 for class 1 - precision 0.7679 - recall 0.4038 - f1 0.5292 
INFO:root:VALID measures@1000 microavg - precision 0.4574 - recall 0.4574 - f1 0.4574 
INFO:root:VALID measures@1000 for class 0 - precision 0.2529 - recall 0.6232 - f1 0.3598 
INFO:root:VALID measures@1000 for class 1 - precision 0.7679 - recall 0.4038 - f1 0.5292 
INFO:root:VALID Total epoch time: 0.04482207399996696
INFO:root:################ TRAIN epoch 68 ###################
INFO:root:TRAIN mean losses tensor(1.1304)
INFO:root:TRAIN mean errors 0.24539007246494293
INFO:root:TRAIN mean MRR 0.0 - mean MAP 0.9404076933860779
INFO:root:TRAIN tp {0: tensor(0), 1: tensor(1064)},fn {0: tensor(343), 1: tensor(3)},fp {0: tensor(3), 1: tensor(343)}
INFO:root:TRAIN measures microavg - precision 0.7546 - recall 0.7546 - f1 0.7546 
INFO:root:TRAIN measures for class 0 - precision 0.0000 - recall 0.0000 - f1 0.0000 
INFO:root:TRAIN measures for class 1 - precision 0.7562 - recall 0.9972 - f1 0.8601 
INFO:root:TRAIN measures@10 microavg - precision 0.7731 - recall 0.1837 - f1 0.2968 
INFO:root:TRAIN measures@10 for class 0 - precision 0.5213 - recall 0.1429 - f1 0.2243 
INFO:root:TRAIN measures@10 for class 1 - precision 0.8714 - recall 0.1968 - f1 0.3211 
INFO:root:TRAIN measures@100 microavg - precision 0.4255 - recall 0.4255 - f1 0.4255 
INFO:root:TRAIN measures@100 for class 0 - precision 0.2585 - recall 0.7289 - f1 0.3817 
INFO:root:TRAIN measures@100 for class 1 - precision 0.7901 - recall 0.3280 - f1 0.4636 
INFO:root:TRAIN measures@1000 microavg - precision 0.4255 - recall 0.4255 - f1 0.4255 
INFO:root:TRAIN measures@1000 for class 0 - precision 0.2585 - recall 0.7289 - f1 0.3817 
INFO:root:TRAIN measures@1000 for class 1 - precision 0.7901 - recall 0.3280 - f1 0.4636 
INFO:root:TRAIN Total epoch time: 0.40941007599985824
INFO:root:################ VALID epoch 68 ###################
INFO:root:VALID mean losses tensor(1.0400)
INFO:root:VALID mean errors 0.24468085169792175
INFO:root:VALID mean MRR 0.0 - mean MAP 0.9378105998039246
INFO:root:VALID tp {0: tensor(0), 1: tensor(213)},fn {0: tensor(69), 1: tensor(0)},fp {0: tensor(0), 1: tensor(69)}
INFO:root:VALID measures microavg - precision 0.7553 - recall 0.7553 - f1 0.7553 
INFO:root:VALID measures for class 0 - precision 0.0000 - recall 0.0000 - f1 0.0000 
INFO:root:VALID measures for class 1 - precision 0.7553 - recall 1.0000 - f1 0.8606 
INFO:root:VALID measures@10 microavg - precision 0.7385 - recall 0.1702 - f1 0.2767 
INFO:root:VALID measures@10 for class 0 - precision 0.6190 - recall 0.1884 - f1 0.2889 
INFO:root:VALID measures@10 for class 1 - precision 0.7955 - recall 0.1643 - f1 0.2724 
INFO:root:VALID measures@100 microavg - precision 0.3617 - recall 0.3617 - f1 0.3617 
INFO:root:VALID measures@100 for class 0 - precision 0.2511 - recall 0.8116 - f1 0.3836 
INFO:root:VALID measures@100 for class 1 - precision 0.7797 - recall 0.2160 - f1 0.3382 
INFO:root:VALID measures@1000 microavg - precision 0.3617 - recall 0.3617 - f1 0.3617 
INFO:root:VALID measures@1000 for class 0 - precision 0.2511 - recall 0.8116 - f1 0.3836 
INFO:root:VALID measures@1000 for class 1 - precision 0.7797 - recall 0.2160 - f1 0.3382 
INFO:root:VALID Total epoch time: 0.041457363000063197
INFO:root:################ TRAIN epoch 69 ###################
INFO:root:TRAIN mean losses tensor(0.9919)
INFO:root:TRAIN mean errors 0.2432624101638794
INFO:root:TRAIN mean MRR 0.0 - mean MAP 0.941063404083252
INFO:root:TRAIN tp {0: tensor(0), 1: tensor(1067)},fn {0: tensor(343), 1: tensor(0)},fp {0: tensor(0), 1: tensor(343)}
INFO:root:TRAIN measures microavg - precision 0.7567 - recall 0.7567 - f1 0.7567 
INFO:root:TRAIN measures for class 0 - precision 0.0000 - recall 0.0000 - f1 0.0000 
INFO:root:TRAIN measures for class 1 - precision 0.7567 - recall 1.0000 - f1 0.8615 
INFO:root:TRAIN measures@10 microavg - precision 0.7184 - recall 0.1773 - f1 0.2844 
INFO:root:TRAIN measures@10 for class 0 - precision 0.5194 - recall 0.1953 - f1 0.2839 
INFO:root:TRAIN measures@10 for class 1 - precision 0.8356 - recall 0.1715 - f1 0.2846 
INFO:root:TRAIN measures@100 microavg - precision 0.3801 - recall 0.3801 - f1 0.3801 
INFO:root:TRAIN measures@100 for class 0 - precision 0.2557 - recall 0.8105 - f1 0.3888 
INFO:root:TRAIN measures@100 for class 1 - precision 0.7988 - recall 0.2418 - f1 0.3712 
INFO:root:TRAIN measures@1000 microavg - precision 0.3801 - recall 0.3801 - f1 0.3801 
INFO:root:TRAIN measures@1000 for class 0 - precision 0.2557 - recall 0.8105 - f1 0.3888 
INFO:root:TRAIN measures@1000 for class 1 - precision 0.7988 - recall 0.2418 - f1 0.3712 
INFO:root:TRAIN Total epoch time: 0.4103145300000506
INFO:root:################ VALID epoch 69 ###################
INFO:root:VALID mean losses tensor(0.9919)
INFO:root:VALID mean errors 0.24468085169792175
INFO:root:VALID mean MRR 0.0 - mean MAP 0.9404634237289429
INFO:root:VALID tp {0: tensor(0), 1: tensor(213)},fn {0: tensor(69), 1: tensor(0)},fp {0: tensor(0), 1: tensor(69)}
INFO:root:VALID measures microavg - precision 0.7553 - recall 0.7553 - f1 0.7553 
INFO:root:VALID measures for class 0 - precision 0.0000 - recall 0.0000 - f1 0.0000 
INFO:root:VALID measures for class 1 - precision 0.7553 - recall 1.0000 - f1 0.8606 
INFO:root:VALID measures@10 microavg - precision 0.7917 - recall 0.2021 - f1 0.3220 
INFO:root:VALID measures@10 for class 0 - precision 0.4167 - recall 0.0725 - f1 0.1235 
INFO:root:VALID measures@10 for class 1 - precision 0.8667 - recall 0.2441 - f1 0.3810 
INFO:root:VALID measures@100 microavg - precision 0.4326 - recall 0.4326 - f1 0.4326 
INFO:root:VALID measures@100 for class 0 - precision 0.2593 - recall 0.7101 - f1 0.3798 
INFO:root:VALID measures@100 for class 1 - precision 0.7849 - recall 0.3427 - f1 0.4771 
INFO:root:VALID measures@1000 microavg - precision 0.4326 - recall 0.4326 - f1 0.4326 
INFO:root:VALID measures@1000 for class 0 - precision 0.2593 - recall 0.7101 - f1 0.3798 
INFO:root:VALID measures@1000 for class 1 - precision 0.7849 - recall 0.3427 - f1 0.4771 
INFO:root:VALID Total epoch time: 0.041901301000052626
INFO:root:################ TRAIN epoch 70 ###################
INFO:root:TRAIN mean losses tensor(1.0587)
INFO:root:TRAIN mean errors 0.2432624101638794
INFO:root:TRAIN mean MRR 0.0 - mean MAP 0.9392866492271423
INFO:root:TRAIN tp {0: tensor(1), 1: tensor(1066)},fn {0: tensor(342), 1: tensor(1)},fp {0: tensor(1), 1: tensor(342)}
INFO:root:TRAIN measures microavg - precision 0.7567 - recall 0.7567 - f1 0.7567 
INFO:root:TRAIN measures for class 0 - precision 0.5000 - recall 0.0029 - f1 0.0058 
INFO:root:TRAIN measures for class 1 - precision 0.7571 - recall 0.9991 - f1 0.8614 
INFO:root:TRAIN measures@10 microavg - precision 0.7232 - recall 0.1723 - f1 0.2784 
INFO:root:TRAIN measures@10 for class 0 - precision 0.4381 - recall 0.1341 - f1 0.2054 
INFO:root:TRAIN measures@10 for class 1 - precision 0.8528 - recall 0.1846 - f1 0.3035 
INFO:root:TRAIN measures@100 microavg - precision 0.4099 - recall 0.4099 - f1 0.4099 
INFO:root:TRAIN measures@100 for class 0 - precision 0.2577 - recall 0.7580 - f1 0.3846 
INFO:root:TRAIN measures@100 for class 1 - precision 0.7930 - recall 0.2980 - f1 0.4332 
INFO:root:TRAIN measures@1000 microavg - precision 0.4099 - recall 0.4099 - f1 0.4099 
INFO:root:TRAIN measures@1000 for class 0 - precision 0.2577 - recall 0.7580 - f1 0.3846 
INFO:root:TRAIN measures@1000 for class 1 - precision 0.7930 - recall 0.2980 - f1 0.4332 
INFO:root:TRAIN Total epoch time: 0.41534278999961316
INFO:root:################ VALID epoch 70 ###################
INFO:root:VALID mean losses tensor(1.0594)
INFO:root:VALID mean errors 0.24468085169792175
INFO:root:VALID mean MRR 0.0 - mean MAP 0.9252335429191589
INFO:root:VALID tp {0: tensor(1), 1: tensor(212)},fn {0: tensor(68), 1: tensor(1)},fp {0: tensor(1), 1: tensor(68)}
INFO:root:VALID measures microavg - precision 0.7553 - recall 0.7553 - f1 0.7553 
INFO:root:VALID measures for class 0 - precision 0.5000 - recall 0.0145 - f1 0.0282 
INFO:root:VALID measures for class 1 - precision 0.7571 - recall 0.9953 - f1 0.8600 
INFO:root:VALID measures@10 microavg - precision 0.7302 - recall 0.1631 - f1 0.2667 
INFO:root:VALID measures@10 for class 0 - precision 0.4706 - recall 0.1159 - f1 0.1860 
INFO:root:VALID measures@10 for class 1 - precision 0.8261 - recall 0.1784 - f1 0.2934 
INFO:root:VALID measures@100 microavg - precision 0.4184 - recall 0.4184 - f1 0.4184 
INFO:root:VALID measures@100 for class 0 - precision 0.2487 - recall 0.6812 - f1 0.3643 
INFO:root:VALID measures@100 for class 1 - precision 0.7634 - recall 0.3333 - f1 0.4641 
INFO:root:VALID measures@1000 microavg - precision 0.4184 - recall 0.4184 - f1 0.4184 
INFO:root:VALID measures@1000 for class 0 - precision 0.2487 - recall 0.6812 - f1 0.3643 
INFO:root:VALID measures@1000 for class 1 - precision 0.7634 - recall 0.3333 - f1 0.4641 
INFO:root:VALID Total epoch time: 0.04166484000006676
INFO:root:################ TRAIN epoch 71 ###################
INFO:root:TRAIN mean losses tensor(0.9837)
INFO:root:TRAIN mean errors 0.24113474786281586
INFO:root:TRAIN mean MRR 0.0 - mean MAP 0.9401341080665588
INFO:root:TRAIN tp {0: tensor(3), 1: tensor(1067)},fn {0: tensor(340), 1: tensor(0)},fp {0: tensor(0), 1: tensor(340)}
INFO:root:TRAIN measures microavg - precision 0.7589 - recall 0.7589 - f1 0.7589 
INFO:root:TRAIN measures for class 0 - precision 1.0000 - recall 0.0087 - f1 0.0173 
INFO:root:TRAIN measures for class 1 - precision 0.7584 - recall 1.0000 - f1 0.8626 
INFO:root:TRAIN measures@10 microavg - precision 0.7479 - recall 0.1851 - f1 0.2968 
INFO:root:TRAIN measures@10 for class 0 - precision 0.5400 - recall 0.1574 - f1 0.2438 
INFO:root:TRAIN measures@10 for class 1 - precision 0.8313 - recall 0.1940 - f1 0.3146 
INFO:root:TRAIN measures@100 microavg - precision 0.4106 - recall 0.4106 - f1 0.4106 
INFO:root:TRAIN measures@100 for class 0 - precision 0.2631 - recall 0.7901 - f1 0.3948 
INFO:root:TRAIN measures@100 for class 1 - precision 0.8105 - recall 0.2887 - f1 0.4257 
INFO:root:TRAIN measures@1000 microavg - precision 0.4106 - recall 0.4106 - f1 0.4106 
INFO:root:TRAIN measures@1000 for class 0 - precision 0.2631 - recall 0.7901 - f1 0.3948 
INFO:root:TRAIN measures@1000 for class 1 - precision 0.8105 - recall 0.2887 - f1 0.4257 
INFO:root:TRAIN Total epoch time: 0.4076280570002382
INFO:root:################ VALID epoch 71 ###################
INFO:root:VALID mean losses tensor(1.1601)
INFO:root:VALID mean errors 0.24468085169792175
INFO:root:VALID mean MRR 0.0 - mean MAP 0.955825924873352
INFO:root:VALID tp {0: tensor(0), 1: tensor(213)},fn {0: tensor(69), 1: tensor(0)},fp {0: tensor(0), 1: tensor(69)}
INFO:root:VALID measures microavg - precision 0.7553 - recall 0.7553 - f1 0.7553 
INFO:root:VALID measures for class 0 - precision 0.0000 - recall 0.0000 - f1 0.0000 
INFO:root:VALID measures for class 1 - precision 0.7553 - recall 1.0000 - f1 0.8606 
INFO:root:VALID measures@10 microavg - precision 0.7361 - recall 0.1879 - f1 0.2994 
INFO:root:VALID measures@10 for class 0 - precision 0.6000 - recall 0.1739 - f1 0.2697 
INFO:root:VALID measures@10 for class 1 - precision 0.7885 - recall 0.1925 - f1 0.3094 
INFO:root:VALID measures@100 microavg - precision 0.4043 - recall 0.4043 - f1 0.4043 
INFO:root:VALID measures@100 for class 0 - precision 0.2562 - recall 0.7536 - f1 0.3824 
INFO:root:VALID measures@100 for class 1 - precision 0.7848 - recall 0.2911 - f1 0.4247 
INFO:root:VALID measures@1000 microavg - precision 0.4043 - recall 0.4043 - f1 0.4043 
INFO:root:VALID measures@1000 for class 0 - precision 0.2562 - recall 0.7536 - f1 0.3824 
INFO:root:VALID measures@1000 for class 1 - precision 0.7848 - recall 0.2911 - f1 0.4247 
INFO:root:VALID Total epoch time: 0.041871030000038445
INFO:root:################ TRAIN epoch 72 ###################
INFO:root:TRAIN mean losses tensor(0.9995)
INFO:root:TRAIN mean errors 0.2432624101638794
INFO:root:TRAIN mean MRR 0.0 - mean MAP 0.9446606040000916
INFO:root:TRAIN tp {0: tensor(0), 1: tensor(1067)},fn {0: tensor(343), 1: tensor(0)},fp {0: tensor(0), 1: tensor(343)}
INFO:root:TRAIN measures microavg - precision 0.7567 - recall 0.7567 - f1 0.7567 
INFO:root:TRAIN measures for class 0 - precision 0.0000 - recall 0.0000 - f1 0.0000 
INFO:root:TRAIN measures for class 1 - precision 0.7567 - recall 1.0000 - f1 0.8615 
INFO:root:TRAIN measures@10 microavg - precision 0.6687 - recall 0.1589 - f1 0.2567 
INFO:root:TRAIN measures@10 for class 0 - precision 0.4786 - recall 0.1953 - f1 0.2774 
INFO:root:TRAIN measures@10 for class 1 - precision 0.8051 - recall 0.1471 - f1 0.2488 
INFO:root:TRAIN measures@100 microavg - precision 0.3518 - recall 0.3518 - f1 0.3518 
INFO:root:TRAIN measures@100 for class 0 - precision 0.2507 - recall 0.8367 - f1 0.3858 
INFO:root:TRAIN measures@100 for class 1 - precision 0.7887 - recall 0.1959 - f1 0.3138 
INFO:root:TRAIN measures@1000 microavg - precision 0.3518 - recall 0.3518 - f1 0.3518 
INFO:root:TRAIN measures@1000 for class 0 - precision 0.2507 - recall 0.8367 - f1 0.3858 
INFO:root:TRAIN measures@1000 for class 1 - precision 0.7887 - recall 0.1959 - f1 0.3138 
INFO:root:TRAIN Total epoch time: 0.3917497130000811
INFO:root:################ VALID epoch 72 ###################
INFO:root:VALID mean losses tensor(0.9608)
INFO:root:VALID mean errors 0.24468085169792175
INFO:root:VALID mean MRR 0.0 - mean MAP 0.9273693561553955
INFO:root:VALID tp {0: tensor(0), 1: tensor(213)},fn {0: tensor(69), 1: tensor(0)},fp {0: tensor(0), 1: tensor(69)}
INFO:root:VALID measures microavg - precision 0.7553 - recall 0.7553 - f1 0.7553 
INFO:root:VALID measures for class 0 - precision 0.0000 - recall 0.0000 - f1 0.0000 
INFO:root:VALID measures for class 1 - precision 0.7553 - recall 1.0000 - f1 0.8606 
INFO:root:VALID measures@10 microavg - precision 0.6164 - recall 0.1596 - f1 0.2535 
INFO:root:VALID measures@10 for class 0 - precision 0.4444 - recall 0.1739 - f1 0.2500 
INFO:root:VALID measures@10 for class 1 - precision 0.7174 - recall 0.1549 - f1 0.2548 
INFO:root:VALID measures@100 microavg - precision 0.3121 - recall 0.3121 - f1 0.3121 
INFO:root:VALID measures@100 for class 0 - precision 0.2318 - recall 0.7826 - f1 0.3576 
INFO:root:VALID measures@100 for class 1 - precision 0.6939 - recall 0.1596 - f1 0.2595 
INFO:root:VALID measures@1000 microavg - precision 0.3121 - recall 0.3121 - f1 0.3121 
INFO:root:VALID measures@1000 for class 0 - precision 0.2318 - recall 0.7826 - f1 0.3576 
INFO:root:VALID measures@1000 for class 1 - precision 0.6939 - recall 0.1596 - f1 0.2595 
INFO:root:VALID Total epoch time: 0.03802272500024628
INFO:root:################ TRAIN epoch 73 ###################
INFO:root:TRAIN mean losses tensor(0.9780)
INFO:root:TRAIN mean errors 0.2432624101638794
INFO:root:TRAIN mean MRR 0.0 - mean MAP 0.9425923824310303
INFO:root:TRAIN tp {0: tensor(0), 1: tensor(1067)},fn {0: tensor(343), 1: tensor(0)},fp {0: tensor(0), 1: tensor(343)}
INFO:root:TRAIN measures microavg - precision 0.7567 - recall 0.7567 - f1 0.7567 
INFO:root:TRAIN measures for class 0 - precision 0.0000 - recall 0.0000 - f1 0.0000 
INFO:root:TRAIN measures for class 1 - precision 0.7567 - recall 1.0000 - f1 0.8615 
INFO:root:TRAIN measures@10 microavg - precision 0.7278 - recall 0.1745 - f1 0.2815 
INFO:root:TRAIN measures@10 for class 0 - precision 0.4841 - recall 0.1778 - f1 0.2601 
INFO:root:TRAIN measures@10 for class 1 - precision 0.8726 - recall 0.1734 - f1 0.2893 
INFO:root:TRAIN measures@100 microavg - precision 0.3823 - recall 0.3823 - f1 0.3823 
INFO:root:TRAIN measures@100 for class 0 - precision 0.2613 - recall 0.8426 - f1 0.3989 
INFO:root:TRAIN measures@100 for class 1 - precision 0.8224 - recall 0.2343 - f1 0.3647 
INFO:root:TRAIN measures@1000 microavg - precision 0.3823 - recall 0.3823 - f1 0.3823 
INFO:root:TRAIN measures@1000 for class 0 - precision 0.2613 - recall 0.8426 - f1 0.3989 
INFO:root:TRAIN measures@1000 for class 1 - precision 0.8224 - recall 0.2343 - f1 0.3647 
INFO:root:TRAIN Total epoch time: 0.3732899390001876
INFO:root:################ VALID epoch 73 ###################
INFO:root:VALID mean losses tensor(1.0188)
INFO:root:VALID mean errors 0.24468085169792175
INFO:root:VALID mean MRR 0.0 - mean MAP 0.9318944215774536
INFO:root:VALID tp {0: tensor(0), 1: tensor(213)},fn {0: tensor(69), 1: tensor(0)},fp {0: tensor(0), 1: tensor(69)}
INFO:root:VALID measures microavg - precision 0.7553 - recall 0.7553 - f1 0.7553 
INFO:root:VALID measures for class 0 - precision 0.0000 - recall 0.0000 - f1 0.0000 
INFO:root:VALID measures for class 1 - precision 0.7553 - recall 1.0000 - f1 0.8606 
INFO:root:VALID measures@10 microavg - precision 0.7101 - recall 0.1738 - f1 0.2792 
INFO:root:VALID measures@10 for class 0 - precision 0.4545 - recall 0.1449 - f1 0.2198 
INFO:root:VALID measures@10 for class 1 - precision 0.8298 - recall 0.1831 - f1 0.3000 
INFO:root:VALID measures@100 microavg - precision 0.3759 - recall 0.3759 - f1 0.3759 
INFO:root:VALID measures@100 for class 0 - precision 0.2557 - recall 0.8116 - f1 0.3889 
INFO:root:VALID measures@100 for class 1 - precision 0.7937 - recall 0.2347 - f1 0.3623 
INFO:root:VALID measures@1000 microavg - precision 0.3759 - recall 0.3759 - f1 0.3759 
INFO:root:VALID measures@1000 for class 0 - precision 0.2557 - recall 0.8116 - f1 0.3889 
INFO:root:VALID measures@1000 for class 1 - precision 0.7937 - recall 0.2347 - f1 0.3623 
INFO:root:VALID Total epoch time: 0.038292898000236164
INFO:root:################ TRAIN epoch 74 ###################
INFO:root:TRAIN mean losses tensor(0.9821)
INFO:root:TRAIN mean errors 0.2432624101638794
INFO:root:TRAIN mean MRR 0.0 - mean MAP 0.9463910460472107
INFO:root:TRAIN tp {0: tensor(0), 1: tensor(1067)},fn {0: tensor(343), 1: tensor(0)},fp {0: tensor(0), 1: tensor(343)}
INFO:root:TRAIN measures microavg - precision 0.7567 - recall 0.7567 - f1 0.7567 
INFO:root:TRAIN measures for class 0 - precision 0.0000 - recall 0.0000 - f1 0.0000 
INFO:root:TRAIN measures for class 1 - precision 0.7567 - recall 1.0000 - f1 0.8615 
INFO:root:TRAIN measures@10 microavg - precision 0.7493 - recall 0.1801 - f1 0.2905 
INFO:root:TRAIN measures@10 for class 0 - precision 0.5660 - recall 0.1749 - f1 0.2673 
INFO:root:TRAIN measures@10 for class 1 - precision 0.8326 - recall 0.1818 - f1 0.2985 
INFO:root:TRAIN measures@100 microavg - precision 0.3702 - recall 0.3702 - f1 0.3702 
INFO:root:TRAIN measures@100 for class 0 - precision 0.2493 - recall 0.7901 - f1 0.3790 
INFO:root:TRAIN measures@100 for class 1 - precision 0.7771 - recall 0.2352 - f1 0.3612 
INFO:root:TRAIN measures@1000 microavg - precision 0.3702 - recall 0.3702 - f1 0.3702 
INFO:root:TRAIN measures@1000 for class 0 - precision 0.2493 - recall 0.7901 - f1 0.3790 
INFO:root:TRAIN measures@1000 for class 1 - precision 0.7771 - recall 0.2352 - f1 0.3612 
INFO:root:TRAIN Total epoch time: 0.37209549499993955
INFO:root:################ VALID epoch 74 ###################
INFO:root:VALID mean losses tensor(1.0092)
INFO:root:VALID mean errors 0.24468085169792175
INFO:root:VALID mean MRR 0.0 - mean MAP 0.93293696641922
INFO:root:VALID tp {0: tensor(0), 1: tensor(213)},fn {0: tensor(69), 1: tensor(0)},fp {0: tensor(0), 1: tensor(69)}
INFO:root:VALID measures microavg - precision 0.7553 - recall 0.7553 - f1 0.7553 
INFO:root:VALID measures for class 0 - precision 0.0000 - recall 0.0000 - f1 0.0000 
INFO:root:VALID measures for class 1 - precision 0.7553 - recall 1.0000 - f1 0.8606 
INFO:root:VALID measures@10 microavg - precision 0.6393 - recall 0.1383 - f1 0.2274 
INFO:root:VALID measures@10 for class 0 - precision 0.5610 - recall 0.3333 - f1 0.4182 
INFO:root:VALID measures@10 for class 1 - precision 0.8000 - recall 0.0751 - f1 0.1373 
INFO:root:VALID measures@100 microavg - precision 0.2872 - recall 0.2872 - f1 0.2872 
INFO:root:VALID measures@100 for class 0 - precision 0.2481 - recall 0.9420 - f1 0.3927 
INFO:root:VALID measures@100 for class 1 - precision 0.8000 - recall 0.0751 - f1 0.1373 
INFO:root:VALID measures@1000 microavg - precision 0.2872 - recall 0.2872 - f1 0.2872 
INFO:root:VALID measures@1000 for class 0 - precision 0.2481 - recall 0.9420 - f1 0.3927 
INFO:root:VALID measures@1000 for class 1 - precision 0.8000 - recall 0.0751 - f1 0.1373 
INFO:root:VALID Total epoch time: 0.03935967500001425
INFO:root:################ TRAIN epoch 75 ###################
INFO:root:TRAIN mean losses tensor(0.9786)
INFO:root:TRAIN mean errors 0.2432624101638794
INFO:root:TRAIN mean MRR 0.0 - mean MAP 0.9435151815414429
INFO:root:TRAIN tp {0: tensor(0), 1: tensor(1067)},fn {0: tensor(343), 1: tensor(0)},fp {0: tensor(0), 1: tensor(343)}
INFO:root:TRAIN measures microavg - precision 0.7567 - recall 0.7567 - f1 0.7567 
INFO:root:TRAIN measures for class 0 - precision 0.0000 - recall 0.0000 - f1 0.0000 
INFO:root:TRAIN measures for class 1 - precision 0.7567 - recall 1.0000 - f1 0.8615 
INFO:root:TRAIN measures@10 microavg - precision 0.6997 - recall 0.1652 - f1 0.2674 
INFO:root:TRAIN measures@10 for class 0 - precision 0.5039 - recall 0.1866 - f1 0.2723 
INFO:root:TRAIN measures@10 for class 1 - precision 0.8204 - recall 0.1584 - f1 0.2655 
INFO:root:TRAIN measures@100 microavg - precision 0.3624 - recall 0.3624 - f1 0.3624 
INFO:root:TRAIN measures@100 for class 0 - precision 0.2477 - recall 0.7959 - f1 0.3779 
INFO:root:TRAIN measures@100 for class 1 - precision 0.7727 - recall 0.2231 - f1 0.3462 
INFO:root:TRAIN measures@1000 microavg - precision 0.3624 - recall 0.3624 - f1 0.3624 
INFO:root:TRAIN measures@1000 for class 0 - precision 0.2477 - recall 0.7959 - f1 0.3779 
INFO:root:TRAIN measures@1000 for class 1 - precision 0.7727 - recall 0.2231 - f1 0.3462 
INFO:root:TRAIN Total epoch time: 0.37085791799972867
INFO:root:################ VALID epoch 75 ###################
INFO:root:VALID mean losses tensor(0.9536)
INFO:root:VALID mean errors 0.24468085169792175
INFO:root:VALID mean MRR 0.0 - mean MAP 0.9375671148300171
INFO:root:VALID tp {0: tensor(0), 1: tensor(213)},fn {0: tensor(69), 1: tensor(0)},fp {0: tensor(0), 1: tensor(69)}
INFO:root:VALID measures microavg - precision 0.7553 - recall 0.7553 - f1 0.7553 
INFO:root:VALID measures for class 0 - precision 0.0000 - recall 0.0000 - f1 0.0000 
INFO:root:VALID measures for class 1 - precision 0.7553 - recall 1.0000 - f1 0.8606 
INFO:root:VALID measures@10 microavg - precision 0.7500 - recall 0.1702 - f1 0.2775 
INFO:root:VALID measures@10 for class 0 - precision 0.5833 - recall 0.2029 - f1 0.3011 
INFO:root:VALID measures@10 for class 1 - precision 0.8500 - recall 0.1596 - f1 0.2688 
INFO:root:VALID measures@100 microavg - precision 0.4078 - recall 0.4078 - f1 0.4078 
INFO:root:VALID measures@100 for class 0 - precision 0.2474 - recall 0.6957 - f1 0.3650 
INFO:root:VALID measures@100 for class 1 - precision 0.7614 - recall 0.3146 - f1 0.4452 
INFO:root:VALID measures@1000 microavg - precision 0.4078 - recall 0.4078 - f1 0.4078 
INFO:root:VALID measures@1000 for class 0 - precision 0.2474 - recall 0.6957 - f1 0.3650 
INFO:root:VALID measures@1000 for class 1 - precision 0.7614 - recall 0.3146 - f1 0.4452 
INFO:root:VALID Total epoch time: 0.03954456499968728
INFO:root:################ TRAIN epoch 76 ###################
INFO:root:TRAIN mean losses tensor(0.9675)
INFO:root:TRAIN mean errors 0.24397163093090057
INFO:root:TRAIN mean MRR 0.0 - mean MAP 0.9401547908782959
INFO:root:TRAIN tp {0: tensor(0), 1: tensor(1066)},fn {0: tensor(343), 1: tensor(1)},fp {0: tensor(1), 1: tensor(343)}
INFO:root:TRAIN measures microavg - precision 0.7560 - recall 0.7560 - f1 0.7560 
INFO:root:TRAIN measures for class 0 - precision 0.0000 - recall 0.0000 - f1 0.0000 
INFO:root:TRAIN measures for class 1 - precision 0.7566 - recall 0.9991 - f1 0.8611 
INFO:root:TRAIN measures@10 microavg - precision 0.7507 - recall 0.1816 - f1 0.2924 
INFO:root:TRAIN measures@10 for class 0 - precision 0.5700 - recall 0.1662 - f1 0.2573 
INFO:root:TRAIN measures@10 for class 1 - precision 0.8257 - recall 0.1865 - f1 0.3043 
INFO:root:TRAIN measures@100 microavg - precision 0.3773 - recall 0.3773 - f1 0.3773 
INFO:root:TRAIN measures@100 for class 0 - precision 0.2535 - recall 0.8017 - f1 0.3852 
INFO:root:TRAIN measures@100 for class 1 - precision 0.7908 - recall 0.2409 - f1 0.3693 
INFO:root:TRAIN measures@1000 microavg - precision 0.3773 - recall 0.3773 - f1 0.3773 
INFO:root:TRAIN measures@1000 for class 0 - precision 0.2535 - recall 0.8017 - f1 0.3852 
INFO:root:TRAIN measures@1000 for class 1 - precision 0.7908 - recall 0.2409 - f1 0.3693 
INFO:root:TRAIN Total epoch time: 0.41627790100028506
INFO:root:################ VALID epoch 76 ###################
INFO:root:VALID mean losses tensor(0.9350)
INFO:root:VALID mean errors 0.24468085169792175
INFO:root:VALID mean MRR 0.0 - mean MAP 0.9468750357627869
INFO:root:VALID tp {0: tensor(0), 1: tensor(213)},fn {0: tensor(69), 1: tensor(0)},fp {0: tensor(0), 1: tensor(69)}
INFO:root:VALID measures microavg - precision 0.7553 - recall 0.7553 - f1 0.7553 
INFO:root:VALID measures for class 0 - precision 0.0000 - recall 0.0000 - f1 0.0000 
INFO:root:VALID measures for class 1 - precision 0.7553 - recall 1.0000 - f1 0.8606 
INFO:root:VALID measures@10 microavg - precision 0.6857 - recall 0.1702 - f1 0.2727 
INFO:root:VALID measures@10 for class 0 - precision 0.5581 - recall 0.3478 - f1 0.4286 
INFO:root:VALID measures@10 for class 1 - precision 0.8889 - recall 0.1127 - f1 0.2000 
INFO:root:VALID measures@100 microavg - precision 0.3191 - recall 0.3191 - f1 0.3191 
INFO:root:VALID measures@100 for class 0 - precision 0.2588 - recall 0.9565 - f1 0.4074 
INFO:root:VALID measures@100 for class 1 - precision 0.8889 - recall 0.1127 - f1 0.2000 
INFO:root:VALID measures@1000 microavg - precision 0.3191 - recall 0.3191 - f1 0.3191 
INFO:root:VALID measures@1000 for class 0 - precision 0.2588 - recall 0.9565 - f1 0.4074 
INFO:root:VALID measures@1000 for class 1 - precision 0.8889 - recall 0.1127 - f1 0.2000 
INFO:root:VALID Total epoch time: 0.04147533800005476
INFO:root:################ TRAIN epoch 77 ###################
INFO:root:TRAIN mean losses tensor(1.1550)
INFO:root:TRAIN mean errors 0.24539007246494293
INFO:root:TRAIN mean MRR 0.0 - mean MAP 0.9477925300598145
INFO:root:TRAIN tp {0: tensor(0), 1: tensor(1064)},fn {0: tensor(343), 1: tensor(3)},fp {0: tensor(3), 1: tensor(343)}
INFO:root:TRAIN measures microavg - precision 0.7546 - recall 0.7546 - f1 0.7546 
INFO:root:TRAIN measures for class 0 - precision 0.0000 - recall 0.0000 - f1 0.0000 
INFO:root:TRAIN measures for class 1 - precision 0.7562 - recall 0.9972 - f1 0.8601 
INFO:root:TRAIN measures@10 microavg - precision 0.7619 - recall 0.1929 - f1 0.3079 
INFO:root:TRAIN measures@10 for class 0 - precision 0.5588 - recall 0.1662 - f1 0.2562 
INFO:root:TRAIN measures@10 for class 1 - precision 0.8431 - recall 0.2015 - f1 0.3253 
INFO:root:TRAIN measures@100 microavg - precision 0.4021 - recall 0.4021 - f1 0.4021 
INFO:root:TRAIN measures@100 for class 0 - precision 0.2610 - recall 0.7959 - f1 0.3931 
INFO:root:TRAIN measures@100 for class 1 - precision 0.8077 - recall 0.2755 - f1 0.4109 
INFO:root:TRAIN measures@1000 microavg - precision 0.4021 - recall 0.4021 - f1 0.4021 
INFO:root:TRAIN measures@1000 for class 0 - precision 0.2610 - recall 0.7959 - f1 0.3931 
INFO:root:TRAIN measures@1000 for class 1 - precision 0.8077 - recall 0.2755 - f1 0.4109 
INFO:root:TRAIN Total epoch time: 0.40336494000030143
INFO:root:################ VALID epoch 77 ###################
INFO:root:VALID mean losses tensor(1.1389)
INFO:root:VALID mean errors 0.24113474786281586
INFO:root:VALID mean MRR 0.0 - mean MAP 0.9106612205505371
INFO:root:VALID tp {0: tensor(1), 1: tensor(213)},fn {0: tensor(68), 1: tensor(0)},fp {0: tensor(0), 1: tensor(68)}
INFO:root:VALID measures microavg - precision 0.7589 - recall 0.7589 - f1 0.7589 
INFO:root:VALID measures for class 0 - precision 1.0000 - recall 0.0145 - f1 0.0286 
INFO:root:VALID measures for class 1 - precision 0.7580 - recall 1.0000 - f1 0.8623 
INFO:root:VALID measures@10 microavg - precision 0.5781 - recall 0.1312 - f1 0.2139 
INFO:root:VALID measures@10 for class 0 - precision 0.3529 - recall 0.1739 - f1 0.2330 
INFO:root:VALID measures@10 for class 1 - precision 0.8333 - recall 0.1174 - f1 0.2058 
INFO:root:VALID measures@100 microavg - precision 0.3156 - recall 0.3156 - f1 0.3156 
INFO:root:VALID measures@100 for class 0 - precision 0.2540 - recall 0.9275 - f1 0.3988 
INFO:root:VALID measures@100 for class 1 - precision 0.8333 - recall 0.1174 - f1 0.2058 
INFO:root:VALID measures@1000 microavg - precision 0.3156 - recall 0.3156 - f1 0.3156 
INFO:root:VALID measures@1000 for class 0 - precision 0.2540 - recall 0.9275 - f1 0.3988 
INFO:root:VALID measures@1000 for class 1 - precision 0.8333 - recall 0.1174 - f1 0.2058 
INFO:root:VALID Total epoch time: 0.04171500799975547
INFO:root:################ TRAIN epoch 78 ###################
INFO:root:TRAIN mean losses tensor(1.5604)
INFO:root:TRAIN mean errors 0.2432624101638794
INFO:root:TRAIN mean MRR 0.0 - mean MAP 0.9375361800193787
INFO:root:TRAIN tp {0: tensor(6), 1: tensor(1061)},fn {0: tensor(337), 1: tensor(6)},fp {0: tensor(6), 1: tensor(337)}
INFO:root:TRAIN measures microavg - precision 0.7567 - recall 0.7567 - f1 0.7567 
INFO:root:TRAIN measures for class 0 - precision 0.5000 - recall 0.0175 - f1 0.0338 
INFO:root:TRAIN measures for class 1 - precision 0.7589 - recall 0.9944 - f1 0.8609 
INFO:root:TRAIN measures@10 microavg - precision 0.7370 - recall 0.1809 - f1 0.2904 
INFO:root:TRAIN measures@10 for class 0 - precision 0.4409 - recall 0.1195 - f1 0.1881 
INFO:root:TRAIN measures@10 for class 1 - precision 0.8458 - recall 0.2006 - f1 0.3242 
INFO:root:TRAIN measures@100 microavg - precision 0.4496 - recall 0.4496 - f1 0.4496 
INFO:root:TRAIN measures@100 for class 0 - precision 0.2531 - recall 0.6472 - f1 0.3639 
INFO:root:TRAIN measures@100 for class 1 - precision 0.7730 - recall 0.3861 - f1 0.5150 
INFO:root:TRAIN measures@1000 microavg - precision 0.4496 - recall 0.4496 - f1 0.4496 
INFO:root:TRAIN measures@1000 for class 0 - precision 0.2531 - recall 0.6472 - f1 0.3639 
INFO:root:TRAIN measures@1000 for class 1 - precision 0.7730 - recall 0.3861 - f1 0.5150 
INFO:root:TRAIN Total epoch time: 0.4064193039998827
INFO:root:################ VALID epoch 78 ###################
INFO:root:VALID mean losses tensor(1.6656)
INFO:root:VALID mean errors 0.24468085169792175
INFO:root:VALID mean MRR 0.0 - mean MAP 0.949327826499939
INFO:root:VALID tp {0: tensor(0), 1: tensor(213)},fn {0: tensor(69), 1: tensor(0)},fp {0: tensor(0), 1: tensor(69)}
INFO:root:VALID measures microavg - precision 0.7553 - recall 0.7553 - f1 0.7553 
INFO:root:VALID measures for class 0 - precision 0.0000 - recall 0.0000 - f1 0.0000 
INFO:root:VALID measures for class 1 - precision 0.7553 - recall 1.0000 - f1 0.8606 
INFO:root:VALID measures@10 microavg - precision 0.8052 - recall 0.2199 - f1 0.3454 
INFO:root:VALID measures@10 for class 0 - precision 0.5238 - recall 0.1594 - f1 0.2444 
INFO:root:VALID measures@10 for class 1 - precision 0.9107 - recall 0.2394 - f1 0.3792 
INFO:root:VALID measures@100 microavg - precision 0.4716 - recall 0.4716 - f1 0.4716 
INFO:root:VALID measures@100 for class 0 - precision 0.2802 - recall 0.7391 - f1 0.4064 
INFO:root:VALID measures@100 for class 1 - precision 0.8200 - recall 0.3850 - f1 0.5240 
INFO:root:VALID measures@1000 microavg - precision 0.4716 - recall 0.4716 - f1 0.4716 
INFO:root:VALID measures@1000 for class 0 - precision 0.2802 - recall 0.7391 - f1 0.4064 
INFO:root:VALID measures@1000 for class 1 - precision 0.8200 - recall 0.3850 - f1 0.5240 
INFO:root:VALID Total epoch time: 0.04179086800013465
INFO:root:################ TRAIN epoch 79 ###################
INFO:root:TRAIN mean losses tensor(1.2749)
INFO:root:TRAIN mean errors 0.24113474786281586
INFO:root:TRAIN mean MRR 0.0 - mean MAP 0.9307442307472229
INFO:root:TRAIN tp {0: tensor(3), 1: tensor(1067)},fn {0: tensor(340), 1: tensor(0)},fp {0: tensor(0), 1: tensor(340)}
INFO:root:TRAIN measures microavg - precision 0.7589 - recall 0.7589 - f1 0.7589 
INFO:root:TRAIN measures for class 0 - precision 1.0000 - recall 0.0087 - f1 0.0173 
INFO:root:TRAIN measures for class 1 - precision 0.7584 - recall 1.0000 - f1 0.8626 
INFO:root:TRAIN measures@10 microavg - precision 0.6712 - recall 0.1738 - f1 0.2761 
INFO:root:TRAIN measures@10 for class 0 - precision 0.4562 - recall 0.2128 - f1 0.2903 
INFO:root:TRAIN measures@10 for class 1 - precision 0.8390 - recall 0.1612 - f1 0.2704 
INFO:root:TRAIN measures@100 microavg - precision 0.3752 - recall 0.3752 - f1 0.3752 
INFO:root:TRAIN measures@100 for class 0 - precision 0.2546 - recall 0.8134 - f1 0.3878 
INFO:root:TRAIN measures@100 for class 1 - precision 0.7962 - recall 0.2343 - f1 0.3621 
INFO:root:TRAIN measures@1000 microavg - precision 0.3752 - recall 0.3752 - f1 0.3752 
INFO:root:TRAIN measures@1000 for class 0 - precision 0.2546 - recall 0.8134 - f1 0.3878 
INFO:root:TRAIN measures@1000 for class 1 - precision 0.7962 - recall 0.2343 - f1 0.3621 
INFO:root:TRAIN Total epoch time: 0.4024385520001488
INFO:root:################ VALID epoch 79 ###################
INFO:root:VALID mean losses tensor(1.0409)
INFO:root:VALID mean errors 0.24468085169792175
INFO:root:VALID mean MRR 0.0 - mean MAP 0.9423927664756775
INFO:root:VALID tp {0: tensor(1), 1: tensor(212)},fn {0: tensor(68), 1: tensor(1)},fp {0: tensor(1), 1: tensor(68)}
INFO:root:VALID measures microavg - precision 0.7553 - recall 0.7553 - f1 0.7553 
INFO:root:VALID measures for class 0 - precision 0.5000 - recall 0.0145 - f1 0.0282 
INFO:root:VALID measures for class 1 - precision 0.7571 - recall 0.9953 - f1 0.8600 
INFO:root:VALID measures@10 microavg - precision 0.7273 - recall 0.1702 - f1 0.2759 
INFO:root:VALID measures@10 for class 0 - precision 0.5789 - recall 0.3188 - f1 0.4112 
INFO:root:VALID measures@10 for class 1 - precision 0.9286 - recall 0.1221 - f1 0.2158 
INFO:root:VALID measures@100 microavg - precision 0.3830 - recall 0.3830 - f1 0.3830 
INFO:root:VALID measures@100 for class 0 - precision 0.2727 - recall 0.9130 - f1 0.4200 
INFO:root:VALID measures@100 for class 1 - precision 0.8824 - recall 0.2113 - f1 0.3409 
INFO:root:VALID measures@1000 microavg - precision 0.3830 - recall 0.3830 - f1 0.3830 
INFO:root:VALID measures@1000 for class 0 - precision 0.2727 - recall 0.9130 - f1 0.4200 
INFO:root:VALID measures@1000 for class 1 - precision 0.8824 - recall 0.2113 - f1 0.3409 
INFO:root:VALID Total epoch time: 0.03883123900004648
INFO:root:################ TRAIN epoch 80 ###################
INFO:root:TRAIN mean losses tensor(2.7670)
INFO:root:TRAIN mean errors 0.24751773476600647
INFO:root:TRAIN mean MRR 0.0 - mean MAP 0.8936270475387573
INFO:root:TRAIN tp {0: tensor(8), 1: tensor(1053)},fn {0: tensor(335), 1: tensor(14)},fp {0: tensor(14), 1: tensor(335)}
INFO:root:TRAIN measures microavg - precision 0.7525 - recall 0.7525 - f1 0.7525 
INFO:root:TRAIN measures for class 0 - precision 0.3636 - recall 0.0233 - f1 0.0438 
INFO:root:TRAIN measures for class 1 - precision 0.7586 - recall 0.9869 - f1 0.8578 
INFO:root:TRAIN measures@10 microavg - precision 0.8160 - recall 0.1950 - f1 0.3148 
INFO:root:TRAIN measures@10 for class 0 - precision 0.4487 - recall 0.1020 - f1 0.1663 
INFO:root:TRAIN measures@10 for class 1 - precision 0.9266 - recall 0.2249 - f1 0.3620 
INFO:root:TRAIN measures@100 microavg - precision 0.5610 - recall 0.5610 - f1 0.5610 
INFO:root:TRAIN measures@100 for class 0 - precision 0.2745 - recall 0.4898 - f1 0.3518 
INFO:root:TRAIN measures@100 for class 1 - precision 0.7807 - recall 0.5839 - f1 0.6681 
INFO:root:TRAIN measures@1000 microavg - precision 0.5610 - recall 0.5610 - f1 0.5610 
INFO:root:TRAIN measures@1000 for class 0 - precision 0.2745 - recall 0.4898 - f1 0.3518 
INFO:root:TRAIN measures@1000 for class 1 - precision 0.7807 - recall 0.5839 - f1 0.6681 
INFO:root:TRAIN Total epoch time: 0.3858914770003139
INFO:root:################ VALID epoch 80 ###################
INFO:root:VALID mean losses tensor(1.7232)
INFO:root:VALID mean errors 0.24468085169792175
INFO:root:VALID mean MRR 0.0 - mean MAP 0.9274469614028931
INFO:root:VALID tp {0: tensor(0), 1: tensor(213)},fn {0: tensor(69), 1: tensor(0)},fp {0: tensor(0), 1: tensor(69)}
INFO:root:VALID measures microavg - precision 0.7553 - recall 0.7553 - f1 0.7553 
INFO:root:VALID measures for class 0 - precision 0.0000 - recall 0.0000 - f1 0.0000 
INFO:root:VALID measures for class 1 - precision 0.7553 - recall 1.0000 - f1 0.8606 
INFO:root:VALID measures@10 microavg - precision 0.7273 - recall 0.1702 - f1 0.2759 
INFO:root:VALID measures@10 for class 0 - precision 0.4286 - recall 0.1304 - f1 0.2000 
INFO:root:VALID measures@10 for class 1 - precision 0.8667 - recall 0.1831 - f1 0.3023 
INFO:root:VALID measures@100 microavg - precision 0.4433 - recall 0.4433 - f1 0.4433 
INFO:root:VALID measures@100 for class 0 - precision 0.2471 - recall 0.6232 - f1 0.3539 
INFO:root:VALID measures@100 for class 1 - precision 0.7593 - recall 0.3850 - f1 0.5109 
INFO:root:VALID measures@1000 microavg - precision 0.4433 - recall 0.4433 - f1 0.4433 
INFO:root:VALID measures@1000 for class 0 - precision 0.2471 - recall 0.6232 - f1 0.3539 
INFO:root:VALID measures@1000 for class 1 - precision 0.7593 - recall 0.3850 - f1 0.5109 
INFO:root:VALID Total epoch time: 0.12204625399999713
INFO:root:################ TRAIN epoch 81 ###################
INFO:root:TRAIN mean losses tensor(1.3997)
INFO:root:TRAIN mean errors 0.24397163093090057
INFO:root:TRAIN mean MRR 0.0 - mean MAP 0.9225311279296875
INFO:root:TRAIN tp {0: tensor(0), 1: tensor(1066)},fn {0: tensor(343), 1: tensor(1)},fp {0: tensor(1), 1: tensor(343)}
INFO:root:TRAIN measures microavg - precision 0.7560 - recall 0.7560 - f1 0.7560 
INFO:root:TRAIN measures for class 0 - precision 0.0000 - recall 0.0000 - f1 0.0000 
INFO:root:TRAIN measures for class 1 - precision 0.7566 - recall 0.9991 - f1 0.8611 
INFO:root:TRAIN measures@10 microavg - precision 0.7246 - recall 0.1773 - f1 0.2849 
INFO:root:TRAIN measures@10 for class 0 - precision 0.4860 - recall 0.1516 - f1 0.2311 
INFO:root:TRAIN measures@10 for class 1 - precision 0.8319 - recall 0.1856 - f1 0.3034 
INFO:root:TRAIN measures@100 microavg - precision 0.4340 - recall 0.4340 - f1 0.4340 
INFO:root:TRAIN measures@100 for class 0 - precision 0.2418 - recall 0.6210 - f1 0.3480 
INFO:root:TRAIN measures@100 for class 1 - precision 0.7543 - recall 0.3739 - f1 0.5000 
INFO:root:TRAIN measures@1000 microavg - precision 0.4340 - recall 0.4340 - f1 0.4340 
INFO:root:TRAIN measures@1000 for class 0 - precision 0.2418 - recall 0.6210 - f1 0.3480 
INFO:root:TRAIN measures@1000 for class 1 - precision 0.7543 - recall 0.3739 - f1 0.5000 
INFO:root:TRAIN Total epoch time: 0.49070106099998156
INFO:root:################ VALID epoch 81 ###################
INFO:root:VALID mean losses tensor(1.1113)
INFO:root:VALID mean errors 0.24468085169792175
INFO:root:VALID mean MRR 0.0 - mean MAP 0.9221304059028625
INFO:root:VALID tp {0: tensor(2), 1: tensor(211)},fn {0: tensor(67), 1: tensor(2)},fp {0: tensor(2), 1: tensor(67)}
INFO:root:VALID measures microavg - precision 0.7553 - recall 0.7553 - f1 0.7553 
INFO:root:VALID measures for class 0 - precision 0.5000 - recall 0.0290 - f1 0.0548 
INFO:root:VALID measures for class 1 - precision 0.7590 - recall 0.9906 - f1 0.8595 
INFO:root:VALID measures@10 microavg - precision 0.7313 - recall 0.1738 - f1 0.2808 
INFO:root:VALID measures@10 for class 0 - precision 0.4762 - recall 0.1449 - f1 0.2222 
INFO:root:VALID measures@10 for class 1 - precision 0.8478 - recall 0.1831 - f1 0.3012 
INFO:root:VALID measures@100 microavg - precision 0.4043 - recall 0.4043 - f1 0.4043 
INFO:root:VALID measures@100 for class 0 - precision 0.2654 - recall 0.8116 - f1 0.4000 
INFO:root:VALID measures@100 for class 1 - precision 0.8169 - recall 0.2723 - f1 0.4085 
INFO:root:VALID measures@1000 microavg - precision 0.4043 - recall 0.4043 - f1 0.4043 
INFO:root:VALID measures@1000 for class 0 - precision 0.2654 - recall 0.8116 - f1 0.4000 
INFO:root:VALID measures@1000 for class 1 - precision 0.8169 - recall 0.2723 - f1 0.4085 
INFO:root:VALID Total epoch time: 0.03834378799956539
INFO:root:################ TRAIN epoch 82 ###################
INFO:root:TRAIN mean losses tensor(1.0402)
INFO:root:TRAIN mean errors 0.2432624101638794
INFO:root:TRAIN mean MRR 0.0 - mean MAP 0.9406286478042603
INFO:root:TRAIN tp {0: tensor(2), 1: tensor(1065)},fn {0: tensor(341), 1: tensor(2)},fp {0: tensor(2), 1: tensor(341)}
INFO:root:TRAIN measures microavg - precision 0.7567 - recall 0.7567 - f1 0.7567 
INFO:root:TRAIN measures for class 0 - precision 0.5000 - recall 0.0058 - f1 0.0115 
INFO:root:TRAIN measures for class 1 - precision 0.7575 - recall 0.9981 - f1 0.8613 
INFO:root:TRAIN measures@10 microavg - precision 0.7147 - recall 0.1723 - f1 0.2777 
INFO:root:TRAIN measures@10 for class 0 - precision 0.5259 - recall 0.2070 - f1 0.2971 
INFO:root:TRAIN measures@10 for class 1 - precision 0.8390 - recall 0.1612 - f1 0.2704 
INFO:root:TRAIN measures@100 microavg - precision 0.3780 - recall 0.3780 - f1 0.3780 
INFO:root:TRAIN measures@100 for class 0 - precision 0.2509 - recall 0.7843 - f1 0.3802 
INFO:root:TRAIN measures@100 for class 1 - precision 0.7811 - recall 0.2474 - f1 0.3758 
INFO:root:TRAIN measures@1000 microavg - precision 0.3780 - recall 0.3780 - f1 0.3780 
INFO:root:TRAIN measures@1000 for class 0 - precision 0.2509 - recall 0.7843 - f1 0.3802 
INFO:root:TRAIN measures@1000 for class 1 - precision 0.7811 - recall 0.2474 - f1 0.3758 
INFO:root:TRAIN Total epoch time: 0.37275718199998664
INFO:root:################ VALID epoch 82 ###################
INFO:root:VALID mean losses tensor(0.9941)
INFO:root:VALID mean errors 0.24822695553302765
INFO:root:VALID mean MRR 0.0 - mean MAP 0.9368990659713745
INFO:root:VALID tp {0: tensor(0), 1: tensor(212)},fn {0: tensor(69), 1: tensor(1)},fp {0: tensor(1), 1: tensor(69)}
INFO:root:VALID measures microavg - precision 0.7518 - recall 0.7518 - f1 0.7518 
INFO:root:VALID measures for class 0 - precision 0.0000 - recall 0.0000 - f1 0.0000 
INFO:root:VALID measures for class 1 - precision 0.7544 - recall 0.9953 - f1 0.8583 
INFO:root:VALID measures@10 microavg - precision 0.8310 - recall 0.2092 - f1 0.3343 
INFO:root:VALID measures@10 for class 0 - precision 0.6316 - recall 0.1739 - f1 0.2727 
INFO:root:VALID measures@10 for class 1 - precision 0.9038 - recall 0.2207 - f1 0.3547 
INFO:root:VALID measures@100 microavg - precision 0.4397 - recall 0.4397 - f1 0.4397 
INFO:root:VALID measures@100 for class 0 - precision 0.2871 - recall 0.8696 - f1 0.4317 
INFO:root:VALID measures@100 for class 1 - precision 0.8767 - recall 0.3005 - f1 0.4476 
INFO:root:VALID measures@1000 microavg - precision 0.4397 - recall 0.4397 - f1 0.4397 
INFO:root:VALID measures@1000 for class 0 - precision 0.2871 - recall 0.8696 - f1 0.4317 
INFO:root:VALID measures@1000 for class 1 - precision 0.8767 - recall 0.3005 - f1 0.4476 
INFO:root:VALID Total epoch time: 0.039051595000273664
INFO:root:################ TRAIN epoch 83 ###################
INFO:root:TRAIN mean losses tensor(1.7281)
INFO:root:TRAIN mean errors 0.24397163093090057
INFO:root:TRAIN mean MRR 0.0 - mean MAP 0.9418468475341797
INFO:root:TRAIN tp {0: tensor(2), 1: tensor(1064)},fn {0: tensor(341), 1: tensor(3)},fp {0: tensor(3), 1: tensor(341)}
INFO:root:TRAIN measures microavg - precision 0.7560 - recall 0.7560 - f1 0.7560 
INFO:root:TRAIN measures for class 0 - precision 0.4000 - recall 0.0058 - f1 0.0115 
INFO:root:TRAIN measures for class 1 - precision 0.7573 - recall 0.9972 - f1 0.8608 
INFO:root:TRAIN measures@10 microavg - precision 0.7937 - recall 0.1965 - f1 0.3150 
INFO:root:TRAIN measures@10 for class 0 - precision 0.4742 - recall 0.1341 - f1 0.2091 
INFO:root:TRAIN measures@10 for class 1 - precision 0.9167 - recall 0.2165 - f1 0.3503 
INFO:root:TRAIN measures@100 microavg - precision 0.4929 - recall 0.4929 - f1 0.4929 
INFO:root:TRAIN measures@100 for class 0 - precision 0.2743 - recall 0.6589 - f1 0.3873 
INFO:root:TRAIN measures@100 for class 1 - precision 0.8003 - recall 0.4396 - f1 0.5675 
INFO:root:TRAIN measures@1000 microavg - precision 0.4929 - recall 0.4929 - f1 0.4929 
INFO:root:TRAIN measures@1000 for class 0 - precision 0.2743 - recall 0.6589 - f1 0.3873 
INFO:root:TRAIN measures@1000 for class 1 - precision 0.8003 - recall 0.4396 - f1 0.5675 
INFO:root:TRAIN Total epoch time: 0.37369613600003504
INFO:root:################ VALID epoch 83 ###################
INFO:root:VALID mean losses tensor(1.0884)
INFO:root:VALID mean errors 0.24822695553302765
INFO:root:VALID mean MRR 0.0 - mean MAP 0.9307136535644531
INFO:root:VALID tp {0: tensor(0), 1: tensor(212)},fn {0: tensor(69), 1: tensor(1)},fp {0: tensor(1), 1: tensor(69)}
INFO:root:VALID measures microavg - precision 0.7518 - recall 0.7518 - f1 0.7518 
INFO:root:VALID measures for class 0 - precision 0.0000 - recall 0.0000 - f1 0.0000 
INFO:root:VALID measures for class 1 - precision 0.7544 - recall 0.9953 - f1 0.8583 
INFO:root:VALID measures@10 microavg - precision 0.6286 - recall 0.1560 - f1 0.2500 
INFO:root:VALID measures@10 for class 0 - precision 0.4615 - recall 0.2609 - f1 0.3333 
INFO:root:VALID measures@10 for class 1 - precision 0.8387 - recall 0.1221 - f1 0.2131 
INFO:root:VALID measures@100 microavg - precision 0.3191 - recall 0.3191 - f1 0.3191 
INFO:root:VALID measures@100 for class 0 - precision 0.2550 - recall 0.9275 - f1 0.4000 
INFO:root:VALID measures@100 for class 1 - precision 0.8387 - recall 0.1221 - f1 0.2131 
INFO:root:VALID measures@1000 microavg - precision 0.3191 - recall 0.3191 - f1 0.3191 
INFO:root:VALID measures@1000 for class 0 - precision 0.2550 - recall 0.9275 - f1 0.4000 
INFO:root:VALID measures@1000 for class 1 - precision 0.8387 - recall 0.1221 - f1 0.2131 
INFO:root:VALID Total epoch time: 0.03888865799990526
INFO:root:################ TRAIN epoch 84 ###################
INFO:root:TRAIN mean losses tensor(1.3725)
INFO:root:TRAIN mean errors 0.24397163093090057
INFO:root:TRAIN mean MRR 0.0 - mean MAP 0.9318055510520935
INFO:root:TRAIN tp {0: tensor(3), 1: tensor(1063)},fn {0: tensor(340), 1: tensor(4)},fp {0: tensor(4), 1: tensor(340)}
INFO:root:TRAIN measures microavg - precision 0.7560 - recall 0.7560 - f1 0.7560 
INFO:root:TRAIN measures for class 0 - precision 0.4286 - recall 0.0087 - f1 0.0171 
INFO:root:TRAIN measures for class 1 - precision 0.7577 - recall 0.9963 - f1 0.8607 
INFO:root:TRAIN measures@10 microavg - precision 0.6870 - recall 0.1681 - f1 0.2701 
INFO:root:TRAIN measures@10 for class 0 - precision 0.5034 - recall 0.2187 - f1 0.3049 
INFO:root:TRAIN measures@10 for class 1 - precision 0.8265 - recall 0.1518 - f1 0.2565 
INFO:root:TRAIN measures@100 microavg - precision 0.3915 - recall 0.3915 - f1 0.3915 
INFO:root:TRAIN measures@100 for class 0 - precision 0.2541 - recall 0.7755 - f1 0.3827 
INFO:root:TRAIN measures@100 for class 1 - precision 0.7879 - recall 0.2680 - f1 0.4000 
INFO:root:TRAIN measures@1000 microavg - precision 0.3915 - recall 0.3915 - f1 0.3915 
INFO:root:TRAIN measures@1000 for class 0 - precision 0.2541 - recall 0.7755 - f1 0.3827 
INFO:root:TRAIN measures@1000 for class 1 - precision 0.7879 - recall 0.2680 - f1 0.4000 
INFO:root:TRAIN Total epoch time: 0.3719688380001571
INFO:root:################ VALID epoch 84 ###################
INFO:root:VALID mean losses tensor(1.2851)
INFO:root:VALID mean errors 0.24468085169792175
INFO:root:VALID mean MRR 0.0 - mean MAP 0.9345391392707825
INFO:root:VALID tp {0: tensor(0), 1: tensor(213)},fn {0: tensor(69), 1: tensor(0)},fp {0: tensor(0), 1: tensor(69)}
INFO:root:VALID measures microavg - precision 0.7553 - recall 0.7553 - f1 0.7553 
INFO:root:VALID measures for class 0 - precision 0.0000 - recall 0.0000 - f1 0.0000 
INFO:root:VALID measures for class 1 - precision 0.7553 - recall 1.0000 - f1 0.8606 
INFO:root:VALID measures@10 microavg - precision 0.7222 - recall 0.1844 - f1 0.2938 
INFO:root:VALID measures@10 for class 0 - precision 0.4118 - recall 0.1014 - f1 0.1628 
INFO:root:VALID measures@10 for class 1 - precision 0.8182 - recall 0.2113 - f1 0.3358 
INFO:root:VALID measures@100 microavg - precision 0.4681 - recall 0.4681 - f1 0.4681 
INFO:root:VALID measures@100 for class 0 - precision 0.2515 - recall 0.5942 - f1 0.3534 
INFO:root:VALID measures@100 for class 1 - precision 0.7647 - recall 0.4272 - f1 0.5482 
INFO:root:VALID measures@1000 microavg - precision 0.4681 - recall 0.4681 - f1 0.4681 
INFO:root:VALID measures@1000 for class 0 - precision 0.2515 - recall 0.5942 - f1 0.3534 
INFO:root:VALID measures@1000 for class 1 - precision 0.7647 - recall 0.4272 - f1 0.5482 
INFO:root:VALID Total epoch time: 0.03830609300030119
INFO:root:################ TRAIN epoch 85 ###################
INFO:root:TRAIN mean losses tensor(2.2075)
INFO:root:TRAIN mean errors 0.24751773476600647
INFO:root:TRAIN mean MRR 0.0 - mean MAP 0.9148986339569092
INFO:root:TRAIN tp {0: tensor(5), 1: tensor(1056)},fn {0: tensor(338), 1: tensor(11)},fp {0: tensor(11), 1: tensor(338)}
INFO:root:TRAIN measures microavg - precision 0.7525 - recall 0.7525 - f1 0.7525 
INFO:root:TRAIN measures for class 0 - precision 0.3125 - recall 0.0146 - f1 0.0279 
INFO:root:TRAIN measures for class 1 - precision 0.7575 - recall 0.9897 - f1 0.8582 
INFO:root:TRAIN measures@10 microavg - precision 0.8099 - recall 0.1965 - f1 0.3162 
INFO:root:TRAIN measures@10 for class 0 - precision 0.5176 - recall 0.1283 - f1 0.2056 
INFO:root:TRAIN measures@10 for class 1 - precision 0.9066 - recall 0.2184 - f1 0.3520 
INFO:root:TRAIN measures@100 microavg - precision 0.5348 - recall 0.5348 - f1 0.5348 
INFO:root:TRAIN measures@100 for class 0 - precision 0.2632 - recall 0.5073 - f1 0.3466 
INFO:root:TRAIN measures@100 for class 1 - precision 0.7744 - recall 0.5436 - f1 0.6388 
INFO:root:TRAIN measures@1000 microavg - precision 0.5348 - recall 0.5348 - f1 0.5348 
INFO:root:TRAIN measures@1000 for class 0 - precision 0.2632 - recall 0.5073 - f1 0.3466 
INFO:root:TRAIN measures@1000 for class 1 - precision 0.7744 - recall 0.5436 - f1 0.6388 
INFO:root:TRAIN Total epoch time: 0.36764164300029734
INFO:root:################ VALID epoch 85 ###################
INFO:root:VALID mean losses tensor(2.9405)
INFO:root:VALID mean errors 0.24468085169792175
INFO:root:VALID mean MRR 0.0 - mean MAP 0.9199885129928589
INFO:root:VALID tp {0: tensor(0), 1: tensor(213)},fn {0: tensor(69), 1: tensor(0)},fp {0: tensor(0), 1: tensor(69)}
INFO:root:VALID measures microavg - precision 0.7553 - recall 0.7553 - f1 0.7553 
INFO:root:VALID measures for class 0 - precision 0.0000 - recall 0.0000 - f1 0.0000 
INFO:root:VALID measures for class 1 - precision 0.7553 - recall 1.0000 - f1 0.8606 
INFO:root:VALID measures@10 microavg - precision 0.9385 - recall 0.2163 - f1 0.3516 
INFO:root:VALID measures@10 for class 0 - precision 0.6000 - recall 0.0435 - f1 0.0811 
INFO:root:VALID measures@10 for class 1 - precision 0.9667 - recall 0.2723 - f1 0.4249 
INFO:root:VALID measures@100 microavg - precision 0.7234 - recall 0.7234 - f1 0.7234 
INFO:root:VALID measures@100 for class 0 - precision 0.4000 - recall 0.2609 - f1 0.3158 
INFO:root:VALID measures@100 for class 1 - precision 0.7848 - recall 0.8732 - f1 0.8267 
INFO:root:VALID measures@1000 microavg - precision 0.7234 - recall 0.7234 - f1 0.7234 
INFO:root:VALID measures@1000 for class 0 - precision 0.4000 - recall 0.2609 - f1 0.3158 
INFO:root:VALID measures@1000 for class 1 - precision 0.7848 - recall 0.8732 - f1 0.8267 
INFO:root:VALID Total epoch time: 0.038854213999911735
INFO:root:################ TRAIN epoch 86 ###################
INFO:root:TRAIN mean losses tensor(2.1409)
INFO:root:TRAIN mean errors 0.2460992932319641
INFO:root:TRAIN mean MRR 0.0 - mean MAP 0.9215340614318848
INFO:root:TRAIN tp {0: tensor(10), 1: tensor(1053)},fn {0: tensor(333), 1: tensor(14)},fp {0: tensor(14), 1: tensor(333)}
INFO:root:TRAIN measures microavg - precision 0.7539 - recall 0.7539 - f1 0.7539 
INFO:root:TRAIN measures for class 0 - precision 0.4167 - recall 0.0292 - f1 0.0545 
INFO:root:TRAIN measures for class 1 - precision 0.7597 - recall 0.9869 - f1 0.8585 
INFO:root:TRAIN measures@10 microavg - precision 0.8097 - recall 0.2021 - f1 0.3235 
INFO:root:TRAIN measures@10 for class 0 - precision 0.6216 - recall 0.1341 - f1 0.2206 
INFO:root:TRAIN measures@10 for class 1 - precision 0.8597 - recall 0.2240 - f1 0.3554 
INFO:root:TRAIN measures@100 microavg - precision 0.5660 - recall 0.5660 - f1 0.5660 
INFO:root:TRAIN measures@100 for class 0 - precision 0.2611 - recall 0.4286 - f1 0.3245 
INFO:root:TRAIN measures@100 for class 1 - precision 0.7686 - recall 0.6101 - f1 0.6803 
INFO:root:TRAIN measures@1000 microavg - precision 0.5660 - recall 0.5660 - f1 0.5660 
INFO:root:TRAIN measures@1000 for class 0 - precision 0.2611 - recall 0.4286 - f1 0.3245 
INFO:root:TRAIN measures@1000 for class 1 - precision 0.7686 - recall 0.6101 - f1 0.6803 
INFO:root:TRAIN Total epoch time: 0.3691873359998681
INFO:root:################ VALID epoch 86 ###################
INFO:root:VALID mean losses tensor(1.9709)
INFO:root:VALID mean errors 0.24468085169792175
INFO:root:VALID mean MRR 0.0 - mean MAP 0.9399542808532715
INFO:root:VALID tp {0: tensor(0), 1: tensor(213)},fn {0: tensor(69), 1: tensor(0)},fp {0: tensor(0), 1: tensor(69)}
INFO:root:VALID measures microavg - precision 0.7553 - recall 0.7553 - f1 0.7553 
INFO:root:VALID measures for class 0 - precision 0.0000 - recall 0.0000 - f1 0.0000 
INFO:root:VALID measures for class 1 - precision 0.7553 - recall 1.0000 - f1 0.8606 
INFO:root:VALID measures@10 microavg - precision 0.8261 - recall 0.2021 - f1 0.3248 
INFO:root:VALID measures@10 for class 0 - precision 0.3333 - recall 0.0435 - f1 0.0769 
INFO:root:VALID measures@10 for class 1 - precision 0.9000 - recall 0.2535 - f1 0.3956 
INFO:root:VALID measures@100 microavg - precision 0.6028 - recall 0.6028 - f1 0.6028 
INFO:root:VALID measures@100 for class 0 - precision 0.2410 - recall 0.2899 - f1 0.2632 
INFO:root:VALID measures@100 for class 1 - precision 0.7538 - recall 0.7042 - f1 0.7282 
INFO:root:VALID measures@1000 microavg - precision 0.6028 - recall 0.6028 - f1 0.6028 
INFO:root:VALID measures@1000 for class 0 - precision 0.2410 - recall 0.2899 - f1 0.2632 
INFO:root:VALID measures@1000 for class 1 - precision 0.7538 - recall 0.7042 - f1 0.7282 
INFO:root:VALID Total epoch time: 0.04009073099996385
INFO:root:################ TRAIN epoch 87 ###################
INFO:root:TRAIN mean losses tensor(1.4509)
INFO:root:TRAIN mean errors 0.2460992932319641
INFO:root:TRAIN mean MRR 0.0 - mean MAP 0.931089460849762
INFO:root:TRAIN tp {0: tensor(2), 1: tensor(1061)},fn {0: tensor(341), 1: tensor(6)},fp {0: tensor(6), 1: tensor(341)}
INFO:root:TRAIN measures microavg - precision 0.7539 - recall 0.7539 - f1 0.7539 
INFO:root:TRAIN measures for class 0 - precision 0.2500 - recall 0.0058 - f1 0.0114 
INFO:root:TRAIN measures for class 1 - precision 0.7568 - recall 0.9944 - f1 0.8595 
INFO:root:TRAIN measures@10 microavg - precision 0.7410 - recall 0.1908 - f1 0.3034 
INFO:root:TRAIN measures@10 for class 0 - precision 0.4476 - recall 0.1370 - f1 0.2098 
INFO:root:TRAIN measures@10 for class 1 - precision 0.8605 - recall 0.2081 - f1 0.3351 
INFO:root:TRAIN measures@100 microavg - precision 0.4454 - recall 0.4454 - f1 0.4454 
INFO:root:TRAIN measures@100 for class 0 - precision 0.2569 - recall 0.6764 - f1 0.3724 
INFO:root:TRAIN measures@100 for class 1 - precision 0.7811 - recall 0.3711 - f1 0.5032 
INFO:root:TRAIN measures@1000 microavg - precision 0.4454 - recall 0.4454 - f1 0.4454 
INFO:root:TRAIN measures@1000 for class 0 - precision 0.2569 - recall 0.6764 - f1 0.3724 
INFO:root:TRAIN measures@1000 for class 1 - precision 0.7811 - recall 0.3711 - f1 0.5032 
INFO:root:TRAIN Total epoch time: 0.40211385099973995
INFO:root:################ VALID epoch 87 ###################
INFO:root:VALID mean losses tensor(1.1057)
INFO:root:VALID mean errors 0.24468085169792175
INFO:root:VALID mean MRR 0.0 - mean MAP 0.941015362739563
INFO:root:VALID tp {0: tensor(0), 1: tensor(213)},fn {0: tensor(69), 1: tensor(0)},fp {0: tensor(0), 1: tensor(69)}
INFO:root:VALID measures microavg - precision 0.7553 - recall 0.7553 - f1 0.7553 
INFO:root:VALID measures for class 0 - precision 0.0000 - recall 0.0000 - f1 0.0000 
INFO:root:VALID measures for class 1 - precision 0.7553 - recall 1.0000 - f1 0.8606 
INFO:root:VALID measures@10 microavg - precision 0.7714 - recall 0.1915 - f1 0.3068 
INFO:root:VALID measures@10 for class 0 - precision 0.6087 - recall 0.2029 - f1 0.3043 
INFO:root:VALID measures@10 for class 1 - precision 0.8511 - recall 0.1878 - f1 0.3077 
INFO:root:VALID measures@100 microavg - precision 0.4539 - recall 0.4539 - f1 0.4539 
INFO:root:VALID measures@100 for class 0 - precision 0.2775 - recall 0.7681 - f1 0.4077 
INFO:root:VALID measures@100 for class 1 - precision 0.8242 - recall 0.3521 - f1 0.4934 
INFO:root:VALID measures@1000 microavg - precision 0.4539 - recall 0.4539 - f1 0.4539 
INFO:root:VALID measures@1000 for class 0 - precision 0.2775 - recall 0.7681 - f1 0.4077 
INFO:root:VALID measures@1000 for class 1 - precision 0.8242 - recall 0.3521 - f1 0.4934 
INFO:root:VALID Total epoch time: 0.04293404600002759
INFO:root:################ TRAIN epoch 88 ###################
INFO:root:TRAIN mean losses tensor(1.0419)
INFO:root:TRAIN mean errors 0.24255318939685822
INFO:root:TRAIN mean MRR 0.0 - mean MAP 0.9418380856513977
INFO:root:TRAIN tp {0: tensor(1), 1: tensor(1067)},fn {0: tensor(342), 1: tensor(0)},fp {0: tensor(0), 1: tensor(342)}
INFO:root:TRAIN measures microavg - precision 0.7574 - recall 0.7574 - f1 0.7574 
INFO:root:TRAIN measures for class 0 - precision 1.0000 - recall 0.0029 - f1 0.0058 
INFO:root:TRAIN measures for class 1 - precision 0.7573 - recall 1.0000 - f1 0.8619 
INFO:root:TRAIN measures@10 microavg - precision 0.7346 - recall 0.1865 - f1 0.2975 
INFO:root:TRAIN measures@10 for class 0 - precision 0.5517 - recall 0.1866 - f1 0.2789 
INFO:root:TRAIN measures@10 for class 1 - precision 0.8223 - recall 0.1865 - f1 0.3040 
INFO:root:TRAIN measures@100 microavg - precision 0.3965 - recall 0.3965 - f1 0.3965 
INFO:root:TRAIN measures@100 for class 0 - precision 0.2534 - recall 0.7609 - f1 0.3802 
INFO:root:TRAIN measures@100 for class 1 - precision 0.7842 - recall 0.2793 - f1 0.4119 
INFO:root:TRAIN measures@1000 microavg - precision 0.3965 - recall 0.3965 - f1 0.3965 
INFO:root:TRAIN measures@1000 for class 0 - precision 0.2534 - recall 0.7609 - f1 0.3802 
INFO:root:TRAIN measures@1000 for class 1 - precision 0.7842 - recall 0.2793 - f1 0.4119 
INFO:root:TRAIN Total epoch time: 0.5109824179999123
INFO:root:################ VALID epoch 88 ###################
INFO:root:VALID mean losses tensor(1.0150)
INFO:root:VALID mean errors 0.24113474786281586
INFO:root:VALID mean MRR 0.0 - mean MAP 0.9431538581848145
INFO:root:VALID tp {0: tensor(1), 1: tensor(213)},fn {0: tensor(68), 1: tensor(0)},fp {0: tensor(0), 1: tensor(68)}
INFO:root:VALID measures microavg - precision 0.7589 - recall 0.7589 - f1 0.7589 
INFO:root:VALID measures for class 0 - precision 1.0000 - recall 0.0145 - f1 0.0286 
INFO:root:VALID measures for class 1 - precision 0.7580 - recall 1.0000 - f1 0.8623 
INFO:root:VALID measures@10 microavg - precision 0.7368 - recall 0.1986 - f1 0.3128 
INFO:root:VALID measures@10 for class 0 - precision 0.4688 - recall 0.2174 - f1 0.2970 
INFO:root:VALID measures@10 for class 1 - precision 0.9318 - recall 0.1925 - f1 0.3191 
INFO:root:VALID measures@100 microavg - precision 0.4007 - recall 0.4007 - f1 0.4007 
INFO:root:VALID measures@100 for class 0 - precision 0.2685 - recall 0.8406 - f1 0.4070 
INFO:root:VALID measures@100 for class 1 - precision 0.8333 - recall 0.2582 - f1 0.3943 
INFO:root:VALID measures@1000 microavg - precision 0.4007 - recall 0.4007 - f1 0.4007 
INFO:root:VALID measures@1000 for class 0 - precision 0.2685 - recall 0.8406 - f1 0.4070 
INFO:root:VALID measures@1000 for class 1 - precision 0.8333 - recall 0.2582 - f1 0.3943 
INFO:root:VALID Total epoch time: 0.03898734699987472
INFO:root:################ TRAIN epoch 89 ###################
INFO:root:TRAIN mean losses tensor(0.9850)
INFO:root:TRAIN mean errors 0.2432624101638794
INFO:root:TRAIN mean MRR 0.0 - mean MAP 0.9420862793922424
INFO:root:TRAIN tp {0: tensor(0), 1: tensor(1067)},fn {0: tensor(343), 1: tensor(0)},fp {0: tensor(0), 1: tensor(343)}
INFO:root:TRAIN measures microavg - precision 0.7567 - recall 0.7567 - f1 0.7567 
INFO:root:TRAIN measures for class 0 - precision 0.0000 - recall 0.0000 - f1 0.0000 
INFO:root:TRAIN measures for class 1 - precision 0.7567 - recall 1.0000 - f1 0.8615 
INFO:root:TRAIN measures@10 microavg - precision 0.7175 - recall 0.1801 - f1 0.2880 
INFO:root:TRAIN measures@10 for class 0 - precision 0.5037 - recall 0.1983 - f1 0.2845 
INFO:root:TRAIN measures@10 for class 1 - precision 0.8493 - recall 0.1743 - f1 0.2893 
INFO:root:TRAIN measures@100 microavg - precision 0.3929 - recall 0.3929 - f1 0.3929 
INFO:root:TRAIN measures@100 for class 0 - precision 0.2605 - recall 0.8134 - f1 0.3946 
INFO:root:TRAIN measures@100 for class 1 - precision 0.8112 - recall 0.2577 - f1 0.3912 
INFO:root:TRAIN measures@1000 microavg - precision 0.3929 - recall 0.3929 - f1 0.3929 
INFO:root:TRAIN measures@1000 for class 0 - precision 0.2605 - recall 0.8134 - f1 0.3946 
INFO:root:TRAIN measures@1000 for class 1 - precision 0.8112 - recall 0.2577 - f1 0.3912 
INFO:root:TRAIN Total epoch time: 0.3735202920001939
INFO:root:################ VALID epoch 89 ###################
INFO:root:VALID mean losses tensor(1.1087)
INFO:root:VALID mean errors 0.24468085169792175
INFO:root:VALID mean MRR 0.0 - mean MAP 0.945165753364563
INFO:root:VALID tp {0: tensor(0), 1: tensor(213)},fn {0: tensor(69), 1: tensor(0)},fp {0: tensor(0), 1: tensor(69)}
INFO:root:VALID measures microavg - precision 0.7553 - recall 0.7553 - f1 0.7553 
INFO:root:VALID measures for class 0 - precision 0.0000 - recall 0.0000 - f1 0.0000 
INFO:root:VALID measures for class 1 - precision 0.7553 - recall 1.0000 - f1 0.8606 
INFO:root:VALID measures@10 microavg - precision 0.8088 - recall 0.1950 - f1 0.3143 
INFO:root:VALID measures@10 for class 0 - precision 0.4615 - recall 0.0870 - f1 0.1463 
INFO:root:VALID measures@10 for class 1 - precision 0.8909 - recall 0.2300 - f1 0.3657 
INFO:root:VALID measures@100 microavg - precision 0.5177 - recall 0.5177 - f1 0.5177 
INFO:root:VALID measures@100 for class 0 - precision 0.2721 - recall 0.5797 - f1 0.3704 
INFO:root:VALID measures@100 for class 1 - precision 0.7852 - recall 0.4977 - f1 0.6092 
INFO:root:VALID measures@1000 microavg - precision 0.5177 - recall 0.5177 - f1 0.5177 
INFO:root:VALID measures@1000 for class 0 - precision 0.2721 - recall 0.5797 - f1 0.3704 
INFO:root:VALID measures@1000 for class 1 - precision 0.7852 - recall 0.4977 - f1 0.6092 
INFO:root:VALID Total epoch time: 0.03812582799992015
INFO:root:################ TRAIN epoch 90 ###################
INFO:root:TRAIN mean losses tensor(0.9755)
INFO:root:TRAIN mean errors 0.2432624101638794
INFO:root:TRAIN mean MRR 0.0 - mean MAP 0.9468541145324707
INFO:root:TRAIN tp {0: tensor(0), 1: tensor(1067)},fn {0: tensor(343), 1: tensor(0)},fp {0: tensor(0), 1: tensor(343)}
INFO:root:TRAIN measures microavg - precision 0.7567 - recall 0.7567 - f1 0.7567 
INFO:root:TRAIN measures for class 0 - precision 0.0000 - recall 0.0000 - f1 0.0000 
INFO:root:TRAIN measures for class 1 - precision 0.7567 - recall 1.0000 - f1 0.8615 
INFO:root:TRAIN measures@10 microavg - precision 0.7202 - recall 0.1844 - f1 0.2936 
INFO:root:TRAIN measures@10 for class 0 - precision 0.5359 - recall 0.2391 - f1 0.3306 
INFO:root:TRAIN measures@10 for class 1 - precision 0.8558 - recall 0.1668 - f1 0.2792 
INFO:root:TRAIN measures@100 microavg - precision 0.3624 - recall 0.3624 - f1 0.3624 
INFO:root:TRAIN measures@100 for class 0 - precision 0.2566 - recall 0.8542 - f1 0.3946 
INFO:root:TRAIN measures@100 for class 1 - precision 0.8134 - recall 0.2043 - f1 0.3266 
INFO:root:TRAIN measures@1000 microavg - precision 0.3624 - recall 0.3624 - f1 0.3624 
INFO:root:TRAIN measures@1000 for class 0 - precision 0.2566 - recall 0.8542 - f1 0.3946 
INFO:root:TRAIN measures@1000 for class 1 - precision 0.8134 - recall 0.2043 - f1 0.3266 
INFO:root:TRAIN Total epoch time: 0.40436039900032483
INFO:root:################ VALID epoch 90 ###################
INFO:root:VALID mean losses tensor(0.9641)
INFO:root:VALID mean errors 0.24468085169792175
INFO:root:VALID mean MRR 0.0 - mean MAP 0.9367512464523315
INFO:root:VALID tp {0: tensor(0), 1: tensor(213)},fn {0: tensor(69), 1: tensor(0)},fp {0: tensor(0), 1: tensor(69)}
INFO:root:VALID measures microavg - precision 0.7553 - recall 0.7553 - f1 0.7553 
INFO:root:VALID measures for class 0 - precision 0.0000 - recall 0.0000 - f1 0.0000 
INFO:root:VALID measures for class 1 - precision 0.7553 - recall 1.0000 - f1 0.8606 
INFO:root:VALID measures@10 microavg - precision 0.6029 - recall 0.1454 - f1 0.2343 
INFO:root:VALID measures@10 for class 0 - precision 0.5000 - recall 0.2029 - f1 0.2887 
INFO:root:VALID measures@10 for class 1 - precision 0.6750 - recall 0.1268 - f1 0.2134 
INFO:root:VALID measures@100 microavg - precision 0.3156 - recall 0.3156 - f1 0.3156 
INFO:root:VALID measures@100 for class 0 - precision 0.2350 - recall 0.7971 - f1 0.3630 
INFO:root:VALID measures@100 for class 1 - precision 0.7083 - recall 0.1596 - f1 0.2605 
INFO:root:VALID measures@1000 microavg - precision 0.3156 - recall 0.3156 - f1 0.3156 
INFO:root:VALID measures@1000 for class 0 - precision 0.2350 - recall 0.7971 - f1 0.3630 
INFO:root:VALID measures@1000 for class 1 - precision 0.7083 - recall 0.1596 - f1 0.2605 
INFO:root:VALID Total epoch time: 0.04139205999990736
INFO:root:################ TRAIN epoch 91 ###################
INFO:root:TRAIN mean losses tensor(0.9523)
INFO:root:TRAIN mean errors 0.24397163093090057
INFO:root:TRAIN mean MRR 0.0 - mean MAP 0.9465944766998291
INFO:root:TRAIN tp {0: tensor(0), 1: tensor(1066)},fn {0: tensor(343), 1: tensor(1)},fp {0: tensor(1), 1: tensor(343)}
INFO:root:TRAIN measures microavg - precision 0.7560 - recall 0.7560 - f1 0.7560 
INFO:root:TRAIN measures for class 0 - precision 0.0000 - recall 0.0000 - f1 0.0000 
INFO:root:TRAIN measures for class 1 - precision 0.7566 - recall 0.9991 - f1 0.8611 
INFO:root:TRAIN measures@10 microavg - precision 0.7066 - recall 0.1759 - f1 0.2817 
INFO:root:TRAIN measures@10 for class 0 - precision 0.5449 - recall 0.2653 - f1 0.3569 
INFO:root:TRAIN measures@10 for class 1 - precision 0.8533 - recall 0.1471 - f1 0.2510 
INFO:root:TRAIN measures@100 microavg - precision 0.3638 - recall 0.3638 - f1 0.3638 
INFO:root:TRAIN measures@100 for class 0 - precision 0.2574 - recall 0.8571 - f1 0.3960 
INFO:root:TRAIN measures@100 for class 1 - precision 0.8172 - recall 0.2052 - f1 0.3281 
INFO:root:TRAIN measures@1000 microavg - precision 0.3638 - recall 0.3638 - f1 0.3638 
INFO:root:TRAIN measures@1000 for class 0 - precision 0.2574 - recall 0.8571 - f1 0.3960 
INFO:root:TRAIN measures@1000 for class 1 - precision 0.8172 - recall 0.2052 - f1 0.3281 
INFO:root:TRAIN Total epoch time: 0.4021463340000082
INFO:root:################ VALID epoch 91 ###################
INFO:root:VALID mean losses tensor(0.9548)
INFO:root:VALID mean errors 0.24468085169792175
INFO:root:VALID mean MRR 0.0 - mean MAP 0.9383969306945801
INFO:root:VALID tp {0: tensor(0), 1: tensor(213)},fn {0: tensor(69), 1: tensor(0)},fp {0: tensor(0), 1: tensor(69)}
INFO:root:VALID measures microavg - precision 0.7553 - recall 0.7553 - f1 0.7553 
INFO:root:VALID measures for class 0 - precision 0.0000 - recall 0.0000 - f1 0.0000 
INFO:root:VALID measures for class 1 - precision 0.7553 - recall 1.0000 - f1 0.8606 
INFO:root:VALID measures@10 microavg - precision 0.6389 - recall 0.1631 - f1 0.2599 
INFO:root:VALID measures@10 for class 0 - precision 0.5000 - recall 0.1884 - f1 0.2737 
INFO:root:VALID measures@10 for class 1 - precision 0.7174 - recall 0.1549 - f1 0.2548 
INFO:root:VALID measures@100 microavg - precision 0.3191 - recall 0.3191 - f1 0.3191 
INFO:root:VALID measures@100 for class 0 - precision 0.2361 - recall 0.7971 - f1 0.3642 
INFO:root:VALID measures@100 for class 1 - precision 0.7143 - recall 0.1643 - f1 0.2672 
INFO:root:VALID measures@1000 microavg - precision 0.3191 - recall 0.3191 - f1 0.3191 
INFO:root:VALID measures@1000 for class 0 - precision 0.2361 - recall 0.7971 - f1 0.3642 
INFO:root:VALID measures@1000 for class 1 - precision 0.7143 - recall 0.1643 - f1 0.2672 
INFO:root:VALID Total epoch time: 0.04214165800021874
INFO:root:################ TRAIN epoch 92 ###################
INFO:root:TRAIN mean losses tensor(0.9725)
INFO:root:TRAIN mean errors 0.24255318939685822
INFO:root:TRAIN mean MRR 0.0 - mean MAP 0.9482941031455994
INFO:root:TRAIN tp {0: tensor(1), 1: tensor(1067)},fn {0: tensor(342), 1: tensor(0)},fp {0: tensor(0), 1: tensor(342)}
INFO:root:TRAIN measures microavg - precision 0.7574 - recall 0.7574 - f1 0.7574 
INFO:root:TRAIN measures for class 0 - precision 1.0000 - recall 0.0029 - f1 0.0058 
INFO:root:TRAIN measures for class 1 - precision 0.7573 - recall 1.0000 - f1 0.8619 
INFO:root:TRAIN measures@10 microavg - precision 0.7106 - recall 0.1759 - f1 0.2820 
INFO:root:TRAIN measures@10 for class 0 - precision 0.5290 - recall 0.2391 - f1 0.3293 
INFO:root:TRAIN measures@10 for class 1 - precision 0.8557 - recall 0.1556 - f1 0.2633 
INFO:root:TRAIN measures@100 microavg - precision 0.3823 - recall 0.3823 - f1 0.3823 
INFO:root:TRAIN measures@100 for class 0 - precision 0.2591 - recall 0.8280 - f1 0.3947 
INFO:root:TRAIN measures@100 for class 1 - precision 0.8121 - recall 0.2390 - f1 0.3693 
INFO:root:TRAIN measures@1000 microavg - precision 0.3823 - recall 0.3823 - f1 0.3823 
INFO:root:TRAIN measures@1000 for class 0 - precision 0.2591 - recall 0.8280 - f1 0.3947 
INFO:root:TRAIN measures@1000 for class 1 - precision 0.8121 - recall 0.2390 - f1 0.3693 
INFO:root:TRAIN Total epoch time: 0.40729929700000866
INFO:root:################ VALID epoch 92 ###################
INFO:root:VALID mean losses tensor(1.0027)
INFO:root:VALID mean errors 0.24822695553302765
INFO:root:VALID mean MRR 0.0 - mean MAP 0.933043360710144
INFO:root:VALID tp {0: tensor(0), 1: tensor(212)},fn {0: tensor(69), 1: tensor(1)},fp {0: tensor(1), 1: tensor(69)}
INFO:root:VALID measures microavg - precision 0.7518 - recall 0.7518 - f1 0.7518 
INFO:root:VALID measures for class 0 - precision 0.0000 - recall 0.0000 - f1 0.0000 
INFO:root:VALID measures for class 1 - precision 0.7544 - recall 0.9953 - f1 0.8583 
INFO:root:VALID measures@10 microavg - precision 0.5873 - recall 0.1312 - f1 0.2145 
INFO:root:VALID measures@10 for class 0 - precision 0.4839 - recall 0.2174 - f1 0.3000 
INFO:root:VALID measures@10 for class 1 - precision 0.6875 - recall 0.1033 - f1 0.1796 
INFO:root:VALID measures@100 microavg - precision 0.3014 - recall 0.3014 - f1 0.3014 
INFO:root:VALID measures@100 for class 0 - precision 0.2288 - recall 0.7826 - f1 0.3541 
INFO:root:VALID measures@100 for class 1 - precision 0.6739 - recall 0.1455 - f1 0.2394 
INFO:root:VALID measures@1000 microavg - precision 0.3014 - recall 0.3014 - f1 0.3014 
INFO:root:VALID measures@1000 for class 0 - precision 0.2288 - recall 0.7826 - f1 0.3541 
INFO:root:VALID measures@1000 for class 1 - precision 0.6739 - recall 0.1455 - f1 0.2394 
INFO:root:VALID Total epoch time: 0.04217917500000112
INFO:root:################ TRAIN epoch 93 ###################
INFO:root:TRAIN mean losses tensor(0.9351)
INFO:root:TRAIN mean errors 0.24255318939685822
INFO:root:TRAIN mean MRR 0.0 - mean MAP 0.9513866901397705
INFO:root:TRAIN tp {0: tensor(1), 1: tensor(1067)},fn {0: tensor(342), 1: tensor(0)},fp {0: tensor(0), 1: tensor(342)}
INFO:root:TRAIN measures microavg - precision 0.7574 - recall 0.7574 - f1 0.7574 
INFO:root:TRAIN measures for class 0 - precision 1.0000 - recall 0.0029 - f1 0.0058 
INFO:root:TRAIN measures for class 1 - precision 0.7573 - recall 1.0000 - f1 0.8619 
INFO:root:TRAIN measures@10 microavg - precision 0.6971 - recall 0.1730 - f1 0.2773 
INFO:root:TRAIN measures@10 for class 0 - precision 0.5325 - recall 0.2391 - f1 0.3300 
INFO:root:TRAIN measures@10 for class 1 - precision 0.8265 - recall 0.1518 - f1 0.2565 
INFO:root:TRAIN measures@100 microavg - precision 0.3560 - recall 0.3560 - f1 0.3560 
INFO:root:TRAIN measures@100 for class 0 - precision 0.2558 - recall 0.8630 - f1 0.3947 
INFO:root:TRAIN measures@100 for class 1 - precision 0.8142 - recall 0.1931 - f1 0.3121 
INFO:root:TRAIN measures@1000 microavg - precision 0.3560 - recall 0.3560 - f1 0.3560 
INFO:root:TRAIN measures@1000 for class 0 - precision 0.2558 - recall 0.8630 - f1 0.3947 
INFO:root:TRAIN measures@1000 for class 1 - precision 0.8142 - recall 0.1931 - f1 0.3121 
INFO:root:TRAIN Total epoch time: 0.40724874999978056
INFO:root:################ VALID epoch 93 ###################
INFO:root:VALID mean losses tensor(0.9854)
INFO:root:VALID mean errors 0.24468085169792175
INFO:root:VALID mean MRR 0.0 - mean MAP 0.9468631744384766
INFO:root:VALID tp {0: tensor(0), 1: tensor(213)},fn {0: tensor(69), 1: tensor(0)},fp {0: tensor(0), 1: tensor(69)}
INFO:root:VALID measures microavg - precision 0.7553 - recall 0.7553 - f1 0.7553 
INFO:root:VALID measures for class 0 - precision 0.0000 - recall 0.0000 - f1 0.0000 
INFO:root:VALID measures for class 1 - precision 0.7553 - recall 1.0000 - f1 0.8606 
INFO:root:VALID measures@10 microavg - precision 0.7013 - recall 0.1915 - f1 0.3008 
INFO:root:VALID measures@10 for class 0 - precision 0.3913 - recall 0.1304 - f1 0.1957 
INFO:root:VALID measures@10 for class 1 - precision 0.8333 - recall 0.2113 - f1 0.3371 
INFO:root:VALID measures@100 microavg - precision 0.3972 - recall 0.3972 - f1 0.3972 
INFO:root:VALID measures@100 for class 0 - precision 0.2607 - recall 0.7971 - f1 0.3929 
INFO:root:VALID measures@100 for class 1 - precision 0.8028 - recall 0.2676 - f1 0.4014 
INFO:root:VALID measures@1000 microavg - precision 0.3972 - recall 0.3972 - f1 0.3972 
INFO:root:VALID measures@1000 for class 0 - precision 0.2607 - recall 0.7971 - f1 0.3929 
INFO:root:VALID measures@1000 for class 1 - precision 0.8028 - recall 0.2676 - f1 0.4014 
INFO:root:VALID Total epoch time: 0.04169210200007001
INFO:root:################ TRAIN epoch 94 ###################
INFO:root:TRAIN mean losses tensor(0.9637)
INFO:root:TRAIN mean errors 0.2432624101638794
INFO:root:TRAIN mean MRR 0.0 - mean MAP 0.9433043003082275
INFO:root:TRAIN tp {0: tensor(0), 1: tensor(1067)},fn {0: tensor(343), 1: tensor(0)},fp {0: tensor(0), 1: tensor(343)}
INFO:root:TRAIN measures microavg - precision 0.7567 - recall 0.7567 - f1 0.7567 
INFO:root:TRAIN measures for class 0 - precision 0.0000 - recall 0.0000 - f1 0.0000 
INFO:root:TRAIN measures for class 1 - precision 0.7567 - recall 1.0000 - f1 0.8615 
INFO:root:TRAIN measures@10 microavg - precision 0.6313 - recall 0.1603 - f1 0.2557 
INFO:root:TRAIN measures@10 for class 0 - precision 0.4762 - recall 0.2041 - f1 0.2857 
INFO:root:TRAIN measures@10 for class 1 - precision 0.7393 - recall 0.1462 - f1 0.2441 
INFO:root:TRAIN measures@100 microavg - precision 0.3227 - recall 0.3227 - f1 0.3227 
INFO:root:TRAIN measures@100 for class 0 - precision 0.2371 - recall 0.8047 - f1 0.3663 
INFO:root:TRAIN measures@100 for class 1 - precision 0.7276 - recall 0.1678 - f1 0.2727 
INFO:root:TRAIN measures@1000 microavg - precision 0.3227 - recall 0.3227 - f1 0.3227 
INFO:root:TRAIN measures@1000 for class 0 - precision 0.2371 - recall 0.8047 - f1 0.3663 
INFO:root:TRAIN measures@1000 for class 1 - precision 0.7276 - recall 0.1678 - f1 0.2727 
INFO:root:TRAIN Total epoch time: 0.5345694259999618
INFO:root:################ VALID epoch 94 ###################
INFO:root:VALID mean losses tensor(1.1001)
INFO:root:VALID mean errors 0.24468085169792175
INFO:root:VALID mean MRR 0.0 - mean MAP 0.9181540012359619
INFO:root:VALID tp {0: tensor(0), 1: tensor(213)},fn {0: tensor(69), 1: tensor(0)},fp {0: tensor(0), 1: tensor(69)}
INFO:root:VALID measures microavg - precision 0.7553 - recall 0.7553 - f1 0.7553 
INFO:root:VALID measures for class 0 - precision 0.0000 - recall 0.0000 - f1 0.0000 
INFO:root:VALID measures for class 1 - precision 0.7553 - recall 1.0000 - f1 0.8606 
INFO:root:VALID measures@10 microavg - precision 0.7286 - recall 0.1809 - f1 0.2898 
INFO:root:VALID measures@10 for class 0 - precision 0.5882 - recall 0.2899 - f1 0.3883 
INFO:root:VALID measures@10 for class 1 - precision 0.8611 - recall 0.1455 - f1 0.2490 
INFO:root:VALID measures@100 microavg - precision 0.3475 - recall 0.3475 - f1 0.3475 
INFO:root:VALID measures@100 for class 0 - precision 0.2511 - recall 0.8406 - f1 0.3867 
INFO:root:VALID measures@100 for class 1 - precision 0.7843 - recall 0.1878 - f1 0.3030 
INFO:root:VALID measures@1000 microavg - precision 0.3475 - recall 0.3475 - f1 0.3475 
INFO:root:VALID measures@1000 for class 0 - precision 0.2511 - recall 0.8406 - f1 0.3867 
INFO:root:VALID measures@1000 for class 1 - precision 0.7843 - recall 0.1878 - f1 0.3030 
INFO:root:VALID Total epoch time: 0.041183748000094056
INFO:root:################ TRAIN epoch 95 ###################
INFO:root:TRAIN mean losses tensor(0.9671)
INFO:root:TRAIN mean errors 0.24255318939685822
INFO:root:TRAIN mean MRR 0.0 - mean MAP 0.9437475800514221
INFO:root:TRAIN tp {0: tensor(1), 1: tensor(1067)},fn {0: tensor(342), 1: tensor(0)},fp {0: tensor(0), 1: tensor(342)}
INFO:root:TRAIN measures microavg - precision 0.7574 - recall 0.7574 - f1 0.7574 
INFO:root:TRAIN measures for class 0 - precision 1.0000 - recall 0.0029 - f1 0.0058 
INFO:root:TRAIN measures for class 1 - precision 0.7573 - recall 1.0000 - f1 0.8619 
INFO:root:TRAIN measures@10 microavg - precision 0.7093 - recall 0.1730 - f1 0.2782 
INFO:root:TRAIN measures@10 for class 0 - precision 0.5226 - recall 0.2362 - f1 0.3253 
INFO:root:TRAIN measures@10 for class 1 - precision 0.8624 - recall 0.1528 - f1 0.2596 
INFO:root:TRAIN measures@100 microavg - precision 0.3567 - recall 0.3567 - f1 0.3567 
INFO:root:TRAIN measures@100 for class 0 - precision 0.2598 - recall 0.8892 - f1 0.4021 
INFO:root:TRAIN measures@100 for class 1 - precision 0.8390 - recall 0.1856 - f1 0.3039 
INFO:root:TRAIN measures@1000 microavg - precision 0.3567 - recall 0.3567 - f1 0.3567 
INFO:root:TRAIN measures@1000 for class 0 - precision 0.2598 - recall 0.8892 - f1 0.4021 
INFO:root:TRAIN measures@1000 for class 1 - precision 0.8390 - recall 0.1856 - f1 0.3039 
INFO:root:TRAIN Total epoch time: 0.3670118029999685
INFO:root:################ VALID epoch 95 ###################
INFO:root:VALID mean losses tensor(1.0585)
INFO:root:VALID mean errors 0.24822695553302765
INFO:root:VALID mean MRR 0.0 - mean MAP 0.9269296526908875
INFO:root:VALID tp {0: tensor(1), 1: tensor(211)},fn {0: tensor(68), 1: tensor(2)},fp {0: tensor(2), 1: tensor(68)}
INFO:root:VALID measures microavg - precision 0.7518 - recall 0.7518 - f1 0.7518 
INFO:root:VALID measures for class 0 - precision 0.3333 - recall 0.0145 - f1 0.0278 
INFO:root:VALID measures for class 1 - precision 0.7563 - recall 0.9906 - f1 0.8577 
INFO:root:VALID measures@10 microavg - precision 0.5970 - recall 0.1418 - f1 0.2292 
INFO:root:VALID measures@10 for class 0 - precision 0.4857 - recall 0.2464 - f1 0.3269 
INFO:root:VALID measures@10 for class 1 - precision 0.7188 - recall 0.1080 - f1 0.1878 
INFO:root:VALID measures@100 microavg - precision 0.3085 - recall 0.3085 - f1 0.3085 
INFO:root:VALID measures@100 for class 0 - precision 0.2397 - recall 0.8406 - f1 0.3730 
INFO:root:VALID measures@100 for class 1 - precision 0.7250 - recall 0.1362 - f1 0.2292 
INFO:root:VALID measures@1000 microavg - precision 0.3085 - recall 0.3085 - f1 0.3085 
INFO:root:VALID measures@1000 for class 0 - precision 0.2397 - recall 0.8406 - f1 0.3730 
INFO:root:VALID measures@1000 for class 1 - precision 0.7250 - recall 0.1362 - f1 0.2292 
INFO:root:VALID Total epoch time: 0.03880618399989544
INFO:root:################ TRAIN epoch 96 ###################
INFO:root:TRAIN mean losses tensor(0.9633)
INFO:root:TRAIN mean errors 0.24397163093090057
INFO:root:TRAIN mean MRR 0.0 - mean MAP 0.9509531855583191
INFO:root:TRAIN tp {0: tensor(0), 1: tensor(1066)},fn {0: tensor(343), 1: tensor(1)},fp {0: tensor(1), 1: tensor(343)}
INFO:root:TRAIN measures microavg - precision 0.7560 - recall 0.7560 - f1 0.7560 
INFO:root:TRAIN measures for class 0 - precision 0.0000 - recall 0.0000 - f1 0.0000 
INFO:root:TRAIN measures for class 1 - precision 0.7566 - recall 0.9991 - f1 0.8611 
INFO:root:TRAIN measures@10 microavg - precision 0.7328 - recall 0.1887 - f1 0.3001 
INFO:root:TRAIN measures@10 for class 0 - precision 0.5912 - recall 0.2741 - f1 0.3745 
INFO:root:TRAIN measures@10 for class 1 - precision 0.8431 - recall 0.1612 - f1 0.2707 
INFO:root:TRAIN measures@100 microavg - precision 0.3525 - recall 0.3525 - f1 0.3525 
INFO:root:TRAIN measures@100 for class 0 - precision 0.2585 - recall 0.8892 - f1 0.4005 
INFO:root:TRAIN measures@100 for class 1 - precision 0.8348 - recall 0.1799 - f1 0.2961 
INFO:root:TRAIN measures@1000 microavg - precision 0.3525 - recall 0.3525 - f1 0.3525 
INFO:root:TRAIN measures@1000 for class 0 - precision 0.2585 - recall 0.8892 - f1 0.4005 
INFO:root:TRAIN measures@1000 for class 1 - precision 0.8348 - recall 0.1799 - f1 0.2961 
INFO:root:TRAIN Total epoch time: 0.3703567759998805
INFO:root:################ VALID epoch 96 ###################
INFO:root:VALID mean losses tensor(0.9508)
INFO:root:VALID mean errors 0.24468085169792175
INFO:root:VALID mean MRR 0.0 - mean MAP 0.9493041634559631
INFO:root:VALID tp {0: tensor(0), 1: tensor(213)},fn {0: tensor(69), 1: tensor(0)},fp {0: tensor(0), 1: tensor(69)}
INFO:root:VALID measures microavg - precision 0.7553 - recall 0.7553 - f1 0.7553 
INFO:root:VALID measures for class 0 - precision 0.0000 - recall 0.0000 - f1 0.0000 
INFO:root:VALID measures for class 1 - precision 0.7553 - recall 1.0000 - f1 0.8606 
INFO:root:VALID measures@10 microavg - precision 0.7042 - recall 0.1773 - f1 0.2833 
INFO:root:VALID measures@10 for class 0 - precision 0.4062 - recall 0.1884 - f1 0.2574 
INFO:root:VALID measures@10 for class 1 - precision 0.9487 - recall 0.1737 - f1 0.2937 
INFO:root:VALID measures@100 microavg - precision 0.3759 - recall 0.3759 - f1 0.3759 
INFO:root:VALID measures@100 for class 0 - precision 0.2743 - recall 0.9420 - f1 0.4248 
INFO:root:VALID measures@100 for class 1 - precision 0.9111 - recall 0.1925 - f1 0.3178 
INFO:root:VALID measures@1000 microavg - precision 0.3759 - recall 0.3759 - f1 0.3759 
INFO:root:VALID measures@1000 for class 0 - precision 0.2743 - recall 0.9420 - f1 0.4248 
INFO:root:VALID measures@1000 for class 1 - precision 0.9111 - recall 0.1925 - f1 0.3178 
INFO:root:VALID Total epoch time: 0.04030765399966185
INFO:root:################ TRAIN epoch 97 ###################
INFO:root:TRAIN mean losses tensor(1.0011)
INFO:root:TRAIN mean errors 0.24397163093090057
INFO:root:TRAIN mean MRR 0.0 - mean MAP 0.9441850185394287
INFO:root:TRAIN tp {0: tensor(1), 1: tensor(1065)},fn {0: tensor(342), 1: tensor(2)},fp {0: tensor(2), 1: tensor(342)}
INFO:root:TRAIN measures microavg - precision 0.7560 - recall 0.7560 - f1 0.7560 
INFO:root:TRAIN measures for class 0 - precision 0.3333 - recall 0.0029 - f1 0.0058 
INFO:root:TRAIN measures for class 1 - precision 0.7569 - recall 0.9981 - f1 0.8610 
INFO:root:TRAIN measures@10 microavg - precision 0.6949 - recall 0.1745 - f1 0.2789 
INFO:root:TRAIN measures@10 for class 0 - precision 0.5230 - recall 0.2653 - f1 0.3520 
INFO:root:TRAIN measures@10 for class 1 - precision 0.8611 - recall 0.1453 - f1 0.2486 
INFO:root:TRAIN measures@100 microavg - precision 0.3596 - recall 0.3596 - f1 0.3596 
INFO:root:TRAIN measures@100 for class 0 - precision 0.2582 - recall 0.8717 - f1 0.3984 
INFO:root:TRAIN measures@100 for class 1 - precision 0.8254 - recall 0.1949 - f1 0.3154 
INFO:root:TRAIN measures@1000 microavg - precision 0.3596 - recall 0.3596 - f1 0.3596 
INFO:root:TRAIN measures@1000 for class 0 - precision 0.2582 - recall 0.8717 - f1 0.3984 
INFO:root:TRAIN measures@1000 for class 1 - precision 0.8254 - recall 0.1949 - f1 0.3154 
INFO:root:TRAIN Total epoch time: 0.36905079200005275
INFO:root:################ VALID epoch 97 ###################
INFO:root:VALID mean losses tensor(1.0267)
INFO:root:VALID mean errors 0.24468085169792175
INFO:root:VALID mean MRR 0.0 - mean MAP 0.9554139375686646
INFO:root:VALID tp {0: tensor(0), 1: tensor(213)},fn {0: tensor(69), 1: tensor(0)},fp {0: tensor(0), 1: tensor(69)}
INFO:root:VALID measures microavg - precision 0.7553 - recall 0.7553 - f1 0.7553 
INFO:root:VALID measures for class 0 - precision 0.0000 - recall 0.0000 - f1 0.0000 
INFO:root:VALID measures for class 1 - precision 0.7553 - recall 1.0000 - f1 0.8606 
INFO:root:VALID measures@10 microavg - precision 0.6389 - recall 0.1631 - f1 0.2599 
INFO:root:VALID measures@10 for class 0 - precision 0.3824 - recall 0.1884 - f1 0.2524 
INFO:root:VALID measures@10 for class 1 - precision 0.8684 - recall 0.1549 - f1 0.2629 
INFO:root:VALID measures@100 microavg - precision 0.3440 - recall 0.3440 - f1 0.3440 
INFO:root:VALID measures@100 for class 0 - precision 0.2500 - recall 0.8406 - f1 0.3854 
INFO:root:VALID measures@100 for class 1 - precision 0.7800 - recall 0.1831 - f1 0.2966 
INFO:root:VALID measures@1000 microavg - precision 0.3440 - recall 0.3440 - f1 0.3440 
INFO:root:VALID measures@1000 for class 0 - precision 0.2500 - recall 0.8406 - f1 0.3854 
INFO:root:VALID measures@1000 for class 1 - precision 0.7800 - recall 0.1831 - f1 0.2966 
INFO:root:VALID Total epoch time: 0.03800525099995866
INFO:root:################ TRAIN epoch 98 ###################
INFO:root:TRAIN mean losses tensor(0.9656)
INFO:root:TRAIN mean errors 0.2432624101638794
INFO:root:TRAIN mean MRR 0.0 - mean MAP 0.9471079707145691
INFO:root:TRAIN tp {0: tensor(0), 1: tensor(1067)},fn {0: tensor(343), 1: tensor(0)},fp {0: tensor(0), 1: tensor(343)}
INFO:root:TRAIN measures microavg - precision 0.7567 - recall 0.7567 - f1 0.7567 
INFO:root:TRAIN measures for class 0 - precision 0.0000 - recall 0.0000 - f1 0.0000 
INFO:root:TRAIN measures for class 1 - precision 0.7567 - recall 1.0000 - f1 0.8615 
INFO:root:TRAIN measures@10 microavg - precision 0.6735 - recall 0.1624 - f1 0.2617 
INFO:root:TRAIN measures@10 for class 0 - precision 0.4938 - recall 0.2303 - f1 0.3141 
INFO:root:TRAIN measures@10 for class 1 - precision 0.8333 - recall 0.1406 - f1 0.2406 
INFO:root:TRAIN measures@100 microavg - precision 0.3468 - recall 0.3468 - f1 0.3468 
INFO:root:TRAIN measures@100 for class 0 - precision 0.2513 - recall 0.8513 - f1 0.3880 
INFO:root:TRAIN measures@100 for class 1 - precision 0.7944 - recall 0.1846 - f1 0.2996 
INFO:root:TRAIN measures@1000 microavg - precision 0.3468 - recall 0.3468 - f1 0.3468 
INFO:root:TRAIN measures@1000 for class 0 - precision 0.2513 - recall 0.8513 - f1 0.3880 
INFO:root:TRAIN measures@1000 for class 1 - precision 0.7944 - recall 0.1846 - f1 0.2996 
INFO:root:TRAIN Total epoch time: 0.3668457369999487
INFO:root:################ VALID epoch 98 ###################
INFO:root:VALID mean losses tensor(0.9494)
INFO:root:VALID mean errors 0.24468085169792175
INFO:root:VALID mean MRR 0.0 - mean MAP 0.9539719223976135
INFO:root:VALID tp {0: tensor(0), 1: tensor(213)},fn {0: tensor(69), 1: tensor(0)},fp {0: tensor(0), 1: tensor(69)}
INFO:root:VALID measures microavg - precision 0.7553 - recall 0.7553 - f1 0.7553 
INFO:root:VALID measures for class 0 - precision 0.0000 - recall 0.0000 - f1 0.0000 
INFO:root:VALID measures for class 1 - precision 0.7553 - recall 1.0000 - f1 0.8606 
INFO:root:VALID measures@10 microavg - precision 0.8194 - recall 0.2092 - f1 0.3333 
INFO:root:VALID measures@10 for class 0 - precision 0.6000 - recall 0.1739 - f1 0.2697 
INFO:root:VALID measures@10 for class 1 - precision 0.9038 - recall 0.2207 - f1 0.3547 
INFO:root:VALID measures@100 microavg - precision 0.4681 - recall 0.4681 - f1 0.4681 
INFO:root:VALID measures@100 for class 0 - precision 0.2737 - recall 0.7101 - f1 0.3952 
INFO:root:VALID measures@100 for class 1 - precision 0.8058 - recall 0.3897 - f1 0.5253 
INFO:root:VALID measures@1000 microavg - precision 0.4681 - recall 0.4681 - f1 0.4681 
INFO:root:VALID measures@1000 for class 0 - precision 0.2737 - recall 0.7101 - f1 0.3952 
INFO:root:VALID measures@1000 for class 1 - precision 0.8058 - recall 0.3897 - f1 0.5253 
INFO:root:VALID Total epoch time: 0.03866401699997368
INFO:root:################ TRAIN epoch 99 ###################
INFO:root:TRAIN mean losses tensor(0.9364)
INFO:root:TRAIN mean errors 0.2432624101638794
INFO:root:TRAIN mean MRR 0.0 - mean MAP 0.9467723369598389
INFO:root:TRAIN tp {0: tensor(0), 1: tensor(1067)},fn {0: tensor(343), 1: tensor(0)},fp {0: tensor(0), 1: tensor(343)}
INFO:root:TRAIN measures microavg - precision 0.7567 - recall 0.7567 - f1 0.7567 
INFO:root:TRAIN measures for class 0 - precision 0.0000 - recall 0.0000 - f1 0.0000 
INFO:root:TRAIN measures for class 1 - precision 0.7567 - recall 1.0000 - f1 0.8615 
INFO:root:TRAIN measures@10 microavg - precision 0.6589 - recall 0.1603 - f1 0.2578 
INFO:root:TRAIN measures@10 for class 0 - precision 0.5170 - recall 0.2653 - f1 0.3507 
INFO:root:TRAIN measures@10 for class 1 - precision 0.8084 - recall 0.1265 - f1 0.2188 
INFO:root:TRAIN measures@100 microavg - precision 0.3270 - recall 0.3270 - f1 0.3270 
INFO:root:TRAIN measures@100 for class 0 - precision 0.2441 - recall 0.8426 - f1 0.3785 
INFO:root:TRAIN measures@100 for class 1 - precision 0.7611 - recall 0.1612 - f1 0.2660 
INFO:root:TRAIN measures@1000 microavg - precision 0.3270 - recall 0.3270 - f1 0.3270 
INFO:root:TRAIN measures@1000 for class 0 - precision 0.2441 - recall 0.8426 - f1 0.3785 
INFO:root:TRAIN measures@1000 for class 1 - precision 0.7611 - recall 0.1612 - f1 0.2660 
INFO:root:TRAIN Total epoch time: 0.385908617000041
INFO:root:################ VALID epoch 99 ###################
INFO:root:VALID mean losses tensor(0.9076)
INFO:root:VALID mean errors 0.24468085169792175
INFO:root:VALID mean MRR 0.0 - mean MAP 0.9530508518218994
INFO:root:VALID tp {0: tensor(0), 1: tensor(213)},fn {0: tensor(69), 1: tensor(0)},fp {0: tensor(0), 1: tensor(69)}
INFO:root:VALID measures microavg - precision 0.7553 - recall 0.7553 - f1 0.7553 
INFO:root:VALID measures for class 0 - precision 0.0000 - recall 0.0000 - f1 0.0000 
INFO:root:VALID measures for class 1 - precision 0.7553 - recall 1.0000 - f1 0.8606 
INFO:root:VALID measures@10 microavg - precision 0.5714 - recall 0.1277 - f1 0.2087 
INFO:root:VALID measures@10 for class 0 - precision 0.4324 - recall 0.2319 - f1 0.3019 
INFO:root:VALID measures@10 for class 1 - precision 0.7692 - recall 0.0939 - f1 0.1674 
INFO:root:VALID measures@100 microavg - precision 0.2979 - recall 0.2979 - f1 0.2979 
INFO:root:VALID measures@100 for class 0 - precision 0.2410 - recall 0.8696 - f1 0.3774 
INFO:root:VALID measures@100 for class 1 - precision 0.7273 - recall 0.1127 - f1 0.1951 
INFO:root:VALID measures@1000 microavg - precision 0.2979 - recall 0.2979 - f1 0.2979 
INFO:root:VALID measures@1000 for class 0 - precision 0.2410 - recall 0.8696 - f1 0.3774 
INFO:root:VALID measures@1000 for class 1 - precision 0.7273 - recall 0.1127 - f1 0.1951 
INFO:root:VALID Total epoch time: 0.04170128499981729
INFO:root:################ TRAIN epoch 100 ###################
INFO:root:TRAIN mean losses tensor(0.9784)
INFO:root:TRAIN mean errors 0.2432624101638794
INFO:root:TRAIN mean MRR 0.0 - mean MAP 0.9444819688796997
INFO:root:TRAIN tp {0: tensor(0), 1: tensor(1067)},fn {0: tensor(343), 1: tensor(0)},fp {0: tensor(0), 1: tensor(343)}
INFO:root:TRAIN measures microavg - precision 0.7567 - recall 0.7567 - f1 0.7567 
INFO:root:TRAIN measures for class 0 - precision 0.0000 - recall 0.0000 - f1 0.0000 
INFO:root:TRAIN measures for class 1 - precision 0.7567 - recall 1.0000 - f1 0.8615 
INFO:root:TRAIN measures@10 microavg - precision 0.6569 - recall 0.1589 - f1 0.2559 
INFO:root:TRAIN measures@10 for class 0 - precision 0.5029 - recall 0.2536 - f1 0.3372 
INFO:root:TRAIN measures@10 for class 1 - precision 0.8155 - recall 0.1284 - f1 0.2219 
INFO:root:TRAIN measures@100 microavg - precision 0.3348 - recall 0.3348 - f1 0.3348 
INFO:root:TRAIN measures@100 for class 0 - precision 0.2489 - recall 0.8601 - f1 0.3861 
INFO:root:TRAIN measures@100 for class 1 - precision 0.7867 - recall 0.1659 - f1 0.2740 
INFO:root:TRAIN measures@1000 microavg - precision 0.3348 - recall 0.3348 - f1 0.3348 
INFO:root:TRAIN measures@1000 for class 0 - precision 0.2489 - recall 0.8601 - f1 0.3861 
INFO:root:TRAIN measures@1000 for class 1 - precision 0.7867 - recall 0.1659 - f1 0.2740 
INFO:root:TRAIN Total epoch time: 0.39850031700007094
INFO:root:################ VALID epoch 100 ###################
INFO:root:VALID mean losses tensor(1.0019)
INFO:root:VALID mean errors 0.24468085169792175
INFO:root:VALID mean MRR 0.0 - mean MAP 0.9505223631858826
INFO:root:VALID tp {0: tensor(0), 1: tensor(213)},fn {0: tensor(69), 1: tensor(0)},fp {0: tensor(0), 1: tensor(69)}
INFO:root:VALID measures microavg - precision 0.7553 - recall 0.7553 - f1 0.7553 
INFO:root:VALID measures for class 0 - precision 0.0000 - recall 0.0000 - f1 0.0000 
INFO:root:VALID measures for class 1 - precision 0.7553 - recall 1.0000 - f1 0.8606 
INFO:root:VALID measures@10 microavg - precision 0.7465 - recall 0.1879 - f1 0.3003 
INFO:root:VALID measures@10 for class 0 - precision 0.5625 - recall 0.2609 - f1 0.3564 
INFO:root:VALID measures@10 for class 1 - precision 0.8974 - recall 0.1643 - f1 0.2778 
INFO:root:VALID measures@100 microavg - precision 0.3794 - recall 0.3794 - f1 0.3794 
INFO:root:VALID measures@100 for class 0 - precision 0.2613 - recall 0.8406 - f1 0.3986 
INFO:root:VALID measures@100 for class 1 - precision 0.8167 - recall 0.2300 - f1 0.3590 
INFO:root:VALID measures@1000 microavg - precision 0.3794 - recall 0.3794 - f1 0.3794 
INFO:root:VALID measures@1000 for class 0 - precision 0.2613 - recall 0.8406 - f1 0.3986 
INFO:root:VALID measures@1000 for class 1 - precision 0.8167 - recall 0.2300 - f1 0.3590 
INFO:root:VALID Total epoch time: 0.03833688299982896
INFO:root:################ TRAIN epoch 101 ###################
INFO:root:TRAIN mean losses tensor(0.9471)
INFO:root:TRAIN mean errors 0.24255318939685822
INFO:root:TRAIN mean MRR 0.0 - mean MAP 0.9513971209526062
INFO:root:TRAIN tp {0: tensor(1), 1: tensor(1067)},fn {0: tensor(342), 1: tensor(0)},fp {0: tensor(0), 1: tensor(342)}
INFO:root:TRAIN measures microavg - precision 0.7574 - recall 0.7574 - f1 0.7574 
INFO:root:TRAIN measures for class 0 - precision 1.0000 - recall 0.0029 - f1 0.0058 
INFO:root:TRAIN measures for class 1 - precision 0.7573 - recall 1.0000 - f1 0.8619 
INFO:root:TRAIN measures@10 microavg - precision 0.7298 - recall 0.1858 - f1 0.2962 
INFO:root:TRAIN measures@10 for class 0 - precision 0.5570 - recall 0.2420 - f1 0.3374 
INFO:root:TRAIN measures@10 for class 1 - precision 0.8524 - recall 0.1678 - f1 0.2803 
INFO:root:TRAIN measures@100 microavg - precision 0.3766 - recall 0.3766 - f1 0.3766 
INFO:root:TRAIN measures@100 for class 0 - precision 0.2555 - recall 0.8163 - f1 0.3892 
INFO:root:TRAIN measures@100 for class 1 - precision 0.7994 - recall 0.2352 - f1 0.3635 
INFO:root:TRAIN measures@1000 microavg - precision 0.3766 - recall 0.3766 - f1 0.3766 
INFO:root:TRAIN measures@1000 for class 0 - precision 0.2555 - recall 0.8163 - f1 0.3892 
INFO:root:TRAIN measures@1000 for class 1 - precision 0.7994 - recall 0.2352 - f1 0.3635 
INFO:root:TRAIN Total epoch time: 0.36773116399990613
INFO:root:################ VALID epoch 101 ###################
INFO:root:VALID mean losses tensor(1.0633)
INFO:root:VALID mean errors 0.24468085169792175
INFO:root:VALID mean MRR 0.0 - mean MAP 0.9386463761329651
INFO:root:VALID tp {0: tensor(0), 1: tensor(213)},fn {0: tensor(69), 1: tensor(0)},fp {0: tensor(0), 1: tensor(69)}
INFO:root:VALID measures microavg - precision 0.7553 - recall 0.7553 - f1 0.7553 
INFO:root:VALID measures for class 0 - precision 0.0000 - recall 0.0000 - f1 0.0000 
INFO:root:VALID measures for class 1 - precision 0.7553 - recall 1.0000 - f1 0.8606 
INFO:root:VALID measures@10 microavg - precision 0.7429 - recall 0.1844 - f1 0.2955 
INFO:root:VALID measures@10 for class 0 - precision 0.4500 - recall 0.1304 - f1 0.2022 
INFO:root:VALID measures@10 for class 1 - precision 0.8600 - recall 0.2019 - f1 0.3270 
INFO:root:VALID measures@100 microavg - precision 0.4468 - recall 0.4468 - f1 0.4468 
INFO:root:VALID measures@100 for class 0 - precision 0.2486 - recall 0.6232 - f1 0.3554 
INFO:root:VALID measures@100 for class 1 - precision 0.7615 - recall 0.3897 - f1 0.5155 
INFO:root:VALID measures@1000 microavg - precision 0.4468 - recall 0.4468 - f1 0.4468 
INFO:root:VALID measures@1000 for class 0 - precision 0.2486 - recall 0.6232 - f1 0.3554 
INFO:root:VALID measures@1000 for class 1 - precision 0.7615 - recall 0.3897 - f1 0.5155 
INFO:root:VALID Total epoch time: 0.03847562200007815
INFO:root:################ TRAIN epoch 102 ###################
INFO:root:TRAIN mean losses tensor(1.0526)
INFO:root:TRAIN mean errors 0.2432624101638794
INFO:root:TRAIN mean MRR 0.0 - mean MAP 0.9480489492416382
INFO:root:TRAIN tp {0: tensor(0), 1: tensor(1067)},fn {0: tensor(343), 1: tensor(0)},fp {0: tensor(0), 1: tensor(343)}
INFO:root:TRAIN measures microavg - precision 0.7567 - recall 0.7567 - f1 0.7567 
INFO:root:TRAIN measures for class 0 - precision 0.0000 - recall 0.0000 - f1 0.0000 
INFO:root:TRAIN measures for class 1 - precision 0.7567 - recall 1.0000 - f1 0.8615 
INFO:root:TRAIN measures@10 microavg - precision 0.6545 - recall 0.1652 - f1 0.2639 
INFO:root:TRAIN measures@10 for class 0 - precision 0.4699 - recall 0.2274 - f1 0.3065 
INFO:root:TRAIN measures@10 for class 1 - precision 0.8158 - recall 0.1453 - f1 0.2466 
INFO:root:TRAIN measures@100 microavg - precision 0.3511 - recall 0.3511 - f1 0.3511 
INFO:root:TRAIN measures@100 for class 0 - precision 0.2539 - recall 0.8601 - f1 0.3920 
INFO:root:TRAIN measures@100 for class 1 - precision 0.8065 - recall 0.1874 - f1 0.3042 
INFO:root:TRAIN measures@1000 microavg - precision 0.3511 - recall 0.3511 - f1 0.3511 
INFO:root:TRAIN measures@1000 for class 0 - precision 0.2539 - recall 0.8601 - f1 0.3920 
INFO:root:TRAIN measures@1000 for class 1 - precision 0.8065 - recall 0.1874 - f1 0.3042 
INFO:root:TRAIN Total epoch time: 0.3660439399995994
INFO:root:################ VALID epoch 102 ###################
INFO:root:VALID mean losses tensor(1.2435)
INFO:root:VALID mean errors 0.24468085169792175
INFO:root:VALID mean MRR 0.0 - mean MAP 0.943309485912323
INFO:root:VALID tp {0: tensor(0), 1: tensor(213)},fn {0: tensor(69), 1: tensor(0)},fp {0: tensor(0), 1: tensor(69)}
INFO:root:VALID measures microavg - precision 0.7553 - recall 0.7553 - f1 0.7553 
INFO:root:VALID measures for class 0 - precision 0.0000 - recall 0.0000 - f1 0.0000 
INFO:root:VALID measures for class 1 - precision 0.7553 - recall 1.0000 - f1 0.8606 
INFO:root:VALID measures@10 microavg - precision 0.7162 - recall 0.1879 - f1 0.2978 
INFO:root:VALID measures@10 for class 0 - precision 0.6129 - recall 0.2754 - f1 0.3800 
INFO:root:VALID measures@10 for class 1 - precision 0.7907 - recall 0.1596 - f1 0.2656 
INFO:root:VALID measures@100 microavg - precision 0.3440 - recall 0.3440 - f1 0.3440 
INFO:root:VALID measures@100 for class 0 - precision 0.2434 - recall 0.7971 - f1 0.3729 
INFO:root:VALID measures@100 for class 1 - precision 0.7500 - recall 0.1972 - f1 0.3123 
INFO:root:VALID measures@1000 microavg - precision 0.3440 - recall 0.3440 - f1 0.3440 
INFO:root:VALID measures@1000 for class 0 - precision 0.2434 - recall 0.7971 - f1 0.3729 
INFO:root:VALID measures@1000 for class 1 - precision 0.7500 - recall 0.1972 - f1 0.3123 
INFO:root:VALID Total epoch time: 0.03847168199990847
INFO:root:################ TRAIN epoch 103 ###################
INFO:root:TRAIN mean losses tensor(0.9926)
INFO:root:TRAIN mean errors 0.24397163093090057
INFO:root:TRAIN mean MRR 0.0 - mean MAP 0.9464966058731079
INFO:root:TRAIN tp {0: tensor(0), 1: tensor(1066)},fn {0: tensor(343), 1: tensor(1)},fp {0: tensor(1), 1: tensor(343)}
INFO:root:TRAIN measures microavg - precision 0.7560 - recall 0.7560 - f1 0.7560 
INFO:root:TRAIN measures for class 0 - precision 0.0000 - recall 0.0000 - f1 0.0000 
INFO:root:TRAIN measures for class 1 - precision 0.7566 - recall 0.9991 - f1 0.8611 
INFO:root:TRAIN measures@10 microavg - precision 0.6228 - recall 0.1475 - f1 0.2385 
INFO:root:TRAIN measures@10 for class 0 - precision 0.4345 - recall 0.2128 - f1 0.2857 
INFO:root:TRAIN measures@10 for class 1 - precision 0.8133 - recall 0.1265 - f1 0.2190 
INFO:root:TRAIN measures@100 microavg - precision 0.3461 - recall 0.3461 - f1 0.3461 
INFO:root:TRAIN measures@100 for class 0 - precision 0.2485 - recall 0.8338 - f1 0.3829 
INFO:root:TRAIN measures@100 for class 1 - precision 0.7799 - recall 0.1893 - f1 0.3047 
INFO:root:TRAIN measures@1000 microavg - precision 0.3461 - recall 0.3461 - f1 0.3461 
INFO:root:TRAIN measures@1000 for class 0 - precision 0.2485 - recall 0.8338 - f1 0.3829 
INFO:root:TRAIN measures@1000 for class 1 - precision 0.7799 - recall 0.1893 - f1 0.3047 
INFO:root:TRAIN Total epoch time: 0.3730769990002045
INFO:root:################ VALID epoch 103 ###################
INFO:root:VALID mean losses tensor(0.9593)
INFO:root:VALID mean errors 0.24468085169792175
INFO:root:VALID mean MRR 0.0 - mean MAP 0.9459488391876221
INFO:root:VALID tp {0: tensor(0), 1: tensor(213)},fn {0: tensor(69), 1: tensor(0)},fp {0: tensor(0), 1: tensor(69)}
INFO:root:VALID measures microavg - precision 0.7553 - recall 0.7553 - f1 0.7553 
INFO:root:VALID measures for class 0 - precision 0.0000 - recall 0.0000 - f1 0.0000 
INFO:root:VALID measures for class 1 - precision 0.7553 - recall 1.0000 - f1 0.8606 
INFO:root:VALID measures@10 microavg - precision 0.6620 - recall 0.1667 - f1 0.2663 
INFO:root:VALID measures@10 for class 0 - precision 0.4750 - recall 0.2754 - f1 0.3486 
INFO:root:VALID measures@10 for class 1 - precision 0.9032 - recall 0.1315 - f1 0.2295 
INFO:root:VALID measures@100 microavg - precision 0.3298 - recall 0.3298 - f1 0.3298 
INFO:root:VALID measures@100 for class 0 - precision 0.2561 - recall 0.9130 - f1 0.4000 
INFO:root:VALID measures@100 for class 1 - precision 0.8333 - recall 0.1408 - f1 0.2410 
INFO:root:VALID measures@1000 microavg - precision 0.3298 - recall 0.3298 - f1 0.3298 
INFO:root:VALID measures@1000 for class 0 - precision 0.2561 - recall 0.9130 - f1 0.4000 
INFO:root:VALID measures@1000 for class 1 - precision 0.8333 - recall 0.1408 - f1 0.2410 
INFO:root:VALID Total epoch time: 0.03855616800001371
INFO:root:################ TRAIN epoch 104 ###################
INFO:root:TRAIN mean losses tensor(0.9210)
INFO:root:TRAIN mean errors 0.2432624101638794
INFO:root:TRAIN mean MRR 0.0 - mean MAP 0.9455786347389221
INFO:root:TRAIN tp {0: tensor(0), 1: tensor(1067)},fn {0: tensor(343), 1: tensor(0)},fp {0: tensor(0), 1: tensor(343)}
INFO:root:TRAIN measures microavg - precision 0.7567 - recall 0.7567 - f1 0.7567 
INFO:root:TRAIN measures for class 0 - precision 0.0000 - recall 0.0000 - f1 0.0000 
INFO:root:TRAIN measures for class 1 - precision 0.7567 - recall 1.0000 - f1 0.8615 
INFO:root:TRAIN measures@10 microavg - precision 0.6755 - recall 0.1624 - f1 0.2619 
INFO:root:TRAIN measures@10 for class 0 - precision 0.5287 - recall 0.2682 - f1 0.3559 
INFO:root:TRAIN measures@10 for class 1 - precision 0.8303 - recall 0.1284 - f1 0.2224 
INFO:root:TRAIN measures@100 microavg - precision 0.3291 - recall 0.3291 - f1 0.3291 
INFO:root:TRAIN measures@100 for class 0 - precision 0.2547 - recall 0.9125 - f1 0.3982 
INFO:root:TRAIN measures@100 for class 1 - precision 0.8343 - recall 0.1415 - f1 0.2420 
INFO:root:TRAIN measures@1000 microavg - precision 0.3291 - recall 0.3291 - f1 0.3291 
INFO:root:TRAIN measures@1000 for class 0 - precision 0.2547 - recall 0.9125 - f1 0.3982 
INFO:root:TRAIN measures@1000 for class 1 - precision 0.8343 - recall 0.1415 - f1 0.2420 
INFO:root:TRAIN Total epoch time: 0.3693703179997101
INFO:root:################ VALID epoch 104 ###################
INFO:root:VALID mean losses tensor(0.9139)
INFO:root:VALID mean errors 0.24468085169792175
INFO:root:VALID mean MRR 0.0 - mean MAP 0.9376329183578491
INFO:root:VALID tp {0: tensor(0), 1: tensor(213)},fn {0: tensor(69), 1: tensor(0)},fp {0: tensor(0), 1: tensor(69)}
INFO:root:VALID measures microavg - precision 0.7553 - recall 0.7553 - f1 0.7553 
INFO:root:VALID measures for class 0 - precision 0.0000 - recall 0.0000 - f1 0.0000 
INFO:root:VALID measures for class 1 - precision 0.7553 - recall 1.0000 - f1 0.8606 
INFO:root:VALID measures@10 microavg - precision 0.6522 - recall 0.1596 - f1 0.2564 
INFO:root:VALID measures@10 for class 0 - precision 0.4688 - recall 0.2174 - f1 0.2970 
INFO:root:VALID measures@10 for class 1 - precision 0.8108 - recall 0.1408 - f1 0.2400 
INFO:root:VALID measures@100 microavg - precision 0.3511 - recall 0.3511 - f1 0.3511 
INFO:root:VALID measures@100 for class 0 - precision 0.2522 - recall 0.8406 - f1 0.3880 
INFO:root:VALID measures@100 for class 1 - precision 0.7885 - recall 0.1925 - f1 0.3094 
INFO:root:VALID measures@1000 microavg - precision 0.3511 - recall 0.3511 - f1 0.3511 
INFO:root:VALID measures@1000 for class 0 - precision 0.2522 - recall 0.8406 - f1 0.3880 
INFO:root:VALID measures@1000 for class 1 - precision 0.7885 - recall 0.1925 - f1 0.3094 
INFO:root:VALID Total epoch time: 0.038700918999893474
INFO:root:################ TRAIN epoch 105 ###################
INFO:root:TRAIN mean losses tensor(0.9468)
INFO:root:TRAIN mean errors 0.2432624101638794
INFO:root:TRAIN mean MRR 0.0 - mean MAP 0.9507318735122681
INFO:root:TRAIN tp {0: tensor(0), 1: tensor(1067)},fn {0: tensor(343), 1: tensor(0)},fp {0: tensor(0), 1: tensor(343)}
INFO:root:TRAIN measures microavg - precision 0.7567 - recall 0.7567 - f1 0.7567 
INFO:root:TRAIN measures for class 0 - precision 0.0000 - recall 0.0000 - f1 0.0000 
INFO:root:TRAIN measures for class 1 - precision 0.7567 - recall 1.0000 - f1 0.8615 
INFO:root:TRAIN measures@10 microavg - precision 0.6826 - recall 0.1723 - f1 0.2752 
INFO:root:TRAIN measures@10 for class 0 - precision 0.4737 - recall 0.1837 - f1 0.2647 
INFO:root:TRAIN measures@10 for class 1 - precision 0.8072 - recall 0.1687 - f1 0.2791 
INFO:root:TRAIN measures@100 microavg - precision 0.3660 - recall 0.3660 - f1 0.3660 
INFO:root:TRAIN measures@100 for class 0 - precision 0.2466 - recall 0.7813 - f1 0.3748 
INFO:root:TRAIN measures@100 for class 1 - precision 0.7678 - recall 0.2324 - f1 0.3568 
INFO:root:TRAIN measures@1000 microavg - precision 0.3660 - recall 0.3660 - f1 0.3660 
INFO:root:TRAIN measures@1000 for class 0 - precision 0.2466 - recall 0.7813 - f1 0.3748 
INFO:root:TRAIN measures@1000 for class 1 - precision 0.7678 - recall 0.2324 - f1 0.3568 
INFO:root:TRAIN Total epoch time: 0.37149932300008004
INFO:root:################ VALID epoch 105 ###################
INFO:root:VALID mean losses tensor(0.9749)
INFO:root:VALID mean errors 0.24822695553302765
INFO:root:VALID mean MRR 0.0 - mean MAP 0.95015949010849
INFO:root:VALID tp {0: tensor(0), 1: tensor(212)},fn {0: tensor(69), 1: tensor(1)},fp {0: tensor(1), 1: tensor(69)}
INFO:root:VALID measures microavg - precision 0.7518 - recall 0.7518 - f1 0.7518 
INFO:root:VALID measures for class 0 - precision 0.0000 - recall 0.0000 - f1 0.0000 
INFO:root:VALID measures for class 1 - precision 0.7544 - recall 0.9953 - f1 0.8583 
INFO:root:VALID measures@10 microavg - precision 0.6056 - recall 0.1525 - f1 0.2436 
INFO:root:VALID measures@10 for class 0 - precision 0.3793 - recall 0.1594 - f1 0.2245 
INFO:root:VALID measures@10 for class 1 - precision 0.7619 - recall 0.1502 - f1 0.2510 
INFO:root:VALID measures@100 microavg - precision 0.3369 - recall 0.3369 - f1 0.3369 
INFO:root:VALID measures@100 for class 0 - precision 0.2412 - recall 0.7971 - f1 0.3704 
INFO:root:VALID measures@100 for class 1 - precision 0.7407 - recall 0.1878 - f1 0.2996 
INFO:root:VALID measures@1000 microavg - precision 0.3369 - recall 0.3369 - f1 0.3369 
INFO:root:VALID measures@1000 for class 0 - precision 0.2412 - recall 0.7971 - f1 0.3704 
INFO:root:VALID measures@1000 for class 1 - precision 0.7407 - recall 0.1878 - f1 0.2996 
INFO:root:VALID Total epoch time: 0.03921585200032496
INFO:root:################ TRAIN epoch 106 ###################
INFO:root:TRAIN mean losses tensor(0.9838)
INFO:root:TRAIN mean errors 0.2432624101638794
INFO:root:TRAIN mean MRR 0.0 - mean MAP 0.9457018971443176
INFO:root:TRAIN tp {0: tensor(0), 1: tensor(1067)},fn {0: tensor(343), 1: tensor(0)},fp {0: tensor(0), 1: tensor(343)}
INFO:root:TRAIN measures microavg - precision 0.7567 - recall 0.7567 - f1 0.7567 
INFO:root:TRAIN measures for class 0 - precision 0.0000 - recall 0.0000 - f1 0.0000 
INFO:root:TRAIN measures for class 1 - precision 0.7567 - recall 1.0000 - f1 0.8615 
INFO:root:TRAIN measures@10 microavg - precision 0.6667 - recall 0.1645 - f1 0.2639 
INFO:root:TRAIN measures@10 for class 0 - precision 0.4899 - recall 0.2128 - f1 0.2967 
INFO:root:TRAIN measures@10 for class 1 - precision 0.7990 - recall 0.1490 - f1 0.2512 
INFO:root:TRAIN measures@100 microavg - precision 0.3652 - recall 0.3652 - f1 0.3652 
INFO:root:TRAIN measures@100 for class 0 - precision 0.2553 - recall 0.8397 - f1 0.3916 
INFO:root:TRAIN measures@100 for class 1 - precision 0.8050 - recall 0.2127 - f1 0.3365 
INFO:root:TRAIN measures@1000 microavg - precision 0.3652 - recall 0.3652 - f1 0.3652 
INFO:root:TRAIN measures@1000 for class 0 - precision 0.2553 - recall 0.8397 - f1 0.3916 
INFO:root:TRAIN measures@1000 for class 1 - precision 0.8050 - recall 0.2127 - f1 0.3365 
INFO:root:TRAIN Total epoch time: 0.3722497850003492
INFO:root:################ VALID epoch 106 ###################
INFO:root:VALID mean losses tensor(0.9615)
INFO:root:VALID mean errors 0.24468085169792175
INFO:root:VALID mean MRR 0.0 - mean MAP 0.9468832015991211
INFO:root:VALID tp {0: tensor(0), 1: tensor(213)},fn {0: tensor(69), 1: tensor(0)},fp {0: tensor(0), 1: tensor(69)}
INFO:root:VALID measures microavg - precision 0.7553 - recall 0.7553 - f1 0.7553 
INFO:root:VALID measures for class 0 - precision 0.0000 - recall 0.0000 - f1 0.0000 
INFO:root:VALID measures for class 1 - precision 0.7553 - recall 1.0000 - f1 0.8606 
INFO:root:VALID measures@10 microavg - precision 0.7143 - recall 0.1773 - f1 0.2841 
INFO:root:VALID measures@10 for class 0 - precision 0.4118 - recall 0.1014 - f1 0.1628 
INFO:root:VALID measures@10 for class 1 - precision 0.8113 - recall 0.2019 - f1 0.3233 
INFO:root:VALID measures@100 microavg - precision 0.4149 - recall 0.4149 - f1 0.4149 
INFO:root:VALID measures@100 for class 0 - precision 0.2474 - recall 0.6812 - f1 0.3629 
INFO:root:VALID measures@100 for class 1 - precision 0.7609 - recall 0.3286 - f1 0.4590 
INFO:root:VALID measures@1000 microavg - precision 0.4149 - recall 0.4149 - f1 0.4149 
INFO:root:VALID measures@1000 for class 0 - precision 0.2474 - recall 0.6812 - f1 0.3629 
INFO:root:VALID measures@1000 for class 1 - precision 0.7609 - recall 0.3286 - f1 0.4590 
INFO:root:VALID Total epoch time: 0.038646139000320545
INFO:root:################ TRAIN epoch 107 ###################
INFO:root:TRAIN mean losses tensor(0.9247)
INFO:root:TRAIN mean errors 0.24255318939685822
INFO:root:TRAIN mean MRR 0.0 - mean MAP 0.9553540349006653
INFO:root:TRAIN tp {0: tensor(1), 1: tensor(1067)},fn {0: tensor(342), 1: tensor(0)},fp {0: tensor(0), 1: tensor(342)}
INFO:root:TRAIN measures microavg - precision 0.7574 - recall 0.7574 - f1 0.7574 
INFO:root:TRAIN measures for class 0 - precision 1.0000 - recall 0.0029 - f1 0.0058 
INFO:root:TRAIN measures for class 1 - precision 0.7573 - recall 1.0000 - f1 0.8619 
INFO:root:TRAIN measures@10 microavg - precision 0.6657 - recall 0.1638 - f1 0.2629 
INFO:root:TRAIN measures@10 for class 0 - precision 0.5123 - recall 0.2420 - f1 0.3287 
INFO:root:TRAIN measures@10 for class 1 - precision 0.8000 - recall 0.1387 - f1 0.2364 
INFO:root:TRAIN measures@100 microavg - precision 0.3482 - recall 0.3482 - f1 0.3482 
INFO:root:TRAIN measures@100 for class 0 - precision 0.2469 - recall 0.8192 - f1 0.3795 
INFO:root:TRAIN measures@100 for class 1 - precision 0.7721 - recall 0.1968 - f1 0.3137 
INFO:root:TRAIN measures@1000 microavg - precision 0.3482 - recall 0.3482 - f1 0.3482 
INFO:root:TRAIN measures@1000 for class 0 - precision 0.2469 - recall 0.8192 - f1 0.3795 
INFO:root:TRAIN measures@1000 for class 1 - precision 0.7721 - recall 0.1968 - f1 0.3137 
INFO:root:TRAIN Total epoch time: 0.3699072620001971
INFO:root:################ VALID epoch 107 ###################
INFO:root:VALID mean losses tensor(0.9467)
INFO:root:VALID mean errors 0.24468085169792175
INFO:root:VALID mean MRR 0.0 - mean MAP 0.9455471038818359
INFO:root:VALID tp {0: tensor(0), 1: tensor(213)},fn {0: tensor(69), 1: tensor(0)},fp {0: tensor(0), 1: tensor(69)}
INFO:root:VALID measures microavg - precision 0.7553 - recall 0.7553 - f1 0.7553 
INFO:root:VALID measures for class 0 - precision 0.0000 - recall 0.0000 - f1 0.0000 
INFO:root:VALID measures for class 1 - precision 0.7553 - recall 1.0000 - f1 0.8606 
INFO:root:VALID measures@10 microavg - precision 0.7826 - recall 0.1915 - f1 0.3077 
INFO:root:VALID measures@10 for class 0 - precision 0.5556 - recall 0.2174 - f1 0.3125 
INFO:root:VALID measures@10 for class 1 - precision 0.9286 - recall 0.1831 - f1 0.3059 
INFO:root:VALID measures@100 microavg - precision 0.4007 - recall 0.4007 - f1 0.4007 
INFO:root:VALID measures@100 for class 0 - precision 0.2748 - recall 0.8841 - f1 0.4192 
INFO:root:VALID measures@100 for class 1 - precision 0.8667 - recall 0.2441 - f1 0.3810 
INFO:root:VALID measures@1000 microavg - precision 0.4007 - recall 0.4007 - f1 0.4007 
INFO:root:VALID measures@1000 for class 0 - precision 0.2748 - recall 0.8841 - f1 0.4192 
INFO:root:VALID measures@1000 for class 1 - precision 0.8667 - recall 0.2441 - f1 0.3810 
INFO:root:VALID Total epoch time: 0.03854197999999087
INFO:root:################ TRAIN epoch 108 ###################
INFO:root:TRAIN mean losses tensor(0.9391)
INFO:root:TRAIN mean errors 0.2432624101638794
INFO:root:TRAIN mean MRR 0.0 - mean MAP 0.9516153931617737
INFO:root:TRAIN tp {0: tensor(0), 1: tensor(1067)},fn {0: tensor(343), 1: tensor(0)},fp {0: tensor(0), 1: tensor(343)}
INFO:root:TRAIN measures microavg - precision 0.7567 - recall 0.7567 - f1 0.7567 
INFO:root:TRAIN measures for class 0 - precision 0.0000 - recall 0.0000 - f1 0.0000 
INFO:root:TRAIN measures for class 1 - precision 0.7567 - recall 1.0000 - f1 0.8615 
INFO:root:TRAIN measures@10 microavg - precision 0.7127 - recall 0.1794 - f1 0.2867 
INFO:root:TRAIN measures@10 for class 0 - precision 0.5000 - recall 0.2128 - f1 0.2986 
INFO:root:TRAIN measures@10 for class 1 - precision 0.8612 - recall 0.1687 - f1 0.2821 
INFO:root:TRAIN measures@100 microavg - precision 0.3745 - recall 0.3745 - f1 0.3745 
INFO:root:TRAIN measures@100 for class 0 - precision 0.2596 - recall 0.8484 - f1 0.3975 
INFO:root:TRAIN measures@100 for class 1 - precision 0.8201 - recall 0.2221 - f1 0.3496 
INFO:root:TRAIN measures@1000 microavg - precision 0.3745 - recall 0.3745 - f1 0.3745 
INFO:root:TRAIN measures@1000 for class 0 - precision 0.2596 - recall 0.8484 - f1 0.3975 
INFO:root:TRAIN measures@1000 for class 1 - precision 0.8201 - recall 0.2221 - f1 0.3496 
INFO:root:TRAIN Total epoch time: 0.46686392199990223
INFO:root:################ VALID epoch 108 ###################
INFO:root:VALID mean losses tensor(0.9721)
INFO:root:VALID mean errors 0.24468085169792175
INFO:root:VALID mean MRR 0.0 - mean MAP 0.9450584053993225
INFO:root:VALID tp {0: tensor(1), 1: tensor(212)},fn {0: tensor(68), 1: tensor(1)},fp {0: tensor(1), 1: tensor(68)}
INFO:root:VALID measures microavg - precision 0.7553 - recall 0.7553 - f1 0.7553 
INFO:root:VALID measures for class 0 - precision 0.5000 - recall 0.0145 - f1 0.0282 
INFO:root:VALID measures for class 1 - precision 0.7571 - recall 0.9953 - f1 0.8600 
INFO:root:VALID measures@10 microavg - precision 0.5672 - recall 0.1348 - f1 0.2178 
INFO:root:VALID measures@10 for class 0 - precision 0.4524 - recall 0.2754 - f1 0.3423 
INFO:root:VALID measures@10 for class 1 - precision 0.7600 - recall 0.0892 - f1 0.1597 
INFO:root:VALID measures@100 microavg - precision 0.2943 - recall 0.2943 - f1 0.2943 
INFO:root:VALID measures@100 for class 0 - precision 0.2441 - recall 0.8986 - f1 0.3839 
INFO:root:VALID measures@100 for class 1 - precision 0.7500 - recall 0.0986 - f1 0.1743 
INFO:root:VALID measures@1000 microavg - precision 0.2943 - recall 0.2943 - f1 0.2943 
INFO:root:VALID measures@1000 for class 0 - precision 0.2441 - recall 0.8986 - f1 0.3839 
INFO:root:VALID measures@1000 for class 1 - precision 0.7500 - recall 0.0986 - f1 0.1743 
INFO:root:VALID Total epoch time: 0.043986486999983754
INFO:root:################ TRAIN epoch 109 ###################
INFO:root:TRAIN mean losses tensor(0.9571)
INFO:root:TRAIN mean errors 0.2432624101638794
INFO:root:TRAIN mean MRR 0.0 - mean MAP 0.9533382058143616
INFO:root:TRAIN tp {0: tensor(1), 1: tensor(1066)},fn {0: tensor(342), 1: tensor(1)},fp {0: tensor(1), 1: tensor(342)}
INFO:root:TRAIN measures microavg - precision 0.7567 - recall 0.7567 - f1 0.7567 
INFO:root:TRAIN measures for class 0 - precision 0.5000 - recall 0.0029 - f1 0.0058 
INFO:root:TRAIN measures for class 1 - precision 0.7571 - recall 0.9991 - f1 0.8614 
INFO:root:TRAIN measures@10 microavg - precision 0.7320 - recall 0.1801 - f1 0.2891 
INFO:root:TRAIN measures@10 for class 0 - precision 0.5430 - recall 0.2391 - f1 0.3320 
INFO:root:TRAIN measures@10 for class 1 - precision 0.8776 - recall 0.1612 - f1 0.2724 
INFO:root:TRAIN measures@100 microavg - precision 0.3716 - recall 0.3716 - f1 0.3716 
INFO:root:TRAIN measures@100 for class 0 - precision 0.2621 - recall 0.8717 - f1 0.4030 
INFO:root:TRAIN measures@100 for class 1 - precision 0.8364 - recall 0.2109 - f1 0.3368 
INFO:root:TRAIN measures@1000 microavg - precision 0.3716 - recall 0.3716 - f1 0.3716 
INFO:root:TRAIN measures@1000 for class 0 - precision 0.2621 - recall 0.8717 - f1 0.4030 
INFO:root:TRAIN measures@1000 for class 1 - precision 0.8364 - recall 0.2109 - f1 0.3368 
INFO:root:TRAIN Total epoch time: 0.4134338939998088
INFO:root:################ VALID epoch 109 ###################
INFO:root:VALID mean losses tensor(0.9734)
INFO:root:VALID mean errors 0.24113474786281586
INFO:root:VALID mean MRR 0.0 - mean MAP 0.9402358531951904
INFO:root:VALID tp {0: tensor(1), 1: tensor(213)},fn {0: tensor(68), 1: tensor(0)},fp {0: tensor(0), 1: tensor(68)}
INFO:root:VALID measures microavg - precision 0.7589 - recall 0.7589 - f1 0.7589 
INFO:root:VALID measures for class 0 - precision 1.0000 - recall 0.0145 - f1 0.0286 
INFO:root:VALID measures for class 1 - precision 0.7580 - recall 1.0000 - f1 0.8623 
INFO:root:VALID measures@10 microavg - precision 0.7313 - recall 0.1738 - f1 0.2808 
INFO:root:VALID measures@10 for class 0 - precision 0.5588 - recall 0.2754 - f1 0.3689 
INFO:root:VALID measures@10 for class 1 - precision 0.9091 - recall 0.1408 - f1 0.2439 
INFO:root:VALID measures@100 microavg - precision 0.3617 - recall 0.3617 - f1 0.3617 
INFO:root:VALID measures@100 for class 0 - precision 0.2638 - recall 0.8986 - f1 0.4079 
INFO:root:VALID measures@100 for class 1 - precision 0.8511 - recall 0.1878 - f1 0.3077 
INFO:root:VALID measures@1000 microavg - precision 0.3617 - recall 0.3617 - f1 0.3617 
INFO:root:VALID measures@1000 for class 0 - precision 0.2638 - recall 0.8986 - f1 0.4079 
INFO:root:VALID measures@1000 for class 1 - precision 0.8511 - recall 0.1878 - f1 0.3077 
INFO:root:VALID Total epoch time: 0.04217590400003246
INFO:root:################ TRAIN epoch 110 ###################
INFO:root:TRAIN mean losses tensor(0.9936)
INFO:root:TRAIN mean errors 0.2432624101638794
INFO:root:TRAIN mean MRR 0.0 - mean MAP 0.9457034468650818
INFO:root:TRAIN tp {0: tensor(0), 1: tensor(1067)},fn {0: tensor(343), 1: tensor(0)},fp {0: tensor(0), 1: tensor(343)}
INFO:root:TRAIN measures microavg - precision 0.7567 - recall 0.7567 - f1 0.7567 
INFO:root:TRAIN measures for class 0 - precision 0.0000 - recall 0.0000 - f1 0.0000 
INFO:root:TRAIN measures for class 1 - precision 0.7567 - recall 1.0000 - f1 0.8615 
INFO:root:TRAIN measures@10 microavg - precision 0.6842 - recall 0.1660 - f1 0.2671 
INFO:root:TRAIN measures@10 for class 0 - precision 0.5143 - recall 0.2624 - f1 0.3475 
INFO:root:TRAIN measures@10 for class 1 - precision 0.8623 - recall 0.1350 - f1 0.2334 
INFO:root:TRAIN measures@100 microavg - precision 0.3489 - recall 0.3489 - f1 0.3489 
INFO:root:TRAIN measures@100 for class 0 - precision 0.2524 - recall 0.8542 - f1 0.3896 
INFO:root:TRAIN measures@100 for class 1 - precision 0.7992 - recall 0.1865 - f1 0.3024 
INFO:root:TRAIN measures@1000 microavg - precision 0.3489 - recall 0.3489 - f1 0.3489 
INFO:root:TRAIN measures@1000 for class 0 - precision 0.2524 - recall 0.8542 - f1 0.3896 
INFO:root:TRAIN measures@1000 for class 1 - precision 0.7992 - recall 0.1865 - f1 0.3024 
INFO:root:TRAIN Total epoch time: 0.4094261079999342
INFO:root:################ VALID epoch 110 ###################
INFO:root:VALID mean losses tensor(1.0603)
INFO:root:VALID mean errors 0.24468085169792175
INFO:root:VALID mean MRR 0.0 - mean MAP 0.9458073973655701
INFO:root:VALID tp {0: tensor(0), 1: tensor(213)},fn {0: tensor(69), 1: tensor(0)},fp {0: tensor(0), 1: tensor(69)}
INFO:root:VALID measures microavg - precision 0.7553 - recall 0.7553 - f1 0.7553 
INFO:root:VALID measures for class 0 - precision 0.0000 - recall 0.0000 - f1 0.0000 
INFO:root:VALID measures for class 1 - precision 0.7553 - recall 1.0000 - f1 0.8606 
INFO:root:VALID measures@10 microavg - precision 0.6667 - recall 0.1560 - f1 0.2529 
INFO:root:VALID measures@10 for class 0 - precision 0.4848 - recall 0.2319 - f1 0.3137 
INFO:root:VALID measures@10 for class 1 - precision 0.8485 - recall 0.1315 - f1 0.2276 
INFO:root:VALID measures@100 microavg - precision 0.3440 - recall 0.3440 - f1 0.3440 
INFO:root:VALID measures@100 for class 0 - precision 0.2603 - recall 0.9130 - f1 0.4051 
INFO:root:VALID measures@100 for class 1 - precision 0.8500 - recall 0.1596 - f1 0.2688 
INFO:root:VALID measures@1000 microavg - precision 0.3440 - recall 0.3440 - f1 0.3440 
INFO:root:VALID measures@1000 for class 0 - precision 0.2603 - recall 0.9130 - f1 0.4051 
INFO:root:VALID measures@1000 for class 1 - precision 0.8500 - recall 0.1596 - f1 0.2688 
INFO:root:VALID Total epoch time: 0.04216201000008368
INFO:root:################ TRAIN epoch 111 ###################
INFO:root:TRAIN mean losses tensor(1.2866)
INFO:root:TRAIN mean errors 0.2432624101638794
INFO:root:TRAIN mean MRR 0.0 - mean MAP 0.9481494426727295
INFO:root:TRAIN tp {0: tensor(2), 1: tensor(1065)},fn {0: tensor(341), 1: tensor(2)},fp {0: tensor(2), 1: tensor(341)}
INFO:root:TRAIN measures microavg - precision 0.7567 - recall 0.7567 - f1 0.7567 
INFO:root:TRAIN measures for class 0 - precision 0.5000 - recall 0.0058 - f1 0.0115 
INFO:root:TRAIN measures for class 1 - precision 0.7575 - recall 0.9981 - f1 0.8613 
INFO:root:TRAIN measures@10 microavg - precision 0.6686 - recall 0.1631 - f1 0.2623 
INFO:root:TRAIN measures@10 for class 0 - precision 0.4679 - recall 0.2128 - f1 0.2926 
INFO:root:TRAIN measures@10 for class 1 - precision 0.8351 - recall 0.1471 - f1 0.2502 
INFO:root:TRAIN measures@100 microavg - precision 0.3773 - recall 0.3773 - f1 0.3773 
INFO:root:TRAIN measures@100 for class 0 - precision 0.2525 - recall 0.7959 - f1 0.3834 
INFO:root:TRAIN measures@100 for class 1 - precision 0.7872 - recall 0.2427 - f1 0.3711 
INFO:root:TRAIN measures@1000 microavg - precision 0.3773 - recall 0.3773 - f1 0.3773 
INFO:root:TRAIN measures@1000 for class 0 - precision 0.2525 - recall 0.7959 - f1 0.3834 
INFO:root:TRAIN measures@1000 for class 1 - precision 0.7872 - recall 0.2427 - f1 0.3711 
INFO:root:TRAIN Total epoch time: 0.40563079999992624
INFO:root:################ VALID epoch 111 ###################
INFO:root:VALID mean losses tensor(1.2196)
INFO:root:VALID mean errors 0.24113474786281586
INFO:root:VALID mean MRR 0.0 - mean MAP 0.9486455321311951
INFO:root:VALID tp {0: tensor(1), 1: tensor(213)},fn {0: tensor(68), 1: tensor(0)},fp {0: tensor(0), 1: tensor(68)}
INFO:root:VALID measures microavg - precision 0.7589 - recall 0.7589 - f1 0.7589 
INFO:root:VALID measures for class 0 - precision 1.0000 - recall 0.0145 - f1 0.0286 
INFO:root:VALID measures for class 1 - precision 0.7580 - recall 1.0000 - f1 0.8623 
INFO:root:VALID measures@10 microavg - precision 0.6951 - recall 0.2021 - f1 0.3132 
INFO:root:VALID measures@10 for class 0 - precision 0.5357 - recall 0.2174 - f1 0.3093 
INFO:root:VALID measures@10 for class 1 - precision 0.7778 - recall 0.1972 - f1 0.3146 
INFO:root:VALID measures@100 microavg - precision 0.4255 - recall 0.4255 - f1 0.4255 
INFO:root:VALID measures@100 for class 0 - precision 0.2663 - recall 0.7681 - f1 0.3955 
INFO:root:VALID measures@100 for class 1 - precision 0.8072 - recall 0.3146 - f1 0.4527 
INFO:root:VALID measures@1000 microavg - precision 0.4255 - recall 0.4255 - f1 0.4255 
INFO:root:VALID measures@1000 for class 0 - precision 0.2663 - recall 0.7681 - f1 0.3955 
INFO:root:VALID measures@1000 for class 1 - precision 0.8072 - recall 0.3146 - f1 0.4527 
INFO:root:VALID Total epoch time: 0.041117402000054426
INFO:root:################ TRAIN epoch 112 ###################
INFO:root:TRAIN mean losses tensor(1.0731)
INFO:root:TRAIN mean errors 0.24397163093090057
INFO:root:TRAIN mean MRR 0.0 - mean MAP 0.9495600461959839
INFO:root:TRAIN tp {0: tensor(0), 1: tensor(1066)},fn {0: tensor(343), 1: tensor(1)},fp {0: tensor(1), 1: tensor(343)}
INFO:root:TRAIN measures microavg - precision 0.7560 - recall 0.7560 - f1 0.7560 
INFO:root:TRAIN measures for class 0 - precision 0.0000 - recall 0.0000 - f1 0.0000 
INFO:root:TRAIN measures for class 1 - precision 0.7566 - recall 0.9991 - f1 0.8611 
INFO:root:TRAIN measures@10 microavg - precision 0.6991 - recall 0.1730 - f1 0.2774 
INFO:root:TRAIN measures@10 for class 0 - precision 0.5774 - recall 0.2828 - f1 0.3796 
INFO:root:TRAIN measures@10 for class 1 - precision 0.8122 - recall 0.1378 - f1 0.2356 
INFO:root:TRAIN measures@100 microavg - precision 0.3525 - recall 0.3525 - f1 0.3525 
INFO:root:TRAIN measures@100 for class 0 - precision 0.2482 - recall 0.8192 - f1 0.3810 
INFO:root:TRAIN measures@100 for class 1 - precision 0.7770 - recall 0.2024 - f1 0.3212 
INFO:root:TRAIN measures@1000 microavg - precision 0.3525 - recall 0.3525 - f1 0.3525 
INFO:root:TRAIN measures@1000 for class 0 - precision 0.2482 - recall 0.8192 - f1 0.3810 
INFO:root:TRAIN measures@1000 for class 1 - precision 0.7770 - recall 0.2024 - f1 0.3212 
INFO:root:TRAIN Total epoch time: 0.4060999879998235
INFO:root:################ VALID epoch 112 ###################
INFO:root:VALID mean losses tensor(1.2395)
INFO:root:VALID mean errors 0.25531914830207825
INFO:root:VALID mean MRR 0.0 - mean MAP 0.9386212229728699
INFO:root:VALID tp {0: tensor(2), 1: tensor(208)},fn {0: tensor(67), 1: tensor(5)},fp {0: tensor(5), 1: tensor(67)}
INFO:root:VALID measures microavg - precision 0.7447 - recall 0.7447 - f1 0.7447 
INFO:root:VALID measures for class 0 - precision 0.2857 - recall 0.0290 - f1 0.0526 
INFO:root:VALID measures for class 1 - precision 0.7564 - recall 0.9765 - f1 0.8525 
INFO:root:VALID measures@10 microavg - precision 0.5362 - recall 0.1312 - f1 0.2108 
INFO:root:VALID measures@10 for class 0 - precision 0.4400 - recall 0.3188 - f1 0.3697 
INFO:root:VALID measures@10 for class 1 - precision 0.7895 - recall 0.0704 - f1 0.1293 
INFO:root:VALID measures@100 microavg - precision 0.2837 - recall 0.2837 - f1 0.2837 
INFO:root:VALID measures@100 for class 0 - precision 0.2471 - recall 0.9420 - f1 0.3916 
INFO:root:VALID measures@100 for class 1 - precision 0.7895 - recall 0.0704 - f1 0.1293 
INFO:root:VALID measures@1000 microavg - precision 0.2837 - recall 0.2837 - f1 0.2837 
INFO:root:VALID measures@1000 for class 0 - precision 0.2471 - recall 0.9420 - f1 0.3916 
INFO:root:VALID measures@1000 for class 1 - precision 0.7895 - recall 0.0704 - f1 0.1293 
INFO:root:VALID Total epoch time: 0.04195881500027099
INFO:root:################ TRAIN epoch 113 ###################
INFO:root:TRAIN mean losses tensor(0.9758)
INFO:root:TRAIN mean errors 0.2432624101638794
INFO:root:TRAIN mean MRR 0.0 - mean MAP 0.9464361667633057
INFO:root:TRAIN tp {0: tensor(0), 1: tensor(1067)},fn {0: tensor(343), 1: tensor(0)},fp {0: tensor(0), 1: tensor(343)}
INFO:root:TRAIN measures microavg - precision 0.7567 - recall 0.7567 - f1 0.7567 
INFO:root:TRAIN measures for class 0 - precision 0.0000 - recall 0.0000 - f1 0.0000 
INFO:root:TRAIN measures for class 1 - precision 0.7567 - recall 1.0000 - f1 0.8615 
INFO:root:TRAIN measures@10 microavg - precision 0.6751 - recall 0.1709 - f1 0.2728 
INFO:root:TRAIN measures@10 for class 0 - precision 0.5000 - recall 0.2449 - f1 0.3288 
INFO:root:TRAIN measures@10 for class 1 - precision 0.8307 - recall 0.1471 - f1 0.2500 
INFO:root:TRAIN measures@100 microavg - precision 0.3482 - recall 0.3482 - f1 0.3482 
INFO:root:TRAIN measures@100 for class 0 - precision 0.2526 - recall 0.8571 - f1 0.3902 
INFO:root:TRAIN measures@100 for class 1 - precision 0.8008 - recall 0.1846 - f1 0.3001 
INFO:root:TRAIN measures@1000 microavg - precision 0.3482 - recall 0.3482 - f1 0.3482 
INFO:root:TRAIN measures@1000 for class 0 - precision 0.2526 - recall 0.8571 - f1 0.3902 
INFO:root:TRAIN measures@1000 for class 1 - precision 0.8008 - recall 0.1846 - f1 0.3001 
INFO:root:TRAIN Total epoch time: 0.4040666529999726
INFO:root:################ VALID epoch 113 ###################
INFO:root:VALID mean losses tensor(1.0720)
INFO:root:VALID mean errors 0.24822695553302765
INFO:root:VALID mean MRR 0.0 - mean MAP 0.9312466979026794
INFO:root:VALID tp {0: tensor(0), 1: tensor(212)},fn {0: tensor(69), 1: tensor(1)},fp {0: tensor(1), 1: tensor(69)}
INFO:root:VALID measures microavg - precision 0.7518 - recall 0.7518 - f1 0.7518 
INFO:root:VALID measures for class 0 - precision 0.0000 - recall 0.0000 - f1 0.0000 
INFO:root:VALID measures for class 1 - precision 0.7544 - recall 0.9953 - f1 0.8583 
INFO:root:VALID measures@10 microavg - precision 0.6462 - recall 0.1489 - f1 0.2421 
INFO:root:VALID measures@10 for class 0 - precision 0.4333 - recall 0.1884 - f1 0.2626 
INFO:root:VALID measures@10 for class 1 - precision 0.8286 - recall 0.1362 - f1 0.2339 
INFO:root:VALID measures@100 microavg - precision 0.3688 - recall 0.3688 - f1 0.3688 
INFO:root:VALID measures@100 for class 0 - precision 0.2441 - recall 0.7536 - f1 0.3688 
INFO:root:VALID measures@100 for class 1 - precision 0.7536 - recall 0.2441 - f1 0.3688 
INFO:root:VALID measures@1000 microavg - precision 0.3688 - recall 0.3688 - f1 0.3688 
INFO:root:VALID measures@1000 for class 0 - precision 0.2441 - recall 0.7536 - f1 0.3688 
INFO:root:VALID measures@1000 for class 1 - precision 0.7536 - recall 0.2441 - f1 0.3688 
INFO:root:VALID Total epoch time: 0.041266799999903014
INFO:root:################ TRAIN epoch 114 ###################
INFO:root:TRAIN mean losses tensor(1.2874)
INFO:root:TRAIN mean errors 0.24468085169792175
INFO:root:TRAIN mean MRR 0.0 - mean MAP 0.9449914693832397
INFO:root:TRAIN tp {0: tensor(0), 1: tensor(1065)},fn {0: tensor(343), 1: tensor(2)},fp {0: tensor(2), 1: tensor(343)}
INFO:root:TRAIN measures microavg - precision 0.7553 - recall 0.7553 - f1 0.7553 
INFO:root:TRAIN measures for class 0 - precision 0.0000 - recall 0.0000 - f1 0.0000 
INFO:root:TRAIN measures for class 1 - precision 0.7564 - recall 0.9981 - f1 0.8606 
INFO:root:TRAIN measures@10 microavg - precision 0.7300 - recall 0.1879 - f1 0.2989 
INFO:root:TRAIN measures@10 for class 0 - precision 0.4959 - recall 0.1778 - f1 0.2618 
INFO:root:TRAIN measures@10 for class 1 - precision 0.8500 - recall 0.1912 - f1 0.3122 
INFO:root:TRAIN measures@100 microavg - precision 0.4121 - recall 0.4121 - f1 0.4121 
INFO:root:TRAIN measures@100 for class 0 - precision 0.2505 - recall 0.7114 - f1 0.3705 
INFO:root:TRAIN measures@100 for class 1 - precision 0.7729 - recall 0.3158 - f1 0.4484 
INFO:root:TRAIN measures@1000 microavg - precision 0.4121 - recall 0.4121 - f1 0.4121 
INFO:root:TRAIN measures@1000 for class 0 - precision 0.2505 - recall 0.7114 - f1 0.3705 
INFO:root:TRAIN measures@1000 for class 1 - precision 0.7729 - recall 0.3158 - f1 0.4484 
INFO:root:TRAIN Total epoch time: 0.403316998000264
INFO:root:################ VALID epoch 114 ###################
INFO:root:VALID mean losses tensor(1.1125)
INFO:root:VALID mean errors 0.24822695553302765
INFO:root:VALID mean MRR 0.0 - mean MAP 0.9117639660835266
INFO:root:VALID tp {0: tensor(0), 1: tensor(212)},fn {0: tensor(69), 1: tensor(1)},fp {0: tensor(1), 1: tensor(69)}
INFO:root:VALID measures microavg - precision 0.7518 - recall 0.7518 - f1 0.7518 
INFO:root:VALID measures for class 0 - precision 0.0000 - recall 0.0000 - f1 0.0000 
INFO:root:VALID measures for class 1 - precision 0.7544 - recall 0.9953 - f1 0.8583 
INFO:root:VALID measures@10 microavg - precision 0.6622 - recall 0.1738 - f1 0.2753 
INFO:root:VALID measures@10 for class 0 - precision 0.3704 - recall 0.1449 - f1 0.2083 
INFO:root:VALID measures@10 for class 1 - precision 0.8298 - recall 0.1831 - f1 0.3000 
INFO:root:VALID measures@100 microavg - precision 0.3865 - recall 0.3865 - f1 0.3865 
INFO:root:VALID measures@100 for class 0 - precision 0.2593 - recall 0.8116 - f1 0.3930 
INFO:root:VALID measures@100 for class 1 - precision 0.8030 - recall 0.2488 - f1 0.3799 
INFO:root:VALID measures@1000 microavg - precision 0.3865 - recall 0.3865 - f1 0.3865 
INFO:root:VALID measures@1000 for class 0 - precision 0.2593 - recall 0.8116 - f1 0.3930 
INFO:root:VALID measures@1000 for class 1 - precision 0.8030 - recall 0.2488 - f1 0.3799 
INFO:root:VALID Total epoch time: 0.04130345999965357
INFO:root:################ TRAIN epoch 115 ###################
INFO:root:TRAIN mean losses tensor(0.9692)
INFO:root:TRAIN mean errors 0.24468085169792175
INFO:root:TRAIN mean MRR 0.0 - mean MAP 0.9500047564506531
INFO:root:TRAIN tp {0: tensor(0), 1: tensor(1065)},fn {0: tensor(343), 1: tensor(2)},fp {0: tensor(2), 1: tensor(343)}
INFO:root:TRAIN measures microavg - precision 0.7553 - recall 0.7553 - f1 0.7553 
INFO:root:TRAIN measures for class 0 - precision 0.0000 - recall 0.0000 - f1 0.0000 
INFO:root:TRAIN measures for class 1 - precision 0.7564 - recall 0.9981 - f1 0.8606 
INFO:root:TRAIN measures@10 microavg - precision 0.7224 - recall 0.1809 - f1 0.2893 
INFO:root:TRAIN measures@10 for class 0 - precision 0.5584 - recall 0.2507 - f1 0.3461 
INFO:root:TRAIN measures@10 for class 1 - precision 0.8492 - recall 0.1584 - f1 0.2670 
INFO:root:TRAIN measures@100 microavg - precision 0.3780 - recall 0.3780 - f1 0.3780 
INFO:root:TRAIN measures@100 for class 0 - precision 0.2595 - recall 0.8397 - f1 0.3964 
INFO:root:TRAIN measures@100 for class 1 - precision 0.8167 - recall 0.2296 - f1 0.3584 
INFO:root:TRAIN measures@1000 microavg - precision 0.3780 - recall 0.3780 - f1 0.3780 
INFO:root:TRAIN measures@1000 for class 0 - precision 0.2595 - recall 0.8397 - f1 0.3964 
INFO:root:TRAIN measures@1000 for class 1 - precision 0.8167 - recall 0.2296 - f1 0.3584 
INFO:root:TRAIN Total epoch time: 0.40492629100026534
INFO:root:################ VALID epoch 115 ###################
INFO:root:VALID mean losses tensor(1.0407)
INFO:root:VALID mean errors 0.24468085169792175
INFO:root:VALID mean MRR 0.0 - mean MAP 0.9199780225753784
INFO:root:VALID tp {0: tensor(0), 1: tensor(213)},fn {0: tensor(69), 1: tensor(0)},fp {0: tensor(0), 1: tensor(69)}
INFO:root:VALID measures microavg - precision 0.7553 - recall 0.7553 - f1 0.7553 
INFO:root:VALID measures for class 0 - precision 0.0000 - recall 0.0000 - f1 0.0000 
INFO:root:VALID measures for class 1 - precision 0.7553 - recall 1.0000 - f1 0.8606 
INFO:root:VALID measures@10 microavg - precision 0.6892 - recall 0.1809 - f1 0.2865 
INFO:root:VALID measures@10 for class 0 - precision 0.5556 - recall 0.2174 - f1 0.3125 
INFO:root:VALID measures@10 for class 1 - precision 0.7660 - recall 0.1690 - f1 0.2769 
INFO:root:VALID measures@100 microavg - precision 0.4397 - recall 0.4397 - f1 0.4397 
INFO:root:VALID measures@100 for class 0 - precision 0.2595 - recall 0.6957 - f1 0.3780 
INFO:root:VALID measures@100 for class 1 - precision 0.7835 - recall 0.3568 - f1 0.4903 
INFO:root:VALID measures@1000 microavg - precision 0.4397 - recall 0.4397 - f1 0.4397 
INFO:root:VALID measures@1000 for class 0 - precision 0.2595 - recall 0.6957 - f1 0.3780 
INFO:root:VALID measures@1000 for class 1 - precision 0.7835 - recall 0.3568 - f1 0.4903 
INFO:root:VALID Total epoch time: 0.042011325000203215
INFO:root:################ TRAIN epoch 116 ###################
INFO:root:TRAIN mean losses tensor(0.9628)
INFO:root:TRAIN mean errors 0.24255318939685822
INFO:root:TRAIN mean MRR 0.0 - mean MAP 0.9507371187210083
INFO:root:TRAIN tp {0: tensor(1), 1: tensor(1067)},fn {0: tensor(342), 1: tensor(0)},fp {0: tensor(0), 1: tensor(342)}
INFO:root:TRAIN measures microavg - precision 0.7574 - recall 0.7574 - f1 0.7574 
INFO:root:TRAIN measures for class 0 - precision 1.0000 - recall 0.0029 - f1 0.0058 
INFO:root:TRAIN measures for class 1 - precision 0.7573 - recall 1.0000 - f1 0.8619 
INFO:root:TRAIN measures@10 microavg - precision 0.6532 - recall 0.1603 - f1 0.2574 
INFO:root:TRAIN measures@10 for class 0 - precision 0.5250 - recall 0.3061 - f1 0.3867 
INFO:root:TRAIN measures@10 for class 1 - precision 0.8288 - recall 0.1134 - f1 0.1995 
INFO:root:TRAIN measures@100 microavg - precision 0.3220 - recall 0.3220 - f1 0.3220 
INFO:root:TRAIN measures@100 for class 0 - precision 0.2514 - recall 0.9038 - f1 0.3934 
INFO:root:TRAIN measures@100 for class 1 - precision 0.8136 - recall 0.1350 - f1 0.2315 
INFO:root:TRAIN measures@1000 microavg - precision 0.3220 - recall 0.3220 - f1 0.3220 
INFO:root:TRAIN measures@1000 for class 0 - precision 0.2514 - recall 0.9038 - f1 0.3934 
INFO:root:TRAIN measures@1000 for class 1 - precision 0.8136 - recall 0.1350 - f1 0.2315 
INFO:root:TRAIN Total epoch time: 0.4063591079998332
INFO:root:################ VALID epoch 116 ###################
INFO:root:VALID mean losses tensor(0.9398)
INFO:root:VALID mean errors 0.24468085169792175
INFO:root:VALID mean MRR 0.0 - mean MAP 0.942865252494812
INFO:root:VALID tp {0: tensor(0), 1: tensor(213)},fn {0: tensor(69), 1: tensor(0)},fp {0: tensor(0), 1: tensor(69)}
INFO:root:VALID measures microavg - precision 0.7553 - recall 0.7553 - f1 0.7553 
INFO:root:VALID measures for class 0 - precision 0.0000 - recall 0.0000 - f1 0.0000 
INFO:root:VALID measures for class 1 - precision 0.7553 - recall 1.0000 - f1 0.8606 
INFO:root:VALID measures@10 microavg - precision 0.4603 - recall 0.1028 - f1 0.1681 
INFO:root:VALID measures@10 for class 0 - precision 0.4091 - recall 0.2609 - f1 0.3186 
INFO:root:VALID measures@10 for class 1 - precision 0.5789 - recall 0.0516 - f1 0.0948 
INFO:root:VALID measures@100 microavg - precision 0.2553 - recall 0.2553 - f1 0.2553 
INFO:root:VALID measures@100 for class 0 - precision 0.2319 - recall 0.8841 - f1 0.3675 
INFO:root:VALID measures@100 for class 1 - precision 0.5789 - recall 0.0516 - f1 0.0948 
INFO:root:VALID measures@1000 microavg - precision 0.2553 - recall 0.2553 - f1 0.2553 
INFO:root:VALID measures@1000 for class 0 - precision 0.2319 - recall 0.8841 - f1 0.3675 
INFO:root:VALID measures@1000 for class 1 - precision 0.5789 - recall 0.0516 - f1 0.0948 
INFO:root:VALID Total epoch time: 0.04168839400017532
INFO:root:################ TRAIN epoch 117 ###################
INFO:root:TRAIN mean losses tensor(1.1327)
INFO:root:TRAIN mean errors 0.24255318939685822
INFO:root:TRAIN mean MRR 0.0 - mean MAP 0.9526081681251526
INFO:root:TRAIN tp {0: tensor(3), 1: tensor(1065)},fn {0: tensor(340), 1: tensor(2)},fp {0: tensor(2), 1: tensor(340)}
INFO:root:TRAIN measures microavg - precision 0.7574 - recall 0.7574 - f1 0.7574 
INFO:root:TRAIN measures for class 0 - precision 0.6000 - recall 0.0087 - f1 0.0172 
INFO:root:TRAIN measures for class 1 - precision 0.7580 - recall 0.9981 - f1 0.8617 
INFO:root:TRAIN measures@10 microavg - precision 0.7086 - recall 0.1879 - f1 0.2971 
INFO:root:TRAIN measures@10 for class 0 - precision 0.5574 - recall 0.2974 - f1 0.3878 
INFO:root:TRAIN measures@10 for class 1 - precision 0.8534 - recall 0.1528 - f1 0.2591 
INFO:root:TRAIN measures@100 microavg - precision 0.3539 - recall 0.3539 - f1 0.3539 
INFO:root:TRAIN measures@100 for class 0 - precision 0.2564 - recall 0.8717 - f1 0.3963 
INFO:root:TRAIN measures@100 for class 1 - precision 0.8197 - recall 0.1874 - f1 0.3051 
INFO:root:TRAIN measures@1000 microavg - precision 0.3539 - recall 0.3539 - f1 0.3539 
INFO:root:TRAIN measures@1000 for class 0 - precision 0.2564 - recall 0.8717 - f1 0.3963 
INFO:root:TRAIN measures@1000 for class 1 - precision 0.8197 - recall 0.1874 - f1 0.3051 
INFO:root:TRAIN Total epoch time: 0.4056831099996998
INFO:root:################ VALID epoch 117 ###################
INFO:root:VALID mean losses tensor(1.2391)
INFO:root:VALID mean errors 0.24468085169792175
INFO:root:VALID mean MRR 0.0 - mean MAP 0.9466474652290344
INFO:root:VALID tp {0: tensor(0), 1: tensor(213)},fn {0: tensor(69), 1: tensor(0)},fp {0: tensor(0), 1: tensor(69)}
INFO:root:VALID measures microavg - precision 0.7553 - recall 0.7553 - f1 0.7553 
INFO:root:VALID measures for class 0 - precision 0.0000 - recall 0.0000 - f1 0.0000 
INFO:root:VALID measures for class 1 - precision 0.7553 - recall 1.0000 - f1 0.8606 
INFO:root:VALID measures@10 microavg - precision 0.7273 - recall 0.1986 - f1 0.3120 
INFO:root:VALID measures@10 for class 0 - precision 0.5200 - recall 0.1884 - f1 0.2766 
INFO:root:VALID measures@10 for class 1 - precision 0.8269 - recall 0.2019 - f1 0.3245 
INFO:root:VALID measures@100 microavg - precision 0.4504 - recall 0.4504 - f1 0.4504 
INFO:root:VALID measures@100 for class 0 - precision 0.2784 - recall 0.7826 - f1 0.4106 
INFO:root:VALID measures@100 for class 1 - precision 0.8295 - recall 0.3427 - f1 0.4850 
INFO:root:VALID measures@1000 microavg - precision 0.4504 - recall 0.4504 - f1 0.4504 
INFO:root:VALID measures@1000 for class 0 - precision 0.2784 - recall 0.7826 - f1 0.4106 
INFO:root:VALID measures@1000 for class 1 - precision 0.8295 - recall 0.3427 - f1 0.4850 
INFO:root:VALID Total epoch time: 0.041766864999772224
INFO:root:################ TRAIN epoch 118 ###################
INFO:root:TRAIN mean losses tensor(1.0875)
INFO:root:TRAIN mean errors 0.24468085169792175
INFO:root:TRAIN mean MRR 0.0 - mean MAP 0.9492323398590088
INFO:root:TRAIN tp {0: tensor(0), 1: tensor(1065)},fn {0: tensor(343), 1: tensor(2)},fp {0: tensor(2), 1: tensor(343)}
INFO:root:TRAIN measures microavg - precision 0.7553 - recall 0.7553 - f1 0.7553 
INFO:root:TRAIN measures for class 0 - precision 0.0000 - recall 0.0000 - f1 0.0000 
INFO:root:TRAIN measures for class 1 - precision 0.7564 - recall 0.9981 - f1 0.8606 
INFO:root:TRAIN measures@10 microavg - precision 0.6789 - recall 0.1709 - f1 0.2731 
INFO:root:TRAIN measures@10 for class 0 - precision 0.5000 - recall 0.2303 - f1 0.3154 
INFO:root:TRAIN measures@10 for class 1 - precision 0.8223 - recall 0.1518 - f1 0.2563 
INFO:root:TRAIN measures@100 microavg - precision 0.3539 - recall 0.3539 - f1 0.3539 
INFO:root:TRAIN measures@100 for class 0 - precision 0.2496 - recall 0.8251 - f1 0.3832 
INFO:root:TRAIN measures@100 for class 1 - precision 0.7826 - recall 0.2024 - f1 0.3217 
INFO:root:TRAIN measures@1000 microavg - precision 0.3539 - recall 0.3539 - f1 0.3539 
INFO:root:TRAIN measures@1000 for class 0 - precision 0.2496 - recall 0.8251 - f1 0.3832 
INFO:root:TRAIN measures@1000 for class 1 - precision 0.7826 - recall 0.2024 - f1 0.3217 
INFO:root:TRAIN Total epoch time: 0.40499697999985074
INFO:root:################ VALID epoch 118 ###################
INFO:root:VALID mean losses tensor(0.9215)
INFO:root:VALID mean errors 0.24468085169792175
INFO:root:VALID mean MRR 0.0 - mean MAP 0.9494830369949341
INFO:root:VALID tp {0: tensor(0), 1: tensor(213)},fn {0: tensor(69), 1: tensor(0)},fp {0: tensor(0), 1: tensor(69)}
INFO:root:VALID measures microavg - precision 0.7553 - recall 0.7553 - f1 0.7553 
INFO:root:VALID measures for class 0 - precision 0.0000 - recall 0.0000 - f1 0.0000 
INFO:root:VALID measures for class 1 - precision 0.7553 - recall 1.0000 - f1 0.8606 
INFO:root:VALID measures@10 microavg - precision 0.6515 - recall 0.1525 - f1 0.2471 
INFO:root:VALID measures@10 for class 0 - precision 0.4839 - recall 0.2174 - f1 0.3000 
INFO:root:VALID measures@10 for class 1 - precision 0.8000 - recall 0.1315 - f1 0.2258 
INFO:root:VALID measures@100 microavg - precision 0.3440 - recall 0.3440 - f1 0.3440 
INFO:root:VALID measures@100 for class 0 - precision 0.2542 - recall 0.8696 - f1 0.3934 
INFO:root:VALID measures@100 for class 1 - precision 0.8043 - recall 0.1737 - f1 0.2857 
INFO:root:VALID measures@1000 microavg - precision 0.3440 - recall 0.3440 - f1 0.3440 
INFO:root:VALID measures@1000 for class 0 - precision 0.2542 - recall 0.8696 - f1 0.3934 
INFO:root:VALID measures@1000 for class 1 - precision 0.8043 - recall 0.1737 - f1 0.2857 
INFO:root:VALID Total epoch time: 0.04222160299968891
INFO:root:################ TRAIN epoch 119 ###################
INFO:root:TRAIN mean losses tensor(0.9507)
INFO:root:TRAIN mean errors 0.2432624101638794
INFO:root:TRAIN mean MRR 0.0 - mean MAP 0.9462403059005737
INFO:root:TRAIN tp {0: tensor(0), 1: tensor(1067)},fn {0: tensor(343), 1: tensor(0)},fp {0: tensor(0), 1: tensor(343)}
INFO:root:TRAIN measures microavg - precision 0.7567 - recall 0.7567 - f1 0.7567 
INFO:root:TRAIN measures for class 0 - precision 0.0000 - recall 0.0000 - f1 0.0000 
INFO:root:TRAIN measures for class 1 - precision 0.7567 - recall 1.0000 - f1 0.8615 
INFO:root:TRAIN measures@10 microavg - precision 0.6893 - recall 0.1730 - f1 0.2766 
INFO:root:TRAIN measures@10 for class 0 - precision 0.5000 - recall 0.2653 - f1 0.3467 
INFO:root:TRAIN measures@10 for class 1 - precision 0.8895 - recall 0.1434 - f1 0.2470 
INFO:root:TRAIN measures@100 microavg - precision 0.3553 - recall 0.3553 - f1 0.3553 
INFO:root:TRAIN measures@100 for class 0 - precision 0.2598 - recall 0.8921 - f1 0.4024 
INFO:root:TRAIN measures@100 for class 1 - precision 0.8405 - recall 0.1828 - f1 0.3002 
INFO:root:TRAIN measures@1000 microavg - precision 0.3553 - recall 0.3553 - f1 0.3553 
INFO:root:TRAIN measures@1000 for class 0 - precision 0.2598 - recall 0.8921 - f1 0.4024 
INFO:root:TRAIN measures@1000 for class 1 - precision 0.8405 - recall 0.1828 - f1 0.3002 
INFO:root:TRAIN Total epoch time: 0.4069345349998912
INFO:root:################ VALID epoch 119 ###################
INFO:root:VALID mean losses tensor(0.9877)
INFO:root:VALID mean errors 0.24468085169792175
INFO:root:VALID mean MRR 0.0 - mean MAP 0.945353090763092
INFO:root:VALID tp {0: tensor(0), 1: tensor(213)},fn {0: tensor(69), 1: tensor(0)},fp {0: tensor(0), 1: tensor(69)}
INFO:root:VALID measures microavg - precision 0.7553 - recall 0.7553 - f1 0.7553 
INFO:root:VALID measures for class 0 - precision 0.0000 - recall 0.0000 - f1 0.0000 
INFO:root:VALID measures for class 1 - precision 0.7553 - recall 1.0000 - f1 0.8606 
INFO:root:VALID measures@10 microavg - precision 0.6212 - recall 0.1454 - f1 0.2356 
INFO:root:VALID measures@10 for class 0 - precision 0.4651 - recall 0.2899 - f1 0.3571 
INFO:root:VALID measures@10 for class 1 - precision 0.9130 - recall 0.0986 - f1 0.1780 
INFO:root:VALID measures@100 microavg - precision 0.3085 - recall 0.3085 - f1 0.3085 
INFO:root:VALID measures@100 for class 0 - precision 0.2460 - recall 0.8841 - f1 0.3849 
INFO:root:VALID measures@100 for class 1 - precision 0.7647 - recall 0.1221 - f1 0.2105 
INFO:root:VALID measures@1000 microavg - precision 0.3085 - recall 0.3085 - f1 0.3085 
INFO:root:VALID measures@1000 for class 0 - precision 0.2460 - recall 0.8841 - f1 0.3849 
INFO:root:VALID measures@1000 for class 1 - precision 0.7647 - recall 0.1221 - f1 0.2105 
INFO:root:VALID Total epoch time: 0.041815130000031786
INFO:root:################ TRAIN epoch 120 ###################
INFO:root:TRAIN mean losses tensor(0.9553)
INFO:root:TRAIN mean errors 0.2432624101638794
INFO:root:TRAIN mean MRR 0.0 - mean MAP 0.946500837802887
INFO:root:TRAIN tp {0: tensor(0), 1: tensor(1067)},fn {0: tensor(343), 1: tensor(0)},fp {0: tensor(0), 1: tensor(343)}
INFO:root:TRAIN measures microavg - precision 0.7567 - recall 0.7567 - f1 0.7567 
INFO:root:TRAIN measures for class 0 - precision 0.0000 - recall 0.0000 - f1 0.0000 
INFO:root:TRAIN measures for class 1 - precision 0.7567 - recall 1.0000 - f1 0.8615 
INFO:root:TRAIN measures@10 microavg - precision 0.6336 - recall 0.1496 - f1 0.2421 
INFO:root:TRAIN measures@10 for class 0 - precision 0.4611 - recall 0.2420 - f1 0.3174 
INFO:root:TRAIN measures@10 for class 1 - precision 0.8366 - recall 0.1200 - f1 0.2098 
INFO:root:TRAIN measures@100 microavg - precision 0.3362 - recall 0.3362 - f1 0.3362 
INFO:root:TRAIN measures@100 for class 0 - precision 0.2506 - recall 0.8688 - f1 0.3890 
INFO:root:TRAIN measures@100 for class 1 - precision 0.7964 - recall 0.1649 - f1 0.2733 
INFO:root:TRAIN measures@1000 microavg - precision 0.3362 - recall 0.3362 - f1 0.3362 
INFO:root:TRAIN measures@1000 for class 0 - precision 0.2506 - recall 0.8688 - f1 0.3890 
INFO:root:TRAIN measures@1000 for class 1 - precision 0.7964 - recall 0.1649 - f1 0.2733 
INFO:root:TRAIN Total epoch time: 0.40536878100010654
INFO:root:################ VALID epoch 120 ###################
INFO:root:VALID mean losses tensor(0.9239)
INFO:root:VALID mean errors 0.24468085169792175
INFO:root:VALID mean MRR 0.0 - mean MAP 0.944379985332489
INFO:root:VALID tp {0: tensor(0), 1: tensor(213)},fn {0: tensor(69), 1: tensor(0)},fp {0: tensor(0), 1: tensor(69)}
INFO:root:VALID measures microavg - precision 0.7553 - recall 0.7553 - f1 0.7553 
INFO:root:VALID measures for class 0 - precision 0.0000 - recall 0.0000 - f1 0.0000 
INFO:root:VALID measures for class 1 - precision 0.7553 - recall 1.0000 - f1 0.8606 
INFO:root:VALID measures@10 microavg - precision 0.5625 - recall 0.1277 - f1 0.2081 
INFO:root:VALID measures@10 for class 0 - precision 0.4681 - recall 0.3188 - f1 0.3793 
INFO:root:VALID measures@10 for class 1 - precision 0.8235 - recall 0.0657 - f1 0.1217 
INFO:root:VALID measures@100 microavg - precision 0.2837 - recall 0.2837 - f1 0.2837 
INFO:root:VALID measures@100 for class 0 - precision 0.2491 - recall 0.9565 - f1 0.3952 
INFO:root:VALID measures@100 for class 1 - precision 0.8235 - recall 0.0657 - f1 0.1217 
INFO:root:VALID measures@1000 microavg - precision 0.2837 - recall 0.2837 - f1 0.2837 
INFO:root:VALID measures@1000 for class 0 - precision 0.2491 - recall 0.9565 - f1 0.3952 
INFO:root:VALID measures@1000 for class 1 - precision 0.8235 - recall 0.0657 - f1 0.1217 
INFO:root:VALID Total epoch time: 0.0419331569996757
INFO:root:################ TRAIN epoch 121 ###################
INFO:root:TRAIN mean losses tensor(0.9372)
INFO:root:TRAIN mean errors 0.2432624101638794
INFO:root:TRAIN mean MRR 0.0 - mean MAP 0.9491154551506042
INFO:root:TRAIN tp {0: tensor(0), 1: tensor(1067)},fn {0: tensor(343), 1: tensor(0)},fp {0: tensor(0), 1: tensor(343)}
INFO:root:TRAIN measures microavg - precision 0.7567 - recall 0.7567 - f1 0.7567 
INFO:root:TRAIN measures for class 0 - precision 0.0000 - recall 0.0000 - f1 0.0000 
INFO:root:TRAIN measures for class 1 - precision 0.7567 - recall 1.0000 - f1 0.8615 
INFO:root:TRAIN measures@10 microavg - precision 0.6750 - recall 0.1723 - f1 0.2746 
INFO:root:TRAIN measures@10 for class 0 - precision 0.5089 - recall 0.2507 - f1 0.3359 
INFO:root:TRAIN measures@10 for class 1 - precision 0.8220 - recall 0.1471 - f1 0.2496 
INFO:root:TRAIN measures@100 microavg - precision 0.3390 - recall 0.3390 - f1 0.3390 
INFO:root:TRAIN measures@100 for class 0 - precision 0.2527 - recall 0.8776 - f1 0.3924 
INFO:root:TRAIN measures@100 for class 1 - precision 0.8082 - recall 0.1659 - f1 0.2753 
INFO:root:TRAIN measures@1000 microavg - precision 0.3390 - recall 0.3390 - f1 0.3390 
INFO:root:TRAIN measures@1000 for class 0 - precision 0.2527 - recall 0.8776 - f1 0.3924 
INFO:root:TRAIN measures@1000 for class 1 - precision 0.8082 - recall 0.1659 - f1 0.2753 
INFO:root:TRAIN Total epoch time: 0.49500343499994415
INFO:root:################ VALID epoch 121 ###################
INFO:root:VALID mean losses tensor(0.9335)
INFO:root:VALID mean errors 0.24468085169792175
INFO:root:VALID mean MRR 0.0 - mean MAP 0.9498794078826904
INFO:root:VALID tp {0: tensor(0), 1: tensor(213)},fn {0: tensor(69), 1: tensor(0)},fp {0: tensor(0), 1: tensor(69)}
INFO:root:VALID measures microavg - precision 0.7553 - recall 0.7553 - f1 0.7553 
INFO:root:VALID measures for class 0 - precision 0.0000 - recall 0.0000 - f1 0.0000 
INFO:root:VALID measures for class 1 - precision 0.7553 - recall 1.0000 - f1 0.8606 
INFO:root:VALID measures@10 microavg - precision 0.7143 - recall 0.1773 - f1 0.2841 
INFO:root:VALID measures@10 for class 0 - precision 0.5882 - recall 0.2899 - f1 0.3883 
INFO:root:VALID measures@10 for class 1 - precision 0.8333 - recall 0.1408 - f1 0.2410 
INFO:root:VALID measures@100 microavg - precision 0.3404 - recall 0.3404 - f1 0.3404 
INFO:root:VALID measures@100 for class 0 - precision 0.2552 - recall 0.8841 - f1 0.3961 
INFO:root:VALID measures@100 for class 1 - precision 0.8140 - recall 0.1643 - f1 0.2734 
INFO:root:VALID measures@1000 microavg - precision 0.3404 - recall 0.3404 - f1 0.3404 
INFO:root:VALID measures@1000 for class 0 - precision 0.2552 - recall 0.8841 - f1 0.3961 
INFO:root:VALID measures@1000 for class 1 - precision 0.8140 - recall 0.1643 - f1 0.2734 
INFO:root:VALID Total epoch time: 0.04509701699998914
INFO:root:################ TRAIN epoch 122 ###################
INFO:root:TRAIN mean losses tensor(0.9069)
INFO:root:TRAIN mean errors 0.2432624101638794
INFO:root:TRAIN mean MRR 0.0 - mean MAP 0.9517655968666077
INFO:root:TRAIN tp {0: tensor(0), 1: tensor(1067)},fn {0: tensor(343), 1: tensor(0)},fp {0: tensor(0), 1: tensor(343)}
INFO:root:TRAIN measures microavg - precision 0.7567 - recall 0.7567 - f1 0.7567 
INFO:root:TRAIN measures for class 0 - precision 0.0000 - recall 0.0000 - f1 0.0000 
INFO:root:TRAIN measures for class 1 - precision 0.7567 - recall 1.0000 - f1 0.8615 
INFO:root:TRAIN measures@10 microavg - precision 0.6676 - recall 0.1638 - f1 0.2631 
INFO:root:TRAIN measures@10 for class 0 - precision 0.5343 - recall 0.3178 - f1 0.3985 
INFO:root:TRAIN measures@10 for class 1 - precision 0.8592 - recall 0.1143 - f1 0.2018 
INFO:root:TRAIN measures@100 microavg - precision 0.3234 - recall 0.3234 - f1 0.3234 
INFO:root:TRAIN measures@100 for class 0 - precision 0.2546 - recall 0.9242 - f1 0.3992 
INFO:root:TRAIN measures@100 for class 1 - precision 0.8424 - recall 0.1303 - f1 0.2256 
INFO:root:TRAIN measures@1000 microavg - precision 0.3234 - recall 0.3234 - f1 0.3234 
INFO:root:TRAIN measures@1000 for class 0 - precision 0.2546 - recall 0.9242 - f1 0.3992 
INFO:root:TRAIN measures@1000 for class 1 - precision 0.8424 - recall 0.1303 - f1 0.2256 
INFO:root:TRAIN Total epoch time: 0.3939890199999354
INFO:root:################ VALID epoch 122 ###################
INFO:root:VALID mean losses tensor(0.8949)
INFO:root:VALID mean errors 0.24468085169792175
INFO:root:VALID mean MRR 0.0 - mean MAP 0.954250156879425
INFO:root:VALID tp {0: tensor(0), 1: tensor(213)},fn {0: tensor(69), 1: tensor(0)},fp {0: tensor(0), 1: tensor(69)}
INFO:root:VALID measures microavg - precision 0.7553 - recall 0.7553 - f1 0.7553 
INFO:root:VALID measures for class 0 - precision 0.0000 - recall 0.0000 - f1 0.0000 
INFO:root:VALID measures for class 1 - precision 0.7553 - recall 1.0000 - f1 0.8606 
INFO:root:VALID measures@10 microavg - precision 0.7077 - recall 0.1631 - f1 0.2651 
INFO:root:VALID measures@10 for class 0 - precision 0.5833 - recall 0.3043 - f1 0.4000 
INFO:root:VALID measures@10 for class 1 - precision 0.8621 - recall 0.1174 - f1 0.2066 
INFO:root:VALID measures@100 microavg - precision 0.3440 - recall 0.3440 - f1 0.3440 
INFO:root:VALID measures@100 for class 0 - precision 0.2623 - recall 0.9275 - f1 0.4089 
INFO:root:VALID measures@100 for class 1 - precision 0.8684 - recall 0.1549 - f1 0.2629 
INFO:root:VALID measures@1000 microavg - precision 0.3440 - recall 0.3440 - f1 0.3440 
INFO:root:VALID measures@1000 for class 0 - precision 0.2623 - recall 0.9275 - f1 0.4089 
INFO:root:VALID measures@1000 for class 1 - precision 0.8684 - recall 0.1549 - f1 0.2629 
INFO:root:VALID Total epoch time: 0.038271046000318165
INFO:root:################ TRAIN epoch 123 ###################
INFO:root:TRAIN mean losses tensor(0.9009)
INFO:root:TRAIN mean errors 0.2432624101638794
INFO:root:TRAIN mean MRR 0.0 - mean MAP 0.9523478150367737
INFO:root:TRAIN tp {0: tensor(0), 1: tensor(1067)},fn {0: tensor(343), 1: tensor(0)},fp {0: tensor(0), 1: tensor(343)}
INFO:root:TRAIN measures microavg - precision 0.7567 - recall 0.7567 - f1 0.7567 
INFO:root:TRAIN measures for class 0 - precision 0.0000 - recall 0.0000 - f1 0.0000 
INFO:root:TRAIN measures for class 1 - precision 0.7567 - recall 1.0000 - f1 0.8615 
INFO:root:TRAIN measures@10 microavg - precision 0.6598 - recall 0.1596 - f1 0.2570 
INFO:root:TRAIN measures@10 for class 0 - precision 0.5115 - recall 0.2595 - f1 0.3443 
INFO:root:TRAIN measures@10 for class 1 - precision 0.8144 - recall 0.1275 - f1 0.2204 
INFO:root:TRAIN measures@100 microavg - precision 0.3291 - recall 0.3291 - f1 0.3291 
INFO:root:TRAIN measures@100 for class 0 - precision 0.2502 - recall 0.8805 - f1 0.3897 
INFO:root:TRAIN measures@100 for class 1 - precision 0.7980 - recall 0.1518 - f1 0.2551 
INFO:root:TRAIN measures@1000 microavg - precision 0.3291 - recall 0.3291 - f1 0.3291 
INFO:root:TRAIN measures@1000 for class 0 - precision 0.2502 - recall 0.8805 - f1 0.3897 
INFO:root:TRAIN measures@1000 for class 1 - precision 0.7980 - recall 0.1518 - f1 0.2551 
INFO:root:TRAIN Total epoch time: 0.37524018599970077
INFO:root:################ VALID epoch 123 ###################
INFO:root:VALID mean losses tensor(0.9886)
INFO:root:VALID mean errors 0.24468085169792175
INFO:root:VALID mean MRR 0.0 - mean MAP 0.9416967034339905
INFO:root:VALID tp {0: tensor(0), 1: tensor(213)},fn {0: tensor(69), 1: tensor(0)},fp {0: tensor(0), 1: tensor(69)}
INFO:root:VALID measures microavg - precision 0.7553 - recall 0.7553 - f1 0.7553 
INFO:root:VALID measures for class 0 - precision 0.0000 - recall 0.0000 - f1 0.0000 
INFO:root:VALID measures for class 1 - precision 0.7553 - recall 1.0000 - f1 0.8606 
INFO:root:VALID measures@10 microavg - precision 0.7105 - recall 0.1915 - f1 0.3017 
INFO:root:VALID measures@10 for class 0 - precision 0.4615 - recall 0.1739 - f1 0.2526 
INFO:root:VALID measures@10 for class 1 - precision 0.8400 - recall 0.1972 - f1 0.3194 
INFO:root:VALID measures@100 microavg - precision 0.3759 - recall 0.3759 - f1 0.3759 
INFO:root:VALID measures@100 for class 0 - precision 0.2464 - recall 0.7536 - f1 0.3714 
INFO:root:VALID measures@100 for class 1 - precision 0.7606 - recall 0.2535 - f1 0.3803 
INFO:root:VALID measures@1000 microavg - precision 0.3759 - recall 0.3759 - f1 0.3759 
INFO:root:VALID measures@1000 for class 0 - precision 0.2464 - recall 0.7536 - f1 0.3714 
INFO:root:VALID measures@1000 for class 1 - precision 0.7606 - recall 0.2535 - f1 0.3803 
INFO:root:VALID Total epoch time: 0.03858254799979477
INFO:root:################ TRAIN epoch 124 ###################
INFO:root:TRAIN mean losses tensor(1.0106)
INFO:root:TRAIN mean errors 0.2432624101638794
INFO:root:TRAIN mean MRR 0.0 - mean MAP 0.9530274271965027
INFO:root:TRAIN tp {0: tensor(1), 1: tensor(1066)},fn {0: tensor(342), 1: tensor(1)},fp {0: tensor(1), 1: tensor(342)}
INFO:root:TRAIN measures microavg - precision 0.7567 - recall 0.7567 - f1 0.7567 
INFO:root:TRAIN measures for class 0 - precision 0.5000 - recall 0.0029 - f1 0.0058 
INFO:root:TRAIN measures for class 1 - precision 0.7571 - recall 0.9991 - f1 0.8614 
INFO:root:TRAIN measures@10 microavg - precision 0.6814 - recall 0.1745 - f1 0.2778 
INFO:root:TRAIN measures@10 for class 0 - precision 0.5297 - recall 0.2857 - f1 0.3712 
INFO:root:TRAIN measures@10 for class 1 - precision 0.8409 - recall 0.1387 - f1 0.2381 
INFO:root:TRAIN measures@100 microavg - precision 0.3525 - recall 0.3525 - f1 0.3525 
INFO:root:TRAIN measures@100 for class 0 - precision 0.2522 - recall 0.8455 - f1 0.3885 
INFO:root:TRAIN measures@100 for class 1 - precision 0.7962 - recall 0.1940 - f1 0.3120 
INFO:root:TRAIN measures@1000 microavg - precision 0.3525 - recall 0.3525 - f1 0.3525 
INFO:root:TRAIN measures@1000 for class 0 - precision 0.2522 - recall 0.8455 - f1 0.3885 
INFO:root:TRAIN measures@1000 for class 1 - precision 0.7962 - recall 0.1940 - f1 0.3120 
INFO:root:TRAIN Total epoch time: 0.37486140900000464
INFO:root:################ VALID epoch 124 ###################
INFO:root:VALID mean losses tensor(0.9584)
INFO:root:VALID mean errors 0.24468085169792175
INFO:root:VALID mean MRR 0.0 - mean MAP 0.939214825630188
INFO:root:VALID tp {0: tensor(0), 1: tensor(213)},fn {0: tensor(69), 1: tensor(0)},fp {0: tensor(0), 1: tensor(69)}
INFO:root:VALID measures microavg - precision 0.7553 - recall 0.7553 - f1 0.7553 
INFO:root:VALID measures for class 0 - precision 0.0000 - recall 0.0000 - f1 0.0000 
INFO:root:VALID measures for class 1 - precision 0.7553 - recall 1.0000 - f1 0.8606 
INFO:root:VALID measures@10 microavg - precision 0.7231 - recall 0.1667 - f1 0.2709 
INFO:root:VALID measures@10 for class 0 - precision 0.6538 - recall 0.2464 - f1 0.3579 
INFO:root:VALID measures@10 for class 1 - precision 0.7692 - recall 0.1408 - f1 0.2381 
INFO:root:VALID measures@100 microavg - precision 0.3121 - recall 0.3121 - f1 0.3121 
INFO:root:VALID measures@100 for class 0 - precision 0.2363 - recall 0.8116 - f1 0.3660 
INFO:root:VALID measures@100 for class 1 - precision 0.7111 - recall 0.1502 - f1 0.2481 
INFO:root:VALID measures@1000 microavg - precision 0.3121 - recall 0.3121 - f1 0.3121 
INFO:root:VALID measures@1000 for class 0 - precision 0.2363 - recall 0.8116 - f1 0.3660 
INFO:root:VALID measures@1000 for class 1 - precision 0.7111 - recall 0.1502 - f1 0.2481 
INFO:root:VALID Total epoch time: 0.03858360200001698
INFO:root:################ TRAIN epoch 125 ###################
INFO:root:TRAIN mean losses tensor(0.9215)
INFO:root:TRAIN mean errors 0.2432624101638794
INFO:root:TRAIN mean MRR 0.0 - mean MAP 0.9528374075889587
INFO:root:TRAIN tp {0: tensor(0), 1: tensor(1067)},fn {0: tensor(343), 1: tensor(0)},fp {0: tensor(0), 1: tensor(343)}
INFO:root:TRAIN measures microavg - precision 0.7567 - recall 0.7567 - f1 0.7567 
INFO:root:TRAIN measures for class 0 - precision 0.0000 - recall 0.0000 - f1 0.0000 
INFO:root:TRAIN measures for class 1 - precision 0.7567 - recall 1.0000 - f1 0.8615 
INFO:root:TRAIN measures@10 microavg - precision 0.6392 - recall 0.1596 - f1 0.2554 
INFO:root:TRAIN measures@10 for class 0 - precision 0.5276 - recall 0.3061 - f1 0.3875 
INFO:root:TRAIN measures@10 for class 1 - precision 0.7843 - recall 0.1125 - f1 0.1967 
INFO:root:TRAIN measures@100 microavg - precision 0.3106 - recall 0.3106 - f1 0.3106 
INFO:root:TRAIN measures@100 for class 0 - precision 0.2470 - recall 0.8950 - f1 0.3871 
INFO:root:TRAIN measures@100 for class 1 - precision 0.7844 - recall 0.1228 - f1 0.2123 
INFO:root:TRAIN measures@1000 microavg - precision 0.3106 - recall 0.3106 - f1 0.3106 
INFO:root:TRAIN measures@1000 for class 0 - precision 0.2470 - recall 0.8950 - f1 0.3871 
INFO:root:TRAIN measures@1000 for class 1 - precision 0.7844 - recall 0.1228 - f1 0.2123 
INFO:root:TRAIN Total epoch time: 0.3725698859998374
INFO:root:################ VALID epoch 125 ###################
INFO:root:VALID mean losses tensor(1.0121)
INFO:root:VALID mean errors 0.24468085169792175
INFO:root:VALID mean MRR 0.0 - mean MAP 0.9479382038116455
INFO:root:VALID tp {0: tensor(0), 1: tensor(213)},fn {0: tensor(69), 1: tensor(0)},fp {0: tensor(0), 1: tensor(69)}
INFO:root:VALID measures microavg - precision 0.7553 - recall 0.7553 - f1 0.7553 
INFO:root:VALID measures for class 0 - precision 0.0000 - recall 0.0000 - f1 0.0000 
INFO:root:VALID measures for class 1 - precision 0.7553 - recall 1.0000 - f1 0.8606 
INFO:root:VALID measures@10 microavg - precision 0.6618 - recall 0.1596 - f1 0.2571 
INFO:root:VALID measures@10 for class 0 - precision 0.5135 - recall 0.2754 - f1 0.3585 
INFO:root:VALID measures@10 for class 1 - precision 0.8387 - recall 0.1221 - f1 0.2131 
INFO:root:VALID measures@100 microavg - precision 0.3262 - recall 0.3262 - f1 0.3262 
INFO:root:VALID measures@100 for class 0 - precision 0.2426 - recall 0.8261 - f1 0.3750 
INFO:root:VALID measures@100 for class 1 - precision 0.7447 - recall 0.1643 - f1 0.2692 
INFO:root:VALID measures@1000 microavg - precision 0.3262 - recall 0.3262 - f1 0.3262 
INFO:root:VALID measures@1000 for class 0 - precision 0.2426 - recall 0.8261 - f1 0.3750 
INFO:root:VALID measures@1000 for class 1 - precision 0.7447 - recall 0.1643 - f1 0.2692 
INFO:root:VALID Total epoch time: 0.038955408000219904
INFO:root:################ TRAIN epoch 126 ###################
INFO:root:TRAIN mean losses tensor(0.9448)
INFO:root:TRAIN mean errors 0.24397163093090057
INFO:root:TRAIN mean MRR 0.0 - mean MAP 0.9517145156860352
INFO:root:TRAIN tp {0: tensor(0), 1: tensor(1066)},fn {0: tensor(343), 1: tensor(1)},fp {0: tensor(1), 1: tensor(343)}
INFO:root:TRAIN measures microavg - precision 0.7560 - recall 0.7560 - f1 0.7560 
INFO:root:TRAIN measures for class 0 - precision 0.0000 - recall 0.0000 - f1 0.0000 
INFO:root:TRAIN measures for class 1 - precision 0.7566 - recall 0.9991 - f1 0.8611 
INFO:root:TRAIN measures@10 microavg - precision 0.6478 - recall 0.1539 - f1 0.2487 
INFO:root:TRAIN measures@10 for class 0 - precision 0.5141 - recall 0.2653 - f1 0.3500 
INFO:root:TRAIN measures@10 for class 1 - precision 0.7975 - recall 0.1181 - f1 0.2057 
INFO:root:TRAIN measures@100 microavg - precision 0.3298 - recall 0.3298 - f1 0.3298 
INFO:root:TRAIN measures@100 for class 0 - precision 0.2462 - recall 0.8513 - f1 0.3819 
INFO:root:TRAIN measures@100 for class 1 - precision 0.7723 - recall 0.1621 - f1 0.2680 
INFO:root:TRAIN measures@1000 microavg - precision 0.3298 - recall 0.3298 - f1 0.3298 
INFO:root:TRAIN measures@1000 for class 0 - precision 0.2462 - recall 0.8513 - f1 0.3819 
INFO:root:TRAIN measures@1000 for class 1 - precision 0.7723 - recall 0.1621 - f1 0.2680 
INFO:root:TRAIN Total epoch time: 0.3745639310000115
INFO:root:################ VALID epoch 126 ###################
INFO:root:VALID mean losses tensor(1.0086)
INFO:root:VALID mean errors 0.24822695553302765
INFO:root:VALID mean MRR 0.0 - mean MAP 0.941053569316864
INFO:root:VALID tp {0: tensor(0), 1: tensor(212)},fn {0: tensor(69), 1: tensor(1)},fp {0: tensor(1), 1: tensor(69)}
INFO:root:VALID measures microavg - precision 0.7518 - recall 0.7518 - f1 0.7518 
INFO:root:VALID measures for class 0 - precision 0.0000 - recall 0.0000 - f1 0.0000 
INFO:root:VALID measures for class 1 - precision 0.7544 - recall 0.9953 - f1 0.8583 
INFO:root:VALID measures@10 microavg - precision 0.7143 - recall 0.1773 - f1 0.2841 
INFO:root:VALID measures@10 for class 0 - precision 0.5882 - recall 0.2899 - f1 0.3883 
INFO:root:VALID measures@10 for class 1 - precision 0.8333 - recall 0.1408 - f1 0.2410 
INFO:root:VALID measures@100 microavg - precision 0.3830 - recall 0.3830 - f1 0.3830 
INFO:root:VALID measures@100 for class 0 - precision 0.2512 - recall 0.7681 - f1 0.3786 
INFO:root:VALID measures@100 for class 1 - precision 0.7746 - recall 0.2582 - f1 0.3873 
INFO:root:VALID measures@1000 microavg - precision 0.3830 - recall 0.3830 - f1 0.3830 
INFO:root:VALID measures@1000 for class 0 - precision 0.2512 - recall 0.7681 - f1 0.3786 
INFO:root:VALID measures@1000 for class 1 - precision 0.7746 - recall 0.2582 - f1 0.3873 
INFO:root:VALID Total epoch time: 0.03806027699965853
INFO:root:################ TRAIN epoch 127 ###################
INFO:root:TRAIN mean losses tensor(0.9850)
INFO:root:TRAIN mean errors 0.24397163093090057
INFO:root:TRAIN mean MRR 0.0 - mean MAP 0.9497977495193481
INFO:root:TRAIN tp {0: tensor(0), 1: tensor(1066)},fn {0: tensor(343), 1: tensor(1)},fp {0: tensor(1), 1: tensor(343)}
INFO:root:TRAIN measures microavg - precision 0.7560 - recall 0.7560 - f1 0.7560 
INFO:root:TRAIN measures for class 0 - precision 0.0000 - recall 0.0000 - f1 0.0000 
INFO:root:TRAIN measures for class 1 - precision 0.7566 - recall 0.9991 - f1 0.8611 
INFO:root:TRAIN measures@10 microavg - precision 0.6567 - recall 0.1560 - f1 0.2521 
INFO:root:TRAIN measures@10 for class 0 - precision 0.5659 - recall 0.3382 - f1 0.4234 
INFO:root:TRAIN measures@10 for class 1 - precision 0.8000 - recall 0.0975 - f1 0.1738 
INFO:root:TRAIN measures@100 microavg - precision 0.3156 - recall 0.3156 - f1 0.3156 
INFO:root:TRAIN measures@100 for class 0 - precision 0.2480 - recall 0.8921 - f1 0.3881 
INFO:root:TRAIN measures@100 for class 1 - precision 0.7898 - recall 0.1303 - f1 0.2237 
INFO:root:TRAIN measures@1000 microavg - precision 0.3156 - recall 0.3156 - f1 0.3156 
INFO:root:TRAIN measures@1000 for class 0 - precision 0.2480 - recall 0.8921 - f1 0.3881 
INFO:root:TRAIN measures@1000 for class 1 - precision 0.7898 - recall 0.1303 - f1 0.2237 
INFO:root:TRAIN Total epoch time: 0.368961340000169
INFO:root:################ VALID epoch 127 ###################
INFO:root:VALID mean losses tensor(0.9657)
INFO:root:VALID mean errors 0.24468085169792175
INFO:root:VALID mean MRR 0.0 - mean MAP 0.9455201625823975
INFO:root:VALID tp {0: tensor(0), 1: tensor(213)},fn {0: tensor(69), 1: tensor(0)},fp {0: tensor(0), 1: tensor(69)}
INFO:root:VALID measures microavg - precision 0.7553 - recall 0.7553 - f1 0.7553 
INFO:root:VALID measures for class 0 - precision 0.0000 - recall 0.0000 - f1 0.0000 
INFO:root:VALID measures for class 1 - precision 0.7553 - recall 1.0000 - f1 0.8606 
INFO:root:VALID measures@10 microavg - precision 0.6232 - recall 0.1525 - f1 0.2450 
INFO:root:VALID measures@10 for class 0 - precision 0.5278 - recall 0.2754 - f1 0.3619 
INFO:root:VALID measures@10 for class 1 - precision 0.7273 - recall 0.1127 - f1 0.1951 
INFO:root:VALID measures@100 microavg - precision 0.3121 - recall 0.3121 - f1 0.3121 
INFO:root:VALID measures@100 for class 0 - precision 0.2340 - recall 0.7971 - f1 0.3618 
INFO:root:VALID measures@100 for class 1 - precision 0.7021 - recall 0.1549 - f1 0.2538 
INFO:root:VALID measures@1000 microavg - precision 0.3121 - recall 0.3121 - f1 0.3121 
INFO:root:VALID measures@1000 for class 0 - precision 0.2340 - recall 0.7971 - f1 0.3618 
INFO:root:VALID measures@1000 for class 1 - precision 0.7021 - recall 0.1549 - f1 0.2538 
INFO:root:VALID Total epoch time: 0.037433211999996274
INFO:root:################ TRAIN epoch 128 ###################
INFO:root:TRAIN mean losses tensor(1.0905)
INFO:root:TRAIN mean errors 0.24255318939685822
INFO:root:TRAIN mean MRR 0.0 - mean MAP 0.9505628943443298
INFO:root:TRAIN tp {0: tensor(1), 1: tensor(1067)},fn {0: tensor(342), 1: tensor(0)},fp {0: tensor(0), 1: tensor(342)}
INFO:root:TRAIN measures microavg - precision 0.7574 - recall 0.7574 - f1 0.7574 
INFO:root:TRAIN measures for class 0 - precision 1.0000 - recall 0.0029 - f1 0.0058 
INFO:root:TRAIN measures for class 1 - precision 0.7573 - recall 1.0000 - f1 0.8619 
INFO:root:TRAIN measures@10 microavg - precision 0.6335 - recall 0.1582 - f1 0.2531 
INFO:root:TRAIN measures@10 for class 0 - precision 0.4898 - recall 0.2799 - f1 0.3562 
INFO:root:TRAIN measures@10 for class 1 - precision 0.8141 - recall 0.1190 - f1 0.2077 
INFO:root:TRAIN measures@100 microavg - precision 0.3340 - recall 0.3340 - f1 0.3340 
INFO:root:TRAIN measures@100 for class 0 - precision 0.2500 - recall 0.8688 - f1 0.3883 
INFO:root:TRAIN measures@100 for class 1 - precision 0.7936 - recall 0.1621 - f1 0.2693 
INFO:root:TRAIN measures@1000 microavg - precision 0.3340 - recall 0.3340 - f1 0.3340 
INFO:root:TRAIN measures@1000 for class 0 - precision 0.2500 - recall 0.8688 - f1 0.3883 
INFO:root:TRAIN measures@1000 for class 1 - precision 0.7936 - recall 0.1621 - f1 0.2693 
INFO:root:TRAIN Total epoch time: 0.3682434520001152
INFO:root:################ VALID epoch 128 ###################
INFO:root:VALID mean losses tensor(1.0708)
INFO:root:VALID mean errors 0.24468085169792175
INFO:root:VALID mean MRR 0.0 - mean MAP 0.9557583928108215
INFO:root:VALID tp {0: tensor(0), 1: tensor(213)},fn {0: tensor(69), 1: tensor(0)},fp {0: tensor(0), 1: tensor(69)}
INFO:root:VALID measures microavg - precision 0.7553 - recall 0.7553 - f1 0.7553 
INFO:root:VALID measures for class 0 - precision 0.0000 - recall 0.0000 - f1 0.0000 
INFO:root:VALID measures for class 1 - precision 0.7553 - recall 1.0000 - f1 0.8606 
INFO:root:VALID measures@10 microavg - precision 0.7229 - recall 0.2128 - f1 0.3288 
INFO:root:VALID measures@10 for class 0 - precision 0.5357 - recall 0.2174 - f1 0.3093 
INFO:root:VALID measures@10 for class 1 - precision 0.8182 - recall 0.2113 - f1 0.3358 
INFO:root:VALID measures@100 microavg - precision 0.3830 - recall 0.3830 - f1 0.3830 
INFO:root:VALID measures@100 for class 0 - precision 0.2388 - recall 0.6957 - f1 0.3556 
INFO:root:VALID measures@100 for class 1 - precision 0.7407 - recall 0.2817 - f1 0.4082 
INFO:root:VALID measures@1000 microavg - precision 0.3830 - recall 0.3830 - f1 0.3830 
INFO:root:VALID measures@1000 for class 0 - precision 0.2388 - recall 0.6957 - f1 0.3556 
INFO:root:VALID measures@1000 for class 1 - precision 0.7407 - recall 0.2817 - f1 0.4082 
INFO:root:VALID Total epoch time: 0.0380092259997582
INFO:root:################ TRAIN epoch 129 ###################
INFO:root:TRAIN mean losses tensor(0.9805)
INFO:root:TRAIN mean errors 0.24255318939685822
INFO:root:TRAIN mean MRR 0.0 - mean MAP 0.9423940777778625
INFO:root:TRAIN tp {0: tensor(1), 1: tensor(1067)},fn {0: tensor(342), 1: tensor(0)},fp {0: tensor(0), 1: tensor(342)}
INFO:root:TRAIN measures microavg - precision 0.7574 - recall 0.7574 - f1 0.7574 
INFO:root:TRAIN measures for class 0 - precision 1.0000 - recall 0.0029 - f1 0.0058 
INFO:root:TRAIN measures for class 1 - precision 0.7573 - recall 1.0000 - f1 0.8619 
INFO:root:TRAIN measures@10 microavg - precision 0.6441 - recall 0.1617 - f1 0.2585 
INFO:root:TRAIN measures@10 for class 0 - precision 0.4890 - recall 0.2595 - f1 0.3390 
INFO:root:TRAIN measures@10 for class 1 - precision 0.8081 - recall 0.1303 - f1 0.2244 
INFO:root:TRAIN measures@100 microavg - precision 0.3454 - recall 0.3454 - f1 0.3454 
INFO:root:TRAIN measures@100 for class 0 - precision 0.2452 - recall 0.8134 - f1 0.3768 
INFO:root:TRAIN measures@100 for class 1 - precision 0.7647 - recall 0.1949 - f1 0.3107 
INFO:root:TRAIN measures@1000 microavg - precision 0.3454 - recall 0.3454 - f1 0.3454 
INFO:root:TRAIN measures@1000 for class 0 - precision 0.2452 - recall 0.8134 - f1 0.3768 
INFO:root:TRAIN measures@1000 for class 1 - precision 0.7647 - recall 0.1949 - f1 0.3107 
INFO:root:TRAIN Total epoch time: 0.370748815999832
INFO:root:################ VALID epoch 129 ###################
INFO:root:VALID mean losses tensor(0.9496)
INFO:root:VALID mean errors 0.24468085169792175
INFO:root:VALID mean MRR 0.0 - mean MAP 0.9407806396484375
INFO:root:VALID tp {0: tensor(0), 1: tensor(213)},fn {0: tensor(69), 1: tensor(0)},fp {0: tensor(0), 1: tensor(69)}
INFO:root:VALID measures microavg - precision 0.7553 - recall 0.7553 - f1 0.7553 
INFO:root:VALID measures for class 0 - precision 0.0000 - recall 0.0000 - f1 0.0000 
INFO:root:VALID measures for class 1 - precision 0.7553 - recall 1.0000 - f1 0.8606 
INFO:root:VALID measures@10 microavg - precision 0.5857 - recall 0.1454 - f1 0.2330 
INFO:root:VALID measures@10 for class 0 - precision 0.4500 - recall 0.2609 - f1 0.3303 
INFO:root:VALID measures@10 for class 1 - precision 0.7667 - recall 0.1080 - f1 0.1893 
INFO:root:VALID measures@100 microavg - precision 0.3085 - recall 0.3085 - f1 0.3085 
INFO:root:VALID measures@100 for class 0 - precision 0.2460 - recall 0.8841 - f1 0.3849 
INFO:root:VALID measures@100 for class 1 - precision 0.7647 - recall 0.1221 - f1 0.2105 
INFO:root:VALID measures@1000 microavg - precision 0.3085 - recall 0.3085 - f1 0.3085 
INFO:root:VALID measures@1000 for class 0 - precision 0.2460 - recall 0.8841 - f1 0.3849 
INFO:root:VALID measures@1000 for class 1 - precision 0.7647 - recall 0.1221 - f1 0.2105 
INFO:root:VALID Total epoch time: 0.03803608699990946
INFO:root:################ TRAIN epoch 130 ###################
INFO:root:TRAIN mean losses tensor(0.9062)
INFO:root:TRAIN mean errors 0.2432624101638794
INFO:root:TRAIN mean MRR 0.0 - mean MAP 0.9510577917098999
INFO:root:TRAIN tp {0: tensor(0), 1: tensor(1067)},fn {0: tensor(343), 1: tensor(0)},fp {0: tensor(0), 1: tensor(343)}
INFO:root:TRAIN measures microavg - precision 0.7567 - recall 0.7567 - f1 0.7567 
INFO:root:TRAIN measures for class 0 - precision 0.0000 - recall 0.0000 - f1 0.0000 
INFO:root:TRAIN measures for class 1 - precision 0.7567 - recall 1.0000 - f1 0.8615 
INFO:root:TRAIN measures@10 microavg - precision 0.6582 - recall 0.1652 - f1 0.2642 
INFO:root:TRAIN measures@10 for class 0 - precision 0.5234 - recall 0.3265 - f1 0.4022 
INFO:root:TRAIN measures@10 for class 1 - precision 0.8643 - recall 0.1134 - f1 0.2005 
INFO:root:TRAIN measures@100 microavg - precision 0.3255 - recall 0.3255 - f1 0.3255 
INFO:root:TRAIN measures@100 for class 0 - precision 0.2572 - recall 0.9388 - f1 0.4038 
INFO:root:TRAIN measures@100 for class 1 - precision 0.8671 - recall 0.1284 - f1 0.2237 
INFO:root:TRAIN measures@1000 microavg - precision 0.3255 - recall 0.3255 - f1 0.3255 
INFO:root:TRAIN measures@1000 for class 0 - precision 0.2572 - recall 0.9388 - f1 0.4038 
INFO:root:TRAIN measures@1000 for class 1 - precision 0.8671 - recall 0.1284 - f1 0.2237 
INFO:root:TRAIN Total epoch time: 0.37439472200003365
INFO:root:################ VALID epoch 130 ###################
INFO:root:VALID mean losses tensor(0.9102)
INFO:root:VALID mean errors 0.24468085169792175
INFO:root:VALID mean MRR 0.0 - mean MAP 0.9469202160835266
INFO:root:VALID tp {0: tensor(0), 1: tensor(213)},fn {0: tensor(69), 1: tensor(0)},fp {0: tensor(0), 1: tensor(69)}
INFO:root:VALID measures microavg - precision 0.7553 - recall 0.7553 - f1 0.7553 
INFO:root:VALID measures for class 0 - precision 0.0000 - recall 0.0000 - f1 0.0000 
INFO:root:VALID measures for class 1 - precision 0.7553 - recall 1.0000 - f1 0.8606 
INFO:root:VALID measures@10 microavg - precision 0.6154 - recall 0.1418 - f1 0.2305 
INFO:root:VALID measures@10 for class 0 - precision 0.4634 - recall 0.2754 - f1 0.3455 
INFO:root:VALID measures@10 for class 1 - precision 0.8750 - recall 0.0986 - f1 0.1772 
INFO:root:VALID measures@100 microavg - precision 0.3156 - recall 0.3156 - f1 0.3156 
INFO:root:VALID measures@100 for class 0 - precision 0.2578 - recall 0.9565 - f1 0.4062 
INFO:root:VALID measures@100 for class 1 - precision 0.8846 - recall 0.1080 - f1 0.1925 
INFO:root:VALID measures@1000 microavg - precision 0.3156 - recall 0.3156 - f1 0.3156 
INFO:root:VALID measures@1000 for class 0 - precision 0.2578 - recall 0.9565 - f1 0.4062 
INFO:root:VALID measures@1000 for class 1 - precision 0.8846 - recall 0.1080 - f1 0.1925 
INFO:root:VALID Total epoch time: 0.039142050000009476
INFO:root:################ TRAIN epoch 131 ###################
INFO:root:TRAIN mean losses tensor(0.9877)
INFO:root:TRAIN mean errors 0.24255318939685822
INFO:root:TRAIN mean MRR 0.0 - mean MAP 0.9531223773956299
INFO:root:TRAIN tp {0: tensor(1), 1: tensor(1067)},fn {0: tensor(342), 1: tensor(0)},fp {0: tensor(0), 1: tensor(342)}
INFO:root:TRAIN measures microavg - precision 0.7574 - recall 0.7574 - f1 0.7574 
INFO:root:TRAIN measures for class 0 - precision 1.0000 - recall 0.0029 - f1 0.0058 
INFO:root:TRAIN measures for class 1 - precision 0.7573 - recall 1.0000 - f1 0.8619 
INFO:root:TRAIN measures@10 microavg - precision 0.6513 - recall 0.1603 - f1 0.2573 
INFO:root:TRAIN measures@10 for class 0 - precision 0.4974 - recall 0.2770 - f1 0.3558 
INFO:root:TRAIN measures@10 for class 1 - precision 0.8397 - recall 0.1228 - f1 0.2142 
INFO:root:TRAIN measures@100 microavg - precision 0.3312 - recall 0.3312 - f1 0.3312 
INFO:root:TRAIN measures@100 for class 0 - precision 0.2533 - recall 0.8980 - f1 0.3951 
INFO:root:TRAIN measures@100 for class 1 - precision 0.8196 - recall 0.1490 - f1 0.2522 
INFO:root:TRAIN measures@1000 microavg - precision 0.3312 - recall 0.3312 - f1 0.3312 
INFO:root:TRAIN measures@1000 for class 0 - precision 0.2533 - recall 0.8980 - f1 0.3951 
INFO:root:TRAIN measures@1000 for class 1 - precision 0.8196 - recall 0.1490 - f1 0.2522 
INFO:root:TRAIN Total epoch time: 0.373136827000053
INFO:root:################ VALID epoch 131 ###################
INFO:root:VALID mean losses tensor(1.2393)
INFO:root:VALID mean errors 0.24822695553302765
INFO:root:VALID mean MRR 0.0 - mean MAP 0.9407225251197815
INFO:root:VALID tp {0: tensor(0), 1: tensor(212)},fn {0: tensor(69), 1: tensor(1)},fp {0: tensor(1), 1: tensor(69)}
INFO:root:VALID measures microavg - precision 0.7518 - recall 0.7518 - f1 0.7518 
INFO:root:VALID measures for class 0 - precision 0.0000 - recall 0.0000 - f1 0.0000 
INFO:root:VALID measures for class 1 - precision 0.7544 - recall 0.9953 - f1 0.8583 
INFO:root:VALID measures@10 microavg - precision 0.5625 - recall 0.1277 - f1 0.2081 
INFO:root:VALID measures@10 for class 0 - precision 0.4419 - recall 0.2754 - f1 0.3393 
INFO:root:VALID measures@10 for class 1 - precision 0.8095 - recall 0.0798 - f1 0.1453 
INFO:root:VALID measures@100 microavg - precision 0.2943 - recall 0.2943 - f1 0.2943 
INFO:root:VALID measures@100 for class 0 - precision 0.2500 - recall 0.9420 - f1 0.3951 
INFO:root:VALID measures@100 for class 1 - precision 0.8182 - recall 0.0845 - f1 0.1532 
INFO:root:VALID measures@1000 microavg - precision 0.2943 - recall 0.2943 - f1 0.2943 
INFO:root:VALID measures@1000 for class 0 - precision 0.2500 - recall 0.9420 - f1 0.3951 
INFO:root:VALID measures@1000 for class 1 - precision 0.8182 - recall 0.0845 - f1 0.1532 
INFO:root:VALID Total epoch time: 0.03889446399989538
INFO:root:################ TRAIN epoch 132 ###################
INFO:root:TRAIN mean losses tensor(0.9643)
INFO:root:TRAIN mean errors 0.2432624101638794
INFO:root:TRAIN mean MRR 0.0 - mean MAP 0.9557310938835144
INFO:root:TRAIN tp {0: tensor(0), 1: tensor(1067)},fn {0: tensor(343), 1: tensor(0)},fp {0: tensor(0), 1: tensor(343)}
INFO:root:TRAIN measures microavg - precision 0.7567 - recall 0.7567 - f1 0.7567 
INFO:root:TRAIN measures for class 0 - precision 0.0000 - recall 0.0000 - f1 0.0000 
INFO:root:TRAIN measures for class 1 - precision 0.7567 - recall 1.0000 - f1 0.8615 
INFO:root:TRAIN measures@10 microavg - precision 0.7283 - recall 0.1844 - f1 0.2943 
INFO:root:TRAIN measures@10 for class 0 - precision 0.5902 - recall 0.3149 - f1 0.4106 
INFO:root:TRAIN measures@10 for class 1 - precision 0.8736 - recall 0.1425 - f1 0.2450 
INFO:root:TRAIN measures@100 microavg - precision 0.3418 - recall 0.3418 - f1 0.3418 
INFO:root:TRAIN measures@100 for class 0 - precision 0.2560 - recall 0.8950 - f1 0.3982 
INFO:root:TRAIN measures@100 for class 1 - precision 0.8294 - recall 0.1640 - f1 0.2739 
INFO:root:TRAIN measures@1000 microavg - precision 0.3418 - recall 0.3418 - f1 0.3418 
INFO:root:TRAIN measures@1000 for class 0 - precision 0.2560 - recall 0.8950 - f1 0.3982 
INFO:root:TRAIN measures@1000 for class 1 - precision 0.8294 - recall 0.1640 - f1 0.2739 
INFO:root:TRAIN Total epoch time: 0.3747022110001126
INFO:root:################ VALID epoch 132 ###################
INFO:root:VALID mean losses tensor(0.9393)
INFO:root:VALID mean errors 0.24468085169792175
INFO:root:VALID mean MRR 0.0 - mean MAP 0.9512887597084045
INFO:root:VALID tp {0: tensor(0), 1: tensor(213)},fn {0: tensor(69), 1: tensor(0)},fp {0: tensor(0), 1: tensor(69)}
INFO:root:VALID measures microavg - precision 0.7553 - recall 0.7553 - f1 0.7553 
INFO:root:VALID measures for class 0 - precision 0.0000 - recall 0.0000 - f1 0.0000 
INFO:root:VALID measures for class 1 - precision 0.7553 - recall 1.0000 - f1 0.8606 
INFO:root:VALID measures@10 microavg - precision 0.5873 - recall 0.1312 - f1 0.2145 
INFO:root:VALID measures@10 for class 0 - precision 0.4894 - recall 0.3333 - f1 0.3966 
INFO:root:VALID measures@10 for class 1 - precision 0.8750 - recall 0.0657 - f1 0.1223 
INFO:root:VALID measures@100 microavg - precision 0.2872 - recall 0.2872 - f1 0.2872 
INFO:root:VALID measures@100 for class 0 - precision 0.2519 - recall 0.9710 - f1 0.4000 
INFO:root:VALID measures@100 for class 1 - precision 0.8750 - recall 0.0657 - f1 0.1223 
INFO:root:VALID measures@1000 microavg - precision 0.2872 - recall 0.2872 - f1 0.2872 
INFO:root:VALID measures@1000 for class 0 - precision 0.2519 - recall 0.9710 - f1 0.4000 
INFO:root:VALID measures@1000 for class 1 - precision 0.8750 - recall 0.0657 - f1 0.1223 
INFO:root:VALID Total epoch time: 0.038828393000130745
INFO:root:################ TRAIN epoch 133 ###################
INFO:root:TRAIN mean losses tensor(0.9154)
INFO:root:TRAIN mean errors 0.2432624101638794
INFO:root:TRAIN mean MRR 0.0 - mean MAP 0.9509102702140808
INFO:root:TRAIN tp {0: tensor(0), 1: tensor(1067)},fn {0: tensor(343), 1: tensor(0)},fp {0: tensor(0), 1: tensor(343)}
INFO:root:TRAIN measures microavg - precision 0.7567 - recall 0.7567 - f1 0.7567 
INFO:root:TRAIN measures for class 0 - precision 0.0000 - recall 0.0000 - f1 0.0000 
INFO:root:TRAIN measures for class 1 - precision 0.7567 - recall 1.0000 - f1 0.8615 
INFO:root:TRAIN measures@10 microavg - precision 0.6619 - recall 0.1652 - f1 0.2645 
INFO:root:TRAIN measures@10 for class 0 - precision 0.5337 - recall 0.3003 - f1 0.3843 
INFO:root:TRAIN measures@10 for class 1 - precision 0.8176 - recall 0.1218 - f1 0.2121 
INFO:root:TRAIN measures@100 microavg - precision 0.3149 - recall 0.3149 - f1 0.3149 
INFO:root:TRAIN measures@100 for class 0 - precision 0.2474 - recall 0.8892 - f1 0.3871 
INFO:root:TRAIN measures@100 for class 1 - precision 0.7853 - recall 0.1303 - f1 0.2235 
INFO:root:TRAIN measures@1000 microavg - precision 0.3149 - recall 0.3149 - f1 0.3149 
INFO:root:TRAIN measures@1000 for class 0 - precision 0.2474 - recall 0.8892 - f1 0.3871 
INFO:root:TRAIN measures@1000 for class 1 - precision 0.7853 - recall 0.1303 - f1 0.2235 
INFO:root:TRAIN Total epoch time: 0.37540952200015454
INFO:root:################ VALID epoch 133 ###################
INFO:root:VALID mean losses tensor(0.9214)
INFO:root:VALID mean errors 0.24468085169792175
INFO:root:VALID mean MRR 0.0 - mean MAP 0.9541253447532654
INFO:root:VALID tp {0: tensor(0), 1: tensor(213)},fn {0: tensor(69), 1: tensor(0)},fp {0: tensor(0), 1: tensor(69)}
INFO:root:VALID measures microavg - precision 0.7553 - recall 0.7553 - f1 0.7553 
INFO:root:VALID measures for class 0 - precision 0.0000 - recall 0.0000 - f1 0.0000 
INFO:root:VALID measures for class 1 - precision 0.7553 - recall 1.0000 - f1 0.8606 
INFO:root:VALID measures@10 microavg - precision 0.6716 - recall 0.1596 - f1 0.2579 
INFO:root:VALID measures@10 for class 0 - precision 0.5455 - recall 0.2609 - f1 0.3529 
INFO:root:VALID measures@10 for class 1 - precision 0.7941 - recall 0.1268 - f1 0.2186 
INFO:root:VALID measures@100 microavg - precision 0.3617 - recall 0.3617 - f1 0.3617 
INFO:root:VALID measures@100 for class 0 - precision 0.2576 - recall 0.8551 - f1 0.3960 
INFO:root:VALID measures@100 for class 1 - precision 0.8113 - recall 0.2019 - f1 0.3233 
INFO:root:VALID measures@1000 microavg - precision 0.3617 - recall 0.3617 - f1 0.3617 
INFO:root:VALID measures@1000 for class 0 - precision 0.2576 - recall 0.8551 - f1 0.3960 
INFO:root:VALID measures@1000 for class 1 - precision 0.8113 - recall 0.2019 - f1 0.3233 
INFO:root:VALID Total epoch time: 0.04007510100018408
INFO:root:################ TRAIN epoch 134 ###################
INFO:root:TRAIN mean losses tensor(0.9353)
INFO:root:TRAIN mean errors 0.2432624101638794
INFO:root:TRAIN mean MRR 0.0 - mean MAP 0.9492971897125244
INFO:root:TRAIN tp {0: tensor(0), 1: tensor(1067)},fn {0: tensor(343), 1: tensor(0)},fp {0: tensor(0), 1: tensor(343)}
INFO:root:TRAIN measures microavg - precision 0.7567 - recall 0.7567 - f1 0.7567 
INFO:root:TRAIN measures for class 0 - precision 0.0000 - recall 0.0000 - f1 0.0000 
INFO:root:TRAIN measures for class 1 - precision 0.7567 - recall 1.0000 - f1 0.8615 
INFO:root:TRAIN measures@10 microavg - precision 0.6706 - recall 0.1631 - f1 0.2624 
INFO:root:TRAIN measures@10 for class 0 - precision 0.5320 - recall 0.3149 - f1 0.3956 
INFO:root:TRAIN measures@10 for class 1 - precision 0.8714 - recall 0.1143 - f1 0.2022 
INFO:root:TRAIN measures@100 microavg - precision 0.3376 - recall 0.3376 - f1 0.3376 
INFO:root:TRAIN measures@100 for class 0 - precision 0.2592 - recall 0.9271 - f1 0.4051 
INFO:root:TRAIN measures@100 for class 1 - precision 0.8634 - recall 0.1481 - f1 0.2528 
INFO:root:TRAIN measures@1000 microavg - precision 0.3376 - recall 0.3376 - f1 0.3376 
INFO:root:TRAIN measures@1000 for class 0 - precision 0.2592 - recall 0.9271 - f1 0.4051 
INFO:root:TRAIN measures@1000 for class 1 - precision 0.8634 - recall 0.1481 - f1 0.2528 
INFO:root:TRAIN Total epoch time: 0.40928396500021336
INFO:root:################ VALID epoch 134 ###################
INFO:root:VALID mean losses tensor(1.1918)
INFO:root:VALID mean errors 0.25177305936813354
INFO:root:VALID mean MRR 0.0 - mean MAP 0.934145987033844
INFO:root:VALID tp {0: tensor(1), 1: tensor(210)},fn {0: tensor(68), 1: tensor(3)},fp {0: tensor(3), 1: tensor(68)}
INFO:root:VALID measures microavg - precision 0.7482 - recall 0.7482 - f1 0.7482 
INFO:root:VALID measures for class 0 - precision 0.2500 - recall 0.0145 - f1 0.0274 
INFO:root:VALID measures for class 1 - precision 0.7554 - recall 0.9859 - f1 0.8554 
INFO:root:VALID measures@10 microavg - precision 0.7297 - recall 0.1915 - f1 0.3034 
INFO:root:VALID measures@10 for class 0 - precision 0.5938 - recall 0.2754 - f1 0.3762 
INFO:root:VALID measures@10 for class 1 - precision 0.8333 - recall 0.1643 - f1 0.2745 
INFO:root:VALID measures@100 microavg - precision 0.3475 - recall 0.3475 - f1 0.3475 
INFO:root:VALID measures@100 for class 0 - precision 0.2444 - recall 0.7971 - f1 0.3741 
INFO:root:VALID measures@100 for class 1 - precision 0.7544 - recall 0.2019 - f1 0.3185 
INFO:root:VALID measures@1000 microavg - precision 0.3475 - recall 0.3475 - f1 0.3475 
INFO:root:VALID measures@1000 for class 0 - precision 0.2444 - recall 0.7971 - f1 0.3741 
INFO:root:VALID measures@1000 for class 1 - precision 0.7544 - recall 0.2019 - f1 0.3185 
INFO:root:VALID Total epoch time: 0.041729407999810064
INFO:root:################ TRAIN epoch 135 ###################
INFO:root:TRAIN mean losses tensor(0.9945)
INFO:root:TRAIN mean errors 0.2432624101638794
INFO:root:TRAIN mean MRR 0.0 - mean MAP 0.9489665627479553
INFO:root:TRAIN tp {0: tensor(0), 1: tensor(1067)},fn {0: tensor(343), 1: tensor(0)},fp {0: tensor(0), 1: tensor(343)}
INFO:root:TRAIN measures microavg - precision 0.7567 - recall 0.7567 - f1 0.7567 
INFO:root:TRAIN measures for class 0 - precision 0.0000 - recall 0.0000 - f1 0.0000 
INFO:root:TRAIN measures for class 1 - precision 0.7567 - recall 1.0000 - f1 0.8615 
INFO:root:TRAIN measures@10 microavg - precision 0.6422 - recall 0.1553 - f1 0.2501 
INFO:root:TRAIN measures@10 for class 0 - precision 0.4948 - recall 0.2770 - f1 0.3551 
INFO:root:TRAIN measures@10 for class 1 - precision 0.8322 - recall 0.1162 - f1 0.2039 
INFO:root:TRAIN measures@100 microavg - precision 0.3298 - recall 0.3298 - f1 0.3298 
INFO:root:TRAIN measures@100 for class 0 - precision 0.2475 - recall 0.8601 - f1 0.3844 
INFO:root:TRAIN measures@100 for class 1 - precision 0.7798 - recall 0.1593 - f1 0.2646 
INFO:root:TRAIN measures@1000 microavg - precision 0.3298 - recall 0.3298 - f1 0.3298 
INFO:root:TRAIN measures@1000 for class 0 - precision 0.2475 - recall 0.8601 - f1 0.3844 
INFO:root:TRAIN measures@1000 for class 1 - precision 0.7798 - recall 0.1593 - f1 0.2646 
INFO:root:TRAIN Total epoch time: 0.4811478309998165
INFO:root:################ VALID epoch 135 ###################
INFO:root:VALID mean losses tensor(1.0422)
INFO:root:VALID mean errors 0.24822695553302765
INFO:root:VALID mean MRR 0.0 - mean MAP 0.9527381062507629
INFO:root:VALID tp {0: tensor(0), 1: tensor(212)},fn {0: tensor(69), 1: tensor(1)},fp {0: tensor(1), 1: tensor(69)}
INFO:root:VALID measures microavg - precision 0.7518 - recall 0.7518 - f1 0.7518 
INFO:root:VALID measures for class 0 - precision 0.0000 - recall 0.0000 - f1 0.0000 
INFO:root:VALID measures for class 1 - precision 0.7544 - recall 0.9953 - f1 0.8583 
INFO:root:VALID measures@10 microavg - precision 0.7465 - recall 0.1879 - f1 0.3003 
INFO:root:VALID measures@10 for class 0 - precision 0.5357 - recall 0.2174 - f1 0.3093 
INFO:root:VALID measures@10 for class 1 - precision 0.8837 - recall 0.1784 - f1 0.2969 
INFO:root:VALID measures@100 microavg - precision 0.4610 - recall 0.4610 - f1 0.4610 
INFO:root:VALID measures@100 for class 0 - precision 0.2827 - recall 0.7826 - f1 0.4154 
INFO:root:VALID measures@100 for class 1 - precision 0.8352 - recall 0.3568 - f1 0.5000 
INFO:root:VALID measures@1000 microavg - precision 0.4610 - recall 0.4610 - f1 0.4610 
INFO:root:VALID measures@1000 for class 0 - precision 0.2827 - recall 0.7826 - f1 0.4154 
INFO:root:VALID measures@1000 for class 1 - precision 0.8352 - recall 0.3568 - f1 0.5000 
INFO:root:VALID Total epoch time: 0.05507824400001482
INFO:root:################ TRAIN epoch 136 ###################
INFO:root:TRAIN mean losses tensor(0.9158)
INFO:root:TRAIN mean errors 0.24397163093090057
INFO:root:TRAIN mean MRR 0.0 - mean MAP 0.9529265761375427
INFO:root:TRAIN tp {0: tensor(0), 1: tensor(1066)},fn {0: tensor(343), 1: tensor(1)},fp {0: tensor(1), 1: tensor(343)}
INFO:root:TRAIN measures microavg - precision 0.7560 - recall 0.7560 - f1 0.7560 
INFO:root:TRAIN measures for class 0 - precision 0.0000 - recall 0.0000 - f1 0.0000 
INFO:root:TRAIN measures for class 1 - precision 0.7566 - recall 0.9991 - f1 0.8611 
INFO:root:TRAIN measures@10 microavg - precision 0.6405 - recall 0.1504 - f1 0.2435 
INFO:root:TRAIN measures@10 for class 0 - precision 0.5025 - recall 0.2886 - f1 0.3667 
INFO:root:TRAIN measures@10 for class 1 - precision 0.8433 - recall 0.1059 - f1 0.1882 
INFO:root:TRAIN measures@100 microavg - precision 0.3206 - recall 0.3206 - f1 0.3206 
INFO:root:TRAIN measures@100 for class 0 - precision 0.2522 - recall 0.9125 - f1 0.3952 
INFO:root:TRAIN measures@100 for class 1 - precision 0.8225 - recall 0.1303 - f1 0.2249 
INFO:root:TRAIN measures@1000 microavg - precision 0.3206 - recall 0.3206 - f1 0.3206 
INFO:root:TRAIN measures@1000 for class 0 - precision 0.2522 - recall 0.9125 - f1 0.3952 
INFO:root:TRAIN measures@1000 for class 1 - precision 0.8225 - recall 0.1303 - f1 0.2249 
INFO:root:TRAIN Total epoch time: 0.41404145999968023
INFO:root:################ VALID epoch 136 ###################
INFO:root:VALID mean losses tensor(0.9196)
INFO:root:VALID mean errors 0.24468085169792175
INFO:root:VALID mean MRR 0.0 - mean MAP 0.9523566365242004
INFO:root:VALID tp {0: tensor(0), 1: tensor(213)},fn {0: tensor(69), 1: tensor(0)},fp {0: tensor(0), 1: tensor(69)}
INFO:root:VALID measures microavg - precision 0.7553 - recall 0.7553 - f1 0.7553 
INFO:root:VALID measures for class 0 - precision 0.0000 - recall 0.0000 - f1 0.0000 
INFO:root:VALID measures for class 1 - precision 0.7553 - recall 1.0000 - f1 0.8606 
INFO:root:VALID measures@10 microavg - precision 0.4219 - recall 0.0957 - f1 0.1561 
INFO:root:VALID measures@10 for class 0 - precision 0.3333 - recall 0.2174 - f1 0.2632 
INFO:root:VALID measures@10 for class 1 - precision 0.6316 - recall 0.0563 - f1 0.1034 
INFO:root:VALID measures@100 microavg - precision 0.2660 - recall 0.2660 - f1 0.2660 
INFO:root:VALID measures@100 for class 0 - precision 0.2366 - recall 0.8986 - f1 0.3746 
INFO:root:VALID measures@100 for class 1 - precision 0.6500 - recall 0.0610 - f1 0.1116 
INFO:root:VALID measures@1000 microavg - precision 0.2660 - recall 0.2660 - f1 0.2660 
INFO:root:VALID measures@1000 for class 0 - precision 0.2366 - recall 0.8986 - f1 0.3746 
INFO:root:VALID measures@1000 for class 1 - precision 0.6500 - recall 0.0610 - f1 0.1116 
INFO:root:VALID Total epoch time: 0.04295235000017783
