<?xml version="1.0" encoding="UTF-8"?>
<kml xmlns="http://www.opengis.net/kml/2.2" xmlns:gx="http://www.google.com/kml/ext/2.2" xmlns:kml="http://www.opengis.net/kml/2.2" xmlns:atom="http://www.w3.org/2005/Atom">
<Document>
	<name>LL_WGS84_KMZ_TEMA_EDUCACAO_CEU.kmz</name>
	<Schema name="LL_WGS84_KMZ_TEMA_EDUCACAO_CEU" id="kml_schema_ft_LL_WGS84_KMZ_TEMA_EDUCACAO_CEU">
		<SimpleField type="xsd:short" name="eq_id"><displayName>eq_id</displayName>
</SimpleField>
		<SimpleField type="xsd:string" name="eq_nome"><displayName>eq_nome</displayName>
</SimpleField>
		<SimpleField type="xsd:string" name="eq_enderec"><displayName>eq_enderec</displayName>
</SimpleField>
		<SimpleField type="xsd:string" name="eq_bairro"><displayName>eq_bairro</displayName>
</SimpleField>
		<SimpleField type="xsd:short" name="eq_cep"><displayName>eq_cep</displayName>
</SimpleField>
		<SimpleField type="xsd:string" name="eq_tipo"><displayName>eq_tipo</displayName>
</SimpleField>
		<SimpleField type="xsd:string" name="eq_classe"><displayName>eq_classe</displayName>
</SimpleField>
		<SimpleField type="xsd:string" name="eq_telefon"><displayName>eq_telefon</displayName>
</SimpleField>
		<SimpleField type="xsd:string" name="eq_setor"><displayName>eq_setor</displayName>
</SimpleField>
		<SimpleField type="xsd:short" name="eq_areap"><displayName>eq_areap</displayName>
</SimpleField>
		<SimpleField type="xsd:short" name="eq_cd_dist"><displayName>eq_cd_dist</displayName>
</SimpleField>
		<SimpleField type="xsd:string" name="eq_distr"><displayName>eq_distr</displayName>
</SimpleField>
		<SimpleField type="xsd:short" name="eq_cd_subp"><displayName>eq_cd_subp</displayName>
</SimpleField>
		<SimpleField type="xsd:string" name="eq_subpref"><displayName>eq_subpref</displayName>
</SimpleField>
		<SimpleField type="xsd:string" name="eq_regiao5"><displayName>eq_regiao5</displayName>
</SimpleField>
		<SimpleField type="xsd:string" name="eq_regiao8"><displayName>eq_regiao8</displayName>
</SimpleField>
		<SimpleField type="xsd:string" name="eq_ender"><displayName>eq_ender</displayName>
</SimpleField>
		<SimpleField type="xsd:string" name="eq_num"><displayName>eq_num</displayName>
</SimpleField>
		<SimpleField type="xsd:string" name="eq_compend"><displayName>eq_compend</displayName>
</SimpleField>
		<SimpleField type="xsd:short" name="eq_codcep"><displayName>eq_codcep</displayName>
</SimpleField>
		<SimpleField type="xsd:short" name="eq_fone1"><displayName>eq_fone1</displayName>
</SimpleField>
		<SimpleField type="xsd:short" name="eq_fone2"><displayName>eq_fone2</displayName>
</SimpleField>
		<SimpleField type="xsd:string" name="eq_email"><displayName>eq_email</displayName>
</SimpleField>
		<SimpleField type="xsd:short" name="eq_cd_dirt"><displayName>eq_cd_dirt</displayName>
</SimpleField>
		<SimpleField type="xsd:string" name="eq_diretor"><displayName>eq_diretor</displayName>
</SimpleField>
		<SimpleField type="xsd:string" name="eq_dre"><displayName>eq_dre</displayName>
</SimpleField>
		<SimpleField type="xsd:short" name="eq_cd_zona"><displayName>eq_cd_zona</displayName>
</SimpleField>
		<SimpleField type="xsd:string" name="eq_zona"><displayName>eq_zona</displayName>
</SimpleField>
		<SimpleField type="xsd:short" name="eq_cd_mec"><displayName>eq_cd_mec</displayName>
</SimpleField>
		<SimpleField type="xsd:string" name="eq_esfera"><displayName>eq_esfera</displayName>
</SimpleField>
		<SimpleField type="xsd:short" name="eq_cd_catg"><displayName>eq_cd_catg</displayName>
</SimpleField>
		<SimpleField type="xsd:string" name="eq_categor"><displayName>eq_categor</displayName>
</SimpleField>
		<SimpleField type="xsd:short" name="eq_eol"><displayName>eq_eol</displayName>
</SimpleField>
		<SimpleField type="xsd:string" name="eq_horario"><displayName>eq_horario</displayName>
</SimpleField>
	</Schema>
	<Style id="s_ylw-pushpin_hl">
		<IconStyle>
			<scale>1.3</scale>
			<Icon>
				<href>files/point_Educacao_CEU.png</href>
			</Icon>
			<hotSpot x="0.5" y="0.5" xunits="fraction" yunits="fraction"/>
		</IconStyle>
		<ListStyle>
		</ListStyle>
	</Style>
	<StyleMap id="m_ylw-pushpin">
		<Pair>
			<key>normal</key>
			<styleUrl>#s_ylw-pushpin</styleUrl>
		</Pair>
		<Pair>
			<key>highlight</key>
			<styleUrl>#s_ylw-pushpin_hl</styleUrl>
		</Pair>
	</StyleMap>
	<Style id="s_ylw-pushpin">
		<IconStyle>
			<scale>1.1</scale>
			<Icon>
				<href>files/point_Educacao_CEU.png</href>
			</Icon>
			<hotSpot x="0.5" y="0.5" xunits="fraction" yunits="fraction"/>
		</IconStyle>
		<ListStyle>
		</ListStyle>
	</Style>
	<Folder id="kml_ft_LL_WGS84_KMZ_TEMA_EDUCACAO_CEU">
		<name>LL_WGS84_KMZ_TEMA_EDUCACAO_CEU</name>
		<Placemark id="kml_1">
			<name>kml_1</name>
			<snippet></snippet>
			<description><![CDATA[<center><table><tr><th colspan='2' align='center'><em>Attributes</em></th></tr><tr bgcolor="#E3E3F3">
<th>eq_id</th>
<td>1389</td>
</tr><tr bgcolor="">
<th>eq_nome</th>
<td>CEU CEMEI VILA ALPINA</td>
</tr><tr bgcolor="#E3E3F3">
<th>eq_enderec</th>
<td>JOAO PEDRO LECOR 141</td>
</tr><tr bgcolor="">
<th>eq_bairro</th>
<td>JARDIM AVELINO</td>
</tr><tr bgcolor="#E3E3F3">
<th>eq_cep</th>
<td>03227000</td>
</tr><tr bgcolor="">
<th>eq_tipo</th>
<td>CEU CEMEI</td>
</tr><tr bgcolor="#E3E3F3">
<th>eq_classe</th>
<td>CEU</td>
</tr><tr bgcolor="">
<th>eq_telefon</th>
<td>00 / </td>
</tr><tr bgcolor="#E3E3F3">
<th>eq_setor</th>
<td>355030893000019</td>
</tr><tr bgcolor="">
<th>eq_areap</th>
<td>3550308005042</td>
</tr><tr bgcolor="#E3E3F3">
<th>eq_cd_dist</th>
<td>93</td>
</tr><tr bgcolor="">
<th>eq_distr</th>
<td>VILA PRUDENTE</td>
</tr><tr bgcolor="#E3E3F3">
<th>eq_cd_subp</th>
<td>29</td>
</tr><tr bgcolor="">
<th>eq_subpref</th>
<td>VILA PRUDENTE</td>
</tr><tr bgcolor="#E3E3F3">
<th>eq_regiao5</th>
<td>Leste</td>
</tr><tr bgcolor="">
<th>eq_regiao8</th>
<td>Leste 1</td>
</tr><tr bgcolor="#E3E3F3">
<th>eq_ender</th>
<td>JOAO PEDRO LECOR</td>
</tr><tr bgcolor="">
<th>eq_num</th>
<td>141</td>
</tr><tr bgcolor="#E3E3F3">
<th>eq_compend</th>
<td></td>
</tr><tr bgcolor="">
<th>eq_codcep</th>
<td>03227000</td>
</tr><tr bgcolor="#E3E3F3">
<th>eq_fone1</th>
<td>00</td>
</tr><tr bgcolor="">
<th>eq_fone2</th>
<td></td>
</tr><tr bgcolor="#E3E3F3">
<th>eq_email</th>
<td></td>
</tr><tr bgcolor="">
<th>eq_cd_dirt</th>
<td>10316</td>
</tr><tr bgcolor="#E3E3F3">
<th>eq_diretor</th>
<td>CENTRO SUL</td>
</tr><tr bgcolor="">
<th>eq_dre</th>
<td>IPIRANGA</td>
</tr><tr bgcolor="#E3E3F3">
<th>eq_cd_zona</th>
<td>1</td>
</tr><tr bgcolor="">
<th>eq_zona</th>
<td>Urbana</td>
</tr><tr bgcolor="#E3E3F3">
<th>eq_cd_mec</th>
<td>35007125</td>
</tr><tr bgcolor="">
<th>eq_esfera</th>
<td>MUNICIPAL</td>
</tr><tr bgcolor="#E3E3F3">
<th>eq_cd_catg</th>
<td>1</td>
</tr><tr bgcolor="">
<th>eq_categor</th>
<td>ESCOLAS AUTONOMAS</td>
</tr><tr bgcolor="#E3E3F3">
<th>eq_eol</th>
<td>35007125</td>
</tr><tr bgcolor="">
<th>eq_horario</th>
<td></td>
</tr></table></center>]]></description>
			<styleUrl>#m_ylw-pushpin</styleUrl>
			<ExtendedData>
				<SchemaData schemaUrl="#kml_schema_ft_LL_WGS84_KMZ_TEMA_EDUCACAO_CEU">
					<SimpleData name="eq_id">1389</SimpleData>
					<SimpleData name="eq_nome">CEU CEMEI VILA ALPINA</SimpleData>
					<SimpleData name="eq_enderec">JOAO PEDRO LECOR 141</SimpleData>
					<SimpleData name="eq_bairro">JARDIM AVELINO</SimpleData>
					<SimpleData name="eq_cep">03227000</SimpleData>
					<SimpleData name="eq_tipo">CEU CEMEI</SimpleData>
					<SimpleData name="eq_classe">CEU</SimpleData>
					<SimpleData name="eq_telefon">00 /</SimpleData>
					<SimpleData name="eq_setor">355030893000019</SimpleData>
					<SimpleData name="eq_areap">3550308005042</SimpleData>
					<SimpleData name="eq_cd_dist">93</SimpleData>
					<SimpleData name="eq_distr">VILA PRUDENTE</SimpleData>
					<SimpleData name="eq_cd_subp">29</SimpleData>
					<SimpleData name="eq_subpref">VILA PRUDENTE</SimpleData>
					<SimpleData name="eq_regiao5">Leste</SimpleData>
					<SimpleData name="eq_regiao8">Leste 1</SimpleData>
					<SimpleData name="eq_ender">JOAO PEDRO LECOR</SimpleData>
					<SimpleData name="eq_num">141</SimpleData>
					<SimpleData name="eq_codcep">03227000</SimpleData>
					<SimpleData name="eq_fone1">00</SimpleData>
					<SimpleData name="eq_cd_dirt">10316</SimpleData>
					<SimpleData name="eq_diretor">CENTRO SUL</SimpleData>
					<SimpleData name="eq_dre">IPIRANGA</SimpleData>
					<SimpleData name="eq_cd_zona">1</SimpleData>
					<SimpleData name="eq_zona">Urbana</SimpleData>
					<SimpleData name="eq_cd_mec">35007125</SimpleData>
					<SimpleData name="eq_esfera">MUNICIPAL</SimpleData>
					<SimpleData name="eq_cd_catg">1</SimpleData>
					<SimpleData name="eq_categor">ESCOLAS AUTONOMAS</SimpleData>
					<SimpleData name="eq_eol">35007125</SimpleData>
				</SchemaData>
			</ExtendedData>
			<Point>
				<coordinates>-46.56734490000051,-23.5848623996081,0</coordinates>
			</Point>
		</Placemark>
		<Placemark id="kml_2">
			<name>kml_2</name>
			<snippet></snippet>
			<description><![CDATA[<center><table><tr><th colspan='2' align='center'><em>Attributes</em></th></tr><tr bgcolor="#E3E3F3">
<th>eq_id</th>
<td>1390</td>
</tr><tr bgcolor="">
<th>eq_nome</th>
<td>CEU CEMEI PARQUE DO CARMO</td>
</tr><tr bgcolor="#E3E3F3">
<th>eq_enderec</th>
<td>GASPAR DA SILVA 240</td>
</tr><tr bgcolor="">
<th>eq_bairro</th>
<td>JARDIM NOSSA SENHORA DO CARMO</td>
</tr><tr bgcolor="#E3E3F3">
<th>eq_cep</th>
<td>08275000</td>
</tr><tr bgcolor="">
<th>eq_tipo</th>
<td>CEU CEMEI</td>
</tr><tr bgcolor="#E3E3F3">
<th>eq_classe</th>
<td>CEU</td>
</tr><tr bgcolor="">
<th>eq_telefon</th>
<td>00 / </td>
</tr><tr bgcolor="#E3E3F3">
<th>eq_setor</th>
<td>355030857000047</td>
</tr><tr bgcolor="">
<th>eq_areap</th>
<td>3550308005204</td>
</tr><tr bgcolor="#E3E3F3">
<th>eq_cd_dist</th>
<td>57</td>
</tr><tr bgcolor="">
<th>eq_distr</th>
<td>PARQUE DO CARMO</td>
</tr><tr bgcolor="#E3E3F3">
<th>eq_cd_subp</th>
<td>27</td>
</tr><tr bgcolor="">
<th>eq_subpref</th>
<td>ITAQUERA</td>
</tr><tr bgcolor="#E3E3F3">
<th>eq_regiao5</th>
<td>Leste</td>
</tr><tr bgcolor="">
<th>eq_regiao8</th>
<td>Leste 2</td>
</tr><tr bgcolor="#E3E3F3">
<th>eq_ender</th>
<td>GASPAR DA SILVA</td>
</tr><tr bgcolor="">
<th>eq_num</th>
<td>240</td>
</tr><tr bgcolor="#E3E3F3">
<th>eq_compend</th>
<td></td>
</tr><tr bgcolor="">
<th>eq_codcep</th>
<td>08275000</td>
</tr><tr bgcolor="#E3E3F3">
<th>eq_fone1</th>
<td>00</td>
</tr><tr bgcolor="">
<th>eq_fone2</th>
<td></td>
</tr><tr bgcolor="#E3E3F3">
<th>eq_email</th>
<td></td>
</tr><tr bgcolor="">
<th>eq_cd_dirt</th>
<td>10208</td>
</tr><tr bgcolor="#E3E3F3">
<th>eq_diretor</th>
<td>LESTE 4</td>
</tr><tr bgcolor="">
<th>eq_dre</th>
<td>ITAQUERA</td>
</tr><tr bgcolor="#E3E3F3">
<th>eq_cd_zona</th>
<td>1</td>
</tr><tr bgcolor="">
<th>eq_zona</th>
<td>Urbana</td>
</tr><tr bgcolor="#E3E3F3">
<th>eq_cd_mec</th>
<td>35007126</td>
</tr><tr bgcolor="">
<th>eq_esfera</th>
<td>MUNICIPAL</td>
</tr><tr bgcolor="#E3E3F3">
<th>eq_cd_catg</th>
<td>1</td>
</tr><tr bgcolor="">
<th>eq_categor</th>
<td>ESCOLAS AUTONOMAS</td>
</tr><tr bgcolor="#E3E3F3">
<th>eq_eol</th>
<td>35007126</td>
</tr><tr bgcolor="">
<th>eq_horario</th>
<td></td>
</tr></table></center>]]></description>
			<styleUrl>#m_ylw-pushpin</styleUrl>
			<ExtendedData>
				<SchemaData schemaUrl="#kml_schema_ft_LL_WGS84_KMZ_TEMA_EDUCACAO_CEU">
					<SimpleData name="eq_id">1390</SimpleData>
					<SimpleData name="eq_nome">CEU CEMEI PARQUE DO CARMO</SimpleData>
					<SimpleData name="eq_enderec">GASPAR DA SILVA 240</SimpleData>
					<SimpleData name="eq_bairro">JARDIM NOSSA SENHORA DO CARMO</SimpleData>
					<SimpleData name="eq_cep">08275000</SimpleData>
					<SimpleData name="eq_tipo">CEU CEMEI</SimpleData>
					<SimpleData name="eq_classe">CEU</SimpleData>
					<SimpleData name="eq_telefon">00 /</SimpleData>
					<SimpleData name="eq_setor">355030857000047</SimpleData>
					<SimpleData name="eq_areap">3550308005204</SimpleData>
					<SimpleData name="eq_cd_dist">57</SimpleData>
					<SimpleData name="eq_distr">PARQUE DO CARMO</SimpleData>
					<SimpleData name="eq_cd_subp">27</SimpleData>
					<SimpleData name="eq_subpref">ITAQUERA</SimpleData>
					<SimpleData name="eq_regiao5">Leste</SimpleData>
					<SimpleData name="eq_regiao8">Leste 2</SimpleData>
					<SimpleData name="eq_ender">GASPAR DA SILVA</SimpleData>
					<SimpleData name="eq_num">240</SimpleData>
					<SimpleData name="eq_codcep">08275000</SimpleData>
					<SimpleData name="eq_fone1">00</SimpleData>
					<SimpleData name="eq_cd_dirt">10208</SimpleData>
					<SimpleData name="eq_diretor">LESTE 4</SimpleData>
					<SimpleData name="eq_dre">ITAQUERA</SimpleData>
					<SimpleData name="eq_cd_zona">1</SimpleData>
					<SimpleData name="eq_zona">Urbana</SimpleData>
					<SimpleData name="eq_cd_mec">35007126</SimpleData>
					<SimpleData name="eq_esfera">MUNICIPAL</SimpleData>
					<SimpleData name="eq_cd_catg">1</SimpleData>
					<SimpleData name="eq_categor">ESCOLAS AUTONOMAS</SimpleData>
					<SimpleData name="eq_eol">35007126</SimpleData>
				</SchemaData>
			</ExtendedData>
			<Point>
				<coordinates>-46.47845580000039,-23.5753259996083,0</coordinates>
			</Point>
		</Placemark>
		<Placemark id="kml_3">
			<name>kml_3</name>
			<snippet></snippet>
			<description><![CDATA[<center><table><tr><th colspan='2' align='center'><em>Attributes</em></th></tr><tr bgcolor="#E3E3F3">
<th>eq_id</th>
<td>1678</td>
</tr><tr bgcolor="">
<th>eq_nome</th>
<td>CEU EMEI ANTONIO FRANCISCO LISBOA</td>
</tr><tr bgcolor="#E3E3F3">
<th>eq_enderec</th>
<td>LARGO DE SAO JOAO CLIMACO 12</td>
</tr><tr bgcolor="">
<th>eq_bairro</th>
<td>S JOAO CLIMACO</td>
</tr><tr bgcolor="#E3E3F3">
<th>eq_cep</th>
<td>04255000</td>
</tr><tr bgcolor="">
<th>eq_tipo</th>
<td>CEU EMEI</td>
</tr><tr bgcolor="#E3E3F3">
<th>eq_classe</th>
<td>CEU</td>
</tr><tr bgcolor="">
<th>eq_telefon</th>
<td>1129463392 / 1129484862</td>
</tr><tr bgcolor="#E3E3F3">
<th>eq_setor</th>
<td>355030868000011</td>
</tr><tr bgcolor="">
<th>eq_areap</th>
<td>3550308005085</td>
</tr><tr bgcolor="#E3E3F3">
<th>eq_cd_dist</th>
<td>68</td>
</tr><tr bgcolor="">
<th>eq_distr</th>
<td>SACOMA</td>
</tr><tr bgcolor="#E3E3F3">
<th>eq_cd_subp</th>
<td>13</td>
</tr><tr bgcolor="">
<th>eq_subpref</th>
<td>IPIRANGA</td>
</tr><tr bgcolor="#E3E3F3">
<th>eq_regiao5</th>
<td>Sul</td>
</tr><tr bgcolor="">
<th>eq_regiao8</th>
<td>Sul 1</td>
</tr><tr bgcolor="#E3E3F3">
<th>eq_ender</th>
<td>LARGO DE SAO JOAO CLIMACO</td>
</tr><tr bgcolor="">
<th>eq_num</th>
<td>12</td>
</tr><tr bgcolor="#E3E3F3">
<th>eq_compend</th>
<td>LARGO</td>
</tr><tr bgcolor="">
<th>eq_codcep</th>
<td>04255000</td>
</tr><tr bgcolor="#E3E3F3">
<th>eq_fone1</th>
<td>1129463392</td>
</tr><tr bgcolor="">
<th>eq_fone2</th>
<td>1129484862</td>
</tr><tr bgcolor="#E3E3F3">
<th>eq_email</th>
<td></td>
</tr><tr bgcolor="">
<th>eq_cd_dirt</th>
<td>10316</td>
</tr><tr bgcolor="#E3E3F3">
<th>eq_diretor</th>
<td>CENTRO SUL</td>
</tr><tr bgcolor="">
<th>eq_dre</th>
<td>IPIRANGA</td>
</tr><tr bgcolor="#E3E3F3">
<th>eq_cd_zona</th>
<td>1</td>
</tr><tr bgcolor="">
<th>eq_zona</th>
<td>Urbana</td>
</tr><tr bgcolor="#E3E3F3">
<th>eq_cd_mec</th>
<td>35051858</td>
</tr><tr bgcolor="">
<th>eq_esfera</th>
<td>MUNICIPAL</td>
</tr><tr bgcolor="#E3E3F3">
<th>eq_cd_catg</th>
<td>1</td>
</tr><tr bgcolor="">
<th>eq_categor</th>
<td>ESCOLAS AUTONOMAS</td>
</tr><tr bgcolor="#E3E3F3">
<th>eq_eol</th>
<td>35051858</td>
</tr><tr bgcolor="">
<th>eq_horario</th>
<td>07:00-19:00</td>
</tr></table></center>]]></description>
			<styleUrl>#m_ylw-pushpin</styleUrl>
			<ExtendedData>
				<SchemaData schemaUrl="#kml_schema_ft_LL_WGS84_KMZ_TEMA_EDUCACAO_CEU">
					<SimpleData name="eq_id">1678</SimpleData>
					<SimpleData name="eq_nome">CEU EMEI ANTONIO FRANCISCO LISBOA</SimpleData>
					<SimpleData name="eq_enderec">LARGO DE SAO JOAO CLIMACO 12</SimpleData>
					<SimpleData name="eq_bairro">S JOAO CLIMACO</SimpleData>
					<SimpleData name="eq_cep">04255000</SimpleData>
					<SimpleData name="eq_tipo">CEU EMEI</SimpleData>
					<SimpleData name="eq_classe">CEU</SimpleData>
					<SimpleData name="eq_telefon">1129463392 / 1129484862</SimpleData>
					<SimpleData name="eq_setor">355030868000011</SimpleData>
					<SimpleData name="eq_areap">3550308005085</SimpleData>
					<SimpleData name="eq_cd_dist">68</SimpleData>
					<SimpleData name="eq_distr">SACOMA</SimpleData>
					<SimpleData name="eq_cd_subp">13</SimpleData>
					<SimpleData name="eq_subpref">IPIRANGA</SimpleData>
					<SimpleData name="eq_regiao5">Sul</SimpleData>
					<SimpleData name="eq_regiao8">Sul 1</SimpleData>
					<SimpleData name="eq_ender">LARGO DE SAO JOAO CLIMACO</SimpleData>
					<SimpleData name="eq_num">12</SimpleData>
					<SimpleData name="eq_compend">LARGO</SimpleData>
					<SimpleData name="eq_codcep">04255000</SimpleData>
					<SimpleData name="eq_fone1">1129463392</SimpleData>
					<SimpleData name="eq_fone2">1129484862</SimpleData>
					<SimpleData name="eq_cd_dirt">10316</SimpleData>
					<SimpleData name="eq_diretor">CENTRO SUL</SimpleData>
					<SimpleData name="eq_dre">IPIRANGA</SimpleData>
					<SimpleData name="eq_cd_zona">1</SimpleData>
					<SimpleData name="eq_zona">Urbana</SimpleData>
					<SimpleData name="eq_cd_mec">35051858</SimpleData>
					<SimpleData name="eq_esfera">MUNICIPAL</SimpleData>
					<SimpleData name="eq_cd_catg">1</SimpleData>
					<SimpleData name="eq_categor">ESCOLAS AUTONOMAS</SimpleData>
					<SimpleData name="eq_eol">35051858</SimpleData>
					<SimpleData name="eq_horario">07:00-19:00</SimpleData>
				</SchemaData>
			</ExtendedData>
			<Point>
				<coordinates>-46.5908543246637,-23.623325890466,0</coordinates>
			</Point>
		</Placemark>
		<Placemark id="kml_4">
			<name>kml_4</name>
			<snippet></snippet>
			<description><![CDATA[<center><table><tr><th colspan='2' align='center'><em>Attributes</em></th></tr><tr bgcolor="#E3E3F3">
<th>eq_id</th>
<td>1773</td>
</tr><tr bgcolor="">
<th>eq_nome</th>
<td>CEU EMEI JOSE GASPAR D</td>
</tr><tr bgcolor="#E3E3F3">
<th>eq_enderec</th>
<td>OLGA FADEL ABARCA SN</td>
</tr><tr bgcolor="">
<th>eq_bairro</th>
<td>JARDIM SANTA TEREZINHA ZONA LESTE</td>
</tr><tr bgcolor="#E3E3F3">
<th>eq_cep</th>
<td>03572000</td>
</tr><tr bgcolor="">
<th>eq_tipo</th>
<td>CEU EMEI</td>
</tr><tr bgcolor="#E3E3F3">
<th>eq_classe</th>
<td>CEU</td>
</tr><tr bgcolor="">
<th>eq_telefon</th>
<td>1120590133 / 1127237520</td>
</tr><tr bgcolor="#E3E3F3">
<th>eq_setor</th>
<td>355030824000057</td>
</tr><tr bgcolor="">
<th>eq_areap</th>
<td>3550308005152</td>
</tr><tr bgcolor="#E3E3F3">
<th>eq_cd_dist</th>
<td>24</td>
</tr><tr bgcolor="">
<th>eq_distr</th>
<td>CIDADE LIDER</td>
</tr><tr bgcolor="#E3E3F3">
<th>eq_cd_subp</th>
<td>27</td>
</tr><tr bgcolor="">
<th>eq_subpref</th>
<td>ITAQUERA</td>
</tr><tr bgcolor="#E3E3F3">
<th>eq_regiao5</th>
<td>Leste</td>
</tr><tr bgcolor="">
<th>eq_regiao8</th>
<td>Leste 2</td>
</tr><tr bgcolor="#E3E3F3">
<th>eq_ender</th>
<td>OLGA FADEL ABARCA</td>
</tr><tr bgcolor="">
<th>eq_num</th>
<td>SN</td>
</tr><tr bgcolor="#E3E3F3">
<th>eq_compend</th>
<td>RUA</td>
</tr><tr bgcolor="">
<th>eq_codcep</th>
<td>03572000</td>
</tr><tr bgcolor="#E3E3F3">
<th>eq_fone1</th>
<td>1120590133</td>
</tr><tr bgcolor="">
<th>eq_fone2</th>
<td>1127237520</td>
</tr><tr bgcolor="#E3E3F3">
<th>eq_email</th>
<td>EMEIJOSEGASPAR@SME.PREFEITURA.SP.GOV.BR</td>
</tr><tr bgcolor="">
<th>eq_cd_dirt</th>
<td>10208</td>
</tr><tr bgcolor="#E3E3F3">
<th>eq_diretor</th>
<td>LESTE 4</td>
</tr><tr bgcolor="">
<th>eq_dre</th>
<td>ITAQUERA</td>
</tr><tr bgcolor="#E3E3F3">
<th>eq_cd_zona</th>
<td>1</td>
</tr><tr bgcolor="">
<th>eq_zona</th>
<td>Urbana</td>
</tr><tr bgcolor="#E3E3F3">
<th>eq_cd_mec</th>
<td>35052814</td>
</tr><tr bgcolor="">
<th>eq_esfera</th>
<td>MUNICIPAL</td>
</tr><tr bgcolor="#E3E3F3">
<th>eq_cd_catg</th>
<td>1</td>
</tr><tr bgcolor="">
<th>eq_categor</th>
<td>ESCOLAS AUTONOMAS</td>
</tr><tr bgcolor="#E3E3F3">
<th>eq_eol</th>
<td>35052814</td>
</tr><tr bgcolor="">
<th>eq_horario</th>
<td>07:00-19:00</td>
</tr></table></center>]]></description>
			<styleUrl>#m_ylw-pushpin</styleUrl>
			<ExtendedData>
				<SchemaData schemaUrl="#kml_schema_ft_LL_WGS84_KMZ_TEMA_EDUCACAO_CEU">
					<SimpleData name="eq_id">1773</SimpleData>
					<SimpleData name="eq_nome">CEU EMEI JOSE GASPAR D</SimpleData>
					<SimpleData name="eq_enderec">OLGA FADEL ABARCA SN</SimpleData>
					<SimpleData name="eq_bairro">JARDIM SANTA TEREZINHA ZONA LESTE</SimpleData>
					<SimpleData name="eq_cep">03572000</SimpleData>
					<SimpleData name="eq_tipo">CEU EMEI</SimpleData>
					<SimpleData name="eq_classe">CEU</SimpleData>
					<SimpleData name="eq_telefon">1120590133 / 1127237520</SimpleData>
					<SimpleData name="eq_setor">355030824000057</SimpleData>
					<SimpleData name="eq_areap">3550308005152</SimpleData>
					<SimpleData name="eq_cd_dist">24</SimpleData>
					<SimpleData name="eq_distr">CIDADE LIDER</SimpleData>
					<SimpleData name="eq_cd_subp">27</SimpleData>
					<SimpleData name="eq_subpref">ITAQUERA</SimpleData>
					<SimpleData name="eq_regiao5">Leste</SimpleData>
					<SimpleData name="eq_regiao8">Leste 2</SimpleData>
					<SimpleData name="eq_ender">OLGA FADEL ABARCA</SimpleData>
					<SimpleData name="eq_num">SN</SimpleData>
					<SimpleData name="eq_compend">RUA</SimpleData>
					<SimpleData name="eq_codcep">03572000</SimpleData>
					<SimpleData name="eq_fone1">1120590133</SimpleData>
					<SimpleData name="eq_fone2">1127237520</SimpleData>
					<SimpleData name="eq_email">EMEIJOSEGASPAR@SME.PREFEITURA.SP.GOV.BR</SimpleData>
					<SimpleData name="eq_cd_dirt">10208</SimpleData>
					<SimpleData name="eq_diretor">LESTE 4</SimpleData>
					<SimpleData name="eq_dre">ITAQUERA</SimpleData>
					<SimpleData name="eq_cd_zona">1</SimpleData>
					<SimpleData name="eq_zona">Urbana</SimpleData>
					<SimpleData name="eq_cd_mec">35052814</SimpleData>
					<SimpleData name="eq_esfera">MUNICIPAL</SimpleData>
					<SimpleData name="eq_cd_catg">1</SimpleData>
					<SimpleData name="eq_categor">ESCOLAS AUTONOMAS</SimpleData>
					<SimpleData name="eq_eol">35052814</SimpleData>
					<SimpleData name="eq_horario">07:00-19:00</SimpleData>
				</SchemaData>
			</ExtendedData>
			<Point>
				<coordinates>-46.50282543229481,-23.5697119289009,0</coordinates>
			</Point>
		</Placemark>
		<Placemark id="kml_5">
			<name>kml_5</name>
			<snippet></snippet>
			<description><![CDATA[<center><table><tr><th colspan='2' align='center'><em>Attributes</em></th></tr><tr bgcolor="#E3E3F3">
<th>eq_id</th>
<td>1835</td>
</tr><tr bgcolor="">
<th>eq_nome</th>
<td>CEU EMEF CAMPOS SALLES PRES</td>
</tr><tr bgcolor="#E3E3F3">
<th>eq_enderec</th>
<td>FRONTINI CAVALHEIRO 87</td>
</tr><tr bgcolor="">
<th>eq_bairro</th>
<td>SAO JOAO CLIMACO</td>
</tr><tr bgcolor="#E3E3F3">
<th>eq_cep</th>
<td>04241000</td>
</tr><tr bgcolor="">
<th>eq_tipo</th>
<td>CEU EMEF</td>
</tr><tr bgcolor="#E3E3F3">
<th>eq_classe</th>
<td>CEU</td>
</tr><tr bgcolor="">
<th>eq_telefon</th>
<td>1129404131 / 1129476723</td>
</tr><tr bgcolor="#E3E3F3">
<th>eq_setor</th>
<td>355030868000277</td>
</tr><tr bgcolor="">
<th>eq_areap</th>
<td>3550308005085</td>
</tr><tr bgcolor="#E3E3F3">
<th>eq_cd_dist</th>
<td>68</td>
</tr><tr bgcolor="">
<th>eq_distr</th>
<td>SACOMA</td>
</tr><tr bgcolor="#E3E3F3">
<th>eq_cd_subp</th>
<td>13</td>
</tr><tr bgcolor="">
<th>eq_subpref</th>
<td>IPIRANGA</td>
</tr><tr bgcolor="#E3E3F3">
<th>eq_regiao5</th>
<td>Sul</td>
</tr><tr bgcolor="">
<th>eq_regiao8</th>
<td>Sul 1</td>
</tr><tr bgcolor="#E3E3F3">
<th>eq_ender</th>
<td>FRONTINI CAVALHEIRO</td>
</tr><tr bgcolor="">
<th>eq_num</th>
<td>87</td>
</tr><tr bgcolor="#E3E3F3">
<th>eq_compend</th>
<td>RUA</td>
</tr><tr bgcolor="">
<th>eq_codcep</th>
<td>04241000</td>
</tr><tr bgcolor="#E3E3F3">
<th>eq_fone1</th>
<td>1129404131</td>
</tr><tr bgcolor="">
<th>eq_fone2</th>
<td>1129476723</td>
</tr><tr bgcolor="#E3E3F3">
<th>eq_email</th>
<td></td>
</tr><tr bgcolor="">
<th>eq_cd_dirt</th>
<td>10316</td>
</tr><tr bgcolor="#E3E3F3">
<th>eq_diretor</th>
<td>CENTRO SUL</td>
</tr><tr bgcolor="">
<th>eq_dre</th>
<td>IPIRANGA</td>
</tr><tr bgcolor="#E3E3F3">
<th>eq_cd_zona</th>
<td>1</td>
</tr><tr bgcolor="">
<th>eq_zona</th>
<td>Urbana</td>
</tr><tr bgcolor="#E3E3F3">
<th>eq_cd_mec</th>
<td>35053442</td>
</tr><tr bgcolor="">
<th>eq_esfera</th>
<td>MUNICIPAL</td>
</tr><tr bgcolor="#E3E3F3">
<th>eq_cd_catg</th>
<td>1</td>
</tr><tr bgcolor="">
<th>eq_categor</th>
<td>ESCOLAS AUTONOMAS</td>
</tr><tr bgcolor="#E3E3F3">
<th>eq_eol</th>
<td>35053442</td>
</tr><tr bgcolor="">
<th>eq_horario</th>
<td>07:00-23:00</td>
</tr></table></center>]]></description>
			<styleUrl>#m_ylw-pushpin</styleUrl>
			<ExtendedData>
				<SchemaData schemaUrl="#kml_schema_ft_LL_WGS84_KMZ_TEMA_EDUCACAO_CEU">
					<SimpleData name="eq_id">1835</SimpleData>
					<SimpleData name="eq_nome">CEU EMEF CAMPOS SALLES PRES</SimpleData>
					<SimpleData name="eq_enderec">FRONTINI CAVALHEIRO 87</SimpleData>
					<SimpleData name="eq_bairro">SAO JOAO CLIMACO</SimpleData>
					<SimpleData name="eq_cep">04241000</SimpleData>
					<SimpleData name="eq_tipo">CEU EMEF</SimpleData>
					<SimpleData name="eq_classe">CEU</SimpleData>
					<SimpleData name="eq_telefon">1129404131 / 1129476723</SimpleData>
					<SimpleData name="eq_setor">355030868000277</SimpleData>
					<SimpleData name="eq_areap">3550308005085</SimpleData>
					<SimpleData name="eq_cd_dist">68</SimpleData>
					<SimpleData name="eq_distr">SACOMA</SimpleData>
					<SimpleData name="eq_cd_subp">13</SimpleData>
					<SimpleData name="eq_subpref">IPIRANGA</SimpleData>
					<SimpleData name="eq_regiao5">Sul</SimpleData>
					<SimpleData name="eq_regiao8">Sul 1</SimpleData>
					<SimpleData name="eq_ender">FRONTINI CAVALHEIRO</SimpleData>
					<SimpleData name="eq_num">87</SimpleData>
					<SimpleData name="eq_compend">RUA</SimpleData>
					<SimpleData name="eq_codcep">04241000</SimpleData>
					<SimpleData name="eq_fone1">1129404131</SimpleData>
					<SimpleData name="eq_fone2">1129476723</SimpleData>
					<SimpleData name="eq_cd_dirt">10316</SimpleData>
					<SimpleData name="eq_diretor">CENTRO SUL</SimpleData>
					<SimpleData name="eq_dre">IPIRANGA</SimpleData>
					<SimpleData name="eq_cd_zona">1</SimpleData>
					<SimpleData name="eq_zona">Urbana</SimpleData>
					<SimpleData name="eq_cd_mec">35053442</SimpleData>
					<SimpleData name="eq_esfera">MUNICIPAL</SimpleData>
					<SimpleData name="eq_cd_catg">1</SimpleData>
					<SimpleData name="eq_categor">ESCOLAS AUTONOMAS</SimpleData>
					<SimpleData name="eq_eol">35053442</SimpleData>
					<SimpleData name="eq_horario">07:00-23:00</SimpleData>
				</SchemaData>
			</ExtendedData>
			<Point>
				<coordinates>-46.59099933431351,-23.6225758777679,0</coordinates>
			</Point>
		</Placemark>
		<Placemark id="kml_6">
			<name>kml_6</name>
			<snippet></snippet>
			<description><![CDATA[<center><table><tr><th colspan='2' align='center'><em>Attributes</em></th></tr><tr bgcolor="#E3E3F3">
<th>eq_id</th>
<td>2065</td>
</tr><tr bgcolor="">
<th>eq_nome</th>
<td>CEU EMEF PAULO GONCALO DOS SANTOS PROF</td>
</tr><tr bgcolor="#E3E3F3">
<th>eq_enderec</th>
<td>ALVARENGA 3752</td>
</tr><tr bgcolor="">
<th>eq_bairro</th>
<td>BALNEARIO SAO FRANCISCO</td>
</tr><tr bgcolor="#E3E3F3">
<th>eq_cep</th>
<td>04474000</td>
</tr><tr bgcolor="">
<th>eq_tipo</th>
<td>CEU EMEF</td>
</tr><tr bgcolor="#E3E3F3">
<th>eq_classe</th>
<td>CEU</td>
</tr><tr bgcolor="">
<th>eq_telefon</th>
<td>1156722519 / 1156722520</td>
</tr><tr bgcolor="#E3E3F3">
<th>eq_setor</th>
<td>355030858000062</td>
</tr><tr bgcolor="">
<th>eq_areap</th>
<td>3550308005213</td>
</tr><tr bgcolor="#E3E3F3">
<th>eq_cd_dist</th>
<td>58</td>
</tr><tr bgcolor="">
<th>eq_distr</th>
<td>PEDREIRA</td>
</tr><tr bgcolor="#E3E3F3">
<th>eq_cd_subp</th>
<td>16</td>
</tr><tr bgcolor="">
<th>eq_subpref</th>
<td>CIDADE ADEMAR</td>
</tr><tr bgcolor="#E3E3F3">
<th>eq_regiao5</th>
<td>Sul</td>
</tr><tr bgcolor="">
<th>eq_regiao8</th>
<td>Sul 2</td>
</tr><tr bgcolor="#E3E3F3">
<th>eq_ender</th>
<td>ALVARENGA</td>
</tr><tr bgcolor="">
<th>eq_num</th>
<td>3752</td>
</tr><tr bgcolor="#E3E3F3">
<th>eq_compend</th>
<td>ESTRADA</td>
</tr><tr bgcolor="">
<th>eq_codcep</th>
<td>04474000</td>
</tr><tr bgcolor="#E3E3F3">
<th>eq_fone1</th>
<td>1156722519</td>
</tr><tr bgcolor="">
<th>eq_fone2</th>
<td>1156722520</td>
</tr><tr bgcolor="#E3E3F3">
<th>eq_email</th>
<td>CEUEMEFPROFPAULOGSANTOS@SME.PREFEITURA.SP.GOV.BR</td>
</tr><tr bgcolor="">
<th>eq_cd_dirt</th>
<td>10317</td>
</tr><tr bgcolor="#E3E3F3">
<th>eq_diretor</th>
<td>SUL 1</td>
</tr><tr bgcolor="">
<th>eq_dre</th>
<td>SANTO AMARO</td>
</tr><tr bgcolor="#E3E3F3">
<th>eq_cd_zona</th>
<td>1</td>
</tr><tr bgcolor="">
<th>eq_zona</th>
<td>Urbana</td>
</tr><tr bgcolor="#E3E3F3">
<th>eq_cd_mec</th>
<td>35056571</td>
</tr><tr bgcolor="">
<th>eq_esfera</th>
<td>MUNICIPAL</td>
</tr><tr bgcolor="#E3E3F3">
<th>eq_cd_catg</th>
<td>1</td>
</tr><tr bgcolor="">
<th>eq_categor</th>
<td>ESCOLAS AUTONOMAS</td>
</tr><tr bgcolor="#E3E3F3">
<th>eq_eol</th>
<td>35056571</td>
</tr><tr bgcolor="">
<th>eq_horario</th>
<td>07:00-18:30</td>
</tr></table></center>]]></description>
			<styleUrl>#m_ylw-pushpin</styleUrl>
			<ExtendedData>
				<SchemaData schemaUrl="#kml_schema_ft_LL_WGS84_KMZ_TEMA_EDUCACAO_CEU">
					<SimpleData name="eq_id">2065</SimpleData>
					<SimpleData name="eq_nome">CEU EMEF PAULO GONCALO DOS SANTOS PROF</SimpleData>
					<SimpleData name="eq_enderec">ALVARENGA 3752</SimpleData>
					<SimpleData name="eq_bairro">BALNEARIO SAO FRANCISCO</SimpleData>
					<SimpleData name="eq_cep">04474000</SimpleData>
					<SimpleData name="eq_tipo">CEU EMEF</SimpleData>
					<SimpleData name="eq_classe">CEU</SimpleData>
					<SimpleData name="eq_telefon">1156722519 / 1156722520</SimpleData>
					<SimpleData name="eq_setor">355030858000062</SimpleData>
					<SimpleData name="eq_areap">3550308005213</SimpleData>
					<SimpleData name="eq_cd_dist">58</SimpleData>
					<SimpleData name="eq_distr">PEDREIRA</SimpleData>
					<SimpleData name="eq_cd_subp">16</SimpleData>
					<SimpleData name="eq_subpref">CIDADE ADEMAR</SimpleData>
					<SimpleData name="eq_regiao5">Sul</SimpleData>
					<SimpleData name="eq_regiao8">Sul 2</SimpleData>
					<SimpleData name="eq_ender">ALVARENGA</SimpleData>
					<SimpleData name="eq_num">3752</SimpleData>
					<SimpleData name="eq_compend">ESTRADA</SimpleData>
					<SimpleData name="eq_codcep">04474000</SimpleData>
					<SimpleData name="eq_fone1">1156722519</SimpleData>
					<SimpleData name="eq_fone2">1156722520</SimpleData>
					<SimpleData name="eq_email">CEUEMEFPROFPAULOGSANTOS@SME.PREFEITURA.SP.GOV.BR</SimpleData>
					<SimpleData name="eq_cd_dirt">10317</SimpleData>
					<SimpleData name="eq_diretor">SUL 1</SimpleData>
					<SimpleData name="eq_dre">SANTO AMARO</SimpleData>
					<SimpleData name="eq_cd_zona">1</SimpleData>
					<SimpleData name="eq_zona">Urbana</SimpleData>
					<SimpleData name="eq_cd_mec">35056571</SimpleData>
					<SimpleData name="eq_esfera">MUNICIPAL</SimpleData>
					<SimpleData name="eq_cd_catg">1</SimpleData>
					<SimpleData name="eq_categor">ESCOLAS AUTONOMAS</SimpleData>
					<SimpleData name="eq_eol">35056571</SimpleData>
					<SimpleData name="eq_horario">07:00-18:30</SimpleData>
				</SchemaData>
			</ExtendedData>
			<Point>
				<coordinates>-46.6445660898653,-23.7034340773745,0</coordinates>
			</Point>
		</Placemark>
		<Placemark id="kml_7">
			<name>kml_7</name>
			<snippet></snippet>
			<description><![CDATA[<center><table><tr><th colspan='2' align='center'><em>Attributes</em></th></tr><tr bgcolor="#E3E3F3">
<th>eq_id</th>
<td>2066</td>
</tr><tr bgcolor="">
<th>eq_nome</th>
<td>CEU EMEI ALVARENGA</td>
</tr><tr bgcolor="#E3E3F3">
<th>eq_enderec</th>
<td>ALVARENGA 3752</td>
</tr><tr bgcolor="">
<th>eq_bairro</th>
<td>BALNEARIO SAO FRANCISCO</td>
</tr><tr bgcolor="#E3E3F3">
<th>eq_cep</th>
<td>04474000</td>
</tr><tr bgcolor="">
<th>eq_tipo</th>
<td>CEU EMEI</td>
</tr><tr bgcolor="#E3E3F3">
<th>eq_classe</th>
<td>CEU</td>
</tr><tr bgcolor="">
<th>eq_telefon</th>
<td>1156722513 / 1156722515</td>
</tr><tr bgcolor="#E3E3F3">
<th>eq_setor</th>
<td>355030858000062</td>
</tr><tr bgcolor="">
<th>eq_areap</th>
<td>3550308005213</td>
</tr><tr bgcolor="#E3E3F3">
<th>eq_cd_dist</th>
<td>58</td>
</tr><tr bgcolor="">
<th>eq_distr</th>
<td>PEDREIRA</td>
</tr><tr bgcolor="#E3E3F3">
<th>eq_cd_subp</th>
<td>16</td>
</tr><tr bgcolor="">
<th>eq_subpref</th>
<td>CIDADE ADEMAR</td>
</tr><tr bgcolor="#E3E3F3">
<th>eq_regiao5</th>
<td>Sul</td>
</tr><tr bgcolor="">
<th>eq_regiao8</th>
<td>Sul 2</td>
</tr><tr bgcolor="#E3E3F3">
<th>eq_ender</th>
<td>ALVARENGA</td>
</tr><tr bgcolor="">
<th>eq_num</th>
<td>3752</td>
</tr><tr bgcolor="#E3E3F3">
<th>eq_compend</th>
<td>ESTRADA</td>
</tr><tr bgcolor="">
<th>eq_codcep</th>
<td>04474000</td>
</tr><tr bgcolor="#E3E3F3">
<th>eq_fone1</th>
<td>1156722513</td>
</tr><tr bgcolor="">
<th>eq_fone2</th>
<td>1156722515</td>
</tr><tr bgcolor="#E3E3F3">
<th>eq_email</th>
<td>EMEICEUALVARENGA@SME.PREFEITURA.SP.GOV.BR</td>
</tr><tr bgcolor="">
<th>eq_cd_dirt</th>
<td>10317</td>
</tr><tr bgcolor="#E3E3F3">
<th>eq_diretor</th>
<td>SUL 1</td>
</tr><tr bgcolor="">
<th>eq_dre</th>
<td>SANTO AMARO</td>
</tr><tr bgcolor="#E3E3F3">
<th>eq_cd_zona</th>
<td>1</td>
</tr><tr bgcolor="">
<th>eq_zona</th>
<td>Urbana</td>
</tr><tr bgcolor="#E3E3F3">
<th>eq_cd_mec</th>
<td>35056583</td>
</tr><tr bgcolor="">
<th>eq_esfera</th>
<td>MUNICIPAL</td>
</tr><tr bgcolor="#E3E3F3">
<th>eq_cd_catg</th>
<td>1</td>
</tr><tr bgcolor="">
<th>eq_categor</th>
<td>ESCOLAS AUTONOMAS</td>
</tr><tr bgcolor="#E3E3F3">
<th>eq_eol</th>
<td>35056583</td>
</tr><tr bgcolor="">
<th>eq_horario</th>
<td>07:00-19:00</td>
</tr></table></center>]]></description>
			<styleUrl>#m_ylw-pushpin</styleUrl>
			<ExtendedData>
				<SchemaData schemaUrl="#kml_schema_ft_LL_WGS84_KMZ_TEMA_EDUCACAO_CEU">
					<SimpleData name="eq_id">2066</SimpleData>
					<SimpleData name="eq_nome">CEU EMEI ALVARENGA</SimpleData>
					<SimpleData name="eq_enderec">ALVARENGA 3752</SimpleData>
					<SimpleData name="eq_bairro">BALNEARIO SAO FRANCISCO</SimpleData>
					<SimpleData name="eq_cep">04474000</SimpleData>
					<SimpleData name="eq_tipo">CEU EMEI</SimpleData>
					<SimpleData name="eq_classe">CEU</SimpleData>
					<SimpleData name="eq_telefon">1156722513 / 1156722515</SimpleData>
					<SimpleData name="eq_setor">355030858000062</SimpleData>
					<SimpleData name="eq_areap">3550308005213</SimpleData>
					<SimpleData name="eq_cd_dist">58</SimpleData>
					<SimpleData name="eq_distr">PEDREIRA</SimpleData>
					<SimpleData name="eq_cd_subp">16</SimpleData>
					<SimpleData name="eq_subpref">CIDADE ADEMAR</SimpleData>
					<SimpleData name="eq_regiao5">Sul</SimpleData>
					<SimpleData name="eq_regiao8">Sul 2</SimpleData>
					<SimpleData name="eq_ender">ALVARENGA</SimpleData>
					<SimpleData name="eq_num">3752</SimpleData>
					<SimpleData name="eq_compend">ESTRADA</SimpleData>
					<SimpleData name="eq_codcep">04474000</SimpleData>
					<SimpleData name="eq_fone1">1156722513</SimpleData>
					<SimpleData name="eq_fone2">1156722515</SimpleData>
					<SimpleData name="eq_email">EMEICEUALVARENGA@SME.PREFEITURA.SP.GOV.BR</SimpleData>
					<SimpleData name="eq_cd_dirt">10317</SimpleData>
					<SimpleData name="eq_diretor">SUL 1</SimpleData>
					<SimpleData name="eq_dre">SANTO AMARO</SimpleData>
					<SimpleData name="eq_cd_zona">1</SimpleData>
					<SimpleData name="eq_zona">Urbana</SimpleData>
					<SimpleData name="eq_cd_mec">35056583</SimpleData>
					<SimpleData name="eq_esfera">MUNICIPAL</SimpleData>
					<SimpleData name="eq_cd_catg">1</SimpleData>
					<SimpleData name="eq_categor">ESCOLAS AUTONOMAS</SimpleData>
					<SimpleData name="eq_eol">35056583</SimpleData>
					<SimpleData name="eq_horario">07:00-19:00</SimpleData>
				</SchemaData>
			</ExtendedData>
			<Point>
				<coordinates>-46.64468110992771,-23.7033001124314,0</coordinates>
			</Point>
		</Placemark>
		<Placemark id="kml_8">
			<name>kml_8</name>
			<snippet></snippet>
			<description><![CDATA[<center><table><tr><th colspan='2' align='center'><em>Attributes</em></th></tr><tr bgcolor="#E3E3F3">
<th>eq_id</th>
<td>2067</td>
</tr><tr bgcolor="">
<th>eq_nome</th>
<td>CEU CEI ALVARENGA</td>
</tr><tr bgcolor="#E3E3F3">
<th>eq_enderec</th>
<td>ALVARENGA SN</td>
</tr><tr bgcolor="">
<th>eq_bairro</th>
<td>BALNEARIO SAO FRANCISCO</td>
</tr><tr bgcolor="#E3E3F3">
<th>eq_cep</th>
<td>04474000</td>
</tr><tr bgcolor="">
<th>eq_tipo</th>
<td>CEU CEI</td>
</tr><tr bgcolor="#E3E3F3">
<th>eq_classe</th>
<td>CEU</td>
</tr><tr bgcolor="">
<th>eq_telefon</th>
<td>1156722551 / </td>
</tr><tr bgcolor="#E3E3F3">
<th>eq_setor</th>
<td>355030858000110</td>
</tr><tr bgcolor="">
<th>eq_areap</th>
<td>3550308005213</td>
</tr><tr bgcolor="#E3E3F3">
<th>eq_cd_dist</th>
<td>58</td>
</tr><tr bgcolor="">
<th>eq_distr</th>
<td>PEDREIRA</td>
</tr><tr bgcolor="#E3E3F3">
<th>eq_cd_subp</th>
<td>16</td>
</tr><tr bgcolor="">
<th>eq_subpref</th>
<td>CIDADE ADEMAR</td>
</tr><tr bgcolor="#E3E3F3">
<th>eq_regiao5</th>
<td>Sul</td>
</tr><tr bgcolor="">
<th>eq_regiao8</th>
<td>Sul 2</td>
</tr><tr bgcolor="#E3E3F3">
<th>eq_ender</th>
<td>ALVARENGA</td>
</tr><tr bgcolor="">
<th>eq_num</th>
<td>SN</td>
</tr><tr bgcolor="#E3E3F3">
<th>eq_compend</th>
<td>ESTRADA</td>
</tr><tr bgcolor="">
<th>eq_codcep</th>
<td>04474000</td>
</tr><tr bgcolor="#E3E3F3">
<th>eq_fone1</th>
<td>1156722551</td>
</tr><tr bgcolor="">
<th>eq_fone2</th>
<td></td>
</tr><tr bgcolor="#E3E3F3">
<th>eq_email</th>
<td></td>
</tr><tr bgcolor="">
<th>eq_cd_dirt</th>
<td>10317</td>
</tr><tr bgcolor="#E3E3F3">
<th>eq_diretor</th>
<td>SUL 1</td>
</tr><tr bgcolor="">
<th>eq_dre</th>
<td>SANTO AMARO</td>
</tr><tr bgcolor="#E3E3F3">
<th>eq_cd_zona</th>
<td>1</td>
</tr><tr bgcolor="">
<th>eq_zona</th>
<td>Urbana</td>
</tr><tr bgcolor="#E3E3F3">
<th>eq_cd_mec</th>
<td>35056704</td>
</tr><tr bgcolor="">
<th>eq_esfera</th>
<td>MUNICIPAL</td>
</tr><tr bgcolor="#E3E3F3">
<th>eq_cd_catg</th>
<td>1</td>
</tr><tr bgcolor="">
<th>eq_categor</th>
<td>ESCOLAS AUTONOMAS</td>
</tr><tr bgcolor="#E3E3F3">
<th>eq_eol</th>
<td>35056704</td>
</tr><tr bgcolor="">
<th>eq_horario</th>
<td>07:00-18:00</td>
</tr></table></center>]]></description>
			<styleUrl>#m_ylw-pushpin</styleUrl>
			<ExtendedData>
				<SchemaData schemaUrl="#kml_schema_ft_LL_WGS84_KMZ_TEMA_EDUCACAO_CEU">
					<SimpleData name="eq_id">2067</SimpleData>
					<SimpleData name="eq_nome">CEU CEI ALVARENGA</SimpleData>
					<SimpleData name="eq_enderec">ALVARENGA SN</SimpleData>
					<SimpleData name="eq_bairro">BALNEARIO SAO FRANCISCO</SimpleData>
					<SimpleData name="eq_cep">04474000</SimpleData>
					<SimpleData name="eq_tipo">CEU CEI</SimpleData>
					<SimpleData name="eq_classe">CEU</SimpleData>
					<SimpleData name="eq_telefon">1156722551 /</SimpleData>
					<SimpleData name="eq_setor">355030858000110</SimpleData>
					<SimpleData name="eq_areap">3550308005213</SimpleData>
					<SimpleData name="eq_cd_dist">58</SimpleData>
					<SimpleData name="eq_distr">PEDREIRA</SimpleData>
					<SimpleData name="eq_cd_subp">16</SimpleData>
					<SimpleData name="eq_subpref">CIDADE ADEMAR</SimpleData>
					<SimpleData name="eq_regiao5">Sul</SimpleData>
					<SimpleData name="eq_regiao8">Sul 2</SimpleData>
					<SimpleData name="eq_ender">ALVARENGA</SimpleData>
					<SimpleData name="eq_num">SN</SimpleData>
					<SimpleData name="eq_compend">ESTRADA</SimpleData>
					<SimpleData name="eq_codcep">04474000</SimpleData>
					<SimpleData name="eq_fone1">1156722551</SimpleData>
					<SimpleData name="eq_cd_dirt">10317</SimpleData>
					<SimpleData name="eq_diretor">SUL 1</SimpleData>
					<SimpleData name="eq_dre">SANTO AMARO</SimpleData>
					<SimpleData name="eq_cd_zona">1</SimpleData>
					<SimpleData name="eq_zona">Urbana</SimpleData>
					<SimpleData name="eq_cd_mec">35056704</SimpleData>
					<SimpleData name="eq_esfera">MUNICIPAL</SimpleData>
					<SimpleData name="eq_cd_catg">1</SimpleData>
					<SimpleData name="eq_categor">ESCOLAS AUTONOMAS</SimpleData>
					<SimpleData name="eq_eol">35056704</SimpleData>
					<SimpleData name="eq_horario">07:00-18:00</SimpleData>
				</SchemaData>
			</ExtendedData>
			<Point>
				<coordinates>-46.6728002656832,-23.6986210276297,0</coordinates>
			</Point>
		</Placemark>
		<Placemark id="kml_9">
			<name>kml_9</name>
			<snippet></snippet>
			<description><![CDATA[<center><table><tr><th colspan='2' align='center'><em>Attributes</em></th></tr><tr bgcolor="#E3E3F3">
<th>eq_id</th>
<td>2068</td>
</tr><tr bgcolor="">
<th>eq_nome</th>
<td>CEU EMEF PAULO GOMES CARDIM PROF DR</td>
</tr><tr bgcolor="#E3E3F3">
<th>eq_enderec</th>
<td>OLGA FADEL ABARCA SN</td>
</tr><tr bgcolor="">
<th>eq_bairro</th>
<td>JARDIM SANTA TEREZINHA ZONA LESTE</td>
</tr><tr bgcolor="#E3E3F3">
<th>eq_cep</th>
<td>03572000</td>
</tr><tr bgcolor="">
<th>eq_tipo</th>
<td>CEU EMEF</td>
</tr><tr bgcolor="#E3E3F3">
<th>eq_classe</th>
<td>CEU</td>
</tr><tr bgcolor="">
<th>eq_telefon</th>
<td>1127237530 / 1127237539</td>
</tr><tr bgcolor="#E3E3F3">
<th>eq_setor</th>
<td>355030824000082</td>
</tr><tr bgcolor="">
<th>eq_areap</th>
<td>3550308005152</td>
</tr><tr bgcolor="#E3E3F3">
<th>eq_cd_dist</th>
<td>24</td>
</tr><tr bgcolor="">
<th>eq_distr</th>
<td>CIDADE LIDER</td>
</tr><tr bgcolor="#E3E3F3">
<th>eq_cd_subp</th>
<td>27</td>
</tr><tr bgcolor="">
<th>eq_subpref</th>
<td>ITAQUERA</td>
</tr><tr bgcolor="#E3E3F3">
<th>eq_regiao5</th>
<td>Leste</td>
</tr><tr bgcolor="">
<th>eq_regiao8</th>
<td>Leste 2</td>
</tr><tr bgcolor="#E3E3F3">
<th>eq_ender</th>
<td>OLGA FADEL ABARCA</td>
</tr><tr bgcolor="">
<th>eq_num</th>
<td>SN</td>
</tr><tr bgcolor="#E3E3F3">
<th>eq_compend</th>
<td>RUA</td>
</tr><tr bgcolor="">
<th>eq_codcep</th>
<td>03572000</td>
</tr><tr bgcolor="#E3E3F3">
<th>eq_fone1</th>
<td>1127237530</td>
</tr><tr bgcolor="">
<th>eq_fone2</th>
<td>1127237539</td>
</tr><tr bgcolor="#E3E3F3">
<th>eq_email</th>
<td>EMEFPAULOGOMESCARDIM@SME.PREFEITURA.SP.GOV.BR</td>
</tr><tr bgcolor="">
<th>eq_cd_dirt</th>
<td>10208</td>
</tr><tr bgcolor="#E3E3F3">
<th>eq_diretor</th>
<td>LESTE 4</td>
</tr><tr bgcolor="">
<th>eq_dre</th>
<td>ITAQUERA</td>
</tr><tr bgcolor="#E3E3F3">
<th>eq_cd_zona</th>
<td>1</td>
</tr><tr bgcolor="">
<th>eq_zona</th>
<td>Urbana</td>
</tr><tr bgcolor="#E3E3F3">
<th>eq_cd_mec</th>
<td>35056716</td>
</tr><tr bgcolor="">
<th>eq_esfera</th>
<td>MUNICIPAL</td>
</tr><tr bgcolor="#E3E3F3">
<th>eq_cd_catg</th>
<td>1</td>
</tr><tr bgcolor="">
<th>eq_categor</th>
<td>ESCOLAS AUTONOMAS</td>
</tr><tr bgcolor="#E3E3F3">
<th>eq_eol</th>
<td>35056716</td>
</tr><tr bgcolor="">
<th>eq_horario</th>
<td>07:00-23:00</td>
</tr></table></center>]]></description>
			<styleUrl>#m_ylw-pushpin</styleUrl>
			<ExtendedData>
				<SchemaData schemaUrl="#kml_schema_ft_LL_WGS84_KMZ_TEMA_EDUCACAO_CEU">
					<SimpleData name="eq_id">2068</SimpleData>
					<SimpleData name="eq_nome">CEU EMEF PAULO GOMES CARDIM PROF DR</SimpleData>
					<SimpleData name="eq_enderec">OLGA FADEL ABARCA SN</SimpleData>
					<SimpleData name="eq_bairro">JARDIM SANTA TEREZINHA ZONA LESTE</SimpleData>
					<SimpleData name="eq_cep">03572000</SimpleData>
					<SimpleData name="eq_tipo">CEU EMEF</SimpleData>
					<SimpleData name="eq_classe">CEU</SimpleData>
					<SimpleData name="eq_telefon">1127237530 / 1127237539</SimpleData>
					<SimpleData name="eq_setor">355030824000082</SimpleData>
					<SimpleData name="eq_areap">3550308005152</SimpleData>
					<SimpleData name="eq_cd_dist">24</SimpleData>
					<SimpleData name="eq_distr">CIDADE LIDER</SimpleData>
					<SimpleData name="eq_cd_subp">27</SimpleData>
					<SimpleData name="eq_subpref">ITAQUERA</SimpleData>
					<SimpleData name="eq_regiao5">Leste</SimpleData>
					<SimpleData name="eq_regiao8">Leste 2</SimpleData>
					<SimpleData name="eq_ender">OLGA FADEL ABARCA</SimpleData>
					<SimpleData name="eq_num">SN</SimpleData>
					<SimpleData name="eq_compend">RUA</SimpleData>
					<SimpleData name="eq_codcep">03572000</SimpleData>
					<SimpleData name="eq_fone1">1127237530</SimpleData>
					<SimpleData name="eq_fone2">1127237539</SimpleData>
					<SimpleData name="eq_email">EMEFPAULOGOMESCARDIM@SME.PREFEITURA.SP.GOV.BR</SimpleData>
					<SimpleData name="eq_cd_dirt">10208</SimpleData>
					<SimpleData name="eq_diretor">LESTE 4</SimpleData>
					<SimpleData name="eq_dre">ITAQUERA</SimpleData>
					<SimpleData name="eq_cd_zona">1</SimpleData>
					<SimpleData name="eq_zona">Urbana</SimpleData>
					<SimpleData name="eq_cd_mec">35056716</SimpleData>
					<SimpleData name="eq_esfera">MUNICIPAL</SimpleData>
					<SimpleData name="eq_cd_catg">1</SimpleData>
					<SimpleData name="eq_categor">ESCOLAS AUTONOMAS</SimpleData>
					<SimpleData name="eq_eol">35056716</SimpleData>
					<SimpleData name="eq_horario">07:00-23:00</SimpleData>
				</SchemaData>
			</ExtendedData>
			<Point>
				<coordinates>-46.5029803683203,-23.5701718974873,0</coordinates>
			</Point>
		</Placemark>
		<Placemark id="kml_10">
			<name>kml_10</name>
			<snippet></snippet>
			<description><![CDATA[<center><table><tr><th colspan='2' align='center'><em>Attributes</em></th></tr><tr bgcolor="#E3E3F3">
<th>eq_id</th>
<td>2069</td>
</tr><tr bgcolor="">
<th>eq_nome</th>
<td>CEU EMEI ARICANDUVA</td>
</tr><tr bgcolor="#E3E3F3">
<th>eq_enderec</th>
<td>OLGA FADEL ABARCA SN</td>
</tr><tr bgcolor="">
<th>eq_bairro</th>
<td>JARDIM SANTA TEREZINHA ZONA LESTE</td>
</tr><tr bgcolor="#E3E3F3">
<th>eq_cep</th>
<td>03572000</td>
</tr><tr bgcolor="">
<th>eq_tipo</th>
<td>CEU EMEI</td>
</tr><tr bgcolor="#E3E3F3">
<th>eq_classe</th>
<td>CEU</td>
</tr><tr bgcolor="">
<th>eq_telefon</th>
<td>1127211097 / </td>
</tr><tr bgcolor="#E3E3F3">
<th>eq_setor</th>
<td>355030824000082</td>
</tr><tr bgcolor="">
<th>eq_areap</th>
<td>3550308005152</td>
</tr><tr bgcolor="#E3E3F3">
<th>eq_cd_dist</th>
<td>24</td>
</tr><tr bgcolor="">
<th>eq_distr</th>
<td>CIDADE LIDER</td>
</tr><tr bgcolor="#E3E3F3">
<th>eq_cd_subp</th>
<td>27</td>
</tr><tr bgcolor="">
<th>eq_subpref</th>
<td>ITAQUERA</td>
</tr><tr bgcolor="#E3E3F3">
<th>eq_regiao5</th>
<td>Leste</td>
</tr><tr bgcolor="">
<th>eq_regiao8</th>
<td>Leste 2</td>
</tr><tr bgcolor="#E3E3F3">
<th>eq_ender</th>
<td>OLGA FADEL ABARCA</td>
</tr><tr bgcolor="">
<th>eq_num</th>
<td>SN</td>
</tr><tr bgcolor="#E3E3F3">
<th>eq_compend</th>
<td>RUA</td>
</tr><tr bgcolor="">
<th>eq_codcep</th>
<td>03572000</td>
</tr><tr bgcolor="#E3E3F3">
<th>eq_fone1</th>
<td>1127211097</td>
</tr><tr bgcolor="">
<th>eq_fone2</th>
<td></td>
</tr><tr bgcolor="#E3E3F3">
<th>eq_email</th>
<td>EMEICEUARICANDUVA@SME.PREFEITURA.SP.GOV.BR</td>
</tr><tr bgcolor="">
<th>eq_cd_dirt</th>
<td>10208</td>
</tr><tr bgcolor="#E3E3F3">
<th>eq_diretor</th>
<td>LESTE 4</td>
</tr><tr bgcolor="">
<th>eq_dre</th>
<td>ITAQUERA</td>
</tr><tr bgcolor="#E3E3F3">
<th>eq_cd_zona</th>
<td>1</td>
</tr><tr bgcolor="">
<th>eq_zona</th>
<td>Urbana</td>
</tr><tr bgcolor="#E3E3F3">
<th>eq_cd_mec</th>
<td>35056881</td>
</tr><tr bgcolor="">
<th>eq_esfera</th>
<td>MUNICIPAL</td>
</tr><tr bgcolor="#E3E3F3">
<th>eq_cd_catg</th>
<td>1</td>
</tr><tr bgcolor="">
<th>eq_categor</th>
<td>ESCOLAS AUTONOMAS</td>
</tr><tr bgcolor="#E3E3F3">
<th>eq_eol</th>
<td>35056881</td>
</tr><tr bgcolor="">
<th>eq_horario</th>
<td>07:00-19:00</td>
</tr></table></center>]]></description>
			<styleUrl>#m_ylw-pushpin</styleUrl>
			<ExtendedData>
				<SchemaData schemaUrl="#kml_schema_ft_LL_WGS84_KMZ_TEMA_EDUCACAO_CEU">
					<SimpleData name="eq_id">2069</SimpleData>
					<SimpleData name="eq_nome">CEU EMEI ARICANDUVA</SimpleData>
					<SimpleData name="eq_enderec">OLGA FADEL ABARCA SN</SimpleData>
					<SimpleData name="eq_bairro">JARDIM SANTA TEREZINHA ZONA LESTE</SimpleData>
					<SimpleData name="eq_cep">03572000</SimpleData>
					<SimpleData name="eq_tipo">CEU EMEI</SimpleData>
					<SimpleData name="eq_classe">CEU</SimpleData>
					<SimpleData name="eq_telefon">1127211097 /</SimpleData>
					<SimpleData name="eq_setor">355030824000082</SimpleData>
					<SimpleData name="eq_areap">3550308005152</SimpleData>
					<SimpleData name="eq_cd_dist">24</SimpleData>
					<SimpleData name="eq_distr">CIDADE LIDER</SimpleData>
					<SimpleData name="eq_cd_subp">27</SimpleData>
					<SimpleData name="eq_subpref">ITAQUERA</SimpleData>
					<SimpleData name="eq_regiao5">Leste</SimpleData>
					<SimpleData name="eq_regiao8">Leste 2</SimpleData>
					<SimpleData name="eq_ender">OLGA FADEL ABARCA</SimpleData>
					<SimpleData name="eq_num">SN</SimpleData>
					<SimpleData name="eq_compend">RUA</SimpleData>
					<SimpleData name="eq_codcep">03572000</SimpleData>
					<SimpleData name="eq_fone1">1127211097</SimpleData>
					<SimpleData name="eq_email">EMEICEUARICANDUVA@SME.PREFEITURA.SP.GOV.BR</SimpleData>
					<SimpleData name="eq_cd_dirt">10208</SimpleData>
					<SimpleData name="eq_diretor">LESTE 4</SimpleData>
					<SimpleData name="eq_dre">ITAQUERA</SimpleData>
					<SimpleData name="eq_cd_zona">1</SimpleData>
					<SimpleData name="eq_zona">Urbana</SimpleData>
					<SimpleData name="eq_cd_mec">35056881</SimpleData>
					<SimpleData name="eq_esfera">MUNICIPAL</SimpleData>
					<SimpleData name="eq_cd_catg">1</SimpleData>
					<SimpleData name="eq_categor">ESCOLAS AUTONOMAS</SimpleData>
					<SimpleData name="eq_eol">35056881</SimpleData>
					<SimpleData name="eq_horario">07:00-19:00</SimpleData>
				</SchemaData>
			</ExtendedData>
			<Point>
				<coordinates>-46.5034023941546,-23.5703149249812,0</coordinates>
			</Point>
		</Placemark>
		<Placemark id="kml_11">
			<name>kml_11</name>
			<snippet></snippet>
			<description><![CDATA[<center><table><tr><th colspan='2' align='center'><em>Attributes</em></th></tr><tr bgcolor="#E3E3F3">
<th>eq_id</th>
<td>2070</td>
</tr><tr bgcolor="">
<th>eq_nome</th>
<td>CEU CEI DIRCE MIGLIACCIO</td>
</tr><tr bgcolor="#E3E3F3">
<th>eq_enderec</th>
<td>OLGA FADEL ABARCA SN</td>
</tr><tr bgcolor="">
<th>eq_bairro</th>
<td>JARDIM SANTA TEREZINHA ZONA LESTE</td>
</tr><tr bgcolor="#E3E3F3">
<th>eq_cep</th>
<td>03572000</td>
</tr><tr bgcolor="">
<th>eq_tipo</th>
<td>CEU CEI</td>
</tr><tr bgcolor="#E3E3F3">
<th>eq_classe</th>
<td>CEU</td>
</tr><tr bgcolor="">
<th>eq_telefon</th>
<td>1127237515 / 1127237538</td>
</tr><tr bgcolor="#E3E3F3">
<th>eq_setor</th>
<td>355030824000082</td>
</tr><tr bgcolor="">
<th>eq_areap</th>
<td>3550308005152</td>
</tr><tr bgcolor="#E3E3F3">
<th>eq_cd_dist</th>
<td>24</td>
</tr><tr bgcolor="">
<th>eq_distr</th>
<td>CIDADE LIDER</td>
</tr><tr bgcolor="#E3E3F3">
<th>eq_cd_subp</th>
<td>27</td>
</tr><tr bgcolor="">
<th>eq_subpref</th>
<td>ITAQUERA</td>
</tr><tr bgcolor="#E3E3F3">
<th>eq_regiao5</th>
<td>Leste</td>
</tr><tr bgcolor="">
<th>eq_regiao8</th>
<td>Leste 2</td>
</tr><tr bgcolor="#E3E3F3">
<th>eq_ender</th>
<td>OLGA FADEL ABARCA</td>
</tr><tr bgcolor="">
<th>eq_num</th>
<td>SN</td>
</tr><tr bgcolor="#E3E3F3">
<th>eq_compend</th>
<td>RUA</td>
</tr><tr bgcolor="">
<th>eq_codcep</th>
<td>03572000</td>
</tr><tr bgcolor="#E3E3F3">
<th>eq_fone1</th>
<td>1127237515</td>
</tr><tr bgcolor="">
<th>eq_fone2</th>
<td>1127237538</td>
</tr><tr bgcolor="#E3E3F3">
<th>eq_email</th>
<td>CEICEUARICANDUVA@SME.PREFEITURA.SP.GOV.BR</td>
</tr><tr bgcolor="">
<th>eq_cd_dirt</th>
<td>10208</td>
</tr><tr bgcolor="#E3E3F3">
<th>eq_diretor</th>
<td>LESTE 4</td>
</tr><tr bgcolor="">
<th>eq_dre</th>
<td>ITAQUERA</td>
</tr><tr bgcolor="#E3E3F3">
<th>eq_cd_zona</th>
<td>1</td>
</tr><tr bgcolor="">
<th>eq_zona</th>
<td>Urbana</td>
</tr><tr bgcolor="#E3E3F3">
<th>eq_cd_mec</th>
<td>35056972</td>
</tr><tr bgcolor="">
<th>eq_esfera</th>
<td>MUNICIPAL</td>
</tr><tr bgcolor="#E3E3F3">
<th>eq_cd_catg</th>
<td>1</td>
</tr><tr bgcolor="">
<th>eq_categor</th>
<td>ESCOLAS AUTONOMAS</td>
</tr><tr bgcolor="#E3E3F3">
<th>eq_eol</th>
<td>35056972</td>
</tr><tr bgcolor="">
<th>eq_horario</th>
<td>07:00-18:00</td>
</tr></table></center>]]></description>
			<styleUrl>#m_ylw-pushpin</styleUrl>
			<ExtendedData>
				<SchemaData schemaUrl="#kml_schema_ft_LL_WGS84_KMZ_TEMA_EDUCACAO_CEU">
					<SimpleData name="eq_id">2070</SimpleData>
					<SimpleData name="eq_nome">CEU CEI DIRCE MIGLIACCIO</SimpleData>
					<SimpleData name="eq_enderec">OLGA FADEL ABARCA SN</SimpleData>
					<SimpleData name="eq_bairro">JARDIM SANTA TEREZINHA ZONA LESTE</SimpleData>
					<SimpleData name="eq_cep">03572000</SimpleData>
					<SimpleData name="eq_tipo">CEU CEI</SimpleData>
					<SimpleData name="eq_classe">CEU</SimpleData>
					<SimpleData name="eq_telefon">1127237515 / 1127237538</SimpleData>
					<SimpleData name="eq_setor">355030824000082</SimpleData>
					<SimpleData name="eq_areap">3550308005152</SimpleData>
					<SimpleData name="eq_cd_dist">24</SimpleData>
					<SimpleData name="eq_distr">CIDADE LIDER</SimpleData>
					<SimpleData name="eq_cd_subp">27</SimpleData>
					<SimpleData name="eq_subpref">ITAQUERA</SimpleData>
					<SimpleData name="eq_regiao5">Leste</SimpleData>
					<SimpleData name="eq_regiao8">Leste 2</SimpleData>
					<SimpleData name="eq_ender">OLGA FADEL ABARCA</SimpleData>
					<SimpleData name="eq_num">SN</SimpleData>
					<SimpleData name="eq_compend">RUA</SimpleData>
					<SimpleData name="eq_codcep">03572000</SimpleData>
					<SimpleData name="eq_fone1">1127237515</SimpleData>
					<SimpleData name="eq_fone2">1127237538</SimpleData>
					<SimpleData name="eq_email">CEICEUARICANDUVA@SME.PREFEITURA.SP.GOV.BR</SimpleData>
					<SimpleData name="eq_cd_dirt">10208</SimpleData>
					<SimpleData name="eq_diretor">LESTE 4</SimpleData>
					<SimpleData name="eq_dre">ITAQUERA</SimpleData>
					<SimpleData name="eq_cd_zona">1</SimpleData>
					<SimpleData name="eq_zona">Urbana</SimpleData>
					<SimpleData name="eq_cd_mec">35056972</SimpleData>
					<SimpleData name="eq_esfera">MUNICIPAL</SimpleData>
					<SimpleData name="eq_cd_catg">1</SimpleData>
					<SimpleData name="eq_categor">ESCOLAS AUTONOMAS</SimpleData>
					<SimpleData name="eq_eol">35056972</SimpleData>
					<SimpleData name="eq_horario">07:00-18:00</SimpleData>
				</SchemaData>
			</ExtendedData>
			<Point>
				<coordinates>-46.50314343293029,-23.5703819088171,0</coordinates>
			</Point>
		</Placemark>
		<Placemark id="kml_12">
			<name>kml_12</name>
			<snippet></snippet>
			<description><![CDATA[<center><table><tr><th colspan='2' align='center'><em>Attributes</em></th></tr><tr bgcolor="#E3E3F3">
<th>eq_id</th>
<td>2071</td>
</tr><tr bgcolor="">
<th>eq_nome</th>
<td>CEU EMEF BUTANTA</td>
</tr><tr bgcolor="#E3E3F3">
<th>eq_enderec</th>
<td>HEITOR ANTONIO EIRAS GARCIA ENGENHEIRO 1870</td>
</tr><tr bgcolor="">
<th>eq_bairro</th>
<td>JARDIM ESMERALDA</td>
</tr><tr bgcolor="#E3E3F3">
<th>eq_cep</th>
<td>05588000</td>
</tr><tr bgcolor="">
<th>eq_tipo</th>
<td>CEU EMEF</td>
</tr><tr bgcolor="#E3E3F3">
<th>eq_classe</th>
<td>CEU</td>
</tr><tr bgcolor="">
<th>eq_telefon</th>
<td>1137324530 / 1137324532</td>
</tr><tr bgcolor="#E3E3F3">
<th>eq_setor</th>
<td>355030867000108</td>
</tr><tr bgcolor="">
<th>eq_areap</th>
<td>3550308005183</td>
</tr><tr bgcolor="#E3E3F3">
<th>eq_cd_dist</th>
<td>67</td>
</tr><tr bgcolor="">
<th>eq_distr</th>
<td>RIO PEQUENO</td>
</tr><tr bgcolor="#E3E3F3">
<th>eq_cd_subp</th>
<td>10</td>
</tr><tr bgcolor="">
<th>eq_subpref</th>
<td>BUTANTA</td>
</tr><tr bgcolor="#E3E3F3">
<th>eq_regiao5</th>
<td>Oeste</td>
</tr><tr bgcolor="">
<th>eq_regiao8</th>
<td>Oeste</td>
</tr><tr bgcolor="#E3E3F3">
<th>eq_ender</th>
<td>HEITOR ANTONIO EIRAS GARCIA ENGENHEIRO</td>
</tr><tr bgcolor="">
<th>eq_num</th>
<td>1870</td>
</tr><tr bgcolor="#E3E3F3">
<th>eq_compend</th>
<td>AVENIDA</td>
</tr><tr bgcolor="">
<th>eq_codcep</th>
<td>05588000</td>
</tr><tr bgcolor="#E3E3F3">
<th>eq_fone1</th>
<td>1137324530</td>
</tr><tr bgcolor="">
<th>eq_fone2</th>
<td>1137324532</td>
</tr><tr bgcolor="#E3E3F3">
<th>eq_email</th>
<td>EMEFCEUBUTANTA@SME.PREFEITURA.SP.GOV.BR</td>
</tr><tr bgcolor="">
<th>eq_cd_dirt</th>
<td>10312</td>
</tr><tr bgcolor="#E3E3F3">
<th>eq_diretor</th>
<td>CENTRO OESTE</td>
</tr><tr bgcolor="">
<th>eq_dre</th>
<td>BUTANTA</td>
</tr><tr bgcolor="#E3E3F3">
<th>eq_cd_zona</th>
<td>1</td>
</tr><tr bgcolor="">
<th>eq_zona</th>
<td>Urbana</td>
</tr><tr bgcolor="#E3E3F3">
<th>eq_cd_mec</th>
<td>35056996</td>
</tr><tr bgcolor="">
<th>eq_esfera</th>
<td>MUNICIPAL</td>
</tr><tr bgcolor="#E3E3F3">
<th>eq_cd_catg</th>
<td>1</td>
</tr><tr bgcolor="">
<th>eq_categor</th>
<td>ESCOLAS AUTONOMAS</td>
</tr><tr bgcolor="#E3E3F3">
<th>eq_eol</th>
<td>35056996</td>
</tr><tr bgcolor="">
<th>eq_horario</th>
<td>07:00-18:40</td>
</tr></table></center>]]></description>
			<styleUrl>#m_ylw-pushpin</styleUrl>
			<ExtendedData>
				<SchemaData schemaUrl="#kml_schema_ft_LL_WGS84_KMZ_TEMA_EDUCACAO_CEU">
					<SimpleData name="eq_id">2071</SimpleData>
					<SimpleData name="eq_nome">CEU EMEF BUTANTA</SimpleData>
					<SimpleData name="eq_enderec">HEITOR ANTONIO EIRAS GARCIA ENGENHEIRO 1870</SimpleData>
					<SimpleData name="eq_bairro">JARDIM ESMERALDA</SimpleData>
					<SimpleData name="eq_cep">05588000</SimpleData>
					<SimpleData name="eq_tipo">CEU EMEF</SimpleData>
					<SimpleData name="eq_classe">CEU</SimpleData>
					<SimpleData name="eq_telefon">1137324530 / 1137324532</SimpleData>
					<SimpleData name="eq_setor">355030867000108</SimpleData>
					<SimpleData name="eq_areap">3550308005183</SimpleData>
					<SimpleData name="eq_cd_dist">67</SimpleData>
					<SimpleData name="eq_distr">RIO PEQUENO</SimpleData>
					<SimpleData name="eq_cd_subp">10</SimpleData>
					<SimpleData name="eq_subpref">BUTANTA</SimpleData>
					<SimpleData name="eq_regiao5">Oeste</SimpleData>
					<SimpleData name="eq_regiao8">Oeste</SimpleData>
					<SimpleData name="eq_ender">HEITOR ANTONIO EIRAS GARCIA ENGENHEIRO</SimpleData>
					<SimpleData name="eq_num">1870</SimpleData>
					<SimpleData name="eq_compend">AVENIDA</SimpleData>
					<SimpleData name="eq_codcep">05588000</SimpleData>
					<SimpleData name="eq_fone1">1137324530</SimpleData>
					<SimpleData name="eq_fone2">1137324532</SimpleData>
					<SimpleData name="eq_email">EMEFCEUBUTANTA@SME.PREFEITURA.SP.GOV.BR</SimpleData>
					<SimpleData name="eq_cd_dirt">10312</SimpleData>
					<SimpleData name="eq_diretor">CENTRO OESTE</SimpleData>
					<SimpleData name="eq_dre">BUTANTA</SimpleData>
					<SimpleData name="eq_cd_zona">1</SimpleData>
					<SimpleData name="eq_zona">Urbana</SimpleData>
					<SimpleData name="eq_cd_mec">35056996</SimpleData>
					<SimpleData name="eq_esfera">MUNICIPAL</SimpleData>
					<SimpleData name="eq_cd_catg">1</SimpleData>
					<SimpleData name="eq_categor">ESCOLAS AUTONOMAS</SimpleData>
					<SimpleData name="eq_eol">35056996</SimpleData>
					<SimpleData name="eq_horario">07:00-18:40</SimpleData>
				</SchemaData>
			</ExtendedData>
			<Point>
				<coordinates>-46.7499355405397,-23.5818592361576,0</coordinates>
			</Point>
		</Placemark>
		<Placemark id="kml_13">
			<name>kml_13</name>
			<snippet></snippet>
			<description><![CDATA[<center><table><tr><th colspan='2' align='center'><em>Attributes</em></th></tr><tr bgcolor="#E3E3F3">
<th>eq_id</th>
<td>2072</td>
</tr><tr bgcolor="">
<th>eq_nome</th>
<td>CEU EMEI BUTANTA</td>
</tr><tr bgcolor="#E3E3F3">
<th>eq_enderec</th>
<td>HEITOR ANTONIO EIRAS GARCIA ENGENHEIRO 1870</td>
</tr><tr bgcolor="">
<th>eq_bairro</th>
<td>JARDIM ESMERALDA</td>
</tr><tr bgcolor="#E3E3F3">
<th>eq_cep</th>
<td>05588000</td>
</tr><tr bgcolor="">
<th>eq_tipo</th>
<td>CEU EMEI</td>
</tr><tr bgcolor="#E3E3F3">
<th>eq_classe</th>
<td>CEU</td>
</tr><tr bgcolor="">
<th>eq_telefon</th>
<td>1137324527 / 1137324528</td>
</tr><tr bgcolor="#E3E3F3">
<th>eq_setor</th>
<td>355030867000108</td>
</tr><tr bgcolor="">
<th>eq_areap</th>
<td>3550308005183</td>
</tr><tr bgcolor="#E3E3F3">
<th>eq_cd_dist</th>
<td>67</td>
</tr><tr bgcolor="">
<th>eq_distr</th>
<td>RIO PEQUENO</td>
</tr><tr bgcolor="#E3E3F3">
<th>eq_cd_subp</th>
<td>10</td>
</tr><tr bgcolor="">
<th>eq_subpref</th>
<td>BUTANTA</td>
</tr><tr bgcolor="#E3E3F3">
<th>eq_regiao5</th>
<td>Oeste</td>
</tr><tr bgcolor="">
<th>eq_regiao8</th>
<td>Oeste</td>
</tr><tr bgcolor="#E3E3F3">
<th>eq_ender</th>
<td>HEITOR ANTONIO EIRAS GARCIA ENGENHEIRO</td>
</tr><tr bgcolor="">
<th>eq_num</th>
<td>1870</td>
</tr><tr bgcolor="#E3E3F3">
<th>eq_compend</th>
<td>AVENIDA</td>
</tr><tr bgcolor="">
<th>eq_codcep</th>
<td>05588000</td>
</tr><tr bgcolor="#E3E3F3">
<th>eq_fone1</th>
<td>1137324527</td>
</tr><tr bgcolor="">
<th>eq_fone2</th>
<td>1137324528</td>
</tr><tr bgcolor="#E3E3F3">
<th>eq_email</th>
<td></td>
</tr><tr bgcolor="">
<th>eq_cd_dirt</th>
<td>10312</td>
</tr><tr bgcolor="#E3E3F3">
<th>eq_diretor</th>
<td>CENTRO OESTE</td>
</tr><tr bgcolor="">
<th>eq_dre</th>
<td>BUTANTA</td>
</tr><tr bgcolor="#E3E3F3">
<th>eq_cd_zona</th>
<td>1</td>
</tr><tr bgcolor="">
<th>eq_zona</th>
<td>Urbana</td>
</tr><tr bgcolor="#E3E3F3">
<th>eq_cd_mec</th>
<td>35057022</td>
</tr><tr bgcolor="">
<th>eq_esfera</th>
<td>MUNICIPAL</td>
</tr><tr bgcolor="#E3E3F3">
<th>eq_cd_catg</th>
<td>1</td>
</tr><tr bgcolor="">
<th>eq_categor</th>
<td>ESCOLAS AUTONOMAS</td>
</tr><tr bgcolor="#E3E3F3">
<th>eq_eol</th>
<td>35057022</td>
</tr><tr bgcolor="">
<th>eq_horario</th>
<td>07:00-19:00</td>
</tr></table></center>]]></description>
			<styleUrl>#m_ylw-pushpin</styleUrl>
			<ExtendedData>
				<SchemaData schemaUrl="#kml_schema_ft_LL_WGS84_KMZ_TEMA_EDUCACAO_CEU">
					<SimpleData name="eq_id">2072</SimpleData>
					<SimpleData name="eq_nome">CEU EMEI BUTANTA</SimpleData>
					<SimpleData name="eq_enderec">HEITOR ANTONIO EIRAS GARCIA ENGENHEIRO 1870</SimpleData>
					<SimpleData name="eq_bairro">JARDIM ESMERALDA</SimpleData>
					<SimpleData name="eq_cep">05588000</SimpleData>
					<SimpleData name="eq_tipo">CEU EMEI</SimpleData>
					<SimpleData name="eq_classe">CEU</SimpleData>
					<SimpleData name="eq_telefon">1137324527 / 1137324528</SimpleData>
					<SimpleData name="eq_setor">355030867000108</SimpleData>
					<SimpleData name="eq_areap">3550308005183</SimpleData>
					<SimpleData name="eq_cd_dist">67</SimpleData>
					<SimpleData name="eq_distr">RIO PEQUENO</SimpleData>
					<SimpleData name="eq_cd_subp">10</SimpleData>
					<SimpleData name="eq_subpref">BUTANTA</SimpleData>
					<SimpleData name="eq_regiao5">Oeste</SimpleData>
					<SimpleData name="eq_regiao8">Oeste</SimpleData>
					<SimpleData name="eq_ender">HEITOR ANTONIO EIRAS GARCIA ENGENHEIRO</SimpleData>
					<SimpleData name="eq_num">1870</SimpleData>
					<SimpleData name="eq_compend">AVENIDA</SimpleData>
					<SimpleData name="eq_codcep">05588000</SimpleData>
					<SimpleData name="eq_fone1">1137324527</SimpleData>
					<SimpleData name="eq_fone2">1137324528</SimpleData>
					<SimpleData name="eq_cd_dirt">10312</SimpleData>
					<SimpleData name="eq_diretor">CENTRO OESTE</SimpleData>
					<SimpleData name="eq_dre">BUTANTA</SimpleData>
					<SimpleData name="eq_cd_zona">1</SimpleData>
					<SimpleData name="eq_zona">Urbana</SimpleData>
					<SimpleData name="eq_cd_mec">35057022</SimpleData>
					<SimpleData name="eq_esfera">MUNICIPAL</SimpleData>
					<SimpleData name="eq_cd_catg">1</SimpleData>
					<SimpleData name="eq_categor">ESCOLAS AUTONOMAS</SimpleData>
					<SimpleData name="eq_eol">35057022</SimpleData>
					<SimpleData name="eq_horario">07:00-19:00</SimpleData>
				</SchemaData>
			</ExtendedData>
			<Point>
				<coordinates>-46.7499645290753,-23.5820652426551,0</coordinates>
			</Point>
		</Placemark>
		<Placemark id="kml_14">
			<name>kml_14</name>
			<snippet></snippet>
			<description><![CDATA[<center><table><tr><th colspan='2' align='center'><em>Attributes</em></th></tr><tr bgcolor="#E3E3F3">
<th>eq_id</th>
<td>2073</td>
</tr><tr bgcolor="">
<th>eq_nome</th>
<td>CEU CEI BUTANTA</td>
</tr><tr bgcolor="#E3E3F3">
<th>eq_enderec</th>
<td>HEITOR ANTONIO EIRAS GARCIA ENGENHEIRO 1870</td>
</tr><tr bgcolor="">
<th>eq_bairro</th>
<td>JARDIM ESMERALDA</td>
</tr><tr bgcolor="#E3E3F3">
<th>eq_cep</th>
<td>05564000</td>
</tr><tr bgcolor="">
<th>eq_tipo</th>
<td>CEU CEI</td>
</tr><tr bgcolor="#E3E3F3">
<th>eq_classe</th>
<td>CEU</td>
</tr><tr bgcolor="">
<th>eq_telefon</th>
<td>1137324511 / 1137324512</td>
</tr><tr bgcolor="#E3E3F3">
<th>eq_setor</th>
<td>355030867000108</td>
</tr><tr bgcolor="">
<th>eq_areap</th>
<td>3550308005183</td>
</tr><tr bgcolor="#E3E3F3">
<th>eq_cd_dist</th>
<td>67</td>
</tr><tr bgcolor="">
<th>eq_distr</th>
<td>RIO PEQUENO</td>
</tr><tr bgcolor="#E3E3F3">
<th>eq_cd_subp</th>
<td>10</td>
</tr><tr bgcolor="">
<th>eq_subpref</th>
<td>BUTANTA</td>
</tr><tr bgcolor="#E3E3F3">
<th>eq_regiao5</th>
<td>Oeste</td>
</tr><tr bgcolor="">
<th>eq_regiao8</th>
<td>Oeste</td>
</tr><tr bgcolor="#E3E3F3">
<th>eq_ender</th>
<td>HEITOR ANTONIO EIRAS GARCIA ENGENHEIRO</td>
</tr><tr bgcolor="">
<th>eq_num</th>
<td>1870</td>
</tr><tr bgcolor="#E3E3F3">
<th>eq_compend</th>
<td>AVENIDA</td>
</tr><tr bgcolor="">
<th>eq_codcep</th>
<td>05564000</td>
</tr><tr bgcolor="#E3E3F3">
<th>eq_fone1</th>
<td>1137324511</td>
</tr><tr bgcolor="">
<th>eq_fone2</th>
<td>1137324512</td>
</tr><tr bgcolor="#E3E3F3">
<th>eq_email</th>
<td></td>
</tr><tr bgcolor="">
<th>eq_cd_dirt</th>
<td>10312</td>
</tr><tr bgcolor="#E3E3F3">
<th>eq_diretor</th>
<td>CENTRO OESTE</td>
</tr><tr bgcolor="">
<th>eq_dre</th>
<td>BUTANTA</td>
</tr><tr bgcolor="#E3E3F3">
<th>eq_cd_zona</th>
<td>1</td>
</tr><tr bgcolor="">
<th>eq_zona</th>
<td>Urbana</td>
</tr><tr bgcolor="#E3E3F3">
<th>eq_cd_mec</th>
<td>35057034</td>
</tr><tr bgcolor="">
<th>eq_esfera</th>
<td>MUNICIPAL</td>
</tr><tr bgcolor="#E3E3F3">
<th>eq_cd_catg</th>
<td>1</td>
</tr><tr bgcolor="">
<th>eq_categor</th>
<td>ESCOLAS AUTONOMAS</td>
</tr><tr bgcolor="#E3E3F3">
<th>eq_eol</th>
<td>35057034</td>
</tr><tr bgcolor="">
<th>eq_horario</th>
<td>07:00-17:00</td>
</tr></table></center>]]></description>
			<styleUrl>#m_ylw-pushpin</styleUrl>
			<ExtendedData>
				<SchemaData schemaUrl="#kml_schema_ft_LL_WGS84_KMZ_TEMA_EDUCACAO_CEU">
					<SimpleData name="eq_id">2073</SimpleData>
					<SimpleData name="eq_nome">CEU CEI BUTANTA</SimpleData>
					<SimpleData name="eq_enderec">HEITOR ANTONIO EIRAS GARCIA ENGENHEIRO 1870</SimpleData>
					<SimpleData name="eq_bairro">JARDIM ESMERALDA</SimpleData>
					<SimpleData name="eq_cep">05564000</SimpleData>
					<SimpleData name="eq_tipo">CEU CEI</SimpleData>
					<SimpleData name="eq_classe">CEU</SimpleData>
					<SimpleData name="eq_telefon">1137324511 / 1137324512</SimpleData>
					<SimpleData name="eq_setor">355030867000108</SimpleData>
					<SimpleData name="eq_areap">3550308005183</SimpleData>
					<SimpleData name="eq_cd_dist">67</SimpleData>
					<SimpleData name="eq_distr">RIO PEQUENO</SimpleData>
					<SimpleData name="eq_cd_subp">10</SimpleData>
					<SimpleData name="eq_subpref">BUTANTA</SimpleData>
					<SimpleData name="eq_regiao5">Oeste</SimpleData>
					<SimpleData name="eq_regiao8">Oeste</SimpleData>
					<SimpleData name="eq_ender">HEITOR ANTONIO EIRAS GARCIA ENGENHEIRO</SimpleData>
					<SimpleData name="eq_num">1870</SimpleData>
					<SimpleData name="eq_compend">AVENIDA</SimpleData>
					<SimpleData name="eq_codcep">05564000</SimpleData>
					<SimpleData name="eq_fone1">1137324511</SimpleData>
					<SimpleData name="eq_fone2">1137324512</SimpleData>
					<SimpleData name="eq_cd_dirt">10312</SimpleData>
					<SimpleData name="eq_diretor">CENTRO OESTE</SimpleData>
					<SimpleData name="eq_dre">BUTANTA</SimpleData>
					<SimpleData name="eq_cd_zona">1</SimpleData>
					<SimpleData name="eq_zona">Urbana</SimpleData>
					<SimpleData name="eq_cd_mec">35057034</SimpleData>
					<SimpleData name="eq_esfera">MUNICIPAL</SimpleData>
					<SimpleData name="eq_cd_catg">1</SimpleData>
					<SimpleData name="eq_categor">ESCOLAS AUTONOMAS</SimpleData>
					<SimpleData name="eq_eol">35057034</SimpleData>
					<SimpleData name="eq_horario">07:00-17:00</SimpleData>
				</SchemaData>
			</ExtendedData>
			<Point>
				<coordinates>-46.750014545155,-23.5821502825778,0</coordinates>
			</Point>
		</Placemark>
		<Placemark id="kml_15">
			<name>kml_15</name>
			<snippet></snippet>
			<description><![CDATA[<center><table><tr><th colspan='2' align='center'><em>Attributes</em></th></tr><tr bgcolor="#E3E3F3">
<th>eq_id</th>
<td>2074</td>
</tr><tr bgcolor="">
<th>eq_nome</th>
<td>CEU EMEF CIDADE DUTRA</td>
</tr><tr bgcolor="#E3E3F3">
<th>eq_enderec</th>
<td>INTERLAGOS 7350</td>
</tr><tr bgcolor="">
<th>eq_bairro</th>
<td>INTERLAGOS</td>
</tr><tr bgcolor="#E3E3F3">
<th>eq_cep</th>
<td>04777000</td>
</tr><tr bgcolor="">
<th>eq_tipo</th>
<td>CEU EMEF</td>
</tr><tr bgcolor="#E3E3F3">
<th>eq_classe</th>
<td>CEU</td>
</tr><tr bgcolor="">
<th>eq_telefon</th>
<td>1156681927 / </td>
</tr><tr bgcolor="#E3E3F3">
<th>eq_setor</th>
<td>355030823000169</td>
</tr><tr bgcolor="">
<th>eq_areap</th>
<td>3550308005287</td>
</tr><tr bgcolor="#E3E3F3">
<th>eq_cd_dist</th>
<td>23</td>
</tr><tr bgcolor="">
<th>eq_distr</th>
<td>CIDADE DUTRA</td>
</tr><tr bgcolor="#E3E3F3">
<th>eq_cd_subp</th>
<td>19</td>
</tr><tr bgcolor="">
<th>eq_subpref</th>
<td>CAPELA DO SOCORRO</td>
</tr><tr bgcolor="#E3E3F3">
<th>eq_regiao5</th>
<td>Sul</td>
</tr><tr bgcolor="">
<th>eq_regiao8</th>
<td>Sul 2</td>
</tr><tr bgcolor="#E3E3F3">
<th>eq_ender</th>
<td>INTERLAGOS</td>
</tr><tr bgcolor="">
<th>eq_num</th>
<td>7350</td>
</tr><tr bgcolor="#E3E3F3">
<th>eq_compend</th>
<td>AVENIDA</td>
</tr><tr bgcolor="">
<th>eq_codcep</th>
<td>04777000</td>
</tr><tr bgcolor="#E3E3F3">
<th>eq_fone1</th>
<td>1156681927</td>
</tr><tr bgcolor="">
<th>eq_fone2</th>
<td></td>
</tr><tr bgcolor="#E3E3F3">
<th>eq_email</th>
<td>EMEFCEUCIDADEDUTRA@SME.PREFEITURA.SP.GOV.BR</td>
</tr><tr bgcolor="">
<th>eq_cd_dirt</th>
<td>10318</td>
</tr><tr bgcolor="#E3E3F3">
<th>eq_diretor</th>
<td>SUL 3</td>
</tr><tr bgcolor="">
<th>eq_dre</th>
<td>CAPELA DO SOCORRO</td>
</tr><tr bgcolor="#E3E3F3">
<th>eq_cd_zona</th>
<td>1</td>
</tr><tr bgcolor="">
<th>eq_zona</th>
<td>Urbana</td>
</tr><tr bgcolor="#E3E3F3">
<th>eq_cd_mec</th>
<td>35057125</td>
</tr><tr bgcolor="">
<th>eq_esfera</th>
<td>MUNICIPAL</td>
</tr><tr bgcolor="#E3E3F3">
<th>eq_cd_catg</th>
<td>1</td>
</tr><tr bgcolor="">
<th>eq_categor</th>
<td>ESCOLAS AUTONOMAS</td>
</tr><tr bgcolor="#E3E3F3">
<th>eq_eol</th>
<td>35057125</td>
</tr><tr bgcolor="">
<th>eq_horario</th>
<td>07:00-18:30</td>
</tr></table></center>]]></description>
			<styleUrl>#m_ylw-pushpin</styleUrl>
			<ExtendedData>
				<SchemaData schemaUrl="#kml_schema_ft_LL_WGS84_KMZ_TEMA_EDUCACAO_CEU">
					<SimpleData name="eq_id">2074</SimpleData>
					<SimpleData name="eq_nome">CEU EMEF CIDADE DUTRA</SimpleData>
					<SimpleData name="eq_enderec">INTERLAGOS 7350</SimpleData>
					<SimpleData name="eq_bairro">INTERLAGOS</SimpleData>
					<SimpleData name="eq_cep">04777000</SimpleData>
					<SimpleData name="eq_tipo">CEU EMEF</SimpleData>
					<SimpleData name="eq_classe">CEU</SimpleData>
					<SimpleData name="eq_telefon">1156681927 /</SimpleData>
					<SimpleData name="eq_setor">355030823000169</SimpleData>
					<SimpleData name="eq_areap">3550308005287</SimpleData>
					<SimpleData name="eq_cd_dist">23</SimpleData>
					<SimpleData name="eq_distr">CIDADE DUTRA</SimpleData>
					<SimpleData name="eq_cd_subp">19</SimpleData>
					<SimpleData name="eq_subpref">CAPELA DO SOCORRO</SimpleData>
					<SimpleData name="eq_regiao5">Sul</SimpleData>
					<SimpleData name="eq_regiao8">Sul 2</SimpleData>
					<SimpleData name="eq_ender">INTERLAGOS</SimpleData>
					<SimpleData name="eq_num">7350</SimpleData>
					<SimpleData name="eq_compend">AVENIDA</SimpleData>
					<SimpleData name="eq_codcep">04777000</SimpleData>
					<SimpleData name="eq_fone1">1156681927</SimpleData>
					<SimpleData name="eq_email">EMEFCEUCIDADEDUTRA@SME.PREFEITURA.SP.GOV.BR</SimpleData>
					<SimpleData name="eq_cd_dirt">10318</SimpleData>
					<SimpleData name="eq_diretor">SUL 3</SimpleData>
					<SimpleData name="eq_dre">CAPELA DO SOCORRO</SimpleData>
					<SimpleData name="eq_cd_zona">1</SimpleData>
					<SimpleData name="eq_zona">Urbana</SimpleData>
					<SimpleData name="eq_cd_mec">35057125</SimpleData>
					<SimpleData name="eq_esfera">MUNICIPAL</SimpleData>
					<SimpleData name="eq_cd_catg">1</SimpleData>
					<SimpleData name="eq_categor">ESCOLAS AUTONOMAS</SimpleData>
					<SimpleData name="eq_eol">35057125</SimpleData>
					<SimpleData name="eq_horario">07:00-18:30</SimpleData>
				</SchemaData>
			</ExtendedData>
			<Point>
				<coordinates>-46.70469655914291,-23.71084694807771,0</coordinates>
			</Point>
		</Placemark>
		<Placemark id="kml_16">
			<name>kml_16</name>
			<snippet></snippet>
			<description><![CDATA[<center><table><tr><th colspan='2' align='center'><em>Attributes</em></th></tr><tr bgcolor="#E3E3F3">
<th>eq_id</th>
<td>2075</td>
</tr><tr bgcolor="">
<th>eq_nome</th>
<td>CEU CEI CIDADE DUTRA</td>
</tr><tr bgcolor="#E3E3F3">
<th>eq_enderec</th>
<td>INTERLAGOS 7350</td>
</tr><tr bgcolor="">
<th>eq_bairro</th>
<td>INTERLAGOS</td>
</tr><tr bgcolor="#E3E3F3">
<th>eq_cep</th>
<td>04777000</td>
</tr><tr bgcolor="">
<th>eq_tipo</th>
<td>CEU CEI</td>
</tr><tr bgcolor="#E3E3F3">
<th>eq_classe</th>
<td>CEU</td>
</tr><tr bgcolor="">
<th>eq_telefon</th>
<td>1156681910 / 1156681911</td>
</tr><tr bgcolor="#E3E3F3">
<th>eq_setor</th>
<td>355030823000169</td>
</tr><tr bgcolor="">
<th>eq_areap</th>
<td>3550308005287</td>
</tr><tr bgcolor="#E3E3F3">
<th>eq_cd_dist</th>
<td>23</td>
</tr><tr bgcolor="">
<th>eq_distr</th>
<td>CIDADE DUTRA</td>
</tr><tr bgcolor="#E3E3F3">
<th>eq_cd_subp</th>
<td>19</td>
</tr><tr bgcolor="">
<th>eq_subpref</th>
<td>CAPELA DO SOCORRO</td>
</tr><tr bgcolor="#E3E3F3">
<th>eq_regiao5</th>
<td>Sul</td>
</tr><tr bgcolor="">
<th>eq_regiao8</th>
<td>Sul 2</td>
</tr><tr bgcolor="#E3E3F3">
<th>eq_ender</th>
<td>INTERLAGOS</td>
</tr><tr bgcolor="">
<th>eq_num</th>
<td>7350</td>
</tr><tr bgcolor="#E3E3F3">
<th>eq_compend</th>
<td>AVENIDA</td>
</tr><tr bgcolor="">
<th>eq_codcep</th>
<td>04777000</td>
</tr><tr bgcolor="#E3E3F3">
<th>eq_fone1</th>
<td>1156681910</td>
</tr><tr bgcolor="">
<th>eq_fone2</th>
<td>1156681911</td>
</tr><tr bgcolor="#E3E3F3">
<th>eq_email</th>
<td>CEICEUCIDADEDUTRA@SME.PREFEITURA.SP.GOV.BR</td>
</tr><tr bgcolor="">
<th>eq_cd_dirt</th>
<td>10318</td>
</tr><tr bgcolor="#E3E3F3">
<th>eq_diretor</th>
<td>SUL 3</td>
</tr><tr bgcolor="">
<th>eq_dre</th>
<td>CAPELA DO SOCORRO</td>
</tr><tr bgcolor="#E3E3F3">
<th>eq_cd_zona</th>
<td>1</td>
</tr><tr bgcolor="">
<th>eq_zona</th>
<td>Urbana</td>
</tr><tr bgcolor="#E3E3F3">
<th>eq_cd_mec</th>
<td>35057289</td>
</tr><tr bgcolor="">
<th>eq_esfera</th>
<td>MUNICIPAL</td>
</tr><tr bgcolor="#E3E3F3">
<th>eq_cd_catg</th>
<td>1</td>
</tr><tr bgcolor="">
<th>eq_categor</th>
<td>ESCOLAS AUTONOMAS</td>
</tr><tr bgcolor="#E3E3F3">
<th>eq_eol</th>
<td>35057289</td>
</tr><tr bgcolor="">
<th>eq_horario</th>
<td>07:00-18:00</td>
</tr></table></center>]]></description>
			<styleUrl>#m_ylw-pushpin</styleUrl>
			<ExtendedData>
				<SchemaData schemaUrl="#kml_schema_ft_LL_WGS84_KMZ_TEMA_EDUCACAO_CEU">
					<SimpleData name="eq_id">2075</SimpleData>
					<SimpleData name="eq_nome">CEU CEI CIDADE DUTRA</SimpleData>
					<SimpleData name="eq_enderec">INTERLAGOS 7350</SimpleData>
					<SimpleData name="eq_bairro">INTERLAGOS</SimpleData>
					<SimpleData name="eq_cep">04777000</SimpleData>
					<SimpleData name="eq_tipo">CEU CEI</SimpleData>
					<SimpleData name="eq_classe">CEU</SimpleData>
					<SimpleData name="eq_telefon">1156681910 / 1156681911</SimpleData>
					<SimpleData name="eq_setor">355030823000169</SimpleData>
					<SimpleData name="eq_areap">3550308005287</SimpleData>
					<SimpleData name="eq_cd_dist">23</SimpleData>
					<SimpleData name="eq_distr">CIDADE DUTRA</SimpleData>
					<SimpleData name="eq_cd_subp">19</SimpleData>
					<SimpleData name="eq_subpref">CAPELA DO SOCORRO</SimpleData>
					<SimpleData name="eq_regiao5">Sul</SimpleData>
					<SimpleData name="eq_regiao8">Sul 2</SimpleData>
					<SimpleData name="eq_ender">INTERLAGOS</SimpleData>
					<SimpleData name="eq_num">7350</SimpleData>
					<SimpleData name="eq_compend">AVENIDA</SimpleData>
					<SimpleData name="eq_codcep">04777000</SimpleData>
					<SimpleData name="eq_fone1">1156681910</SimpleData>
					<SimpleData name="eq_fone2">1156681911</SimpleData>
					<SimpleData name="eq_email">CEICEUCIDADEDUTRA@SME.PREFEITURA.SP.GOV.BR</SimpleData>
					<SimpleData name="eq_cd_dirt">10318</SimpleData>
					<SimpleData name="eq_diretor">SUL 3</SimpleData>
					<SimpleData name="eq_dre">CAPELA DO SOCORRO</SimpleData>
					<SimpleData name="eq_cd_zona">1</SimpleData>
					<SimpleData name="eq_zona">Urbana</SimpleData>
					<SimpleData name="eq_cd_mec">35057289</SimpleData>
					<SimpleData name="eq_esfera">MUNICIPAL</SimpleData>
					<SimpleData name="eq_cd_catg">1</SimpleData>
					<SimpleData name="eq_categor">ESCOLAS AUTONOMAS</SimpleData>
					<SimpleData name="eq_eol">35057289</SimpleData>
					<SimpleData name="eq_horario">07:00-18:00</SimpleData>
				</SchemaData>
			</ExtendedData>
			<Point>
				<coordinates>-46.70469655914291,-23.71084694807771,0</coordinates>
			</Point>
		</Placemark>
		<Placemark id="kml_17">
			<name>kml_17</name>
			<snippet></snippet>
			<description><![CDATA[<center><table><tr><th colspan='2' align='center'><em>Attributes</em></th></tr><tr bgcolor="#E3E3F3">
<th>eq_id</th>
<td>2076</td>
</tr><tr bgcolor="">
<th>eq_nome</th>
<td>CEU EMEF INACIO MONTEIRO</td>
</tr><tr bgcolor="#E3E3F3">
<th>eq_enderec</th>
<td>BARROSO DO AMAZONAS BARAO SN</td>
</tr><tr bgcolor="">
<th>eq_bairro</th>
<td>CONJUNTO HABITACIONAL INACIO MONTEIRO</td>
</tr><tr bgcolor="#E3E3F3">
<th>eq_cep</th>
<td>08472000</td>
</tr><tr bgcolor="">
<th>eq_tipo</th>
<td>CEU EMEF</td>
</tr><tr bgcolor="#E3E3F3">
<th>eq_classe</th>
<td>CEU</td>
</tr><tr bgcolor="">
<th>eq_telefon</th>
<td>1125189023 / </td>
</tr><tr bgcolor="#E3E3F3">
<th>eq_setor</th>
<td>355030825000247</td>
</tr><tr bgcolor="">
<th>eq_areap</th>
<td>3550308005269</td>
</tr><tr bgcolor="#E3E3F3">
<th>eq_cd_dist</th>
<td>25</td>
</tr><tr bgcolor="">
<th>eq_distr</th>
<td>CIDADE TIRADENTES</td>
</tr><tr bgcolor="#E3E3F3">
<th>eq_cd_subp</th>
<td>31</td>
</tr><tr bgcolor="">
<th>eq_subpref</th>
<td>CIDADE TIRADENTES</td>
</tr><tr bgcolor="#E3E3F3">
<th>eq_regiao5</th>
<td>Leste</td>
</tr><tr bgcolor="">
<th>eq_regiao8</th>
<td>Leste 2</td>
</tr><tr bgcolor="#E3E3F3">
<th>eq_ender</th>
<td>BARROSO DO AMAZONAS BARAO</td>
</tr><tr bgcolor="">
<th>eq_num</th>
<td>SN</td>
</tr><tr bgcolor="#E3E3F3">
<th>eq_compend</th>
<td>RUA</td>
</tr><tr bgcolor="">
<th>eq_codcep</th>
<td>08472000</td>
</tr><tr bgcolor="#E3E3F3">
<th>eq_fone1</th>
<td>1125189023</td>
</tr><tr bgcolor="">
<th>eq_fone2</th>
<td></td>
</tr><tr bgcolor="#E3E3F3">
<th>eq_email</th>
<td>EMEFCEUINACIOMONTEIRO@SME.PREFEITURA.SP.GOV.BR</td>
</tr><tr bgcolor="">
<th>eq_cd_dirt</th>
<td>10211</td>
</tr><tr bgcolor="#E3E3F3">
<th>eq_diretor</th>
<td>LESTE 3</td>
</tr><tr bgcolor="">
<th>eq_dre</th>
<td>GUAIANASES</td>
</tr><tr bgcolor="#E3E3F3">
<th>eq_cd_zona</th>
<td>1</td>
</tr><tr bgcolor="">
<th>eq_zona</th>
<td>Urbana</td>
</tr><tr bgcolor="#E3E3F3">
<th>eq_cd_mec</th>
<td>35057332</td>
</tr><tr bgcolor="">
<th>eq_esfera</th>
<td>MUNICIPAL</td>
</tr><tr bgcolor="#E3E3F3">
<th>eq_cd_catg</th>
<td>1</td>
</tr><tr bgcolor="">
<th>eq_categor</th>
<td>ESCOLAS AUTONOMAS</td>
</tr><tr bgcolor="#E3E3F3">
<th>eq_eol</th>
<td>35057332</td>
</tr><tr bgcolor="">
<th>eq_horario</th>
<td>07:00-23:00</td>
</tr></table></center>]]></description>
			<styleUrl>#m_ylw-pushpin</styleUrl>
			<ExtendedData>
				<SchemaData schemaUrl="#kml_schema_ft_LL_WGS84_KMZ_TEMA_EDUCACAO_CEU">
					<SimpleData name="eq_id">2076</SimpleData>
					<SimpleData name="eq_nome">CEU EMEF INACIO MONTEIRO</SimpleData>
					<SimpleData name="eq_enderec">BARROSO DO AMAZONAS BARAO SN</SimpleData>
					<SimpleData name="eq_bairro">CONJUNTO HABITACIONAL INACIO MONTEIRO</SimpleData>
					<SimpleData name="eq_cep">08472000</SimpleData>
					<SimpleData name="eq_tipo">CEU EMEF</SimpleData>
					<SimpleData name="eq_classe">CEU</SimpleData>
					<SimpleData name="eq_telefon">1125189023 /</SimpleData>
					<SimpleData name="eq_setor">355030825000247</SimpleData>
					<SimpleData name="eq_areap">3550308005269</SimpleData>
					<SimpleData name="eq_cd_dist">25</SimpleData>
					<SimpleData name="eq_distr">CIDADE TIRADENTES</SimpleData>
					<SimpleData name="eq_cd_subp">31</SimpleData>
					<SimpleData name="eq_subpref">CIDADE TIRADENTES</SimpleData>
					<SimpleData name="eq_regiao5">Leste</SimpleData>
					<SimpleData name="eq_regiao8">Leste 2</SimpleData>
					<SimpleData name="eq_ender">BARROSO DO AMAZONAS BARAO</SimpleData>
					<SimpleData name="eq_num">SN</SimpleData>
					<SimpleData name="eq_compend">RUA</SimpleData>
					<SimpleData name="eq_codcep">08472000</SimpleData>
					<SimpleData name="eq_fone1">1125189023</SimpleData>
					<SimpleData name="eq_email">EMEFCEUINACIOMONTEIRO@SME.PREFEITURA.SP.GOV.BR</SimpleData>
					<SimpleData name="eq_cd_dirt">10211</SimpleData>
					<SimpleData name="eq_diretor">LESTE 3</SimpleData>
					<SimpleData name="eq_dre">GUAIANASES</SimpleData>
					<SimpleData name="eq_cd_zona">1</SimpleData>
					<SimpleData name="eq_zona">Urbana</SimpleData>
					<SimpleData name="eq_cd_mec">35057332</SimpleData>
					<SimpleData name="eq_esfera">MUNICIPAL</SimpleData>
					<SimpleData name="eq_cd_catg">1</SimpleData>
					<SimpleData name="eq_categor">ESCOLAS AUTONOMAS</SimpleData>
					<SimpleData name="eq_eol">35057332</SimpleData>
					<SimpleData name="eq_horario">07:00-23:00</SimpleData>
				</SchemaData>
			</ExtendedData>
			<Point>
				<coordinates>-46.41122365336111,-23.569453132962,0</coordinates>
			</Point>
		</Placemark>
		<Placemark id="kml_18">
			<name>kml_18</name>
			<snippet></snippet>
			<description><![CDATA[<center><table><tr><th colspan='2' align='center'><em>Attributes</em></th></tr><tr bgcolor="#E3E3F3">
<th>eq_id</th>
<td>2077</td>
</tr><tr bgcolor="">
<th>eq_nome</th>
<td>CEU EMEI INACIO MONTEIRO</td>
</tr><tr bgcolor="#E3E3F3">
<th>eq_enderec</th>
<td>JOAQUIM DO AMPARO BARAO SN</td>
</tr><tr bgcolor="">
<th>eq_bairro</th>
<td>CONJUNTO HABITACIONAL INACIO MONTEIRO</td>
</tr><tr bgcolor="#E3E3F3">
<th>eq_cep</th>
<td>08472000</td>
</tr><tr bgcolor="">
<th>eq_tipo</th>
<td>CEU EMEI</td>
</tr><tr bgcolor="#E3E3F3">
<th>eq_classe</th>
<td>CEU</td>
</tr><tr bgcolor="">
<th>eq_telefon</th>
<td>1125189013 / 1125189030</td>
</tr><tr bgcolor="#E3E3F3">
<th>eq_setor</th>
<td>355030825000247</td>
</tr><tr bgcolor="">
<th>eq_areap</th>
<td>3550308005269</td>
</tr><tr bgcolor="#E3E3F3">
<th>eq_cd_dist</th>
<td>25</td>
</tr><tr bgcolor="">
<th>eq_distr</th>
<td>CIDADE TIRADENTES</td>
</tr><tr bgcolor="#E3E3F3">
<th>eq_cd_subp</th>
<td>31</td>
</tr><tr bgcolor="">
<th>eq_subpref</th>
<td>CIDADE TIRADENTES</td>
</tr><tr bgcolor="#E3E3F3">
<th>eq_regiao5</th>
<td>Leste</td>
</tr><tr bgcolor="">
<th>eq_regiao8</th>
<td>Leste 2</td>
</tr><tr bgcolor="#E3E3F3">
<th>eq_ender</th>
<td>JOAQUIM DO AMPARO BARAO</td>
</tr><tr bgcolor="">
<th>eq_num</th>
<td>SN</td>
</tr><tr bgcolor="#E3E3F3">
<th>eq_compend</th>
<td>RUA</td>
</tr><tr bgcolor="">
<th>eq_codcep</th>
<td>08472000</td>
</tr><tr bgcolor="#E3E3F3">
<th>eq_fone1</th>
<td>1125189013</td>
</tr><tr bgcolor="">
<th>eq_fone2</th>
<td>1125189030</td>
</tr><tr bgcolor="#E3E3F3">
<th>eq_email</th>
<td></td>
</tr><tr bgcolor="">
<th>eq_cd_dirt</th>
<td>10211</td>
</tr><tr bgcolor="#E3E3F3">
<th>eq_diretor</th>
<td>LESTE 3</td>
</tr><tr bgcolor="">
<th>eq_dre</th>
<td>GUAIANASES</td>
</tr><tr bgcolor="#E3E3F3">
<th>eq_cd_zona</th>
<td>1</td>
</tr><tr bgcolor="">
<th>eq_zona</th>
<td>Urbana</td>
</tr><tr bgcolor="#E3E3F3">
<th>eq_cd_mec</th>
<td>35057484</td>
</tr><tr bgcolor="">
<th>eq_esfera</th>
<td>MUNICIPAL</td>
</tr><tr bgcolor="#E3E3F3">
<th>eq_cd_catg</th>
<td>1</td>
</tr><tr bgcolor="">
<th>eq_categor</th>
<td>ESCOLAS AUTONOMAS</td>
</tr><tr bgcolor="#E3E3F3">
<th>eq_eol</th>
<td>35057484</td>
</tr><tr bgcolor="">
<th>eq_horario</th>
<td>07:00-19:00</td>
</tr></table></center>]]></description>
			<styleUrl>#m_ylw-pushpin</styleUrl>
			<ExtendedData>
				<SchemaData schemaUrl="#kml_schema_ft_LL_WGS84_KMZ_TEMA_EDUCACAO_CEU">
					<SimpleData name="eq_id">2077</SimpleData>
					<SimpleData name="eq_nome">CEU EMEI INACIO MONTEIRO</SimpleData>
					<SimpleData name="eq_enderec">JOAQUIM DO AMPARO BARAO SN</SimpleData>
					<SimpleData name="eq_bairro">CONJUNTO HABITACIONAL INACIO MONTEIRO</SimpleData>
					<SimpleData name="eq_cep">08472000</SimpleData>
					<SimpleData name="eq_tipo">CEU EMEI</SimpleData>
					<SimpleData name="eq_classe">CEU</SimpleData>
					<SimpleData name="eq_telefon">1125189013 / 1125189030</SimpleData>
					<SimpleData name="eq_setor">355030825000247</SimpleData>
					<SimpleData name="eq_areap">3550308005269</SimpleData>
					<SimpleData name="eq_cd_dist">25</SimpleData>
					<SimpleData name="eq_distr">CIDADE TIRADENTES</SimpleData>
					<SimpleData name="eq_cd_subp">31</SimpleData>
					<SimpleData name="eq_subpref">CIDADE TIRADENTES</SimpleData>
					<SimpleData name="eq_regiao5">Leste</SimpleData>
					<SimpleData name="eq_regiao8">Leste 2</SimpleData>
					<SimpleData name="eq_ender">JOAQUIM DO AMPARO BARAO</SimpleData>
					<SimpleData name="eq_num">SN</SimpleData>
					<SimpleData name="eq_compend">RUA</SimpleData>
					<SimpleData name="eq_codcep">08472000</SimpleData>
					<SimpleData name="eq_fone1">1125189013</SimpleData>
					<SimpleData name="eq_fone2">1125189030</SimpleData>
					<SimpleData name="eq_cd_dirt">10211</SimpleData>
					<SimpleData name="eq_diretor">LESTE 3</SimpleData>
					<SimpleData name="eq_dre">GUAIANASES</SimpleData>
					<SimpleData name="eq_cd_zona">1</SimpleData>
					<SimpleData name="eq_zona">Urbana</SimpleData>
					<SimpleData name="eq_cd_mec">35057484</SimpleData>
					<SimpleData name="eq_esfera">MUNICIPAL</SimpleData>
					<SimpleData name="eq_cd_catg">1</SimpleData>
					<SimpleData name="eq_categor">ESCOLAS AUTONOMAS</SimpleData>
					<SimpleData name="eq_eol">35057484</SimpleData>
					<SimpleData name="eq_horario">07:00-19:00</SimpleData>
				</SchemaData>
			</ExtendedData>
			<Point>
				<coordinates>-46.41146763996461,-23.5700701671384,0</coordinates>
			</Point>
		</Placemark>
		<Placemark id="kml_19">
			<name>kml_19</name>
			<snippet></snippet>
			<description><![CDATA[<center><table><tr><th colspan='2' align='center'><em>Attributes</em></th></tr><tr bgcolor="#E3E3F3">
<th>eq_id</th>
<td>2078</td>
</tr><tr bgcolor="">
<th>eq_nome</th>
<td>CEU CEI JOSELY MARIA CARDOSO BENTO</td>
</tr><tr bgcolor="#E3E3F3">
<th>eq_enderec</th>
<td>BARROSO DO AMAZONAS BARAO SN</td>
</tr><tr bgcolor="">
<th>eq_bairro</th>
<td>CONJUNTO HABITACIONAL INACIO MONTEIRO</td>
</tr><tr bgcolor="#E3E3F3">
<th>eq_cep</th>
<td>08472000</td>
</tr><tr bgcolor="">
<th>eq_tipo</th>
<td>CEU CEI</td>
</tr><tr bgcolor="#E3E3F3">
<th>eq_classe</th>
<td>CEU</td>
</tr><tr bgcolor="">
<th>eq_telefon</th>
<td>1125189033 / 1125189034</td>
</tr><tr bgcolor="#E3E3F3">
<th>eq_setor</th>
<td>355030825000248</td>
</tr><tr bgcolor="">
<th>eq_areap</th>
<td>3550308005269</td>
</tr><tr bgcolor="#E3E3F3">
<th>eq_cd_dist</th>
<td>25</td>
</tr><tr bgcolor="">
<th>eq_distr</th>
<td>CIDADE TIRADENTES</td>
</tr><tr bgcolor="#E3E3F3">
<th>eq_cd_subp</th>
<td>31</td>
</tr><tr bgcolor="">
<th>eq_subpref</th>
<td>CIDADE TIRADENTES</td>
</tr><tr bgcolor="#E3E3F3">
<th>eq_regiao5</th>
<td>Leste</td>
</tr><tr bgcolor="">
<th>eq_regiao8</th>
<td>Leste 2</td>
</tr><tr bgcolor="#E3E3F3">
<th>eq_ender</th>
<td>BARROSO DO AMAZONAS BARAO</td>
</tr><tr bgcolor="">
<th>eq_num</th>
<td>SN</td>
</tr><tr bgcolor="#E3E3F3">
<th>eq_compend</th>
<td>RUA</td>
</tr><tr bgcolor="">
<th>eq_codcep</th>
<td>08472000</td>
</tr><tr bgcolor="#E3E3F3">
<th>eq_fone1</th>
<td>1125189033</td>
</tr><tr bgcolor="">
<th>eq_fone2</th>
<td>1125189034</td>
</tr><tr bgcolor="#E3E3F3">
<th>eq_email</th>
<td></td>
</tr><tr bgcolor="">
<th>eq_cd_dirt</th>
<td>10211</td>
</tr><tr bgcolor="#E3E3F3">
<th>eq_diretor</th>
<td>LESTE 3</td>
</tr><tr bgcolor="">
<th>eq_dre</th>
<td>GUAIANASES</td>
</tr><tr bgcolor="#E3E3F3">
<th>eq_cd_zona</th>
<td>1</td>
</tr><tr bgcolor="">
<th>eq_zona</th>
<td>Urbana</td>
</tr><tr bgcolor="#E3E3F3">
<th>eq_cd_mec</th>
<td>35057548</td>
</tr><tr bgcolor="">
<th>eq_esfera</th>
<td>MUNICIPAL</td>
</tr><tr bgcolor="#E3E3F3">
<th>eq_cd_catg</th>
<td>1</td>
</tr><tr bgcolor="">
<th>eq_categor</th>
<td>ESCOLAS AUTONOMAS</td>
</tr><tr bgcolor="#E3E3F3">
<th>eq_eol</th>
<td>35057548</td>
</tr><tr bgcolor="">
<th>eq_horario</th>
<td>07:00-19:00</td>
</tr></table></center>]]></description>
			<styleUrl>#m_ylw-pushpin</styleUrl>
			<ExtendedData>
				<SchemaData schemaUrl="#kml_schema_ft_LL_WGS84_KMZ_TEMA_EDUCACAO_CEU">
					<SimpleData name="eq_id">2078</SimpleData>
					<SimpleData name="eq_nome">CEU CEI JOSELY MARIA CARDOSO BENTO</SimpleData>
					<SimpleData name="eq_enderec">BARROSO DO AMAZONAS BARAO SN</SimpleData>
					<SimpleData name="eq_bairro">CONJUNTO HABITACIONAL INACIO MONTEIRO</SimpleData>
					<SimpleData name="eq_cep">08472000</SimpleData>
					<SimpleData name="eq_tipo">CEU CEI</SimpleData>
					<SimpleData name="eq_classe">CEU</SimpleData>
					<SimpleData name="eq_telefon">1125189033 / 1125189034</SimpleData>
					<SimpleData name="eq_setor">355030825000248</SimpleData>
					<SimpleData name="eq_areap">3550308005269</SimpleData>
					<SimpleData name="eq_cd_dist">25</SimpleData>
					<SimpleData name="eq_distr">CIDADE TIRADENTES</SimpleData>
					<SimpleData name="eq_cd_subp">31</SimpleData>
					<SimpleData name="eq_subpref">CIDADE TIRADENTES</SimpleData>
					<SimpleData name="eq_regiao5">Leste</SimpleData>
					<SimpleData name="eq_regiao8">Leste 2</SimpleData>
					<SimpleData name="eq_ender">BARROSO DO AMAZONAS BARAO</SimpleData>
					<SimpleData name="eq_num">SN</SimpleData>
					<SimpleData name="eq_compend">RUA</SimpleData>
					<SimpleData name="eq_codcep">08472000</SimpleData>
					<SimpleData name="eq_fone1">1125189033</SimpleData>
					<SimpleData name="eq_fone2">1125189034</SimpleData>
					<SimpleData name="eq_cd_dirt">10211</SimpleData>
					<SimpleData name="eq_diretor">LESTE 3</SimpleData>
					<SimpleData name="eq_dre">GUAIANASES</SimpleData>
					<SimpleData name="eq_cd_zona">1</SimpleData>
					<SimpleData name="eq_zona">Urbana</SimpleData>
					<SimpleData name="eq_cd_mec">35057548</SimpleData>
					<SimpleData name="eq_esfera">MUNICIPAL</SimpleData>
					<SimpleData name="eq_cd_catg">1</SimpleData>
					<SimpleData name="eq_categor">ESCOLAS AUTONOMAS</SimpleData>
					<SimpleData name="eq_eol">35057548</SimpleData>
					<SimpleData name="eq_horario">07:00-19:00</SimpleData>
				</SchemaData>
			</ExtendedData>
			<Point>
				<coordinates>-46.41079659695411,-23.5690141339426,0</coordinates>
			</Point>
		</Placemark>
		<Placemark id="kml_20">
			<name>kml_20</name>
			<snippet></snippet>
			<description><![CDATA[<center><table><tr><th colspan='2' align='center'><em>Attributes</em></th></tr><tr bgcolor="#E3E3F3">
<th>eq_id</th>
<td>2079</td>
</tr><tr bgcolor="">
<th>eq_nome</th>
<td>CEU EMEF JAMBEIRO</td>
</tr><tr bgcolor="#E3E3F3">
<th>eq_enderec</th>
<td>FLORES DO JAMBEIRO SN</td>
</tr><tr bgcolor="">
<th>eq_bairro</th>
<td>JARDIM SAO PAULOZONA LESTE</td>
</tr><tr bgcolor="#E3E3F3">
<th>eq_cep</th>
<td>08430000</td>
</tr><tr bgcolor="">
<th>eq_tipo</th>
<td>CEU EMEF</td>
</tr><tr bgcolor="#E3E3F3">
<th>eq_classe</th>
<td>CEU</td>
</tr><tr bgcolor="">
<th>eq_telefon</th>
<td>1129262041 / 1129602039</td>
</tr><tr bgcolor="#E3E3F3">
<th>eq_setor</th>
<td>355030896000091</td>
</tr><tr bgcolor="">
<th>eq_areap</th>
<td>3550308005265</td>
</tr><tr bgcolor="#E3E3F3">
<th>eq_cd_dist</th>
<td>96</td>
</tr><tr bgcolor="">
<th>eq_distr</th>
<td>LAJEADO</td>
</tr><tr bgcolor="#E3E3F3">
<th>eq_cd_subp</th>
<td>28</td>
</tr><tr bgcolor="">
<th>eq_subpref</th>
<td>GUAIANASES</td>
</tr><tr bgcolor="#E3E3F3">
<th>eq_regiao5</th>
<td>Leste</td>
</tr><tr bgcolor="">
<th>eq_regiao8</th>
<td>Leste 2</td>
</tr><tr bgcolor="#E3E3F3">
<th>eq_ender</th>
<td>FLORES DO JAMBEIRO</td>
</tr><tr bgcolor="">
<th>eq_num</th>
<td>SN</td>
</tr><tr bgcolor="#E3E3F3">
<th>eq_compend</th>
<td>AVENIDA</td>
</tr><tr bgcolor="">
<th>eq_codcep</th>
<td>08430000</td>
</tr><tr bgcolor="#E3E3F3">
<th>eq_fone1</th>
<td>1129262041</td>
</tr><tr bgcolor="">
<th>eq_fone2</th>
<td>1129602039</td>
</tr><tr bgcolor="#E3E3F3">
<th>eq_email</th>
<td>EMEFCEUJAMBEIRO@SME.PREFEITURA.SP.GOV.BR</td>
</tr><tr bgcolor="">
<th>eq_cd_dirt</th>
<td>10210</td>
</tr><tr bgcolor="#E3E3F3">
<th>eq_diretor</th>
<td>LESTE 2</td>
</tr><tr bgcolor="">
<th>eq_dre</th>
<td>GUAIANASES</td>
</tr><tr bgcolor="#E3E3F3">
<th>eq_cd_zona</th>
<td>1</td>
</tr><tr bgcolor="">
<th>eq_zona</th>
<td>Urbana</td>
</tr><tr bgcolor="#E3E3F3">
<th>eq_cd_mec</th>
<td>35057551</td>
</tr><tr bgcolor="">
<th>eq_esfera</th>
<td>MUNICIPAL</td>
</tr><tr bgcolor="#E3E3F3">
<th>eq_cd_catg</th>
<td>1</td>
</tr><tr bgcolor="">
<th>eq_categor</th>
<td>ESCOLAS AUTONOMAS</td>
</tr><tr bgcolor="#E3E3F3">
<th>eq_eol</th>
<td>35057551</td>
</tr><tr bgcolor="">
<th>eq_horario</th>
<td>07:00-23:00</td>
</tr></table></center>]]></description>
			<styleUrl>#m_ylw-pushpin</styleUrl>
			<ExtendedData>
				<SchemaData schemaUrl="#kml_schema_ft_LL_WGS84_KMZ_TEMA_EDUCACAO_CEU">
					<SimpleData name="eq_id">2079</SimpleData>
					<SimpleData name="eq_nome">CEU EMEF JAMBEIRO</SimpleData>
					<SimpleData name="eq_enderec">FLORES DO JAMBEIRO SN</SimpleData>
					<SimpleData name="eq_bairro">JARDIM SAO PAULOZONA LESTE</SimpleData>
					<SimpleData name="eq_cep">08430000</SimpleData>
					<SimpleData name="eq_tipo">CEU EMEF</SimpleData>
					<SimpleData name="eq_classe">CEU</SimpleData>
					<SimpleData name="eq_telefon">1129262041 / 1129602039</SimpleData>
					<SimpleData name="eq_setor">355030896000091</SimpleData>
					<SimpleData name="eq_areap">3550308005265</SimpleData>
					<SimpleData name="eq_cd_dist">96</SimpleData>
					<SimpleData name="eq_distr">LAJEADO</SimpleData>
					<SimpleData name="eq_cd_subp">28</SimpleData>
					<SimpleData name="eq_subpref">GUAIANASES</SimpleData>
					<SimpleData name="eq_regiao5">Leste</SimpleData>
					<SimpleData name="eq_regiao8">Leste 2</SimpleData>
					<SimpleData name="eq_ender">FLORES DO JAMBEIRO</SimpleData>
					<SimpleData name="eq_num">SN</SimpleData>
					<SimpleData name="eq_compend">AVENIDA</SimpleData>
					<SimpleData name="eq_codcep">08430000</SimpleData>
					<SimpleData name="eq_fone1">1129262041</SimpleData>
					<SimpleData name="eq_fone2">1129602039</SimpleData>
					<SimpleData name="eq_email">EMEFCEUJAMBEIRO@SME.PREFEITURA.SP.GOV.BR</SimpleData>
					<SimpleData name="eq_cd_dirt">10210</SimpleData>
					<SimpleData name="eq_diretor">LESTE 2</SimpleData>
					<SimpleData name="eq_dre">GUAIANASES</SimpleData>
					<SimpleData name="eq_cd_zona">1</SimpleData>
					<SimpleData name="eq_zona">Urbana</SimpleData>
					<SimpleData name="eq_cd_mec">35057551</SimpleData>
					<SimpleData name="eq_esfera">MUNICIPAL</SimpleData>
					<SimpleData name="eq_cd_catg">1</SimpleData>
					<SimpleData name="eq_categor">ESCOLAS AUTONOMAS</SimpleData>
					<SimpleData name="eq_eol">35057551</SimpleData>
					<SimpleData name="eq_horario">07:00-23:00</SimpleData>
				</SchemaData>
			</ExtendedData>
			<Point>
				<coordinates>-46.42173161357681,-23.5397570428999,0</coordinates>
			</Point>
		</Placemark>
		<Placemark id="kml_21">
			<name>kml_21</name>
			<snippet></snippet>
			<description><![CDATA[<center><table><tr><th colspan='2' align='center'><em>Attributes</em></th></tr><tr bgcolor="#E3E3F3">
<th>eq_id</th>
<td>2080</td>
</tr><tr bgcolor="">
<th>eq_nome</th>
<td>CEU EMEI THERESINHA SQUINCA DA SILVA PROFA</td>
</tr><tr bgcolor="#E3E3F3">
<th>eq_enderec</th>
<td>JOSE PINHEIRO BORGES 60</td>
</tr><tr bgcolor="">
<th>eq_bairro</th>
<td>JARDIM HELENA</td>
</tr><tr bgcolor="#E3E3F3">
<th>eq_cep</th>
<td>08420000</td>
</tr><tr bgcolor="">
<th>eq_tipo</th>
<td>CEU EMEI</td>
</tr><tr bgcolor="#E3E3F3">
<th>eq_classe</th>
<td>CEU</td>
</tr><tr bgcolor="">
<th>eq_telefon</th>
<td>1129602021 / 1129602027</td>
</tr><tr bgcolor="#E3E3F3">
<th>eq_setor</th>
<td>355030896000121</td>
</tr><tr bgcolor="">
<th>eq_areap</th>
<td>3550308005265</td>
</tr><tr bgcolor="#E3E3F3">
<th>eq_cd_dist</th>
<td>96</td>
</tr><tr bgcolor="">
<th>eq_distr</th>
<td>LAJEADO</td>
</tr><tr bgcolor="#E3E3F3">
<th>eq_cd_subp</th>
<td>28</td>
</tr><tr bgcolor="">
<th>eq_subpref</th>
<td>GUAIANASES</td>
</tr><tr bgcolor="#E3E3F3">
<th>eq_regiao5</th>
<td>Leste</td>
</tr><tr bgcolor="">
<th>eq_regiao8</th>
<td>Leste 2</td>
</tr><tr bgcolor="#E3E3F3">
<th>eq_ender</th>
<td>JOSE PINHEIRO BORGES</td>
</tr><tr bgcolor="">
<th>eq_num</th>
<td>60</td>
</tr><tr bgcolor="#E3E3F3">
<th>eq_compend</th>
<td>AVENIDA</td>
</tr><tr bgcolor="">
<th>eq_codcep</th>
<td>08420000</td>
</tr><tr bgcolor="#E3E3F3">
<th>eq_fone1</th>
<td>1129602021</td>
</tr><tr bgcolor="">
<th>eq_fone2</th>
<td>1129602027</td>
</tr><tr bgcolor="#E3E3F3">
<th>eq_email</th>
<td></td>
</tr><tr bgcolor="">
<th>eq_cd_dirt</th>
<td>10210</td>
</tr><tr bgcolor="#E3E3F3">
<th>eq_diretor</th>
<td>LESTE 2</td>
</tr><tr bgcolor="">
<th>eq_dre</th>
<td>GUAIANASES</td>
</tr><tr bgcolor="#E3E3F3">
<th>eq_cd_zona</th>
<td>1</td>
</tr><tr bgcolor="">
<th>eq_zona</th>
<td>Urbana</td>
</tr><tr bgcolor="#E3E3F3">
<th>eq_cd_mec</th>
<td>35057575</td>
</tr><tr bgcolor="">
<th>eq_esfera</th>
<td>MUNICIPAL</td>
</tr><tr bgcolor="#E3E3F3">
<th>eq_cd_catg</th>
<td>1</td>
</tr><tr bgcolor="">
<th>eq_categor</th>
<td>ESCOLAS AUTONOMAS</td>
</tr><tr bgcolor="#E3E3F3">
<th>eq_eol</th>
<td>35057575</td>
</tr><tr bgcolor="">
<th>eq_horario</th>
<td>07:00-19:00</td>
</tr></table></center>]]></description>
			<styleUrl>#m_ylw-pushpin</styleUrl>
			<ExtendedData>
				<SchemaData schemaUrl="#kml_schema_ft_LL_WGS84_KMZ_TEMA_EDUCACAO_CEU">
					<SimpleData name="eq_id">2080</SimpleData>
					<SimpleData name="eq_nome">CEU EMEI THERESINHA SQUINCA DA SILVA PROFA</SimpleData>
					<SimpleData name="eq_enderec">JOSE PINHEIRO BORGES 60</SimpleData>
					<SimpleData name="eq_bairro">JARDIM HELENA</SimpleData>
					<SimpleData name="eq_cep">08420000</SimpleData>
					<SimpleData name="eq_tipo">CEU EMEI</SimpleData>
					<SimpleData name="eq_classe">CEU</SimpleData>
					<SimpleData name="eq_telefon">1129602021 / 1129602027</SimpleData>
					<SimpleData name="eq_setor">355030896000121</SimpleData>
					<SimpleData name="eq_areap">3550308005265</SimpleData>
					<SimpleData name="eq_cd_dist">96</SimpleData>
					<SimpleData name="eq_distr">LAJEADO</SimpleData>
					<SimpleData name="eq_cd_subp">28</SimpleData>
					<SimpleData name="eq_subpref">GUAIANASES</SimpleData>
					<SimpleData name="eq_regiao5">Leste</SimpleData>
					<SimpleData name="eq_regiao8">Leste 2</SimpleData>
					<SimpleData name="eq_ender">JOSE PINHEIRO BORGES</SimpleData>
					<SimpleData name="eq_num">60</SimpleData>
					<SimpleData name="eq_compend">AVENIDA</SimpleData>
					<SimpleData name="eq_codcep">08420000</SimpleData>
					<SimpleData name="eq_fone1">1129602021</SimpleData>
					<SimpleData name="eq_fone2">1129602027</SimpleData>
					<SimpleData name="eq_cd_dirt">10210</SimpleData>
					<SimpleData name="eq_diretor">LESTE 2</SimpleData>
					<SimpleData name="eq_dre">GUAIANASES</SimpleData>
					<SimpleData name="eq_cd_zona">1</SimpleData>
					<SimpleData name="eq_zona">Urbana</SimpleData>
					<SimpleData name="eq_cd_mec">35057575</SimpleData>
					<SimpleData name="eq_esfera">MUNICIPAL</SimpleData>
					<SimpleData name="eq_cd_catg">1</SimpleData>
					<SimpleData name="eq_categor">ESCOLAS AUTONOMAS</SimpleData>
					<SimpleData name="eq_eol">35057575</SimpleData>
					<SimpleData name="eq_horario">07:00-19:00</SimpleData>
				</SchemaData>
			</ExtendedData>
			<Point>
				<coordinates>-46.4226016177019,-23.5391740006944,0</coordinates>
			</Point>
		</Placemark>
		<Placemark id="kml_22">
			<name>kml_22</name>
			<snippet></snippet>
			<description><![CDATA[<center><table><tr><th colspan='2' align='center'><em>Attributes</em></th></tr><tr bgcolor="#E3E3F3">
<th>eq_id</th>
<td>2081</td>
</tr><tr bgcolor="">
<th>eq_nome</th>
<td>CEU CEI EVANIR APARECIDA HILARIO PROFA</td>
</tr><tr bgcolor="#E3E3F3">
<th>eq_enderec</th>
<td>FLORES DO JAMBEIRO SN</td>
</tr><tr bgcolor="">
<th>eq_bairro</th>
<td>JARDIM SAO PAULOZONA LESTE</td>
</tr><tr bgcolor="#E3E3F3">
<th>eq_cep</th>
<td>08430000</td>
</tr><tr bgcolor="">
<th>eq_tipo</th>
<td>CEU CEI</td>
</tr><tr bgcolor="#E3E3F3">
<th>eq_classe</th>
<td>CEU</td>
</tr><tr bgcolor="">
<th>eq_telefon</th>
<td>1129602011 / 1129602012</td>
</tr><tr bgcolor="#E3E3F3">
<th>eq_setor</th>
<td>355030896000091</td>
</tr><tr bgcolor="">
<th>eq_areap</th>
<td>3550308005265</td>
</tr><tr bgcolor="#E3E3F3">
<th>eq_cd_dist</th>
<td>96</td>
</tr><tr bgcolor="">
<th>eq_distr</th>
<td>LAJEADO</td>
</tr><tr bgcolor="#E3E3F3">
<th>eq_cd_subp</th>
<td>28</td>
</tr><tr bgcolor="">
<th>eq_subpref</th>
<td>GUAIANASES</td>
</tr><tr bgcolor="#E3E3F3">
<th>eq_regiao5</th>
<td>Leste</td>
</tr><tr bgcolor="">
<th>eq_regiao8</th>
<td>Leste 2</td>
</tr><tr bgcolor="#E3E3F3">
<th>eq_ender</th>
<td>FLORES DO JAMBEIRO</td>
</tr><tr bgcolor="">
<th>eq_num</th>
<td>SN</td>
</tr><tr bgcolor="#E3E3F3">
<th>eq_compend</th>
<td>AVENIDA</td>
</tr><tr bgcolor="">
<th>eq_codcep</th>
<td>08430000</td>
</tr><tr bgcolor="#E3E3F3">
<th>eq_fone1</th>
<td>1129602011</td>
</tr><tr bgcolor="">
<th>eq_fone2</th>
<td>1129602012</td>
</tr><tr bgcolor="#E3E3F3">
<th>eq_email</th>
<td></td>
</tr><tr bgcolor="">
<th>eq_cd_dirt</th>
<td>10210</td>
</tr><tr bgcolor="#E3E3F3">
<th>eq_diretor</th>
<td>LESTE 2</td>
</tr><tr bgcolor="">
<th>eq_dre</th>
<td>GUAIANASES</td>
</tr><tr bgcolor="#E3E3F3">
<th>eq_cd_zona</th>
<td>1</td>
</tr><tr bgcolor="">
<th>eq_zona</th>
<td>Urbana</td>
</tr><tr bgcolor="#E3E3F3">
<th>eq_cd_mec</th>
<td>35057605</td>
</tr><tr bgcolor="">
<th>eq_esfera</th>
<td>MUNICIPAL</td>
</tr><tr bgcolor="#E3E3F3">
<th>eq_cd_catg</th>
<td>1</td>
</tr><tr bgcolor="">
<th>eq_categor</th>
<td>ESCOLAS AUTONOMAS</td>
</tr><tr bgcolor="#E3E3F3">
<th>eq_eol</th>
<td>35057605</td>
</tr><tr bgcolor="">
<th>eq_horario</th>
<td>07:00-18:00</td>
</tr></table></center>]]></description>
			<styleUrl>#m_ylw-pushpin</styleUrl>
			<ExtendedData>
				<SchemaData schemaUrl="#kml_schema_ft_LL_WGS84_KMZ_TEMA_EDUCACAO_CEU">
					<SimpleData name="eq_id">2081</SimpleData>
					<SimpleData name="eq_nome">CEU CEI EVANIR APARECIDA HILARIO PROFA</SimpleData>
					<SimpleData name="eq_enderec">FLORES DO JAMBEIRO SN</SimpleData>
					<SimpleData name="eq_bairro">JARDIM SAO PAULOZONA LESTE</SimpleData>
					<SimpleData name="eq_cep">08430000</SimpleData>
					<SimpleData name="eq_tipo">CEU CEI</SimpleData>
					<SimpleData name="eq_classe">CEU</SimpleData>
					<SimpleData name="eq_telefon">1129602011 / 1129602012</SimpleData>
					<SimpleData name="eq_setor">355030896000091</SimpleData>
					<SimpleData name="eq_areap">3550308005265</SimpleData>
					<SimpleData name="eq_cd_dist">96</SimpleData>
					<SimpleData name="eq_distr">LAJEADO</SimpleData>
					<SimpleData name="eq_cd_subp">28</SimpleData>
					<SimpleData name="eq_subpref">GUAIANASES</SimpleData>
					<SimpleData name="eq_regiao5">Leste</SimpleData>
					<SimpleData name="eq_regiao8">Leste 2</SimpleData>
					<SimpleData name="eq_ender">FLORES DO JAMBEIRO</SimpleData>
					<SimpleData name="eq_num">SN</SimpleData>
					<SimpleData name="eq_compend">AVENIDA</SimpleData>
					<SimpleData name="eq_codcep">08430000</SimpleData>
					<SimpleData name="eq_fone1">1129602011</SimpleData>
					<SimpleData name="eq_fone2">1129602012</SimpleData>
					<SimpleData name="eq_cd_dirt">10210</SimpleData>
					<SimpleData name="eq_diretor">LESTE 2</SimpleData>
					<SimpleData name="eq_dre">GUAIANASES</SimpleData>
					<SimpleData name="eq_cd_zona">1</SimpleData>
					<SimpleData name="eq_zona">Urbana</SimpleData>
					<SimpleData name="eq_cd_mec">35057605</SimpleData>
					<SimpleData name="eq_esfera">MUNICIPAL</SimpleData>
					<SimpleData name="eq_cd_catg">1</SimpleData>
					<SimpleData name="eq_categor">ESCOLAS AUTONOMAS</SimpleData>
					<SimpleData name="eq_eol">35057605</SimpleData>
					<SimpleData name="eq_horario">07:00-18:00</SimpleData>
				</SchemaData>
			</ExtendedData>
			<Point>
				<coordinates>-46.42173161357681,-23.5397570428999,0</coordinates>
			</Point>
		</Placemark>
		<Placemark id="kml_23">
			<name>kml_23</name>
			<snippet></snippet>
			<description><![CDATA[<center><table><tr><th colspan='2' align='center'><em>Attributes</em></th></tr><tr bgcolor="#E3E3F3">
<th>eq_id</th>
<td>2082</td>
</tr><tr bgcolor="">
<th>eq_nome</th>
<td>CEU EMEF MENINOS</td>
</tr><tr bgcolor="#E3E3F3">
<th>eq_enderec</th>
<td>BARBINOS 111</td>
</tr><tr bgcolor="">
<th>eq_bairro</th>
<td>SAO JOAO CLIMACO</td>
</tr><tr bgcolor="#E3E3F3">
<th>eq_cep</th>
<td>04240000</td>
</tr><tr bgcolor="">
<th>eq_tipo</th>
<td>CEU EMEF</td>
</tr><tr bgcolor="#E3E3F3">
<th>eq_classe</th>
<td>CEU</td>
</tr><tr bgcolor="">
<th>eq_telefon</th>
<td>1129452527 / 1129452534</td>
</tr><tr bgcolor="#E3E3F3">
<th>eq_setor</th>
<td>355030868000250</td>
</tr><tr bgcolor="">
<th>eq_areap</th>
<td>3550308005086</td>
</tr><tr bgcolor="#E3E3F3">
<th>eq_cd_dist</th>
<td>68</td>
</tr><tr bgcolor="">
<th>eq_distr</th>
<td>SACOMA</td>
</tr><tr bgcolor="#E3E3F3">
<th>eq_cd_subp</th>
<td>13</td>
</tr><tr bgcolor="">
<th>eq_subpref</th>
<td>IPIRANGA</td>
</tr><tr bgcolor="#E3E3F3">
<th>eq_regiao5</th>
<td>Sul</td>
</tr><tr bgcolor="">
<th>eq_regiao8</th>
<td>Sul 1</td>
</tr><tr bgcolor="#E3E3F3">
<th>eq_ender</th>
<td>BARBINOS</td>
</tr><tr bgcolor="">
<th>eq_num</th>
<td>111</td>
</tr><tr bgcolor="#E3E3F3">
<th>eq_compend</th>
<td>RUA</td>
</tr><tr bgcolor="">
<th>eq_codcep</th>
<td>04240000</td>
</tr><tr bgcolor="#E3E3F3">
<th>eq_fone1</th>
<td>1129452527</td>
</tr><tr bgcolor="">
<th>eq_fone2</th>
<td>1129452534</td>
</tr><tr bgcolor="#E3E3F3">
<th>eq_email</th>
<td>SPAOLILLO@SME.PREFEITURA.SP.GOV.BR</td>
</tr><tr bgcolor="">
<th>eq_cd_dirt</th>
<td>10316</td>
</tr><tr bgcolor="#E3E3F3">
<th>eq_diretor</th>
<td>CENTRO SUL</td>
</tr><tr bgcolor="">
<th>eq_dre</th>
<td>IPIRANGA</td>
</tr><tr bgcolor="#E3E3F3">
<th>eq_cd_zona</th>
<td>1</td>
</tr><tr bgcolor="">
<th>eq_zona</th>
<td>Urbana</td>
</tr><tr bgcolor="#E3E3F3">
<th>eq_cd_mec</th>
<td>35057666</td>
</tr><tr bgcolor="">
<th>eq_esfera</th>
<td>MUNICIPAL</td>
</tr><tr bgcolor="#E3E3F3">
<th>eq_cd_catg</th>
<td>1</td>
</tr><tr bgcolor="">
<th>eq_categor</th>
<td>ESCOLAS AUTONOMAS</td>
</tr><tr bgcolor="#E3E3F3">
<th>eq_eol</th>
<td>35057666</td>
</tr><tr bgcolor="">
<th>eq_horario</th>
<td>07:00-18:30</td>
</tr></table></center>]]></description>
			<styleUrl>#m_ylw-pushpin</styleUrl>
			<ExtendedData>
				<SchemaData schemaUrl="#kml_schema_ft_LL_WGS84_KMZ_TEMA_EDUCACAO_CEU">
					<SimpleData name="eq_id">2082</SimpleData>
					<SimpleData name="eq_nome">CEU EMEF MENINOS</SimpleData>
					<SimpleData name="eq_enderec">BARBINOS 111</SimpleData>
					<SimpleData name="eq_bairro">SAO JOAO CLIMACO</SimpleData>
					<SimpleData name="eq_cep">04240000</SimpleData>
					<SimpleData name="eq_tipo">CEU EMEF</SimpleData>
					<SimpleData name="eq_classe">CEU</SimpleData>
					<SimpleData name="eq_telefon">1129452527 / 1129452534</SimpleData>
					<SimpleData name="eq_setor">355030868000250</SimpleData>
					<SimpleData name="eq_areap">3550308005086</SimpleData>
					<SimpleData name="eq_cd_dist">68</SimpleData>
					<SimpleData name="eq_distr">SACOMA</SimpleData>
					<SimpleData name="eq_cd_subp">13</SimpleData>
					<SimpleData name="eq_subpref">IPIRANGA</SimpleData>
					<SimpleData name="eq_regiao5">Sul</SimpleData>
					<SimpleData name="eq_regiao8">Sul 1</SimpleData>
					<SimpleData name="eq_ender">BARBINOS</SimpleData>
					<SimpleData name="eq_num">111</SimpleData>
					<SimpleData name="eq_compend">RUA</SimpleData>
					<SimpleData name="eq_codcep">04240000</SimpleData>
					<SimpleData name="eq_fone1">1129452527</SimpleData>
					<SimpleData name="eq_fone2">1129452534</SimpleData>
					<SimpleData name="eq_email">SPAOLILLO@SME.PREFEITURA.SP.GOV.BR</SimpleData>
					<SimpleData name="eq_cd_dirt">10316</SimpleData>
					<SimpleData name="eq_diretor">CENTRO SUL</SimpleData>
					<SimpleData name="eq_dre">IPIRANGA</SimpleData>
					<SimpleData name="eq_cd_zona">1</SimpleData>
					<SimpleData name="eq_zona">Urbana</SimpleData>
					<SimpleData name="eq_cd_mec">35057666</SimpleData>
					<SimpleData name="eq_esfera">MUNICIPAL</SimpleData>
					<SimpleData name="eq_cd_catg">1</SimpleData>
					<SimpleData name="eq_categor">ESCOLAS AUTONOMAS</SimpleData>
					<SimpleData name="eq_eol">35057666</SimpleData>
					<SimpleData name="eq_horario">07:00-18:30</SimpleData>
				</SchemaData>
			</ExtendedData>
			<Point>
				<coordinates>-46.58367523252461,-23.6205749111002,0</coordinates>
			</Point>
		</Placemark>
		<Placemark id="kml_24">
			<name>kml_24</name>
			<snippet></snippet>
			<description><![CDATA[<center><table><tr><th colspan='2' align='center'><em>Attributes</em></th></tr><tr bgcolor="#E3E3F3">
<th>eq_id</th>
<td>2083</td>
</tr><tr bgcolor="">
<th>eq_nome</th>
<td>CEU CEI MENINOS</td>
</tr><tr bgcolor="#E3E3F3">
<th>eq_enderec</th>
<td>BARBINOS 111</td>
</tr><tr bgcolor="">
<th>eq_bairro</th>
<td>SAO JOAO CLIMACO</td>
</tr><tr bgcolor="#E3E3F3">
<th>eq_cep</th>
<td>04240000</td>
</tr><tr bgcolor="">
<th>eq_tipo</th>
<td>CEU CEI</td>
</tr><tr bgcolor="#E3E3F3">
<th>eq_classe</th>
<td>CEU</td>
</tr><tr bgcolor="">
<th>eq_telefon</th>
<td>1129452511 / 1129452513</td>
</tr><tr bgcolor="#E3E3F3">
<th>eq_setor</th>
<td>355030868000250</td>
</tr><tr bgcolor="">
<th>eq_areap</th>
<td>3550308005087</td>
</tr><tr bgcolor="#E3E3F3">
<th>eq_cd_dist</th>
<td>68</td>
</tr><tr bgcolor="">
<th>eq_distr</th>
<td>SACOMA</td>
</tr><tr bgcolor="#E3E3F3">
<th>eq_cd_subp</th>
<td>13</td>
</tr><tr bgcolor="">
<th>eq_subpref</th>
<td>IPIRANGA</td>
</tr><tr bgcolor="#E3E3F3">
<th>eq_regiao5</th>
<td>Sul</td>
</tr><tr bgcolor="">
<th>eq_regiao8</th>
<td>Sul 1</td>
</tr><tr bgcolor="#E3E3F3">
<th>eq_ender</th>
<td>BARBINOS</td>
</tr><tr bgcolor="">
<th>eq_num</th>
<td>111</td>
</tr><tr bgcolor="#E3E3F3">
<th>eq_compend</th>
<td>RUA</td>
</tr><tr bgcolor="">
<th>eq_codcep</th>
<td>04240000</td>
</tr><tr bgcolor="#E3E3F3">
<th>eq_fone1</th>
<td>1129452511</td>
</tr><tr bgcolor="">
<th>eq_fone2</th>
<td>1129452513</td>
</tr><tr bgcolor="#E3E3F3">
<th>eq_email</th>
<td></td>
</tr><tr bgcolor="">
<th>eq_cd_dirt</th>
<td>10316</td>
</tr><tr bgcolor="#E3E3F3">
<th>eq_diretor</th>
<td>CENTRO SUL</td>
</tr><tr bgcolor="">
<th>eq_dre</th>
<td>IPIRANGA</td>
</tr><tr bgcolor="#E3E3F3">
<th>eq_cd_zona</th>
<td>1</td>
</tr><tr bgcolor="">
<th>eq_zona</th>
<td>Urbana</td>
</tr><tr bgcolor="#E3E3F3">
<th>eq_cd_mec</th>
<td>35057691</td>
</tr><tr bgcolor="">
<th>eq_esfera</th>
<td>MUNICIPAL</td>
</tr><tr bgcolor="#E3E3F3">
<th>eq_cd_catg</th>
<td>1</td>
</tr><tr bgcolor="">
<th>eq_categor</th>
<td>ESCOLAS AUTONOMAS</td>
</tr><tr bgcolor="#E3E3F3">
<th>eq_eol</th>
<td>35057691</td>
</tr><tr bgcolor="">
<th>eq_horario</th>
<td>07:30-17:30</td>
</tr></table></center>]]></description>
			<styleUrl>#m_ylw-pushpin</styleUrl>
			<ExtendedData>
				<SchemaData schemaUrl="#kml_schema_ft_LL_WGS84_KMZ_TEMA_EDUCACAO_CEU">
					<SimpleData name="eq_id">2083</SimpleData>
					<SimpleData name="eq_nome">CEU CEI MENINOS</SimpleData>
					<SimpleData name="eq_enderec">BARBINOS 111</SimpleData>
					<SimpleData name="eq_bairro">SAO JOAO CLIMACO</SimpleData>
					<SimpleData name="eq_cep">04240000</SimpleData>
					<SimpleData name="eq_tipo">CEU CEI</SimpleData>
					<SimpleData name="eq_classe">CEU</SimpleData>
					<SimpleData name="eq_telefon">1129452511 / 1129452513</SimpleData>
					<SimpleData name="eq_setor">355030868000250</SimpleData>
					<SimpleData name="eq_areap">3550308005087</SimpleData>
					<SimpleData name="eq_cd_dist">68</SimpleData>
					<SimpleData name="eq_distr">SACOMA</SimpleData>
					<SimpleData name="eq_cd_subp">13</SimpleData>
					<SimpleData name="eq_subpref">IPIRANGA</SimpleData>
					<SimpleData name="eq_regiao5">Sul</SimpleData>
					<SimpleData name="eq_regiao8">Sul 1</SimpleData>
					<SimpleData name="eq_ender">BARBINOS</SimpleData>
					<SimpleData name="eq_num">111</SimpleData>
					<SimpleData name="eq_compend">RUA</SimpleData>
					<SimpleData name="eq_codcep">04240000</SimpleData>
					<SimpleData name="eq_fone1">1129452511</SimpleData>
					<SimpleData name="eq_fone2">1129452513</SimpleData>
					<SimpleData name="eq_cd_dirt">10316</SimpleData>
					<SimpleData name="eq_diretor">CENTRO SUL</SimpleData>
					<SimpleData name="eq_dre">IPIRANGA</SimpleData>
					<SimpleData name="eq_cd_zona">1</SimpleData>
					<SimpleData name="eq_zona">Urbana</SimpleData>
					<SimpleData name="eq_cd_mec">35057691</SimpleData>
					<SimpleData name="eq_esfera">MUNICIPAL</SimpleData>
					<SimpleData name="eq_cd_catg">1</SimpleData>
					<SimpleData name="eq_categor">ESCOLAS AUTONOMAS</SimpleData>
					<SimpleData name="eq_eol">35057691</SimpleData>
					<SimpleData name="eq_horario">07:30-17:30</SimpleData>
				</SchemaData>
			</ExtendedData>
			<Point>
				<coordinates>-46.583399231048,-23.6217559209163,0</coordinates>
			</Point>
		</Placemark>
		<Placemark id="kml_25">
			<name>kml_25</name>
			<snippet></snippet>
			<description><![CDATA[<center><table><tr><th colspan='2' align='center'><em>Attributes</em></th></tr><tr bgcolor="#E3E3F3">
<th>eq_id</th>
<td>2084</td>
</tr><tr bgcolor="">
<th>eq_nome</th>
<td>CEU EMEI NAVEGANTES</td>
</tr><tr bgcolor="#E3E3F3">
<th>eq_enderec</th>
<td>MARIA MOASSAB BARBOUR SN</td>
</tr><tr bgcolor="">
<th>eq_bairro</th>
<td>CANTINHO DO CEU</td>
</tr><tr bgcolor="#E3E3F3">
<th>eq_cep</th>
<td>04849000</td>
</tr><tr bgcolor="">
<th>eq_tipo</th>
<td>CEU EMEI</td>
</tr><tr bgcolor="#E3E3F3">
<th>eq_classe</th>
<td>CEU</td>
</tr><tr bgcolor="">
<th>eq_telefon</th>
<td>1159765507 / 1159765508</td>
</tr><tr bgcolor="#E3E3F3">
<th>eq_setor</th>
<td>355030830000293</td>
</tr><tr bgcolor="">
<th>eq_areap</th>
<td>3550308005304</td>
</tr><tr bgcolor="#E3E3F3">
<th>eq_cd_dist</th>
<td>30</td>
</tr><tr bgcolor="">
<th>eq_distr</th>
<td>GRAJAU</td>
</tr><tr bgcolor="#E3E3F3">
<th>eq_cd_subp</th>
<td>19</td>
</tr><tr bgcolor="">
<th>eq_subpref</th>
<td>CAPELA DO SOCORRO</td>
</tr><tr bgcolor="#E3E3F3">
<th>eq_regiao5</th>
<td>Sul</td>
</tr><tr bgcolor="">
<th>eq_regiao8</th>
<td>Sul 2</td>
</tr><tr bgcolor="#E3E3F3">
<th>eq_ender</th>
<td>MARIA MOASSAB BARBOUR</td>
</tr><tr bgcolor="">
<th>eq_num</th>
<td>SN</td>
</tr><tr bgcolor="#E3E3F3">
<th>eq_compend</th>
<td>RUA</td>
</tr><tr bgcolor="">
<th>eq_codcep</th>
<td>04849000</td>
</tr><tr bgcolor="#E3E3F3">
<th>eq_fone1</th>
<td>1159765507</td>
</tr><tr bgcolor="">
<th>eq_fone2</th>
<td>1159765508</td>
</tr><tr bgcolor="#E3E3F3">
<th>eq_email</th>
<td>EMEICEUNAVEGANTES@SME.PREFEITURA.SP.GOV.BR</td>
</tr><tr bgcolor="">
<th>eq_cd_dirt</th>
<td>10318</td>
</tr><tr bgcolor="#E3E3F3">
<th>eq_diretor</th>
<td>SUL 3</td>
</tr><tr bgcolor="">
<th>eq_dre</th>
<td>CAPELA DO SOCORRO</td>
</tr><tr bgcolor="#E3E3F3">
<th>eq_cd_zona</th>
<td>1</td>
</tr><tr bgcolor="">
<th>eq_zona</th>
<td>Urbana</td>
</tr><tr bgcolor="#E3E3F3">
<th>eq_cd_mec</th>
<td>35057733</td>
</tr><tr bgcolor="">
<th>eq_esfera</th>
<td>MUNICIPAL</td>
</tr><tr bgcolor="#E3E3F3">
<th>eq_cd_catg</th>
<td>1</td>
</tr><tr bgcolor="">
<th>eq_categor</th>
<td>ESCOLAS AUTONOMAS</td>
</tr><tr bgcolor="#E3E3F3">
<th>eq_eol</th>
<td>35057733</td>
</tr><tr bgcolor="">
<th>eq_horario</th>
<td>07:00-19:00</td>
</tr></table></center>]]></description>
			<styleUrl>#m_ylw-pushpin</styleUrl>
			<ExtendedData>
				<SchemaData schemaUrl="#kml_schema_ft_LL_WGS84_KMZ_TEMA_EDUCACAO_CEU">
					<SimpleData name="eq_id">2084</SimpleData>
					<SimpleData name="eq_nome">CEU EMEI NAVEGANTES</SimpleData>
					<SimpleData name="eq_enderec">MARIA MOASSAB BARBOUR SN</SimpleData>
					<SimpleData name="eq_bairro">CANTINHO DO CEU</SimpleData>
					<SimpleData name="eq_cep">04849000</SimpleData>
					<SimpleData name="eq_tipo">CEU EMEI</SimpleData>
					<SimpleData name="eq_classe">CEU</SimpleData>
					<SimpleData name="eq_telefon">1159765507 / 1159765508</SimpleData>
					<SimpleData name="eq_setor">355030830000293</SimpleData>
					<SimpleData name="eq_areap">3550308005304</SimpleData>
					<SimpleData name="eq_cd_dist">30</SimpleData>
					<SimpleData name="eq_distr">GRAJAU</SimpleData>
					<SimpleData name="eq_cd_subp">19</SimpleData>
					<SimpleData name="eq_subpref">CAPELA DO SOCORRO</SimpleData>
					<SimpleData name="eq_regiao5">Sul</SimpleData>
					<SimpleData name="eq_regiao8">Sul 2</SimpleData>
					<SimpleData name="eq_ender">MARIA MOASSAB BARBOUR</SimpleData>
					<SimpleData name="eq_num">SN</SimpleData>
					<SimpleData name="eq_compend">RUA</SimpleData>
					<SimpleData name="eq_codcep">04849000</SimpleData>
					<SimpleData name="eq_fone1">1159765507</SimpleData>
					<SimpleData name="eq_fone2">1159765508</SimpleData>
					<SimpleData name="eq_email">EMEICEUNAVEGANTES@SME.PREFEITURA.SP.GOV.BR</SimpleData>
					<SimpleData name="eq_cd_dirt">10318</SimpleData>
					<SimpleData name="eq_diretor">SUL 3</SimpleData>
					<SimpleData name="eq_dre">CAPELA DO SOCORRO</SimpleData>
					<SimpleData name="eq_cd_zona">1</SimpleData>
					<SimpleData name="eq_zona">Urbana</SimpleData>
					<SimpleData name="eq_cd_mec">35057733</SimpleData>
					<SimpleData name="eq_esfera">MUNICIPAL</SimpleData>
					<SimpleData name="eq_cd_catg">1</SimpleData>
					<SimpleData name="eq_categor">ESCOLAS AUTONOMAS</SimpleData>
					<SimpleData name="eq_eol">35057733</SimpleData>
					<SimpleData name="eq_horario">07:00-19:00</SimpleData>
				</SchemaData>
			</ExtendedData>
			<Point>
				<coordinates>-46.660463295755,-23.7442252422062,0</coordinates>
			</Point>
		</Placemark>
		<Placemark id="kml_26">
			<name>kml_26</name>
			<snippet></snippet>
			<description><![CDATA[<center><table><tr><th colspan='2' align='center'><em>Attributes</em></th></tr><tr bgcolor="#E3E3F3">
<th>eq_id</th>
<td>2085</td>
</tr><tr bgcolor="">
<th>eq_nome</th>
<td>CEU CEI NAVEGANTES</td>
</tr><tr bgcolor="#E3E3F3">
<th>eq_enderec</th>
<td>MARIA MOASSAB BARBOUR SN</td>
</tr><tr bgcolor="">
<th>eq_bairro</th>
<td>CANTINHO DO CEU</td>
</tr><tr bgcolor="#E3E3F3">
<th>eq_cep</th>
<td>04849000</td>
</tr><tr bgcolor="">
<th>eq_tipo</th>
<td>CEU CEI</td>
</tr><tr bgcolor="#E3E3F3">
<th>eq_classe</th>
<td>CEU</td>
</tr><tr bgcolor="">
<th>eq_telefon</th>
<td>1159765517 / 1159765519</td>
</tr><tr bgcolor="#E3E3F3">
<th>eq_setor</th>
<td>355030830000293</td>
</tr><tr bgcolor="">
<th>eq_areap</th>
<td>3550308005304</td>
</tr><tr bgcolor="#E3E3F3">
<th>eq_cd_dist</th>
<td>30</td>
</tr><tr bgcolor="">
<th>eq_distr</th>
<td>GRAJAU</td>
</tr><tr bgcolor="#E3E3F3">
<th>eq_cd_subp</th>
<td>19</td>
</tr><tr bgcolor="">
<th>eq_subpref</th>
<td>CAPELA DO SOCORRO</td>
</tr><tr bgcolor="#E3E3F3">
<th>eq_regiao5</th>
<td>Sul</td>
</tr><tr bgcolor="">
<th>eq_regiao8</th>
<td>Sul 2</td>
</tr><tr bgcolor="#E3E3F3">
<th>eq_ender</th>
<td>MARIA MOASSAB BARBOUR</td>
</tr><tr bgcolor="">
<th>eq_num</th>
<td>SN</td>
</tr><tr bgcolor="#E3E3F3">
<th>eq_compend</th>
<td>RUA</td>
</tr><tr bgcolor="">
<th>eq_codcep</th>
<td>04849000</td>
</tr><tr bgcolor="#E3E3F3">
<th>eq_fone1</th>
<td>1159765517</td>
</tr><tr bgcolor="">
<th>eq_fone2</th>
<td>1159765519</td>
</tr><tr bgcolor="#E3E3F3">
<th>eq_email</th>
<td>CEICEUNAVEGANTES@SME.PREFEITURA.SP.GOV.BR</td>
</tr><tr bgcolor="">
<th>eq_cd_dirt</th>
<td>10318</td>
</tr><tr bgcolor="#E3E3F3">
<th>eq_diretor</th>
<td>SUL 3</td>
</tr><tr bgcolor="">
<th>eq_dre</th>
<td>CAPELA DO SOCORRO</td>
</tr><tr bgcolor="#E3E3F3">
<th>eq_cd_zona</th>
<td>1</td>
</tr><tr bgcolor="">
<th>eq_zona</th>
<td>Urbana</td>
</tr><tr bgcolor="#E3E3F3">
<th>eq_cd_mec</th>
<td>35057812</td>
</tr><tr bgcolor="">
<th>eq_esfera</th>
<td>MUNICIPAL</td>
</tr><tr bgcolor="#E3E3F3">
<th>eq_cd_catg</th>
<td>1</td>
</tr><tr bgcolor="">
<th>eq_categor</th>
<td>ESCOLAS AUTONOMAS</td>
</tr><tr bgcolor="#E3E3F3">
<th>eq_eol</th>
<td>35057812</td>
</tr><tr bgcolor="">
<th>eq_horario</th>
<td>07:00-19:00</td>
</tr></table></center>]]></description>
			<styleUrl>#m_ylw-pushpin</styleUrl>
			<ExtendedData>
				<SchemaData schemaUrl="#kml_schema_ft_LL_WGS84_KMZ_TEMA_EDUCACAO_CEU">
					<SimpleData name="eq_id">2085</SimpleData>
					<SimpleData name="eq_nome">CEU CEI NAVEGANTES</SimpleData>
					<SimpleData name="eq_enderec">MARIA MOASSAB BARBOUR SN</SimpleData>
					<SimpleData name="eq_bairro">CANTINHO DO CEU</SimpleData>
					<SimpleData name="eq_cep">04849000</SimpleData>
					<SimpleData name="eq_tipo">CEU CEI</SimpleData>
					<SimpleData name="eq_classe">CEU</SimpleData>
					<SimpleData name="eq_telefon">1159765517 / 1159765519</SimpleData>
					<SimpleData name="eq_setor">355030830000293</SimpleData>
					<SimpleData name="eq_areap">3550308005304</SimpleData>
					<SimpleData name="eq_cd_dist">30</SimpleData>
					<SimpleData name="eq_distr">GRAJAU</SimpleData>
					<SimpleData name="eq_cd_subp">19</SimpleData>
					<SimpleData name="eq_subpref">CAPELA DO SOCORRO</SimpleData>
					<SimpleData name="eq_regiao5">Sul</SimpleData>
					<SimpleData name="eq_regiao8">Sul 2</SimpleData>
					<SimpleData name="eq_ender">MARIA MOASSAB BARBOUR</SimpleData>
					<SimpleData name="eq_num">SN</SimpleData>
					<SimpleData name="eq_compend">RUA</SimpleData>
					<SimpleData name="eq_codcep">04849000</SimpleData>
					<SimpleData name="eq_fone1">1159765517</SimpleData>
					<SimpleData name="eq_fone2">1159765519</SimpleData>
					<SimpleData name="eq_email">CEICEUNAVEGANTES@SME.PREFEITURA.SP.GOV.BR</SimpleData>
					<SimpleData name="eq_cd_dirt">10318</SimpleData>
					<SimpleData name="eq_diretor">SUL 3</SimpleData>
					<SimpleData name="eq_dre">CAPELA DO SOCORRO</SimpleData>
					<SimpleData name="eq_cd_zona">1</SimpleData>
					<SimpleData name="eq_zona">Urbana</SimpleData>
					<SimpleData name="eq_cd_mec">35057812</SimpleData>
					<SimpleData name="eq_esfera">MUNICIPAL</SimpleData>
					<SimpleData name="eq_cd_catg">1</SimpleData>
					<SimpleData name="eq_categor">ESCOLAS AUTONOMAS</SimpleData>
					<SimpleData name="eq_eol">35057812</SimpleData>
					<SimpleData name="eq_horario">07:00-19:00</SimpleData>
				</SchemaData>
			</ExtendedData>
			<Point>
				<coordinates>-46.66049437734561,-23.7438372500083,0</coordinates>
			</Point>
		</Placemark>
		<Placemark id="kml_27">
			<name>kml_27</name>
			<snippet></snippet>
			<description><![CDATA[<center><table><tr><th colspan='2' align='center'><em>Attributes</em></th></tr><tr bgcolor="#E3E3F3">
<th>eq_id</th>
<td>2086</td>
</tr><tr bgcolor="">
<th>eq_nome</th>
<td>CEU EMEF PARQUE SAO CARLOS</td>
</tr><tr bgcolor="#E3E3F3">
<th>eq_enderec</th>
<td>CLAREAR 141</td>
</tr><tr bgcolor="">
<th>eq_bairro</th>
<td>JARDIM SAO CARLOS ZONA LESTE</td>
</tr><tr bgcolor="#E3E3F3">
<th>eq_cep</th>
<td>08062000</td>
</tr><tr bgcolor="">
<th>eq_tipo</th>
<td>CEU EMEF</td>
</tr><tr bgcolor="#E3E3F3">
<th>eq_classe</th>
<td>CEU</td>
</tr><tr bgcolor="">
<th>eq_telefon</th>
<td>1120454218 / </td>
</tr><tr bgcolor="#E3E3F3">
<th>eq_setor</th>
<td>355030887000129</td>
</tr><tr bgcolor="">
<th>eq_areap</th>
<td>3550308005195</td>
</tr><tr bgcolor="#E3E3F3">
<th>eq_cd_dist</th>
<td>87</td>
</tr><tr bgcolor="">
<th>eq_distr</th>
<td>VILA JACUI</td>
</tr><tr bgcolor="#E3E3F3">
<th>eq_cd_subp</th>
<td>23</td>
</tr><tr bgcolor="">
<th>eq_subpref</th>
<td>SAO MIGUEL</td>
</tr><tr bgcolor="#E3E3F3">
<th>eq_regiao5</th>
<td>Leste</td>
</tr><tr bgcolor="">
<th>eq_regiao8</th>
<td>Leste 2</td>
</tr><tr bgcolor="#E3E3F3">
<th>eq_ender</th>
<td>CLAREAR</td>
</tr><tr bgcolor="">
<th>eq_num</th>
<td>141</td>
</tr><tr bgcolor="#E3E3F3">
<th>eq_compend</th>
<td>RUA</td>
</tr><tr bgcolor="">
<th>eq_codcep</th>
<td>08062000</td>
</tr><tr bgcolor="#E3E3F3">
<th>eq_fone1</th>
<td>1120454218</td>
</tr><tr bgcolor="">
<th>eq_fone2</th>
<td></td>
</tr><tr bgcolor="#E3E3F3">
<th>eq_email</th>
<td>EMEFCEUPQSCARLOS@SME.PREFEITURA.SP.GOV.BR</td>
</tr><tr bgcolor="">
<th>eq_cd_dirt</th>
<td>10207</td>
</tr><tr bgcolor="#E3E3F3">
<th>eq_diretor</th>
<td>LESTE 1</td>
</tr><tr bgcolor="">
<th>eq_dre</th>
<td>SAO MIGUEL</td>
</tr><tr bgcolor="#E3E3F3">
<th>eq_cd_zona</th>
<td>1</td>
</tr><tr bgcolor="">
<th>eq_zona</th>
<td>Urbana</td>
</tr><tr bgcolor="#E3E3F3">
<th>eq_cd_mec</th>
<td>35057836</td>
</tr><tr bgcolor="">
<th>eq_esfera</th>
<td>MUNICIPAL</td>
</tr><tr bgcolor="#E3E3F3">
<th>eq_cd_catg</th>
<td>1</td>
</tr><tr bgcolor="">
<th>eq_categor</th>
<td>ESCOLAS AUTONOMAS</td>
</tr><tr bgcolor="#E3E3F3">
<th>eq_eol</th>
<td>35057836</td>
</tr><tr bgcolor="">
<th>eq_horario</th>
<td>07:00-18:30</td>
</tr></table></center>]]></description>
			<styleUrl>#m_ylw-pushpin</styleUrl>
			<ExtendedData>
				<SchemaData schemaUrl="#kml_schema_ft_LL_WGS84_KMZ_TEMA_EDUCACAO_CEU">
					<SimpleData name="eq_id">2086</SimpleData>
					<SimpleData name="eq_nome">CEU EMEF PARQUE SAO CARLOS</SimpleData>
					<SimpleData name="eq_enderec">CLAREAR 141</SimpleData>
					<SimpleData name="eq_bairro">JARDIM SAO CARLOS ZONA LESTE</SimpleData>
					<SimpleData name="eq_cep">08062000</SimpleData>
					<SimpleData name="eq_tipo">CEU EMEF</SimpleData>
					<SimpleData name="eq_classe">CEU</SimpleData>
					<SimpleData name="eq_telefon">1120454218 /</SimpleData>
					<SimpleData name="eq_setor">355030887000129</SimpleData>
					<SimpleData name="eq_areap">3550308005195</SimpleData>
					<SimpleData name="eq_cd_dist">87</SimpleData>
					<SimpleData name="eq_distr">VILA JACUI</SimpleData>
					<SimpleData name="eq_cd_subp">23</SimpleData>
					<SimpleData name="eq_subpref">SAO MIGUEL</SimpleData>
					<SimpleData name="eq_regiao5">Leste</SimpleData>
					<SimpleData name="eq_regiao8">Leste 2</SimpleData>
					<SimpleData name="eq_ender">CLAREAR</SimpleData>
					<SimpleData name="eq_num">141</SimpleData>
					<SimpleData name="eq_compend">RUA</SimpleData>
					<SimpleData name="eq_codcep">08062000</SimpleData>
					<SimpleData name="eq_fone1">1120454218</SimpleData>
					<SimpleData name="eq_email">EMEFCEUPQSCARLOS@SME.PREFEITURA.SP.GOV.BR</SimpleData>
					<SimpleData name="eq_cd_dirt">10207</SimpleData>
					<SimpleData name="eq_diretor">LESTE 1</SimpleData>
					<SimpleData name="eq_dre">SAO MIGUEL</SimpleData>
					<SimpleData name="eq_cd_zona">1</SimpleData>
					<SimpleData name="eq_zona">Urbana</SimpleData>
					<SimpleData name="eq_cd_mec">35057836</SimpleData>
					<SimpleData name="eq_esfera">MUNICIPAL</SimpleData>
					<SimpleData name="eq_cd_catg">1</SimpleData>
					<SimpleData name="eq_categor">ESCOLAS AUTONOMAS</SimpleData>
					<SimpleData name="eq_eol">35057836</SimpleData>
					<SimpleData name="eq_horario">07:00-18:30</SimpleData>
				</SchemaData>
			</ExtendedData>
			<Point>
				<coordinates>-46.4734319630079,-23.5099517090652,0</coordinates>
			</Point>
		</Placemark>
		<Placemark id="kml_28">
			<name>kml_28</name>
			<snippet></snippet>
			<description><![CDATA[<center><table><tr><th colspan='2' align='center'><em>Attributes</em></th></tr><tr bgcolor="#E3E3F3">
<th>eq_id</th>
<td>2087</td>
</tr><tr bgcolor="">
<th>eq_nome</th>
<td>CEU CEI PARQUE SAO CARLOS</td>
</tr><tr bgcolor="#E3E3F3">
<th>eq_enderec</th>
<td>CLAREAR 141</td>
</tr><tr bgcolor="">
<th>eq_bairro</th>
<td>JARDIM SAO CARLOS ZONA LESTE</td>
</tr><tr bgcolor="#E3E3F3">
<th>eq_cep</th>
<td>08062000</td>
</tr><tr bgcolor="">
<th>eq_tipo</th>
<td>CEU CEI</td>
</tr><tr bgcolor="#E3E3F3">
<th>eq_classe</th>
<td>CEU</td>
</tr><tr bgcolor="">
<th>eq_telefon</th>
<td>1120454236 / </td>
</tr><tr bgcolor="#E3E3F3">
<th>eq_setor</th>
<td>355030887000129</td>
</tr><tr bgcolor="">
<th>eq_areap</th>
<td>3550308005195</td>
</tr><tr bgcolor="#E3E3F3">
<th>eq_cd_dist</th>
<td>87</td>
</tr><tr bgcolor="">
<th>eq_distr</th>
<td>VILA JACUI</td>
</tr><tr bgcolor="#E3E3F3">
<th>eq_cd_subp</th>
<td>23</td>
</tr><tr bgcolor="">
<th>eq_subpref</th>
<td>SAO MIGUEL</td>
</tr><tr bgcolor="#E3E3F3">
<th>eq_regiao5</th>
<td>Leste</td>
</tr><tr bgcolor="">
<th>eq_regiao8</th>
<td>Leste 2</td>
</tr><tr bgcolor="#E3E3F3">
<th>eq_ender</th>
<td>CLAREAR</td>
</tr><tr bgcolor="">
<th>eq_num</th>
<td>141</td>
</tr><tr bgcolor="#E3E3F3">
<th>eq_compend</th>
<td>RUA</td>
</tr><tr bgcolor="">
<th>eq_codcep</th>
<td>08062000</td>
</tr><tr bgcolor="#E3E3F3">
<th>eq_fone1</th>
<td>1120454236</td>
</tr><tr bgcolor="">
<th>eq_fone2</th>
<td></td>
</tr><tr bgcolor="#E3E3F3">
<th>eq_email</th>
<td></td>
</tr><tr bgcolor="">
<th>eq_cd_dirt</th>
<td>10207</td>
</tr><tr bgcolor="#E3E3F3">
<th>eq_diretor</th>
<td>LESTE 1</td>
</tr><tr bgcolor="">
<th>eq_dre</th>
<td>SAO MIGUEL</td>
</tr><tr bgcolor="#E3E3F3">
<th>eq_cd_zona</th>
<td>1</td>
</tr><tr bgcolor="">
<th>eq_zona</th>
<td>Urbana</td>
</tr><tr bgcolor="#E3E3F3">
<th>eq_cd_mec</th>
<td>35057873</td>
</tr><tr bgcolor="">
<th>eq_esfera</th>
<td>MUNICIPAL</td>
</tr><tr bgcolor="#E3E3F3">
<th>eq_cd_catg</th>
<td>1</td>
</tr><tr bgcolor="">
<th>eq_categor</th>
<td>ESCOLAS AUTONOMAS</td>
</tr><tr bgcolor="#E3E3F3">
<th>eq_eol</th>
<td>35057873</td>
</tr><tr bgcolor="">
<th>eq_horario</th>
<td>07:00-18:00</td>
</tr></table></center>]]></description>
			<styleUrl>#m_ylw-pushpin</styleUrl>
			<ExtendedData>
				<SchemaData schemaUrl="#kml_schema_ft_LL_WGS84_KMZ_TEMA_EDUCACAO_CEU">
					<SimpleData name="eq_id">2087</SimpleData>
					<SimpleData name="eq_nome">CEU CEI PARQUE SAO CARLOS</SimpleData>
					<SimpleData name="eq_enderec">CLAREAR 141</SimpleData>
					<SimpleData name="eq_bairro">JARDIM SAO CARLOS ZONA LESTE</SimpleData>
					<SimpleData name="eq_cep">08062000</SimpleData>
					<SimpleData name="eq_tipo">CEU CEI</SimpleData>
					<SimpleData name="eq_classe">CEU</SimpleData>
					<SimpleData name="eq_telefon">1120454236 /</SimpleData>
					<SimpleData name="eq_setor">355030887000129</SimpleData>
					<SimpleData name="eq_areap">3550308005195</SimpleData>
					<SimpleData name="eq_cd_dist">87</SimpleData>
					<SimpleData name="eq_distr">VILA JACUI</SimpleData>
					<SimpleData name="eq_cd_subp">23</SimpleData>
					<SimpleData name="eq_subpref">SAO MIGUEL</SimpleData>
					<SimpleData name="eq_regiao5">Leste</SimpleData>
					<SimpleData name="eq_regiao8">Leste 2</SimpleData>
					<SimpleData name="eq_ender">CLAREAR</SimpleData>
					<SimpleData name="eq_num">141</SimpleData>
					<SimpleData name="eq_compend">RUA</SimpleData>
					<SimpleData name="eq_codcep">08062000</SimpleData>
					<SimpleData name="eq_fone1">1120454236</SimpleData>
					<SimpleData name="eq_cd_dirt">10207</SimpleData>
					<SimpleData name="eq_diretor">LESTE 1</SimpleData>
					<SimpleData name="eq_dre">SAO MIGUEL</SimpleData>
					<SimpleData name="eq_cd_zona">1</SimpleData>
					<SimpleData name="eq_zona">Urbana</SimpleData>
					<SimpleData name="eq_cd_mec">35057873</SimpleData>
					<SimpleData name="eq_esfera">MUNICIPAL</SimpleData>
					<SimpleData name="eq_cd_catg">1</SimpleData>
					<SimpleData name="eq_categor">ESCOLAS AUTONOMAS</SimpleData>
					<SimpleData name="eq_eol">35057873</SimpleData>
					<SimpleData name="eq_horario">07:00-18:00</SimpleData>
				</SchemaData>
			</ExtendedData>
			<Point>
				<coordinates>-46.4737709525801,-23.5098867303349,0</coordinates>
			</Point>
		</Placemark>
		<Placemark id="kml_29">
			<name>kml_29</name>
			<snippet></snippet>
			<description><![CDATA[<center><table><tr><th colspan='2' align='center'><em>Attributes</em></th></tr><tr bgcolor="#E3E3F3">
<th>eq_id</th>
<td>2088</td>
</tr><tr bgcolor="">
<th>eq_nome</th>
<td>CEU EMEI ANTON MAKARENKO</td>
</tr><tr bgcolor="#E3E3F3">
<th>eq_enderec</th>
<td>DANIEL MULLER 347</td>
</tr><tr bgcolor="">
<th>eq_bairro</th>
<td>CHACARA DONA OLIVIA</td>
</tr><tr bgcolor="#E3E3F3">
<th>eq_cep</th>
<td>08141000</td>
</tr><tr bgcolor="">
<th>eq_tipo</th>
<td>CEU EMEI</td>
</tr><tr bgcolor="#E3E3F3">
<th>eq_classe</th>
<td>CEU</td>
</tr><tr bgcolor="">
<th>eq_telefon</th>
<td>1125636221 / 1125636224</td>
</tr><tr bgcolor="#E3E3F3">
<th>eq_setor</th>
<td>355030836000285</td>
</tr><tr bgcolor="">
<th>eq_areap</th>
<td>3550308005254</td>
</tr><tr bgcolor="#E3E3F3">
<th>eq_cd_dist</th>
<td>36</td>
</tr><tr bgcolor="">
<th>eq_distr</th>
<td>ITAIM PAULISTA</td>
</tr><tr bgcolor="#E3E3F3">
<th>eq_cd_subp</th>
<td>24</td>
</tr><tr bgcolor="">
<th>eq_subpref</th>
<td>ITAIM PAULISTA</td>
</tr><tr bgcolor="#E3E3F3">
<th>eq_regiao5</th>
<td>Leste</td>
</tr><tr bgcolor="">
<th>eq_regiao8</th>
<td>Leste 2</td>
</tr><tr bgcolor="#E3E3F3">
<th>eq_ender</th>
<td>DANIEL MULLER</td>
</tr><tr bgcolor="">
<th>eq_num</th>
<td>347</td>
</tr><tr bgcolor="#E3E3F3">
<th>eq_compend</th>
<td>RUA</td>
</tr><tr bgcolor="">
<th>eq_codcep</th>
<td>08141000</td>
</tr><tr bgcolor="#E3E3F3">
<th>eq_fone1</th>
<td>1125636221</td>
</tr><tr bgcolor="">
<th>eq_fone2</th>
<td>1125636224</td>
</tr><tr bgcolor="#E3E3F3">
<th>eq_email</th>
<td></td>
</tr><tr bgcolor="">
<th>eq_cd_dirt</th>
<td>10210</td>
</tr><tr bgcolor="#E3E3F3">
<th>eq_diretor</th>
<td>LESTE 2</td>
</tr><tr bgcolor="">
<th>eq_dre</th>
<td>SAO MIGUEL</td>
</tr><tr bgcolor="#E3E3F3">
<th>eq_cd_zona</th>
<td>1</td>
</tr><tr bgcolor="">
<th>eq_zona</th>
<td>Urbana</td>
</tr><tr bgcolor="#E3E3F3">
<th>eq_cd_mec</th>
<td>35057903</td>
</tr><tr bgcolor="">
<th>eq_esfera</th>
<td>MUNICIPAL</td>
</tr><tr bgcolor="#E3E3F3">
<th>eq_cd_catg</th>
<td>1</td>
</tr><tr bgcolor="">
<th>eq_categor</th>
<td>ESCOLAS AUTONOMAS</td>
</tr><tr bgcolor="#E3E3F3">
<th>eq_eol</th>
<td>35057903</td>
</tr><tr bgcolor="">
<th>eq_horario</th>
<td>07:00-19:00</td>
</tr></table></center>]]></description>
			<styleUrl>#m_ylw-pushpin</styleUrl>
			<ExtendedData>
				<SchemaData schemaUrl="#kml_schema_ft_LL_WGS84_KMZ_TEMA_EDUCACAO_CEU">
					<SimpleData name="eq_id">2088</SimpleData>
					<SimpleData name="eq_nome">CEU EMEI ANTON MAKARENKO</SimpleData>
					<SimpleData name="eq_enderec">DANIEL MULLER 347</SimpleData>
					<SimpleData name="eq_bairro">CHACARA DONA OLIVIA</SimpleData>
					<SimpleData name="eq_cep">08141000</SimpleData>
					<SimpleData name="eq_tipo">CEU EMEI</SimpleData>
					<SimpleData name="eq_classe">CEU</SimpleData>
					<SimpleData name="eq_telefon">1125636221 / 1125636224</SimpleData>
					<SimpleData name="eq_setor">355030836000285</SimpleData>
					<SimpleData name="eq_areap">3550308005254</SimpleData>
					<SimpleData name="eq_cd_dist">36</SimpleData>
					<SimpleData name="eq_distr">ITAIM PAULISTA</SimpleData>
					<SimpleData name="eq_cd_subp">24</SimpleData>
					<SimpleData name="eq_subpref">ITAIM PAULISTA</SimpleData>
					<SimpleData name="eq_regiao5">Leste</SimpleData>
					<SimpleData name="eq_regiao8">Leste 2</SimpleData>
					<SimpleData name="eq_ender">DANIEL MULLER</SimpleData>
					<SimpleData name="eq_num">347</SimpleData>
					<SimpleData name="eq_compend">RUA</SimpleData>
					<SimpleData name="eq_codcep">08141000</SimpleData>
					<SimpleData name="eq_fone1">1125636221</SimpleData>
					<SimpleData name="eq_fone2">1125636224</SimpleData>
					<SimpleData name="eq_cd_dirt">10210</SimpleData>
					<SimpleData name="eq_diretor">LESTE 2</SimpleData>
					<SimpleData name="eq_dre">SAO MIGUEL</SimpleData>
					<SimpleData name="eq_cd_zona">1</SimpleData>
					<SimpleData name="eq_zona">Urbana</SimpleData>
					<SimpleData name="eq_cd_mec">35057903</SimpleData>
					<SimpleData name="eq_esfera">MUNICIPAL</SimpleData>
					<SimpleData name="eq_cd_catg">1</SimpleData>
					<SimpleData name="eq_categor">ESCOLAS AUTONOMAS</SimpleData>
					<SimpleData name="eq_eol">35057903</SimpleData>
					<SimpleData name="eq_horario">07:00-19:00</SimpleData>
				</SchemaData>
			</ExtendedData>
			<Point>
				<coordinates>-46.3897842311321,-23.5135089840373,0</coordinates>
			</Point>
		</Placemark>
		<Placemark id="kml_30">
			<name>kml_30</name>
			<snippet></snippet>
			<description><![CDATA[<center><table><tr><th colspan='2' align='center'><em>Attributes</em></th></tr><tr bgcolor="#E3E3F3">
<th>eq_id</th>
<td>2089</td>
</tr><tr bgcolor="">
<th>eq_nome</th>
<td>CEU CEI PARQUE VEREDAS</td>
</tr><tr bgcolor="#E3E3F3">
<th>eq_enderec</th>
<td>DANIEL MULLER 347</td>
</tr><tr bgcolor="">
<th>eq_bairro</th>
<td>CHACARA DONA OLIVIA</td>
</tr><tr bgcolor="#E3E3F3">
<th>eq_cep</th>
<td>08141000</td>
</tr><tr bgcolor="">
<th>eq_tipo</th>
<td>CEU CEI</td>
</tr><tr bgcolor="#E3E3F3">
<th>eq_classe</th>
<td>CEU</td>
</tr><tr bgcolor="">
<th>eq_telefon</th>
<td>1125636215 / 1125636216</td>
</tr><tr bgcolor="#E3E3F3">
<th>eq_setor</th>
<td>355030836000285</td>
</tr><tr bgcolor="">
<th>eq_areap</th>
<td>3550308005254</td>
</tr><tr bgcolor="#E3E3F3">
<th>eq_cd_dist</th>
<td>36</td>
</tr><tr bgcolor="">
<th>eq_distr</th>
<td>ITAIM PAULISTA</td>
</tr><tr bgcolor="#E3E3F3">
<th>eq_cd_subp</th>
<td>24</td>
</tr><tr bgcolor="">
<th>eq_subpref</th>
<td>ITAIM PAULISTA</td>
</tr><tr bgcolor="#E3E3F3">
<th>eq_regiao5</th>
<td>Leste</td>
</tr><tr bgcolor="">
<th>eq_regiao8</th>
<td>Leste 2</td>
</tr><tr bgcolor="#E3E3F3">
<th>eq_ender</th>
<td>DANIEL MULLER</td>
</tr><tr bgcolor="">
<th>eq_num</th>
<td>347</td>
</tr><tr bgcolor="#E3E3F3">
<th>eq_compend</th>
<td>RUA</td>
</tr><tr bgcolor="">
<th>eq_codcep</th>
<td>08141000</td>
</tr><tr bgcolor="#E3E3F3">
<th>eq_fone1</th>
<td>1125636215</td>
</tr><tr bgcolor="">
<th>eq_fone2</th>
<td>1125636216</td>
</tr><tr bgcolor="#E3E3F3">
<th>eq_email</th>
<td></td>
</tr><tr bgcolor="">
<th>eq_cd_dirt</th>
<td>10210</td>
</tr><tr bgcolor="#E3E3F3">
<th>eq_diretor</th>
<td>LESTE 2</td>
</tr><tr bgcolor="">
<th>eq_dre</th>
<td>SAO MIGUEL</td>
</tr><tr bgcolor="#E3E3F3">
<th>eq_cd_zona</th>
<td>1</td>
</tr><tr bgcolor="">
<th>eq_zona</th>
<td>Urbana</td>
</tr><tr bgcolor="#E3E3F3">
<th>eq_cd_mec</th>
<td>35057915</td>
</tr><tr bgcolor="">
<th>eq_esfera</th>
<td>MUNICIPAL</td>
</tr><tr bgcolor="#E3E3F3">
<th>eq_cd_catg</th>
<td>1</td>
</tr><tr bgcolor="">
<th>eq_categor</th>
<td>ESCOLAS AUTONOMAS</td>
</tr><tr bgcolor="#E3E3F3">
<th>eq_eol</th>
<td>35057915</td>
</tr><tr bgcolor="">
<th>eq_horario</th>
<td>07:00-19:00</td>
</tr></table></center>]]></description>
			<styleUrl>#m_ylw-pushpin</styleUrl>
			<ExtendedData>
				<SchemaData schemaUrl="#kml_schema_ft_LL_WGS84_KMZ_TEMA_EDUCACAO_CEU">
					<SimpleData name="eq_id">2089</SimpleData>
					<SimpleData name="eq_nome">CEU CEI PARQUE VEREDAS</SimpleData>
					<SimpleData name="eq_enderec">DANIEL MULLER 347</SimpleData>
					<SimpleData name="eq_bairro">CHACARA DONA OLIVIA</SimpleData>
					<SimpleData name="eq_cep">08141000</SimpleData>
					<SimpleData name="eq_tipo">CEU CEI</SimpleData>
					<SimpleData name="eq_classe">CEU</SimpleData>
					<SimpleData name="eq_telefon">1125636215 / 1125636216</SimpleData>
					<SimpleData name="eq_setor">355030836000285</SimpleData>
					<SimpleData name="eq_areap">3550308005254</SimpleData>
					<SimpleData name="eq_cd_dist">36</SimpleData>
					<SimpleData name="eq_distr">ITAIM PAULISTA</SimpleData>
					<SimpleData name="eq_cd_subp">24</SimpleData>
					<SimpleData name="eq_subpref">ITAIM PAULISTA</SimpleData>
					<SimpleData name="eq_regiao5">Leste</SimpleData>
					<SimpleData name="eq_regiao8">Leste 2</SimpleData>
					<SimpleData name="eq_ender">DANIEL MULLER</SimpleData>
					<SimpleData name="eq_num">347</SimpleData>
					<SimpleData name="eq_compend">RUA</SimpleData>
					<SimpleData name="eq_codcep">08141000</SimpleData>
					<SimpleData name="eq_fone1">1125636215</SimpleData>
					<SimpleData name="eq_fone2">1125636216</SimpleData>
					<SimpleData name="eq_cd_dirt">10210</SimpleData>
					<SimpleData name="eq_diretor">LESTE 2</SimpleData>
					<SimpleData name="eq_dre">SAO MIGUEL</SimpleData>
					<SimpleData name="eq_cd_zona">1</SimpleData>
					<SimpleData name="eq_zona">Urbana</SimpleData>
					<SimpleData name="eq_cd_mec">35057915</SimpleData>
					<SimpleData name="eq_esfera">MUNICIPAL</SimpleData>
					<SimpleData name="eq_cd_catg">1</SimpleData>
					<SimpleData name="eq_categor">ESCOLAS AUTONOMAS</SimpleData>
					<SimpleData name="eq_eol">35057915</SimpleData>
					<SimpleData name="eq_horario">07:00-19:00</SimpleData>
				</SchemaData>
			</ExtendedData>
			<Point>
				<coordinates>-46.3895502937615,-23.51367001816,0</coordinates>
			</Point>
		</Placemark>
		<Placemark id="kml_31">
			<name>kml_31</name>
			<snippet></snippet>
			<description><![CDATA[<center><table><tr><th colspan='2' align='center'><em>Attributes</em></th></tr><tr bgcolor="#E3E3F3">
<th>eq_id</th>
<td>2090</td>
</tr><tr bgcolor="">
<th>eq_nome</th>
<td>CEU EMEF PERA MARMELO</td>
</tr><tr bgcolor="#E3E3F3">
<th>eq_enderec</th>
<td>PERAMARMELO 226</td>
</tr><tr bgcolor="">
<th>eq_bairro</th>
<td>JARDIM SANTA LUCRECIA</td>
</tr><tr bgcolor="#E3E3F3">
<th>eq_cep</th>
<td>05185000</td>
</tr><tr bgcolor="">
<th>eq_tipo</th>
<td>CEU EMEF</td>
</tr><tr bgcolor="#E3E3F3">
<th>eq_classe</th>
<td>CEU</td>
</tr><tr bgcolor="">
<th>eq_telefon</th>
<td>1139483947 / 1139483950</td>
</tr><tr bgcolor="#E3E3F3">
<th>eq_setor</th>
<td>355030842000151</td>
</tr><tr bgcolor="">
<th>eq_areap</th>
<td>3550308005185</td>
</tr><tr bgcolor="#E3E3F3">
<th>eq_cd_dist</th>
<td>42</td>
</tr><tr bgcolor="">
<th>eq_distr</th>
<td>JARAGUA</td>
</tr><tr bgcolor="#E3E3F3">
<th>eq_cd_subp</th>
<td>2</td>
</tr><tr bgcolor="">
<th>eq_subpref</th>
<td>PIRITUBA-JARAGUA</td>
</tr><tr bgcolor="#E3E3F3">
<th>eq_regiao5</th>
<td>Norte</td>
</tr><tr bgcolor="">
<th>eq_regiao8</th>
<td>Norte 2</td>
</tr><tr bgcolor="#E3E3F3">
<th>eq_ender</th>
<td>PERAMARMELO</td>
</tr><tr bgcolor="">
<th>eq_num</th>
<td>226</td>
</tr><tr bgcolor="#E3E3F3">
<th>eq_compend</th>
<td>RUA</td>
</tr><tr bgcolor="">
<th>eq_codcep</th>
<td>05185000</td>
</tr><tr bgcolor="#E3E3F3">
<th>eq_fone1</th>
<td>1139483947</td>
</tr><tr bgcolor="">
<th>eq_fone2</th>
<td>1139483950</td>
</tr><tr bgcolor="#E3E3F3">
<th>eq_email</th>
<td>EMEFCEUPERAMARMELO@SME.PREFEITURA.SP.GOV.BR</td>
</tr><tr bgcolor="">
<th>eq_cd_dirt</th>
<td>10101</td>
</tr><tr bgcolor="#E3E3F3">
<th>eq_diretor</th>
<td>NORTE 1</td>
</tr><tr bgcolor="">
<th>eq_dre</th>
<td>PIRITUBA</td>
</tr><tr bgcolor="#E3E3F3">
<th>eq_cd_zona</th>
<td>1</td>
</tr><tr bgcolor="">
<th>eq_zona</th>
<td>Urbana</td>
</tr><tr bgcolor="#E3E3F3">
<th>eq_cd_mec</th>
<td>35058002</td>
</tr><tr bgcolor="">
<th>eq_esfera</th>
<td>MUNICIPAL</td>
</tr><tr bgcolor="#E3E3F3">
<th>eq_cd_catg</th>
<td>1</td>
</tr><tr bgcolor="">
<th>eq_categor</th>
<td>ESCOLAS AUTONOMAS</td>
</tr><tr bgcolor="#E3E3F3">
<th>eq_eol</th>
<td>35058002</td>
</tr><tr bgcolor="">
<th>eq_horario</th>
<td>07:00-23:00</td>
</tr></table></center>]]></description>
			<styleUrl>#m_ylw-pushpin</styleUrl>
			<ExtendedData>
				<SchemaData schemaUrl="#kml_schema_ft_LL_WGS84_KMZ_TEMA_EDUCACAO_CEU">
					<SimpleData name="eq_id">2090</SimpleData>
					<SimpleData name="eq_nome">CEU EMEF PERA MARMELO</SimpleData>
					<SimpleData name="eq_enderec">PERAMARMELO 226</SimpleData>
					<SimpleData name="eq_bairro">JARDIM SANTA LUCRECIA</SimpleData>
					<SimpleData name="eq_cep">05185000</SimpleData>
					<SimpleData name="eq_tipo">CEU EMEF</SimpleData>
					<SimpleData name="eq_classe">CEU</SimpleData>
					<SimpleData name="eq_telefon">1139483947 / 1139483950</SimpleData>
					<SimpleData name="eq_setor">355030842000151</SimpleData>
					<SimpleData name="eq_areap">3550308005185</SimpleData>
					<SimpleData name="eq_cd_dist">42</SimpleData>
					<SimpleData name="eq_distr">JARAGUA</SimpleData>
					<SimpleData name="eq_cd_subp">2</SimpleData>
					<SimpleData name="eq_subpref">PIRITUBA-JARAGUA</SimpleData>
					<SimpleData name="eq_regiao5">Norte</SimpleData>
					<SimpleData name="eq_regiao8">Norte 2</SimpleData>
					<SimpleData name="eq_ender">PERAMARMELO</SimpleData>
					<SimpleData name="eq_num">226</SimpleData>
					<SimpleData name="eq_compend">RUA</SimpleData>
					<SimpleData name="eq_codcep">05185000</SimpleData>
					<SimpleData name="eq_fone1">1139483947</SimpleData>
					<SimpleData name="eq_fone2">1139483950</SimpleData>
					<SimpleData name="eq_email">EMEFCEUPERAMARMELO@SME.PREFEITURA.SP.GOV.BR</SimpleData>
					<SimpleData name="eq_cd_dirt">10101</SimpleData>
					<SimpleData name="eq_diretor">NORTE 1</SimpleData>
					<SimpleData name="eq_dre">PIRITUBA</SimpleData>
					<SimpleData name="eq_cd_zona">1</SimpleData>
					<SimpleData name="eq_zona">Urbana</SimpleData>
					<SimpleData name="eq_cd_mec">35058002</SimpleData>
					<SimpleData name="eq_esfera">MUNICIPAL</SimpleData>
					<SimpleData name="eq_cd_catg">1</SimpleData>
					<SimpleData name="eq_categor">ESCOLAS AUTONOMAS</SimpleData>
					<SimpleData name="eq_eol">35058002</SimpleData>
					<SimpleData name="eq_horario">07:00-23:00</SimpleData>
				</SchemaData>
			</ExtendedData>
			<Point>
				<coordinates>-46.7508420291626,-23.4366675622423,0</coordinates>
			</Point>
		</Placemark>
		<Placemark id="kml_32">
			<name>kml_32</name>
			<snippet></snippet>
			<description><![CDATA[<center><table><tr><th colspan='2' align='center'><em>Attributes</em></th></tr><tr bgcolor="#E3E3F3">
<th>eq_id</th>
<td>2091</td>
</tr><tr bgcolor="">
<th>eq_nome</th>
<td>CEU EMEI PERA MARMELO</td>
</tr><tr bgcolor="#E3E3F3">
<th>eq_enderec</th>
<td>PERAMARMELO 226</td>
</tr><tr bgcolor="">
<th>eq_bairro</th>
<td>JARDIM SANTA LUCRECIA</td>
</tr><tr bgcolor="#E3E3F3">
<th>eq_cep</th>
<td>05185000</td>
</tr><tr bgcolor="">
<th>eq_tipo</th>
<td>CEU EMEI</td>
</tr><tr bgcolor="#E3E3F3">
<th>eq_classe</th>
<td>CEU</td>
</tr><tr bgcolor="">
<th>eq_telefon</th>
<td>1139483921 / 1139483923</td>
</tr><tr bgcolor="#E3E3F3">
<th>eq_setor</th>
<td>355030842000151</td>
</tr><tr bgcolor="">
<th>eq_areap</th>
<td>3550308005185</td>
</tr><tr bgcolor="#E3E3F3">
<th>eq_cd_dist</th>
<td>42</td>
</tr><tr bgcolor="">
<th>eq_distr</th>
<td>JARAGUA</td>
</tr><tr bgcolor="#E3E3F3">
<th>eq_cd_subp</th>
<td>2</td>
</tr><tr bgcolor="">
<th>eq_subpref</th>
<td>PIRITUBA-JARAGUA</td>
</tr><tr bgcolor="#E3E3F3">
<th>eq_regiao5</th>
<td>Norte</td>
</tr><tr bgcolor="">
<th>eq_regiao8</th>
<td>Norte 2</td>
</tr><tr bgcolor="#E3E3F3">
<th>eq_ender</th>
<td>PERAMARMELO</td>
</tr><tr bgcolor="">
<th>eq_num</th>
<td>226</td>
</tr><tr bgcolor="#E3E3F3">
<th>eq_compend</th>
<td>RUA</td>
</tr><tr bgcolor="">
<th>eq_codcep</th>
<td>05185000</td>
</tr><tr bgcolor="#E3E3F3">
<th>eq_fone1</th>
<td>1139483921</td>
</tr><tr bgcolor="">
<th>eq_fone2</th>
<td>1139483923</td>
</tr><tr bgcolor="#E3E3F3">
<th>eq_email</th>
<td>EMEICEUPERAMARMELO@SME.PREFEITURA.SP.GOV.BR</td>
</tr><tr bgcolor="">
<th>eq_cd_dirt</th>
<td>10101</td>
</tr><tr bgcolor="#E3E3F3">
<th>eq_diretor</th>
<td>NORTE 1</td>
</tr><tr bgcolor="">
<th>eq_dre</th>
<td>PIRITUBA</td>
</tr><tr bgcolor="#E3E3F3">
<th>eq_cd_zona</th>
<td>1</td>
</tr><tr bgcolor="">
<th>eq_zona</th>
<td>Urbana</td>
</tr><tr bgcolor="#E3E3F3">
<th>eq_cd_mec</th>
<td>35058051</td>
</tr><tr bgcolor="">
<th>eq_esfera</th>
<td>MUNICIPAL</td>
</tr><tr bgcolor="#E3E3F3">
<th>eq_cd_catg</th>
<td>1</td>
</tr><tr bgcolor="">
<th>eq_categor</th>
<td>ESCOLAS AUTONOMAS</td>
</tr><tr bgcolor="#E3E3F3">
<th>eq_eol</th>
<td>35058051</td>
</tr><tr bgcolor="">
<th>eq_horario</th>
<td>07:00-19:00</td>
</tr></table></center>]]></description>
			<styleUrl>#m_ylw-pushpin</styleUrl>
			<ExtendedData>
				<SchemaData schemaUrl="#kml_schema_ft_LL_WGS84_KMZ_TEMA_EDUCACAO_CEU">
					<SimpleData name="eq_id">2091</SimpleData>
					<SimpleData name="eq_nome">CEU EMEI PERA MARMELO</SimpleData>
					<SimpleData name="eq_enderec">PERAMARMELO 226</SimpleData>
					<SimpleData name="eq_bairro">JARDIM SANTA LUCRECIA</SimpleData>
					<SimpleData name="eq_cep">05185000</SimpleData>
					<SimpleData name="eq_tipo">CEU EMEI</SimpleData>
					<SimpleData name="eq_classe">CEU</SimpleData>
					<SimpleData name="eq_telefon">1139483921 / 1139483923</SimpleData>
					<SimpleData name="eq_setor">355030842000151</SimpleData>
					<SimpleData name="eq_areap">3550308005185</SimpleData>
					<SimpleData name="eq_cd_dist">42</SimpleData>
					<SimpleData name="eq_distr">JARAGUA</SimpleData>
					<SimpleData name="eq_cd_subp">2</SimpleData>
					<SimpleData name="eq_subpref">PIRITUBA-JARAGUA</SimpleData>
					<SimpleData name="eq_regiao5">Norte</SimpleData>
					<SimpleData name="eq_regiao8">Norte 2</SimpleData>
					<SimpleData name="eq_ender">PERAMARMELO</SimpleData>
					<SimpleData name="eq_num">226</SimpleData>
					<SimpleData name="eq_compend">RUA</SimpleData>
					<SimpleData name="eq_codcep">05185000</SimpleData>
					<SimpleData name="eq_fone1">1139483921</SimpleData>
					<SimpleData name="eq_fone2">1139483923</SimpleData>
					<SimpleData name="eq_email">EMEICEUPERAMARMELO@SME.PREFEITURA.SP.GOV.BR</SimpleData>
					<SimpleData name="eq_cd_dirt">10101</SimpleData>
					<SimpleData name="eq_diretor">NORTE 1</SimpleData>
					<SimpleData name="eq_dre">PIRITUBA</SimpleData>
					<SimpleData name="eq_cd_zona">1</SimpleData>
					<SimpleData name="eq_zona">Urbana</SimpleData>
					<SimpleData name="eq_cd_mec">35058051</SimpleData>
					<SimpleData name="eq_esfera">MUNICIPAL</SimpleData>
					<SimpleData name="eq_cd_catg">1</SimpleData>
					<SimpleData name="eq_categor">ESCOLAS AUTONOMAS</SimpleData>
					<SimpleData name="eq_eol">35058051</SimpleData>
					<SimpleData name="eq_horario">07:00-19:00</SimpleData>
				</SchemaData>
			</ExtendedData>
			<Point>
				<coordinates>-46.75087307658299,-23.4366025588388,0</coordinates>
			</Point>
		</Placemark>
		<Placemark id="kml_33">
			<name>kml_33</name>
			<snippet></snippet>
			<description><![CDATA[<center><table><tr><th colspan='2' align='center'><em>Attributes</em></th></tr><tr bgcolor="#E3E3F3">
<th>eq_id</th>
<td>2092</td>
</tr><tr bgcolor="">
<th>eq_nome</th>
<td>CEU CEI PERA MARMELO</td>
</tr><tr bgcolor="#E3E3F3">
<th>eq_enderec</th>
<td>PERAMARMELO 226</td>
</tr><tr bgcolor="">
<th>eq_bairro</th>
<td>JARDIM SANTA LUCRECIA</td>
</tr><tr bgcolor="#E3E3F3">
<th>eq_cep</th>
<td>05185000</td>
</tr><tr bgcolor="">
<th>eq_tipo</th>
<td>CEU CEI</td>
</tr><tr bgcolor="#E3E3F3">
<th>eq_classe</th>
<td>CEU</td>
</tr><tr bgcolor="">
<th>eq_telefon</th>
<td>1139483934 / 1139483935</td>
</tr><tr bgcolor="#E3E3F3">
<th>eq_setor</th>
<td>355030842000151</td>
</tr><tr bgcolor="">
<th>eq_areap</th>
<td>3550308005185</td>
</tr><tr bgcolor="#E3E3F3">
<th>eq_cd_dist</th>
<td>42</td>
</tr><tr bgcolor="">
<th>eq_distr</th>
<td>JARAGUA</td>
</tr><tr bgcolor="#E3E3F3">
<th>eq_cd_subp</th>
<td>2</td>
</tr><tr bgcolor="">
<th>eq_subpref</th>
<td>PIRITUBA-JARAGUA</td>
</tr><tr bgcolor="#E3E3F3">
<th>eq_regiao5</th>
<td>Norte</td>
</tr><tr bgcolor="">
<th>eq_regiao8</th>
<td>Norte 2</td>
</tr><tr bgcolor="#E3E3F3">
<th>eq_ender</th>
<td>PERAMARMELO</td>
</tr><tr bgcolor="">
<th>eq_num</th>
<td>226</td>
</tr><tr bgcolor="#E3E3F3">
<th>eq_compend</th>
<td>RUA</td>
</tr><tr bgcolor="">
<th>eq_codcep</th>
<td>05185000</td>
</tr><tr bgcolor="#E3E3F3">
<th>eq_fone1</th>
<td>1139483934</td>
</tr><tr bgcolor="">
<th>eq_fone2</th>
<td>1139483935</td>
</tr><tr bgcolor="#E3E3F3">
<th>eq_email</th>
<td>CEICEUPERAMARMELO@SME.PREFEITURA.SP.GOV.BR</td>
</tr><tr bgcolor="">
<th>eq_cd_dirt</th>
<td>10101</td>
</tr><tr bgcolor="#E3E3F3">
<th>eq_diretor</th>
<td>NORTE 1</td>
</tr><tr bgcolor="">
<th>eq_dre</th>
<td>PIRITUBA</td>
</tr><tr bgcolor="#E3E3F3">
<th>eq_cd_zona</th>
<td>1</td>
</tr><tr bgcolor="">
<th>eq_zona</th>
<td>Urbana</td>
</tr><tr bgcolor="#E3E3F3">
<th>eq_cd_mec</th>
<td>35058063</td>
</tr><tr bgcolor="">
<th>eq_esfera</th>
<td>MUNICIPAL</td>
</tr><tr bgcolor="#E3E3F3">
<th>eq_cd_catg</th>
<td>1</td>
</tr><tr bgcolor="">
<th>eq_categor</th>
<td>ESCOLAS AUTONOMAS</td>
</tr><tr bgcolor="#E3E3F3">
<th>eq_eol</th>
<td>35058063</td>
</tr><tr bgcolor="">
<th>eq_horario</th>
<td>08:00-18:00</td>
</tr></table></center>]]></description>
			<styleUrl>#m_ylw-pushpin</styleUrl>
			<ExtendedData>
				<SchemaData schemaUrl="#kml_schema_ft_LL_WGS84_KMZ_TEMA_EDUCACAO_CEU">
					<SimpleData name="eq_id">2092</SimpleData>
					<SimpleData name="eq_nome">CEU CEI PERA MARMELO</SimpleData>
					<SimpleData name="eq_enderec">PERAMARMELO 226</SimpleData>
					<SimpleData name="eq_bairro">JARDIM SANTA LUCRECIA</SimpleData>
					<SimpleData name="eq_cep">05185000</SimpleData>
					<SimpleData name="eq_tipo">CEU CEI</SimpleData>
					<SimpleData name="eq_classe">CEU</SimpleData>
					<SimpleData name="eq_telefon">1139483934 / 1139483935</SimpleData>
					<SimpleData name="eq_setor">355030842000151</SimpleData>
					<SimpleData name="eq_areap">3550308005185</SimpleData>
					<SimpleData name="eq_cd_dist">42</SimpleData>
					<SimpleData name="eq_distr">JARAGUA</SimpleData>
					<SimpleData name="eq_cd_subp">2</SimpleData>
					<SimpleData name="eq_subpref">PIRITUBA-JARAGUA</SimpleData>
					<SimpleData name="eq_regiao5">Norte</SimpleData>
					<SimpleData name="eq_regiao8">Norte 2</SimpleData>
					<SimpleData name="eq_ender">PERAMARMELO</SimpleData>
					<SimpleData name="eq_num">226</SimpleData>
					<SimpleData name="eq_compend">RUA</SimpleData>
					<SimpleData name="eq_codcep">05185000</SimpleData>
					<SimpleData name="eq_fone1">1139483934</SimpleData>
					<SimpleData name="eq_fone2">1139483935</SimpleData>
					<SimpleData name="eq_email">CEICEUPERAMARMELO@SME.PREFEITURA.SP.GOV.BR</SimpleData>
					<SimpleData name="eq_cd_dirt">10101</SimpleData>
					<SimpleData name="eq_diretor">NORTE 1</SimpleData>
					<SimpleData name="eq_dre">PIRITUBA</SimpleData>
					<SimpleData name="eq_cd_zona">1</SimpleData>
					<SimpleData name="eq_zona">Urbana</SimpleData>
					<SimpleData name="eq_cd_mec">35058063</SimpleData>
					<SimpleData name="eq_esfera">MUNICIPAL</SimpleData>
					<SimpleData name="eq_cd_catg">1</SimpleData>
					<SimpleData name="eq_categor">ESCOLAS AUTONOMAS</SimpleData>
					<SimpleData name="eq_eol">35058063</SimpleData>
					<SimpleData name="eq_horario">08:00-18:00</SimpleData>
				</SchemaData>
			</ExtendedData>
			<Point>
				<coordinates>-46.7509240286207,-23.4365255930744,0</coordinates>
			</Point>
		</Placemark>
		<Placemark id="kml_34">
			<name>kml_34</name>
			<snippet></snippet>
			<description><![CDATA[<center><table><tr><th colspan='2' align='center'><em>Attributes</em></th></tr><tr bgcolor="#E3E3F3">
<th>eq_id</th>
<td>2093</td>
</tr><tr bgcolor="">
<th>eq_nome</th>
<td>CEU EMEF PERUS</td>
</tr><tr bgcolor="#E3E3F3">
<th>eq_enderec</th>
<td>BERNARDO JOSE DE LORENA SN</td>
</tr><tr bgcolor="">
<th>eq_bairro</th>
<td>VILA FANTON</td>
</tr><tr bgcolor="#E3E3F3">
<th>eq_cep</th>
<td>05203000</td>
</tr><tr bgcolor="">
<th>eq_tipo</th>
<td>CEU EMEF</td>
</tr><tr bgcolor="#E3E3F3">
<th>eq_classe</th>
<td>CEU</td>
</tr><tr bgcolor="">
<th>eq_telefon</th>
<td>1139158732 / 1139158773</td>
</tr><tr bgcolor="#E3E3F3">
<th>eq_setor</th>
<td>355030861000001</td>
</tr><tr bgcolor="">
<th>eq_areap</th>
<td>3550308005243</td>
</tr><tr bgcolor="#E3E3F3">
<th>eq_cd_dist</th>
<td>61</td>
</tr><tr bgcolor="">
<th>eq_distr</th>
<td>PERUS</td>
</tr><tr bgcolor="#E3E3F3">
<th>eq_cd_subp</th>
<td>1</td>
</tr><tr bgcolor="">
<th>eq_subpref</th>
<td>PERUS</td>
</tr><tr bgcolor="#E3E3F3">
<th>eq_regiao5</th>
<td>Norte</td>
</tr><tr bgcolor="">
<th>eq_regiao8</th>
<td>Norte 2</td>
</tr><tr bgcolor="#E3E3F3">
<th>eq_ender</th>
<td>BERNARDO JOSE DE LORENA</td>
</tr><tr bgcolor="">
<th>eq_num</th>
<td>SN</td>
</tr><tr bgcolor="#E3E3F3">
<th>eq_compend</th>
<td>RUA</td>
</tr><tr bgcolor="">
<th>eq_codcep</th>
<td>05203000</td>
</tr><tr bgcolor="#E3E3F3">
<th>eq_fone1</th>
<td>1139158732</td>
</tr><tr bgcolor="">
<th>eq_fone2</th>
<td>1139158773</td>
</tr><tr bgcolor="#E3E3F3">
<th>eq_email</th>
<td>EMEFCEUPERUS@SME.PREFEITURA.SP.GOV.BR</td>
</tr><tr bgcolor="">
<th>eq_cd_dirt</th>
<td>10101</td>
</tr><tr bgcolor="#E3E3F3">
<th>eq_diretor</th>
<td>NORTE 1</td>
</tr><tr bgcolor="">
<th>eq_dre</th>
<td>PIRITUBA</td>
</tr><tr bgcolor="#E3E3F3">
<th>eq_cd_zona</th>
<td>1</td>
</tr><tr bgcolor="">
<th>eq_zona</th>
<td>Urbana</td>
</tr><tr bgcolor="#E3E3F3">
<th>eq_cd_mec</th>
<td>35058075</td>
</tr><tr bgcolor="">
<th>eq_esfera</th>
<td>MUNICIPAL</td>
</tr><tr bgcolor="#E3E3F3">
<th>eq_cd_catg</th>
<td>1</td>
</tr><tr bgcolor="">
<th>eq_categor</th>
<td>ESCOLAS AUTONOMAS</td>
</tr><tr bgcolor="#E3E3F3">
<th>eq_eol</th>
<td>35058075</td>
</tr><tr bgcolor="">
<th>eq_horario</th>
<td>07:00-18:30</td>
</tr></table></center>]]></description>
			<styleUrl>#m_ylw-pushpin</styleUrl>
			<ExtendedData>
				<SchemaData schemaUrl="#kml_schema_ft_LL_WGS84_KMZ_TEMA_EDUCACAO_CEU">
					<SimpleData name="eq_id">2093</SimpleData>
					<SimpleData name="eq_nome">CEU EMEF PERUS</SimpleData>
					<SimpleData name="eq_enderec">BERNARDO JOSE DE LORENA SN</SimpleData>
					<SimpleData name="eq_bairro">VILA FANTON</SimpleData>
					<SimpleData name="eq_cep">05203000</SimpleData>
					<SimpleData name="eq_tipo">CEU EMEF</SimpleData>
					<SimpleData name="eq_classe">CEU</SimpleData>
					<SimpleData name="eq_telefon">1139158732 / 1139158773</SimpleData>
					<SimpleData name="eq_setor">355030861000001</SimpleData>
					<SimpleData name="eq_areap">3550308005243</SimpleData>
					<SimpleData name="eq_cd_dist">61</SimpleData>
					<SimpleData name="eq_distr">PERUS</SimpleData>
					<SimpleData name="eq_cd_subp">1</SimpleData>
					<SimpleData name="eq_subpref">PERUS</SimpleData>
					<SimpleData name="eq_regiao5">Norte</SimpleData>
					<SimpleData name="eq_regiao8">Norte 2</SimpleData>
					<SimpleData name="eq_ender">BERNARDO JOSE DE LORENA</SimpleData>
					<SimpleData name="eq_num">SN</SimpleData>
					<SimpleData name="eq_compend">RUA</SimpleData>
					<SimpleData name="eq_codcep">05203000</SimpleData>
					<SimpleData name="eq_fone1">1139158732</SimpleData>
					<SimpleData name="eq_fone2">1139158773</SimpleData>
					<SimpleData name="eq_email">EMEFCEUPERUS@SME.PREFEITURA.SP.GOV.BR</SimpleData>
					<SimpleData name="eq_cd_dirt">10101</SimpleData>
					<SimpleData name="eq_diretor">NORTE 1</SimpleData>
					<SimpleData name="eq_dre">PIRITUBA</SimpleData>
					<SimpleData name="eq_cd_zona">1</SimpleData>
					<SimpleData name="eq_zona">Urbana</SimpleData>
					<SimpleData name="eq_cd_mec">35058075</SimpleData>
					<SimpleData name="eq_esfera">MUNICIPAL</SimpleData>
					<SimpleData name="eq_cd_catg">1</SimpleData>
					<SimpleData name="eq_categor">ESCOLAS AUTONOMAS</SimpleData>
					<SimpleData name="eq_eol">35058075</SimpleData>
					<SimpleData name="eq_horario">07:00-18:30</SimpleData>
				</SchemaData>
			</ExtendedData>
			<Point>
				<coordinates>-46.75183992055609,-23.4063004779447,0</coordinates>
			</Point>
		</Placemark>
		<Placemark id="kml_35">
			<name>kml_35</name>
			<snippet></snippet>
			<description><![CDATA[<center><table><tr><th colspan='2' align='center'><em>Attributes</em></th></tr><tr bgcolor="#E3E3F3">
<th>eq_id</th>
<td>2094</td>
</tr><tr bgcolor="">
<th>eq_nome</th>
<td>CEU CEI PERUS</td>
</tr><tr bgcolor="#E3E3F3">
<th>eq_enderec</th>
<td>BERNARDO JOSE DE LORENA SN</td>
</tr><tr bgcolor="">
<th>eq_bairro</th>
<td>VILA FANTON</td>
</tr><tr bgcolor="#E3E3F3">
<th>eq_cep</th>
<td>05203000</td>
</tr><tr bgcolor="">
<th>eq_tipo</th>
<td>CEU CEI</td>
</tr><tr bgcolor="#E3E3F3">
<th>eq_classe</th>
<td>CEU</td>
</tr><tr bgcolor="">
<th>eq_telefon</th>
<td>1139158717 / 1139178718</td>
</tr><tr bgcolor="#E3E3F3">
<th>eq_setor</th>
<td>355030861000001</td>
</tr><tr bgcolor="">
<th>eq_areap</th>
<td>3550308005242</td>
</tr><tr bgcolor="#E3E3F3">
<th>eq_cd_dist</th>
<td>61</td>
</tr><tr bgcolor="">
<th>eq_distr</th>
<td>PERUS</td>
</tr><tr bgcolor="#E3E3F3">
<th>eq_cd_subp</th>
<td>1</td>
</tr><tr bgcolor="">
<th>eq_subpref</th>
<td>PERUS</td>
</tr><tr bgcolor="#E3E3F3">
<th>eq_regiao5</th>
<td>Norte</td>
</tr><tr bgcolor="">
<th>eq_regiao8</th>
<td>Norte 2</td>
</tr><tr bgcolor="#E3E3F3">
<th>eq_ender</th>
<td>BERNARDO JOSE DE LORENA</td>
</tr><tr bgcolor="">
<th>eq_num</th>
<td>SN</td>
</tr><tr bgcolor="#E3E3F3">
<th>eq_compend</th>
<td>RUA</td>
</tr><tr bgcolor="">
<th>eq_codcep</th>
<td>05203000</td>
</tr><tr bgcolor="#E3E3F3">
<th>eq_fone1</th>
<td>1139158717</td>
</tr><tr bgcolor="">
<th>eq_fone2</th>
<td>1139178718</td>
</tr><tr bgcolor="#E3E3F3">
<th>eq_email</th>
<td>CEICEUPERUS@SME.PREFEITURA.SP.GOV.BR</td>
</tr><tr bgcolor="">
<th>eq_cd_dirt</th>
<td>10101</td>
</tr><tr bgcolor="#E3E3F3">
<th>eq_diretor</th>
<td>NORTE 1</td>
</tr><tr bgcolor="">
<th>eq_dre</th>
<td>PIRITUBA</td>
</tr><tr bgcolor="#E3E3F3">
<th>eq_cd_zona</th>
<td>1</td>
</tr><tr bgcolor="">
<th>eq_zona</th>
<td>Urbana</td>
</tr><tr bgcolor="#E3E3F3">
<th>eq_cd_mec</th>
<td>35058087</td>
</tr><tr bgcolor="">
<th>eq_esfera</th>
<td>MUNICIPAL</td>
</tr><tr bgcolor="#E3E3F3">
<th>eq_cd_catg</th>
<td>1</td>
</tr><tr bgcolor="">
<th>eq_categor</th>
<td>ESCOLAS AUTONOMAS</td>
</tr><tr bgcolor="#E3E3F3">
<th>eq_eol</th>
<td>35058087</td>
</tr><tr bgcolor="">
<th>eq_horario</th>
<td>07:00-19:00</td>
</tr></table></center>]]></description>
			<styleUrl>#m_ylw-pushpin</styleUrl>
			<ExtendedData>
				<SchemaData schemaUrl="#kml_schema_ft_LL_WGS84_KMZ_TEMA_EDUCACAO_CEU">
					<SimpleData name="eq_id">2094</SimpleData>
					<SimpleData name="eq_nome">CEU CEI PERUS</SimpleData>
					<SimpleData name="eq_enderec">BERNARDO JOSE DE LORENA SN</SimpleData>
					<SimpleData name="eq_bairro">VILA FANTON</SimpleData>
					<SimpleData name="eq_cep">05203000</SimpleData>
					<SimpleData name="eq_tipo">CEU CEI</SimpleData>
					<SimpleData name="eq_classe">CEU</SimpleData>
					<SimpleData name="eq_telefon">1139158717 / 1139178718</SimpleData>
					<SimpleData name="eq_setor">355030861000001</SimpleData>
					<SimpleData name="eq_areap">3550308005242</SimpleData>
					<SimpleData name="eq_cd_dist">61</SimpleData>
					<SimpleData name="eq_distr">PERUS</SimpleData>
					<SimpleData name="eq_cd_subp">1</SimpleData>
					<SimpleData name="eq_subpref">PERUS</SimpleData>
					<SimpleData name="eq_regiao5">Norte</SimpleData>
					<SimpleData name="eq_regiao8">Norte 2</SimpleData>
					<SimpleData name="eq_ender">BERNARDO JOSE DE LORENA</SimpleData>
					<SimpleData name="eq_num">SN</SimpleData>
					<SimpleData name="eq_compend">RUA</SimpleData>
					<SimpleData name="eq_codcep">05203000</SimpleData>
					<SimpleData name="eq_fone1">1139158717</SimpleData>
					<SimpleData name="eq_fone2">1139178718</SimpleData>
					<SimpleData name="eq_email">CEICEUPERUS@SME.PREFEITURA.SP.GOV.BR</SimpleData>
					<SimpleData name="eq_cd_dirt">10101</SimpleData>
					<SimpleData name="eq_diretor">NORTE 1</SimpleData>
					<SimpleData name="eq_dre">PIRITUBA</SimpleData>
					<SimpleData name="eq_cd_zona">1</SimpleData>
					<SimpleData name="eq_zona">Urbana</SimpleData>
					<SimpleData name="eq_cd_mec">35058087</SimpleData>
					<SimpleData name="eq_esfera">MUNICIPAL</SimpleData>
					<SimpleData name="eq_cd_catg">1</SimpleData>
					<SimpleData name="eq_categor">ESCOLAS AUTONOMAS</SimpleData>
					<SimpleData name="eq_eol">35058087</SimpleData>
					<SimpleData name="eq_horario">07:00-19:00</SimpleData>
				</SchemaData>
			</ExtendedData>
			<Point>
				<coordinates>-46.75160695926849,-23.4063154612484,0</coordinates>
			</Point>
		</Placemark>
		<Placemark id="kml_36">
			<name>kml_36</name>
			<snippet></snippet>
			<description><![CDATA[<center><table><tr><th colspan='2' align='center'><em>Attributes</em></th></tr><tr bgcolor="#E3E3F3">
<th>eq_id</th>
<td>2095</td>
</tr><tr bgcolor="">
<th>eq_nome</th>
<td>CEU EMEI ROSA DA CHINA</td>
</tr><tr bgcolor="#E3E3F3">
<th>eq_enderec</th>
<td>CLARA PETRELA 113</td>
</tr><tr bgcolor="">
<th>eq_bairro</th>
<td>JARDIM SAO ROBERTO</td>
</tr><tr bgcolor="#E3E3F3">
<th>eq_cep</th>
<td>03978000</td>
</tr><tr bgcolor="">
<th>eq_tipo</th>
<td>CEU EMEI</td>
</tr><tr bgcolor="#E3E3F3">
<th>eq_classe</th>
<td>CEU</td>
</tr><tr bgcolor="">
<th>eq_telefon</th>
<td>1127012331 / 1127012333</td>
</tr><tr bgcolor="#E3E3F3">
<th>eq_setor</th>
<td>355030876000182</td>
</tr><tr bgcolor="">
<th>eq_areap</th>
<td>3550308005209</td>
</tr><tr bgcolor="#E3E3F3">
<th>eq_cd_dist</th>
<td>76</td>
</tr><tr bgcolor="">
<th>eq_distr</th>
<td>SAPOPEMBA</td>
</tr><tr bgcolor="#E3E3F3">
<th>eq_cd_subp</th>
<td>32</td>
</tr><tr bgcolor="">
<th>eq_subpref</th>
<td>SAPOPEMBA</td>
</tr><tr bgcolor="#E3E3F3">
<th>eq_regiao5</th>
<td>Leste</td>
</tr><tr bgcolor="">
<th>eq_regiao8</th>
<td>Leste 1</td>
</tr><tr bgcolor="#E3E3F3">
<th>eq_ender</th>
<td>CLARA PETRELA</td>
</tr><tr bgcolor="">
<th>eq_num</th>
<td>113</td>
</tr><tr bgcolor="#E3E3F3">
<th>eq_compend</th>
<td>RUA</td>
</tr><tr bgcolor="">
<th>eq_codcep</th>
<td>03978000</td>
</tr><tr bgcolor="#E3E3F3">
<th>eq_fone1</th>
<td>1127012331</td>
</tr><tr bgcolor="">
<th>eq_fone2</th>
<td>1127012333</td>
</tr><tr bgcolor="#E3E3F3">
<th>eq_email</th>
<td></td>
</tr><tr bgcolor="">
<th>eq_cd_dirt</th>
<td>10208</td>
</tr><tr bgcolor="#E3E3F3">
<th>eq_diretor</th>
<td>LESTE 4</td>
</tr><tr bgcolor="">
<th>eq_dre</th>
<td>SAO MATEUS</td>
</tr><tr bgcolor="#E3E3F3">
<th>eq_cd_zona</th>
<td>1</td>
</tr><tr bgcolor="">
<th>eq_zona</th>
<td>Urbana</td>
</tr><tr bgcolor="#E3E3F3">
<th>eq_cd_mec</th>
<td>35058117</td>
</tr><tr bgcolor="">
<th>eq_esfera</th>
<td>MUNICIPAL</td>
</tr><tr bgcolor="#E3E3F3">
<th>eq_cd_catg</th>
<td>1</td>
</tr><tr bgcolor="">
<th>eq_categor</th>
<td>ESCOLAS AUTONOMAS</td>
</tr><tr bgcolor="#E3E3F3">
<th>eq_eol</th>
<td>35058117</td>
</tr><tr bgcolor="">
<th>eq_horario</th>
<td>07:00-15:00</td>
</tr></table></center>]]></description>
			<styleUrl>#m_ylw-pushpin</styleUrl>
			<ExtendedData>
				<SchemaData schemaUrl="#kml_schema_ft_LL_WGS84_KMZ_TEMA_EDUCACAO_CEU">
					<SimpleData name="eq_id">2095</SimpleData>
					<SimpleData name="eq_nome">CEU EMEI ROSA DA CHINA</SimpleData>
					<SimpleData name="eq_enderec">CLARA PETRELA 113</SimpleData>
					<SimpleData name="eq_bairro">JARDIM SAO ROBERTO</SimpleData>
					<SimpleData name="eq_cep">03978000</SimpleData>
					<SimpleData name="eq_tipo">CEU EMEI</SimpleData>
					<SimpleData name="eq_classe">CEU</SimpleData>
					<SimpleData name="eq_telefon">1127012331 / 1127012333</SimpleData>
					<SimpleData name="eq_setor">355030876000182</SimpleData>
					<SimpleData name="eq_areap">3550308005209</SimpleData>
					<SimpleData name="eq_cd_dist">76</SimpleData>
					<SimpleData name="eq_distr">SAPOPEMBA</SimpleData>
					<SimpleData name="eq_cd_subp">32</SimpleData>
					<SimpleData name="eq_subpref">SAPOPEMBA</SimpleData>
					<SimpleData name="eq_regiao5">Leste</SimpleData>
					<SimpleData name="eq_regiao8">Leste 1</SimpleData>
					<SimpleData name="eq_ender">CLARA PETRELA</SimpleData>
					<SimpleData name="eq_num">113</SimpleData>
					<SimpleData name="eq_compend">RUA</SimpleData>
					<SimpleData name="eq_codcep">03978000</SimpleData>
					<SimpleData name="eq_fone1">1127012331</SimpleData>
					<SimpleData name="eq_fone2">1127012333</SimpleData>
					<SimpleData name="eq_cd_dirt">10208</SimpleData>
					<SimpleData name="eq_diretor">LESTE 4</SimpleData>
					<SimpleData name="eq_dre">SAO MATEUS</SimpleData>
					<SimpleData name="eq_cd_zona">1</SimpleData>
					<SimpleData name="eq_zona">Urbana</SimpleData>
					<SimpleData name="eq_cd_mec">35058117</SimpleData>
					<SimpleData name="eq_esfera">MUNICIPAL</SimpleData>
					<SimpleData name="eq_cd_catg">1</SimpleData>
					<SimpleData name="eq_categor">ESCOLAS AUTONOMAS</SimpleData>
					<SimpleData name="eq_eol">35058117</SimpleData>
					<SimpleData name="eq_horario">07:00-15:00</SimpleData>
				</SchemaData>
			</ExtendedData>
			<Point>
				<coordinates>-46.50088358260929,-23.6215341532977,0</coordinates>
			</Point>
		</Placemark>
		<Placemark id="kml_37">
			<name>kml_37</name>
			<snippet></snippet>
			<description><![CDATA[<center><table><tr><th colspan='2' align='center'><em>Attributes</em></th></tr><tr bgcolor="#E3E3F3">
<th>eq_id</th>
<td>2096</td>
</tr><tr bgcolor="">
<th>eq_nome</th>
<td>CEU CEI ROSA DA CHINA</td>
</tr><tr bgcolor="#E3E3F3">
<th>eq_enderec</th>
<td>CLARA PETRELA 113</td>
</tr><tr bgcolor="">
<th>eq_bairro</th>
<td>JARDIM SAO ROBERTO</td>
</tr><tr bgcolor="#E3E3F3">
<th>eq_cep</th>
<td>03978000</td>
</tr><tr bgcolor="">
<th>eq_tipo</th>
<td>CEU CEI</td>
</tr><tr bgcolor="#E3E3F3">
<th>eq_classe</th>
<td>CEU</td>
</tr><tr bgcolor="">
<th>eq_telefon</th>
<td>1127012310 / 1127012311</td>
</tr><tr bgcolor="#E3E3F3">
<th>eq_setor</th>
<td>355030876000182</td>
</tr><tr bgcolor="">
<th>eq_areap</th>
<td>3550308005209</td>
</tr><tr bgcolor="#E3E3F3">
<th>eq_cd_dist</th>
<td>76</td>
</tr><tr bgcolor="">
<th>eq_distr</th>
<td>SAPOPEMBA</td>
</tr><tr bgcolor="#E3E3F3">
<th>eq_cd_subp</th>
<td>32</td>
</tr><tr bgcolor="">
<th>eq_subpref</th>
<td>SAPOPEMBA</td>
</tr><tr bgcolor="#E3E3F3">
<th>eq_regiao5</th>
<td>Leste</td>
</tr><tr bgcolor="">
<th>eq_regiao8</th>
<td>Leste 1</td>
</tr><tr bgcolor="#E3E3F3">
<th>eq_ender</th>
<td>CLARA PETRELA</td>
</tr><tr bgcolor="">
<th>eq_num</th>
<td>113</td>
</tr><tr bgcolor="#E3E3F3">
<th>eq_compend</th>
<td>RUA</td>
</tr><tr bgcolor="">
<th>eq_codcep</th>
<td>03978000</td>
</tr><tr bgcolor="#E3E3F3">
<th>eq_fone1</th>
<td>1127012310</td>
</tr><tr bgcolor="">
<th>eq_fone2</th>
<td>1127012311</td>
</tr><tr bgcolor="#E3E3F3">
<th>eq_email</th>
<td></td>
</tr><tr bgcolor="">
<th>eq_cd_dirt</th>
<td>10208</td>
</tr><tr bgcolor="#E3E3F3">
<th>eq_diretor</th>
<td>LESTE 4</td>
</tr><tr bgcolor="">
<th>eq_dre</th>
<td>SAO MATEUS</td>
</tr><tr bgcolor="#E3E3F3">
<th>eq_cd_zona</th>
<td>1</td>
</tr><tr bgcolor="">
<th>eq_zona</th>
<td>Urbana</td>
</tr><tr bgcolor="#E3E3F3">
<th>eq_cd_mec</th>
<td>35058129</td>
</tr><tr bgcolor="">
<th>eq_esfera</th>
<td>MUNICIPAL</td>
</tr><tr bgcolor="#E3E3F3">
<th>eq_cd_catg</th>
<td>1</td>
</tr><tr bgcolor="">
<th>eq_categor</th>
<td>ESCOLAS AUTONOMAS</td>
</tr><tr bgcolor="#E3E3F3">
<th>eq_eol</th>
<td>35058129</td>
</tr><tr bgcolor="">
<th>eq_horario</th>
<td>07:00-17:00</td>
</tr></table></center>]]></description>
			<styleUrl>#m_ylw-pushpin</styleUrl>
			<ExtendedData>
				<SchemaData schemaUrl="#kml_schema_ft_LL_WGS84_KMZ_TEMA_EDUCACAO_CEU">
					<SimpleData name="eq_id">2096</SimpleData>
					<SimpleData name="eq_nome">CEU CEI ROSA DA CHINA</SimpleData>
					<SimpleData name="eq_enderec">CLARA PETRELA 113</SimpleData>
					<SimpleData name="eq_bairro">JARDIM SAO ROBERTO</SimpleData>
					<SimpleData name="eq_cep">03978000</SimpleData>
					<SimpleData name="eq_tipo">CEU CEI</SimpleData>
					<SimpleData name="eq_classe">CEU</SimpleData>
					<SimpleData name="eq_telefon">1127012310 / 1127012311</SimpleData>
					<SimpleData name="eq_setor">355030876000182</SimpleData>
					<SimpleData name="eq_areap">3550308005209</SimpleData>
					<SimpleData name="eq_cd_dist">76</SimpleData>
					<SimpleData name="eq_distr">SAPOPEMBA</SimpleData>
					<SimpleData name="eq_cd_subp">32</SimpleData>
					<SimpleData name="eq_subpref">SAPOPEMBA</SimpleData>
					<SimpleData name="eq_regiao5">Leste</SimpleData>
					<SimpleData name="eq_regiao8">Leste 1</SimpleData>
					<SimpleData name="eq_ender">CLARA PETRELA</SimpleData>
					<SimpleData name="eq_num">113</SimpleData>
					<SimpleData name="eq_compend">RUA</SimpleData>
					<SimpleData name="eq_codcep">03978000</SimpleData>
					<SimpleData name="eq_fone1">1127012310</SimpleData>
					<SimpleData name="eq_fone2">1127012311</SimpleData>
					<SimpleData name="eq_cd_dirt">10208</SimpleData>
					<SimpleData name="eq_diretor">LESTE 4</SimpleData>
					<SimpleData name="eq_dre">SAO MATEUS</SimpleData>
					<SimpleData name="eq_cd_zona">1</SimpleData>
					<SimpleData name="eq_zona">Urbana</SimpleData>
					<SimpleData name="eq_cd_mec">35058129</SimpleData>
					<SimpleData name="eq_esfera">MUNICIPAL</SimpleData>
					<SimpleData name="eq_cd_catg">1</SimpleData>
					<SimpleData name="eq_categor">ESCOLAS AUTONOMAS</SimpleData>
					<SimpleData name="eq_eol">35058129</SimpleData>
					<SimpleData name="eq_horario">07:00-17:00</SimpleData>
				</SchemaData>
			</ExtendedData>
			<Point>
				<coordinates>-46.5006765910735,-23.6211561472668,0</coordinates>
			</Point>
		</Placemark>
		<Placemark id="kml_38">
			<name>kml_38</name>
			<snippet></snippet>
			<description><![CDATA[<center><table><tr><th colspan='2' align='center'><em>Attributes</em></th></tr><tr bgcolor="#E3E3F3">
<th>eq_id</th>
<td>2097</td>
</tr><tr bgcolor="">
<th>eq_nome</th>
<td>CEU EMEI SAO MATEUS</td>
</tr><tr bgcolor="#E3E3F3">
<th>eq_enderec</th>
<td>CURUMATIM 201</td>
</tr><tr bgcolor="">
<th>eq_bairro</th>
<td>PARQUE BOA ESPERANCA</td>
</tr><tr bgcolor="#E3E3F3">
<th>eq_cep</th>
<td>08341000</td>
</tr><tr bgcolor="">
<th>eq_tipo</th>
<td>CEU EMEI</td>
</tr><tr bgcolor="#E3E3F3">
<th>eq_classe</th>
<td>CEU</td>
</tr><tr bgcolor="">
<th>eq_telefon</th>
<td>1127328129 / 1127328131</td>
</tr><tr bgcolor="#E3E3F3">
<th>eq_setor</th>
<td>355030833000022</td>
</tr><tr bgcolor="">
<th>eq_areap</th>
<td>3550308005274</td>
</tr><tr bgcolor="#E3E3F3">
<th>eq_cd_dist</th>
<td>33</td>
</tr><tr bgcolor="">
<th>eq_distr</th>
<td>IGUATEMI</td>
</tr><tr bgcolor="#E3E3F3">
<th>eq_cd_subp</th>
<td>30</td>
</tr><tr bgcolor="">
<th>eq_subpref</th>
<td>SAO MATEUS</td>
</tr><tr bgcolor="#E3E3F3">
<th>eq_regiao5</th>
<td>Leste</td>
</tr><tr bgcolor="">
<th>eq_regiao8</th>
<td>Leste 2</td>
</tr><tr bgcolor="#E3E3F3">
<th>eq_ender</th>
<td>CURUMATIM</td>
</tr><tr bgcolor="">
<th>eq_num</th>
<td>201</td>
</tr><tr bgcolor="#E3E3F3">
<th>eq_compend</th>
<td>RUA</td>
</tr><tr bgcolor="">
<th>eq_codcep</th>
<td>08341000</td>
</tr><tr bgcolor="#E3E3F3">
<th>eq_fone1</th>
<td>1127328129</td>
</tr><tr bgcolor="">
<th>eq_fone2</th>
<td>1127328131</td>
</tr><tr bgcolor="#E3E3F3">
<th>eq_email</th>
<td></td>
</tr><tr bgcolor="">
<th>eq_cd_dirt</th>
<td>10211</td>
</tr><tr bgcolor="#E3E3F3">
<th>eq_diretor</th>
<td>LESTE 3</td>
</tr><tr bgcolor="">
<th>eq_dre</th>
<td>SAO MATEUS</td>
</tr><tr bgcolor="#E3E3F3">
<th>eq_cd_zona</th>
<td>1</td>
</tr><tr bgcolor="">
<th>eq_zona</th>
<td>Urbana</td>
</tr><tr bgcolor="#E3E3F3">
<th>eq_cd_mec</th>
<td>35058166</td>
</tr><tr bgcolor="">
<th>eq_esfera</th>
<td>MUNICIPAL</td>
</tr><tr bgcolor="#E3E3F3">
<th>eq_cd_catg</th>
<td>1</td>
</tr><tr bgcolor="">
<th>eq_categor</th>
<td>ESCOLAS AUTONOMAS</td>
</tr><tr bgcolor="#E3E3F3">
<th>eq_eol</th>
<td>35058166</td>
</tr><tr bgcolor="">
<th>eq_horario</th>
<td>07:00-19:00</td>
</tr></table></center>]]></description>
			<styleUrl>#m_ylw-pushpin</styleUrl>
			<ExtendedData>
				<SchemaData schemaUrl="#kml_schema_ft_LL_WGS84_KMZ_TEMA_EDUCACAO_CEU">
					<SimpleData name="eq_id">2097</SimpleData>
					<SimpleData name="eq_nome">CEU EMEI SAO MATEUS</SimpleData>
					<SimpleData name="eq_enderec">CURUMATIM 201</SimpleData>
					<SimpleData name="eq_bairro">PARQUE BOA ESPERANCA</SimpleData>
					<SimpleData name="eq_cep">08341000</SimpleData>
					<SimpleData name="eq_tipo">CEU EMEI</SimpleData>
					<SimpleData name="eq_classe">CEU</SimpleData>
					<SimpleData name="eq_telefon">1127328129 / 1127328131</SimpleData>
					<SimpleData name="eq_setor">355030833000022</SimpleData>
					<SimpleData name="eq_areap">3550308005274</SimpleData>
					<SimpleData name="eq_cd_dist">33</SimpleData>
					<SimpleData name="eq_distr">IGUATEMI</SimpleData>
					<SimpleData name="eq_cd_subp">30</SimpleData>
					<SimpleData name="eq_subpref">SAO MATEUS</SimpleData>
					<SimpleData name="eq_regiao5">Leste</SimpleData>
					<SimpleData name="eq_regiao8">Leste 2</SimpleData>
					<SimpleData name="eq_ender">CURUMATIM</SimpleData>
					<SimpleData name="eq_num">201</SimpleData>
					<SimpleData name="eq_compend">RUA</SimpleData>
					<SimpleData name="eq_codcep">08341000</SimpleData>
					<SimpleData name="eq_fone1">1127328129</SimpleData>
					<SimpleData name="eq_fone2">1127328131</SimpleData>
					<SimpleData name="eq_cd_dirt">10211</SimpleData>
					<SimpleData name="eq_diretor">LESTE 3</SimpleData>
					<SimpleData name="eq_dre">SAO MATEUS</SimpleData>
					<SimpleData name="eq_cd_zona">1</SimpleData>
					<SimpleData name="eq_zona">Urbana</SimpleData>
					<SimpleData name="eq_cd_mec">35058166</SimpleData>
					<SimpleData name="eq_esfera">MUNICIPAL</SimpleData>
					<SimpleData name="eq_cd_catg">1</SimpleData>
					<SimpleData name="eq_categor">ESCOLAS AUTONOMAS</SimpleData>
					<SimpleData name="eq_eol">35058166</SimpleData>
					<SimpleData name="eq_horario">07:00-19:00</SimpleData>
				</SchemaData>
			</ExtendedData>
			<Point>
				<coordinates>-46.4498580819289,-23.603181183818,0</coordinates>
			</Point>
		</Placemark>
		<Placemark id="kml_39">
			<name>kml_39</name>
			<snippet></snippet>
			<description><![CDATA[<center><table><tr><th colspan='2' align='center'><em>Attributes</em></th></tr><tr bgcolor="#E3E3F3">
<th>eq_id</th>
<td>2098</td>
</tr><tr bgcolor="">
<th>eq_nome</th>
<td>CEU CEI SAO MATEUS</td>
</tr><tr bgcolor="#E3E3F3">
<th>eq_enderec</th>
<td>CURUMATIM 201</td>
</tr><tr bgcolor="">
<th>eq_bairro</th>
<td>PARQUE BOA ESPERANCA</td>
</tr><tr bgcolor="#E3E3F3">
<th>eq_cep</th>
<td>08341000</td>
</tr><tr bgcolor="">
<th>eq_tipo</th>
<td>CEU CEI</td>
</tr><tr bgcolor="#E3E3F3">
<th>eq_classe</th>
<td>CEU</td>
</tr><tr bgcolor="">
<th>eq_telefon</th>
<td>1127328111 / 1127328112</td>
</tr><tr bgcolor="#E3E3F3">
<th>eq_setor</th>
<td>355030833000070</td>
</tr><tr bgcolor="">
<th>eq_areap</th>
<td>3550308005274</td>
</tr><tr bgcolor="#E3E3F3">
<th>eq_cd_dist</th>
<td>33</td>
</tr><tr bgcolor="">
<th>eq_distr</th>
<td>IGUATEMI</td>
</tr><tr bgcolor="#E3E3F3">
<th>eq_cd_subp</th>
<td>30</td>
</tr><tr bgcolor="">
<th>eq_subpref</th>
<td>SAO MATEUS</td>
</tr><tr bgcolor="#E3E3F3">
<th>eq_regiao5</th>
<td>Leste</td>
</tr><tr bgcolor="">
<th>eq_regiao8</th>
<td>Leste 2</td>
</tr><tr bgcolor="#E3E3F3">
<th>eq_ender</th>
<td>CURUMATIM</td>
</tr><tr bgcolor="">
<th>eq_num</th>
<td>201</td>
</tr><tr bgcolor="#E3E3F3">
<th>eq_compend</th>
<td>RUA</td>
</tr><tr bgcolor="">
<th>eq_codcep</th>
<td>08341000</td>
</tr><tr bgcolor="#E3E3F3">
<th>eq_fone1</th>
<td>1127328111</td>
</tr><tr bgcolor="">
<th>eq_fone2</th>
<td>1127328112</td>
</tr><tr bgcolor="#E3E3F3">
<th>eq_email</th>
<td></td>
</tr><tr bgcolor="">
<th>eq_cd_dirt</th>
<td>10211</td>
</tr><tr bgcolor="#E3E3F3">
<th>eq_diretor</th>
<td>LESTE 3</td>
</tr><tr bgcolor="">
<th>eq_dre</th>
<td>SAO MATEUS</td>
</tr><tr bgcolor="#E3E3F3">
<th>eq_cd_zona</th>
<td>1</td>
</tr><tr bgcolor="">
<th>eq_zona</th>
<td>Urbana</td>
</tr><tr bgcolor="#E3E3F3">
<th>eq_cd_mec</th>
<td>35058178</td>
</tr><tr bgcolor="">
<th>eq_esfera</th>
<td>MUNICIPAL</td>
</tr><tr bgcolor="#E3E3F3">
<th>eq_cd_catg</th>
<td>1</td>
</tr><tr bgcolor="">
<th>eq_categor</th>
<td>ESCOLAS AUTONOMAS</td>
</tr><tr bgcolor="#E3E3F3">
<th>eq_eol</th>
<td>35058178</td>
</tr><tr bgcolor="">
<th>eq_horario</th>
<td>07:00-18:00</td>
</tr></table></center>]]></description>
			<styleUrl>#m_ylw-pushpin</styleUrl>
			<ExtendedData>
				<SchemaData schemaUrl="#kml_schema_ft_LL_WGS84_KMZ_TEMA_EDUCACAO_CEU">
					<SimpleData name="eq_id">2098</SimpleData>
					<SimpleData name="eq_nome">CEU CEI SAO MATEUS</SimpleData>
					<SimpleData name="eq_enderec">CURUMATIM 201</SimpleData>
					<SimpleData name="eq_bairro">PARQUE BOA ESPERANCA</SimpleData>
					<SimpleData name="eq_cep">08341000</SimpleData>
					<SimpleData name="eq_tipo">CEU CEI</SimpleData>
					<SimpleData name="eq_classe">CEU</SimpleData>
					<SimpleData name="eq_telefon">1127328111 / 1127328112</SimpleData>
					<SimpleData name="eq_setor">355030833000070</SimpleData>
					<SimpleData name="eq_areap">3550308005274</SimpleData>
					<SimpleData name="eq_cd_dist">33</SimpleData>
					<SimpleData name="eq_distr">IGUATEMI</SimpleData>
					<SimpleData name="eq_cd_subp">30</SimpleData>
					<SimpleData name="eq_subpref">SAO MATEUS</SimpleData>
					<SimpleData name="eq_regiao5">Leste</SimpleData>
					<SimpleData name="eq_regiao8">Leste 2</SimpleData>
					<SimpleData name="eq_ender">CURUMATIM</SimpleData>
					<SimpleData name="eq_num">201</SimpleData>
					<SimpleData name="eq_compend">RUA</SimpleData>
					<SimpleData name="eq_codcep">08341000</SimpleData>
					<SimpleData name="eq_fone1">1127328111</SimpleData>
					<SimpleData name="eq_fone2">1127328112</SimpleData>
					<SimpleData name="eq_cd_dirt">10211</SimpleData>
					<SimpleData name="eq_diretor">LESTE 3</SimpleData>
					<SimpleData name="eq_dre">SAO MATEUS</SimpleData>
					<SimpleData name="eq_cd_zona">1</SimpleData>
					<SimpleData name="eq_zona">Urbana</SimpleData>
					<SimpleData name="eq_cd_mec">35058178</SimpleData>
					<SimpleData name="eq_esfera">MUNICIPAL</SimpleData>
					<SimpleData name="eq_cd_catg">1</SimpleData>
					<SimpleData name="eq_categor">ESCOLAS AUTONOMAS</SimpleData>
					<SimpleData name="eq_eol">35058178</SimpleData>
					<SimpleData name="eq_horario">07:00-18:00</SimpleData>
				</SchemaData>
			</ExtendedData>
			<Point>
				<coordinates>-46.4493491178499,-23.6027032411956,0</coordinates>
			</Point>
		</Placemark>
		<Placemark id="kml_40">
			<name>kml_40</name>
			<snippet></snippet>
			<description><![CDATA[<center><table><tr><th colspan='2' align='center'><em>Attributes</em></th></tr><tr bgcolor="#E3E3F3">
<th>eq_id</th>
<td>2099</td>
</tr><tr bgcolor="">
<th>eq_nome</th>
<td>CEU EMEF VILA ATLANTICA</td>
</tr><tr bgcolor="#E3E3F3">
<th>eq_enderec</th>
<td>JOSE VENANCIO DIAS CORONEL 840</td>
</tr><tr bgcolor="">
<th>eq_bairro</th>
<td>JARAGUA</td>
</tr><tr bgcolor="#E3E3F3">
<th>eq_cep</th>
<td>05160000</td>
</tr><tr bgcolor="">
<th>eq_tipo</th>
<td>CEU EMEF</td>
</tr><tr bgcolor="#E3E3F3">
<th>eq_classe</th>
<td>CEU</td>
</tr><tr bgcolor="">
<th>eq_telefon</th>
<td>1139018721 / 1139018722</td>
</tr><tr bgcolor="#E3E3F3">
<th>eq_setor</th>
<td>355030895000109</td>
</tr><tr bgcolor="">
<th>eq_areap</th>
<td>3550308005111</td>
</tr><tr bgcolor="#E3E3F3">
<th>eq_cd_dist</th>
<td>95</td>
</tr><tr bgcolor="">
<th>eq_distr</th>
<td>SAO DOMINGOS</td>
</tr><tr bgcolor="#E3E3F3">
<th>eq_cd_subp</th>
<td>2</td>
</tr><tr bgcolor="">
<th>eq_subpref</th>
<td>PIRITUBA-JARAGUA</td>
</tr><tr bgcolor="#E3E3F3">
<th>eq_regiao5</th>
<td>Norte</td>
</tr><tr bgcolor="">
<th>eq_regiao8</th>
<td>Norte 2</td>
</tr><tr bgcolor="#E3E3F3">
<th>eq_ender</th>
<td>JOSE VENANCIO DIAS CORONEL</td>
</tr><tr bgcolor="">
<th>eq_num</th>
<td>840</td>
</tr><tr bgcolor="#E3E3F3">
<th>eq_compend</th>
<td>RUA</td>
</tr><tr bgcolor="">
<th>eq_codcep</th>
<td>05160000</td>
</tr><tr bgcolor="#E3E3F3">
<th>eq_fone1</th>
<td>1139018721</td>
</tr><tr bgcolor="">
<th>eq_fone2</th>
<td>1139018722</td>
</tr><tr bgcolor="#E3E3F3">
<th>eq_email</th>
<td>EMEFCEUVATLANTICA@SME.PREFEITURA.SP.GOV.BR</td>
</tr><tr bgcolor="">
<th>eq_cd_dirt</th>
<td>10101</td>
</tr><tr bgcolor="#E3E3F3">
<th>eq_diretor</th>
<td>NORTE 1</td>
</tr><tr bgcolor="">
<th>eq_dre</th>
<td>PIRITUBA</td>
</tr><tr bgcolor="#E3E3F3">
<th>eq_cd_zona</th>
<td>1</td>
</tr><tr bgcolor="">
<th>eq_zona</th>
<td>Urbana</td>
</tr><tr bgcolor="#E3E3F3">
<th>eq_cd_mec</th>
<td>35058185</td>
</tr><tr bgcolor="">
<th>eq_esfera</th>
<td>MUNICIPAL</td>
</tr><tr bgcolor="#E3E3F3">
<th>eq_cd_catg</th>
<td>1</td>
</tr><tr bgcolor="">
<th>eq_categor</th>
<td>ESCOLAS AUTONOMAS</td>
</tr><tr bgcolor="#E3E3F3">
<th>eq_eol</th>
<td>35058185</td>
</tr><tr bgcolor="">
<th>eq_horario</th>
<td>07:00-23:00</td>
</tr></table></center>]]></description>
			<styleUrl>#m_ylw-pushpin</styleUrl>
			<ExtendedData>
				<SchemaData schemaUrl="#kml_schema_ft_LL_WGS84_KMZ_TEMA_EDUCACAO_CEU">
					<SimpleData name="eq_id">2099</SimpleData>
					<SimpleData name="eq_nome">CEU EMEF VILA ATLANTICA</SimpleData>
					<SimpleData name="eq_enderec">JOSE VENANCIO DIAS CORONEL 840</SimpleData>
					<SimpleData name="eq_bairro">JARAGUA</SimpleData>
					<SimpleData name="eq_cep">05160000</SimpleData>
					<SimpleData name="eq_tipo">CEU EMEF</SimpleData>
					<SimpleData name="eq_classe">CEU</SimpleData>
					<SimpleData name="eq_telefon">1139018721 / 1139018722</SimpleData>
					<SimpleData name="eq_setor">355030895000109</SimpleData>
					<SimpleData name="eq_areap">3550308005111</SimpleData>
					<SimpleData name="eq_cd_dist">95</SimpleData>
					<SimpleData name="eq_distr">SAO DOMINGOS</SimpleData>
					<SimpleData name="eq_cd_subp">2</SimpleData>
					<SimpleData name="eq_subpref">PIRITUBA-JARAGUA</SimpleData>
					<SimpleData name="eq_regiao5">Norte</SimpleData>
					<SimpleData name="eq_regiao8">Norte 2</SimpleData>
					<SimpleData name="eq_ender">JOSE VENANCIO DIAS CORONEL</SimpleData>
					<SimpleData name="eq_num">840</SimpleData>
					<SimpleData name="eq_compend">RUA</SimpleData>
					<SimpleData name="eq_codcep">05160000</SimpleData>
					<SimpleData name="eq_fone1">1139018721</SimpleData>
					<SimpleData name="eq_fone2">1139018722</SimpleData>
					<SimpleData name="eq_email">EMEFCEUVATLANTICA@SME.PREFEITURA.SP.GOV.BR</SimpleData>
					<SimpleData name="eq_cd_dirt">10101</SimpleData>
					<SimpleData name="eq_diretor">NORTE 1</SimpleData>
					<SimpleData name="eq_dre">PIRITUBA</SimpleData>
					<SimpleData name="eq_cd_zona">1</SimpleData>
					<SimpleData name="eq_zona">Urbana</SimpleData>
					<SimpleData name="eq_cd_mec">35058185</SimpleData>
					<SimpleData name="eq_esfera">MUNICIPAL</SimpleData>
					<SimpleData name="eq_cd_catg">1</SimpleData>
					<SimpleData name="eq_categor">ESCOLAS AUTONOMAS</SimpleData>
					<SimpleData name="eq_eol">35058185</SimpleData>
					<SimpleData name="eq_horario">07:00-23:00</SimpleData>
				</SchemaData>
			</ExtendedData>
			<Point>
				<coordinates>-46.7626483189893,-23.4818727575803,0</coordinates>
			</Point>
		</Placemark>
		<Placemark id="kml_41">
			<name>kml_41</name>
			<snippet></snippet>
			<description><![CDATA[<center><table><tr><th colspan='2' align='center'><em>Attributes</em></th></tr><tr bgcolor="#E3E3F3">
<th>eq_id</th>
<td>2100</td>
</tr><tr bgcolor="">
<th>eq_nome</th>
<td>CEU EMEI VILA ATLANTICA</td>
</tr><tr bgcolor="#E3E3F3">
<th>eq_enderec</th>
<td>JOSE VENANCIO DIAS CORONEL 840</td>
</tr><tr bgcolor="">
<th>eq_bairro</th>
<td>JARAGUA</td>
</tr><tr bgcolor="#E3E3F3">
<th>eq_cep</th>
<td>05160000</td>
</tr><tr bgcolor="">
<th>eq_tipo</th>
<td>CEU EMEI</td>
</tr><tr bgcolor="#E3E3F3">
<th>eq_classe</th>
<td>CEU</td>
</tr><tr bgcolor="">
<th>eq_telefon</th>
<td>1139018734 / 1139018735</td>
</tr><tr bgcolor="#E3E3F3">
<th>eq_setor</th>
<td>355030895000109</td>
</tr><tr bgcolor="">
<th>eq_areap</th>
<td>3550308005111</td>
</tr><tr bgcolor="#E3E3F3">
<th>eq_cd_dist</th>
<td>95</td>
</tr><tr bgcolor="">
<th>eq_distr</th>
<td>SAO DOMINGOS</td>
</tr><tr bgcolor="#E3E3F3">
<th>eq_cd_subp</th>
<td>2</td>
</tr><tr bgcolor="">
<th>eq_subpref</th>
<td>PIRITUBA-JARAGUA</td>
</tr><tr bgcolor="#E3E3F3">
<th>eq_regiao5</th>
<td>Norte</td>
</tr><tr bgcolor="">
<th>eq_regiao8</th>
<td>Norte 2</td>
</tr><tr bgcolor="#E3E3F3">
<th>eq_ender</th>
<td>JOSE VENANCIO DIAS CORONEL</td>
</tr><tr bgcolor="">
<th>eq_num</th>
<td>840</td>
</tr><tr bgcolor="#E3E3F3">
<th>eq_compend</th>
<td>RUA</td>
</tr><tr bgcolor="">
<th>eq_codcep</th>
<td>05160000</td>
</tr><tr bgcolor="#E3E3F3">
<th>eq_fone1</th>
<td>1139018734</td>
</tr><tr bgcolor="">
<th>eq_fone2</th>
<td>1139018735</td>
</tr><tr bgcolor="#E3E3F3">
<th>eq_email</th>
<td>EMEICEUVATLANTICA@SME.PREFEITURA.SP.GOV.BR</td>
</tr><tr bgcolor="">
<th>eq_cd_dirt</th>
<td>10101</td>
</tr><tr bgcolor="#E3E3F3">
<th>eq_diretor</th>
<td>NORTE 1</td>
</tr><tr bgcolor="">
<th>eq_dre</th>
<td>PIRITUBA</td>
</tr><tr bgcolor="#E3E3F3">
<th>eq_cd_zona</th>
<td>1</td>
</tr><tr bgcolor="">
<th>eq_zona</th>
<td>Urbana</td>
</tr><tr bgcolor="#E3E3F3">
<th>eq_cd_mec</th>
<td>35058191</td>
</tr><tr bgcolor="">
<th>eq_esfera</th>
<td>MUNICIPAL</td>
</tr><tr bgcolor="#E3E3F3">
<th>eq_cd_catg</th>
<td>1</td>
</tr><tr bgcolor="">
<th>eq_categor</th>
<td>ESCOLAS AUTONOMAS</td>
</tr><tr bgcolor="#E3E3F3">
<th>eq_eol</th>
<td>35058191</td>
</tr><tr bgcolor="">
<th>eq_horario</th>
<td>07:00-19:00</td>
</tr></table></center>]]></description>
			<styleUrl>#m_ylw-pushpin</styleUrl>
			<ExtendedData>
				<SchemaData schemaUrl="#kml_schema_ft_LL_WGS84_KMZ_TEMA_EDUCACAO_CEU">
					<SimpleData name="eq_id">2100</SimpleData>
					<SimpleData name="eq_nome">CEU EMEI VILA ATLANTICA</SimpleData>
					<SimpleData name="eq_enderec">JOSE VENANCIO DIAS CORONEL 840</SimpleData>
					<SimpleData name="eq_bairro">JARAGUA</SimpleData>
					<SimpleData name="eq_cep">05160000</SimpleData>
					<SimpleData name="eq_tipo">CEU EMEI</SimpleData>
					<SimpleData name="eq_classe">CEU</SimpleData>
					<SimpleData name="eq_telefon">1139018734 / 1139018735</SimpleData>
					<SimpleData name="eq_setor">355030895000109</SimpleData>
					<SimpleData name="eq_areap">3550308005111</SimpleData>
					<SimpleData name="eq_cd_dist">95</SimpleData>
					<SimpleData name="eq_distr">SAO DOMINGOS</SimpleData>
					<SimpleData name="eq_cd_subp">2</SimpleData>
					<SimpleData name="eq_subpref">PIRITUBA-JARAGUA</SimpleData>
					<SimpleData name="eq_regiao5">Norte</SimpleData>
					<SimpleData name="eq_regiao8">Norte 2</SimpleData>
					<SimpleData name="eq_ender">JOSE VENANCIO DIAS CORONEL</SimpleData>
					<SimpleData name="eq_num">840</SimpleData>
					<SimpleData name="eq_compend">RUA</SimpleData>
					<SimpleData name="eq_codcep">05160000</SimpleData>
					<SimpleData name="eq_fone1">1139018734</SimpleData>
					<SimpleData name="eq_fone2">1139018735</SimpleData>
					<SimpleData name="eq_email">EMEICEUVATLANTICA@SME.PREFEITURA.SP.GOV.BR</SimpleData>
					<SimpleData name="eq_cd_dirt">10101</SimpleData>
					<SimpleData name="eq_diretor">NORTE 1</SimpleData>
					<SimpleData name="eq_dre">PIRITUBA</SimpleData>
					<SimpleData name="eq_cd_zona">1</SimpleData>
					<SimpleData name="eq_zona">Urbana</SimpleData>
					<SimpleData name="eq_cd_mec">35058191</SimpleData>
					<SimpleData name="eq_esfera">MUNICIPAL</SimpleData>
					<SimpleData name="eq_cd_catg">1</SimpleData>
					<SimpleData name="eq_categor">ESCOLAS AUTONOMAS</SimpleData>
					<SimpleData name="eq_eol">35058191</SimpleData>
					<SimpleData name="eq_horario">07:00-19:00</SimpleData>
				</SchemaData>
			</ExtendedData>
			<Point>
				<coordinates>-46.7626483189893,-23.4818727575803,0</coordinates>
			</Point>
		</Placemark>
		<Placemark id="kml_42">
			<name>kml_42</name>
			<snippet></snippet>
			<description><![CDATA[<center><table><tr><th colspan='2' align='center'><em>Attributes</em></th></tr><tr bgcolor="#E3E3F3">
<th>eq_id</th>
<td>2101</td>
</tr><tr bgcolor="">
<th>eq_nome</th>
<td>CEU CEI VILA ATLANTICA</td>
</tr><tr bgcolor="#E3E3F3">
<th>eq_enderec</th>
<td>JOSE VENANCIO DIAS CORONEL 840</td>
</tr><tr bgcolor="">
<th>eq_bairro</th>
<td>JARAGUA</td>
</tr><tr bgcolor="#E3E3F3">
<th>eq_cep</th>
<td>05160000</td>
</tr><tr bgcolor="">
<th>eq_tipo</th>
<td>CEU CEI</td>
</tr><tr bgcolor="#E3E3F3">
<th>eq_classe</th>
<td>CEU</td>
</tr><tr bgcolor="">
<th>eq_telefon</th>
<td>1139018713 / 1139018714</td>
</tr><tr bgcolor="#E3E3F3">
<th>eq_setor</th>
<td>355030895000109</td>
</tr><tr bgcolor="">
<th>eq_areap</th>
<td>3550308005111</td>
</tr><tr bgcolor="#E3E3F3">
<th>eq_cd_dist</th>
<td>95</td>
</tr><tr bgcolor="">
<th>eq_distr</th>
<td>SAO DOMINGOS</td>
</tr><tr bgcolor="#E3E3F3">
<th>eq_cd_subp</th>
<td>2</td>
</tr><tr bgcolor="">
<th>eq_subpref</th>
<td>PIRITUBA-JARAGUA</td>
</tr><tr bgcolor="#E3E3F3">
<th>eq_regiao5</th>
<td>Norte</td>
</tr><tr bgcolor="">
<th>eq_regiao8</th>
<td>Norte 2</td>
</tr><tr bgcolor="#E3E3F3">
<th>eq_ender</th>
<td>JOSE VENANCIO DIAS CORONEL</td>
</tr><tr bgcolor="">
<th>eq_num</th>
<td>840</td>
</tr><tr bgcolor="#E3E3F3">
<th>eq_compend</th>
<td>RUA</td>
</tr><tr bgcolor="">
<th>eq_codcep</th>
<td>05160000</td>
</tr><tr bgcolor="#E3E3F3">
<th>eq_fone1</th>
<td>1139018713</td>
</tr><tr bgcolor="">
<th>eq_fone2</th>
<td>1139018714</td>
</tr><tr bgcolor="#E3E3F3">
<th>eq_email</th>
<td>CEICEUVATLANTICA@SME.PREFEITURA.SP.GOV.BR</td>
</tr><tr bgcolor="">
<th>eq_cd_dirt</th>
<td>10101</td>
</tr><tr bgcolor="#E3E3F3">
<th>eq_diretor</th>
<td>NORTE 1</td>
</tr><tr bgcolor="">
<th>eq_dre</th>
<td>PIRITUBA</td>
</tr><tr bgcolor="#E3E3F3">
<th>eq_cd_zona</th>
<td>1</td>
</tr><tr bgcolor="">
<th>eq_zona</th>
<td>Urbana</td>
</tr><tr bgcolor="#E3E3F3">
<th>eq_cd_mec</th>
<td>35058208</td>
</tr><tr bgcolor="">
<th>eq_esfera</th>
<td>MUNICIPAL</td>
</tr><tr bgcolor="#E3E3F3">
<th>eq_cd_catg</th>
<td>1</td>
</tr><tr bgcolor="">
<th>eq_categor</th>
<td>ESCOLAS AUTONOMAS</td>
</tr><tr bgcolor="#E3E3F3">
<th>eq_eol</th>
<td>35058208</td>
</tr><tr bgcolor="">
<th>eq_horario</th>
<td>07:00-18:00</td>
</tr></table></center>]]></description>
			<styleUrl>#m_ylw-pushpin</styleUrl>
			<ExtendedData>
				<SchemaData schemaUrl="#kml_schema_ft_LL_WGS84_KMZ_TEMA_EDUCACAO_CEU">
					<SimpleData name="eq_id">2101</SimpleData>
					<SimpleData name="eq_nome">CEU CEI VILA ATLANTICA</SimpleData>
					<SimpleData name="eq_enderec">JOSE VENANCIO DIAS CORONEL 840</SimpleData>
					<SimpleData name="eq_bairro">JARAGUA</SimpleData>
					<SimpleData name="eq_cep">05160000</SimpleData>
					<SimpleData name="eq_tipo">CEU CEI</SimpleData>
					<SimpleData name="eq_classe">CEU</SimpleData>
					<SimpleData name="eq_telefon">1139018713 / 1139018714</SimpleData>
					<SimpleData name="eq_setor">355030895000109</SimpleData>
					<SimpleData name="eq_areap">3550308005111</SimpleData>
					<SimpleData name="eq_cd_dist">95</SimpleData>
					<SimpleData name="eq_distr">SAO DOMINGOS</SimpleData>
					<SimpleData name="eq_cd_subp">2</SimpleData>
					<SimpleData name="eq_subpref">PIRITUBA-JARAGUA</SimpleData>
					<SimpleData name="eq_regiao5">Norte</SimpleData>
					<SimpleData name="eq_regiao8">Norte 2</SimpleData>
					<SimpleData name="eq_ender">JOSE VENANCIO DIAS CORONEL</SimpleData>
					<SimpleData name="eq_num">840</SimpleData>
					<SimpleData name="eq_compend">RUA</SimpleData>
					<SimpleData name="eq_codcep">05160000</SimpleData>
					<SimpleData name="eq_fone1">1139018713</SimpleData>
					<SimpleData name="eq_fone2">1139018714</SimpleData>
					<SimpleData name="eq_email">CEICEUVATLANTICA@SME.PREFEITURA.SP.GOV.BR</SimpleData>
					<SimpleData name="eq_cd_dirt">10101</SimpleData>
					<SimpleData name="eq_diretor">NORTE 1</SimpleData>
					<SimpleData name="eq_dre">PIRITUBA</SimpleData>
					<SimpleData name="eq_cd_zona">1</SimpleData>
					<SimpleData name="eq_zona">Urbana</SimpleData>
					<SimpleData name="eq_cd_mec">35058208</SimpleData>
					<SimpleData name="eq_esfera">MUNICIPAL</SimpleData>
					<SimpleData name="eq_cd_catg">1</SimpleData>
					<SimpleData name="eq_categor">ESCOLAS AUTONOMAS</SimpleData>
					<SimpleData name="eq_eol">35058208</SimpleData>
					<SimpleData name="eq_horario">07:00-18:00</SimpleData>
				</SchemaData>
			</ExtendedData>
			<Point>
				<coordinates>-46.7626483189893,-23.4818727575803,0</coordinates>
			</Point>
		</Placemark>
		<Placemark id="kml_43">
			<name>kml_43</name>
			<snippet></snippet>
			<description><![CDATA[<center><table><tr><th colspan='2' align='center'><em>Attributes</em></th></tr><tr bgcolor="#E3E3F3">
<th>eq_id</th>
<td>2102</td>
</tr><tr bgcolor="">
<th>eq_nome</th>
<td>CEU EMEF VILA CURUCA</td>
</tr><tr bgcolor="#E3E3F3">
<th>eq_enderec</th>
<td>TITO MARECHAL 3400</td>
</tr><tr bgcolor="">
<th>eq_bairro</th>
<td>ITAIM PAULISTA</td>
</tr><tr bgcolor="#E3E3F3">
<th>eq_cep</th>
<td>08115000</td>
</tr><tr bgcolor="">
<th>eq_tipo</th>
<td>CEU EMEF</td>
</tr><tr bgcolor="#E3E3F3">
<th>eq_classe</th>
<td>CEU</td>
</tr><tr bgcolor="">
<th>eq_telefon</th>
<td>1125636111 / 1125636112</td>
</tr><tr bgcolor="#E3E3F3">
<th>eq_setor</th>
<td>355030884000107</td>
</tr><tr bgcolor="">
<th>eq_areap</th>
<td>3550308005248</td>
</tr><tr bgcolor="#E3E3F3">
<th>eq_cd_dist</th>
<td>84</td>
</tr><tr bgcolor="">
<th>eq_distr</th>
<td>VILA CURUCA</td>
</tr><tr bgcolor="#E3E3F3">
<th>eq_cd_subp</th>
<td>24</td>
</tr><tr bgcolor="">
<th>eq_subpref</th>
<td>ITAIM PAULISTA</td>
</tr><tr bgcolor="#E3E3F3">
<th>eq_regiao5</th>
<td>Leste</td>
</tr><tr bgcolor="">
<th>eq_regiao8</th>
<td>Leste 2</td>
</tr><tr bgcolor="#E3E3F3">
<th>eq_ender</th>
<td>TITO MARECHAL</td>
</tr><tr bgcolor="">
<th>eq_num</th>
<td>3400</td>
</tr><tr bgcolor="#E3E3F3">
<th>eq_compend</th>
<td>AVENIDA</td>
</tr><tr bgcolor="">
<th>eq_codcep</th>
<td>08115000</td>
</tr><tr bgcolor="#E3E3F3">
<th>eq_fone1</th>
<td>1125636111</td>
</tr><tr bgcolor="">
<th>eq_fone2</th>
<td>1125636112</td>
</tr><tr bgcolor="#E3E3F3">
<th>eq_email</th>
<td>EMEFCEUVILACURUCA@SME.PREFEITURA.SP.GOV.BR</td>
</tr><tr bgcolor="">
<th>eq_cd_dirt</th>
<td>10210</td>
</tr><tr bgcolor="#E3E3F3">
<th>eq_diretor</th>
<td>LESTE 2</td>
</tr><tr bgcolor="">
<th>eq_dre</th>
<td>SAO MIGUEL</td>
</tr><tr bgcolor="#E3E3F3">
<th>eq_cd_zona</th>
<td>1</td>
</tr><tr bgcolor="">
<th>eq_zona</th>
<td>Urbana</td>
</tr><tr bgcolor="#E3E3F3">
<th>eq_cd_mec</th>
<td>35058212</td>
</tr><tr bgcolor="">
<th>eq_esfera</th>
<td>MUNICIPAL</td>
</tr><tr bgcolor="#E3E3F3">
<th>eq_cd_catg</th>
<td>1</td>
</tr><tr bgcolor="">
<th>eq_categor</th>
<td>ESCOLAS AUTONOMAS</td>
</tr><tr bgcolor="#E3E3F3">
<th>eq_eol</th>
<td>35058212</td>
</tr><tr bgcolor="">
<th>eq_horario</th>
<td>07:00-23:00</td>
</tr></table></center>]]></description>
			<styleUrl>#m_ylw-pushpin</styleUrl>
			<ExtendedData>
				<SchemaData schemaUrl="#kml_schema_ft_LL_WGS84_KMZ_TEMA_EDUCACAO_CEU">
					<SimpleData name="eq_id">2102</SimpleData>
					<SimpleData name="eq_nome">CEU EMEF VILA CURUCA</SimpleData>
					<SimpleData name="eq_enderec">TITO MARECHAL 3400</SimpleData>
					<SimpleData name="eq_bairro">ITAIM PAULISTA</SimpleData>
					<SimpleData name="eq_cep">08115000</SimpleData>
					<SimpleData name="eq_tipo">CEU EMEF</SimpleData>
					<SimpleData name="eq_classe">CEU</SimpleData>
					<SimpleData name="eq_telefon">1125636111 / 1125636112</SimpleData>
					<SimpleData name="eq_setor">355030884000107</SimpleData>
					<SimpleData name="eq_areap">3550308005248</SimpleData>
					<SimpleData name="eq_cd_dist">84</SimpleData>
					<SimpleData name="eq_distr">VILA CURUCA</SimpleData>
					<SimpleData name="eq_cd_subp">24</SimpleData>
					<SimpleData name="eq_subpref">ITAIM PAULISTA</SimpleData>
					<SimpleData name="eq_regiao5">Leste</SimpleData>
					<SimpleData name="eq_regiao8">Leste 2</SimpleData>
					<SimpleData name="eq_ender">TITO MARECHAL</SimpleData>
					<SimpleData name="eq_num">3400</SimpleData>
					<SimpleData name="eq_compend">AVENIDA</SimpleData>
					<SimpleData name="eq_codcep">08115000</SimpleData>
					<SimpleData name="eq_fone1">1125636111</SimpleData>
					<SimpleData name="eq_fone2">1125636112</SimpleData>
					<SimpleData name="eq_email">EMEFCEUVILACURUCA@SME.PREFEITURA.SP.GOV.BR</SimpleData>
					<SimpleData name="eq_cd_dirt">10210</SimpleData>
					<SimpleData name="eq_diretor">LESTE 2</SimpleData>
					<SimpleData name="eq_dre">SAO MIGUEL</SimpleData>
					<SimpleData name="eq_cd_zona">1</SimpleData>
					<SimpleData name="eq_zona">Urbana</SimpleData>
					<SimpleData name="eq_cd_mec">35058212</SimpleData>
					<SimpleData name="eq_esfera">MUNICIPAL</SimpleData>
					<SimpleData name="eq_cd_catg">1</SimpleData>
					<SimpleData name="eq_categor">ESCOLAS AUTONOMAS</SimpleData>
					<SimpleData name="eq_eol">35058212</SimpleData>
					<SimpleData name="eq_horario">07:00-23:00</SimpleData>
				</SchemaData>
			</ExtendedData>
			<Point>
				<coordinates>-46.4124683665561,-23.4950438454867,0</coordinates>
			</Point>
		</Placemark>
		<Placemark id="kml_44">
			<name>kml_44</name>
			<snippet></snippet>
			<description><![CDATA[<center><table><tr><th colspan='2' align='center'><em>Attributes</em></th></tr><tr bgcolor="#E3E3F3">
<th>eq_id</th>
<td>2103</td>
</tr><tr bgcolor="">
<th>eq_nome</th>
<td>CEU EMEI APPARECIDO DOMINGUES PROF</td>
</tr><tr bgcolor="#E3E3F3">
<th>eq_enderec</th>
<td>TITO MARECHAL 3400</td>
</tr><tr bgcolor="">
<th>eq_bairro</th>
<td>ITAIM PAULISTA</td>
</tr><tr bgcolor="#E3E3F3">
<th>eq_cep</th>
<td>08115000</td>
</tr><tr bgcolor="">
<th>eq_tipo</th>
<td>CEU EMEI</td>
</tr><tr bgcolor="#E3E3F3">
<th>eq_classe</th>
<td>CEU</td>
</tr><tr bgcolor="">
<th>eq_telefon</th>
<td>1125636122 / 1125636132</td>
</tr><tr bgcolor="#E3E3F3">
<th>eq_setor</th>
<td>355030884000107</td>
</tr><tr bgcolor="">
<th>eq_areap</th>
<td>3550308005248</td>
</tr><tr bgcolor="#E3E3F3">
<th>eq_cd_dist</th>
<td>84</td>
</tr><tr bgcolor="">
<th>eq_distr</th>
<td>VILA CURUCA</td>
</tr><tr bgcolor="#E3E3F3">
<th>eq_cd_subp</th>
<td>24</td>
</tr><tr bgcolor="">
<th>eq_subpref</th>
<td>ITAIM PAULISTA</td>
</tr><tr bgcolor="#E3E3F3">
<th>eq_regiao5</th>
<td>Leste</td>
</tr><tr bgcolor="">
<th>eq_regiao8</th>
<td>Leste 2</td>
</tr><tr bgcolor="#E3E3F3">
<th>eq_ender</th>
<td>TITO MARECHAL</td>
</tr><tr bgcolor="">
<th>eq_num</th>
<td>3400</td>
</tr><tr bgcolor="#E3E3F3">
<th>eq_compend</th>
<td>AVENIDA</td>
</tr><tr bgcolor="">
<th>eq_codcep</th>
<td>08115000</td>
</tr><tr bgcolor="#E3E3F3">
<th>eq_fone1</th>
<td>1125636122</td>
</tr><tr bgcolor="">
<th>eq_fone2</th>
<td>1125636132</td>
</tr><tr bgcolor="#E3E3F3">
<th>eq_email</th>
<td></td>
</tr><tr bgcolor="">
<th>eq_cd_dirt</th>
<td>10210</td>
</tr><tr bgcolor="#E3E3F3">
<th>eq_diretor</th>
<td>LESTE 2</td>
</tr><tr bgcolor="">
<th>eq_dre</th>
<td>SAO MIGUEL</td>
</tr><tr bgcolor="#E3E3F3">
<th>eq_cd_zona</th>
<td>1</td>
</tr><tr bgcolor="">
<th>eq_zona</th>
<td>Urbana</td>
</tr><tr bgcolor="#E3E3F3">
<th>eq_cd_mec</th>
<td>35058257</td>
</tr><tr bgcolor="">
<th>eq_esfera</th>
<td>MUNICIPAL</td>
</tr><tr bgcolor="#E3E3F3">
<th>eq_cd_catg</th>
<td>1</td>
</tr><tr bgcolor="">
<th>eq_categor</th>
<td>ESCOLAS AUTONOMAS</td>
</tr><tr bgcolor="#E3E3F3">
<th>eq_eol</th>
<td>35058257</td>
</tr><tr bgcolor="">
<th>eq_horario</th>
<td>07:00-19:00</td>
</tr></table></center>]]></description>
			<styleUrl>#m_ylw-pushpin</styleUrl>
			<ExtendedData>
				<SchemaData schemaUrl="#kml_schema_ft_LL_WGS84_KMZ_TEMA_EDUCACAO_CEU">
					<SimpleData name="eq_id">2103</SimpleData>
					<SimpleData name="eq_nome">CEU EMEI APPARECIDO DOMINGUES PROF</SimpleData>
					<SimpleData name="eq_enderec">TITO MARECHAL 3400</SimpleData>
					<SimpleData name="eq_bairro">ITAIM PAULISTA</SimpleData>
					<SimpleData name="eq_cep">08115000</SimpleData>
					<SimpleData name="eq_tipo">CEU EMEI</SimpleData>
					<SimpleData name="eq_classe">CEU</SimpleData>
					<SimpleData name="eq_telefon">1125636122 / 1125636132</SimpleData>
					<SimpleData name="eq_setor">355030884000107</SimpleData>
					<SimpleData name="eq_areap">3550308005248</SimpleData>
					<SimpleData name="eq_cd_dist">84</SimpleData>
					<SimpleData name="eq_distr">VILA CURUCA</SimpleData>
					<SimpleData name="eq_cd_subp">24</SimpleData>
					<SimpleData name="eq_subpref">ITAIM PAULISTA</SimpleData>
					<SimpleData name="eq_regiao5">Leste</SimpleData>
					<SimpleData name="eq_regiao8">Leste 2</SimpleData>
					<SimpleData name="eq_ender">TITO MARECHAL</SimpleData>
					<SimpleData name="eq_num">3400</SimpleData>
					<SimpleData name="eq_compend">AVENIDA</SimpleData>
					<SimpleData name="eq_codcep">08115000</SimpleData>
					<SimpleData name="eq_fone1">1125636122</SimpleData>
					<SimpleData name="eq_fone2">1125636132</SimpleData>
					<SimpleData name="eq_cd_dirt">10210</SimpleData>
					<SimpleData name="eq_diretor">LESTE 2</SimpleData>
					<SimpleData name="eq_dre">SAO MIGUEL</SimpleData>
					<SimpleData name="eq_cd_zona">1</SimpleData>
					<SimpleData name="eq_zona">Urbana</SimpleData>
					<SimpleData name="eq_cd_mec">35058257</SimpleData>
					<SimpleData name="eq_esfera">MUNICIPAL</SimpleData>
					<SimpleData name="eq_cd_catg">1</SimpleData>
					<SimpleData name="eq_categor">ESCOLAS AUTONOMAS</SimpleData>
					<SimpleData name="eq_eol">35058257</SimpleData>
					<SimpleData name="eq_horario">07:00-19:00</SimpleData>
				</SchemaData>
			</ExtendedData>
			<Point>
				<coordinates>-46.4124324140017,-23.4953638685881,0</coordinates>
			</Point>
		</Placemark>
		<Placemark id="kml_45">
			<name>kml_45</name>
			<snippet></snippet>
			<description><![CDATA[<center><table><tr><th colspan='2' align='center'><em>Attributes</em></th></tr><tr bgcolor="#E3E3F3">
<th>eq_id</th>
<td>2104</td>
</tr><tr bgcolor="">
<th>eq_nome</th>
<td>CEU CEI ANA LUCIA DE HOLANDA GAMBOA PROFA</td>
</tr><tr bgcolor="#E3E3F3">
<th>eq_enderec</th>
<td>TITO MARECHAL 3400</td>
</tr><tr bgcolor="">
<th>eq_bairro</th>
<td>ITAIM PAULISTA</td>
</tr><tr bgcolor="#E3E3F3">
<th>eq_cep</th>
<td>08115000</td>
</tr><tr bgcolor="">
<th>eq_tipo</th>
<td>CEU CEI</td>
</tr><tr bgcolor="#E3E3F3">
<th>eq_classe</th>
<td>CEU</td>
</tr><tr bgcolor="">
<th>eq_telefon</th>
<td>1125636123 / 1125636125</td>
</tr><tr bgcolor="#E3E3F3">
<th>eq_setor</th>
<td>355030884000107</td>
</tr><tr bgcolor="">
<th>eq_areap</th>
<td>3550308005248</td>
</tr><tr bgcolor="#E3E3F3">
<th>eq_cd_dist</th>
<td>84</td>
</tr><tr bgcolor="">
<th>eq_distr</th>
<td>VILA CURUCA</td>
</tr><tr bgcolor="#E3E3F3">
<th>eq_cd_subp</th>
<td>24</td>
</tr><tr bgcolor="">
<th>eq_subpref</th>
<td>ITAIM PAULISTA</td>
</tr><tr bgcolor="#E3E3F3">
<th>eq_regiao5</th>
<td>Leste</td>
</tr><tr bgcolor="">
<th>eq_regiao8</th>
<td>Leste 2</td>
</tr><tr bgcolor="#E3E3F3">
<th>eq_ender</th>
<td>TITO MARECHAL</td>
</tr><tr bgcolor="">
<th>eq_num</th>
<td>3400</td>
</tr><tr bgcolor="#E3E3F3">
<th>eq_compend</th>
<td>AVENIDA</td>
</tr><tr bgcolor="">
<th>eq_codcep</th>
<td>08115000</td>
</tr><tr bgcolor="#E3E3F3">
<th>eq_fone1</th>
<td>1125636123</td>
</tr><tr bgcolor="">
<th>eq_fone2</th>
<td>1125636125</td>
</tr><tr bgcolor="#E3E3F3">
<th>eq_email</th>
<td></td>
</tr><tr bgcolor="">
<th>eq_cd_dirt</th>
<td>10210</td>
</tr><tr bgcolor="#E3E3F3">
<th>eq_diretor</th>
<td>LESTE 2</td>
</tr><tr bgcolor="">
<th>eq_dre</th>
<td>SAO MIGUEL</td>
</tr><tr bgcolor="#E3E3F3">
<th>eq_cd_zona</th>
<td>1</td>
</tr><tr bgcolor="">
<th>eq_zona</th>
<td>Urbana</td>
</tr><tr bgcolor="#E3E3F3">
<th>eq_cd_mec</th>
<td>35058440</td>
</tr><tr bgcolor="">
<th>eq_esfera</th>
<td>MUNICIPAL</td>
</tr><tr bgcolor="#E3E3F3">
<th>eq_cd_catg</th>
<td>1</td>
</tr><tr bgcolor="">
<th>eq_categor</th>
<td>ESCOLAS AUTONOMAS</td>
</tr><tr bgcolor="#E3E3F3">
<th>eq_eol</th>
<td>35058440</td>
</tr><tr bgcolor="">
<th>eq_horario</th>
<td>07:00-17:00</td>
</tr></table></center>]]></description>
			<styleUrl>#m_ylw-pushpin</styleUrl>
			<ExtendedData>
				<SchemaData schemaUrl="#kml_schema_ft_LL_WGS84_KMZ_TEMA_EDUCACAO_CEU">
					<SimpleData name="eq_id">2104</SimpleData>
					<SimpleData name="eq_nome">CEU CEI ANA LUCIA DE HOLANDA GAMBOA PROFA</SimpleData>
					<SimpleData name="eq_enderec">TITO MARECHAL 3400</SimpleData>
					<SimpleData name="eq_bairro">ITAIM PAULISTA</SimpleData>
					<SimpleData name="eq_cep">08115000</SimpleData>
					<SimpleData name="eq_tipo">CEU CEI</SimpleData>
					<SimpleData name="eq_classe">CEU</SimpleData>
					<SimpleData name="eq_telefon">1125636123 / 1125636125</SimpleData>
					<SimpleData name="eq_setor">355030884000107</SimpleData>
					<SimpleData name="eq_areap">3550308005248</SimpleData>
					<SimpleData name="eq_cd_dist">84</SimpleData>
					<SimpleData name="eq_distr">VILA CURUCA</SimpleData>
					<SimpleData name="eq_cd_subp">24</SimpleData>
					<SimpleData name="eq_subpref">ITAIM PAULISTA</SimpleData>
					<SimpleData name="eq_regiao5">Leste</SimpleData>
					<SimpleData name="eq_regiao8">Leste 2</SimpleData>
					<SimpleData name="eq_ender">TITO MARECHAL</SimpleData>
					<SimpleData name="eq_num">3400</SimpleData>
					<SimpleData name="eq_compend">AVENIDA</SimpleData>
					<SimpleData name="eq_codcep">08115000</SimpleData>
					<SimpleData name="eq_fone1">1125636123</SimpleData>
					<SimpleData name="eq_fone2">1125636125</SimpleData>
					<SimpleData name="eq_cd_dirt">10210</SimpleData>
					<SimpleData name="eq_diretor">LESTE 2</SimpleData>
					<SimpleData name="eq_dre">SAO MIGUEL</SimpleData>
					<SimpleData name="eq_cd_zona">1</SimpleData>
					<SimpleData name="eq_zona">Urbana</SimpleData>
					<SimpleData name="eq_cd_mec">35058440</SimpleData>
					<SimpleData name="eq_esfera">MUNICIPAL</SimpleData>
					<SimpleData name="eq_cd_catg">1</SimpleData>
					<SimpleData name="eq_categor">ESCOLAS AUTONOMAS</SimpleData>
					<SimpleData name="eq_eol">35058440</SimpleData>
					<SimpleData name="eq_horario">07:00-17:00</SimpleData>
				</SchemaData>
			</ExtendedData>
			<Point>
				<coordinates>-46.4123864239882,-23.4955598065261,0</coordinates>
			</Point>
		</Placemark>
		<Placemark id="kml_46">
			<name>kml_46</name>
			<snippet></snippet>
			<description><![CDATA[<center><table><tr><th colspan='2' align='center'><em>Attributes</em></th></tr><tr bgcolor="#E3E3F3">
<th>eq_id</th>
<td>2105</td>
</tr><tr bgcolor="">
<th>eq_nome</th>
<td>CEU EMEF TRES LAGOS</td>
</tr><tr bgcolor="#E3E3F3">
<th>eq_enderec</th>
<td>MARIA MOURA DA CONCEICAO SN</td>
</tr><tr bgcolor="">
<th>eq_bairro</th>
<td>JARDIM BELCITO</td>
</tr><tr bgcolor="#E3E3F3">
<th>eq_cep</th>
<td>04855000</td>
</tr><tr bgcolor="">
<th>eq_tipo</th>
<td>CEU EMEF</td>
</tr><tr bgcolor="#E3E3F3">
<th>eq_classe</th>
<td>CEU</td>
</tr><tr bgcolor="">
<th>eq_telefon</th>
<td>1159765630 / 1159765632</td>
</tr><tr bgcolor="#E3E3F3">
<th>eq_setor</th>
<td>355030830000600</td>
</tr><tr bgcolor="">
<th>eq_areap</th>
<td>3550308005280</td>
</tr><tr bgcolor="#E3E3F3">
<th>eq_cd_dist</th>
<td>30</td>
</tr><tr bgcolor="">
<th>eq_distr</th>
<td>GRAJAU</td>
</tr><tr bgcolor="#E3E3F3">
<th>eq_cd_subp</th>
<td>19</td>
</tr><tr bgcolor="">
<th>eq_subpref</th>
<td>CAPELA DO SOCORRO</td>
</tr><tr bgcolor="#E3E3F3">
<th>eq_regiao5</th>
<td>Sul</td>
</tr><tr bgcolor="">
<th>eq_regiao8</th>
<td>Sul 2</td>
</tr><tr bgcolor="#E3E3F3">
<th>eq_ender</th>
<td>MARIA MOURA DA CONCEICAO</td>
</tr><tr bgcolor="">
<th>eq_num</th>
<td>SN</td>
</tr><tr bgcolor="#E3E3F3">
<th>eq_compend</th>
<td></td>
</tr><tr bgcolor="">
<th>eq_codcep</th>
<td>04855000</td>
</tr><tr bgcolor="#E3E3F3">
<th>eq_fone1</th>
<td>1159765630</td>
</tr><tr bgcolor="">
<th>eq_fone2</th>
<td>1159765632</td>
</tr><tr bgcolor="#E3E3F3">
<th>eq_email</th>
<td>EMEFCEUTRESLAGOS@SME.PREFEITURA.SP.GOV.BR</td>
</tr><tr bgcolor="">
<th>eq_cd_dirt</th>
<td>10318</td>
</tr><tr bgcolor="#E3E3F3">
<th>eq_diretor</th>
<td>SUL 3</td>
</tr><tr bgcolor="">
<th>eq_dre</th>
<td>CAPELA DO SOCORRO</td>
</tr><tr bgcolor="#E3E3F3">
<th>eq_cd_zona</th>
<td>1</td>
</tr><tr bgcolor="">
<th>eq_zona</th>
<td>Urbana</td>
</tr><tr bgcolor="#E3E3F3">
<th>eq_cd_mec</th>
<td>35058452</td>
</tr><tr bgcolor="">
<th>eq_esfera</th>
<td>MUNICIPAL</td>
</tr><tr bgcolor="#E3E3F3">
<th>eq_cd_catg</th>
<td>1</td>
</tr><tr bgcolor="">
<th>eq_categor</th>
<td>ESCOLAS AUTONOMAS</td>
</tr><tr bgcolor="#E3E3F3">
<th>eq_eol</th>
<td>35058452</td>
</tr><tr bgcolor="">
<th>eq_horario</th>
<td>07:00-23:00</td>
</tr></table></center>]]></description>
			<styleUrl>#m_ylw-pushpin</styleUrl>
			<ExtendedData>
				<SchemaData schemaUrl="#kml_schema_ft_LL_WGS84_KMZ_TEMA_EDUCACAO_CEU">
					<SimpleData name="eq_id">2105</SimpleData>
					<SimpleData name="eq_nome">CEU EMEF TRES LAGOS</SimpleData>
					<SimpleData name="eq_enderec">MARIA MOURA DA CONCEICAO SN</SimpleData>
					<SimpleData name="eq_bairro">JARDIM BELCITO</SimpleData>
					<SimpleData name="eq_cep">04855000</SimpleData>
					<SimpleData name="eq_tipo">CEU EMEF</SimpleData>
					<SimpleData name="eq_classe">CEU</SimpleData>
					<SimpleData name="eq_telefon">1159765630 / 1159765632</SimpleData>
					<SimpleData name="eq_setor">355030830000600</SimpleData>
					<SimpleData name="eq_areap">3550308005280</SimpleData>
					<SimpleData name="eq_cd_dist">30</SimpleData>
					<SimpleData name="eq_distr">GRAJAU</SimpleData>
					<SimpleData name="eq_cd_subp">19</SimpleData>
					<SimpleData name="eq_subpref">CAPELA DO SOCORRO</SimpleData>
					<SimpleData name="eq_regiao5">Sul</SimpleData>
					<SimpleData name="eq_regiao8">Sul 2</SimpleData>
					<SimpleData name="eq_ender">MARIA MOURA DA CONCEICAO</SimpleData>
					<SimpleData name="eq_num">SN</SimpleData>
					<SimpleData name="eq_codcep">04855000</SimpleData>
					<SimpleData name="eq_fone1">1159765630</SimpleData>
					<SimpleData name="eq_fone2">1159765632</SimpleData>
					<SimpleData name="eq_email">EMEFCEUTRESLAGOS@SME.PREFEITURA.SP.GOV.BR</SimpleData>
					<SimpleData name="eq_cd_dirt">10318</SimpleData>
					<SimpleData name="eq_diretor">SUL 3</SimpleData>
					<SimpleData name="eq_dre">CAPELA DO SOCORRO</SimpleData>
					<SimpleData name="eq_cd_zona">1</SimpleData>
					<SimpleData name="eq_zona">Urbana</SimpleData>
					<SimpleData name="eq_cd_mec">35058452</SimpleData>
					<SimpleData name="eq_esfera">MUNICIPAL</SimpleData>
					<SimpleData name="eq_cd_catg">1</SimpleData>
					<SimpleData name="eq_categor">ESCOLAS AUTONOMAS</SimpleData>
					<SimpleData name="eq_eol">35058452</SimpleData>
					<SimpleData name="eq_horario">07:00-23:00</SimpleData>
				</SchemaData>
			</ExtendedData>
			<Point>
				<coordinates>-46.6806925581771,-23.7673822548478,0</coordinates>
			</Point>
		</Placemark>
		<Placemark id="kml_47">
			<name>kml_47</name>
			<snippet></snippet>
			<description><![CDATA[<center><table><tr><th colspan='2' align='center'><em>Attributes</em></th></tr><tr bgcolor="#E3E3F3">
<th>eq_id</th>
<td>2106</td>
</tr><tr bgcolor="">
<th>eq_nome</th>
<td>CEU EMEI TRES LAGOS</td>
</tr><tr bgcolor="#E3E3F3">
<th>eq_enderec</th>
<td>MARIA MOURA DA CONCEICAO SN</td>
</tr><tr bgcolor="">
<th>eq_bairro</th>
<td>JARDIM BELCITO</td>
</tr><tr bgcolor="#E3E3F3">
<th>eq_cep</th>
<td>04855000</td>
</tr><tr bgcolor="">
<th>eq_tipo</th>
<td>CEU EMEI</td>
</tr><tr bgcolor="#E3E3F3">
<th>eq_classe</th>
<td>CEU</td>
</tr><tr bgcolor="">
<th>eq_telefon</th>
<td>1159765621 / 1159765622</td>
</tr><tr bgcolor="#E3E3F3">
<th>eq_setor</th>
<td>355030830000600</td>
</tr><tr bgcolor="">
<th>eq_areap</th>
<td>3550308005280</td>
</tr><tr bgcolor="#E3E3F3">
<th>eq_cd_dist</th>
<td>30</td>
</tr><tr bgcolor="">
<th>eq_distr</th>
<td>GRAJAU</td>
</tr><tr bgcolor="#E3E3F3">
<th>eq_cd_subp</th>
<td>19</td>
</tr><tr bgcolor="">
<th>eq_subpref</th>
<td>CAPELA DO SOCORRO</td>
</tr><tr bgcolor="#E3E3F3">
<th>eq_regiao5</th>
<td>Sul</td>
</tr><tr bgcolor="">
<th>eq_regiao8</th>
<td>Sul 2</td>
</tr><tr bgcolor="#E3E3F3">
<th>eq_ender</th>
<td>MARIA MOURA DA CONCEICAO</td>
</tr><tr bgcolor="">
<th>eq_num</th>
<td>SN</td>
</tr><tr bgcolor="#E3E3F3">
<th>eq_compend</th>
<td></td>
</tr><tr bgcolor="">
<th>eq_codcep</th>
<td>04855000</td>
</tr><tr bgcolor="#E3E3F3">
<th>eq_fone1</th>
<td>1159765621</td>
</tr><tr bgcolor="">
<th>eq_fone2</th>
<td>1159765622</td>
</tr><tr bgcolor="#E3E3F3">
<th>eq_email</th>
<td>EMEICEUTRESLAGOS@SME.PREFEITURA.SP.GOV.BR</td>
</tr><tr bgcolor="">
<th>eq_cd_dirt</th>
<td>10318</td>
</tr><tr bgcolor="#E3E3F3">
<th>eq_diretor</th>
<td>SUL 3</td>
</tr><tr bgcolor="">
<th>eq_dre</th>
<td>CAPELA DO SOCORRO</td>
</tr><tr bgcolor="#E3E3F3">
<th>eq_cd_zona</th>
<td>1</td>
</tr><tr bgcolor="">
<th>eq_zona</th>
<td>Urbana</td>
</tr><tr bgcolor="#E3E3F3">
<th>eq_cd_mec</th>
<td>35058464</td>
</tr><tr bgcolor="">
<th>eq_esfera</th>
<td>MUNICIPAL</td>
</tr><tr bgcolor="#E3E3F3">
<th>eq_cd_catg</th>
<td>1</td>
</tr><tr bgcolor="">
<th>eq_categor</th>
<td>ESCOLAS AUTONOMAS</td>
</tr><tr bgcolor="#E3E3F3">
<th>eq_eol</th>
<td>35058464</td>
</tr><tr bgcolor="">
<th>eq_horario</th>
<td>07:00-19:00</td>
</tr></table></center>]]></description>
			<styleUrl>#m_ylw-pushpin</styleUrl>
			<ExtendedData>
				<SchemaData schemaUrl="#kml_schema_ft_LL_WGS84_KMZ_TEMA_EDUCACAO_CEU">
					<SimpleData name="eq_id">2106</SimpleData>
					<SimpleData name="eq_nome">CEU EMEI TRES LAGOS</SimpleData>
					<SimpleData name="eq_enderec">MARIA MOURA DA CONCEICAO SN</SimpleData>
					<SimpleData name="eq_bairro">JARDIM BELCITO</SimpleData>
					<SimpleData name="eq_cep">04855000</SimpleData>
					<SimpleData name="eq_tipo">CEU EMEI</SimpleData>
					<SimpleData name="eq_classe">CEU</SimpleData>
					<SimpleData name="eq_telefon">1159765621 / 1159765622</SimpleData>
					<SimpleData name="eq_setor">355030830000600</SimpleData>
					<SimpleData name="eq_areap">3550308005280</SimpleData>
					<SimpleData name="eq_cd_dist">30</SimpleData>
					<SimpleData name="eq_distr">GRAJAU</SimpleData>
					<SimpleData name="eq_cd_subp">19</SimpleData>
					<SimpleData name="eq_subpref">CAPELA DO SOCORRO</SimpleData>
					<SimpleData name="eq_regiao5">Sul</SimpleData>
					<SimpleData name="eq_regiao8">Sul 2</SimpleData>
					<SimpleData name="eq_ender">MARIA MOURA DA CONCEICAO</SimpleData>
					<SimpleData name="eq_num">SN</SimpleData>
					<SimpleData name="eq_codcep">04855000</SimpleData>
					<SimpleData name="eq_fone1">1159765621</SimpleData>
					<SimpleData name="eq_fone2">1159765622</SimpleData>
					<SimpleData name="eq_email">EMEICEUTRESLAGOS@SME.PREFEITURA.SP.GOV.BR</SimpleData>
					<SimpleData name="eq_cd_dirt">10318</SimpleData>
					<SimpleData name="eq_diretor">SUL 3</SimpleData>
					<SimpleData name="eq_dre">CAPELA DO SOCORRO</SimpleData>
					<SimpleData name="eq_cd_zona">1</SimpleData>
					<SimpleData name="eq_zona">Urbana</SimpleData>
					<SimpleData name="eq_cd_mec">35058464</SimpleData>
					<SimpleData name="eq_esfera">MUNICIPAL</SimpleData>
					<SimpleData name="eq_cd_catg">1</SimpleData>
					<SimpleData name="eq_categor">ESCOLAS AUTONOMAS</SimpleData>
					<SimpleData name="eq_eol">35058464</SimpleData>
					<SimpleData name="eq_horario">07:00-19:00</SimpleData>
				</SchemaData>
			</ExtendedData>
			<Point>
				<coordinates>-46.68013754804999,-23.76703224463879,0</coordinates>
			</Point>
		</Placemark>
		<Placemark id="kml_48">
			<name>kml_48</name>
			<snippet></snippet>
			<description><![CDATA[<center><table><tr><th colspan='2' align='center'><em>Attributes</em></th></tr><tr bgcolor="#E3E3F3">
<th>eq_id</th>
<td>2107</td>
</tr><tr bgcolor="">
<th>eq_nome</th>
<td>CEU CEI TRES LAGOS</td>
</tr><tr bgcolor="#E3E3F3">
<th>eq_enderec</th>
<td>MARIA MOURA DA CONCEICAO SB</td>
</tr><tr bgcolor="">
<th>eq_bairro</th>
<td>JARDIM BELCITO</td>
</tr><tr bgcolor="#E3E3F3">
<th>eq_cep</th>
<td>04855000</td>
</tr><tr bgcolor="">
<th>eq_tipo</th>
<td>CEU CEI</td>
</tr><tr bgcolor="#E3E3F3">
<th>eq_classe</th>
<td>CEU</td>
</tr><tr bgcolor="">
<th>eq_telefon</th>
<td>1159765614 / </td>
</tr><tr bgcolor="#E3E3F3">
<th>eq_setor</th>
<td>355030830000600</td>
</tr><tr bgcolor="">
<th>eq_areap</th>
<td>3550308005280</td>
</tr><tr bgcolor="#E3E3F3">
<th>eq_cd_dist</th>
<td>30</td>
</tr><tr bgcolor="">
<th>eq_distr</th>
<td>GRAJAU</td>
</tr><tr bgcolor="#E3E3F3">
<th>eq_cd_subp</th>
<td>19</td>
</tr><tr bgcolor="">
<th>eq_subpref</th>
<td>CAPELA DO SOCORRO</td>
</tr><tr bgcolor="#E3E3F3">
<th>eq_regiao5</th>
<td>Sul</td>
</tr><tr bgcolor="">
<th>eq_regiao8</th>
<td>Sul 2</td>
</tr><tr bgcolor="#E3E3F3">
<th>eq_ender</th>
<td>MARIA MOURA DA CONCEICAO</td>
</tr><tr bgcolor="">
<th>eq_num</th>
<td>SB</td>
</tr><tr bgcolor="#E3E3F3">
<th>eq_compend</th>
<td></td>
</tr><tr bgcolor="">
<th>eq_codcep</th>
<td>04855000</td>
</tr><tr bgcolor="#E3E3F3">
<th>eq_fone1</th>
<td>1159765614</td>
</tr><tr bgcolor="">
<th>eq_fone2</th>
<td></td>
</tr><tr bgcolor="#E3E3F3">
<th>eq_email</th>
<td>CEICEUTRESLAGOS@SME.PREFEITURA.SP.GOV.BR</td>
</tr><tr bgcolor="">
<th>eq_cd_dirt</th>
<td>10318</td>
</tr><tr bgcolor="#E3E3F3">
<th>eq_diretor</th>
<td>SUL 3</td>
</tr><tr bgcolor="">
<th>eq_dre</th>
<td>CAPELA DO SOCORRO</td>
</tr><tr bgcolor="#E3E3F3">
<th>eq_cd_zona</th>
<td>1</td>
</tr><tr bgcolor="">
<th>eq_zona</th>
<td>Urbana</td>
</tr><tr bgcolor="#E3E3F3">
<th>eq_cd_mec</th>
<td>35058488</td>
</tr><tr bgcolor="">
<th>eq_esfera</th>
<td>MUNICIPAL</td>
</tr><tr bgcolor="#E3E3F3">
<th>eq_cd_catg</th>
<td>1</td>
</tr><tr bgcolor="">
<th>eq_categor</th>
<td>ESCOLAS AUTONOMAS</td>
</tr><tr bgcolor="#E3E3F3">
<th>eq_eol</th>
<td>35058488</td>
</tr><tr bgcolor="">
<th>eq_horario</th>
<td>07:00-19:00</td>
</tr></table></center>]]></description>
			<styleUrl>#m_ylw-pushpin</styleUrl>
			<ExtendedData>
				<SchemaData schemaUrl="#kml_schema_ft_LL_WGS84_KMZ_TEMA_EDUCACAO_CEU">
					<SimpleData name="eq_id">2107</SimpleData>
					<SimpleData name="eq_nome">CEU CEI TRES LAGOS</SimpleData>
					<SimpleData name="eq_enderec">MARIA MOURA DA CONCEICAO SB</SimpleData>
					<SimpleData name="eq_bairro">JARDIM BELCITO</SimpleData>
					<SimpleData name="eq_cep">04855000</SimpleData>
					<SimpleData name="eq_tipo">CEU CEI</SimpleData>
					<SimpleData name="eq_classe">CEU</SimpleData>
					<SimpleData name="eq_telefon">1159765614 /</SimpleData>
					<SimpleData name="eq_setor">355030830000600</SimpleData>
					<SimpleData name="eq_areap">3550308005280</SimpleData>
					<SimpleData name="eq_cd_dist">30</SimpleData>
					<SimpleData name="eq_distr">GRAJAU</SimpleData>
					<SimpleData name="eq_cd_subp">19</SimpleData>
					<SimpleData name="eq_subpref">CAPELA DO SOCORRO</SimpleData>
					<SimpleData name="eq_regiao5">Sul</SimpleData>
					<SimpleData name="eq_regiao8">Sul 2</SimpleData>
					<SimpleData name="eq_ender">MARIA MOURA DA CONCEICAO</SimpleData>
					<SimpleData name="eq_num">SB</SimpleData>
					<SimpleData name="eq_codcep">04855000</SimpleData>
					<SimpleData name="eq_fone1">1159765614</SimpleData>
					<SimpleData name="eq_email">CEICEUTRESLAGOS@SME.PREFEITURA.SP.GOV.BR</SimpleData>
					<SimpleData name="eq_cd_dirt">10318</SimpleData>
					<SimpleData name="eq_diretor">SUL 3</SimpleData>
					<SimpleData name="eq_dre">CAPELA DO SOCORRO</SimpleData>
					<SimpleData name="eq_cd_zona">1</SimpleData>
					<SimpleData name="eq_zona">Urbana</SimpleData>
					<SimpleData name="eq_cd_mec">35058488</SimpleData>
					<SimpleData name="eq_esfera">MUNICIPAL</SimpleData>
					<SimpleData name="eq_cd_catg">1</SimpleData>
					<SimpleData name="eq_categor">ESCOLAS AUTONOMAS</SimpleData>
					<SimpleData name="eq_eol">35058488</SimpleData>
					<SimpleData name="eq_horario">07:00-19:00</SimpleData>
				</SchemaData>
			</ExtendedData>
			<Point>
				<coordinates>-46.6807185462889,-23.767152250841,0</coordinates>
			</Point>
		</Placemark>
		<Placemark id="kml_49">
			<name>kml_49</name>
			<snippet></snippet>
			<description><![CDATA[<center><table><tr><th colspan='2' align='center'><em>Attributes</em></th></tr><tr bgcolor="#E3E3F3">
<th>eq_id</th>
<td>2118</td>
</tr><tr bgcolor="">
<th>eq_nome</th>
<td>CEU EMEF CASA BLANCA</td>
</tr><tr bgcolor="#E3E3F3">
<th>eq_enderec</th>
<td>JOAO DAMASCENO SN</td>
</tr><tr bgcolor="">
<th>eq_bairro</th>
<td>VILA DAS BELEZAS</td>
</tr><tr bgcolor="#E3E3F3">
<th>eq_cep</th>
<td>05841000</td>
</tr><tr bgcolor="">
<th>eq_tipo</th>
<td>CEU EMEF</td>
</tr><tr bgcolor="#E3E3F3">
<th>eq_classe</th>
<td>CEU</td>
</tr><tr bgcolor="">
<th>eq_telefon</th>
<td>1155195226 / 1155195230</td>
</tr><tr bgcolor="#E3E3F3">
<th>eq_setor</th>
<td>355030846000282</td>
</tr><tr bgcolor="">
<th>eq_areap</th>
<td>3550308005228</td>
</tr><tr bgcolor="#E3E3F3">
<th>eq_cd_dist</th>
<td>46</td>
</tr><tr bgcolor="">
<th>eq_distr</th>
<td>JARDIM SAO LUIS</td>
</tr><tr bgcolor="#E3E3F3">
<th>eq_cd_subp</th>
<td>18</td>
</tr><tr bgcolor="">
<th>eq_subpref</th>
<td>M'BOI MIRIM</td>
</tr><tr bgcolor="#E3E3F3">
<th>eq_regiao5</th>
<td>Sul</td>
</tr><tr bgcolor="">
<th>eq_regiao8</th>
<td>Sul 2</td>
</tr><tr bgcolor="#E3E3F3">
<th>eq_ender</th>
<td>JOAO DAMASCENO</td>
</tr><tr bgcolor="">
<th>eq_num</th>
<td>SN</td>
</tr><tr bgcolor="#E3E3F3">
<th>eq_compend</th>
<td>RUA</td>
</tr><tr bgcolor="">
<th>eq_codcep</th>
<td>05841000</td>
</tr><tr bgcolor="#E3E3F3">
<th>eq_fone1</th>
<td>1155195226</td>
</tr><tr bgcolor="">
<th>eq_fone2</th>
<td>1155195230</td>
</tr><tr bgcolor="#E3E3F3">
<th>eq_email</th>
<td>EMEFCEUCASABLANCA@SME.PREFEITURA.SP.GOV.BR</td>
</tr><tr bgcolor="">
<th>eq_cd_dirt</th>
<td>10314</td>
</tr><tr bgcolor="#E3E3F3">
<th>eq_diretor</th>
<td>SUL 2</td>
</tr><tr bgcolor="">
<th>eq_dre</th>
<td>CAMPO LIMPO</td>
</tr><tr bgcolor="#E3E3F3">
<th>eq_cd_zona</th>
<td>1</td>
</tr><tr bgcolor="">
<th>eq_zona</th>
<td>Urbana</td>
</tr><tr bgcolor="#E3E3F3">
<th>eq_cd_mec</th>
<td>35060331</td>
</tr><tr bgcolor="">
<th>eq_esfera</th>
<td>MUNICIPAL</td>
</tr><tr bgcolor="#E3E3F3">
<th>eq_cd_catg</th>
<td>1</td>
</tr><tr bgcolor="">
<th>eq_categor</th>
<td>ESCOLAS AUTONOMAS</td>
</tr><tr bgcolor="#E3E3F3">
<th>eq_eol</th>
<td>35060331</td>
</tr><tr bgcolor="">
<th>eq_horario</th>
<td>07:00-23:00</td>
</tr></table></center>]]></description>
			<styleUrl>#m_ylw-pushpin</styleUrl>
			<ExtendedData>
				<SchemaData schemaUrl="#kml_schema_ft_LL_WGS84_KMZ_TEMA_EDUCACAO_CEU">
					<SimpleData name="eq_id">2118</SimpleData>
					<SimpleData name="eq_nome">CEU EMEF CASA BLANCA</SimpleData>
					<SimpleData name="eq_enderec">JOAO DAMASCENO SN</SimpleData>
					<SimpleData name="eq_bairro">VILA DAS BELEZAS</SimpleData>
					<SimpleData name="eq_cep">05841000</SimpleData>
					<SimpleData name="eq_tipo">CEU EMEF</SimpleData>
					<SimpleData name="eq_classe">CEU</SimpleData>
					<SimpleData name="eq_telefon">1155195226 / 1155195230</SimpleData>
					<SimpleData name="eq_setor">355030846000282</SimpleData>
					<SimpleData name="eq_areap">3550308005228</SimpleData>
					<SimpleData name="eq_cd_dist">46</SimpleData>
					<SimpleData name="eq_distr">JARDIM SAO LUIS</SimpleData>
					<SimpleData name="eq_cd_subp">18</SimpleData>
					<SimpleData name="eq_subpref">M&apos;BOI MIRIM</SimpleData>
					<SimpleData name="eq_regiao5">Sul</SimpleData>
					<SimpleData name="eq_regiao8">Sul 2</SimpleData>
					<SimpleData name="eq_ender">JOAO DAMASCENO</SimpleData>
					<SimpleData name="eq_num">SN</SimpleData>
					<SimpleData name="eq_compend">RUA</SimpleData>
					<SimpleData name="eq_codcep">05841000</SimpleData>
					<SimpleData name="eq_fone1">1155195226</SimpleData>
					<SimpleData name="eq_fone2">1155195230</SimpleData>
					<SimpleData name="eq_email">EMEFCEUCASABLANCA@SME.PREFEITURA.SP.GOV.BR</SimpleData>
					<SimpleData name="eq_cd_dirt">10314</SimpleData>
					<SimpleData name="eq_diretor">SUL 2</SimpleData>
					<SimpleData name="eq_dre">CAMPO LIMPO</SimpleData>
					<SimpleData name="eq_cd_zona">1</SimpleData>
					<SimpleData name="eq_zona">Urbana</SimpleData>
					<SimpleData name="eq_cd_mec">35060331</SimpleData>
					<SimpleData name="eq_esfera">MUNICIPAL</SimpleData>
					<SimpleData name="eq_cd_catg">1</SimpleData>
					<SimpleData name="eq_categor">ESCOLAS AUTONOMAS</SimpleData>
					<SimpleData name="eq_eol">35060331</SimpleData>
					<SimpleData name="eq_horario">07:00-23:00</SimpleData>
				</SchemaData>
			</ExtendedData>
			<Point>
				<coordinates>-46.7450446765784,-23.6457895208085,0</coordinates>
			</Point>
		</Placemark>
		<Placemark id="kml_50">
			<name>kml_50</name>
			<snippet></snippet>
			<description><![CDATA[<center><table><tr><th colspan='2' align='center'><em>Attributes</em></th></tr><tr bgcolor="#E3E3F3">
<th>eq_id</th>
<td>2119</td>
</tr><tr bgcolor="">
<th>eq_nome</th>
<td>CEU EMEI CASA BLANCA</td>
</tr><tr bgcolor="#E3E3F3">
<th>eq_enderec</th>
<td>JOAO DAMASCENO SN</td>
</tr><tr bgcolor="">
<th>eq_bairro</th>
<td>VILA DAS BELEZAS</td>
</tr><tr bgcolor="#E3E3F3">
<th>eq_cep</th>
<td>05841000</td>
</tr><tr bgcolor="">
<th>eq_tipo</th>
<td>CEU EMEI</td>
</tr><tr bgcolor="#E3E3F3">
<th>eq_classe</th>
<td>CEU</td>
</tr><tr bgcolor="">
<th>eq_telefon</th>
<td>1155195238 / 1155195239</td>
</tr><tr bgcolor="#E3E3F3">
<th>eq_setor</th>
<td>355030846000282</td>
</tr><tr bgcolor="">
<th>eq_areap</th>
<td>3550308005228</td>
</tr><tr bgcolor="#E3E3F3">
<th>eq_cd_dist</th>
<td>46</td>
</tr><tr bgcolor="">
<th>eq_distr</th>
<td>JARDIM SAO LUIS</td>
</tr><tr bgcolor="#E3E3F3">
<th>eq_cd_subp</th>
<td>18</td>
</tr><tr bgcolor="">
<th>eq_subpref</th>
<td>M'BOI MIRIM</td>
</tr><tr bgcolor="#E3E3F3">
<th>eq_regiao5</th>
<td>Sul</td>
</tr><tr bgcolor="">
<th>eq_regiao8</th>
<td>Sul 2</td>
</tr><tr bgcolor="#E3E3F3">
<th>eq_ender</th>
<td>JOAO DAMASCENO</td>
</tr><tr bgcolor="">
<th>eq_num</th>
<td>SN</td>
</tr><tr bgcolor="#E3E3F3">
<th>eq_compend</th>
<td>RUA</td>
</tr><tr bgcolor="">
<th>eq_codcep</th>
<td>05841000</td>
</tr><tr bgcolor="#E3E3F3">
<th>eq_fone1</th>
<td>1155195238</td>
</tr><tr bgcolor="">
<th>eq_fone2</th>
<td>1155195239</td>
</tr><tr bgcolor="#E3E3F3">
<th>eq_email</th>
<td></td>
</tr><tr bgcolor="">
<th>eq_cd_dirt</th>
<td>10314</td>
</tr><tr bgcolor="#E3E3F3">
<th>eq_diretor</th>
<td>SUL 2</td>
</tr><tr bgcolor="">
<th>eq_dre</th>
<td>CAMPO LIMPO</td>
</tr><tr bgcolor="#E3E3F3">
<th>eq_cd_zona</th>
<td>1</td>
</tr><tr bgcolor="">
<th>eq_zona</th>
<td>Urbana</td>
</tr><tr bgcolor="#E3E3F3">
<th>eq_cd_mec</th>
<td>35060549</td>
</tr><tr bgcolor="">
<th>eq_esfera</th>
<td>MUNICIPAL</td>
</tr><tr bgcolor="#E3E3F3">
<th>eq_cd_catg</th>
<td>1</td>
</tr><tr bgcolor="">
<th>eq_categor</th>
<td>ESCOLAS AUTONOMAS</td>
</tr><tr bgcolor="#E3E3F3">
<th>eq_eol</th>
<td>35060549</td>
</tr><tr bgcolor="">
<th>eq_horario</th>
<td>07:00-19:00</td>
</tr></table></center>]]></description>
			<styleUrl>#m_ylw-pushpin</styleUrl>
			<ExtendedData>
				<SchemaData schemaUrl="#kml_schema_ft_LL_WGS84_KMZ_TEMA_EDUCACAO_CEU">
					<SimpleData name="eq_id">2119</SimpleData>
					<SimpleData name="eq_nome">CEU EMEI CASA BLANCA</SimpleData>
					<SimpleData name="eq_enderec">JOAO DAMASCENO SN</SimpleData>
					<SimpleData name="eq_bairro">VILA DAS BELEZAS</SimpleData>
					<SimpleData name="eq_cep">05841000</SimpleData>
					<SimpleData name="eq_tipo">CEU EMEI</SimpleData>
					<SimpleData name="eq_classe">CEU</SimpleData>
					<SimpleData name="eq_telefon">1155195238 / 1155195239</SimpleData>
					<SimpleData name="eq_setor">355030846000282</SimpleData>
					<SimpleData name="eq_areap">3550308005228</SimpleData>
					<SimpleData name="eq_cd_dist">46</SimpleData>
					<SimpleData name="eq_distr">JARDIM SAO LUIS</SimpleData>
					<SimpleData name="eq_cd_subp">18</SimpleData>
					<SimpleData name="eq_subpref">M&apos;BOI MIRIM</SimpleData>
					<SimpleData name="eq_regiao5">Sul</SimpleData>
					<SimpleData name="eq_regiao8">Sul 2</SimpleData>
					<SimpleData name="eq_ender">JOAO DAMASCENO</SimpleData>
					<SimpleData name="eq_num">SN</SimpleData>
					<SimpleData name="eq_compend">RUA</SimpleData>
					<SimpleData name="eq_codcep">05841000</SimpleData>
					<SimpleData name="eq_fone1">1155195238</SimpleData>
					<SimpleData name="eq_fone2">1155195239</SimpleData>
					<SimpleData name="eq_cd_dirt">10314</SimpleData>
					<SimpleData name="eq_diretor">SUL 2</SimpleData>
					<SimpleData name="eq_dre">CAMPO LIMPO</SimpleData>
					<SimpleData name="eq_cd_zona">1</SimpleData>
					<SimpleData name="eq_zona">Urbana</SimpleData>
					<SimpleData name="eq_cd_mec">35060549</SimpleData>
					<SimpleData name="eq_esfera">MUNICIPAL</SimpleData>
					<SimpleData name="eq_cd_catg">1</SimpleData>
					<SimpleData name="eq_categor">ESCOLAS AUTONOMAS</SimpleData>
					<SimpleData name="eq_eol">35060549</SimpleData>
					<SimpleData name="eq_horario">07:00-19:00</SimpleData>
				</SchemaData>
			</ExtendedData>
			<Point>
				<coordinates>-46.7449246714971,-23.6459425729962,0</coordinates>
			</Point>
		</Placemark>
		<Placemark id="kml_51">
			<name>kml_51</name>
			<snippet></snippet>
			<description><![CDATA[<center><table><tr><th colspan='2' align='center'><em>Attributes</em></th></tr><tr bgcolor="#E3E3F3">
<th>eq_id</th>
<td>2120</td>
</tr><tr bgcolor="">
<th>eq_nome</th>
<td>CEU CEI CASA BLANCA</td>
</tr><tr bgcolor="#E3E3F3">
<th>eq_enderec</th>
<td>JOAO DAMASCENO SN</td>
</tr><tr bgcolor="">
<th>eq_bairro</th>
<td>VILA DAS BELEZAS</td>
</tr><tr bgcolor="#E3E3F3">
<th>eq_cep</th>
<td>05841000</td>
</tr><tr bgcolor="">
<th>eq_tipo</th>
<td>CEU CEI</td>
</tr><tr bgcolor="#E3E3F3">
<th>eq_classe</th>
<td>CEU</td>
</tr><tr bgcolor="">
<th>eq_telefon</th>
<td>1155195246 / 1155195247</td>
</tr><tr bgcolor="#E3E3F3">
<th>eq_setor</th>
<td>355030846000282</td>
</tr><tr bgcolor="">
<th>eq_areap</th>
<td>3550308005228</td>
</tr><tr bgcolor="#E3E3F3">
<th>eq_cd_dist</th>
<td>46</td>
</tr><tr bgcolor="">
<th>eq_distr</th>
<td>JARDIM SAO LUIS</td>
</tr><tr bgcolor="#E3E3F3">
<th>eq_cd_subp</th>
<td>18</td>
</tr><tr bgcolor="">
<th>eq_subpref</th>
<td>M'BOI MIRIM</td>
</tr><tr bgcolor="#E3E3F3">
<th>eq_regiao5</th>
<td>Sul</td>
</tr><tr bgcolor="">
<th>eq_regiao8</th>
<td>Sul 2</td>
</tr><tr bgcolor="#E3E3F3">
<th>eq_ender</th>
<td>JOAO DAMASCENO</td>
</tr><tr bgcolor="">
<th>eq_num</th>
<td>SN</td>
</tr><tr bgcolor="#E3E3F3">
<th>eq_compend</th>
<td>RUA</td>
</tr><tr bgcolor="">
<th>eq_codcep</th>
<td>05841000</td>
</tr><tr bgcolor="#E3E3F3">
<th>eq_fone1</th>
<td>1155195246</td>
</tr><tr bgcolor="">
<th>eq_fone2</th>
<td>1155195247</td>
</tr><tr bgcolor="#E3E3F3">
<th>eq_email</th>
<td></td>
</tr><tr bgcolor="">
<th>eq_cd_dirt</th>
<td>10314</td>
</tr><tr bgcolor="#E3E3F3">
<th>eq_diretor</th>
<td>SUL 2</td>
</tr><tr bgcolor="">
<th>eq_dre</th>
<td>CAMPO LIMPO</td>
</tr><tr bgcolor="#E3E3F3">
<th>eq_cd_zona</th>
<td>1</td>
</tr><tr bgcolor="">
<th>eq_zona</th>
<td>Urbana</td>
</tr><tr bgcolor="#E3E3F3">
<th>eq_cd_mec</th>
<td>35060550</td>
</tr><tr bgcolor="">
<th>eq_esfera</th>
<td>MUNICIPAL</td>
</tr><tr bgcolor="#E3E3F3">
<th>eq_cd_catg</th>
<td>1</td>
</tr><tr bgcolor="">
<th>eq_categor</th>
<td>ESCOLAS AUTONOMAS</td>
</tr><tr bgcolor="#E3E3F3">
<th>eq_eol</th>
<td>35060550</td>
</tr><tr bgcolor="">
<th>eq_horario</th>
<td>06:30-18:30</td>
</tr></table></center>]]></description>
			<styleUrl>#m_ylw-pushpin</styleUrl>
			<ExtendedData>
				<SchemaData schemaUrl="#kml_schema_ft_LL_WGS84_KMZ_TEMA_EDUCACAO_CEU">
					<SimpleData name="eq_id">2120</SimpleData>
					<SimpleData name="eq_nome">CEU CEI CASA BLANCA</SimpleData>
					<SimpleData name="eq_enderec">JOAO DAMASCENO SN</SimpleData>
					<SimpleData name="eq_bairro">VILA DAS BELEZAS</SimpleData>
					<SimpleData name="eq_cep">05841000</SimpleData>
					<SimpleData name="eq_tipo">CEU CEI</SimpleData>
					<SimpleData name="eq_classe">CEU</SimpleData>
					<SimpleData name="eq_telefon">1155195246 / 1155195247</SimpleData>
					<SimpleData name="eq_setor">355030846000282</SimpleData>
					<SimpleData name="eq_areap">3550308005228</SimpleData>
					<SimpleData name="eq_cd_dist">46</SimpleData>
					<SimpleData name="eq_distr">JARDIM SAO LUIS</SimpleData>
					<SimpleData name="eq_cd_subp">18</SimpleData>
					<SimpleData name="eq_subpref">M&apos;BOI MIRIM</SimpleData>
					<SimpleData name="eq_regiao5">Sul</SimpleData>
					<SimpleData name="eq_regiao8">Sul 2</SimpleData>
					<SimpleData name="eq_ender">JOAO DAMASCENO</SimpleData>
					<SimpleData name="eq_num">SN</SimpleData>
					<SimpleData name="eq_compend">RUA</SimpleData>
					<SimpleData name="eq_codcep">05841000</SimpleData>
					<SimpleData name="eq_fone1">1155195246</SimpleData>
					<SimpleData name="eq_fone2">1155195247</SimpleData>
					<SimpleData name="eq_cd_dirt">10314</SimpleData>
					<SimpleData name="eq_diretor">SUL 2</SimpleData>
					<SimpleData name="eq_dre">CAMPO LIMPO</SimpleData>
					<SimpleData name="eq_cd_zona">1</SimpleData>
					<SimpleData name="eq_zona">Urbana</SimpleData>
					<SimpleData name="eq_cd_mec">35060550</SimpleData>
					<SimpleData name="eq_esfera">MUNICIPAL</SimpleData>
					<SimpleData name="eq_cd_catg">1</SimpleData>
					<SimpleData name="eq_categor">ESCOLAS AUTONOMAS</SimpleData>
					<SimpleData name="eq_eol">35060550</SimpleData>
					<SimpleData name="eq_horario">06:30-18:30</SimpleData>
				</SchemaData>
			</ExtendedData>
			<Point>
				<coordinates>-46.74546974122011,-23.6454755535786,0</coordinates>
			</Point>
		</Placemark>
		<Placemark id="kml_52">
			<name>kml_52</name>
			<snippet></snippet>
			<description><![CDATA[<center><table><tr><th colspan='2' align='center'><em>Attributes</em></th></tr><tr bgcolor="#E3E3F3">
<th>eq_id</th>
<td>2121</td>
</tr><tr bgcolor="">
<th>eq_nome</th>
<td>CEU EMEF HERMES FERREIRA DE SOUZA</td>
</tr><tr bgcolor="#E3E3F3">
<th>eq_enderec</th>
<td>CARLOS LACERDA 678</td>
</tr><tr bgcolor="">
<th>eq_bairro</th>
<td>PIRAJUSSARA</td>
</tr><tr bgcolor="#E3E3F3">
<th>eq_cep</th>
<td>05789000</td>
</tr><tr bgcolor="">
<th>eq_tipo</th>
<td>CEU EMEF</td>
</tr><tr bgcolor="#E3E3F3">
<th>eq_classe</th>
<td>CEU</td>
</tr><tr bgcolor="">
<th>eq_telefon</th>
<td>1158434808 / 1158434809</td>
</tr><tr bgcolor="#E3E3F3">
<th>eq_setor</th>
<td>355030817000050</td>
</tr><tr bgcolor="">
<th>eq_areap</th>
<td>3550308005236</td>
</tr><tr bgcolor="#E3E3F3">
<th>eq_cd_dist</th>
<td>17</td>
</tr><tr bgcolor="">
<th>eq_distr</th>
<td>CAMPO LIMPO</td>
</tr><tr bgcolor="#E3E3F3">
<th>eq_cd_subp</th>
<td>17</td>
</tr><tr bgcolor="">
<th>eq_subpref</th>
<td>CAMPO LIMPO</td>
</tr><tr bgcolor="#E3E3F3">
<th>eq_regiao5</th>
<td>Sul</td>
</tr><tr bgcolor="">
<th>eq_regiao8</th>
<td>Sul 2</td>
</tr><tr bgcolor="#E3E3F3">
<th>eq_ender</th>
<td>CARLOS LACERDA</td>
</tr><tr bgcolor="">
<th>eq_num</th>
<td>678</td>
</tr><tr bgcolor="#E3E3F3">
<th>eq_compend</th>
<td>AVENIDA</td>
</tr><tr bgcolor="">
<th>eq_codcep</th>
<td>05789000</td>
</tr><tr bgcolor="#E3E3F3">
<th>eq_fone1</th>
<td>1158434808</td>
</tr><tr bgcolor="">
<th>eq_fone2</th>
<td>1158434809</td>
</tr><tr bgcolor="#E3E3F3">
<th>eq_email</th>
<td>EMEFHFSOUZA@SME.PREFEITURA.SP.GOV.BR</td>
</tr><tr bgcolor="">
<th>eq_cd_dirt</th>
<td>10317</td>
</tr><tr bgcolor="#E3E3F3">
<th>eq_diretor</th>
<td>SUL 1</td>
</tr><tr bgcolor="">
<th>eq_dre</th>
<td>CAMPO LIMPO</td>
</tr><tr bgcolor="#E3E3F3">
<th>eq_cd_zona</th>
<td>1</td>
</tr><tr bgcolor="">
<th>eq_zona</th>
<td>Urbana</td>
</tr><tr bgcolor="#E3E3F3">
<th>eq_cd_mec</th>
<td>35060562</td>
</tr><tr bgcolor="">
<th>eq_esfera</th>
<td>MUNICIPAL</td>
</tr><tr bgcolor="#E3E3F3">
<th>eq_cd_catg</th>
<td>1</td>
</tr><tr bgcolor="">
<th>eq_categor</th>
<td>ESCOLAS AUTONOMAS</td>
</tr><tr bgcolor="#E3E3F3">
<th>eq_eol</th>
<td>35060562</td>
</tr><tr bgcolor="">
<th>eq_horario</th>
<td>07:00-23:00</td>
</tr></table></center>]]></description>
			<styleUrl>#m_ylw-pushpin</styleUrl>
			<ExtendedData>
				<SchemaData schemaUrl="#kml_schema_ft_LL_WGS84_KMZ_TEMA_EDUCACAO_CEU">
					<SimpleData name="eq_id">2121</SimpleData>
					<SimpleData name="eq_nome">CEU EMEF HERMES FERREIRA DE SOUZA</SimpleData>
					<SimpleData name="eq_enderec">CARLOS LACERDA 678</SimpleData>
					<SimpleData name="eq_bairro">PIRAJUSSARA</SimpleData>
					<SimpleData name="eq_cep">05789000</SimpleData>
					<SimpleData name="eq_tipo">CEU EMEF</SimpleData>
					<SimpleData name="eq_classe">CEU</SimpleData>
					<SimpleData name="eq_telefon">1158434808 / 1158434809</SimpleData>
					<SimpleData name="eq_setor">355030817000050</SimpleData>
					<SimpleData name="eq_areap">3550308005236</SimpleData>
					<SimpleData name="eq_cd_dist">17</SimpleData>
					<SimpleData name="eq_distr">CAMPO LIMPO</SimpleData>
					<SimpleData name="eq_cd_subp">17</SimpleData>
					<SimpleData name="eq_subpref">CAMPO LIMPO</SimpleData>
					<SimpleData name="eq_regiao5">Sul</SimpleData>
					<SimpleData name="eq_regiao8">Sul 2</SimpleData>
					<SimpleData name="eq_ender">CARLOS LACERDA</SimpleData>
					<SimpleData name="eq_num">678</SimpleData>
					<SimpleData name="eq_compend">AVENIDA</SimpleData>
					<SimpleData name="eq_codcep">05789000</SimpleData>
					<SimpleData name="eq_fone1">1158434808</SimpleData>
					<SimpleData name="eq_fone2">1158434809</SimpleData>
					<SimpleData name="eq_email">EMEFHFSOUZA@SME.PREFEITURA.SP.GOV.BR</SimpleData>
					<SimpleData name="eq_cd_dirt">10317</SimpleData>
					<SimpleData name="eq_diretor">SUL 1</SimpleData>
					<SimpleData name="eq_dre">CAMPO LIMPO</SimpleData>
					<SimpleData name="eq_cd_zona">1</SimpleData>
					<SimpleData name="eq_zona">Urbana</SimpleData>
					<SimpleData name="eq_cd_mec">35060562</SimpleData>
					<SimpleData name="eq_esfera">MUNICIPAL</SimpleData>
					<SimpleData name="eq_cd_catg">1</SimpleData>
					<SimpleData name="eq_categor">ESCOLAS AUTONOMAS</SimpleData>
					<SimpleData name="eq_eol">35060562</SimpleData>
					<SimpleData name="eq_horario">07:00-23:00</SimpleData>
				</SchemaData>
			</ExtendedData>
			<Point>
				<coordinates>-46.7792099763369,-23.6370763793983,0</coordinates>
			</Point>
		</Placemark>
		<Placemark id="kml_53">
			<name>kml_53</name>
			<snippet></snippet>
			<description><![CDATA[<center><table><tr><th colspan='2' align='center'><em>Attributes</em></th></tr><tr bgcolor="#E3E3F3">
<th>eq_id</th>
<td>2123</td>
</tr><tr bgcolor="">
<th>eq_nome</th>
<td>CEU EMEI LUIZA HELENA FERREIRA PROFA</td>
</tr><tr bgcolor="#E3E3F3">
<th>eq_enderec</th>
<td>CARLOS LACERDA 678</td>
</tr><tr bgcolor="">
<th>eq_bairro</th>
<td>PIRAJUSSARA</td>
</tr><tr bgcolor="#E3E3F3">
<th>eq_cep</th>
<td>05789000</td>
</tr><tr bgcolor="">
<th>eq_tipo</th>
<td>CEU EMEI</td>
</tr><tr bgcolor="#E3E3F3">
<th>eq_classe</th>
<td>CEU</td>
</tr><tr bgcolor="">
<th>eq_telefon</th>
<td>1158434818 / 1158434821</td>
</tr><tr bgcolor="#E3E3F3">
<th>eq_setor</th>
<td>355030817000050</td>
</tr><tr bgcolor="">
<th>eq_areap</th>
<td>3550308005236</td>
</tr><tr bgcolor="#E3E3F3">
<th>eq_cd_dist</th>
<td>17</td>
</tr><tr bgcolor="">
<th>eq_distr</th>
<td>CAMPO LIMPO</td>
</tr><tr bgcolor="#E3E3F3">
<th>eq_cd_subp</th>
<td>17</td>
</tr><tr bgcolor="">
<th>eq_subpref</th>
<td>CAMPO LIMPO</td>
</tr><tr bgcolor="#E3E3F3">
<th>eq_regiao5</th>
<td>Sul</td>
</tr><tr bgcolor="">
<th>eq_regiao8</th>
<td>Sul 2</td>
</tr><tr bgcolor="#E3E3F3">
<th>eq_ender</th>
<td>CARLOS LACERDA</td>
</tr><tr bgcolor="">
<th>eq_num</th>
<td>678</td>
</tr><tr bgcolor="#E3E3F3">
<th>eq_compend</th>
<td>AVENIDA</td>
</tr><tr bgcolor="">
<th>eq_codcep</th>
<td>05789000</td>
</tr><tr bgcolor="#E3E3F3">
<th>eq_fone1</th>
<td>1158434818</td>
</tr><tr bgcolor="">
<th>eq_fone2</th>
<td>1158434821</td>
</tr><tr bgcolor="#E3E3F3">
<th>eq_email</th>
<td></td>
</tr><tr bgcolor="">
<th>eq_cd_dirt</th>
<td>10317</td>
</tr><tr bgcolor="#E3E3F3">
<th>eq_diretor</th>
<td>SUL 1</td>
</tr><tr bgcolor="">
<th>eq_dre</th>
<td>CAMPO LIMPO</td>
</tr><tr bgcolor="#E3E3F3">
<th>eq_cd_zona</th>
<td>1</td>
</tr><tr bgcolor="">
<th>eq_zona</th>
<td>Urbana</td>
</tr><tr bgcolor="#E3E3F3">
<th>eq_cd_mec</th>
<td>35060586</td>
</tr><tr bgcolor="">
<th>eq_esfera</th>
<td>MUNICIPAL</td>
</tr><tr bgcolor="#E3E3F3">
<th>eq_cd_catg</th>
<td>1</td>
</tr><tr bgcolor="">
<th>eq_categor</th>
<td>ESCOLAS AUTONOMAS</td>
</tr><tr bgcolor="#E3E3F3">
<th>eq_eol</th>
<td>35060586</td>
</tr><tr bgcolor="">
<th>eq_horario</th>
<td>07:00-19:00</td>
</tr></table></center>]]></description>
			<styleUrl>#m_ylw-pushpin</styleUrl>
			<ExtendedData>
				<SchemaData schemaUrl="#kml_schema_ft_LL_WGS84_KMZ_TEMA_EDUCACAO_CEU">
					<SimpleData name="eq_id">2123</SimpleData>
					<SimpleData name="eq_nome">CEU EMEI LUIZA HELENA FERREIRA PROFA</SimpleData>
					<SimpleData name="eq_enderec">CARLOS LACERDA 678</SimpleData>
					<SimpleData name="eq_bairro">PIRAJUSSARA</SimpleData>
					<SimpleData name="eq_cep">05789000</SimpleData>
					<SimpleData name="eq_tipo">CEU EMEI</SimpleData>
					<SimpleData name="eq_classe">CEU</SimpleData>
					<SimpleData name="eq_telefon">1158434818 / 1158434821</SimpleData>
					<SimpleData name="eq_setor">355030817000050</SimpleData>
					<SimpleData name="eq_areap">3550308005236</SimpleData>
					<SimpleData name="eq_cd_dist">17</SimpleData>
					<SimpleData name="eq_distr">CAMPO LIMPO</SimpleData>
					<SimpleData name="eq_cd_subp">17</SimpleData>
					<SimpleData name="eq_subpref">CAMPO LIMPO</SimpleData>
					<SimpleData name="eq_regiao5">Sul</SimpleData>
					<SimpleData name="eq_regiao8">Sul 2</SimpleData>
					<SimpleData name="eq_ender">CARLOS LACERDA</SimpleData>
					<SimpleData name="eq_num">678</SimpleData>
					<SimpleData name="eq_compend">AVENIDA</SimpleData>
					<SimpleData name="eq_codcep">05789000</SimpleData>
					<SimpleData name="eq_fone1">1158434818</SimpleData>
					<SimpleData name="eq_fone2">1158434821</SimpleData>
					<SimpleData name="eq_cd_dirt">10317</SimpleData>
					<SimpleData name="eq_diretor">SUL 1</SimpleData>
					<SimpleData name="eq_dre">CAMPO LIMPO</SimpleData>
					<SimpleData name="eq_cd_zona">1</SimpleData>
					<SimpleData name="eq_zona">Urbana</SimpleData>
					<SimpleData name="eq_cd_mec">35060586</SimpleData>
					<SimpleData name="eq_esfera">MUNICIPAL</SimpleData>
					<SimpleData name="eq_cd_catg">1</SimpleData>
					<SimpleData name="eq_categor">ESCOLAS AUTONOMAS</SimpleData>
					<SimpleData name="eq_eol">35060586</SimpleData>
					<SimpleData name="eq_horario">07:00-19:00</SimpleData>
				</SchemaData>
			</ExtendedData>
			<Point>
				<coordinates>-46.7792099763369,-23.6370763793983,0</coordinates>
			</Point>
		</Placemark>
		<Placemark id="kml_54">
			<name>kml_54</name>
			<snippet></snippet>
			<description><![CDATA[<center><table><tr><th colspan='2' align='center'><em>Attributes</em></th></tr><tr bgcolor="#E3E3F3">
<th>eq_id</th>
<td>2124</td>
</tr><tr bgcolor="">
<th>eq_nome</th>
<td>CEU CEI CAMPO LIMPO</td>
</tr><tr bgcolor="#E3E3F3">
<th>eq_enderec</th>
<td>CARLOS LACERDA 678</td>
</tr><tr bgcolor="">
<th>eq_bairro</th>
<td>PIRAJUSSARA</td>
</tr><tr bgcolor="#E3E3F3">
<th>eq_cep</th>
<td>05789000</td>
</tr><tr bgcolor="">
<th>eq_tipo</th>
<td>CEU CEI</td>
</tr><tr bgcolor="#E3E3F3">
<th>eq_classe</th>
<td>CEU</td>
</tr><tr bgcolor="">
<th>eq_telefon</th>
<td>1158434831 / 1158434857</td>
</tr><tr bgcolor="#E3E3F3">
<th>eq_setor</th>
<td>355030817000050</td>
</tr><tr bgcolor="">
<th>eq_areap</th>
<td>3550308005236</td>
</tr><tr bgcolor="#E3E3F3">
<th>eq_cd_dist</th>
<td>17</td>
</tr><tr bgcolor="">
<th>eq_distr</th>
<td>CAMPO LIMPO</td>
</tr><tr bgcolor="#E3E3F3">
<th>eq_cd_subp</th>
<td>17</td>
</tr><tr bgcolor="">
<th>eq_subpref</th>
<td>CAMPO LIMPO</td>
</tr><tr bgcolor="#E3E3F3">
<th>eq_regiao5</th>
<td>Sul</td>
</tr><tr bgcolor="">
<th>eq_regiao8</th>
<td>Sul 2</td>
</tr><tr bgcolor="#E3E3F3">
<th>eq_ender</th>
<td>CARLOS LACERDA</td>
</tr><tr bgcolor="">
<th>eq_num</th>
<td>678</td>
</tr><tr bgcolor="#E3E3F3">
<th>eq_compend</th>
<td>AVENIDA</td>
</tr><tr bgcolor="">
<th>eq_codcep</th>
<td>05789000</td>
</tr><tr bgcolor="#E3E3F3">
<th>eq_fone1</th>
<td>1158434831</td>
</tr><tr bgcolor="">
<th>eq_fone2</th>
<td>1158434857</td>
</tr><tr bgcolor="#E3E3F3">
<th>eq_email</th>
<td></td>
</tr><tr bgcolor="">
<th>eq_cd_dirt</th>
<td>10317</td>
</tr><tr bgcolor="#E3E3F3">
<th>eq_diretor</th>
<td>SUL 1</td>
</tr><tr bgcolor="">
<th>eq_dre</th>
<td>CAMPO LIMPO</td>
</tr><tr bgcolor="#E3E3F3">
<th>eq_cd_zona</th>
<td>1</td>
</tr><tr bgcolor="">
<th>eq_zona</th>
<td>Urbana</td>
</tr><tr bgcolor="#E3E3F3">
<th>eq_cd_mec</th>
<td>35060847</td>
</tr><tr bgcolor="">
<th>eq_esfera</th>
<td>MUNICIPAL</td>
</tr><tr bgcolor="#E3E3F3">
<th>eq_cd_catg</th>
<td>1</td>
</tr><tr bgcolor="">
<th>eq_categor</th>
<td>ESCOLAS AUTONOMAS</td>
</tr><tr bgcolor="#E3E3F3">
<th>eq_eol</th>
<td>35060847</td>
</tr><tr bgcolor="">
<th>eq_horario</th>
<td>07:00-19:00</td>
</tr></table></center>]]></description>
			<styleUrl>#m_ylw-pushpin</styleUrl>
			<ExtendedData>
				<SchemaData schemaUrl="#kml_schema_ft_LL_WGS84_KMZ_TEMA_EDUCACAO_CEU">
					<SimpleData name="eq_id">2124</SimpleData>
					<SimpleData name="eq_nome">CEU CEI CAMPO LIMPO</SimpleData>
					<SimpleData name="eq_enderec">CARLOS LACERDA 678</SimpleData>
					<SimpleData name="eq_bairro">PIRAJUSSARA</SimpleData>
					<SimpleData name="eq_cep">05789000</SimpleData>
					<SimpleData name="eq_tipo">CEU CEI</SimpleData>
					<SimpleData name="eq_classe">CEU</SimpleData>
					<SimpleData name="eq_telefon">1158434831 / 1158434857</SimpleData>
					<SimpleData name="eq_setor">355030817000050</SimpleData>
					<SimpleData name="eq_areap">3550308005236</SimpleData>
					<SimpleData name="eq_cd_dist">17</SimpleData>
					<SimpleData name="eq_distr">CAMPO LIMPO</SimpleData>
					<SimpleData name="eq_cd_subp">17</SimpleData>
					<SimpleData name="eq_subpref">CAMPO LIMPO</SimpleData>
					<SimpleData name="eq_regiao5">Sul</SimpleData>
					<SimpleData name="eq_regiao8">Sul 2</SimpleData>
					<SimpleData name="eq_ender">CARLOS LACERDA</SimpleData>
					<SimpleData name="eq_num">678</SimpleData>
					<SimpleData name="eq_compend">AVENIDA</SimpleData>
					<SimpleData name="eq_codcep">05789000</SimpleData>
					<SimpleData name="eq_fone1">1158434831</SimpleData>
					<SimpleData name="eq_fone2">1158434857</SimpleData>
					<SimpleData name="eq_cd_dirt">10317</SimpleData>
					<SimpleData name="eq_diretor">SUL 1</SimpleData>
					<SimpleData name="eq_dre">CAMPO LIMPO</SimpleData>
					<SimpleData name="eq_cd_zona">1</SimpleData>
					<SimpleData name="eq_zona">Urbana</SimpleData>
					<SimpleData name="eq_cd_mec">35060847</SimpleData>
					<SimpleData name="eq_esfera">MUNICIPAL</SimpleData>
					<SimpleData name="eq_cd_catg">1</SimpleData>
					<SimpleData name="eq_categor">ESCOLAS AUTONOMAS</SimpleData>
					<SimpleData name="eq_eol">35060847</SimpleData>
					<SimpleData name="eq_horario">07:00-19:00</SimpleData>
				</SchemaData>
			</ExtendedData>
			<Point>
				<coordinates>-46.7792099763369,-23.6370763793983,0</coordinates>
			</Point>
		</Placemark>
		<Placemark id="kml_55">
			<name>kml_55</name>
			<snippet></snippet>
			<description><![CDATA[<center><table><tr><th colspan='2' align='center'><em>Attributes</em></th></tr><tr bgcolor="#E3E3F3">
<th>eq_id</th>
<td>2125</td>
</tr><tr bgcolor="">
<th>eq_nome</th>
<td>CEU EMEI PAZ</td>
</tr><tr bgcolor="#E3E3F3">
<th>eq_enderec</th>
<td>DANIEL CERRI 1549</td>
</tr><tr bgcolor="">
<th>eq_bairro</th>
<td>JARDIM PARANA</td>
</tr><tr bgcolor="#E3E3F3">
<th>eq_cep</th>
<td>02876000</td>
</tr><tr bgcolor="">
<th>eq_tipo</th>
<td>CEU EMEI</td>
</tr><tr bgcolor="#E3E3F3">
<th>eq_classe</th>
<td>CEU</td>
</tr><tr bgcolor="">
<th>eq_telefon</th>
<td>1139863416 / 1139863417</td>
</tr><tr bgcolor="#E3E3F3">
<th>eq_setor</th>
<td>355030811000221</td>
</tr><tr bgcolor="">
<th>eq_areap</th>
<td>3550308005189</td>
</tr><tr bgcolor="#E3E3F3">
<th>eq_cd_dist</th>
<td>11</td>
</tr><tr bgcolor="">
<th>eq_distr</th>
<td>BRASILANDIA</td>
</tr><tr bgcolor="#E3E3F3">
<th>eq_cd_subp</th>
<td>3</td>
</tr><tr bgcolor="">
<th>eq_subpref</th>
<td>FREGUESIA-BRASILANDIA</td>
</tr><tr bgcolor="#E3E3F3">
<th>eq_regiao5</th>
<td>Norte</td>
</tr><tr bgcolor="">
<th>eq_regiao8</th>
<td>Norte 2</td>
</tr><tr bgcolor="#E3E3F3">
<th>eq_ender</th>
<td>DANIEL CERRI</td>
</tr><tr bgcolor="">
<th>eq_num</th>
<td>1549</td>
</tr><tr bgcolor="#E3E3F3">
<th>eq_compend</th>
<td>RUA</td>
</tr><tr bgcolor="">
<th>eq_codcep</th>
<td>02876000</td>
</tr><tr bgcolor="#E3E3F3">
<th>eq_fone1</th>
<td>1139863416</td>
</tr><tr bgcolor="">
<th>eq_fone2</th>
<td>1139863417</td>
</tr><tr bgcolor="#E3E3F3">
<th>eq_email</th>
<td></td>
</tr><tr bgcolor="">
<th>eq_cd_dirt</th>
<td>10101</td>
</tr><tr bgcolor="#E3E3F3">
<th>eq_diretor</th>
<td>NORTE 1</td>
</tr><tr bgcolor="">
<th>eq_dre</th>
<td>FREGUESIA/BRASILANDIA</td>
</tr><tr bgcolor="#E3E3F3">
<th>eq_cd_zona</th>
<td>1</td>
</tr><tr bgcolor="">
<th>eq_zona</th>
<td>Urbana</td>
</tr><tr bgcolor="#E3E3F3">
<th>eq_cd_mec</th>
<td>35060948</td>
</tr><tr bgcolor="">
<th>eq_esfera</th>
<td>MUNICIPAL</td>
</tr><tr bgcolor="#E3E3F3">
<th>eq_cd_catg</th>
<td>1</td>
</tr><tr bgcolor="">
<th>eq_categor</th>
<td>ESCOLAS AUTONOMAS</td>
</tr><tr bgcolor="#E3E3F3">
<th>eq_eol</th>
<td>35060948</td>
</tr><tr bgcolor="">
<th>eq_horario</th>
<td>07:00-19:00</td>
</tr></table></center>]]></description>
			<styleUrl>#m_ylw-pushpin</styleUrl>
			<ExtendedData>
				<SchemaData schemaUrl="#kml_schema_ft_LL_WGS84_KMZ_TEMA_EDUCACAO_CEU">
					<SimpleData name="eq_id">2125</SimpleData>
					<SimpleData name="eq_nome">CEU EMEI PAZ</SimpleData>
					<SimpleData name="eq_enderec">DANIEL CERRI 1549</SimpleData>
					<SimpleData name="eq_bairro">JARDIM PARANA</SimpleData>
					<SimpleData name="eq_cep">02876000</SimpleData>
					<SimpleData name="eq_tipo">CEU EMEI</SimpleData>
					<SimpleData name="eq_classe">CEU</SimpleData>
					<SimpleData name="eq_telefon">1139863416 / 1139863417</SimpleData>
					<SimpleData name="eq_setor">355030811000221</SimpleData>
					<SimpleData name="eq_areap">3550308005189</SimpleData>
					<SimpleData name="eq_cd_dist">11</SimpleData>
					<SimpleData name="eq_distr">BRASILANDIA</SimpleData>
					<SimpleData name="eq_cd_subp">3</SimpleData>
					<SimpleData name="eq_subpref">FREGUESIA-BRASILANDIA</SimpleData>
					<SimpleData name="eq_regiao5">Norte</SimpleData>
					<SimpleData name="eq_regiao8">Norte 2</SimpleData>
					<SimpleData name="eq_ender">DANIEL CERRI</SimpleData>
					<SimpleData name="eq_num">1549</SimpleData>
					<SimpleData name="eq_compend">RUA</SimpleData>
					<SimpleData name="eq_codcep">02876000</SimpleData>
					<SimpleData name="eq_fone1">1139863416</SimpleData>
					<SimpleData name="eq_fone2">1139863417</SimpleData>
					<SimpleData name="eq_cd_dirt">10101</SimpleData>
					<SimpleData name="eq_diretor">NORTE 1</SimpleData>
					<SimpleData name="eq_dre">FREGUESIA/BRASILANDIA</SimpleData>
					<SimpleData name="eq_cd_zona">1</SimpleData>
					<SimpleData name="eq_zona">Urbana</SimpleData>
					<SimpleData name="eq_cd_mec">35060948</SimpleData>
					<SimpleData name="eq_esfera">MUNICIPAL</SimpleData>
					<SimpleData name="eq_cd_catg">1</SimpleData>
					<SimpleData name="eq_categor">ESCOLAS AUTONOMAS</SimpleData>
					<SimpleData name="eq_eol">35060948</SimpleData>
					<SimpleData name="eq_horario">07:00-19:00</SimpleData>
				</SchemaData>
			</ExtendedData>
			<Point>
				<coordinates>-46.6890725174753,-23.44807077887,0</coordinates>
			</Point>
		</Placemark>
		<Placemark id="kml_56">
			<name>kml_56</name>
			<snippet></snippet>
			<description><![CDATA[<center><table><tr><th colspan='2' align='center'><em>Attributes</em></th></tr><tr bgcolor="#E3E3F3">
<th>eq_id</th>
<td>2126</td>
</tr><tr bgcolor="">
<th>eq_nome</th>
<td>CEU CEI PAZ</td>
</tr><tr bgcolor="#E3E3F3">
<th>eq_enderec</th>
<td>DANIEL CERRI 1549</td>
</tr><tr bgcolor="">
<th>eq_bairro</th>
<td>JARDIM PARANA</td>
</tr><tr bgcolor="#E3E3F3">
<th>eq_cep</th>
<td>02876000</td>
</tr><tr bgcolor="">
<th>eq_tipo</th>
<td>CEU CEI</td>
</tr><tr bgcolor="#E3E3F3">
<th>eq_classe</th>
<td>CEU</td>
</tr><tr bgcolor="">
<th>eq_telefon</th>
<td>1139863440 / </td>
</tr><tr bgcolor="#E3E3F3">
<th>eq_setor</th>
<td>355030811000221</td>
</tr><tr bgcolor="">
<th>eq_areap</th>
<td>3550308005189</td>
</tr><tr bgcolor="#E3E3F3">
<th>eq_cd_dist</th>
<td>11</td>
</tr><tr bgcolor="">
<th>eq_distr</th>
<td>BRASILANDIA</td>
</tr><tr bgcolor="#E3E3F3">
<th>eq_cd_subp</th>
<td>3</td>
</tr><tr bgcolor="">
<th>eq_subpref</th>
<td>FREGUESIA-BRASILANDIA</td>
</tr><tr bgcolor="#E3E3F3">
<th>eq_regiao5</th>
<td>Norte</td>
</tr><tr bgcolor="">
<th>eq_regiao8</th>
<td>Norte 2</td>
</tr><tr bgcolor="#E3E3F3">
<th>eq_ender</th>
<td>DANIEL CERRI</td>
</tr><tr bgcolor="">
<th>eq_num</th>
<td>1549</td>
</tr><tr bgcolor="#E3E3F3">
<th>eq_compend</th>
<td>RUA</td>
</tr><tr bgcolor="">
<th>eq_codcep</th>
<td>02876000</td>
</tr><tr bgcolor="#E3E3F3">
<th>eq_fone1</th>
<td>1139863440</td>
</tr><tr bgcolor="">
<th>eq_fone2</th>
<td></td>
</tr><tr bgcolor="#E3E3F3">
<th>eq_email</th>
<td></td>
</tr><tr bgcolor="">
<th>eq_cd_dirt</th>
<td>10101</td>
</tr><tr bgcolor="#E3E3F3">
<th>eq_diretor</th>
<td>NORTE 1</td>
</tr><tr bgcolor="">
<th>eq_dre</th>
<td>FREGUESIA/BRASILANDIA</td>
</tr><tr bgcolor="#E3E3F3">
<th>eq_cd_zona</th>
<td>1</td>
</tr><tr bgcolor="">
<th>eq_zona</th>
<td>Urbana</td>
</tr><tr bgcolor="#E3E3F3">
<th>eq_cd_mec</th>
<td>35060963</td>
</tr><tr bgcolor="">
<th>eq_esfera</th>
<td>MUNICIPAL</td>
</tr><tr bgcolor="#E3E3F3">
<th>eq_cd_catg</th>
<td>1</td>
</tr><tr bgcolor="">
<th>eq_categor</th>
<td>ESCOLAS AUTONOMAS</td>
</tr><tr bgcolor="#E3E3F3">
<th>eq_eol</th>
<td>35060963</td>
</tr><tr bgcolor="">
<th>eq_horario</th>
<td>07:00-19:30</td>
</tr></table></center>]]></description>
			<styleUrl>#m_ylw-pushpin</styleUrl>
			<ExtendedData>
				<SchemaData schemaUrl="#kml_schema_ft_LL_WGS84_KMZ_TEMA_EDUCACAO_CEU">
					<SimpleData name="eq_id">2126</SimpleData>
					<SimpleData name="eq_nome">CEU CEI PAZ</SimpleData>
					<SimpleData name="eq_enderec">DANIEL CERRI 1549</SimpleData>
					<SimpleData name="eq_bairro">JARDIM PARANA</SimpleData>
					<SimpleData name="eq_cep">02876000</SimpleData>
					<SimpleData name="eq_tipo">CEU CEI</SimpleData>
					<SimpleData name="eq_classe">CEU</SimpleData>
					<SimpleData name="eq_telefon">1139863440 /</SimpleData>
					<SimpleData name="eq_setor">355030811000221</SimpleData>
					<SimpleData name="eq_areap">3550308005189</SimpleData>
					<SimpleData name="eq_cd_dist">11</SimpleData>
					<SimpleData name="eq_distr">BRASILANDIA</SimpleData>
					<SimpleData name="eq_cd_subp">3</SimpleData>
					<SimpleData name="eq_subpref">FREGUESIA-BRASILANDIA</SimpleData>
					<SimpleData name="eq_regiao5">Norte</SimpleData>
					<SimpleData name="eq_regiao8">Norte 2</SimpleData>
					<SimpleData name="eq_ender">DANIEL CERRI</SimpleData>
					<SimpleData name="eq_num">1549</SimpleData>
					<SimpleData name="eq_compend">RUA</SimpleData>
					<SimpleData name="eq_codcep">02876000</SimpleData>
					<SimpleData name="eq_fone1">1139863440</SimpleData>
					<SimpleData name="eq_cd_dirt">10101</SimpleData>
					<SimpleData name="eq_diretor">NORTE 1</SimpleData>
					<SimpleData name="eq_dre">FREGUESIA/BRASILANDIA</SimpleData>
					<SimpleData name="eq_cd_zona">1</SimpleData>
					<SimpleData name="eq_zona">Urbana</SimpleData>
					<SimpleData name="eq_cd_mec">35060963</SimpleData>
					<SimpleData name="eq_esfera">MUNICIPAL</SimpleData>
					<SimpleData name="eq_cd_catg">1</SimpleData>
					<SimpleData name="eq_categor">ESCOLAS AUTONOMAS</SimpleData>
					<SimpleData name="eq_eol">35060963</SimpleData>
					<SimpleData name="eq_horario">07:00-19:30</SimpleData>
				</SchemaData>
			</ExtendedData>
			<Point>
				<coordinates>-46.6890665140813,-23.4481528383714,0</coordinates>
			</Point>
		</Placemark>
		<Placemark id="kml_57">
			<name>kml_57</name>
			<snippet></snippet>
			<description><![CDATA[<center><table><tr><th colspan='2' align='center'><em>Attributes</em></th></tr><tr bgcolor="#E3E3F3">
<th>eq_id</th>
<td>2174</td>
</tr><tr bgcolor="">
<th>eq_nome</th>
<td>CEU EMEF CANDIDA DORA PINO PRETINI PROFA</td>
</tr><tr bgcolor="#E3E3F3">
<th>eq_enderec</th>
<td>CINIRA POLONIO 100</td>
</tr><tr bgcolor="">
<th>eq_bairro</th>
<td>CONJUNTO PROMORAR RIO CLARO</td>
</tr><tr bgcolor="#E3E3F3">
<th>eq_cep</th>
<td>08395000</td>
</tr><tr bgcolor="">
<th>eq_tipo</th>
<td>CEU EMEF</td>
</tr><tr bgcolor="#E3E3F3">
<th>eq_classe</th>
<td>CEU</td>
</tr><tr bgcolor="">
<th>eq_telefon</th>
<td>1127521005 / 1127521007</td>
</tr><tr bgcolor="#E3E3F3">
<th>eq_setor</th>
<td>355030875000154</td>
</tr><tr bgcolor="">
<th>eq_areap</th>
<td>3550308005277</td>
</tr><tr bgcolor="#E3E3F3">
<th>eq_cd_dist</th>
<td>75</td>
</tr><tr bgcolor="">
<th>eq_distr</th>
<td>SAO RAFAEL</td>
</tr><tr bgcolor="#E3E3F3">
<th>eq_cd_subp</th>
<td>30</td>
</tr><tr bgcolor="">
<th>eq_subpref</th>
<td>SAO MATEUS</td>
</tr><tr bgcolor="#E3E3F3">
<th>eq_regiao5</th>
<td>Leste</td>
</tr><tr bgcolor="">
<th>eq_regiao8</th>
<td>Leste 2</td>
</tr><tr bgcolor="#E3E3F3">
<th>eq_ender</th>
<td>CINIRA POLONIO</td>
</tr><tr bgcolor="">
<th>eq_num</th>
<td>100</td>
</tr><tr bgcolor="#E3E3F3">
<th>eq_compend</th>
<td>RUA</td>
</tr><tr bgcolor="">
<th>eq_codcep</th>
<td>08395000</td>
</tr><tr bgcolor="#E3E3F3">
<th>eq_fone1</th>
<td>1127521005</td>
</tr><tr bgcolor="">
<th>eq_fone2</th>
<td>1127521007</td>
</tr><tr bgcolor="#E3E3F3">
<th>eq_email</th>
<td>EMEFCEUCANDIDADORA@SME.PREFEITURA.SP.GOV.BR</td>
</tr><tr bgcolor="">
<th>eq_cd_dirt</th>
<td>10211</td>
</tr><tr bgcolor="#E3E3F3">
<th>eq_diretor</th>
<td>LESTE 3</td>
</tr><tr bgcolor="">
<th>eq_dre</th>
<td>SAO MATEUS</td>
</tr><tr bgcolor="#E3E3F3">
<th>eq_cd_zona</th>
<td>1</td>
</tr><tr bgcolor="">
<th>eq_zona</th>
<td>Urbana</td>
</tr><tr bgcolor="#E3E3F3">
<th>eq_cd_mec</th>
<td>35072230</td>
</tr><tr bgcolor="">
<th>eq_esfera</th>
<td>MUNICIPAL</td>
</tr><tr bgcolor="#E3E3F3">
<th>eq_cd_catg</th>
<td>1</td>
</tr><tr bgcolor="">
<th>eq_categor</th>
<td>ESCOLAS AUTONOMAS</td>
</tr><tr bgcolor="#E3E3F3">
<th>eq_eol</th>
<td>35072230</td>
</tr><tr bgcolor="">
<th>eq_horario</th>
<td>07:00-18:40</td>
</tr></table></center>]]></description>
			<styleUrl>#m_ylw-pushpin</styleUrl>
			<ExtendedData>
				<SchemaData schemaUrl="#kml_schema_ft_LL_WGS84_KMZ_TEMA_EDUCACAO_CEU">
					<SimpleData name="eq_id">2174</SimpleData>
					<SimpleData name="eq_nome">CEU EMEF CANDIDA DORA PINO PRETINI PROFA</SimpleData>
					<SimpleData name="eq_enderec">CINIRA POLONIO 100</SimpleData>
					<SimpleData name="eq_bairro">CONJUNTO PROMORAR RIO CLARO</SimpleData>
					<SimpleData name="eq_cep">08395000</SimpleData>
					<SimpleData name="eq_tipo">CEU EMEF</SimpleData>
					<SimpleData name="eq_classe">CEU</SimpleData>
					<SimpleData name="eq_telefon">1127521005 / 1127521007</SimpleData>
					<SimpleData name="eq_setor">355030875000154</SimpleData>
					<SimpleData name="eq_areap">3550308005277</SimpleData>
					<SimpleData name="eq_cd_dist">75</SimpleData>
					<SimpleData name="eq_distr">SAO RAFAEL</SimpleData>
					<SimpleData name="eq_cd_subp">30</SimpleData>
					<SimpleData name="eq_subpref">SAO MATEUS</SimpleData>
					<SimpleData name="eq_regiao5">Leste</SimpleData>
					<SimpleData name="eq_regiao8">Leste 2</SimpleData>
					<SimpleData name="eq_ender">CINIRA POLONIO</SimpleData>
					<SimpleData name="eq_num">100</SimpleData>
					<SimpleData name="eq_compend">RUA</SimpleData>
					<SimpleData name="eq_codcep">08395000</SimpleData>
					<SimpleData name="eq_fone1">1127521005</SimpleData>
					<SimpleData name="eq_fone2">1127521007</SimpleData>
					<SimpleData name="eq_email">EMEFCEUCANDIDADORA@SME.PREFEITURA.SP.GOV.BR</SimpleData>
					<SimpleData name="eq_cd_dirt">10211</SimpleData>
					<SimpleData name="eq_diretor">LESTE 3</SimpleData>
					<SimpleData name="eq_dre">SAO MATEUS</SimpleData>
					<SimpleData name="eq_cd_zona">1</SimpleData>
					<SimpleData name="eq_zona">Urbana</SimpleData>
					<SimpleData name="eq_cd_mec">35072230</SimpleData>
					<SimpleData name="eq_esfera">MUNICIPAL</SimpleData>
					<SimpleData name="eq_cd_catg">1</SimpleData>
					<SimpleData name="eq_categor">ESCOLAS AUTONOMAS</SimpleData>
					<SimpleData name="eq_eol">35072230</SimpleData>
					<SimpleData name="eq_horario">07:00-18:40</SimpleData>
				</SchemaData>
			</ExtendedData>
			<Point>
				<coordinates>-46.4561012074759,-23.6201732581015,0</coordinates>
			</Point>
		</Placemark>
		<Placemark id="kml_58">
			<name>kml_58</name>
			<snippet></snippet>
			<description><![CDATA[<center><table><tr><th colspan='2' align='center'><em>Attributes</em></th></tr><tr bgcolor="#E3E3F3">
<th>eq_id</th>
<td>2175</td>
</tr><tr bgcolor="">
<th>eq_nome</th>
<td>CEU CEI SAO RAFAEL</td>
</tr><tr bgcolor="#E3E3F3">
<th>eq_enderec</th>
<td>CINIRA POLONIO 100</td>
</tr><tr bgcolor="">
<th>eq_bairro</th>
<td>CONJUNTO PROMORAR RIO CLARO</td>
</tr><tr bgcolor="#E3E3F3">
<th>eq_cep</th>
<td>08395000</td>
</tr><tr bgcolor="">
<th>eq_tipo</th>
<td>CEU CEI</td>
</tr><tr bgcolor="#E3E3F3">
<th>eq_classe</th>
<td>CEU</td>
</tr><tr bgcolor="">
<th>eq_telefon</th>
<td>1127521022 / 1127521045</td>
</tr><tr bgcolor="#E3E3F3">
<th>eq_setor</th>
<td>355030875000154</td>
</tr><tr bgcolor="">
<th>eq_areap</th>
<td>3550308005277</td>
</tr><tr bgcolor="#E3E3F3">
<th>eq_cd_dist</th>
<td>75</td>
</tr><tr bgcolor="">
<th>eq_distr</th>
<td>SAO RAFAEL</td>
</tr><tr bgcolor="#E3E3F3">
<th>eq_cd_subp</th>
<td>30</td>
</tr><tr bgcolor="">
<th>eq_subpref</th>
<td>SAO MATEUS</td>
</tr><tr bgcolor="#E3E3F3">
<th>eq_regiao5</th>
<td>Leste</td>
</tr><tr bgcolor="">
<th>eq_regiao8</th>
<td>Leste 2</td>
</tr><tr bgcolor="#E3E3F3">
<th>eq_ender</th>
<td>CINIRA POLONIO</td>
</tr><tr bgcolor="">
<th>eq_num</th>
<td>100</td>
</tr><tr bgcolor="#E3E3F3">
<th>eq_compend</th>
<td>RUA</td>
</tr><tr bgcolor="">
<th>eq_codcep</th>
<td>08395000</td>
</tr><tr bgcolor="#E3E3F3">
<th>eq_fone1</th>
<td>1127521022</td>
</tr><tr bgcolor="">
<th>eq_fone2</th>
<td>1127521045</td>
</tr><tr bgcolor="#E3E3F3">
<th>eq_email</th>
<td></td>
</tr><tr bgcolor="">
<th>eq_cd_dirt</th>
<td>10211</td>
</tr><tr bgcolor="#E3E3F3">
<th>eq_diretor</th>
<td>LESTE 3</td>
</tr><tr bgcolor="">
<th>eq_dre</th>
<td>SAO MATEUS</td>
</tr><tr bgcolor="#E3E3F3">
<th>eq_cd_zona</th>
<td>1</td>
</tr><tr bgcolor="">
<th>eq_zona</th>
<td>Urbana</td>
</tr><tr bgcolor="#E3E3F3">
<th>eq_cd_mec</th>
<td>35072285</td>
</tr><tr bgcolor="">
<th>eq_esfera</th>
<td>MUNICIPAL</td>
</tr><tr bgcolor="#E3E3F3">
<th>eq_cd_catg</th>
<td>1</td>
</tr><tr bgcolor="">
<th>eq_categor</th>
<td>ESCOLAS AUTONOMAS</td>
</tr><tr bgcolor="#E3E3F3">
<th>eq_eol</th>
<td>35072285</td>
</tr><tr bgcolor="">
<th>eq_horario</th>
<td>07:00-17:00</td>
</tr></table></center>]]></description>
			<styleUrl>#m_ylw-pushpin</styleUrl>
			<ExtendedData>
				<SchemaData schemaUrl="#kml_schema_ft_LL_WGS84_KMZ_TEMA_EDUCACAO_CEU">
					<SimpleData name="eq_id">2175</SimpleData>
					<SimpleData name="eq_nome">CEU CEI SAO RAFAEL</SimpleData>
					<SimpleData name="eq_enderec">CINIRA POLONIO 100</SimpleData>
					<SimpleData name="eq_bairro">CONJUNTO PROMORAR RIO CLARO</SimpleData>
					<SimpleData name="eq_cep">08395000</SimpleData>
					<SimpleData name="eq_tipo">CEU CEI</SimpleData>
					<SimpleData name="eq_classe">CEU</SimpleData>
					<SimpleData name="eq_telefon">1127521022 / 1127521045</SimpleData>
					<SimpleData name="eq_setor">355030875000154</SimpleData>
					<SimpleData name="eq_areap">3550308005277</SimpleData>
					<SimpleData name="eq_cd_dist">75</SimpleData>
					<SimpleData name="eq_distr">SAO RAFAEL</SimpleData>
					<SimpleData name="eq_cd_subp">30</SimpleData>
					<SimpleData name="eq_subpref">SAO MATEUS</SimpleData>
					<SimpleData name="eq_regiao5">Leste</SimpleData>
					<SimpleData name="eq_regiao8">Leste 2</SimpleData>
					<SimpleData name="eq_ender">CINIRA POLONIO</SimpleData>
					<SimpleData name="eq_num">100</SimpleData>
					<SimpleData name="eq_compend">RUA</SimpleData>
					<SimpleData name="eq_codcep">08395000</SimpleData>
					<SimpleData name="eq_fone1">1127521022</SimpleData>
					<SimpleData name="eq_fone2">1127521045</SimpleData>
					<SimpleData name="eq_cd_dirt">10211</SimpleData>
					<SimpleData name="eq_diretor">LESTE 3</SimpleData>
					<SimpleData name="eq_dre">SAO MATEUS</SimpleData>
					<SimpleData name="eq_cd_zona">1</SimpleData>
					<SimpleData name="eq_zona">Urbana</SimpleData>
					<SimpleData name="eq_cd_mec">35072285</SimpleData>
					<SimpleData name="eq_esfera">MUNICIPAL</SimpleData>
					<SimpleData name="eq_cd_catg">1</SimpleData>
					<SimpleData name="eq_categor">ESCOLAS AUTONOMAS</SimpleData>
					<SimpleData name="eq_eol">35072285</SimpleData>
					<SimpleData name="eq_horario">07:00-17:00</SimpleData>
				</SchemaData>
			</ExtendedData>
			<Point>
				<coordinates>-46.4562121679583,-23.620316257052,0</coordinates>
			</Point>
		</Placemark>
		<Placemark id="kml_59">
			<name>kml_59</name>
			<snippet></snippet>
			<description><![CDATA[<center><table><tr><th colspan='2' align='center'><em>Attributes</em></th></tr><tr bgcolor="#E3E3F3">
<th>eq_id</th>
<td>2183</td>
</tr><tr bgcolor="">
<th>eq_nome</th>
<td>CEU EMEI CARLOS OLIVALDO DE SOUZA LOPES MUNIZ DR</td>
</tr><tr bgcolor="#E3E3F3">
<th>eq_enderec</th>
<td>RUA CLAREAR 141</td>
</tr><tr bgcolor="">
<th>eq_bairro</th>
<td>JARDIM SAO CARLOS ZONA LESTE</td>
</tr><tr bgcolor="#E3E3F3">
<th>eq_cep</th>
<td>08062000</td>
</tr><tr bgcolor="">
<th>eq_tipo</th>
<td>CEU EMEI</td>
</tr><tr bgcolor="#E3E3F3">
<th>eq_classe</th>
<td>CEU</td>
</tr><tr bgcolor="">
<th>eq_telefon</th>
<td>1120454211 / 1120454212</td>
</tr><tr bgcolor="#E3E3F3">
<th>eq_setor</th>
<td>355030887000129</td>
</tr><tr bgcolor="">
<th>eq_areap</th>
<td>3550308005195</td>
</tr><tr bgcolor="#E3E3F3">
<th>eq_cd_dist</th>
<td>87</td>
</tr><tr bgcolor="">
<th>eq_distr</th>
<td>VILA JACUI</td>
</tr><tr bgcolor="#E3E3F3">
<th>eq_cd_subp</th>
<td>23</td>
</tr><tr bgcolor="">
<th>eq_subpref</th>
<td>SAO MIGUEL</td>
</tr><tr bgcolor="#E3E3F3">
<th>eq_regiao5</th>
<td>Leste</td>
</tr><tr bgcolor="">
<th>eq_regiao8</th>
<td>Leste 2</td>
</tr><tr bgcolor="#E3E3F3">
<th>eq_ender</th>
<td>RUA CLAREAR</td>
</tr><tr bgcolor="">
<th>eq_num</th>
<td>141</td>
</tr><tr bgcolor="#E3E3F3">
<th>eq_compend</th>
<td>RUA</td>
</tr><tr bgcolor="">
<th>eq_codcep</th>
<td>08062000</td>
</tr><tr bgcolor="#E3E3F3">
<th>eq_fone1</th>
<td>1120454211</td>
</tr><tr bgcolor="">
<th>eq_fone2</th>
<td>1120454212</td>
</tr><tr bgcolor="#E3E3F3">
<th>eq_email</th>
<td></td>
</tr><tr bgcolor="">
<th>eq_cd_dirt</th>
<td>10207</td>
</tr><tr bgcolor="#E3E3F3">
<th>eq_diretor</th>
<td>LESTE 1</td>
</tr><tr bgcolor="">
<th>eq_dre</th>
<td>SAO MIGUEL</td>
</tr><tr bgcolor="#E3E3F3">
<th>eq_cd_zona</th>
<td>1</td>
</tr><tr bgcolor="">
<th>eq_zona</th>
<td>Urbana</td>
</tr><tr bgcolor="#E3E3F3">
<th>eq_cd_mec</th>
<td>35074664</td>
</tr><tr bgcolor="">
<th>eq_esfera</th>
<td>MUNICIPAL</td>
</tr><tr bgcolor="#E3E3F3">
<th>eq_cd_catg</th>
<td>1</td>
</tr><tr bgcolor="">
<th>eq_categor</th>
<td>ESCOLAS AUTONOMAS</td>
</tr><tr bgcolor="#E3E3F3">
<th>eq_eol</th>
<td>35074664</td>
</tr><tr bgcolor="">
<th>eq_horario</th>
<td>07:00-19:00</td>
</tr></table></center>]]></description>
			<styleUrl>#m_ylw-pushpin</styleUrl>
			<ExtendedData>
				<SchemaData schemaUrl="#kml_schema_ft_LL_WGS84_KMZ_TEMA_EDUCACAO_CEU">
					<SimpleData name="eq_id">2183</SimpleData>
					<SimpleData name="eq_nome">CEU EMEI CARLOS OLIVALDO DE SOUZA LOPES MUNIZ DR</SimpleData>
					<SimpleData name="eq_enderec">RUA CLAREAR 141</SimpleData>
					<SimpleData name="eq_bairro">JARDIM SAO CARLOS ZONA LESTE</SimpleData>
					<SimpleData name="eq_cep">08062000</SimpleData>
					<SimpleData name="eq_tipo">CEU EMEI</SimpleData>
					<SimpleData name="eq_classe">CEU</SimpleData>
					<SimpleData name="eq_telefon">1120454211 / 1120454212</SimpleData>
					<SimpleData name="eq_setor">355030887000129</SimpleData>
					<SimpleData name="eq_areap">3550308005195</SimpleData>
					<SimpleData name="eq_cd_dist">87</SimpleData>
					<SimpleData name="eq_distr">VILA JACUI</SimpleData>
					<SimpleData name="eq_cd_subp">23</SimpleData>
					<SimpleData name="eq_subpref">SAO MIGUEL</SimpleData>
					<SimpleData name="eq_regiao5">Leste</SimpleData>
					<SimpleData name="eq_regiao8">Leste 2</SimpleData>
					<SimpleData name="eq_ender">RUA CLAREAR</SimpleData>
					<SimpleData name="eq_num">141</SimpleData>
					<SimpleData name="eq_compend">RUA</SimpleData>
					<SimpleData name="eq_codcep">08062000</SimpleData>
					<SimpleData name="eq_fone1">1120454211</SimpleData>
					<SimpleData name="eq_fone2">1120454212</SimpleData>
					<SimpleData name="eq_cd_dirt">10207</SimpleData>
					<SimpleData name="eq_diretor">LESTE 1</SimpleData>
					<SimpleData name="eq_dre">SAO MIGUEL</SimpleData>
					<SimpleData name="eq_cd_zona">1</SimpleData>
					<SimpleData name="eq_zona">Urbana</SimpleData>
					<SimpleData name="eq_cd_mec">35074664</SimpleData>
					<SimpleData name="eq_esfera">MUNICIPAL</SimpleData>
					<SimpleData name="eq_cd_catg">1</SimpleData>
					<SimpleData name="eq_categor">ESCOLAS AUTONOMAS</SimpleData>
					<SimpleData name="eq_eol">35074664</SimpleData>
					<SimpleData name="eq_horario">07:00-19:00</SimpleData>
				</SchemaData>
			</ExtendedData>
			<Point>
				<coordinates>-46.4740790120942,-23.5097967574137,0</coordinates>
			</Point>
		</Placemark>
		<Placemark id="kml_60">
			<name>kml_60</name>
			<snippet></snippet>
			<description><![CDATA[<center><table><tr><th colspan='2' align='center'><em>Attributes</em></th></tr><tr bgcolor="#E3E3F3">
<th>eq_id</th>
<td>2293</td>
</tr><tr bgcolor="">
<th>eq_nome</th>
<td>CEU EMEI BENNO HUBERT STOLLENWERK PE</td>
</tr><tr bgcolor="#E3E3F3">
<th>eq_enderec</th>
<td>BARBINOS 111</td>
</tr><tr bgcolor="">
<th>eq_bairro</th>
<td>SAO JOAO CLIMACO</td>
</tr><tr bgcolor="#E3E3F3">
<th>eq_cep</th>
<td>04240000</td>
</tr><tr bgcolor="">
<th>eq_tipo</th>
<td>CEU EMEI</td>
</tr><tr bgcolor="#E3E3F3">
<th>eq_classe</th>
<td>CEU</td>
</tr><tr bgcolor="">
<th>eq_telefon</th>
<td>1129452520 / 1129452521</td>
</tr><tr bgcolor="#E3E3F3">
<th>eq_setor</th>
<td>355030868000250</td>
</tr><tr bgcolor="">
<th>eq_areap</th>
<td>3550308005086</td>
</tr><tr bgcolor="#E3E3F3">
<th>eq_cd_dist</th>
<td>68</td>
</tr><tr bgcolor="">
<th>eq_distr</th>
<td>SACOMA</td>
</tr><tr bgcolor="#E3E3F3">
<th>eq_cd_subp</th>
<td>13</td>
</tr><tr bgcolor="">
<th>eq_subpref</th>
<td>IPIRANGA</td>
</tr><tr bgcolor="#E3E3F3">
<th>eq_regiao5</th>
<td>Sul</td>
</tr><tr bgcolor="">
<th>eq_regiao8</th>
<td>Sul 1</td>
</tr><tr bgcolor="#E3E3F3">
<th>eq_ender</th>
<td>BARBINOS</td>
</tr><tr bgcolor="">
<th>eq_num</th>
<td>111</td>
</tr><tr bgcolor="#E3E3F3">
<th>eq_compend</th>
<td>RUA</td>
</tr><tr bgcolor="">
<th>eq_codcep</th>
<td>04240000</td>
</tr><tr bgcolor="#E3E3F3">
<th>eq_fone1</th>
<td>1129452520</td>
</tr><tr bgcolor="">
<th>eq_fone2</th>
<td>1129452521</td>
</tr><tr bgcolor="#E3E3F3">
<th>eq_email</th>
<td></td>
</tr><tr bgcolor="">
<th>eq_cd_dirt</th>
<td>10316</td>
</tr><tr bgcolor="#E3E3F3">
<th>eq_diretor</th>
<td>CENTRO SUL</td>
</tr><tr bgcolor="">
<th>eq_dre</th>
<td>IPIRANGA</td>
</tr><tr bgcolor="#E3E3F3">
<th>eq_cd_zona</th>
<td>1</td>
</tr><tr bgcolor="">
<th>eq_zona</th>
<td>Urbana</td>
</tr><tr bgcolor="#E3E3F3">
<th>eq_cd_mec</th>
<td>35087622</td>
</tr><tr bgcolor="">
<th>eq_esfera</th>
<td>MUNICIPAL</td>
</tr><tr bgcolor="#E3E3F3">
<th>eq_cd_catg</th>
<td>1</td>
</tr><tr bgcolor="">
<th>eq_categor</th>
<td>ESCOLAS AUTONOMAS</td>
</tr><tr bgcolor="#E3E3F3">
<th>eq_eol</th>
<td>35087622</td>
</tr><tr bgcolor="">
<th>eq_horario</th>
<td>07:00-19:00</td>
</tr></table></center>]]></description>
			<styleUrl>#m_ylw-pushpin</styleUrl>
			<ExtendedData>
				<SchemaData schemaUrl="#kml_schema_ft_LL_WGS84_KMZ_TEMA_EDUCACAO_CEU">
					<SimpleData name="eq_id">2293</SimpleData>
					<SimpleData name="eq_nome">CEU EMEI BENNO HUBERT STOLLENWERK PE</SimpleData>
					<SimpleData name="eq_enderec">BARBINOS 111</SimpleData>
					<SimpleData name="eq_bairro">SAO JOAO CLIMACO</SimpleData>
					<SimpleData name="eq_cep">04240000</SimpleData>
					<SimpleData name="eq_tipo">CEU EMEI</SimpleData>
					<SimpleData name="eq_classe">CEU</SimpleData>
					<SimpleData name="eq_telefon">1129452520 / 1129452521</SimpleData>
					<SimpleData name="eq_setor">355030868000250</SimpleData>
					<SimpleData name="eq_areap">3550308005086</SimpleData>
					<SimpleData name="eq_cd_dist">68</SimpleData>
					<SimpleData name="eq_distr">SACOMA</SimpleData>
					<SimpleData name="eq_cd_subp">13</SimpleData>
					<SimpleData name="eq_subpref">IPIRANGA</SimpleData>
					<SimpleData name="eq_regiao5">Sul</SimpleData>
					<SimpleData name="eq_regiao8">Sul 1</SimpleData>
					<SimpleData name="eq_ender">BARBINOS</SimpleData>
					<SimpleData name="eq_num">111</SimpleData>
					<SimpleData name="eq_compend">RUA</SimpleData>
					<SimpleData name="eq_codcep">04240000</SimpleData>
					<SimpleData name="eq_fone1">1129452520</SimpleData>
					<SimpleData name="eq_fone2">1129452521</SimpleData>
					<SimpleData name="eq_cd_dirt">10316</SimpleData>
					<SimpleData name="eq_diretor">CENTRO SUL</SimpleData>
					<SimpleData name="eq_dre">IPIRANGA</SimpleData>
					<SimpleData name="eq_cd_zona">1</SimpleData>
					<SimpleData name="eq_zona">Urbana</SimpleData>
					<SimpleData name="eq_cd_mec">35087622</SimpleData>
					<SimpleData name="eq_esfera">MUNICIPAL</SimpleData>
					<SimpleData name="eq_cd_catg">1</SimpleData>
					<SimpleData name="eq_categor">ESCOLAS AUTONOMAS</SimpleData>
					<SimpleData name="eq_eol">35087622</SimpleData>
					<SimpleData name="eq_horario">07:00-19:00</SimpleData>
				</SchemaData>
			</ExtendedData>
			<Point>
				<coordinates>-46.5836732435795,-23.6210779232092,0</coordinates>
			</Point>
		</Placemark>
		<Placemark id="kml_61">
			<name>kml_61</name>
			<snippet></snippet>
			<description><![CDATA[<center><table><tr><th colspan='2' align='center'><em>Attributes</em></th></tr><tr bgcolor="#E3E3F3">
<th>eq_id</th>
<td>2300</td>
</tr><tr bgcolor="">
<th>eq_nome</th>
<td>CEU EMEF TEOTONIO VILELA SEN</td>
</tr><tr bgcolor="#E3E3F3">
<th>eq_enderec</th>
<td>DANIEL CERRI 1549</td>
</tr><tr bgcolor="">
<th>eq_bairro</th>
<td>JARDIM PARANA</td>
</tr><tr bgcolor="#E3E3F3">
<th>eq_cep</th>
<td>02876000</td>
</tr><tr bgcolor="">
<th>eq_tipo</th>
<td>CEU EMEF</td>
</tr><tr bgcolor="#E3E3F3">
<th>eq_classe</th>
<td>CEU</td>
</tr><tr bgcolor="">
<th>eq_telefon</th>
<td>1139863106 / 1139863425</td>
</tr><tr bgcolor="#E3E3F3">
<th>eq_setor</th>
<td>355030811000221</td>
</tr><tr bgcolor="">
<th>eq_areap</th>
<td>3550308005189</td>
</tr><tr bgcolor="#E3E3F3">
<th>eq_cd_dist</th>
<td>11</td>
</tr><tr bgcolor="">
<th>eq_distr</th>
<td>BRASILANDIA</td>
</tr><tr bgcolor="#E3E3F3">
<th>eq_cd_subp</th>
<td>3</td>
</tr><tr bgcolor="">
<th>eq_subpref</th>
<td>FREGUESIA-BRASILANDIA</td>
</tr><tr bgcolor="#E3E3F3">
<th>eq_regiao5</th>
<td>Norte</td>
</tr><tr bgcolor="">
<th>eq_regiao8</th>
<td>Norte 2</td>
</tr><tr bgcolor="#E3E3F3">
<th>eq_ender</th>
<td>DANIEL CERRI</td>
</tr><tr bgcolor="">
<th>eq_num</th>
<td>1549</td>
</tr><tr bgcolor="#E3E3F3">
<th>eq_compend</th>
<td>RUA</td>
</tr><tr bgcolor="">
<th>eq_codcep</th>
<td>02876000</td>
</tr><tr bgcolor="#E3E3F3">
<th>eq_fone1</th>
<td>1139863106</td>
</tr><tr bgcolor="">
<th>eq_fone2</th>
<td>1139863425</td>
</tr><tr bgcolor="#E3E3F3">
<th>eq_email</th>
<td>EMEFCEUDAPAZ@SME.PREFEITURA.SP.GOV.BR</td>
</tr><tr bgcolor="">
<th>eq_cd_dirt</th>
<td>10101</td>
</tr><tr bgcolor="#E3E3F3">
<th>eq_diretor</th>
<td>NORTE 1</td>
</tr><tr bgcolor="">
<th>eq_dre</th>
<td>FREGUESIA/BRASILANDIA</td>
</tr><tr bgcolor="#E3E3F3">
<th>eq_cd_zona</th>
<td>1</td>
</tr><tr bgcolor="">
<th>eq_zona</th>
<td>Urbana</td>
</tr><tr bgcolor="#E3E3F3">
<th>eq_cd_mec</th>
<td>35090591</td>
</tr><tr bgcolor="">
<th>eq_esfera</th>
<td>MUNICIPAL</td>
</tr><tr bgcolor="#E3E3F3">
<th>eq_cd_catg</th>
<td>1</td>
</tr><tr bgcolor="">
<th>eq_categor</th>
<td>ESCOLAS AUTONOMAS</td>
</tr><tr bgcolor="#E3E3F3">
<th>eq_eol</th>
<td>35090591</td>
</tr><tr bgcolor="">
<th>eq_horario</th>
<td>07:00-18:30</td>
</tr></table></center>]]></description>
			<styleUrl>#m_ylw-pushpin</styleUrl>
			<ExtendedData>
				<SchemaData schemaUrl="#kml_schema_ft_LL_WGS84_KMZ_TEMA_EDUCACAO_CEU">
					<SimpleData name="eq_id">2300</SimpleData>
					<SimpleData name="eq_nome">CEU EMEF TEOTONIO VILELA SEN</SimpleData>
					<SimpleData name="eq_enderec">DANIEL CERRI 1549</SimpleData>
					<SimpleData name="eq_bairro">JARDIM PARANA</SimpleData>
					<SimpleData name="eq_cep">02876000</SimpleData>
					<SimpleData name="eq_tipo">CEU EMEF</SimpleData>
					<SimpleData name="eq_classe">CEU</SimpleData>
					<SimpleData name="eq_telefon">1139863106 / 1139863425</SimpleData>
					<SimpleData name="eq_setor">355030811000221</SimpleData>
					<SimpleData name="eq_areap">3550308005189</SimpleData>
					<SimpleData name="eq_cd_dist">11</SimpleData>
					<SimpleData name="eq_distr">BRASILANDIA</SimpleData>
					<SimpleData name="eq_cd_subp">3</SimpleData>
					<SimpleData name="eq_subpref">FREGUESIA-BRASILANDIA</SimpleData>
					<SimpleData name="eq_regiao5">Norte</SimpleData>
					<SimpleData name="eq_regiao8">Norte 2</SimpleData>
					<SimpleData name="eq_ender">DANIEL CERRI</SimpleData>
					<SimpleData name="eq_num">1549</SimpleData>
					<SimpleData name="eq_compend">RUA</SimpleData>
					<SimpleData name="eq_codcep">02876000</SimpleData>
					<SimpleData name="eq_fone1">1139863106</SimpleData>
					<SimpleData name="eq_fone2">1139863425</SimpleData>
					<SimpleData name="eq_email">EMEFCEUDAPAZ@SME.PREFEITURA.SP.GOV.BR</SimpleData>
					<SimpleData name="eq_cd_dirt">10101</SimpleData>
					<SimpleData name="eq_diretor">NORTE 1</SimpleData>
					<SimpleData name="eq_dre">FREGUESIA/BRASILANDIA</SimpleData>
					<SimpleData name="eq_cd_zona">1</SimpleData>
					<SimpleData name="eq_zona">Urbana</SimpleData>
					<SimpleData name="eq_cd_mec">35090591</SimpleData>
					<SimpleData name="eq_esfera">MUNICIPAL</SimpleData>
					<SimpleData name="eq_cd_catg">1</SimpleData>
					<SimpleData name="eq_categor">ESCOLAS AUTONOMAS</SimpleData>
					<SimpleData name="eq_eol">35090591</SimpleData>
					<SimpleData name="eq_horario">07:00-18:30</SimpleData>
				</SchemaData>
			</ExtendedData>
			<Point>
				<coordinates>-46.689075547887,-23.4482397920074,0</coordinates>
			</Point>
		</Placemark>
		<Placemark id="kml_62">
			<name>kml_62</name>
			<snippet></snippet>
			<description><![CDATA[<center><table><tr><th colspan='2' align='center'><em>Attributes</em></th></tr><tr bgcolor="#E3E3F3">
<th>eq_id</th>
<td>2382</td>
</tr><tr bgcolor="">
<th>eq_nome</th>
<td>CEU EMEF DOMINGOS RUBINO PROF</td>
</tr><tr bgcolor="#E3E3F3">
<th>eq_enderec</th>
<td>CLARA PETRELA 113</td>
</tr><tr bgcolor="">
<th>eq_bairro</th>
<td>JARDIM SAO ROBERTO</td>
</tr><tr bgcolor="#E3E3F3">
<th>eq_cep</th>
<td>03978000</td>
</tr><tr bgcolor="">
<th>eq_tipo</th>
<td>CEU EMEF</td>
</tr><tr bgcolor="#E3E3F3">
<th>eq_classe</th>
<td>CEU</td>
</tr><tr bgcolor="">
<th>eq_telefon</th>
<td>1127012324 / 1127012328</td>
</tr><tr bgcolor="#E3E3F3">
<th>eq_setor</th>
<td>355030876000182</td>
</tr><tr bgcolor="">
<th>eq_areap</th>
<td>3550308005209</td>
</tr><tr bgcolor="#E3E3F3">
<th>eq_cd_dist</th>
<td>76</td>
</tr><tr bgcolor="">
<th>eq_distr</th>
<td>SAPOPEMBA</td>
</tr><tr bgcolor="#E3E3F3">
<th>eq_cd_subp</th>
<td>32</td>
</tr><tr bgcolor="">
<th>eq_subpref</th>
<td>SAPOPEMBA</td>
</tr><tr bgcolor="#E3E3F3">
<th>eq_regiao5</th>
<td>Leste</td>
</tr><tr bgcolor="">
<th>eq_regiao8</th>
<td>Leste 1</td>
</tr><tr bgcolor="#E3E3F3">
<th>eq_ender</th>
<td>CLARA PETRELA</td>
</tr><tr bgcolor="">
<th>eq_num</th>
<td>113</td>
</tr><tr bgcolor="#E3E3F3">
<th>eq_compend</th>
<td>RUA</td>
</tr><tr bgcolor="">
<th>eq_codcep</th>
<td>03978000</td>
</tr><tr bgcolor="#E3E3F3">
<th>eq_fone1</th>
<td>1127012324</td>
</tr><tr bgcolor="">
<th>eq_fone2</th>
<td>1127012328</td>
</tr><tr bgcolor="#E3E3F3">
<th>eq_email</th>
<td>EMEFDRUBINO@SME.PREFEITURA.SP.GOV.BR</td>
</tr><tr bgcolor="">
<th>eq_cd_dirt</th>
<td>10208</td>
</tr><tr bgcolor="#E3E3F3">
<th>eq_diretor</th>
<td>LESTE 4</td>
</tr><tr bgcolor="">
<th>eq_dre</th>
<td>SAO MATEUS</td>
</tr><tr bgcolor="#E3E3F3">
<th>eq_cd_zona</th>
<td>1</td>
</tr><tr bgcolor="">
<th>eq_zona</th>
<td>Urbana</td>
</tr><tr bgcolor="#E3E3F3">
<th>eq_cd_mec</th>
<td>35095631</td>
</tr><tr bgcolor="">
<th>eq_esfera</th>
<td>MUNICIPAL</td>
</tr><tr bgcolor="#E3E3F3">
<th>eq_cd_catg</th>
<td>1</td>
</tr><tr bgcolor="">
<th>eq_categor</th>
<td>ESCOLAS AUTONOMAS</td>
</tr><tr bgcolor="#E3E3F3">
<th>eq_eol</th>
<td>35095631</td>
</tr><tr bgcolor="">
<th>eq_horario</th>
<td>07:00-19:40</td>
</tr></table></center>]]></description>
			<styleUrl>#m_ylw-pushpin</styleUrl>
			<ExtendedData>
				<SchemaData schemaUrl="#kml_schema_ft_LL_WGS84_KMZ_TEMA_EDUCACAO_CEU">
					<SimpleData name="eq_id">2382</SimpleData>
					<SimpleData name="eq_nome">CEU EMEF DOMINGOS RUBINO PROF</SimpleData>
					<SimpleData name="eq_enderec">CLARA PETRELA 113</SimpleData>
					<SimpleData name="eq_bairro">JARDIM SAO ROBERTO</SimpleData>
					<SimpleData name="eq_cep">03978000</SimpleData>
					<SimpleData name="eq_tipo">CEU EMEF</SimpleData>
					<SimpleData name="eq_classe">CEU</SimpleData>
					<SimpleData name="eq_telefon">1127012324 / 1127012328</SimpleData>
					<SimpleData name="eq_setor">355030876000182</SimpleData>
					<SimpleData name="eq_areap">3550308005209</SimpleData>
					<SimpleData name="eq_cd_dist">76</SimpleData>
					<SimpleData name="eq_distr">SAPOPEMBA</SimpleData>
					<SimpleData name="eq_cd_subp">32</SimpleData>
					<SimpleData name="eq_subpref">SAPOPEMBA</SimpleData>
					<SimpleData name="eq_regiao5">Leste</SimpleData>
					<SimpleData name="eq_regiao8">Leste 1</SimpleData>
					<SimpleData name="eq_ender">CLARA PETRELA</SimpleData>
					<SimpleData name="eq_num">113</SimpleData>
					<SimpleData name="eq_compend">RUA</SimpleData>
					<SimpleData name="eq_codcep">03978000</SimpleData>
					<SimpleData name="eq_fone1">1127012324</SimpleData>
					<SimpleData name="eq_fone2">1127012328</SimpleData>
					<SimpleData name="eq_email">EMEFDRUBINO@SME.PREFEITURA.SP.GOV.BR</SimpleData>
					<SimpleData name="eq_cd_dirt">10208</SimpleData>
					<SimpleData name="eq_diretor">LESTE 4</SimpleData>
					<SimpleData name="eq_dre">SAO MATEUS</SimpleData>
					<SimpleData name="eq_cd_zona">1</SimpleData>
					<SimpleData name="eq_zona">Urbana</SimpleData>
					<SimpleData name="eq_cd_mec">35095631</SimpleData>
					<SimpleData name="eq_esfera">MUNICIPAL</SimpleData>
					<SimpleData name="eq_cd_catg">1</SimpleData>
					<SimpleData name="eq_categor">ESCOLAS AUTONOMAS</SimpleData>
					<SimpleData name="eq_eol">35095631</SimpleData>
					<SimpleData name="eq_horario">07:00-19:40</SimpleData>
				</SchemaData>
			</ExtendedData>
			<Point>
				<coordinates>-46.5010565835921,-23.6220341301824,0</coordinates>
			</Point>
		</Placemark>
		<Placemark id="kml_63">
			<name>kml_63</name>
			<snippet></snippet>
			<description><![CDATA[<center><table><tr><th colspan='2' align='center'><em>Attributes</em></th></tr><tr bgcolor="#E3E3F3">
<th>eq_id</th>
<td>2777</td>
</tr><tr bgcolor="">
<th>eq_nome</th>
<td>CEU CEI SILVANA APARECIDA TOBIAS PROFA</td>
</tr><tr bgcolor="#E3E3F3">
<th>eq_enderec</th>
<td>MANUEL DA MOTA COUTINHO 293</td>
</tr><tr bgcolor="">
<th>eq_bairro</th>
<td>LAJEADO</td>
</tr><tr bgcolor="#E3E3F3">
<th>eq_cep</th>
<td>08451000</td>
</tr><tr bgcolor="">
<th>eq_tipo</th>
<td>CEU CEI</td>
</tr><tr bgcolor="#E3E3F3">
<th>eq_classe</th>
<td>CEU</td>
</tr><tr bgcolor="">
<th>eq_telefon</th>
<td>1121539852 / 1125543379</td>
</tr><tr bgcolor="#E3E3F3">
<th>eq_setor</th>
<td>355030896000087</td>
</tr><tr bgcolor="">
<th>eq_areap</th>
<td>3550308005260</td>
</tr><tr bgcolor="#E3E3F3">
<th>eq_cd_dist</th>
<td>96</td>
</tr><tr bgcolor="">
<th>eq_distr</th>
<td>LAJEADO</td>
</tr><tr bgcolor="#E3E3F3">
<th>eq_cd_subp</th>
<td>28</td>
</tr><tr bgcolor="">
<th>eq_subpref</th>
<td>GUAIANASES</td>
</tr><tr bgcolor="#E3E3F3">
<th>eq_regiao5</th>
<td>Leste</td>
</tr><tr bgcolor="">
<th>eq_regiao8</th>
<td>Leste 2</td>
</tr><tr bgcolor="#E3E3F3">
<th>eq_ender</th>
<td>MANUEL DA MOTA COUTINHO</td>
</tr><tr bgcolor="">
<th>eq_num</th>
<td>293</td>
</tr><tr bgcolor="#E3E3F3">
<th>eq_compend</th>
<td>RUA</td>
</tr><tr bgcolor="">
<th>eq_codcep</th>
<td>08451000</td>
</tr><tr bgcolor="#E3E3F3">
<th>eq_fone1</th>
<td>1121539852</td>
</tr><tr bgcolor="">
<th>eq_fone2</th>
<td>1125543379</td>
</tr><tr bgcolor="#E3E3F3">
<th>eq_email</th>
<td></td>
</tr><tr bgcolor="">
<th>eq_cd_dirt</th>
<td>10210</td>
</tr><tr bgcolor="#E3E3F3">
<th>eq_diretor</th>
<td>LESTE 2</td>
</tr><tr bgcolor="">
<th>eq_dre</th>
<td>GUAIANASES</td>
</tr><tr bgcolor="#E3E3F3">
<th>eq_cd_zona</th>
<td>1</td>
</tr><tr bgcolor="">
<th>eq_zona</th>
<td>Urbana</td>
</tr><tr bgcolor="#E3E3F3">
<th>eq_cd_mec</th>
<td>35121708</td>
</tr><tr bgcolor="">
<th>eq_esfera</th>
<td>MUNICIPAL</td>
</tr><tr bgcolor="#E3E3F3">
<th>eq_cd_catg</th>
<td>1</td>
</tr><tr bgcolor="">
<th>eq_categor</th>
<td>ESCOLAS AUTONOMAS</td>
</tr><tr bgcolor="#E3E3F3">
<th>eq_eol</th>
<td>35121708</td>
</tr><tr bgcolor="">
<th>eq_horario</th>
<td>07:00-19:00</td>
</tr></table></center>]]></description>
			<styleUrl>#m_ylw-pushpin</styleUrl>
			<ExtendedData>
				<SchemaData schemaUrl="#kml_schema_ft_LL_WGS84_KMZ_TEMA_EDUCACAO_CEU">
					<SimpleData name="eq_id">2777</SimpleData>
					<SimpleData name="eq_nome">CEU CEI SILVANA APARECIDA TOBIAS PROFA</SimpleData>
					<SimpleData name="eq_enderec">MANUEL DA MOTA COUTINHO 293</SimpleData>
					<SimpleData name="eq_bairro">LAJEADO</SimpleData>
					<SimpleData name="eq_cep">08451000</SimpleData>
					<SimpleData name="eq_tipo">CEU CEI</SimpleData>
					<SimpleData name="eq_classe">CEU</SimpleData>
					<SimpleData name="eq_telefon">1121539852 / 1125543379</SimpleData>
					<SimpleData name="eq_setor">355030896000087</SimpleData>
					<SimpleData name="eq_areap">3550308005260</SimpleData>
					<SimpleData name="eq_cd_dist">96</SimpleData>
					<SimpleData name="eq_distr">LAJEADO</SimpleData>
					<SimpleData name="eq_cd_subp">28</SimpleData>
					<SimpleData name="eq_subpref">GUAIANASES</SimpleData>
					<SimpleData name="eq_regiao5">Leste</SimpleData>
					<SimpleData name="eq_regiao8">Leste 2</SimpleData>
					<SimpleData name="eq_ender">MANUEL DA MOTA COUTINHO</SimpleData>
					<SimpleData name="eq_num">293</SimpleData>
					<SimpleData name="eq_compend">RUA</SimpleData>
					<SimpleData name="eq_codcep">08451000</SimpleData>
					<SimpleData name="eq_fone1">1121539852</SimpleData>
					<SimpleData name="eq_fone2">1125543379</SimpleData>
					<SimpleData name="eq_cd_dirt">10210</SimpleData>
					<SimpleData name="eq_diretor">LESTE 2</SimpleData>
					<SimpleData name="eq_dre">GUAIANASES</SimpleData>
					<SimpleData name="eq_cd_zona">1</SimpleData>
					<SimpleData name="eq_zona">Urbana</SimpleData>
					<SimpleData name="eq_cd_mec">35121708</SimpleData>
					<SimpleData name="eq_esfera">MUNICIPAL</SimpleData>
					<SimpleData name="eq_cd_catg">1</SimpleData>
					<SimpleData name="eq_categor">ESCOLAS AUTONOMAS</SimpleData>
					<SimpleData name="eq_eol">35121708</SimpleData>
					<SimpleData name="eq_horario">07:00-19:00</SimpleData>
				</SchemaData>
			</ExtendedData>
			<Point>
				<coordinates>-46.4001684251572,-23.5437421011018,0</coordinates>
			</Point>
		</Placemark>
		<Placemark id="kml_64">
			<name>kml_64</name>
			<snippet></snippet>
			<description><![CDATA[<center><table><tr><th colspan='2' align='center'><em>Attributes</em></th></tr><tr bgcolor="#E3E3F3">
<th>eq_id</th>
<td>2783</td>
</tr><tr bgcolor="">
<th>eq_nome</th>
<td>CEU EMEI EDNA ALVES DE SOUSA PROFA</td>
</tr><tr bgcolor="#E3E3F3">
<th>eq_enderec</th>
<td>MANUEL DA MOTA COUTINHO 293</td>
</tr><tr bgcolor="">
<th>eq_bairro</th>
<td>LAJEADO</td>
</tr><tr bgcolor="#E3E3F3">
<th>eq_cep</th>
<td>08451000</td>
</tr><tr bgcolor="">
<th>eq_tipo</th>
<td>CEU EMEI</td>
</tr><tr bgcolor="#E3E3F3">
<th>eq_classe</th>
<td>CEU</td>
</tr><tr bgcolor="">
<th>eq_telefon</th>
<td>1121539562 / 1125576907</td>
</tr><tr bgcolor="#E3E3F3">
<th>eq_setor</th>
<td>355030896000087</td>
</tr><tr bgcolor="">
<th>eq_areap</th>
<td>3550308005260</td>
</tr><tr bgcolor="#E3E3F3">
<th>eq_cd_dist</th>
<td>96</td>
</tr><tr bgcolor="">
<th>eq_distr</th>
<td>LAJEADO</td>
</tr><tr bgcolor="#E3E3F3">
<th>eq_cd_subp</th>
<td>28</td>
</tr><tr bgcolor="">
<th>eq_subpref</th>
<td>GUAIANASES</td>
</tr><tr bgcolor="#E3E3F3">
<th>eq_regiao5</th>
<td>Leste</td>
</tr><tr bgcolor="">
<th>eq_regiao8</th>
<td>Leste 2</td>
</tr><tr bgcolor="#E3E3F3">
<th>eq_ender</th>
<td>MANUEL DA MOTA COUTINHO</td>
</tr><tr bgcolor="">
<th>eq_num</th>
<td>293</td>
</tr><tr bgcolor="#E3E3F3">
<th>eq_compend</th>
<td>RUA</td>
</tr><tr bgcolor="">
<th>eq_codcep</th>
<td>08451000</td>
</tr><tr bgcolor="#E3E3F3">
<th>eq_fone1</th>
<td>1121539562</td>
</tr><tr bgcolor="">
<th>eq_fone2</th>
<td>1125576907</td>
</tr><tr bgcolor="#E3E3F3">
<th>eq_email</th>
<td></td>
</tr><tr bgcolor="">
<th>eq_cd_dirt</th>
<td>10210</td>
</tr><tr bgcolor="#E3E3F3">
<th>eq_diretor</th>
<td>LESTE 2</td>
</tr><tr bgcolor="">
<th>eq_dre</th>
<td>GUAIANASES</td>
</tr><tr bgcolor="#E3E3F3">
<th>eq_cd_zona</th>
<td>1</td>
</tr><tr bgcolor="">
<th>eq_zona</th>
<td>Urbana</td>
</tr><tr bgcolor="#E3E3F3">
<th>eq_cd_mec</th>
<td>35122658</td>
</tr><tr bgcolor="">
<th>eq_esfera</th>
<td>MUNICIPAL</td>
</tr><tr bgcolor="#E3E3F3">
<th>eq_cd_catg</th>
<td>1</td>
</tr><tr bgcolor="">
<th>eq_categor</th>
<td>ESCOLAS AUTONOMAS</td>
</tr><tr bgcolor="#E3E3F3">
<th>eq_eol</th>
<td>35122658</td>
</tr><tr bgcolor="">
<th>eq_horario</th>
<td>07:00-19:00</td>
</tr></table></center>]]></description>
			<styleUrl>#m_ylw-pushpin</styleUrl>
			<ExtendedData>
				<SchemaData schemaUrl="#kml_schema_ft_LL_WGS84_KMZ_TEMA_EDUCACAO_CEU">
					<SimpleData name="eq_id">2783</SimpleData>
					<SimpleData name="eq_nome">CEU EMEI EDNA ALVES DE SOUSA PROFA</SimpleData>
					<SimpleData name="eq_enderec">MANUEL DA MOTA COUTINHO 293</SimpleData>
					<SimpleData name="eq_bairro">LAJEADO</SimpleData>
					<SimpleData name="eq_cep">08451000</SimpleData>
					<SimpleData name="eq_tipo">CEU EMEI</SimpleData>
					<SimpleData name="eq_classe">CEU</SimpleData>
					<SimpleData name="eq_telefon">1121539562 / 1125576907</SimpleData>
					<SimpleData name="eq_setor">355030896000087</SimpleData>
					<SimpleData name="eq_areap">3550308005260</SimpleData>
					<SimpleData name="eq_cd_dist">96</SimpleData>
					<SimpleData name="eq_distr">LAJEADO</SimpleData>
					<SimpleData name="eq_cd_subp">28</SimpleData>
					<SimpleData name="eq_subpref">GUAIANASES</SimpleData>
					<SimpleData name="eq_regiao5">Leste</SimpleData>
					<SimpleData name="eq_regiao8">Leste 2</SimpleData>
					<SimpleData name="eq_ender">MANUEL DA MOTA COUTINHO</SimpleData>
					<SimpleData name="eq_num">293</SimpleData>
					<SimpleData name="eq_compend">RUA</SimpleData>
					<SimpleData name="eq_codcep">08451000</SimpleData>
					<SimpleData name="eq_fone1">1121539562</SimpleData>
					<SimpleData name="eq_fone2">1125576907</SimpleData>
					<SimpleData name="eq_cd_dirt">10210</SimpleData>
					<SimpleData name="eq_diretor">LESTE 2</SimpleData>
					<SimpleData name="eq_dre">GUAIANASES</SimpleData>
					<SimpleData name="eq_cd_zona">1</SimpleData>
					<SimpleData name="eq_zona">Urbana</SimpleData>
					<SimpleData name="eq_cd_mec">35122658</SimpleData>
					<SimpleData name="eq_esfera">MUNICIPAL</SimpleData>
					<SimpleData name="eq_cd_catg">1</SimpleData>
					<SimpleData name="eq_categor">ESCOLAS AUTONOMAS</SimpleData>
					<SimpleData name="eq_eol">35122658</SimpleData>
					<SimpleData name="eq_horario">07:00-19:00</SimpleData>
				</SchemaData>
			</ExtendedData>
			<Point>
				<coordinates>-46.4002954518819,-23.5437770815124,0</coordinates>
			</Point>
		</Placemark>
		<Placemark id="kml_65">
			<name>kml_65</name>
			<snippet></snippet>
			<description><![CDATA[<center><table><tr><th colspan='2' align='center'><em>Attributes</em></th></tr><tr bgcolor="#E3E3F3">
<th>eq_id</th>
<td>4328</td>
</tr><tr bgcolor="">
<th>eq_nome</th>
<td>CEU EMEF MANOEL VIEIRA DE QUEIROZ FILHO</td>
</tr><tr bgcolor="#E3E3F3">
<th>eq_enderec</th>
<td>RUA JOSE PEDRO DE BORBA 20</td>
</tr><tr bgcolor="">
<th>eq_bairro</th>
<td>JARDIM NOVO PARELHEIROS</td>
</tr><tr bgcolor="#E3E3F3">
<th>eq_cep</th>
<td>04890000</td>
</tr><tr bgcolor="">
<th>eq_tipo</th>
<td>CEU EMEF</td>
</tr><tr bgcolor="#E3E3F3">
<th>eq_classe</th>
<td>CEU</td>
</tr><tr bgcolor="">
<th>eq_telefon</th>
<td>1159266925 / 1159266927</td>
</tr><tr bgcolor="#E3E3F3">
<th>eq_setor</th>
<td>355030855000021</td>
</tr><tr bgcolor="">
<th>eq_areap</th>
<td>3550308005301</td>
</tr><tr bgcolor="#E3E3F3">
<th>eq_cd_dist</th>
<td>55</td>
</tr><tr bgcolor="">
<th>eq_distr</th>
<td>PARELHEIROS</td>
</tr><tr bgcolor="#E3E3F3">
<th>eq_cd_subp</th>
<td>20</td>
</tr><tr bgcolor="">
<th>eq_subpref</th>
<td>PARELHEIROS</td>
</tr><tr bgcolor="#E3E3F3">
<th>eq_regiao5</th>
<td>Sul</td>
</tr><tr bgcolor="">
<th>eq_regiao8</th>
<td>Sul 2</td>
</tr><tr bgcolor="#E3E3F3">
<th>eq_ender</th>
<td>RUA JOSE PEDRO DE BORBA</td>
</tr><tr bgcolor="">
<th>eq_num</th>
<td>20</td>
</tr><tr bgcolor="#E3E3F3">
<th>eq_compend</th>
<td>RUA</td>
</tr><tr bgcolor="">
<th>eq_codcep</th>
<td>04890000</td>
</tr><tr bgcolor="#E3E3F3">
<th>eq_fone1</th>
<td>1159266925</td>
</tr><tr bgcolor="">
<th>eq_fone2</th>
<td>1159266927</td>
</tr><tr bgcolor="#E3E3F3">
<th>eq_email</th>
<td>EMEFMVQFILHO@SME.PREFEITURA.SP.GOV.BR</td>
</tr><tr bgcolor="">
<th>eq_cd_dirt</th>
<td>10318</td>
</tr><tr bgcolor="#E3E3F3">
<th>eq_diretor</th>
<td>SUL 3</td>
</tr><tr bgcolor="">
<th>eq_dre</th>
<td>CAPELA DO SOCORRO</td>
</tr><tr bgcolor="#E3E3F3">
<th>eq_cd_zona</th>
<td>1</td>
</tr><tr bgcolor="">
<th>eq_zona</th>
<td>Urbana</td>
</tr><tr bgcolor="#E3E3F3">
<th>eq_cd_mec</th>
<td>35242202</td>
</tr><tr bgcolor="">
<th>eq_esfera</th>
<td>MUNICIPAL</td>
</tr><tr bgcolor="#E3E3F3">
<th>eq_cd_catg</th>
<td>1</td>
</tr><tr bgcolor="">
<th>eq_categor</th>
<td>ESCOLAS AUTONOMAS</td>
</tr><tr bgcolor="#E3E3F3">
<th>eq_eol</th>
<td>35242202</td>
</tr><tr bgcolor="">
<th>eq_horario</th>
<td>06:55-23:00</td>
</tr></table></center>]]></description>
			<styleUrl>#m_ylw-pushpin</styleUrl>
			<ExtendedData>
				<SchemaData schemaUrl="#kml_schema_ft_LL_WGS84_KMZ_TEMA_EDUCACAO_CEU">
					<SimpleData name="eq_id">4328</SimpleData>
					<SimpleData name="eq_nome">CEU EMEF MANOEL VIEIRA DE QUEIROZ FILHO</SimpleData>
					<SimpleData name="eq_enderec">RUA JOSE PEDRO DE BORBA 20</SimpleData>
					<SimpleData name="eq_bairro">JARDIM NOVO PARELHEIROS</SimpleData>
					<SimpleData name="eq_cep">04890000</SimpleData>
					<SimpleData name="eq_tipo">CEU EMEF</SimpleData>
					<SimpleData name="eq_classe">CEU</SimpleData>
					<SimpleData name="eq_telefon">1159266925 / 1159266927</SimpleData>
					<SimpleData name="eq_setor">355030855000021</SimpleData>
					<SimpleData name="eq_areap">3550308005301</SimpleData>
					<SimpleData name="eq_cd_dist">55</SimpleData>
					<SimpleData name="eq_distr">PARELHEIROS</SimpleData>
					<SimpleData name="eq_cd_subp">20</SimpleData>
					<SimpleData name="eq_subpref">PARELHEIROS</SimpleData>
					<SimpleData name="eq_regiao5">Sul</SimpleData>
					<SimpleData name="eq_regiao8">Sul 2</SimpleData>
					<SimpleData name="eq_ender">RUA JOSE PEDRO DE BORBA</SimpleData>
					<SimpleData name="eq_num">20</SimpleData>
					<SimpleData name="eq_compend">RUA</SimpleData>
					<SimpleData name="eq_codcep">04890000</SimpleData>
					<SimpleData name="eq_fone1">1159266925</SimpleData>
					<SimpleData name="eq_fone2">1159266927</SimpleData>
					<SimpleData name="eq_email">EMEFMVQFILHO@SME.PREFEITURA.SP.GOV.BR</SimpleData>
					<SimpleData name="eq_cd_dirt">10318</SimpleData>
					<SimpleData name="eq_diretor">SUL 3</SimpleData>
					<SimpleData name="eq_dre">CAPELA DO SOCORRO</SimpleData>
					<SimpleData name="eq_cd_zona">1</SimpleData>
					<SimpleData name="eq_zona">Urbana</SimpleData>
					<SimpleData name="eq_cd_mec">35242202</SimpleData>
					<SimpleData name="eq_esfera">MUNICIPAL</SimpleData>
					<SimpleData name="eq_cd_catg">1</SimpleData>
					<SimpleData name="eq_categor">ESCOLAS AUTONOMAS</SimpleData>
					<SimpleData name="eq_eol">35242202</SimpleData>
					<SimpleData name="eq_horario">06:55-23:00</SimpleData>
				</SchemaData>
			</ExtendedData>
			<Point>
				<coordinates>-46.7263381407391,-23.8272614150675,0</coordinates>
			</Point>
		</Placemark>
		<Placemark id="kml_66">
			<name>kml_66</name>
			<snippet></snippet>
			<description><![CDATA[<center><table><tr><th colspan='2' align='center'><em>Attributes</em></th></tr><tr bgcolor="#E3E3F3">
<th>eq_id</th>
<td>4330</td>
</tr><tr bgcolor="">
<th>eq_nome</th>
<td>CEU EMEI JORGE AMADO</td>
</tr><tr bgcolor="#E3E3F3">
<th>eq_enderec</th>
<td>RUA BERNARDO JOSE DE LORENA SN</td>
</tr><tr bgcolor="">
<th>eq_bairro</th>
<td>VILA MALVINA</td>
</tr><tr bgcolor="#E3E3F3">
<th>eq_cep</th>
<td>05203000</td>
</tr><tr bgcolor="">
<th>eq_tipo</th>
<td>CEU EMEI</td>
</tr><tr bgcolor="#E3E3F3">
<th>eq_classe</th>
<td>CEU</td>
</tr><tr bgcolor="">
<th>eq_telefon</th>
<td>1139155425 / 1139158724</td>
</tr><tr bgcolor="#E3E3F3">
<th>eq_setor</th>
<td>355030861000001</td>
</tr><tr bgcolor="">
<th>eq_areap</th>
<td>3550308005243</td>
</tr><tr bgcolor="#E3E3F3">
<th>eq_cd_dist</th>
<td>61</td>
</tr><tr bgcolor="">
<th>eq_distr</th>
<td>PERUS</td>
</tr><tr bgcolor="#E3E3F3">
<th>eq_cd_subp</th>
<td>1</td>
</tr><tr bgcolor="">
<th>eq_subpref</th>
<td>PERUS</td>
</tr><tr bgcolor="#E3E3F3">
<th>eq_regiao5</th>
<td>Norte</td>
</tr><tr bgcolor="">
<th>eq_regiao8</th>
<td>Norte 2</td>
</tr><tr bgcolor="#E3E3F3">
<th>eq_ender</th>
<td>RUA BERNARDO JOSE DE LORENA</td>
</tr><tr bgcolor="">
<th>eq_num</th>
<td>SN</td>
</tr><tr bgcolor="#E3E3F3">
<th>eq_compend</th>
<td>RUA</td>
</tr><tr bgcolor="">
<th>eq_codcep</th>
<td>05203000</td>
</tr><tr bgcolor="#E3E3F3">
<th>eq_fone1</th>
<td>1139155425</td>
</tr><tr bgcolor="">
<th>eq_fone2</th>
<td>1139158724</td>
</tr><tr bgcolor="#E3E3F3">
<th>eq_email</th>
<td>EMEIJORGEAMADO@SME.PREFEITURA.SP.GOV.BR</td>
</tr><tr bgcolor="">
<th>eq_cd_dirt</th>
<td>10101</td>
</tr><tr bgcolor="#E3E3F3">
<th>eq_diretor</th>
<td>NORTE 1</td>
</tr><tr bgcolor="">
<th>eq_dre</th>
<td>PIRITUBA</td>
</tr><tr bgcolor="#E3E3F3">
<th>eq_cd_zona</th>
<td>1</td>
</tr><tr bgcolor="">
<th>eq_zona</th>
<td>Urbana</td>
</tr><tr bgcolor="#E3E3F3">
<th>eq_cd_mec</th>
<td>35242226</td>
</tr><tr bgcolor="">
<th>eq_esfera</th>
<td>MUNICIPAL</td>
</tr><tr bgcolor="#E3E3F3">
<th>eq_cd_catg</th>
<td>1</td>
</tr><tr bgcolor="">
<th>eq_categor</th>
<td>ESCOLAS AUTONOMAS</td>
</tr><tr bgcolor="#E3E3F3">
<th>eq_eol</th>
<td>35242226</td>
</tr><tr bgcolor="">
<th>eq_horario</th>
<td>07:00-19:00</td>
</tr></table></center>]]></description>
			<styleUrl>#m_ylw-pushpin</styleUrl>
			<ExtendedData>
				<SchemaData schemaUrl="#kml_schema_ft_LL_WGS84_KMZ_TEMA_EDUCACAO_CEU">
					<SimpleData name="eq_id">4330</SimpleData>
					<SimpleData name="eq_nome">CEU EMEI JORGE AMADO</SimpleData>
					<SimpleData name="eq_enderec">RUA BERNARDO JOSE DE LORENA SN</SimpleData>
					<SimpleData name="eq_bairro">VILA MALVINA</SimpleData>
					<SimpleData name="eq_cep">05203000</SimpleData>
					<SimpleData name="eq_tipo">CEU EMEI</SimpleData>
					<SimpleData name="eq_classe">CEU</SimpleData>
					<SimpleData name="eq_telefon">1139155425 / 1139158724</SimpleData>
					<SimpleData name="eq_setor">355030861000001</SimpleData>
					<SimpleData name="eq_areap">3550308005243</SimpleData>
					<SimpleData name="eq_cd_dist">61</SimpleData>
					<SimpleData name="eq_distr">PERUS</SimpleData>
					<SimpleData name="eq_cd_subp">1</SimpleData>
					<SimpleData name="eq_subpref">PERUS</SimpleData>
					<SimpleData name="eq_regiao5">Norte</SimpleData>
					<SimpleData name="eq_regiao8">Norte 2</SimpleData>
					<SimpleData name="eq_ender">RUA BERNARDO JOSE DE LORENA</SimpleData>
					<SimpleData name="eq_num">SN</SimpleData>
					<SimpleData name="eq_compend">RUA</SimpleData>
					<SimpleData name="eq_codcep">05203000</SimpleData>
					<SimpleData name="eq_fone1">1139155425</SimpleData>
					<SimpleData name="eq_fone2">1139158724</SimpleData>
					<SimpleData name="eq_email">EMEIJORGEAMADO@SME.PREFEITURA.SP.GOV.BR</SimpleData>
					<SimpleData name="eq_cd_dirt">10101</SimpleData>
					<SimpleData name="eq_diretor">NORTE 1</SimpleData>
					<SimpleData name="eq_dre">PIRITUBA</SimpleData>
					<SimpleData name="eq_cd_zona">1</SimpleData>
					<SimpleData name="eq_zona">Urbana</SimpleData>
					<SimpleData name="eq_cd_mec">35242226</SimpleData>
					<SimpleData name="eq_esfera">MUNICIPAL</SimpleData>
					<SimpleData name="eq_cd_catg">1</SimpleData>
					<SimpleData name="eq_categor">ESCOLAS AUTONOMAS</SimpleData>
					<SimpleData name="eq_eol">35242226</SimpleData>
					<SimpleData name="eq_horario">07:00-19:00</SimpleData>
				</SchemaData>
			</ExtendedData>
			<Point>
				<coordinates>-46.7518359836536,-23.4069824730702,0</coordinates>
			</Point>
		</Placemark>
		<Placemark id="kml_67">
			<name>kml_67</name>
			<snippet></snippet>
			<description><![CDATA[<center><table><tr><th colspan='2' align='center'><em>Attributes</em></th></tr><tr bgcolor="#E3E3F3">
<th>eq_id</th>
<td>4332</td>
</tr><tr bgcolor="">
<th>eq_nome</th>
<td>CEU EMEI ROQUE SPENCER MACIEL DE BARROS PROF</td>
</tr><tr bgcolor="#E3E3F3">
<th>eq_enderec</th>
<td>CINIRA POLONIO 100</td>
</tr><tr bgcolor="">
<th>eq_bairro</th>
<td>CONJUNTO PROMORAR RIO CLARO</td>
</tr><tr bgcolor="#E3E3F3">
<th>eq_cep</th>
<td>08395000</td>
</tr><tr bgcolor="">
<th>eq_tipo</th>
<td>CEU EMEI</td>
</tr><tr bgcolor="#E3E3F3">
<th>eq_classe</th>
<td>CEU</td>
</tr><tr bgcolor="">
<th>eq_telefon</th>
<td>1127521012 / 1127521015</td>
</tr><tr bgcolor="#E3E3F3">
<th>eq_setor</th>
<td>355030875000154</td>
</tr><tr bgcolor="">
<th>eq_areap</th>
<td>3550308005277</td>
</tr><tr bgcolor="#E3E3F3">
<th>eq_cd_dist</th>
<td>75</td>
</tr><tr bgcolor="">
<th>eq_distr</th>
<td>SAO RAFAEL</td>
</tr><tr bgcolor="#E3E3F3">
<th>eq_cd_subp</th>
<td>30</td>
</tr><tr bgcolor="">
<th>eq_subpref</th>
<td>SAO MATEUS</td>
</tr><tr bgcolor="#E3E3F3">
<th>eq_regiao5</th>
<td>Leste</td>
</tr><tr bgcolor="">
<th>eq_regiao8</th>
<td>Leste 2</td>
</tr><tr bgcolor="#E3E3F3">
<th>eq_ender</th>
<td>CINIRA POLONIO</td>
</tr><tr bgcolor="">
<th>eq_num</th>
<td>100</td>
</tr><tr bgcolor="#E3E3F3">
<th>eq_compend</th>
<td>RUA</td>
</tr><tr bgcolor="">
<th>eq_codcep</th>
<td>08395000</td>
</tr><tr bgcolor="#E3E3F3">
<th>eq_fone1</th>
<td>1127521012</td>
</tr><tr bgcolor="">
<th>eq_fone2</th>
<td>1127521015</td>
</tr><tr bgcolor="#E3E3F3">
<th>eq_email</th>
<td></td>
</tr><tr bgcolor="">
<th>eq_cd_dirt</th>
<td>10211</td>
</tr><tr bgcolor="#E3E3F3">
<th>eq_diretor</th>
<td>LESTE 3</td>
</tr><tr bgcolor="">
<th>eq_dre</th>
<td>SAO MATEUS</td>
</tr><tr bgcolor="#E3E3F3">
<th>eq_cd_zona</th>
<td>1</td>
</tr><tr bgcolor="">
<th>eq_zona</th>
<td>Urbana</td>
</tr><tr bgcolor="#E3E3F3">
<th>eq_cd_mec</th>
<td>35242251</td>
</tr><tr bgcolor="">
<th>eq_esfera</th>
<td>MUNICIPAL</td>
</tr><tr bgcolor="#E3E3F3">
<th>eq_cd_catg</th>
<td>1</td>
</tr><tr bgcolor="">
<th>eq_categor</th>
<td>ESCOLAS AUTONOMAS</td>
</tr><tr bgcolor="#E3E3F3">
<th>eq_eol</th>
<td>35242251</td>
</tr><tr bgcolor="">
<th>eq_horario</th>
<td>07:00-19:00</td>
</tr></table></center>]]></description>
			<styleUrl>#m_ylw-pushpin</styleUrl>
			<ExtendedData>
				<SchemaData schemaUrl="#kml_schema_ft_LL_WGS84_KMZ_TEMA_EDUCACAO_CEU">
					<SimpleData name="eq_id">4332</SimpleData>
					<SimpleData name="eq_nome">CEU EMEI ROQUE SPENCER MACIEL DE BARROS PROF</SimpleData>
					<SimpleData name="eq_enderec">CINIRA POLONIO 100</SimpleData>
					<SimpleData name="eq_bairro">CONJUNTO PROMORAR RIO CLARO</SimpleData>
					<SimpleData name="eq_cep">08395000</SimpleData>
					<SimpleData name="eq_tipo">CEU EMEI</SimpleData>
					<SimpleData name="eq_classe">CEU</SimpleData>
					<SimpleData name="eq_telefon">1127521012 / 1127521015</SimpleData>
					<SimpleData name="eq_setor">355030875000154</SimpleData>
					<SimpleData name="eq_areap">3550308005277</SimpleData>
					<SimpleData name="eq_cd_dist">75</SimpleData>
					<SimpleData name="eq_distr">SAO RAFAEL</SimpleData>
					<SimpleData name="eq_cd_subp">30</SimpleData>
					<SimpleData name="eq_subpref">SAO MATEUS</SimpleData>
					<SimpleData name="eq_regiao5">Leste</SimpleData>
					<SimpleData name="eq_regiao8">Leste 2</SimpleData>
					<SimpleData name="eq_ender">CINIRA POLONIO</SimpleData>
					<SimpleData name="eq_num">100</SimpleData>
					<SimpleData name="eq_compend">RUA</SimpleData>
					<SimpleData name="eq_codcep">08395000</SimpleData>
					<SimpleData name="eq_fone1">1127521012</SimpleData>
					<SimpleData name="eq_fone2">1127521015</SimpleData>
					<SimpleData name="eq_cd_dirt">10211</SimpleData>
					<SimpleData name="eq_diretor">LESTE 3</SimpleData>
					<SimpleData name="eq_dre">SAO MATEUS</SimpleData>
					<SimpleData name="eq_cd_zona">1</SimpleData>
					<SimpleData name="eq_zona">Urbana</SimpleData>
					<SimpleData name="eq_cd_mec">35242251</SimpleData>
					<SimpleData name="eq_esfera">MUNICIPAL</SimpleData>
					<SimpleData name="eq_cd_catg">1</SimpleData>
					<SimpleData name="eq_categor">ESCOLAS AUTONOMAS</SimpleData>
					<SimpleData name="eq_eol">35242251</SimpleData>
					<SimpleData name="eq_horario">07:00-19:00</SimpleData>
				</SchemaData>
			</ExtendedData>
			<Point>
				<coordinates>-46.45630817753,-23.6204632794545,0</coordinates>
			</Point>
		</Placemark>
		<Placemark id="kml_68">
			<name>kml_68</name>
			<snippet></snippet>
			<description><![CDATA[<center><table><tr><th colspan='2' align='center'><em>Attributes</em></th></tr><tr bgcolor="#E3E3F3">
<th>eq_id</th>
<td>4351</td>
</tr><tr bgcolor="">
<th>eq_nome</th>
<td>CEU EMEF CESAR ARRUDA CASTANHO DEP</td>
</tr><tr bgcolor="#E3E3F3">
<th>eq_enderec</th>
<td>NAZIR MIGUEL 849</td>
</tr><tr bgcolor="">
<th>eq_bairro</th>
<td>JARDIM PAULO VI</td>
</tr><tr bgcolor="#E3E3F3">
<th>eq_cep</th>
<td>05570000</td>
</tr><tr bgcolor="">
<th>eq_tipo</th>
<td>CEU EMEF</td>
</tr><tr bgcolor="#E3E3F3">
<th>eq_classe</th>
<td>CEU</td>
</tr><tr bgcolor="">
<th>eq_telefon</th>
<td>1137813492 / 1137817552</td>
</tr><tr bgcolor="#E3E3F3">
<th>eq_setor</th>
<td>355030865000066</td>
</tr><tr bgcolor="">
<th>eq_areap</th>
<td>3550308005239</td>
</tr><tr bgcolor="#E3E3F3">
<th>eq_cd_dist</th>
<td>65</td>
</tr><tr bgcolor="">
<th>eq_distr</th>
<td>RAPOSO TAVARES</td>
</tr><tr bgcolor="#E3E3F3">
<th>eq_cd_subp</th>
<td>10</td>
</tr><tr bgcolor="">
<th>eq_subpref</th>
<td>BUTANTA</td>
</tr><tr bgcolor="#E3E3F3">
<th>eq_regiao5</th>
<td>Oeste</td>
</tr><tr bgcolor="">
<th>eq_regiao8</th>
<td>Oeste</td>
</tr><tr bgcolor="#E3E3F3">
<th>eq_ender</th>
<td>NAZIR MIGUEL</td>
</tr><tr bgcolor="">
<th>eq_num</th>
<td>849</td>
</tr><tr bgcolor="#E3E3F3">
<th>eq_compend</th>
<td>RUA</td>
</tr><tr bgcolor="">
<th>eq_codcep</th>
<td>05570000</td>
</tr><tr bgcolor="#E3E3F3">
<th>eq_fone1</th>
<td>1137813492</td>
</tr><tr bgcolor="">
<th>eq_fone2</th>
<td>1137817552</td>
</tr><tr bgcolor="#E3E3F3">
<th>eq_email</th>
<td>EMEFCACASTANHO@SME.PREFEITURA.SP.GOV.BR</td>
</tr><tr bgcolor="">
<th>eq_cd_dirt</th>
<td>10312</td>
</tr><tr bgcolor="#E3E3F3">
<th>eq_diretor</th>
<td>CENTRO OESTE</td>
</tr><tr bgcolor="">
<th>eq_dre</th>
<td>BUTANTA</td>
</tr><tr bgcolor="#E3E3F3">
<th>eq_cd_zona</th>
<td>1</td>
</tr><tr bgcolor="">
<th>eq_zona</th>
<td>Urbana</td>
</tr><tr bgcolor="#E3E3F3">
<th>eq_cd_mec</th>
<td>35246360</td>
</tr><tr bgcolor="">
<th>eq_esfera</th>
<td>MUNICIPAL</td>
</tr><tr bgcolor="#E3E3F3">
<th>eq_cd_catg</th>
<td>1</td>
</tr><tr bgcolor="">
<th>eq_categor</th>
<td>ESCOLAS AUTONOMAS</td>
</tr><tr bgcolor="#E3E3F3">
<th>eq_eol</th>
<td>35246360</td>
</tr><tr bgcolor="">
<th>eq_horario</th>
<td>07:00-18:30</td>
</tr></table></center>]]></description>
			<styleUrl>#m_ylw-pushpin</styleUrl>
			<ExtendedData>
				<SchemaData schemaUrl="#kml_schema_ft_LL_WGS84_KMZ_TEMA_EDUCACAO_CEU">
					<SimpleData name="eq_id">4351</SimpleData>
					<SimpleData name="eq_nome">CEU EMEF CESAR ARRUDA CASTANHO DEP</SimpleData>
					<SimpleData name="eq_enderec">NAZIR MIGUEL 849</SimpleData>
					<SimpleData name="eq_bairro">JARDIM PAULO VI</SimpleData>
					<SimpleData name="eq_cep">05570000</SimpleData>
					<SimpleData name="eq_tipo">CEU EMEF</SimpleData>
					<SimpleData name="eq_classe">CEU</SimpleData>
					<SimpleData name="eq_telefon">1137813492 / 1137817552</SimpleData>
					<SimpleData name="eq_setor">355030865000066</SimpleData>
					<SimpleData name="eq_areap">3550308005239</SimpleData>
					<SimpleData name="eq_cd_dist">65</SimpleData>
					<SimpleData name="eq_distr">RAPOSO TAVARES</SimpleData>
					<SimpleData name="eq_cd_subp">10</SimpleData>
					<SimpleData name="eq_subpref">BUTANTA</SimpleData>
					<SimpleData name="eq_regiao5">Oeste</SimpleData>
					<SimpleData name="eq_regiao8">Oeste</SimpleData>
					<SimpleData name="eq_ender">NAZIR MIGUEL</SimpleData>
					<SimpleData name="eq_num">849</SimpleData>
					<SimpleData name="eq_compend">RUA</SimpleData>
					<SimpleData name="eq_codcep">05570000</SimpleData>
					<SimpleData name="eq_fone1">1137813492</SimpleData>
					<SimpleData name="eq_fone2">1137817552</SimpleData>
					<SimpleData name="eq_email">EMEFCACASTANHO@SME.PREFEITURA.SP.GOV.BR</SimpleData>
					<SimpleData name="eq_cd_dirt">10312</SimpleData>
					<SimpleData name="eq_diretor">CENTRO OESTE</SimpleData>
					<SimpleData name="eq_dre">BUTANTA</SimpleData>
					<SimpleData name="eq_cd_zona">1</SimpleData>
					<SimpleData name="eq_zona">Urbana</SimpleData>
					<SimpleData name="eq_cd_mec">35246360</SimpleData>
					<SimpleData name="eq_esfera">MUNICIPAL</SimpleData>
					<SimpleData name="eq_cd_catg">1</SimpleData>
					<SimpleData name="eq_categor">ESCOLAS AUTONOMAS</SimpleData>
					<SimpleData name="eq_eol">35246360</SimpleData>
					<SimpleData name="eq_horario">07:00-18:30</SimpleData>
				</SchemaData>
			</ExtendedData>
			<Point>
				<coordinates>-46.7899669197127,-23.6010612436554,0</coordinates>
			</Point>
		</Placemark>
		<Placemark id="kml_69">
			<name>kml_69</name>
			<snippet></snippet>
			<description><![CDATA[<center><table><tr><th colspan='2' align='center'><em>Attributes</em></th></tr><tr bgcolor="#E3E3F3">
<th>eq_id</th>
<td>4365</td>
</tr><tr bgcolor="">
<th>eq_nome</th>
<td>CEU EMEF JARDIM ELIANA</td>
</tr><tr bgcolor="#E3E3F3">
<th>eq_enderec</th>
<td>MARIA MOASSAB BARBOUR SN</td>
</tr><tr bgcolor="">
<th>eq_bairro</th>
<td>CANTINHO DO CEU</td>
</tr><tr bgcolor="#E3E3F3">
<th>eq_cep</th>
<td>04849000</td>
</tr><tr bgcolor="">
<th>eq_tipo</th>
<td>CEU EMEF</td>
</tr><tr bgcolor="#E3E3F3">
<th>eq_classe</th>
<td>CEU</td>
</tr><tr bgcolor="">
<th>eq_telefon</th>
<td>1159765510 / 1159765511</td>
</tr><tr bgcolor="#E3E3F3">
<th>eq_setor</th>
<td>355030830000293</td>
</tr><tr bgcolor="">
<th>eq_areap</th>
<td>3550308005304</td>
</tr><tr bgcolor="#E3E3F3">
<th>eq_cd_dist</th>
<td>30</td>
</tr><tr bgcolor="">
<th>eq_distr</th>
<td>GRAJAU</td>
</tr><tr bgcolor="#E3E3F3">
<th>eq_cd_subp</th>
<td>19</td>
</tr><tr bgcolor="">
<th>eq_subpref</th>
<td>CAPELA DO SOCORRO</td>
</tr><tr bgcolor="#E3E3F3">
<th>eq_regiao5</th>
<td>Sul</td>
</tr><tr bgcolor="">
<th>eq_regiao8</th>
<td>Sul 2</td>
</tr><tr bgcolor="#E3E3F3">
<th>eq_ender</th>
<td>MARIA MOASSAB BARBOUR</td>
</tr><tr bgcolor="">
<th>eq_num</th>
<td>SN</td>
</tr><tr bgcolor="#E3E3F3">
<th>eq_compend</th>
<td>RUA</td>
</tr><tr bgcolor="">
<th>eq_codcep</th>
<td>04849000</td>
</tr><tr bgcolor="#E3E3F3">
<th>eq_fone1</th>
<td>1159765510</td>
</tr><tr bgcolor="">
<th>eq_fone2</th>
<td>1159765511</td>
</tr><tr bgcolor="#E3E3F3">
<th>eq_email</th>
<td>EMEFJDELIANA@SME.PREFEITURA.SP.GOV.BR</td>
</tr><tr bgcolor="">
<th>eq_cd_dirt</th>
<td>10318</td>
</tr><tr bgcolor="#E3E3F3">
<th>eq_diretor</th>
<td>SUL 3</td>
</tr><tr bgcolor="">
<th>eq_dre</th>
<td>CAPELA DO SOCORRO</td>
</tr><tr bgcolor="#E3E3F3">
<th>eq_cd_zona</th>
<td>1</td>
</tr><tr bgcolor="">
<th>eq_zona</th>
<td>Urbana</td>
</tr><tr bgcolor="#E3E3F3">
<th>eq_cd_mec</th>
<td>35249804</td>
</tr><tr bgcolor="">
<th>eq_esfera</th>
<td>MUNICIPAL</td>
</tr><tr bgcolor="#E3E3F3">
<th>eq_cd_catg</th>
<td>1</td>
</tr><tr bgcolor="">
<th>eq_categor</th>
<td>ESCOLAS AUTONOMAS</td>
</tr><tr bgcolor="#E3E3F3">
<th>eq_eol</th>
<td>35249804</td>
</tr><tr bgcolor="">
<th>eq_horario</th>
<td>07:00-23:00</td>
</tr></table></center>]]></description>
			<styleUrl>#m_ylw-pushpin</styleUrl>
			<ExtendedData>
				<SchemaData schemaUrl="#kml_schema_ft_LL_WGS84_KMZ_TEMA_EDUCACAO_CEU">
					<SimpleData name="eq_id">4365</SimpleData>
					<SimpleData name="eq_nome">CEU EMEF JARDIM ELIANA</SimpleData>
					<SimpleData name="eq_enderec">MARIA MOASSAB BARBOUR SN</SimpleData>
					<SimpleData name="eq_bairro">CANTINHO DO CEU</SimpleData>
					<SimpleData name="eq_cep">04849000</SimpleData>
					<SimpleData name="eq_tipo">CEU EMEF</SimpleData>
					<SimpleData name="eq_classe">CEU</SimpleData>
					<SimpleData name="eq_telefon">1159765510 / 1159765511</SimpleData>
					<SimpleData name="eq_setor">355030830000293</SimpleData>
					<SimpleData name="eq_areap">3550308005304</SimpleData>
					<SimpleData name="eq_cd_dist">30</SimpleData>
					<SimpleData name="eq_distr">GRAJAU</SimpleData>
					<SimpleData name="eq_cd_subp">19</SimpleData>
					<SimpleData name="eq_subpref">CAPELA DO SOCORRO</SimpleData>
					<SimpleData name="eq_regiao5">Sul</SimpleData>
					<SimpleData name="eq_regiao8">Sul 2</SimpleData>
					<SimpleData name="eq_ender">MARIA MOASSAB BARBOUR</SimpleData>
					<SimpleData name="eq_num">SN</SimpleData>
					<SimpleData name="eq_compend">RUA</SimpleData>
					<SimpleData name="eq_codcep">04849000</SimpleData>
					<SimpleData name="eq_fone1">1159765510</SimpleData>
					<SimpleData name="eq_fone2">1159765511</SimpleData>
					<SimpleData name="eq_email">EMEFJDELIANA@SME.PREFEITURA.SP.GOV.BR</SimpleData>
					<SimpleData name="eq_cd_dirt">10318</SimpleData>
					<SimpleData name="eq_diretor">SUL 3</SimpleData>
					<SimpleData name="eq_dre">CAPELA DO SOCORRO</SimpleData>
					<SimpleData name="eq_cd_zona">1</SimpleData>
					<SimpleData name="eq_zona">Urbana</SimpleData>
					<SimpleData name="eq_cd_mec">35249804</SimpleData>
					<SimpleData name="eq_esfera">MUNICIPAL</SimpleData>
					<SimpleData name="eq_cd_catg">1</SimpleData>
					<SimpleData name="eq_categor">ESCOLAS AUTONOMAS</SimpleData>
					<SimpleData name="eq_eol">35249804</SimpleData>
					<SimpleData name="eq_horario">07:00-23:00</SimpleData>
				</SchemaData>
			</ExtendedData>
			<Point>
				<coordinates>-46.6605012902295,-23.7436552210694,0</coordinates>
			</Point>
		</Placemark>
		<Placemark id="kml_70">
			<name>kml_70</name>
			<snippet></snippet>
			<description><![CDATA[<center><table><tr><th colspan='2' align='center'><em>Attributes</em></th></tr><tr bgcolor="#E3E3F3">
<th>eq_id</th>
<td>4367</td>
</tr><tr bgcolor="">
<th>eq_nome</th>
<td>CEU EMEF MARIA LISBOA DA SILVA PROFA</td>
</tr><tr bgcolor="#E3E3F3">
<th>eq_enderec</th>
<td>CURUMATIM 201</td>
</tr><tr bgcolor="">
<th>eq_bairro</th>
<td>PARQUE BOA ESPERANCA</td>
</tr><tr bgcolor="#E3E3F3">
<th>eq_cep</th>
<td>08341000</td>
</tr><tr bgcolor="">
<th>eq_tipo</th>
<td>CEU EMEF</td>
</tr><tr bgcolor="#E3E3F3">
<th>eq_classe</th>
<td>CEU</td>
</tr><tr bgcolor="">
<th>eq_telefon</th>
<td>1127328121 / 1127328124</td>
</tr><tr bgcolor="#E3E3F3">
<th>eq_setor</th>
<td>355030833000070</td>
</tr><tr bgcolor="">
<th>eq_areap</th>
<td>3550308005274</td>
</tr><tr bgcolor="#E3E3F3">
<th>eq_cd_dist</th>
<td>33</td>
</tr><tr bgcolor="">
<th>eq_distr</th>
<td>IGUATEMI</td>
</tr><tr bgcolor="#E3E3F3">
<th>eq_cd_subp</th>
<td>30</td>
</tr><tr bgcolor="">
<th>eq_subpref</th>
<td>SAO MATEUS</td>
</tr><tr bgcolor="#E3E3F3">
<th>eq_regiao5</th>
<td>Leste</td>
</tr><tr bgcolor="">
<th>eq_regiao8</th>
<td>Leste 2</td>
</tr><tr bgcolor="#E3E3F3">
<th>eq_ender</th>
<td>CURUMATIM</td>
</tr><tr bgcolor="">
<th>eq_num</th>
<td>201</td>
</tr><tr bgcolor="#E3E3F3">
<th>eq_compend</th>
<td>RUA</td>
</tr><tr bgcolor="">
<th>eq_codcep</th>
<td>08341000</td>
</tr><tr bgcolor="#E3E3F3">
<th>eq_fone1</th>
<td>1127328121</td>
</tr><tr bgcolor="">
<th>eq_fone2</th>
<td>1127328124</td>
</tr><tr bgcolor="#E3E3F3">
<th>eq_email</th>
<td>EMEFCEUMARIALISBOASILVA@SME.PREFEITURA.SP.GOV.BR</td>
</tr><tr bgcolor="">
<th>eq_cd_dirt</th>
<td>10211</td>
</tr><tr bgcolor="#E3E3F3">
<th>eq_diretor</th>
<td>LESTE 3</td>
</tr><tr bgcolor="">
<th>eq_dre</th>
<td>SAO MATEUS</td>
</tr><tr bgcolor="#E3E3F3">
<th>eq_cd_zona</th>
<td>1</td>
</tr><tr bgcolor="">
<th>eq_zona</th>
<td>Urbana</td>
</tr><tr bgcolor="#E3E3F3">
<th>eq_cd_mec</th>
<td>35249828</td>
</tr><tr bgcolor="">
<th>eq_esfera</th>
<td>MUNICIPAL</td>
</tr><tr bgcolor="#E3E3F3">
<th>eq_cd_catg</th>
<td>1</td>
</tr><tr bgcolor="">
<th>eq_categor</th>
<td>ESCOLAS AUTONOMAS</td>
</tr><tr bgcolor="#E3E3F3">
<th>eq_eol</th>
<td>35249828</td>
</tr><tr bgcolor="">
<th>eq_horario</th>
<td>07:00-19:00</td>
</tr></table></center>]]></description>
			<styleUrl>#m_ylw-pushpin</styleUrl>
			<ExtendedData>
				<SchemaData schemaUrl="#kml_schema_ft_LL_WGS84_KMZ_TEMA_EDUCACAO_CEU">
					<SimpleData name="eq_id">4367</SimpleData>
					<SimpleData name="eq_nome">CEU EMEF MARIA LISBOA DA SILVA PROFA</SimpleData>
					<SimpleData name="eq_enderec">CURUMATIM 201</SimpleData>
					<SimpleData name="eq_bairro">PARQUE BOA ESPERANCA</SimpleData>
					<SimpleData name="eq_cep">08341000</SimpleData>
					<SimpleData name="eq_tipo">CEU EMEF</SimpleData>
					<SimpleData name="eq_classe">CEU</SimpleData>
					<SimpleData name="eq_telefon">1127328121 / 1127328124</SimpleData>
					<SimpleData name="eq_setor">355030833000070</SimpleData>
					<SimpleData name="eq_areap">3550308005274</SimpleData>
					<SimpleData name="eq_cd_dist">33</SimpleData>
					<SimpleData name="eq_distr">IGUATEMI</SimpleData>
					<SimpleData name="eq_cd_subp">30</SimpleData>
					<SimpleData name="eq_subpref">SAO MATEUS</SimpleData>
					<SimpleData name="eq_regiao5">Leste</SimpleData>
					<SimpleData name="eq_regiao8">Leste 2</SimpleData>
					<SimpleData name="eq_ender">CURUMATIM</SimpleData>
					<SimpleData name="eq_num">201</SimpleData>
					<SimpleData name="eq_compend">RUA</SimpleData>
					<SimpleData name="eq_codcep">08341000</SimpleData>
					<SimpleData name="eq_fone1">1127328121</SimpleData>
					<SimpleData name="eq_fone2">1127328124</SimpleData>
					<SimpleData name="eq_email">EMEFCEUMARIALISBOASILVA@SME.PREFEITURA.SP.GOV.BR</SimpleData>
					<SimpleData name="eq_cd_dirt">10211</SimpleData>
					<SimpleData name="eq_diretor">LESTE 3</SimpleData>
					<SimpleData name="eq_dre">SAO MATEUS</SimpleData>
					<SimpleData name="eq_cd_zona">1</SimpleData>
					<SimpleData name="eq_zona">Urbana</SimpleData>
					<SimpleData name="eq_cd_mec">35249828</SimpleData>
					<SimpleData name="eq_esfera">MUNICIPAL</SimpleData>
					<SimpleData name="eq_cd_catg">1</SimpleData>
					<SimpleData name="eq_categor">ESCOLAS AUTONOMAS</SimpleData>
					<SimpleData name="eq_eol">35249828</SimpleData>
					<SimpleData name="eq_horario">07:00-19:00</SimpleData>
				</SchemaData>
			</ExtendedData>
			<Point>
				<coordinates>-46.44931006331131,-23.6035721858221,0</coordinates>
			</Point>
		</Placemark>
		<Placemark id="kml_71">
			<name>kml_71</name>
			<snippet></snippet>
			<description><![CDATA[<center><table><tr><th colspan='2' align='center'><em>Attributes</em></th></tr><tr bgcolor="#E3E3F3">
<th>eq_id</th>
<td>4502</td>
</tr><tr bgcolor="">
<th>eq_nome</th>
<td>CEU EMEI MILTON SANTOS PROF</td>
</tr><tr bgcolor="#E3E3F3">
<th>eq_enderec</th>
<td>INTERLAGOS 7350</td>
</tr><tr bgcolor="">
<th>eq_bairro</th>
<td>INTERLAGOS</td>
</tr><tr bgcolor="#E3E3F3">
<th>eq_cep</th>
<td>04777000</td>
</tr><tr bgcolor="">
<th>eq_tipo</th>
<td>CEU EMEI</td>
</tr><tr bgcolor="#E3E3F3">
<th>eq_classe</th>
<td>CEU</td>
</tr><tr bgcolor="">
<th>eq_telefon</th>
<td>1156681920 / 1156681923</td>
</tr><tr bgcolor="#E3E3F3">
<th>eq_setor</th>
<td>355030823000169</td>
</tr><tr bgcolor="">
<th>eq_areap</th>
<td>3550308005287</td>
</tr><tr bgcolor="#E3E3F3">
<th>eq_cd_dist</th>
<td>23</td>
</tr><tr bgcolor="">
<th>eq_distr</th>
<td>CIDADE DUTRA</td>
</tr><tr bgcolor="#E3E3F3">
<th>eq_cd_subp</th>
<td>19</td>
</tr><tr bgcolor="">
<th>eq_subpref</th>
<td>CAPELA DO SOCORRO</td>
</tr><tr bgcolor="#E3E3F3">
<th>eq_regiao5</th>
<td>Sul</td>
</tr><tr bgcolor="">
<th>eq_regiao8</th>
<td>Sul 2</td>
</tr><tr bgcolor="#E3E3F3">
<th>eq_ender</th>
<td>INTERLAGOS</td>
</tr><tr bgcolor="">
<th>eq_num</th>
<td>7350</td>
</tr><tr bgcolor="#E3E3F3">
<th>eq_compend</th>
<td>AVENIDA</td>
</tr><tr bgcolor="">
<th>eq_codcep</th>
<td>04777000</td>
</tr><tr bgcolor="#E3E3F3">
<th>eq_fone1</th>
<td>1156681920</td>
</tr><tr bgcolor="">
<th>eq_fone2</th>
<td>1156681923</td>
</tr><tr bgcolor="#E3E3F3">
<th>eq_email</th>
<td>EMEIMSANTOS@SME.PREFEITURA.SP.GOV.BR</td>
</tr><tr bgcolor="">
<th>eq_cd_dirt</th>
<td>10318</td>
</tr><tr bgcolor="#E3E3F3">
<th>eq_diretor</th>
<td>SUL 3</td>
</tr><tr bgcolor="">
<th>eq_dre</th>
<td>CAPELA DO SOCORRO</td>
</tr><tr bgcolor="#E3E3F3">
<th>eq_cd_zona</th>
<td></td>
</tr><tr bgcolor="">
<th>eq_zona</th>
<td></td>
</tr><tr bgcolor="#E3E3F3">
<th>eq_cd_mec</th>
<td>35270386</td>
</tr><tr bgcolor="">
<th>eq_esfera</th>
<td>MUNICIPAL</td>
</tr><tr bgcolor="#E3E3F3">
<th>eq_cd_catg</th>
<td>1</td>
</tr><tr bgcolor="">
<th>eq_categor</th>
<td>ESCOLAS AUTONOMAS</td>
</tr><tr bgcolor="#E3E3F3">
<th>eq_eol</th>
<td>35270386</td>
</tr><tr bgcolor="">
<th>eq_horario</th>
<td>07:00-19:00</td>
</tr></table></center>]]></description>
			<styleUrl>#m_ylw-pushpin</styleUrl>
			<ExtendedData>
				<SchemaData schemaUrl="#kml_schema_ft_LL_WGS84_KMZ_TEMA_EDUCACAO_CEU">
					<SimpleData name="eq_id">4502</SimpleData>
					<SimpleData name="eq_nome">CEU EMEI MILTON SANTOS PROF</SimpleData>
					<SimpleData name="eq_enderec">INTERLAGOS 7350</SimpleData>
					<SimpleData name="eq_bairro">INTERLAGOS</SimpleData>
					<SimpleData name="eq_cep">04777000</SimpleData>
					<SimpleData name="eq_tipo">CEU EMEI</SimpleData>
					<SimpleData name="eq_classe">CEU</SimpleData>
					<SimpleData name="eq_telefon">1156681920 / 1156681923</SimpleData>
					<SimpleData name="eq_setor">355030823000169</SimpleData>
					<SimpleData name="eq_areap">3550308005287</SimpleData>
					<SimpleData name="eq_cd_dist">23</SimpleData>
					<SimpleData name="eq_distr">CIDADE DUTRA</SimpleData>
					<SimpleData name="eq_cd_subp">19</SimpleData>
					<SimpleData name="eq_subpref">CAPELA DO SOCORRO</SimpleData>
					<SimpleData name="eq_regiao5">Sul</SimpleData>
					<SimpleData name="eq_regiao8">Sul 2</SimpleData>
					<SimpleData name="eq_ender">INTERLAGOS</SimpleData>
					<SimpleData name="eq_num">7350</SimpleData>
					<SimpleData name="eq_compend">AVENIDA</SimpleData>
					<SimpleData name="eq_codcep">04777000</SimpleData>
					<SimpleData name="eq_fone1">1156681920</SimpleData>
					<SimpleData name="eq_fone2">1156681923</SimpleData>
					<SimpleData name="eq_email">EMEIMSANTOS@SME.PREFEITURA.SP.GOV.BR</SimpleData>
					<SimpleData name="eq_cd_dirt">10318</SimpleData>
					<SimpleData name="eq_diretor">SUL 3</SimpleData>
					<SimpleData name="eq_dre">CAPELA DO SOCORRO</SimpleData>
					<SimpleData name="eq_cd_mec">35270386</SimpleData>
					<SimpleData name="eq_esfera">MUNICIPAL</SimpleData>
					<SimpleData name="eq_cd_catg">1</SimpleData>
					<SimpleData name="eq_categor">ESCOLAS AUTONOMAS</SimpleData>
					<SimpleData name="eq_eol">35270386</SimpleData>
					<SimpleData name="eq_horario">07:00-19:00</SimpleData>
				</SchemaData>
			</ExtendedData>
			<Point>
				<coordinates>-46.70469655914291,-23.71084694807771,0</coordinates>
			</Point>
		</Placemark>
		<Placemark id="kml_72">
			<name>kml_72</name>
			<snippet></snippet>
			<description><![CDATA[<center><table><tr><th colspan='2' align='center'><em>Attributes</em></th></tr><tr bgcolor="#E3E3F3">
<th>eq_id</th>
<td>4518</td>
</tr><tr bgcolor="">
<th>eq_nome</th>
<td>CEU EMEI JARDIM VILA NOVA</td>
</tr><tr bgcolor="#E3E3F3">
<th>eq_enderec</th>
<td>ERNESTO SOUZA CRUZ 2171</td>
</tr><tr bgcolor="">
<th>eq_bairro</th>
<td>CIDADE ANTONIO ESTEVAO DE CARVALHO</td>
</tr><tr bgcolor="#E3E3F3">
<th>eq_cep</th>
<td>08225000</td>
</tr><tr bgcolor="">
<th>eq_tipo</th>
<td>CEU EMEI</td>
</tr><tr bgcolor="#E3E3F3">
<th>eq_classe</th>
<td>CEU</td>
</tr><tr bgcolor="">
<th>eq_telefon</th>
<td>1133979040 / 1133979041</td>
</tr><tr bgcolor="#E3E3F3">
<th>eq_setor</th>
<td>355030837000065</td>
</tr><tr bgcolor="">
<th>eq_areap</th>
<td>3550308005199</td>
</tr><tr bgcolor="#E3E3F3">
<th>eq_cd_dist</th>
<td>37</td>
</tr><tr bgcolor="">
<th>eq_distr</th>
<td>ITAQUERA</td>
</tr><tr bgcolor="#E3E3F3">
<th>eq_cd_subp</th>
<td>27</td>
</tr><tr bgcolor="">
<th>eq_subpref</th>
<td>ITAQUERA</td>
</tr><tr bgcolor="#E3E3F3">
<th>eq_regiao5</th>
<td>Leste</td>
</tr><tr bgcolor="">
<th>eq_regiao8</th>
<td>Leste 2</td>
</tr><tr bgcolor="#E3E3F3">
<th>eq_ender</th>
<td>ERNESTO SOUZA CRUZ</td>
</tr><tr bgcolor="">
<th>eq_num</th>
<td>2171</td>
</tr><tr bgcolor="#E3E3F3">
<th>eq_compend</th>
<td>AVENIDA</td>
</tr><tr bgcolor="">
<th>eq_codcep</th>
<td>08225000</td>
</tr><tr bgcolor="#E3E3F3">
<th>eq_fone1</th>
<td>1133979040</td>
</tr><tr bgcolor="">
<th>eq_fone2</th>
<td>1133979041</td>
</tr><tr bgcolor="#E3E3F3">
<th>eq_email</th>
<td>EMEIJVNOVA@SME.PREFEITURA.SP.GOV.BR</td>
</tr><tr bgcolor="">
<th>eq_cd_dirt</th>
<td>10207</td>
</tr><tr bgcolor="#E3E3F3">
<th>eq_diretor</th>
<td>LESTE 1</td>
</tr><tr bgcolor="">
<th>eq_dre</th>
<td>ITAQUERA</td>
</tr><tr bgcolor="#E3E3F3">
<th>eq_cd_zona</th>
<td></td>
</tr><tr bgcolor="">
<th>eq_zona</th>
<td></td>
</tr><tr bgcolor="#E3E3F3">
<th>eq_cd_mec</th>
<td>35271100</td>
</tr><tr bgcolor="">
<th>eq_esfera</th>
<td>MUNICIPAL</td>
</tr><tr bgcolor="#E3E3F3">
<th>eq_cd_catg</th>
<td>1</td>
</tr><tr bgcolor="">
<th>eq_categor</th>
<td>ESCOLAS AUTONOMAS</td>
</tr><tr bgcolor="#E3E3F3">
<th>eq_eol</th>
<td>35271100</td>
</tr><tr bgcolor="">
<th>eq_horario</th>
<td>07:00-19:00</td>
</tr></table></center>]]></description>
			<styleUrl>#m_ylw-pushpin</styleUrl>
			<ExtendedData>
				<SchemaData schemaUrl="#kml_schema_ft_LL_WGS84_KMZ_TEMA_EDUCACAO_CEU">
					<SimpleData name="eq_id">4518</SimpleData>
					<SimpleData name="eq_nome">CEU EMEI JARDIM VILA NOVA</SimpleData>
					<SimpleData name="eq_enderec">ERNESTO SOUZA CRUZ 2171</SimpleData>
					<SimpleData name="eq_bairro">CIDADE ANTONIO ESTEVAO DE CARVALHO</SimpleData>
					<SimpleData name="eq_cep">08225000</SimpleData>
					<SimpleData name="eq_tipo">CEU EMEI</SimpleData>
					<SimpleData name="eq_classe">CEU</SimpleData>
					<SimpleData name="eq_telefon">1133979040 / 1133979041</SimpleData>
					<SimpleData name="eq_setor">355030837000065</SimpleData>
					<SimpleData name="eq_areap">3550308005199</SimpleData>
					<SimpleData name="eq_cd_dist">37</SimpleData>
					<SimpleData name="eq_distr">ITAQUERA</SimpleData>
					<SimpleData name="eq_cd_subp">27</SimpleData>
					<SimpleData name="eq_subpref">ITAQUERA</SimpleData>
					<SimpleData name="eq_regiao5">Leste</SimpleData>
					<SimpleData name="eq_regiao8">Leste 2</SimpleData>
					<SimpleData name="eq_ender">ERNESTO SOUZA CRUZ</SimpleData>
					<SimpleData name="eq_num">2171</SimpleData>
					<SimpleData name="eq_compend">AVENIDA</SimpleData>
					<SimpleData name="eq_codcep">08225000</SimpleData>
					<SimpleData name="eq_fone1">1133979040</SimpleData>
					<SimpleData name="eq_fone2">1133979041</SimpleData>
					<SimpleData name="eq_email">EMEIJVNOVA@SME.PREFEITURA.SP.GOV.BR</SimpleData>
					<SimpleData name="eq_cd_dirt">10207</SimpleData>
					<SimpleData name="eq_diretor">LESTE 1</SimpleData>
					<SimpleData name="eq_dre">ITAQUERA</SimpleData>
					<SimpleData name="eq_cd_mec">35271100</SimpleData>
					<SimpleData name="eq_esfera">MUNICIPAL</SimpleData>
					<SimpleData name="eq_cd_catg">1</SimpleData>
					<SimpleData name="eq_categor">ESCOLAS AUTONOMAS</SimpleData>
					<SimpleData name="eq_eol">35271100</SimpleData>
					<SimpleData name="eq_horario">07:00-19:00</SimpleData>
				</SchemaData>
			</ExtendedData>
			<Point>
				<coordinates>-46.4570688891251,-23.5220688478014,0</coordinates>
			</Point>
		</Placemark>
		<Placemark id="kml_73">
			<name>kml_73</name>
			<snippet></snippet>
			<description><![CDATA[<center><table><tr><th colspan='2' align='center'><em>Attributes</em></th></tr><tr bgcolor="#E3E3F3">
<th>eq_id</th>
<td>4519</td>
</tr><tr bgcolor="">
<th>eq_nome</th>
<td>CEU EMEF CONCEICAO APARECIDA DE JESUS PROFA</td>
</tr><tr bgcolor="#E3E3F3">
<th>eq_enderec</th>
<td>ERNESTO SOUZA CRUZ 2171</td>
</tr><tr bgcolor="">
<th>eq_bairro</th>
<td>CIDADE ANTONIO ESTEVAO DE CARVALHO</td>
</tr><tr bgcolor="#E3E3F3">
<th>eq_cep</th>
<td>08225000</td>
</tr><tr bgcolor="">
<th>eq_tipo</th>
<td>CEU EMEF</td>
</tr><tr bgcolor="#E3E3F3">
<th>eq_classe</th>
<td>CEU</td>
</tr><tr bgcolor="">
<th>eq_telefon</th>
<td>1133979060 / </td>
</tr><tr bgcolor="#E3E3F3">
<th>eq_setor</th>
<td>355030837000065</td>
</tr><tr bgcolor="">
<th>eq_areap</th>
<td>3550308005199</td>
</tr><tr bgcolor="#E3E3F3">
<th>eq_cd_dist</th>
<td>37</td>
</tr><tr bgcolor="">
<th>eq_distr</th>
<td>ITAQUERA</td>
</tr><tr bgcolor="#E3E3F3">
<th>eq_cd_subp</th>
<td>27</td>
</tr><tr bgcolor="">
<th>eq_subpref</th>
<td>ITAQUERA</td>
</tr><tr bgcolor="#E3E3F3">
<th>eq_regiao5</th>
<td>Leste</td>
</tr><tr bgcolor="">
<th>eq_regiao8</th>
<td>Leste 2</td>
</tr><tr bgcolor="#E3E3F3">
<th>eq_ender</th>
<td>ERNESTO SOUZA CRUZ</td>
</tr><tr bgcolor="">
<th>eq_num</th>
<td>2171</td>
</tr><tr bgcolor="#E3E3F3">
<th>eq_compend</th>
<td>AVENIDA</td>
</tr><tr bgcolor="">
<th>eq_codcep</th>
<td>08225000</td>
</tr><tr bgcolor="#E3E3F3">
<th>eq_fone1</th>
<td>1133979060</td>
</tr><tr bgcolor="">
<th>eq_fone2</th>
<td></td>
</tr><tr bgcolor="#E3E3F3">
<th>eq_email</th>
<td>EMEFCONCEICAOAPJESUS@SME.PREFEITURA.SP.GOV.BR</td>
</tr><tr bgcolor="">
<th>eq_cd_dirt</th>
<td>10207</td>
</tr><tr bgcolor="#E3E3F3">
<th>eq_diretor</th>
<td>LESTE 1</td>
</tr><tr bgcolor="">
<th>eq_dre</th>
<td>ITAQUERA</td>
</tr><tr bgcolor="#E3E3F3">
<th>eq_cd_zona</th>
<td></td>
</tr><tr bgcolor="">
<th>eq_zona</th>
<td></td>
</tr><tr bgcolor="#E3E3F3">
<th>eq_cd_mec</th>
<td>35271111</td>
</tr><tr bgcolor="">
<th>eq_esfera</th>
<td>MUNICIPAL</td>
</tr><tr bgcolor="#E3E3F3">
<th>eq_cd_catg</th>
<td>1</td>
</tr><tr bgcolor="">
<th>eq_categor</th>
<td>ESCOLAS AUTONOMAS</td>
</tr><tr bgcolor="#E3E3F3">
<th>eq_eol</th>
<td>35271111</td>
</tr><tr bgcolor="">
<th>eq_horario</th>
<td>07:00-23:00</td>
</tr></table></center>]]></description>
			<styleUrl>#m_ylw-pushpin</styleUrl>
			<ExtendedData>
				<SchemaData schemaUrl="#kml_schema_ft_LL_WGS84_KMZ_TEMA_EDUCACAO_CEU">
					<SimpleData name="eq_id">4519</SimpleData>
					<SimpleData name="eq_nome">CEU EMEF CONCEICAO APARECIDA DE JESUS PROFA</SimpleData>
					<SimpleData name="eq_enderec">ERNESTO SOUZA CRUZ 2171</SimpleData>
					<SimpleData name="eq_bairro">CIDADE ANTONIO ESTEVAO DE CARVALHO</SimpleData>
					<SimpleData name="eq_cep">08225000</SimpleData>
					<SimpleData name="eq_tipo">CEU EMEF</SimpleData>
					<SimpleData name="eq_classe">CEU</SimpleData>
					<SimpleData name="eq_telefon">1133979060 /</SimpleData>
					<SimpleData name="eq_setor">355030837000065</SimpleData>
					<SimpleData name="eq_areap">3550308005199</SimpleData>
					<SimpleData name="eq_cd_dist">37</SimpleData>
					<SimpleData name="eq_distr">ITAQUERA</SimpleData>
					<SimpleData name="eq_cd_subp">27</SimpleData>
					<SimpleData name="eq_subpref">ITAQUERA</SimpleData>
					<SimpleData name="eq_regiao5">Leste</SimpleData>
					<SimpleData name="eq_regiao8">Leste 2</SimpleData>
					<SimpleData name="eq_ender">ERNESTO SOUZA CRUZ</SimpleData>
					<SimpleData name="eq_num">2171</SimpleData>
					<SimpleData name="eq_compend">AVENIDA</SimpleData>
					<SimpleData name="eq_codcep">08225000</SimpleData>
					<SimpleData name="eq_fone1">1133979060</SimpleData>
					<SimpleData name="eq_email">EMEFCONCEICAOAPJESUS@SME.PREFEITURA.SP.GOV.BR</SimpleData>
					<SimpleData name="eq_cd_dirt">10207</SimpleData>
					<SimpleData name="eq_diretor">LESTE 1</SimpleData>
					<SimpleData name="eq_dre">ITAQUERA</SimpleData>
					<SimpleData name="eq_cd_mec">35271111</SimpleData>
					<SimpleData name="eq_esfera">MUNICIPAL</SimpleData>
					<SimpleData name="eq_cd_catg">1</SimpleData>
					<SimpleData name="eq_categor">ESCOLAS AUTONOMAS</SimpleData>
					<SimpleData name="eq_eol">35271111</SimpleData>
					<SimpleData name="eq_horario">07:00-23:00</SimpleData>
				</SchemaData>
			</ExtendedData>
			<Point>
				<coordinates>-46.45727785643069,-23.5219948254274,0</coordinates>
			</Point>
		</Placemark>
		<Placemark id="kml_74">
			<name>kml_74</name>
			<snippet></snippet>
			<description><![CDATA[<center><table><tr><th colspan='2' align='center'><em>Attributes</em></th></tr><tr bgcolor="#E3E3F3">
<th>eq_id</th>
<td>4524</td>
</tr><tr bgcolor="">
<th>eq_nome</th>
<td>CEU EMEF MARIA CLARA MACHADO</td>
</tr><tr bgcolor="#E3E3F3">
<th>eq_enderec</th>
<td>DANIEL MULLER 347</td>
</tr><tr bgcolor="">
<th>eq_bairro</th>
<td>CHACARA DONA OLIVIA</td>
</tr><tr bgcolor="#E3E3F3">
<th>eq_cep</th>
<td>08141000</td>
</tr><tr bgcolor="">
<th>eq_tipo</th>
<td>CEU EMEF</td>
</tr><tr bgcolor="#E3E3F3">
<th>eq_classe</th>
<td>CEU</td>
</tr><tr bgcolor="">
<th>eq_telefon</th>
<td>1125636230 / 1125636232</td>
</tr><tr bgcolor="#E3E3F3">
<th>eq_setor</th>
<td>355030836000285</td>
</tr><tr bgcolor="">
<th>eq_areap</th>
<td>3550308005254</td>
</tr><tr bgcolor="#E3E3F3">
<th>eq_cd_dist</th>
<td>36</td>
</tr><tr bgcolor="">
<th>eq_distr</th>
<td>ITAIM PAULISTA</td>
</tr><tr bgcolor="#E3E3F3">
<th>eq_cd_subp</th>
<td>24</td>
</tr><tr bgcolor="">
<th>eq_subpref</th>
<td>ITAIM PAULISTA</td>
</tr><tr bgcolor="#E3E3F3">
<th>eq_regiao5</th>
<td>Leste</td>
</tr><tr bgcolor="">
<th>eq_regiao8</th>
<td>Leste 2</td>
</tr><tr bgcolor="#E3E3F3">
<th>eq_ender</th>
<td>DANIEL MULLER</td>
</tr><tr bgcolor="">
<th>eq_num</th>
<td>347</td>
</tr><tr bgcolor="#E3E3F3">
<th>eq_compend</th>
<td>RUA</td>
</tr><tr bgcolor="">
<th>eq_codcep</th>
<td>08141000</td>
</tr><tr bgcolor="#E3E3F3">
<th>eq_fone1</th>
<td>1125636230</td>
</tr><tr bgcolor="">
<th>eq_fone2</th>
<td>1125636232</td>
</tr><tr bgcolor="#E3E3F3">
<th>eq_email</th>
<td>EMEFCEUMARIACLMACHADO@SME.PREFEITURA.SP.GOV.BR</td>
</tr><tr bgcolor="">
<th>eq_cd_dirt</th>
<td>10210</td>
</tr><tr bgcolor="#E3E3F3">
<th>eq_diretor</th>
<td>LESTE 2</td>
</tr><tr bgcolor="">
<th>eq_dre</th>
<td>SAO MIGUEL</td>
</tr><tr bgcolor="#E3E3F3">
<th>eq_cd_zona</th>
<td></td>
</tr><tr bgcolor="">
<th>eq_zona</th>
<td></td>
</tr><tr bgcolor="#E3E3F3">
<th>eq_cd_mec</th>
<td>35271160</td>
</tr><tr bgcolor="">
<th>eq_esfera</th>
<td>MUNICIPAL</td>
</tr><tr bgcolor="#E3E3F3">
<th>eq_cd_catg</th>
<td>1</td>
</tr><tr bgcolor="">
<th>eq_categor</th>
<td>ESCOLAS AUTONOMAS</td>
</tr><tr bgcolor="#E3E3F3">
<th>eq_eol</th>
<td>35271160</td>
</tr><tr bgcolor="">
<th>eq_horario</th>
<td>07:00-23:00</td>
</tr></table></center>]]></description>
			<styleUrl>#m_ylw-pushpin</styleUrl>
			<ExtendedData>
				<SchemaData schemaUrl="#kml_schema_ft_LL_WGS84_KMZ_TEMA_EDUCACAO_CEU">
					<SimpleData name="eq_id">4524</SimpleData>
					<SimpleData name="eq_nome">CEU EMEF MARIA CLARA MACHADO</SimpleData>
					<SimpleData name="eq_enderec">DANIEL MULLER 347</SimpleData>
					<SimpleData name="eq_bairro">CHACARA DONA OLIVIA</SimpleData>
					<SimpleData name="eq_cep">08141000</SimpleData>
					<SimpleData name="eq_tipo">CEU EMEF</SimpleData>
					<SimpleData name="eq_classe">CEU</SimpleData>
					<SimpleData name="eq_telefon">1125636230 / 1125636232</SimpleData>
					<SimpleData name="eq_setor">355030836000285</SimpleData>
					<SimpleData name="eq_areap">3550308005254</SimpleData>
					<SimpleData name="eq_cd_dist">36</SimpleData>
					<SimpleData name="eq_distr">ITAIM PAULISTA</SimpleData>
					<SimpleData name="eq_cd_subp">24</SimpleData>
					<SimpleData name="eq_subpref">ITAIM PAULISTA</SimpleData>
					<SimpleData name="eq_regiao5">Leste</SimpleData>
					<SimpleData name="eq_regiao8">Leste 2</SimpleData>
					<SimpleData name="eq_ender">DANIEL MULLER</SimpleData>
					<SimpleData name="eq_num">347</SimpleData>
					<SimpleData name="eq_compend">RUA</SimpleData>
					<SimpleData name="eq_codcep">08141000</SimpleData>
					<SimpleData name="eq_fone1">1125636230</SimpleData>
					<SimpleData name="eq_fone2">1125636232</SimpleData>
					<SimpleData name="eq_email">EMEFCEUMARIACLMACHADO@SME.PREFEITURA.SP.GOV.BR</SimpleData>
					<SimpleData name="eq_cd_dirt">10210</SimpleData>
					<SimpleData name="eq_diretor">LESTE 2</SimpleData>
					<SimpleData name="eq_dre">SAO MIGUEL</SimpleData>
					<SimpleData name="eq_cd_mec">35271160</SimpleData>
					<SimpleData name="eq_esfera">MUNICIPAL</SimpleData>
					<SimpleData name="eq_cd_catg">1</SimpleData>
					<SimpleData name="eq_categor">ESCOLAS AUTONOMAS</SimpleData>
					<SimpleData name="eq_eol">35271160</SimpleData>
					<SimpleData name="eq_horario">07:00-23:00</SimpleData>
				</SchemaData>
			</ExtendedData>
			<Point>
				<coordinates>-46.39022623231661,-23.5131199549322,0</coordinates>
			</Point>
		</Placemark>
		<Placemark id="kml_75">
			<name>kml_75</name>
			<snippet></snippet>
			<description><![CDATA[<center><table><tr><th colspan='2' align='center'><em>Attributes</em></th></tr><tr bgcolor="#E3E3F3">
<th>eq_id</th>
<td>4537</td>
</tr><tr bgcolor="">
<th>eq_nome</th>
<td>CEU EMEI PAULO FREIRE PROF</td>
</tr><tr bgcolor="#E3E3F3">
<th>eq_enderec</th>
<td>AVENIDA CONDESSA ELISABETH ROBIANO SN</td>
</tr><tr bgcolor="">
<th>eq_bairro</th>
<td>BELEM</td>
</tr><tr bgcolor="#E3E3F3">
<th>eq_cep</th>
<td>03074000</td>
</tr><tr bgcolor="">
<th>eq_tipo</th>
<td>CEU EMEI</td>
</tr><tr bgcolor="#E3E3F3">
<th>eq_classe</th>
<td>CEU</td>
</tr><tr bgcolor="">
<th>eq_telefon</th>
<td>1120974900 / </td>
</tr><tr bgcolor="#E3E3F3">
<th>eq_setor</th>
<td>355030859000156</td>
</tr><tr bgcolor="">
<th>eq_areap</th>
<td>3550308005071</td>
</tr><tr bgcolor="#E3E3F3">
<th>eq_cd_dist</th>
<td>59</td>
</tr><tr bgcolor="">
<th>eq_distr</th>
<td>PENHA</td>
</tr><tr bgcolor="#E3E3F3">
<th>eq_cd_subp</th>
<td>21</td>
</tr><tr bgcolor="">
<th>eq_subpref</th>
<td>PENHA</td>
</tr><tr bgcolor="#E3E3F3">
<th>eq_regiao5</th>
<td>Leste</td>
</tr><tr bgcolor="">
<th>eq_regiao8</th>
<td>Leste 1</td>
</tr><tr bgcolor="#E3E3F3">
<th>eq_ender</th>
<td>AVENIDA CONDESSA ELISABETH ROBIANO</td>
</tr><tr bgcolor="">
<th>eq_num</th>
<td>SN</td>
</tr><tr bgcolor="#E3E3F3">
<th>eq_compend</th>
<td>AVENIDA</td>
</tr><tr bgcolor="">
<th>eq_codcep</th>
<td>03074000</td>
</tr><tr bgcolor="#E3E3F3">
<th>eq_fone1</th>
<td>1120974900</td>
</tr><tr bgcolor="">
<th>eq_fone2</th>
<td></td>
</tr><tr bgcolor="#E3E3F3">
<th>eq_email</th>
<td></td>
</tr><tr bgcolor="">
<th>eq_cd_dirt</th>
<td>10207</td>
</tr><tr bgcolor="#E3E3F3">
<th>eq_diretor</th>
<td>LESTE 1</td>
</tr><tr bgcolor="">
<th>eq_dre</th>
<td>PENHA</td>
</tr><tr bgcolor="#E3E3F3">
<th>eq_cd_zona</th>
<td></td>
</tr><tr bgcolor="">
<th>eq_zona</th>
<td></td>
</tr><tr bgcolor="#E3E3F3">
<th>eq_cd_mec</th>
<td>35275323</td>
</tr><tr bgcolor="">
<th>eq_esfera</th>
<td>MUNICIPAL</td>
</tr><tr bgcolor="#E3E3F3">
<th>eq_cd_catg</th>
<td>1</td>
</tr><tr bgcolor="">
<th>eq_categor</th>
<td>ESCOLAS AUTONOMAS</td>
</tr><tr bgcolor="#E3E3F3">
<th>eq_eol</th>
<td>35275323</td>
</tr><tr bgcolor="">
<th>eq_horario</th>
<td>07:00-19:00</td>
</tr></table></center>]]></description>
			<styleUrl>#m_ylw-pushpin</styleUrl>
			<ExtendedData>
				<SchemaData schemaUrl="#kml_schema_ft_LL_WGS84_KMZ_TEMA_EDUCACAO_CEU">
					<SimpleData name="eq_id">4537</SimpleData>
					<SimpleData name="eq_nome">CEU EMEI PAULO FREIRE PROF</SimpleData>
					<SimpleData name="eq_enderec">AVENIDA CONDESSA ELISABETH ROBIANO SN</SimpleData>
					<SimpleData name="eq_bairro">BELEM</SimpleData>
					<SimpleData name="eq_cep">03074000</SimpleData>
					<SimpleData name="eq_tipo">CEU EMEI</SimpleData>
					<SimpleData name="eq_classe">CEU</SimpleData>
					<SimpleData name="eq_telefon">1120974900 /</SimpleData>
					<SimpleData name="eq_setor">355030859000156</SimpleData>
					<SimpleData name="eq_areap">3550308005071</SimpleData>
					<SimpleData name="eq_cd_dist">59</SimpleData>
					<SimpleData name="eq_distr">PENHA</SimpleData>
					<SimpleData name="eq_cd_subp">21</SimpleData>
					<SimpleData name="eq_subpref">PENHA</SimpleData>
					<SimpleData name="eq_regiao5">Leste</SimpleData>
					<SimpleData name="eq_regiao8">Leste 1</SimpleData>
					<SimpleData name="eq_ender">AVENIDA CONDESSA ELISABETH ROBIANO</SimpleData>
					<SimpleData name="eq_num">SN</SimpleData>
					<SimpleData name="eq_compend">AVENIDA</SimpleData>
					<SimpleData name="eq_codcep">03074000</SimpleData>
					<SimpleData name="eq_fone1">1120974900</SimpleData>
					<SimpleData name="eq_cd_dirt">10207</SimpleData>
					<SimpleData name="eq_diretor">LESTE 1</SimpleData>
					<SimpleData name="eq_dre">PENHA</SimpleData>
					<SimpleData name="eq_cd_mec">35275323</SimpleData>
					<SimpleData name="eq_esfera">MUNICIPAL</SimpleData>
					<SimpleData name="eq_cd_catg">1</SimpleData>
					<SimpleData name="eq_categor">ESCOLAS AUTONOMAS</SimpleData>
					<SimpleData name="eq_eol">35275323</SimpleData>
					<SimpleData name="eq_horario">07:00-19:00</SimpleData>
				</SchemaData>
			</ExtendedData>
			<Point>
				<coordinates>-46.55458969728189,-23.5173355620642,0</coordinates>
			</Point>
		</Placemark>
		<Placemark id="kml_76">
			<name>kml_76</name>
			<snippet></snippet>
			<description><![CDATA[<center><table><tr><th colspan='2' align='center'><em>Attributes</em></th></tr><tr bgcolor="#E3E3F3">
<th>eq_id</th>
<td>4557</td>
</tr><tr bgcolor="">
<th>eq_nome</th>
<td>CEU CEI WALTER DE ANDRADE PROF</td>
</tr><tr bgcolor="#E3E3F3">
<th>eq_enderec</th>
<td>AVENIDA CONDESSA ELISABETH ROBIANO SN</td>
</tr><tr bgcolor="">
<th>eq_bairro</th>
<td>BELEM</td>
</tr><tr bgcolor="#E3E3F3">
<th>eq_cep</th>
<td>03074000</td>
</tr><tr bgcolor="">
<th>eq_tipo</th>
<td>CEU CEI</td>
</tr><tr bgcolor="#E3E3F3">
<th>eq_classe</th>
<td>CEU</td>
</tr><tr bgcolor="">
<th>eq_telefon</th>
<td>1120943526 / 1122941606</td>
</tr><tr bgcolor="#E3E3F3">
<th>eq_setor</th>
<td>355030859000156</td>
</tr><tr bgcolor="">
<th>eq_areap</th>
<td>3550308005071</td>
</tr><tr bgcolor="#E3E3F3">
<th>eq_cd_dist</th>
<td>59</td>
</tr><tr bgcolor="">
<th>eq_distr</th>
<td>PENHA</td>
</tr><tr bgcolor="#E3E3F3">
<th>eq_cd_subp</th>
<td>21</td>
</tr><tr bgcolor="">
<th>eq_subpref</th>
<td>PENHA</td>
</tr><tr bgcolor="#E3E3F3">
<th>eq_regiao5</th>
<td>Leste</td>
</tr><tr bgcolor="">
<th>eq_regiao8</th>
<td>Leste 1</td>
</tr><tr bgcolor="#E3E3F3">
<th>eq_ender</th>
<td>AVENIDA CONDESSA ELISABETH ROBIANO</td>
</tr><tr bgcolor="">
<th>eq_num</th>
<td>SN</td>
</tr><tr bgcolor="#E3E3F3">
<th>eq_compend</th>
<td>AVENIDA</td>
</tr><tr bgcolor="">
<th>eq_codcep</th>
<td>03074000</td>
</tr><tr bgcolor="#E3E3F3">
<th>eq_fone1</th>
<td>1120943526</td>
</tr><tr bgcolor="">
<th>eq_fone2</th>
<td>1122941606</td>
</tr><tr bgcolor="#E3E3F3">
<th>eq_email</th>
<td></td>
</tr><tr bgcolor="">
<th>eq_cd_dirt</th>
<td>10207</td>
</tr><tr bgcolor="#E3E3F3">
<th>eq_diretor</th>
<td>LESTE 1</td>
</tr><tr bgcolor="">
<th>eq_dre</th>
<td>PENHA</td>
</tr><tr bgcolor="#E3E3F3">
<th>eq_cd_zona</th>
<td></td>
</tr><tr bgcolor="">
<th>eq_zona</th>
<td></td>
</tr><tr bgcolor="#E3E3F3">
<th>eq_cd_mec</th>
<td>35279377</td>
</tr><tr bgcolor="">
<th>eq_esfera</th>
<td>MUNICIPAL</td>
</tr><tr bgcolor="#E3E3F3">
<th>eq_cd_catg</th>
<td>1</td>
</tr><tr bgcolor="">
<th>eq_categor</th>
<td>ESCOLAS AUTONOMAS</td>
</tr><tr bgcolor="#E3E3F3">
<th>eq_eol</th>
<td>35279377</td>
</tr><tr bgcolor="">
<th>eq_horario</th>
<td>07:00-17:00</td>
</tr></table></center>]]></description>
			<styleUrl>#m_ylw-pushpin</styleUrl>
			<ExtendedData>
				<SchemaData schemaUrl="#kml_schema_ft_LL_WGS84_KMZ_TEMA_EDUCACAO_CEU">
					<SimpleData name="eq_id">4557</SimpleData>
					<SimpleData name="eq_nome">CEU CEI WALTER DE ANDRADE PROF</SimpleData>
					<SimpleData name="eq_enderec">AVENIDA CONDESSA ELISABETH ROBIANO SN</SimpleData>
					<SimpleData name="eq_bairro">BELEM</SimpleData>
					<SimpleData name="eq_cep">03074000</SimpleData>
					<SimpleData name="eq_tipo">CEU CEI</SimpleData>
					<SimpleData name="eq_classe">CEU</SimpleData>
					<SimpleData name="eq_telefon">1120943526 / 1122941606</SimpleData>
					<SimpleData name="eq_setor">355030859000156</SimpleData>
					<SimpleData name="eq_areap">3550308005071</SimpleData>
					<SimpleData name="eq_cd_dist">59</SimpleData>
					<SimpleData name="eq_distr">PENHA</SimpleData>
					<SimpleData name="eq_cd_subp">21</SimpleData>
					<SimpleData name="eq_subpref">PENHA</SimpleData>
					<SimpleData name="eq_regiao5">Leste</SimpleData>
					<SimpleData name="eq_regiao8">Leste 1</SimpleData>
					<SimpleData name="eq_ender">AVENIDA CONDESSA ELISABETH ROBIANO</SimpleData>
					<SimpleData name="eq_num">SN</SimpleData>
					<SimpleData name="eq_compend">AVENIDA</SimpleData>
					<SimpleData name="eq_codcep">03074000</SimpleData>
					<SimpleData name="eq_fone1">1120943526</SimpleData>
					<SimpleData name="eq_fone2">1122941606</SimpleData>
					<SimpleData name="eq_cd_dirt">10207</SimpleData>
					<SimpleData name="eq_diretor">LESTE 1</SimpleData>
					<SimpleData name="eq_dre">PENHA</SimpleData>
					<SimpleData name="eq_cd_mec">35279377</SimpleData>
					<SimpleData name="eq_esfera">MUNICIPAL</SimpleData>
					<SimpleData name="eq_cd_catg">1</SimpleData>
					<SimpleData name="eq_categor">ESCOLAS AUTONOMAS</SimpleData>
					<SimpleData name="eq_eol">35279377</SimpleData>
					<SimpleData name="eq_horario">07:00-17:00</SimpleData>
				</SchemaData>
			</ExtendedData>
			<Point>
				<coordinates>-46.55420667300831,-23.5176595202923,0</coordinates>
			</Point>
		</Placemark>
		<Placemark id="kml_77">
			<name>kml_77</name>
			<snippet></snippet>
			<description><![CDATA[<center><table><tr><th colspan='2' align='center'><em>Attributes</em></th></tr><tr bgcolor="#E3E3F3">
<th>eq_id</th>
<td>4767</td>
</tr><tr bgcolor="">
<th>eq_nome</th>
<td>CEU EMEF AGUA AZUL</td>
</tr><tr bgcolor="#E3E3F3">
<th>eq_enderec</th>
<td>DOS METALURGICOS 1262</td>
</tr><tr bgcolor="">
<th>eq_bairro</th>
<td>CIDADE TIRADENTES</td>
</tr><tr bgcolor="#E3E3F3">
<th>eq_cep</th>
<td>08471000</td>
</tr><tr bgcolor="">
<th>eq_tipo</th>
<td>CEU EMEF</td>
</tr><tr bgcolor="#E3E3F3">
<th>eq_classe</th>
<td>CEU</td>
</tr><tr bgcolor="">
<th>eq_telefon</th>
<td>1122827671 / 1122850335</td>
</tr><tr bgcolor="#E3E3F3">
<th>eq_setor</th>
<td>355030825000092</td>
</tr><tr bgcolor="">
<th>eq_areap</th>
<td>3550308005273</td>
</tr><tr bgcolor="#E3E3F3">
<th>eq_cd_dist</th>
<td>25</td>
</tr><tr bgcolor="">
<th>eq_distr</th>
<td>CIDADE TIRADENTES</td>
</tr><tr bgcolor="#E3E3F3">
<th>eq_cd_subp</th>
<td>31</td>
</tr><tr bgcolor="">
<th>eq_subpref</th>
<td>CIDADE TIRADENTES</td>
</tr><tr bgcolor="#E3E3F3">
<th>eq_regiao5</th>
<td>Leste</td>
</tr><tr bgcolor="">
<th>eq_regiao8</th>
<td>Leste 2</td>
</tr><tr bgcolor="#E3E3F3">
<th>eq_ender</th>
<td>DOS METALURGICOS</td>
</tr><tr bgcolor="">
<th>eq_num</th>
<td>1262</td>
</tr><tr bgcolor="#E3E3F3">
<th>eq_compend</th>
<td></td>
</tr><tr bgcolor="">
<th>eq_codcep</th>
<td>08471000</td>
</tr><tr bgcolor="#E3E3F3">
<th>eq_fone1</th>
<td>1122827671</td>
</tr><tr bgcolor="">
<th>eq_fone2</th>
<td>1122850335</td>
</tr><tr bgcolor="#E3E3F3">
<th>eq_email</th>
<td>EMEFCEUAGUAAZUL@SME.PREFEITURA.SP.GOV.BR</td>
</tr><tr bgcolor="">
<th>eq_cd_dirt</th>
<td>10211</td>
</tr><tr bgcolor="#E3E3F3">
<th>eq_diretor</th>
<td>LESTE 3</td>
</tr><tr bgcolor="">
<th>eq_dre</th>
<td>GUAIANASES</td>
</tr><tr bgcolor="#E3E3F3">
<th>eq_cd_zona</th>
<td></td>
</tr><tr bgcolor="">
<th>eq_zona</th>
<td></td>
</tr><tr bgcolor="#E3E3F3">
<th>eq_cd_mec</th>
<td>35298177</td>
</tr><tr bgcolor="">
<th>eq_esfera</th>
<td>MUNICIPAL</td>
</tr><tr bgcolor="#E3E3F3">
<th>eq_cd_catg</th>
<td>1</td>
</tr><tr bgcolor="">
<th>eq_categor</th>
<td>ESCOLAS AUTONOMAS</td>
</tr><tr bgcolor="#E3E3F3">
<th>eq_eol</th>
<td>35298177</td>
</tr><tr bgcolor="">
<th>eq_horario</th>
<td>07:00-23:00</td>
</tr></table></center>]]></description>
			<styleUrl>#m_ylw-pushpin</styleUrl>
			<ExtendedData>
				<SchemaData schemaUrl="#kml_schema_ft_LL_WGS84_KMZ_TEMA_EDUCACAO_CEU">
					<SimpleData name="eq_id">4767</SimpleData>
					<SimpleData name="eq_nome">CEU EMEF AGUA AZUL</SimpleData>
					<SimpleData name="eq_enderec">DOS METALURGICOS 1262</SimpleData>
					<SimpleData name="eq_bairro">CIDADE TIRADENTES</SimpleData>
					<SimpleData name="eq_cep">08471000</SimpleData>
					<SimpleData name="eq_tipo">CEU EMEF</SimpleData>
					<SimpleData name="eq_classe">CEU</SimpleData>
					<SimpleData name="eq_telefon">1122827671 / 1122850335</SimpleData>
					<SimpleData name="eq_setor">355030825000092</SimpleData>
					<SimpleData name="eq_areap">3550308005273</SimpleData>
					<SimpleData name="eq_cd_dist">25</SimpleData>
					<SimpleData name="eq_distr">CIDADE TIRADENTES</SimpleData>
					<SimpleData name="eq_cd_subp">31</SimpleData>
					<SimpleData name="eq_subpref">CIDADE TIRADENTES</SimpleData>
					<SimpleData name="eq_regiao5">Leste</SimpleData>
					<SimpleData name="eq_regiao8">Leste 2</SimpleData>
					<SimpleData name="eq_ender">DOS METALURGICOS</SimpleData>
					<SimpleData name="eq_num">1262</SimpleData>
					<SimpleData name="eq_codcep">08471000</SimpleData>
					<SimpleData name="eq_fone1">1122827671</SimpleData>
					<SimpleData name="eq_fone2">1122850335</SimpleData>
					<SimpleData name="eq_email">EMEFCEUAGUAAZUL@SME.PREFEITURA.SP.GOV.BR</SimpleData>
					<SimpleData name="eq_cd_dirt">10211</SimpleData>
					<SimpleData name="eq_diretor">LESTE 3</SimpleData>
					<SimpleData name="eq_dre">GUAIANASES</SimpleData>
					<SimpleData name="eq_cd_mec">35298177</SimpleData>
					<SimpleData name="eq_esfera">MUNICIPAL</SimpleData>
					<SimpleData name="eq_cd_catg">1</SimpleData>
					<SimpleData name="eq_categor">ESCOLAS AUTONOMAS</SimpleData>
					<SimpleData name="eq_eol">35298177</SimpleData>
					<SimpleData name="eq_horario">07:00-23:00</SimpleData>
				</SchemaData>
			</ExtendedData>
			<Point>
				<coordinates>-46.409226715857,-23.5850802809499,0</coordinates>
			</Point>
		</Placemark>
		<Placemark id="kml_78">
			<name>kml_78</name>
			<snippet></snippet>
			<description><![CDATA[<center><table><tr><th colspan='2' align='center'><em>Attributes</em></th></tr><tr bgcolor="#E3E3F3">
<th>eq_id</th>
<td>4768</td>
</tr><tr bgcolor="">
<th>eq_nome</th>
<td>CEU EMEI IRENE MANKE MARQUES PROFA</td>
</tr><tr bgcolor="#E3E3F3">
<th>eq_enderec</th>
<td>RUA DOS METALURGICOS SN</td>
</tr><tr bgcolor="">
<th>eq_bairro</th>
<td>CIDADE TIRADENTES</td>
</tr><tr bgcolor="#E3E3F3">
<th>eq_cep</th>
<td>08471000</td>
</tr><tr bgcolor="">
<th>eq_tipo</th>
<td>CEU EMEI</td>
</tr><tr bgcolor="#E3E3F3">
<th>eq_classe</th>
<td>CEU</td>
</tr><tr bgcolor="">
<th>eq_telefon</th>
<td>1122827569 / </td>
</tr><tr bgcolor="#E3E3F3">
<th>eq_setor</th>
<td>355030825000092</td>
</tr><tr bgcolor="">
<th>eq_areap</th>
<td>3550308005273</td>
</tr><tr bgcolor="#E3E3F3">
<th>eq_cd_dist</th>
<td>25</td>
</tr><tr bgcolor="">
<th>eq_distr</th>
<td>CIDADE TIRADENTES</td>
</tr><tr bgcolor="#E3E3F3">
<th>eq_cd_subp</th>
<td>31</td>
</tr><tr bgcolor="">
<th>eq_subpref</th>
<td>CIDADE TIRADENTES</td>
</tr><tr bgcolor="#E3E3F3">
<th>eq_regiao5</th>
<td>Leste</td>
</tr><tr bgcolor="">
<th>eq_regiao8</th>
<td>Leste 2</td>
</tr><tr bgcolor="#E3E3F3">
<th>eq_ender</th>
<td>RUA DOS METALURGICOS</td>
</tr><tr bgcolor="">
<th>eq_num</th>
<td>SN</td>
</tr><tr bgcolor="#E3E3F3">
<th>eq_compend</th>
<td>AVENIDA</td>
</tr><tr bgcolor="">
<th>eq_codcep</th>
<td>08471000</td>
</tr><tr bgcolor="#E3E3F3">
<th>eq_fone1</th>
<td>1122827569</td>
</tr><tr bgcolor="">
<th>eq_fone2</th>
<td></td>
</tr><tr bgcolor="#E3E3F3">
<th>eq_email</th>
<td></td>
</tr><tr bgcolor="">
<th>eq_cd_dirt</th>
<td>10211</td>
</tr><tr bgcolor="#E3E3F3">
<th>eq_diretor</th>
<td>LESTE 3</td>
</tr><tr bgcolor="">
<th>eq_dre</th>
<td>GUAIANASES</td>
</tr><tr bgcolor="#E3E3F3">
<th>eq_cd_zona</th>
<td></td>
</tr><tr bgcolor="">
<th>eq_zona</th>
<td></td>
</tr><tr bgcolor="#E3E3F3">
<th>eq_cd_mec</th>
<td>35298189</td>
</tr><tr bgcolor="">
<th>eq_esfera</th>
<td>MUNICIPAL</td>
</tr><tr bgcolor="#E3E3F3">
<th>eq_cd_catg</th>
<td>1</td>
</tr><tr bgcolor="">
<th>eq_categor</th>
<td>ESCOLAS AUTONOMAS</td>
</tr><tr bgcolor="#E3E3F3">
<th>eq_eol</th>
<td>35298189</td>
</tr><tr bgcolor="">
<th>eq_horario</th>
<td>07:00-19:00</td>
</tr></table></center>]]></description>
			<styleUrl>#m_ylw-pushpin</styleUrl>
			<ExtendedData>
				<SchemaData schemaUrl="#kml_schema_ft_LL_WGS84_KMZ_TEMA_EDUCACAO_CEU">
					<SimpleData name="eq_id">4768</SimpleData>
					<SimpleData name="eq_nome">CEU EMEI IRENE MANKE MARQUES PROFA</SimpleData>
					<SimpleData name="eq_enderec">RUA DOS METALURGICOS SN</SimpleData>
					<SimpleData name="eq_bairro">CIDADE TIRADENTES</SimpleData>
					<SimpleData name="eq_cep">08471000</SimpleData>
					<SimpleData name="eq_tipo">CEU EMEI</SimpleData>
					<SimpleData name="eq_classe">CEU</SimpleData>
					<SimpleData name="eq_telefon">1122827569 /</SimpleData>
					<SimpleData name="eq_setor">355030825000092</SimpleData>
					<SimpleData name="eq_areap">3550308005273</SimpleData>
					<SimpleData name="eq_cd_dist">25</SimpleData>
					<SimpleData name="eq_distr">CIDADE TIRADENTES</SimpleData>
					<SimpleData name="eq_cd_subp">31</SimpleData>
					<SimpleData name="eq_subpref">CIDADE TIRADENTES</SimpleData>
					<SimpleData name="eq_regiao5">Leste</SimpleData>
					<SimpleData name="eq_regiao8">Leste 2</SimpleData>
					<SimpleData name="eq_ender">RUA DOS METALURGICOS</SimpleData>
					<SimpleData name="eq_num">SN</SimpleData>
					<SimpleData name="eq_compend">AVENIDA</SimpleData>
					<SimpleData name="eq_codcep">08471000</SimpleData>
					<SimpleData name="eq_fone1">1122827569</SimpleData>
					<SimpleData name="eq_cd_dirt">10211</SimpleData>
					<SimpleData name="eq_diretor">LESTE 3</SimpleData>
					<SimpleData name="eq_dre">GUAIANASES</SimpleData>
					<SimpleData name="eq_cd_mec">35298189</SimpleData>
					<SimpleData name="eq_esfera">MUNICIPAL</SimpleData>
					<SimpleData name="eq_cd_catg">1</SimpleData>
					<SimpleData name="eq_categor">ESCOLAS AUTONOMAS</SimpleData>
					<SimpleData name="eq_eol">35298189</SimpleData>
					<SimpleData name="eq_horario">07:00-19:00</SimpleData>
				</SchemaData>
			</ExtendedData>
			<Point>
				<coordinates>-46.409226715857,-23.5850802809499,0</coordinates>
			</Point>
		</Placemark>
		<Placemark id="kml_79">
			<name>kml_79</name>
			<snippet></snippet>
			<description><![CDATA[<center><table><tr><th colspan='2' align='center'><em>Attributes</em></th></tr><tr bgcolor="#E3E3F3">
<th>eq_id</th>
<td>4769</td>
</tr><tr bgcolor="">
<th>eq_nome</th>
<td>CEU CEI AGUA AZUL</td>
</tr><tr bgcolor="#E3E3F3">
<th>eq_enderec</th>
<td>RUA DOS METALURGICOS SN</td>
</tr><tr bgcolor="">
<th>eq_bairro</th>
<td>CIDADE TIRADENTES</td>
</tr><tr bgcolor="#E3E3F3">
<th>eq_cep</th>
<td>08471000</td>
</tr><tr bgcolor="">
<th>eq_tipo</th>
<td>CEU CEI</td>
</tr><tr bgcolor="#E3E3F3">
<th>eq_classe</th>
<td>CEU</td>
</tr><tr bgcolor="">
<th>eq_telefon</th>
<td>1122827157 / 1162827157</td>
</tr><tr bgcolor="#E3E3F3">
<th>eq_setor</th>
<td>355030825000092</td>
</tr><tr bgcolor="">
<th>eq_areap</th>
<td>3550308005273</td>
</tr><tr bgcolor="#E3E3F3">
<th>eq_cd_dist</th>
<td>25</td>
</tr><tr bgcolor="">
<th>eq_distr</th>
<td>CIDADE TIRADENTES</td>
</tr><tr bgcolor="#E3E3F3">
<th>eq_cd_subp</th>
<td>31</td>
</tr><tr bgcolor="">
<th>eq_subpref</th>
<td>CIDADE TIRADENTES</td>
</tr><tr bgcolor="#E3E3F3">
<th>eq_regiao5</th>
<td>Leste</td>
</tr><tr bgcolor="">
<th>eq_regiao8</th>
<td>Leste 2</td>
</tr><tr bgcolor="#E3E3F3">
<th>eq_ender</th>
<td>RUA DOS METALURGICOS</td>
</tr><tr bgcolor="">
<th>eq_num</th>
<td>SN</td>
</tr><tr bgcolor="#E3E3F3">
<th>eq_compend</th>
<td>AVENIDA</td>
</tr><tr bgcolor="">
<th>eq_codcep</th>
<td>08471000</td>
</tr><tr bgcolor="#E3E3F3">
<th>eq_fone1</th>
<td>1122827157</td>
</tr><tr bgcolor="">
<th>eq_fone2</th>
<td>1162827157</td>
</tr><tr bgcolor="#E3E3F3">
<th>eq_email</th>
<td></td>
</tr><tr bgcolor="">
<th>eq_cd_dirt</th>
<td>10211</td>
</tr><tr bgcolor="#E3E3F3">
<th>eq_diretor</th>
<td>LESTE 3</td>
</tr><tr bgcolor="">
<th>eq_dre</th>
<td>GUAIANASES</td>
</tr><tr bgcolor="#E3E3F3">
<th>eq_cd_zona</th>
<td></td>
</tr><tr bgcolor="">
<th>eq_zona</th>
<td></td>
</tr><tr bgcolor="#E3E3F3">
<th>eq_cd_mec</th>
<td>35298190</td>
</tr><tr bgcolor="">
<th>eq_esfera</th>
<td>MUNICIPAL</td>
</tr><tr bgcolor="#E3E3F3">
<th>eq_cd_catg</th>
<td>1</td>
</tr><tr bgcolor="">
<th>eq_categor</th>
<td>ESCOLAS AUTONOMAS</td>
</tr><tr bgcolor="#E3E3F3">
<th>eq_eol</th>
<td>35298190</td>
</tr><tr bgcolor="">
<th>eq_horario</th>
<td>07:00-18:00</td>
</tr></table></center>]]></description>
			<styleUrl>#m_ylw-pushpin</styleUrl>
			<ExtendedData>
				<SchemaData schemaUrl="#kml_schema_ft_LL_WGS84_KMZ_TEMA_EDUCACAO_CEU">
					<SimpleData name="eq_id">4769</SimpleData>
					<SimpleData name="eq_nome">CEU CEI AGUA AZUL</SimpleData>
					<SimpleData name="eq_enderec">RUA DOS METALURGICOS SN</SimpleData>
					<SimpleData name="eq_bairro">CIDADE TIRADENTES</SimpleData>
					<SimpleData name="eq_cep">08471000</SimpleData>
					<SimpleData name="eq_tipo">CEU CEI</SimpleData>
					<SimpleData name="eq_classe">CEU</SimpleData>
					<SimpleData name="eq_telefon">1122827157 / 1162827157</SimpleData>
					<SimpleData name="eq_setor">355030825000092</SimpleData>
					<SimpleData name="eq_areap">3550308005273</SimpleData>
					<SimpleData name="eq_cd_dist">25</SimpleData>
					<SimpleData name="eq_distr">CIDADE TIRADENTES</SimpleData>
					<SimpleData name="eq_cd_subp">31</SimpleData>
					<SimpleData name="eq_subpref">CIDADE TIRADENTES</SimpleData>
					<SimpleData name="eq_regiao5">Leste</SimpleData>
					<SimpleData name="eq_regiao8">Leste 2</SimpleData>
					<SimpleData name="eq_ender">RUA DOS METALURGICOS</SimpleData>
					<SimpleData name="eq_num">SN</SimpleData>
					<SimpleData name="eq_compend">AVENIDA</SimpleData>
					<SimpleData name="eq_codcep">08471000</SimpleData>
					<SimpleData name="eq_fone1">1122827157</SimpleData>
					<SimpleData name="eq_fone2">1162827157</SimpleData>
					<SimpleData name="eq_cd_dirt">10211</SimpleData>
					<SimpleData name="eq_diretor">LESTE 3</SimpleData>
					<SimpleData name="eq_dre">GUAIANASES</SimpleData>
					<SimpleData name="eq_cd_mec">35298190</SimpleData>
					<SimpleData name="eq_esfera">MUNICIPAL</SimpleData>
					<SimpleData name="eq_cd_catg">1</SimpleData>
					<SimpleData name="eq_categor">ESCOLAS AUTONOMAS</SimpleData>
					<SimpleData name="eq_eol">35298190</SimpleData>
					<SimpleData name="eq_horario">07:00-18:00</SimpleData>
				</SchemaData>
			</ExtendedData>
			<Point>
				<coordinates>-46.409226715857,-23.5850802809499,0</coordinates>
			</Point>
		</Placemark>
		<Placemark id="kml_80">
			<name>kml_80</name>
			<snippet></snippet>
			<description><![CDATA[<center><table><tr><th colspan='2' align='center'><em>Attributes</em></th></tr><tr bgcolor="#E3E3F3">
<th>eq_id</th>
<td>4770</td>
</tr><tr bgcolor="">
<th>eq_nome</th>
<td>CEU CEI AZUL DA COR DO MAR</td>
</tr><tr bgcolor="#E3E3F3">
<th>eq_enderec</th>
<td>ERNESTO SOUZA CRUZ 2171</td>
</tr><tr bgcolor="">
<th>eq_bairro</th>
<td>CIDADE ANTONIO ESTEVAO DE CARVALHO</td>
</tr><tr bgcolor="#E3E3F3">
<th>eq_cep</th>
<td>08225000</td>
</tr><tr bgcolor="">
<th>eq_tipo</th>
<td>CEU CEI</td>
</tr><tr bgcolor="#E3E3F3">
<th>eq_classe</th>
<td>CEU</td>
</tr><tr bgcolor="">
<th>eq_telefon</th>
<td>1120422843 / </td>
</tr><tr bgcolor="#E3E3F3">
<th>eq_setor</th>
<td>355030837000065</td>
</tr><tr bgcolor="">
<th>eq_areap</th>
<td>3550308005199</td>
</tr><tr bgcolor="#E3E3F3">
<th>eq_cd_dist</th>
<td>37</td>
</tr><tr bgcolor="">
<th>eq_distr</th>
<td>ITAQUERA</td>
</tr><tr bgcolor="#E3E3F3">
<th>eq_cd_subp</th>
<td>27</td>
</tr><tr bgcolor="">
<th>eq_subpref</th>
<td>ITAQUERA</td>
</tr><tr bgcolor="#E3E3F3">
<th>eq_regiao5</th>
<td>Leste</td>
</tr><tr bgcolor="">
<th>eq_regiao8</th>
<td>Leste 2</td>
</tr><tr bgcolor="#E3E3F3">
<th>eq_ender</th>
<td>ERNESTO SOUZA CRUZ</td>
</tr><tr bgcolor="">
<th>eq_num</th>
<td>2171</td>
</tr><tr bgcolor="#E3E3F3">
<th>eq_compend</th>
<td>AVENIDA</td>
</tr><tr bgcolor="">
<th>eq_codcep</th>
<td>08225000</td>
</tr><tr bgcolor="#E3E3F3">
<th>eq_fone1</th>
<td>1120422843</td>
</tr><tr bgcolor="">
<th>eq_fone2</th>
<td></td>
</tr><tr bgcolor="#E3E3F3">
<th>eq_email</th>
<td>CEICEUAZULDACORDOMAR@SME.PREFEITURA.SP.GOV.BR</td>
</tr><tr bgcolor="">
<th>eq_cd_dirt</th>
<td>10207</td>
</tr><tr bgcolor="#E3E3F3">
<th>eq_diretor</th>
<td>LESTE 1</td>
</tr><tr bgcolor="">
<th>eq_dre</th>
<td>ITAQUERA</td>
</tr><tr bgcolor="#E3E3F3">
<th>eq_cd_zona</th>
<td></td>
</tr><tr bgcolor="">
<th>eq_zona</th>
<td></td>
</tr><tr bgcolor="#E3E3F3">
<th>eq_cd_mec</th>
<td>35298220</td>
</tr><tr bgcolor="">
<th>eq_esfera</th>
<td>MUNICIPAL</td>
</tr><tr bgcolor="#E3E3F3">
<th>eq_cd_catg</th>
<td>1</td>
</tr><tr bgcolor="">
<th>eq_categor</th>
<td>ESCOLAS AUTONOMAS</td>
</tr><tr bgcolor="#E3E3F3">
<th>eq_eol</th>
<td>35298220</td>
</tr><tr bgcolor="">
<th>eq_horario</th>
<td>07:00-18:30</td>
</tr></table></center>]]></description>
			<styleUrl>#m_ylw-pushpin</styleUrl>
			<ExtendedData>
				<SchemaData schemaUrl="#kml_schema_ft_LL_WGS84_KMZ_TEMA_EDUCACAO_CEU">
					<SimpleData name="eq_id">4770</SimpleData>
					<SimpleData name="eq_nome">CEU CEI AZUL DA COR DO MAR</SimpleData>
					<SimpleData name="eq_enderec">ERNESTO SOUZA CRUZ 2171</SimpleData>
					<SimpleData name="eq_bairro">CIDADE ANTONIO ESTEVAO DE CARVALHO</SimpleData>
					<SimpleData name="eq_cep">08225000</SimpleData>
					<SimpleData name="eq_tipo">CEU CEI</SimpleData>
					<SimpleData name="eq_classe">CEU</SimpleData>
					<SimpleData name="eq_telefon">1120422843 /</SimpleData>
					<SimpleData name="eq_setor">355030837000065</SimpleData>
					<SimpleData name="eq_areap">3550308005199</SimpleData>
					<SimpleData name="eq_cd_dist">37</SimpleData>
					<SimpleData name="eq_distr">ITAQUERA</SimpleData>
					<SimpleData name="eq_cd_subp">27</SimpleData>
					<SimpleData name="eq_subpref">ITAQUERA</SimpleData>
					<SimpleData name="eq_regiao5">Leste</SimpleData>
					<SimpleData name="eq_regiao8">Leste 2</SimpleData>
					<SimpleData name="eq_ender">ERNESTO SOUZA CRUZ</SimpleData>
					<SimpleData name="eq_num">2171</SimpleData>
					<SimpleData name="eq_compend">AVENIDA</SimpleData>
					<SimpleData name="eq_codcep">08225000</SimpleData>
					<SimpleData name="eq_fone1">1120422843</SimpleData>
					<SimpleData name="eq_email">CEICEUAZULDACORDOMAR@SME.PREFEITURA.SP.GOV.BR</SimpleData>
					<SimpleData name="eq_cd_dirt">10207</SimpleData>
					<SimpleData name="eq_diretor">LESTE 1</SimpleData>
					<SimpleData name="eq_dre">ITAQUERA</SimpleData>
					<SimpleData name="eq_cd_mec">35298220</SimpleData>
					<SimpleData name="eq_esfera">MUNICIPAL</SimpleData>
					<SimpleData name="eq_cd_catg">1</SimpleData>
					<SimpleData name="eq_categor">ESCOLAS AUTONOMAS</SimpleData>
					<SimpleData name="eq_eol">35298220</SimpleData>
					<SimpleData name="eq_horario">07:00-18:30</SimpleData>
				</SchemaData>
			</ExtendedData>
			<Point>
				<coordinates>-46.45689085873499,-23.5221418578777,0</coordinates>
			</Point>
		</Placemark>
		<Placemark id="kml_81">
			<name>kml_81</name>
			<snippet></snippet>
			<description><![CDATA[<center><table><tr><th colspan='2' align='center'><em>Attributes</em></th></tr><tr bgcolor="#E3E3F3">
<th>eq_id</th>
<td>4771</td>
</tr><tr bgcolor="">
<th>eq_nome</th>
<td>CEU EMEF FEITICO DA VILA</td>
</tr><tr bgcolor="#E3E3F3">
<th>eq_enderec</th>
<td>FEITICO DA VILA 399</td>
</tr><tr bgcolor="">
<th>eq_bairro</th>
<td>CHACARA SANTA MARIA</td>
</tr><tr bgcolor="#E3E3F3">
<th>eq_cep</th>
<td>05879000</td>
</tr><tr bgcolor="">
<th>eq_tipo</th>
<td>CEU EMEF</td>
</tr><tr bgcolor="#E3E3F3">
<th>eq_classe</th>
<td>CEU</td>
</tr><tr bgcolor="">
<th>eq_telefon</th>
<td>1133976600 / 1133976607</td>
</tr><tr bgcolor="#E3E3F3">
<th>eq_setor</th>
<td>355030819000199</td>
</tr><tr bgcolor="">
<th>eq_areap</th>
<td>3550308005295</td>
</tr><tr bgcolor="#E3E3F3">
<th>eq_cd_dist</th>
<td>19</td>
</tr><tr bgcolor="">
<th>eq_distr</th>
<td>CAPAO REDONDO</td>
</tr><tr bgcolor="#E3E3F3">
<th>eq_cd_subp</th>
<td>17</td>
</tr><tr bgcolor="">
<th>eq_subpref</th>
<td>CAMPO LIMPO</td>
</tr><tr bgcolor="#E3E3F3">
<th>eq_regiao5</th>
<td>Sul</td>
</tr><tr bgcolor="">
<th>eq_regiao8</th>
<td>Sul 2</td>
</tr><tr bgcolor="#E3E3F3">
<th>eq_ender</th>
<td>FEITICO DA VILA</td>
</tr><tr bgcolor="">
<th>eq_num</th>
<td>399</td>
</tr><tr bgcolor="#E3E3F3">
<th>eq_compend</th>
<td>RUA</td>
</tr><tr bgcolor="">
<th>eq_codcep</th>
<td>05879000</td>
</tr><tr bgcolor="#E3E3F3">
<th>eq_fone1</th>
<td>1133976600</td>
</tr><tr bgcolor="">
<th>eq_fone2</th>
<td>1133976607</td>
</tr><tr bgcolor="#E3E3F3">
<th>eq_email</th>
<td>EMEFCEUFEITICODAVILA@SME.PREFEITURA.SP.GOV.BR</td>
</tr><tr bgcolor="">
<th>eq_cd_dirt</th>
<td>10314</td>
</tr><tr bgcolor="#E3E3F3">
<th>eq_diretor</th>
<td>SUL 2</td>
</tr><tr bgcolor="">
<th>eq_dre</th>
<td>CAMPO LIMPO</td>
</tr><tr bgcolor="#E3E3F3">
<th>eq_cd_zona</th>
<td></td>
</tr><tr bgcolor="">
<th>eq_zona</th>
<td></td>
</tr><tr bgcolor="#E3E3F3">
<th>eq_cd_mec</th>
<td>35298232</td>
</tr><tr bgcolor="">
<th>eq_esfera</th>
<td>MUNICIPAL</td>
</tr><tr bgcolor="#E3E3F3">
<th>eq_cd_catg</th>
<td>1</td>
</tr><tr bgcolor="">
<th>eq_categor</th>
<td>ESCOLAS AUTONOMAS</td>
</tr><tr bgcolor="#E3E3F3">
<th>eq_eol</th>
<td>35298232</td>
</tr><tr bgcolor="">
<th>eq_horario</th>
<td>07:00-19:00</td>
</tr></table></center>]]></description>
			<styleUrl>#m_ylw-pushpin</styleUrl>
			<ExtendedData>
				<SchemaData schemaUrl="#kml_schema_ft_LL_WGS84_KMZ_TEMA_EDUCACAO_CEU">
					<SimpleData name="eq_id">4771</SimpleData>
					<SimpleData name="eq_nome">CEU EMEF FEITICO DA VILA</SimpleData>
					<SimpleData name="eq_enderec">FEITICO DA VILA 399</SimpleData>
					<SimpleData name="eq_bairro">CHACARA SANTA MARIA</SimpleData>
					<SimpleData name="eq_cep">05879000</SimpleData>
					<SimpleData name="eq_tipo">CEU EMEF</SimpleData>
					<SimpleData name="eq_classe">CEU</SimpleData>
					<SimpleData name="eq_telefon">1133976600 / 1133976607</SimpleData>
					<SimpleData name="eq_setor">355030819000199</SimpleData>
					<SimpleData name="eq_areap">3550308005295</SimpleData>
					<SimpleData name="eq_cd_dist">19</SimpleData>
					<SimpleData name="eq_distr">CAPAO REDONDO</SimpleData>
					<SimpleData name="eq_cd_subp">17</SimpleData>
					<SimpleData name="eq_subpref">CAMPO LIMPO</SimpleData>
					<SimpleData name="eq_regiao5">Sul</SimpleData>
					<SimpleData name="eq_regiao8">Sul 2</SimpleData>
					<SimpleData name="eq_ender">FEITICO DA VILA</SimpleData>
					<SimpleData name="eq_num">399</SimpleData>
					<SimpleData name="eq_compend">RUA</SimpleData>
					<SimpleData name="eq_codcep">05879000</SimpleData>
					<SimpleData name="eq_fone1">1133976600</SimpleData>
					<SimpleData name="eq_fone2">1133976607</SimpleData>
					<SimpleData name="eq_email">EMEFCEUFEITICODAVILA@SME.PREFEITURA.SP.GOV.BR</SimpleData>
					<SimpleData name="eq_cd_dirt">10314</SimpleData>
					<SimpleData name="eq_diretor">SUL 2</SimpleData>
					<SimpleData name="eq_dre">CAMPO LIMPO</SimpleData>
					<SimpleData name="eq_cd_mec">35298232</SimpleData>
					<SimpleData name="eq_esfera">MUNICIPAL</SimpleData>
					<SimpleData name="eq_cd_catg">1</SimpleData>
					<SimpleData name="eq_categor">ESCOLAS AUTONOMAS</SimpleData>
					<SimpleData name="eq_eol">35298232</SimpleData>
					<SimpleData name="eq_horario">07:00-19:00</SimpleData>
				</SchemaData>
			</ExtendedData>
			<Point>
				<coordinates>-46.7937242706065,-23.685956579271,0</coordinates>
			</Point>
		</Placemark>
		<Placemark id="kml_82">
			<name>kml_82</name>
			<snippet></snippet>
			<description><![CDATA[<center><table><tr><th colspan='2' align='center'><em>Attributes</em></th></tr><tr bgcolor="#E3E3F3">
<th>eq_id</th>
<td>4772</td>
</tr><tr bgcolor="">
<th>eq_nome</th>
<td>CEU EMEI FEITICO DA VILA</td>
</tr><tr bgcolor="#E3E3F3">
<th>eq_enderec</th>
<td>FEITICO DA VILA SN</td>
</tr><tr bgcolor="">
<th>eq_bairro</th>
<td>CHACARA SANTA MARIA</td>
</tr><tr bgcolor="#E3E3F3">
<th>eq_cep</th>
<td>05879000</td>
</tr><tr bgcolor="">
<th>eq_tipo</th>
<td>CEU EMEI</td>
</tr><tr bgcolor="#E3E3F3">
<th>eq_classe</th>
<td>CEU</td>
</tr><tr bgcolor="">
<th>eq_telefon</th>
<td>1158744241 / </td>
</tr><tr bgcolor="#E3E3F3">
<th>eq_setor</th>
<td>355030819000199</td>
</tr><tr bgcolor="">
<th>eq_areap</th>
<td>3550308005295</td>
</tr><tr bgcolor="#E3E3F3">
<th>eq_cd_dist</th>
<td>19</td>
</tr><tr bgcolor="">
<th>eq_distr</th>
<td>CAPAO REDONDO</td>
</tr><tr bgcolor="#E3E3F3">
<th>eq_cd_subp</th>
<td>17</td>
</tr><tr bgcolor="">
<th>eq_subpref</th>
<td>CAMPO LIMPO</td>
</tr><tr bgcolor="#E3E3F3">
<th>eq_regiao5</th>
<td>Sul</td>
</tr><tr bgcolor="">
<th>eq_regiao8</th>
<td>Sul 2</td>
</tr><tr bgcolor="#E3E3F3">
<th>eq_ender</th>
<td>FEITICO DA VILA</td>
</tr><tr bgcolor="">
<th>eq_num</th>
<td>SN</td>
</tr><tr bgcolor="#E3E3F3">
<th>eq_compend</th>
<td>RUA</td>
</tr><tr bgcolor="">
<th>eq_codcep</th>
<td>05879000</td>
</tr><tr bgcolor="#E3E3F3">
<th>eq_fone1</th>
<td>1158744241</td>
</tr><tr bgcolor="">
<th>eq_fone2</th>
<td></td>
</tr><tr bgcolor="#E3E3F3">
<th>eq_email</th>
<td></td>
</tr><tr bgcolor="">
<th>eq_cd_dirt</th>
<td>10314</td>
</tr><tr bgcolor="#E3E3F3">
<th>eq_diretor</th>
<td>SUL 2</td>
</tr><tr bgcolor="">
<th>eq_dre</th>
<td>CAMPO LIMPO</td>
</tr><tr bgcolor="#E3E3F3">
<th>eq_cd_zona</th>
<td></td>
</tr><tr bgcolor="">
<th>eq_zona</th>
<td></td>
</tr><tr bgcolor="#E3E3F3">
<th>eq_cd_mec</th>
<td>35298244</td>
</tr><tr bgcolor="">
<th>eq_esfera</th>
<td>MUNICIPAL</td>
</tr><tr bgcolor="#E3E3F3">
<th>eq_cd_catg</th>
<td>1</td>
</tr><tr bgcolor="">
<th>eq_categor</th>
<td>ESCOLAS AUTONOMAS</td>
</tr><tr bgcolor="#E3E3F3">
<th>eq_eol</th>
<td>35298244</td>
</tr><tr bgcolor="">
<th>eq_horario</th>
<td>07:00-19:00</td>
</tr></table></center>]]></description>
			<styleUrl>#m_ylw-pushpin</styleUrl>
			<ExtendedData>
				<SchemaData schemaUrl="#kml_schema_ft_LL_WGS84_KMZ_TEMA_EDUCACAO_CEU">
					<SimpleData name="eq_id">4772</SimpleData>
					<SimpleData name="eq_nome">CEU EMEI FEITICO DA VILA</SimpleData>
					<SimpleData name="eq_enderec">FEITICO DA VILA SN</SimpleData>
					<SimpleData name="eq_bairro">CHACARA SANTA MARIA</SimpleData>
					<SimpleData name="eq_cep">05879000</SimpleData>
					<SimpleData name="eq_tipo">CEU EMEI</SimpleData>
					<SimpleData name="eq_classe">CEU</SimpleData>
					<SimpleData name="eq_telefon">1158744241 /</SimpleData>
					<SimpleData name="eq_setor">355030819000199</SimpleData>
					<SimpleData name="eq_areap">3550308005295</SimpleData>
					<SimpleData name="eq_cd_dist">19</SimpleData>
					<SimpleData name="eq_distr">CAPAO REDONDO</SimpleData>
					<SimpleData name="eq_cd_subp">17</SimpleData>
					<SimpleData name="eq_subpref">CAMPO LIMPO</SimpleData>
					<SimpleData name="eq_regiao5">Sul</SimpleData>
					<SimpleData name="eq_regiao8">Sul 2</SimpleData>
					<SimpleData name="eq_ender">FEITICO DA VILA</SimpleData>
					<SimpleData name="eq_num">SN</SimpleData>
					<SimpleData name="eq_compend">RUA</SimpleData>
					<SimpleData name="eq_codcep">05879000</SimpleData>
					<SimpleData name="eq_fone1">1158744241</SimpleData>
					<SimpleData name="eq_cd_dirt">10314</SimpleData>
					<SimpleData name="eq_diretor">SUL 2</SimpleData>
					<SimpleData name="eq_dre">CAMPO LIMPO</SimpleData>
					<SimpleData name="eq_cd_mec">35298244</SimpleData>
					<SimpleData name="eq_esfera">MUNICIPAL</SimpleData>
					<SimpleData name="eq_cd_catg">1</SimpleData>
					<SimpleData name="eq_categor">ESCOLAS AUTONOMAS</SimpleData>
					<SimpleData name="eq_eol">35298244</SimpleData>
					<SimpleData name="eq_horario">07:00-19:00</SimpleData>
				</SchemaData>
			</ExtendedData>
			<Point>
				<coordinates>-46.7929982564908,-23.6860596198084,0</coordinates>
			</Point>
		</Placemark>
		<Placemark id="kml_83">
			<name>kml_83</name>
			<snippet></snippet>
			<description><![CDATA[<center><table><tr><th colspan='2' align='center'><em>Attributes</em></th></tr><tr bgcolor="#E3E3F3">
<th>eq_id</th>
<td>4773</td>
</tr><tr bgcolor="">
<th>eq_nome</th>
<td>CEU CEI YOLANDA DE SOUZA SANTALUCIA PROFA</td>
</tr><tr bgcolor="#E3E3F3">
<th>eq_enderec</th>
<td>FEITICO DA VILA 399</td>
</tr><tr bgcolor="">
<th>eq_bairro</th>
<td>CHACARA SANTA MARIA</td>
</tr><tr bgcolor="#E3E3F3">
<th>eq_cep</th>
<td>05879000</td>
</tr><tr bgcolor="">
<th>eq_tipo</th>
<td>CEU CEI</td>
</tr><tr bgcolor="#E3E3F3">
<th>eq_classe</th>
<td>CEU</td>
</tr><tr bgcolor="">
<th>eq_telefon</th>
<td>1133976620 / 1133976621</td>
</tr><tr bgcolor="#E3E3F3">
<th>eq_setor</th>
<td>355030819000199</td>
</tr><tr bgcolor="">
<th>eq_areap</th>
<td>3550308005295</td>
</tr><tr bgcolor="#E3E3F3">
<th>eq_cd_dist</th>
<td>19</td>
</tr><tr bgcolor="">
<th>eq_distr</th>
<td>CAPAO REDONDO</td>
</tr><tr bgcolor="#E3E3F3">
<th>eq_cd_subp</th>
<td>17</td>
</tr><tr bgcolor="">
<th>eq_subpref</th>
<td>CAMPO LIMPO</td>
</tr><tr bgcolor="#E3E3F3">
<th>eq_regiao5</th>
<td>Sul</td>
</tr><tr bgcolor="">
<th>eq_regiao8</th>
<td>Sul 2</td>
</tr><tr bgcolor="#E3E3F3">
<th>eq_ender</th>
<td>FEITICO DA VILA</td>
</tr><tr bgcolor="">
<th>eq_num</th>
<td>399</td>
</tr><tr bgcolor="#E3E3F3">
<th>eq_compend</th>
<td>RUA</td>
</tr><tr bgcolor="">
<th>eq_codcep</th>
<td>05879000</td>
</tr><tr bgcolor="#E3E3F3">
<th>eq_fone1</th>
<td>1133976620</td>
</tr><tr bgcolor="">
<th>eq_fone2</th>
<td>1133976621</td>
</tr><tr bgcolor="#E3E3F3">
<th>eq_email</th>
<td></td>
</tr><tr bgcolor="">
<th>eq_cd_dirt</th>
<td>10314</td>
</tr><tr bgcolor="#E3E3F3">
<th>eq_diretor</th>
<td>SUL 2</td>
</tr><tr bgcolor="">
<th>eq_dre</th>
<td>CAMPO LIMPO</td>
</tr><tr bgcolor="#E3E3F3">
<th>eq_cd_zona</th>
<td></td>
</tr><tr bgcolor="">
<th>eq_zona</th>
<td></td>
</tr><tr bgcolor="#E3E3F3">
<th>eq_cd_mec</th>
<td>35298256</td>
</tr><tr bgcolor="">
<th>eq_esfera</th>
<td>MUNICIPAL</td>
</tr><tr bgcolor="#E3E3F3">
<th>eq_cd_catg</th>
<td>1</td>
</tr><tr bgcolor="">
<th>eq_categor</th>
<td>ESCOLAS AUTONOMAS</td>
</tr><tr bgcolor="#E3E3F3">
<th>eq_eol</th>
<td>35298256</td>
</tr><tr bgcolor="">
<th>eq_horario</th>
<td>06:30-18:00</td>
</tr></table></center>]]></description>
			<styleUrl>#m_ylw-pushpin</styleUrl>
			<ExtendedData>
				<SchemaData schemaUrl="#kml_schema_ft_LL_WGS84_KMZ_TEMA_EDUCACAO_CEU">
					<SimpleData name="eq_id">4773</SimpleData>
					<SimpleData name="eq_nome">CEU CEI YOLANDA DE SOUZA SANTALUCIA PROFA</SimpleData>
					<SimpleData name="eq_enderec">FEITICO DA VILA 399</SimpleData>
					<SimpleData name="eq_bairro">CHACARA SANTA MARIA</SimpleData>
					<SimpleData name="eq_cep">05879000</SimpleData>
					<SimpleData name="eq_tipo">CEU CEI</SimpleData>
					<SimpleData name="eq_classe">CEU</SimpleData>
					<SimpleData name="eq_telefon">1133976620 / 1133976621</SimpleData>
					<SimpleData name="eq_setor">355030819000199</SimpleData>
					<SimpleData name="eq_areap">3550308005295</SimpleData>
					<SimpleData name="eq_cd_dist">19</SimpleData>
					<SimpleData name="eq_distr">CAPAO REDONDO</SimpleData>
					<SimpleData name="eq_cd_subp">17</SimpleData>
					<SimpleData name="eq_subpref">CAMPO LIMPO</SimpleData>
					<SimpleData name="eq_regiao5">Sul</SimpleData>
					<SimpleData name="eq_regiao8">Sul 2</SimpleData>
					<SimpleData name="eq_ender">FEITICO DA VILA</SimpleData>
					<SimpleData name="eq_num">399</SimpleData>
					<SimpleData name="eq_compend">RUA</SimpleData>
					<SimpleData name="eq_codcep">05879000</SimpleData>
					<SimpleData name="eq_fone1">1133976620</SimpleData>
					<SimpleData name="eq_fone2">1133976621</SimpleData>
					<SimpleData name="eq_cd_dirt">10314</SimpleData>
					<SimpleData name="eq_diretor">SUL 2</SimpleData>
					<SimpleData name="eq_dre">CAMPO LIMPO</SimpleData>
					<SimpleData name="eq_cd_mec">35298256</SimpleData>
					<SimpleData name="eq_esfera">MUNICIPAL</SimpleData>
					<SimpleData name="eq_cd_catg">1</SimpleData>
					<SimpleData name="eq_categor">ESCOLAS AUTONOMAS</SimpleData>
					<SimpleData name="eq_eol">35298256</SimpleData>
					<SimpleData name="eq_horario">06:30-18:00</SimpleData>
				</SchemaData>
			</ExtendedData>
			<Point>
				<coordinates>-46.7939592457698,-23.6860105627906,0</coordinates>
			</Point>
		</Placemark>
		<Placemark id="kml_84">
			<name>kml_84</name>
			<snippet></snippet>
			<description><![CDATA[<center><table><tr><th colspan='2' align='center'><em>Attributes</em></th></tr><tr bgcolor="#E3E3F3">
<th>eq_id</th>
<td>4774</td>
</tr><tr bgcolor="">
<th>eq_nome</th>
<td>CEU EMEF JACANA</td>
</tr><tr bgcolor="#E3E3F3">
<th>eq_enderec</th>
<td>FRANCISCA ESPOSITO TONETTI SN</td>
</tr><tr bgcolor="">
<th>eq_bairro</th>
<td>GUAPIRA</td>
</tr><tr bgcolor="#E3E3F3">
<th>eq_cep</th>
<td>02276000</td>
</tr><tr bgcolor="">
<th>eq_tipo</th>
<td>CEU EMEF</td>
</tr><tr bgcolor="#E3E3F3">
<th>eq_classe</th>
<td>CEU</td>
</tr><tr bgcolor="">
<th>eq_telefon</th>
<td>1122413248 / 1122435605</td>
</tr><tr bgcolor="#E3E3F3">
<th>eq_setor</th>
<td>355030881000113</td>
</tr><tr bgcolor="">
<th>eq_areap</th>
<td>3550308005133</td>
</tr><tr bgcolor="#E3E3F3">
<th>eq_cd_dist</th>
<td>81</td>
</tr><tr bgcolor="">
<th>eq_distr</th>
<td>TREMEMBE</td>
</tr><tr bgcolor="#E3E3F3">
<th>eq_cd_subp</th>
<td>6</td>
</tr><tr bgcolor="">
<th>eq_subpref</th>
<td>JACANA-TREMEMBE</td>
</tr><tr bgcolor="#E3E3F3">
<th>eq_regiao5</th>
<td>Norte</td>
</tr><tr bgcolor="">
<th>eq_regiao8</th>
<td>Norte 1</td>
</tr><tr bgcolor="#E3E3F3">
<th>eq_ender</th>
<td>FRANCISCA ESPOSITO TONETTI</td>
</tr><tr bgcolor="">
<th>eq_num</th>
<td>SN</td>
</tr><tr bgcolor="#E3E3F3">
<th>eq_compend</th>
<td>AVENIDA</td>
</tr><tr bgcolor="">
<th>eq_codcep</th>
<td>02276000</td>
</tr><tr bgcolor="#E3E3F3">
<th>eq_fone1</th>
<td>1122413248</td>
</tr><tr bgcolor="">
<th>eq_fone2</th>
<td>1122435605</td>
</tr><tr bgcolor="#E3E3F3">
<th>eq_email</th>
<td>EMEFCEUJACANA@SME.PREFEITURA.SP.GOV.BR</td>
</tr><tr bgcolor="">
<th>eq_cd_dirt</th>
<td>10104</td>
</tr><tr bgcolor="#E3E3F3">
<th>eq_diretor</th>
<td>NORTE 2</td>
</tr><tr bgcolor="">
<th>eq_dre</th>
<td>JACANA/TREMEMBE</td>
</tr><tr bgcolor="#E3E3F3">
<th>eq_cd_zona</th>
<td></td>
</tr><tr bgcolor="">
<th>eq_zona</th>
<td></td>
</tr><tr bgcolor="#E3E3F3">
<th>eq_cd_mec</th>
<td>35298268</td>
</tr><tr bgcolor="">
<th>eq_esfera</th>
<td>MUNICIPAL</td>
</tr><tr bgcolor="#E3E3F3">
<th>eq_cd_catg</th>
<td>1</td>
</tr><tr bgcolor="">
<th>eq_categor</th>
<td>ESCOLAS AUTONOMAS</td>
</tr><tr bgcolor="#E3E3F3">
<th>eq_eol</th>
<td>35298268</td>
</tr><tr bgcolor="">
<th>eq_horario</th>
<td>07:00-18:30</td>
</tr></table></center>]]></description>
			<styleUrl>#m_ylw-pushpin</styleUrl>
			<ExtendedData>
				<SchemaData schemaUrl="#kml_schema_ft_LL_WGS84_KMZ_TEMA_EDUCACAO_CEU">
					<SimpleData name="eq_id">4774</SimpleData>
					<SimpleData name="eq_nome">CEU EMEF JACANA</SimpleData>
					<SimpleData name="eq_enderec">FRANCISCA ESPOSITO TONETTI SN</SimpleData>
					<SimpleData name="eq_bairro">GUAPIRA</SimpleData>
					<SimpleData name="eq_cep">02276000</SimpleData>
					<SimpleData name="eq_tipo">CEU EMEF</SimpleData>
					<SimpleData name="eq_classe">CEU</SimpleData>
					<SimpleData name="eq_telefon">1122413248 / 1122435605</SimpleData>
					<SimpleData name="eq_setor">355030881000113</SimpleData>
					<SimpleData name="eq_areap">3550308005133</SimpleData>
					<SimpleData name="eq_cd_dist">81</SimpleData>
					<SimpleData name="eq_distr">TREMEMBE</SimpleData>
					<SimpleData name="eq_cd_subp">6</SimpleData>
					<SimpleData name="eq_subpref">JACANA-TREMEMBE</SimpleData>
					<SimpleData name="eq_regiao5">Norte</SimpleData>
					<SimpleData name="eq_regiao8">Norte 1</SimpleData>
					<SimpleData name="eq_ender">FRANCISCA ESPOSITO TONETTI</SimpleData>
					<SimpleData name="eq_num">SN</SimpleData>
					<SimpleData name="eq_compend">AVENIDA</SimpleData>
					<SimpleData name="eq_codcep">02276000</SimpleData>
					<SimpleData name="eq_fone1">1122413248</SimpleData>
					<SimpleData name="eq_fone2">1122435605</SimpleData>
					<SimpleData name="eq_email">EMEFCEUJACANA@SME.PREFEITURA.SP.GOV.BR</SimpleData>
					<SimpleData name="eq_cd_dirt">10104</SimpleData>
					<SimpleData name="eq_diretor">NORTE 2</SimpleData>
					<SimpleData name="eq_dre">JACANA/TREMEMBE</SimpleData>
					<SimpleData name="eq_cd_mec">35298268</SimpleData>
					<SimpleData name="eq_esfera">MUNICIPAL</SimpleData>
					<SimpleData name="eq_cd_catg">1</SimpleData>
					<SimpleData name="eq_categor">ESCOLAS AUTONOMAS</SimpleData>
					<SimpleData name="eq_eol">35298268</SimpleData>
					<SimpleData name="eq_horario">07:00-18:30</SimpleData>
				</SchemaData>
			</ExtendedData>
			<Point>
				<coordinates>-46.5840077368713,-23.4574611755166,0</coordinates>
			</Point>
		</Placemark>
		<Placemark id="kml_85">
			<name>kml_85</name>
			<snippet></snippet>
			<description><![CDATA[<center><table><tr><th colspan='2' align='center'><em>Attributes</em></th></tr><tr bgcolor="#E3E3F3">
<th>eq_id</th>
<td>4775</td>
</tr><tr bgcolor="">
<th>eq_nome</th>
<td>CEU EMEI JACANA</td>
</tr><tr bgcolor="#E3E3F3">
<th>eq_enderec</th>
<td>FRANCISCA ESPOSITO TONETTI SN</td>
</tr><tr bgcolor="">
<th>eq_bairro</th>
<td>GUAPIRA</td>
</tr><tr bgcolor="#E3E3F3">
<th>eq_cep</th>
<td>02276000</td>
</tr><tr bgcolor="">
<th>eq_tipo</th>
<td>CEU EMEI</td>
</tr><tr bgcolor="#E3E3F3">
<th>eq_classe</th>
<td>CEU</td>
</tr><tr bgcolor="">
<th>eq_telefon</th>
<td>1122435651 / </td>
</tr><tr bgcolor="#E3E3F3">
<th>eq_setor</th>
<td>355030881000113</td>
</tr><tr bgcolor="">
<th>eq_areap</th>
<td>3550308005133</td>
</tr><tr bgcolor="#E3E3F3">
<th>eq_cd_dist</th>
<td>81</td>
</tr><tr bgcolor="">
<th>eq_distr</th>
<td>TREMEMBE</td>
</tr><tr bgcolor="#E3E3F3">
<th>eq_cd_subp</th>
<td>6</td>
</tr><tr bgcolor="">
<th>eq_subpref</th>
<td>JACANA-TREMEMBE</td>
</tr><tr bgcolor="#E3E3F3">
<th>eq_regiao5</th>
<td>Norte</td>
</tr><tr bgcolor="">
<th>eq_regiao8</th>
<td>Norte 1</td>
</tr><tr bgcolor="#E3E3F3">
<th>eq_ender</th>
<td>FRANCISCA ESPOSITO TONETTI</td>
</tr><tr bgcolor="">
<th>eq_num</th>
<td>SN</td>
</tr><tr bgcolor="#E3E3F3">
<th>eq_compend</th>
<td>AVENIDA</td>
</tr><tr bgcolor="">
<th>eq_codcep</th>
<td>02276000</td>
</tr><tr bgcolor="#E3E3F3">
<th>eq_fone1</th>
<td>1122435651</td>
</tr><tr bgcolor="">
<th>eq_fone2</th>
<td></td>
</tr><tr bgcolor="#E3E3F3">
<th>eq_email</th>
<td></td>
</tr><tr bgcolor="">
<th>eq_cd_dirt</th>
<td>10104</td>
</tr><tr bgcolor="#E3E3F3">
<th>eq_diretor</th>
<td>NORTE 2</td>
</tr><tr bgcolor="">
<th>eq_dre</th>
<td>JACANA/TREMEMBE</td>
</tr><tr bgcolor="#E3E3F3">
<th>eq_cd_zona</th>
<td></td>
</tr><tr bgcolor="">
<th>eq_zona</th>
<td></td>
</tr><tr bgcolor="#E3E3F3">
<th>eq_cd_mec</th>
<td>35298273</td>
</tr><tr bgcolor="">
<th>eq_esfera</th>
<td>MUNICIPAL</td>
</tr><tr bgcolor="#E3E3F3">
<th>eq_cd_catg</th>
<td>1</td>
</tr><tr bgcolor="">
<th>eq_categor</th>
<td>ESCOLAS AUTONOMAS</td>
</tr><tr bgcolor="#E3E3F3">
<th>eq_eol</th>
<td>35298273</td>
</tr><tr bgcolor="">
<th>eq_horario</th>
<td>07:00-19:00</td>
</tr></table></center>]]></description>
			<styleUrl>#m_ylw-pushpin</styleUrl>
			<ExtendedData>
				<SchemaData schemaUrl="#kml_schema_ft_LL_WGS84_KMZ_TEMA_EDUCACAO_CEU">
					<SimpleData name="eq_id">4775</SimpleData>
					<SimpleData name="eq_nome">CEU EMEI JACANA</SimpleData>
					<SimpleData name="eq_enderec">FRANCISCA ESPOSITO TONETTI SN</SimpleData>
					<SimpleData name="eq_bairro">GUAPIRA</SimpleData>
					<SimpleData name="eq_cep">02276000</SimpleData>
					<SimpleData name="eq_tipo">CEU EMEI</SimpleData>
					<SimpleData name="eq_classe">CEU</SimpleData>
					<SimpleData name="eq_telefon">1122435651 /</SimpleData>
					<SimpleData name="eq_setor">355030881000113</SimpleData>
					<SimpleData name="eq_areap">3550308005133</SimpleData>
					<SimpleData name="eq_cd_dist">81</SimpleData>
					<SimpleData name="eq_distr">TREMEMBE</SimpleData>
					<SimpleData name="eq_cd_subp">6</SimpleData>
					<SimpleData name="eq_subpref">JACANA-TREMEMBE</SimpleData>
					<SimpleData name="eq_regiao5">Norte</SimpleData>
					<SimpleData name="eq_regiao8">Norte 1</SimpleData>
					<SimpleData name="eq_ender">FRANCISCA ESPOSITO TONETTI</SimpleData>
					<SimpleData name="eq_num">SN</SimpleData>
					<SimpleData name="eq_compend">AVENIDA</SimpleData>
					<SimpleData name="eq_codcep">02276000</SimpleData>
					<SimpleData name="eq_fone1">1122435651</SimpleData>
					<SimpleData name="eq_cd_dirt">10104</SimpleData>
					<SimpleData name="eq_diretor">NORTE 2</SimpleData>
					<SimpleData name="eq_dre">JACANA/TREMEMBE</SimpleData>
					<SimpleData name="eq_cd_mec">35298273</SimpleData>
					<SimpleData name="eq_esfera">MUNICIPAL</SimpleData>
					<SimpleData name="eq_cd_catg">1</SimpleData>
					<SimpleData name="eq_categor">ESCOLAS AUTONOMAS</SimpleData>
					<SimpleData name="eq_eol">35298273</SimpleData>
					<SimpleData name="eq_horario">07:00-19:00</SimpleData>
				</SchemaData>
			</ExtendedData>
			<Point>
				<coordinates>-46.5838857064329,-23.4574721677323,0</coordinates>
			</Point>
		</Placemark>
		<Placemark id="kml_86">
			<name>kml_86</name>
			<snippet></snippet>
			<description><![CDATA[<center><table><tr><th colspan='2' align='center'><em>Attributes</em></th></tr><tr bgcolor="#E3E3F3">
<th>eq_id</th>
<td>4776</td>
</tr><tr bgcolor="">
<th>eq_nome</th>
<td>CEU CEI JACANA</td>
</tr><tr bgcolor="#E3E3F3">
<th>eq_enderec</th>
<td>FRANCISCA ESPOSITO TONETTI SN</td>
</tr><tr bgcolor="">
<th>eq_bairro</th>
<td>GUAPIRA</td>
</tr><tr bgcolor="#E3E3F3">
<th>eq_cep</th>
<td>02276000</td>
</tr><tr bgcolor="">
<th>eq_tipo</th>
<td>CEU CEI</td>
</tr><tr bgcolor="#E3E3F3">
<th>eq_classe</th>
<td>CEU</td>
</tr><tr bgcolor="">
<th>eq_telefon</th>
<td>1122435605 / </td>
</tr><tr bgcolor="#E3E3F3">
<th>eq_setor</th>
<td>355030881000113</td>
</tr><tr bgcolor="">
<th>eq_areap</th>
<td>3550308005133</td>
</tr><tr bgcolor="#E3E3F3">
<th>eq_cd_dist</th>
<td>81</td>
</tr><tr bgcolor="">
<th>eq_distr</th>
<td>TREMEMBE</td>
</tr><tr bgcolor="#E3E3F3">
<th>eq_cd_subp</th>
<td>6</td>
</tr><tr bgcolor="">
<th>eq_subpref</th>
<td>JACANA-TREMEMBE</td>
</tr><tr bgcolor="#E3E3F3">
<th>eq_regiao5</th>
<td>Norte</td>
</tr><tr bgcolor="">
<th>eq_regiao8</th>
<td>Norte 1</td>
</tr><tr bgcolor="#E3E3F3">
<th>eq_ender</th>
<td>FRANCISCA ESPOSITO TONETTI</td>
</tr><tr bgcolor="">
<th>eq_num</th>
<td>SN</td>
</tr><tr bgcolor="#E3E3F3">
<th>eq_compend</th>
<td>AVENIDA</td>
</tr><tr bgcolor="">
<th>eq_codcep</th>
<td>02276000</td>
</tr><tr bgcolor="#E3E3F3">
<th>eq_fone1</th>
<td>1122435605</td>
</tr><tr bgcolor="">
<th>eq_fone2</th>
<td></td>
</tr><tr bgcolor="#E3E3F3">
<th>eq_email</th>
<td></td>
</tr><tr bgcolor="">
<th>eq_cd_dirt</th>
<td>10104</td>
</tr><tr bgcolor="#E3E3F3">
<th>eq_diretor</th>
<td>NORTE 2</td>
</tr><tr bgcolor="">
<th>eq_dre</th>
<td>JACANA/TREMEMBE</td>
</tr><tr bgcolor="#E3E3F3">
<th>eq_cd_zona</th>
<td></td>
</tr><tr bgcolor="">
<th>eq_zona</th>
<td></td>
</tr><tr bgcolor="#E3E3F3">
<th>eq_cd_mec</th>
<td>35298281</td>
</tr><tr bgcolor="">
<th>eq_esfera</th>
<td>MUNICIPAL</td>
</tr><tr bgcolor="#E3E3F3">
<th>eq_cd_catg</th>
<td>1</td>
</tr><tr bgcolor="">
<th>eq_categor</th>
<td>ESCOLAS AUTONOMAS</td>
</tr><tr bgcolor="#E3E3F3">
<th>eq_eol</th>
<td>35298281</td>
</tr><tr bgcolor="">
<th>eq_horario</th>
<td>07:00-19:00</td>
</tr></table></center>]]></description>
			<styleUrl>#m_ylw-pushpin</styleUrl>
			<ExtendedData>
				<SchemaData schemaUrl="#kml_schema_ft_LL_WGS84_KMZ_TEMA_EDUCACAO_CEU">
					<SimpleData name="eq_id">4776</SimpleData>
					<SimpleData name="eq_nome">CEU CEI JACANA</SimpleData>
					<SimpleData name="eq_enderec">FRANCISCA ESPOSITO TONETTI SN</SimpleData>
					<SimpleData name="eq_bairro">GUAPIRA</SimpleData>
					<SimpleData name="eq_cep">02276000</SimpleData>
					<SimpleData name="eq_tipo">CEU CEI</SimpleData>
					<SimpleData name="eq_classe">CEU</SimpleData>
					<SimpleData name="eq_telefon">1122435605 /</SimpleData>
					<SimpleData name="eq_setor">355030881000113</SimpleData>
					<SimpleData name="eq_areap">3550308005133</SimpleData>
					<SimpleData name="eq_cd_dist">81</SimpleData>
					<SimpleData name="eq_distr">TREMEMBE</SimpleData>
					<SimpleData name="eq_cd_subp">6</SimpleData>
					<SimpleData name="eq_subpref">JACANA-TREMEMBE</SimpleData>
					<SimpleData name="eq_regiao5">Norte</SimpleData>
					<SimpleData name="eq_regiao8">Norte 1</SimpleData>
					<SimpleData name="eq_ender">FRANCISCA ESPOSITO TONETTI</SimpleData>
					<SimpleData name="eq_num">SN</SimpleData>
					<SimpleData name="eq_compend">AVENIDA</SimpleData>
					<SimpleData name="eq_codcep">02276000</SimpleData>
					<SimpleData name="eq_fone1">1122435605</SimpleData>
					<SimpleData name="eq_cd_dirt">10104</SimpleData>
					<SimpleData name="eq_diretor">NORTE 2</SimpleData>
					<SimpleData name="eq_dre">JACANA/TREMEMBE</SimpleData>
					<SimpleData name="eq_cd_mec">35298281</SimpleData>
					<SimpleData name="eq_esfera">MUNICIPAL</SimpleData>
					<SimpleData name="eq_cd_catg">1</SimpleData>
					<SimpleData name="eq_categor">ESCOLAS AUTONOMAS</SimpleData>
					<SimpleData name="eq_eol">35298281</SimpleData>
					<SimpleData name="eq_horario">07:00-19:00</SimpleData>
				</SchemaData>
			</ExtendedData>
			<Point>
				<coordinates>-46.58420071750389,-23.4575061744404,0</coordinates>
			</Point>
		</Placemark>
		<Placemark id="kml_87">
			<name>kml_87</name>
			<snippet></snippet>
			<description><![CDATA[<center><table><tr><th colspan='2' align='center'><em>Attributes</em></th></tr><tr bgcolor="#E3E3F3">
<th>eq_id</th>
<td>4777</td>
</tr><tr bgcolor="">
<th>eq_nome</th>
<td>CEU EMEF VILA RUBI</td>
</tr><tr bgcolor="#E3E3F3">
<th>eq_enderec</th>
<td>DOMINGOS TARROSO 101</td>
</tr><tr bgcolor="">
<th>eq_bairro</th>
<td>VILA RUBI</td>
</tr><tr bgcolor="#E3E3F3">
<th>eq_cep</th>
<td>04823000</td>
</tr><tr bgcolor="">
<th>eq_tipo</th>
<td>CEU EMEF</td>
</tr><tr bgcolor="#E3E3F3">
<th>eq_classe</th>
<td>CEU</td>
</tr><tr bgcolor="">
<th>eq_telefon</th>
<td>1156619438 / 1156619440</td>
</tr><tr bgcolor="#E3E3F3">
<th>eq_setor</th>
<td>355030823000082</td>
</tr><tr bgcolor="">
<th>eq_areap</th>
<td>3550308005219</td>
</tr><tr bgcolor="#E3E3F3">
<th>eq_cd_dist</th>
<td>23</td>
</tr><tr bgcolor="">
<th>eq_distr</th>
<td>CIDADE DUTRA</td>
</tr><tr bgcolor="#E3E3F3">
<th>eq_cd_subp</th>
<td>19</td>
</tr><tr bgcolor="">
<th>eq_subpref</th>
<td>CAPELA DO SOCORRO</td>
</tr><tr bgcolor="#E3E3F3">
<th>eq_regiao5</th>
<td>Sul</td>
</tr><tr bgcolor="">
<th>eq_regiao8</th>
<td>Sul 2</td>
</tr><tr bgcolor="#E3E3F3">
<th>eq_ender</th>
<td>DOMINGOS TARROSO</td>
</tr><tr bgcolor="">
<th>eq_num</th>
<td>101</td>
</tr><tr bgcolor="#E3E3F3">
<th>eq_compend</th>
<td>RUA</td>
</tr><tr bgcolor="">
<th>eq_codcep</th>
<td>04823000</td>
</tr><tr bgcolor="#E3E3F3">
<th>eq_fone1</th>
<td>1156619438</td>
</tr><tr bgcolor="">
<th>eq_fone2</th>
<td>1156619440</td>
</tr><tr bgcolor="#E3E3F3">
<th>eq_email</th>
<td>EMEFCEUVILARUBI@SME.PREFEITURA.SP.GOV.BR</td>
</tr><tr bgcolor="">
<th>eq_cd_dirt</th>
<td>10318</td>
</tr><tr bgcolor="#E3E3F3">
<th>eq_diretor</th>
<td>SUL 3</td>
</tr><tr bgcolor="">
<th>eq_dre</th>
<td>CAPELA DO SOCORRO</td>
</tr><tr bgcolor="#E3E3F3">
<th>eq_cd_zona</th>
<td></td>
</tr><tr bgcolor="">
<th>eq_zona</th>
<td></td>
</tr><tr bgcolor="#E3E3F3">
<th>eq_cd_mec</th>
<td>35298293</td>
</tr><tr bgcolor="">
<th>eq_esfera</th>
<td>MUNICIPAL</td>
</tr><tr bgcolor="#E3E3F3">
<th>eq_cd_catg</th>
<td>1</td>
</tr><tr bgcolor="">
<th>eq_categor</th>
<td>ESCOLAS AUTONOMAS</td>
</tr><tr bgcolor="#E3E3F3">
<th>eq_eol</th>
<td>35298293</td>
</tr><tr bgcolor="">
<th>eq_horario</th>
<td>07:00-18:30</td>
</tr></table></center>]]></description>
			<styleUrl>#m_ylw-pushpin</styleUrl>
			<ExtendedData>
				<SchemaData schemaUrl="#kml_schema_ft_LL_WGS84_KMZ_TEMA_EDUCACAO_CEU">
					<SimpleData name="eq_id">4777</SimpleData>
					<SimpleData name="eq_nome">CEU EMEF VILA RUBI</SimpleData>
					<SimpleData name="eq_enderec">DOMINGOS TARROSO 101</SimpleData>
					<SimpleData name="eq_bairro">VILA RUBI</SimpleData>
					<SimpleData name="eq_cep">04823000</SimpleData>
					<SimpleData name="eq_tipo">CEU EMEF</SimpleData>
					<SimpleData name="eq_classe">CEU</SimpleData>
					<SimpleData name="eq_telefon">1156619438 / 1156619440</SimpleData>
					<SimpleData name="eq_setor">355030823000082</SimpleData>
					<SimpleData name="eq_areap">3550308005219</SimpleData>
					<SimpleData name="eq_cd_dist">23</SimpleData>
					<SimpleData name="eq_distr">CIDADE DUTRA</SimpleData>
					<SimpleData name="eq_cd_subp">19</SimpleData>
					<SimpleData name="eq_subpref">CAPELA DO SOCORRO</SimpleData>
					<SimpleData name="eq_regiao5">Sul</SimpleData>
					<SimpleData name="eq_regiao8">Sul 2</SimpleData>
					<SimpleData name="eq_ender">DOMINGOS TARROSO</SimpleData>
					<SimpleData name="eq_num">101</SimpleData>
					<SimpleData name="eq_compend">RUA</SimpleData>
					<SimpleData name="eq_codcep">04823000</SimpleData>
					<SimpleData name="eq_fone1">1156619438</SimpleData>
					<SimpleData name="eq_fone2">1156619440</SimpleData>
					<SimpleData name="eq_email">EMEFCEUVILARUBI@SME.PREFEITURA.SP.GOV.BR</SimpleData>
					<SimpleData name="eq_cd_dirt">10318</SimpleData>
					<SimpleData name="eq_diretor">SUL 3</SimpleData>
					<SimpleData name="eq_dre">CAPELA DO SOCORRO</SimpleData>
					<SimpleData name="eq_cd_mec">35298293</SimpleData>
					<SimpleData name="eq_esfera">MUNICIPAL</SimpleData>
					<SimpleData name="eq_cd_catg">1</SimpleData>
					<SimpleData name="eq_categor">ESCOLAS AUTONOMAS</SimpleData>
					<SimpleData name="eq_eol">35298293</SimpleData>
					<SimpleData name="eq_horario">07:00-18:30</SimpleData>
				</SchemaData>
			</ExtendedData>
			<Point>
				<coordinates>-46.6972055797839,-23.7279250642208,0</coordinates>
			</Point>
		</Placemark>
		<Placemark id="kml_88">
			<name>kml_88</name>
			<snippet></snippet>
			<description><![CDATA[<center><table><tr><th colspan='2' align='center'><em>Attributes</em></th></tr><tr bgcolor="#E3E3F3">
<th>eq_id</th>
<td>4778</td>
</tr><tr bgcolor="">
<th>eq_nome</th>
<td>CEU EMEI MARIA APARECIDA COELHO ALVES TEIXEIRA PROFA</td>
</tr><tr bgcolor="#E3E3F3">
<th>eq_enderec</th>
<td>DOMINGOS TARROSO 101</td>
</tr><tr bgcolor="">
<th>eq_bairro</th>
<td>VILA RUBI</td>
</tr><tr bgcolor="#E3E3F3">
<th>eq_cep</th>
<td>04823000</td>
</tr><tr bgcolor="">
<th>eq_tipo</th>
<td>CEU EMEI</td>
</tr><tr bgcolor="#E3E3F3">
<th>eq_classe</th>
<td>CEU</td>
</tr><tr bgcolor="">
<th>eq_telefon</th>
<td>1156612915 / 1156614129</td>
</tr><tr bgcolor="#E3E3F3">
<th>eq_setor</th>
<td>355030823000082</td>
</tr><tr bgcolor="">
<th>eq_areap</th>
<td>3550308005219</td>
</tr><tr bgcolor="#E3E3F3">
<th>eq_cd_dist</th>
<td>23</td>
</tr><tr bgcolor="">
<th>eq_distr</th>
<td>CIDADE DUTRA</td>
</tr><tr bgcolor="#E3E3F3">
<th>eq_cd_subp</th>
<td>19</td>
</tr><tr bgcolor="">
<th>eq_subpref</th>
<td>CAPELA DO SOCORRO</td>
</tr><tr bgcolor="#E3E3F3">
<th>eq_regiao5</th>
<td>Sul</td>
</tr><tr bgcolor="">
<th>eq_regiao8</th>
<td>Sul 2</td>
</tr><tr bgcolor="#E3E3F3">
<th>eq_ender</th>
<td>DOMINGOS TARROSO</td>
</tr><tr bgcolor="">
<th>eq_num</th>
<td>101</td>
</tr><tr bgcolor="#E3E3F3">
<th>eq_compend</th>
<td>RUA</td>
</tr><tr bgcolor="">
<th>eq_codcep</th>
<td>04823000</td>
</tr><tr bgcolor="#E3E3F3">
<th>eq_fone1</th>
<td>1156612915</td>
</tr><tr bgcolor="">
<th>eq_fone2</th>
<td>1156614129</td>
</tr><tr bgcolor="#E3E3F3">
<th>eq_email</th>
<td>EMEICEUMARIACOELHO@SME.PREFEITURA.SP.GOV.BR</td>
</tr><tr bgcolor="">
<th>eq_cd_dirt</th>
<td>10318</td>
</tr><tr bgcolor="#E3E3F3">
<th>eq_diretor</th>
<td>SUL 3</td>
</tr><tr bgcolor="">
<th>eq_dre</th>
<td>CAPELA DO SOCORRO</td>
</tr><tr bgcolor="#E3E3F3">
<th>eq_cd_zona</th>
<td></td>
</tr><tr bgcolor="">
<th>eq_zona</th>
<td></td>
</tr><tr bgcolor="#E3E3F3">
<th>eq_cd_mec</th>
<td>35298300</td>
</tr><tr bgcolor="">
<th>eq_esfera</th>
<td>MUNICIPAL</td>
</tr><tr bgcolor="#E3E3F3">
<th>eq_cd_catg</th>
<td>1</td>
</tr><tr bgcolor="">
<th>eq_categor</th>
<td>ESCOLAS AUTONOMAS</td>
</tr><tr bgcolor="#E3E3F3">
<th>eq_eol</th>
<td>35298300</td>
</tr><tr bgcolor="">
<th>eq_horario</th>
<td>07:00-19:00</td>
</tr></table></center>]]></description>
			<styleUrl>#m_ylw-pushpin</styleUrl>
			<ExtendedData>
				<SchemaData schemaUrl="#kml_schema_ft_LL_WGS84_KMZ_TEMA_EDUCACAO_CEU">
					<SimpleData name="eq_id">4778</SimpleData>
					<SimpleData name="eq_nome">CEU EMEI MARIA APARECIDA COELHO ALVES TEIXEIRA PROFA</SimpleData>
					<SimpleData name="eq_enderec">DOMINGOS TARROSO 101</SimpleData>
					<SimpleData name="eq_bairro">VILA RUBI</SimpleData>
					<SimpleData name="eq_cep">04823000</SimpleData>
					<SimpleData name="eq_tipo">CEU EMEI</SimpleData>
					<SimpleData name="eq_classe">CEU</SimpleData>
					<SimpleData name="eq_telefon">1156612915 / 1156614129</SimpleData>
					<SimpleData name="eq_setor">355030823000082</SimpleData>
					<SimpleData name="eq_areap">3550308005219</SimpleData>
					<SimpleData name="eq_cd_dist">23</SimpleData>
					<SimpleData name="eq_distr">CIDADE DUTRA</SimpleData>
					<SimpleData name="eq_cd_subp">19</SimpleData>
					<SimpleData name="eq_subpref">CAPELA DO SOCORRO</SimpleData>
					<SimpleData name="eq_regiao5">Sul</SimpleData>
					<SimpleData name="eq_regiao8">Sul 2</SimpleData>
					<SimpleData name="eq_ender">DOMINGOS TARROSO</SimpleData>
					<SimpleData name="eq_num">101</SimpleData>
					<SimpleData name="eq_compend">RUA</SimpleData>
					<SimpleData name="eq_codcep">04823000</SimpleData>
					<SimpleData name="eq_fone1">1156612915</SimpleData>
					<SimpleData name="eq_fone2">1156614129</SimpleData>
					<SimpleData name="eq_email">EMEICEUMARIACOELHO@SME.PREFEITURA.SP.GOV.BR</SimpleData>
					<SimpleData name="eq_cd_dirt">10318</SimpleData>
					<SimpleData name="eq_diretor">SUL 3</SimpleData>
					<SimpleData name="eq_dre">CAPELA DO SOCORRO</SimpleData>
					<SimpleData name="eq_cd_mec">35298300</SimpleData>
					<SimpleData name="eq_esfera">MUNICIPAL</SimpleData>
					<SimpleData name="eq_cd_catg">1</SimpleData>
					<SimpleData name="eq_categor">ESCOLAS AUTONOMAS</SimpleData>
					<SimpleData name="eq_eol">35298300</SimpleData>
					<SimpleData name="eq_horario">07:00-19:00</SimpleData>
				</SchemaData>
			</ExtendedData>
			<Point>
				<coordinates>-46.69725959093301,-23.7276120364661,0</coordinates>
			</Point>
		</Placemark>
		<Placemark id="kml_89">
			<name>kml_89</name>
			<snippet></snippet>
			<description><![CDATA[<center><table><tr><th colspan='2' align='center'><em>Attributes</em></th></tr><tr bgcolor="#E3E3F3">
<th>eq_id</th>
<td>4779</td>
</tr><tr bgcolor="">
<th>eq_nome</th>
<td>CEU CEI VILA RUBI</td>
</tr><tr bgcolor="#E3E3F3">
<th>eq_enderec</th>
<td>DOMINGOS TARROSO 101</td>
</tr><tr bgcolor="">
<th>eq_bairro</th>
<td>VILA RUBI</td>
</tr><tr bgcolor="#E3E3F3">
<th>eq_cep</th>
<td>04823000</td>
</tr><tr bgcolor="">
<th>eq_tipo</th>
<td>CEU CEI</td>
</tr><tr bgcolor="#E3E3F3">
<th>eq_classe</th>
<td>CEU</td>
</tr><tr bgcolor="">
<th>eq_telefon</th>
<td>1156613562 / </td>
</tr><tr bgcolor="#E3E3F3">
<th>eq_setor</th>
<td>355030823000082</td>
</tr><tr bgcolor="">
<th>eq_areap</th>
<td>3550308005219</td>
</tr><tr bgcolor="#E3E3F3">
<th>eq_cd_dist</th>
<td>23</td>
</tr><tr bgcolor="">
<th>eq_distr</th>
<td>CIDADE DUTRA</td>
</tr><tr bgcolor="#E3E3F3">
<th>eq_cd_subp</th>
<td>19</td>
</tr><tr bgcolor="">
<th>eq_subpref</th>
<td>CAPELA DO SOCORRO</td>
</tr><tr bgcolor="#E3E3F3">
<th>eq_regiao5</th>
<td>Sul</td>
</tr><tr bgcolor="">
<th>eq_regiao8</th>
<td>Sul 2</td>
</tr><tr bgcolor="#E3E3F3">
<th>eq_ender</th>
<td>DOMINGOS TARROSO</td>
</tr><tr bgcolor="">
<th>eq_num</th>
<td>101</td>
</tr><tr bgcolor="#E3E3F3">
<th>eq_compend</th>
<td>RUA</td>
</tr><tr bgcolor="">
<th>eq_codcep</th>
<td>04823000</td>
</tr><tr bgcolor="#E3E3F3">
<th>eq_fone1</th>
<td>1156613562</td>
</tr><tr bgcolor="">
<th>eq_fone2</th>
<td></td>
</tr><tr bgcolor="#E3E3F3">
<th>eq_email</th>
<td>CEIVILARUBI@SME.PREFEITURA.SP.GOV.BR</td>
</tr><tr bgcolor="">
<th>eq_cd_dirt</th>
<td>10318</td>
</tr><tr bgcolor="#E3E3F3">
<th>eq_diretor</th>
<td>SUL 3</td>
</tr><tr bgcolor="">
<th>eq_dre</th>
<td>CAPELA DO SOCORRO</td>
</tr><tr bgcolor="#E3E3F3">
<th>eq_cd_zona</th>
<td></td>
</tr><tr bgcolor="">
<th>eq_zona</th>
<td></td>
</tr><tr bgcolor="#E3E3F3">
<th>eq_cd_mec</th>
<td>35298311</td>
</tr><tr bgcolor="">
<th>eq_esfera</th>
<td>MUNICIPAL</td>
</tr><tr bgcolor="#E3E3F3">
<th>eq_cd_catg</th>
<td>1</td>
</tr><tr bgcolor="">
<th>eq_categor</th>
<td>ESCOLAS AUTONOMAS</td>
</tr><tr bgcolor="#E3E3F3">
<th>eq_eol</th>
<td>35298311</td>
</tr><tr bgcolor="">
<th>eq_horario</th>
<td>07:00-19:00</td>
</tr></table></center>]]></description>
			<styleUrl>#m_ylw-pushpin</styleUrl>
			<ExtendedData>
				<SchemaData schemaUrl="#kml_schema_ft_LL_WGS84_KMZ_TEMA_EDUCACAO_CEU">
					<SimpleData name="eq_id">4779</SimpleData>
					<SimpleData name="eq_nome">CEU CEI VILA RUBI</SimpleData>
					<SimpleData name="eq_enderec">DOMINGOS TARROSO 101</SimpleData>
					<SimpleData name="eq_bairro">VILA RUBI</SimpleData>
					<SimpleData name="eq_cep">04823000</SimpleData>
					<SimpleData name="eq_tipo">CEU CEI</SimpleData>
					<SimpleData name="eq_classe">CEU</SimpleData>
					<SimpleData name="eq_telefon">1156613562 /</SimpleData>
					<SimpleData name="eq_setor">355030823000082</SimpleData>
					<SimpleData name="eq_areap">3550308005219</SimpleData>
					<SimpleData name="eq_cd_dist">23</SimpleData>
					<SimpleData name="eq_distr">CIDADE DUTRA</SimpleData>
					<SimpleData name="eq_cd_subp">19</SimpleData>
					<SimpleData name="eq_subpref">CAPELA DO SOCORRO</SimpleData>
					<SimpleData name="eq_regiao5">Sul</SimpleData>
					<SimpleData name="eq_regiao8">Sul 2</SimpleData>
					<SimpleData name="eq_ender">DOMINGOS TARROSO</SimpleData>
					<SimpleData name="eq_num">101</SimpleData>
					<SimpleData name="eq_compend">RUA</SimpleData>
					<SimpleData name="eq_codcep">04823000</SimpleData>
					<SimpleData name="eq_fone1">1156613562</SimpleData>
					<SimpleData name="eq_email">CEIVILARUBI@SME.PREFEITURA.SP.GOV.BR</SimpleData>
					<SimpleData name="eq_cd_dirt">10318</SimpleData>
					<SimpleData name="eq_diretor">SUL 3</SimpleData>
					<SimpleData name="eq_dre">CAPELA DO SOCORRO</SimpleData>
					<SimpleData name="eq_cd_mec">35298311</SimpleData>
					<SimpleData name="eq_esfera">MUNICIPAL</SimpleData>
					<SimpleData name="eq_cd_catg">1</SimpleData>
					<SimpleData name="eq_categor">ESCOLAS AUTONOMAS</SimpleData>
					<SimpleData name="eq_eol">35298311</SimpleData>
					<SimpleData name="eq_horario">07:00-19:00</SimpleData>
				</SchemaData>
			</ExtendedData>
			<Point>
				<coordinates>-46.6976475686023,-23.7277150523954,0</coordinates>
			</Point>
		</Placemark>
		<Placemark id="kml_90">
			<name>kml_90</name>
			<snippet></snippet>
			<description><![CDATA[<center><table><tr><th colspan='2' align='center'><em>Attributes</em></th></tr><tr bgcolor="#E3E3F3">
<th>eq_id</th>
<td>4991</td>
</tr><tr bgcolor="">
<th>eq_nome</th>
<td>CEU CEI VILA DO SOL</td>
</tr><tr bgcolor="#E3E3F3">
<th>eq_enderec</th>
<td>FUNCIONARIOS PUBLICOS 369</td>
</tr><tr bgcolor="">
<th>eq_bairro</th>
<td>VILA DO SOL</td>
</tr><tr bgcolor="#E3E3F3">
<th>eq_cep</th>
<td>04962000</td>
</tr><tr bgcolor="">
<th>eq_tipo</th>
<td>CEU CEI</td>
</tr><tr bgcolor="#E3E3F3">
<th>eq_classe</th>
<td>CEU</td>
</tr><tr bgcolor="">
<th>eq_telefon</th>
<td>1133979827 / 1133979828</td>
</tr><tr bgcolor="#E3E3F3">
<th>eq_setor</th>
<td>355030843000272</td>
</tr><tr bgcolor="">
<th>eq_areap</th>
<td>3550308005290</td>
</tr><tr bgcolor="#E3E3F3">
<th>eq_cd_dist</th>
<td>43</td>
</tr><tr bgcolor="">
<th>eq_distr</th>
<td>JARDIM ANGELA</td>
</tr><tr bgcolor="#E3E3F3">
<th>eq_cd_subp</th>
<td>18</td>
</tr><tr bgcolor="">
<th>eq_subpref</th>
<td>M'BOI MIRIM</td>
</tr><tr bgcolor="#E3E3F3">
<th>eq_regiao5</th>
<td>Sul</td>
</tr><tr bgcolor="">
<th>eq_regiao8</th>
<td>Sul 2</td>
</tr><tr bgcolor="#E3E3F3">
<th>eq_ender</th>
<td>FUNCIONARIOS PUBLICOS</td>
</tr><tr bgcolor="">
<th>eq_num</th>
<td>369</td>
</tr><tr bgcolor="#E3E3F3">
<th>eq_compend</th>
<td>AVENIDA</td>
</tr><tr bgcolor="">
<th>eq_codcep</th>
<td>04962000</td>
</tr><tr bgcolor="#E3E3F3">
<th>eq_fone1</th>
<td>1133979827</td>
</tr><tr bgcolor="">
<th>eq_fone2</th>
<td>1133979828</td>
</tr><tr bgcolor="#E3E3F3">
<th>eq_email</th>
<td></td>
</tr><tr bgcolor="">
<th>eq_cd_dirt</th>
<td>10314</td>
</tr><tr bgcolor="#E3E3F3">
<th>eq_diretor</th>
<td>SUL 2</td>
</tr><tr bgcolor="">
<th>eq_dre</th>
<td>CAMPO LIMPO</td>
</tr><tr bgcolor="#E3E3F3">
<th>eq_cd_zona</th>
<td></td>
</tr><tr bgcolor="">
<th>eq_zona</th>
<td></td>
</tr><tr bgcolor="#E3E3F3">
<th>eq_cd_mec</th>
<td>35356566</td>
</tr><tr bgcolor="">
<th>eq_esfera</th>
<td>MUNICIPAL</td>
</tr><tr bgcolor="#E3E3F3">
<th>eq_cd_catg</th>
<td>1</td>
</tr><tr bgcolor="">
<th>eq_categor</th>
<td>ESCOLAS AUTONOMAS</td>
</tr><tr bgcolor="#E3E3F3">
<th>eq_eol</th>
<td>35356566</td>
</tr><tr bgcolor="">
<th>eq_horario</th>
<td>08:00-18:00</td>
</tr></table></center>]]></description>
			<styleUrl>#m_ylw-pushpin</styleUrl>
			<ExtendedData>
				<SchemaData schemaUrl="#kml_schema_ft_LL_WGS84_KMZ_TEMA_EDUCACAO_CEU">
					<SimpleData name="eq_id">4991</SimpleData>
					<SimpleData name="eq_nome">CEU CEI VILA DO SOL</SimpleData>
					<SimpleData name="eq_enderec">FUNCIONARIOS PUBLICOS 369</SimpleData>
					<SimpleData name="eq_bairro">VILA DO SOL</SimpleData>
					<SimpleData name="eq_cep">04962000</SimpleData>
					<SimpleData name="eq_tipo">CEU CEI</SimpleData>
					<SimpleData name="eq_classe">CEU</SimpleData>
					<SimpleData name="eq_telefon">1133979827 / 1133979828</SimpleData>
					<SimpleData name="eq_setor">355030843000272</SimpleData>
					<SimpleData name="eq_areap">3550308005290</SimpleData>
					<SimpleData name="eq_cd_dist">43</SimpleData>
					<SimpleData name="eq_distr">JARDIM ANGELA</SimpleData>
					<SimpleData name="eq_cd_subp">18</SimpleData>
					<SimpleData name="eq_subpref">M&apos;BOI MIRIM</SimpleData>
					<SimpleData name="eq_regiao5">Sul</SimpleData>
					<SimpleData name="eq_regiao8">Sul 2</SimpleData>
					<SimpleData name="eq_ender">FUNCIONARIOS PUBLICOS</SimpleData>
					<SimpleData name="eq_num">369</SimpleData>
					<SimpleData name="eq_compend">AVENIDA</SimpleData>
					<SimpleData name="eq_codcep">04962000</SimpleData>
					<SimpleData name="eq_fone1">1133979827</SimpleData>
					<SimpleData name="eq_fone2">1133979828</SimpleData>
					<SimpleData name="eq_cd_dirt">10314</SimpleData>
					<SimpleData name="eq_diretor">SUL 2</SimpleData>
					<SimpleData name="eq_dre">CAMPO LIMPO</SimpleData>
					<SimpleData name="eq_cd_mec">35356566</SimpleData>
					<SimpleData name="eq_esfera">MUNICIPAL</SimpleData>
					<SimpleData name="eq_cd_catg">1</SimpleData>
					<SimpleData name="eq_categor">ESCOLAS AUTONOMAS</SimpleData>
					<SimpleData name="eq_eol">35356566</SimpleData>
					<SimpleData name="eq_horario">08:00-18:00</SimpleData>
				</SchemaData>
			</ExtendedData>
			<Point>
				<coordinates>-46.7812313550725,-23.7352918448499,0</coordinates>
			</Point>
		</Placemark>
		<Placemark id="kml_91">
			<name>kml_91</name>
			<snippet></snippet>
			<description><![CDATA[<center><table><tr><th colspan='2' align='center'><em>Attributes</em></th></tr><tr bgcolor="#E3E3F3">
<th>eq_id</th>
<td>4992</td>
</tr><tr bgcolor="">
<th>eq_nome</th>
<td>CEU EMEI VILA DO SOL</td>
</tr><tr bgcolor="#E3E3F3">
<th>eq_enderec</th>
<td>FUNCIONARIOS PUBLICOS 369</td>
</tr><tr bgcolor="">
<th>eq_bairro</th>
<td>VILA DO SOL</td>
</tr><tr bgcolor="#E3E3F3">
<th>eq_cep</th>
<td>04962000</td>
</tr><tr bgcolor="">
<th>eq_tipo</th>
<td>CEU EMEI</td>
</tr><tr bgcolor="#E3E3F3">
<th>eq_classe</th>
<td>CEU</td>
</tr><tr bgcolor="">
<th>eq_telefon</th>
<td>1158962060 / </td>
</tr><tr bgcolor="#E3E3F3">
<th>eq_setor</th>
<td>355030843000272</td>
</tr><tr bgcolor="">
<th>eq_areap</th>
<td>3550308005290</td>
</tr><tr bgcolor="#E3E3F3">
<th>eq_cd_dist</th>
<td>43</td>
</tr><tr bgcolor="">
<th>eq_distr</th>
<td>JARDIM ANGELA</td>
</tr><tr bgcolor="#E3E3F3">
<th>eq_cd_subp</th>
<td>18</td>
</tr><tr bgcolor="">
<th>eq_subpref</th>
<td>M'BOI MIRIM</td>
</tr><tr bgcolor="#E3E3F3">
<th>eq_regiao5</th>
<td>Sul</td>
</tr><tr bgcolor="">
<th>eq_regiao8</th>
<td>Sul 2</td>
</tr><tr bgcolor="#E3E3F3">
<th>eq_ender</th>
<td>FUNCIONARIOS PUBLICOS</td>
</tr><tr bgcolor="">
<th>eq_num</th>
<td>369</td>
</tr><tr bgcolor="#E3E3F3">
<th>eq_compend</th>
<td>AVENIDA</td>
</tr><tr bgcolor="">
<th>eq_codcep</th>
<td>04962000</td>
</tr><tr bgcolor="#E3E3F3">
<th>eq_fone1</th>
<td>1158962060</td>
</tr><tr bgcolor="">
<th>eq_fone2</th>
<td></td>
</tr><tr bgcolor="#E3E3F3">
<th>eq_email</th>
<td></td>
</tr><tr bgcolor="">
<th>eq_cd_dirt</th>
<td>10314</td>
</tr><tr bgcolor="#E3E3F3">
<th>eq_diretor</th>
<td>SUL 2</td>
</tr><tr bgcolor="">
<th>eq_dre</th>
<td>CAMPO LIMPO</td>
</tr><tr bgcolor="#E3E3F3">
<th>eq_cd_zona</th>
<td></td>
</tr><tr bgcolor="">
<th>eq_zona</th>
<td></td>
</tr><tr bgcolor="#E3E3F3">
<th>eq_cd_mec</th>
<td>35356591</td>
</tr><tr bgcolor="">
<th>eq_esfera</th>
<td>MUNICIPAL</td>
</tr><tr bgcolor="#E3E3F3">
<th>eq_cd_catg</th>
<td>1</td>
</tr><tr bgcolor="">
<th>eq_categor</th>
<td>ESCOLAS AUTONOMAS</td>
</tr><tr bgcolor="#E3E3F3">
<th>eq_eol</th>
<td>35356591</td>
</tr><tr bgcolor="">
<th>eq_horario</th>
<td>07:00-19:00</td>
</tr></table></center>]]></description>
			<styleUrl>#m_ylw-pushpin</styleUrl>
			<ExtendedData>
				<SchemaData schemaUrl="#kml_schema_ft_LL_WGS84_KMZ_TEMA_EDUCACAO_CEU">
					<SimpleData name="eq_id">4992</SimpleData>
					<SimpleData name="eq_nome">CEU EMEI VILA DO SOL</SimpleData>
					<SimpleData name="eq_enderec">FUNCIONARIOS PUBLICOS 369</SimpleData>
					<SimpleData name="eq_bairro">VILA DO SOL</SimpleData>
					<SimpleData name="eq_cep">04962000</SimpleData>
					<SimpleData name="eq_tipo">CEU EMEI</SimpleData>
					<SimpleData name="eq_classe">CEU</SimpleData>
					<SimpleData name="eq_telefon">1158962060 /</SimpleData>
					<SimpleData name="eq_setor">355030843000272</SimpleData>
					<SimpleData name="eq_areap">3550308005290</SimpleData>
					<SimpleData name="eq_cd_dist">43</SimpleData>
					<SimpleData name="eq_distr">JARDIM ANGELA</SimpleData>
					<SimpleData name="eq_cd_subp">18</SimpleData>
					<SimpleData name="eq_subpref">M&apos;BOI MIRIM</SimpleData>
					<SimpleData name="eq_regiao5">Sul</SimpleData>
					<SimpleData name="eq_regiao8">Sul 2</SimpleData>
					<SimpleData name="eq_ender">FUNCIONARIOS PUBLICOS</SimpleData>
					<SimpleData name="eq_num">369</SimpleData>
					<SimpleData name="eq_compend">AVENIDA</SimpleData>
					<SimpleData name="eq_codcep">04962000</SimpleData>
					<SimpleData name="eq_fone1">1158962060</SimpleData>
					<SimpleData name="eq_cd_dirt">10314</SimpleData>
					<SimpleData name="eq_diretor">SUL 2</SimpleData>
					<SimpleData name="eq_dre">CAMPO LIMPO</SimpleData>
					<SimpleData name="eq_cd_mec">35356591</SimpleData>
					<SimpleData name="eq_esfera">MUNICIPAL</SimpleData>
					<SimpleData name="eq_cd_catg">1</SimpleData>
					<SimpleData name="eq_categor">ESCOLAS AUTONOMAS</SimpleData>
					<SimpleData name="eq_eol">35356591</SimpleData>
					<SimpleData name="eq_horario">07:00-19:00</SimpleData>
				</SchemaData>
			</ExtendedData>
			<Point>
				<coordinates>-46.7812313550725,-23.7352918448499,0</coordinates>
			</Point>
		</Placemark>
		<Placemark id="kml_92">
			<name>kml_92</name>
			<snippet></snippet>
			<description><![CDATA[<center><table><tr><th colspan='2' align='center'><em>Attributes</em></th></tr><tr bgcolor="#E3E3F3">
<th>eq_id</th>
<td>4993</td>
</tr><tr bgcolor="">
<th>eq_nome</th>
<td>CEU EMEF VILA DO SOL</td>
</tr><tr bgcolor="#E3E3F3">
<th>eq_enderec</th>
<td>FUNCIONARIOS PUBLICOS 369</td>
</tr><tr bgcolor="">
<th>eq_bairro</th>
<td>VILA DO SOL</td>
</tr><tr bgcolor="#E3E3F3">
<th>eq_cep</th>
<td>04962000</td>
</tr><tr bgcolor="">
<th>eq_tipo</th>
<td>CEU EMEF</td>
</tr><tr bgcolor="#E3E3F3">
<th>eq_classe</th>
<td>CEU</td>
</tr><tr bgcolor="">
<th>eq_telefon</th>
<td>1133979817 / 1133979819</td>
</tr><tr bgcolor="#E3E3F3">
<th>eq_setor</th>
<td>355030843000272</td>
</tr><tr bgcolor="">
<th>eq_areap</th>
<td>3550308005290</td>
</tr><tr bgcolor="#E3E3F3">
<th>eq_cd_dist</th>
<td>43</td>
</tr><tr bgcolor="">
<th>eq_distr</th>
<td>JARDIM ANGELA</td>
</tr><tr bgcolor="#E3E3F3">
<th>eq_cd_subp</th>
<td>18</td>
</tr><tr bgcolor="">
<th>eq_subpref</th>
<td>M'BOI MIRIM</td>
</tr><tr bgcolor="#E3E3F3">
<th>eq_regiao5</th>
<td>Sul</td>
</tr><tr bgcolor="">
<th>eq_regiao8</th>
<td>Sul 2</td>
</tr><tr bgcolor="#E3E3F3">
<th>eq_ender</th>
<td>FUNCIONARIOS PUBLICOS</td>
</tr><tr bgcolor="">
<th>eq_num</th>
<td>369</td>
</tr><tr bgcolor="#E3E3F3">
<th>eq_compend</th>
<td>AVENIDA</td>
</tr><tr bgcolor="">
<th>eq_codcep</th>
<td>04962000</td>
</tr><tr bgcolor="#E3E3F3">
<th>eq_fone1</th>
<td>1133979817</td>
</tr><tr bgcolor="">
<th>eq_fone2</th>
<td>1133979819</td>
</tr><tr bgcolor="#E3E3F3">
<th>eq_email</th>
<td>EMEFCEUVILADOSOL@SME.PREFEITURA.SP.GOV.BR</td>
</tr><tr bgcolor="">
<th>eq_cd_dirt</th>
<td>10314</td>
</tr><tr bgcolor="#E3E3F3">
<th>eq_diretor</th>
<td>SUL 2</td>
</tr><tr bgcolor="">
<th>eq_dre</th>
<td>CAMPO LIMPO</td>
</tr><tr bgcolor="#E3E3F3">
<th>eq_cd_zona</th>
<td></td>
</tr><tr bgcolor="">
<th>eq_zona</th>
<td></td>
</tr><tr bgcolor="#E3E3F3">
<th>eq_cd_mec</th>
<td>35356612</td>
</tr><tr bgcolor="">
<th>eq_esfera</th>
<td>MUNICIPAL</td>
</tr><tr bgcolor="#E3E3F3">
<th>eq_cd_catg</th>
<td>1</td>
</tr><tr bgcolor="">
<th>eq_categor</th>
<td>ESCOLAS AUTONOMAS</td>
</tr><tr bgcolor="#E3E3F3">
<th>eq_eol</th>
<td>35356612</td>
</tr><tr bgcolor="">
<th>eq_horario</th>
<td>07:00-23:00</td>
</tr></table></center>]]></description>
			<styleUrl>#m_ylw-pushpin</styleUrl>
			<ExtendedData>
				<SchemaData schemaUrl="#kml_schema_ft_LL_WGS84_KMZ_TEMA_EDUCACAO_CEU">
					<SimpleData name="eq_id">4993</SimpleData>
					<SimpleData name="eq_nome">CEU EMEF VILA DO SOL</SimpleData>
					<SimpleData name="eq_enderec">FUNCIONARIOS PUBLICOS 369</SimpleData>
					<SimpleData name="eq_bairro">VILA DO SOL</SimpleData>
					<SimpleData name="eq_cep">04962000</SimpleData>
					<SimpleData name="eq_tipo">CEU EMEF</SimpleData>
					<SimpleData name="eq_classe">CEU</SimpleData>
					<SimpleData name="eq_telefon">1133979817 / 1133979819</SimpleData>
					<SimpleData name="eq_setor">355030843000272</SimpleData>
					<SimpleData name="eq_areap">3550308005290</SimpleData>
					<SimpleData name="eq_cd_dist">43</SimpleData>
					<SimpleData name="eq_distr">JARDIM ANGELA</SimpleData>
					<SimpleData name="eq_cd_subp">18</SimpleData>
					<SimpleData name="eq_subpref">M&apos;BOI MIRIM</SimpleData>
					<SimpleData name="eq_regiao5">Sul</SimpleData>
					<SimpleData name="eq_regiao8">Sul 2</SimpleData>
					<SimpleData name="eq_ender">FUNCIONARIOS PUBLICOS</SimpleData>
					<SimpleData name="eq_num">369</SimpleData>
					<SimpleData name="eq_compend">AVENIDA</SimpleData>
					<SimpleData name="eq_codcep">04962000</SimpleData>
					<SimpleData name="eq_fone1">1133979817</SimpleData>
					<SimpleData name="eq_fone2">1133979819</SimpleData>
					<SimpleData name="eq_email">EMEFCEUVILADOSOL@SME.PREFEITURA.SP.GOV.BR</SimpleData>
					<SimpleData name="eq_cd_dirt">10314</SimpleData>
					<SimpleData name="eq_diretor">SUL 2</SimpleData>
					<SimpleData name="eq_dre">CAMPO LIMPO</SimpleData>
					<SimpleData name="eq_cd_mec">35356612</SimpleData>
					<SimpleData name="eq_esfera">MUNICIPAL</SimpleData>
					<SimpleData name="eq_cd_catg">1</SimpleData>
					<SimpleData name="eq_categor">ESCOLAS AUTONOMAS</SimpleData>
					<SimpleData name="eq_eol">35356612</SimpleData>
					<SimpleData name="eq_horario">07:00-23:00</SimpleData>
				</SchemaData>
			</ExtendedData>
			<Point>
				<coordinates>-46.7812313550725,-23.7352918448499,0</coordinates>
			</Point>
		</Placemark>
		<Placemark id="kml_93">
			<name>kml_93</name>
			<snippet></snippet>
			<description><![CDATA[<center><table><tr><th colspan='2' align='center'><em>Attributes</em></th></tr><tr bgcolor="#E3E3F3">
<th>eq_id</th>
<td>4994</td>
</tr><tr bgcolor="">
<th>eq_nome</th>
<td>CEU CEI CANTOS DO AMANHECER</td>
</tr><tr bgcolor="#E3E3F3">
<th>eq_enderec</th>
<td>CANTOS DO AMANHECER SN</td>
</tr><tr bgcolor="">
<th>eq_bairro</th>
<td>JARDIM ELEDY</td>
</tr><tr bgcolor="#E3E3F3">
<th>eq_cep</th>
<td>05856000</td>
</tr><tr bgcolor="">
<th>eq_tipo</th>
<td>CEU CEI</td>
</tr><tr bgcolor="#E3E3F3">
<th>eq_classe</th>
<td>CEU</td>
</tr><tr bgcolor="">
<th>eq_telefon</th>
<td>00 / </td>
</tr><tr bgcolor="#E3E3F3">
<th>eq_setor</th>
<td>355030817000183</td>
</tr><tr bgcolor="">
<th>eq_areap</th>
<td>3550308005236</td>
</tr><tr bgcolor="#E3E3F3">
<th>eq_cd_dist</th>
<td>17</td>
</tr><tr bgcolor="">
<th>eq_distr</th>
<td>CAMPO LIMPO</td>
</tr><tr bgcolor="#E3E3F3">
<th>eq_cd_subp</th>
<td>17</td>
</tr><tr bgcolor="">
<th>eq_subpref</th>
<td>CAMPO LIMPO</td>
</tr><tr bgcolor="#E3E3F3">
<th>eq_regiao5</th>
<td>Sul</td>
</tr><tr bgcolor="">
<th>eq_regiao8</th>
<td>Sul 2</td>
</tr><tr bgcolor="#E3E3F3">
<th>eq_ender</th>
<td>CANTOS DO AMANHECER</td>
</tr><tr bgcolor="">
<th>eq_num</th>
<td>SN</td>
</tr><tr bgcolor="#E3E3F3">
<th>eq_compend</th>
<td>AVENIDA</td>
</tr><tr bgcolor="">
<th>eq_codcep</th>
<td>05856000</td>
</tr><tr bgcolor="#E3E3F3">
<th>eq_fone1</th>
<td>00</td>
</tr><tr bgcolor="">
<th>eq_fone2</th>
<td></td>
</tr><tr bgcolor="#E3E3F3">
<th>eq_email</th>
<td></td>
</tr><tr bgcolor="">
<th>eq_cd_dirt</th>
<td>10317</td>
</tr><tr bgcolor="#E3E3F3">
<th>eq_diretor</th>
<td>SUL 1</td>
</tr><tr bgcolor="">
<th>eq_dre</th>
<td>CAMPO LIMPO</td>
</tr><tr bgcolor="#E3E3F3">
<th>eq_cd_zona</th>
<td></td>
</tr><tr bgcolor="">
<th>eq_zona</th>
<td></td>
</tr><tr bgcolor="#E3E3F3">
<th>eq_cd_mec</th>
<td>35356621</td>
</tr><tr bgcolor="">
<th>eq_esfera</th>
<td>MUNICIPAL</td>
</tr><tr bgcolor="#E3E3F3">
<th>eq_cd_catg</th>
<td>1</td>
</tr><tr bgcolor="">
<th>eq_categor</th>
<td>ESCOLAS AUTONOMAS</td>
</tr><tr bgcolor="#E3E3F3">
<th>eq_eol</th>
<td>35356621</td>
</tr><tr bgcolor="">
<th>eq_horario</th>
<td>07:00-17:30</td>
</tr></table></center>]]></description>
			<styleUrl>#m_ylw-pushpin</styleUrl>
			<ExtendedData>
				<SchemaData schemaUrl="#kml_schema_ft_LL_WGS84_KMZ_TEMA_EDUCACAO_CEU">
					<SimpleData name="eq_id">4994</SimpleData>
					<SimpleData name="eq_nome">CEU CEI CANTOS DO AMANHECER</SimpleData>
					<SimpleData name="eq_enderec">CANTOS DO AMANHECER SN</SimpleData>
					<SimpleData name="eq_bairro">JARDIM ELEDY</SimpleData>
					<SimpleData name="eq_cep">05856000</SimpleData>
					<SimpleData name="eq_tipo">CEU CEI</SimpleData>
					<SimpleData name="eq_classe">CEU</SimpleData>
					<SimpleData name="eq_telefon">00 /</SimpleData>
					<SimpleData name="eq_setor">355030817000183</SimpleData>
					<SimpleData name="eq_areap">3550308005236</SimpleData>
					<SimpleData name="eq_cd_dist">17</SimpleData>
					<SimpleData name="eq_distr">CAMPO LIMPO</SimpleData>
					<SimpleData name="eq_cd_subp">17</SimpleData>
					<SimpleData name="eq_subpref">CAMPO LIMPO</SimpleData>
					<SimpleData name="eq_regiao5">Sul</SimpleData>
					<SimpleData name="eq_regiao8">Sul 2</SimpleData>
					<SimpleData name="eq_ender">CANTOS DO AMANHECER</SimpleData>
					<SimpleData name="eq_num">SN</SimpleData>
					<SimpleData name="eq_compend">AVENIDA</SimpleData>
					<SimpleData name="eq_codcep">05856000</SimpleData>
					<SimpleData name="eq_fone1">00</SimpleData>
					<SimpleData name="eq_cd_dirt">10317</SimpleData>
					<SimpleData name="eq_diretor">SUL 1</SimpleData>
					<SimpleData name="eq_dre">CAMPO LIMPO</SimpleData>
					<SimpleData name="eq_cd_mec">35356621</SimpleData>
					<SimpleData name="eq_esfera">MUNICIPAL</SimpleData>
					<SimpleData name="eq_cd_catg">1</SimpleData>
					<SimpleData name="eq_categor">ESCOLAS AUTONOMAS</SimpleData>
					<SimpleData name="eq_eol">35356621</SimpleData>
					<SimpleData name="eq_horario">07:00-17:30</SimpleData>
				</SchemaData>
			</ExtendedData>
			<Point>
				<coordinates>-46.78610104286311,-23.6486954159397,0</coordinates>
			</Point>
		</Placemark>
		<Placemark id="kml_94">
			<name>kml_94</name>
			<snippet></snippet>
			<description><![CDATA[<center><table><tr><th colspan='2' align='center'><em>Attributes</em></th></tr><tr bgcolor="#E3E3F3">
<th>eq_id</th>
<td>4995</td>
</tr><tr bgcolor="">
<th>eq_nome</th>
<td>CEU EMEI CANTOS DO AMANHECER</td>
</tr><tr bgcolor="#E3E3F3">
<th>eq_enderec</th>
<td>CANTOS DO AMANHECER SN</td>
</tr><tr bgcolor="">
<th>eq_bairro</th>
<td>JARDIM ELEDY</td>
</tr><tr bgcolor="#E3E3F3">
<th>eq_cep</th>
<td>05856000</td>
</tr><tr bgcolor="">
<th>eq_tipo</th>
<td>CEU EMEI</td>
</tr><tr bgcolor="#E3E3F3">
<th>eq_classe</th>
<td>CEU</td>
</tr><tr bgcolor="">
<th>eq_telefon</th>
<td>00 / </td>
</tr><tr bgcolor="#E3E3F3">
<th>eq_setor</th>
<td>355030817000183</td>
</tr><tr bgcolor="">
<th>eq_areap</th>
<td>3550308005236</td>
</tr><tr bgcolor="#E3E3F3">
<th>eq_cd_dist</th>
<td>17</td>
</tr><tr bgcolor="">
<th>eq_distr</th>
<td>CAMPO LIMPO</td>
</tr><tr bgcolor="#E3E3F3">
<th>eq_cd_subp</th>
<td>17</td>
</tr><tr bgcolor="">
<th>eq_subpref</th>
<td>CAMPO LIMPO</td>
</tr><tr bgcolor="#E3E3F3">
<th>eq_regiao5</th>
<td>Sul</td>
</tr><tr bgcolor="">
<th>eq_regiao8</th>
<td>Sul 2</td>
</tr><tr bgcolor="#E3E3F3">
<th>eq_ender</th>
<td>CANTOS DO AMANHECER</td>
</tr><tr bgcolor="">
<th>eq_num</th>
<td>SN</td>
</tr><tr bgcolor="#E3E3F3">
<th>eq_compend</th>
<td>AVENIDA</td>
</tr><tr bgcolor="">
<th>eq_codcep</th>
<td>05856000</td>
</tr><tr bgcolor="#E3E3F3">
<th>eq_fone1</th>
<td>00</td>
</tr><tr bgcolor="">
<th>eq_fone2</th>
<td></td>
</tr><tr bgcolor="#E3E3F3">
<th>eq_email</th>
<td></td>
</tr><tr bgcolor="">
<th>eq_cd_dirt</th>
<td>10317</td>
</tr><tr bgcolor="#E3E3F3">
<th>eq_diretor</th>
<td>SUL 1</td>
</tr><tr bgcolor="">
<th>eq_dre</th>
<td>CAMPO LIMPO</td>
</tr><tr bgcolor="#E3E3F3">
<th>eq_cd_zona</th>
<td></td>
</tr><tr bgcolor="">
<th>eq_zona</th>
<td></td>
</tr><tr bgcolor="#E3E3F3">
<th>eq_cd_mec</th>
<td>35356712</td>
</tr><tr bgcolor="">
<th>eq_esfera</th>
<td>MUNICIPAL</td>
</tr><tr bgcolor="#E3E3F3">
<th>eq_cd_catg</th>
<td>1</td>
</tr><tr bgcolor="">
<th>eq_categor</th>
<td>ESCOLAS AUTONOMAS</td>
</tr><tr bgcolor="#E3E3F3">
<th>eq_eol</th>
<td>35356712</td>
</tr><tr bgcolor="">
<th>eq_horario</th>
<td>06:00-19:00</td>
</tr></table></center>]]></description>
			<styleUrl>#m_ylw-pushpin</styleUrl>
			<ExtendedData>
				<SchemaData schemaUrl="#kml_schema_ft_LL_WGS84_KMZ_TEMA_EDUCACAO_CEU">
					<SimpleData name="eq_id">4995</SimpleData>
					<SimpleData name="eq_nome">CEU EMEI CANTOS DO AMANHECER</SimpleData>
					<SimpleData name="eq_enderec">CANTOS DO AMANHECER SN</SimpleData>
					<SimpleData name="eq_bairro">JARDIM ELEDY</SimpleData>
					<SimpleData name="eq_cep">05856000</SimpleData>
					<SimpleData name="eq_tipo">CEU EMEI</SimpleData>
					<SimpleData name="eq_classe">CEU</SimpleData>
					<SimpleData name="eq_telefon">00 /</SimpleData>
					<SimpleData name="eq_setor">355030817000183</SimpleData>
					<SimpleData name="eq_areap">3550308005236</SimpleData>
					<SimpleData name="eq_cd_dist">17</SimpleData>
					<SimpleData name="eq_distr">CAMPO LIMPO</SimpleData>
					<SimpleData name="eq_cd_subp">17</SimpleData>
					<SimpleData name="eq_subpref">CAMPO LIMPO</SimpleData>
					<SimpleData name="eq_regiao5">Sul</SimpleData>
					<SimpleData name="eq_regiao8">Sul 2</SimpleData>
					<SimpleData name="eq_ender">CANTOS DO AMANHECER</SimpleData>
					<SimpleData name="eq_num">SN</SimpleData>
					<SimpleData name="eq_compend">AVENIDA</SimpleData>
					<SimpleData name="eq_codcep">05856000</SimpleData>
					<SimpleData name="eq_fone1">00</SimpleData>
					<SimpleData name="eq_cd_dirt">10317</SimpleData>
					<SimpleData name="eq_diretor">SUL 1</SimpleData>
					<SimpleData name="eq_dre">CAMPO LIMPO</SimpleData>
					<SimpleData name="eq_cd_mec">35356712</SimpleData>
					<SimpleData name="eq_esfera">MUNICIPAL</SimpleData>
					<SimpleData name="eq_cd_catg">1</SimpleData>
					<SimpleData name="eq_categor">ESCOLAS AUTONOMAS</SimpleData>
					<SimpleData name="eq_eol">35356712</SimpleData>
					<SimpleData name="eq_horario">06:00-19:00</SimpleData>
				</SchemaData>
			</ExtendedData>
			<Point>
				<coordinates>-46.78573307018989,-23.6488974061537,0</coordinates>
			</Point>
		</Placemark>
		<Placemark id="kml_95">
			<name>kml_95</name>
			<snippet></snippet>
			<description><![CDATA[<center><table><tr><th colspan='2' align='center'><em>Attributes</em></th></tr><tr bgcolor="#E3E3F3">
<th>eq_id</th>
<td>4996</td>
</tr><tr bgcolor="">
<th>eq_nome</th>
<td>CEU EMEF CANTOS DO AMANHECER</td>
</tr><tr bgcolor="#E3E3F3">
<th>eq_enderec</th>
<td>CANTOS DO AMANHECER SN</td>
</tr><tr bgcolor="">
<th>eq_bairro</th>
<td>JARDIM ELEDY</td>
</tr><tr bgcolor="#E3E3F3">
<th>eq_cep</th>
<td>05856000</td>
</tr><tr bgcolor="">
<th>eq_tipo</th>
<td>CEU EMEF</td>
</tr><tr bgcolor="#E3E3F3">
<th>eq_classe</th>
<td>CEU</td>
</tr><tr bgcolor="">
<th>eq_telefon</th>
<td>1133979747 / 1133979748</td>
</tr><tr bgcolor="#E3E3F3">
<th>eq_setor</th>
<td>355030817000183</td>
</tr><tr bgcolor="">
<th>eq_areap</th>
<td>3550308005236</td>
</tr><tr bgcolor="#E3E3F3">
<th>eq_cd_dist</th>
<td>17</td>
</tr><tr bgcolor="">
<th>eq_distr</th>
<td>CAMPO LIMPO</td>
</tr><tr bgcolor="#E3E3F3">
<th>eq_cd_subp</th>
<td>17</td>
</tr><tr bgcolor="">
<th>eq_subpref</th>
<td>CAMPO LIMPO</td>
</tr><tr bgcolor="#E3E3F3">
<th>eq_regiao5</th>
<td>Sul</td>
</tr><tr bgcolor="">
<th>eq_regiao8</th>
<td>Sul 2</td>
</tr><tr bgcolor="#E3E3F3">
<th>eq_ender</th>
<td>CANTOS DO AMANHECER</td>
</tr><tr bgcolor="">
<th>eq_num</th>
<td>SN</td>
</tr><tr bgcolor="#E3E3F3">
<th>eq_compend</th>
<td>AVENIDA</td>
</tr><tr bgcolor="">
<th>eq_codcep</th>
<td>05856000</td>
</tr><tr bgcolor="#E3E3F3">
<th>eq_fone1</th>
<td>1133979747</td>
</tr><tr bgcolor="">
<th>eq_fone2</th>
<td>1133979748</td>
</tr><tr bgcolor="#E3E3F3">
<th>eq_email</th>
<td>EMEFCEUCANTOSDOAMANHECER@SME.PREFEITURA.SP.GOV.BR</td>
</tr><tr bgcolor="">
<th>eq_cd_dirt</th>
<td>10317</td>
</tr><tr bgcolor="#E3E3F3">
<th>eq_diretor</th>
<td>SUL 1</td>
</tr><tr bgcolor="">
<th>eq_dre</th>
<td>CAMPO LIMPO</td>
</tr><tr bgcolor="#E3E3F3">
<th>eq_cd_zona</th>
<td></td>
</tr><tr bgcolor="">
<th>eq_zona</th>
<td></td>
</tr><tr bgcolor="#E3E3F3">
<th>eq_cd_mec</th>
<td>35356736</td>
</tr><tr bgcolor="">
<th>eq_esfera</th>
<td>MUNICIPAL</td>
</tr><tr bgcolor="#E3E3F3">
<th>eq_cd_catg</th>
<td>1</td>
</tr><tr bgcolor="">
<th>eq_categor</th>
<td>ESCOLAS AUTONOMAS</td>
</tr><tr bgcolor="#E3E3F3">
<th>eq_eol</th>
<td>35356736</td>
</tr><tr bgcolor="">
<th>eq_horario</th>
<td>07:00-19:00</td>
</tr></table></center>]]></description>
			<styleUrl>#m_ylw-pushpin</styleUrl>
			<ExtendedData>
				<SchemaData schemaUrl="#kml_schema_ft_LL_WGS84_KMZ_TEMA_EDUCACAO_CEU">
					<SimpleData name="eq_id">4996</SimpleData>
					<SimpleData name="eq_nome">CEU EMEF CANTOS DO AMANHECER</SimpleData>
					<SimpleData name="eq_enderec">CANTOS DO AMANHECER SN</SimpleData>
					<SimpleData name="eq_bairro">JARDIM ELEDY</SimpleData>
					<SimpleData name="eq_cep">05856000</SimpleData>
					<SimpleData name="eq_tipo">CEU EMEF</SimpleData>
					<SimpleData name="eq_classe">CEU</SimpleData>
					<SimpleData name="eq_telefon">1133979747 / 1133979748</SimpleData>
					<SimpleData name="eq_setor">355030817000183</SimpleData>
					<SimpleData name="eq_areap">3550308005236</SimpleData>
					<SimpleData name="eq_cd_dist">17</SimpleData>
					<SimpleData name="eq_distr">CAMPO LIMPO</SimpleData>
					<SimpleData name="eq_cd_subp">17</SimpleData>
					<SimpleData name="eq_subpref">CAMPO LIMPO</SimpleData>
					<SimpleData name="eq_regiao5">Sul</SimpleData>
					<SimpleData name="eq_regiao8">Sul 2</SimpleData>
					<SimpleData name="eq_ender">CANTOS DO AMANHECER</SimpleData>
					<SimpleData name="eq_num">SN</SimpleData>
					<SimpleData name="eq_compend">AVENIDA</SimpleData>
					<SimpleData name="eq_codcep">05856000</SimpleData>
					<SimpleData name="eq_fone1">1133979747</SimpleData>
					<SimpleData name="eq_fone2">1133979748</SimpleData>
					<SimpleData name="eq_email">EMEFCEUCANTOSDOAMANHECER@SME.PREFEITURA.SP.GOV.BR</SimpleData>
					<SimpleData name="eq_cd_dirt">10317</SimpleData>
					<SimpleData name="eq_diretor">SUL 1</SimpleData>
					<SimpleData name="eq_dre">CAMPO LIMPO</SimpleData>
					<SimpleData name="eq_cd_mec">35356736</SimpleData>
					<SimpleData name="eq_esfera">MUNICIPAL</SimpleData>
					<SimpleData name="eq_cd_catg">1</SimpleData>
					<SimpleData name="eq_categor">ESCOLAS AUTONOMAS</SimpleData>
					<SimpleData name="eq_eol">35356736</SimpleData>
					<SimpleData name="eq_horario">07:00-19:00</SimpleData>
				</SchemaData>
			</ExtendedData>
			<Point>
				<coordinates>-46.7854760509764,-23.6490484541274,0</coordinates>
			</Point>
		</Placemark>
		<Placemark id="kml_96">
			<name>kml_96</name>
			<snippet></snippet>
			<description><![CDATA[<center><table><tr><th colspan='2' align='center'><em>Attributes</em></th></tr><tr bgcolor="#E3E3F3">
<th>eq_id</th>
<td>4997</td>
</tr><tr bgcolor="">
<th>eq_nome</th>
<td>CEU CEI GUARAPIRANGA</td>
</tr><tr bgcolor="#E3E3F3">
<th>eq_enderec</th>
<td>BARONESA 1120</td>
</tr><tr bgcolor="">
<th>eq_bairro</th>
<td>PARQUE BOLOGNE</td>
</tr><tr bgcolor="#E3E3F3">
<th>eq_cep</th>
<td>04941000</td>
</tr><tr bgcolor="">
<th>eq_tipo</th>
<td>CEU CEI</td>
</tr><tr bgcolor="#E3E3F3">
<th>eq_classe</th>
<td>CEU</td>
</tr><tr bgcolor="">
<th>eq_telefon</th>
<td>1133979670 / </td>
</tr><tr bgcolor="#E3E3F3">
<th>eq_setor</th>
<td>355030843000053</td>
</tr><tr bgcolor="">
<th>eq_areap</th>
<td>3550308005291</td>
</tr><tr bgcolor="#E3E3F3">
<th>eq_cd_dist</th>
<td>43</td>
</tr><tr bgcolor="">
<th>eq_distr</th>
<td>JARDIM ANGELA</td>
</tr><tr bgcolor="#E3E3F3">
<th>eq_cd_subp</th>
<td>18</td>
</tr><tr bgcolor="">
<th>eq_subpref</th>
<td>M'BOI MIRIM</td>
</tr><tr bgcolor="#E3E3F3">
<th>eq_regiao5</th>
<td>Sul</td>
</tr><tr bgcolor="">
<th>eq_regiao8</th>
<td>Sul 2</td>
</tr><tr bgcolor="#E3E3F3">
<th>eq_ender</th>
<td>BARONESA</td>
</tr><tr bgcolor="">
<th>eq_num</th>
<td>1120</td>
</tr><tr bgcolor="#E3E3F3">
<th>eq_compend</th>
<td>ESTRADA</td>
</tr><tr bgcolor="">
<th>eq_codcep</th>
<td>04941000</td>
</tr><tr bgcolor="#E3E3F3">
<th>eq_fone1</th>
<td>1133979670</td>
</tr><tr bgcolor="">
<th>eq_fone2</th>
<td></td>
</tr><tr bgcolor="#E3E3F3">
<th>eq_email</th>
<td></td>
</tr><tr bgcolor="">
<th>eq_cd_dirt</th>
<td>10314</td>
</tr><tr bgcolor="#E3E3F3">
<th>eq_diretor</th>
<td>SUL 2</td>
</tr><tr bgcolor="">
<th>eq_dre</th>
<td>CAMPO LIMPO</td>
</tr><tr bgcolor="#E3E3F3">
<th>eq_cd_zona</th>
<td></td>
</tr><tr bgcolor="">
<th>eq_zona</th>
<td></td>
</tr><tr bgcolor="#E3E3F3">
<th>eq_cd_mec</th>
<td>35356748</td>
</tr><tr bgcolor="">
<th>eq_esfera</th>
<td>MUNICIPAL</td>
</tr><tr bgcolor="#E3E3F3">
<th>eq_cd_catg</th>
<td>1</td>
</tr><tr bgcolor="">
<th>eq_categor</th>
<td>ESCOLAS AUTONOMAS</td>
</tr><tr bgcolor="#E3E3F3">
<th>eq_eol</th>
<td>35356748</td>
</tr><tr bgcolor="">
<th>eq_horario</th>
<td>07:00-18:00</td>
</tr></table></center>]]></description>
			<styleUrl>#m_ylw-pushpin</styleUrl>
			<ExtendedData>
				<SchemaData schemaUrl="#kml_schema_ft_LL_WGS84_KMZ_TEMA_EDUCACAO_CEU">
					<SimpleData name="eq_id">4997</SimpleData>
					<SimpleData name="eq_nome">CEU CEI GUARAPIRANGA</SimpleData>
					<SimpleData name="eq_enderec">BARONESA 1120</SimpleData>
					<SimpleData name="eq_bairro">PARQUE BOLOGNE</SimpleData>
					<SimpleData name="eq_cep">04941000</SimpleData>
					<SimpleData name="eq_tipo">CEU CEI</SimpleData>
					<SimpleData name="eq_classe">CEU</SimpleData>
					<SimpleData name="eq_telefon">1133979670 /</SimpleData>
					<SimpleData name="eq_setor">355030843000053</SimpleData>
					<SimpleData name="eq_areap">3550308005291</SimpleData>
					<SimpleData name="eq_cd_dist">43</SimpleData>
					<SimpleData name="eq_distr">JARDIM ANGELA</SimpleData>
					<SimpleData name="eq_cd_subp">18</SimpleData>
					<SimpleData name="eq_subpref">M&apos;BOI MIRIM</SimpleData>
					<SimpleData name="eq_regiao5">Sul</SimpleData>
					<SimpleData name="eq_regiao8">Sul 2</SimpleData>
					<SimpleData name="eq_ender">BARONESA</SimpleData>
					<SimpleData name="eq_num">1120</SimpleData>
					<SimpleData name="eq_compend">ESTRADA</SimpleData>
					<SimpleData name="eq_codcep">04941000</SimpleData>
					<SimpleData name="eq_fone1">1133979670</SimpleData>
					<SimpleData name="eq_cd_dirt">10314</SimpleData>
					<SimpleData name="eq_diretor">SUL 2</SimpleData>
					<SimpleData name="eq_dre">CAMPO LIMPO</SimpleData>
					<SimpleData name="eq_cd_mec">35356748</SimpleData>
					<SimpleData name="eq_esfera">MUNICIPAL</SimpleData>
					<SimpleData name="eq_cd_catg">1</SimpleData>
					<SimpleData name="eq_categor">ESCOLAS AUTONOMAS</SimpleData>
					<SimpleData name="eq_eol">35356748</SimpleData>
					<SimpleData name="eq_horario">07:00-18:00</SimpleData>
				</SchemaData>
			</ExtendedData>
			<Point>
				<coordinates>-46.7659790518345,-23.6973977321834,0</coordinates>
			</Point>
		</Placemark>
		<Placemark id="kml_97">
			<name>kml_97</name>
			<snippet></snippet>
			<description><![CDATA[<center><table><tr><th colspan='2' align='center'><em>Attributes</em></th></tr><tr bgcolor="#E3E3F3">
<th>eq_id</th>
<td>4998</td>
</tr><tr bgcolor="">
<th>eq_nome</th>
<td>CEU EMEI GUARAPIRANGA</td>
</tr><tr bgcolor="#E3E3F3">
<th>eq_enderec</th>
<td>BARONESA 1120</td>
</tr><tr bgcolor="">
<th>eq_bairro</th>
<td>PARQUE BOLOGNE</td>
</tr><tr bgcolor="#E3E3F3">
<th>eq_cep</th>
<td>04941000</td>
</tr><tr bgcolor="">
<th>eq_tipo</th>
<td>CEU EMEI</td>
</tr><tr bgcolor="#E3E3F3">
<th>eq_classe</th>
<td>CEU</td>
</tr><tr bgcolor="">
<th>eq_telefon</th>
<td>1133979652 / </td>
</tr><tr bgcolor="#E3E3F3">
<th>eq_setor</th>
<td>355030843000053</td>
</tr><tr bgcolor="">
<th>eq_areap</th>
<td>3550308005291</td>
</tr><tr bgcolor="#E3E3F3">
<th>eq_cd_dist</th>
<td>43</td>
</tr><tr bgcolor="">
<th>eq_distr</th>
<td>JARDIM ANGELA</td>
</tr><tr bgcolor="#E3E3F3">
<th>eq_cd_subp</th>
<td>18</td>
</tr><tr bgcolor="">
<th>eq_subpref</th>
<td>M'BOI MIRIM</td>
</tr><tr bgcolor="#E3E3F3">
<th>eq_regiao5</th>
<td>Sul</td>
</tr><tr bgcolor="">
<th>eq_regiao8</th>
<td>Sul 2</td>
</tr><tr bgcolor="#E3E3F3">
<th>eq_ender</th>
<td>BARONESA</td>
</tr><tr bgcolor="">
<th>eq_num</th>
<td>1120</td>
</tr><tr bgcolor="#E3E3F3">
<th>eq_compend</th>
<td>ESTRADA</td>
</tr><tr bgcolor="">
<th>eq_codcep</th>
<td>04941000</td>
</tr><tr bgcolor="#E3E3F3">
<th>eq_fone1</th>
<td>1133979652</td>
</tr><tr bgcolor="">
<th>eq_fone2</th>
<td></td>
</tr><tr bgcolor="#E3E3F3">
<th>eq_email</th>
<td></td>
</tr><tr bgcolor="">
<th>eq_cd_dirt</th>
<td>10314</td>
</tr><tr bgcolor="#E3E3F3">
<th>eq_diretor</th>
<td>SUL 2</td>
</tr><tr bgcolor="">
<th>eq_dre</th>
<td>CAMPO LIMPO</td>
</tr><tr bgcolor="#E3E3F3">
<th>eq_cd_zona</th>
<td></td>
</tr><tr bgcolor="">
<th>eq_zona</th>
<td></td>
</tr><tr bgcolor="#E3E3F3">
<th>eq_cd_mec</th>
<td>35356759</td>
</tr><tr bgcolor="">
<th>eq_esfera</th>
<td>MUNICIPAL</td>
</tr><tr bgcolor="#E3E3F3">
<th>eq_cd_catg</th>
<td>1</td>
</tr><tr bgcolor="">
<th>eq_categor</th>
<td>ESCOLAS AUTONOMAS</td>
</tr><tr bgcolor="#E3E3F3">
<th>eq_eol</th>
<td>35356759</td>
</tr><tr bgcolor="">
<th>eq_horario</th>
<td>07:00-19:00</td>
</tr></table></center>]]></description>
			<styleUrl>#m_ylw-pushpin</styleUrl>
			<ExtendedData>
				<SchemaData schemaUrl="#kml_schema_ft_LL_WGS84_KMZ_TEMA_EDUCACAO_CEU">
					<SimpleData name="eq_id">4998</SimpleData>
					<SimpleData name="eq_nome">CEU EMEI GUARAPIRANGA</SimpleData>
					<SimpleData name="eq_enderec">BARONESA 1120</SimpleData>
					<SimpleData name="eq_bairro">PARQUE BOLOGNE</SimpleData>
					<SimpleData name="eq_cep">04941000</SimpleData>
					<SimpleData name="eq_tipo">CEU EMEI</SimpleData>
					<SimpleData name="eq_classe">CEU</SimpleData>
					<SimpleData name="eq_telefon">1133979652 /</SimpleData>
					<SimpleData name="eq_setor">355030843000053</SimpleData>
					<SimpleData name="eq_areap">3550308005291</SimpleData>
					<SimpleData name="eq_cd_dist">43</SimpleData>
					<SimpleData name="eq_distr">JARDIM ANGELA</SimpleData>
					<SimpleData name="eq_cd_subp">18</SimpleData>
					<SimpleData name="eq_subpref">M&apos;BOI MIRIM</SimpleData>
					<SimpleData name="eq_regiao5">Sul</SimpleData>
					<SimpleData name="eq_regiao8">Sul 2</SimpleData>
					<SimpleData name="eq_ender">BARONESA</SimpleData>
					<SimpleData name="eq_num">1120</SimpleData>
					<SimpleData name="eq_compend">ESTRADA</SimpleData>
					<SimpleData name="eq_codcep">04941000</SimpleData>
					<SimpleData name="eq_fone1">1133979652</SimpleData>
					<SimpleData name="eq_cd_dirt">10314</SimpleData>
					<SimpleData name="eq_diretor">SUL 2</SimpleData>
					<SimpleData name="eq_dre">CAMPO LIMPO</SimpleData>
					<SimpleData name="eq_cd_mec">35356759</SimpleData>
					<SimpleData name="eq_esfera">MUNICIPAL</SimpleData>
					<SimpleData name="eq_cd_catg">1</SimpleData>
					<SimpleData name="eq_categor">ESCOLAS AUTONOMAS</SimpleData>
					<SimpleData name="eq_eol">35356759</SimpleData>
					<SimpleData name="eq_horario">07:00-19:00</SimpleData>
				</SchemaData>
			</ExtendedData>
			<Point>
				<coordinates>-46.7657410707463,-23.6973106921578,0</coordinates>
			</Point>
		</Placemark>
		<Placemark id="kml_98">
			<name>kml_98</name>
			<snippet></snippet>
			<description><![CDATA[<center><table><tr><th colspan='2' align='center'><em>Attributes</em></th></tr><tr bgcolor="#E3E3F3">
<th>eq_id</th>
<td>4999</td>
</tr><tr bgcolor="">
<th>eq_nome</th>
<td>CEU EMEF MARIO FITTIPALDI</td>
</tr><tr bgcolor="#E3E3F3">
<th>eq_enderec</th>
<td>BARONESA 1120</td>
</tr><tr bgcolor="">
<th>eq_bairro</th>
<td>PARQUE BOLOGNE</td>
</tr><tr bgcolor="#E3E3F3">
<th>eq_cep</th>
<td>04941000</td>
</tr><tr bgcolor="">
<th>eq_tipo</th>
<td>CEU EMEF</td>
</tr><tr bgcolor="#E3E3F3">
<th>eq_classe</th>
<td>CEU</td>
</tr><tr bgcolor="">
<th>eq_telefon</th>
<td>1158336111 / </td>
</tr><tr bgcolor="#E3E3F3">
<th>eq_setor</th>
<td>355030843000053</td>
</tr><tr bgcolor="">
<th>eq_areap</th>
<td>3550308005291</td>
</tr><tr bgcolor="#E3E3F3">
<th>eq_cd_dist</th>
<td>43</td>
</tr><tr bgcolor="">
<th>eq_distr</th>
<td>JARDIM ANGELA</td>
</tr><tr bgcolor="#E3E3F3">
<th>eq_cd_subp</th>
<td>18</td>
</tr><tr bgcolor="">
<th>eq_subpref</th>
<td>M'BOI MIRIM</td>
</tr><tr bgcolor="#E3E3F3">
<th>eq_regiao5</th>
<td>Sul</td>
</tr><tr bgcolor="">
<th>eq_regiao8</th>
<td>Sul 2</td>
</tr><tr bgcolor="#E3E3F3">
<th>eq_ender</th>
<td>BARONESA</td>
</tr><tr bgcolor="">
<th>eq_num</th>
<td>1120</td>
</tr><tr bgcolor="#E3E3F3">
<th>eq_compend</th>
<td>ESTRADA</td>
</tr><tr bgcolor="">
<th>eq_codcep</th>
<td>04941000</td>
</tr><tr bgcolor="#E3E3F3">
<th>eq_fone1</th>
<td>1158336111</td>
</tr><tr bgcolor="">
<th>eq_fone2</th>
<td></td>
</tr><tr bgcolor="#E3E3F3">
<th>eq_email</th>
<td>EMEFMARIOFITTIPALDI@SME.PREFEITURA.SP.GOV.BR</td>
</tr><tr bgcolor="">
<th>eq_cd_dirt</th>
<td>10314</td>
</tr><tr bgcolor="#E3E3F3">
<th>eq_diretor</th>
<td>SUL 2</td>
</tr><tr bgcolor="">
<th>eq_dre</th>
<td>CAMPO LIMPO</td>
</tr><tr bgcolor="#E3E3F3">
<th>eq_cd_zona</th>
<td></td>
</tr><tr bgcolor="">
<th>eq_zona</th>
<td></td>
</tr><tr bgcolor="#E3E3F3">
<th>eq_cd_mec</th>
<td>35356761</td>
</tr><tr bgcolor="">
<th>eq_esfera</th>
<td>MUNICIPAL</td>
</tr><tr bgcolor="#E3E3F3">
<th>eq_cd_catg</th>
<td>1</td>
</tr><tr bgcolor="">
<th>eq_categor</th>
<td>ESCOLAS AUTONOMAS</td>
</tr><tr bgcolor="#E3E3F3">
<th>eq_eol</th>
<td>35356761</td>
</tr><tr bgcolor="">
<th>eq_horario</th>
<td>07:00-19:00</td>
</tr></table></center>]]></description>
			<styleUrl>#m_ylw-pushpin</styleUrl>
			<ExtendedData>
				<SchemaData schemaUrl="#kml_schema_ft_LL_WGS84_KMZ_TEMA_EDUCACAO_CEU">
					<SimpleData name="eq_id">4999</SimpleData>
					<SimpleData name="eq_nome">CEU EMEF MARIO FITTIPALDI</SimpleData>
					<SimpleData name="eq_enderec">BARONESA 1120</SimpleData>
					<SimpleData name="eq_bairro">PARQUE BOLOGNE</SimpleData>
					<SimpleData name="eq_cep">04941000</SimpleData>
					<SimpleData name="eq_tipo">CEU EMEF</SimpleData>
					<SimpleData name="eq_classe">CEU</SimpleData>
					<SimpleData name="eq_telefon">1158336111 /</SimpleData>
					<SimpleData name="eq_setor">355030843000053</SimpleData>
					<SimpleData name="eq_areap">3550308005291</SimpleData>
					<SimpleData name="eq_cd_dist">43</SimpleData>
					<SimpleData name="eq_distr">JARDIM ANGELA</SimpleData>
					<SimpleData name="eq_cd_subp">18</SimpleData>
					<SimpleData name="eq_subpref">M&apos;BOI MIRIM</SimpleData>
					<SimpleData name="eq_regiao5">Sul</SimpleData>
					<SimpleData name="eq_regiao8">Sul 2</SimpleData>
					<SimpleData name="eq_ender">BARONESA</SimpleData>
					<SimpleData name="eq_num">1120</SimpleData>
					<SimpleData name="eq_compend">ESTRADA</SimpleData>
					<SimpleData name="eq_codcep">04941000</SimpleData>
					<SimpleData name="eq_fone1">1158336111</SimpleData>
					<SimpleData name="eq_email">EMEFMARIOFITTIPALDI@SME.PREFEITURA.SP.GOV.BR</SimpleData>
					<SimpleData name="eq_cd_dirt">10314</SimpleData>
					<SimpleData name="eq_diretor">SUL 2</SimpleData>
					<SimpleData name="eq_dre">CAMPO LIMPO</SimpleData>
					<SimpleData name="eq_cd_mec">35356761</SimpleData>
					<SimpleData name="eq_esfera">MUNICIPAL</SimpleData>
					<SimpleData name="eq_cd_catg">1</SimpleData>
					<SimpleData name="eq_categor">ESCOLAS AUTONOMAS</SimpleData>
					<SimpleData name="eq_eol">35356761</SimpleData>
					<SimpleData name="eq_horario">07:00-19:00</SimpleData>
				</SchemaData>
			</ExtendedData>
			<Point>
				<coordinates>-46.7660360327851,-23.6972016788599,0</coordinates>
			</Point>
		</Placemark>
		<Placemark id="kml_99">
			<name>kml_99</name>
			<snippet></snippet>
			<description><![CDATA[<center><table><tr><th colspan='2' align='center'><em>Attributes</em></th></tr><tr bgcolor="#E3E3F3">
<th>eq_id</th>
<td>5000</td>
</tr><tr bgcolor="">
<th>eq_nome</th>
<td>CEU CEI JARDIM PAULISTANO</td>
</tr><tr bgcolor="#E3E3F3">
<th>eq_enderec</th>
<td>APARECIDA DO TABOADO SN</td>
</tr><tr bgcolor="">
<th>eq_bairro</th>
<td>JARDIM PAULISTANO ZONA NORTE</td>
</tr><tr bgcolor="#E3E3F3">
<th>eq_cep</th>
<td>02814000</td>
</tr><tr bgcolor="">
<th>eq_tipo</th>
<td>CEU CEI</td>
</tr><tr bgcolor="#E3E3F3">
<th>eq_classe</th>
<td>CEU</td>
</tr><tr bgcolor="">
<th>eq_telefon</th>
<td>1139798195 / </td>
</tr><tr bgcolor="#E3E3F3">
<th>eq_setor</th>
<td>355030829000231</td>
</tr><tr bgcolor="">
<th>eq_areap</th>
<td>3550308005119</td>
</tr><tr bgcolor="#E3E3F3">
<th>eq_cd_dist</th>
<td>29</td>
</tr><tr bgcolor="">
<th>eq_distr</th>
<td>FREGUESIA DO O</td>
</tr><tr bgcolor="#E3E3F3">
<th>eq_cd_subp</th>
<td>3</td>
</tr><tr bgcolor="">
<th>eq_subpref</th>
<td>FREGUESIA-BRASILANDIA</td>
</tr><tr bgcolor="#E3E3F3">
<th>eq_regiao5</th>
<td>Norte</td>
</tr><tr bgcolor="">
<th>eq_regiao8</th>
<td>Norte 2</td>
</tr><tr bgcolor="#E3E3F3">
<th>eq_ender</th>
<td>APARECIDA DO TABOADO</td>
</tr><tr bgcolor="">
<th>eq_num</th>
<td>SN</td>
</tr><tr bgcolor="#E3E3F3">
<th>eq_compend</th>
<td>RUA</td>
</tr><tr bgcolor="">
<th>eq_codcep</th>
<td>02814000</td>
</tr><tr bgcolor="#E3E3F3">
<th>eq_fone1</th>
<td>1139798195</td>
</tr><tr bgcolor="">
<th>eq_fone2</th>
<td></td>
</tr><tr bgcolor="#E3E3F3">
<th>eq_email</th>
<td></td>
</tr><tr bgcolor="">
<th>eq_cd_dirt</th>
<td>10101</td>
</tr><tr bgcolor="#E3E3F3">
<th>eq_diretor</th>
<td>NORTE 1</td>
</tr><tr bgcolor="">
<th>eq_dre</th>
<td>FREGUESIA/BRASILANDIA</td>
</tr><tr bgcolor="#E3E3F3">
<th>eq_cd_zona</th>
<td></td>
</tr><tr bgcolor="">
<th>eq_zona</th>
<td></td>
</tr><tr bgcolor="#E3E3F3">
<th>eq_cd_mec</th>
<td>35356773</td>
</tr><tr bgcolor="">
<th>eq_esfera</th>
<td>MUNICIPAL</td>
</tr><tr bgcolor="#E3E3F3">
<th>eq_cd_catg</th>
<td>1</td>
</tr><tr bgcolor="">
<th>eq_categor</th>
<td>ESCOLAS AUTONOMAS</td>
</tr><tr bgcolor="#E3E3F3">
<th>eq_eol</th>
<td>35356773</td>
</tr><tr bgcolor="">
<th>eq_horario</th>
<td>07:00-18:00</td>
</tr></table></center>]]></description>
			<styleUrl>#m_ylw-pushpin</styleUrl>
			<ExtendedData>
				<SchemaData schemaUrl="#kml_schema_ft_LL_WGS84_KMZ_TEMA_EDUCACAO_CEU">
					<SimpleData name="eq_id">5000</SimpleData>
					<SimpleData name="eq_nome">CEU CEI JARDIM PAULISTANO</SimpleData>
					<SimpleData name="eq_enderec">APARECIDA DO TABOADO SN</SimpleData>
					<SimpleData name="eq_bairro">JARDIM PAULISTANO ZONA NORTE</SimpleData>
					<SimpleData name="eq_cep">02814000</SimpleData>
					<SimpleData name="eq_tipo">CEU CEI</SimpleData>
					<SimpleData name="eq_classe">CEU</SimpleData>
					<SimpleData name="eq_telefon">1139798195 /</SimpleData>
					<SimpleData name="eq_setor">355030829000231</SimpleData>
					<SimpleData name="eq_areap">3550308005119</SimpleData>
					<SimpleData name="eq_cd_dist">29</SimpleData>
					<SimpleData name="eq_distr">FREGUESIA DO O</SimpleData>
					<SimpleData name="eq_cd_subp">3</SimpleData>
					<SimpleData name="eq_subpref">FREGUESIA-BRASILANDIA</SimpleData>
					<SimpleData name="eq_regiao5">Norte</SimpleData>
					<SimpleData name="eq_regiao8">Norte 2</SimpleData>
					<SimpleData name="eq_ender">APARECIDA DO TABOADO</SimpleData>
					<SimpleData name="eq_num">SN</SimpleData>
					<SimpleData name="eq_compend">RUA</SimpleData>
					<SimpleData name="eq_codcep">02814000</SimpleData>
					<SimpleData name="eq_fone1">1139798195</SimpleData>
					<SimpleData name="eq_cd_dirt">10101</SimpleData>
					<SimpleData name="eq_diretor">NORTE 1</SimpleData>
					<SimpleData name="eq_dre">FREGUESIA/BRASILANDIA</SimpleData>
					<SimpleData name="eq_cd_mec">35356773</SimpleData>
					<SimpleData name="eq_esfera">MUNICIPAL</SimpleData>
					<SimpleData name="eq_cd_catg">1</SimpleData>
					<SimpleData name="eq_categor">ESCOLAS AUTONOMAS</SimpleData>
					<SimpleData name="eq_eol">35356773</SimpleData>
					<SimpleData name="eq_horario">07:00-18:00</SimpleData>
				</SchemaData>
			</ExtendedData>
			<Point>
				<coordinates>-46.7122247942025,-23.46173477740181,0</coordinates>
			</Point>
		</Placemark>
		<Placemark id="kml_100">
			<name>kml_100</name>
			<snippet></snippet>
			<description><![CDATA[<center><table><tr><th colspan='2' align='center'><em>Attributes</em></th></tr><tr bgcolor="#E3E3F3">
<th>eq_id</th>
<td>5001</td>
</tr><tr bgcolor="">
<th>eq_nome</th>
<td>CEU EMEI JARDIM PAULISTANO</td>
</tr><tr bgcolor="#E3E3F3">
<th>eq_enderec</th>
<td>APARECIDA DO TABOADO SN</td>
</tr><tr bgcolor="">
<th>eq_bairro</th>
<td>JARDIM PAULISTANO ZONA NORTE</td>
</tr><tr bgcolor="#E3E3F3">
<th>eq_cep</th>
<td>02814000</td>
</tr><tr bgcolor="">
<th>eq_tipo</th>
<td>CEU EMEI</td>
</tr><tr bgcolor="#E3E3F3">
<th>eq_classe</th>
<td>CEU</td>
</tr><tr bgcolor="">
<th>eq_telefon</th>
<td>1139796905 / </td>
</tr><tr bgcolor="#E3E3F3">
<th>eq_setor</th>
<td>355030829000231</td>
</tr><tr bgcolor="">
<th>eq_areap</th>
<td>3550308005119</td>
</tr><tr bgcolor="#E3E3F3">
<th>eq_cd_dist</th>
<td>29</td>
</tr><tr bgcolor="">
<th>eq_distr</th>
<td>FREGUESIA DO O</td>
</tr><tr bgcolor="#E3E3F3">
<th>eq_cd_subp</th>
<td>3</td>
</tr><tr bgcolor="">
<th>eq_subpref</th>
<td>FREGUESIA-BRASILANDIA</td>
</tr><tr bgcolor="#E3E3F3">
<th>eq_regiao5</th>
<td>Norte</td>
</tr><tr bgcolor="">
<th>eq_regiao8</th>
<td>Norte 2</td>
</tr><tr bgcolor="#E3E3F3">
<th>eq_ender</th>
<td>APARECIDA DO TABOADO</td>
</tr><tr bgcolor="">
<th>eq_num</th>
<td>SN</td>
</tr><tr bgcolor="#E3E3F3">
<th>eq_compend</th>
<td>RUA</td>
</tr><tr bgcolor="">
<th>eq_codcep</th>
<td>02814000</td>
</tr><tr bgcolor="#E3E3F3">
<th>eq_fone1</th>
<td>1139796905</td>
</tr><tr bgcolor="">
<th>eq_fone2</th>
<td></td>
</tr><tr bgcolor="#E3E3F3">
<th>eq_email</th>
<td></td>
</tr><tr bgcolor="">
<th>eq_cd_dirt</th>
<td>10101</td>
</tr><tr bgcolor="#E3E3F3">
<th>eq_diretor</th>
<td>NORTE 1</td>
</tr><tr bgcolor="">
<th>eq_dre</th>
<td>FREGUESIA/BRASILANDIA</td>
</tr><tr bgcolor="#E3E3F3">
<th>eq_cd_zona</th>
<td></td>
</tr><tr bgcolor="">
<th>eq_zona</th>
<td></td>
</tr><tr bgcolor="#E3E3F3">
<th>eq_cd_mec</th>
<td>35356803</td>
</tr><tr bgcolor="">
<th>eq_esfera</th>
<td>MUNICIPAL</td>
</tr><tr bgcolor="#E3E3F3">
<th>eq_cd_catg</th>
<td>1</td>
</tr><tr bgcolor="">
<th>eq_categor</th>
<td>ESCOLAS AUTONOMAS</td>
</tr><tr bgcolor="#E3E3F3">
<th>eq_eol</th>
<td>35356803</td>
</tr><tr bgcolor="">
<th>eq_horario</th>
<td>07:00-19:00</td>
</tr></table></center>]]></description>
			<styleUrl>#m_ylw-pushpin</styleUrl>
			<ExtendedData>
				<SchemaData schemaUrl="#kml_schema_ft_LL_WGS84_KMZ_TEMA_EDUCACAO_CEU">
					<SimpleData name="eq_id">5001</SimpleData>
					<SimpleData name="eq_nome">CEU EMEI JARDIM PAULISTANO</SimpleData>
					<SimpleData name="eq_enderec">APARECIDA DO TABOADO SN</SimpleData>
					<SimpleData name="eq_bairro">JARDIM PAULISTANO ZONA NORTE</SimpleData>
					<SimpleData name="eq_cep">02814000</SimpleData>
					<SimpleData name="eq_tipo">CEU EMEI</SimpleData>
					<SimpleData name="eq_classe">CEU</SimpleData>
					<SimpleData name="eq_telefon">1139796905 /</SimpleData>
					<SimpleData name="eq_setor">355030829000231</SimpleData>
					<SimpleData name="eq_areap">3550308005119</SimpleData>
					<SimpleData name="eq_cd_dist">29</SimpleData>
					<SimpleData name="eq_distr">FREGUESIA DO O</SimpleData>
					<SimpleData name="eq_cd_subp">3</SimpleData>
					<SimpleData name="eq_subpref">FREGUESIA-BRASILANDIA</SimpleData>
					<SimpleData name="eq_regiao5">Norte</SimpleData>
					<SimpleData name="eq_regiao8">Norte 2</SimpleData>
					<SimpleData name="eq_ender">APARECIDA DO TABOADO</SimpleData>
					<SimpleData name="eq_num">SN</SimpleData>
					<SimpleData name="eq_compend">RUA</SimpleData>
					<SimpleData name="eq_codcep">02814000</SimpleData>
					<SimpleData name="eq_fone1">1139796905</SimpleData>
					<SimpleData name="eq_cd_dirt">10101</SimpleData>
					<SimpleData name="eq_diretor">NORTE 1</SimpleData>
					<SimpleData name="eq_dre">FREGUESIA/BRASILANDIA</SimpleData>
					<SimpleData name="eq_cd_mec">35356803</SimpleData>
					<SimpleData name="eq_esfera">MUNICIPAL</SimpleData>
					<SimpleData name="eq_cd_catg">1</SimpleData>
					<SimpleData name="eq_categor">ESCOLAS AUTONOMAS</SimpleData>
					<SimpleData name="eq_eol">35356803</SimpleData>
					<SimpleData name="eq_horario">07:00-19:00</SimpleData>
				</SchemaData>
			</ExtendedData>
			<Point>
				<coordinates>-46.7117938419004,-23.4622838455352,0</coordinates>
			</Point>
		</Placemark>
		<Placemark id="kml_101">
			<name>kml_101</name>
			<snippet></snippet>
			<description><![CDATA[<center><table><tr><th colspan='2' align='center'><em>Attributes</em></th></tr><tr bgcolor="#E3E3F3">
<th>eq_id</th>
<td>5002</td>
</tr><tr bgcolor="">
<th>eq_nome</th>
<td>CEU EMEF JARDIM PAULISTANO</td>
</tr><tr bgcolor="#E3E3F3">
<th>eq_enderec</th>
<td>APARECIDA DO TABOADO SN</td>
</tr><tr bgcolor="">
<th>eq_bairro</th>
<td>JARDIM PAULISTANO ZONA NORTE</td>
</tr><tr bgcolor="#E3E3F3">
<th>eq_cep</th>
<td>02814000</td>
</tr><tr bgcolor="">
<th>eq_tipo</th>
<td>CEU EMEF</td>
</tr><tr bgcolor="#E3E3F3">
<th>eq_classe</th>
<td>CEU</td>
</tr><tr bgcolor="">
<th>eq_telefon</th>
<td>1139868592 / </td>
</tr><tr bgcolor="#E3E3F3">
<th>eq_setor</th>
<td>355030829000231</td>
</tr><tr bgcolor="">
<th>eq_areap</th>
<td>3550308005119</td>
</tr><tr bgcolor="#E3E3F3">
<th>eq_cd_dist</th>
<td>29</td>
</tr><tr bgcolor="">
<th>eq_distr</th>
<td>FREGUESIA DO O</td>
</tr><tr bgcolor="#E3E3F3">
<th>eq_cd_subp</th>
<td>3</td>
</tr><tr bgcolor="">
<th>eq_subpref</th>
<td>FREGUESIA-BRASILANDIA</td>
</tr><tr bgcolor="#E3E3F3">
<th>eq_regiao5</th>
<td>Norte</td>
</tr><tr bgcolor="">
<th>eq_regiao8</th>
<td>Norte 2</td>
</tr><tr bgcolor="#E3E3F3">
<th>eq_ender</th>
<td>APARECIDA DO TABOADO</td>
</tr><tr bgcolor="">
<th>eq_num</th>
<td>SN</td>
</tr><tr bgcolor="#E3E3F3">
<th>eq_compend</th>
<td>RUA</td>
</tr><tr bgcolor="">
<th>eq_codcep</th>
<td>02814000</td>
</tr><tr bgcolor="#E3E3F3">
<th>eq_fone1</th>
<td>1139868592</td>
</tr><tr bgcolor="">
<th>eq_fone2</th>
<td></td>
</tr><tr bgcolor="#E3E3F3">
<th>eq_email</th>
<td>EMEFCEUJDPAULISTANO@SME.PREFEITURA.SP.GOV.BR</td>
</tr><tr bgcolor="">
<th>eq_cd_dirt</th>
<td>10101</td>
</tr><tr bgcolor="#E3E3F3">
<th>eq_diretor</th>
<td>NORTE 1</td>
</tr><tr bgcolor="">
<th>eq_dre</th>
<td>FREGUESIA/BRASILANDIA</td>
</tr><tr bgcolor="#E3E3F3">
<th>eq_cd_zona</th>
<td></td>
</tr><tr bgcolor="">
<th>eq_zona</th>
<td></td>
</tr><tr bgcolor="#E3E3F3">
<th>eq_cd_mec</th>
<td>35356815</td>
</tr><tr bgcolor="">
<th>eq_esfera</th>
<td>MUNICIPAL</td>
</tr><tr bgcolor="#E3E3F3">
<th>eq_cd_catg</th>
<td>1</td>
</tr><tr bgcolor="">
<th>eq_categor</th>
<td>ESCOLAS AUTONOMAS</td>
</tr><tr bgcolor="#E3E3F3">
<th>eq_eol</th>
<td>35356815</td>
</tr><tr bgcolor="">
<th>eq_horario</th>
<td>07:00-18:30</td>
</tr></table></center>]]></description>
			<styleUrl>#m_ylw-pushpin</styleUrl>
			<ExtendedData>
				<SchemaData schemaUrl="#kml_schema_ft_LL_WGS84_KMZ_TEMA_EDUCACAO_CEU">
					<SimpleData name="eq_id">5002</SimpleData>
					<SimpleData name="eq_nome">CEU EMEF JARDIM PAULISTANO</SimpleData>
					<SimpleData name="eq_enderec">APARECIDA DO TABOADO SN</SimpleData>
					<SimpleData name="eq_bairro">JARDIM PAULISTANO ZONA NORTE</SimpleData>
					<SimpleData name="eq_cep">02814000</SimpleData>
					<SimpleData name="eq_tipo">CEU EMEF</SimpleData>
					<SimpleData name="eq_classe">CEU</SimpleData>
					<SimpleData name="eq_telefon">1139868592 /</SimpleData>
					<SimpleData name="eq_setor">355030829000231</SimpleData>
					<SimpleData name="eq_areap">3550308005119</SimpleData>
					<SimpleData name="eq_cd_dist">29</SimpleData>
					<SimpleData name="eq_distr">FREGUESIA DO O</SimpleData>
					<SimpleData name="eq_cd_subp">3</SimpleData>
					<SimpleData name="eq_subpref">FREGUESIA-BRASILANDIA</SimpleData>
					<SimpleData name="eq_regiao5">Norte</SimpleData>
					<SimpleData name="eq_regiao8">Norte 2</SimpleData>
					<SimpleData name="eq_ender">APARECIDA DO TABOADO</SimpleData>
					<SimpleData name="eq_num">SN</SimpleData>
					<SimpleData name="eq_compend">RUA</SimpleData>
					<SimpleData name="eq_codcep">02814000</SimpleData>
					<SimpleData name="eq_fone1">1139868592</SimpleData>
					<SimpleData name="eq_email">EMEFCEUJDPAULISTANO@SME.PREFEITURA.SP.GOV.BR</SimpleData>
					<SimpleData name="eq_cd_dirt">10101</SimpleData>
					<SimpleData name="eq_diretor">NORTE 1</SimpleData>
					<SimpleData name="eq_dre">FREGUESIA/BRASILANDIA</SimpleData>
					<SimpleData name="eq_cd_mec">35356815</SimpleData>
					<SimpleData name="eq_esfera">MUNICIPAL</SimpleData>
					<SimpleData name="eq_cd_catg">1</SimpleData>
					<SimpleData name="eq_categor">ESCOLAS AUTONOMAS</SimpleData>
					<SimpleData name="eq_eol">35356815</SimpleData>
					<SimpleData name="eq_horario">07:00-18:30</SimpleData>
				</SchemaData>
			</ExtendedData>
			<Point>
				<coordinates>-46.7132518054582,-23.4628498272712,0</coordinates>
			</Point>
		</Placemark>
		<Placemark id="kml_102">
			<name>kml_102</name>
			<snippet></snippet>
			<description><![CDATA[<center><table><tr><th colspan='2' align='center'><em>Attributes</em></th></tr><tr bgcolor="#E3E3F3">
<th>eq_id</th>
<td>5003</td>
</tr><tr bgcolor="">
<th>eq_nome</th>
<td>CEU EMEF LAJEADO</td>
</tr><tr bgcolor="#E3E3F3">
<th>eq_enderec</th>
<td>MANUEL DA MOTA COUTINHO 293</td>
</tr><tr bgcolor="">
<th>eq_bairro</th>
<td>LAJEADO</td>
</tr><tr bgcolor="#E3E3F3">
<th>eq_cep</th>
<td>08451000</td>
</tr><tr bgcolor="">
<th>eq_tipo</th>
<td>CEU EMEF</td>
</tr><tr bgcolor="#E3E3F3">
<th>eq_classe</th>
<td>CEU</td>
</tr><tr bgcolor="">
<th>eq_telefon</th>
<td>1121539825 / </td>
</tr><tr bgcolor="#E3E3F3">
<th>eq_setor</th>
<td>355030896000087</td>
</tr><tr bgcolor="">
<th>eq_areap</th>
<td>3550308005260</td>
</tr><tr bgcolor="#E3E3F3">
<th>eq_cd_dist</th>
<td>96</td>
</tr><tr bgcolor="">
<th>eq_distr</th>
<td>LAJEADO</td>
</tr><tr bgcolor="#E3E3F3">
<th>eq_cd_subp</th>
<td>28</td>
</tr><tr bgcolor="">
<th>eq_subpref</th>
<td>GUAIANASES</td>
</tr><tr bgcolor="#E3E3F3">
<th>eq_regiao5</th>
<td>Leste</td>
</tr><tr bgcolor="">
<th>eq_regiao8</th>
<td>Leste 2</td>
</tr><tr bgcolor="#E3E3F3">
<th>eq_ender</th>
<td>MANUEL DA MOTA COUTINHO</td>
</tr><tr bgcolor="">
<th>eq_num</th>
<td>293</td>
</tr><tr bgcolor="#E3E3F3">
<th>eq_compend</th>
<td>RUA</td>
</tr><tr bgcolor="">
<th>eq_codcep</th>
<td>08451000</td>
</tr><tr bgcolor="#E3E3F3">
<th>eq_fone1</th>
<td>1121539825</td>
</tr><tr bgcolor="">
<th>eq_fone2</th>
<td></td>
</tr><tr bgcolor="#E3E3F3">
<th>eq_email</th>
<td>EMEFCEULAJEADO@SME.PREFEITURA.SP.GOV.BR</td>
</tr><tr bgcolor="">
<th>eq_cd_dirt</th>
<td>10210</td>
</tr><tr bgcolor="#E3E3F3">
<th>eq_diretor</th>
<td>LESTE 2</td>
</tr><tr bgcolor="">
<th>eq_dre</th>
<td>GUAIANASES</td>
</tr><tr bgcolor="#E3E3F3">
<th>eq_cd_zona</th>
<td></td>
</tr><tr bgcolor="">
<th>eq_zona</th>
<td></td>
</tr><tr bgcolor="#E3E3F3">
<th>eq_cd_mec</th>
<td>35356852</td>
</tr><tr bgcolor="">
<th>eq_esfera</th>
<td>MUNICIPAL</td>
</tr><tr bgcolor="#E3E3F3">
<th>eq_cd_catg</th>
<td>1</td>
</tr><tr bgcolor="">
<th>eq_categor</th>
<td>ESCOLAS AUTONOMAS</td>
</tr><tr bgcolor="#E3E3F3">
<th>eq_eol</th>
<td>35356852</td>
</tr><tr bgcolor="">
<th>eq_horario</th>
<td>07:00-18:30</td>
</tr></table></center>]]></description>
			<styleUrl>#m_ylw-pushpin</styleUrl>
			<ExtendedData>
				<SchemaData schemaUrl="#kml_schema_ft_LL_WGS84_KMZ_TEMA_EDUCACAO_CEU">
					<SimpleData name="eq_id">5003</SimpleData>
					<SimpleData name="eq_nome">CEU EMEF LAJEADO</SimpleData>
					<SimpleData name="eq_enderec">MANUEL DA MOTA COUTINHO 293</SimpleData>
					<SimpleData name="eq_bairro">LAJEADO</SimpleData>
					<SimpleData name="eq_cep">08451000</SimpleData>
					<SimpleData name="eq_tipo">CEU EMEF</SimpleData>
					<SimpleData name="eq_classe">CEU</SimpleData>
					<SimpleData name="eq_telefon">1121539825 /</SimpleData>
					<SimpleData name="eq_setor">355030896000087</SimpleData>
					<SimpleData name="eq_areap">3550308005260</SimpleData>
					<SimpleData name="eq_cd_dist">96</SimpleData>
					<SimpleData name="eq_distr">LAJEADO</SimpleData>
					<SimpleData name="eq_cd_subp">28</SimpleData>
					<SimpleData name="eq_subpref">GUAIANASES</SimpleData>
					<SimpleData name="eq_regiao5">Leste</SimpleData>
					<SimpleData name="eq_regiao8">Leste 2</SimpleData>
					<SimpleData name="eq_ender">MANUEL DA MOTA COUTINHO</SimpleData>
					<SimpleData name="eq_num">293</SimpleData>
					<SimpleData name="eq_compend">RUA</SimpleData>
					<SimpleData name="eq_codcep">08451000</SimpleData>
					<SimpleData name="eq_fone1">1121539825</SimpleData>
					<SimpleData name="eq_email">EMEFCEULAJEADO@SME.PREFEITURA.SP.GOV.BR</SimpleData>
					<SimpleData name="eq_cd_dirt">10210</SimpleData>
					<SimpleData name="eq_diretor">LESTE 2</SimpleData>
					<SimpleData name="eq_dre">GUAIANASES</SimpleData>
					<SimpleData name="eq_cd_mec">35356852</SimpleData>
					<SimpleData name="eq_esfera">MUNICIPAL</SimpleData>
					<SimpleData name="eq_cd_catg">1</SimpleData>
					<SimpleData name="eq_categor">ESCOLAS AUTONOMAS</SimpleData>
					<SimpleData name="eq_eol">35356852</SimpleData>
					<SimpleData name="eq_horario">07:00-18:30</SimpleData>
				</SchemaData>
			</ExtendedData>
			<Point>
				<coordinates>-46.4005694419174,-23.5440460857327,0</coordinates>
			</Point>
		</Placemark>
		<Placemark id="kml_103">
			<name>kml_103</name>
			<snippet></snippet>
			<description><![CDATA[<center><table><tr><th colspan='2' align='center'><em>Attributes</em></th></tr><tr bgcolor="#E3E3F3">
<th>eq_id</th>
<td>5004</td>
</tr><tr bgcolor="">
<th>eq_nome</th>
<td>CEU CEI QUINTA DO SOL</td>
</tr><tr bgcolor="#E3E3F3">
<th>eq_enderec</th>
<td>LUIZ IMPARATO 564</td>
</tr><tr bgcolor="">
<th>eq_bairro</th>
<td>PARQUE CISPER</td>
</tr><tr bgcolor="#E3E3F3">
<th>eq_cep</th>
<td>03819000</td>
</tr><tr bgcolor="">
<th>eq_tipo</th>
<td>CEU CEI</td>
</tr><tr bgcolor="#E3E3F3">
<th>eq_classe</th>
<td>CEU</td>
</tr><tr bgcolor="">
<th>eq_telefon</th>
<td>1122147113 / </td>
</tr><tr bgcolor="#E3E3F3">
<th>eq_setor</th>
<td>355030818000142</td>
</tr><tr bgcolor="">
<th>eq_areap</th>
<td>3550308005138</td>
</tr><tr bgcolor="#E3E3F3">
<th>eq_cd_dist</th>
<td>18</td>
</tr><tr bgcolor="">
<th>eq_distr</th>
<td>CANGAIBA</td>
</tr><tr bgcolor="#E3E3F3">
<th>eq_cd_subp</th>
<td>21</td>
</tr><tr bgcolor="">
<th>eq_subpref</th>
<td>PENHA</td>
</tr><tr bgcolor="#E3E3F3">
<th>eq_regiao5</th>
<td>Leste</td>
</tr><tr bgcolor="">
<th>eq_regiao8</th>
<td>Leste 1</td>
</tr><tr bgcolor="#E3E3F3">
<th>eq_ender</th>
<td>LUIZ IMPARATO</td>
</tr><tr bgcolor="">
<th>eq_num</th>
<td>564</td>
</tr><tr bgcolor="#E3E3F3">
<th>eq_compend</th>
<td>AVENIDA</td>
</tr><tr bgcolor="">
<th>eq_codcep</th>
<td>03819000</td>
</tr><tr bgcolor="#E3E3F3">
<th>eq_fone1</th>
<td>1122147113</td>
</tr><tr bgcolor="">
<th>eq_fone2</th>
<td></td>
</tr><tr bgcolor="#E3E3F3">
<th>eq_email</th>
<td></td>
</tr><tr bgcolor="">
<th>eq_cd_dirt</th>
<td>10207</td>
</tr><tr bgcolor="#E3E3F3">
<th>eq_diretor</th>
<td>LESTE 1</td>
</tr><tr bgcolor="">
<th>eq_dre</th>
<td>PENHA</td>
</tr><tr bgcolor="#E3E3F3">
<th>eq_cd_zona</th>
<td></td>
</tr><tr bgcolor="">
<th>eq_zona</th>
<td></td>
</tr><tr bgcolor="#E3E3F3">
<th>eq_cd_mec</th>
<td>35357005</td>
</tr><tr bgcolor="">
<th>eq_esfera</th>
<td>MUNICIPAL</td>
</tr><tr bgcolor="#E3E3F3">
<th>eq_cd_catg</th>
<td>1</td>
</tr><tr bgcolor="">
<th>eq_categor</th>
<td>ESCOLAS AUTONOMAS</td>
</tr><tr bgcolor="#E3E3F3">
<th>eq_eol</th>
<td>35357005</td>
</tr><tr bgcolor="">
<th>eq_horario</th>
<td>07:00-18:00</td>
</tr></table></center>]]></description>
			<styleUrl>#m_ylw-pushpin</styleUrl>
			<ExtendedData>
				<SchemaData schemaUrl="#kml_schema_ft_LL_WGS84_KMZ_TEMA_EDUCACAO_CEU">
					<SimpleData name="eq_id">5004</SimpleData>
					<SimpleData name="eq_nome">CEU CEI QUINTA DO SOL</SimpleData>
					<SimpleData name="eq_enderec">LUIZ IMPARATO 564</SimpleData>
					<SimpleData name="eq_bairro">PARQUE CISPER</SimpleData>
					<SimpleData name="eq_cep">03819000</SimpleData>
					<SimpleData name="eq_tipo">CEU CEI</SimpleData>
					<SimpleData name="eq_classe">CEU</SimpleData>
					<SimpleData name="eq_telefon">1122147113 /</SimpleData>
					<SimpleData name="eq_setor">355030818000142</SimpleData>
					<SimpleData name="eq_areap">3550308005138</SimpleData>
					<SimpleData name="eq_cd_dist">18</SimpleData>
					<SimpleData name="eq_distr">CANGAIBA</SimpleData>
					<SimpleData name="eq_cd_subp">21</SimpleData>
					<SimpleData name="eq_subpref">PENHA</SimpleData>
					<SimpleData name="eq_regiao5">Leste</SimpleData>
					<SimpleData name="eq_regiao8">Leste 1</SimpleData>
					<SimpleData name="eq_ender">LUIZ IMPARATO</SimpleData>
					<SimpleData name="eq_num">564</SimpleData>
					<SimpleData name="eq_compend">AVENIDA</SimpleData>
					<SimpleData name="eq_codcep">03819000</SimpleData>
					<SimpleData name="eq_fone1">1122147113</SimpleData>
					<SimpleData name="eq_cd_dirt">10207</SimpleData>
					<SimpleData name="eq_diretor">LESTE 1</SimpleData>
					<SimpleData name="eq_dre">PENHA</SimpleData>
					<SimpleData name="eq_cd_mec">35357005</SimpleData>
					<SimpleData name="eq_esfera">MUNICIPAL</SimpleData>
					<SimpleData name="eq_cd_catg">1</SimpleData>
					<SimpleData name="eq_categor">ESCOLAS AUTONOMAS</SimpleData>
					<SimpleData name="eq_eol">35357005</SimpleData>
					<SimpleData name="eq_horario">07:00-18:00</SimpleData>
				</SchemaData>
			</ExtendedData>
			<Point>
				<coordinates>-46.4964061465868,-23.4991625816425,0</coordinates>
			</Point>
		</Placemark>
		<Placemark id="kml_104">
			<name>kml_104</name>
			<snippet></snippet>
			<description><![CDATA[<center><table><tr><th colspan='2' align='center'><em>Attributes</em></th></tr><tr bgcolor="#E3E3F3">
<th>eq_id</th>
<td>5005</td>
</tr><tr bgcolor="">
<th>eq_nome</th>
<td>CEU EMEI BRAZ JAIME ROMANO</td>
</tr><tr bgcolor="#E3E3F3">
<th>eq_enderec</th>
<td>LUIZ IMPARATO 464</td>
</tr><tr bgcolor="">
<th>eq_bairro</th>
<td>PARQUE CISPER</td>
</tr><tr bgcolor="#E3E3F3">
<th>eq_cep</th>
<td>03819000</td>
</tr><tr bgcolor="">
<th>eq_tipo</th>
<td>CEU EMEI</td>
</tr><tr bgcolor="#E3E3F3">
<th>eq_classe</th>
<td>CEU</td>
</tr><tr bgcolor="">
<th>eq_telefon</th>
<td>1122147112 / </td>
</tr><tr bgcolor="#E3E3F3">
<th>eq_setor</th>
<td>355030818000142</td>
</tr><tr bgcolor="">
<th>eq_areap</th>
<td>3550308005138</td>
</tr><tr bgcolor="#E3E3F3">
<th>eq_cd_dist</th>
<td>18</td>
</tr><tr bgcolor="">
<th>eq_distr</th>
<td>CANGAIBA</td>
</tr><tr bgcolor="#E3E3F3">
<th>eq_cd_subp</th>
<td>21</td>
</tr><tr bgcolor="">
<th>eq_subpref</th>
<td>PENHA</td>
</tr><tr bgcolor="#E3E3F3">
<th>eq_regiao5</th>
<td>Leste</td>
</tr><tr bgcolor="">
<th>eq_regiao8</th>
<td>Leste 1</td>
</tr><tr bgcolor="#E3E3F3">
<th>eq_ender</th>
<td>LUIZ IMPARATO</td>
</tr><tr bgcolor="">
<th>eq_num</th>
<td>464</td>
</tr><tr bgcolor="#E3E3F3">
<th>eq_compend</th>
<td>AVENIDA</td>
</tr><tr bgcolor="">
<th>eq_codcep</th>
<td>03819000</td>
</tr><tr bgcolor="#E3E3F3">
<th>eq_fone1</th>
<td>1122147112</td>
</tr><tr bgcolor="">
<th>eq_fone2</th>
<td></td>
</tr><tr bgcolor="#E3E3F3">
<th>eq_email</th>
<td></td>
</tr><tr bgcolor="">
<th>eq_cd_dirt</th>
<td>10207</td>
</tr><tr bgcolor="#E3E3F3">
<th>eq_diretor</th>
<td>LESTE 1</td>
</tr><tr bgcolor="">
<th>eq_dre</th>
<td>PENHA</td>
</tr><tr bgcolor="#E3E3F3">
<th>eq_cd_zona</th>
<td></td>
</tr><tr bgcolor="">
<th>eq_zona</th>
<td></td>
</tr><tr bgcolor="#E3E3F3">
<th>eq_cd_mec</th>
<td>35357017</td>
</tr><tr bgcolor="">
<th>eq_esfera</th>
<td>MUNICIPAL</td>
</tr><tr bgcolor="#E3E3F3">
<th>eq_cd_catg</th>
<td>1</td>
</tr><tr bgcolor="">
<th>eq_categor</th>
<td>ESCOLAS AUTONOMAS</td>
</tr><tr bgcolor="#E3E3F3">
<th>eq_eol</th>
<td>35357017</td>
</tr><tr bgcolor="">
<th>eq_horario</th>
<td>07:00-19:00</td>
</tr></table></center>]]></description>
			<styleUrl>#m_ylw-pushpin</styleUrl>
			<ExtendedData>
				<SchemaData schemaUrl="#kml_schema_ft_LL_WGS84_KMZ_TEMA_EDUCACAO_CEU">
					<SimpleData name="eq_id">5005</SimpleData>
					<SimpleData name="eq_nome">CEU EMEI BRAZ JAIME ROMANO</SimpleData>
					<SimpleData name="eq_enderec">LUIZ IMPARATO 464</SimpleData>
					<SimpleData name="eq_bairro">PARQUE CISPER</SimpleData>
					<SimpleData name="eq_cep">03819000</SimpleData>
					<SimpleData name="eq_tipo">CEU EMEI</SimpleData>
					<SimpleData name="eq_classe">CEU</SimpleData>
					<SimpleData name="eq_telefon">1122147112 /</SimpleData>
					<SimpleData name="eq_setor">355030818000142</SimpleData>
					<SimpleData name="eq_areap">3550308005138</SimpleData>
					<SimpleData name="eq_cd_dist">18</SimpleData>
					<SimpleData name="eq_distr">CANGAIBA</SimpleData>
					<SimpleData name="eq_cd_subp">21</SimpleData>
					<SimpleData name="eq_subpref">PENHA</SimpleData>
					<SimpleData name="eq_regiao5">Leste</SimpleData>
					<SimpleData name="eq_regiao8">Leste 1</SimpleData>
					<SimpleData name="eq_ender">LUIZ IMPARATO</SimpleData>
					<SimpleData name="eq_num">464</SimpleData>
					<SimpleData name="eq_compend">AVENIDA</SimpleData>
					<SimpleData name="eq_codcep">03819000</SimpleData>
					<SimpleData name="eq_fone1">1122147112</SimpleData>
					<SimpleData name="eq_cd_dirt">10207</SimpleData>
					<SimpleData name="eq_diretor">LESTE 1</SimpleData>
					<SimpleData name="eq_dre">PENHA</SimpleData>
					<SimpleData name="eq_cd_mec">35357017</SimpleData>
					<SimpleData name="eq_esfera">MUNICIPAL</SimpleData>
					<SimpleData name="eq_cd_catg">1</SimpleData>
					<SimpleData name="eq_categor">ESCOLAS AUTONOMAS</SimpleData>
					<SimpleData name="eq_eol">35357017</SimpleData>
					<SimpleData name="eq_horario">07:00-19:00</SimpleData>
				</SchemaData>
			</ExtendedData>
			<Point>
				<coordinates>-46.4973180987099,-23.4997456036396,0</coordinates>
			</Point>
		</Placemark>
		<Placemark id="kml_105">
			<name>kml_105</name>
			<snippet></snippet>
			<description><![CDATA[<center><table><tr><th colspan='2' align='center'><em>Attributes</em></th></tr><tr bgcolor="#E3E3F3">
<th>eq_id</th>
<td>5006</td>
</tr><tr bgcolor="">
<th>eq_nome</th>
<td>CEU EMEF ROSANGELA RODRIGUES VIEIRA PROFA</td>
</tr><tr bgcolor="#E3E3F3">
<th>eq_enderec</th>
<td>LUIZ IMPARATO 564</td>
</tr><tr bgcolor="">
<th>eq_bairro</th>
<td>PARQUE CISPER</td>
</tr><tr bgcolor="#E3E3F3">
<th>eq_cep</th>
<td>03819000</td>
</tr><tr bgcolor="">
<th>eq_tipo</th>
<td>CEU EMEF</td>
</tr><tr bgcolor="#E3E3F3">
<th>eq_classe</th>
<td>CEU</td>
</tr><tr bgcolor="">
<th>eq_telefon</th>
<td>1133963476 / </td>
</tr><tr bgcolor="#E3E3F3">
<th>eq_setor</th>
<td>355030818000142</td>
</tr><tr bgcolor="">
<th>eq_areap</th>
<td>3550308005138</td>
</tr><tr bgcolor="#E3E3F3">
<th>eq_cd_dist</th>
<td>18</td>
</tr><tr bgcolor="">
<th>eq_distr</th>
<td>CANGAIBA</td>
</tr><tr bgcolor="#E3E3F3">
<th>eq_cd_subp</th>
<td>21</td>
</tr><tr bgcolor="">
<th>eq_subpref</th>
<td>PENHA</td>
</tr><tr bgcolor="#E3E3F3">
<th>eq_regiao5</th>
<td>Leste</td>
</tr><tr bgcolor="">
<th>eq_regiao8</th>
<td>Leste 1</td>
</tr><tr bgcolor="#E3E3F3">
<th>eq_ender</th>
<td>LUIZ IMPARATO</td>
</tr><tr bgcolor="">
<th>eq_num</th>
<td>564</td>
</tr><tr bgcolor="#E3E3F3">
<th>eq_compend</th>
<td>AVENIDA</td>
</tr><tr bgcolor="">
<th>eq_codcep</th>
<td>03819000</td>
</tr><tr bgcolor="#E3E3F3">
<th>eq_fone1</th>
<td>1133963476</td>
</tr><tr bgcolor="">
<th>eq_fone2</th>
<td></td>
</tr><tr bgcolor="#E3E3F3">
<th>eq_email</th>
<td></td>
</tr><tr bgcolor="">
<th>eq_cd_dirt</th>
<td>10207</td>
</tr><tr bgcolor="#E3E3F3">
<th>eq_diretor</th>
<td>LESTE 1</td>
</tr><tr bgcolor="">
<th>eq_dre</th>
<td>PENHA</td>
</tr><tr bgcolor="#E3E3F3">
<th>eq_cd_zona</th>
<td></td>
</tr><tr bgcolor="">
<th>eq_zona</th>
<td></td>
</tr><tr bgcolor="#E3E3F3">
<th>eq_cd_mec</th>
<td>35357030</td>
</tr><tr bgcolor="">
<th>eq_esfera</th>
<td>MUNICIPAL</td>
</tr><tr bgcolor="#E3E3F3">
<th>eq_cd_catg</th>
<td>1</td>
</tr><tr bgcolor="">
<th>eq_categor</th>
<td>ESCOLAS AUTONOMAS</td>
</tr><tr bgcolor="#E3E3F3">
<th>eq_eol</th>
<td>35357030</td>
</tr><tr bgcolor="">
<th>eq_horario</th>
<td>07:00-23:00</td>
</tr></table></center>]]></description>
			<styleUrl>#m_ylw-pushpin</styleUrl>
			<ExtendedData>
				<SchemaData schemaUrl="#kml_schema_ft_LL_WGS84_KMZ_TEMA_EDUCACAO_CEU">
					<SimpleData name="eq_id">5006</SimpleData>
					<SimpleData name="eq_nome">CEU EMEF ROSANGELA RODRIGUES VIEIRA PROFA</SimpleData>
					<SimpleData name="eq_enderec">LUIZ IMPARATO 564</SimpleData>
					<SimpleData name="eq_bairro">PARQUE CISPER</SimpleData>
					<SimpleData name="eq_cep">03819000</SimpleData>
					<SimpleData name="eq_tipo">CEU EMEF</SimpleData>
					<SimpleData name="eq_classe">CEU</SimpleData>
					<SimpleData name="eq_telefon">1133963476 /</SimpleData>
					<SimpleData name="eq_setor">355030818000142</SimpleData>
					<SimpleData name="eq_areap">3550308005138</SimpleData>
					<SimpleData name="eq_cd_dist">18</SimpleData>
					<SimpleData name="eq_distr">CANGAIBA</SimpleData>
					<SimpleData name="eq_cd_subp">21</SimpleData>
					<SimpleData name="eq_subpref">PENHA</SimpleData>
					<SimpleData name="eq_regiao5">Leste</SimpleData>
					<SimpleData name="eq_regiao8">Leste 1</SimpleData>
					<SimpleData name="eq_ender">LUIZ IMPARATO</SimpleData>
					<SimpleData name="eq_num">564</SimpleData>
					<SimpleData name="eq_compend">AVENIDA</SimpleData>
					<SimpleData name="eq_codcep">03819000</SimpleData>
					<SimpleData name="eq_fone1">1133963476</SimpleData>
					<SimpleData name="eq_cd_dirt">10207</SimpleData>
					<SimpleData name="eq_diretor">LESTE 1</SimpleData>
					<SimpleData name="eq_dre">PENHA</SimpleData>
					<SimpleData name="eq_cd_mec">35357030</SimpleData>
					<SimpleData name="eq_esfera">MUNICIPAL</SimpleData>
					<SimpleData name="eq_cd_catg">1</SimpleData>
					<SimpleData name="eq_categor">ESCOLAS AUTONOMAS</SimpleData>
					<SimpleData name="eq_eol">35357030</SimpleData>
					<SimpleData name="eq_horario">07:00-23:00</SimpleData>
				</SchemaData>
			</ExtendedData>
			<Point>
				<coordinates>-46.4962040677577,-23.4991996524415,0</coordinates>
			</Point>
		</Placemark>
		<Placemark id="kml_106">
			<name>kml_106</name>
			<snippet></snippet>
			<description><![CDATA[<center><table><tr><th colspan='2' align='center'><em>Attributes</em></th></tr><tr bgcolor="#E3E3F3">
<th>eq_id</th>
<td>5007</td>
</tr><tr bgcolor="">
<th>eq_nome</th>
<td>CEU CEI RUBEM ALVES</td>
</tr><tr bgcolor="#E3E3F3">
<th>eq_enderec</th>
<td>MANUEL QUIRINO DE MATTOS SN</td>
</tr><tr bgcolor="">
<th>eq_bairro</th>
<td>JARDIM SAPOPEMBA</td>
</tr><tr bgcolor="#E3E3F3">
<th>eq_cep</th>
<td>03969000</td>
</tr><tr bgcolor="">
<th>eq_tipo</th>
<td>CEU CEI</td>
</tr><tr bgcolor="#E3E3F3">
<th>eq_classe</th>
<td>CEU</td>
</tr><tr bgcolor="">
<th>eq_telefon</th>
<td>1137930131 / </td>
</tr><tr bgcolor="#E3E3F3">
<th>eq_setor</th>
<td>355030876000170</td>
</tr><tr bgcolor="">
<th>eq_areap</th>
<td>3550308005209</td>
</tr><tr bgcolor="#E3E3F3">
<th>eq_cd_dist</th>
<td>76</td>
</tr><tr bgcolor="">
<th>eq_distr</th>
<td>SAPOPEMBA</td>
</tr><tr bgcolor="#E3E3F3">
<th>eq_cd_subp</th>
<td>32</td>
</tr><tr bgcolor="">
<th>eq_subpref</th>
<td>SAPOPEMBA</td>
</tr><tr bgcolor="#E3E3F3">
<th>eq_regiao5</th>
<td>Leste</td>
</tr><tr bgcolor="">
<th>eq_regiao8</th>
<td>Leste 1</td>
</tr><tr bgcolor="#E3E3F3">
<th>eq_ender</th>
<td>MANUEL QUIRINO DE MATTOS</td>
</tr><tr bgcolor="">
<th>eq_num</th>
<td>SN</td>
</tr><tr bgcolor="#E3E3F3">
<th>eq_compend</th>
<td>RUA</td>
</tr><tr bgcolor="">
<th>eq_codcep</th>
<td>03969000</td>
</tr><tr bgcolor="#E3E3F3">
<th>eq_fone1</th>
<td>1137930131</td>
</tr><tr bgcolor="">
<th>eq_fone2</th>
<td></td>
</tr><tr bgcolor="#E3E3F3">
<th>eq_email</th>
<td></td>
</tr><tr bgcolor="">
<th>eq_cd_dirt</th>
<td>10208</td>
</tr><tr bgcolor="#E3E3F3">
<th>eq_diretor</th>
<td>LESTE 4</td>
</tr><tr bgcolor="">
<th>eq_dre</th>
<td>SAO MATEUS</td>
</tr><tr bgcolor="#E3E3F3">
<th>eq_cd_zona</th>
<td></td>
</tr><tr bgcolor="">
<th>eq_zona</th>
<td></td>
</tr><tr bgcolor="#E3E3F3">
<th>eq_cd_mec</th>
<td>35357066</td>
</tr><tr bgcolor="">
<th>eq_esfera</th>
<td>MUNICIPAL</td>
</tr><tr bgcolor="#E3E3F3">
<th>eq_cd_catg</th>
<td>1</td>
</tr><tr bgcolor="">
<th>eq_categor</th>
<td>ESCOLAS AUTONOMAS</td>
</tr><tr bgcolor="#E3E3F3">
<th>eq_eol</th>
<td>35357066</td>
</tr><tr bgcolor="">
<th>eq_horario</th>
<td>07:00-17:00</td>
</tr></table></center>]]></description>
			<styleUrl>#m_ylw-pushpin</styleUrl>
			<ExtendedData>
				<SchemaData schemaUrl="#kml_schema_ft_LL_WGS84_KMZ_TEMA_EDUCACAO_CEU">
					<SimpleData name="eq_id">5007</SimpleData>
					<SimpleData name="eq_nome">CEU CEI RUBEM ALVES</SimpleData>
					<SimpleData name="eq_enderec">MANUEL QUIRINO DE MATTOS SN</SimpleData>
					<SimpleData name="eq_bairro">JARDIM SAPOPEMBA</SimpleData>
					<SimpleData name="eq_cep">03969000</SimpleData>
					<SimpleData name="eq_tipo">CEU CEI</SimpleData>
					<SimpleData name="eq_classe">CEU</SimpleData>
					<SimpleData name="eq_telefon">1137930131 /</SimpleData>
					<SimpleData name="eq_setor">355030876000170</SimpleData>
					<SimpleData name="eq_areap">3550308005209</SimpleData>
					<SimpleData name="eq_cd_dist">76</SimpleData>
					<SimpleData name="eq_distr">SAPOPEMBA</SimpleData>
					<SimpleData name="eq_cd_subp">32</SimpleData>
					<SimpleData name="eq_subpref">SAPOPEMBA</SimpleData>
					<SimpleData name="eq_regiao5">Leste</SimpleData>
					<SimpleData name="eq_regiao8">Leste 1</SimpleData>
					<SimpleData name="eq_ender">MANUEL QUIRINO DE MATTOS</SimpleData>
					<SimpleData name="eq_num">SN</SimpleData>
					<SimpleData name="eq_compend">RUA</SimpleData>
					<SimpleData name="eq_codcep">03969000</SimpleData>
					<SimpleData name="eq_fone1">1137930131</SimpleData>
					<SimpleData name="eq_cd_dirt">10208</SimpleData>
					<SimpleData name="eq_diretor">LESTE 4</SimpleData>
					<SimpleData name="eq_dre">SAO MATEUS</SimpleData>
					<SimpleData name="eq_cd_mec">35357066</SimpleData>
					<SimpleData name="eq_esfera">MUNICIPAL</SimpleData>
					<SimpleData name="eq_cd_catg">1</SimpleData>
					<SimpleData name="eq_categor">ESCOLAS AUTONOMAS</SimpleData>
					<SimpleData name="eq_eol">35357066</SimpleData>
					<SimpleData name="eq_horario">07:00-17:00</SimpleData>
				</SchemaData>
			</ExtendedData>
			<Point>
				<coordinates>-46.4939584474166,-23.6093791028518,0</coordinates>
			</Point>
		</Placemark>
		<Placemark id="kml_107">
			<name>kml_107</name>
			<snippet></snippet>
			<description><![CDATA[<center><table><tr><th colspan='2' align='center'><em>Attributes</em></th></tr><tr bgcolor="#E3E3F3">
<th>eq_id</th>
<td>5008</td>
</tr><tr bgcolor="">
<th>eq_nome</th>
<td>CEU EMEI ERIKA DE SOUZA BRITO MATOS PROFA</td>
</tr><tr bgcolor="#E3E3F3">
<th>eq_enderec</th>
<td>MANUEL QUIRINO DE MATTOS SN</td>
</tr><tr bgcolor="">
<th>eq_bairro</th>
<td>JARDIM SAPOPEMBA</td>
</tr><tr bgcolor="#E3E3F3">
<th>eq_cep</th>
<td>03969000</td>
</tr><tr bgcolor="">
<th>eq_tipo</th>
<td>CEU EMEI</td>
</tr><tr bgcolor="#E3E3F3">
<th>eq_classe</th>
<td>CEU</td>
</tr><tr bgcolor="">
<th>eq_telefon</th>
<td>1137930132 / </td>
</tr><tr bgcolor="#E3E3F3">
<th>eq_setor</th>
<td>355030876000170</td>
</tr><tr bgcolor="">
<th>eq_areap</th>
<td>3550308005209</td>
</tr><tr bgcolor="#E3E3F3">
<th>eq_cd_dist</th>
<td>76</td>
</tr><tr bgcolor="">
<th>eq_distr</th>
<td>SAPOPEMBA</td>
</tr><tr bgcolor="#E3E3F3">
<th>eq_cd_subp</th>
<td>32</td>
</tr><tr bgcolor="">
<th>eq_subpref</th>
<td>SAPOPEMBA</td>
</tr><tr bgcolor="#E3E3F3">
<th>eq_regiao5</th>
<td>Leste</td>
</tr><tr bgcolor="">
<th>eq_regiao8</th>
<td>Leste 1</td>
</tr><tr bgcolor="#E3E3F3">
<th>eq_ender</th>
<td>MANUEL QUIRINO DE MATTOS</td>
</tr><tr bgcolor="">
<th>eq_num</th>
<td>SN</td>
</tr><tr bgcolor="#E3E3F3">
<th>eq_compend</th>
<td>RUA</td>
</tr><tr bgcolor="">
<th>eq_codcep</th>
<td>03969000</td>
</tr><tr bgcolor="#E3E3F3">
<th>eq_fone1</th>
<td>1137930132</td>
</tr><tr bgcolor="">
<th>eq_fone2</th>
<td></td>
</tr><tr bgcolor="#E3E3F3">
<th>eq_email</th>
<td></td>
</tr><tr bgcolor="">
<th>eq_cd_dirt</th>
<td>10208</td>
</tr><tr bgcolor="#E3E3F3">
<th>eq_diretor</th>
<td>LESTE 4</td>
</tr><tr bgcolor="">
<th>eq_dre</th>
<td>SAO MATEUS</td>
</tr><tr bgcolor="#E3E3F3">
<th>eq_cd_zona</th>
<td></td>
</tr><tr bgcolor="">
<th>eq_zona</th>
<td></td>
</tr><tr bgcolor="#E3E3F3">
<th>eq_cd_mec</th>
<td>35357085</td>
</tr><tr bgcolor="">
<th>eq_esfera</th>
<td>MUNICIPAL</td>
</tr><tr bgcolor="#E3E3F3">
<th>eq_cd_catg</th>
<td>1</td>
</tr><tr bgcolor="">
<th>eq_categor</th>
<td>ESCOLAS AUTONOMAS</td>
</tr><tr bgcolor="#E3E3F3">
<th>eq_eol</th>
<td>35357085</td>
</tr><tr bgcolor="">
<th>eq_horario</th>
<td>07:00-19:00</td>
</tr></table></center>]]></description>
			<styleUrl>#m_ylw-pushpin</styleUrl>
			<ExtendedData>
				<SchemaData schemaUrl="#kml_schema_ft_LL_WGS84_KMZ_TEMA_EDUCACAO_CEU">
					<SimpleData name="eq_id">5008</SimpleData>
					<SimpleData name="eq_nome">CEU EMEI ERIKA DE SOUZA BRITO MATOS PROFA</SimpleData>
					<SimpleData name="eq_enderec">MANUEL QUIRINO DE MATTOS SN</SimpleData>
					<SimpleData name="eq_bairro">JARDIM SAPOPEMBA</SimpleData>
					<SimpleData name="eq_cep">03969000</SimpleData>
					<SimpleData name="eq_tipo">CEU EMEI</SimpleData>
					<SimpleData name="eq_classe">CEU</SimpleData>
					<SimpleData name="eq_telefon">1137930132 /</SimpleData>
					<SimpleData name="eq_setor">355030876000170</SimpleData>
					<SimpleData name="eq_areap">3550308005209</SimpleData>
					<SimpleData name="eq_cd_dist">76</SimpleData>
					<SimpleData name="eq_distr">SAPOPEMBA</SimpleData>
					<SimpleData name="eq_cd_subp">32</SimpleData>
					<SimpleData name="eq_subpref">SAPOPEMBA</SimpleData>
					<SimpleData name="eq_regiao5">Leste</SimpleData>
					<SimpleData name="eq_regiao8">Leste 1</SimpleData>
					<SimpleData name="eq_ender">MANUEL QUIRINO DE MATTOS</SimpleData>
					<SimpleData name="eq_num">SN</SimpleData>
					<SimpleData name="eq_compend">RUA</SimpleData>
					<SimpleData name="eq_codcep">03969000</SimpleData>
					<SimpleData name="eq_fone1">1137930132</SimpleData>
					<SimpleData name="eq_cd_dirt">10208</SimpleData>
					<SimpleData name="eq_diretor">LESTE 4</SimpleData>
					<SimpleData name="eq_dre">SAO MATEUS</SimpleData>
					<SimpleData name="eq_cd_mec">35357085</SimpleData>
					<SimpleData name="eq_esfera">MUNICIPAL</SimpleData>
					<SimpleData name="eq_cd_catg">1</SimpleData>
					<SimpleData name="eq_categor">ESCOLAS AUTONOMAS</SimpleData>
					<SimpleData name="eq_eol">35357085</SimpleData>
					<SimpleData name="eq_horario">07:00-19:00</SimpleData>
				</SchemaData>
			</ExtendedData>
			<Point>
				<coordinates>-46.494274516712,-23.6094841571561,0</coordinates>
			</Point>
		</Placemark>
		<Placemark id="kml_108">
			<name>kml_108</name>
			<snippet></snippet>
			<description><![CDATA[<center><table><tr><th colspan='2' align='center'><em>Attributes</em></th></tr><tr bgcolor="#E3E3F3">
<th>eq_id</th>
<td>5009</td>
</tr><tr bgcolor="">
<th>eq_nome</th>
<td>CEU EMEF TATIANA BELINKY</td>
</tr><tr bgcolor="#E3E3F3">
<th>eq_enderec</th>
<td>MANUEL QUIRINO DE MATTOS SN</td>
</tr><tr bgcolor="">
<th>eq_bairro</th>
<td>JARDIM SAPOPEMBA</td>
</tr><tr bgcolor="#E3E3F3">
<th>eq_cep</th>
<td>03969000</td>
</tr><tr bgcolor="">
<th>eq_tipo</th>
<td>CEU EMEF</td>
</tr><tr bgcolor="#E3E3F3">
<th>eq_classe</th>
<td>CEU</td>
</tr><tr bgcolor="">
<th>eq_telefon</th>
<td>1120759110 / </td>
</tr><tr bgcolor="#E3E3F3">
<th>eq_setor</th>
<td>355030876000170</td>
</tr><tr bgcolor="">
<th>eq_areap</th>
<td>3550308005209</td>
</tr><tr bgcolor="#E3E3F3">
<th>eq_cd_dist</th>
<td>76</td>
</tr><tr bgcolor="">
<th>eq_distr</th>
<td>SAPOPEMBA</td>
</tr><tr bgcolor="#E3E3F3">
<th>eq_cd_subp</th>
<td>32</td>
</tr><tr bgcolor="">
<th>eq_subpref</th>
<td>SAPOPEMBA</td>
</tr><tr bgcolor="#E3E3F3">
<th>eq_regiao5</th>
<td>Leste</td>
</tr><tr bgcolor="">
<th>eq_regiao8</th>
<td>Leste 1</td>
</tr><tr bgcolor="#E3E3F3">
<th>eq_ender</th>
<td>MANUEL QUIRINO DE MATTOS</td>
</tr><tr bgcolor="">
<th>eq_num</th>
<td>SN</td>
</tr><tr bgcolor="#E3E3F3">
<th>eq_compend</th>
<td>RUA</td>
</tr><tr bgcolor="">
<th>eq_codcep</th>
<td>03969000</td>
</tr><tr bgcolor="#E3E3F3">
<th>eq_fone1</th>
<td>1120759110</td>
</tr><tr bgcolor="">
<th>eq_fone2</th>
<td></td>
</tr><tr bgcolor="#E3E3F3">
<th>eq_email</th>
<td>EMEFCEUTATIANABELINKY@SME.PREFEITURA.SP.GOV.BR</td>
</tr><tr bgcolor="">
<th>eq_cd_dirt</th>
<td>10208</td>
</tr><tr bgcolor="#E3E3F3">
<th>eq_diretor</th>
<td>LESTE 4</td>
</tr><tr bgcolor="">
<th>eq_dre</th>
<td>SAO MATEUS</td>
</tr><tr bgcolor="#E3E3F3">
<th>eq_cd_zona</th>
<td></td>
</tr><tr bgcolor="">
<th>eq_zona</th>
<td></td>
</tr><tr bgcolor="#E3E3F3">
<th>eq_cd_mec</th>
<td>35357091</td>
</tr><tr bgcolor="">
<th>eq_esfera</th>
<td>MUNICIPAL</td>
</tr><tr bgcolor="#E3E3F3">
<th>eq_cd_catg</th>
<td>1</td>
</tr><tr bgcolor="">
<th>eq_categor</th>
<td>ESCOLAS AUTONOMAS</td>
</tr><tr bgcolor="#E3E3F3">
<th>eq_eol</th>
<td>35357091</td>
</tr><tr bgcolor="">
<th>eq_horario</th>
<td>07:00-18:30</td>
</tr></table></center>]]></description>
			<styleUrl>#m_ylw-pushpin</styleUrl>
			<ExtendedData>
				<SchemaData schemaUrl="#kml_schema_ft_LL_WGS84_KMZ_TEMA_EDUCACAO_CEU">
					<SimpleData name="eq_id">5009</SimpleData>
					<SimpleData name="eq_nome">CEU EMEF TATIANA BELINKY</SimpleData>
					<SimpleData name="eq_enderec">MANUEL QUIRINO DE MATTOS SN</SimpleData>
					<SimpleData name="eq_bairro">JARDIM SAPOPEMBA</SimpleData>
					<SimpleData name="eq_cep">03969000</SimpleData>
					<SimpleData name="eq_tipo">CEU EMEF</SimpleData>
					<SimpleData name="eq_classe">CEU</SimpleData>
					<SimpleData name="eq_telefon">1120759110 /</SimpleData>
					<SimpleData name="eq_setor">355030876000170</SimpleData>
					<SimpleData name="eq_areap">3550308005209</SimpleData>
					<SimpleData name="eq_cd_dist">76</SimpleData>
					<SimpleData name="eq_distr">SAPOPEMBA</SimpleData>
					<SimpleData name="eq_cd_subp">32</SimpleData>
					<SimpleData name="eq_subpref">SAPOPEMBA</SimpleData>
					<SimpleData name="eq_regiao5">Leste</SimpleData>
					<SimpleData name="eq_regiao8">Leste 1</SimpleData>
					<SimpleData name="eq_ender">MANUEL QUIRINO DE MATTOS</SimpleData>
					<SimpleData name="eq_num">SN</SimpleData>
					<SimpleData name="eq_compend">RUA</SimpleData>
					<SimpleData name="eq_codcep">03969000</SimpleData>
					<SimpleData name="eq_fone1">1120759110</SimpleData>
					<SimpleData name="eq_email">EMEFCEUTATIANABELINKY@SME.PREFEITURA.SP.GOV.BR</SimpleData>
					<SimpleData name="eq_cd_dirt">10208</SimpleData>
					<SimpleData name="eq_diretor">LESTE 4</SimpleData>
					<SimpleData name="eq_dre">SAO MATEUS</SimpleData>
					<SimpleData name="eq_cd_mec">35357091</SimpleData>
					<SimpleData name="eq_esfera">MUNICIPAL</SimpleData>
					<SimpleData name="eq_cd_catg">1</SimpleData>
					<SimpleData name="eq_categor">ESCOLAS AUTONOMAS</SimpleData>
					<SimpleData name="eq_eol">35357091</SimpleData>
					<SimpleData name="eq_horario">07:00-18:30</SimpleData>
				</SchemaData>
			</ExtendedData>
			<Point>
				<coordinates>-46.4947465164526,-23.6095641392496,0</coordinates>
			</Point>
		</Placemark>
		<Placemark id="kml_109">
			<name>kml_109</name>
			<snippet></snippet>
			<description><![CDATA[<center><table><tr><th colspan='2' align='center'><em>Attributes</em></th></tr><tr bgcolor="#E3E3F3">
<th>eq_id</th>
<td>5010</td>
</tr><tr bgcolor="">
<th>eq_nome</th>
<td>CEU CEI TRES PONTES</td>
</tr><tr bgcolor="#E3E3F3">
<th>eq_enderec</th>
<td>CAPACHOS 344</td>
</tr><tr bgcolor="">
<th>eq_bairro</th>
<td>JARDIM CELIA</td>
</tr><tr bgcolor="#E3E3F3">
<th>eq_cep</th>
<td>08191000</td>
</tr><tr bgcolor="">
<th>eq_tipo</th>
<td>CEU CEI</td>
</tr><tr bgcolor="#E3E3F3">
<th>eq_classe</th>
<td>CEU</td>
</tr><tr bgcolor="">
<th>eq_telefon</th>
<td>1133976414 / </td>
</tr><tr bgcolor="#E3E3F3">
<th>eq_setor</th>
<td>355030844000190</td>
</tr><tr bgcolor="">
<th>eq_areap</th>
<td>3550308005247</td>
</tr><tr bgcolor="#E3E3F3">
<th>eq_cd_dist</th>
<td>44</td>
</tr><tr bgcolor="">
<th>eq_distr</th>
<td>JARDIM HELENA</td>
</tr><tr bgcolor="#E3E3F3">
<th>eq_cd_subp</th>
<td>23</td>
</tr><tr bgcolor="">
<th>eq_subpref</th>
<td>SAO MIGUEL</td>
</tr><tr bgcolor="#E3E3F3">
<th>eq_regiao5</th>
<td>Leste</td>
</tr><tr bgcolor="">
<th>eq_regiao8</th>
<td>Leste 2</td>
</tr><tr bgcolor="#E3E3F3">
<th>eq_ender</th>
<td>CAPACHOS</td>
</tr><tr bgcolor="">
<th>eq_num</th>
<td>344</td>
</tr><tr bgcolor="#E3E3F3">
<th>eq_compend</th>
<td>RUA</td>
</tr><tr bgcolor="">
<th>eq_codcep</th>
<td>08191000</td>
</tr><tr bgcolor="#E3E3F3">
<th>eq_fone1</th>
<td>1133976414</td>
</tr><tr bgcolor="">
<th>eq_fone2</th>
<td></td>
</tr><tr bgcolor="#E3E3F3">
<th>eq_email</th>
<td></td>
</tr><tr bgcolor="">
<th>eq_cd_dirt</th>
<td>10210</td>
</tr><tr bgcolor="#E3E3F3">
<th>eq_diretor</th>
<td>LESTE 2</td>
</tr><tr bgcolor="">
<th>eq_dre</th>
<td>SAO MIGUEL</td>
</tr><tr bgcolor="#E3E3F3">
<th>eq_cd_zona</th>
<td></td>
</tr><tr bgcolor="">
<th>eq_zona</th>
<td></td>
</tr><tr bgcolor="#E3E3F3">
<th>eq_cd_mec</th>
<td>35357108</td>
</tr><tr bgcolor="">
<th>eq_esfera</th>
<td>MUNICIPAL</td>
</tr><tr bgcolor="#E3E3F3">
<th>eq_cd_catg</th>
<td>1</td>
</tr><tr bgcolor="">
<th>eq_categor</th>
<td>ESCOLAS AUTONOMAS</td>
</tr><tr bgcolor="#E3E3F3">
<th>eq_eol</th>
<td>35357108</td>
</tr><tr bgcolor="">
<th>eq_horario</th>
<td>07:00-17:00</td>
</tr></table></center>]]></description>
			<styleUrl>#m_ylw-pushpin</styleUrl>
			<ExtendedData>
				<SchemaData schemaUrl="#kml_schema_ft_LL_WGS84_KMZ_TEMA_EDUCACAO_CEU">
					<SimpleData name="eq_id">5010</SimpleData>
					<SimpleData name="eq_nome">CEU CEI TRES PONTES</SimpleData>
					<SimpleData name="eq_enderec">CAPACHOS 344</SimpleData>
					<SimpleData name="eq_bairro">JARDIM CELIA</SimpleData>
					<SimpleData name="eq_cep">08191000</SimpleData>
					<SimpleData name="eq_tipo">CEU CEI</SimpleData>
					<SimpleData name="eq_classe">CEU</SimpleData>
					<SimpleData name="eq_telefon">1133976414 /</SimpleData>
					<SimpleData name="eq_setor">355030844000190</SimpleData>
					<SimpleData name="eq_areap">3550308005247</SimpleData>
					<SimpleData name="eq_cd_dist">44</SimpleData>
					<SimpleData name="eq_distr">JARDIM HELENA</SimpleData>
					<SimpleData name="eq_cd_subp">23</SimpleData>
					<SimpleData name="eq_subpref">SAO MIGUEL</SimpleData>
					<SimpleData name="eq_regiao5">Leste</SimpleData>
					<SimpleData name="eq_regiao8">Leste 2</SimpleData>
					<SimpleData name="eq_ender">CAPACHOS</SimpleData>
					<SimpleData name="eq_num">344</SimpleData>
					<SimpleData name="eq_compend">RUA</SimpleData>
					<SimpleData name="eq_codcep">08191000</SimpleData>
					<SimpleData name="eq_fone1">1133976414</SimpleData>
					<SimpleData name="eq_cd_dirt">10210</SimpleData>
					<SimpleData name="eq_diretor">LESTE 2</SimpleData>
					<SimpleData name="eq_dre">SAO MIGUEL</SimpleData>
					<SimpleData name="eq_cd_mec">35357108</SimpleData>
					<SimpleData name="eq_esfera">MUNICIPAL</SimpleData>
					<SimpleData name="eq_cd_catg">1</SimpleData>
					<SimpleData name="eq_categor">ESCOLAS AUTONOMAS</SimpleData>
					<SimpleData name="eq_eol">35357108</SimpleData>
					<SimpleData name="eq_horario">07:00-17:00</SimpleData>
				</SchemaData>
			</ExtendedData>
			<Point>
				<coordinates>-46.381527101848,-23.4785048746042,0</coordinates>
			</Point>
		</Placemark>
		<Placemark id="kml_110">
			<name>kml_110</name>
			<snippet></snippet>
			<description><![CDATA[<center><table><tr><th colspan='2' align='center'><em>Attributes</em></th></tr><tr bgcolor="#E3E3F3">
<th>eq_id</th>
<td>5011</td>
</tr><tr bgcolor="">
<th>eq_nome</th>
<td>CEU EMEI TRES PONTES</td>
</tr><tr bgcolor="#E3E3F3">
<th>eq_enderec</th>
<td>CAPACHOS 344</td>
</tr><tr bgcolor="">
<th>eq_bairro</th>
<td>JARDIM CELIA</td>
</tr><tr bgcolor="#E3E3F3">
<th>eq_cep</th>
<td>08191000</td>
</tr><tr bgcolor="">
<th>eq_tipo</th>
<td>CEU EMEI</td>
</tr><tr bgcolor="#E3E3F3">
<th>eq_classe</th>
<td>CEU</td>
</tr><tr bgcolor="">
<th>eq_telefon</th>
<td>1120258346 / </td>
</tr><tr bgcolor="#E3E3F3">
<th>eq_setor</th>
<td>355030844000190</td>
</tr><tr bgcolor="">
<th>eq_areap</th>
<td>3550308005247</td>
</tr><tr bgcolor="#E3E3F3">
<th>eq_cd_dist</th>
<td>44</td>
</tr><tr bgcolor="">
<th>eq_distr</th>
<td>JARDIM HELENA</td>
</tr><tr bgcolor="#E3E3F3">
<th>eq_cd_subp</th>
<td>23</td>
</tr><tr bgcolor="">
<th>eq_subpref</th>
<td>SAO MIGUEL</td>
</tr><tr bgcolor="#E3E3F3">
<th>eq_regiao5</th>
<td>Leste</td>
</tr><tr bgcolor="">
<th>eq_regiao8</th>
<td>Leste 2</td>
</tr><tr bgcolor="#E3E3F3">
<th>eq_ender</th>
<td>CAPACHOS</td>
</tr><tr bgcolor="">
<th>eq_num</th>
<td>344</td>
</tr><tr bgcolor="#E3E3F3">
<th>eq_compend</th>
<td>RUA</td>
</tr><tr bgcolor="">
<th>eq_codcep</th>
<td>08191000</td>
</tr><tr bgcolor="#E3E3F3">
<th>eq_fone1</th>
<td>1120258346</td>
</tr><tr bgcolor="">
<th>eq_fone2</th>
<td></td>
</tr><tr bgcolor="#E3E3F3">
<th>eq_email</th>
<td></td>
</tr><tr bgcolor="">
<th>eq_cd_dirt</th>
<td>10210</td>
</tr><tr bgcolor="#E3E3F3">
<th>eq_diretor</th>
<td>LESTE 2</td>
</tr><tr bgcolor="">
<th>eq_dre</th>
<td>SAO MIGUEL</td>
</tr><tr bgcolor="#E3E3F3">
<th>eq_cd_zona</th>
<td></td>
</tr><tr bgcolor="">
<th>eq_zona</th>
<td></td>
</tr><tr bgcolor="#E3E3F3">
<th>eq_cd_mec</th>
<td>35357112</td>
</tr><tr bgcolor="">
<th>eq_esfera</th>
<td>MUNICIPAL</td>
</tr><tr bgcolor="#E3E3F3">
<th>eq_cd_catg</th>
<td>1</td>
</tr><tr bgcolor="">
<th>eq_categor</th>
<td>ESCOLAS AUTONOMAS</td>
</tr><tr bgcolor="#E3E3F3">
<th>eq_eol</th>
<td>35357112</td>
</tr><tr bgcolor="">
<th>eq_horario</th>
<td>07:00-19:00</td>
</tr></table></center>]]></description>
			<styleUrl>#m_ylw-pushpin</styleUrl>
			<ExtendedData>
				<SchemaData schemaUrl="#kml_schema_ft_LL_WGS84_KMZ_TEMA_EDUCACAO_CEU">
					<SimpleData name="eq_id">5011</SimpleData>
					<SimpleData name="eq_nome">CEU EMEI TRES PONTES</SimpleData>
					<SimpleData name="eq_enderec">CAPACHOS 344</SimpleData>
					<SimpleData name="eq_bairro">JARDIM CELIA</SimpleData>
					<SimpleData name="eq_cep">08191000</SimpleData>
					<SimpleData name="eq_tipo">CEU EMEI</SimpleData>
					<SimpleData name="eq_classe">CEU</SimpleData>
					<SimpleData name="eq_telefon">1120258346 /</SimpleData>
					<SimpleData name="eq_setor">355030844000190</SimpleData>
					<SimpleData name="eq_areap">3550308005247</SimpleData>
					<SimpleData name="eq_cd_dist">44</SimpleData>
					<SimpleData name="eq_distr">JARDIM HELENA</SimpleData>
					<SimpleData name="eq_cd_subp">23</SimpleData>
					<SimpleData name="eq_subpref">SAO MIGUEL</SimpleData>
					<SimpleData name="eq_regiao5">Leste</SimpleData>
					<SimpleData name="eq_regiao8">Leste 2</SimpleData>
					<SimpleData name="eq_ender">CAPACHOS</SimpleData>
					<SimpleData name="eq_num">344</SimpleData>
					<SimpleData name="eq_compend">RUA</SimpleData>
					<SimpleData name="eq_codcep">08191000</SimpleData>
					<SimpleData name="eq_fone1">1120258346</SimpleData>
					<SimpleData name="eq_cd_dirt">10210</SimpleData>
					<SimpleData name="eq_diretor">LESTE 2</SimpleData>
					<SimpleData name="eq_dre">SAO MIGUEL</SimpleData>
					<SimpleData name="eq_cd_mec">35357112</SimpleData>
					<SimpleData name="eq_esfera">MUNICIPAL</SimpleData>
					<SimpleData name="eq_cd_catg">1</SimpleData>
					<SimpleData name="eq_categor">ESCOLAS AUTONOMAS</SimpleData>
					<SimpleData name="eq_eol">35357112</SimpleData>
					<SimpleData name="eq_horario">07:00-19:00</SimpleData>
				</SchemaData>
			</ExtendedData>
			<Point>
				<coordinates>-46.3813970306051,-23.47870687885341,0</coordinates>
			</Point>
		</Placemark>
		<Placemark id="kml_111">
			<name>kml_111</name>
			<snippet></snippet>
			<description><![CDATA[<center><table><tr><th colspan='2' align='center'><em>Attributes</em></th></tr><tr bgcolor="#E3E3F3">
<th>eq_id</th>
<td>5012</td>
</tr><tr bgcolor="">
<th>eq_nome</th>
<td>CEU EMEF TRES PONTES</td>
</tr><tr bgcolor="#E3E3F3">
<th>eq_enderec</th>
<td>CAPACHOS 344</td>
</tr><tr bgcolor="">
<th>eq_bairro</th>
<td>JARDIM CELIA</td>
</tr><tr bgcolor="#E3E3F3">
<th>eq_cep</th>
<td>08191000</td>
</tr><tr bgcolor="">
<th>eq_tipo</th>
<td>CEU EMEF</td>
</tr><tr bgcolor="#E3E3F3">
<th>eq_classe</th>
<td>CEU</td>
</tr><tr bgcolor="">
<th>eq_telefon</th>
<td>1121569654 / </td>
</tr><tr bgcolor="#E3E3F3">
<th>eq_setor</th>
<td>355030844000190</td>
</tr><tr bgcolor="">
<th>eq_areap</th>
<td>3550308005247</td>
</tr><tr bgcolor="#E3E3F3">
<th>eq_cd_dist</th>
<td>44</td>
</tr><tr bgcolor="">
<th>eq_distr</th>
<td>JARDIM HELENA</td>
</tr><tr bgcolor="#E3E3F3">
<th>eq_cd_subp</th>
<td>23</td>
</tr><tr bgcolor="">
<th>eq_subpref</th>
<td>SAO MIGUEL</td>
</tr><tr bgcolor="#E3E3F3">
<th>eq_regiao5</th>
<td>Leste</td>
</tr><tr bgcolor="">
<th>eq_regiao8</th>
<td>Leste 2</td>
</tr><tr bgcolor="#E3E3F3">
<th>eq_ender</th>
<td>CAPACHOS</td>
</tr><tr bgcolor="">
<th>eq_num</th>
<td>344</td>
</tr><tr bgcolor="#E3E3F3">
<th>eq_compend</th>
<td>RUA</td>
</tr><tr bgcolor="">
<th>eq_codcep</th>
<td>08191000</td>
</tr><tr bgcolor="#E3E3F3">
<th>eq_fone1</th>
<td>1121569654</td>
</tr><tr bgcolor="">
<th>eq_fone2</th>
<td></td>
</tr><tr bgcolor="#E3E3F3">
<th>eq_email</th>
<td>EMEFCEUTRESPONTES@SME.PREFEITURA.SP.GOV.BR</td>
</tr><tr bgcolor="">
<th>eq_cd_dirt</th>
<td>10210</td>
</tr><tr bgcolor="#E3E3F3">
<th>eq_diretor</th>
<td>LESTE 2</td>
</tr><tr bgcolor="">
<th>eq_dre</th>
<td>SAO MIGUEL</td>
</tr><tr bgcolor="#E3E3F3">
<th>eq_cd_zona</th>
<td></td>
</tr><tr bgcolor="">
<th>eq_zona</th>
<td></td>
</tr><tr bgcolor="#E3E3F3">
<th>eq_cd_mec</th>
<td>35357121</td>
</tr><tr bgcolor="">
<th>eq_esfera</th>
<td>MUNICIPAL</td>
</tr><tr bgcolor="#E3E3F3">
<th>eq_cd_catg</th>
<td>1</td>
</tr><tr bgcolor="">
<th>eq_categor</th>
<td>ESCOLAS AUTONOMAS</td>
</tr><tr bgcolor="#E3E3F3">
<th>eq_eol</th>
<td>35357121</td>
</tr><tr bgcolor="">
<th>eq_horario</th>
<td>07:00-18:30</td>
</tr></table></center>]]></description>
			<styleUrl>#m_ylw-pushpin</styleUrl>
			<ExtendedData>
				<SchemaData schemaUrl="#kml_schema_ft_LL_WGS84_KMZ_TEMA_EDUCACAO_CEU">
					<SimpleData name="eq_id">5012</SimpleData>
					<SimpleData name="eq_nome">CEU EMEF TRES PONTES</SimpleData>
					<SimpleData name="eq_enderec">CAPACHOS 344</SimpleData>
					<SimpleData name="eq_bairro">JARDIM CELIA</SimpleData>
					<SimpleData name="eq_cep">08191000</SimpleData>
					<SimpleData name="eq_tipo">CEU EMEF</SimpleData>
					<SimpleData name="eq_classe">CEU</SimpleData>
					<SimpleData name="eq_telefon">1121569654 /</SimpleData>
					<SimpleData name="eq_setor">355030844000190</SimpleData>
					<SimpleData name="eq_areap">3550308005247</SimpleData>
					<SimpleData name="eq_cd_dist">44</SimpleData>
					<SimpleData name="eq_distr">JARDIM HELENA</SimpleData>
					<SimpleData name="eq_cd_subp">23</SimpleData>
					<SimpleData name="eq_subpref">SAO MIGUEL</SimpleData>
					<SimpleData name="eq_regiao5">Leste</SimpleData>
					<SimpleData name="eq_regiao8">Leste 2</SimpleData>
					<SimpleData name="eq_ender">CAPACHOS</SimpleData>
					<SimpleData name="eq_num">344</SimpleData>
					<SimpleData name="eq_compend">RUA</SimpleData>
					<SimpleData name="eq_codcep">08191000</SimpleData>
					<SimpleData name="eq_fone1">1121569654</SimpleData>
					<SimpleData name="eq_email">EMEFCEUTRESPONTES@SME.PREFEITURA.SP.GOV.BR</SimpleData>
					<SimpleData name="eq_cd_dirt">10210</SimpleData>
					<SimpleData name="eq_diretor">LESTE 2</SimpleData>
					<SimpleData name="eq_dre">SAO MIGUEL</SimpleData>
					<SimpleData name="eq_cd_mec">35357121</SimpleData>
					<SimpleData name="eq_esfera">MUNICIPAL</SimpleData>
					<SimpleData name="eq_cd_catg">1</SimpleData>
					<SimpleData name="eq_categor">ESCOLAS AUTONOMAS</SimpleData>
					<SimpleData name="eq_eol">35357121</SimpleData>
					<SimpleData name="eq_horario">07:00-18:30</SimpleData>
				</SchemaData>
			</ExtendedData>
			<Point>
				<coordinates>-46.38127211052851,-23.4788488709007,0</coordinates>
			</Point>
		</Placemark>
		<Placemark id="kml_112">
			<name>kml_112</name>
			<snippet></snippet>
			<description><![CDATA[<center><table><tr><th colspan='2' align='center'><em>Attributes</em></th></tr><tr bgcolor="#E3E3F3">
<th>eq_id</th>
<td>5055</td>
</tr><tr bgcolor="">
<th>eq_nome</th>
<td>CEU CEI CAMINHO DO MAR</td>
</tr><tr bgcolor="#E3E3F3">
<th>eq_enderec</th>
<td>ARMANDO DE ARRUDA PEREIRA ENGENHEIRO 5080</td>
</tr><tr bgcolor="">
<th>eq_bairro</th>
<td>JABAQUARA</td>
</tr><tr bgcolor="#E3E3F3">
<th>eq_cep</th>
<td>04308000</td>
</tr><tr bgcolor="">
<th>eq_tipo</th>
<td>CEU CEI</td>
</tr><tr bgcolor="#E3E3F3">
<th>eq_classe</th>
<td>CEU</td>
</tr><tr bgcolor="">
<th>eq_telefon</th>
<td>1133965563 / </td>
</tr><tr bgcolor="#E3E3F3">
<th>eq_setor</th>
<td>355030838000207</td>
</tr><tr bgcolor="">
<th>eq_areap</th>
<td>3550308005163</td>
</tr><tr bgcolor="#E3E3F3">
<th>eq_cd_dist</th>
<td>38</td>
</tr><tr bgcolor="">
<th>eq_distr</th>
<td>JABAQUARA</td>
</tr><tr bgcolor="#E3E3F3">
<th>eq_cd_subp</th>
<td>15</td>
</tr><tr bgcolor="">
<th>eq_subpref</th>
<td>JABAQUARA</td>
</tr><tr bgcolor="#E3E3F3">
<th>eq_regiao5</th>
<td>Sul</td>
</tr><tr bgcolor="">
<th>eq_regiao8</th>
<td>Sul 1</td>
</tr><tr bgcolor="#E3E3F3">
<th>eq_ender</th>
<td>ARMANDO DE ARRUDA PEREIRA ENGENHEIRO</td>
</tr><tr bgcolor="">
<th>eq_num</th>
<td>5080</td>
</tr><tr bgcolor="#E3E3F3">
<th>eq_compend</th>
<td>AVENIDA</td>
</tr><tr bgcolor="">
<th>eq_codcep</th>
<td>04308000</td>
</tr><tr bgcolor="#E3E3F3">
<th>eq_fone1</th>
<td>1133965563</td>
</tr><tr bgcolor="">
<th>eq_fone2</th>
<td></td>
</tr><tr bgcolor="#E3E3F3">
<th>eq_email</th>
<td></td>
</tr><tr bgcolor="">
<th>eq_cd_dirt</th>
<td>10317</td>
</tr><tr bgcolor="#E3E3F3">
<th>eq_diretor</th>
<td>SUL 1</td>
</tr><tr bgcolor="">
<th>eq_dre</th>
<td>SANTO AMARO</td>
</tr><tr bgcolor="#E3E3F3">
<th>eq_cd_zona</th>
<td></td>
</tr><tr bgcolor="">
<th>eq_zona</th>
<td></td>
</tr><tr bgcolor="#E3E3F3">
<th>eq_cd_mec</th>
<td>35381044</td>
</tr><tr bgcolor="">
<th>eq_esfera</th>
<td>MUNICIPAL</td>
</tr><tr bgcolor="#E3E3F3">
<th>eq_cd_catg</th>
<td>1</td>
</tr><tr bgcolor="">
<th>eq_categor</th>
<td>ESCOLAS AUTONOMAS</td>
</tr><tr bgcolor="#E3E3F3">
<th>eq_eol</th>
<td>35381044</td>
</tr><tr bgcolor="">
<th>eq_horario</th>
<td>07:00-18:00</td>
</tr></table></center>]]></description>
			<styleUrl>#m_ylw-pushpin</styleUrl>
			<ExtendedData>
				<SchemaData schemaUrl="#kml_schema_ft_LL_WGS84_KMZ_TEMA_EDUCACAO_CEU">
					<SimpleData name="eq_id">5055</SimpleData>
					<SimpleData name="eq_nome">CEU CEI CAMINHO DO MAR</SimpleData>
					<SimpleData name="eq_enderec">ARMANDO DE ARRUDA PEREIRA ENGENHEIRO 5080</SimpleData>
					<SimpleData name="eq_bairro">JABAQUARA</SimpleData>
					<SimpleData name="eq_cep">04308000</SimpleData>
					<SimpleData name="eq_tipo">CEU CEI</SimpleData>
					<SimpleData name="eq_classe">CEU</SimpleData>
					<SimpleData name="eq_telefon">1133965563 /</SimpleData>
					<SimpleData name="eq_setor">355030838000207</SimpleData>
					<SimpleData name="eq_areap">3550308005163</SimpleData>
					<SimpleData name="eq_cd_dist">38</SimpleData>
					<SimpleData name="eq_distr">JABAQUARA</SimpleData>
					<SimpleData name="eq_cd_subp">15</SimpleData>
					<SimpleData name="eq_subpref">JABAQUARA</SimpleData>
					<SimpleData name="eq_regiao5">Sul</SimpleData>
					<SimpleData name="eq_regiao8">Sul 1</SimpleData>
					<SimpleData name="eq_ender">ARMANDO DE ARRUDA PEREIRA ENGENHEIRO</SimpleData>
					<SimpleData name="eq_num">5080</SimpleData>
					<SimpleData name="eq_compend">AVENIDA</SimpleData>
					<SimpleData name="eq_codcep">04308000</SimpleData>
					<SimpleData name="eq_fone1">1133965563</SimpleData>
					<SimpleData name="eq_cd_dirt">10317</SimpleData>
					<SimpleData name="eq_diretor">SUL 1</SimpleData>
					<SimpleData name="eq_dre">SANTO AMARO</SimpleData>
					<SimpleData name="eq_cd_mec">35381044</SimpleData>
					<SimpleData name="eq_esfera">MUNICIPAL</SimpleData>
					<SimpleData name="eq_cd_catg">1</SimpleData>
					<SimpleData name="eq_categor">ESCOLAS AUTONOMAS</SimpleData>
					<SimpleData name="eq_eol">35381044</SimpleData>
					<SimpleData name="eq_horario">07:00-18:00</SimpleData>
				</SchemaData>
			</ExtendedData>
			<Point>
				<coordinates>-46.6357698689271,-23.6679719243302,0</coordinates>
			</Point>
		</Placemark>
		<Placemark id="kml_113">
			<name>kml_113</name>
			<snippet></snippet>
			<description><![CDATA[<center><table><tr><th colspan='2' align='center'><em>Attributes</em></th></tr><tr bgcolor="#E3E3F3">
<th>eq_id</th>
<td>5057</td>
</tr><tr bgcolor="">
<th>eq_nome</th>
<td>CEU EMEI CAMINHO DO MAR</td>
</tr><tr bgcolor="#E3E3F3">
<th>eq_enderec</th>
<td>ARMANDO DE ARRUDA PEREIRA ENGENHEIRO 5080</td>
</tr><tr bgcolor="">
<th>eq_bairro</th>
<td>JABAQUARA</td>
</tr><tr bgcolor="#E3E3F3">
<th>eq_cep</th>
<td>04308000</td>
</tr><tr bgcolor="">
<th>eq_tipo</th>
<td>CEU EMEI</td>
</tr><tr bgcolor="#E3E3F3">
<th>eq_classe</th>
<td>CEU</td>
</tr><tr bgcolor="">
<th>eq_telefon</th>
<td>1133965574 / </td>
</tr><tr bgcolor="#E3E3F3">
<th>eq_setor</th>
<td>355030838000207</td>
</tr><tr bgcolor="">
<th>eq_areap</th>
<td>3550308005095</td>
</tr><tr bgcolor="#E3E3F3">
<th>eq_cd_dist</th>
<td>38</td>
</tr><tr bgcolor="">
<th>eq_distr</th>
<td>JABAQUARA</td>
</tr><tr bgcolor="#E3E3F3">
<th>eq_cd_subp</th>
<td>15</td>
</tr><tr bgcolor="">
<th>eq_subpref</th>
<td>JABAQUARA</td>
</tr><tr bgcolor="#E3E3F3">
<th>eq_regiao5</th>
<td>Sul</td>
</tr><tr bgcolor="">
<th>eq_regiao8</th>
<td>Sul 1</td>
</tr><tr bgcolor="#E3E3F3">
<th>eq_ender</th>
<td>ARMANDO DE ARRUDA PEREIRA ENGENHEIRO</td>
</tr><tr bgcolor="">
<th>eq_num</th>
<td>5080</td>
</tr><tr bgcolor="#E3E3F3">
<th>eq_compend</th>
<td>AVENIDA</td>
</tr><tr bgcolor="">
<th>eq_codcep</th>
<td>04308000</td>
</tr><tr bgcolor="#E3E3F3">
<th>eq_fone1</th>
<td>1133965574</td>
</tr><tr bgcolor="">
<th>eq_fone2</th>
<td></td>
</tr><tr bgcolor="#E3E3F3">
<th>eq_email</th>
<td>EMEICEUCAMINHOMAR@SME.PREFEITURA.SP.GOV.BR</td>
</tr><tr bgcolor="">
<th>eq_cd_dirt</th>
<td>10317</td>
</tr><tr bgcolor="#E3E3F3">
<th>eq_diretor</th>
<td>SUL 1</td>
</tr><tr bgcolor="">
<th>eq_dre</th>
<td>SANTO AMARO</td>
</tr><tr bgcolor="#E3E3F3">
<th>eq_cd_zona</th>
<td></td>
</tr><tr bgcolor="">
<th>eq_zona</th>
<td></td>
</tr><tr bgcolor="#E3E3F3">
<th>eq_cd_mec</th>
<td>35381081</td>
</tr><tr bgcolor="">
<th>eq_esfera</th>
<td>MUNICIPAL</td>
</tr><tr bgcolor="#E3E3F3">
<th>eq_cd_catg</th>
<td>1</td>
</tr><tr bgcolor="">
<th>eq_categor</th>
<td>ESCOLAS AUTONOMAS</td>
</tr><tr bgcolor="#E3E3F3">
<th>eq_eol</th>
<td>35381081</td>
</tr><tr bgcolor="">
<th>eq_horario</th>
<td>07:00-19:00</td>
</tr></table></center>]]></description>
			<styleUrl>#m_ylw-pushpin</styleUrl>
			<ExtendedData>
				<SchemaData schemaUrl="#kml_schema_ft_LL_WGS84_KMZ_TEMA_EDUCACAO_CEU">
					<SimpleData name="eq_id">5057</SimpleData>
					<SimpleData name="eq_nome">CEU EMEI CAMINHO DO MAR</SimpleData>
					<SimpleData name="eq_enderec">ARMANDO DE ARRUDA PEREIRA ENGENHEIRO 5080</SimpleData>
					<SimpleData name="eq_bairro">JABAQUARA</SimpleData>
					<SimpleData name="eq_cep">04308000</SimpleData>
					<SimpleData name="eq_tipo">CEU EMEI</SimpleData>
					<SimpleData name="eq_classe">CEU</SimpleData>
					<SimpleData name="eq_telefon">1133965574 /</SimpleData>
					<SimpleData name="eq_setor">355030838000207</SimpleData>
					<SimpleData name="eq_areap">3550308005095</SimpleData>
					<SimpleData name="eq_cd_dist">38</SimpleData>
					<SimpleData name="eq_distr">JABAQUARA</SimpleData>
					<SimpleData name="eq_cd_subp">15</SimpleData>
					<SimpleData name="eq_subpref">JABAQUARA</SimpleData>
					<SimpleData name="eq_regiao5">Sul</SimpleData>
					<SimpleData name="eq_regiao8">Sul 1</SimpleData>
					<SimpleData name="eq_ender">ARMANDO DE ARRUDA PEREIRA ENGENHEIRO</SimpleData>
					<SimpleData name="eq_num">5080</SimpleData>
					<SimpleData name="eq_compend">AVENIDA</SimpleData>
					<SimpleData name="eq_codcep">04308000</SimpleData>
					<SimpleData name="eq_fone1">1133965574</SimpleData>
					<SimpleData name="eq_email">EMEICEUCAMINHOMAR@SME.PREFEITURA.SP.GOV.BR</SimpleData>
					<SimpleData name="eq_cd_dirt">10317</SimpleData>
					<SimpleData name="eq_diretor">SUL 1</SimpleData>
					<SimpleData name="eq_dre">SANTO AMARO</SimpleData>
					<SimpleData name="eq_cd_mec">35381081</SimpleData>
					<SimpleData name="eq_esfera">MUNICIPAL</SimpleData>
					<SimpleData name="eq_cd_catg">1</SimpleData>
					<SimpleData name="eq_categor">ESCOLAS AUTONOMAS</SimpleData>
					<SimpleData name="eq_eol">35381081</SimpleData>
					<SimpleData name="eq_horario">07:00-19:00</SimpleData>
				</SchemaData>
			</ExtendedData>
			<Point>
				<coordinates>-46.6354428241667,-23.6680679364798,0</coordinates>
			</Point>
		</Placemark>
		<Placemark id="kml_114">
			<name>kml_114</name>
			<snippet></snippet>
			<description><![CDATA[<center><table><tr><th colspan='2' align='center'><em>Attributes</em></th></tr><tr bgcolor="#E3E3F3">
<th>eq_id</th>
<td>5058</td>
</tr><tr bgcolor="">
<th>eq_nome</th>
<td>CEU EMEF JOSE REZENDE PROF</td>
</tr><tr bgcolor="#E3E3F3">
<th>eq_enderec</th>
<td>ARMANDO DE ARRUDA PEREIRA ENGENHEIRO 5080</td>
</tr><tr bgcolor="">
<th>eq_bairro</th>
<td>JABAQUARA</td>
</tr><tr bgcolor="#E3E3F3">
<th>eq_cep</th>
<td>04308000</td>
</tr><tr bgcolor="">
<th>eq_tipo</th>
<td>CEU EMEF</td>
</tr><tr bgcolor="#E3E3F3">
<th>eq_classe</th>
<td>CEU</td>
</tr><tr bgcolor="">
<th>eq_telefon</th>
<td>00 / </td>
</tr><tr bgcolor="#E3E3F3">
<th>eq_setor</th>
<td>355030838000207</td>
</tr><tr bgcolor="">
<th>eq_areap</th>
<td>3550308005163</td>
</tr><tr bgcolor="#E3E3F3">
<th>eq_cd_dist</th>
<td>38</td>
</tr><tr bgcolor="">
<th>eq_distr</th>
<td>JABAQUARA</td>
</tr><tr bgcolor="#E3E3F3">
<th>eq_cd_subp</th>
<td>15</td>
</tr><tr bgcolor="">
<th>eq_subpref</th>
<td>JABAQUARA</td>
</tr><tr bgcolor="#E3E3F3">
<th>eq_regiao5</th>
<td>Sul</td>
</tr><tr bgcolor="">
<th>eq_regiao8</th>
<td>Sul 1</td>
</tr><tr bgcolor="#E3E3F3">
<th>eq_ender</th>
<td>ARMANDO DE ARRUDA PEREIRA ENGENHEIRO</td>
</tr><tr bgcolor="">
<th>eq_num</th>
<td>5080</td>
</tr><tr bgcolor="#E3E3F3">
<th>eq_compend</th>
<td>AVENIDA</td>
</tr><tr bgcolor="">
<th>eq_codcep</th>
<td>04308000</td>
</tr><tr bgcolor="#E3E3F3">
<th>eq_fone1</th>
<td>00</td>
</tr><tr bgcolor="">
<th>eq_fone2</th>
<td></td>
</tr><tr bgcolor="#E3E3F3">
<th>eq_email</th>
<td>EMEFCEUCAMINHOMAR@SME.PREFEITURA.SP.GOV.BR</td>
</tr><tr bgcolor="">
<th>eq_cd_dirt</th>
<td>10317</td>
</tr><tr bgcolor="#E3E3F3">
<th>eq_diretor</th>
<td>SUL 1</td>
</tr><tr bgcolor="">
<th>eq_dre</th>
<td>SANTO AMARO</td>
</tr><tr bgcolor="#E3E3F3">
<th>eq_cd_zona</th>
<td></td>
</tr><tr bgcolor="">
<th>eq_zona</th>
<td></td>
</tr><tr bgcolor="#E3E3F3">
<th>eq_cd_mec</th>
<td>35381111</td>
</tr><tr bgcolor="">
<th>eq_esfera</th>
<td>MUNICIPAL</td>
</tr><tr bgcolor="#E3E3F3">
<th>eq_cd_catg</th>
<td>1</td>
</tr><tr bgcolor="">
<th>eq_categor</th>
<td>ESCOLAS AUTONOMAS</td>
</tr><tr bgcolor="#E3E3F3">
<th>eq_eol</th>
<td>35381111</td>
</tr><tr bgcolor="">
<th>eq_horario</th>
<td>07:00-18:40</td>
</tr></table></center>]]></description>
			<styleUrl>#m_ylw-pushpin</styleUrl>
			<ExtendedData>
				<SchemaData schemaUrl="#kml_schema_ft_LL_WGS84_KMZ_TEMA_EDUCACAO_CEU">
					<SimpleData name="eq_id">5058</SimpleData>
					<SimpleData name="eq_nome">CEU EMEF JOSE REZENDE PROF</SimpleData>
					<SimpleData name="eq_enderec">ARMANDO DE ARRUDA PEREIRA ENGENHEIRO 5080</SimpleData>
					<SimpleData name="eq_bairro">JABAQUARA</SimpleData>
					<SimpleData name="eq_cep">04308000</SimpleData>
					<SimpleData name="eq_tipo">CEU EMEF</SimpleData>
					<SimpleData name="eq_classe">CEU</SimpleData>
					<SimpleData name="eq_telefon">00 /</SimpleData>
					<SimpleData name="eq_setor">355030838000207</SimpleData>
					<SimpleData name="eq_areap">3550308005163</SimpleData>
					<SimpleData name="eq_cd_dist">38</SimpleData>
					<SimpleData name="eq_distr">JABAQUARA</SimpleData>
					<SimpleData name="eq_cd_subp">15</SimpleData>
					<SimpleData name="eq_subpref">JABAQUARA</SimpleData>
					<SimpleData name="eq_regiao5">Sul</SimpleData>
					<SimpleData name="eq_regiao8">Sul 1</SimpleData>
					<SimpleData name="eq_ender">ARMANDO DE ARRUDA PEREIRA ENGENHEIRO</SimpleData>
					<SimpleData name="eq_num">5080</SimpleData>
					<SimpleData name="eq_compend">AVENIDA</SimpleData>
					<SimpleData name="eq_codcep">04308000</SimpleData>
					<SimpleData name="eq_fone1">00</SimpleData>
					<SimpleData name="eq_email">EMEFCEUCAMINHOMAR@SME.PREFEITURA.SP.GOV.BR</SimpleData>
					<SimpleData name="eq_cd_dirt">10317</SimpleData>
					<SimpleData name="eq_diretor">SUL 1</SimpleData>
					<SimpleData name="eq_dre">SANTO AMARO</SimpleData>
					<SimpleData name="eq_cd_mec">35381111</SimpleData>
					<SimpleData name="eq_esfera">MUNICIPAL</SimpleData>
					<SimpleData name="eq_cd_catg">1</SimpleData>
					<SimpleData name="eq_categor">ESCOLAS AUTONOMAS</SimpleData>
					<SimpleData name="eq_eol">35381111</SimpleData>
					<SimpleData name="eq_horario">07:00-18:40</SimpleData>
				</SchemaData>
			</ExtendedData>
			<Point>
				<coordinates>-46.6351538515408,-23.668536943509,0</coordinates>
			</Point>
		</Placemark>
		<Placemark id="kml_115">
			<name>kml_115</name>
			<snippet></snippet>
			<description><![CDATA[<center><table><tr><th colspan='2' align='center'><em>Attributes</em></th></tr><tr bgcolor="#E3E3F3">
<th>eq_id</th>
<td>5107</td>
</tr><tr bgcolor="">
<th>eq_nome</th>
<td>CEU EMEF ANTONIO CARLOS ROCHA PROF</td>
</tr><tr bgcolor="#E3E3F3">
<th>eq_enderec</th>
<td>AVENIDA CONDESSA ELISABETH ROBIANO SN</td>
</tr><tr bgcolor="">
<th>eq_bairro</th>
<td>PENHA</td>
</tr><tr bgcolor="#E3E3F3">
<th>eq_cep</th>
<td>03074000</td>
</tr><tr bgcolor="">
<th>eq_tipo</th>
<td>CEU EMEF</td>
</tr><tr bgcolor="#E3E3F3">
<th>eq_classe</th>
<td>CEU</td>
</tr><tr bgcolor="">
<th>eq_telefon</th>
<td>00 / </td>
</tr><tr bgcolor="#E3E3F3">
<th>eq_setor</th>
<td>355030880000075</td>
</tr><tr bgcolor="">
<th>eq_areap</th>
<td>3550308005036</td>
</tr><tr bgcolor="#E3E3F3">
<th>eq_cd_dist</th>
<td>80</td>
</tr><tr bgcolor="">
<th>eq_distr</th>
<td>TATUAPE</td>
</tr><tr bgcolor="#E3E3F3">
<th>eq_cd_subp</th>
<td>25</td>
</tr><tr bgcolor="">
<th>eq_subpref</th>
<td>MOOCA</td>
</tr><tr bgcolor="#E3E3F3">
<th>eq_regiao5</th>
<td>Leste</td>
</tr><tr bgcolor="">
<th>eq_regiao8</th>
<td>Leste 1</td>
</tr><tr bgcolor="#E3E3F3">
<th>eq_ender</th>
<td>AVENIDA CONDESSA ELISABETH ROBIANO</td>
</tr><tr bgcolor="">
<th>eq_num</th>
<td>SN</td>
</tr><tr bgcolor="#E3E3F3">
<th>eq_compend</th>
<td>AVENIDA</td>
</tr><tr bgcolor="">
<th>eq_codcep</th>
<td>03074000</td>
</tr><tr bgcolor="#E3E3F3">
<th>eq_fone1</th>
<td>00</td>
</tr><tr bgcolor="">
<th>eq_fone2</th>
<td></td>
</tr><tr bgcolor="#E3E3F3">
<th>eq_email</th>
<td>EMEFCEUANTONIOCARLOSROCHA@SME.PREFEITURA.SP.GOV.BR</td>
</tr><tr bgcolor="">
<th>eq_cd_dirt</th>
<td>10207</td>
</tr><tr bgcolor="#E3E3F3">
<th>eq_diretor</th>
<td>LESTE 1</td>
</tr><tr bgcolor="">
<th>eq_dre</th>
<td>PENHA</td>
</tr><tr bgcolor="#E3E3F3">
<th>eq_cd_zona</th>
<td></td>
</tr><tr bgcolor="">
<th>eq_zona</th>
<td></td>
</tr><tr bgcolor="#E3E3F3">
<th>eq_cd_mec</th>
<td>35393277</td>
</tr><tr bgcolor="">
<th>eq_esfera</th>
<td>MUNICIPAL</td>
</tr><tr bgcolor="#E3E3F3">
<th>eq_cd_catg</th>
<td>1</td>
</tr><tr bgcolor="">
<th>eq_categor</th>
<td>ESCOLAS AUTONOMAS</td>
</tr><tr bgcolor="#E3E3F3">
<th>eq_eol</th>
<td>35393277</td>
</tr><tr bgcolor="">
<th>eq_horario</th>
<td>07:00-18:30</td>
</tr></table></center>]]></description>
			<styleUrl>#m_ylw-pushpin</styleUrl>
			<ExtendedData>
				<SchemaData schemaUrl="#kml_schema_ft_LL_WGS84_KMZ_TEMA_EDUCACAO_CEU">
					<SimpleData name="eq_id">5107</SimpleData>
					<SimpleData name="eq_nome">CEU EMEF ANTONIO CARLOS ROCHA PROF</SimpleData>
					<SimpleData name="eq_enderec">AVENIDA CONDESSA ELISABETH ROBIANO SN</SimpleData>
					<SimpleData name="eq_bairro">PENHA</SimpleData>
					<SimpleData name="eq_cep">03074000</SimpleData>
					<SimpleData name="eq_tipo">CEU EMEF</SimpleData>
					<SimpleData name="eq_classe">CEU</SimpleData>
					<SimpleData name="eq_telefon">00 /</SimpleData>
					<SimpleData name="eq_setor">355030880000075</SimpleData>
					<SimpleData name="eq_areap">3550308005036</SimpleData>
					<SimpleData name="eq_cd_dist">80</SimpleData>
					<SimpleData name="eq_distr">TATUAPE</SimpleData>
					<SimpleData name="eq_cd_subp">25</SimpleData>
					<SimpleData name="eq_subpref">MOOCA</SimpleData>
					<SimpleData name="eq_regiao5">Leste</SimpleData>
					<SimpleData name="eq_regiao8">Leste 1</SimpleData>
					<SimpleData name="eq_ender">AVENIDA CONDESSA ELISABETH ROBIANO</SimpleData>
					<SimpleData name="eq_num">SN</SimpleData>
					<SimpleData name="eq_compend">AVENIDA</SimpleData>
					<SimpleData name="eq_codcep">03074000</SimpleData>
					<SimpleData name="eq_fone1">00</SimpleData>
					<SimpleData name="eq_email">EMEFCEUANTONIOCARLOSROCHA@SME.PREFEITURA.SP.GOV.BR</SimpleData>
					<SimpleData name="eq_cd_dirt">10207</SimpleData>
					<SimpleData name="eq_diretor">LESTE 1</SimpleData>
					<SimpleData name="eq_dre">PENHA</SimpleData>
					<SimpleData name="eq_cd_mec">35393277</SimpleData>
					<SimpleData name="eq_esfera">MUNICIPAL</SimpleData>
					<SimpleData name="eq_cd_catg">1</SimpleData>
					<SimpleData name="eq_categor">ESCOLAS AUTONOMAS</SimpleData>
					<SimpleData name="eq_eol">35393277</SimpleData>
					<SimpleData name="eq_horario">07:00-18:30</SimpleData>
				</SchemaData>
			</ExtendedData>
			<Point>
				<coordinates>-46.5765398407058,-23.5264894708559,0</coordinates>
			</Point>
		</Placemark>
		<Placemark id="kml_116">
			<name>kml_116</name>
			<snippet></snippet>
			<description><![CDATA[<center><table><tr><th colspan='2' align='center'><em>Attributes</em></th></tr><tr bgcolor="#E3E3F3">
<th>eq_id</th>
<td>5114</td>
</tr><tr bgcolor="">
<th>eq_nome</th>
<td>CEU CEI PARQUE BRISTOL</td>
</tr><tr bgcolor="#E3E3F3">
<th>eq_enderec</th>
<td>ARTUR PRIMAVESI PROFESSOR SN</td>
</tr><tr bgcolor="">
<th>eq_bairro</th>
<td>PARQUE BRISTOL</td>
</tr><tr bgcolor="#E3E3F3">
<th>eq_cep</th>
<td>04177000</td>
</tr><tr bgcolor="">
<th>eq_tipo</th>
<td>CEU CEI</td>
</tr><tr bgcolor="#E3E3F3">
<th>eq_classe</th>
<td>CEU</td>
</tr><tr bgcolor="">
<th>eq_telefon</th>
<td>1122648762 / </td>
</tr><tr bgcolor="#E3E3F3">
<th>eq_setor</th>
<td>355030868000150</td>
</tr><tr bgcolor="">
<th>eq_areap</th>
<td>3550308005088</td>
</tr><tr bgcolor="#E3E3F3">
<th>eq_cd_dist</th>
<td>68</td>
</tr><tr bgcolor="">
<th>eq_distr</th>
<td>SACOMA</td>
</tr><tr bgcolor="#E3E3F3">
<th>eq_cd_subp</th>
<td>13</td>
</tr><tr bgcolor="">
<th>eq_subpref</th>
<td>IPIRANGA</td>
</tr><tr bgcolor="#E3E3F3">
<th>eq_regiao5</th>
<td>Sul</td>
</tr><tr bgcolor="">
<th>eq_regiao8</th>
<td>Sul 1</td>
</tr><tr bgcolor="#E3E3F3">
<th>eq_ender</th>
<td>ARTUR PRIMAVESI PROFESSOR</td>
</tr><tr bgcolor="">
<th>eq_num</th>
<td>SN</td>
</tr><tr bgcolor="#E3E3F3">
<th>eq_compend</th>
<td>RUA</td>
</tr><tr bgcolor="">
<th>eq_codcep</th>
<td>04177000</td>
</tr><tr bgcolor="#E3E3F3">
<th>eq_fone1</th>
<td>1122648762</td>
</tr><tr bgcolor="">
<th>eq_fone2</th>
<td></td>
</tr><tr bgcolor="#E3E3F3">
<th>eq_email</th>
<td></td>
</tr><tr bgcolor="">
<th>eq_cd_dirt</th>
<td>10316</td>
</tr><tr bgcolor="#E3E3F3">
<th>eq_diretor</th>
<td>CENTRO SUL</td>
</tr><tr bgcolor="">
<th>eq_dre</th>
<td>IPIRANGA</td>
</tr><tr bgcolor="#E3E3F3">
<th>eq_cd_zona</th>
<td></td>
</tr><tr bgcolor="">
<th>eq_zona</th>
<td></td>
</tr><tr bgcolor="#E3E3F3">
<th>eq_cd_mec</th>
<td>35396539</td>
</tr><tr bgcolor="">
<th>eq_esfera</th>
<td>MUNICIPAL</td>
</tr><tr bgcolor="#E3E3F3">
<th>eq_cd_catg</th>
<td>1</td>
</tr><tr bgcolor="">
<th>eq_categor</th>
<td>ESCOLAS AUTONOMAS</td>
</tr><tr bgcolor="#E3E3F3">
<th>eq_eol</th>
<td>35396539</td>
</tr><tr bgcolor="">
<th>eq_horario</th>
<td>07:00-18:00</td>
</tr></table></center>]]></description>
			<styleUrl>#m_ylw-pushpin</styleUrl>
			<ExtendedData>
				<SchemaData schemaUrl="#kml_schema_ft_LL_WGS84_KMZ_TEMA_EDUCACAO_CEU">
					<SimpleData name="eq_id">5114</SimpleData>
					<SimpleData name="eq_nome">CEU CEI PARQUE BRISTOL</SimpleData>
					<SimpleData name="eq_enderec">ARTUR PRIMAVESI PROFESSOR SN</SimpleData>
					<SimpleData name="eq_bairro">PARQUE BRISTOL</SimpleData>
					<SimpleData name="eq_cep">04177000</SimpleData>
					<SimpleData name="eq_tipo">CEU CEI</SimpleData>
					<SimpleData name="eq_classe">CEU</SimpleData>
					<SimpleData name="eq_telefon">1122648762 /</SimpleData>
					<SimpleData name="eq_setor">355030868000150</SimpleData>
					<SimpleData name="eq_areap">3550308005088</SimpleData>
					<SimpleData name="eq_cd_dist">68</SimpleData>
					<SimpleData name="eq_distr">SACOMA</SimpleData>
					<SimpleData name="eq_cd_subp">13</SimpleData>
					<SimpleData name="eq_subpref">IPIRANGA</SimpleData>
					<SimpleData name="eq_regiao5">Sul</SimpleData>
					<SimpleData name="eq_regiao8">Sul 1</SimpleData>
					<SimpleData name="eq_ender">ARTUR PRIMAVESI PROFESSOR</SimpleData>
					<SimpleData name="eq_num">SN</SimpleData>
					<SimpleData name="eq_compend">RUA</SimpleData>
					<SimpleData name="eq_codcep">04177000</SimpleData>
					<SimpleData name="eq_fone1">1122648762</SimpleData>
					<SimpleData name="eq_cd_dirt">10316</SimpleData>
					<SimpleData name="eq_diretor">CENTRO SUL</SimpleData>
					<SimpleData name="eq_dre">IPIRANGA</SimpleData>
					<SimpleData name="eq_cd_mec">35396539</SimpleData>
					<SimpleData name="eq_esfera">MUNICIPAL</SimpleData>
					<SimpleData name="eq_cd_catg">1</SimpleData>
					<SimpleData name="eq_categor">ESCOLAS AUTONOMAS</SimpleData>
					<SimpleData name="eq_eol">35396539</SimpleData>
					<SimpleData name="eq_horario">07:00-18:00</SimpleData>
				</SchemaData>
			</ExtendedData>
			<Point>
				<coordinates>-46.60895050768429,-23.64376091928681,0</coordinates>
			</Point>
		</Placemark>
		<Placemark id="kml_117">
			<name>kml_117</name>
			<snippet></snippet>
			<description><![CDATA[<center><table><tr><th colspan='2' align='center'><em>Attributes</em></th></tr><tr bgcolor="#E3E3F3">
<th>eq_id</th>
<td>5115</td>
</tr><tr bgcolor="">
<th>eq_nome</th>
<td>CEU EMEI LUCIANA AZEVEDO POMPERMAYER PROFA</td>
</tr><tr bgcolor="#E3E3F3">
<th>eq_enderec</th>
<td>ARTUR PRIMAVESI PROFESSOR SN</td>
</tr><tr bgcolor="">
<th>eq_bairro</th>
<td>PARQUE BRISTOL</td>
</tr><tr bgcolor="#E3E3F3">
<th>eq_cep</th>
<td>04177000</td>
</tr><tr bgcolor="">
<th>eq_tipo</th>
<td>CEU EMEI</td>
</tr><tr bgcolor="#E3E3F3">
<th>eq_classe</th>
<td>CEU</td>
</tr><tr bgcolor="">
<th>eq_telefon</th>
<td>00 / </td>
</tr><tr bgcolor="#E3E3F3">
<th>eq_setor</th>
<td>355030868000150</td>
</tr><tr bgcolor="">
<th>eq_areap</th>
<td>3550308005088</td>
</tr><tr bgcolor="#E3E3F3">
<th>eq_cd_dist</th>
<td>68</td>
</tr><tr bgcolor="">
<th>eq_distr</th>
<td>SACOMA</td>
</tr><tr bgcolor="#E3E3F3">
<th>eq_cd_subp</th>
<td>13</td>
</tr><tr bgcolor="">
<th>eq_subpref</th>
<td>IPIRANGA</td>
</tr><tr bgcolor="#E3E3F3">
<th>eq_regiao5</th>
<td>Sul</td>
</tr><tr bgcolor="">
<th>eq_regiao8</th>
<td>Sul 1</td>
</tr><tr bgcolor="#E3E3F3">
<th>eq_ender</th>
<td>ARTUR PRIMAVESI PROFESSOR</td>
</tr><tr bgcolor="">
<th>eq_num</th>
<td>SN</td>
</tr><tr bgcolor="#E3E3F3">
<th>eq_compend</th>
<td>RUA</td>
</tr><tr bgcolor="">
<th>eq_codcep</th>
<td>04177000</td>
</tr><tr bgcolor="#E3E3F3">
<th>eq_fone1</th>
<td>00</td>
</tr><tr bgcolor="">
<th>eq_fone2</th>
<td></td>
</tr><tr bgcolor="#E3E3F3">
<th>eq_email</th>
<td></td>
</tr><tr bgcolor="">
<th>eq_cd_dirt</th>
<td>10316</td>
</tr><tr bgcolor="#E3E3F3">
<th>eq_diretor</th>
<td>CENTRO SUL</td>
</tr><tr bgcolor="">
<th>eq_dre</th>
<td>IPIRANGA</td>
</tr><tr bgcolor="#E3E3F3">
<th>eq_cd_zona</th>
<td></td>
</tr><tr bgcolor="">
<th>eq_zona</th>
<td></td>
</tr><tr bgcolor="#E3E3F3">
<th>eq_cd_mec</th>
<td>35396588</td>
</tr><tr bgcolor="">
<th>eq_esfera</th>
<td>MUNICIPAL</td>
</tr><tr bgcolor="#E3E3F3">
<th>eq_cd_catg</th>
<td>1</td>
</tr><tr bgcolor="">
<th>eq_categor</th>
<td>ESCOLAS AUTONOMAS</td>
</tr><tr bgcolor="#E3E3F3">
<th>eq_eol</th>
<td>35396588</td>
</tr><tr bgcolor="">
<th>eq_horario</th>
<td>07:00-19:00</td>
</tr></table></center>]]></description>
			<styleUrl>#m_ylw-pushpin</styleUrl>
			<ExtendedData>
				<SchemaData schemaUrl="#kml_schema_ft_LL_WGS84_KMZ_TEMA_EDUCACAO_CEU">
					<SimpleData name="eq_id">5115</SimpleData>
					<SimpleData name="eq_nome">CEU EMEI LUCIANA AZEVEDO POMPERMAYER PROFA</SimpleData>
					<SimpleData name="eq_enderec">ARTUR PRIMAVESI PROFESSOR SN</SimpleData>
					<SimpleData name="eq_bairro">PARQUE BRISTOL</SimpleData>
					<SimpleData name="eq_cep">04177000</SimpleData>
					<SimpleData name="eq_tipo">CEU EMEI</SimpleData>
					<SimpleData name="eq_classe">CEU</SimpleData>
					<SimpleData name="eq_telefon">00 /</SimpleData>
					<SimpleData name="eq_setor">355030868000150</SimpleData>
					<SimpleData name="eq_areap">3550308005088</SimpleData>
					<SimpleData name="eq_cd_dist">68</SimpleData>
					<SimpleData name="eq_distr">SACOMA</SimpleData>
					<SimpleData name="eq_cd_subp">13</SimpleData>
					<SimpleData name="eq_subpref">IPIRANGA</SimpleData>
					<SimpleData name="eq_regiao5">Sul</SimpleData>
					<SimpleData name="eq_regiao8">Sul 1</SimpleData>
					<SimpleData name="eq_ender">ARTUR PRIMAVESI PROFESSOR</SimpleData>
					<SimpleData name="eq_num">SN</SimpleData>
					<SimpleData name="eq_compend">RUA</SimpleData>
					<SimpleData name="eq_codcep">04177000</SimpleData>
					<SimpleData name="eq_fone1">00</SimpleData>
					<SimpleData name="eq_cd_dirt">10316</SimpleData>
					<SimpleData name="eq_diretor">CENTRO SUL</SimpleData>
					<SimpleData name="eq_dre">IPIRANGA</SimpleData>
					<SimpleData name="eq_cd_mec">35396588</SimpleData>
					<SimpleData name="eq_esfera">MUNICIPAL</SimpleData>
					<SimpleData name="eq_cd_catg">1</SimpleData>
					<SimpleData name="eq_categor">ESCOLAS AUTONOMAS</SimpleData>
					<SimpleData name="eq_eol">35396588</SimpleData>
					<SimpleData name="eq_horario">07:00-19:00</SimpleData>
				</SchemaData>
			</ExtendedData>
			<Point>
				<coordinates>-46.6085085643651,-23.6435239452051,0</coordinates>
			</Point>
		</Placemark>
		<Placemark id="kml_118">
			<name>kml_118</name>
			<snippet></snippet>
			<description><![CDATA[<center><table><tr><th colspan='2' align='center'><em>Attributes</em></th></tr><tr bgcolor="#E3E3F3">
<th>eq_id</th>
<td>5116</td>
</tr><tr bgcolor="">
<th>eq_nome</th>
<td>CEU EMEF MARA CRISTINA TARTAGLIA SENA PROFA</td>
</tr><tr bgcolor="#E3E3F3">
<th>eq_enderec</th>
<td>ARTUR PRIMAVESI PROFESSOR SN</td>
</tr><tr bgcolor="">
<th>eq_bairro</th>
<td>PARQUE BRISTOL</td>
</tr><tr bgcolor="#E3E3F3">
<th>eq_cep</th>
<td>04177000</td>
</tr><tr bgcolor="">
<th>eq_tipo</th>
<td>CEU EMEF</td>
</tr><tr bgcolor="#E3E3F3">
<th>eq_classe</th>
<td>CEU</td>
</tr><tr bgcolor="">
<th>eq_telefon</th>
<td>00 / </td>
</tr><tr bgcolor="#E3E3F3">
<th>eq_setor</th>
<td>355030868000150</td>
</tr><tr bgcolor="">
<th>eq_areap</th>
<td>3550308005088</td>
</tr><tr bgcolor="#E3E3F3">
<th>eq_cd_dist</th>
<td>68</td>
</tr><tr bgcolor="">
<th>eq_distr</th>
<td>SACOMA</td>
</tr><tr bgcolor="#E3E3F3">
<th>eq_cd_subp</th>
<td>13</td>
</tr><tr bgcolor="">
<th>eq_subpref</th>
<td>IPIRANGA</td>
</tr><tr bgcolor="#E3E3F3">
<th>eq_regiao5</th>
<td>Sul</td>
</tr><tr bgcolor="">
<th>eq_regiao8</th>
<td>Sul 1</td>
</tr><tr bgcolor="#E3E3F3">
<th>eq_ender</th>
<td>ARTUR PRIMAVESI PROFESSOR</td>
</tr><tr bgcolor="">
<th>eq_num</th>
<td>SN</td>
</tr><tr bgcolor="#E3E3F3">
<th>eq_compend</th>
<td>RUA</td>
</tr><tr bgcolor="">
<th>eq_codcep</th>
<td>04177000</td>
</tr><tr bgcolor="#E3E3F3">
<th>eq_fone1</th>
<td>00</td>
</tr><tr bgcolor="">
<th>eq_fone2</th>
<td></td>
</tr><tr bgcolor="#E3E3F3">
<th>eq_email</th>
<td></td>
</tr><tr bgcolor="">
<th>eq_cd_dirt</th>
<td>10316</td>
</tr><tr bgcolor="#E3E3F3">
<th>eq_diretor</th>
<td>CENTRO SUL</td>
</tr><tr bgcolor="">
<th>eq_dre</th>
<td>IPIRANGA</td>
</tr><tr bgcolor="#E3E3F3">
<th>eq_cd_zona</th>
<td></td>
</tr><tr bgcolor="">
<th>eq_zona</th>
<td></td>
</tr><tr bgcolor="#E3E3F3">
<th>eq_cd_mec</th>
<td>35396692</td>
</tr><tr bgcolor="">
<th>eq_esfera</th>
<td>MUNICIPAL</td>
</tr><tr bgcolor="#E3E3F3">
<th>eq_cd_catg</th>
<td>1</td>
</tr><tr bgcolor="">
<th>eq_categor</th>
<td>ESCOLAS AUTONOMAS</td>
</tr><tr bgcolor="#E3E3F3">
<th>eq_eol</th>
<td>35396692</td>
</tr><tr bgcolor="">
<th>eq_horario</th>
<td>07:00-18:30</td>
</tr></table></center>]]></description>
			<styleUrl>#m_ylw-pushpin</styleUrl>
			<ExtendedData>
				<SchemaData schemaUrl="#kml_schema_ft_LL_WGS84_KMZ_TEMA_EDUCACAO_CEU">
					<SimpleData name="eq_id">5116</SimpleData>
					<SimpleData name="eq_nome">CEU EMEF MARA CRISTINA TARTAGLIA SENA PROFA</SimpleData>
					<SimpleData name="eq_enderec">ARTUR PRIMAVESI PROFESSOR SN</SimpleData>
					<SimpleData name="eq_bairro">PARQUE BRISTOL</SimpleData>
					<SimpleData name="eq_cep">04177000</SimpleData>
					<SimpleData name="eq_tipo">CEU EMEF</SimpleData>
					<SimpleData name="eq_classe">CEU</SimpleData>
					<SimpleData name="eq_telefon">00 /</SimpleData>
					<SimpleData name="eq_setor">355030868000150</SimpleData>
					<SimpleData name="eq_areap">3550308005088</SimpleData>
					<SimpleData name="eq_cd_dist">68</SimpleData>
					<SimpleData name="eq_distr">SACOMA</SimpleData>
					<SimpleData name="eq_cd_subp">13</SimpleData>
					<SimpleData name="eq_subpref">IPIRANGA</SimpleData>
					<SimpleData name="eq_regiao5">Sul</SimpleData>
					<SimpleData name="eq_regiao8">Sul 1</SimpleData>
					<SimpleData name="eq_ender">ARTUR PRIMAVESI PROFESSOR</SimpleData>
					<SimpleData name="eq_num">SN</SimpleData>
					<SimpleData name="eq_compend">RUA</SimpleData>
					<SimpleData name="eq_codcep">04177000</SimpleData>
					<SimpleData name="eq_fone1">00</SimpleData>
					<SimpleData name="eq_cd_dirt">10316</SimpleData>
					<SimpleData name="eq_diretor">CENTRO SUL</SimpleData>
					<SimpleData name="eq_dre">IPIRANGA</SimpleData>
					<SimpleData name="eq_cd_mec">35396692</SimpleData>
					<SimpleData name="eq_esfera">MUNICIPAL</SimpleData>
					<SimpleData name="eq_cd_catg">1</SimpleData>
					<SimpleData name="eq_categor">ESCOLAS AUTONOMAS</SimpleData>
					<SimpleData name="eq_eol">35396692</SimpleData>
					<SimpleData name="eq_horario">07:00-18:30</SimpleData>
				</SchemaData>
			</ExtendedData>
			<Point>
				<coordinates>-46.608754574585,-23.6436339099025,0</coordinates>
			</Point>
		</Placemark>
		<Placemark id="kml_119">
			<name>kml_119</name>
			<snippet></snippet>
			<description><![CDATA[<center><table><tr><th colspan='2' align='center'><em>Attributes</em></th></tr><tr bgcolor="#E3E3F3">
<th>eq_id</th>
<td>5117</td>
</tr><tr bgcolor="">
<th>eq_nome</th>
<td>CEU CEI ADELAIDE TERESA LOPES CIMONARI PROFA</td>
</tr><tr bgcolor="#E3E3F3">
<th>eq_enderec</th>
<td>MANOEL FERREIRA PIRES SN</td>
</tr><tr bgcolor="">
<th>eq_bairro</th>
<td>CAPAO DO EMBIRA</td>
</tr><tr bgcolor="#E3E3F3">
<th>eq_cep</th>
<td>03386000</td>
</tr><tr bgcolor="">
<th>eq_tipo</th>
<td>CEU CEI</td>
</tr><tr bgcolor="#E3E3F3">
<th>eq_classe</th>
<td>CEU</td>
</tr><tr bgcolor="">
<th>eq_telefon</th>
<td>00 / </td>
</tr><tr bgcolor="#E3E3F3">
<th>eq_setor</th>
<td>355030885000112</td>
</tr><tr bgcolor="">
<th>eq_areap</th>
<td>3550308005079</td>
</tr><tr bgcolor="#E3E3F3">
<th>eq_cd_dist</th>
<td>85</td>
</tr><tr bgcolor="">
<th>eq_distr</th>
<td>VILA FORMOSA</td>
</tr><tr bgcolor="#E3E3F3">
<th>eq_cd_subp</th>
<td>26</td>
</tr><tr bgcolor="">
<th>eq_subpref</th>
<td>ARICANDUVA-FORMOSA-CARRAO</td>
</tr><tr bgcolor="#E3E3F3">
<th>eq_regiao5</th>
<td>Leste</td>
</tr><tr bgcolor="">
<th>eq_regiao8</th>
<td>Leste 1</td>
</tr><tr bgcolor="#E3E3F3">
<th>eq_ender</th>
<td>MANOEL FERREIRA PIRES</td>
</tr><tr bgcolor="">
<th>eq_num</th>
<td>SN</td>
</tr><tr bgcolor="#E3E3F3">
<th>eq_compend</th>
<td>RUA</td>
</tr><tr bgcolor="">
<th>eq_codcep</th>
<td>03386000</td>
</tr><tr bgcolor="#E3E3F3">
<th>eq_fone1</th>
<td>00</td>
</tr><tr bgcolor="">
<th>eq_fone2</th>
<td></td>
</tr><tr bgcolor="#E3E3F3">
<th>eq_email</th>
<td>CEICEUFORMOSA@SME.PREFEITURA.SP.GOV.BR</td>
</tr><tr bgcolor="">
<th>eq_cd_dirt</th>
<td>10205</td>
</tr><tr bgcolor="#E3E3F3">
<th>eq_diretor</th>
<td>LESTE 5</td>
</tr><tr bgcolor="">
<th>eq_dre</th>
<td>ITAQUERA</td>
</tr><tr bgcolor="#E3E3F3">
<th>eq_cd_zona</th>
<td></td>
</tr><tr bgcolor="">
<th>eq_zona</th>
<td></td>
</tr><tr bgcolor="#E3E3F3">
<th>eq_cd_mec</th>
<td>35396801</td>
</tr><tr bgcolor="">
<th>eq_esfera</th>
<td>MUNICIPAL</td>
</tr><tr bgcolor="#E3E3F3">
<th>eq_cd_catg</th>
<td>1</td>
</tr><tr bgcolor="">
<th>eq_categor</th>
<td>ESCOLAS AUTONOMAS</td>
</tr><tr bgcolor="#E3E3F3">
<th>eq_eol</th>
<td>35396801</td>
</tr><tr bgcolor="">
<th>eq_horario</th>
<td>07:00-18:00</td>
</tr></table></center>]]></description>
			<styleUrl>#m_ylw-pushpin</styleUrl>
			<ExtendedData>
				<SchemaData schemaUrl="#kml_schema_ft_LL_WGS84_KMZ_TEMA_EDUCACAO_CEU">
					<SimpleData name="eq_id">5117</SimpleData>
					<SimpleData name="eq_nome">CEU CEI ADELAIDE TERESA LOPES CIMONARI PROFA</SimpleData>
					<SimpleData name="eq_enderec">MANOEL FERREIRA PIRES SN</SimpleData>
					<SimpleData name="eq_bairro">CAPAO DO EMBIRA</SimpleData>
					<SimpleData name="eq_cep">03386000</SimpleData>
					<SimpleData name="eq_tipo">CEU CEI</SimpleData>
					<SimpleData name="eq_classe">CEU</SimpleData>
					<SimpleData name="eq_telefon">00 /</SimpleData>
					<SimpleData name="eq_setor">355030885000112</SimpleData>
					<SimpleData name="eq_areap">3550308005079</SimpleData>
					<SimpleData name="eq_cd_dist">85</SimpleData>
					<SimpleData name="eq_distr">VILA FORMOSA</SimpleData>
					<SimpleData name="eq_cd_subp">26</SimpleData>
					<SimpleData name="eq_subpref">ARICANDUVA-FORMOSA-CARRAO</SimpleData>
					<SimpleData name="eq_regiao5">Leste</SimpleData>
					<SimpleData name="eq_regiao8">Leste 1</SimpleData>
					<SimpleData name="eq_ender">MANOEL FERREIRA PIRES</SimpleData>
					<SimpleData name="eq_num">SN</SimpleData>
					<SimpleData name="eq_compend">RUA</SimpleData>
					<SimpleData name="eq_codcep">03386000</SimpleData>
					<SimpleData name="eq_fone1">00</SimpleData>
					<SimpleData name="eq_email">CEICEUFORMOSA@SME.PREFEITURA.SP.GOV.BR</SimpleData>
					<SimpleData name="eq_cd_dirt">10205</SimpleData>
					<SimpleData name="eq_diretor">LESTE 5</SimpleData>
					<SimpleData name="eq_dre">ITAQUERA</SimpleData>
					<SimpleData name="eq_cd_mec">35396801</SimpleData>
					<SimpleData name="eq_esfera">MUNICIPAL</SimpleData>
					<SimpleData name="eq_cd_catg">1</SimpleData>
					<SimpleData name="eq_categor">ESCOLAS AUTONOMAS</SimpleData>
					<SimpleData name="eq_eol">35396801</SimpleData>
					<SimpleData name="eq_horario">07:00-18:00</SimpleData>
				</SchemaData>
			</ExtendedData>
			<Point>
				<coordinates>-46.5273826893757,-23.5829718959403,0</coordinates>
			</Point>
		</Placemark>
		<Placemark id="kml_120">
			<name>kml_120</name>
			<snippet></snippet>
			<description><![CDATA[<center><table><tr><th colspan='2' align='center'><em>Attributes</em></th></tr><tr bgcolor="#E3E3F3">
<th>eq_id</th>
<td>5118</td>
</tr><tr bgcolor="">
<th>eq_nome</th>
<td>CEU EMEI FORMOSA</td>
</tr><tr bgcolor="#E3E3F3">
<th>eq_enderec</th>
<td>MANOEL FERREIRA PIRES SN</td>
</tr><tr bgcolor="">
<th>eq_bairro</th>
<td>CAPAO DO EMBIRA</td>
</tr><tr bgcolor="#E3E3F3">
<th>eq_cep</th>
<td>03386000</td>
</tr><tr bgcolor="">
<th>eq_tipo</th>
<td>CEU EMEI</td>
</tr><tr bgcolor="#E3E3F3">
<th>eq_classe</th>
<td>CEU</td>
</tr><tr bgcolor="">
<th>eq_telefon</th>
<td>1122162140 / </td>
</tr><tr bgcolor="#E3E3F3">
<th>eq_setor</th>
<td>355030885000112</td>
</tr><tr bgcolor="">
<th>eq_areap</th>
<td>3550308005079</td>
</tr><tr bgcolor="#E3E3F3">
<th>eq_cd_dist</th>
<td>85</td>
</tr><tr bgcolor="">
<th>eq_distr</th>
<td>VILA FORMOSA</td>
</tr><tr bgcolor="#E3E3F3">
<th>eq_cd_subp</th>
<td>26</td>
</tr><tr bgcolor="">
<th>eq_subpref</th>
<td>ARICANDUVA-FORMOSA-CARRAO</td>
</tr><tr bgcolor="#E3E3F3">
<th>eq_regiao5</th>
<td>Leste</td>
</tr><tr bgcolor="">
<th>eq_regiao8</th>
<td>Leste 1</td>
</tr><tr bgcolor="#E3E3F3">
<th>eq_ender</th>
<td>MANOEL FERREIRA PIRES</td>
</tr><tr bgcolor="">
<th>eq_num</th>
<td>SN</td>
</tr><tr bgcolor="#E3E3F3">
<th>eq_compend</th>
<td>RUA</td>
</tr><tr bgcolor="">
<th>eq_codcep</th>
<td>03386000</td>
</tr><tr bgcolor="#E3E3F3">
<th>eq_fone1</th>
<td>1122162140</td>
</tr><tr bgcolor="">
<th>eq_fone2</th>
<td></td>
</tr><tr bgcolor="#E3E3F3">
<th>eq_email</th>
<td>EMEICEUFORMOSA@SME.PREFEITURA.SP.GOV.BR</td>
</tr><tr bgcolor="">
<th>eq_cd_dirt</th>
<td>10205</td>
</tr><tr bgcolor="#E3E3F3">
<th>eq_diretor</th>
<td>LESTE 5</td>
</tr><tr bgcolor="">
<th>eq_dre</th>
<td>ITAQUERA</td>
</tr><tr bgcolor="#E3E3F3">
<th>eq_cd_zona</th>
<td></td>
</tr><tr bgcolor="">
<th>eq_zona</th>
<td></td>
</tr><tr bgcolor="#E3E3F3">
<th>eq_cd_mec</th>
<td>35397015</td>
</tr><tr bgcolor="">
<th>eq_esfera</th>
<td>MUNICIPAL</td>
</tr><tr bgcolor="#E3E3F3">
<th>eq_cd_catg</th>
<td>1</td>
</tr><tr bgcolor="">
<th>eq_categor</th>
<td>ESCOLAS AUTONOMAS</td>
</tr><tr bgcolor="#E3E3F3">
<th>eq_eol</th>
<td>35397015</td>
</tr><tr bgcolor="">
<th>eq_horario</th>
<td>07:00-19:00</td>
</tr></table></center>]]></description>
			<styleUrl>#m_ylw-pushpin</styleUrl>
			<ExtendedData>
				<SchemaData schemaUrl="#kml_schema_ft_LL_WGS84_KMZ_TEMA_EDUCACAO_CEU">
					<SimpleData name="eq_id">5118</SimpleData>
					<SimpleData name="eq_nome">CEU EMEI FORMOSA</SimpleData>
					<SimpleData name="eq_enderec">MANOEL FERREIRA PIRES SN</SimpleData>
					<SimpleData name="eq_bairro">CAPAO DO EMBIRA</SimpleData>
					<SimpleData name="eq_cep">03386000</SimpleData>
					<SimpleData name="eq_tipo">CEU EMEI</SimpleData>
					<SimpleData name="eq_classe">CEU</SimpleData>
					<SimpleData name="eq_telefon">1122162140 /</SimpleData>
					<SimpleData name="eq_setor">355030885000112</SimpleData>
					<SimpleData name="eq_areap">3550308005079</SimpleData>
					<SimpleData name="eq_cd_dist">85</SimpleData>
					<SimpleData name="eq_distr">VILA FORMOSA</SimpleData>
					<SimpleData name="eq_cd_subp">26</SimpleData>
					<SimpleData name="eq_subpref">ARICANDUVA-FORMOSA-CARRAO</SimpleData>
					<SimpleData name="eq_regiao5">Leste</SimpleData>
					<SimpleData name="eq_regiao8">Leste 1</SimpleData>
					<SimpleData name="eq_ender">MANOEL FERREIRA PIRES</SimpleData>
					<SimpleData name="eq_num">SN</SimpleData>
					<SimpleData name="eq_compend">RUA</SimpleData>
					<SimpleData name="eq_codcep">03386000</SimpleData>
					<SimpleData name="eq_fone1">1122162140</SimpleData>
					<SimpleData name="eq_email">EMEICEUFORMOSA@SME.PREFEITURA.SP.GOV.BR</SimpleData>
					<SimpleData name="eq_cd_dirt">10205</SimpleData>
					<SimpleData name="eq_diretor">LESTE 5</SimpleData>
					<SimpleData name="eq_dre">ITAQUERA</SimpleData>
					<SimpleData name="eq_cd_mec">35397015</SimpleData>
					<SimpleData name="eq_esfera">MUNICIPAL</SimpleData>
					<SimpleData name="eq_cd_catg">1</SimpleData>
					<SimpleData name="eq_categor">ESCOLAS AUTONOMAS</SimpleData>
					<SimpleData name="eq_eol">35397015</SimpleData>
					<SimpleData name="eq_horario">07:00-19:00</SimpleData>
				</SchemaData>
			</ExtendedData>
			<Point>
				<coordinates>-46.5273826893757,-23.5829718959403,0</coordinates>
			</Point>
		</Placemark>
		<Placemark id="kml_121">
			<name>kml_121</name>
			<snippet></snippet>
			<description><![CDATA[<center><table><tr><th colspan='2' align='center'><em>Attributes</em></th></tr><tr bgcolor="#E3E3F3">
<th>eq_id</th>
<td>5119</td>
</tr><tr bgcolor="">
<th>eq_nome</th>
<td>CEU EMEF MARIA APARECIDA DE SOUZA CAMPOS PROFA</td>
</tr><tr bgcolor="#E3E3F3">
<th>eq_enderec</th>
<td>MANOEL FERREIRA PIRES SN</td>
</tr><tr bgcolor="">
<th>eq_bairro</th>
<td>CAPAO DO EMBIRA</td>
</tr><tr bgcolor="#E3E3F3">
<th>eq_cep</th>
<td>03386000</td>
</tr><tr bgcolor="">
<th>eq_tipo</th>
<td>CEU EMEF</td>
</tr><tr bgcolor="#E3E3F3">
<th>eq_classe</th>
<td>CEU</td>
</tr><tr bgcolor="">
<th>eq_telefon</th>
<td>1120364305 / </td>
</tr><tr bgcolor="#E3E3F3">
<th>eq_setor</th>
<td>355030885000112</td>
</tr><tr bgcolor="">
<th>eq_areap</th>
<td>3550308005079</td>
</tr><tr bgcolor="#E3E3F3">
<th>eq_cd_dist</th>
<td>85</td>
</tr><tr bgcolor="">
<th>eq_distr</th>
<td>VILA FORMOSA</td>
</tr><tr bgcolor="#E3E3F3">
<th>eq_cd_subp</th>
<td>26</td>
</tr><tr bgcolor="">
<th>eq_subpref</th>
<td>ARICANDUVA-FORMOSA-CARRAO</td>
</tr><tr bgcolor="#E3E3F3">
<th>eq_regiao5</th>
<td>Leste</td>
</tr><tr bgcolor="">
<th>eq_regiao8</th>
<td>Leste 1</td>
</tr><tr bgcolor="#E3E3F3">
<th>eq_ender</th>
<td>MANOEL FERREIRA PIRES</td>
</tr><tr bgcolor="">
<th>eq_num</th>
<td>SN</td>
</tr><tr bgcolor="#E3E3F3">
<th>eq_compend</th>
<td>RUA</td>
</tr><tr bgcolor="">
<th>eq_codcep</th>
<td>03386000</td>
</tr><tr bgcolor="#E3E3F3">
<th>eq_fone1</th>
<td>1120364305</td>
</tr><tr bgcolor="">
<th>eq_fone2</th>
<td></td>
</tr><tr bgcolor="#E3E3F3">
<th>eq_email</th>
<td>EMEFMARIASOUZACAMPOS@SME.PREFEITURA.SP.GOV.BR</td>
</tr><tr bgcolor="">
<th>eq_cd_dirt</th>
<td>10205</td>
</tr><tr bgcolor="#E3E3F3">
<th>eq_diretor</th>
<td>LESTE 5</td>
</tr><tr bgcolor="">
<th>eq_dre</th>
<td>ITAQUERA</td>
</tr><tr bgcolor="#E3E3F3">
<th>eq_cd_zona</th>
<td></td>
</tr><tr bgcolor="">
<th>eq_zona</th>
<td></td>
</tr><tr bgcolor="#E3E3F3">
<th>eq_cd_mec</th>
<td>35397064</td>
</tr><tr bgcolor="">
<th>eq_esfera</th>
<td>MUNICIPAL</td>
</tr><tr bgcolor="#E3E3F3">
<th>eq_cd_catg</th>
<td>1</td>
</tr><tr bgcolor="">
<th>eq_categor</th>
<td>ESCOLAS AUTONOMAS</td>
</tr><tr bgcolor="#E3E3F3">
<th>eq_eol</th>
<td>35397064</td>
</tr><tr bgcolor="">
<th>eq_horario</th>
<td>07:00-18:30</td>
</tr></table></center>]]></description>
			<styleUrl>#m_ylw-pushpin</styleUrl>
			<ExtendedData>
				<SchemaData schemaUrl="#kml_schema_ft_LL_WGS84_KMZ_TEMA_EDUCACAO_CEU">
					<SimpleData name="eq_id">5119</SimpleData>
					<SimpleData name="eq_nome">CEU EMEF MARIA APARECIDA DE SOUZA CAMPOS PROFA</SimpleData>
					<SimpleData name="eq_enderec">MANOEL FERREIRA PIRES SN</SimpleData>
					<SimpleData name="eq_bairro">CAPAO DO EMBIRA</SimpleData>
					<SimpleData name="eq_cep">03386000</SimpleData>
					<SimpleData name="eq_tipo">CEU EMEF</SimpleData>
					<SimpleData name="eq_classe">CEU</SimpleData>
					<SimpleData name="eq_telefon">1120364305 /</SimpleData>
					<SimpleData name="eq_setor">355030885000112</SimpleData>
					<SimpleData name="eq_areap">3550308005079</SimpleData>
					<SimpleData name="eq_cd_dist">85</SimpleData>
					<SimpleData name="eq_distr">VILA FORMOSA</SimpleData>
					<SimpleData name="eq_cd_subp">26</SimpleData>
					<SimpleData name="eq_subpref">ARICANDUVA-FORMOSA-CARRAO</SimpleData>
					<SimpleData name="eq_regiao5">Leste</SimpleData>
					<SimpleData name="eq_regiao8">Leste 1</SimpleData>
					<SimpleData name="eq_ender">MANOEL FERREIRA PIRES</SimpleData>
					<SimpleData name="eq_num">SN</SimpleData>
					<SimpleData name="eq_compend">RUA</SimpleData>
					<SimpleData name="eq_codcep">03386000</SimpleData>
					<SimpleData name="eq_fone1">1120364305</SimpleData>
					<SimpleData name="eq_email">EMEFMARIASOUZACAMPOS@SME.PREFEITURA.SP.GOV.BR</SimpleData>
					<SimpleData name="eq_cd_dirt">10205</SimpleData>
					<SimpleData name="eq_diretor">LESTE 5</SimpleData>
					<SimpleData name="eq_dre">ITAQUERA</SimpleData>
					<SimpleData name="eq_cd_mec">35397064</SimpleData>
					<SimpleData name="eq_esfera">MUNICIPAL</SimpleData>
					<SimpleData name="eq_cd_catg">1</SimpleData>
					<SimpleData name="eq_categor">ESCOLAS AUTONOMAS</SimpleData>
					<SimpleData name="eq_eol">35397064</SimpleData>
					<SimpleData name="eq_horario">07:00-18:30</SimpleData>
				</SchemaData>
			</ExtendedData>
			<Point>
				<coordinates>-46.5273826893757,-23.5829718959403,0</coordinates>
			</Point>
		</Placemark>
		<Placemark id="kml_122">
			<name>kml_122</name>
			<snippet></snippet>
			<description><![CDATA[<center><table><tr><th colspan='2' align='center'><em>Attributes</em></th></tr><tr bgcolor="#E3E3F3">
<th>eq_id</th>
<td>5120</td>
</tr><tr bgcolor="">
<th>eq_nome</th>
<td>CEU CEI PARQUE ANHANGUERA</td>
</tr><tr bgcolor="#E3E3F3">
<th>eq_enderec</th>
<td>PEDRO JOSE DE LIMA SN</td>
</tr><tr bgcolor="">
<th>eq_bairro</th>
<td>JARDIM ANHANGUERA</td>
</tr><tr bgcolor="#E3E3F3">
<th>eq_cep</th>
<td>05267000</td>
</tr><tr bgcolor="">
<th>eq_tipo</th>
<td>CEU CEI</td>
</tr><tr bgcolor="#E3E3F3">
<th>eq_classe</th>
<td>CEU</td>
</tr><tr bgcolor="">
<th>eq_telefon</th>
<td>1139114232 / 1139114626</td>
</tr><tr bgcolor="#E3E3F3">
<th>eq_setor</th>
<td>355030803000010</td>
</tr><tr bgcolor="">
<th>eq_areap</th>
<td>3550308005307</td>
</tr><tr bgcolor="#E3E3F3">
<th>eq_cd_dist</th>
<td>3</td>
</tr><tr bgcolor="">
<th>eq_distr</th>
<td>ANHANGUERA</td>
</tr><tr bgcolor="#E3E3F3">
<th>eq_cd_subp</th>
<td>1</td>
</tr><tr bgcolor="">
<th>eq_subpref</th>
<td>PERUS</td>
</tr><tr bgcolor="#E3E3F3">
<th>eq_regiao5</th>
<td>Norte</td>
</tr><tr bgcolor="">
<th>eq_regiao8</th>
<td>Norte 2</td>
</tr><tr bgcolor="#E3E3F3">
<th>eq_ender</th>
<td>PEDRO JOSE DE LIMA</td>
</tr><tr bgcolor="">
<th>eq_num</th>
<td>SN</td>
</tr><tr bgcolor="#E3E3F3">
<th>eq_compend</th>
<td>RUA</td>
</tr><tr bgcolor="">
<th>eq_codcep</th>
<td>05267000</td>
</tr><tr bgcolor="#E3E3F3">
<th>eq_fone1</th>
<td>1139114232</td>
</tr><tr bgcolor="">
<th>eq_fone2</th>
<td>1139114626</td>
</tr><tr bgcolor="#E3E3F3">
<th>eq_email</th>
<td>CEICEUPQANHANGUERA@SME.PREFEITURA.SP.GOV.BR</td>
</tr><tr bgcolor="">
<th>eq_cd_dirt</th>
<td>10101</td>
</tr><tr bgcolor="#E3E3F3">
<th>eq_diretor</th>
<td>NORTE 1</td>
</tr><tr bgcolor="">
<th>eq_dre</th>
<td>PIRITUBA</td>
</tr><tr bgcolor="#E3E3F3">
<th>eq_cd_zona</th>
<td></td>
</tr><tr bgcolor="">
<th>eq_zona</th>
<td></td>
</tr><tr bgcolor="#E3E3F3">
<th>eq_cd_mec</th>
<td>35397088</td>
</tr><tr bgcolor="">
<th>eq_esfera</th>
<td>MUNICIPAL</td>
</tr><tr bgcolor="#E3E3F3">
<th>eq_cd_catg</th>
<td>1</td>
</tr><tr bgcolor="">
<th>eq_categor</th>
<td>ESCOLAS AUTONOMAS</td>
</tr><tr bgcolor="#E3E3F3">
<th>eq_eol</th>
<td>35397088</td>
</tr><tr bgcolor="">
<th>eq_horario</th>
<td>08:00-18:00</td>
</tr></table></center>]]></description>
			<styleUrl>#m_ylw-pushpin</styleUrl>
			<ExtendedData>
				<SchemaData schemaUrl="#kml_schema_ft_LL_WGS84_KMZ_TEMA_EDUCACAO_CEU">
					<SimpleData name="eq_id">5120</SimpleData>
					<SimpleData name="eq_nome">CEU CEI PARQUE ANHANGUERA</SimpleData>
					<SimpleData name="eq_enderec">PEDRO JOSE DE LIMA SN</SimpleData>
					<SimpleData name="eq_bairro">JARDIM ANHANGUERA</SimpleData>
					<SimpleData name="eq_cep">05267000</SimpleData>
					<SimpleData name="eq_tipo">CEU CEI</SimpleData>
					<SimpleData name="eq_classe">CEU</SimpleData>
					<SimpleData name="eq_telefon">1139114232 / 1139114626</SimpleData>
					<SimpleData name="eq_setor">355030803000010</SimpleData>
					<SimpleData name="eq_areap">3550308005307</SimpleData>
					<SimpleData name="eq_cd_dist">3</SimpleData>
					<SimpleData name="eq_distr">ANHANGUERA</SimpleData>
					<SimpleData name="eq_cd_subp">1</SimpleData>
					<SimpleData name="eq_subpref">PERUS</SimpleData>
					<SimpleData name="eq_regiao5">Norte</SimpleData>
					<SimpleData name="eq_regiao8">Norte 2</SimpleData>
					<SimpleData name="eq_ender">PEDRO JOSE DE LIMA</SimpleData>
					<SimpleData name="eq_num">SN</SimpleData>
					<SimpleData name="eq_compend">RUA</SimpleData>
					<SimpleData name="eq_codcep">05267000</SimpleData>
					<SimpleData name="eq_fone1">1139114232</SimpleData>
					<SimpleData name="eq_fone2">1139114626</SimpleData>
					<SimpleData name="eq_email">CEICEUPQANHANGUERA@SME.PREFEITURA.SP.GOV.BR</SimpleData>
					<SimpleData name="eq_cd_dirt">10101</SimpleData>
					<SimpleData name="eq_diretor">NORTE 1</SimpleData>
					<SimpleData name="eq_dre">PIRITUBA</SimpleData>
					<SimpleData name="eq_cd_mec">35397088</SimpleData>
					<SimpleData name="eq_esfera">MUNICIPAL</SimpleData>
					<SimpleData name="eq_cd_catg">1</SimpleData>
					<SimpleData name="eq_categor">ESCOLAS AUTONOMAS</SimpleData>
					<SimpleData name="eq_eol">35397088</SimpleData>
					<SimpleData name="eq_horario">08:00-18:00</SimpleData>
				</SchemaData>
			</ExtendedData>
			<Point>
				<coordinates>-46.7876873379753,-23.4396015142164,0</coordinates>
			</Point>
		</Placemark>
		<Placemark id="kml_123">
			<name>kml_123</name>
			<snippet></snippet>
			<description><![CDATA[<center><table><tr><th colspan='2' align='center'><em>Attributes</em></th></tr><tr bgcolor="#E3E3F3">
<th>eq_id</th>
<td>5121</td>
</tr><tr bgcolor="">
<th>eq_nome</th>
<td>CEU EMEI PARQUE ANHANGUERA</td>
</tr><tr bgcolor="#E3E3F3">
<th>eq_enderec</th>
<td>PEDRO JOSE DE LIMA SN</td>
</tr><tr bgcolor="">
<th>eq_bairro</th>
<td>JARDIM ANHANGUERA</td>
</tr><tr bgcolor="#E3E3F3">
<th>eq_cep</th>
<td>05267000</td>
</tr><tr bgcolor="">
<th>eq_tipo</th>
<td>CEU EMEI</td>
</tr><tr bgcolor="#E3E3F3">
<th>eq_classe</th>
<td>CEU</td>
</tr><tr bgcolor="">
<th>eq_telefon</th>
<td>1139114770 / 1139115076</td>
</tr><tr bgcolor="#E3E3F3">
<th>eq_setor</th>
<td>355030803000010</td>
</tr><tr bgcolor="">
<th>eq_areap</th>
<td>3550308005307</td>
</tr><tr bgcolor="#E3E3F3">
<th>eq_cd_dist</th>
<td>3</td>
</tr><tr bgcolor="">
<th>eq_distr</th>
<td>ANHANGUERA</td>
</tr><tr bgcolor="#E3E3F3">
<th>eq_cd_subp</th>
<td>1</td>
</tr><tr bgcolor="">
<th>eq_subpref</th>
<td>PERUS</td>
</tr><tr bgcolor="#E3E3F3">
<th>eq_regiao5</th>
<td>Norte</td>
</tr><tr bgcolor="">
<th>eq_regiao8</th>
<td>Norte 2</td>
</tr><tr bgcolor="#E3E3F3">
<th>eq_ender</th>
<td>PEDRO JOSE DE LIMA</td>
</tr><tr bgcolor="">
<th>eq_num</th>
<td>SN</td>
</tr><tr bgcolor="#E3E3F3">
<th>eq_compend</th>
<td>RUA</td>
</tr><tr bgcolor="">
<th>eq_codcep</th>
<td>05267000</td>
</tr><tr bgcolor="#E3E3F3">
<th>eq_fone1</th>
<td>1139114770</td>
</tr><tr bgcolor="">
<th>eq_fone2</th>
<td>1139115076</td>
</tr><tr bgcolor="#E3E3F3">
<th>eq_email</th>
<td>EMEICEUPQANHANGUERA@SME.PREFEITURA.SP.GOV.BR</td>
</tr><tr bgcolor="">
<th>eq_cd_dirt</th>
<td>10101</td>
</tr><tr bgcolor="#E3E3F3">
<th>eq_diretor</th>
<td>NORTE 1</td>
</tr><tr bgcolor="">
<th>eq_dre</th>
<td>PIRITUBA</td>
</tr><tr bgcolor="#E3E3F3">
<th>eq_cd_zona</th>
<td></td>
</tr><tr bgcolor="">
<th>eq_zona</th>
<td></td>
</tr><tr bgcolor="#E3E3F3">
<th>eq_cd_mec</th>
<td>35397131</td>
</tr><tr bgcolor="">
<th>eq_esfera</th>
<td>MUNICIPAL</td>
</tr><tr bgcolor="#E3E3F3">
<th>eq_cd_catg</th>
<td>1</td>
</tr><tr bgcolor="">
<th>eq_categor</th>
<td>ESCOLAS AUTONOMAS</td>
</tr><tr bgcolor="#E3E3F3">
<th>eq_eol</th>
<td>35397131</td>
</tr><tr bgcolor="">
<th>eq_horario</th>
<td>07:00-19:00</td>
</tr></table></center>]]></description>
			<styleUrl>#m_ylw-pushpin</styleUrl>
			<ExtendedData>
				<SchemaData schemaUrl="#kml_schema_ft_LL_WGS84_KMZ_TEMA_EDUCACAO_CEU">
					<SimpleData name="eq_id">5121</SimpleData>
					<SimpleData name="eq_nome">CEU EMEI PARQUE ANHANGUERA</SimpleData>
					<SimpleData name="eq_enderec">PEDRO JOSE DE LIMA SN</SimpleData>
					<SimpleData name="eq_bairro">JARDIM ANHANGUERA</SimpleData>
					<SimpleData name="eq_cep">05267000</SimpleData>
					<SimpleData name="eq_tipo">CEU EMEI</SimpleData>
					<SimpleData name="eq_classe">CEU</SimpleData>
					<SimpleData name="eq_telefon">1139114770 / 1139115076</SimpleData>
					<SimpleData name="eq_setor">355030803000010</SimpleData>
					<SimpleData name="eq_areap">3550308005307</SimpleData>
					<SimpleData name="eq_cd_dist">3</SimpleData>
					<SimpleData name="eq_distr">ANHANGUERA</SimpleData>
					<SimpleData name="eq_cd_subp">1</SimpleData>
					<SimpleData name="eq_subpref">PERUS</SimpleData>
					<SimpleData name="eq_regiao5">Norte</SimpleData>
					<SimpleData name="eq_regiao8">Norte 2</SimpleData>
					<SimpleData name="eq_ender">PEDRO JOSE DE LIMA</SimpleData>
					<SimpleData name="eq_num">SN</SimpleData>
					<SimpleData name="eq_compend">RUA</SimpleData>
					<SimpleData name="eq_codcep">05267000</SimpleData>
					<SimpleData name="eq_fone1">1139114770</SimpleData>
					<SimpleData name="eq_fone2">1139115076</SimpleData>
					<SimpleData name="eq_email">EMEICEUPQANHANGUERA@SME.PREFEITURA.SP.GOV.BR</SimpleData>
					<SimpleData name="eq_cd_dirt">10101</SimpleData>
					<SimpleData name="eq_diretor">NORTE 1</SimpleData>
					<SimpleData name="eq_dre">PIRITUBA</SimpleData>
					<SimpleData name="eq_cd_mec">35397131</SimpleData>
					<SimpleData name="eq_esfera">MUNICIPAL</SimpleData>
					<SimpleData name="eq_cd_catg">1</SimpleData>
					<SimpleData name="eq_categor">ESCOLAS AUTONOMAS</SimpleData>
					<SimpleData name="eq_eol">35397131</SimpleData>
					<SimpleData name="eq_horario">07:00-19:00</SimpleData>
				</SchemaData>
			</ExtendedData>
			<Point>
				<coordinates>-46.787672374875,-23.4398204805014,0</coordinates>
			</Point>
		</Placemark>
		<Placemark id="kml_124">
			<name>kml_124</name>
			<snippet></snippet>
			<description><![CDATA[<center><table><tr><th colspan='2' align='center'><em>Attributes</em></th></tr><tr bgcolor="#E3E3F3">
<th>eq_id</th>
<td>5122</td>
</tr><tr bgcolor="">
<th>eq_nome</th>
<td>CEU EMEF PARQUE ANHANGUERA</td>
</tr><tr bgcolor="#E3E3F3">
<th>eq_enderec</th>
<td>PEDRO JOSE DE LIMA SN</td>
</tr><tr bgcolor="">
<th>eq_bairro</th>
<td>JARDIM ANHANGUERA</td>
</tr><tr bgcolor="#E3E3F3">
<th>eq_cep</th>
<td>05267000</td>
</tr><tr bgcolor="">
<th>eq_tipo</th>
<td>CEU EMEF</td>
</tr><tr bgcolor="#E3E3F3">
<th>eq_classe</th>
<td>CEU</td>
</tr><tr bgcolor="">
<th>eq_telefon</th>
<td>1139111676 / 1139112034</td>
</tr><tr bgcolor="#E3E3F3">
<th>eq_setor</th>
<td>355030803000010</td>
</tr><tr bgcolor="">
<th>eq_areap</th>
<td>3550308005307</td>
</tr><tr bgcolor="#E3E3F3">
<th>eq_cd_dist</th>
<td>3</td>
</tr><tr bgcolor="">
<th>eq_distr</th>
<td>ANHANGUERA</td>
</tr><tr bgcolor="#E3E3F3">
<th>eq_cd_subp</th>
<td>1</td>
</tr><tr bgcolor="">
<th>eq_subpref</th>
<td>PERUS</td>
</tr><tr bgcolor="#E3E3F3">
<th>eq_regiao5</th>
<td>Norte</td>
</tr><tr bgcolor="">
<th>eq_regiao8</th>
<td>Norte 2</td>
</tr><tr bgcolor="#E3E3F3">
<th>eq_ender</th>
<td>PEDRO JOSE DE LIMA</td>
</tr><tr bgcolor="">
<th>eq_num</th>
<td>SN</td>
</tr><tr bgcolor="#E3E3F3">
<th>eq_compend</th>
<td>RUA</td>
</tr><tr bgcolor="">
<th>eq_codcep</th>
<td>05267000</td>
</tr><tr bgcolor="#E3E3F3">
<th>eq_fone1</th>
<td>1139111676</td>
</tr><tr bgcolor="">
<th>eq_fone2</th>
<td>1139112034</td>
</tr><tr bgcolor="#E3E3F3">
<th>eq_email</th>
<td>EMEFCEUPQANHANGUERA@SME.PREFEITURA.SP.GOV.BR</td>
</tr><tr bgcolor="">
<th>eq_cd_dirt</th>
<td>10101</td>
</tr><tr bgcolor="#E3E3F3">
<th>eq_diretor</th>
<td>NORTE 1</td>
</tr><tr bgcolor="">
<th>eq_dre</th>
<td>PIRITUBA</td>
</tr><tr bgcolor="#E3E3F3">
<th>eq_cd_zona</th>
<td></td>
</tr><tr bgcolor="">
<th>eq_zona</th>
<td></td>
</tr><tr bgcolor="#E3E3F3">
<th>eq_cd_mec</th>
<td>35397271</td>
</tr><tr bgcolor="">
<th>eq_esfera</th>
<td>MUNICIPAL</td>
</tr><tr bgcolor="#E3E3F3">
<th>eq_cd_catg</th>
<td>1</td>
</tr><tr bgcolor="">
<th>eq_categor</th>
<td>ESCOLAS AUTONOMAS</td>
</tr><tr bgcolor="#E3E3F3">
<th>eq_eol</th>
<td>35397271</td>
</tr><tr bgcolor="">
<th>eq_horario</th>
<td>07:00-18:30</td>
</tr></table></center>]]></description>
			<styleUrl>#m_ylw-pushpin</styleUrl>
			<ExtendedData>
				<SchemaData schemaUrl="#kml_schema_ft_LL_WGS84_KMZ_TEMA_EDUCACAO_CEU">
					<SimpleData name="eq_id">5122</SimpleData>
					<SimpleData name="eq_nome">CEU EMEF PARQUE ANHANGUERA</SimpleData>
					<SimpleData name="eq_enderec">PEDRO JOSE DE LIMA SN</SimpleData>
					<SimpleData name="eq_bairro">JARDIM ANHANGUERA</SimpleData>
					<SimpleData name="eq_cep">05267000</SimpleData>
					<SimpleData name="eq_tipo">CEU EMEF</SimpleData>
					<SimpleData name="eq_classe">CEU</SimpleData>
					<SimpleData name="eq_telefon">1139111676 / 1139112034</SimpleData>
					<SimpleData name="eq_setor">355030803000010</SimpleData>
					<SimpleData name="eq_areap">3550308005307</SimpleData>
					<SimpleData name="eq_cd_dist">3</SimpleData>
					<SimpleData name="eq_distr">ANHANGUERA</SimpleData>
					<SimpleData name="eq_cd_subp">1</SimpleData>
					<SimpleData name="eq_subpref">PERUS</SimpleData>
					<SimpleData name="eq_regiao5">Norte</SimpleData>
					<SimpleData name="eq_regiao8">Norte 2</SimpleData>
					<SimpleData name="eq_ender">PEDRO JOSE DE LIMA</SimpleData>
					<SimpleData name="eq_num">SN</SimpleData>
					<SimpleData name="eq_compend">RUA</SimpleData>
					<SimpleData name="eq_codcep">05267000</SimpleData>
					<SimpleData name="eq_fone1">1139111676</SimpleData>
					<SimpleData name="eq_fone2">1139112034</SimpleData>
					<SimpleData name="eq_email">EMEFCEUPQANHANGUERA@SME.PREFEITURA.SP.GOV.BR</SimpleData>
					<SimpleData name="eq_cd_dirt">10101</SimpleData>
					<SimpleData name="eq_diretor">NORTE 1</SimpleData>
					<SimpleData name="eq_dre">PIRITUBA</SimpleData>
					<SimpleData name="eq_cd_mec">35397271</SimpleData>
					<SimpleData name="eq_esfera">MUNICIPAL</SimpleData>
					<SimpleData name="eq_cd_catg">1</SimpleData>
					<SimpleData name="eq_categor">ESCOLAS AUTONOMAS</SimpleData>
					<SimpleData name="eq_eol">35397271</SimpleData>
					<SimpleData name="eq_horario">07:00-18:30</SimpleData>
				</SchemaData>
			</ExtendedData>
			<Point>
				<coordinates>-46.7875843075969,-23.4400904905363,0</coordinates>
			</Point>
		</Placemark>
		<Placemark id="kml_125">
			<name>kml_125</name>
			<snippet></snippet>
			<description><![CDATA[<center><table><tr><th colspan='2' align='center'><em>Attributes</em></th></tr><tr bgcolor="#E3E3F3">
<th>eq_id</th>
<td>5123</td>
</tr><tr bgcolor="">
<th>eq_nome</th>
<td>CEU CEI JAGUARE</td>
</tr><tr bgcolor="#E3E3F3">
<th>eq_enderec</th>
<td>KENKITI SIMOMOTO SN</td>
</tr><tr bgcolor="">
<th>eq_bairro</th>
<td>JAGUARE</td>
</tr><tr bgcolor="#E3E3F3">
<th>eq_cep</th>
<td>05347000</td>
</tr><tr bgcolor="">
<th>eq_tipo</th>
<td>CEU CEI</td>
</tr><tr bgcolor="#E3E3F3">
<th>eq_classe</th>
<td>CEU</td>
</tr><tr bgcolor="">
<th>eq_telefon</th>
<td>1137143564 / 1137192284</td>
</tr><tr bgcolor="#E3E3F3">
<th>eq_setor</th>
<td>355030841000025</td>
</tr><tr bgcolor="">
<th>eq_areap</th>
<td>3550308005108</td>
</tr><tr bgcolor="#E3E3F3">
<th>eq_cd_dist</th>
<td>41</td>
</tr><tr bgcolor="">
<th>eq_distr</th>
<td>JAGUARE</td>
</tr><tr bgcolor="#E3E3F3">
<th>eq_cd_subp</th>
<td>8</td>
</tr><tr bgcolor="">
<th>eq_subpref</th>
<td>LAPA</td>
</tr><tr bgcolor="#E3E3F3">
<th>eq_regiao5</th>
<td>Oeste</td>
</tr><tr bgcolor="">
<th>eq_regiao8</th>
<td>Oeste</td>
</tr><tr bgcolor="#E3E3F3">
<th>eq_ender</th>
<td>KENKITI SIMOMOTO</td>
</tr><tr bgcolor="">
<th>eq_num</th>
<td>SN</td>
</tr><tr bgcolor="#E3E3F3">
<th>eq_compend</th>
<td>AVENIDA</td>
</tr><tr bgcolor="">
<th>eq_codcep</th>
<td>05347000</td>
</tr><tr bgcolor="#E3E3F3">
<th>eq_fone1</th>
<td>1137143564</td>
</tr><tr bgcolor="">
<th>eq_fone2</th>
<td>1137192284</td>
</tr><tr bgcolor="#E3E3F3">
<th>eq_email</th>
<td>CEICEUJAGUARE@SME.PREFEITURA.SP.GOV.BR</td>
</tr><tr bgcolor="">
<th>eq_cd_dirt</th>
<td>10312</td>
</tr><tr bgcolor="#E3E3F3">
<th>eq_diretor</th>
<td>CENTRO OESTE</td>
</tr><tr bgcolor="">
<th>eq_dre</th>
<td>PIRITUBA</td>
</tr><tr bgcolor="#E3E3F3">
<th>eq_cd_zona</th>
<td></td>
</tr><tr bgcolor="">
<th>eq_zona</th>
<td></td>
</tr><tr bgcolor="#E3E3F3">
<th>eq_cd_mec</th>
<td>35397453</td>
</tr><tr bgcolor="">
<th>eq_esfera</th>
<td>MUNICIPAL</td>
</tr><tr bgcolor="#E3E3F3">
<th>eq_cd_catg</th>
<td>1</td>
</tr><tr bgcolor="">
<th>eq_categor</th>
<td>ESCOLAS AUTONOMAS</td>
</tr><tr bgcolor="#E3E3F3">
<th>eq_eol</th>
<td>35397453</td>
</tr><tr bgcolor="">
<th>eq_horario</th>
<td>08:00-18:00</td>
</tr></table></center>]]></description>
			<styleUrl>#m_ylw-pushpin</styleUrl>
			<ExtendedData>
				<SchemaData schemaUrl="#kml_schema_ft_LL_WGS84_KMZ_TEMA_EDUCACAO_CEU">
					<SimpleData name="eq_id">5123</SimpleData>
					<SimpleData name="eq_nome">CEU CEI JAGUARE</SimpleData>
					<SimpleData name="eq_enderec">KENKITI SIMOMOTO SN</SimpleData>
					<SimpleData name="eq_bairro">JAGUARE</SimpleData>
					<SimpleData name="eq_cep">05347000</SimpleData>
					<SimpleData name="eq_tipo">CEU CEI</SimpleData>
					<SimpleData name="eq_classe">CEU</SimpleData>
					<SimpleData name="eq_telefon">1137143564 / 1137192284</SimpleData>
					<SimpleData name="eq_setor">355030841000025</SimpleData>
					<SimpleData name="eq_areap">3550308005108</SimpleData>
					<SimpleData name="eq_cd_dist">41</SimpleData>
					<SimpleData name="eq_distr">JAGUARE</SimpleData>
					<SimpleData name="eq_cd_subp">8</SimpleData>
					<SimpleData name="eq_subpref">LAPA</SimpleData>
					<SimpleData name="eq_regiao5">Oeste</SimpleData>
					<SimpleData name="eq_regiao8">Oeste</SimpleData>
					<SimpleData name="eq_ender">KENKITI SIMOMOTO</SimpleData>
					<SimpleData name="eq_num">SN</SimpleData>
					<SimpleData name="eq_compend">AVENIDA</SimpleData>
					<SimpleData name="eq_codcep">05347000</SimpleData>
					<SimpleData name="eq_fone1">1137143564</SimpleData>
					<SimpleData name="eq_fone2">1137192284</SimpleData>
					<SimpleData name="eq_email">CEICEUJAGUARE@SME.PREFEITURA.SP.GOV.BR</SimpleData>
					<SimpleData name="eq_cd_dirt">10312</SimpleData>
					<SimpleData name="eq_diretor">CENTRO OESTE</SimpleData>
					<SimpleData name="eq_dre">PIRITUBA</SimpleData>
					<SimpleData name="eq_cd_mec">35397453</SimpleData>
					<SimpleData name="eq_esfera">MUNICIPAL</SimpleData>
					<SimpleData name="eq_cd_catg">1</SimpleData>
					<SimpleData name="eq_categor">ESCOLAS AUTONOMAS</SimpleData>
					<SimpleData name="eq_eol">35397453</SimpleData>
					<SimpleData name="eq_horario">08:00-18:00</SimpleData>
				</SchemaData>
			</ExtendedData>
			<Point>
				<coordinates>-46.7426283186639,-23.5487011074678,0</coordinates>
			</Point>
		</Placemark>
		<Placemark id="kml_126">
			<name>kml_126</name>
			<snippet></snippet>
			<description><![CDATA[<center><table><tr><th colspan='2' align='center'><em>Attributes</em></th></tr><tr bgcolor="#E3E3F3">
<th>eq_id</th>
<td>5124</td>
</tr><tr bgcolor="">
<th>eq_nome</th>
<td>CEU EMEI JAGUARE</td>
</tr><tr bgcolor="#E3E3F3">
<th>eq_enderec</th>
<td>KENKITI SIMOMOTO SN</td>
</tr><tr bgcolor="">
<th>eq_bairro</th>
<td>JAGUARE</td>
</tr><tr bgcolor="#E3E3F3">
<th>eq_cep</th>
<td>05347000</td>
</tr><tr bgcolor="">
<th>eq_tipo</th>
<td>CEU EMEI</td>
</tr><tr bgcolor="#E3E3F3">
<th>eq_classe</th>
<td>CEU</td>
</tr><tr bgcolor="">
<th>eq_telefon</th>
<td>1137192407 / </td>
</tr><tr bgcolor="#E3E3F3">
<th>eq_setor</th>
<td>355030841000025</td>
</tr><tr bgcolor="">
<th>eq_areap</th>
<td>3550308005108</td>
</tr><tr bgcolor="#E3E3F3">
<th>eq_cd_dist</th>
<td>41</td>
</tr><tr bgcolor="">
<th>eq_distr</th>
<td>JAGUARE</td>
</tr><tr bgcolor="#E3E3F3">
<th>eq_cd_subp</th>
<td>8</td>
</tr><tr bgcolor="">
<th>eq_subpref</th>
<td>LAPA</td>
</tr><tr bgcolor="#E3E3F3">
<th>eq_regiao5</th>
<td>Oeste</td>
</tr><tr bgcolor="">
<th>eq_regiao8</th>
<td>Oeste</td>
</tr><tr bgcolor="#E3E3F3">
<th>eq_ender</th>
<td>KENKITI SIMOMOTO</td>
</tr><tr bgcolor="">
<th>eq_num</th>
<td>SN</td>
</tr><tr bgcolor="#E3E3F3">
<th>eq_compend</th>
<td>AVENIDA</td>
</tr><tr bgcolor="">
<th>eq_codcep</th>
<td>05347000</td>
</tr><tr bgcolor="#E3E3F3">
<th>eq_fone1</th>
<td>1137192407</td>
</tr><tr bgcolor="">
<th>eq_fone2</th>
<td></td>
</tr><tr bgcolor="#E3E3F3">
<th>eq_email</th>
<td>EMEICEUJAGUARE@SME.PREFEITURA.SP.GOV.BR</td>
</tr><tr bgcolor="">
<th>eq_cd_dirt</th>
<td>10312</td>
</tr><tr bgcolor="#E3E3F3">
<th>eq_diretor</th>
<td>CENTRO OESTE</td>
</tr><tr bgcolor="">
<th>eq_dre</th>
<td>PIRITUBA</td>
</tr><tr bgcolor="#E3E3F3">
<th>eq_cd_zona</th>
<td></td>
</tr><tr bgcolor="">
<th>eq_zona</th>
<td></td>
</tr><tr bgcolor="#E3E3F3">
<th>eq_cd_mec</th>
<td>35397465</td>
</tr><tr bgcolor="">
<th>eq_esfera</th>
<td>MUNICIPAL</td>
</tr><tr bgcolor="#E3E3F3">
<th>eq_cd_catg</th>
<td>1</td>
</tr><tr bgcolor="">
<th>eq_categor</th>
<td>ESCOLAS AUTONOMAS</td>
</tr><tr bgcolor="#E3E3F3">
<th>eq_eol</th>
<td>35397465</td>
</tr><tr bgcolor="">
<th>eq_horario</th>
<td>07:00-19:00</td>
</tr></table></center>]]></description>
			<styleUrl>#m_ylw-pushpin</styleUrl>
			<ExtendedData>
				<SchemaData schemaUrl="#kml_schema_ft_LL_WGS84_KMZ_TEMA_EDUCACAO_CEU">
					<SimpleData name="eq_id">5124</SimpleData>
					<SimpleData name="eq_nome">CEU EMEI JAGUARE</SimpleData>
					<SimpleData name="eq_enderec">KENKITI SIMOMOTO SN</SimpleData>
					<SimpleData name="eq_bairro">JAGUARE</SimpleData>
					<SimpleData name="eq_cep">05347000</SimpleData>
					<SimpleData name="eq_tipo">CEU EMEI</SimpleData>
					<SimpleData name="eq_classe">CEU</SimpleData>
					<SimpleData name="eq_telefon">1137192407 /</SimpleData>
					<SimpleData name="eq_setor">355030841000025</SimpleData>
					<SimpleData name="eq_areap">3550308005108</SimpleData>
					<SimpleData name="eq_cd_dist">41</SimpleData>
					<SimpleData name="eq_distr">JAGUARE</SimpleData>
					<SimpleData name="eq_cd_subp">8</SimpleData>
					<SimpleData name="eq_subpref">LAPA</SimpleData>
					<SimpleData name="eq_regiao5">Oeste</SimpleData>
					<SimpleData name="eq_regiao8">Oeste</SimpleData>
					<SimpleData name="eq_ender">KENKITI SIMOMOTO</SimpleData>
					<SimpleData name="eq_num">SN</SimpleData>
					<SimpleData name="eq_compend">AVENIDA</SimpleData>
					<SimpleData name="eq_codcep">05347000</SimpleData>
					<SimpleData name="eq_fone1">1137192407</SimpleData>
					<SimpleData name="eq_email">EMEICEUJAGUARE@SME.PREFEITURA.SP.GOV.BR</SimpleData>
					<SimpleData name="eq_cd_dirt">10312</SimpleData>
					<SimpleData name="eq_diretor">CENTRO OESTE</SimpleData>
					<SimpleData name="eq_dre">PIRITUBA</SimpleData>
					<SimpleData name="eq_cd_mec">35397465</SimpleData>
					<SimpleData name="eq_esfera">MUNICIPAL</SimpleData>
					<SimpleData name="eq_cd_catg">1</SimpleData>
					<SimpleData name="eq_categor">ESCOLAS AUTONOMAS</SimpleData>
					<SimpleData name="eq_eol">35397465</SimpleData>
					<SimpleData name="eq_horario">07:00-19:00</SimpleData>
				</SchemaData>
			</ExtendedData>
			<Point>
				<coordinates>-46.7426283186639,-23.5487011074678,0</coordinates>
			</Point>
		</Placemark>
		<Placemark id="kml_127">
			<name>kml_127</name>
			<snippet></snippet>
			<description><![CDATA[<center><table><tr><th colspan='2' align='center'><em>Attributes</em></th></tr><tr bgcolor="#E3E3F3">
<th>eq_id</th>
<td>5125</td>
</tr><tr bgcolor="">
<th>eq_nome</th>
<td>CEU EMEF JAGUARE</td>
</tr><tr bgcolor="#E3E3F3">
<th>eq_enderec</th>
<td>KENKITI SIMOMOTO SN</td>
</tr><tr bgcolor="">
<th>eq_bairro</th>
<td>JAGUARE</td>
</tr><tr bgcolor="#E3E3F3">
<th>eq_cep</th>
<td>05347000</td>
</tr><tr bgcolor="">
<th>eq_tipo</th>
<td>CEU EMEF</td>
</tr><tr bgcolor="#E3E3F3">
<th>eq_classe</th>
<td>CEU</td>
</tr><tr bgcolor="">
<th>eq_telefon</th>
<td>1137144607 / 1137192321</td>
</tr><tr bgcolor="#E3E3F3">
<th>eq_setor</th>
<td>355030841000025</td>
</tr><tr bgcolor="">
<th>eq_areap</th>
<td>3550308005108</td>
</tr><tr bgcolor="#E3E3F3">
<th>eq_cd_dist</th>
<td>41</td>
</tr><tr bgcolor="">
<th>eq_distr</th>
<td>JAGUARE</td>
</tr><tr bgcolor="#E3E3F3">
<th>eq_cd_subp</th>
<td>8</td>
</tr><tr bgcolor="">
<th>eq_subpref</th>
<td>LAPA</td>
</tr><tr bgcolor="#E3E3F3">
<th>eq_regiao5</th>
<td>Oeste</td>
</tr><tr bgcolor="">
<th>eq_regiao8</th>
<td>Oeste</td>
</tr><tr bgcolor="#E3E3F3">
<th>eq_ender</th>
<td>KENKITI SIMOMOTO</td>
</tr><tr bgcolor="">
<th>eq_num</th>
<td>SN</td>
</tr><tr bgcolor="#E3E3F3">
<th>eq_compend</th>
<td>AVENIDA</td>
</tr><tr bgcolor="">
<th>eq_codcep</th>
<td>05347000</td>
</tr><tr bgcolor="#E3E3F3">
<th>eq_fone1</th>
<td>1137144607</td>
</tr><tr bgcolor="">
<th>eq_fone2</th>
<td>1137192321</td>
</tr><tr bgcolor="#E3E3F3">
<th>eq_email</th>
<td>EMEFCEUJAGUARE@SME.PREFEITURA.SP.GOV.BR</td>
</tr><tr bgcolor="">
<th>eq_cd_dirt</th>
<td>10312</td>
</tr><tr bgcolor="#E3E3F3">
<th>eq_diretor</th>
<td>CENTRO OESTE</td>
</tr><tr bgcolor="">
<th>eq_dre</th>
<td>PIRITUBA</td>
</tr><tr bgcolor="#E3E3F3">
<th>eq_cd_zona</th>
<td></td>
</tr><tr bgcolor="">
<th>eq_zona</th>
<td></td>
</tr><tr bgcolor="#E3E3F3">
<th>eq_cd_mec</th>
<td>35397477</td>
</tr><tr bgcolor="">
<th>eq_esfera</th>
<td>MUNICIPAL</td>
</tr><tr bgcolor="#E3E3F3">
<th>eq_cd_catg</th>
<td>1</td>
</tr><tr bgcolor="">
<th>eq_categor</th>
<td>ESCOLAS AUTONOMAS</td>
</tr><tr bgcolor="#E3E3F3">
<th>eq_eol</th>
<td>35397477</td>
</tr><tr bgcolor="">
<th>eq_horario</th>
<td>07:00-19:35</td>
</tr></table></center>]]></description>
			<styleUrl>#m_ylw-pushpin</styleUrl>
			<ExtendedData>
				<SchemaData schemaUrl="#kml_schema_ft_LL_WGS84_KMZ_TEMA_EDUCACAO_CEU">
					<SimpleData name="eq_id">5125</SimpleData>
					<SimpleData name="eq_nome">CEU EMEF JAGUARE</SimpleData>
					<SimpleData name="eq_enderec">KENKITI SIMOMOTO SN</SimpleData>
					<SimpleData name="eq_bairro">JAGUARE</SimpleData>
					<SimpleData name="eq_cep">05347000</SimpleData>
					<SimpleData name="eq_tipo">CEU EMEF</SimpleData>
					<SimpleData name="eq_classe">CEU</SimpleData>
					<SimpleData name="eq_telefon">1137144607 / 1137192321</SimpleData>
					<SimpleData name="eq_setor">355030841000025</SimpleData>
					<SimpleData name="eq_areap">3550308005108</SimpleData>
					<SimpleData name="eq_cd_dist">41</SimpleData>
					<SimpleData name="eq_distr">JAGUARE</SimpleData>
					<SimpleData name="eq_cd_subp">8</SimpleData>
					<SimpleData name="eq_subpref">LAPA</SimpleData>
					<SimpleData name="eq_regiao5">Oeste</SimpleData>
					<SimpleData name="eq_regiao8">Oeste</SimpleData>
					<SimpleData name="eq_ender">KENKITI SIMOMOTO</SimpleData>
					<SimpleData name="eq_num">SN</SimpleData>
					<SimpleData name="eq_compend">AVENIDA</SimpleData>
					<SimpleData name="eq_codcep">05347000</SimpleData>
					<SimpleData name="eq_fone1">1137144607</SimpleData>
					<SimpleData name="eq_fone2">1137192321</SimpleData>
					<SimpleData name="eq_email">EMEFCEUJAGUARE@SME.PREFEITURA.SP.GOV.BR</SimpleData>
					<SimpleData name="eq_cd_dirt">10312</SimpleData>
					<SimpleData name="eq_diretor">CENTRO OESTE</SimpleData>
					<SimpleData name="eq_dre">PIRITUBA</SimpleData>
					<SimpleData name="eq_cd_mec">35397477</SimpleData>
					<SimpleData name="eq_esfera">MUNICIPAL</SimpleData>
					<SimpleData name="eq_cd_catg">1</SimpleData>
					<SimpleData name="eq_categor">ESCOLAS AUTONOMAS</SimpleData>
					<SimpleData name="eq_eol">35397477</SimpleData>
					<SimpleData name="eq_horario">07:00-19:35</SimpleData>
				</SchemaData>
			</ExtendedData>
			<Point>
				<coordinates>-46.7426283186639,-23.5487011074678,0</coordinates>
			</Point>
		</Placemark>
		<Placemark id="kml_128">
			<name>kml_128</name>
			<snippet></snippet>
			<description><![CDATA[<center><table><tr><th colspan='2' align='center'><em>Attributes</em></th></tr><tr bgcolor="#E3E3F3">
<th>eq_id</th>
<td>5126</td>
</tr><tr bgcolor="">
<th>eq_nome</th>
<td>CEU CEI ALTO ALEGRE</td>
</tr><tr bgcolor="#E3E3F3">
<th>eq_enderec</th>
<td>BENTO GUELFI SN</td>
</tr><tr bgcolor="">
<th>eq_bairro</th>
<td>JARDIM IGUATEMI</td>
</tr><tr bgcolor="#E3E3F3">
<th>eq_cep</th>
<td>08381000</td>
</tr><tr bgcolor="">
<th>eq_tipo</th>
<td>CEU CEI</td>
</tr><tr bgcolor="#E3E3F3">
<th>eq_classe</th>
<td>CEU</td>
</tr><tr bgcolor="">
<th>eq_telefon</th>
<td>1127311108 / </td>
</tr><tr bgcolor="#E3E3F3">
<th>eq_setor</th>
<td>355030833000168</td>
</tr><tr bgcolor="">
<th>eq_areap</th>
<td>3550308005275</td>
</tr><tr bgcolor="#E3E3F3">
<th>eq_cd_dist</th>
<td>33</td>
</tr><tr bgcolor="">
<th>eq_distr</th>
<td>IGUATEMI</td>
</tr><tr bgcolor="#E3E3F3">
<th>eq_cd_subp</th>
<td>30</td>
</tr><tr bgcolor="">
<th>eq_subpref</th>
<td>SAO MATEUS</td>
</tr><tr bgcolor="#E3E3F3">
<th>eq_regiao5</th>
<td>Leste</td>
</tr><tr bgcolor="">
<th>eq_regiao8</th>
<td>Leste 2</td>
</tr><tr bgcolor="#E3E3F3">
<th>eq_ender</th>
<td>BENTO GUELFI</td>
</tr><tr bgcolor="">
<th>eq_num</th>
<td>SN</td>
</tr><tr bgcolor="#E3E3F3">
<th>eq_compend</th>
<td>AVENIDA</td>
</tr><tr bgcolor="">
<th>eq_codcep</th>
<td>08381000</td>
</tr><tr bgcolor="#E3E3F3">
<th>eq_fone1</th>
<td>1127311108</td>
</tr><tr bgcolor="">
<th>eq_fone2</th>
<td></td>
</tr><tr bgcolor="#E3E3F3">
<th>eq_email</th>
<td></td>
</tr><tr bgcolor="">
<th>eq_cd_dirt</th>
<td>10211</td>
</tr><tr bgcolor="#E3E3F3">
<th>eq_diretor</th>
<td>LESTE 3</td>
</tr><tr bgcolor="">
<th>eq_dre</th>
<td>SAO MATEUS</td>
</tr><tr bgcolor="#E3E3F3">
<th>eq_cd_zona</th>
<td></td>
</tr><tr bgcolor="">
<th>eq_zona</th>
<td></td>
</tr><tr bgcolor="#E3E3F3">
<th>eq_cd_mec</th>
<td>35397775</td>
</tr><tr bgcolor="">
<th>eq_esfera</th>
<td>MUNICIPAL</td>
</tr><tr bgcolor="#E3E3F3">
<th>eq_cd_catg</th>
<td>1</td>
</tr><tr bgcolor="">
<th>eq_categor</th>
<td>ESCOLAS AUTONOMAS</td>
</tr><tr bgcolor="#E3E3F3">
<th>eq_eol</th>
<td>35397775</td>
</tr><tr bgcolor="">
<th>eq_horario</th>
<td>07:00-17:00</td>
</tr></table></center>]]></description>
			<styleUrl>#m_ylw-pushpin</styleUrl>
			<ExtendedData>
				<SchemaData schemaUrl="#kml_schema_ft_LL_WGS84_KMZ_TEMA_EDUCACAO_CEU">
					<SimpleData name="eq_id">5126</SimpleData>
					<SimpleData name="eq_nome">CEU CEI ALTO ALEGRE</SimpleData>
					<SimpleData name="eq_enderec">BENTO GUELFI SN</SimpleData>
					<SimpleData name="eq_bairro">JARDIM IGUATEMI</SimpleData>
					<SimpleData name="eq_cep">08381000</SimpleData>
					<SimpleData name="eq_tipo">CEU CEI</SimpleData>
					<SimpleData name="eq_classe">CEU</SimpleData>
					<SimpleData name="eq_telefon">1127311108 /</SimpleData>
					<SimpleData name="eq_setor">355030833000168</SimpleData>
					<SimpleData name="eq_areap">3550308005275</SimpleData>
					<SimpleData name="eq_cd_dist">33</SimpleData>
					<SimpleData name="eq_distr">IGUATEMI</SimpleData>
					<SimpleData name="eq_cd_subp">30</SimpleData>
					<SimpleData name="eq_subpref">SAO MATEUS</SimpleData>
					<SimpleData name="eq_regiao5">Leste</SimpleData>
					<SimpleData name="eq_regiao8">Leste 2</SimpleData>
					<SimpleData name="eq_ender">BENTO GUELFI</SimpleData>
					<SimpleData name="eq_num">SN</SimpleData>
					<SimpleData name="eq_compend">AVENIDA</SimpleData>
					<SimpleData name="eq_codcep">08381000</SimpleData>
					<SimpleData name="eq_fone1">1127311108</SimpleData>
					<SimpleData name="eq_cd_dirt">10211</SimpleData>
					<SimpleData name="eq_diretor">LESTE 3</SimpleData>
					<SimpleData name="eq_dre">SAO MATEUS</SimpleData>
					<SimpleData name="eq_cd_mec">35397775</SimpleData>
					<SimpleData name="eq_esfera">MUNICIPAL</SimpleData>
					<SimpleData name="eq_cd_catg">1</SimpleData>
					<SimpleData name="eq_categor">ESCOLAS AUTONOMAS</SimpleData>
					<SimpleData name="eq_eol">35397775</SimpleData>
					<SimpleData name="eq_horario">07:00-17:00</SimpleData>
				</SchemaData>
			</ExtendedData>
			<Point>
				<coordinates>-46.4277658979572,-23.609431348688,0</coordinates>
			</Point>
		</Placemark>
		<Placemark id="kml_129">
			<name>kml_129</name>
			<snippet></snippet>
			<description><![CDATA[<center><table><tr><th colspan='2' align='center'><em>Attributes</em></th></tr><tr bgcolor="#E3E3F3">
<th>eq_id</th>
<td>5127</td>
</tr><tr bgcolor="">
<th>eq_nome</th>
<td>CEU EMEI ALTO ALEGRE</td>
</tr><tr bgcolor="#E3E3F3">
<th>eq_enderec</th>
<td>BENTO GUELFI SN</td>
</tr><tr bgcolor="">
<th>eq_bairro</th>
<td>JARDIM IGUATEMI</td>
</tr><tr bgcolor="#E3E3F3">
<th>eq_cep</th>
<td>08381000</td>
</tr><tr bgcolor="">
<th>eq_tipo</th>
<td>CEU EMEI</td>
</tr><tr bgcolor="#E3E3F3">
<th>eq_classe</th>
<td>CEU</td>
</tr><tr bgcolor="">
<th>eq_telefon</th>
<td>1127311106 / </td>
</tr><tr bgcolor="#E3E3F3">
<th>eq_setor</th>
<td>355030833000168</td>
</tr><tr bgcolor="">
<th>eq_areap</th>
<td>3550308005275</td>
</tr><tr bgcolor="#E3E3F3">
<th>eq_cd_dist</th>
<td>33</td>
</tr><tr bgcolor="">
<th>eq_distr</th>
<td>IGUATEMI</td>
</tr><tr bgcolor="#E3E3F3">
<th>eq_cd_subp</th>
<td>30</td>
</tr><tr bgcolor="">
<th>eq_subpref</th>
<td>SAO MATEUS</td>
</tr><tr bgcolor="#E3E3F3">
<th>eq_regiao5</th>
<td>Leste</td>
</tr><tr bgcolor="">
<th>eq_regiao8</th>
<td>Leste 2</td>
</tr><tr bgcolor="#E3E3F3">
<th>eq_ender</th>
<td>BENTO GUELFI</td>
</tr><tr bgcolor="">
<th>eq_num</th>
<td>SN</td>
</tr><tr bgcolor="#E3E3F3">
<th>eq_compend</th>
<td>AVENIDA</td>
</tr><tr bgcolor="">
<th>eq_codcep</th>
<td>08381000</td>
</tr><tr bgcolor="#E3E3F3">
<th>eq_fone1</th>
<td>1127311106</td>
</tr><tr bgcolor="">
<th>eq_fone2</th>
<td></td>
</tr><tr bgcolor="#E3E3F3">
<th>eq_email</th>
<td></td>
</tr><tr bgcolor="">
<th>eq_cd_dirt</th>
<td>10211</td>
</tr><tr bgcolor="#E3E3F3">
<th>eq_diretor</th>
<td>LESTE 3</td>
</tr><tr bgcolor="">
<th>eq_dre</th>
<td>SAO MATEUS</td>
</tr><tr bgcolor="#E3E3F3">
<th>eq_cd_zona</th>
<td></td>
</tr><tr bgcolor="">
<th>eq_zona</th>
<td></td>
</tr><tr bgcolor="#E3E3F3">
<th>eq_cd_mec</th>
<td>35398238</td>
</tr><tr bgcolor="">
<th>eq_esfera</th>
<td>MUNICIPAL</td>
</tr><tr bgcolor="#E3E3F3">
<th>eq_cd_catg</th>
<td>1</td>
</tr><tr bgcolor="">
<th>eq_categor</th>
<td>ESCOLAS AUTONOMAS</td>
</tr><tr bgcolor="#E3E3F3">
<th>eq_eol</th>
<td>35398238</td>
</tr><tr bgcolor="">
<th>eq_horario</th>
<td>07:00-19:00</td>
</tr></table></center>]]></description>
			<styleUrl>#m_ylw-pushpin</styleUrl>
			<ExtendedData>
				<SchemaData schemaUrl="#kml_schema_ft_LL_WGS84_KMZ_TEMA_EDUCACAO_CEU">
					<SimpleData name="eq_id">5127</SimpleData>
					<SimpleData name="eq_nome">CEU EMEI ALTO ALEGRE</SimpleData>
					<SimpleData name="eq_enderec">BENTO GUELFI SN</SimpleData>
					<SimpleData name="eq_bairro">JARDIM IGUATEMI</SimpleData>
					<SimpleData name="eq_cep">08381000</SimpleData>
					<SimpleData name="eq_tipo">CEU EMEI</SimpleData>
					<SimpleData name="eq_classe">CEU</SimpleData>
					<SimpleData name="eq_telefon">1127311106 /</SimpleData>
					<SimpleData name="eq_setor">355030833000168</SimpleData>
					<SimpleData name="eq_areap">3550308005275</SimpleData>
					<SimpleData name="eq_cd_dist">33</SimpleData>
					<SimpleData name="eq_distr">IGUATEMI</SimpleData>
					<SimpleData name="eq_cd_subp">30</SimpleData>
					<SimpleData name="eq_subpref">SAO MATEUS</SimpleData>
					<SimpleData name="eq_regiao5">Leste</SimpleData>
					<SimpleData name="eq_regiao8">Leste 2</SimpleData>
					<SimpleData name="eq_ender">BENTO GUELFI</SimpleData>
					<SimpleData name="eq_num">SN</SimpleData>
					<SimpleData name="eq_compend">AVENIDA</SimpleData>
					<SimpleData name="eq_codcep">08381000</SimpleData>
					<SimpleData name="eq_fone1">1127311106</SimpleData>
					<SimpleData name="eq_cd_dirt">10211</SimpleData>
					<SimpleData name="eq_diretor">LESTE 3</SimpleData>
					<SimpleData name="eq_dre">SAO MATEUS</SimpleData>
					<SimpleData name="eq_cd_mec">35398238</SimpleData>
					<SimpleData name="eq_esfera">MUNICIPAL</SimpleData>
					<SimpleData name="eq_cd_catg">1</SimpleData>
					<SimpleData name="eq_categor">ESCOLAS AUTONOMAS</SimpleData>
					<SimpleData name="eq_eol">35398238</SimpleData>
					<SimpleData name="eq_horario">07:00-19:00</SimpleData>
				</SchemaData>
			</ExtendedData>
			<Point>
				<coordinates>-46.4277019398115,-23.6097153243571,0</coordinates>
			</Point>
		</Placemark>
		<Placemark id="kml_130">
			<name>kml_130</name>
			<snippet></snippet>
			<description><![CDATA[<center><table><tr><th colspan='2' align='center'><em>Attributes</em></th></tr><tr bgcolor="#E3E3F3">
<th>eq_id</th>
<td>5128</td>
</tr><tr bgcolor="">
<th>eq_nome</th>
<td>CEU EMEF ALTO ALEGRE</td>
</tr><tr bgcolor="#E3E3F3">
<th>eq_enderec</th>
<td>BENTO GUELFI SN</td>
</tr><tr bgcolor="">
<th>eq_bairro</th>
<td>JARDIM IGUATEMI</td>
</tr><tr bgcolor="#E3E3F3">
<th>eq_cep</th>
<td>08381000</td>
</tr><tr bgcolor="">
<th>eq_tipo</th>
<td>CEU EMEF</td>
</tr><tr bgcolor="#E3E3F3">
<th>eq_classe</th>
<td>CEU</td>
</tr><tr bgcolor="">
<th>eq_telefon</th>
<td>1127311116 / </td>
</tr><tr bgcolor="#E3E3F3">
<th>eq_setor</th>
<td>355030833000168</td>
</tr><tr bgcolor="">
<th>eq_areap</th>
<td>3550308005275</td>
</tr><tr bgcolor="#E3E3F3">
<th>eq_cd_dist</th>
<td>33</td>
</tr><tr bgcolor="">
<th>eq_distr</th>
<td>IGUATEMI</td>
</tr><tr bgcolor="#E3E3F3">
<th>eq_cd_subp</th>
<td>30</td>
</tr><tr bgcolor="">
<th>eq_subpref</th>
<td>SAO MATEUS</td>
</tr><tr bgcolor="#E3E3F3">
<th>eq_regiao5</th>
<td>Leste</td>
</tr><tr bgcolor="">
<th>eq_regiao8</th>
<td>Leste 2</td>
</tr><tr bgcolor="#E3E3F3">
<th>eq_ender</th>
<td>BENTO GUELFI</td>
</tr><tr bgcolor="">
<th>eq_num</th>
<td>SN</td>
</tr><tr bgcolor="#E3E3F3">
<th>eq_compend</th>
<td>AVENIDA</td>
</tr><tr bgcolor="">
<th>eq_codcep</th>
<td>08381000</td>
</tr><tr bgcolor="#E3E3F3">
<th>eq_fone1</th>
<td>1127311116</td>
</tr><tr bgcolor="">
<th>eq_fone2</th>
<td></td>
</tr><tr bgcolor="#E3E3F3">
<th>eq_email</th>
<td>EMEFCEUALTOALEGRE@SME.PREFEITURA.SP.GOV.BR</td>
</tr><tr bgcolor="">
<th>eq_cd_dirt</th>
<td>10211</td>
</tr><tr bgcolor="#E3E3F3">
<th>eq_diretor</th>
<td>LESTE 3</td>
</tr><tr bgcolor="">
<th>eq_dre</th>
<td>SAO MATEUS</td>
</tr><tr bgcolor="#E3E3F3">
<th>eq_cd_zona</th>
<td></td>
</tr><tr bgcolor="">
<th>eq_zona</th>
<td></td>
</tr><tr bgcolor="#E3E3F3">
<th>eq_cd_mec</th>
<td>35398408</td>
</tr><tr bgcolor="">
<th>eq_esfera</th>
<td>MUNICIPAL</td>
</tr><tr bgcolor="#E3E3F3">
<th>eq_cd_catg</th>
<td>1</td>
</tr><tr bgcolor="">
<th>eq_categor</th>
<td>ESCOLAS AUTONOMAS</td>
</tr><tr bgcolor="#E3E3F3">
<th>eq_eol</th>
<td>35398408</td>
</tr><tr bgcolor="">
<th>eq_horario</th>
<td>07:00-18:30</td>
</tr></table></center>]]></description>
			<styleUrl>#m_ylw-pushpin</styleUrl>
			<ExtendedData>
				<SchemaData schemaUrl="#kml_schema_ft_LL_WGS84_KMZ_TEMA_EDUCACAO_CEU">
					<SimpleData name="eq_id">5128</SimpleData>
					<SimpleData name="eq_nome">CEU EMEF ALTO ALEGRE</SimpleData>
					<SimpleData name="eq_enderec">BENTO GUELFI SN</SimpleData>
					<SimpleData name="eq_bairro">JARDIM IGUATEMI</SimpleData>
					<SimpleData name="eq_cep">08381000</SimpleData>
					<SimpleData name="eq_tipo">CEU EMEF</SimpleData>
					<SimpleData name="eq_classe">CEU</SimpleData>
					<SimpleData name="eq_telefon">1127311116 /</SimpleData>
					<SimpleData name="eq_setor">355030833000168</SimpleData>
					<SimpleData name="eq_areap">3550308005275</SimpleData>
					<SimpleData name="eq_cd_dist">33</SimpleData>
					<SimpleData name="eq_distr">IGUATEMI</SimpleData>
					<SimpleData name="eq_cd_subp">30</SimpleData>
					<SimpleData name="eq_subpref">SAO MATEUS</SimpleData>
					<SimpleData name="eq_regiao5">Leste</SimpleData>
					<SimpleData name="eq_regiao8">Leste 2</SimpleData>
					<SimpleData name="eq_ender">BENTO GUELFI</SimpleData>
					<SimpleData name="eq_num">SN</SimpleData>
					<SimpleData name="eq_compend">AVENIDA</SimpleData>
					<SimpleData name="eq_codcep">08381000</SimpleData>
					<SimpleData name="eq_fone1">1127311116</SimpleData>
					<SimpleData name="eq_email">EMEFCEUALTOALEGRE@SME.PREFEITURA.SP.GOV.BR</SimpleData>
					<SimpleData name="eq_cd_dirt">10211</SimpleData>
					<SimpleData name="eq_diretor">LESTE 3</SimpleData>
					<SimpleData name="eq_dre">SAO MATEUS</SimpleData>
					<SimpleData name="eq_cd_mec">35398408</SimpleData>
					<SimpleData name="eq_esfera">MUNICIPAL</SimpleData>
					<SimpleData name="eq_cd_catg">1</SimpleData>
					<SimpleData name="eq_categor">ESCOLAS AUTONOMAS</SimpleData>
					<SimpleData name="eq_eol">35398408</SimpleData>
					<SimpleData name="eq_horario">07:00-18:30</SimpleData>
				</SchemaData>
			</ExtendedData>
			<Point>
				<coordinates>-46.42761187505149,-23.6100863263714,0</coordinates>
			</Point>
		</Placemark>
		<Placemark id="kml_131">
			<name>kml_131</name>
			<snippet></snippet>
			<description><![CDATA[<center><table><tr><th colspan='2' align='center'><em>Attributes</em></th></tr><tr bgcolor="#E3E3F3">
<th>eq_id</th>
<td>5130</td>
</tr><tr bgcolor="">
<th>eq_nome</th>
<td>CEU CEI UIRAPURU</td>
</tr><tr bgcolor="#E3E3F3">
<th>eq_enderec</th>
<td>NAZIR MIGUEL SN</td>
</tr><tr bgcolor="">
<th>eq_bairro</th>
<td>JARDIM PAULO VI</td>
</tr><tr bgcolor="#E3E3F3">
<th>eq_cep</th>
<td>05570000</td>
</tr><tr bgcolor="">
<th>eq_tipo</th>
<td>CEU CEI</td>
</tr><tr bgcolor="#E3E3F3">
<th>eq_classe</th>
<td>CEU</td>
</tr><tr bgcolor="">
<th>eq_telefon</th>
<td>00 / </td>
</tr><tr bgcolor="#E3E3F3">
<th>eq_setor</th>
<td>355030865000066</td>
</tr><tr bgcolor="">
<th>eq_areap</th>
<td>3550308005239</td>
</tr><tr bgcolor="#E3E3F3">
<th>eq_cd_dist</th>
<td>65</td>
</tr><tr bgcolor="">
<th>eq_distr</th>
<td>RAPOSO TAVARES</td>
</tr><tr bgcolor="#E3E3F3">
<th>eq_cd_subp</th>
<td>10</td>
</tr><tr bgcolor="">
<th>eq_subpref</th>
<td>BUTANTA</td>
</tr><tr bgcolor="#E3E3F3">
<th>eq_regiao5</th>
<td>Oeste</td>
</tr><tr bgcolor="">
<th>eq_regiao8</th>
<td>Oeste</td>
</tr><tr bgcolor="#E3E3F3">
<th>eq_ender</th>
<td>NAZIR MIGUEL</td>
</tr><tr bgcolor="">
<th>eq_num</th>
<td>SN</td>
</tr><tr bgcolor="#E3E3F3">
<th>eq_compend</th>
<td>RUA</td>
</tr><tr bgcolor="">
<th>eq_codcep</th>
<td>05570000</td>
</tr><tr bgcolor="#E3E3F3">
<th>eq_fone1</th>
<td>00</td>
</tr><tr bgcolor="">
<th>eq_fone2</th>
<td></td>
</tr><tr bgcolor="#E3E3F3">
<th>eq_email</th>
<td></td>
</tr><tr bgcolor="">
<th>eq_cd_dirt</th>
<td>10312</td>
</tr><tr bgcolor="#E3E3F3">
<th>eq_diretor</th>
<td>CENTRO OESTE</td>
</tr><tr bgcolor="">
<th>eq_dre</th>
<td>BUTANTA</td>
</tr><tr bgcolor="#E3E3F3">
<th>eq_cd_zona</th>
<td></td>
</tr><tr bgcolor="">
<th>eq_zona</th>
<td></td>
</tr><tr bgcolor="#E3E3F3">
<th>eq_cd_mec</th>
<td>35399474</td>
</tr><tr bgcolor="">
<th>eq_esfera</th>
<td>MUNICIPAL</td>
</tr><tr bgcolor="#E3E3F3">
<th>eq_cd_catg</th>
<td>1</td>
</tr><tr bgcolor="">
<th>eq_categor</th>
<td>ESCOLAS AUTONOMAS</td>
</tr><tr bgcolor="#E3E3F3">
<th>eq_eol</th>
<td>35399474</td>
</tr><tr bgcolor="">
<th>eq_horario</th>
<td>07:00-18:00</td>
</tr></table></center>]]></description>
			<styleUrl>#m_ylw-pushpin</styleUrl>
			<ExtendedData>
				<SchemaData schemaUrl="#kml_schema_ft_LL_WGS84_KMZ_TEMA_EDUCACAO_CEU">
					<SimpleData name="eq_id">5130</SimpleData>
					<SimpleData name="eq_nome">CEU CEI UIRAPURU</SimpleData>
					<SimpleData name="eq_enderec">NAZIR MIGUEL SN</SimpleData>
					<SimpleData name="eq_bairro">JARDIM PAULO VI</SimpleData>
					<SimpleData name="eq_cep">05570000</SimpleData>
					<SimpleData name="eq_tipo">CEU CEI</SimpleData>
					<SimpleData name="eq_classe">CEU</SimpleData>
					<SimpleData name="eq_telefon">00 /</SimpleData>
					<SimpleData name="eq_setor">355030865000066</SimpleData>
					<SimpleData name="eq_areap">3550308005239</SimpleData>
					<SimpleData name="eq_cd_dist">65</SimpleData>
					<SimpleData name="eq_distr">RAPOSO TAVARES</SimpleData>
					<SimpleData name="eq_cd_subp">10</SimpleData>
					<SimpleData name="eq_subpref">BUTANTA</SimpleData>
					<SimpleData name="eq_regiao5">Oeste</SimpleData>
					<SimpleData name="eq_regiao8">Oeste</SimpleData>
					<SimpleData name="eq_ender">NAZIR MIGUEL</SimpleData>
					<SimpleData name="eq_num">SN</SimpleData>
					<SimpleData name="eq_compend">RUA</SimpleData>
					<SimpleData name="eq_codcep">05570000</SimpleData>
					<SimpleData name="eq_fone1">00</SimpleData>
					<SimpleData name="eq_cd_dirt">10312</SimpleData>
					<SimpleData name="eq_diretor">CENTRO OESTE</SimpleData>
					<SimpleData name="eq_dre">BUTANTA</SimpleData>
					<SimpleData name="eq_cd_mec">35399474</SimpleData>
					<SimpleData name="eq_esfera">MUNICIPAL</SimpleData>
					<SimpleData name="eq_cd_catg">1</SimpleData>
					<SimpleData name="eq_categor">ESCOLAS AUTONOMAS</SimpleData>
					<SimpleData name="eq_eol">35399474</SimpleData>
					<SimpleData name="eq_horario">07:00-18:00</SimpleData>
				</SchemaData>
			</ExtendedData>
			<Point>
				<coordinates>-46.7903189489109,-23.6008352332998,0</coordinates>
			</Point>
		</Placemark>
		<Placemark id="kml_132">
			<name>kml_132</name>
			<snippet></snippet>
			<description><![CDATA[<center><table><tr><th colspan='2' align='center'><em>Attributes</em></th></tr><tr bgcolor="#E3E3F3">
<th>eq_id</th>
<td>5131</td>
</tr><tr bgcolor="">
<th>eq_nome</th>
<td>CEU EMEI UIRAPURU</td>
</tr><tr bgcolor="#E3E3F3">
<th>eq_enderec</th>
<td>NAZIR MIGUEL SN</td>
</tr><tr bgcolor="">
<th>eq_bairro</th>
<td>JARDIM PAULO VI</td>
</tr><tr bgcolor="#E3E3F3">
<th>eq_cep</th>
<td>05570000</td>
</tr><tr bgcolor="">
<th>eq_tipo</th>
<td>CEU EMEI</td>
</tr><tr bgcolor="#E3E3F3">
<th>eq_classe</th>
<td>CEU</td>
</tr><tr bgcolor="">
<th>eq_telefon</th>
<td>00 / </td>
</tr><tr bgcolor="#E3E3F3">
<th>eq_setor</th>
<td>355030865000066</td>
</tr><tr bgcolor="">
<th>eq_areap</th>
<td>3550308005239</td>
</tr><tr bgcolor="#E3E3F3">
<th>eq_cd_dist</th>
<td>65</td>
</tr><tr bgcolor="">
<th>eq_distr</th>
<td>RAPOSO TAVARES</td>
</tr><tr bgcolor="#E3E3F3">
<th>eq_cd_subp</th>
<td>10</td>
</tr><tr bgcolor="">
<th>eq_subpref</th>
<td>BUTANTA</td>
</tr><tr bgcolor="#E3E3F3">
<th>eq_regiao5</th>
<td>Oeste</td>
</tr><tr bgcolor="">
<th>eq_regiao8</th>
<td>Oeste</td>
</tr><tr bgcolor="#E3E3F3">
<th>eq_ender</th>
<td>NAZIR MIGUEL</td>
</tr><tr bgcolor="">
<th>eq_num</th>
<td>SN</td>
</tr><tr bgcolor="#E3E3F3">
<th>eq_compend</th>
<td>RUA</td>
</tr><tr bgcolor="">
<th>eq_codcep</th>
<td>05570000</td>
</tr><tr bgcolor="#E3E3F3">
<th>eq_fone1</th>
<td>00</td>
</tr><tr bgcolor="">
<th>eq_fone2</th>
<td></td>
</tr><tr bgcolor="#E3E3F3">
<th>eq_email</th>
<td></td>
</tr><tr bgcolor="">
<th>eq_cd_dirt</th>
<td>10312</td>
</tr><tr bgcolor="#E3E3F3">
<th>eq_diretor</th>
<td>CENTRO OESTE</td>
</tr><tr bgcolor="">
<th>eq_dre</th>
<td>BUTANTA</td>
</tr><tr bgcolor="#E3E3F3">
<th>eq_cd_zona</th>
<td></td>
</tr><tr bgcolor="">
<th>eq_zona</th>
<td></td>
</tr><tr bgcolor="#E3E3F3">
<th>eq_cd_mec</th>
<td>35399516</td>
</tr><tr bgcolor="">
<th>eq_esfera</th>
<td>MUNICIPAL</td>
</tr><tr bgcolor="#E3E3F3">
<th>eq_cd_catg</th>
<td>1</td>
</tr><tr bgcolor="">
<th>eq_categor</th>
<td>ESCOLAS AUTONOMAS</td>
</tr><tr bgcolor="#E3E3F3">
<th>eq_eol</th>
<td>35399516</td>
</tr><tr bgcolor="">
<th>eq_horario</th>
<td>07:00-19:00</td>
</tr></table></center>]]></description>
			<styleUrl>#m_ylw-pushpin</styleUrl>
			<ExtendedData>
				<SchemaData schemaUrl="#kml_schema_ft_LL_WGS84_KMZ_TEMA_EDUCACAO_CEU">
					<SimpleData name="eq_id">5131</SimpleData>
					<SimpleData name="eq_nome">CEU EMEI UIRAPURU</SimpleData>
					<SimpleData name="eq_enderec">NAZIR MIGUEL SN</SimpleData>
					<SimpleData name="eq_bairro">JARDIM PAULO VI</SimpleData>
					<SimpleData name="eq_cep">05570000</SimpleData>
					<SimpleData name="eq_tipo">CEU EMEI</SimpleData>
					<SimpleData name="eq_classe">CEU</SimpleData>
					<SimpleData name="eq_telefon">00 /</SimpleData>
					<SimpleData name="eq_setor">355030865000066</SimpleData>
					<SimpleData name="eq_areap">3550308005239</SimpleData>
					<SimpleData name="eq_cd_dist">65</SimpleData>
					<SimpleData name="eq_distr">RAPOSO TAVARES</SimpleData>
					<SimpleData name="eq_cd_subp">10</SimpleData>
					<SimpleData name="eq_subpref">BUTANTA</SimpleData>
					<SimpleData name="eq_regiao5">Oeste</SimpleData>
					<SimpleData name="eq_regiao8">Oeste</SimpleData>
					<SimpleData name="eq_ender">NAZIR MIGUEL</SimpleData>
					<SimpleData name="eq_num">SN</SimpleData>
					<SimpleData name="eq_compend">RUA</SimpleData>
					<SimpleData name="eq_codcep">05570000</SimpleData>
					<SimpleData name="eq_fone1">00</SimpleData>
					<SimpleData name="eq_cd_dirt">10312</SimpleData>
					<SimpleData name="eq_diretor">CENTRO OESTE</SimpleData>
					<SimpleData name="eq_dre">BUTANTA</SimpleData>
					<SimpleData name="eq_cd_mec">35399516</SimpleData>
					<SimpleData name="eq_esfera">MUNICIPAL</SimpleData>
					<SimpleData name="eq_cd_catg">1</SimpleData>
					<SimpleData name="eq_categor">ESCOLAS AUTONOMAS</SimpleData>
					<SimpleData name="eq_eol">35399516</SimpleData>
					<SimpleData name="eq_horario">07:00-19:00</SimpleData>
				</SchemaData>
			</ExtendedData>
			<Point>
				<coordinates>-46.78991097188819,-23.6009891993277,0</coordinates>
			</Point>
		</Placemark>
		<Placemark id="kml_133">
			<name>kml_133</name>
			<snippet></snippet>
			<description><![CDATA[<center><table><tr><th colspan='2' align='center'><em>Attributes</em></th></tr><tr bgcolor="#E3E3F3">
<th>eq_id</th>
<td>5132</td>
</tr><tr bgcolor="">
<th>eq_nome</th>
<td>CEU CEI CAPAO REDONDO</td>
</tr><tr bgcolor="#E3E3F3">
<th>eq_enderec</th>
<td>DANIEL GRAN SN</td>
</tr><tr bgcolor="">
<th>eq_bairro</th>
<td>JARDIM MODELO</td>
</tr><tr bgcolor="#E3E3F3">
<th>eq_cep</th>
<td>05867000</td>
</tr><tr bgcolor="">
<th>eq_tipo</th>
<td>CEU CEI</td>
</tr><tr bgcolor="#E3E3F3">
<th>eq_classe</th>
<td>CEU</td>
</tr><tr bgcolor="">
<th>eq_telefon</th>
<td>1158738079 / </td>
</tr><tr bgcolor="#E3E3F3">
<th>eq_setor</th>
<td>355030819000316</td>
</tr><tr bgcolor="">
<th>eq_areap</th>
<td>3550308005232</td>
</tr><tr bgcolor="#E3E3F3">
<th>eq_cd_dist</th>
<td>19</td>
</tr><tr bgcolor="">
<th>eq_distr</th>
<td>CAPAO REDONDO</td>
</tr><tr bgcolor="#E3E3F3">
<th>eq_cd_subp</th>
<td>17</td>
</tr><tr bgcolor="">
<th>eq_subpref</th>
<td>CAMPO LIMPO</td>
</tr><tr bgcolor="#E3E3F3">
<th>eq_regiao5</th>
<td>Sul</td>
</tr><tr bgcolor="">
<th>eq_regiao8</th>
<td>Sul 2</td>
</tr><tr bgcolor="#E3E3F3">
<th>eq_ender</th>
<td>DANIEL GRAN</td>
</tr><tr bgcolor="">
<th>eq_num</th>
<td>SN</td>
</tr><tr bgcolor="#E3E3F3">
<th>eq_compend</th>
<td>RUA</td>
</tr><tr bgcolor="">
<th>eq_codcep</th>
<td>05867000</td>
</tr><tr bgcolor="#E3E3F3">
<th>eq_fone1</th>
<td>1158738079</td>
</tr><tr bgcolor="">
<th>eq_fone2</th>
<td></td>
</tr><tr bgcolor="#E3E3F3">
<th>eq_email</th>
<td></td>
</tr><tr bgcolor="">
<th>eq_cd_dirt</th>
<td>10314</td>
</tr><tr bgcolor="#E3E3F3">
<th>eq_diretor</th>
<td>SUL 2</td>
</tr><tr bgcolor="">
<th>eq_dre</th>
<td>CAMPO LIMPO</td>
</tr><tr bgcolor="#E3E3F3">
<th>eq_cd_zona</th>
<td></td>
</tr><tr bgcolor="">
<th>eq_zona</th>
<td></td>
</tr><tr bgcolor="#E3E3F3">
<th>eq_cd_mec</th>
<td>35399681</td>
</tr><tr bgcolor="">
<th>eq_esfera</th>
<td>MUNICIPAL</td>
</tr><tr bgcolor="#E3E3F3">
<th>eq_cd_catg</th>
<td>1</td>
</tr><tr bgcolor="">
<th>eq_categor</th>
<td>ESCOLAS AUTONOMAS</td>
</tr><tr bgcolor="#E3E3F3">
<th>eq_eol</th>
<td>35399681</td>
</tr><tr bgcolor="">
<th>eq_horario</th>
<td>07:00-17:00</td>
</tr></table></center>]]></description>
			<styleUrl>#m_ylw-pushpin</styleUrl>
			<ExtendedData>
				<SchemaData schemaUrl="#kml_schema_ft_LL_WGS84_KMZ_TEMA_EDUCACAO_CEU">
					<SimpleData name="eq_id">5132</SimpleData>
					<SimpleData name="eq_nome">CEU CEI CAPAO REDONDO</SimpleData>
					<SimpleData name="eq_enderec">DANIEL GRAN SN</SimpleData>
					<SimpleData name="eq_bairro">JARDIM MODELO</SimpleData>
					<SimpleData name="eq_cep">05867000</SimpleData>
					<SimpleData name="eq_tipo">CEU CEI</SimpleData>
					<SimpleData name="eq_classe">CEU</SimpleData>
					<SimpleData name="eq_telefon">1158738079 /</SimpleData>
					<SimpleData name="eq_setor">355030819000316</SimpleData>
					<SimpleData name="eq_areap">3550308005232</SimpleData>
					<SimpleData name="eq_cd_dist">19</SimpleData>
					<SimpleData name="eq_distr">CAPAO REDONDO</SimpleData>
					<SimpleData name="eq_cd_subp">17</SimpleData>
					<SimpleData name="eq_subpref">CAMPO LIMPO</SimpleData>
					<SimpleData name="eq_regiao5">Sul</SimpleData>
					<SimpleData name="eq_regiao8">Sul 2</SimpleData>
					<SimpleData name="eq_ender">DANIEL GRAN</SimpleData>
					<SimpleData name="eq_num">SN</SimpleData>
					<SimpleData name="eq_compend">RUA</SimpleData>
					<SimpleData name="eq_codcep">05867000</SimpleData>
					<SimpleData name="eq_fone1">1158738079</SimpleData>
					<SimpleData name="eq_cd_dirt">10314</SimpleData>
					<SimpleData name="eq_diretor">SUL 2</SimpleData>
					<SimpleData name="eq_dre">CAMPO LIMPO</SimpleData>
					<SimpleData name="eq_cd_mec">35399681</SimpleData>
					<SimpleData name="eq_esfera">MUNICIPAL</SimpleData>
					<SimpleData name="eq_cd_catg">1</SimpleData>
					<SimpleData name="eq_categor">ESCOLAS AUTONOMAS</SimpleData>
					<SimpleData name="eq_eol">35399681</SimpleData>
					<SimpleData name="eq_horario">07:00-17:00</SimpleData>
				</SchemaData>
			</ExtendedData>
			<Point>
				<coordinates>-46.77157500509949,-23.6743595695649,0</coordinates>
			</Point>
		</Placemark>
		<Placemark id="kml_134">
			<name>kml_134</name>
			<snippet></snippet>
			<description><![CDATA[<center><table><tr><th colspan='2' align='center'><em>Attributes</em></th></tr><tr bgcolor="#E3E3F3">
<th>eq_id</th>
<td>5133</td>
</tr><tr bgcolor="">
<th>eq_nome</th>
<td>CEU EMEI LOREANE LALLO PROFA</td>
</tr><tr bgcolor="#E3E3F3">
<th>eq_enderec</th>
<td>DANIEL GRAN 1</td>
</tr><tr bgcolor="">
<th>eq_bairro</th>
<td>JARDIM MODELO</td>
</tr><tr bgcolor="#E3E3F3">
<th>eq_cep</th>
<td>05867000</td>
</tr><tr bgcolor="">
<th>eq_tipo</th>
<td>CEU EMEI</td>
</tr><tr bgcolor="#E3E3F3">
<th>eq_classe</th>
<td>CEU</td>
</tr><tr bgcolor="">
<th>eq_telefon</th>
<td>1158738090 / </td>
</tr><tr bgcolor="#E3E3F3">
<th>eq_setor</th>
<td>355030819000232</td>
</tr><tr bgcolor="">
<th>eq_areap</th>
<td>3550308005232</td>
</tr><tr bgcolor="#E3E3F3">
<th>eq_cd_dist</th>
<td>19</td>
</tr><tr bgcolor="">
<th>eq_distr</th>
<td>CAPAO REDONDO</td>
</tr><tr bgcolor="#E3E3F3">
<th>eq_cd_subp</th>
<td>17</td>
</tr><tr bgcolor="">
<th>eq_subpref</th>
<td>CAMPO LIMPO</td>
</tr><tr bgcolor="#E3E3F3">
<th>eq_regiao5</th>
<td>Sul</td>
</tr><tr bgcolor="">
<th>eq_regiao8</th>
<td>Sul 2</td>
</tr><tr bgcolor="#E3E3F3">
<th>eq_ender</th>
<td>DANIEL GRAN</td>
</tr><tr bgcolor="">
<th>eq_num</th>
<td>1</td>
</tr><tr bgcolor="#E3E3F3">
<th>eq_compend</th>
<td>RUA</td>
</tr><tr bgcolor="">
<th>eq_codcep</th>
<td>05867000</td>
</tr><tr bgcolor="#E3E3F3">
<th>eq_fone1</th>
<td>1158738090</td>
</tr><tr bgcolor="">
<th>eq_fone2</th>
<td></td>
</tr><tr bgcolor="#E3E3F3">
<th>eq_email</th>
<td></td>
</tr><tr bgcolor="">
<th>eq_cd_dirt</th>
<td>10314</td>
</tr><tr bgcolor="#E3E3F3">
<th>eq_diretor</th>
<td>SUL 2</td>
</tr><tr bgcolor="">
<th>eq_dre</th>
<td>CAMPO LIMPO</td>
</tr><tr bgcolor="#E3E3F3">
<th>eq_cd_zona</th>
<td></td>
</tr><tr bgcolor="">
<th>eq_zona</th>
<td></td>
</tr><tr bgcolor="#E3E3F3">
<th>eq_cd_mec</th>
<td>35399693</td>
</tr><tr bgcolor="">
<th>eq_esfera</th>
<td>MUNICIPAL</td>
</tr><tr bgcolor="#E3E3F3">
<th>eq_cd_catg</th>
<td>1</td>
</tr><tr bgcolor="">
<th>eq_categor</th>
<td>ESCOLAS AUTONOMAS</td>
</tr><tr bgcolor="#E3E3F3">
<th>eq_eol</th>
<td>35399693</td>
</tr><tr bgcolor="">
<th>eq_horario</th>
<td>07:00-19:00</td>
</tr></table></center>]]></description>
			<styleUrl>#m_ylw-pushpin</styleUrl>
			<ExtendedData>
				<SchemaData schemaUrl="#kml_schema_ft_LL_WGS84_KMZ_TEMA_EDUCACAO_CEU">
					<SimpleData name="eq_id">5133</SimpleData>
					<SimpleData name="eq_nome">CEU EMEI LOREANE LALLO PROFA</SimpleData>
					<SimpleData name="eq_enderec">DANIEL GRAN 1</SimpleData>
					<SimpleData name="eq_bairro">JARDIM MODELO</SimpleData>
					<SimpleData name="eq_cep">05867000</SimpleData>
					<SimpleData name="eq_tipo">CEU EMEI</SimpleData>
					<SimpleData name="eq_classe">CEU</SimpleData>
					<SimpleData name="eq_telefon">1158738090 /</SimpleData>
					<SimpleData name="eq_setor">355030819000232</SimpleData>
					<SimpleData name="eq_areap">3550308005232</SimpleData>
					<SimpleData name="eq_cd_dist">19</SimpleData>
					<SimpleData name="eq_distr">CAPAO REDONDO</SimpleData>
					<SimpleData name="eq_cd_subp">17</SimpleData>
					<SimpleData name="eq_subpref">CAMPO LIMPO</SimpleData>
					<SimpleData name="eq_regiao5">Sul</SimpleData>
					<SimpleData name="eq_regiao8">Sul 2</SimpleData>
					<SimpleData name="eq_ender">DANIEL GRAN</SimpleData>
					<SimpleData name="eq_num">1</SimpleData>
					<SimpleData name="eq_compend">RUA</SimpleData>
					<SimpleData name="eq_codcep">05867000</SimpleData>
					<SimpleData name="eq_fone1">1158738090</SimpleData>
					<SimpleData name="eq_cd_dirt">10314</SimpleData>
					<SimpleData name="eq_diretor">SUL 2</SimpleData>
					<SimpleData name="eq_dre">CAMPO LIMPO</SimpleData>
					<SimpleData name="eq_cd_mec">35399693</SimpleData>
					<SimpleData name="eq_esfera">MUNICIPAL</SimpleData>
					<SimpleData name="eq_cd_catg">1</SimpleData>
					<SimpleData name="eq_categor">ESCOLAS AUTONOMAS</SimpleData>
					<SimpleData name="eq_eol">35399693</SimpleData>
					<SimpleData name="eq_horario">07:00-19:00</SimpleData>
				</SchemaData>
			</ExtendedData>
			<Point>
				<coordinates>-46.769723052738,-23.6750826231583,0</coordinates>
			</Point>
		</Placemark>
		<Placemark id="kml_135">
			<name>kml_135</name>
			<snippet></snippet>
			<description><![CDATA[<center><table><tr><th colspan='2' align='center'><em>Attributes</em></th></tr><tr bgcolor="#E3E3F3">
<th>eq_id</th>
<td>5134</td>
</tr><tr bgcolor="">
<th>eq_nome</th>
<td>CEU EMEF JOSE SARAMAGO</td>
</tr><tr bgcolor="#E3E3F3">
<th>eq_enderec</th>
<td>DANIEL GRAN SN</td>
</tr><tr bgcolor="">
<th>eq_bairro</th>
<td>JARDIM MODELO</td>
</tr><tr bgcolor="#E3E3F3">
<th>eq_cep</th>
<td>05867000</td>
</tr><tr bgcolor="">
<th>eq_tipo</th>
<td>CEU EMEF</td>
</tr><tr bgcolor="#E3E3F3">
<th>eq_classe</th>
<td>CEU</td>
</tr><tr bgcolor="">
<th>eq_telefon</th>
<td>1158738079 / </td>
</tr><tr bgcolor="#E3E3F3">
<th>eq_setor</th>
<td>355030819000316</td>
</tr><tr bgcolor="">
<th>eq_areap</th>
<td>3550308005232</td>
</tr><tr bgcolor="#E3E3F3">
<th>eq_cd_dist</th>
<td>19</td>
</tr><tr bgcolor="">
<th>eq_distr</th>
<td>CAPAO REDONDO</td>
</tr><tr bgcolor="#E3E3F3">
<th>eq_cd_subp</th>
<td>17</td>
</tr><tr bgcolor="">
<th>eq_subpref</th>
<td>CAMPO LIMPO</td>
</tr><tr bgcolor="#E3E3F3">
<th>eq_regiao5</th>
<td>Sul</td>
</tr><tr bgcolor="">
<th>eq_regiao8</th>
<td>Sul 2</td>
</tr><tr bgcolor="#E3E3F3">
<th>eq_ender</th>
<td>DANIEL GRAN</td>
</tr><tr bgcolor="">
<th>eq_num</th>
<td>SN</td>
</tr><tr bgcolor="#E3E3F3">
<th>eq_compend</th>
<td>RUA</td>
</tr><tr bgcolor="">
<th>eq_codcep</th>
<td>05867000</td>
</tr><tr bgcolor="#E3E3F3">
<th>eq_fone1</th>
<td>1158738079</td>
</tr><tr bgcolor="">
<th>eq_fone2</th>
<td></td>
</tr><tr bgcolor="#E3E3F3">
<th>eq_email</th>
<td>EMEFJOSESARAMAGO@SME.PREFEITURA.SP.GOV.BR</td>
</tr><tr bgcolor="">
<th>eq_cd_dirt</th>
<td>10314</td>
</tr><tr bgcolor="#E3E3F3">
<th>eq_diretor</th>
<td>SUL 2</td>
</tr><tr bgcolor="">
<th>eq_dre</th>
<td>CAMPO LIMPO</td>
</tr><tr bgcolor="#E3E3F3">
<th>eq_cd_zona</th>
<td></td>
</tr><tr bgcolor="">
<th>eq_zona</th>
<td></td>
</tr><tr bgcolor="#E3E3F3">
<th>eq_cd_mec</th>
<td>35399700</td>
</tr><tr bgcolor="">
<th>eq_esfera</th>
<td>MUNICIPAL</td>
</tr><tr bgcolor="#E3E3F3">
<th>eq_cd_catg</th>
<td>1</td>
</tr><tr bgcolor="">
<th>eq_categor</th>
<td>ESCOLAS AUTONOMAS</td>
</tr><tr bgcolor="#E3E3F3">
<th>eq_eol</th>
<td>35399700</td>
</tr><tr bgcolor="">
<th>eq_horario</th>
<td>07:00-18:30</td>
</tr></table></center>]]></description>
			<styleUrl>#m_ylw-pushpin</styleUrl>
			<ExtendedData>
				<SchemaData schemaUrl="#kml_schema_ft_LL_WGS84_KMZ_TEMA_EDUCACAO_CEU">
					<SimpleData name="eq_id">5134</SimpleData>
					<SimpleData name="eq_nome">CEU EMEF JOSE SARAMAGO</SimpleData>
					<SimpleData name="eq_enderec">DANIEL GRAN SN</SimpleData>
					<SimpleData name="eq_bairro">JARDIM MODELO</SimpleData>
					<SimpleData name="eq_cep">05867000</SimpleData>
					<SimpleData name="eq_tipo">CEU EMEF</SimpleData>
					<SimpleData name="eq_classe">CEU</SimpleData>
					<SimpleData name="eq_telefon">1158738079 /</SimpleData>
					<SimpleData name="eq_setor">355030819000316</SimpleData>
					<SimpleData name="eq_areap">3550308005232</SimpleData>
					<SimpleData name="eq_cd_dist">19</SimpleData>
					<SimpleData name="eq_distr">CAPAO REDONDO</SimpleData>
					<SimpleData name="eq_cd_subp">17</SimpleData>
					<SimpleData name="eq_subpref">CAMPO LIMPO</SimpleData>
					<SimpleData name="eq_regiao5">Sul</SimpleData>
					<SimpleData name="eq_regiao8">Sul 2</SimpleData>
					<SimpleData name="eq_ender">DANIEL GRAN</SimpleData>
					<SimpleData name="eq_num">SN</SimpleData>
					<SimpleData name="eq_compend">RUA</SimpleData>
					<SimpleData name="eq_codcep">05867000</SimpleData>
					<SimpleData name="eq_fone1">1158738079</SimpleData>
					<SimpleData name="eq_email">EMEFJOSESARAMAGO@SME.PREFEITURA.SP.GOV.BR</SimpleData>
					<SimpleData name="eq_cd_dirt">10314</SimpleData>
					<SimpleData name="eq_diretor">SUL 2</SimpleData>
					<SimpleData name="eq_dre">CAMPO LIMPO</SimpleData>
					<SimpleData name="eq_cd_mec">35399700</SimpleData>
					<SimpleData name="eq_esfera">MUNICIPAL</SimpleData>
					<SimpleData name="eq_cd_catg">1</SimpleData>
					<SimpleData name="eq_categor">ESCOLAS AUTONOMAS</SimpleData>
					<SimpleData name="eq_eol">35399700</SimpleData>
					<SimpleData name="eq_horario">07:00-18:30</SimpleData>
				</SchemaData>
			</ExtendedData>
			<Point>
				<coordinates>-46.7712450570402,-23.6744655598488,0</coordinates>
			</Point>
		</Placemark>
		<Placemark id="kml_136">
			<name>kml_136</name>
			<snippet></snippet>
			<description><![CDATA[<center><table><tr><th colspan='2' align='center'><em>Attributes</em></th></tr><tr bgcolor="#E3E3F3">
<th>eq_id</th>
<td>5179</td>
</tr><tr bgcolor="">
<th>eq_nome</th>
<td>CEU CEI PARAISOPOLIS</td>
</tr><tr bgcolor="#E3E3F3">
<th>eq_enderec</th>
<td>JOSE AUGUSTO DE SOUZA E SILVA DOUTOR SN</td>
</tr><tr bgcolor="">
<th>eq_bairro</th>
<td>JARDIM PARQUE MORUMBI</td>
</tr><tr bgcolor="#E3E3F3">
<th>eq_cep</th>
<td>05712000</td>
</tr><tr bgcolor="">
<th>eq_tipo</th>
<td>CEU CEI</td>
</tr><tr bgcolor="#E3E3F3">
<th>eq_classe</th>
<td>CEU</td>
</tr><tr bgcolor="">
<th>eq_telefon</th>
<td>00 / </td>
</tr><tr bgcolor="#E3E3F3">
<th>eq_setor</th>
<td>355030883000004</td>
</tr><tr bgcolor="">
<th>eq_areap</th>
<td>3550308005176</td>
</tr><tr bgcolor="#E3E3F3">
<th>eq_cd_dist</th>
<td>83</td>
</tr><tr bgcolor="">
<th>eq_distr</th>
<td>VILA ANDRADE</td>
</tr><tr bgcolor="#E3E3F3">
<th>eq_cd_subp</th>
<td>17</td>
</tr><tr bgcolor="">
<th>eq_subpref</th>
<td>CAMPO LIMPO</td>
</tr><tr bgcolor="#E3E3F3">
<th>eq_regiao5</th>
<td>Sul</td>
</tr><tr bgcolor="">
<th>eq_regiao8</th>
<td>Sul 2</td>
</tr><tr bgcolor="#E3E3F3">
<th>eq_ender</th>
<td>JOSE AUGUSTO DE SOUZA E SILVA DOUTOR</td>
</tr><tr bgcolor="">
<th>eq_num</th>
<td>SN</td>
</tr><tr bgcolor="#E3E3F3">
<th>eq_compend</th>
<td>RUA</td>
</tr><tr bgcolor="">
<th>eq_codcep</th>
<td>05712000</td>
</tr><tr bgcolor="#E3E3F3">
<th>eq_fone1</th>
<td>00</td>
</tr><tr bgcolor="">
<th>eq_fone2</th>
<td></td>
</tr><tr bgcolor="#E3E3F3">
<th>eq_email</th>
<td></td>
</tr><tr bgcolor="">
<th>eq_cd_dirt</th>
<td>10317</td>
</tr><tr bgcolor="#E3E3F3">
<th>eq_diretor</th>
<td>SUL 1</td>
</tr><tr bgcolor="">
<th>eq_dre</th>
<td>CAMPO LIMPO</td>
</tr><tr bgcolor="#E3E3F3">
<th>eq_cd_zona</th>
<td></td>
</tr><tr bgcolor="">
<th>eq_zona</th>
<td></td>
</tr><tr bgcolor="#E3E3F3">
<th>eq_cd_mec</th>
<td>35412995</td>
</tr><tr bgcolor="">
<th>eq_esfera</th>
<td>MUNICIPAL</td>
</tr><tr bgcolor="#E3E3F3">
<th>eq_cd_catg</th>
<td>1</td>
</tr><tr bgcolor="">
<th>eq_categor</th>
<td>ESCOLAS AUTONOMAS</td>
</tr><tr bgcolor="#E3E3F3">
<th>eq_eol</th>
<td>35412995</td>
</tr><tr bgcolor="">
<th>eq_horario</th>
<td>06:30-18:30</td>
</tr></table></center>]]></description>
			<styleUrl>#m_ylw-pushpin</styleUrl>
			<ExtendedData>
				<SchemaData schemaUrl="#kml_schema_ft_LL_WGS84_KMZ_TEMA_EDUCACAO_CEU">
					<SimpleData name="eq_id">5179</SimpleData>
					<SimpleData name="eq_nome">CEU CEI PARAISOPOLIS</SimpleData>
					<SimpleData name="eq_enderec">JOSE AUGUSTO DE SOUZA E SILVA DOUTOR SN</SimpleData>
					<SimpleData name="eq_bairro">JARDIM PARQUE MORUMBI</SimpleData>
					<SimpleData name="eq_cep">05712000</SimpleData>
					<SimpleData name="eq_tipo">CEU CEI</SimpleData>
					<SimpleData name="eq_classe">CEU</SimpleData>
					<SimpleData name="eq_telefon">00 /</SimpleData>
					<SimpleData name="eq_setor">355030883000004</SimpleData>
					<SimpleData name="eq_areap">3550308005176</SimpleData>
					<SimpleData name="eq_cd_dist">83</SimpleData>
					<SimpleData name="eq_distr">VILA ANDRADE</SimpleData>
					<SimpleData name="eq_cd_subp">17</SimpleData>
					<SimpleData name="eq_subpref">CAMPO LIMPO</SimpleData>
					<SimpleData name="eq_regiao5">Sul</SimpleData>
					<SimpleData name="eq_regiao8">Sul 2</SimpleData>
					<SimpleData name="eq_ender">JOSE AUGUSTO DE SOUZA E SILVA DOUTOR</SimpleData>
					<SimpleData name="eq_num">SN</SimpleData>
					<SimpleData name="eq_compend">RUA</SimpleData>
					<SimpleData name="eq_codcep">05712000</SimpleData>
					<SimpleData name="eq_fone1">00</SimpleData>
					<SimpleData name="eq_cd_dirt">10317</SimpleData>
					<SimpleData name="eq_diretor">SUL 1</SimpleData>
					<SimpleData name="eq_dre">CAMPO LIMPO</SimpleData>
					<SimpleData name="eq_cd_mec">35412995</SimpleData>
					<SimpleData name="eq_esfera">MUNICIPAL</SimpleData>
					<SimpleData name="eq_cd_catg">1</SimpleData>
					<SimpleData name="eq_categor">ESCOLAS AUTONOMAS</SimpleData>
					<SimpleData name="eq_eol">35412995</SimpleData>
					<SimpleData name="eq_horario">06:30-18:30</SimpleData>
				</SchemaData>
			</ExtendedData>
			<Point>
				<coordinates>-46.7274955068888,-23.62153352547571,0</coordinates>
			</Point>
		</Placemark>
		<Placemark id="kml_137">
			<name>kml_137</name>
			<snippet></snippet>
			<description><![CDATA[<center><table><tr><th colspan='2' align='center'><em>Attributes</em></th></tr><tr bgcolor="#E3E3F3">
<th>eq_id</th>
<td>5180</td>
</tr><tr bgcolor="">
<th>eq_nome</th>
<td>CEU EMEI PARAISOPOLIS</td>
</tr><tr bgcolor="#E3E3F3">
<th>eq_enderec</th>
<td>JOSE AUGUSTO DE SOUZA E SILVA DOUTOR SN</td>
</tr><tr bgcolor="">
<th>eq_bairro</th>
<td>JARDIM PARQUE MORUMBI</td>
</tr><tr bgcolor="#E3E3F3">
<th>eq_cep</th>
<td>05712000</td>
</tr><tr bgcolor="">
<th>eq_tipo</th>
<td>CEU EMEI</td>
</tr><tr bgcolor="#E3E3F3">
<th>eq_classe</th>
<td>CEU</td>
</tr><tr bgcolor="">
<th>eq_telefon</th>
<td>00 / </td>
</tr><tr bgcolor="#E3E3F3">
<th>eq_setor</th>
<td>355030883000004</td>
</tr><tr bgcolor="">
<th>eq_areap</th>
<td>3550308005176</td>
</tr><tr bgcolor="#E3E3F3">
<th>eq_cd_dist</th>
<td>83</td>
</tr><tr bgcolor="">
<th>eq_distr</th>
<td>VILA ANDRADE</td>
</tr><tr bgcolor="#E3E3F3">
<th>eq_cd_subp</th>
<td>17</td>
</tr><tr bgcolor="">
<th>eq_subpref</th>
<td>CAMPO LIMPO</td>
</tr><tr bgcolor="#E3E3F3">
<th>eq_regiao5</th>
<td>Sul</td>
</tr><tr bgcolor="">
<th>eq_regiao8</th>
<td>Sul 2</td>
</tr><tr bgcolor="#E3E3F3">
<th>eq_ender</th>
<td>JOSE AUGUSTO DE SOUZA E SILVA DOUTOR</td>
</tr><tr bgcolor="">
<th>eq_num</th>
<td>SN</td>
</tr><tr bgcolor="#E3E3F3">
<th>eq_compend</th>
<td>RUA</td>
</tr><tr bgcolor="">
<th>eq_codcep</th>
<td>05712000</td>
</tr><tr bgcolor="#E3E3F3">
<th>eq_fone1</th>
<td>00</td>
</tr><tr bgcolor="">
<th>eq_fone2</th>
<td></td>
</tr><tr bgcolor="#E3E3F3">
<th>eq_email</th>
<td></td>
</tr><tr bgcolor="">
<th>eq_cd_dirt</th>
<td>10317</td>
</tr><tr bgcolor="#E3E3F3">
<th>eq_diretor</th>
<td>SUL 1</td>
</tr><tr bgcolor="">
<th>eq_dre</th>
<td>CAMPO LIMPO</td>
</tr><tr bgcolor="#E3E3F3">
<th>eq_cd_zona</th>
<td></td>
</tr><tr bgcolor="">
<th>eq_zona</th>
<td></td>
</tr><tr bgcolor="#E3E3F3">
<th>eq_cd_mec</th>
<td>35413008</td>
</tr><tr bgcolor="">
<th>eq_esfera</th>
<td>MUNICIPAL</td>
</tr><tr bgcolor="#E3E3F3">
<th>eq_cd_catg</th>
<td>1</td>
</tr><tr bgcolor="">
<th>eq_categor</th>
<td>ESCOLAS AUTONOMAS</td>
</tr><tr bgcolor="#E3E3F3">
<th>eq_eol</th>
<td>35413008</td>
</tr><tr bgcolor="">
<th>eq_horario</th>
<td>07:00-19:00</td>
</tr></table></center>]]></description>
			<styleUrl>#m_ylw-pushpin</styleUrl>
			<ExtendedData>
				<SchemaData schemaUrl="#kml_schema_ft_LL_WGS84_KMZ_TEMA_EDUCACAO_CEU">
					<SimpleData name="eq_id">5180</SimpleData>
					<SimpleData name="eq_nome">CEU EMEI PARAISOPOLIS</SimpleData>
					<SimpleData name="eq_enderec">JOSE AUGUSTO DE SOUZA E SILVA DOUTOR SN</SimpleData>
					<SimpleData name="eq_bairro">JARDIM PARQUE MORUMBI</SimpleData>
					<SimpleData name="eq_cep">05712000</SimpleData>
					<SimpleData name="eq_tipo">CEU EMEI</SimpleData>
					<SimpleData name="eq_classe">CEU</SimpleData>
					<SimpleData name="eq_telefon">00 /</SimpleData>
					<SimpleData name="eq_setor">355030883000004</SimpleData>
					<SimpleData name="eq_areap">3550308005176</SimpleData>
					<SimpleData name="eq_cd_dist">83</SimpleData>
					<SimpleData name="eq_distr">VILA ANDRADE</SimpleData>
					<SimpleData name="eq_cd_subp">17</SimpleData>
					<SimpleData name="eq_subpref">CAMPO LIMPO</SimpleData>
					<SimpleData name="eq_regiao5">Sul</SimpleData>
					<SimpleData name="eq_regiao8">Sul 2</SimpleData>
					<SimpleData name="eq_ender">JOSE AUGUSTO DE SOUZA E SILVA DOUTOR</SimpleData>
					<SimpleData name="eq_num">SN</SimpleData>
					<SimpleData name="eq_compend">RUA</SimpleData>
					<SimpleData name="eq_codcep">05712000</SimpleData>
					<SimpleData name="eq_fone1">00</SimpleData>
					<SimpleData name="eq_cd_dirt">10317</SimpleData>
					<SimpleData name="eq_diretor">SUL 1</SimpleData>
					<SimpleData name="eq_dre">CAMPO LIMPO</SimpleData>
					<SimpleData name="eq_cd_mec">35413008</SimpleData>
					<SimpleData name="eq_esfera">MUNICIPAL</SimpleData>
					<SimpleData name="eq_cd_catg">1</SimpleData>
					<SimpleData name="eq_categor">ESCOLAS AUTONOMAS</SimpleData>
					<SimpleData name="eq_eol">35413008</SimpleData>
					<SimpleData name="eq_horario">07:00-19:00</SimpleData>
				</SchemaData>
			</ExtendedData>
			<Point>
				<coordinates>-46.7277804869801,-23.6223245337819,0</coordinates>
			</Point>
		</Placemark>
		<Placemark id="kml_138">
			<name>kml_138</name>
			<snippet></snippet>
			<description><![CDATA[<center><table><tr><th colspan='2' align='center'><em>Attributes</em></th></tr><tr bgcolor="#E3E3F3">
<th>eq_id</th>
<td>5181</td>
</tr><tr bgcolor="">
<th>eq_nome</th>
<td>CEU EMEF PARAISOPOLIS</td>
</tr><tr bgcolor="#E3E3F3">
<th>eq_enderec</th>
<td>JOSE AUGUSTO DE SOUZA E SILVA DOUTOR SN</td>
</tr><tr bgcolor="">
<th>eq_bairro</th>
<td>JARDIM PARQUE MORUMBI</td>
</tr><tr bgcolor="#E3E3F3">
<th>eq_cep</th>
<td>05712000</td>
</tr><tr bgcolor="">
<th>eq_tipo</th>
<td>CEU EMEF</td>
</tr><tr bgcolor="#E3E3F3">
<th>eq_classe</th>
<td>CEU</td>
</tr><tr bgcolor="">
<th>eq_telefon</th>
<td>1135073802 / </td>
</tr><tr bgcolor="#E3E3F3">
<th>eq_setor</th>
<td>355030883000004</td>
</tr><tr bgcolor="">
<th>eq_areap</th>
<td>3550308005176</td>
</tr><tr bgcolor="#E3E3F3">
<th>eq_cd_dist</th>
<td>83</td>
</tr><tr bgcolor="">
<th>eq_distr</th>
<td>VILA ANDRADE</td>
</tr><tr bgcolor="#E3E3F3">
<th>eq_cd_subp</th>
<td>17</td>
</tr><tr bgcolor="">
<th>eq_subpref</th>
<td>CAMPO LIMPO</td>
</tr><tr bgcolor="#E3E3F3">
<th>eq_regiao5</th>
<td>Sul</td>
</tr><tr bgcolor="">
<th>eq_regiao8</th>
<td>Sul 2</td>
</tr><tr bgcolor="#E3E3F3">
<th>eq_ender</th>
<td>JOSE AUGUSTO DE SOUZA E SILVA DOUTOR</td>
</tr><tr bgcolor="">
<th>eq_num</th>
<td>SN</td>
</tr><tr bgcolor="#E3E3F3">
<th>eq_compend</th>
<td>RUA</td>
</tr><tr bgcolor="">
<th>eq_codcep</th>
<td>05712000</td>
</tr><tr bgcolor="#E3E3F3">
<th>eq_fone1</th>
<td>1135073802</td>
</tr><tr bgcolor="">
<th>eq_fone2</th>
<td></td>
</tr><tr bgcolor="#E3E3F3">
<th>eq_email</th>
<td>EMEFCEUPARAISOPOLIS@SME.PREFEITURA.SP.GOV.BR</td>
</tr><tr bgcolor="">
<th>eq_cd_dirt</th>
<td>10317</td>
</tr><tr bgcolor="#E3E3F3">
<th>eq_diretor</th>
<td>SUL 1</td>
</tr><tr bgcolor="">
<th>eq_dre</th>
<td>CAMPO LIMPO</td>
</tr><tr bgcolor="#E3E3F3">
<th>eq_cd_zona</th>
<td></td>
</tr><tr bgcolor="">
<th>eq_zona</th>
<td></td>
</tr><tr bgcolor="#E3E3F3">
<th>eq_cd_mec</th>
<td>35413012</td>
</tr><tr bgcolor="">
<th>eq_esfera</th>
<td>MUNICIPAL</td>
</tr><tr bgcolor="#E3E3F3">
<th>eq_cd_catg</th>
<td>1</td>
</tr><tr bgcolor="">
<th>eq_categor</th>
<td>ESCOLAS AUTONOMAS</td>
</tr><tr bgcolor="#E3E3F3">
<th>eq_eol</th>
<td>35413012</td>
</tr><tr bgcolor="">
<th>eq_horario</th>
<td>07:00-19:00</td>
</tr></table></center>]]></description>
			<styleUrl>#m_ylw-pushpin</styleUrl>
			<ExtendedData>
				<SchemaData schemaUrl="#kml_schema_ft_LL_WGS84_KMZ_TEMA_EDUCACAO_CEU">
					<SimpleData name="eq_id">5181</SimpleData>
					<SimpleData name="eq_nome">CEU EMEF PARAISOPOLIS</SimpleData>
					<SimpleData name="eq_enderec">JOSE AUGUSTO DE SOUZA E SILVA DOUTOR SN</SimpleData>
					<SimpleData name="eq_bairro">JARDIM PARQUE MORUMBI</SimpleData>
					<SimpleData name="eq_cep">05712000</SimpleData>
					<SimpleData name="eq_tipo">CEU EMEF</SimpleData>
					<SimpleData name="eq_classe">CEU</SimpleData>
					<SimpleData name="eq_telefon">1135073802 /</SimpleData>
					<SimpleData name="eq_setor">355030883000004</SimpleData>
					<SimpleData name="eq_areap">3550308005176</SimpleData>
					<SimpleData name="eq_cd_dist">83</SimpleData>
					<SimpleData name="eq_distr">VILA ANDRADE</SimpleData>
					<SimpleData name="eq_cd_subp">17</SimpleData>
					<SimpleData name="eq_subpref">CAMPO LIMPO</SimpleData>
					<SimpleData name="eq_regiao5">Sul</SimpleData>
					<SimpleData name="eq_regiao8">Sul 2</SimpleData>
					<SimpleData name="eq_ender">JOSE AUGUSTO DE SOUZA E SILVA DOUTOR</SimpleData>
					<SimpleData name="eq_num">SN</SimpleData>
					<SimpleData name="eq_compend">RUA</SimpleData>
					<SimpleData name="eq_codcep">05712000</SimpleData>
					<SimpleData name="eq_fone1">1135073802</SimpleData>
					<SimpleData name="eq_email">EMEFCEUPARAISOPOLIS@SME.PREFEITURA.SP.GOV.BR</SimpleData>
					<SimpleData name="eq_cd_dirt">10317</SimpleData>
					<SimpleData name="eq_diretor">SUL 1</SimpleData>
					<SimpleData name="eq_dre">CAMPO LIMPO</SimpleData>
					<SimpleData name="eq_cd_mec">35413012</SimpleData>
					<SimpleData name="eq_esfera">MUNICIPAL</SimpleData>
					<SimpleData name="eq_cd_catg">1</SimpleData>
					<SimpleData name="eq_categor">ESCOLAS AUTONOMAS</SimpleData>
					<SimpleData name="eq_eol">35413012</SimpleData>
					<SimpleData name="eq_horario">07:00-19:00</SimpleData>
				</SchemaData>
			</ExtendedData>
			<Point>
				<coordinates>-46.7277224376342,-23.6221054822262,0</coordinates>
			</Point>
		</Placemark>
		<Placemark id="kml_139">
			<name>kml_139</name>
			<snippet></snippet>
			<description><![CDATA[<center><table><tr><th colspan='2' align='center'><em>Attributes</em></th></tr><tr bgcolor="#E3E3F3">
<th>eq_id</th>
<td>5201</td>
</tr><tr bgcolor="">
<th>eq_nome</th>
<td>CEU CEI PARELHEIROS</td>
</tr><tr bgcolor="#E3E3F3">
<th>eq_enderec</th>
<td>JOSE PEDRO DE BORBA 20</td>
</tr><tr bgcolor="">
<th>eq_bairro</th>
<td>JARDIM NOVO PARELHEIROS</td>
</tr><tr bgcolor="#E3E3F3">
<th>eq_cep</th>
<td>04890000</td>
</tr><tr bgcolor="">
<th>eq_tipo</th>
<td>CEU CEI</td>
</tr><tr bgcolor="#E3E3F3">
<th>eq_classe</th>
<td>CEU</td>
</tr><tr bgcolor="">
<th>eq_telefon</th>
<td>1159214679 / </td>
</tr><tr bgcolor="#E3E3F3">
<th>eq_setor</th>
<td>355030855000021</td>
</tr><tr bgcolor="">
<th>eq_areap</th>
<td>3550308005301</td>
</tr><tr bgcolor="#E3E3F3">
<th>eq_cd_dist</th>
<td>55</td>
</tr><tr bgcolor="">
<th>eq_distr</th>
<td>PARELHEIROS</td>
</tr><tr bgcolor="#E3E3F3">
<th>eq_cd_subp</th>
<td>20</td>
</tr><tr bgcolor="">
<th>eq_subpref</th>
<td>PARELHEIROS</td>
</tr><tr bgcolor="#E3E3F3">
<th>eq_regiao5</th>
<td>Sul</td>
</tr><tr bgcolor="">
<th>eq_regiao8</th>
<td>Sul 2</td>
</tr><tr bgcolor="#E3E3F3">
<th>eq_ender</th>
<td>JOSE PEDRO DE BORBA</td>
</tr><tr bgcolor="">
<th>eq_num</th>
<td>20</td>
</tr><tr bgcolor="#E3E3F3">
<th>eq_compend</th>
<td>RUA</td>
</tr><tr bgcolor="">
<th>eq_codcep</th>
<td>04890000</td>
</tr><tr bgcolor="#E3E3F3">
<th>eq_fone1</th>
<td>1159214679</td>
</tr><tr bgcolor="">
<th>eq_fone2</th>
<td></td>
</tr><tr bgcolor="#E3E3F3">
<th>eq_email</th>
<td>CEICEUPARELHEIROS@SME.PREFEITURA.SP.GOV.BR</td>
</tr><tr bgcolor="">
<th>eq_cd_dirt</th>
<td>10318</td>
</tr><tr bgcolor="#E3E3F3">
<th>eq_diretor</th>
<td>SUL 3</td>
</tr><tr bgcolor="">
<th>eq_dre</th>
<td>CAPELA DO SOCORRO</td>
</tr><tr bgcolor="#E3E3F3">
<th>eq_cd_zona</th>
<td></td>
</tr><tr bgcolor="">
<th>eq_zona</th>
<td></td>
</tr><tr bgcolor="#E3E3F3">
<th>eq_cd_mec</th>
<td>35415406</td>
</tr><tr bgcolor="">
<th>eq_esfera</th>
<td>MUNICIPAL</td>
</tr><tr bgcolor="#E3E3F3">
<th>eq_cd_catg</th>
<td>1</td>
</tr><tr bgcolor="">
<th>eq_categor</th>
<td>ESCOLAS AUTONOMAS</td>
</tr><tr bgcolor="#E3E3F3">
<th>eq_eol</th>
<td>35415406</td>
</tr><tr bgcolor="">
<th>eq_horario</th>
<td>07:00-18:00</td>
</tr></table></center>]]></description>
			<styleUrl>#m_ylw-pushpin</styleUrl>
			<ExtendedData>
				<SchemaData schemaUrl="#kml_schema_ft_LL_WGS84_KMZ_TEMA_EDUCACAO_CEU">
					<SimpleData name="eq_id">5201</SimpleData>
					<SimpleData name="eq_nome">CEU CEI PARELHEIROS</SimpleData>
					<SimpleData name="eq_enderec">JOSE PEDRO DE BORBA 20</SimpleData>
					<SimpleData name="eq_bairro">JARDIM NOVO PARELHEIROS</SimpleData>
					<SimpleData name="eq_cep">04890000</SimpleData>
					<SimpleData name="eq_tipo">CEU CEI</SimpleData>
					<SimpleData name="eq_classe">CEU</SimpleData>
					<SimpleData name="eq_telefon">1159214679 /</SimpleData>
					<SimpleData name="eq_setor">355030855000021</SimpleData>
					<SimpleData name="eq_areap">3550308005301</SimpleData>
					<SimpleData name="eq_cd_dist">55</SimpleData>
					<SimpleData name="eq_distr">PARELHEIROS</SimpleData>
					<SimpleData name="eq_cd_subp">20</SimpleData>
					<SimpleData name="eq_subpref">PARELHEIROS</SimpleData>
					<SimpleData name="eq_regiao5">Sul</SimpleData>
					<SimpleData name="eq_regiao8">Sul 2</SimpleData>
					<SimpleData name="eq_ender">JOSE PEDRO DE BORBA</SimpleData>
					<SimpleData name="eq_num">20</SimpleData>
					<SimpleData name="eq_compend">RUA</SimpleData>
					<SimpleData name="eq_codcep">04890000</SimpleData>
					<SimpleData name="eq_fone1">1159214679</SimpleData>
					<SimpleData name="eq_email">CEICEUPARELHEIROS@SME.PREFEITURA.SP.GOV.BR</SimpleData>
					<SimpleData name="eq_cd_dirt">10318</SimpleData>
					<SimpleData name="eq_diretor">SUL 3</SimpleData>
					<SimpleData name="eq_dre">CAPELA DO SOCORRO</SimpleData>
					<SimpleData name="eq_cd_mec">35415406</SimpleData>
					<SimpleData name="eq_esfera">MUNICIPAL</SimpleData>
					<SimpleData name="eq_cd_catg">1</SimpleData>
					<SimpleData name="eq_categor">ESCOLAS AUTONOMAS</SimpleData>
					<SimpleData name="eq_eol">35415406</SimpleData>
					<SimpleData name="eq_horario">07:00-18:00</SimpleData>
				</SchemaData>
			</ExtendedData>
			<Point>
				<coordinates>-46.7263381407391,-23.8272614150675,0</coordinates>
			</Point>
		</Placemark>
		<Placemark id="kml_140">
			<name>kml_140</name>
			<snippet></snippet>
			<description><![CDATA[<center><table><tr><th colspan='2' align='center'><em>Attributes</em></th></tr><tr bgcolor="#E3E3F3">
<th>eq_id</th>
<td>5202</td>
</tr><tr bgcolor="">
<th>eq_nome</th>
<td>CEU EMEI MAGDA FERREIRA DA SILVA CARVALHO PROFA</td>
</tr><tr bgcolor="#E3E3F3">
<th>eq_enderec</th>
<td>JOSE PEDRO DE BORBA 20</td>
</tr><tr bgcolor="">
<th>eq_bairro</th>
<td>JARDIM NOVO PARELHEIROS</td>
</tr><tr bgcolor="#E3E3F3">
<th>eq_cep</th>
<td>04890000</td>
</tr><tr bgcolor="">
<th>eq_tipo</th>
<td>CEU EMEI</td>
</tr><tr bgcolor="#E3E3F3">
<th>eq_classe</th>
<td>CEU</td>
</tr><tr bgcolor="">
<th>eq_telefon</th>
<td>1159217131 / </td>
</tr><tr bgcolor="#E3E3F3">
<th>eq_setor</th>
<td>355030855000021</td>
</tr><tr bgcolor="">
<th>eq_areap</th>
<td>3550308005301</td>
</tr><tr bgcolor="#E3E3F3">
<th>eq_cd_dist</th>
<td>55</td>
</tr><tr bgcolor="">
<th>eq_distr</th>
<td>PARELHEIROS</td>
</tr><tr bgcolor="#E3E3F3">
<th>eq_cd_subp</th>
<td>20</td>
</tr><tr bgcolor="">
<th>eq_subpref</th>
<td>PARELHEIROS</td>
</tr><tr bgcolor="#E3E3F3">
<th>eq_regiao5</th>
<td>Sul</td>
</tr><tr bgcolor="">
<th>eq_regiao8</th>
<td>Sul 2</td>
</tr><tr bgcolor="#E3E3F3">
<th>eq_ender</th>
<td>JOSE PEDRO DE BORBA</td>
</tr><tr bgcolor="">
<th>eq_num</th>
<td>20</td>
</tr><tr bgcolor="#E3E3F3">
<th>eq_compend</th>
<td>RUA</td>
</tr><tr bgcolor="">
<th>eq_codcep</th>
<td>04890000</td>
</tr><tr bgcolor="#E3E3F3">
<th>eq_fone1</th>
<td>1159217131</td>
</tr><tr bgcolor="">
<th>eq_fone2</th>
<td></td>
</tr><tr bgcolor="#E3E3F3">
<th>eq_email</th>
<td>EMEICEUMAGDAFERREIRA@SME.PREFEITURA.SP.GOV.BR</td>
</tr><tr bgcolor="">
<th>eq_cd_dirt</th>
<td>10318</td>
</tr><tr bgcolor="#E3E3F3">
<th>eq_diretor</th>
<td>SUL 3</td>
</tr><tr bgcolor="">
<th>eq_dre</th>
<td>CAPELA DO SOCORRO</td>
</tr><tr bgcolor="#E3E3F3">
<th>eq_cd_zona</th>
<td></td>
</tr><tr bgcolor="">
<th>eq_zona</th>
<td></td>
</tr><tr bgcolor="#E3E3F3">
<th>eq_cd_mec</th>
<td>35415418</td>
</tr><tr bgcolor="">
<th>eq_esfera</th>
<td>MUNICIPAL</td>
</tr><tr bgcolor="#E3E3F3">
<th>eq_cd_catg</th>
<td>1</td>
</tr><tr bgcolor="">
<th>eq_categor</th>
<td>ESCOLAS AUTONOMAS</td>
</tr><tr bgcolor="#E3E3F3">
<th>eq_eol</th>
<td>35415418</td>
</tr><tr bgcolor="">
<th>eq_horario</th>
<td>07:00-19:00</td>
</tr></table></center>]]></description>
			<styleUrl>#m_ylw-pushpin</styleUrl>
			<ExtendedData>
				<SchemaData schemaUrl="#kml_schema_ft_LL_WGS84_KMZ_TEMA_EDUCACAO_CEU">
					<SimpleData name="eq_id">5202</SimpleData>
					<SimpleData name="eq_nome">CEU EMEI MAGDA FERREIRA DA SILVA CARVALHO PROFA</SimpleData>
					<SimpleData name="eq_enderec">JOSE PEDRO DE BORBA 20</SimpleData>
					<SimpleData name="eq_bairro">JARDIM NOVO PARELHEIROS</SimpleData>
					<SimpleData name="eq_cep">04890000</SimpleData>
					<SimpleData name="eq_tipo">CEU EMEI</SimpleData>
					<SimpleData name="eq_classe">CEU</SimpleData>
					<SimpleData name="eq_telefon">1159217131 /</SimpleData>
					<SimpleData name="eq_setor">355030855000021</SimpleData>
					<SimpleData name="eq_areap">3550308005301</SimpleData>
					<SimpleData name="eq_cd_dist">55</SimpleData>
					<SimpleData name="eq_distr">PARELHEIROS</SimpleData>
					<SimpleData name="eq_cd_subp">20</SimpleData>
					<SimpleData name="eq_subpref">PARELHEIROS</SimpleData>
					<SimpleData name="eq_regiao5">Sul</SimpleData>
					<SimpleData name="eq_regiao8">Sul 2</SimpleData>
					<SimpleData name="eq_ender">JOSE PEDRO DE BORBA</SimpleData>
					<SimpleData name="eq_num">20</SimpleData>
					<SimpleData name="eq_compend">RUA</SimpleData>
					<SimpleData name="eq_codcep">04890000</SimpleData>
					<SimpleData name="eq_fone1">1159217131</SimpleData>
					<SimpleData name="eq_email">EMEICEUMAGDAFERREIRA@SME.PREFEITURA.SP.GOV.BR</SimpleData>
					<SimpleData name="eq_cd_dirt">10318</SimpleData>
					<SimpleData name="eq_diretor">SUL 3</SimpleData>
					<SimpleData name="eq_dre">CAPELA DO SOCORRO</SimpleData>
					<SimpleData name="eq_cd_mec">35415418</SimpleData>
					<SimpleData name="eq_esfera">MUNICIPAL</SimpleData>
					<SimpleData name="eq_cd_catg">1</SimpleData>
					<SimpleData name="eq_categor">ESCOLAS AUTONOMAS</SimpleData>
					<SimpleData name="eq_eol">35415418</SimpleData>
					<SimpleData name="eq_horario">07:00-19:00</SimpleData>
				</SchemaData>
			</ExtendedData>
			<Point>
				<coordinates>-46.7263381407391,-23.8272614150675,0</coordinates>
			</Point>
		</Placemark>
		<Placemark id="kml_141">
			<name>kml_141</name>
			<snippet></snippet>
			<description><![CDATA[<center><table><tr><th colspan='2' align='center'><em>Attributes</em></th></tr><tr bgcolor="#E3E3F3">
<th>eq_id</th>
<td>5641</td>
</tr><tr bgcolor="">
<th>eq_nome</th>
<td>CEU AT COMPL PARQUE VEREDAS - JOAO ANTONIO DA SILVA</td>
</tr><tr bgcolor="#E3E3F3">
<th>eq_enderec</th>
<td>DANIEL MULLER 348</td>
</tr><tr bgcolor="">
<th>eq_bairro</th>
<td>CHACARA DONA OLIVIA</td>
</tr><tr bgcolor="#E3E3F3">
<th>eq_cep</th>
<td>08141000</td>
</tr><tr bgcolor="">
<th>eq_tipo</th>
<td>CEU AT COM</td>
</tr><tr bgcolor="#E3E3F3">
<th>eq_classe</th>
<td>CEU</td>
</tr><tr bgcolor="">
<th>eq_telefon</th>
<td>00 / </td>
</tr><tr bgcolor="#E3E3F3">
<th>eq_setor</th>
<td>355030836000285</td>
</tr><tr bgcolor="">
<th>eq_areap</th>
<td>3550308005254</td>
</tr><tr bgcolor="#E3E3F3">
<th>eq_cd_dist</th>
<td>36</td>
</tr><tr bgcolor="">
<th>eq_distr</th>
<td>ITAIM PAULISTA</td>
</tr><tr bgcolor="#E3E3F3">
<th>eq_cd_subp</th>
<td>24</td>
</tr><tr bgcolor="">
<th>eq_subpref</th>
<td>ITAIM PAULISTA</td>
</tr><tr bgcolor="#E3E3F3">
<th>eq_regiao5</th>
<td>Leste</td>
</tr><tr bgcolor="">
<th>eq_regiao8</th>
<td>Leste 2</td>
</tr><tr bgcolor="#E3E3F3">
<th>eq_ender</th>
<td>DANIEL MULLER</td>
</tr><tr bgcolor="">
<th>eq_num</th>
<td>348</td>
</tr><tr bgcolor="#E3E3F3">
<th>eq_compend</th>
<td>RUA</td>
</tr><tr bgcolor="">
<th>eq_codcep</th>
<td>08141000</td>
</tr><tr bgcolor="#E3E3F3">
<th>eq_fone1</th>
<td>00</td>
</tr><tr bgcolor="">
<th>eq_fone2</th>
<td></td>
</tr><tr bgcolor="#E3E3F3">
<th>eq_email</th>
<td></td>
</tr><tr bgcolor="">
<th>eq_cd_dirt</th>
<td>10210</td>
</tr><tr bgcolor="#E3E3F3">
<th>eq_diretor</th>
<td>LESTE 2</td>
</tr><tr bgcolor="">
<th>eq_dre</th>
<td>SAO MIGUEL</td>
</tr><tr bgcolor="#E3E3F3">
<th>eq_cd_zona</th>
<td></td>
</tr><tr bgcolor="">
<th>eq_zona</th>
<td></td>
</tr><tr bgcolor="#E3E3F3">
<th>eq_cd_mec</th>
<td>35455374</td>
</tr><tr bgcolor="">
<th>eq_esfera</th>
<td>MUNICIPAL</td>
</tr><tr bgcolor="#E3E3F3">
<th>eq_cd_catg</th>
<td>1</td>
</tr><tr bgcolor="">
<th>eq_categor</th>
<td>ESCOLAS AUTONOMAS</td>
</tr><tr bgcolor="#E3E3F3">
<th>eq_eol</th>
<td>35455374</td>
</tr><tr bgcolor="">
<th>eq_horario</th>
<td>07:00-23:00</td>
</tr></table></center>]]></description>
			<styleUrl>#m_ylw-pushpin</styleUrl>
			<ExtendedData>
				<SchemaData schemaUrl="#kml_schema_ft_LL_WGS84_KMZ_TEMA_EDUCACAO_CEU">
					<SimpleData name="eq_id">5641</SimpleData>
					<SimpleData name="eq_nome">CEU AT COMPL PARQUE VEREDAS - JOAO ANTONIO DA SILVA</SimpleData>
					<SimpleData name="eq_enderec">DANIEL MULLER 348</SimpleData>
					<SimpleData name="eq_bairro">CHACARA DONA OLIVIA</SimpleData>
					<SimpleData name="eq_cep">08141000</SimpleData>
					<SimpleData name="eq_tipo">CEU AT COM</SimpleData>
					<SimpleData name="eq_classe">CEU</SimpleData>
					<SimpleData name="eq_telefon">00 /</SimpleData>
					<SimpleData name="eq_setor">355030836000285</SimpleData>
					<SimpleData name="eq_areap">3550308005254</SimpleData>
					<SimpleData name="eq_cd_dist">36</SimpleData>
					<SimpleData name="eq_distr">ITAIM PAULISTA</SimpleData>
					<SimpleData name="eq_cd_subp">24</SimpleData>
					<SimpleData name="eq_subpref">ITAIM PAULISTA</SimpleData>
					<SimpleData name="eq_regiao5">Leste</SimpleData>
					<SimpleData name="eq_regiao8">Leste 2</SimpleData>
					<SimpleData name="eq_ender">DANIEL MULLER</SimpleData>
					<SimpleData name="eq_num">348</SimpleData>
					<SimpleData name="eq_compend">RUA</SimpleData>
					<SimpleData name="eq_codcep">08141000</SimpleData>
					<SimpleData name="eq_fone1">00</SimpleData>
					<SimpleData name="eq_cd_dirt">10210</SimpleData>
					<SimpleData name="eq_diretor">LESTE 2</SimpleData>
					<SimpleData name="eq_dre">SAO MIGUEL</SimpleData>
					<SimpleData name="eq_cd_mec">35455374</SimpleData>
					<SimpleData name="eq_esfera">MUNICIPAL</SimpleData>
					<SimpleData name="eq_cd_catg">1</SimpleData>
					<SimpleData name="eq_categor">ESCOLAS AUTONOMAS</SimpleData>
					<SimpleData name="eq_eol">35455374</SimpleData>
					<SimpleData name="eq_horario">07:00-23:00</SimpleData>
				</SchemaData>
			</ExtendedData>
			<Point>
				<coordinates>-46.3896509997658,-23.5133649993328,0</coordinates>
			</Point>
		</Placemark>
		<Placemark id="kml_142">
			<name>kml_142</name>
			<snippet></snippet>
			<description><![CDATA[<center><table><tr><th colspan='2' align='center'><em>Attributes</em></th></tr><tr bgcolor="#E3E3F3">
<th>eq_id</th>
<td>5642</td>
</tr><tr bgcolor="">
<th>eq_nome</th>
<td>CEU AT COMPL PERA MARMELO</td>
</tr><tr bgcolor="#E3E3F3">
<th>eq_enderec</th>
<td>PERAMARMELO 225</td>
</tr><tr bgcolor="">
<th>eq_bairro</th>
<td>JARDIM SANTA LUCRECIA</td>
</tr><tr bgcolor="#E3E3F3">
<th>eq_cep</th>
<td>05185000</td>
</tr><tr bgcolor="">
<th>eq_tipo</th>
<td>CEU AT COM</td>
</tr><tr bgcolor="#E3E3F3">
<th>eq_classe</th>
<td>CEU</td>
</tr><tr bgcolor="">
<th>eq_telefon</th>
<td>00 / </td>
</tr><tr bgcolor="#E3E3F3">
<th>eq_setor</th>
<td>355030842000151</td>
</tr><tr bgcolor="">
<th>eq_areap</th>
<td>3550308005185</td>
</tr><tr bgcolor="#E3E3F3">
<th>eq_cd_dist</th>
<td>42</td>
</tr><tr bgcolor="">
<th>eq_distr</th>
<td>JARAGUA</td>
</tr><tr bgcolor="#E3E3F3">
<th>eq_cd_subp</th>
<td>2</td>
</tr><tr bgcolor="">
<th>eq_subpref</th>
<td>PIRITUBA-JARAGUA</td>
</tr><tr bgcolor="#E3E3F3">
<th>eq_regiao5</th>
<td>Norte</td>
</tr><tr bgcolor="">
<th>eq_regiao8</th>
<td>Norte 2</td>
</tr><tr bgcolor="#E3E3F3">
<th>eq_ender</th>
<td>PERAMARMELO</td>
</tr><tr bgcolor="">
<th>eq_num</th>
<td>225</td>
</tr><tr bgcolor="#E3E3F3">
<th>eq_compend</th>
<td>RUA</td>
</tr><tr bgcolor="">
<th>eq_codcep</th>
<td>05185000</td>
</tr><tr bgcolor="#E3E3F3">
<th>eq_fone1</th>
<td>00</td>
</tr><tr bgcolor="">
<th>eq_fone2</th>
<td></td>
</tr><tr bgcolor="#E3E3F3">
<th>eq_email</th>
<td></td>
</tr><tr bgcolor="">
<th>eq_cd_dirt</th>
<td>10101</td>
</tr><tr bgcolor="#E3E3F3">
<th>eq_diretor</th>
<td>NORTE 1</td>
</tr><tr bgcolor="">
<th>eq_dre</th>
<td>PIRITUBA</td>
</tr><tr bgcolor="#E3E3F3">
<th>eq_cd_zona</th>
<td></td>
</tr><tr bgcolor="">
<th>eq_zona</th>
<td></td>
</tr><tr bgcolor="#E3E3F3">
<th>eq_cd_mec</th>
<td>35455386</td>
</tr><tr bgcolor="">
<th>eq_esfera</th>
<td>MUNICIPAL</td>
</tr><tr bgcolor="#E3E3F3">
<th>eq_cd_catg</th>
<td>1</td>
</tr><tr bgcolor="">
<th>eq_categor</th>
<td>ESCOLAS AUTONOMAS</td>
</tr><tr bgcolor="#E3E3F3">
<th>eq_eol</th>
<td>35455386</td>
</tr><tr bgcolor="">
<th>eq_horario</th>
<td>07:00-22:30</td>
</tr></table></center>]]></description>
			<styleUrl>#m_ylw-pushpin</styleUrl>
			<ExtendedData>
				<SchemaData schemaUrl="#kml_schema_ft_LL_WGS84_KMZ_TEMA_EDUCACAO_CEU">
					<SimpleData name="eq_id">5642</SimpleData>
					<SimpleData name="eq_nome">CEU AT COMPL PERA MARMELO</SimpleData>
					<SimpleData name="eq_enderec">PERAMARMELO 225</SimpleData>
					<SimpleData name="eq_bairro">JARDIM SANTA LUCRECIA</SimpleData>
					<SimpleData name="eq_cep">05185000</SimpleData>
					<SimpleData name="eq_tipo">CEU AT COM</SimpleData>
					<SimpleData name="eq_classe">CEU</SimpleData>
					<SimpleData name="eq_telefon">00 /</SimpleData>
					<SimpleData name="eq_setor">355030842000151</SimpleData>
					<SimpleData name="eq_areap">3550308005185</SimpleData>
					<SimpleData name="eq_cd_dist">42</SimpleData>
					<SimpleData name="eq_distr">JARAGUA</SimpleData>
					<SimpleData name="eq_cd_subp">2</SimpleData>
					<SimpleData name="eq_subpref">PIRITUBA-JARAGUA</SimpleData>
					<SimpleData name="eq_regiao5">Norte</SimpleData>
					<SimpleData name="eq_regiao8">Norte 2</SimpleData>
					<SimpleData name="eq_ender">PERAMARMELO</SimpleData>
					<SimpleData name="eq_num">225</SimpleData>
					<SimpleData name="eq_compend">RUA</SimpleData>
					<SimpleData name="eq_codcep">05185000</SimpleData>
					<SimpleData name="eq_fone1">00</SimpleData>
					<SimpleData name="eq_cd_dirt">10101</SimpleData>
					<SimpleData name="eq_diretor">NORTE 1</SimpleData>
					<SimpleData name="eq_dre">PIRITUBA</SimpleData>
					<SimpleData name="eq_cd_mec">35455386</SimpleData>
					<SimpleData name="eq_esfera">MUNICIPAL</SimpleData>
					<SimpleData name="eq_cd_catg">1</SimpleData>
					<SimpleData name="eq_categor">ESCOLAS AUTONOMAS</SimpleData>
					<SimpleData name="eq_eol">35455386</SimpleData>
					<SimpleData name="eq_horario">07:00-22:30</SimpleData>
				</SchemaData>
			</ExtendedData>
			<Point>
				<coordinates>-46.7503359997871,-23.4364320004521,0</coordinates>
			</Point>
		</Placemark>
		<Placemark id="kml_143">
			<name>kml_143</name>
			<snippet></snippet>
			<description><![CDATA[<center><table><tr><th colspan='2' align='center'><em>Attributes</em></th></tr><tr bgcolor="#E3E3F3">
<th>eq_id</th>
<td>5643</td>
</tr><tr bgcolor="">
<th>eq_nome</th>
<td>CEU AT COMPL PARQUE ANHANGUERA</td>
</tr><tr bgcolor="#E3E3F3">
<th>eq_enderec</th>
<td>PEDRO JOSE DE LIMA 10</td>
</tr><tr bgcolor="">
<th>eq_bairro</th>
<td>JARDIM ANHANGUERA</td>
</tr><tr bgcolor="#E3E3F3">
<th>eq_cep</th>
<td>05267000</td>
</tr><tr bgcolor="">
<th>eq_tipo</th>
<td>CEU AT COM</td>
</tr><tr bgcolor="#E3E3F3">
<th>eq_classe</th>
<td>CEU</td>
</tr><tr bgcolor="">
<th>eq_telefon</th>
<td>00 / </td>
</tr><tr bgcolor="#E3E3F3">
<th>eq_setor</th>
<td>355030803000004</td>
</tr><tr bgcolor="">
<th>eq_areap</th>
<td>3550308005307</td>
</tr><tr bgcolor="#E3E3F3">
<th>eq_cd_dist</th>
<td>3</td>
</tr><tr bgcolor="">
<th>eq_distr</th>
<td>ANHANGUERA</td>
</tr><tr bgcolor="#E3E3F3">
<th>eq_cd_subp</th>
<td>1</td>
</tr><tr bgcolor="">
<th>eq_subpref</th>
<td>PERUS</td>
</tr><tr bgcolor="#E3E3F3">
<th>eq_regiao5</th>
<td>Norte</td>
</tr><tr bgcolor="">
<th>eq_regiao8</th>
<td>Norte 2</td>
</tr><tr bgcolor="#E3E3F3">
<th>eq_ender</th>
<td>PEDRO JOSE DE LIMA</td>
</tr><tr bgcolor="">
<th>eq_num</th>
<td>10</td>
</tr><tr bgcolor="#E3E3F3">
<th>eq_compend</th>
<td>RUA</td>
</tr><tr bgcolor="">
<th>eq_codcep</th>
<td>05267000</td>
</tr><tr bgcolor="#E3E3F3">
<th>eq_fone1</th>
<td>00</td>
</tr><tr bgcolor="">
<th>eq_fone2</th>
<td></td>
</tr><tr bgcolor="#E3E3F3">
<th>eq_email</th>
<td></td>
</tr><tr bgcolor="">
<th>eq_cd_dirt</th>
<td>10101</td>
</tr><tr bgcolor="#E3E3F3">
<th>eq_diretor</th>
<td>NORTE 1</td>
</tr><tr bgcolor="">
<th>eq_dre</th>
<td>PIRITUBA</td>
</tr><tr bgcolor="#E3E3F3">
<th>eq_cd_zona</th>
<td></td>
</tr><tr bgcolor="">
<th>eq_zona</th>
<td></td>
</tr><tr bgcolor="#E3E3F3">
<th>eq_cd_mec</th>
<td>35455416</td>
</tr><tr bgcolor="">
<th>eq_esfera</th>
<td>MUNICIPAL</td>
</tr><tr bgcolor="#E3E3F3">
<th>eq_cd_catg</th>
<td>1</td>
</tr><tr bgcolor="">
<th>eq_categor</th>
<td>ESCOLAS AUTONOMAS</td>
</tr><tr bgcolor="#E3E3F3">
<th>eq_eol</th>
<td>35455416</td>
</tr><tr bgcolor="">
<th>eq_horario</th>
<td>08:00-20:00</td>
</tr></table></center>]]></description>
			<styleUrl>#m_ylw-pushpin</styleUrl>
			<ExtendedData>
				<SchemaData schemaUrl="#kml_schema_ft_LL_WGS84_KMZ_TEMA_EDUCACAO_CEU">
					<SimpleData name="eq_id">5643</SimpleData>
					<SimpleData name="eq_nome">CEU AT COMPL PARQUE ANHANGUERA</SimpleData>
					<SimpleData name="eq_enderec">PEDRO JOSE DE LIMA 10</SimpleData>
					<SimpleData name="eq_bairro">JARDIM ANHANGUERA</SimpleData>
					<SimpleData name="eq_cep">05267000</SimpleData>
					<SimpleData name="eq_tipo">CEU AT COM</SimpleData>
					<SimpleData name="eq_classe">CEU</SimpleData>
					<SimpleData name="eq_telefon">00 /</SimpleData>
					<SimpleData name="eq_setor">355030803000004</SimpleData>
					<SimpleData name="eq_areap">3550308005307</SimpleData>
					<SimpleData name="eq_cd_dist">3</SimpleData>
					<SimpleData name="eq_distr">ANHANGUERA</SimpleData>
					<SimpleData name="eq_cd_subp">1</SimpleData>
					<SimpleData name="eq_subpref">PERUS</SimpleData>
					<SimpleData name="eq_regiao5">Norte</SimpleData>
					<SimpleData name="eq_regiao8">Norte 2</SimpleData>
					<SimpleData name="eq_ender">PEDRO JOSE DE LIMA</SimpleData>
					<SimpleData name="eq_num">10</SimpleData>
					<SimpleData name="eq_compend">RUA</SimpleData>
					<SimpleData name="eq_codcep">05267000</SimpleData>
					<SimpleData name="eq_fone1">00</SimpleData>
					<SimpleData name="eq_cd_dirt">10101</SimpleData>
					<SimpleData name="eq_diretor">NORTE 1</SimpleData>
					<SimpleData name="eq_dre">PIRITUBA</SimpleData>
					<SimpleData name="eq_cd_mec">35455416</SimpleData>
					<SimpleData name="eq_esfera">MUNICIPAL</SimpleData>
					<SimpleData name="eq_cd_catg">1</SimpleData>
					<SimpleData name="eq_categor">ESCOLAS AUTONOMAS</SimpleData>
					<SimpleData name="eq_eol">35455416</SimpleData>
					<SimpleData name="eq_horario">08:00-20:00</SimpleData>
				</SchemaData>
			</ExtendedData>
			<Point>
				<coordinates>-46.7871659999842,-23.4412540006388,0</coordinates>
			</Point>
		</Placemark>
		<Placemark id="kml_144">
			<name>kml_144</name>
			<snippet></snippet>
			<description><![CDATA[<center><table><tr><th colspan='2' align='center'><em>Attributes</em></th></tr><tr bgcolor="#E3E3F3">
<th>eq_id</th>
<td>5644</td>
</tr><tr bgcolor="">
<th>eq_nome</th>
<td>CEU AT COMPL JACANA</td>
</tr><tr bgcolor="#E3E3F3">
<th>eq_enderec</th>
<td>FRANCISCA ESPOSITO TONETTI 104</td>
</tr><tr bgcolor="">
<th>eq_bairro</th>
<td>GUAPIRA</td>
</tr><tr bgcolor="#E3E3F3">
<th>eq_cep</th>
<td>02276000</td>
</tr><tr bgcolor="">
<th>eq_tipo</th>
<td>CEU AT COM</td>
</tr><tr bgcolor="#E3E3F3">
<th>eq_classe</th>
<td>CEU</td>
</tr><tr bgcolor="">
<th>eq_telefon</th>
<td>00 / </td>
</tr><tr bgcolor="#E3E3F3">
<th>eq_setor</th>
<td>355030881000113</td>
</tr><tr bgcolor="">
<th>eq_areap</th>
<td>3550308005133</td>
</tr><tr bgcolor="#E3E3F3">
<th>eq_cd_dist</th>
<td>81</td>
</tr><tr bgcolor="">
<th>eq_distr</th>
<td>TREMEMBE</td>
</tr><tr bgcolor="#E3E3F3">
<th>eq_cd_subp</th>
<td>6</td>
</tr><tr bgcolor="">
<th>eq_subpref</th>
<td>JACANA-TREMEMBE</td>
</tr><tr bgcolor="#E3E3F3">
<th>eq_regiao5</th>
<td>Norte</td>
</tr><tr bgcolor="">
<th>eq_regiao8</th>
<td>Norte 1</td>
</tr><tr bgcolor="#E3E3F3">
<th>eq_ender</th>
<td>FRANCISCA ESPOSITO TONETTI</td>
</tr><tr bgcolor="">
<th>eq_num</th>
<td>104</td>
</tr><tr bgcolor="#E3E3F3">
<th>eq_compend</th>
<td>AVENIDA</td>
</tr><tr bgcolor="">
<th>eq_codcep</th>
<td>02276000</td>
</tr><tr bgcolor="#E3E3F3">
<th>eq_fone1</th>
<td>00</td>
</tr><tr bgcolor="">
<th>eq_fone2</th>
<td></td>
</tr><tr bgcolor="#E3E3F3">
<th>eq_email</th>
<td></td>
</tr><tr bgcolor="">
<th>eq_cd_dirt</th>
<td>10104</td>
</tr><tr bgcolor="#E3E3F3">
<th>eq_diretor</th>
<td>NORTE 2</td>
</tr><tr bgcolor="">
<th>eq_dre</th>
<td>JACANA/TREMEMBE</td>
</tr><tr bgcolor="#E3E3F3">
<th>eq_cd_zona</th>
<td></td>
</tr><tr bgcolor="">
<th>eq_zona</th>
<td></td>
</tr><tr bgcolor="#E3E3F3">
<th>eq_cd_mec</th>
<td>35455428</td>
</tr><tr bgcolor="">
<th>eq_esfera</th>
<td>MUNICIPAL</td>
</tr><tr bgcolor="#E3E3F3">
<th>eq_cd_catg</th>
<td>1</td>
</tr><tr bgcolor="">
<th>eq_categor</th>
<td>ESCOLAS AUTONOMAS</td>
</tr><tr bgcolor="#E3E3F3">
<th>eq_eol</th>
<td>35455428</td>
</tr><tr bgcolor="">
<th>eq_horario</th>
<td>08:00-15:05</td>
</tr></table></center>]]></description>
			<styleUrl>#m_ylw-pushpin</styleUrl>
			<ExtendedData>
				<SchemaData schemaUrl="#kml_schema_ft_LL_WGS84_KMZ_TEMA_EDUCACAO_CEU">
					<SimpleData name="eq_id">5644</SimpleData>
					<SimpleData name="eq_nome">CEU AT COMPL JACANA</SimpleData>
					<SimpleData name="eq_enderec">FRANCISCA ESPOSITO TONETTI 104</SimpleData>
					<SimpleData name="eq_bairro">GUAPIRA</SimpleData>
					<SimpleData name="eq_cep">02276000</SimpleData>
					<SimpleData name="eq_tipo">CEU AT COM</SimpleData>
					<SimpleData name="eq_classe">CEU</SimpleData>
					<SimpleData name="eq_telefon">00 /</SimpleData>
					<SimpleData name="eq_setor">355030881000113</SimpleData>
					<SimpleData name="eq_areap">3550308005133</SimpleData>
					<SimpleData name="eq_cd_dist">81</SimpleData>
					<SimpleData name="eq_distr">TREMEMBE</SimpleData>
					<SimpleData name="eq_cd_subp">6</SimpleData>
					<SimpleData name="eq_subpref">JACANA-TREMEMBE</SimpleData>
					<SimpleData name="eq_regiao5">Norte</SimpleData>
					<SimpleData name="eq_regiao8">Norte 1</SimpleData>
					<SimpleData name="eq_ender">FRANCISCA ESPOSITO TONETTI</SimpleData>
					<SimpleData name="eq_num">104</SimpleData>
					<SimpleData name="eq_compend">AVENIDA</SimpleData>
					<SimpleData name="eq_codcep">02276000</SimpleData>
					<SimpleData name="eq_fone1">00</SimpleData>
					<SimpleData name="eq_cd_dirt">10104</SimpleData>
					<SimpleData name="eq_diretor">NORTE 2</SimpleData>
					<SimpleData name="eq_dre">JACANA/TREMEMBE</SimpleData>
					<SimpleData name="eq_cd_mec">35455428</SimpleData>
					<SimpleData name="eq_esfera">MUNICIPAL</SimpleData>
					<SimpleData name="eq_cd_catg">1</SimpleData>
					<SimpleData name="eq_categor">ESCOLAS AUTONOMAS</SimpleData>
					<SimpleData name="eq_eol">35455428</SimpleData>
					<SimpleData name="eq_horario">08:00-15:05</SimpleData>
				</SchemaData>
			</ExtendedData>
			<Point>
				<coordinates>-46.5838400004005,-23.4572059958869,0</coordinates>
			</Point>
		</Placemark>
		<Placemark id="kml_145">
			<name>kml_145</name>
			<snippet></snippet>
			<description><![CDATA[<center><table><tr><th colspan='2' align='center'><em>Attributes</em></th></tr><tr bgcolor="#E3E3F3">
<th>eq_id</th>
<td>5645</td>
</tr><tr bgcolor="">
<th>eq_nome</th>
<td>CEU AT COMPL HELIOPOLIS - ARLETE PERSOLI PROFA</td>
</tr><tr bgcolor="#E3E3F3">
<th>eq_enderec</th>
<td>ESTRADA DAS LAGRIMAS 2385</td>
</tr><tr bgcolor="">
<th>eq_bairro</th>
<td>IPIRANGA</td>
</tr><tr bgcolor="#E3E3F3">
<th>eq_cep</th>
<td>04232000</td>
</tr><tr bgcolor="">
<th>eq_tipo</th>
<td>CEU AT COM</td>
</tr><tr bgcolor="#E3E3F3">
<th>eq_classe</th>
<td>CEU</td>
</tr><tr bgcolor="">
<th>eq_telefon</th>
<td>00 / </td>
</tr><tr bgcolor="#E3E3F3">
<th>eq_setor</th>
<td>355030868000277</td>
</tr><tr bgcolor="">
<th>eq_areap</th>
<td>3550308005085</td>
</tr><tr bgcolor="#E3E3F3">
<th>eq_cd_dist</th>
<td>68</td>
</tr><tr bgcolor="">
<th>eq_distr</th>
<td>SACOMA</td>
</tr><tr bgcolor="#E3E3F3">
<th>eq_cd_subp</th>
<td>13</td>
</tr><tr bgcolor="">
<th>eq_subpref</th>
<td>IPIRANGA</td>
</tr><tr bgcolor="#E3E3F3">
<th>eq_regiao5</th>
<td>Sul</td>
</tr><tr bgcolor="">
<th>eq_regiao8</th>
<td>Sul 1</td>
</tr><tr bgcolor="#E3E3F3">
<th>eq_ender</th>
<td>ESTRADA DAS LAGRIMAS</td>
</tr><tr bgcolor="">
<th>eq_num</th>
<td>2385</td>
</tr><tr bgcolor="#E3E3F3">
<th>eq_compend</th>
<td>ESTRADA</td>
</tr><tr bgcolor="">
<th>eq_codcep</th>
<td>04232000</td>
</tr><tr bgcolor="#E3E3F3">
<th>eq_fone1</th>
<td>00</td>
</tr><tr bgcolor="">
<th>eq_fone2</th>
<td></td>
</tr><tr bgcolor="#E3E3F3">
<th>eq_email</th>
<td></td>
</tr><tr bgcolor="">
<th>eq_cd_dirt</th>
<td>10316</td>
</tr><tr bgcolor="#E3E3F3">
<th>eq_diretor</th>
<td>CENTRO SUL</td>
</tr><tr bgcolor="">
<th>eq_dre</th>
<td>IPIRANGA</td>
</tr><tr bgcolor="#E3E3F3">
<th>eq_cd_zona</th>
<td></td>
</tr><tr bgcolor="">
<th>eq_zona</th>
<td></td>
</tr><tr bgcolor="#E3E3F3">
<th>eq_cd_mec</th>
<td>35455436</td>
</tr><tr bgcolor="">
<th>eq_esfera</th>
<td>MUNICIPAL</td>
</tr><tr bgcolor="#E3E3F3">
<th>eq_cd_catg</th>
<td>1</td>
</tr><tr bgcolor="">
<th>eq_categor</th>
<td>ESCOLAS AUTONOMAS</td>
</tr><tr bgcolor="#E3E3F3">
<th>eq_eol</th>
<td>35455436</td>
</tr><tr bgcolor="">
<th>eq_horario</th>
<td>07:15-20:00</td>
</tr></table></center>]]></description>
			<styleUrl>#m_ylw-pushpin</styleUrl>
			<ExtendedData>
				<SchemaData schemaUrl="#kml_schema_ft_LL_WGS84_KMZ_TEMA_EDUCACAO_CEU">
					<SimpleData name="eq_id">5645</SimpleData>
					<SimpleData name="eq_nome">CEU AT COMPL HELIOPOLIS - ARLETE PERSOLI PROFA</SimpleData>
					<SimpleData name="eq_enderec">ESTRADA DAS LAGRIMAS 2385</SimpleData>
					<SimpleData name="eq_bairro">IPIRANGA</SimpleData>
					<SimpleData name="eq_cep">04232000</SimpleData>
					<SimpleData name="eq_tipo">CEU AT COM</SimpleData>
					<SimpleData name="eq_classe">CEU</SimpleData>
					<SimpleData name="eq_telefon">00 /</SimpleData>
					<SimpleData name="eq_setor">355030868000277</SimpleData>
					<SimpleData name="eq_areap">3550308005085</SimpleData>
					<SimpleData name="eq_cd_dist">68</SimpleData>
					<SimpleData name="eq_distr">SACOMA</SimpleData>
					<SimpleData name="eq_cd_subp">13</SimpleData>
					<SimpleData name="eq_subpref">IPIRANGA</SimpleData>
					<SimpleData name="eq_regiao5">Sul</SimpleData>
					<SimpleData name="eq_regiao8">Sul 1</SimpleData>
					<SimpleData name="eq_ender">ESTRADA DAS LAGRIMAS</SimpleData>
					<SimpleData name="eq_num">2385</SimpleData>
					<SimpleData name="eq_compend">ESTRADA</SimpleData>
					<SimpleData name="eq_codcep">04232000</SimpleData>
					<SimpleData name="eq_fone1">00</SimpleData>
					<SimpleData name="eq_cd_dirt">10316</SimpleData>
					<SimpleData name="eq_diretor">CENTRO SUL</SimpleData>
					<SimpleData name="eq_dre">IPIRANGA</SimpleData>
					<SimpleData name="eq_cd_mec">35455436</SimpleData>
					<SimpleData name="eq_esfera">MUNICIPAL</SimpleData>
					<SimpleData name="eq_cd_catg">1</SimpleData>
					<SimpleData name="eq_categor">ESCOLAS AUTONOMAS</SimpleData>
					<SimpleData name="eq_eol">35455436</SimpleData>
					<SimpleData name="eq_horario">07:15-20:00</SimpleData>
				</SchemaData>
			</ExtendedData>
			<Point>
				<coordinates>-46.59174499974579,-23.6220100001989,0</coordinates>
			</Point>
		</Placemark>
		<Placemark id="kml_146">
			<name>kml_146</name>
			<snippet></snippet>
			<description><![CDATA[<center><table><tr><th colspan='2' align='center'><em>Attributes</em></th></tr><tr bgcolor="#E3E3F3">
<th>eq_id</th>
<td>5646</td>
</tr><tr bgcolor="">
<th>eq_nome</th>
<td>CEU AT COMPL CAMINHO DO MAR - DULCE SALLES CUNHA BRAGA PROFA</td>
</tr><tr bgcolor="#E3E3F3">
<th>eq_enderec</th>
<td>ARMANDO DE ARRUDA PEREIRA ENGENHEIRO 5240</td>
</tr><tr bgcolor="">
<th>eq_bairro</th>
<td>JABAQUARA</td>
</tr><tr bgcolor="#E3E3F3">
<th>eq_cep</th>
<td>04308000</td>
</tr><tr bgcolor="">
<th>eq_tipo</th>
<td>CEU AT COM</td>
</tr><tr bgcolor="#E3E3F3">
<th>eq_classe</th>
<td>CEU</td>
</tr><tr bgcolor="">
<th>eq_telefon</th>
<td>00 / </td>
</tr><tr bgcolor="#E3E3F3">
<th>eq_setor</th>
<td>355030838000207</td>
</tr><tr bgcolor="">
<th>eq_areap</th>
<td>3550308005095</td>
</tr><tr bgcolor="#E3E3F3">
<th>eq_cd_dist</th>
<td>38</td>
</tr><tr bgcolor="">
<th>eq_distr</th>
<td>JABAQUARA</td>
</tr><tr bgcolor="#E3E3F3">
<th>eq_cd_subp</th>
<td>15</td>
</tr><tr bgcolor="">
<th>eq_subpref</th>
<td>JABAQUARA</td>
</tr><tr bgcolor="#E3E3F3">
<th>eq_regiao5</th>
<td>Sul</td>
</tr><tr bgcolor="">
<th>eq_regiao8</th>
<td>Sul 1</td>
</tr><tr bgcolor="#E3E3F3">
<th>eq_ender</th>
<td>ARMANDO DE ARRUDA PEREIRA ENGENHEIRO</td>
</tr><tr bgcolor="">
<th>eq_num</th>
<td>5240</td>
</tr><tr bgcolor="#E3E3F3">
<th>eq_compend</th>
<td>AVENIDA</td>
</tr><tr bgcolor="">
<th>eq_codcep</th>
<td>04308000</td>
</tr><tr bgcolor="#E3E3F3">
<th>eq_fone1</th>
<td>00</td>
</tr><tr bgcolor="">
<th>eq_fone2</th>
<td></td>
</tr><tr bgcolor="#E3E3F3">
<th>eq_email</th>
<td></td>
</tr><tr bgcolor="">
<th>eq_cd_dirt</th>
<td>10317</td>
</tr><tr bgcolor="#E3E3F3">
<th>eq_diretor</th>
<td>SUL 1</td>
</tr><tr bgcolor="">
<th>eq_dre</th>
<td>SANTO AMARO</td>
</tr><tr bgcolor="#E3E3F3">
<th>eq_cd_zona</th>
<td></td>
</tr><tr bgcolor="">
<th>eq_zona</th>
<td></td>
</tr><tr bgcolor="#E3E3F3">
<th>eq_cd_mec</th>
<td>35455441</td>
</tr><tr bgcolor="">
<th>eq_esfera</th>
<td>MUNICIPAL</td>
</tr><tr bgcolor="#E3E3F3">
<th>eq_cd_catg</th>
<td>1</td>
</tr><tr bgcolor="">
<th>eq_categor</th>
<td>ESCOLAS AUTONOMAS</td>
</tr><tr bgcolor="#E3E3F3">
<th>eq_eol</th>
<td>35455441</td>
</tr><tr bgcolor="">
<th>eq_horario</th>
<td>07:00-20:00</td>
</tr></table></center>]]></description>
			<styleUrl>#m_ylw-pushpin</styleUrl>
			<ExtendedData>
				<SchemaData schemaUrl="#kml_schema_ft_LL_WGS84_KMZ_TEMA_EDUCACAO_CEU">
					<SimpleData name="eq_id">5646</SimpleData>
					<SimpleData name="eq_nome">CEU AT COMPL CAMINHO DO MAR - DULCE SALLES CUNHA BRAGA PROFA</SimpleData>
					<SimpleData name="eq_enderec">ARMANDO DE ARRUDA PEREIRA ENGENHEIRO 5240</SimpleData>
					<SimpleData name="eq_bairro">JABAQUARA</SimpleData>
					<SimpleData name="eq_cep">04308000</SimpleData>
					<SimpleData name="eq_tipo">CEU AT COM</SimpleData>
					<SimpleData name="eq_classe">CEU</SimpleData>
					<SimpleData name="eq_telefon">00 /</SimpleData>
					<SimpleData name="eq_setor">355030838000207</SimpleData>
					<SimpleData name="eq_areap">3550308005095</SimpleData>
					<SimpleData name="eq_cd_dist">38</SimpleData>
					<SimpleData name="eq_distr">JABAQUARA</SimpleData>
					<SimpleData name="eq_cd_subp">15</SimpleData>
					<SimpleData name="eq_subpref">JABAQUARA</SimpleData>
					<SimpleData name="eq_regiao5">Sul</SimpleData>
					<SimpleData name="eq_regiao8">Sul 1</SimpleData>
					<SimpleData name="eq_ender">ARMANDO DE ARRUDA PEREIRA ENGENHEIRO</SimpleData>
					<SimpleData name="eq_num">5240</SimpleData>
					<SimpleData name="eq_compend">AVENIDA</SimpleData>
					<SimpleData name="eq_codcep">04308000</SimpleData>
					<SimpleData name="eq_fone1">00</SimpleData>
					<SimpleData name="eq_cd_dirt">10317</SimpleData>
					<SimpleData name="eq_diretor">SUL 1</SimpleData>
					<SimpleData name="eq_dre">SANTO AMARO</SimpleData>
					<SimpleData name="eq_cd_mec">35455441</SimpleData>
					<SimpleData name="eq_esfera">MUNICIPAL</SimpleData>
					<SimpleData name="eq_cd_catg">1</SimpleData>
					<SimpleData name="eq_categor">ESCOLAS AUTONOMAS</SimpleData>
					<SimpleData name="eq_eol">35455441</SimpleData>
					<SimpleData name="eq_horario">07:00-20:00</SimpleData>
				</SchemaData>
			</ExtendedData>
			<Point>
				<coordinates>-46.63382399969479,-23.668679997845,0</coordinates>
			</Point>
		</Placemark>
		<Placemark id="kml_147">
			<name>kml_147</name>
			<snippet></snippet>
			<description><![CDATA[<center><table><tr><th colspan='2' align='center'><em>Attributes</em></th></tr><tr bgcolor="#E3E3F3">
<th>eq_id</th>
<td>5647</td>
</tr><tr bgcolor="">
<th>eq_nome</th>
<td>CEU AT COMPL PERUS</td>
</tr><tr bgcolor="#E3E3F3">
<th>eq_enderec</th>
<td>BERNARDO JOSE DE LORENA SN</td>
</tr><tr bgcolor="">
<th>eq_bairro</th>
<td>VILA FANTON</td>
</tr><tr bgcolor="#E3E3F3">
<th>eq_cep</th>
<td>05203000</td>
</tr><tr bgcolor="">
<th>eq_tipo</th>
<td>CEU AT COM</td>
</tr><tr bgcolor="#E3E3F3">
<th>eq_classe</th>
<td>CEU</td>
</tr><tr bgcolor="">
<th>eq_telefon</th>
<td>00 / </td>
</tr><tr bgcolor="#E3E3F3">
<th>eq_setor</th>
<td>355030861000001</td>
</tr><tr bgcolor="">
<th>eq_areap</th>
<td>3550308005242</td>
</tr><tr bgcolor="#E3E3F3">
<th>eq_cd_dist</th>
<td>61</td>
</tr><tr bgcolor="">
<th>eq_distr</th>
<td>PERUS</td>
</tr><tr bgcolor="#E3E3F3">
<th>eq_cd_subp</th>
<td>1</td>
</tr><tr bgcolor="">
<th>eq_subpref</th>
<td>PERUS</td>
</tr><tr bgcolor="#E3E3F3">
<th>eq_regiao5</th>
<td>Norte</td>
</tr><tr bgcolor="">
<th>eq_regiao8</th>
<td>Norte 2</td>
</tr><tr bgcolor="#E3E3F3">
<th>eq_ender</th>
<td>BERNARDO JOSE DE LORENA</td>
</tr><tr bgcolor="">
<th>eq_num</th>
<td>SN</td>
</tr><tr bgcolor="#E3E3F3">
<th>eq_compend</th>
<td>RUA</td>
</tr><tr bgcolor="">
<th>eq_codcep</th>
<td>05203000</td>
</tr><tr bgcolor="#E3E3F3">
<th>eq_fone1</th>
<td>00</td>
</tr><tr bgcolor="">
<th>eq_fone2</th>
<td></td>
</tr><tr bgcolor="#E3E3F3">
<th>eq_email</th>
<td></td>
</tr><tr bgcolor="">
<th>eq_cd_dirt</th>
<td>10101</td>
</tr><tr bgcolor="#E3E3F3">
<th>eq_diretor</th>
<td>NORTE 1</td>
</tr><tr bgcolor="">
<th>eq_dre</th>
<td>PIRITUBA</td>
</tr><tr bgcolor="#E3E3F3">
<th>eq_cd_zona</th>
<td></td>
</tr><tr bgcolor="">
<th>eq_zona</th>
<td></td>
</tr><tr bgcolor="#E3E3F3">
<th>eq_cd_mec</th>
<td>35455465</td>
</tr><tr bgcolor="">
<th>eq_esfera</th>
<td>MUNICIPAL</td>
</tr><tr bgcolor="#E3E3F3">
<th>eq_cd_catg</th>
<td>1</td>
</tr><tr bgcolor="">
<th>eq_categor</th>
<td>ESCOLAS AUTONOMAS</td>
</tr><tr bgcolor="#E3E3F3">
<th>eq_eol</th>
<td>35455465</td>
</tr><tr bgcolor="">
<th>eq_horario</th>
<td>07:00-21:15</td>
</tr></table></center>]]></description>
			<styleUrl>#m_ylw-pushpin</styleUrl>
			<ExtendedData>
				<SchemaData schemaUrl="#kml_schema_ft_LL_WGS84_KMZ_TEMA_EDUCACAO_CEU">
					<SimpleData name="eq_id">5647</SimpleData>
					<SimpleData name="eq_nome">CEU AT COMPL PERUS</SimpleData>
					<SimpleData name="eq_enderec">BERNARDO JOSE DE LORENA SN</SimpleData>
					<SimpleData name="eq_bairro">VILA FANTON</SimpleData>
					<SimpleData name="eq_cep">05203000</SimpleData>
					<SimpleData name="eq_tipo">CEU AT COM</SimpleData>
					<SimpleData name="eq_classe">CEU</SimpleData>
					<SimpleData name="eq_telefon">00 /</SimpleData>
					<SimpleData name="eq_setor">355030861000001</SimpleData>
					<SimpleData name="eq_areap">3550308005242</SimpleData>
					<SimpleData name="eq_cd_dist">61</SimpleData>
					<SimpleData name="eq_distr">PERUS</SimpleData>
					<SimpleData name="eq_cd_subp">1</SimpleData>
					<SimpleData name="eq_subpref">PERUS</SimpleData>
					<SimpleData name="eq_regiao5">Norte</SimpleData>
					<SimpleData name="eq_regiao8">Norte 2</SimpleData>
					<SimpleData name="eq_ender">BERNARDO JOSE DE LORENA</SimpleData>
					<SimpleData name="eq_num">SN</SimpleData>
					<SimpleData name="eq_compend">RUA</SimpleData>
					<SimpleData name="eq_codcep">05203000</SimpleData>
					<SimpleData name="eq_fone1">00</SimpleData>
					<SimpleData name="eq_cd_dirt">10101</SimpleData>
					<SimpleData name="eq_diretor">NORTE 1</SimpleData>
					<SimpleData name="eq_dre">PIRITUBA</SimpleData>
					<SimpleData name="eq_cd_mec">35455465</SimpleData>
					<SimpleData name="eq_esfera">MUNICIPAL</SimpleData>
					<SimpleData name="eq_cd_catg">1</SimpleData>
					<SimpleData name="eq_categor">ESCOLAS AUTONOMAS</SimpleData>
					<SimpleData name="eq_eol">35455465</SimpleData>
					<SimpleData name="eq_horario">07:00-21:15</SimpleData>
				</SchemaData>
			</ExtendedData>
			<Point>
				<coordinates>-46.7498060004998,-23.4063230008763,0</coordinates>
			</Point>
		</Placemark>
		<Placemark id="kml_148">
			<name>kml_148</name>
			<snippet></snippet>
			<description><![CDATA[<center><table><tr><th colspan='2' align='center'><em>Attributes</em></th></tr><tr bgcolor="#E3E3F3">
<th>eq_id</th>
<td>5648</td>
</tr><tr bgcolor="">
<th>eq_nome</th>
<td>CEU AT COMPL INACIO MONTEIRO</td>
</tr><tr bgcolor="#E3E3F3">
<th>eq_enderec</th>
<td>BARROSO DO AMAZONAS BARAO 10</td>
</tr><tr bgcolor="">
<th>eq_bairro</th>
<td>CONJUNTO HABITACIONAL INACIO MONTEIRO</td>
</tr><tr bgcolor="#E3E3F3">
<th>eq_cep</th>
<td>08472000</td>
</tr><tr bgcolor="">
<th>eq_tipo</th>
<td>CEU AT COM</td>
</tr><tr bgcolor="#E3E3F3">
<th>eq_classe</th>
<td>CEU</td>
</tr><tr bgcolor="">
<th>eq_telefon</th>
<td>00 / </td>
</tr><tr bgcolor="#E3E3F3">
<th>eq_setor</th>
<td>355030825000247</td>
</tr><tr bgcolor="">
<th>eq_areap</th>
<td>3550308005269</td>
</tr><tr bgcolor="#E3E3F3">
<th>eq_cd_dist</th>
<td>25</td>
</tr><tr bgcolor="">
<th>eq_distr</th>
<td>CIDADE TIRADENTES</td>
</tr><tr bgcolor="#E3E3F3">
<th>eq_cd_subp</th>
<td>31</td>
</tr><tr bgcolor="">
<th>eq_subpref</th>
<td>CIDADE TIRADENTES</td>
</tr><tr bgcolor="#E3E3F3">
<th>eq_regiao5</th>
<td>Leste</td>
</tr><tr bgcolor="">
<th>eq_regiao8</th>
<td>Leste 2</td>
</tr><tr bgcolor="#E3E3F3">
<th>eq_ender</th>
<td>BARROSO DO AMAZONAS BARAO</td>
</tr><tr bgcolor="">
<th>eq_num</th>
<td>10</td>
</tr><tr bgcolor="#E3E3F3">
<th>eq_compend</th>
<td>RUA</td>
</tr><tr bgcolor="">
<th>eq_codcep</th>
<td>08472000</td>
</tr><tr bgcolor="#E3E3F3">
<th>eq_fone1</th>
<td>00</td>
</tr><tr bgcolor="">
<th>eq_fone2</th>
<td></td>
</tr><tr bgcolor="#E3E3F3">
<th>eq_email</th>
<td></td>
</tr><tr bgcolor="">
<th>eq_cd_dirt</th>
<td>10211</td>
</tr><tr bgcolor="#E3E3F3">
<th>eq_diretor</th>
<td>LESTE 3</td>
</tr><tr bgcolor="">
<th>eq_dre</th>
<td>GUAIANASES</td>
</tr><tr bgcolor="#E3E3F3">
<th>eq_cd_zona</th>
<td></td>
</tr><tr bgcolor="">
<th>eq_zona</th>
<td></td>
</tr><tr bgcolor="#E3E3F3">
<th>eq_cd_mec</th>
<td>35455477</td>
</tr><tr bgcolor="">
<th>eq_esfera</th>
<td>MUNICIPAL</td>
</tr><tr bgcolor="#E3E3F3">
<th>eq_cd_catg</th>
<td>1</td>
</tr><tr bgcolor="">
<th>eq_categor</th>
<td>ESCOLAS AUTONOMAS</td>
</tr><tr bgcolor="#E3E3F3">
<th>eq_eol</th>
<td>35455477</td>
</tr><tr bgcolor="">
<th>eq_horario</th>
<td>06:55-23:00</td>
</tr></table></center>]]></description>
			<styleUrl>#m_ylw-pushpin</styleUrl>
			<ExtendedData>
				<SchemaData schemaUrl="#kml_schema_ft_LL_WGS84_KMZ_TEMA_EDUCACAO_CEU">
					<SimpleData name="eq_id">5648</SimpleData>
					<SimpleData name="eq_nome">CEU AT COMPL INACIO MONTEIRO</SimpleData>
					<SimpleData name="eq_enderec">BARROSO DO AMAZONAS BARAO 10</SimpleData>
					<SimpleData name="eq_bairro">CONJUNTO HABITACIONAL INACIO MONTEIRO</SimpleData>
					<SimpleData name="eq_cep">08472000</SimpleData>
					<SimpleData name="eq_tipo">CEU AT COM</SimpleData>
					<SimpleData name="eq_classe">CEU</SimpleData>
					<SimpleData name="eq_telefon">00 /</SimpleData>
					<SimpleData name="eq_setor">355030825000247</SimpleData>
					<SimpleData name="eq_areap">3550308005269</SimpleData>
					<SimpleData name="eq_cd_dist">25</SimpleData>
					<SimpleData name="eq_distr">CIDADE TIRADENTES</SimpleData>
					<SimpleData name="eq_cd_subp">31</SimpleData>
					<SimpleData name="eq_subpref">CIDADE TIRADENTES</SimpleData>
					<SimpleData name="eq_regiao5">Leste</SimpleData>
					<SimpleData name="eq_regiao8">Leste 2</SimpleData>
					<SimpleData name="eq_ender">BARROSO DO AMAZONAS BARAO</SimpleData>
					<SimpleData name="eq_num">10</SimpleData>
					<SimpleData name="eq_compend">RUA</SimpleData>
					<SimpleData name="eq_codcep">08472000</SimpleData>
					<SimpleData name="eq_fone1">00</SimpleData>
					<SimpleData name="eq_cd_dirt">10211</SimpleData>
					<SimpleData name="eq_diretor">LESTE 3</SimpleData>
					<SimpleData name="eq_dre">GUAIANASES</SimpleData>
					<SimpleData name="eq_cd_mec">35455477</SimpleData>
					<SimpleData name="eq_esfera">MUNICIPAL</SimpleData>
					<SimpleData name="eq_cd_catg">1</SimpleData>
					<SimpleData name="eq_categor">ESCOLAS AUTONOMAS</SimpleData>
					<SimpleData name="eq_eol">35455477</SimpleData>
					<SimpleData name="eq_horario">06:55-23:00</SimpleData>
				</SchemaData>
			</ExtendedData>
			<Point>
				<coordinates>-46.4114350001828,-23.5692490025512,0</coordinates>
			</Point>
		</Placemark>
		<Placemark id="kml_149">
			<name>kml_149</name>
			<snippet></snippet>
			<description><![CDATA[<center><table><tr><th colspan='2' align='center'><em>Attributes</em></th></tr><tr bgcolor="#E3E3F3">
<th>eq_id</th>
<td>5649</td>
</tr><tr bgcolor="">
<th>eq_nome</th>
<td>CEU AT COMPL LAJEADO</td>
</tr><tr bgcolor="#E3E3F3">
<th>eq_enderec</th>
<td>MANUEL DA MOTA COUTINHO 294</td>
</tr><tr bgcolor="">
<th>eq_bairro</th>
<td>LAJEADO</td>
</tr><tr bgcolor="#E3E3F3">
<th>eq_cep</th>
<td>08451000</td>
</tr><tr bgcolor="">
<th>eq_tipo</th>
<td>CEU AT COM</td>
</tr><tr bgcolor="#E3E3F3">
<th>eq_classe</th>
<td>CEU</td>
</tr><tr bgcolor="">
<th>eq_telefon</th>
<td>00 / </td>
</tr><tr bgcolor="#E3E3F3">
<th>eq_setor</th>
<td>355030896000087</td>
</tr><tr bgcolor="">
<th>eq_areap</th>
<td>3550308005260</td>
</tr><tr bgcolor="#E3E3F3">
<th>eq_cd_dist</th>
<td>96</td>
</tr><tr bgcolor="">
<th>eq_distr</th>
<td>LAJEADO</td>
</tr><tr bgcolor="#E3E3F3">
<th>eq_cd_subp</th>
<td>28</td>
</tr><tr bgcolor="">
<th>eq_subpref</th>
<td>GUAIANASES</td>
</tr><tr bgcolor="#E3E3F3">
<th>eq_regiao5</th>
<td>Leste</td>
</tr><tr bgcolor="">
<th>eq_regiao8</th>
<td>Leste 2</td>
</tr><tr bgcolor="#E3E3F3">
<th>eq_ender</th>
<td>MANUEL DA MOTA COUTINHO</td>
</tr><tr bgcolor="">
<th>eq_num</th>
<td>294</td>
</tr><tr bgcolor="#E3E3F3">
<th>eq_compend</th>
<td>RUA</td>
</tr><tr bgcolor="">
<th>eq_codcep</th>
<td>08451000</td>
</tr><tr bgcolor="#E3E3F3">
<th>eq_fone1</th>
<td>00</td>
</tr><tr bgcolor="">
<th>eq_fone2</th>
<td></td>
</tr><tr bgcolor="#E3E3F3">
<th>eq_email</th>
<td></td>
</tr><tr bgcolor="">
<th>eq_cd_dirt</th>
<td>10210</td>
</tr><tr bgcolor="#E3E3F3">
<th>eq_diretor</th>
<td>LESTE 2</td>
</tr><tr bgcolor="">
<th>eq_dre</th>
<td>GUAIANASES</td>
</tr><tr bgcolor="#E3E3F3">
<th>eq_cd_zona</th>
<td></td>
</tr><tr bgcolor="">
<th>eq_zona</th>
<td></td>
</tr><tr bgcolor="#E3E3F3">
<th>eq_cd_mec</th>
<td>35455507</td>
</tr><tr bgcolor="">
<th>eq_esfera</th>
<td>MUNICIPAL</td>
</tr><tr bgcolor="#E3E3F3">
<th>eq_cd_catg</th>
<td>1</td>
</tr><tr bgcolor="">
<th>eq_categor</th>
<td>ESCOLAS AUTONOMAS</td>
</tr><tr bgcolor="#E3E3F3">
<th>eq_eol</th>
<td>35455507</td>
</tr><tr bgcolor="">
<th>eq_horario</th>
<td></td>
</tr></table></center>]]></description>
			<styleUrl>#m_ylw-pushpin</styleUrl>
			<ExtendedData>
				<SchemaData schemaUrl="#kml_schema_ft_LL_WGS84_KMZ_TEMA_EDUCACAO_CEU">
					<SimpleData name="eq_id">5649</SimpleData>
					<SimpleData name="eq_nome">CEU AT COMPL LAJEADO</SimpleData>
					<SimpleData name="eq_enderec">MANUEL DA MOTA COUTINHO 294</SimpleData>
					<SimpleData name="eq_bairro">LAJEADO</SimpleData>
					<SimpleData name="eq_cep">08451000</SimpleData>
					<SimpleData name="eq_tipo">CEU AT COM</SimpleData>
					<SimpleData name="eq_classe">CEU</SimpleData>
					<SimpleData name="eq_telefon">00 /</SimpleData>
					<SimpleData name="eq_setor">355030896000087</SimpleData>
					<SimpleData name="eq_areap">3550308005260</SimpleData>
					<SimpleData name="eq_cd_dist">96</SimpleData>
					<SimpleData name="eq_distr">LAJEADO</SimpleData>
					<SimpleData name="eq_cd_subp">28</SimpleData>
					<SimpleData name="eq_subpref">GUAIANASES</SimpleData>
					<SimpleData name="eq_regiao5">Leste</SimpleData>
					<SimpleData name="eq_regiao8">Leste 2</SimpleData>
					<SimpleData name="eq_ender">MANUEL DA MOTA COUTINHO</SimpleData>
					<SimpleData name="eq_num">294</SimpleData>
					<SimpleData name="eq_compend">RUA</SimpleData>
					<SimpleData name="eq_codcep">08451000</SimpleData>
					<SimpleData name="eq_fone1">00</SimpleData>
					<SimpleData name="eq_cd_dirt">10210</SimpleData>
					<SimpleData name="eq_diretor">LESTE 2</SimpleData>
					<SimpleData name="eq_dre">GUAIANASES</SimpleData>
					<SimpleData name="eq_cd_mec">35455507</SimpleData>
					<SimpleData name="eq_esfera">MUNICIPAL</SimpleData>
					<SimpleData name="eq_cd_catg">1</SimpleData>
					<SimpleData name="eq_categor">ESCOLAS AUTONOMAS</SimpleData>
					<SimpleData name="eq_eol">35455507</SimpleData>
				</SchemaData>
			</ExtendedData>
			<Point>
				<coordinates>-46.3991809999697,-23.5456800023259,0</coordinates>
			</Point>
		</Placemark>
		<Placemark id="kml_150">
			<name>kml_150</name>
			<snippet></snippet>
			<description><![CDATA[<center><table><tr><th colspan='2' align='center'><em>Attributes</em></th></tr><tr bgcolor="#E3E3F3">
<th>eq_id</th>
<td>5650</td>
</tr><tr bgcolor="">
<th>eq_nome</th>
<td>CEU AT COMPL PARQUE BRISTOL</td>
</tr><tr bgcolor="#E3E3F3">
<th>eq_enderec</th>
<td>RUA PROFESSOR ARTUR PRIMAVESI SN</td>
</tr><tr bgcolor="">
<th>eq_bairro</th>
<td>PARQUE BRISTOL</td>
</tr><tr bgcolor="#E3E3F3">
<th>eq_cep</th>
<td>04177000</td>
</tr><tr bgcolor="">
<th>eq_tipo</th>
<td>CEU AT COM</td>
</tr><tr bgcolor="#E3E3F3">
<th>eq_classe</th>
<td>CEU</td>
</tr><tr bgcolor="">
<th>eq_telefon</th>
<td>00 / </td>
</tr><tr bgcolor="#E3E3F3">
<th>eq_setor</th>
<td>355030868000191</td>
</tr><tr bgcolor="">
<th>eq_areap</th>
<td>3550308005088</td>
</tr><tr bgcolor="#E3E3F3">
<th>eq_cd_dist</th>
<td>68</td>
</tr><tr bgcolor="">
<th>eq_distr</th>
<td>SACOMA</td>
</tr><tr bgcolor="#E3E3F3">
<th>eq_cd_subp</th>
<td>13</td>
</tr><tr bgcolor="">
<th>eq_subpref</th>
<td>IPIRANGA</td>
</tr><tr bgcolor="#E3E3F3">
<th>eq_regiao5</th>
<td>Sul</td>
</tr><tr bgcolor="">
<th>eq_regiao8</th>
<td>Sul 1</td>
</tr><tr bgcolor="#E3E3F3">
<th>eq_ender</th>
<td>RUA PROFESSOR ARTUR PRIMAVESI</td>
</tr><tr bgcolor="">
<th>eq_num</th>
<td>SN</td>
</tr><tr bgcolor="#E3E3F3">
<th>eq_compend</th>
<td>RUA</td>
</tr><tr bgcolor="">
<th>eq_codcep</th>
<td>04177000</td>
</tr><tr bgcolor="#E3E3F3">
<th>eq_fone1</th>
<td>00</td>
</tr><tr bgcolor="">
<th>eq_fone2</th>
<td></td>
</tr><tr bgcolor="#E3E3F3">
<th>eq_email</th>
<td></td>
</tr><tr bgcolor="">
<th>eq_cd_dirt</th>
<td>10316</td>
</tr><tr bgcolor="#E3E3F3">
<th>eq_diretor</th>
<td>CENTRO SUL</td>
</tr><tr bgcolor="">
<th>eq_dre</th>
<td>IPIRANGA</td>
</tr><tr bgcolor="#E3E3F3">
<th>eq_cd_zona</th>
<td></td>
</tr><tr bgcolor="">
<th>eq_zona</th>
<td></td>
</tr><tr bgcolor="#E3E3F3">
<th>eq_cd_mec</th>
<td>35455519</td>
</tr><tr bgcolor="">
<th>eq_esfera</th>
<td>MUNICIPAL</td>
</tr><tr bgcolor="#E3E3F3">
<th>eq_cd_catg</th>
<td>1</td>
</tr><tr bgcolor="">
<th>eq_categor</th>
<td>ESCOLAS AUTONOMAS</td>
</tr><tr bgcolor="#E3E3F3">
<th>eq_eol</th>
<td>35455519</td>
</tr><tr bgcolor="">
<th>eq_horario</th>
<td></td>
</tr></table></center>]]></description>
			<styleUrl>#m_ylw-pushpin</styleUrl>
			<ExtendedData>
				<SchemaData schemaUrl="#kml_schema_ft_LL_WGS84_KMZ_TEMA_EDUCACAO_CEU">
					<SimpleData name="eq_id">5650</SimpleData>
					<SimpleData name="eq_nome">CEU AT COMPL PARQUE BRISTOL</SimpleData>
					<SimpleData name="eq_enderec">RUA PROFESSOR ARTUR PRIMAVESI SN</SimpleData>
					<SimpleData name="eq_bairro">PARQUE BRISTOL</SimpleData>
					<SimpleData name="eq_cep">04177000</SimpleData>
					<SimpleData name="eq_tipo">CEU AT COM</SimpleData>
					<SimpleData name="eq_classe">CEU</SimpleData>
					<SimpleData name="eq_telefon">00 /</SimpleData>
					<SimpleData name="eq_setor">355030868000191</SimpleData>
					<SimpleData name="eq_areap">3550308005088</SimpleData>
					<SimpleData name="eq_cd_dist">68</SimpleData>
					<SimpleData name="eq_distr">SACOMA</SimpleData>
					<SimpleData name="eq_cd_subp">13</SimpleData>
					<SimpleData name="eq_subpref">IPIRANGA</SimpleData>
					<SimpleData name="eq_regiao5">Sul</SimpleData>
					<SimpleData name="eq_regiao8">Sul 1</SimpleData>
					<SimpleData name="eq_ender">RUA PROFESSOR ARTUR PRIMAVESI</SimpleData>
					<SimpleData name="eq_num">SN</SimpleData>
					<SimpleData name="eq_compend">RUA</SimpleData>
					<SimpleData name="eq_codcep">04177000</SimpleData>
					<SimpleData name="eq_fone1">00</SimpleData>
					<SimpleData name="eq_cd_dirt">10316</SimpleData>
					<SimpleData name="eq_diretor">CENTRO SUL</SimpleData>
					<SimpleData name="eq_dre">IPIRANGA</SimpleData>
					<SimpleData name="eq_cd_mec">35455519</SimpleData>
					<SimpleData name="eq_esfera">MUNICIPAL</SimpleData>
					<SimpleData name="eq_cd_catg">1</SimpleData>
					<SimpleData name="eq_categor">ESCOLAS AUTONOMAS</SimpleData>
					<SimpleData name="eq_eol">35455519</SimpleData>
				</SchemaData>
			</ExtendedData>
			<Point>
				<coordinates>-46.61037399948449,-23.6438079974008,0</coordinates>
			</Point>
		</Placemark>
		<Placemark id="kml_151">
			<name>kml_151</name>
			<snippet></snippet>
			<description><![CDATA[<center><table><tr><th colspan='2' align='center'><em>Attributes</em></th></tr><tr bgcolor="#E3E3F3">
<th>eq_id</th>
<td>5651</td>
</tr><tr bgcolor="">
<th>eq_nome</th>
<td>CEU AT COMPL JAGUARE - HENRIQUE GAMBA PROF</td>
</tr><tr bgcolor="#E3E3F3">
<th>eq_enderec</th>
<td>KENKITI SIMOMOTO 80</td>
</tr><tr bgcolor="">
<th>eq_bairro</th>
<td>JAGUARE</td>
</tr><tr bgcolor="#E3E3F3">
<th>eq_cep</th>
<td>05347000</td>
</tr><tr bgcolor="">
<th>eq_tipo</th>
<td>CEU AT COM</td>
</tr><tr bgcolor="#E3E3F3">
<th>eq_classe</th>
<td>CEU</td>
</tr><tr bgcolor="">
<th>eq_telefon</th>
<td>00 / </td>
</tr><tr bgcolor="#E3E3F3">
<th>eq_setor</th>
<td>355030841000025</td>
</tr><tr bgcolor="">
<th>eq_areap</th>
<td>3550308005108</td>
</tr><tr bgcolor="#E3E3F3">
<th>eq_cd_dist</th>
<td>41</td>
</tr><tr bgcolor="">
<th>eq_distr</th>
<td>JAGUARE</td>
</tr><tr bgcolor="#E3E3F3">
<th>eq_cd_subp</th>
<td>8</td>
</tr><tr bgcolor="">
<th>eq_subpref</th>
<td>LAPA</td>
</tr><tr bgcolor="#E3E3F3">
<th>eq_regiao5</th>
<td>Oeste</td>
</tr><tr bgcolor="">
<th>eq_regiao8</th>
<td>Oeste</td>
</tr><tr bgcolor="#E3E3F3">
<th>eq_ender</th>
<td>KENKITI SIMOMOTO</td>
</tr><tr bgcolor="">
<th>eq_num</th>
<td>80</td>
</tr><tr bgcolor="#E3E3F3">
<th>eq_compend</th>
<td>AVENIDA</td>
</tr><tr bgcolor="">
<th>eq_codcep</th>
<td>05347000</td>
</tr><tr bgcolor="#E3E3F3">
<th>eq_fone1</th>
<td>00</td>
</tr><tr bgcolor="">
<th>eq_fone2</th>
<td></td>
</tr><tr bgcolor="#E3E3F3">
<th>eq_email</th>
<td></td>
</tr><tr bgcolor="">
<th>eq_cd_dirt</th>
<td>10312</td>
</tr><tr bgcolor="#E3E3F3">
<th>eq_diretor</th>
<td>CENTRO OESTE</td>
</tr><tr bgcolor="">
<th>eq_dre</th>
<td>PIRITUBA</td>
</tr><tr bgcolor="#E3E3F3">
<th>eq_cd_zona</th>
<td></td>
</tr><tr bgcolor="">
<th>eq_zona</th>
<td></td>
</tr><tr bgcolor="#E3E3F3">
<th>eq_cd_mec</th>
<td>35455520</td>
</tr><tr bgcolor="">
<th>eq_esfera</th>
<td>MUNICIPAL</td>
</tr><tr bgcolor="#E3E3F3">
<th>eq_cd_catg</th>
<td>1</td>
</tr><tr bgcolor="">
<th>eq_categor</th>
<td>ESCOLAS AUTONOMAS</td>
</tr><tr bgcolor="#E3E3F3">
<th>eq_eol</th>
<td>35455520</td>
</tr><tr bgcolor="">
<th>eq_horario</th>
<td>07:00-21:30</td>
</tr></table></center>]]></description>
			<styleUrl>#m_ylw-pushpin</styleUrl>
			<ExtendedData>
				<SchemaData schemaUrl="#kml_schema_ft_LL_WGS84_KMZ_TEMA_EDUCACAO_CEU">
					<SimpleData name="eq_id">5651</SimpleData>
					<SimpleData name="eq_nome">CEU AT COMPL JAGUARE - HENRIQUE GAMBA PROF</SimpleData>
					<SimpleData name="eq_enderec">KENKITI SIMOMOTO 80</SimpleData>
					<SimpleData name="eq_bairro">JAGUARE</SimpleData>
					<SimpleData name="eq_cep">05347000</SimpleData>
					<SimpleData name="eq_tipo">CEU AT COM</SimpleData>
					<SimpleData name="eq_classe">CEU</SimpleData>
					<SimpleData name="eq_telefon">00 /</SimpleData>
					<SimpleData name="eq_setor">355030841000025</SimpleData>
					<SimpleData name="eq_areap">3550308005108</SimpleData>
					<SimpleData name="eq_cd_dist">41</SimpleData>
					<SimpleData name="eq_distr">JAGUARE</SimpleData>
					<SimpleData name="eq_cd_subp">8</SimpleData>
					<SimpleData name="eq_subpref">LAPA</SimpleData>
					<SimpleData name="eq_regiao5">Oeste</SimpleData>
					<SimpleData name="eq_regiao8">Oeste</SimpleData>
					<SimpleData name="eq_ender">KENKITI SIMOMOTO</SimpleData>
					<SimpleData name="eq_num">80</SimpleData>
					<SimpleData name="eq_compend">AVENIDA</SimpleData>
					<SimpleData name="eq_codcep">05347000</SimpleData>
					<SimpleData name="eq_fone1">00</SimpleData>
					<SimpleData name="eq_cd_dirt">10312</SimpleData>
					<SimpleData name="eq_diretor">CENTRO OESTE</SimpleData>
					<SimpleData name="eq_dre">PIRITUBA</SimpleData>
					<SimpleData name="eq_cd_mec">35455520</SimpleData>
					<SimpleData name="eq_esfera">MUNICIPAL</SimpleData>
					<SimpleData name="eq_cd_catg">1</SimpleData>
					<SimpleData name="eq_categor">ESCOLAS AUTONOMAS</SimpleData>
					<SimpleData name="eq_eol">35455520</SimpleData>
					<SimpleData name="eq_horario">07:00-21:30</SimpleData>
				</SchemaData>
			</ExtendedData>
			<Point>
				<coordinates>-46.7383160004634,-23.5497740023093,0</coordinates>
			</Point>
		</Placemark>
		<Placemark id="kml_152">
			<name>kml_152</name>
			<snippet></snippet>
			<description><![CDATA[<center><table><tr><th colspan='2' align='center'><em>Attributes</em></th></tr><tr bgcolor="#E3E3F3">
<th>eq_id</th>
<td>5652</td>
</tr><tr bgcolor="">
<th>eq_nome</th>
<td>CEU AT COMPL CIDADE DUTRA - ADIB SALOMAO DR</td>
</tr><tr bgcolor="#E3E3F3">
<th>eq_enderec</th>
<td>INTERLAGOS 7350</td>
</tr><tr bgcolor="">
<th>eq_bairro</th>
<td>INTERLAGOS</td>
</tr><tr bgcolor="#E3E3F3">
<th>eq_cep</th>
<td>04777000</td>
</tr><tr bgcolor="">
<th>eq_tipo</th>
<td>CEU AT COM</td>
</tr><tr bgcolor="#E3E3F3">
<th>eq_classe</th>
<td>CEU</td>
</tr><tr bgcolor="">
<th>eq_telefon</th>
<td>1156681952 / 1156681955</td>
</tr><tr bgcolor="#E3E3F3">
<th>eq_setor</th>
<td>355030823000169</td>
</tr><tr bgcolor="">
<th>eq_areap</th>
<td>3550308005287</td>
</tr><tr bgcolor="#E3E3F3">
<th>eq_cd_dist</th>
<td>23</td>
</tr><tr bgcolor="">
<th>eq_distr</th>
<td>CIDADE DUTRA</td>
</tr><tr bgcolor="#E3E3F3">
<th>eq_cd_subp</th>
<td>19</td>
</tr><tr bgcolor="">
<th>eq_subpref</th>
<td>CAPELA DO SOCORRO</td>
</tr><tr bgcolor="#E3E3F3">
<th>eq_regiao5</th>
<td>Sul</td>
</tr><tr bgcolor="">
<th>eq_regiao8</th>
<td>Sul 2</td>
</tr><tr bgcolor="#E3E3F3">
<th>eq_ender</th>
<td>INTERLAGOS</td>
</tr><tr bgcolor="">
<th>eq_num</th>
<td>7350</td>
</tr><tr bgcolor="#E3E3F3">
<th>eq_compend</th>
<td>AVENIDA</td>
</tr><tr bgcolor="">
<th>eq_codcep</th>
<td>04777000</td>
</tr><tr bgcolor="#E3E3F3">
<th>eq_fone1</th>
<td>1156681952</td>
</tr><tr bgcolor="">
<th>eq_fone2</th>
<td>1156681955</td>
</tr><tr bgcolor="#E3E3F3">
<th>eq_email</th>
<td>SMECEUCDEDUTRA@SME.PREFEITURA.SP.GOV.BR</td>
</tr><tr bgcolor="">
<th>eq_cd_dirt</th>
<td>10318</td>
</tr><tr bgcolor="#E3E3F3">
<th>eq_diretor</th>
<td>SUL 3</td>
</tr><tr bgcolor="">
<th>eq_dre</th>
<td>CAPELA DO SOCORRO</td>
</tr><tr bgcolor="#E3E3F3">
<th>eq_cd_zona</th>
<td></td>
</tr><tr bgcolor="">
<th>eq_zona</th>
<td></td>
</tr><tr bgcolor="#E3E3F3">
<th>eq_cd_mec</th>
<td>35455532</td>
</tr><tr bgcolor="">
<th>eq_esfera</th>
<td>MUNICIPAL</td>
</tr><tr bgcolor="#E3E3F3">
<th>eq_cd_catg</th>
<td>1</td>
</tr><tr bgcolor="">
<th>eq_categor</th>
<td>ESCOLAS AUTONOMAS</td>
</tr><tr bgcolor="#E3E3F3">
<th>eq_eol</th>
<td>35455532</td>
</tr><tr bgcolor="">
<th>eq_horario</th>
<td>08:00-18:30</td>
</tr></table></center>]]></description>
			<styleUrl>#m_ylw-pushpin</styleUrl>
			<ExtendedData>
				<SchemaData schemaUrl="#kml_schema_ft_LL_WGS84_KMZ_TEMA_EDUCACAO_CEU">
					<SimpleData name="eq_id">5652</SimpleData>
					<SimpleData name="eq_nome">CEU AT COMPL CIDADE DUTRA - ADIB SALOMAO DR</SimpleData>
					<SimpleData name="eq_enderec">INTERLAGOS 7350</SimpleData>
					<SimpleData name="eq_bairro">INTERLAGOS</SimpleData>
					<SimpleData name="eq_cep">04777000</SimpleData>
					<SimpleData name="eq_tipo">CEU AT COM</SimpleData>
					<SimpleData name="eq_classe">CEU</SimpleData>
					<SimpleData name="eq_telefon">1156681952 / 1156681955</SimpleData>
					<SimpleData name="eq_setor">355030823000169</SimpleData>
					<SimpleData name="eq_areap">3550308005287</SimpleData>
					<SimpleData name="eq_cd_dist">23</SimpleData>
					<SimpleData name="eq_distr">CIDADE DUTRA</SimpleData>
					<SimpleData name="eq_cd_subp">19</SimpleData>
					<SimpleData name="eq_subpref">CAPELA DO SOCORRO</SimpleData>
					<SimpleData name="eq_regiao5">Sul</SimpleData>
					<SimpleData name="eq_regiao8">Sul 2</SimpleData>
					<SimpleData name="eq_ender">INTERLAGOS</SimpleData>
					<SimpleData name="eq_num">7350</SimpleData>
					<SimpleData name="eq_compend">AVENIDA</SimpleData>
					<SimpleData name="eq_codcep">04777000</SimpleData>
					<SimpleData name="eq_fone1">1156681952</SimpleData>
					<SimpleData name="eq_fone2">1156681955</SimpleData>
					<SimpleData name="eq_email">SMECEUCDEDUTRA@SME.PREFEITURA.SP.GOV.BR</SimpleData>
					<SimpleData name="eq_cd_dirt">10318</SimpleData>
					<SimpleData name="eq_diretor">SUL 3</SimpleData>
					<SimpleData name="eq_dre">CAPELA DO SOCORRO</SimpleData>
					<SimpleData name="eq_cd_mec">35455532</SimpleData>
					<SimpleData name="eq_esfera">MUNICIPAL</SimpleData>
					<SimpleData name="eq_cd_catg">1</SimpleData>
					<SimpleData name="eq_categor">ESCOLAS AUTONOMAS</SimpleData>
					<SimpleData name="eq_eol">35455532</SimpleData>
					<SimpleData name="eq_horario">08:00-18:30</SimpleData>
				</SchemaData>
			</ExtendedData>
			<Point>
				<coordinates>-46.7046609994965,-23.7109099984222,0</coordinates>
			</Point>
		</Placemark>
		<Placemark id="kml_153">
			<name>kml_153</name>
			<snippet></snippet>
			<description><![CDATA[<center><table><tr><th colspan='2' align='center'><em>Attributes</em></th></tr><tr bgcolor="#E3E3F3">
<th>eq_id</th>
<td>5653</td>
</tr><tr bgcolor="">
<th>eq_nome</th>
<td>CEU AT COMPL CANTOS DO AMANHECER</td>
</tr><tr bgcolor="#E3E3F3">
<th>eq_enderec</th>
<td>CANTOS DO AMANHECER 10</td>
</tr><tr bgcolor="">
<th>eq_bairro</th>
<td>JARDIM ELEDY</td>
</tr><tr bgcolor="#E3E3F3">
<th>eq_cep</th>
<td>05856000</td>
</tr><tr bgcolor="">
<th>eq_tipo</th>
<td>CEU AT COM</td>
</tr><tr bgcolor="#E3E3F3">
<th>eq_classe</th>
<td>CEU</td>
</tr><tr bgcolor="">
<th>eq_telefon</th>
<td>00 / </td>
</tr><tr bgcolor="#E3E3F3">
<th>eq_setor</th>
<td>355030817000183</td>
</tr><tr bgcolor="">
<th>eq_areap</th>
<td>3550308005236</td>
</tr><tr bgcolor="#E3E3F3">
<th>eq_cd_dist</th>
<td>17</td>
</tr><tr bgcolor="">
<th>eq_distr</th>
<td>CAMPO LIMPO</td>
</tr><tr bgcolor="#E3E3F3">
<th>eq_cd_subp</th>
<td>17</td>
</tr><tr bgcolor="">
<th>eq_subpref</th>
<td>CAMPO LIMPO</td>
</tr><tr bgcolor="#E3E3F3">
<th>eq_regiao5</th>
<td>Sul</td>
</tr><tr bgcolor="">
<th>eq_regiao8</th>
<td>Sul 2</td>
</tr><tr bgcolor="#E3E3F3">
<th>eq_ender</th>
<td>CANTOS DO AMANHECER</td>
</tr><tr bgcolor="">
<th>eq_num</th>
<td>10</td>
</tr><tr bgcolor="#E3E3F3">
<th>eq_compend</th>
<td>AVENIDA</td>
</tr><tr bgcolor="">
<th>eq_codcep</th>
<td>05856000</td>
</tr><tr bgcolor="#E3E3F3">
<th>eq_fone1</th>
<td>00</td>
</tr><tr bgcolor="">
<th>eq_fone2</th>
<td></td>
</tr><tr bgcolor="#E3E3F3">
<th>eq_email</th>
<td></td>
</tr><tr bgcolor="">
<th>eq_cd_dirt</th>
<td>10317</td>
</tr><tr bgcolor="#E3E3F3">
<th>eq_diretor</th>
<td>SUL 1</td>
</tr><tr bgcolor="">
<th>eq_dre</th>
<td>CAMPO LIMPO</td>
</tr><tr bgcolor="#E3E3F3">
<th>eq_cd_zona</th>
<td></td>
</tr><tr bgcolor="">
<th>eq_zona</th>
<td></td>
</tr><tr bgcolor="#E3E3F3">
<th>eq_cd_mec</th>
<td>35455544</td>
</tr><tr bgcolor="">
<th>eq_esfera</th>
<td>MUNICIPAL</td>
</tr><tr bgcolor="#E3E3F3">
<th>eq_cd_catg</th>
<td>1</td>
</tr><tr bgcolor="">
<th>eq_categor</th>
<td>ESCOLAS AUTONOMAS</td>
</tr><tr bgcolor="#E3E3F3">
<th>eq_eol</th>
<td>35455544</td>
</tr><tr bgcolor="">
<th>eq_horario</th>
<td>08:30-20:00</td>
</tr></table></center>]]></description>
			<styleUrl>#m_ylw-pushpin</styleUrl>
			<ExtendedData>
				<SchemaData schemaUrl="#kml_schema_ft_LL_WGS84_KMZ_TEMA_EDUCACAO_CEU">
					<SimpleData name="eq_id">5653</SimpleData>
					<SimpleData name="eq_nome">CEU AT COMPL CANTOS DO AMANHECER</SimpleData>
					<SimpleData name="eq_enderec">CANTOS DO AMANHECER 10</SimpleData>
					<SimpleData name="eq_bairro">JARDIM ELEDY</SimpleData>
					<SimpleData name="eq_cep">05856000</SimpleData>
					<SimpleData name="eq_tipo">CEU AT COM</SimpleData>
					<SimpleData name="eq_classe">CEU</SimpleData>
					<SimpleData name="eq_telefon">00 /</SimpleData>
					<SimpleData name="eq_setor">355030817000183</SimpleData>
					<SimpleData name="eq_areap">3550308005236</SimpleData>
					<SimpleData name="eq_cd_dist">17</SimpleData>
					<SimpleData name="eq_distr">CAMPO LIMPO</SimpleData>
					<SimpleData name="eq_cd_subp">17</SimpleData>
					<SimpleData name="eq_subpref">CAMPO LIMPO</SimpleData>
					<SimpleData name="eq_regiao5">Sul</SimpleData>
					<SimpleData name="eq_regiao8">Sul 2</SimpleData>
					<SimpleData name="eq_ender">CANTOS DO AMANHECER</SimpleData>
					<SimpleData name="eq_num">10</SimpleData>
					<SimpleData name="eq_compend">AVENIDA</SimpleData>
					<SimpleData name="eq_codcep">05856000</SimpleData>
					<SimpleData name="eq_fone1">00</SimpleData>
					<SimpleData name="eq_cd_dirt">10317</SimpleData>
					<SimpleData name="eq_diretor">SUL 1</SimpleData>
					<SimpleData name="eq_dre">CAMPO LIMPO</SimpleData>
					<SimpleData name="eq_cd_mec">35455544</SimpleData>
					<SimpleData name="eq_esfera">MUNICIPAL</SimpleData>
					<SimpleData name="eq_cd_catg">1</SimpleData>
					<SimpleData name="eq_categor">ESCOLAS AUTONOMAS</SimpleData>
					<SimpleData name="eq_eol">35455544</SimpleData>
					<SimpleData name="eq_horario">08:30-20:00</SimpleData>
				</SchemaData>
			</ExtendedData>
			<Point>
				<coordinates>-46.78560099975449,-23.6490180023461,0</coordinates>
			</Point>
		</Placemark>
		<Placemark id="kml_154">
			<name>kml_154</name>
			<snippet></snippet>
			<description><![CDATA[<center><table><tr><th colspan='2' align='center'><em>Attributes</em></th></tr><tr bgcolor="#E3E3F3">
<th>eq_id</th>
<td>5654</td>
</tr><tr bgcolor="">
<th>eq_nome</th>
<td>CEU AT COMPL AGUA AZUL - PAULO RENATO COSTA SOUZA PROF</td>
</tr><tr bgcolor="#E3E3F3">
<th>eq_enderec</th>
<td>METALURGICOS 1260</td>
</tr><tr bgcolor="">
<th>eq_bairro</th>
<td>CIDADE TIRADENTES</td>
</tr><tr bgcolor="#E3E3F3">
<th>eq_cep</th>
<td>08471000</td>
</tr><tr bgcolor="">
<th>eq_tipo</th>
<td>CEU AT COM</td>
</tr><tr bgcolor="#E3E3F3">
<th>eq_classe</th>
<td>CEU</td>
</tr><tr bgcolor="">
<th>eq_telefon</th>
<td>00 / </td>
</tr><tr bgcolor="#E3E3F3">
<th>eq_setor</th>
<td>355030825000208</td>
</tr><tr bgcolor="">
<th>eq_areap</th>
<td>3550308005272</td>
</tr><tr bgcolor="#E3E3F3">
<th>eq_cd_dist</th>
<td>25</td>
</tr><tr bgcolor="">
<th>eq_distr</th>
<td>CIDADE TIRADENTES</td>
</tr><tr bgcolor="#E3E3F3">
<th>eq_cd_subp</th>
<td>31</td>
</tr><tr bgcolor="">
<th>eq_subpref</th>
<td>CIDADE TIRADENTES</td>
</tr><tr bgcolor="#E3E3F3">
<th>eq_regiao5</th>
<td>Leste</td>
</tr><tr bgcolor="">
<th>eq_regiao8</th>
<td>Leste 2</td>
</tr><tr bgcolor="#E3E3F3">
<th>eq_ender</th>
<td>METALURGICOS</td>
</tr><tr bgcolor="">
<th>eq_num</th>
<td>1260</td>
</tr><tr bgcolor="#E3E3F3">
<th>eq_compend</th>
<td>AVENIDA</td>
</tr><tr bgcolor="">
<th>eq_codcep</th>
<td>08471000</td>
</tr><tr bgcolor="#E3E3F3">
<th>eq_fone1</th>
<td>00</td>
</tr><tr bgcolor="">
<th>eq_fone2</th>
<td></td>
</tr><tr bgcolor="#E3E3F3">
<th>eq_email</th>
<td></td>
</tr><tr bgcolor="">
<th>eq_cd_dirt</th>
<td>10211</td>
</tr><tr bgcolor="#E3E3F3">
<th>eq_diretor</th>
<td>LESTE 3</td>
</tr><tr bgcolor="">
<th>eq_dre</th>
<td>GUAIANASES</td>
</tr><tr bgcolor="#E3E3F3">
<th>eq_cd_zona</th>
<td></td>
</tr><tr bgcolor="">
<th>eq_zona</th>
<td></td>
</tr><tr bgcolor="#E3E3F3">
<th>eq_cd_mec</th>
<td>35455556</td>
</tr><tr bgcolor="">
<th>eq_esfera</th>
<td>MUNICIPAL</td>
</tr><tr bgcolor="#E3E3F3">
<th>eq_cd_catg</th>
<td>1</td>
</tr><tr bgcolor="">
<th>eq_categor</th>
<td>ESCOLAS AUTONOMAS</td>
</tr><tr bgcolor="#E3E3F3">
<th>eq_eol</th>
<td>35455556</td>
</tr><tr bgcolor="">
<th>eq_horario</th>
<td>07:00-21:10</td>
</tr></table></center>]]></description>
			<styleUrl>#m_ylw-pushpin</styleUrl>
			<ExtendedData>
				<SchemaData schemaUrl="#kml_schema_ft_LL_WGS84_KMZ_TEMA_EDUCACAO_CEU">
					<SimpleData name="eq_id">5654</SimpleData>
					<SimpleData name="eq_nome">CEU AT COMPL AGUA AZUL - PAULO RENATO COSTA SOUZA PROF</SimpleData>
					<SimpleData name="eq_enderec">METALURGICOS 1260</SimpleData>
					<SimpleData name="eq_bairro">CIDADE TIRADENTES</SimpleData>
					<SimpleData name="eq_cep">08471000</SimpleData>
					<SimpleData name="eq_tipo">CEU AT COM</SimpleData>
					<SimpleData name="eq_classe">CEU</SimpleData>
					<SimpleData name="eq_telefon">00 /</SimpleData>
					<SimpleData name="eq_setor">355030825000208</SimpleData>
					<SimpleData name="eq_areap">3550308005272</SimpleData>
					<SimpleData name="eq_cd_dist">25</SimpleData>
					<SimpleData name="eq_distr">CIDADE TIRADENTES</SimpleData>
					<SimpleData name="eq_cd_subp">31</SimpleData>
					<SimpleData name="eq_subpref">CIDADE TIRADENTES</SimpleData>
					<SimpleData name="eq_regiao5">Leste</SimpleData>
					<SimpleData name="eq_regiao8">Leste 2</SimpleData>
					<SimpleData name="eq_ender">METALURGICOS</SimpleData>
					<SimpleData name="eq_num">1260</SimpleData>
					<SimpleData name="eq_compend">AVENIDA</SimpleData>
					<SimpleData name="eq_codcep">08471000</SimpleData>
					<SimpleData name="eq_fone1">00</SimpleData>
					<SimpleData name="eq_cd_dirt">10211</SimpleData>
					<SimpleData name="eq_diretor">LESTE 3</SimpleData>
					<SimpleData name="eq_dre">GUAIANASES</SimpleData>
					<SimpleData name="eq_cd_mec">35455556</SimpleData>
					<SimpleData name="eq_esfera">MUNICIPAL</SimpleData>
					<SimpleData name="eq_cd_catg">1</SimpleData>
					<SimpleData name="eq_categor">ESCOLAS AUTONOMAS</SimpleData>
					<SimpleData name="eq_eol">35455556</SimpleData>
					<SimpleData name="eq_horario">07:00-21:10</SimpleData>
				</SchemaData>
			</ExtendedData>
			<Point>
				<coordinates>-46.4067580003083,-23.594601001624,0</coordinates>
			</Point>
		</Placemark>
		<Placemark id="kml_155">
			<name>kml_155</name>
			<snippet></snippet>
			<description><![CDATA[<center><table><tr><th colspan='2' align='center'><em>Attributes</em></th></tr><tr bgcolor="#E3E3F3">
<th>eq_id</th>
<td>5655</td>
</tr><tr bgcolor="">
<th>eq_nome</th>
<td>CEU AT COMPL CASA BLANCA - SOLON BORGES DOS REIS PROF</td>
</tr><tr bgcolor="#E3E3F3">
<th>eq_enderec</th>
<td>JOAO DAMASCENO 85</td>
</tr><tr bgcolor="">
<th>eq_bairro</th>
<td>VILA DAS BELEZAS</td>
</tr><tr bgcolor="#E3E3F3">
<th>eq_cep</th>
<td>05841000</td>
</tr><tr bgcolor="">
<th>eq_tipo</th>
<td>CEU AT COM</td>
</tr><tr bgcolor="#E3E3F3">
<th>eq_classe</th>
<td>CEU</td>
</tr><tr bgcolor="">
<th>eq_telefon</th>
<td>1155195210 / 1155195214</td>
</tr><tr bgcolor="#E3E3F3">
<th>eq_setor</th>
<td>355030846000282</td>
</tr><tr bgcolor="">
<th>eq_areap</th>
<td>3550308005228</td>
</tr><tr bgcolor="#E3E3F3">
<th>eq_cd_dist</th>
<td>46</td>
</tr><tr bgcolor="">
<th>eq_distr</th>
<td>JARDIM SAO LUIS</td>
</tr><tr bgcolor="#E3E3F3">
<th>eq_cd_subp</th>
<td>18</td>
</tr><tr bgcolor="">
<th>eq_subpref</th>
<td>M'BOI MIRIM</td>
</tr><tr bgcolor="#E3E3F3">
<th>eq_regiao5</th>
<td>Sul</td>
</tr><tr bgcolor="">
<th>eq_regiao8</th>
<td>Sul 2</td>
</tr><tr bgcolor="#E3E3F3">
<th>eq_ender</th>
<td>JOAO DAMASCENO</td>
</tr><tr bgcolor="">
<th>eq_num</th>
<td>85</td>
</tr><tr bgcolor="#E3E3F3">
<th>eq_compend</th>
<td>RUA</td>
</tr><tr bgcolor="">
<th>eq_codcep</th>
<td>05841000</td>
</tr><tr bgcolor="#E3E3F3">
<th>eq_fone1</th>
<td>1155195210</td>
</tr><tr bgcolor="">
<th>eq_fone2</th>
<td>1155195214</td>
</tr><tr bgcolor="#E3E3F3">
<th>eq_email</th>
<td></td>
</tr><tr bgcolor="">
<th>eq_cd_dirt</th>
<td>10314</td>
</tr><tr bgcolor="#E3E3F3">
<th>eq_diretor</th>
<td>SUL 2</td>
</tr><tr bgcolor="">
<th>eq_dre</th>
<td>CAMPO LIMPO</td>
</tr><tr bgcolor="#E3E3F3">
<th>eq_cd_zona</th>
<td></td>
</tr><tr bgcolor="">
<th>eq_zona</th>
<td></td>
</tr><tr bgcolor="#E3E3F3">
<th>eq_cd_mec</th>
<td>35455573</td>
</tr><tr bgcolor="">
<th>eq_esfera</th>
<td>MUNICIPAL</td>
</tr><tr bgcolor="#E3E3F3">
<th>eq_cd_catg</th>
<td>1</td>
</tr><tr bgcolor="">
<th>eq_categor</th>
<td>ESCOLAS AUTONOMAS</td>
</tr><tr bgcolor="#E3E3F3">
<th>eq_eol</th>
<td>35455573</td>
</tr><tr bgcolor="">
<th>eq_horario</th>
<td>07:00-22:40</td>
</tr></table></center>]]></description>
			<styleUrl>#m_ylw-pushpin</styleUrl>
			<ExtendedData>
				<SchemaData schemaUrl="#kml_schema_ft_LL_WGS84_KMZ_TEMA_EDUCACAO_CEU">
					<SimpleData name="eq_id">5655</SimpleData>
					<SimpleData name="eq_nome">CEU AT COMPL CASA BLANCA - SOLON BORGES DOS REIS PROF</SimpleData>
					<SimpleData name="eq_enderec">JOAO DAMASCENO 85</SimpleData>
					<SimpleData name="eq_bairro">VILA DAS BELEZAS</SimpleData>
					<SimpleData name="eq_cep">05841000</SimpleData>
					<SimpleData name="eq_tipo">CEU AT COM</SimpleData>
					<SimpleData name="eq_classe">CEU</SimpleData>
					<SimpleData name="eq_telefon">1155195210 / 1155195214</SimpleData>
					<SimpleData name="eq_setor">355030846000282</SimpleData>
					<SimpleData name="eq_areap">3550308005228</SimpleData>
					<SimpleData name="eq_cd_dist">46</SimpleData>
					<SimpleData name="eq_distr">JARDIM SAO LUIS</SimpleData>
					<SimpleData name="eq_cd_subp">18</SimpleData>
					<SimpleData name="eq_subpref">M&apos;BOI MIRIM</SimpleData>
					<SimpleData name="eq_regiao5">Sul</SimpleData>
					<SimpleData name="eq_regiao8">Sul 2</SimpleData>
					<SimpleData name="eq_ender">JOAO DAMASCENO</SimpleData>
					<SimpleData name="eq_num">85</SimpleData>
					<SimpleData name="eq_compend">RUA</SimpleData>
					<SimpleData name="eq_codcep">05841000</SimpleData>
					<SimpleData name="eq_fone1">1155195210</SimpleData>
					<SimpleData name="eq_fone2">1155195214</SimpleData>
					<SimpleData name="eq_cd_dirt">10314</SimpleData>
					<SimpleData name="eq_diretor">SUL 2</SimpleData>
					<SimpleData name="eq_dre">CAMPO LIMPO</SimpleData>
					<SimpleData name="eq_cd_mec">35455573</SimpleData>
					<SimpleData name="eq_esfera">MUNICIPAL</SimpleData>
					<SimpleData name="eq_cd_catg">1</SimpleData>
					<SimpleData name="eq_categor">ESCOLAS AUTONOMAS</SimpleData>
					<SimpleData name="eq_eol">35455573</SimpleData>
					<SimpleData name="eq_horario">07:00-22:40</SimpleData>
				</SchemaData>
			</ExtendedData>
			<Point>
				<coordinates>-46.744385000148,-23.64671100026271,0</coordinates>
			</Point>
		</Placemark>
		<Placemark id="kml_156">
			<name>kml_156</name>
			<snippet></snippet>
			<description><![CDATA[<center><table><tr><th colspan='2' align='center'><em>Attributes</em></th></tr><tr bgcolor="#E3E3F3">
<th>eq_id</th>
<td>5656</td>
</tr><tr bgcolor="">
<th>eq_nome</th>
<td>CEU AT COMPL FORMOSA - EDEN SILVERIO DE OLIVEIRA PROF</td>
</tr><tr bgcolor="#E3E3F3">
<th>eq_enderec</th>
<td>MANOEL FERREIRA PIRES SN</td>
</tr><tr bgcolor="">
<th>eq_bairro</th>
<td>CAPAO DO EMBIRA</td>
</tr><tr bgcolor="#E3E3F3">
<th>eq_cep</th>
<td>03386000</td>
</tr><tr bgcolor="">
<th>eq_tipo</th>
<td>CEU AT COM</td>
</tr><tr bgcolor="#E3E3F3">
<th>eq_classe</th>
<td>CEU</td>
</tr><tr bgcolor="">
<th>eq_telefon</th>
<td>1120364300 / </td>
</tr><tr bgcolor="#E3E3F3">
<th>eq_setor</th>
<td>355030804000061</td>
</tr><tr bgcolor="">
<th>eq_areap</th>
<td>3550308005153</td>
</tr><tr bgcolor="#E3E3F3">
<th>eq_cd_dist</th>
<td>4</td>
</tr><tr bgcolor="">
<th>eq_distr</th>
<td>ARICANDUVA</td>
</tr><tr bgcolor="#E3E3F3">
<th>eq_cd_subp</th>
<td>26</td>
</tr><tr bgcolor="">
<th>eq_subpref</th>
<td>ARICANDUVA-FORMOSA-CARRAO</td>
</tr><tr bgcolor="#E3E3F3">
<th>eq_regiao5</th>
<td>Leste</td>
</tr><tr bgcolor="">
<th>eq_regiao8</th>
<td>Leste 1</td>
</tr><tr bgcolor="#E3E3F3">
<th>eq_ender</th>
<td>MANOEL FERREIRA PIRES</td>
</tr><tr bgcolor="">
<th>eq_num</th>
<td>SN</td>
</tr><tr bgcolor="#E3E3F3">
<th>eq_compend</th>
<td>RUA</td>
</tr><tr bgcolor="">
<th>eq_codcep</th>
<td>03386000</td>
</tr><tr bgcolor="#E3E3F3">
<th>eq_fone1</th>
<td>1120364300</td>
</tr><tr bgcolor="">
<th>eq_fone2</th>
<td></td>
</tr><tr bgcolor="#E3E3F3">
<th>eq_email</th>
<td>SMECEUFORMOSA@SME.PREFEITURA.SP.GOV.BR</td>
</tr><tr bgcolor="">
<th>eq_cd_dirt</th>
<td>10205</td>
</tr><tr bgcolor="#E3E3F3">
<th>eq_diretor</th>
<td>LESTE 5</td>
</tr><tr bgcolor="">
<th>eq_dre</th>
<td>ITAQUERA</td>
</tr><tr bgcolor="#E3E3F3">
<th>eq_cd_zona</th>
<td></td>
</tr><tr bgcolor="">
<th>eq_zona</th>
<td></td>
</tr><tr bgcolor="#E3E3F3">
<th>eq_cd_mec</th>
<td>35455581</td>
</tr><tr bgcolor="">
<th>eq_esfera</th>
<td>MUNICIPAL</td>
</tr><tr bgcolor="#E3E3F3">
<th>eq_cd_catg</th>
<td>1</td>
</tr><tr bgcolor="">
<th>eq_categor</th>
<td>ESCOLAS AUTONOMAS</td>
</tr><tr bgcolor="#E3E3F3">
<th>eq_eol</th>
<td>35455581</td>
</tr><tr bgcolor="">
<th>eq_horario</th>
<td>07:00-22:00</td>
</tr></table></center>]]></description>
			<styleUrl>#m_ylw-pushpin</styleUrl>
			<ExtendedData>
				<SchemaData schemaUrl="#kml_schema_ft_LL_WGS84_KMZ_TEMA_EDUCACAO_CEU">
					<SimpleData name="eq_id">5656</SimpleData>
					<SimpleData name="eq_nome">CEU AT COMPL FORMOSA - EDEN SILVERIO DE OLIVEIRA PROF</SimpleData>
					<SimpleData name="eq_enderec">MANOEL FERREIRA PIRES SN</SimpleData>
					<SimpleData name="eq_bairro">CAPAO DO EMBIRA</SimpleData>
					<SimpleData name="eq_cep">03386000</SimpleData>
					<SimpleData name="eq_tipo">CEU AT COM</SimpleData>
					<SimpleData name="eq_classe">CEU</SimpleData>
					<SimpleData name="eq_telefon">1120364300 /</SimpleData>
					<SimpleData name="eq_setor">355030804000061</SimpleData>
					<SimpleData name="eq_areap">3550308005153</SimpleData>
					<SimpleData name="eq_cd_dist">4</SimpleData>
					<SimpleData name="eq_distr">ARICANDUVA</SimpleData>
					<SimpleData name="eq_cd_subp">26</SimpleData>
					<SimpleData name="eq_subpref">ARICANDUVA-FORMOSA-CARRAO</SimpleData>
					<SimpleData name="eq_regiao5">Leste</SimpleData>
					<SimpleData name="eq_regiao8">Leste 1</SimpleData>
					<SimpleData name="eq_ender">MANOEL FERREIRA PIRES</SimpleData>
					<SimpleData name="eq_num">SN</SimpleData>
					<SimpleData name="eq_compend">RUA</SimpleData>
					<SimpleData name="eq_codcep">03386000</SimpleData>
					<SimpleData name="eq_fone1">1120364300</SimpleData>
					<SimpleData name="eq_email">SMECEUFORMOSA@SME.PREFEITURA.SP.GOV.BR</SimpleData>
					<SimpleData name="eq_cd_dirt">10205</SimpleData>
					<SimpleData name="eq_diretor">LESTE 5</SimpleData>
					<SimpleData name="eq_dre">ITAQUERA</SimpleData>
					<SimpleData name="eq_cd_mec">35455581</SimpleData>
					<SimpleData name="eq_esfera">MUNICIPAL</SimpleData>
					<SimpleData name="eq_cd_catg">1</SimpleData>
					<SimpleData name="eq_categor">ESCOLAS AUTONOMAS</SimpleData>
					<SimpleData name="eq_eol">35455581</SimpleData>
					<SimpleData name="eq_horario">07:00-22:00</SimpleData>
				</SchemaData>
			</ExtendedData>
			<Point>
				<coordinates>-46.52398100050259,-23.5798110040854,0</coordinates>
			</Point>
		</Placemark>
		<Placemark id="kml_157">
			<name>kml_157</name>
			<snippet></snippet>
			<description><![CDATA[<center><table><tr><th colspan='2' align='center'><em>Attributes</em></th></tr><tr bgcolor="#E3E3F3">
<th>eq_id</th>
<td>5657</td>
</tr><tr bgcolor="">
<th>eq_nome</th>
<td>CEU AT COMPL AZUL DA COR DO MAR</td>
</tr><tr bgcolor="#E3E3F3">
<th>eq_enderec</th>
<td>ERNESTO SOUZA CRUZ 2171</td>
</tr><tr bgcolor="">
<th>eq_bairro</th>
<td>CIDADE ANTONIO ESTEVAO DE CARVALHO</td>
</tr><tr bgcolor="#E3E3F3">
<th>eq_cep</th>
<td>08225000</td>
</tr><tr bgcolor="">
<th>eq_tipo</th>
<td>CEU AT COM</td>
</tr><tr bgcolor="#E3E3F3">
<th>eq_classe</th>
<td>CEU</td>
</tr><tr bgcolor="">
<th>eq_telefon</th>
<td>1133979014 / </td>
</tr><tr bgcolor="#E3E3F3">
<th>eq_setor</th>
<td>355030837000065</td>
</tr><tr bgcolor="">
<th>eq_areap</th>
<td>3550308005199</td>
</tr><tr bgcolor="#E3E3F3">
<th>eq_cd_dist</th>
<td>37</td>
</tr><tr bgcolor="">
<th>eq_distr</th>
<td>ITAQUERA</td>
</tr><tr bgcolor="#E3E3F3">
<th>eq_cd_subp</th>
<td>27</td>
</tr><tr bgcolor="">
<th>eq_subpref</th>
<td>ITAQUERA</td>
</tr><tr bgcolor="#E3E3F3">
<th>eq_regiao5</th>
<td>Leste</td>
</tr><tr bgcolor="">
<th>eq_regiao8</th>
<td>Leste 2</td>
</tr><tr bgcolor="#E3E3F3">
<th>eq_ender</th>
<td>ERNESTO SOUZA CRUZ</td>
</tr><tr bgcolor="">
<th>eq_num</th>
<td>2171</td>
</tr><tr bgcolor="#E3E3F3">
<th>eq_compend</th>
<td>AVENIDA</td>
</tr><tr bgcolor="">
<th>eq_codcep</th>
<td>08225000</td>
</tr><tr bgcolor="#E3E3F3">
<th>eq_fone1</th>
<td>1133979014</td>
</tr><tr bgcolor="">
<th>eq_fone2</th>
<td></td>
</tr><tr bgcolor="#E3E3F3">
<th>eq_email</th>
<td>SMECEUAZULDACORDOMAR@SME.PREFEITURA.SP.GOV.BR</td>
</tr><tr bgcolor="">
<th>eq_cd_dirt</th>
<td>10207</td>
</tr><tr bgcolor="#E3E3F3">
<th>eq_diretor</th>
<td>LESTE 1</td>
</tr><tr bgcolor="">
<th>eq_dre</th>
<td>ITAQUERA</td>
</tr><tr bgcolor="#E3E3F3">
<th>eq_cd_zona</th>
<td></td>
</tr><tr bgcolor="">
<th>eq_zona</th>
<td></td>
</tr><tr bgcolor="#E3E3F3">
<th>eq_cd_mec</th>
<td>35455593</td>
</tr><tr bgcolor="">
<th>eq_esfera</th>
<td>MUNICIPAL</td>
</tr><tr bgcolor="#E3E3F3">
<th>eq_cd_catg</th>
<td>1</td>
</tr><tr bgcolor="">
<th>eq_categor</th>
<td>ESCOLAS AUTONOMAS</td>
</tr><tr bgcolor="#E3E3F3">
<th>eq_eol</th>
<td>35455593</td>
</tr><tr bgcolor="">
<th>eq_horario</th>
<td>07:00-21:00</td>
</tr></table></center>]]></description>
			<styleUrl>#m_ylw-pushpin</styleUrl>
			<ExtendedData>
				<SchemaData schemaUrl="#kml_schema_ft_LL_WGS84_KMZ_TEMA_EDUCACAO_CEU">
					<SimpleData name="eq_id">5657</SimpleData>
					<SimpleData name="eq_nome">CEU AT COMPL AZUL DA COR DO MAR</SimpleData>
					<SimpleData name="eq_enderec">ERNESTO SOUZA CRUZ 2171</SimpleData>
					<SimpleData name="eq_bairro">CIDADE ANTONIO ESTEVAO DE CARVALHO</SimpleData>
					<SimpleData name="eq_cep">08225000</SimpleData>
					<SimpleData name="eq_tipo">CEU AT COM</SimpleData>
					<SimpleData name="eq_classe">CEU</SimpleData>
					<SimpleData name="eq_telefon">1133979014 /</SimpleData>
					<SimpleData name="eq_setor">355030837000065</SimpleData>
					<SimpleData name="eq_areap">3550308005199</SimpleData>
					<SimpleData name="eq_cd_dist">37</SimpleData>
					<SimpleData name="eq_distr">ITAQUERA</SimpleData>
					<SimpleData name="eq_cd_subp">27</SimpleData>
					<SimpleData name="eq_subpref">ITAQUERA</SimpleData>
					<SimpleData name="eq_regiao5">Leste</SimpleData>
					<SimpleData name="eq_regiao8">Leste 2</SimpleData>
					<SimpleData name="eq_ender">ERNESTO SOUZA CRUZ</SimpleData>
					<SimpleData name="eq_num">2171</SimpleData>
					<SimpleData name="eq_compend">AVENIDA</SimpleData>
					<SimpleData name="eq_codcep">08225000</SimpleData>
					<SimpleData name="eq_fone1">1133979014</SimpleData>
					<SimpleData name="eq_email">SMECEUAZULDACORDOMAR@SME.PREFEITURA.SP.GOV.BR</SimpleData>
					<SimpleData name="eq_cd_dirt">10207</SimpleData>
					<SimpleData name="eq_diretor">LESTE 1</SimpleData>
					<SimpleData name="eq_dre">ITAQUERA</SimpleData>
					<SimpleData name="eq_cd_mec">35455593</SimpleData>
					<SimpleData name="eq_esfera">MUNICIPAL</SimpleData>
					<SimpleData name="eq_cd_catg">1</SimpleData>
					<SimpleData name="eq_categor">ESCOLAS AUTONOMAS</SimpleData>
					<SimpleData name="eq_eol">35455593</SimpleData>
					<SimpleData name="eq_horario">07:00-21:00</SimpleData>
				</SchemaData>
			</ExtendedData>
			<Point>
				<coordinates>-46.4569519996741,-23.5218289990437,0</coordinates>
			</Point>
		</Placemark>
		<Placemark id="kml_158">
			<name>kml_158</name>
			<snippet></snippet>
			<description><![CDATA[<center><table><tr><th colspan='2' align='center'><em>Attributes</em></th></tr><tr bgcolor="#E3E3F3">
<th>eq_id</th>
<td>5658</td>
</tr><tr bgcolor="">
<th>eq_nome</th>
<td>CEU AT COMPL VILA RUBI - ALEXANDRE KADUNC JORNALISTA</td>
</tr><tr bgcolor="#E3E3F3">
<th>eq_enderec</th>
<td>DOMINGOS TARROSO 101</td>
</tr><tr bgcolor="">
<th>eq_bairro</th>
<td>VILA RUBI</td>
</tr><tr bgcolor="#E3E3F3">
<th>eq_cep</th>
<td>04823000</td>
</tr><tr bgcolor="">
<th>eq_tipo</th>
<td>CEU AT COM</td>
</tr><tr bgcolor="#E3E3F3">
<th>eq_classe</th>
<td>CEU</td>
</tr><tr bgcolor="">
<th>eq_telefon</th>
<td>1156629401 / 1156629409</td>
</tr><tr bgcolor="#E3E3F3">
<th>eq_setor</th>
<td>355030823000041</td>
</tr><tr bgcolor="">
<th>eq_areap</th>
<td>3550308005219</td>
</tr><tr bgcolor="#E3E3F3">
<th>eq_cd_dist</th>
<td>23</td>
</tr><tr bgcolor="">
<th>eq_distr</th>
<td>CIDADE DUTRA</td>
</tr><tr bgcolor="#E3E3F3">
<th>eq_cd_subp</th>
<td>19</td>
</tr><tr bgcolor="">
<th>eq_subpref</th>
<td>CAPELA DO SOCORRO</td>
</tr><tr bgcolor="#E3E3F3">
<th>eq_regiao5</th>
<td>Sul</td>
</tr><tr bgcolor="">
<th>eq_regiao8</th>
<td>Sul 2</td>
</tr><tr bgcolor="#E3E3F3">
<th>eq_ender</th>
<td>DOMINGOS TARROSO</td>
</tr><tr bgcolor="">
<th>eq_num</th>
<td>101</td>
</tr><tr bgcolor="#E3E3F3">
<th>eq_compend</th>
<td>RUA</td>
</tr><tr bgcolor="">
<th>eq_codcep</th>
<td>04823000</td>
</tr><tr bgcolor="#E3E3F3">
<th>eq_fone1</th>
<td>1156629401</td>
</tr><tr bgcolor="">
<th>eq_fone2</th>
<td>1156629409</td>
</tr><tr bgcolor="#E3E3F3">
<th>eq_email</th>
<td>CEUVILARUBIEDUCACAO@SME.PREFEITURA.SP.GOV.BR</td>
</tr><tr bgcolor="">
<th>eq_cd_dirt</th>
<td>10318</td>
</tr><tr bgcolor="#E3E3F3">
<th>eq_diretor</th>
<td>SUL 3</td>
</tr><tr bgcolor="">
<th>eq_dre</th>
<td>CAPELA DO SOCORRO</td>
</tr><tr bgcolor="#E3E3F3">
<th>eq_cd_zona</th>
<td></td>
</tr><tr bgcolor="">
<th>eq_zona</th>
<td></td>
</tr><tr bgcolor="#E3E3F3">
<th>eq_cd_mec</th>
<td>35455600</td>
</tr><tr bgcolor="">
<th>eq_esfera</th>
<td>MUNICIPAL</td>
</tr><tr bgcolor="#E3E3F3">
<th>eq_cd_catg</th>
<td>1</td>
</tr><tr bgcolor="">
<th>eq_categor</th>
<td>ESCOLAS AUTONOMAS</td>
</tr><tr bgcolor="#E3E3F3">
<th>eq_eol</th>
<td>35455600</td>
</tr><tr bgcolor="">
<th>eq_horario</th>
<td>07:15-21:45</td>
</tr></table></center>]]></description>
			<styleUrl>#m_ylw-pushpin</styleUrl>
			<ExtendedData>
				<SchemaData schemaUrl="#kml_schema_ft_LL_WGS84_KMZ_TEMA_EDUCACAO_CEU">
					<SimpleData name="eq_id">5658</SimpleData>
					<SimpleData name="eq_nome">CEU AT COMPL VILA RUBI - ALEXANDRE KADUNC JORNALISTA</SimpleData>
					<SimpleData name="eq_enderec">DOMINGOS TARROSO 101</SimpleData>
					<SimpleData name="eq_bairro">VILA RUBI</SimpleData>
					<SimpleData name="eq_cep">04823000</SimpleData>
					<SimpleData name="eq_tipo">CEU AT COM</SimpleData>
					<SimpleData name="eq_classe">CEU</SimpleData>
					<SimpleData name="eq_telefon">1156629401 / 1156629409</SimpleData>
					<SimpleData name="eq_setor">355030823000041</SimpleData>
					<SimpleData name="eq_areap">3550308005219</SimpleData>
					<SimpleData name="eq_cd_dist">23</SimpleData>
					<SimpleData name="eq_distr">CIDADE DUTRA</SimpleData>
					<SimpleData name="eq_cd_subp">19</SimpleData>
					<SimpleData name="eq_subpref">CAPELA DO SOCORRO</SimpleData>
					<SimpleData name="eq_regiao5">Sul</SimpleData>
					<SimpleData name="eq_regiao8">Sul 2</SimpleData>
					<SimpleData name="eq_ender">DOMINGOS TARROSO</SimpleData>
					<SimpleData name="eq_num">101</SimpleData>
					<SimpleData name="eq_compend">RUA</SimpleData>
					<SimpleData name="eq_codcep">04823000</SimpleData>
					<SimpleData name="eq_fone1">1156629401</SimpleData>
					<SimpleData name="eq_fone2">1156629409</SimpleData>
					<SimpleData name="eq_email">CEUVILARUBIEDUCACAO@SME.PREFEITURA.SP.GOV.BR</SimpleData>
					<SimpleData name="eq_cd_dirt">10318</SimpleData>
					<SimpleData name="eq_diretor">SUL 3</SimpleData>
					<SimpleData name="eq_dre">CAPELA DO SOCORRO</SimpleData>
					<SimpleData name="eq_cd_mec">35455600</SimpleData>
					<SimpleData name="eq_esfera">MUNICIPAL</SimpleData>
					<SimpleData name="eq_cd_catg">1</SimpleData>
					<SimpleData name="eq_categor">ESCOLAS AUTONOMAS</SimpleData>
					<SimpleData name="eq_eol">35455600</SimpleData>
					<SimpleData name="eq_horario">07:15-21:45</SimpleData>
				</SchemaData>
			</ExtendedData>
			<Point>
				<coordinates>-46.6949549999554,-23.7266619957831,0</coordinates>
			</Point>
		</Placemark>
		<Placemark id="kml_159">
			<name>kml_159</name>
			<snippet></snippet>
			<description><![CDATA[<center><table><tr><th colspan='2' align='center'><em>Attributes</em></th></tr><tr bgcolor="#E3E3F3">
<th>eq_id</th>
<td>5659</td>
</tr><tr bgcolor="">
<th>eq_nome</th>
<td>CEU AT COMPL ALTO ALEGRE - PAULO SUYOSH MINAMI PROF</td>
</tr><tr bgcolor="#E3E3F3">
<th>eq_enderec</th>
<td>BENTO GUELFI SN</td>
</tr><tr bgcolor="">
<th>eq_bairro</th>
<td>JARDIM IGUATEMI</td>
</tr><tr bgcolor="#E3E3F3">
<th>eq_cep</th>
<td>08381000</td>
</tr><tr bgcolor="">
<th>eq_tipo</th>
<td>CEU AT COM</td>
</tr><tr bgcolor="#E3E3F3">
<th>eq_classe</th>
<td>CEU</td>
</tr><tr bgcolor="">
<th>eq_telefon</th>
<td>00 / </td>
</tr><tr bgcolor="#E3E3F3">
<th>eq_setor</th>
<td>355030833000168</td>
</tr><tr bgcolor="">
<th>eq_areap</th>
<td>3550308005275</td>
</tr><tr bgcolor="#E3E3F3">
<th>eq_cd_dist</th>
<td>33</td>
</tr><tr bgcolor="">
<th>eq_distr</th>
<td>IGUATEMI</td>
</tr><tr bgcolor="#E3E3F3">
<th>eq_cd_subp</th>
<td>30</td>
</tr><tr bgcolor="">
<th>eq_subpref</th>
<td>SAO MATEUS</td>
</tr><tr bgcolor="#E3E3F3">
<th>eq_regiao5</th>
<td>Leste</td>
</tr><tr bgcolor="">
<th>eq_regiao8</th>
<td>Leste 2</td>
</tr><tr bgcolor="#E3E3F3">
<th>eq_ender</th>
<td>BENTO GUELFI</td>
</tr><tr bgcolor="">
<th>eq_num</th>
<td>SN</td>
</tr><tr bgcolor="#E3E3F3">
<th>eq_compend</th>
<td>AVENIDA</td>
</tr><tr bgcolor="">
<th>eq_codcep</th>
<td>08381000</td>
</tr><tr bgcolor="#E3E3F3">
<th>eq_fone1</th>
<td>00</td>
</tr><tr bgcolor="">
<th>eq_fone2</th>
<td></td>
</tr><tr bgcolor="#E3E3F3">
<th>eq_email</th>
<td></td>
</tr><tr bgcolor="">
<th>eq_cd_dirt</th>
<td>10211</td>
</tr><tr bgcolor="#E3E3F3">
<th>eq_diretor</th>
<td>LESTE 3</td>
</tr><tr bgcolor="">
<th>eq_dre</th>
<td>SAO MATEUS</td>
</tr><tr bgcolor="#E3E3F3">
<th>eq_cd_zona</th>
<td></td>
</tr><tr bgcolor="">
<th>eq_zona</th>
<td></td>
</tr><tr bgcolor="#E3E3F3">
<th>eq_cd_mec</th>
<td>35455611</td>
</tr><tr bgcolor="">
<th>eq_esfera</th>
<td>MUNICIPAL</td>
</tr><tr bgcolor="#E3E3F3">
<th>eq_cd_catg</th>
<td>1</td>
</tr><tr bgcolor="">
<th>eq_categor</th>
<td>ESCOLAS AUTONOMAS</td>
</tr><tr bgcolor="#E3E3F3">
<th>eq_eol</th>
<td>35455611</td>
</tr><tr bgcolor="">
<th>eq_horario</th>
<td>07:30-19:30</td>
</tr></table></center>]]></description>
			<styleUrl>#m_ylw-pushpin</styleUrl>
			<ExtendedData>
				<SchemaData schemaUrl="#kml_schema_ft_LL_WGS84_KMZ_TEMA_EDUCACAO_CEU">
					<SimpleData name="eq_id">5659</SimpleData>
					<SimpleData name="eq_nome">CEU AT COMPL ALTO ALEGRE - PAULO SUYOSH MINAMI PROF</SimpleData>
					<SimpleData name="eq_enderec">BENTO GUELFI SN</SimpleData>
					<SimpleData name="eq_bairro">JARDIM IGUATEMI</SimpleData>
					<SimpleData name="eq_cep">08381000</SimpleData>
					<SimpleData name="eq_tipo">CEU AT COM</SimpleData>
					<SimpleData name="eq_classe">CEU</SimpleData>
					<SimpleData name="eq_telefon">00 /</SimpleData>
					<SimpleData name="eq_setor">355030833000168</SimpleData>
					<SimpleData name="eq_areap">3550308005275</SimpleData>
					<SimpleData name="eq_cd_dist">33</SimpleData>
					<SimpleData name="eq_distr">IGUATEMI</SimpleData>
					<SimpleData name="eq_cd_subp">30</SimpleData>
					<SimpleData name="eq_subpref">SAO MATEUS</SimpleData>
					<SimpleData name="eq_regiao5">Leste</SimpleData>
					<SimpleData name="eq_regiao8">Leste 2</SimpleData>
					<SimpleData name="eq_ender">BENTO GUELFI</SimpleData>
					<SimpleData name="eq_num">SN</SimpleData>
					<SimpleData name="eq_compend">AVENIDA</SimpleData>
					<SimpleData name="eq_codcep">08381000</SimpleData>
					<SimpleData name="eq_fone1">00</SimpleData>
					<SimpleData name="eq_cd_dirt">10211</SimpleData>
					<SimpleData name="eq_diretor">LESTE 3</SimpleData>
					<SimpleData name="eq_dre">SAO MATEUS</SimpleData>
					<SimpleData name="eq_cd_mec">35455611</SimpleData>
					<SimpleData name="eq_esfera">MUNICIPAL</SimpleData>
					<SimpleData name="eq_cd_catg">1</SimpleData>
					<SimpleData name="eq_categor">ESCOLAS AUTONOMAS</SimpleData>
					<SimpleData name="eq_eol">35455611</SimpleData>
					<SimpleData name="eq_horario">07:30-19:30</SimpleData>
				</SchemaData>
			</ExtendedData>
			<Point>
				<coordinates>-46.42688599990009,-23.6097379991206,0</coordinates>
			</Point>
		</Placemark>
		<Placemark id="kml_160">
			<name>kml_160</name>
			<snippet></snippet>
			<description><![CDATA[<center><table><tr><th colspan='2' align='center'><em>Attributes</em></th></tr><tr bgcolor="#E3E3F3">
<th>eq_id</th>
<td>5660</td>
</tr><tr bgcolor="">
<th>eq_nome</th>
<td>CEU AT COMPL UIRAPURU</td>
</tr><tr bgcolor="#E3E3F3">
<th>eq_enderec</th>
<td>NAZIR MIGUEL 849</td>
</tr><tr bgcolor="">
<th>eq_bairro</th>
<td>JARDIM PAULO VI</td>
</tr><tr bgcolor="#E3E3F3">
<th>eq_cep</th>
<td>05570000</td>
</tr><tr bgcolor="">
<th>eq_tipo</th>
<td>CEU AT COM</td>
</tr><tr bgcolor="#E3E3F3">
<th>eq_classe</th>
<td>CEU</td>
</tr><tr bgcolor="">
<th>eq_telefon</th>
<td>00 / </td>
</tr><tr bgcolor="#E3E3F3">
<th>eq_setor</th>
<td>355030865000151</td>
</tr><tr bgcolor="">
<th>eq_areap</th>
<td>3550308005239</td>
</tr><tr bgcolor="#E3E3F3">
<th>eq_cd_dist</th>
<td>65</td>
</tr><tr bgcolor="">
<th>eq_distr</th>
<td>RAPOSO TAVARES</td>
</tr><tr bgcolor="#E3E3F3">
<th>eq_cd_subp</th>
<td>10</td>
</tr><tr bgcolor="">
<th>eq_subpref</th>
<td>BUTANTA</td>
</tr><tr bgcolor="#E3E3F3">
<th>eq_regiao5</th>
<td>Oeste</td>
</tr><tr bgcolor="">
<th>eq_regiao8</th>
<td>Oeste</td>
</tr><tr bgcolor="#E3E3F3">
<th>eq_ender</th>
<td>NAZIR MIGUEL</td>
</tr><tr bgcolor="">
<th>eq_num</th>
<td>849</td>
</tr><tr bgcolor="#E3E3F3">
<th>eq_compend</th>
<td>RUA</td>
</tr><tr bgcolor="">
<th>eq_codcep</th>
<td>05570000</td>
</tr><tr bgcolor="#E3E3F3">
<th>eq_fone1</th>
<td>00</td>
</tr><tr bgcolor="">
<th>eq_fone2</th>
<td></td>
</tr><tr bgcolor="#E3E3F3">
<th>eq_email</th>
<td></td>
</tr><tr bgcolor="">
<th>eq_cd_dirt</th>
<td>10312</td>
</tr><tr bgcolor="#E3E3F3">
<th>eq_diretor</th>
<td>CENTRO OESTE</td>
</tr><tr bgcolor="">
<th>eq_dre</th>
<td>BUTANTA</td>
</tr><tr bgcolor="#E3E3F3">
<th>eq_cd_zona</th>
<td></td>
</tr><tr bgcolor="">
<th>eq_zona</th>
<td></td>
</tr><tr bgcolor="#E3E3F3">
<th>eq_cd_mec</th>
<td>35455623</td>
</tr><tr bgcolor="">
<th>eq_esfera</th>
<td>MUNICIPAL</td>
</tr><tr bgcolor="#E3E3F3">
<th>eq_cd_catg</th>
<td>1</td>
</tr><tr bgcolor="">
<th>eq_categor</th>
<td>ESCOLAS AUTONOMAS</td>
</tr><tr bgcolor="#E3E3F3">
<th>eq_eol</th>
<td>35455623</td>
</tr><tr bgcolor="">
<th>eq_horario</th>
<td>07:00-22:00</td>
</tr></table></center>]]></description>
			<styleUrl>#m_ylw-pushpin</styleUrl>
			<ExtendedData>
				<SchemaData schemaUrl="#kml_schema_ft_LL_WGS84_KMZ_TEMA_EDUCACAO_CEU">
					<SimpleData name="eq_id">5660</SimpleData>
					<SimpleData name="eq_nome">CEU AT COMPL UIRAPURU</SimpleData>
					<SimpleData name="eq_enderec">NAZIR MIGUEL 849</SimpleData>
					<SimpleData name="eq_bairro">JARDIM PAULO VI</SimpleData>
					<SimpleData name="eq_cep">05570000</SimpleData>
					<SimpleData name="eq_tipo">CEU AT COM</SimpleData>
					<SimpleData name="eq_classe">CEU</SimpleData>
					<SimpleData name="eq_telefon">00 /</SimpleData>
					<SimpleData name="eq_setor">355030865000151</SimpleData>
					<SimpleData name="eq_areap">3550308005239</SimpleData>
					<SimpleData name="eq_cd_dist">65</SimpleData>
					<SimpleData name="eq_distr">RAPOSO TAVARES</SimpleData>
					<SimpleData name="eq_cd_subp">10</SimpleData>
					<SimpleData name="eq_subpref">BUTANTA</SimpleData>
					<SimpleData name="eq_regiao5">Oeste</SimpleData>
					<SimpleData name="eq_regiao8">Oeste</SimpleData>
					<SimpleData name="eq_ender">NAZIR MIGUEL</SimpleData>
					<SimpleData name="eq_num">849</SimpleData>
					<SimpleData name="eq_compend">RUA</SimpleData>
					<SimpleData name="eq_codcep">05570000</SimpleData>
					<SimpleData name="eq_fone1">00</SimpleData>
					<SimpleData name="eq_cd_dirt">10312</SimpleData>
					<SimpleData name="eq_diretor">CENTRO OESTE</SimpleData>
					<SimpleData name="eq_dre">BUTANTA</SimpleData>
					<SimpleData name="eq_cd_mec">35455623</SimpleData>
					<SimpleData name="eq_esfera">MUNICIPAL</SimpleData>
					<SimpleData name="eq_cd_catg">1</SimpleData>
					<SimpleData name="eq_categor">ESCOLAS AUTONOMAS</SimpleData>
					<SimpleData name="eq_eol">35455623</SimpleData>
					<SimpleData name="eq_horario">07:00-22:00</SimpleData>
				</SchemaData>
			</ExtendedData>
			<Point>
				<coordinates>-46.7880740004821,-23.5996300000249,0</coordinates>
			</Point>
		</Placemark>
		<Placemark id="kml_161">
			<name>kml_161</name>
			<snippet></snippet>
			<description><![CDATA[<center><table><tr><th colspan='2' align='center'><em>Attributes</em></th></tr><tr bgcolor="#E3E3F3">
<th>eq_id</th>
<td>5661</td>
</tr><tr bgcolor="">
<th>eq_nome</th>
<td>CEU AT COMPL ALVARENGA</td>
</tr><tr bgcolor="#E3E3F3">
<th>eq_enderec</th>
<td>ALVARENGA 3750</td>
</tr><tr bgcolor="">
<th>eq_bairro</th>
<td>BALNEARIO SAO FRANCISCO</td>
</tr><tr bgcolor="#E3E3F3">
<th>eq_cep</th>
<td>04474000</td>
</tr><tr bgcolor="">
<th>eq_tipo</th>
<td>CEU AT COM</td>
</tr><tr bgcolor="#E3E3F3">
<th>eq_classe</th>
<td>CEU</td>
</tr><tr bgcolor="">
<th>eq_telefon</th>
<td>00 / </td>
</tr><tr bgcolor="#E3E3F3">
<th>eq_setor</th>
<td>355030858000062</td>
</tr><tr bgcolor="">
<th>eq_areap</th>
<td>3550308005213</td>
</tr><tr bgcolor="#E3E3F3">
<th>eq_cd_dist</th>
<td>58</td>
</tr><tr bgcolor="">
<th>eq_distr</th>
<td>PEDREIRA</td>
</tr><tr bgcolor="#E3E3F3">
<th>eq_cd_subp</th>
<td>16</td>
</tr><tr bgcolor="">
<th>eq_subpref</th>
<td>CIDADE ADEMAR</td>
</tr><tr bgcolor="#E3E3F3">
<th>eq_regiao5</th>
<td>Sul</td>
</tr><tr bgcolor="">
<th>eq_regiao8</th>
<td>Sul 2</td>
</tr><tr bgcolor="#E3E3F3">
<th>eq_ender</th>
<td>ALVARENGA</td>
</tr><tr bgcolor="">
<th>eq_num</th>
<td>3750</td>
</tr><tr bgcolor="#E3E3F3">
<th>eq_compend</th>
<td>ESTRADA</td>
</tr><tr bgcolor="">
<th>eq_codcep</th>
<td>04474000</td>
</tr><tr bgcolor="#E3E3F3">
<th>eq_fone1</th>
<td>00</td>
</tr><tr bgcolor="">
<th>eq_fone2</th>
<td></td>
</tr><tr bgcolor="#E3E3F3">
<th>eq_email</th>
<td></td>
</tr><tr bgcolor="">
<th>eq_cd_dirt</th>
<td>10317</td>
</tr><tr bgcolor="#E3E3F3">
<th>eq_diretor</th>
<td>SUL 1</td>
</tr><tr bgcolor="">
<th>eq_dre</th>
<td>SANTO AMARO</td>
</tr><tr bgcolor="#E3E3F3">
<th>eq_cd_zona</th>
<td></td>
</tr><tr bgcolor="">
<th>eq_zona</th>
<td></td>
</tr><tr bgcolor="#E3E3F3">
<th>eq_cd_mec</th>
<td>35455635</td>
</tr><tr bgcolor="">
<th>eq_esfera</th>
<td>MUNICIPAL</td>
</tr><tr bgcolor="#E3E3F3">
<th>eq_cd_catg</th>
<td>1</td>
</tr><tr bgcolor="">
<th>eq_categor</th>
<td>ESCOLAS AUTONOMAS</td>
</tr><tr bgcolor="#E3E3F3">
<th>eq_eol</th>
<td>35455635</td>
</tr><tr bgcolor="">
<th>eq_horario</th>
<td>07:00-22:00</td>
</tr></table></center>]]></description>
			<styleUrl>#m_ylw-pushpin</styleUrl>
			<ExtendedData>
				<SchemaData schemaUrl="#kml_schema_ft_LL_WGS84_KMZ_TEMA_EDUCACAO_CEU">
					<SimpleData name="eq_id">5661</SimpleData>
					<SimpleData name="eq_nome">CEU AT COMPL ALVARENGA</SimpleData>
					<SimpleData name="eq_enderec">ALVARENGA 3750</SimpleData>
					<SimpleData name="eq_bairro">BALNEARIO SAO FRANCISCO</SimpleData>
					<SimpleData name="eq_cep">04474000</SimpleData>
					<SimpleData name="eq_tipo">CEU AT COM</SimpleData>
					<SimpleData name="eq_classe">CEU</SimpleData>
					<SimpleData name="eq_telefon">00 /</SimpleData>
					<SimpleData name="eq_setor">355030858000062</SimpleData>
					<SimpleData name="eq_areap">3550308005213</SimpleData>
					<SimpleData name="eq_cd_dist">58</SimpleData>
					<SimpleData name="eq_distr">PEDREIRA</SimpleData>
					<SimpleData name="eq_cd_subp">16</SimpleData>
					<SimpleData name="eq_subpref">CIDADE ADEMAR</SimpleData>
					<SimpleData name="eq_regiao5">Sul</SimpleData>
					<SimpleData name="eq_regiao8">Sul 2</SimpleData>
					<SimpleData name="eq_ender">ALVARENGA</SimpleData>
					<SimpleData name="eq_num">3750</SimpleData>
					<SimpleData name="eq_compend">ESTRADA</SimpleData>
					<SimpleData name="eq_codcep">04474000</SimpleData>
					<SimpleData name="eq_fone1">00</SimpleData>
					<SimpleData name="eq_cd_dirt">10317</SimpleData>
					<SimpleData name="eq_diretor">SUL 1</SimpleData>
					<SimpleData name="eq_dre">SANTO AMARO</SimpleData>
					<SimpleData name="eq_cd_mec">35455635</SimpleData>
					<SimpleData name="eq_esfera">MUNICIPAL</SimpleData>
					<SimpleData name="eq_cd_catg">1</SimpleData>
					<SimpleData name="eq_categor">ESCOLAS AUTONOMAS</SimpleData>
					<SimpleData name="eq_eol">35455635</SimpleData>
					<SimpleData name="eq_horario">07:00-22:00</SimpleData>
				</SchemaData>
			</ExtendedData>
			<Point>
				<coordinates>-46.6445210000041,-23.7031040007123,0</coordinates>
			</Point>
		</Placemark>
		<Placemark id="kml_162">
			<name>kml_162</name>
			<snippet></snippet>
			<description><![CDATA[<center><table><tr><th colspan='2' align='center'><em>Attributes</em></th></tr><tr bgcolor="#E3E3F3">
<th>eq_id</th>
<td>5662</td>
</tr><tr bgcolor="">
<th>eq_nome</th>
<td>CEU AT COMPL VILA ATLANTICA - JOAO SOARES FILHO PROF</td>
</tr><tr bgcolor="#E3E3F3">
<th>eq_enderec</th>
<td>JOSE VENANCIO DIAS CORONEL 842</td>
</tr><tr bgcolor="">
<th>eq_bairro</th>
<td>JARAGUA</td>
</tr><tr bgcolor="#E3E3F3">
<th>eq_cep</th>
<td>05160000</td>
</tr><tr bgcolor="">
<th>eq_tipo</th>
<td>CEU AT COM</td>
</tr><tr bgcolor="#E3E3F3">
<th>eq_classe</th>
<td>CEU</td>
</tr><tr bgcolor="">
<th>eq_telefon</th>
<td>00 / </td>
</tr><tr bgcolor="#E3E3F3">
<th>eq_setor</th>
<td>355030895000109</td>
</tr><tr bgcolor="">
<th>eq_areap</th>
<td>3550308005111</td>
</tr><tr bgcolor="#E3E3F3">
<th>eq_cd_dist</th>
<td>95</td>
</tr><tr bgcolor="">
<th>eq_distr</th>
<td>SAO DOMINGOS</td>
</tr><tr bgcolor="#E3E3F3">
<th>eq_cd_subp</th>
<td>2</td>
</tr><tr bgcolor="">
<th>eq_subpref</th>
<td>PIRITUBA-JARAGUA</td>
</tr><tr bgcolor="#E3E3F3">
<th>eq_regiao5</th>
<td>Norte</td>
</tr><tr bgcolor="">
<th>eq_regiao8</th>
<td>Norte 2</td>
</tr><tr bgcolor="#E3E3F3">
<th>eq_ender</th>
<td>JOSE VENANCIO DIAS CORONEL</td>
</tr><tr bgcolor="">
<th>eq_num</th>
<td>842</td>
</tr><tr bgcolor="#E3E3F3">
<th>eq_compend</th>
<td>RUA</td>
</tr><tr bgcolor="">
<th>eq_codcep</th>
<td>05160000</td>
</tr><tr bgcolor="#E3E3F3">
<th>eq_fone1</th>
<td>00</td>
</tr><tr bgcolor="">
<th>eq_fone2</th>
<td></td>
</tr><tr bgcolor="#E3E3F3">
<th>eq_email</th>
<td></td>
</tr><tr bgcolor="">
<th>eq_cd_dirt</th>
<td>10101</td>
</tr><tr bgcolor="#E3E3F3">
<th>eq_diretor</th>
<td>NORTE 1</td>
</tr><tr bgcolor="">
<th>eq_dre</th>
<td>PIRITUBA</td>
</tr><tr bgcolor="#E3E3F3">
<th>eq_cd_zona</th>
<td></td>
</tr><tr bgcolor="">
<th>eq_zona</th>
<td></td>
</tr><tr bgcolor="#E3E3F3">
<th>eq_cd_mec</th>
<td>35455659</td>
</tr><tr bgcolor="">
<th>eq_esfera</th>
<td>MUNICIPAL</td>
</tr><tr bgcolor="#E3E3F3">
<th>eq_cd_catg</th>
<td>1</td>
</tr><tr bgcolor="">
<th>eq_categor</th>
<td>ESCOLAS AUTONOMAS</td>
</tr><tr bgcolor="#E3E3F3">
<th>eq_eol</th>
<td>35455659</td>
</tr><tr bgcolor="">
<th>eq_horario</th>
<td>07:00-20:00</td>
</tr></table></center>]]></description>
			<styleUrl>#m_ylw-pushpin</styleUrl>
			<ExtendedData>
				<SchemaData schemaUrl="#kml_schema_ft_LL_WGS84_KMZ_TEMA_EDUCACAO_CEU">
					<SimpleData name="eq_id">5662</SimpleData>
					<SimpleData name="eq_nome">CEU AT COMPL VILA ATLANTICA - JOAO SOARES FILHO PROF</SimpleData>
					<SimpleData name="eq_enderec">JOSE VENANCIO DIAS CORONEL 842</SimpleData>
					<SimpleData name="eq_bairro">JARAGUA</SimpleData>
					<SimpleData name="eq_cep">05160000</SimpleData>
					<SimpleData name="eq_tipo">CEU AT COM</SimpleData>
					<SimpleData name="eq_classe">CEU</SimpleData>
					<SimpleData name="eq_telefon">00 /</SimpleData>
					<SimpleData name="eq_setor">355030895000109</SimpleData>
					<SimpleData name="eq_areap">3550308005111</SimpleData>
					<SimpleData name="eq_cd_dist">95</SimpleData>
					<SimpleData name="eq_distr">SAO DOMINGOS</SimpleData>
					<SimpleData name="eq_cd_subp">2</SimpleData>
					<SimpleData name="eq_subpref">PIRITUBA-JARAGUA</SimpleData>
					<SimpleData name="eq_regiao5">Norte</SimpleData>
					<SimpleData name="eq_regiao8">Norte 2</SimpleData>
					<SimpleData name="eq_ender">JOSE VENANCIO DIAS CORONEL</SimpleData>
					<SimpleData name="eq_num">842</SimpleData>
					<SimpleData name="eq_compend">RUA</SimpleData>
					<SimpleData name="eq_codcep">05160000</SimpleData>
					<SimpleData name="eq_fone1">00</SimpleData>
					<SimpleData name="eq_cd_dirt">10101</SimpleData>
					<SimpleData name="eq_diretor">NORTE 1</SimpleData>
					<SimpleData name="eq_dre">PIRITUBA</SimpleData>
					<SimpleData name="eq_cd_mec">35455659</SimpleData>
					<SimpleData name="eq_esfera">MUNICIPAL</SimpleData>
					<SimpleData name="eq_cd_catg">1</SimpleData>
					<SimpleData name="eq_categor">ESCOLAS AUTONOMAS</SimpleData>
					<SimpleData name="eq_eol">35455659</SimpleData>
					<SimpleData name="eq_horario">07:00-20:00</SimpleData>
				</SchemaData>
			</ExtendedData>
			<Point>
				<coordinates>-46.7625010001526,-23.4808650009214,0</coordinates>
			</Point>
		</Placemark>
		<Placemark id="kml_163">
			<name>kml_163</name>
			<snippet></snippet>
			<description><![CDATA[<center><table><tr><th colspan='2' align='center'><em>Attributes</em></th></tr><tr bgcolor="#E3E3F3">
<th>eq_id</th>
<td>5663</td>
</tr><tr bgcolor="">
<th>eq_nome</th>
<td>CEU AT COMPL TIQUATIRA</td>
</tr><tr bgcolor="#E3E3F3">
<th>eq_enderec</th>
<td>AVENIDA CONDESSA ELISABETH ROBIANO 10</td>
</tr><tr bgcolor="">
<th>eq_bairro</th>
<td>PENHA</td>
</tr><tr bgcolor="#E3E3F3">
<th>eq_cep</th>
<td>03074000</td>
</tr><tr bgcolor="">
<th>eq_tipo</th>
<td>CEU AT COM</td>
</tr><tr bgcolor="#E3E3F3">
<th>eq_classe</th>
<td>CEU</td>
</tr><tr bgcolor="">
<th>eq_telefon</th>
<td>1120757500 / 1120757502</td>
</tr><tr bgcolor="#E3E3F3">
<th>eq_setor</th>
<td>355030859000157</td>
</tr><tr bgcolor="">
<th>eq_areap</th>
<td>3550308005071</td>
</tr><tr bgcolor="#E3E3F3">
<th>eq_cd_dist</th>
<td>59</td>
</tr><tr bgcolor="">
<th>eq_distr</th>
<td>PENHA</td>
</tr><tr bgcolor="#E3E3F3">
<th>eq_cd_subp</th>
<td>21</td>
</tr><tr bgcolor="">
<th>eq_subpref</th>
<td>PENHA</td>
</tr><tr bgcolor="#E3E3F3">
<th>eq_regiao5</th>
<td>Leste</td>
</tr><tr bgcolor="">
<th>eq_regiao8</th>
<td>Leste 1</td>
</tr><tr bgcolor="#E3E3F3">
<th>eq_ender</th>
<td>AVENIDA CONDESSA ELISABETH ROBIANO</td>
</tr><tr bgcolor="">
<th>eq_num</th>
<td>10</td>
</tr><tr bgcolor="#E3E3F3">
<th>eq_compend</th>
<td>AVENIDA</td>
</tr><tr bgcolor="">
<th>eq_codcep</th>
<td>03074000</td>
</tr><tr bgcolor="#E3E3F3">
<th>eq_fone1</th>
<td>1120757500</td>
</tr><tr bgcolor="">
<th>eq_fone2</th>
<td>1120757502</td>
</tr><tr bgcolor="#E3E3F3">
<th>eq_email</th>
<td></td>
</tr><tr bgcolor="">
<th>eq_cd_dirt</th>
<td>10207</td>
</tr><tr bgcolor="#E3E3F3">
<th>eq_diretor</th>
<td>LESTE 1</td>
</tr><tr bgcolor="">
<th>eq_dre</th>
<td>PENHA</td>
</tr><tr bgcolor="#E3E3F3">
<th>eq_cd_zona</th>
<td></td>
</tr><tr bgcolor="">
<th>eq_zona</th>
<td></td>
</tr><tr bgcolor="#E3E3F3">
<th>eq_cd_mec</th>
<td>35455660</td>
</tr><tr bgcolor="">
<th>eq_esfera</th>
<td>MUNICIPAL</td>
</tr><tr bgcolor="#E3E3F3">
<th>eq_cd_catg</th>
<td>1</td>
</tr><tr bgcolor="">
<th>eq_categor</th>
<td>ESCOLAS AUTONOMAS</td>
</tr><tr bgcolor="#E3E3F3">
<th>eq_eol</th>
<td>35455660</td>
</tr><tr bgcolor="">
<th>eq_horario</th>
<td>08:00-22:00</td>
</tr></table></center>]]></description>
			<styleUrl>#m_ylw-pushpin</styleUrl>
			<ExtendedData>
				<SchemaData schemaUrl="#kml_schema_ft_LL_WGS84_KMZ_TEMA_EDUCACAO_CEU">
					<SimpleData name="eq_id">5663</SimpleData>
					<SimpleData name="eq_nome">CEU AT COMPL TIQUATIRA</SimpleData>
					<SimpleData name="eq_enderec">AVENIDA CONDESSA ELISABETH ROBIANO 10</SimpleData>
					<SimpleData name="eq_bairro">PENHA</SimpleData>
					<SimpleData name="eq_cep">03074000</SimpleData>
					<SimpleData name="eq_tipo">CEU AT COM</SimpleData>
					<SimpleData name="eq_classe">CEU</SimpleData>
					<SimpleData name="eq_telefon">1120757500 / 1120757502</SimpleData>
					<SimpleData name="eq_setor">355030859000157</SimpleData>
					<SimpleData name="eq_areap">3550308005071</SimpleData>
					<SimpleData name="eq_cd_dist">59</SimpleData>
					<SimpleData name="eq_distr">PENHA</SimpleData>
					<SimpleData name="eq_cd_subp">21</SimpleData>
					<SimpleData name="eq_subpref">PENHA</SimpleData>
					<SimpleData name="eq_regiao5">Leste</SimpleData>
					<SimpleData name="eq_regiao8">Leste 1</SimpleData>
					<SimpleData name="eq_ender">AVENIDA CONDESSA ELISABETH ROBIANO</SimpleData>
					<SimpleData name="eq_num">10</SimpleData>
					<SimpleData name="eq_compend">AVENIDA</SimpleData>
					<SimpleData name="eq_codcep">03074000</SimpleData>
					<SimpleData name="eq_fone1">1120757500</SimpleData>
					<SimpleData name="eq_fone2">1120757502</SimpleData>
					<SimpleData name="eq_cd_dirt">10207</SimpleData>
					<SimpleData name="eq_diretor">LESTE 1</SimpleData>
					<SimpleData name="eq_dre">PENHA</SimpleData>
					<SimpleData name="eq_cd_mec">35455660</SimpleData>
					<SimpleData name="eq_esfera">MUNICIPAL</SimpleData>
					<SimpleData name="eq_cd_catg">1</SimpleData>
					<SimpleData name="eq_categor">ESCOLAS AUTONOMAS</SimpleData>
					<SimpleData name="eq_eol">35455660</SimpleData>
					<SimpleData name="eq_horario">08:00-22:00</SimpleData>
				</SchemaData>
			</ExtendedData>
			<Point>
				<coordinates>-46.5530700002352,-23.5194659980291,0</coordinates>
			</Point>
		</Placemark>
		<Placemark id="kml_164">
			<name>kml_164</name>
			<snippet></snippet>
			<description><![CDATA[<center><table><tr><th colspan='2' align='center'><em>Attributes</em></th></tr><tr bgcolor="#E3E3F3">
<th>eq_id</th>
<td>5664</td>
</tr><tr bgcolor="">
<th>eq_nome</th>
<td>CEU AT COMPL ROSA DA CHINA</td>
</tr><tr bgcolor="#E3E3F3">
<th>eq_enderec</th>
<td>CLARA PETRELA 111</td>
</tr><tr bgcolor="">
<th>eq_bairro</th>
<td>JARDIM SAO ROBERTO</td>
</tr><tr bgcolor="#E3E3F3">
<th>eq_cep</th>
<td>03978000</td>
</tr><tr bgcolor="">
<th>eq_tipo</th>
<td>CEU AT COM</td>
</tr><tr bgcolor="#E3E3F3">
<th>eq_classe</th>
<td>CEU</td>
</tr><tr bgcolor="">
<th>eq_telefon</th>
<td>00 / </td>
</tr><tr bgcolor="#E3E3F3">
<th>eq_setor</th>
<td>355030876000182</td>
</tr><tr bgcolor="">
<th>eq_areap</th>
<td>3550308005209</td>
</tr><tr bgcolor="#E3E3F3">
<th>eq_cd_dist</th>
<td>76</td>
</tr><tr bgcolor="">
<th>eq_distr</th>
<td>SAPOPEMBA</td>
</tr><tr bgcolor="#E3E3F3">
<th>eq_cd_subp</th>
<td>32</td>
</tr><tr bgcolor="">
<th>eq_subpref</th>
<td>SAPOPEMBA</td>
</tr><tr bgcolor="#E3E3F3">
<th>eq_regiao5</th>
<td>Leste</td>
</tr><tr bgcolor="">
<th>eq_regiao8</th>
<td>Leste 1</td>
</tr><tr bgcolor="#E3E3F3">
<th>eq_ender</th>
<td>CLARA PETRELA</td>
</tr><tr bgcolor="">
<th>eq_num</th>
<td>111</td>
</tr><tr bgcolor="#E3E3F3">
<th>eq_compend</th>
<td>RUA</td>
</tr><tr bgcolor="">
<th>eq_codcep</th>
<td>03978000</td>
</tr><tr bgcolor="#E3E3F3">
<th>eq_fone1</th>
<td>00</td>
</tr><tr bgcolor="">
<th>eq_fone2</th>
<td></td>
</tr><tr bgcolor="#E3E3F3">
<th>eq_email</th>
<td></td>
</tr><tr bgcolor="">
<th>eq_cd_dirt</th>
<td>10208</td>
</tr><tr bgcolor="#E3E3F3">
<th>eq_diretor</th>
<td>LESTE 4</td>
</tr><tr bgcolor="">
<th>eq_dre</th>
<td>SAO MATEUS</td>
</tr><tr bgcolor="#E3E3F3">
<th>eq_cd_zona</th>
<td></td>
</tr><tr bgcolor="">
<th>eq_zona</th>
<td></td>
</tr><tr bgcolor="#E3E3F3">
<th>eq_cd_mec</th>
<td>35455672</td>
</tr><tr bgcolor="">
<th>eq_esfera</th>
<td>MUNICIPAL</td>
</tr><tr bgcolor="#E3E3F3">
<th>eq_cd_catg</th>
<td>1</td>
</tr><tr bgcolor="">
<th>eq_categor</th>
<td>ESCOLAS AUTONOMAS</td>
</tr><tr bgcolor="#E3E3F3">
<th>eq_eol</th>
<td>35455672</td>
</tr><tr bgcolor="">
<th>eq_horario</th>
<td>07:00-22:00</td>
</tr></table></center>]]></description>
			<styleUrl>#m_ylw-pushpin</styleUrl>
			<ExtendedData>
				<SchemaData schemaUrl="#kml_schema_ft_LL_WGS84_KMZ_TEMA_EDUCACAO_CEU">
					<SimpleData name="eq_id">5664</SimpleData>
					<SimpleData name="eq_nome">CEU AT COMPL ROSA DA CHINA</SimpleData>
					<SimpleData name="eq_enderec">CLARA PETRELA 111</SimpleData>
					<SimpleData name="eq_bairro">JARDIM SAO ROBERTO</SimpleData>
					<SimpleData name="eq_cep">03978000</SimpleData>
					<SimpleData name="eq_tipo">CEU AT COM</SimpleData>
					<SimpleData name="eq_classe">CEU</SimpleData>
					<SimpleData name="eq_telefon">00 /</SimpleData>
					<SimpleData name="eq_setor">355030876000182</SimpleData>
					<SimpleData name="eq_areap">3550308005209</SimpleData>
					<SimpleData name="eq_cd_dist">76</SimpleData>
					<SimpleData name="eq_distr">SAPOPEMBA</SimpleData>
					<SimpleData name="eq_cd_subp">32</SimpleData>
					<SimpleData name="eq_subpref">SAPOPEMBA</SimpleData>
					<SimpleData name="eq_regiao5">Leste</SimpleData>
					<SimpleData name="eq_regiao8">Leste 1</SimpleData>
					<SimpleData name="eq_ender">CLARA PETRELA</SimpleData>
					<SimpleData name="eq_num">111</SimpleData>
					<SimpleData name="eq_compend">RUA</SimpleData>
					<SimpleData name="eq_codcep">03978000</SimpleData>
					<SimpleData name="eq_fone1">00</SimpleData>
					<SimpleData name="eq_cd_dirt">10208</SimpleData>
					<SimpleData name="eq_diretor">LESTE 4</SimpleData>
					<SimpleData name="eq_dre">SAO MATEUS</SimpleData>
					<SimpleData name="eq_cd_mec">35455672</SimpleData>
					<SimpleData name="eq_esfera">MUNICIPAL</SimpleData>
					<SimpleData name="eq_cd_catg">1</SimpleData>
					<SimpleData name="eq_categor">ESCOLAS AUTONOMAS</SimpleData>
					<SimpleData name="eq_eol">35455672</SimpleData>
					<SimpleData name="eq_horario">07:00-22:00</SimpleData>
				</SchemaData>
			</ExtendedData>
			<Point>
				<coordinates>-46.5007749999411,-23.6215670004229,0</coordinates>
			</Point>
		</Placemark>
		<Placemark id="kml_165">
			<name>kml_165</name>
			<snippet></snippet>
			<description><![CDATA[<center><table><tr><th colspan='2' align='center'><em>Attributes</em></th></tr><tr bgcolor="#E3E3F3">
<th>eq_id</th>
<td>5665</td>
</tr><tr bgcolor="">
<th>eq_nome</th>
<td>CEU AT COMPL GUARAPIRANGA - FLORINDA LOTAIF SCHAHIN</td>
</tr><tr bgcolor="#E3E3F3">
<th>eq_enderec</th>
<td>BARONESA 1120</td>
</tr><tr bgcolor="">
<th>eq_bairro</th>
<td>PARQUE BOLOGNE</td>
</tr><tr bgcolor="#E3E3F3">
<th>eq_cep</th>
<td>04941000</td>
</tr><tr bgcolor="">
<th>eq_tipo</th>
<td>CEU AT COM</td>
</tr><tr bgcolor="#E3E3F3">
<th>eq_classe</th>
<td>CEU</td>
</tr><tr bgcolor="">
<th>eq_telefon</th>
<td>1158336317 / </td>
</tr><tr bgcolor="#E3E3F3">
<th>eq_setor</th>
<td>355030843000053</td>
</tr><tr bgcolor="">
<th>eq_areap</th>
<td>3550308005291</td>
</tr><tr bgcolor="#E3E3F3">
<th>eq_cd_dist</th>
<td>43</td>
</tr><tr bgcolor="">
<th>eq_distr</th>
<td>JARDIM ANGELA</td>
</tr><tr bgcolor="#E3E3F3">
<th>eq_cd_subp</th>
<td>18</td>
</tr><tr bgcolor="">
<th>eq_subpref</th>
<td>M'BOI MIRIM</td>
</tr><tr bgcolor="#E3E3F3">
<th>eq_regiao5</th>
<td>Sul</td>
</tr><tr bgcolor="">
<th>eq_regiao8</th>
<td>Sul 2</td>
</tr><tr bgcolor="#E3E3F3">
<th>eq_ender</th>
<td>BARONESA</td>
</tr><tr bgcolor="">
<th>eq_num</th>
<td>1120</td>
</tr><tr bgcolor="#E3E3F3">
<th>eq_compend</th>
<td>ESTRADA</td>
</tr><tr bgcolor="">
<th>eq_codcep</th>
<td>04941000</td>
</tr><tr bgcolor="#E3E3F3">
<th>eq_fone1</th>
<td>1158336317</td>
</tr><tr bgcolor="">
<th>eq_fone2</th>
<td></td>
</tr><tr bgcolor="#E3E3F3">
<th>eq_email</th>
<td></td>
</tr><tr bgcolor="">
<th>eq_cd_dirt</th>
<td>10314</td>
</tr><tr bgcolor="#E3E3F3">
<th>eq_diretor</th>
<td>SUL 2</td>
</tr><tr bgcolor="">
<th>eq_dre</th>
<td>CAMPO LIMPO</td>
</tr><tr bgcolor="#E3E3F3">
<th>eq_cd_zona</th>
<td></td>
</tr><tr bgcolor="">
<th>eq_zona</th>
<td></td>
</tr><tr bgcolor="#E3E3F3">
<th>eq_cd_mec</th>
<td>35455684</td>
</tr><tr bgcolor="">
<th>eq_esfera</th>
<td>MUNICIPAL</td>
</tr><tr bgcolor="#E3E3F3">
<th>eq_cd_catg</th>
<td>1</td>
</tr><tr bgcolor="">
<th>eq_categor</th>
<td>ESCOLAS AUTONOMAS</td>
</tr><tr bgcolor="#E3E3F3">
<th>eq_eol</th>
<td>35455684</td>
</tr><tr bgcolor="">
<th>eq_horario</th>
<td>07:30-15:25</td>
</tr></table></center>]]></description>
			<styleUrl>#m_ylw-pushpin</styleUrl>
			<ExtendedData>
				<SchemaData schemaUrl="#kml_schema_ft_LL_WGS84_KMZ_TEMA_EDUCACAO_CEU">
					<SimpleData name="eq_id">5665</SimpleData>
					<SimpleData name="eq_nome">CEU AT COMPL GUARAPIRANGA - FLORINDA LOTAIF SCHAHIN</SimpleData>
					<SimpleData name="eq_enderec">BARONESA 1120</SimpleData>
					<SimpleData name="eq_bairro">PARQUE BOLOGNE</SimpleData>
					<SimpleData name="eq_cep">04941000</SimpleData>
					<SimpleData name="eq_tipo">CEU AT COM</SimpleData>
					<SimpleData name="eq_classe">CEU</SimpleData>
					<SimpleData name="eq_telefon">1158336317 /</SimpleData>
					<SimpleData name="eq_setor">355030843000053</SimpleData>
					<SimpleData name="eq_areap">3550308005291</SimpleData>
					<SimpleData name="eq_cd_dist">43</SimpleData>
					<SimpleData name="eq_distr">JARDIM ANGELA</SimpleData>
					<SimpleData name="eq_cd_subp">18</SimpleData>
					<SimpleData name="eq_subpref">M&apos;BOI MIRIM</SimpleData>
					<SimpleData name="eq_regiao5">Sul</SimpleData>
					<SimpleData name="eq_regiao8">Sul 2</SimpleData>
					<SimpleData name="eq_ender">BARONESA</SimpleData>
					<SimpleData name="eq_num">1120</SimpleData>
					<SimpleData name="eq_compend">ESTRADA</SimpleData>
					<SimpleData name="eq_codcep">04941000</SimpleData>
					<SimpleData name="eq_fone1">1158336317</SimpleData>
					<SimpleData name="eq_cd_dirt">10314</SimpleData>
					<SimpleData name="eq_diretor">SUL 2</SimpleData>
					<SimpleData name="eq_dre">CAMPO LIMPO</SimpleData>
					<SimpleData name="eq_cd_mec">35455684</SimpleData>
					<SimpleData name="eq_esfera">MUNICIPAL</SimpleData>
					<SimpleData name="eq_cd_catg">1</SimpleData>
					<SimpleData name="eq_categor">ESCOLAS AUTONOMAS</SimpleData>
					<SimpleData name="eq_eol">35455684</SimpleData>
					<SimpleData name="eq_horario">07:30-15:25</SimpleData>
				</SchemaData>
			</ExtendedData>
			<Point>
				<coordinates>-46.7650629998218,-23.6977150033258,0</coordinates>
			</Point>
		</Placemark>
		<Placemark id="kml_166">
			<name>kml_166</name>
			<snippet></snippet>
			<description><![CDATA[<center><table><tr><th colspan='2' align='center'><em>Attributes</em></th></tr><tr bgcolor="#E3E3F3">
<th>eq_id</th>
<td>5666</td>
</tr><tr bgcolor="">
<th>eq_nome</th>
<td>CEU AT COMPL PARELHEIROS - ENEIDA PALMA LEITE PROFA</td>
</tr><tr bgcolor="#E3E3F3">
<th>eq_enderec</th>
<td>JOSE PEDRO DE BORBA 20</td>
</tr><tr bgcolor="">
<th>eq_bairro</th>
<td>JARDIM NOVO PARELHEIROS</td>
</tr><tr bgcolor="#E3E3F3">
<th>eq_cep</th>
<td>04890000</td>
</tr><tr bgcolor="">
<th>eq_tipo</th>
<td>CEU AT COM</td>
</tr><tr bgcolor="#E3E3F3">
<th>eq_classe</th>
<td>CEU</td>
</tr><tr bgcolor="">
<th>eq_telefon</th>
<td>1159260509 / 1159260510</td>
</tr><tr bgcolor="#E3E3F3">
<th>eq_setor</th>
<td>355030855000021</td>
</tr><tr bgcolor="">
<th>eq_areap</th>
<td>3550308005301</td>
</tr><tr bgcolor="#E3E3F3">
<th>eq_cd_dist</th>
<td>55</td>
</tr><tr bgcolor="">
<th>eq_distr</th>
<td>PARELHEIROS</td>
</tr><tr bgcolor="#E3E3F3">
<th>eq_cd_subp</th>
<td>20</td>
</tr><tr bgcolor="">
<th>eq_subpref</th>
<td>PARELHEIROS</td>
</tr><tr bgcolor="#E3E3F3">
<th>eq_regiao5</th>
<td>Sul</td>
</tr><tr bgcolor="">
<th>eq_regiao8</th>
<td>Sul 2</td>
</tr><tr bgcolor="#E3E3F3">
<th>eq_ender</th>
<td>JOSE PEDRO DE BORBA</td>
</tr><tr bgcolor="">
<th>eq_num</th>
<td>20</td>
</tr><tr bgcolor="#E3E3F3">
<th>eq_compend</th>
<td>RUA</td>
</tr><tr bgcolor="">
<th>eq_codcep</th>
<td>04890000</td>
</tr><tr bgcolor="#E3E3F3">
<th>eq_fone1</th>
<td>1159260509</td>
</tr><tr bgcolor="">
<th>eq_fone2</th>
<td>1159260510</td>
</tr><tr bgcolor="#E3E3F3">
<th>eq_email</th>
<td>SMECEUPARELHEIROS@SME.PREFEITURA.SP.GOV.BR</td>
</tr><tr bgcolor="">
<th>eq_cd_dirt</th>
<td>10318</td>
</tr><tr bgcolor="#E3E3F3">
<th>eq_diretor</th>
<td>SUL 3</td>
</tr><tr bgcolor="">
<th>eq_dre</th>
<td>CAPELA DO SOCORRO</td>
</tr><tr bgcolor="#E3E3F3">
<th>eq_cd_zona</th>
<td></td>
</tr><tr bgcolor="">
<th>eq_zona</th>
<td></td>
</tr><tr bgcolor="#E3E3F3">
<th>eq_cd_mec</th>
<td>35455696</td>
</tr><tr bgcolor="">
<th>eq_esfera</th>
<td>MUNICIPAL</td>
</tr><tr bgcolor="#E3E3F3">
<th>eq_cd_catg</th>
<td>1</td>
</tr><tr bgcolor="">
<th>eq_categor</th>
<td>ESCOLAS AUTONOMAS</td>
</tr><tr bgcolor="#E3E3F3">
<th>eq_eol</th>
<td>35455696</td>
</tr><tr bgcolor="">
<th>eq_horario</th>
<td>08:00-22:00</td>
</tr></table></center>]]></description>
			<styleUrl>#m_ylw-pushpin</styleUrl>
			<ExtendedData>
				<SchemaData schemaUrl="#kml_schema_ft_LL_WGS84_KMZ_TEMA_EDUCACAO_CEU">
					<SimpleData name="eq_id">5666</SimpleData>
					<SimpleData name="eq_nome">CEU AT COMPL PARELHEIROS - ENEIDA PALMA LEITE PROFA</SimpleData>
					<SimpleData name="eq_enderec">JOSE PEDRO DE BORBA 20</SimpleData>
					<SimpleData name="eq_bairro">JARDIM NOVO PARELHEIROS</SimpleData>
					<SimpleData name="eq_cep">04890000</SimpleData>
					<SimpleData name="eq_tipo">CEU AT COM</SimpleData>
					<SimpleData name="eq_classe">CEU</SimpleData>
					<SimpleData name="eq_telefon">1159260509 / 1159260510</SimpleData>
					<SimpleData name="eq_setor">355030855000021</SimpleData>
					<SimpleData name="eq_areap">3550308005301</SimpleData>
					<SimpleData name="eq_cd_dist">55</SimpleData>
					<SimpleData name="eq_distr">PARELHEIROS</SimpleData>
					<SimpleData name="eq_cd_subp">20</SimpleData>
					<SimpleData name="eq_subpref">PARELHEIROS</SimpleData>
					<SimpleData name="eq_regiao5">Sul</SimpleData>
					<SimpleData name="eq_regiao8">Sul 2</SimpleData>
					<SimpleData name="eq_ender">JOSE PEDRO DE BORBA</SimpleData>
					<SimpleData name="eq_num">20</SimpleData>
					<SimpleData name="eq_compend">RUA</SimpleData>
					<SimpleData name="eq_codcep">04890000</SimpleData>
					<SimpleData name="eq_fone1">1159260509</SimpleData>
					<SimpleData name="eq_fone2">1159260510</SimpleData>
					<SimpleData name="eq_email">SMECEUPARELHEIROS@SME.PREFEITURA.SP.GOV.BR</SimpleData>
					<SimpleData name="eq_cd_dirt">10318</SimpleData>
					<SimpleData name="eq_diretor">SUL 3</SimpleData>
					<SimpleData name="eq_dre">CAPELA DO SOCORRO</SimpleData>
					<SimpleData name="eq_cd_mec">35455696</SimpleData>
					<SimpleData name="eq_esfera">MUNICIPAL</SimpleData>
					<SimpleData name="eq_cd_catg">1</SimpleData>
					<SimpleData name="eq_categor">ESCOLAS AUTONOMAS</SimpleData>
					<SimpleData name="eq_eol">35455696</SimpleData>
					<SimpleData name="eq_horario">08:00-22:00</SimpleData>
				</SchemaData>
			</ExtendedData>
			<Point>
				<coordinates>-46.7196249996269,-23.8245840001893,0</coordinates>
			</Point>
		</Placemark>
		<Placemark id="kml_167">
			<name>kml_167</name>
			<snippet></snippet>
			<description><![CDATA[<center><table><tr><th colspan='2' align='center'><em>Attributes</em></th></tr><tr bgcolor="#E3E3F3">
<th>eq_id</th>
<td>5667</td>
</tr><tr bgcolor="">
<th>eq_nome</th>
<td>CEU AT COMPL SAO RAFAEL</td>
</tr><tr bgcolor="#E3E3F3">
<th>eq_enderec</th>
<td>CINIRA POLONIO 98</td>
</tr><tr bgcolor="">
<th>eq_bairro</th>
<td>CONJUNTO PROMORAR RIO CLARO</td>
</tr><tr bgcolor="#E3E3F3">
<th>eq_cep</th>
<td>08395000</td>
</tr><tr bgcolor="">
<th>eq_tipo</th>
<td>CEU AT COM</td>
</tr><tr bgcolor="#E3E3F3">
<th>eq_classe</th>
<td>CEU</td>
</tr><tr bgcolor="">
<th>eq_telefon</th>
<td>00 / </td>
</tr><tr bgcolor="#E3E3F3">
<th>eq_setor</th>
<td>355030875000154</td>
</tr><tr bgcolor="">
<th>eq_areap</th>
<td>3550308005277</td>
</tr><tr bgcolor="#E3E3F3">
<th>eq_cd_dist</th>
<td>75</td>
</tr><tr bgcolor="">
<th>eq_distr</th>
<td>SAO RAFAEL</td>
</tr><tr bgcolor="#E3E3F3">
<th>eq_cd_subp</th>
<td>30</td>
</tr><tr bgcolor="">
<th>eq_subpref</th>
<td>SAO MATEUS</td>
</tr><tr bgcolor="#E3E3F3">
<th>eq_regiao5</th>
<td>Leste</td>
</tr><tr bgcolor="">
<th>eq_regiao8</th>
<td>Leste 2</td>
</tr><tr bgcolor="#E3E3F3">
<th>eq_ender</th>
<td>CINIRA POLONIO</td>
</tr><tr bgcolor="">
<th>eq_num</th>
<td>98</td>
</tr><tr bgcolor="#E3E3F3">
<th>eq_compend</th>
<td>RUA</td>
</tr><tr bgcolor="">
<th>eq_codcep</th>
<td>08395000</td>
</tr><tr bgcolor="#E3E3F3">
<th>eq_fone1</th>
<td>00</td>
</tr><tr bgcolor="">
<th>eq_fone2</th>
<td></td>
</tr><tr bgcolor="#E3E3F3">
<th>eq_email</th>
<td></td>
</tr><tr bgcolor="">
<th>eq_cd_dirt</th>
<td>10211</td>
</tr><tr bgcolor="#E3E3F3">
<th>eq_diretor</th>
<td>LESTE 3</td>
</tr><tr bgcolor="">
<th>eq_dre</th>
<td>SAO MATEUS</td>
</tr><tr bgcolor="#E3E3F3">
<th>eq_cd_zona</th>
<td></td>
</tr><tr bgcolor="">
<th>eq_zona</th>
<td></td>
</tr><tr bgcolor="#E3E3F3">
<th>eq_cd_mec</th>
<td>35455702</td>
</tr><tr bgcolor="">
<th>eq_esfera</th>
<td>MUNICIPAL</td>
</tr><tr bgcolor="#E3E3F3">
<th>eq_cd_catg</th>
<td>1</td>
</tr><tr bgcolor="">
<th>eq_categor</th>
<td>ESCOLAS AUTONOMAS</td>
</tr><tr bgcolor="#E3E3F3">
<th>eq_eol</th>
<td>35455702</td>
</tr><tr bgcolor="">
<th>eq_horario</th>
<td>07:00-19:00</td>
</tr></table></center>]]></description>
			<styleUrl>#m_ylw-pushpin</styleUrl>
			<ExtendedData>
				<SchemaData schemaUrl="#kml_schema_ft_LL_WGS84_KMZ_TEMA_EDUCACAO_CEU">
					<SimpleData name="eq_id">5667</SimpleData>
					<SimpleData name="eq_nome">CEU AT COMPL SAO RAFAEL</SimpleData>
					<SimpleData name="eq_enderec">CINIRA POLONIO 98</SimpleData>
					<SimpleData name="eq_bairro">CONJUNTO PROMORAR RIO CLARO</SimpleData>
					<SimpleData name="eq_cep">08395000</SimpleData>
					<SimpleData name="eq_tipo">CEU AT COM</SimpleData>
					<SimpleData name="eq_classe">CEU</SimpleData>
					<SimpleData name="eq_telefon">00 /</SimpleData>
					<SimpleData name="eq_setor">355030875000154</SimpleData>
					<SimpleData name="eq_areap">3550308005277</SimpleData>
					<SimpleData name="eq_cd_dist">75</SimpleData>
					<SimpleData name="eq_distr">SAO RAFAEL</SimpleData>
					<SimpleData name="eq_cd_subp">30</SimpleData>
					<SimpleData name="eq_subpref">SAO MATEUS</SimpleData>
					<SimpleData name="eq_regiao5">Leste</SimpleData>
					<SimpleData name="eq_regiao8">Leste 2</SimpleData>
					<SimpleData name="eq_ender">CINIRA POLONIO</SimpleData>
					<SimpleData name="eq_num">98</SimpleData>
					<SimpleData name="eq_compend">RUA</SimpleData>
					<SimpleData name="eq_codcep">08395000</SimpleData>
					<SimpleData name="eq_fone1">00</SimpleData>
					<SimpleData name="eq_cd_dirt">10211</SimpleData>
					<SimpleData name="eq_diretor">LESTE 3</SimpleData>
					<SimpleData name="eq_dre">SAO MATEUS</SimpleData>
					<SimpleData name="eq_cd_mec">35455702</SimpleData>
					<SimpleData name="eq_esfera">MUNICIPAL</SimpleData>
					<SimpleData name="eq_cd_catg">1</SimpleData>
					<SimpleData name="eq_categor">ESCOLAS AUTONOMAS</SimpleData>
					<SimpleData name="eq_eol">35455702</SimpleData>
					<SimpleData name="eq_horario">07:00-19:00</SimpleData>
				</SchemaData>
			</ExtendedData>
			<Point>
				<coordinates>-46.4565500004155,-23.6201440035975,0</coordinates>
			</Point>
		</Placemark>
		<Placemark id="kml_168">
			<name>kml_168</name>
			<snippet></snippet>
			<description><![CDATA[<center><table><tr><th colspan='2' align='center'><em>Attributes</em></th></tr><tr bgcolor="#E3E3F3">
<th>eq_id</th>
<td>5668</td>
</tr><tr bgcolor="">
<th>eq_nome</th>
<td>CEU AT COMPL BUTANTA - ELIZABETH GASPAR TUNALA PROFA</td>
</tr><tr bgcolor="#E3E3F3">
<th>eq_enderec</th>
<td>HEITOR ANTONIO EIRAS GARCIA ENGENHEIRO 1870</td>
</tr><tr bgcolor="">
<th>eq_bairro</th>
<td>JARDIM ESMERALDA</td>
</tr><tr bgcolor="#E3E3F3">
<th>eq_cep</th>
<td>05588000</td>
</tr><tr bgcolor="">
<th>eq_tipo</th>
<td>CEU AT COM</td>
</tr><tr bgcolor="#E3E3F3">
<th>eq_classe</th>
<td>CEU</td>
</tr><tr bgcolor="">
<th>eq_telefon</th>
<td>00 / </td>
</tr><tr bgcolor="#E3E3F3">
<th>eq_setor</th>
<td>355030867000108</td>
</tr><tr bgcolor="">
<th>eq_areap</th>
<td>3550308005183</td>
</tr><tr bgcolor="#E3E3F3">
<th>eq_cd_dist</th>
<td>67</td>
</tr><tr bgcolor="">
<th>eq_distr</th>
<td>RIO PEQUENO</td>
</tr><tr bgcolor="#E3E3F3">
<th>eq_cd_subp</th>
<td>10</td>
</tr><tr bgcolor="">
<th>eq_subpref</th>
<td>BUTANTA</td>
</tr><tr bgcolor="#E3E3F3">
<th>eq_regiao5</th>
<td>Oeste</td>
</tr><tr bgcolor="">
<th>eq_regiao8</th>
<td>Oeste</td>
</tr><tr bgcolor="#E3E3F3">
<th>eq_ender</th>
<td>HEITOR ANTONIO EIRAS GARCIA ENGENHEIRO</td>
</tr><tr bgcolor="">
<th>eq_num</th>
<td>1870</td>
</tr><tr bgcolor="#E3E3F3">
<th>eq_compend</th>
<td>AVENIDA</td>
</tr><tr bgcolor="">
<th>eq_codcep</th>
<td>05588000</td>
</tr><tr bgcolor="#E3E3F3">
<th>eq_fone1</th>
<td>00</td>
</tr><tr bgcolor="">
<th>eq_fone2</th>
<td></td>
</tr><tr bgcolor="#E3E3F3">
<th>eq_email</th>
<td></td>
</tr><tr bgcolor="">
<th>eq_cd_dirt</th>
<td>10312</td>
</tr><tr bgcolor="#E3E3F3">
<th>eq_diretor</th>
<td>CENTRO OESTE</td>
</tr><tr bgcolor="">
<th>eq_dre</th>
<td>BUTANTA</td>
</tr><tr bgcolor="#E3E3F3">
<th>eq_cd_zona</th>
<td></td>
</tr><tr bgcolor="">
<th>eq_zona</th>
<td></td>
</tr><tr bgcolor="#E3E3F3">
<th>eq_cd_mec</th>
<td>35455714</td>
</tr><tr bgcolor="">
<th>eq_esfera</th>
<td>MUNICIPAL</td>
</tr><tr bgcolor="#E3E3F3">
<th>eq_cd_catg</th>
<td>1</td>
</tr><tr bgcolor="">
<th>eq_categor</th>
<td>ESCOLAS AUTONOMAS</td>
</tr><tr bgcolor="#E3E3F3">
<th>eq_eol</th>
<td>35455714</td>
</tr><tr bgcolor="">
<th>eq_horario</th>
<td>07:00-22:00</td>
</tr></table></center>]]></description>
			<styleUrl>#m_ylw-pushpin</styleUrl>
			<ExtendedData>
				<SchemaData schemaUrl="#kml_schema_ft_LL_WGS84_KMZ_TEMA_EDUCACAO_CEU">
					<SimpleData name="eq_id">5668</SimpleData>
					<SimpleData name="eq_nome">CEU AT COMPL BUTANTA - ELIZABETH GASPAR TUNALA PROFA</SimpleData>
					<SimpleData name="eq_enderec">HEITOR ANTONIO EIRAS GARCIA ENGENHEIRO 1870</SimpleData>
					<SimpleData name="eq_bairro">JARDIM ESMERALDA</SimpleData>
					<SimpleData name="eq_cep">05588000</SimpleData>
					<SimpleData name="eq_tipo">CEU AT COM</SimpleData>
					<SimpleData name="eq_classe">CEU</SimpleData>
					<SimpleData name="eq_telefon">00 /</SimpleData>
					<SimpleData name="eq_setor">355030867000108</SimpleData>
					<SimpleData name="eq_areap">3550308005183</SimpleData>
					<SimpleData name="eq_cd_dist">67</SimpleData>
					<SimpleData name="eq_distr">RIO PEQUENO</SimpleData>
					<SimpleData name="eq_cd_subp">10</SimpleData>
					<SimpleData name="eq_subpref">BUTANTA</SimpleData>
					<SimpleData name="eq_regiao5">Oeste</SimpleData>
					<SimpleData name="eq_regiao8">Oeste</SimpleData>
					<SimpleData name="eq_ender">HEITOR ANTONIO EIRAS GARCIA ENGENHEIRO</SimpleData>
					<SimpleData name="eq_num">1870</SimpleData>
					<SimpleData name="eq_compend">AVENIDA</SimpleData>
					<SimpleData name="eq_codcep">05588000</SimpleData>
					<SimpleData name="eq_fone1">00</SimpleData>
					<SimpleData name="eq_cd_dirt">10312</SimpleData>
					<SimpleData name="eq_diretor">CENTRO OESTE</SimpleData>
					<SimpleData name="eq_dre">BUTANTA</SimpleData>
					<SimpleData name="eq_cd_mec">35455714</SimpleData>
					<SimpleData name="eq_esfera">MUNICIPAL</SimpleData>
					<SimpleData name="eq_cd_catg">1</SimpleData>
					<SimpleData name="eq_categor">ESCOLAS AUTONOMAS</SimpleData>
					<SimpleData name="eq_eol">35455714</SimpleData>
					<SimpleData name="eq_horario">07:00-22:00</SimpleData>
				</SchemaData>
			</ExtendedData>
			<Point>
				<coordinates>-46.7507860002739,-23.5824050005121,0</coordinates>
			</Point>
		</Placemark>
		<Placemark id="kml_169">
			<name>kml_169</name>
			<snippet></snippet>
			<description><![CDATA[<center><table><tr><th colspan='2' align='center'><em>Attributes</em></th></tr><tr bgcolor="#E3E3F3">
<th>eq_id</th>
<td>5669</td>
</tr><tr bgcolor="">
<th>eq_nome</th>
<td>CEU AT COMPL NAVEGANTES - JOSE EVERARDO RODRIGUES COSME PROF</td>
</tr><tr bgcolor="#E3E3F3">
<th>eq_enderec</th>
<td>MARIA MOASSAB BARBOUR SN</td>
</tr><tr bgcolor="">
<th>eq_bairro</th>
<td>CANTINHO DO CEU</td>
</tr><tr bgcolor="#E3E3F3">
<th>eq_cep</th>
<td>04849000</td>
</tr><tr bgcolor="">
<th>eq_tipo</th>
<td>CEU AT COM</td>
</tr><tr bgcolor="#E3E3F3">
<th>eq_classe</th>
<td>CEU</td>
</tr><tr bgcolor="">
<th>eq_telefon</th>
<td>1159765527 / 1159765528</td>
</tr><tr bgcolor="#E3E3F3">
<th>eq_setor</th>
<td>355030830000293</td>
</tr><tr bgcolor="">
<th>eq_areap</th>
<td>3550308005304</td>
</tr><tr bgcolor="#E3E3F3">
<th>eq_cd_dist</th>
<td>30</td>
</tr><tr bgcolor="">
<th>eq_distr</th>
<td>GRAJAU</td>
</tr><tr bgcolor="#E3E3F3">
<th>eq_cd_subp</th>
<td>19</td>
</tr><tr bgcolor="">
<th>eq_subpref</th>
<td>CAPELA DO SOCORRO</td>
</tr><tr bgcolor="#E3E3F3">
<th>eq_regiao5</th>
<td>Sul</td>
</tr><tr bgcolor="">
<th>eq_regiao8</th>
<td>Sul 2</td>
</tr><tr bgcolor="#E3E3F3">
<th>eq_ender</th>
<td>MARIA MOASSAB BARBOUR</td>
</tr><tr bgcolor="">
<th>eq_num</th>
<td>SN</td>
</tr><tr bgcolor="#E3E3F3">
<th>eq_compend</th>
<td>RUA</td>
</tr><tr bgcolor="">
<th>eq_codcep</th>
<td>04849000</td>
</tr><tr bgcolor="#E3E3F3">
<th>eq_fone1</th>
<td>1159765527</td>
</tr><tr bgcolor="">
<th>eq_fone2</th>
<td>1159765528</td>
</tr><tr bgcolor="#E3E3F3">
<th>eq_email</th>
<td>SMECEUNAVEGANTES@SME.PREFEITURA.SP.GOV.BR</td>
</tr><tr bgcolor="">
<th>eq_cd_dirt</th>
<td>10318</td>
</tr><tr bgcolor="#E3E3F3">
<th>eq_diretor</th>
<td>SUL 3</td>
</tr><tr bgcolor="">
<th>eq_dre</th>
<td>CAPELA DO SOCORRO</td>
</tr><tr bgcolor="#E3E3F3">
<th>eq_cd_zona</th>
<td></td>
</tr><tr bgcolor="">
<th>eq_zona</th>
<td></td>
</tr><tr bgcolor="#E3E3F3">
<th>eq_cd_mec</th>
<td>35455726</td>
</tr><tr bgcolor="">
<th>eq_esfera</th>
<td>MUNICIPAL</td>
</tr><tr bgcolor="#E3E3F3">
<th>eq_cd_catg</th>
<td>1</td>
</tr><tr bgcolor="">
<th>eq_categor</th>
<td>ESCOLAS AUTONOMAS</td>
</tr><tr bgcolor="#E3E3F3">
<th>eq_eol</th>
<td>35455726</td>
</tr><tr bgcolor="">
<th>eq_horario</th>
<td>08:00-18:00</td>
</tr></table></center>]]></description>
			<styleUrl>#m_ylw-pushpin</styleUrl>
			<ExtendedData>
				<SchemaData schemaUrl="#kml_schema_ft_LL_WGS84_KMZ_TEMA_EDUCACAO_CEU">
					<SimpleData name="eq_id">5669</SimpleData>
					<SimpleData name="eq_nome">CEU AT COMPL NAVEGANTES - JOSE EVERARDO RODRIGUES COSME PROF</SimpleData>
					<SimpleData name="eq_enderec">MARIA MOASSAB BARBOUR SN</SimpleData>
					<SimpleData name="eq_bairro">CANTINHO DO CEU</SimpleData>
					<SimpleData name="eq_cep">04849000</SimpleData>
					<SimpleData name="eq_tipo">CEU AT COM</SimpleData>
					<SimpleData name="eq_classe">CEU</SimpleData>
					<SimpleData name="eq_telefon">1159765527 / 1159765528</SimpleData>
					<SimpleData name="eq_setor">355030830000293</SimpleData>
					<SimpleData name="eq_areap">3550308005304</SimpleData>
					<SimpleData name="eq_cd_dist">30</SimpleData>
					<SimpleData name="eq_distr">GRAJAU</SimpleData>
					<SimpleData name="eq_cd_subp">19</SimpleData>
					<SimpleData name="eq_subpref">CAPELA DO SOCORRO</SimpleData>
					<SimpleData name="eq_regiao5">Sul</SimpleData>
					<SimpleData name="eq_regiao8">Sul 2</SimpleData>
					<SimpleData name="eq_ender">MARIA MOASSAB BARBOUR</SimpleData>
					<SimpleData name="eq_num">SN</SimpleData>
					<SimpleData name="eq_compend">RUA</SimpleData>
					<SimpleData name="eq_codcep">04849000</SimpleData>
					<SimpleData name="eq_fone1">1159765527</SimpleData>
					<SimpleData name="eq_fone2">1159765528</SimpleData>
					<SimpleData name="eq_email">SMECEUNAVEGANTES@SME.PREFEITURA.SP.GOV.BR</SimpleData>
					<SimpleData name="eq_cd_dirt">10318</SimpleData>
					<SimpleData name="eq_diretor">SUL 3</SimpleData>
					<SimpleData name="eq_dre">CAPELA DO SOCORRO</SimpleData>
					<SimpleData name="eq_cd_mec">35455726</SimpleData>
					<SimpleData name="eq_esfera">MUNICIPAL</SimpleData>
					<SimpleData name="eq_cd_catg">1</SimpleData>
					<SimpleData name="eq_categor">ESCOLAS AUTONOMAS</SimpleData>
					<SimpleData name="eq_eol">35455726</SimpleData>
					<SimpleData name="eq_horario">08:00-18:00</SimpleData>
				</SchemaData>
			</ExtendedData>
			<Point>
				<coordinates>-46.6602699995059,-23.74371299681169,0</coordinates>
			</Point>
		</Placemark>
		<Placemark id="kml_170">
			<name>kml_170</name>
			<snippet></snippet>
			<description><![CDATA[<center><table><tr><th colspan='2' align='center'><em>Attributes</em></th></tr><tr bgcolor="#E3E3F3">
<th>eq_id</th>
<td>5670</td>
</tr><tr bgcolor="">
<th>eq_nome</th>
<td>CEU AT COMPL CAMPO LIMPO - DOM AGNELO ROSSI CARDEAL</td>
</tr><tr bgcolor="#E3E3F3">
<th>eq_enderec</th>
<td>CARLOS LACERDA 678</td>
</tr><tr bgcolor="">
<th>eq_bairro</th>
<td>PIRAJUSSARA</td>
</tr><tr bgcolor="#E3E3F3">
<th>eq_cep</th>
<td>05789000</td>
</tr><tr bgcolor="">
<th>eq_tipo</th>
<td>CEU AT COM</td>
</tr><tr bgcolor="#E3E3F3">
<th>eq_classe</th>
<td>CEU</td>
</tr><tr bgcolor="">
<th>eq_telefon</th>
<td>00 / </td>
</tr><tr bgcolor="#E3E3F3">
<th>eq_setor</th>
<td>355030817000050</td>
</tr><tr bgcolor="">
<th>eq_areap</th>
<td>3550308005236</td>
</tr><tr bgcolor="#E3E3F3">
<th>eq_cd_dist</th>
<td>17</td>
</tr><tr bgcolor="">
<th>eq_distr</th>
<td>CAMPO LIMPO</td>
</tr><tr bgcolor="#E3E3F3">
<th>eq_cd_subp</th>
<td>17</td>
</tr><tr bgcolor="">
<th>eq_subpref</th>
<td>CAMPO LIMPO</td>
</tr><tr bgcolor="#E3E3F3">
<th>eq_regiao5</th>
<td>Sul</td>
</tr><tr bgcolor="">
<th>eq_regiao8</th>
<td>Sul 2</td>
</tr><tr bgcolor="#E3E3F3">
<th>eq_ender</th>
<td>CARLOS LACERDA</td>
</tr><tr bgcolor="">
<th>eq_num</th>
<td>678</td>
</tr><tr bgcolor="#E3E3F3">
<th>eq_compend</th>
<td>AVENIDA</td>
</tr><tr bgcolor="">
<th>eq_codcep</th>
<td>05789000</td>
</tr><tr bgcolor="#E3E3F3">
<th>eq_fone1</th>
<td>00</td>
</tr><tr bgcolor="">
<th>eq_fone2</th>
<td></td>
</tr><tr bgcolor="#E3E3F3">
<th>eq_email</th>
<td></td>
</tr><tr bgcolor="">
<th>eq_cd_dirt</th>
<td>10317</td>
</tr><tr bgcolor="#E3E3F3">
<th>eq_diretor</th>
<td>SUL 1</td>
</tr><tr bgcolor="">
<th>eq_dre</th>
<td>CAMPO LIMPO</td>
</tr><tr bgcolor="#E3E3F3">
<th>eq_cd_zona</th>
<td></td>
</tr><tr bgcolor="">
<th>eq_zona</th>
<td></td>
</tr><tr bgcolor="#E3E3F3">
<th>eq_cd_mec</th>
<td>35455751</td>
</tr><tr bgcolor="">
<th>eq_esfera</th>
<td>MUNICIPAL</td>
</tr><tr bgcolor="#E3E3F3">
<th>eq_cd_catg</th>
<td>1</td>
</tr><tr bgcolor="">
<th>eq_categor</th>
<td>ESCOLAS AUTONOMAS</td>
</tr><tr bgcolor="#E3E3F3">
<th>eq_eol</th>
<td>35455751</td>
</tr><tr bgcolor="">
<th>eq_horario</th>
<td>06:55-21:00</td>
</tr></table></center>]]></description>
			<styleUrl>#m_ylw-pushpin</styleUrl>
			<ExtendedData>
				<SchemaData schemaUrl="#kml_schema_ft_LL_WGS84_KMZ_TEMA_EDUCACAO_CEU">
					<SimpleData name="eq_id">5670</SimpleData>
					<SimpleData name="eq_nome">CEU AT COMPL CAMPO LIMPO - DOM AGNELO ROSSI CARDEAL</SimpleData>
					<SimpleData name="eq_enderec">CARLOS LACERDA 678</SimpleData>
					<SimpleData name="eq_bairro">PIRAJUSSARA</SimpleData>
					<SimpleData name="eq_cep">05789000</SimpleData>
					<SimpleData name="eq_tipo">CEU AT COM</SimpleData>
					<SimpleData name="eq_classe">CEU</SimpleData>
					<SimpleData name="eq_telefon">00 /</SimpleData>
					<SimpleData name="eq_setor">355030817000050</SimpleData>
					<SimpleData name="eq_areap">3550308005236</SimpleData>
					<SimpleData name="eq_cd_dist">17</SimpleData>
					<SimpleData name="eq_distr">CAMPO LIMPO</SimpleData>
					<SimpleData name="eq_cd_subp">17</SimpleData>
					<SimpleData name="eq_subpref">CAMPO LIMPO</SimpleData>
					<SimpleData name="eq_regiao5">Sul</SimpleData>
					<SimpleData name="eq_regiao8">Sul 2</SimpleData>
					<SimpleData name="eq_ender">CARLOS LACERDA</SimpleData>
					<SimpleData name="eq_num">678</SimpleData>
					<SimpleData name="eq_compend">AVENIDA</SimpleData>
					<SimpleData name="eq_codcep">05789000</SimpleData>
					<SimpleData name="eq_fone1">00</SimpleData>
					<SimpleData name="eq_cd_dirt">10317</SimpleData>
					<SimpleData name="eq_diretor">SUL 1</SimpleData>
					<SimpleData name="eq_dre">CAMPO LIMPO</SimpleData>
					<SimpleData name="eq_cd_mec">35455751</SimpleData>
					<SimpleData name="eq_esfera">MUNICIPAL</SimpleData>
					<SimpleData name="eq_cd_catg">1</SimpleData>
					<SimpleData name="eq_categor">ESCOLAS AUTONOMAS</SimpleData>
					<SimpleData name="eq_eol">35455751</SimpleData>
					<SimpleData name="eq_horario">06:55-21:00</SimpleData>
				</SchemaData>
			</ExtendedData>
			<Point>
				<coordinates>-46.7794549995554,-23.6368460003187,0</coordinates>
			</Point>
		</Placemark>
		<Placemark id="kml_171">
			<name>kml_171</name>
			<snippet></snippet>
			<description><![CDATA[<center><table><tr><th colspan='2' align='center'><em>Attributes</em></th></tr><tr bgcolor="#E3E3F3">
<th>eq_id</th>
<td>5671</td>
</tr><tr bgcolor="">
<th>eq_nome</th>
<td>CEU AT COMPL FEITICO DA VILA - JOSE FREITAS NOBRE DEP PROF</td>
</tr><tr bgcolor="#E3E3F3">
<th>eq_enderec</th>
<td>FEITICO DA VILA 399</td>
</tr><tr bgcolor="">
<th>eq_bairro</th>
<td>CHACARA SANTA MARIA</td>
</tr><tr bgcolor="#E3E3F3">
<th>eq_cep</th>
<td>05879000</td>
</tr><tr bgcolor="">
<th>eq_tipo</th>
<td>CEU AT COM</td>
</tr><tr bgcolor="#E3E3F3">
<th>eq_classe</th>
<td>CEU</td>
</tr><tr bgcolor="">
<th>eq_telefon</th>
<td>1133976551 / 1133976561</td>
</tr><tr bgcolor="#E3E3F3">
<th>eq_setor</th>
<td>355030819000199</td>
</tr><tr bgcolor="">
<th>eq_areap</th>
<td>3550308005295</td>
</tr><tr bgcolor="#E3E3F3">
<th>eq_cd_dist</th>
<td>19</td>
</tr><tr bgcolor="">
<th>eq_distr</th>
<td>CAPAO REDONDO</td>
</tr><tr bgcolor="#E3E3F3">
<th>eq_cd_subp</th>
<td>17</td>
</tr><tr bgcolor="">
<th>eq_subpref</th>
<td>CAMPO LIMPO</td>
</tr><tr bgcolor="#E3E3F3">
<th>eq_regiao5</th>
<td>Sul</td>
</tr><tr bgcolor="">
<th>eq_regiao8</th>
<td>Sul 2</td>
</tr><tr bgcolor="#E3E3F3">
<th>eq_ender</th>
<td>FEITICO DA VILA</td>
</tr><tr bgcolor="">
<th>eq_num</th>
<td>399</td>
</tr><tr bgcolor="#E3E3F3">
<th>eq_compend</th>
<td>RUA</td>
</tr><tr bgcolor="">
<th>eq_codcep</th>
<td>05879000</td>
</tr><tr bgcolor="#E3E3F3">
<th>eq_fone1</th>
<td>1133976551</td>
</tr><tr bgcolor="">
<th>eq_fone2</th>
<td>1133976561</td>
</tr><tr bgcolor="#E3E3F3">
<th>eq_email</th>
<td></td>
</tr><tr bgcolor="">
<th>eq_cd_dirt</th>
<td>10314</td>
</tr><tr bgcolor="#E3E3F3">
<th>eq_diretor</th>
<td>SUL 2</td>
</tr><tr bgcolor="">
<th>eq_dre</th>
<td>CAMPO LIMPO</td>
</tr><tr bgcolor="#E3E3F3">
<th>eq_cd_zona</th>
<td></td>
</tr><tr bgcolor="">
<th>eq_zona</th>
<td></td>
</tr><tr bgcolor="#E3E3F3">
<th>eq_cd_mec</th>
<td>35455775</td>
</tr><tr bgcolor="">
<th>eq_esfera</th>
<td>MUNICIPAL</td>
</tr><tr bgcolor="#E3E3F3">
<th>eq_cd_catg</th>
<td>1</td>
</tr><tr bgcolor="">
<th>eq_categor</th>
<td>ESCOLAS AUTONOMAS</td>
</tr><tr bgcolor="#E3E3F3">
<th>eq_eol</th>
<td>35455775</td>
</tr><tr bgcolor="">
<th>eq_horario</th>
<td>07:00-21:30</td>
</tr></table></center>]]></description>
			<styleUrl>#m_ylw-pushpin</styleUrl>
			<ExtendedData>
				<SchemaData schemaUrl="#kml_schema_ft_LL_WGS84_KMZ_TEMA_EDUCACAO_CEU">
					<SimpleData name="eq_id">5671</SimpleData>
					<SimpleData name="eq_nome">CEU AT COMPL FEITICO DA VILA - JOSE FREITAS NOBRE DEP PROF</SimpleData>
					<SimpleData name="eq_enderec">FEITICO DA VILA 399</SimpleData>
					<SimpleData name="eq_bairro">CHACARA SANTA MARIA</SimpleData>
					<SimpleData name="eq_cep">05879000</SimpleData>
					<SimpleData name="eq_tipo">CEU AT COM</SimpleData>
					<SimpleData name="eq_classe">CEU</SimpleData>
					<SimpleData name="eq_telefon">1133976551 / 1133976561</SimpleData>
					<SimpleData name="eq_setor">355030819000199</SimpleData>
					<SimpleData name="eq_areap">3550308005295</SimpleData>
					<SimpleData name="eq_cd_dist">19</SimpleData>
					<SimpleData name="eq_distr">CAPAO REDONDO</SimpleData>
					<SimpleData name="eq_cd_subp">17</SimpleData>
					<SimpleData name="eq_subpref">CAMPO LIMPO</SimpleData>
					<SimpleData name="eq_regiao5">Sul</SimpleData>
					<SimpleData name="eq_regiao8">Sul 2</SimpleData>
					<SimpleData name="eq_ender">FEITICO DA VILA</SimpleData>
					<SimpleData name="eq_num">399</SimpleData>
					<SimpleData name="eq_compend">RUA</SimpleData>
					<SimpleData name="eq_codcep">05879000</SimpleData>
					<SimpleData name="eq_fone1">1133976551</SimpleData>
					<SimpleData name="eq_fone2">1133976561</SimpleData>
					<SimpleData name="eq_cd_dirt">10314</SimpleData>
					<SimpleData name="eq_diretor">SUL 2</SimpleData>
					<SimpleData name="eq_dre">CAMPO LIMPO</SimpleData>
					<SimpleData name="eq_cd_mec">35455775</SimpleData>
					<SimpleData name="eq_esfera">MUNICIPAL</SimpleData>
					<SimpleData name="eq_cd_catg">1</SimpleData>
					<SimpleData name="eq_categor">ESCOLAS AUTONOMAS</SimpleData>
					<SimpleData name="eq_eol">35455775</SimpleData>
					<SimpleData name="eq_horario">07:00-21:30</SimpleData>
				</SchemaData>
			</ExtendedData>
			<Point>
				<coordinates>-46.7930560000358,-23.6858869996072,0</coordinates>
			</Point>
		</Placemark>
		<Placemark id="kml_172">
			<name>kml_172</name>
			<snippet></snippet>
			<description><![CDATA[<center><table><tr><th colspan='2' align='center'><em>Attributes</em></th></tr><tr bgcolor="#E3E3F3">
<th>eq_id</th>
<td>5672</td>
</tr><tr bgcolor="">
<th>eq_nome</th>
<td>CEU AT COMPL MENINOS - ARTUR ALBERTO DE MOTA GONCALVES PROF DR</td>
</tr><tr bgcolor="#E3E3F3">
<th>eq_enderec</th>
<td>BARBINOS 111</td>
</tr><tr bgcolor="">
<th>eq_bairro</th>
<td>SAO JOAO CLIMACO</td>
</tr><tr bgcolor="#E3E3F3">
<th>eq_cep</th>
<td>04240000</td>
</tr><tr bgcolor="">
<th>eq_tipo</th>
<td>CEU AT COM</td>
</tr><tr bgcolor="#E3E3F3">
<th>eq_classe</th>
<td>CEU</td>
</tr><tr bgcolor="">
<th>eq_telefon</th>
<td>00 / </td>
</tr><tr bgcolor="#E3E3F3">
<th>eq_setor</th>
<td>355030868000250</td>
</tr><tr bgcolor="">
<th>eq_areap</th>
<td>3550308005086</td>
</tr><tr bgcolor="#E3E3F3">
<th>eq_cd_dist</th>
<td>68</td>
</tr><tr bgcolor="">
<th>eq_distr</th>
<td>SACOMA</td>
</tr><tr bgcolor="#E3E3F3">
<th>eq_cd_subp</th>
<td>13</td>
</tr><tr bgcolor="">
<th>eq_subpref</th>
<td>IPIRANGA</td>
</tr><tr bgcolor="#E3E3F3">
<th>eq_regiao5</th>
<td>Sul</td>
</tr><tr bgcolor="">
<th>eq_regiao8</th>
<td>Sul 1</td>
</tr><tr bgcolor="#E3E3F3">
<th>eq_ender</th>
<td>BARBINOS</td>
</tr><tr bgcolor="">
<th>eq_num</th>
<td>111</td>
</tr><tr bgcolor="#E3E3F3">
<th>eq_compend</th>
<td>RUA</td>
</tr><tr bgcolor="">
<th>eq_codcep</th>
<td>04240000</td>
</tr><tr bgcolor="#E3E3F3">
<th>eq_fone1</th>
<td>00</td>
</tr><tr bgcolor="">
<th>eq_fone2</th>
<td></td>
</tr><tr bgcolor="#E3E3F3">
<th>eq_email</th>
<td></td>
</tr><tr bgcolor="">
<th>eq_cd_dirt</th>
<td>10316</td>
</tr><tr bgcolor="#E3E3F3">
<th>eq_diretor</th>
<td>CENTRO SUL</td>
</tr><tr bgcolor="">
<th>eq_dre</th>
<td>IPIRANGA</td>
</tr><tr bgcolor="#E3E3F3">
<th>eq_cd_zona</th>
<td></td>
</tr><tr bgcolor="">
<th>eq_zona</th>
<td></td>
</tr><tr bgcolor="#E3E3F3">
<th>eq_cd_mec</th>
<td>35455787</td>
</tr><tr bgcolor="">
<th>eq_esfera</th>
<td>MUNICIPAL</td>
</tr><tr bgcolor="#E3E3F3">
<th>eq_cd_catg</th>
<td>1</td>
</tr><tr bgcolor="">
<th>eq_categor</th>
<td>ESCOLAS AUTONOMAS</td>
</tr><tr bgcolor="#E3E3F3">
<th>eq_eol</th>
<td>35455787</td>
</tr><tr bgcolor="">
<th>eq_horario</th>
<td>07:00-20:00</td>
</tr></table></center>]]></description>
			<styleUrl>#m_ylw-pushpin</styleUrl>
			<ExtendedData>
				<SchemaData schemaUrl="#kml_schema_ft_LL_WGS84_KMZ_TEMA_EDUCACAO_CEU">
					<SimpleData name="eq_id">5672</SimpleData>
					<SimpleData name="eq_nome">CEU AT COMPL MENINOS - ARTUR ALBERTO DE MOTA GONCALVES PROF DR</SimpleData>
					<SimpleData name="eq_enderec">BARBINOS 111</SimpleData>
					<SimpleData name="eq_bairro">SAO JOAO CLIMACO</SimpleData>
					<SimpleData name="eq_cep">04240000</SimpleData>
					<SimpleData name="eq_tipo">CEU AT COM</SimpleData>
					<SimpleData name="eq_classe">CEU</SimpleData>
					<SimpleData name="eq_telefon">00 /</SimpleData>
					<SimpleData name="eq_setor">355030868000250</SimpleData>
					<SimpleData name="eq_areap">3550308005086</SimpleData>
					<SimpleData name="eq_cd_dist">68</SimpleData>
					<SimpleData name="eq_distr">SACOMA</SimpleData>
					<SimpleData name="eq_cd_subp">13</SimpleData>
					<SimpleData name="eq_subpref">IPIRANGA</SimpleData>
					<SimpleData name="eq_regiao5">Sul</SimpleData>
					<SimpleData name="eq_regiao8">Sul 1</SimpleData>
					<SimpleData name="eq_ender">BARBINOS</SimpleData>
					<SimpleData name="eq_num">111</SimpleData>
					<SimpleData name="eq_compend">RUA</SimpleData>
					<SimpleData name="eq_codcep">04240000</SimpleData>
					<SimpleData name="eq_fone1">00</SimpleData>
					<SimpleData name="eq_cd_dirt">10316</SimpleData>
					<SimpleData name="eq_diretor">CENTRO SUL</SimpleData>
					<SimpleData name="eq_dre">IPIRANGA</SimpleData>
					<SimpleData name="eq_cd_mec">35455787</SimpleData>
					<SimpleData name="eq_esfera">MUNICIPAL</SimpleData>
					<SimpleData name="eq_cd_catg">1</SimpleData>
					<SimpleData name="eq_categor">ESCOLAS AUTONOMAS</SimpleData>
					<SimpleData name="eq_eol">35455787</SimpleData>
					<SimpleData name="eq_horario">07:00-20:00</SimpleData>
				</SchemaData>
			</ExtendedData>
			<Point>
				<coordinates>-46.5830720001123,-23.6212130037882,0</coordinates>
			</Point>
		</Placemark>
		<Placemark id="kml_173">
			<name>kml_173</name>
			<snippet></snippet>
			<description><![CDATA[<center><table><tr><th colspan='2' align='center'><em>Attributes</em></th></tr><tr bgcolor="#E3E3F3">
<th>eq_id</th>
<td>5673</td>
</tr><tr bgcolor="">
<th>eq_nome</th>
<td>CEU AT COMPL CAPAO REDONDO - CELSO SEIXAS RIBEIRO BASTOS PROF E DR</td>
</tr><tr bgcolor="#E3E3F3">
<th>eq_enderec</th>
<td>DANIEL GRAN SN</td>
</tr><tr bgcolor="">
<th>eq_bairro</th>
<td>JARDIM MODELO</td>
</tr><tr bgcolor="#E3E3F3">
<th>eq_cep</th>
<td>05867000</td>
</tr><tr bgcolor="">
<th>eq_tipo</th>
<td>CEU AT COM</td>
</tr><tr bgcolor="#E3E3F3">
<th>eq_classe</th>
<td>CEU</td>
</tr><tr bgcolor="">
<th>eq_telefon</th>
<td>1158738067 / </td>
</tr><tr bgcolor="#E3E3F3">
<th>eq_setor</th>
<td>355030819000365</td>
</tr><tr bgcolor="">
<th>eq_areap</th>
<td>3550308005232</td>
</tr><tr bgcolor="#E3E3F3">
<th>eq_cd_dist</th>
<td>19</td>
</tr><tr bgcolor="">
<th>eq_distr</th>
<td>CAPAO REDONDO</td>
</tr><tr bgcolor="#E3E3F3">
<th>eq_cd_subp</th>
<td>17</td>
</tr><tr bgcolor="">
<th>eq_subpref</th>
<td>CAMPO LIMPO</td>
</tr><tr bgcolor="#E3E3F3">
<th>eq_regiao5</th>
<td>Sul</td>
</tr><tr bgcolor="">
<th>eq_regiao8</th>
<td>Sul 2</td>
</tr><tr bgcolor="#E3E3F3">
<th>eq_ender</th>
<td>DANIEL GRAN</td>
</tr><tr bgcolor="">
<th>eq_num</th>
<td>SN</td>
</tr><tr bgcolor="#E3E3F3">
<th>eq_compend</th>
<td>RUA</td>
</tr><tr bgcolor="">
<th>eq_codcep</th>
<td>05867000</td>
</tr><tr bgcolor="#E3E3F3">
<th>eq_fone1</th>
<td>1158738067</td>
</tr><tr bgcolor="">
<th>eq_fone2</th>
<td></td>
</tr><tr bgcolor="#E3E3F3">
<th>eq_email</th>
<td></td>
</tr><tr bgcolor="">
<th>eq_cd_dirt</th>
<td>10314</td>
</tr><tr bgcolor="#E3E3F3">
<th>eq_diretor</th>
<td>SUL 2</td>
</tr><tr bgcolor="">
<th>eq_dre</th>
<td>CAMPO LIMPO</td>
</tr><tr bgcolor="#E3E3F3">
<th>eq_cd_zona</th>
<td></td>
</tr><tr bgcolor="">
<th>eq_zona</th>
<td></td>
</tr><tr bgcolor="#E3E3F3">
<th>eq_cd_mec</th>
<td>35455799</td>
</tr><tr bgcolor="">
<th>eq_esfera</th>
<td>MUNICIPAL</td>
</tr><tr bgcolor="#E3E3F3">
<th>eq_cd_catg</th>
<td>1</td>
</tr><tr bgcolor="">
<th>eq_categor</th>
<td>ESCOLAS AUTONOMAS</td>
</tr><tr bgcolor="#E3E3F3">
<th>eq_eol</th>
<td>35455799</td>
</tr><tr bgcolor="">
<th>eq_horario</th>
<td>07:00-20:00</td>
</tr></table></center>]]></description>
			<styleUrl>#m_ylw-pushpin</styleUrl>
			<ExtendedData>
				<SchemaData schemaUrl="#kml_schema_ft_LL_WGS84_KMZ_TEMA_EDUCACAO_CEU">
					<SimpleData name="eq_id">5673</SimpleData>
					<SimpleData name="eq_nome">CEU AT COMPL CAPAO REDONDO - CELSO SEIXAS RIBEIRO BASTOS PROF E DR</SimpleData>
					<SimpleData name="eq_enderec">DANIEL GRAN SN</SimpleData>
					<SimpleData name="eq_bairro">JARDIM MODELO</SimpleData>
					<SimpleData name="eq_cep">05867000</SimpleData>
					<SimpleData name="eq_tipo">CEU AT COM</SimpleData>
					<SimpleData name="eq_classe">CEU</SimpleData>
					<SimpleData name="eq_telefon">1158738067 /</SimpleData>
					<SimpleData name="eq_setor">355030819000365</SimpleData>
					<SimpleData name="eq_areap">3550308005232</SimpleData>
					<SimpleData name="eq_cd_dist">19</SimpleData>
					<SimpleData name="eq_distr">CAPAO REDONDO</SimpleData>
					<SimpleData name="eq_cd_subp">17</SimpleData>
					<SimpleData name="eq_subpref">CAMPO LIMPO</SimpleData>
					<SimpleData name="eq_regiao5">Sul</SimpleData>
					<SimpleData name="eq_regiao8">Sul 2</SimpleData>
					<SimpleData name="eq_ender">DANIEL GRAN</SimpleData>
					<SimpleData name="eq_num">SN</SimpleData>
					<SimpleData name="eq_compend">RUA</SimpleData>
					<SimpleData name="eq_codcep">05867000</SimpleData>
					<SimpleData name="eq_fone1">1158738067</SimpleData>
					<SimpleData name="eq_cd_dirt">10314</SimpleData>
					<SimpleData name="eq_diretor">SUL 2</SimpleData>
					<SimpleData name="eq_dre">CAMPO LIMPO</SimpleData>
					<SimpleData name="eq_cd_mec">35455799</SimpleData>
					<SimpleData name="eq_esfera">MUNICIPAL</SimpleData>
					<SimpleData name="eq_cd_catg">1</SimpleData>
					<SimpleData name="eq_categor">ESCOLAS AUTONOMAS</SimpleData>
					<SimpleData name="eq_eol">35455799</SimpleData>
					<SimpleData name="eq_horario">07:00-20:00</SimpleData>
				</SchemaData>
			</ExtendedData>
			<Point>
				<coordinates>-46.7677040002237,-23.6728769977663,0</coordinates>
			</Point>
		</Placemark>
		<Placemark id="kml_174">
			<name>kml_174</name>
			<snippet></snippet>
			<description><![CDATA[<center><table><tr><th colspan='2' align='center'><em>Attributes</em></th></tr><tr bgcolor="#E3E3F3">
<th>eq_id</th>
<td>5674</td>
</tr><tr bgcolor="">
<th>eq_nome</th>
<td>CEU AT COMPL PAZ</td>
</tr><tr bgcolor="#E3E3F3">
<th>eq_enderec</th>
<td>DANIEL CERRI 1547</td>
</tr><tr bgcolor="">
<th>eq_bairro</th>
<td>JARDIM PARANA</td>
</tr><tr bgcolor="#E3E3F3">
<th>eq_cep</th>
<td>02876000</td>
</tr><tr bgcolor="">
<th>eq_tipo</th>
<td>CEU AT COM</td>
</tr><tr bgcolor="#E3E3F3">
<th>eq_classe</th>
<td>CEU</td>
</tr><tr bgcolor="">
<th>eq_telefon</th>
<td>00 / </td>
</tr><tr bgcolor="#E3E3F3">
<th>eq_setor</th>
<td>355030811000221</td>
</tr><tr bgcolor="">
<th>eq_areap</th>
<td>3550308005189</td>
</tr><tr bgcolor="#E3E3F3">
<th>eq_cd_dist</th>
<td>11</td>
</tr><tr bgcolor="">
<th>eq_distr</th>
<td>BRASILANDIA</td>
</tr><tr bgcolor="#E3E3F3">
<th>eq_cd_subp</th>
<td>3</td>
</tr><tr bgcolor="">
<th>eq_subpref</th>
<td>FREGUESIA-BRASILANDIA</td>
</tr><tr bgcolor="#E3E3F3">
<th>eq_regiao5</th>
<td>Norte</td>
</tr><tr bgcolor="">
<th>eq_regiao8</th>
<td>Norte 2</td>
</tr><tr bgcolor="#E3E3F3">
<th>eq_ender</th>
<td>DANIEL CERRI</td>
</tr><tr bgcolor="">
<th>eq_num</th>
<td>1547</td>
</tr><tr bgcolor="#E3E3F3">
<th>eq_compend</th>
<td>RUA</td>
</tr><tr bgcolor="">
<th>eq_codcep</th>
<td>02876000</td>
</tr><tr bgcolor="#E3E3F3">
<th>eq_fone1</th>
<td>00</td>
</tr><tr bgcolor="">
<th>eq_fone2</th>
<td></td>
</tr><tr bgcolor="#E3E3F3">
<th>eq_email</th>
<td></td>
</tr><tr bgcolor="">
<th>eq_cd_dirt</th>
<td>10101</td>
</tr><tr bgcolor="#E3E3F3">
<th>eq_diretor</th>
<td>NORTE 1</td>
</tr><tr bgcolor="">
<th>eq_dre</th>
<td>FREGUESIA/BRASILANDIA</td>
</tr><tr bgcolor="#E3E3F3">
<th>eq_cd_zona</th>
<td></td>
</tr><tr bgcolor="">
<th>eq_zona</th>
<td></td>
</tr><tr bgcolor="#E3E3F3">
<th>eq_cd_mec</th>
<td>35455805</td>
</tr><tr bgcolor="">
<th>eq_esfera</th>
<td>MUNICIPAL</td>
</tr><tr bgcolor="#E3E3F3">
<th>eq_cd_catg</th>
<td>1</td>
</tr><tr bgcolor="">
<th>eq_categor</th>
<td>ESCOLAS AUTONOMAS</td>
</tr><tr bgcolor="#E3E3F3">
<th>eq_eol</th>
<td>35455805</td>
</tr><tr bgcolor="">
<th>eq_horario</th>
<td>08:00-21:10</td>
</tr></table></center>]]></description>
			<styleUrl>#m_ylw-pushpin</styleUrl>
			<ExtendedData>
				<SchemaData schemaUrl="#kml_schema_ft_LL_WGS84_KMZ_TEMA_EDUCACAO_CEU">
					<SimpleData name="eq_id">5674</SimpleData>
					<SimpleData name="eq_nome">CEU AT COMPL PAZ</SimpleData>
					<SimpleData name="eq_enderec">DANIEL CERRI 1547</SimpleData>
					<SimpleData name="eq_bairro">JARDIM PARANA</SimpleData>
					<SimpleData name="eq_cep">02876000</SimpleData>
					<SimpleData name="eq_tipo">CEU AT COM</SimpleData>
					<SimpleData name="eq_classe">CEU</SimpleData>
					<SimpleData name="eq_telefon">00 /</SimpleData>
					<SimpleData name="eq_setor">355030811000221</SimpleData>
					<SimpleData name="eq_areap">3550308005189</SimpleData>
					<SimpleData name="eq_cd_dist">11</SimpleData>
					<SimpleData name="eq_distr">BRASILANDIA</SimpleData>
					<SimpleData name="eq_cd_subp">3</SimpleData>
					<SimpleData name="eq_subpref">FREGUESIA-BRASILANDIA</SimpleData>
					<SimpleData name="eq_regiao5">Norte</SimpleData>
					<SimpleData name="eq_regiao8">Norte 2</SimpleData>
					<SimpleData name="eq_ender">DANIEL CERRI</SimpleData>
					<SimpleData name="eq_num">1547</SimpleData>
					<SimpleData name="eq_compend">RUA</SimpleData>
					<SimpleData name="eq_codcep">02876000</SimpleData>
					<SimpleData name="eq_fone1">00</SimpleData>
					<SimpleData name="eq_cd_dirt">10101</SimpleData>
					<SimpleData name="eq_diretor">NORTE 1</SimpleData>
					<SimpleData name="eq_dre">FREGUESIA/BRASILANDIA</SimpleData>
					<SimpleData name="eq_cd_mec">35455805</SimpleData>
					<SimpleData name="eq_esfera">MUNICIPAL</SimpleData>
					<SimpleData name="eq_cd_catg">1</SimpleData>
					<SimpleData name="eq_categor">ESCOLAS AUTONOMAS</SimpleData>
					<SimpleData name="eq_eol">35455805</SimpleData>
					<SimpleData name="eq_horario">08:00-21:10</SimpleData>
				</SchemaData>
			</ExtendedData>
			<Point>
				<coordinates>-46.6891640002435,-23.448537003598,0</coordinates>
			</Point>
		</Placemark>
		<Placemark id="kml_175">
			<name>kml_175</name>
			<snippet></snippet>
			<description><![CDATA[<center><table><tr><th colspan='2' align='center'><em>Attributes</em></th></tr><tr bgcolor="#E3E3F3">
<th>eq_id</th>
<td>5675</td>
</tr><tr bgcolor="">
<th>eq_nome</th>
<td>CEU AT COMPL JARDIM PAULISTANO</td>
</tr><tr bgcolor="#E3E3F3">
<th>eq_enderec</th>
<td>APARECIDA DO TABOADO SN</td>
</tr><tr bgcolor="">
<th>eq_bairro</th>
<td>JARDIM PAULISTANO ZONA NORTE</td>
</tr><tr bgcolor="#E3E3F3">
<th>eq_cep</th>
<td>02814000</td>
</tr><tr bgcolor="">
<th>eq_tipo</th>
<td>CEU AT COM</td>
</tr><tr bgcolor="#E3E3F3">
<th>eq_classe</th>
<td>CEU</td>
</tr><tr bgcolor="">
<th>eq_telefon</th>
<td>00 / </td>
</tr><tr bgcolor="#E3E3F3">
<th>eq_setor</th>
<td>355030811000314</td>
</tr><tr bgcolor="">
<th>eq_areap</th>
<td>3550308005122</td>
</tr><tr bgcolor="#E3E3F3">
<th>eq_cd_dist</th>
<td>11</td>
</tr><tr bgcolor="">
<th>eq_distr</th>
<td>BRASILANDIA</td>
</tr><tr bgcolor="#E3E3F3">
<th>eq_cd_subp</th>
<td>3</td>
</tr><tr bgcolor="">
<th>eq_subpref</th>
<td>FREGUESIA-BRASILANDIA</td>
</tr><tr bgcolor="#E3E3F3">
<th>eq_regiao5</th>
<td>Norte</td>
</tr><tr bgcolor="">
<th>eq_regiao8</th>
<td>Norte 2</td>
</tr><tr bgcolor="#E3E3F3">
<th>eq_ender</th>
<td>APARECIDA DO TABOADO</td>
</tr><tr bgcolor="">
<th>eq_num</th>
<td>SN</td>
</tr><tr bgcolor="#E3E3F3">
<th>eq_compend</th>
<td>RUA</td>
</tr><tr bgcolor="">
<th>eq_codcep</th>
<td>02814000</td>
</tr><tr bgcolor="#E3E3F3">
<th>eq_fone1</th>
<td>00</td>
</tr><tr bgcolor="">
<th>eq_fone2</th>
<td></td>
</tr><tr bgcolor="#E3E3F3">
<th>eq_email</th>
<td></td>
</tr><tr bgcolor="">
<th>eq_cd_dirt</th>
<td>10101</td>
</tr><tr bgcolor="#E3E3F3">
<th>eq_diretor</th>
<td>NORTE 1</td>
</tr><tr bgcolor="">
<th>eq_dre</th>
<td>FREGUESIA/BRASILANDIA</td>
</tr><tr bgcolor="#E3E3F3">
<th>eq_cd_zona</th>
<td></td>
</tr><tr bgcolor="">
<th>eq_zona</th>
<td></td>
</tr><tr bgcolor="#E3E3F3">
<th>eq_cd_mec</th>
<td>35455817</td>
</tr><tr bgcolor="">
<th>eq_esfera</th>
<td>MUNICIPAL</td>
</tr><tr bgcolor="#E3E3F3">
<th>eq_cd_catg</th>
<td>1</td>
</tr><tr bgcolor="">
<th>eq_categor</th>
<td>ESCOLAS AUTONOMAS</td>
</tr><tr bgcolor="#E3E3F3">
<th>eq_eol</th>
<td>35455817</td>
</tr><tr bgcolor="">
<th>eq_horario</th>
<td>09:00-17:30</td>
</tr></table></center>]]></description>
			<styleUrl>#m_ylw-pushpin</styleUrl>
			<ExtendedData>
				<SchemaData schemaUrl="#kml_schema_ft_LL_WGS84_KMZ_TEMA_EDUCACAO_CEU">
					<SimpleData name="eq_id">5675</SimpleData>
					<SimpleData name="eq_nome">CEU AT COMPL JARDIM PAULISTANO</SimpleData>
					<SimpleData name="eq_enderec">APARECIDA DO TABOADO SN</SimpleData>
					<SimpleData name="eq_bairro">JARDIM PAULISTANO ZONA NORTE</SimpleData>
					<SimpleData name="eq_cep">02814000</SimpleData>
					<SimpleData name="eq_tipo">CEU AT COM</SimpleData>
					<SimpleData name="eq_classe">CEU</SimpleData>
					<SimpleData name="eq_telefon">00 /</SimpleData>
					<SimpleData name="eq_setor">355030811000314</SimpleData>
					<SimpleData name="eq_areap">3550308005122</SimpleData>
					<SimpleData name="eq_cd_dist">11</SimpleData>
					<SimpleData name="eq_distr">BRASILANDIA</SimpleData>
					<SimpleData name="eq_cd_subp">3</SimpleData>
					<SimpleData name="eq_subpref">FREGUESIA-BRASILANDIA</SimpleData>
					<SimpleData name="eq_regiao5">Norte</SimpleData>
					<SimpleData name="eq_regiao8">Norte 2</SimpleData>
					<SimpleData name="eq_ender">APARECIDA DO TABOADO</SimpleData>
					<SimpleData name="eq_num">SN</SimpleData>
					<SimpleData name="eq_compend">RUA</SimpleData>
					<SimpleData name="eq_codcep">02814000</SimpleData>
					<SimpleData name="eq_fone1">00</SimpleData>
					<SimpleData name="eq_cd_dirt">10101</SimpleData>
					<SimpleData name="eq_diretor">NORTE 1</SimpleData>
					<SimpleData name="eq_dre">FREGUESIA/BRASILANDIA</SimpleData>
					<SimpleData name="eq_cd_mec">35455817</SimpleData>
					<SimpleData name="eq_esfera">MUNICIPAL</SimpleData>
					<SimpleData name="eq_cd_catg">1</SimpleData>
					<SimpleData name="eq_categor">ESCOLAS AUTONOMAS</SimpleData>
					<SimpleData name="eq_eol">35455817</SimpleData>
					<SimpleData name="eq_horario">09:00-17:30</SimpleData>
				</SchemaData>
			</ExtendedData>
			<Point>
				<coordinates>-46.7060090001283,-23.4608339991568,0</coordinates>
			</Point>
		</Placemark>
		<Placemark id="kml_176">
			<name>kml_176</name>
			<snippet></snippet>
			<description><![CDATA[<center><table><tr><th colspan='2' align='center'><em>Attributes</em></th></tr><tr bgcolor="#E3E3F3">
<th>eq_id</th>
<td>5676</td>
</tr><tr bgcolor="">
<th>eq_nome</th>
<td>CEU AT COMPL VILA CURUCA - IRENE RAMALHO</td>
</tr><tr bgcolor="#E3E3F3">
<th>eq_enderec</th>
<td>TITO MARECHAL 3450</td>
</tr><tr bgcolor="">
<th>eq_bairro</th>
<td>ITAIM PAULISTA</td>
</tr><tr bgcolor="#E3E3F3">
<th>eq_cep</th>
<td>08115000</td>
</tr><tr bgcolor="">
<th>eq_tipo</th>
<td>CEU AT COM</td>
</tr><tr bgcolor="#E3E3F3">
<th>eq_classe</th>
<td>CEU</td>
</tr><tr bgcolor="">
<th>eq_telefon</th>
<td>00 / </td>
</tr><tr bgcolor="#E3E3F3">
<th>eq_setor</th>
<td>355030884000107</td>
</tr><tr bgcolor="">
<th>eq_areap</th>
<td>3550308005248</td>
</tr><tr bgcolor="#E3E3F3">
<th>eq_cd_dist</th>
<td>84</td>
</tr><tr bgcolor="">
<th>eq_distr</th>
<td>VILA CURUCA</td>
</tr><tr bgcolor="#E3E3F3">
<th>eq_cd_subp</th>
<td>24</td>
</tr><tr bgcolor="">
<th>eq_subpref</th>
<td>ITAIM PAULISTA</td>
</tr><tr bgcolor="#E3E3F3">
<th>eq_regiao5</th>
<td>Leste</td>
</tr><tr bgcolor="">
<th>eq_regiao8</th>
<td>Leste 2</td>
</tr><tr bgcolor="#E3E3F3">
<th>eq_ender</th>
<td>TITO MARECHAL</td>
</tr><tr bgcolor="">
<th>eq_num</th>
<td>3450</td>
</tr><tr bgcolor="#E3E3F3">
<th>eq_compend</th>
<td>AVENIDA</td>
</tr><tr bgcolor="">
<th>eq_codcep</th>
<td>08115000</td>
</tr><tr bgcolor="#E3E3F3">
<th>eq_fone1</th>
<td>00</td>
</tr><tr bgcolor="">
<th>eq_fone2</th>
<td></td>
</tr><tr bgcolor="#E3E3F3">
<th>eq_email</th>
<td></td>
</tr><tr bgcolor="">
<th>eq_cd_dirt</th>
<td>10210</td>
</tr><tr bgcolor="#E3E3F3">
<th>eq_diretor</th>
<td>LESTE 2</td>
</tr><tr bgcolor="">
<th>eq_dre</th>
<td>SAO MIGUEL</td>
</tr><tr bgcolor="#E3E3F3">
<th>eq_cd_zona</th>
<td></td>
</tr><tr bgcolor="">
<th>eq_zona</th>
<td></td>
</tr><tr bgcolor="#E3E3F3">
<th>eq_cd_mec</th>
<td>35455830</td>
</tr><tr bgcolor="">
<th>eq_esfera</th>
<td>MUNICIPAL</td>
</tr><tr bgcolor="#E3E3F3">
<th>eq_cd_catg</th>
<td>1</td>
</tr><tr bgcolor="">
<th>eq_categor</th>
<td>ESCOLAS AUTONOMAS</td>
</tr><tr bgcolor="#E3E3F3">
<th>eq_eol</th>
<td>35455830</td>
</tr><tr bgcolor="">
<th>eq_horario</th>
<td>06:05-16:30</td>
</tr></table></center>]]></description>
			<styleUrl>#m_ylw-pushpin</styleUrl>
			<ExtendedData>
				<SchemaData schemaUrl="#kml_schema_ft_LL_WGS84_KMZ_TEMA_EDUCACAO_CEU">
					<SimpleData name="eq_id">5676</SimpleData>
					<SimpleData name="eq_nome">CEU AT COMPL VILA CURUCA - IRENE RAMALHO</SimpleData>
					<SimpleData name="eq_enderec">TITO MARECHAL 3450</SimpleData>
					<SimpleData name="eq_bairro">ITAIM PAULISTA</SimpleData>
					<SimpleData name="eq_cep">08115000</SimpleData>
					<SimpleData name="eq_tipo">CEU AT COM</SimpleData>
					<SimpleData name="eq_classe">CEU</SimpleData>
					<SimpleData name="eq_telefon">00 /</SimpleData>
					<SimpleData name="eq_setor">355030884000107</SimpleData>
					<SimpleData name="eq_areap">3550308005248</SimpleData>
					<SimpleData name="eq_cd_dist">84</SimpleData>
					<SimpleData name="eq_distr">VILA CURUCA</SimpleData>
					<SimpleData name="eq_cd_subp">24</SimpleData>
					<SimpleData name="eq_subpref">ITAIM PAULISTA</SimpleData>
					<SimpleData name="eq_regiao5">Leste</SimpleData>
					<SimpleData name="eq_regiao8">Leste 2</SimpleData>
					<SimpleData name="eq_ender">TITO MARECHAL</SimpleData>
					<SimpleData name="eq_num">3450</SimpleData>
					<SimpleData name="eq_compend">AVENIDA</SimpleData>
					<SimpleData name="eq_codcep">08115000</SimpleData>
					<SimpleData name="eq_fone1">00</SimpleData>
					<SimpleData name="eq_cd_dirt">10210</SimpleData>
					<SimpleData name="eq_diretor">LESTE 2</SimpleData>
					<SimpleData name="eq_dre">SAO MIGUEL</SimpleData>
					<SimpleData name="eq_cd_mec">35455830</SimpleData>
					<SimpleData name="eq_esfera">MUNICIPAL</SimpleData>
					<SimpleData name="eq_cd_catg">1</SimpleData>
					<SimpleData name="eq_categor">ESCOLAS AUTONOMAS</SimpleData>
					<SimpleData name="eq_eol">35455830</SimpleData>
					<SimpleData name="eq_horario">06:05-16:30</SimpleData>
				</SchemaData>
			</ExtendedData>
			<Point>
				<coordinates>-46.4122689995441,-23.4955829969697,0</coordinates>
			</Point>
		</Placemark>
		<Placemark id="kml_177">
			<name>kml_177</name>
			<snippet></snippet>
			<description><![CDATA[<center><table><tr><th colspan='2' align='center'><em>Attributes</em></th></tr><tr bgcolor="#E3E3F3">
<th>eq_id</th>
<td>5677</td>
</tr><tr bgcolor="">
<th>eq_nome</th>
<td>CEU AT COMPL PARAISOPOLIS</td>
</tr><tr bgcolor="#E3E3F3">
<th>eq_enderec</th>
<td>JOSE AUGUSTO DE SOUZA E SILVA DOUTOR SN</td>
</tr><tr bgcolor="">
<th>eq_bairro</th>
<td>JARDIM PARQUE MORUMBI</td>
</tr><tr bgcolor="#E3E3F3">
<th>eq_cep</th>
<td>05712000</td>
</tr><tr bgcolor="">
<th>eq_tipo</th>
<td>CEU AT COM</td>
</tr><tr bgcolor="#E3E3F3">
<th>eq_classe</th>
<td>CEU</td>
</tr><tr bgcolor="">
<th>eq_telefon</th>
<td>00 / </td>
</tr><tr bgcolor="#E3E3F3">
<th>eq_setor</th>
<td>355030883000004</td>
</tr><tr bgcolor="">
<th>eq_areap</th>
<td>3550308005176</td>
</tr><tr bgcolor="#E3E3F3">
<th>eq_cd_dist</th>
<td>83</td>
</tr><tr bgcolor="">
<th>eq_distr</th>
<td>VILA ANDRADE</td>
</tr><tr bgcolor="#E3E3F3">
<th>eq_cd_subp</th>
<td>17</td>
</tr><tr bgcolor="">
<th>eq_subpref</th>
<td>CAMPO LIMPO</td>
</tr><tr bgcolor="#E3E3F3">
<th>eq_regiao5</th>
<td>Sul</td>
</tr><tr bgcolor="">
<th>eq_regiao8</th>
<td>Sul 2</td>
</tr><tr bgcolor="#E3E3F3">
<th>eq_ender</th>
<td>JOSE AUGUSTO DE SOUZA E SILVA DOUTOR</td>
</tr><tr bgcolor="">
<th>eq_num</th>
<td>SN</td>
</tr><tr bgcolor="#E3E3F3">
<th>eq_compend</th>
<td>RUA</td>
</tr><tr bgcolor="">
<th>eq_codcep</th>
<td>05712000</td>
</tr><tr bgcolor="#E3E3F3">
<th>eq_fone1</th>
<td>00</td>
</tr><tr bgcolor="">
<th>eq_fone2</th>
<td></td>
</tr><tr bgcolor="#E3E3F3">
<th>eq_email</th>
<td></td>
</tr><tr bgcolor="">
<th>eq_cd_dirt</th>
<td>10317</td>
</tr><tr bgcolor="#E3E3F3">
<th>eq_diretor</th>
<td>SUL 1</td>
</tr><tr bgcolor="">
<th>eq_dre</th>
<td>CAMPO LIMPO</td>
</tr><tr bgcolor="#E3E3F3">
<th>eq_cd_zona</th>
<td></td>
</tr><tr bgcolor="">
<th>eq_zona</th>
<td></td>
</tr><tr bgcolor="#E3E3F3">
<th>eq_cd_mec</th>
<td>35455854</td>
</tr><tr bgcolor="">
<th>eq_esfera</th>
<td>MUNICIPAL</td>
</tr><tr bgcolor="#E3E3F3">
<th>eq_cd_catg</th>
<td>1</td>
</tr><tr bgcolor="">
<th>eq_categor</th>
<td>ESCOLAS AUTONOMAS</td>
</tr><tr bgcolor="#E3E3F3">
<th>eq_eol</th>
<td>35455854</td>
</tr><tr bgcolor="">
<th>eq_horario</th>
<td>07:00-22:05</td>
</tr></table></center>]]></description>
			<styleUrl>#m_ylw-pushpin</styleUrl>
			<ExtendedData>
				<SchemaData schemaUrl="#kml_schema_ft_LL_WGS84_KMZ_TEMA_EDUCACAO_CEU">
					<SimpleData name="eq_id">5677</SimpleData>
					<SimpleData name="eq_nome">CEU AT COMPL PARAISOPOLIS</SimpleData>
					<SimpleData name="eq_enderec">JOSE AUGUSTO DE SOUZA E SILVA DOUTOR SN</SimpleData>
					<SimpleData name="eq_bairro">JARDIM PARQUE MORUMBI</SimpleData>
					<SimpleData name="eq_cep">05712000</SimpleData>
					<SimpleData name="eq_tipo">CEU AT COM</SimpleData>
					<SimpleData name="eq_classe">CEU</SimpleData>
					<SimpleData name="eq_telefon">00 /</SimpleData>
					<SimpleData name="eq_setor">355030883000004</SimpleData>
					<SimpleData name="eq_areap">3550308005176</SimpleData>
					<SimpleData name="eq_cd_dist">83</SimpleData>
					<SimpleData name="eq_distr">VILA ANDRADE</SimpleData>
					<SimpleData name="eq_cd_subp">17</SimpleData>
					<SimpleData name="eq_subpref">CAMPO LIMPO</SimpleData>
					<SimpleData name="eq_regiao5">Sul</SimpleData>
					<SimpleData name="eq_regiao8">Sul 2</SimpleData>
					<SimpleData name="eq_ender">JOSE AUGUSTO DE SOUZA E SILVA DOUTOR</SimpleData>
					<SimpleData name="eq_num">SN</SimpleData>
					<SimpleData name="eq_compend">RUA</SimpleData>
					<SimpleData name="eq_codcep">05712000</SimpleData>
					<SimpleData name="eq_fone1">00</SimpleData>
					<SimpleData name="eq_cd_dirt">10317</SimpleData>
					<SimpleData name="eq_diretor">SUL 1</SimpleData>
					<SimpleData name="eq_dre">CAMPO LIMPO</SimpleData>
					<SimpleData name="eq_cd_mec">35455854</SimpleData>
					<SimpleData name="eq_esfera">MUNICIPAL</SimpleData>
					<SimpleData name="eq_cd_catg">1</SimpleData>
					<SimpleData name="eq_categor">ESCOLAS AUTONOMAS</SimpleData>
					<SimpleData name="eq_eol">35455854</SimpleData>
					<SimpleData name="eq_horario">07:00-22:05</SimpleData>
				</SchemaData>
			</ExtendedData>
			<Point>
				<coordinates>-46.7275400004559,-23.6215600024238,0</coordinates>
			</Point>
		</Placemark>
		<Placemark id="kml_178">
			<name>kml_178</name>
			<snippet></snippet>
			<description><![CDATA[<center><table><tr><th colspan='2' align='center'><em>Attributes</em></th></tr><tr bgcolor="#E3E3F3">
<th>eq_id</th>
<td>5678</td>
</tr><tr bgcolor="">
<th>eq_nome</th>
<td>CEU AT COMPL TRES LAGOS</td>
</tr><tr bgcolor="#E3E3F3">
<th>eq_enderec</th>
<td>MARIA MOURA DA CONCEICAO SN</td>
</tr><tr bgcolor="">
<th>eq_bairro</th>
<td>JARDIM BELCITO</td>
</tr><tr bgcolor="#E3E3F3">
<th>eq_cep</th>
<td>04855000</td>
</tr><tr bgcolor="">
<th>eq_tipo</th>
<td>CEU AT COM</td>
</tr><tr bgcolor="#E3E3F3">
<th>eq_classe</th>
<td>CEU</td>
</tr><tr bgcolor="">
<th>eq_telefon</th>
<td>1159765642 / 1159765643</td>
</tr><tr bgcolor="#E3E3F3">
<th>eq_setor</th>
<td>355030830000600</td>
</tr><tr bgcolor="">
<th>eq_areap</th>
<td>3550308005280</td>
</tr><tr bgcolor="#E3E3F3">
<th>eq_cd_dist</th>
<td>30</td>
</tr><tr bgcolor="">
<th>eq_distr</th>
<td>GRAJAU</td>
</tr><tr bgcolor="#E3E3F3">
<th>eq_cd_subp</th>
<td>19</td>
</tr><tr bgcolor="">
<th>eq_subpref</th>
<td>CAPELA DO SOCORRO</td>
</tr><tr bgcolor="#E3E3F3">
<th>eq_regiao5</th>
<td>Sul</td>
</tr><tr bgcolor="">
<th>eq_regiao8</th>
<td>Sul 2</td>
</tr><tr bgcolor="#E3E3F3">
<th>eq_ender</th>
<td>MARIA MOURA DA CONCEICAO</td>
</tr><tr bgcolor="">
<th>eq_num</th>
<td>SN</td>
</tr><tr bgcolor="#E3E3F3">
<th>eq_compend</th>
<td></td>
</tr><tr bgcolor="">
<th>eq_codcep</th>
<td>04855000</td>
</tr><tr bgcolor="#E3E3F3">
<th>eq_fone1</th>
<td>1159765642</td>
</tr><tr bgcolor="">
<th>eq_fone2</th>
<td>1159765643</td>
</tr><tr bgcolor="#E3E3F3">
<th>eq_email</th>
<td>SMECEUTRESLAGOS@SME.PREFEITURA.SP.GOV.BR</td>
</tr><tr bgcolor="">
<th>eq_cd_dirt</th>
<td>10318</td>
</tr><tr bgcolor="#E3E3F3">
<th>eq_diretor</th>
<td>SUL 3</td>
</tr><tr bgcolor="">
<th>eq_dre</th>
<td>CAPELA DO SOCORRO</td>
</tr><tr bgcolor="#E3E3F3">
<th>eq_cd_zona</th>
<td></td>
</tr><tr bgcolor="">
<th>eq_zona</th>
<td></td>
</tr><tr bgcolor="#E3E3F3">
<th>eq_cd_mec</th>
<td>35455866</td>
</tr><tr bgcolor="">
<th>eq_esfera</th>
<td>MUNICIPAL</td>
</tr><tr bgcolor="#E3E3F3">
<th>eq_cd_catg</th>
<td>1</td>
</tr><tr bgcolor="">
<th>eq_categor</th>
<td>ESCOLAS AUTONOMAS</td>
</tr><tr bgcolor="#E3E3F3">
<th>eq_eol</th>
<td>35455866</td>
</tr><tr bgcolor="">
<th>eq_horario</th>
<td>07:30-21:10</td>
</tr></table></center>]]></description>
			<styleUrl>#m_ylw-pushpin</styleUrl>
			<ExtendedData>
				<SchemaData schemaUrl="#kml_schema_ft_LL_WGS84_KMZ_TEMA_EDUCACAO_CEU">
					<SimpleData name="eq_id">5678</SimpleData>
					<SimpleData name="eq_nome">CEU AT COMPL TRES LAGOS</SimpleData>
					<SimpleData name="eq_enderec">MARIA MOURA DA CONCEICAO SN</SimpleData>
					<SimpleData name="eq_bairro">JARDIM BELCITO</SimpleData>
					<SimpleData name="eq_cep">04855000</SimpleData>
					<SimpleData name="eq_tipo">CEU AT COM</SimpleData>
					<SimpleData name="eq_classe">CEU</SimpleData>
					<SimpleData name="eq_telefon">1159765642 / 1159765643</SimpleData>
					<SimpleData name="eq_setor">355030830000600</SimpleData>
					<SimpleData name="eq_areap">3550308005280</SimpleData>
					<SimpleData name="eq_cd_dist">30</SimpleData>
					<SimpleData name="eq_distr">GRAJAU</SimpleData>
					<SimpleData name="eq_cd_subp">19</SimpleData>
					<SimpleData name="eq_subpref">CAPELA DO SOCORRO</SimpleData>
					<SimpleData name="eq_regiao5">Sul</SimpleData>
					<SimpleData name="eq_regiao8">Sul 2</SimpleData>
					<SimpleData name="eq_ender">MARIA MOURA DA CONCEICAO</SimpleData>
					<SimpleData name="eq_num">SN</SimpleData>
					<SimpleData name="eq_codcep">04855000</SimpleData>
					<SimpleData name="eq_fone1">1159765642</SimpleData>
					<SimpleData name="eq_fone2">1159765643</SimpleData>
					<SimpleData name="eq_email">SMECEUTRESLAGOS@SME.PREFEITURA.SP.GOV.BR</SimpleData>
					<SimpleData name="eq_cd_dirt">10318</SimpleData>
					<SimpleData name="eq_diretor">SUL 3</SimpleData>
					<SimpleData name="eq_dre">CAPELA DO SOCORRO</SimpleData>
					<SimpleData name="eq_cd_mec">35455866</SimpleData>
					<SimpleData name="eq_esfera">MUNICIPAL</SimpleData>
					<SimpleData name="eq_cd_catg">1</SimpleData>
					<SimpleData name="eq_categor">ESCOLAS AUTONOMAS</SimpleData>
					<SimpleData name="eq_eol">35455866</SimpleData>
					<SimpleData name="eq_horario">07:30-21:10</SimpleData>
				</SchemaData>
			</ExtendedData>
			<Point>
				<coordinates>-46.6805720002792,-23.7677420005605,0</coordinates>
			</Point>
		</Placemark>
		<Placemark id="kml_179">
			<name>kml_179</name>
			<snippet></snippet>
			<description><![CDATA[<center><table><tr><th colspan='2' align='center'><em>Attributes</em></th></tr><tr bgcolor="#E3E3F3">
<th>eq_id</th>
<td>5679</td>
</tr><tr bgcolor="">
<th>eq_nome</th>
<td>CEU AT COMPL VILA DO SOL</td>
</tr><tr bgcolor="#E3E3F3">
<th>eq_enderec</th>
<td>FUNCIONARIOS PUBLICOS 369</td>
</tr><tr bgcolor="">
<th>eq_bairro</th>
<td>VILA DO SOL</td>
</tr><tr bgcolor="#E3E3F3">
<th>eq_cep</th>
<td>04962000</td>
</tr><tr bgcolor="">
<th>eq_tipo</th>
<td>CEU AT COM</td>
</tr><tr bgcolor="#E3E3F3">
<th>eq_classe</th>
<td>CEU</td>
</tr><tr bgcolor="">
<th>eq_telefon</th>
<td>1133979800 / 1133979808</td>
</tr><tr bgcolor="#E3E3F3">
<th>eq_setor</th>
<td>355030843000239</td>
</tr><tr bgcolor="">
<th>eq_areap</th>
<td>3550308005290</td>
</tr><tr bgcolor="#E3E3F3">
<th>eq_cd_dist</th>
<td>43</td>
</tr><tr bgcolor="">
<th>eq_distr</th>
<td>JARDIM ANGELA</td>
</tr><tr bgcolor="#E3E3F3">
<th>eq_cd_subp</th>
<td>18</td>
</tr><tr bgcolor="">
<th>eq_subpref</th>
<td>M'BOI MIRIM</td>
</tr><tr bgcolor="#E3E3F3">
<th>eq_regiao5</th>
<td>Sul</td>
</tr><tr bgcolor="">
<th>eq_regiao8</th>
<td>Sul 2</td>
</tr><tr bgcolor="#E3E3F3">
<th>eq_ender</th>
<td>FUNCIONARIOS PUBLICOS</td>
</tr><tr bgcolor="">
<th>eq_num</th>
<td>369</td>
</tr><tr bgcolor="#E3E3F3">
<th>eq_compend</th>
<td>AVENIDA</td>
</tr><tr bgcolor="">
<th>eq_codcep</th>
<td>04962000</td>
</tr><tr bgcolor="#E3E3F3">
<th>eq_fone1</th>
<td>1133979800</td>
</tr><tr bgcolor="">
<th>eq_fone2</th>
<td>1133979808</td>
</tr><tr bgcolor="#E3E3F3">
<th>eq_email</th>
<td></td>
</tr><tr bgcolor="">
<th>eq_cd_dirt</th>
<td>10314</td>
</tr><tr bgcolor="#E3E3F3">
<th>eq_diretor</th>
<td>SUL 2</td>
</tr><tr bgcolor="">
<th>eq_dre</th>
<td>CAMPO LIMPO</td>
</tr><tr bgcolor="#E3E3F3">
<th>eq_cd_zona</th>
<td></td>
</tr><tr bgcolor="">
<th>eq_zona</th>
<td></td>
</tr><tr bgcolor="#E3E3F3">
<th>eq_cd_mec</th>
<td>35455885</td>
</tr><tr bgcolor="">
<th>eq_esfera</th>
<td>MUNICIPAL</td>
</tr><tr bgcolor="#E3E3F3">
<th>eq_cd_catg</th>
<td>1</td>
</tr><tr bgcolor="">
<th>eq_categor</th>
<td>ESCOLAS AUTONOMAS</td>
</tr><tr bgcolor="#E3E3F3">
<th>eq_eol</th>
<td>35455885</td>
</tr><tr bgcolor="">
<th>eq_horario</th>
<td>08:00-21:00</td>
</tr></table></center>]]></description>
			<styleUrl>#m_ylw-pushpin</styleUrl>
			<ExtendedData>
				<SchemaData schemaUrl="#kml_schema_ft_LL_WGS84_KMZ_TEMA_EDUCACAO_CEU">
					<SimpleData name="eq_id">5679</SimpleData>
					<SimpleData name="eq_nome">CEU AT COMPL VILA DO SOL</SimpleData>
					<SimpleData name="eq_enderec">FUNCIONARIOS PUBLICOS 369</SimpleData>
					<SimpleData name="eq_bairro">VILA DO SOL</SimpleData>
					<SimpleData name="eq_cep">04962000</SimpleData>
					<SimpleData name="eq_tipo">CEU AT COM</SimpleData>
					<SimpleData name="eq_classe">CEU</SimpleData>
					<SimpleData name="eq_telefon">1133979800 / 1133979808</SimpleData>
					<SimpleData name="eq_setor">355030843000239</SimpleData>
					<SimpleData name="eq_areap">3550308005290</SimpleData>
					<SimpleData name="eq_cd_dist">43</SimpleData>
					<SimpleData name="eq_distr">JARDIM ANGELA</SimpleData>
					<SimpleData name="eq_cd_subp">18</SimpleData>
					<SimpleData name="eq_subpref">M&apos;BOI MIRIM</SimpleData>
					<SimpleData name="eq_regiao5">Sul</SimpleData>
					<SimpleData name="eq_regiao8">Sul 2</SimpleData>
					<SimpleData name="eq_ender">FUNCIONARIOS PUBLICOS</SimpleData>
					<SimpleData name="eq_num">369</SimpleData>
					<SimpleData name="eq_compend">AVENIDA</SimpleData>
					<SimpleData name="eq_codcep">04962000</SimpleData>
					<SimpleData name="eq_fone1">1133979800</SimpleData>
					<SimpleData name="eq_fone2">1133979808</SimpleData>
					<SimpleData name="eq_cd_dirt">10314</SimpleData>
					<SimpleData name="eq_diretor">SUL 2</SimpleData>
					<SimpleData name="eq_dre">CAMPO LIMPO</SimpleData>
					<SimpleData name="eq_cd_mec">35455885</SimpleData>
					<SimpleData name="eq_esfera">MUNICIPAL</SimpleData>
					<SimpleData name="eq_cd_catg">1</SimpleData>
					<SimpleData name="eq_categor">ESCOLAS AUTONOMAS</SimpleData>
					<SimpleData name="eq_eol">35455885</SimpleData>
					<SimpleData name="eq_horario">08:00-21:00</SimpleData>
				</SchemaData>
			</ExtendedData>
			<Point>
				<coordinates>-46.7854440003988,-23.7318469971088,0</coordinates>
			</Point>
		</Placemark>
		<Placemark id="kml_180">
			<name>kml_180</name>
			<snippet></snippet>
			<description><![CDATA[<center><table><tr><th colspan='2' align='center'><em>Attributes</em></th></tr><tr bgcolor="#E3E3F3">
<th>eq_id</th>
<td>5680</td>
</tr><tr bgcolor="">
<th>eq_nome</th>
<td>CEU AT COMPL ARICANDUVA - IRENE GALVAO DE SOUZA PROFA</td>
</tr><tr bgcolor="#E3E3F3">
<th>eq_enderec</th>
<td>OLGA FADEL ABARCA 10</td>
</tr><tr bgcolor="">
<th>eq_bairro</th>
<td>JARDIM SANTA TEREZINHA ZONA LESTE</td>
</tr><tr bgcolor="#E3E3F3">
<th>eq_cep</th>
<td>03572000</td>
</tr><tr bgcolor="">
<th>eq_tipo</th>
<td>CEU AT COM</td>
</tr><tr bgcolor="#E3E3F3">
<th>eq_classe</th>
<td>CEU</td>
</tr><tr bgcolor="">
<th>eq_telefon</th>
<td>1127237549 / </td>
</tr><tr bgcolor="#E3E3F3">
<th>eq_setor</th>
<td>355030824000082</td>
</tr><tr bgcolor="">
<th>eq_areap</th>
<td>3550308005152</td>
</tr><tr bgcolor="#E3E3F3">
<th>eq_cd_dist</th>
<td>24</td>
</tr><tr bgcolor="">
<th>eq_distr</th>
<td>CIDADE LIDER</td>
</tr><tr bgcolor="#E3E3F3">
<th>eq_cd_subp</th>
<td>27</td>
</tr><tr bgcolor="">
<th>eq_subpref</th>
<td>ITAQUERA</td>
</tr><tr bgcolor="#E3E3F3">
<th>eq_regiao5</th>
<td>Leste</td>
</tr><tr bgcolor="">
<th>eq_regiao8</th>
<td>Leste 2</td>
</tr><tr bgcolor="#E3E3F3">
<th>eq_ender</th>
<td>OLGA FADEL ABARCA</td>
</tr><tr bgcolor="">
<th>eq_num</th>
<td>10</td>
</tr><tr bgcolor="#E3E3F3">
<th>eq_compend</th>
<td>RUA</td>
</tr><tr bgcolor="">
<th>eq_codcep</th>
<td>03572000</td>
</tr><tr bgcolor="#E3E3F3">
<th>eq_fone1</th>
<td>1127237549</td>
</tr><tr bgcolor="">
<th>eq_fone2</th>
<td></td>
</tr><tr bgcolor="#E3E3F3">
<th>eq_email</th>
<td>SMECEUARICANDUVA@SME.PREFEITURA.SP.GOV.BR</td>
</tr><tr bgcolor="">
<th>eq_cd_dirt</th>
<td>10208</td>
</tr><tr bgcolor="#E3E3F3">
<th>eq_diretor</th>
<td>LESTE 4</td>
</tr><tr bgcolor="">
<th>eq_dre</th>
<td>ITAQUERA</td>
</tr><tr bgcolor="#E3E3F3">
<th>eq_cd_zona</th>
<td></td>
</tr><tr bgcolor="">
<th>eq_zona</th>
<td></td>
</tr><tr bgcolor="#E3E3F3">
<th>eq_cd_mec</th>
<td>35455891</td>
</tr><tr bgcolor="">
<th>eq_esfera</th>
<td>MUNICIPAL</td>
</tr><tr bgcolor="#E3E3F3">
<th>eq_cd_catg</th>
<td>1</td>
</tr><tr bgcolor="">
<th>eq_categor</th>
<td>ESCOLAS AUTONOMAS</td>
</tr><tr bgcolor="#E3E3F3">
<th>eq_eol</th>
<td>35455891</td>
</tr><tr bgcolor="">
<th>eq_horario</th>
<td>07:00-21:30</td>
</tr></table></center>]]></description>
			<styleUrl>#m_ylw-pushpin</styleUrl>
			<ExtendedData>
				<SchemaData schemaUrl="#kml_schema_ft_LL_WGS84_KMZ_TEMA_EDUCACAO_CEU">
					<SimpleData name="eq_id">5680</SimpleData>
					<SimpleData name="eq_nome">CEU AT COMPL ARICANDUVA - IRENE GALVAO DE SOUZA PROFA</SimpleData>
					<SimpleData name="eq_enderec">OLGA FADEL ABARCA 10</SimpleData>
					<SimpleData name="eq_bairro">JARDIM SANTA TEREZINHA ZONA LESTE</SimpleData>
					<SimpleData name="eq_cep">03572000</SimpleData>
					<SimpleData name="eq_tipo">CEU AT COM</SimpleData>
					<SimpleData name="eq_classe">CEU</SimpleData>
					<SimpleData name="eq_telefon">1127237549 /</SimpleData>
					<SimpleData name="eq_setor">355030824000082</SimpleData>
					<SimpleData name="eq_areap">3550308005152</SimpleData>
					<SimpleData name="eq_cd_dist">24</SimpleData>
					<SimpleData name="eq_distr">CIDADE LIDER</SimpleData>
					<SimpleData name="eq_cd_subp">27</SimpleData>
					<SimpleData name="eq_subpref">ITAQUERA</SimpleData>
					<SimpleData name="eq_regiao5">Leste</SimpleData>
					<SimpleData name="eq_regiao8">Leste 2</SimpleData>
					<SimpleData name="eq_ender">OLGA FADEL ABARCA</SimpleData>
					<SimpleData name="eq_num">10</SimpleData>
					<SimpleData name="eq_compend">RUA</SimpleData>
					<SimpleData name="eq_codcep">03572000</SimpleData>
					<SimpleData name="eq_fone1">1127237549</SimpleData>
					<SimpleData name="eq_email">SMECEUARICANDUVA@SME.PREFEITURA.SP.GOV.BR</SimpleData>
					<SimpleData name="eq_cd_dirt">10208</SimpleData>
					<SimpleData name="eq_diretor">LESTE 4</SimpleData>
					<SimpleData name="eq_dre">ITAQUERA</SimpleData>
					<SimpleData name="eq_cd_mec">35455891</SimpleData>
					<SimpleData name="eq_esfera">MUNICIPAL</SimpleData>
					<SimpleData name="eq_cd_catg">1</SimpleData>
					<SimpleData name="eq_categor">ESCOLAS AUTONOMAS</SimpleData>
					<SimpleData name="eq_eol">35455891</SimpleData>
					<SimpleData name="eq_horario">07:00-21:30</SimpleData>
				</SchemaData>
			</ExtendedData>
			<Point>
				<coordinates>-46.5031030002508,-23.5704019957547,0</coordinates>
			</Point>
		</Placemark>
		<Placemark id="kml_181">
			<name>kml_181</name>
			<snippet></snippet>
			<description><![CDATA[<center><table><tr><th colspan='2' align='center'><em>Attributes</em></th></tr><tr bgcolor="#E3E3F3">
<th>eq_id</th>
<td>5681</td>
</tr><tr bgcolor="">
<th>eq_nome</th>
<td>CEU AT COMPL JAMBEIRO - JOSE GUILHERME GIANETTI</td>
</tr><tr bgcolor="#E3E3F3">
<th>eq_enderec</th>
<td>FLORES DO JAMBEIRO 60</td>
</tr><tr bgcolor="">
<th>eq_bairro</th>
<td>JARDIM SAO PAULOZONA LESTE</td>
</tr><tr bgcolor="#E3E3F3">
<th>eq_cep</th>
<td>08430000</td>
</tr><tr bgcolor="">
<th>eq_tipo</th>
<td>CEU AT COM</td>
</tr><tr bgcolor="#E3E3F3">
<th>eq_classe</th>
<td>CEU</td>
</tr><tr bgcolor="">
<th>eq_telefon</th>
<td>00 / </td>
</tr><tr bgcolor="#E3E3F3">
<th>eq_setor</th>
<td>355030896000121</td>
</tr><tr bgcolor="">
<th>eq_areap</th>
<td>3550308005258</td>
</tr><tr bgcolor="#E3E3F3">
<th>eq_cd_dist</th>
<td>96</td>
</tr><tr bgcolor="">
<th>eq_distr</th>
<td>LAJEADO</td>
</tr><tr bgcolor="#E3E3F3">
<th>eq_cd_subp</th>
<td>28</td>
</tr><tr bgcolor="">
<th>eq_subpref</th>
<td>GUAIANASES</td>
</tr><tr bgcolor="#E3E3F3">
<th>eq_regiao5</th>
<td>Leste</td>
</tr><tr bgcolor="">
<th>eq_regiao8</th>
<td>Leste 2</td>
</tr><tr bgcolor="#E3E3F3">
<th>eq_ender</th>
<td>FLORES DO JAMBEIRO</td>
</tr><tr bgcolor="">
<th>eq_num</th>
<td>60</td>
</tr><tr bgcolor="#E3E3F3">
<th>eq_compend</th>
<td>AVENIDA</td>
</tr><tr bgcolor="">
<th>eq_codcep</th>
<td>08430000</td>
</tr><tr bgcolor="#E3E3F3">
<th>eq_fone1</th>
<td>00</td>
</tr><tr bgcolor="">
<th>eq_fone2</th>
<td></td>
</tr><tr bgcolor="#E3E3F3">
<th>eq_email</th>
<td></td>
</tr><tr bgcolor="">
<th>eq_cd_dirt</th>
<td>10210</td>
</tr><tr bgcolor="#E3E3F3">
<th>eq_diretor</th>
<td>LESTE 2</td>
</tr><tr bgcolor="">
<th>eq_dre</th>
<td>GUAIANASES</td>
</tr><tr bgcolor="#E3E3F3">
<th>eq_cd_zona</th>
<td></td>
</tr><tr bgcolor="">
<th>eq_zona</th>
<td></td>
</tr><tr bgcolor="#E3E3F3">
<th>eq_cd_mec</th>
<td>35455908</td>
</tr><tr bgcolor="">
<th>eq_esfera</th>
<td>MUNICIPAL</td>
</tr><tr bgcolor="#E3E3F3">
<th>eq_cd_catg</th>
<td>1</td>
</tr><tr bgcolor="">
<th>eq_categor</th>
<td>ESCOLAS AUTONOMAS</td>
</tr><tr bgcolor="#E3E3F3">
<th>eq_eol</th>
<td>35455908</td>
</tr><tr bgcolor="">
<th>eq_horario</th>
<td>07:00-22:55</td>
</tr></table></center>]]></description>
			<styleUrl>#m_ylw-pushpin</styleUrl>
			<ExtendedData>
				<SchemaData schemaUrl="#kml_schema_ft_LL_WGS84_KMZ_TEMA_EDUCACAO_CEU">
					<SimpleData name="eq_id">5681</SimpleData>
					<SimpleData name="eq_nome">CEU AT COMPL JAMBEIRO - JOSE GUILHERME GIANETTI</SimpleData>
					<SimpleData name="eq_enderec">FLORES DO JAMBEIRO 60</SimpleData>
					<SimpleData name="eq_bairro">JARDIM SAO PAULOZONA LESTE</SimpleData>
					<SimpleData name="eq_cep">08430000</SimpleData>
					<SimpleData name="eq_tipo">CEU AT COM</SimpleData>
					<SimpleData name="eq_classe">CEU</SimpleData>
					<SimpleData name="eq_telefon">00 /</SimpleData>
					<SimpleData name="eq_setor">355030896000121</SimpleData>
					<SimpleData name="eq_areap">3550308005258</SimpleData>
					<SimpleData name="eq_cd_dist">96</SimpleData>
					<SimpleData name="eq_distr">LAJEADO</SimpleData>
					<SimpleData name="eq_cd_subp">28</SimpleData>
					<SimpleData name="eq_subpref">GUAIANASES</SimpleData>
					<SimpleData name="eq_regiao5">Leste</SimpleData>
					<SimpleData name="eq_regiao8">Leste 2</SimpleData>
					<SimpleData name="eq_ender">FLORES DO JAMBEIRO</SimpleData>
					<SimpleData name="eq_num">60</SimpleData>
					<SimpleData name="eq_compend">AVENIDA</SimpleData>
					<SimpleData name="eq_codcep">08430000</SimpleData>
					<SimpleData name="eq_fone1">00</SimpleData>
					<SimpleData name="eq_cd_dirt">10210</SimpleData>
					<SimpleData name="eq_diretor">LESTE 2</SimpleData>
					<SimpleData name="eq_dre">GUAIANASES</SimpleData>
					<SimpleData name="eq_cd_mec">35455908</SimpleData>
					<SimpleData name="eq_esfera">MUNICIPAL</SimpleData>
					<SimpleData name="eq_cd_catg">1</SimpleData>
					<SimpleData name="eq_categor">ESCOLAS AUTONOMAS</SimpleData>
					<SimpleData name="eq_eol">35455908</SimpleData>
					<SimpleData name="eq_horario">07:00-22:55</SimpleData>
				</SchemaData>
			</ExtendedData>
			<Point>
				<coordinates>-46.42292500014389,-23.5386329992304,0</coordinates>
			</Point>
		</Placemark>
		<Placemark id="kml_182">
			<name>kml_182</name>
			<snippet></snippet>
			<description><![CDATA[<center><table><tr><th colspan='2' align='center'><em>Attributes</em></th></tr><tr bgcolor="#E3E3F3">
<th>eq_id</th>
<td>5682</td>
</tr><tr bgcolor="">
<th>eq_nome</th>
<td>CEU AT COMPL QUINTA DO SOL</td>
</tr><tr bgcolor="#E3E3F3">
<th>eq_enderec</th>
<td>LUIZ IMPARATO 562</td>
</tr><tr bgcolor="">
<th>eq_bairro</th>
<td>PARQUE CISPER</td>
</tr><tr bgcolor="#E3E3F3">
<th>eq_cep</th>
<td>03819000</td>
</tr><tr bgcolor="">
<th>eq_tipo</th>
<td>CEU AT COM</td>
</tr><tr bgcolor="#E3E3F3">
<th>eq_classe</th>
<td>CEU</td>
</tr><tr bgcolor="">
<th>eq_telefon</th>
<td>00 / </td>
</tr><tr bgcolor="#E3E3F3">
<th>eq_setor</th>
<td>355030818000142</td>
</tr><tr bgcolor="">
<th>eq_areap</th>
<td>3550308005138</td>
</tr><tr bgcolor="#E3E3F3">
<th>eq_cd_dist</th>
<td>18</td>
</tr><tr bgcolor="">
<th>eq_distr</th>
<td>CANGAIBA</td>
</tr><tr bgcolor="#E3E3F3">
<th>eq_cd_subp</th>
<td>21</td>
</tr><tr bgcolor="">
<th>eq_subpref</th>
<td>PENHA</td>
</tr><tr bgcolor="#E3E3F3">
<th>eq_regiao5</th>
<td>Leste</td>
</tr><tr bgcolor="">
<th>eq_regiao8</th>
<td>Leste 1</td>
</tr><tr bgcolor="#E3E3F3">
<th>eq_ender</th>
<td>LUIZ IMPARATO</td>
</tr><tr bgcolor="">
<th>eq_num</th>
<td>562</td>
</tr><tr bgcolor="#E3E3F3">
<th>eq_compend</th>
<td>AVENIDA</td>
</tr><tr bgcolor="">
<th>eq_codcep</th>
<td>03819000</td>
</tr><tr bgcolor="#E3E3F3">
<th>eq_fone1</th>
<td>00</td>
</tr><tr bgcolor="">
<th>eq_fone2</th>
<td></td>
</tr><tr bgcolor="#E3E3F3">
<th>eq_email</th>
<td></td>
</tr><tr bgcolor="">
<th>eq_cd_dirt</th>
<td>10207</td>
</tr><tr bgcolor="#E3E3F3">
<th>eq_diretor</th>
<td>LESTE 1</td>
</tr><tr bgcolor="">
<th>eq_dre</th>
<td>PENHA</td>
</tr><tr bgcolor="#E3E3F3">
<th>eq_cd_zona</th>
<td></td>
</tr><tr bgcolor="">
<th>eq_zona</th>
<td></td>
</tr><tr bgcolor="#E3E3F3">
<th>eq_cd_mec</th>
<td>35455912</td>
</tr><tr bgcolor="">
<th>eq_esfera</th>
<td>MUNICIPAL</td>
</tr><tr bgcolor="#E3E3F3">
<th>eq_cd_catg</th>
<td>1</td>
</tr><tr bgcolor="">
<th>eq_categor</th>
<td>ESCOLAS AUTONOMAS</td>
</tr><tr bgcolor="#E3E3F3">
<th>eq_eol</th>
<td>35455912</td>
</tr><tr bgcolor="">
<th>eq_horario</th>
<td>07:00-22:30</td>
</tr></table></center>]]></description>
			<styleUrl>#m_ylw-pushpin</styleUrl>
			<ExtendedData>
				<SchemaData schemaUrl="#kml_schema_ft_LL_WGS84_KMZ_TEMA_EDUCACAO_CEU">
					<SimpleData name="eq_id">5682</SimpleData>
					<SimpleData name="eq_nome">CEU AT COMPL QUINTA DO SOL</SimpleData>
					<SimpleData name="eq_enderec">LUIZ IMPARATO 562</SimpleData>
					<SimpleData name="eq_bairro">PARQUE CISPER</SimpleData>
					<SimpleData name="eq_cep">03819000</SimpleData>
					<SimpleData name="eq_tipo">CEU AT COM</SimpleData>
					<SimpleData name="eq_classe">CEU</SimpleData>
					<SimpleData name="eq_telefon">00 /</SimpleData>
					<SimpleData name="eq_setor">355030818000142</SimpleData>
					<SimpleData name="eq_areap">3550308005138</SimpleData>
					<SimpleData name="eq_cd_dist">18</SimpleData>
					<SimpleData name="eq_distr">CANGAIBA</SimpleData>
					<SimpleData name="eq_cd_subp">21</SimpleData>
					<SimpleData name="eq_subpref">PENHA</SimpleData>
					<SimpleData name="eq_regiao5">Leste</SimpleData>
					<SimpleData name="eq_regiao8">Leste 1</SimpleData>
					<SimpleData name="eq_ender">LUIZ IMPARATO</SimpleData>
					<SimpleData name="eq_num">562</SimpleData>
					<SimpleData name="eq_compend">AVENIDA</SimpleData>
					<SimpleData name="eq_codcep">03819000</SimpleData>
					<SimpleData name="eq_fone1">00</SimpleData>
					<SimpleData name="eq_cd_dirt">10207</SimpleData>
					<SimpleData name="eq_diretor">LESTE 1</SimpleData>
					<SimpleData name="eq_dre">PENHA</SimpleData>
					<SimpleData name="eq_cd_mec">35455912</SimpleData>
					<SimpleData name="eq_esfera">MUNICIPAL</SimpleData>
					<SimpleData name="eq_cd_catg">1</SimpleData>
					<SimpleData name="eq_categor">ESCOLAS AUTONOMAS</SimpleData>
					<SimpleData name="eq_eol">35455912</SimpleData>
					<SimpleData name="eq_horario">07:00-22:30</SimpleData>
				</SchemaData>
			</ExtendedData>
			<Point>
				<coordinates>-46.4957149998851,-23.4983619961021,0</coordinates>
			</Point>
		</Placemark>
		<Placemark id="kml_183">
			<name>kml_183</name>
			<snippet></snippet>
			<description><![CDATA[<center><table><tr><th colspan='2' align='center'><em>Attributes</em></th></tr><tr bgcolor="#E3E3F3">
<th>eq_id</th>
<td>5683</td>
</tr><tr bgcolor="">
<th>eq_nome</th>
<td>CEU AT COMPL SAO MATEUS</td>
</tr><tr bgcolor="#E3E3F3">
<th>eq_enderec</th>
<td>CURUMATIM 199</td>
</tr><tr bgcolor="">
<th>eq_bairro</th>
<td>PARQUE BOA ESPERANCA</td>
</tr><tr bgcolor="#E3E3F3">
<th>eq_cep</th>
<td>08341000</td>
</tr><tr bgcolor="">
<th>eq_tipo</th>
<td>CEU AT COM</td>
</tr><tr bgcolor="#E3E3F3">
<th>eq_classe</th>
<td>CEU</td>
</tr><tr bgcolor="">
<th>eq_telefon</th>
<td>00 / </td>
</tr><tr bgcolor="#E3E3F3">
<th>eq_setor</th>
<td>355030833000070</td>
</tr><tr bgcolor="">
<th>eq_areap</th>
<td>3550308005274</td>
</tr><tr bgcolor="#E3E3F3">
<th>eq_cd_dist</th>
<td>33</td>
</tr><tr bgcolor="">
<th>eq_distr</th>
<td>IGUATEMI</td>
</tr><tr bgcolor="#E3E3F3">
<th>eq_cd_subp</th>
<td>30</td>
</tr><tr bgcolor="">
<th>eq_subpref</th>
<td>SAO MATEUS</td>
</tr><tr bgcolor="#E3E3F3">
<th>eq_regiao5</th>
<td>Leste</td>
</tr><tr bgcolor="">
<th>eq_regiao8</th>
<td>Leste 2</td>
</tr><tr bgcolor="#E3E3F3">
<th>eq_ender</th>
<td>CURUMATIM</td>
</tr><tr bgcolor="">
<th>eq_num</th>
<td>199</td>
</tr><tr bgcolor="#E3E3F3">
<th>eq_compend</th>
<td>RUA</td>
</tr><tr bgcolor="">
<th>eq_codcep</th>
<td>08341000</td>
</tr><tr bgcolor="#E3E3F3">
<th>eq_fone1</th>
<td>00</td>
</tr><tr bgcolor="">
<th>eq_fone2</th>
<td></td>
</tr><tr bgcolor="#E3E3F3">
<th>eq_email</th>
<td></td>
</tr><tr bgcolor="">
<th>eq_cd_dirt</th>
<td>10211</td>
</tr><tr bgcolor="#E3E3F3">
<th>eq_diretor</th>
<td>LESTE 3</td>
</tr><tr bgcolor="">
<th>eq_dre</th>
<td>SAO MATEUS</td>
</tr><tr bgcolor="#E3E3F3">
<th>eq_cd_zona</th>
<td></td>
</tr><tr bgcolor="">
<th>eq_zona</th>
<td></td>
</tr><tr bgcolor="#E3E3F3">
<th>eq_cd_mec</th>
<td>35455921</td>
</tr><tr bgcolor="">
<th>eq_esfera</th>
<td>MUNICIPAL</td>
</tr><tr bgcolor="#E3E3F3">
<th>eq_cd_catg</th>
<td>1</td>
</tr><tr bgcolor="">
<th>eq_categor</th>
<td>ESCOLAS AUTONOMAS</td>
</tr><tr bgcolor="#E3E3F3">
<th>eq_eol</th>
<td>35455921</td>
</tr><tr bgcolor="">
<th>eq_horario</th>
<td>07:00-21:00</td>
</tr></table></center>]]></description>
			<styleUrl>#m_ylw-pushpin</styleUrl>
			<ExtendedData>
				<SchemaData schemaUrl="#kml_schema_ft_LL_WGS84_KMZ_TEMA_EDUCACAO_CEU">
					<SimpleData name="eq_id">5683</SimpleData>
					<SimpleData name="eq_nome">CEU AT COMPL SAO MATEUS</SimpleData>
					<SimpleData name="eq_enderec">CURUMATIM 199</SimpleData>
					<SimpleData name="eq_bairro">PARQUE BOA ESPERANCA</SimpleData>
					<SimpleData name="eq_cep">08341000</SimpleData>
					<SimpleData name="eq_tipo">CEU AT COM</SimpleData>
					<SimpleData name="eq_classe">CEU</SimpleData>
					<SimpleData name="eq_telefon">00 /</SimpleData>
					<SimpleData name="eq_setor">355030833000070</SimpleData>
					<SimpleData name="eq_areap">3550308005274</SimpleData>
					<SimpleData name="eq_cd_dist">33</SimpleData>
					<SimpleData name="eq_distr">IGUATEMI</SimpleData>
					<SimpleData name="eq_cd_subp">30</SimpleData>
					<SimpleData name="eq_subpref">SAO MATEUS</SimpleData>
					<SimpleData name="eq_regiao5">Leste</SimpleData>
					<SimpleData name="eq_regiao8">Leste 2</SimpleData>
					<SimpleData name="eq_ender">CURUMATIM</SimpleData>
					<SimpleData name="eq_num">199</SimpleData>
					<SimpleData name="eq_compend">RUA</SimpleData>
					<SimpleData name="eq_codcep">08341000</SimpleData>
					<SimpleData name="eq_fone1">00</SimpleData>
					<SimpleData name="eq_cd_dirt">10211</SimpleData>
					<SimpleData name="eq_diretor">LESTE 3</SimpleData>
					<SimpleData name="eq_dre">SAO MATEUS</SimpleData>
					<SimpleData name="eq_cd_mec">35455921</SimpleData>
					<SimpleData name="eq_esfera">MUNICIPAL</SimpleData>
					<SimpleData name="eq_cd_catg">1</SimpleData>
					<SimpleData name="eq_categor">ESCOLAS AUTONOMAS</SimpleData>
					<SimpleData name="eq_eol">35455921</SimpleData>
					<SimpleData name="eq_horario">07:00-21:00</SimpleData>
				</SchemaData>
			</ExtendedData>
			<Point>
				<coordinates>-46.4491810000058,-23.6035009999451,0</coordinates>
			</Point>
		</Placemark>
		<Placemark id="kml_184">
			<name>kml_184</name>
			<snippet></snippet>
			<description><![CDATA[<center><table><tr><th colspan='2' align='center'><em>Attributes</em></th></tr><tr bgcolor="#E3E3F3">
<th>eq_id</th>
<td>5684</td>
</tr><tr bgcolor="">
<th>eq_nome</th>
<td>CEU AT COMPL SAPOPEMBA</td>
</tr><tr bgcolor="#E3E3F3">
<th>eq_enderec</th>
<td>MANUEL QUIRINO DE MATTOS 10</td>
</tr><tr bgcolor="">
<th>eq_bairro</th>
<td>JARDIM SAPOPEMBA</td>
</tr><tr bgcolor="#E3E3F3">
<th>eq_cep</th>
<td>03969000</td>
</tr><tr bgcolor="">
<th>eq_tipo</th>
<td>CEU AT COM</td>
</tr><tr bgcolor="#E3E3F3">
<th>eq_classe</th>
<td>CEU</td>
</tr><tr bgcolor="">
<th>eq_telefon</th>
<td>00 / </td>
</tr><tr bgcolor="#E3E3F3">
<th>eq_setor</th>
<td>355030876000170</td>
</tr><tr bgcolor="">
<th>eq_areap</th>
<td>3550308005209</td>
</tr><tr bgcolor="#E3E3F3">
<th>eq_cd_dist</th>
<td>76</td>
</tr><tr bgcolor="">
<th>eq_distr</th>
<td>SAPOPEMBA</td>
</tr><tr bgcolor="#E3E3F3">
<th>eq_cd_subp</th>
<td>32</td>
</tr><tr bgcolor="">
<th>eq_subpref</th>
<td>SAPOPEMBA</td>
</tr><tr bgcolor="#E3E3F3">
<th>eq_regiao5</th>
<td>Leste</td>
</tr><tr bgcolor="">
<th>eq_regiao8</th>
<td>Leste 1</td>
</tr><tr bgcolor="#E3E3F3">
<th>eq_ender</th>
<td>MANUEL QUIRINO DE MATTOS</td>
</tr><tr bgcolor="">
<th>eq_num</th>
<td>10</td>
</tr><tr bgcolor="#E3E3F3">
<th>eq_compend</th>
<td>RUA</td>
</tr><tr bgcolor="">
<th>eq_codcep</th>
<td>03969000</td>
</tr><tr bgcolor="#E3E3F3">
<th>eq_fone1</th>
<td>00</td>
</tr><tr bgcolor="">
<th>eq_fone2</th>
<td></td>
</tr><tr bgcolor="#E3E3F3">
<th>eq_email</th>
<td></td>
</tr><tr bgcolor="">
<th>eq_cd_dirt</th>
<td>10208</td>
</tr><tr bgcolor="#E3E3F3">
<th>eq_diretor</th>
<td>LESTE 4</td>
</tr><tr bgcolor="">
<th>eq_dre</th>
<td>SAO MATEUS</td>
</tr><tr bgcolor="#E3E3F3">
<th>eq_cd_zona</th>
<td></td>
</tr><tr bgcolor="">
<th>eq_zona</th>
<td></td>
</tr><tr bgcolor="#E3E3F3">
<th>eq_cd_mec</th>
<td>35455933</td>
</tr><tr bgcolor="">
<th>eq_esfera</th>
<td>MUNICIPAL</td>
</tr><tr bgcolor="#E3E3F3">
<th>eq_cd_catg</th>
<td>1</td>
</tr><tr bgcolor="">
<th>eq_categor</th>
<td>ESCOLAS AUTONOMAS</td>
</tr><tr bgcolor="#E3E3F3">
<th>eq_eol</th>
<td>35455933</td>
</tr><tr bgcolor="">
<th>eq_horario</th>
<td>07:00-21:05</td>
</tr></table></center>]]></description>
			<styleUrl>#m_ylw-pushpin</styleUrl>
			<ExtendedData>
				<SchemaData schemaUrl="#kml_schema_ft_LL_WGS84_KMZ_TEMA_EDUCACAO_CEU">
					<SimpleData name="eq_id">5684</SimpleData>
					<SimpleData name="eq_nome">CEU AT COMPL SAPOPEMBA</SimpleData>
					<SimpleData name="eq_enderec">MANUEL QUIRINO DE MATTOS 10</SimpleData>
					<SimpleData name="eq_bairro">JARDIM SAPOPEMBA</SimpleData>
					<SimpleData name="eq_cep">03969000</SimpleData>
					<SimpleData name="eq_tipo">CEU AT COM</SimpleData>
					<SimpleData name="eq_classe">CEU</SimpleData>
					<SimpleData name="eq_telefon">00 /</SimpleData>
					<SimpleData name="eq_setor">355030876000170</SimpleData>
					<SimpleData name="eq_areap">3550308005209</SimpleData>
					<SimpleData name="eq_cd_dist">76</SimpleData>
					<SimpleData name="eq_distr">SAPOPEMBA</SimpleData>
					<SimpleData name="eq_cd_subp">32</SimpleData>
					<SimpleData name="eq_subpref">SAPOPEMBA</SimpleData>
					<SimpleData name="eq_regiao5">Leste</SimpleData>
					<SimpleData name="eq_regiao8">Leste 1</SimpleData>
					<SimpleData name="eq_ender">MANUEL QUIRINO DE MATTOS</SimpleData>
					<SimpleData name="eq_num">10</SimpleData>
					<SimpleData name="eq_compend">RUA</SimpleData>
					<SimpleData name="eq_codcep">03969000</SimpleData>
					<SimpleData name="eq_fone1">00</SimpleData>
					<SimpleData name="eq_cd_dirt">10208</SimpleData>
					<SimpleData name="eq_diretor">LESTE 4</SimpleData>
					<SimpleData name="eq_dre">SAO MATEUS</SimpleData>
					<SimpleData name="eq_cd_mec">35455933</SimpleData>
					<SimpleData name="eq_esfera">MUNICIPAL</SimpleData>
					<SimpleData name="eq_cd_catg">1</SimpleData>
					<SimpleData name="eq_categor">ESCOLAS AUTONOMAS</SimpleData>
					<SimpleData name="eq_eol">35455933</SimpleData>
					<SimpleData name="eq_horario">07:00-21:05</SimpleData>
				</SchemaData>
			</ExtendedData>
			<Point>
				<coordinates>-46.4927740004262,-23.6085609974561,0</coordinates>
			</Point>
		</Placemark>
	</Folder>
</Document>
</kml>
