<?xml version="1.0" encoding="UTF-8"?>
<kml xmlns="http://www.opengis.net/kml/2.2" xmlns:gx="http://www.google.com/kml/ext/2.2" xmlns:kml="http://www.opengis.net/kml/2.2" xmlns:atom="http://www.w3.org/2005/Atom">
<Document>
	<name>LL_WGS84_KMZ_TEMA_EDUCACAO_ENSINO_TECNICO_PUBLICO.kmz</name>
	<Schema name="LL_WGS84_KMZ_TEMA_EDUCACAO_ENSINO_TECNICO_PUBLICO" id="kml_schema_ft_LL_WGS84_KMZ_TEMA_EDUCACAO_ENSINO_TECNICO_PUBLICO">
		<SimpleField type="xsd:short" name="eq_id"><displayName>eq_id</displayName>
</SimpleField>
		<SimpleField type="xsd:string" name="eq_nome"><displayName>eq_nome</displayName>
</SimpleField>
		<SimpleField type="xsd:string" name="eq_enderec"><displayName>eq_enderec</displayName>
</SimpleField>
		<SimpleField type="xsd:string" name="eq_bairro"><displayName>eq_bairro</displayName>
</SimpleField>
		<SimpleField type="xsd:short" name="eq_cep"><displayName>eq_cep</displayName>
</SimpleField>
		<SimpleField type="xsd:string" name="eq_tipo"><displayName>eq_tipo</displayName>
</SimpleField>
		<SimpleField type="xsd:string" name="eq_classe"><displayName>eq_classe</displayName>
</SimpleField>
		<SimpleField type="xsd:string" name="eq_telefon"><displayName>eq_telefon</displayName>
</SimpleField>
		<SimpleField type="xsd:string" name="eq_setor"><displayName>eq_setor</displayName>
</SimpleField>
		<SimpleField type="xsd:short" name="eq_areap"><displayName>eq_areap</displayName>
</SimpleField>
		<SimpleField type="xsd:short" name="eq_cd_dist"><displayName>eq_cd_dist</displayName>
</SimpleField>
		<SimpleField type="xsd:string" name="eq_distr"><displayName>eq_distr</displayName>
</SimpleField>
		<SimpleField type="xsd:short" name="eq_cd_subp"><displayName>eq_cd_subp</displayName>
</SimpleField>
		<SimpleField type="xsd:string" name="eq_subpref"><displayName>eq_subpref</displayName>
</SimpleField>
		<SimpleField type="xsd:string" name="eq_regiao5"><displayName>eq_regiao5</displayName>
</SimpleField>
		<SimpleField type="xsd:string" name="eq_regiao8"><displayName>eq_regiao8</displayName>
</SimpleField>
		<SimpleField type="xsd:string" name="eq_ender"><displayName>eq_ender</displayName>
</SimpleField>
		<SimpleField type="xsd:string" name="eq_num"><displayName>eq_num</displayName>
</SimpleField>
		<SimpleField type="xsd:string" name="eq_compend"><displayName>eq_compend</displayName>
</SimpleField>
		<SimpleField type="xsd:short" name="eq_codcep"><displayName>eq_codcep</displayName>
</SimpleField>
		<SimpleField type="xsd:short" name="eq_fone1"><displayName>eq_fone1</displayName>
</SimpleField>
		<SimpleField type="xsd:short" name="eq_fone2"><displayName>eq_fone2</displayName>
</SimpleField>
		<SimpleField type="xsd:string" name="eq_email"><displayName>eq_email</displayName>
</SimpleField>
		<SimpleField type="xsd:short" name="eq_cd_dirt"><displayName>eq_cd_dirt</displayName>
</SimpleField>
		<SimpleField type="xsd:string" name="eq_diretor"><displayName>eq_diretor</displayName>
</SimpleField>
		<SimpleField type="xsd:string" name="eq_dre"><displayName>eq_dre</displayName>
</SimpleField>
		<SimpleField type="xsd:short" name="eq_cd_zona"><displayName>eq_cd_zona</displayName>
</SimpleField>
		<SimpleField type="xsd:string" name="eq_zona"><displayName>eq_zona</displayName>
</SimpleField>
		<SimpleField type="xsd:short" name="eq_cd_mec"><displayName>eq_cd_mec</displayName>
</SimpleField>
		<SimpleField type="xsd:string" name="eq_esfera"><displayName>eq_esfera</displayName>
</SimpleField>
		<SimpleField type="xsd:short" name="eq_cd_catg"><displayName>eq_cd_catg</displayName>
</SimpleField>
		<SimpleField type="xsd:string" name="eq_categor"><displayName>eq_categor</displayName>
</SimpleField>
		<SimpleField type="xsd:short" name="eq_eol"><displayName>eq_eol</displayName>
</SimpleField>
		<SimpleField type="xsd:string" name="eq_horario"><displayName>eq_horario</displayName>
</SimpleField>
	</Schema>
	<Style id="s_ylw-pushpin_hl">
		<IconStyle>
			<scale>1.3</scale>
			<Icon>
				<href>files/Point_Educacao_EnsinoTecnico_RedePublica.png</href>
			</Icon>
			<hotSpot x="0.5" y="0.5" xunits="fraction" yunits="fraction"/>
		</IconStyle>
		<ListStyle>
		</ListStyle>
	</Style>
	<StyleMap id="m_ylw-pushpin">
		<Pair>
			<key>normal</key>
			<styleUrl>#s_ylw-pushpin</styleUrl>
		</Pair>
		<Pair>
			<key>highlight</key>
			<styleUrl>#s_ylw-pushpin_hl</styleUrl>
		</Pair>
	</StyleMap>
	<Style id="s_ylw-pushpin">
		<IconStyle>
			<scale>1.1</scale>
			<Icon>
				<href>files/Point_Educacao_EnsinoTecnico_RedePublica.png</href>
			</Icon>
			<hotSpot x="0.5" y="0.5" xunits="fraction" yunits="fraction"/>
		</IconStyle>
		<ListStyle>
		</ListStyle>
	</Style>
	<Folder id="kml_ft_LL_WGS84_KMZ_TEMA_EDUCACAO_ENSINO_TECNICO_PUBLICO">
		<name>LL_WGS84_KMZ_TEMA_EDUCACAO_ENSINO_TECNICO_PUBLICO</name>
		<open>1</open>
		<Placemark id="kml_1">
			<name>kml_1</name>
			<snippet></snippet>
			<description><![CDATA[<center><table><tr><th colspan='2' align='center'><em>Attributes</em></th></tr><tr bgcolor="#E3E3F3">
<th>eq_id</th>
<td>48</td>
</tr><tr bgcolor="">
<th>eq_nome</th>
<td>ALBERT EINSTEIN ETEC</td>
</tr><tr bgcolor="#E3E3F3">
<th>eq_enderec</th>
<td>NOVA GRANADA 35</td>
</tr><tr bgcolor="">
<th>eq_bairro</th>
<td>VILA BARUEL</td>
</tr><tr bgcolor="#E3E3F3">
<th>eq_cep</th>
<td>02522000</td>
</tr><tr bgcolor="">
<th>eq_tipo</th>
<td>ETEC</td>
</tr><tr bgcolor="#E3E3F3">
<th>eq_classe</th>
<td>ENSINO_TECNICO_PUBLICO</td>
</tr><tr bgcolor="">
<th>eq_telefon</th>
<td>1122030533 / 1138587529</td>
</tr><tr bgcolor="#E3E3F3">
<th>eq_setor</th>
<td>355030821000065</td>
</tr><tr bgcolor="">
<th>eq_areap</th>
<td>3550308005030</td>
</tr><tr bgcolor="#E3E3F3">
<th>eq_cd_dist</th>
<td>21</td>
</tr><tr bgcolor="">
<th>eq_distr</th>
<td>CASA VERDE</td>
</tr><tr bgcolor="#E3E3F3">
<th>eq_cd_subp</th>
<td>4</td>
</tr><tr bgcolor="">
<th>eq_subpref</th>
<td>CASA VERDE-CACHOEIRINHA</td>
</tr><tr bgcolor="#E3E3F3">
<th>eq_regiao5</th>
<td>Norte</td>
</tr><tr bgcolor="">
<th>eq_regiao8</th>
<td>Norte 2</td>
</tr><tr bgcolor="#E3E3F3">
<th>eq_ender</th>
<td>NOVA GRANADA</td>
</tr><tr bgcolor="">
<th>eq_num</th>
<td>35</td>
</tr><tr bgcolor="#E3E3F3">
<th>eq_compend</th>
<td>RUA</td>
</tr><tr bgcolor="">
<th>eq_codcep</th>
<td>02522000</td>
</tr><tr bgcolor="#E3E3F3">
<th>eq_fone1</th>
<td>1122030533</td>
</tr><tr bgcolor="">
<th>eq_fone2</th>
<td>1138587529</td>
</tr><tr bgcolor="#E3E3F3">
<th>eq_email</th>
<td>AEINST@UOL.COM.BR</td>
</tr><tr bgcolor="">
<th>eq_cd_dirt</th>
<td>10102</td>
</tr><tr bgcolor="#E3E3F3">
<th>eq_diretor</th>
<td>CENTRO</td>
</tr><tr bgcolor="">
<th>eq_dre</th>
<td>FREGUESIA/BRASILANDIA</td>
</tr><tr bgcolor="#E3E3F3">
<th>eq_cd_zona</th>
<td>1</td>
</tr><tr bgcolor="">
<th>eq_zona</th>
<td>Urbana</td>
</tr><tr bgcolor="#E3E3F3">
<th>eq_cd_mec</th>
<td>35000486</td>
</tr><tr bgcolor="">
<th>eq_esfera</th>
<td>ESTADUAL-OUT</td>
</tr><tr bgcolor="#E3E3F3">
<th>eq_cd_catg</th>
<td>1</td>
</tr><tr bgcolor="">
<th>eq_categor</th>
<td>ESCOLAS AUTONOMAS</td>
</tr><tr bgcolor="#E3E3F3">
<th>eq_eol</th>
<td>35000486</td>
</tr><tr bgcolor="">
<th>eq_horario</th>
<td></td>
</tr></table></center>]]></description>
			<styleUrl>#m_ylw-pushpin</styleUrl>
			<ExtendedData>
				<SchemaData schemaUrl="#kml_schema_ft_LL_WGS84_KMZ_TEMA_EDUCACAO_ENSINO_TECNICO_PUBLICO">
					<SimpleData name="eq_id">48</SimpleData>
					<SimpleData name="eq_nome">ALBERT EINSTEIN ETEC</SimpleData>
					<SimpleData name="eq_enderec">NOVA GRANADA 35</SimpleData>
					<SimpleData name="eq_bairro">VILA BARUEL</SimpleData>
					<SimpleData name="eq_cep">02522000</SimpleData>
					<SimpleData name="eq_tipo">ETEC</SimpleData>
					<SimpleData name="eq_classe">ENSINO_TECNICO_PUBLICO</SimpleData>
					<SimpleData name="eq_telefon">1122030533 / 1138587529</SimpleData>
					<SimpleData name="eq_setor">355030821000065</SimpleData>
					<SimpleData name="eq_areap">3550308005030</SimpleData>
					<SimpleData name="eq_cd_dist">21</SimpleData>
					<SimpleData name="eq_distr">CASA VERDE</SimpleData>
					<SimpleData name="eq_cd_subp">4</SimpleData>
					<SimpleData name="eq_subpref">CASA VERDE-CACHOEIRINHA</SimpleData>
					<SimpleData name="eq_regiao5">Norte</SimpleData>
					<SimpleData name="eq_regiao8">Norte 2</SimpleData>
					<SimpleData name="eq_ender">NOVA GRANADA</SimpleData>
					<SimpleData name="eq_num">35</SimpleData>
					<SimpleData name="eq_compend">RUA</SimpleData>
					<SimpleData name="eq_codcep">02522000</SimpleData>
					<SimpleData name="eq_fone1">1122030533</SimpleData>
					<SimpleData name="eq_fone2">1138587529</SimpleData>
					<SimpleData name="eq_email">AEINST@UOL.COM.BR</SimpleData>
					<SimpleData name="eq_cd_dirt">10102</SimpleData>
					<SimpleData name="eq_diretor">CENTRO</SimpleData>
					<SimpleData name="eq_dre">FREGUESIA/BRASILANDIA</SimpleData>
					<SimpleData name="eq_cd_zona">1</SimpleData>
					<SimpleData name="eq_zona">Urbana</SimpleData>
					<SimpleData name="eq_cd_mec">35000486</SimpleData>
					<SimpleData name="eq_esfera">ESTADUAL-OUT</SimpleData>
					<SimpleData name="eq_cd_catg">1</SimpleData>
					<SimpleData name="eq_categor">ESCOLAS AUTONOMAS</SimpleData>
					<SimpleData name="eq_eol">35000486</SimpleData>
				</SchemaData>
			</ExtendedData>
			<Point>
				<coordinates>-46.6597255356032,-23.5054631539991,0</coordinates>
			</Point>
		</Placemark>
		<Placemark id="kml_2">
			<name>kml_2</name>
			<snippet></snippet>
			<description><![CDATA[<center><table><tr><th colspan='2' align='center'><em>Attributes</em></th></tr><tr bgcolor="#E3E3F3">
<th>eq_id</th>
<td>93</td>
</tr><tr bgcolor="">
<th>eq_nome</th>
<td>HORACIO AUGUSTO DA SILVEIRA PROF ETEC</td>
</tr><tr bgcolor="#E3E3F3">
<th>eq_enderec</th>
<td>ALCANTARA 113</td>
</tr><tr bgcolor="">
<th>eq_bairro</th>
<td>VILA MARIA BAIXA</td>
</tr><tr bgcolor="#E3E3F3">
<th>eq_cep</th>
<td>02110000</td>
</tr><tr bgcolor="">
<th>eq_tipo</th>
<td>ETEC</td>
</tr><tr bgcolor="#E3E3F3">
<th>eq_classe</th>
<td>ENSINO_TECNICO_PUBLICO</td>
</tr><tr bgcolor="">
<th>eq_telefon</th>
<td>1129051125 / 1129051128</td>
</tr><tr bgcolor="#E3E3F3">
<th>eq_setor</th>
<td>355030886000026</td>
</tr><tr bgcolor="">
<th>eq_areap</th>
<td>3550308005031</td>
</tr><tr bgcolor="#E3E3F3">
<th>eq_cd_dist</th>
<td>86</td>
</tr><tr bgcolor="">
<th>eq_distr</th>
<td>VILA GUILHERME</td>
</tr><tr bgcolor="#E3E3F3">
<th>eq_cd_subp</th>
<td>7</td>
</tr><tr bgcolor="">
<th>eq_subpref</th>
<td>VILA MARIA-VILA GUILHERME</td>
</tr><tr bgcolor="#E3E3F3">
<th>eq_regiao5</th>
<td>Norte</td>
</tr><tr bgcolor="">
<th>eq_regiao8</th>
<td>Norte 1</td>
</tr><tr bgcolor="#E3E3F3">
<th>eq_ender</th>
<td>ALCANTARA</td>
</tr><tr bgcolor="">
<th>eq_num</th>
<td>113</td>
</tr><tr bgcolor="#E3E3F3">
<th>eq_compend</th>
<td>RUA</td>
</tr><tr bgcolor="">
<th>eq_codcep</th>
<td>02110000</td>
</tr><tr bgcolor="#E3E3F3">
<th>eq_fone1</th>
<td>1129051125</td>
</tr><tr bgcolor="">
<th>eq_fone2</th>
<td>1129051128</td>
</tr><tr bgcolor="#E3E3F3">
<th>eq_email</th>
<td>E064ACAD@CPS.SP.GOV.BR</td>
</tr><tr bgcolor="">
<th>eq_cd_dirt</th>
<td>10102</td>
</tr><tr bgcolor="#E3E3F3">
<th>eq_diretor</th>
<td>CENTRO</td>
</tr><tr bgcolor="">
<th>eq_dre</th>
<td>JACANA/TREMEMBE</td>
</tr><tr bgcolor="#E3E3F3">
<th>eq_cd_zona</th>
<td>1</td>
</tr><tr bgcolor="">
<th>eq_zona</th>
<td>Urbana</td>
</tr><tr bgcolor="#E3E3F3">
<th>eq_cd_mec</th>
<td>35000954</td>
</tr><tr bgcolor="">
<th>eq_esfera</th>
<td>ESTADUAL-OUT</td>
</tr><tr bgcolor="#E3E3F3">
<th>eq_cd_catg</th>
<td>1</td>
</tr><tr bgcolor="">
<th>eq_categor</th>
<td>ESCOLAS AUTONOMAS</td>
</tr><tr bgcolor="#E3E3F3">
<th>eq_eol</th>
<td>35000954</td>
</tr><tr bgcolor="">
<th>eq_horario</th>
<td></td>
</tr></table></center>]]></description>
			<styleUrl>#m_ylw-pushpin</styleUrl>
			<ExtendedData>
				<SchemaData schemaUrl="#kml_schema_ft_LL_WGS84_KMZ_TEMA_EDUCACAO_ENSINO_TECNICO_PUBLICO">
					<SimpleData name="eq_id">93</SimpleData>
					<SimpleData name="eq_nome">HORACIO AUGUSTO DA SILVEIRA PROF ETEC</SimpleData>
					<SimpleData name="eq_enderec">ALCANTARA 113</SimpleData>
					<SimpleData name="eq_bairro">VILA MARIA BAIXA</SimpleData>
					<SimpleData name="eq_cep">02110000</SimpleData>
					<SimpleData name="eq_tipo">ETEC</SimpleData>
					<SimpleData name="eq_classe">ENSINO_TECNICO_PUBLICO</SimpleData>
					<SimpleData name="eq_telefon">1129051125 / 1129051128</SimpleData>
					<SimpleData name="eq_setor">355030886000026</SimpleData>
					<SimpleData name="eq_areap">3550308005031</SimpleData>
					<SimpleData name="eq_cd_dist">86</SimpleData>
					<SimpleData name="eq_distr">VILA GUILHERME</SimpleData>
					<SimpleData name="eq_cd_subp">7</SimpleData>
					<SimpleData name="eq_subpref">VILA MARIA-VILA GUILHERME</SimpleData>
					<SimpleData name="eq_regiao5">Norte</SimpleData>
					<SimpleData name="eq_regiao8">Norte 1</SimpleData>
					<SimpleData name="eq_ender">ALCANTARA</SimpleData>
					<SimpleData name="eq_num">113</SimpleData>
					<SimpleData name="eq_compend">RUA</SimpleData>
					<SimpleData name="eq_codcep">02110000</SimpleData>
					<SimpleData name="eq_fone1">1129051125</SimpleData>
					<SimpleData name="eq_fone2">1129051128</SimpleData>
					<SimpleData name="eq_email">E064ACAD@CPS.SP.GOV.BR</SimpleData>
					<SimpleData name="eq_cd_dirt">10102</SimpleData>
					<SimpleData name="eq_diretor">CENTRO</SimpleData>
					<SimpleData name="eq_dre">JACANA/TREMEMBE</SimpleData>
					<SimpleData name="eq_cd_zona">1</SimpleData>
					<SimpleData name="eq_zona">Urbana</SimpleData>
					<SimpleData name="eq_cd_mec">35000954</SimpleData>
					<SimpleData name="eq_esfera">ESTADUAL-OUT</SimpleData>
					<SimpleData name="eq_cd_catg">1</SimpleData>
					<SimpleData name="eq_categor">ESCOLAS AUTONOMAS</SimpleData>
					<SimpleData name="eq_eol">35000954</SimpleData>
				</SchemaData>
			</ExtendedData>
			<Point>
				<coordinates>-46.5964229781097,-23.5194343917665,0</coordinates>
			</Point>
		</Placemark>
		<Placemark id="kml_3">
			<name>kml_3</name>
			<snippet></snippet>
			<description><![CDATA[<center><table><tr><th colspan='2' align='center'><em>Attributes</em></th></tr><tr bgcolor="#E3E3F3">
<th>eq_id</th>
<td>151</td>
</tr><tr bgcolor="">
<th>eq_nome</th>
<td>CARLOS DE CAMPOS ETEC</td>
</tr><tr bgcolor="#E3E3F3">
<th>eq_enderec</th>
<td>RUA MONSENHOR ANDRADE 798</td>
</tr><tr bgcolor="">
<th>eq_bairro</th>
<td>BRAS</td>
</tr><tr bgcolor="#E3E3F3">
<th>eq_cep</th>
<td>03009000</td>
</tr><tr bgcolor="">
<th>eq_tipo</th>
<td>ETEC</td>
</tr><tr bgcolor="#E3E3F3">
<th>eq_classe</th>
<td>ENSINO_TECNICO_PUBLICO</td>
</tr><tr bgcolor="">
<th>eq_telefon</th>
<td>1132030404 / 1132270286</td>
</tr><tr bgcolor="#E3E3F3">
<th>eq_setor</th>
<td>355030810000001</td>
</tr><tr bgcolor="">
<th>eq_areap</th>
<td>3550308005005</td>
</tr><tr bgcolor="#E3E3F3">
<th>eq_cd_dist</th>
<td>10</td>
</tr><tr bgcolor="">
<th>eq_distr</th>
<td>BRAS</td>
</tr><tr bgcolor="#E3E3F3">
<th>eq_cd_subp</th>
<td>25</td>
</tr><tr bgcolor="">
<th>eq_subpref</th>
<td>MOOCA</td>
</tr><tr bgcolor="#E3E3F3">
<th>eq_regiao5</th>
<td>Leste</td>
</tr><tr bgcolor="">
<th>eq_regiao8</th>
<td>Leste 1</td>
</tr><tr bgcolor="#E3E3F3">
<th>eq_ender</th>
<td>RUA MONSENHOR ANDRADE</td>
</tr><tr bgcolor="">
<th>eq_num</th>
<td>798</td>
</tr><tr bgcolor="#E3E3F3">
<th>eq_compend</th>
<td>RUA</td>
</tr><tr bgcolor="">
<th>eq_codcep</th>
<td>03009000</td>
</tr><tr bgcolor="#E3E3F3">
<th>eq_fone1</th>
<td>1132030404</td>
</tr><tr bgcolor="">
<th>eq_fone2</th>
<td>1132270286</td>
</tr><tr bgcolor="#E3E3F3">
<th>eq_email</th>
<td>E045DIR@CPS.SP.GOV.BR</td>
</tr><tr bgcolor="">
<th>eq_cd_dirt</th>
<td>10102</td>
</tr><tr bgcolor="#E3E3F3">
<th>eq_diretor</th>
<td>CENTRO</td>
</tr><tr bgcolor="">
<th>eq_dre</th>
<td>PENHA</td>
</tr><tr bgcolor="#E3E3F3">
<th>eq_cd_zona</th>
<td>1</td>
</tr><tr bgcolor="">
<th>eq_zona</th>
<td>Urbana</td>
</tr><tr bgcolor="#E3E3F3">
<th>eq_cd_mec</th>
<td>35001594</td>
</tr><tr bgcolor="">
<th>eq_esfera</th>
<td>ESTADUAL-OUT</td>
</tr><tr bgcolor="#E3E3F3">
<th>eq_cd_catg</th>
<td>1</td>
</tr><tr bgcolor="">
<th>eq_categor</th>
<td>ESCOLAS AUTONOMAS</td>
</tr><tr bgcolor="#E3E3F3">
<th>eq_eol</th>
<td>35001594</td>
</tr><tr bgcolor="">
<th>eq_horario</th>
<td></td>
</tr></table></center>]]></description>
			<styleUrl>#m_ylw-pushpin</styleUrl>
			<ExtendedData>
				<SchemaData schemaUrl="#kml_schema_ft_LL_WGS84_KMZ_TEMA_EDUCACAO_ENSINO_TECNICO_PUBLICO">
					<SimpleData name="eq_id">151</SimpleData>
					<SimpleData name="eq_nome">CARLOS DE CAMPOS ETEC</SimpleData>
					<SimpleData name="eq_enderec">RUA MONSENHOR ANDRADE 798</SimpleData>
					<SimpleData name="eq_bairro">BRAS</SimpleData>
					<SimpleData name="eq_cep">03009000</SimpleData>
					<SimpleData name="eq_tipo">ETEC</SimpleData>
					<SimpleData name="eq_classe">ENSINO_TECNICO_PUBLICO</SimpleData>
					<SimpleData name="eq_telefon">1132030404 / 1132270286</SimpleData>
					<SimpleData name="eq_setor">355030810000001</SimpleData>
					<SimpleData name="eq_areap">3550308005005</SimpleData>
					<SimpleData name="eq_cd_dist">10</SimpleData>
					<SimpleData name="eq_distr">BRAS</SimpleData>
					<SimpleData name="eq_cd_subp">25</SimpleData>
					<SimpleData name="eq_subpref">MOOCA</SimpleData>
					<SimpleData name="eq_regiao5">Leste</SimpleData>
					<SimpleData name="eq_regiao8">Leste 1</SimpleData>
					<SimpleData name="eq_ender">RUA MONSENHOR ANDRADE</SimpleData>
					<SimpleData name="eq_num">798</SimpleData>
					<SimpleData name="eq_compend">RUA</SimpleData>
					<SimpleData name="eq_codcep">03009000</SimpleData>
					<SimpleData name="eq_fone1">1132030404</SimpleData>
					<SimpleData name="eq_fone2">1132270286</SimpleData>
					<SimpleData name="eq_email">E045DIR@CPS.SP.GOV.BR</SimpleData>
					<SimpleData name="eq_cd_dirt">10102</SimpleData>
					<SimpleData name="eq_diretor">CENTRO</SimpleData>
					<SimpleData name="eq_dre">PENHA</SimpleData>
					<SimpleData name="eq_cd_zona">1</SimpleData>
					<SimpleData name="eq_zona">Urbana</SimpleData>
					<SimpleData name="eq_cd_mec">35001594</SimpleData>
					<SimpleData name="eq_esfera">ESTADUAL-OUT</SimpleData>
					<SimpleData name="eq_cd_catg">1</SimpleData>
					<SimpleData name="eq_categor">ESCOLAS AUTONOMAS</SimpleData>
					<SimpleData name="eq_eol">35001594</SimpleData>
				</SchemaData>
			</ExtendedData>
			<Point>
				<coordinates>-46.6218013063685,-23.53837140223609,0</coordinates>
			</Point>
		</Placemark>
		<Placemark id="kml_4">
			<name>kml_4</name>
			<snippet></snippet>
			<description><![CDATA[<center><table><tr><th colspan='2' align='center'><em>Attributes</em></th></tr><tr bgcolor="#E3E3F3">
<th>eq_id</th>
<td>154</td>
</tr><tr bgcolor="">
<th>eq_nome</th>
<td>CAMARGO ARANHA PROF ETEC</td>
</tr><tr bgcolor="#E3E3F3">
<th>eq_enderec</th>
<td>RUA MARCIAL 25</td>
</tr><tr bgcolor="">
<th>eq_bairro</th>
<td>MOOCA</td>
</tr><tr bgcolor="#E3E3F3">
<th>eq_cep</th>
<td>03169000</td>
</tr><tr bgcolor="">
<th>eq_tipo</th>
<td>ETEC</td>
</tr><tr bgcolor="#E3E3F3">
<th>eq_classe</th>
<td>ENSINO_TECNICO_PUBLICO</td>
</tr><tr bgcolor="">
<th>eq_telefon</th>
<td>1125785610 / 1126946733</td>
</tr><tr bgcolor="#E3E3F3">
<th>eq_setor</th>
<td>355030853000057</td>
</tr><tr bgcolor="">
<th>eq_areap</th>
<td>3550308005018</td>
</tr><tr bgcolor="#E3E3F3">
<th>eq_cd_dist</th>
<td>53</td>
</tr><tr bgcolor="">
<th>eq_distr</th>
<td>MOOCA</td>
</tr><tr bgcolor="#E3E3F3">
<th>eq_cd_subp</th>
<td>25</td>
</tr><tr bgcolor="">
<th>eq_subpref</th>
<td>MOOCA</td>
</tr><tr bgcolor="#E3E3F3">
<th>eq_regiao5</th>
<td>Leste</td>
</tr><tr bgcolor="">
<th>eq_regiao8</th>
<td>Leste 1</td>
</tr><tr bgcolor="#E3E3F3">
<th>eq_ender</th>
<td>RUA MARCIAL</td>
</tr><tr bgcolor="">
<th>eq_num</th>
<td>25</td>
</tr><tr bgcolor="#E3E3F3">
<th>eq_compend</th>
<td>RUA</td>
</tr><tr bgcolor="">
<th>eq_codcep</th>
<td>03169000</td>
</tr><tr bgcolor="#E3E3F3">
<th>eq_fone1</th>
<td>1125785610</td>
</tr><tr bgcolor="">
<th>eq_fone2</th>
<td>1126946733</td>
</tr><tr bgcolor="#E3E3F3">
<th>eq_email</th>
<td>CAMARGOARANHA@TERRA.COM.BR</td>
</tr><tr bgcolor="">
<th>eq_cd_dirt</th>
<td>10316</td>
</tr><tr bgcolor="#E3E3F3">
<th>eq_diretor</th>
<td>CENTRO SUL</td>
</tr><tr bgcolor="">
<th>eq_dre</th>
<td>PENHA</td>
</tr><tr bgcolor="#E3E3F3">
<th>eq_cd_zona</th>
<td>1</td>
</tr><tr bgcolor="">
<th>eq_zona</th>
<td>Urbana</td>
</tr><tr bgcolor="#E3E3F3">
<th>eq_cd_mec</th>
<td>35001636</td>
</tr><tr bgcolor="">
<th>eq_esfera</th>
<td>ESTADUAL-OUT</td>
</tr><tr bgcolor="#E3E3F3">
<th>eq_cd_catg</th>
<td>1</td>
</tr><tr bgcolor="">
<th>eq_categor</th>
<td>ESCOLAS AUTONOMAS</td>
</tr><tr bgcolor="#E3E3F3">
<th>eq_eol</th>
<td>35001636</td>
</tr><tr bgcolor="">
<th>eq_horario</th>
<td></td>
</tr></table></center>]]></description>
			<styleUrl>#m_ylw-pushpin</styleUrl>
			<ExtendedData>
				<SchemaData schemaUrl="#kml_schema_ft_LL_WGS84_KMZ_TEMA_EDUCACAO_ENSINO_TECNICO_PUBLICO">
					<SimpleData name="eq_id">154</SimpleData>
					<SimpleData name="eq_nome">CAMARGO ARANHA PROF ETEC</SimpleData>
					<SimpleData name="eq_enderec">RUA MARCIAL 25</SimpleData>
					<SimpleData name="eq_bairro">MOOCA</SimpleData>
					<SimpleData name="eq_cep">03169000</SimpleData>
					<SimpleData name="eq_tipo">ETEC</SimpleData>
					<SimpleData name="eq_classe">ENSINO_TECNICO_PUBLICO</SimpleData>
					<SimpleData name="eq_telefon">1125785610 / 1126946733</SimpleData>
					<SimpleData name="eq_setor">355030853000057</SimpleData>
					<SimpleData name="eq_areap">3550308005018</SimpleData>
					<SimpleData name="eq_cd_dist">53</SimpleData>
					<SimpleData name="eq_distr">MOOCA</SimpleData>
					<SimpleData name="eq_cd_subp">25</SimpleData>
					<SimpleData name="eq_subpref">MOOCA</SimpleData>
					<SimpleData name="eq_regiao5">Leste</SimpleData>
					<SimpleData name="eq_regiao8">Leste 1</SimpleData>
					<SimpleData name="eq_ender">RUA MARCIAL</SimpleData>
					<SimpleData name="eq_num">25</SimpleData>
					<SimpleData name="eq_compend">RUA</SimpleData>
					<SimpleData name="eq_codcep">03169000</SimpleData>
					<SimpleData name="eq_fone1">1125785610</SimpleData>
					<SimpleData name="eq_fone2">1126946733</SimpleData>
					<SimpleData name="eq_email">CAMARGOARANHA@TERRA.COM.BR</SimpleData>
					<SimpleData name="eq_cd_dirt">10316</SimpleData>
					<SimpleData name="eq_diretor">CENTRO SUL</SimpleData>
					<SimpleData name="eq_dre">PENHA</SimpleData>
					<SimpleData name="eq_cd_zona">1</SimpleData>
					<SimpleData name="eq_zona">Urbana</SimpleData>
					<SimpleData name="eq_cd_mec">35001636</SimpleData>
					<SimpleData name="eq_esfera">ESTADUAL-OUT</SimpleData>
					<SimpleData name="eq_cd_catg">1</SimpleData>
					<SimpleData name="eq_categor">ESCOLAS AUTONOMAS</SimpleData>
					<SimpleData name="eq_eol">35001636</SimpleData>
				</SchemaData>
			</ExtendedData>
			<Point>
				<coordinates>-46.59796511274429,-23.553278584676,0</coordinates>
			</Point>
		</Placemark>
		<Placemark id="kml_5">
			<name>kml_5</name>
			<snippet></snippet>
			<description><![CDATA[<center><table><tr><th colspan='2' align='center'><em>Attributes</em></th></tr><tr bgcolor="#E3E3F3">
<th>eq_id</th>
<td>182</td>
</tr><tr bgcolor="">
<th>eq_nome</th>
<td>JOSE ROCHA MENDES ETEC</td>
</tr><tr bgcolor="#E3E3F3">
<th>eq_enderec</th>
<td>AMERICO VESPUCCI 1241</td>
</tr><tr bgcolor="">
<th>eq_bairro</th>
<td>VILA PRUDENTE</td>
</tr><tr bgcolor="#E3E3F3">
<th>eq_cep</th>
<td>03135000</td>
</tr><tr bgcolor="">
<th>eq_tipo</th>
<td>ETEC</td>
</tr><tr bgcolor="#E3E3F3">
<th>eq_classe</th>
<td>ENSINO_TECNICO_PUBLICO</td>
</tr><tr bgcolor="">
<th>eq_telefon</th>
<td>1120634334 / 1126987821</td>
</tr><tr bgcolor="#E3E3F3">
<th>eq_setor</th>
<td>355030893000065</td>
</tr><tr bgcolor="">
<th>eq_areap</th>
<td>3550308005042</td>
</tr><tr bgcolor="#E3E3F3">
<th>eq_cd_dist</th>
<td>93</td>
</tr><tr bgcolor="">
<th>eq_distr</th>
<td>VILA PRUDENTE</td>
</tr><tr bgcolor="#E3E3F3">
<th>eq_cd_subp</th>
<td>29</td>
</tr><tr bgcolor="">
<th>eq_subpref</th>
<td>VILA PRUDENTE</td>
</tr><tr bgcolor="#E3E3F3">
<th>eq_regiao5</th>
<td>Leste</td>
</tr><tr bgcolor="">
<th>eq_regiao8</th>
<td>Leste 1</td>
</tr><tr bgcolor="#E3E3F3">
<th>eq_ender</th>
<td>AMERICO VESPUCCI</td>
</tr><tr bgcolor="">
<th>eq_num</th>
<td>1241</td>
</tr><tr bgcolor="#E3E3F3">
<th>eq_compend</th>
<td>RUA</td>
</tr><tr bgcolor="">
<th>eq_codcep</th>
<td>03135000</td>
</tr><tr bgcolor="#E3E3F3">
<th>eq_fone1</th>
<td>1120634334</td>
</tr><tr bgcolor="">
<th>eq_fone2</th>
<td>1126987821</td>
</tr><tr bgcolor="#E3E3F3">
<th>eq_email</th>
<td>E.JRMENDES.ACAD@CENTROPAULASOUZA.SP.GOV.BR</td>
</tr><tr bgcolor="">
<th>eq_cd_dirt</th>
<td>10316</td>
</tr><tr bgcolor="#E3E3F3">
<th>eq_diretor</th>
<td>CENTRO SUL</td>
</tr><tr bgcolor="">
<th>eq_dre</th>
<td>IPIRANGA</td>
</tr><tr bgcolor="#E3E3F3">
<th>eq_cd_zona</th>
<td>1</td>
</tr><tr bgcolor="">
<th>eq_zona</th>
<td>Urbana</td>
</tr><tr bgcolor="#E3E3F3">
<th>eq_cd_mec</th>
<td>35001946</td>
</tr><tr bgcolor="">
<th>eq_esfera</th>
<td>ESTADUAL-OUT</td>
</tr><tr bgcolor="#E3E3F3">
<th>eq_cd_catg</th>
<td>1</td>
</tr><tr bgcolor="">
<th>eq_categor</th>
<td>ESCOLAS AUTONOMAS</td>
</tr><tr bgcolor="#E3E3F3">
<th>eq_eol</th>
<td>35001946</td>
</tr><tr bgcolor="">
<th>eq_horario</th>
<td></td>
</tr></table></center>]]></description>
			<styleUrl>#m_ylw-pushpin</styleUrl>
			<ExtendedData>
				<SchemaData schemaUrl="#kml_schema_ft_LL_WGS84_KMZ_TEMA_EDUCACAO_ENSINO_TECNICO_PUBLICO">
					<SimpleData name="eq_id">182</SimpleData>
					<SimpleData name="eq_nome">JOSE ROCHA MENDES ETEC</SimpleData>
					<SimpleData name="eq_enderec">AMERICO VESPUCCI 1241</SimpleData>
					<SimpleData name="eq_bairro">VILA PRUDENTE</SimpleData>
					<SimpleData name="eq_cep">03135000</SimpleData>
					<SimpleData name="eq_tipo">ETEC</SimpleData>
					<SimpleData name="eq_classe">ENSINO_TECNICO_PUBLICO</SimpleData>
					<SimpleData name="eq_telefon">1120634334 / 1126987821</SimpleData>
					<SimpleData name="eq_setor">355030893000065</SimpleData>
					<SimpleData name="eq_areap">3550308005042</SimpleData>
					<SimpleData name="eq_cd_dist">93</SimpleData>
					<SimpleData name="eq_distr">VILA PRUDENTE</SimpleData>
					<SimpleData name="eq_cd_subp">29</SimpleData>
					<SimpleData name="eq_subpref">VILA PRUDENTE</SimpleData>
					<SimpleData name="eq_regiao5">Leste</SimpleData>
					<SimpleData name="eq_regiao8">Leste 1</SimpleData>
					<SimpleData name="eq_ender">AMERICO VESPUCCI</SimpleData>
					<SimpleData name="eq_num">1241</SimpleData>
					<SimpleData name="eq_compend">RUA</SimpleData>
					<SimpleData name="eq_codcep">03135000</SimpleData>
					<SimpleData name="eq_fone1">1120634334</SimpleData>
					<SimpleData name="eq_fone2">1126987821</SimpleData>
					<SimpleData name="eq_email">E.JRMENDES.ACAD@CENTROPAULASOUZA.SP.GOV.BR</SimpleData>
					<SimpleData name="eq_cd_dirt">10316</SimpleData>
					<SimpleData name="eq_diretor">CENTRO SUL</SimpleData>
					<SimpleData name="eq_dre">IPIRANGA</SimpleData>
					<SimpleData name="eq_cd_zona">1</SimpleData>
					<SimpleData name="eq_zona">Urbana</SimpleData>
					<SimpleData name="eq_cd_mec">35001946</SimpleData>
					<SimpleData name="eq_esfera">ESTADUAL-OUT</SimpleData>
					<SimpleData name="eq_cd_catg">1</SimpleData>
					<SimpleData name="eq_categor">ESCOLAS AUTONOMAS</SimpleData>
					<SimpleData name="eq_eol">35001946</SimpleData>
				</SchemaData>
			</ExtendedData>
			<Point>
				<coordinates>-46.578115106689,-23.5835797909227,0</coordinates>
			</Point>
		</Placemark>
		<Placemark id="kml_6">
			<name>kml_6</name>
			<snippet></snippet>
			<description><![CDATA[<center><table><tr><th colspan='2' align='center'><em>Attributes</em></th></tr><tr bgcolor="#E3E3F3">
<th>eq_id</th>
<td>204</td>
</tr><tr bgcolor="">
<th>eq_nome</th>
<td>MARTIN LUTHER KING ETEC</td>
</tr><tr bgcolor="#E3E3F3">
<th>eq_enderec</th>
<td>RUA APUCARANA 815</td>
</tr><tr bgcolor="">
<th>eq_bairro</th>
<td>TATUAPE</td>
</tr><tr bgcolor="#E3E3F3">
<th>eq_cep</th>
<td>03311000</td>
</tr><tr bgcolor="">
<th>eq_tipo</th>
<td>ETEC</td>
</tr><tr bgcolor="#E3E3F3">
<th>eq_classe</th>
<td>ENSINO_TECNICO_PUBLICO</td>
</tr><tr bgcolor="">
<th>eq_telefon</th>
<td>1120917465 / 1120938636</td>
</tr><tr bgcolor="#E3E3F3">
<th>eq_setor</th>
<td>355030880000035</td>
</tr><tr bgcolor="">
<th>eq_areap</th>
<td>3550308005037</td>
</tr><tr bgcolor="#E3E3F3">
<th>eq_cd_dist</th>
<td>80</td>
</tr><tr bgcolor="">
<th>eq_distr</th>
<td>TATUAPE</td>
</tr><tr bgcolor="#E3E3F3">
<th>eq_cd_subp</th>
<td>25</td>
</tr><tr bgcolor="">
<th>eq_subpref</th>
<td>MOOCA</td>
</tr><tr bgcolor="#E3E3F3">
<th>eq_regiao5</th>
<td>Leste</td>
</tr><tr bgcolor="">
<th>eq_regiao8</th>
<td>Leste 1</td>
</tr><tr bgcolor="#E3E3F3">
<th>eq_ender</th>
<td>RUA APUCARANA</td>
</tr><tr bgcolor="">
<th>eq_num</th>
<td>815</td>
</tr><tr bgcolor="#E3E3F3">
<th>eq_compend</th>
<td>RUA</td>
</tr><tr bgcolor="">
<th>eq_codcep</th>
<td>03311000</td>
</tr><tr bgcolor="#E3E3F3">
<th>eq_fone1</th>
<td>1120917465</td>
</tr><tr bgcolor="">
<th>eq_fone2</th>
<td>1120938636</td>
</tr><tr bgcolor="#E3E3F3">
<th>eq_email</th>
<td>E085DIR@CPS.SP.GOV.BR</td>
</tr><tr bgcolor="">
<th>eq_cd_dirt</th>
<td>10205</td>
</tr><tr bgcolor="#E3E3F3">
<th>eq_diretor</th>
<td>LESTE 5</td>
</tr><tr bgcolor="">
<th>eq_dre</th>
<td>PENHA</td>
</tr><tr bgcolor="#E3E3F3">
<th>eq_cd_zona</th>
<td>1</td>
</tr><tr bgcolor="">
<th>eq_zona</th>
<td>Urbana</td>
</tr><tr bgcolor="#E3E3F3">
<th>eq_cd_mec</th>
<td>35002185</td>
</tr><tr bgcolor="">
<th>eq_esfera</th>
<td>ESTADUAL-OUT</td>
</tr><tr bgcolor="#E3E3F3">
<th>eq_cd_catg</th>
<td>1</td>
</tr><tr bgcolor="">
<th>eq_categor</th>
<td>ESCOLAS AUTONOMAS</td>
</tr><tr bgcolor="#E3E3F3">
<th>eq_eol</th>
<td>35002185</td>
</tr><tr bgcolor="">
<th>eq_horario</th>
<td></td>
</tr></table></center>]]></description>
			<styleUrl>#m_ylw-pushpin</styleUrl>
			<ExtendedData>
				<SchemaData schemaUrl="#kml_schema_ft_LL_WGS84_KMZ_TEMA_EDUCACAO_ENSINO_TECNICO_PUBLICO">
					<SimpleData name="eq_id">204</SimpleData>
					<SimpleData name="eq_nome">MARTIN LUTHER KING ETEC</SimpleData>
					<SimpleData name="eq_enderec">RUA APUCARANA 815</SimpleData>
					<SimpleData name="eq_bairro">TATUAPE</SimpleData>
					<SimpleData name="eq_cep">03311000</SimpleData>
					<SimpleData name="eq_tipo">ETEC</SimpleData>
					<SimpleData name="eq_classe">ENSINO_TECNICO_PUBLICO</SimpleData>
					<SimpleData name="eq_telefon">1120917465 / 1120938636</SimpleData>
					<SimpleData name="eq_setor">355030880000035</SimpleData>
					<SimpleData name="eq_areap">3550308005037</SimpleData>
					<SimpleData name="eq_cd_dist">80</SimpleData>
					<SimpleData name="eq_distr">TATUAPE</SimpleData>
					<SimpleData name="eq_cd_subp">25</SimpleData>
					<SimpleData name="eq_subpref">MOOCA</SimpleData>
					<SimpleData name="eq_regiao5">Leste</SimpleData>
					<SimpleData name="eq_regiao8">Leste 1</SimpleData>
					<SimpleData name="eq_ender">RUA APUCARANA</SimpleData>
					<SimpleData name="eq_num">815</SimpleData>
					<SimpleData name="eq_compend">RUA</SimpleData>
					<SimpleData name="eq_codcep">03311000</SimpleData>
					<SimpleData name="eq_fone1">1120917465</SimpleData>
					<SimpleData name="eq_fone2">1120938636</SimpleData>
					<SimpleData name="eq_email">E085DIR@CPS.SP.GOV.BR</SimpleData>
					<SimpleData name="eq_cd_dirt">10205</SimpleData>
					<SimpleData name="eq_diretor">LESTE 5</SimpleData>
					<SimpleData name="eq_dre">PENHA</SimpleData>
					<SimpleData name="eq_cd_zona">1</SimpleData>
					<SimpleData name="eq_zona">Urbana</SimpleData>
					<SimpleData name="eq_cd_mec">35002185</SimpleData>
					<SimpleData name="eq_esfera">ESTADUAL-OUT</SimpleData>
					<SimpleData name="eq_cd_catg">1</SimpleData>
					<SimpleData name="eq_categor">ESCOLAS AUTONOMAS</SimpleData>
					<SimpleData name="eq_eol">35002185</SimpleData>
				</SchemaData>
			</ExtendedData>
			<Point>
				<coordinates>-46.5635607906024,-23.5455366492661,0</coordinates>
			</Point>
		</Placemark>
		<Placemark id="kml_7">
			<name>kml_7</name>
			<snippet></snippet>
			<description><![CDATA[<center><table><tr><th colspan='2' align='center'><em>Attributes</em></th></tr><tr bgcolor="#E3E3F3">
<th>eq_id</th>
<td>242</td>
</tr><tr bgcolor="">
<th>eq_nome</th>
<td>APRIGIO GONZAGA PROF ETEC</td>
</tr><tr bgcolor="#E3E3F3">
<th>eq_enderec</th>
<td>ORENCIO VIDIGAL DOUTOR 212</td>
</tr><tr bgcolor="">
<th>eq_bairro</th>
<td>VILA CARLOS DE CAMPOS</td>
</tr><tr bgcolor="#E3E3F3">
<th>eq_cep</th>
<td>03640000</td>
</tr><tr bgcolor="">
<th>eq_tipo</th>
<td>ETEC</td>
</tr><tr bgcolor="#E3E3F3">
<th>eq_classe</th>
<td>ENSINO_TECNICO_PUBLICO</td>
</tr><tr bgcolor="">
<th>eq_telefon</th>
<td>1126426777 / 1126471491</td>
</tr><tr bgcolor="#E3E3F3">
<th>eq_setor</th>
<td>355030859000187</td>
</tr><tr bgcolor="">
<th>eq_areap</th>
<td>3550308005074</td>
</tr><tr bgcolor="#E3E3F3">
<th>eq_cd_dist</th>
<td>59</td>
</tr><tr bgcolor="">
<th>eq_distr</th>
<td>PENHA</td>
</tr><tr bgcolor="#E3E3F3">
<th>eq_cd_subp</th>
<td>21</td>
</tr><tr bgcolor="">
<th>eq_subpref</th>
<td>PENHA</td>
</tr><tr bgcolor="#E3E3F3">
<th>eq_regiao5</th>
<td>Leste</td>
</tr><tr bgcolor="">
<th>eq_regiao8</th>
<td>Leste 1</td>
</tr><tr bgcolor="#E3E3F3">
<th>eq_ender</th>
<td>ORENCIO VIDIGAL DOUTOR</td>
</tr><tr bgcolor="">
<th>eq_num</th>
<td>212</td>
</tr><tr bgcolor="#E3E3F3">
<th>eq_compend</th>
<td>AVENIDA</td>
</tr><tr bgcolor="">
<th>eq_codcep</th>
<td>03640000</td>
</tr><tr bgcolor="#E3E3F3">
<th>eq_fone1</th>
<td>1126426777</td>
</tr><tr bgcolor="">
<th>eq_fone2</th>
<td>1126471491</td>
</tr><tr bgcolor="#E3E3F3">
<th>eq_email</th>
<td>E034DIR@CPS.SP.GOV.BR</td>
</tr><tr bgcolor="">
<th>eq_cd_dirt</th>
<td>10207</td>
</tr><tr bgcolor="#E3E3F3">
<th>eq_diretor</th>
<td>LESTE 1</td>
</tr><tr bgcolor="">
<th>eq_dre</th>
<td>PENHA</td>
</tr><tr bgcolor="#E3E3F3">
<th>eq_cd_zona</th>
<td>1</td>
</tr><tr bgcolor="">
<th>eq_zona</th>
<td>Urbana</td>
</tr><tr bgcolor="#E3E3F3">
<th>eq_cd_mec</th>
<td>35002628</td>
</tr><tr bgcolor="">
<th>eq_esfera</th>
<td>ESTADUAL-OUT</td>
</tr><tr bgcolor="#E3E3F3">
<th>eq_cd_catg</th>
<td>1</td>
</tr><tr bgcolor="">
<th>eq_categor</th>
<td>ESCOLAS AUTONOMAS</td>
</tr><tr bgcolor="#E3E3F3">
<th>eq_eol</th>
<td>35002628</td>
</tr><tr bgcolor="">
<th>eq_horario</th>
<td></td>
</tr></table></center>]]></description>
			<styleUrl>#m_ylw-pushpin</styleUrl>
			<ExtendedData>
				<SchemaData schemaUrl="#kml_schema_ft_LL_WGS84_KMZ_TEMA_EDUCACAO_ENSINO_TECNICO_PUBLICO">
					<SimpleData name="eq_id">242</SimpleData>
					<SimpleData name="eq_nome">APRIGIO GONZAGA PROF ETEC</SimpleData>
					<SimpleData name="eq_enderec">ORENCIO VIDIGAL DOUTOR 212</SimpleData>
					<SimpleData name="eq_bairro">VILA CARLOS DE CAMPOS</SimpleData>
					<SimpleData name="eq_cep">03640000</SimpleData>
					<SimpleData name="eq_tipo">ETEC</SimpleData>
					<SimpleData name="eq_classe">ENSINO_TECNICO_PUBLICO</SimpleData>
					<SimpleData name="eq_telefon">1126426777 / 1126471491</SimpleData>
					<SimpleData name="eq_setor">355030859000187</SimpleData>
					<SimpleData name="eq_areap">3550308005074</SimpleData>
					<SimpleData name="eq_cd_dist">59</SimpleData>
					<SimpleData name="eq_distr">PENHA</SimpleData>
					<SimpleData name="eq_cd_subp">21</SimpleData>
					<SimpleData name="eq_subpref">PENHA</SimpleData>
					<SimpleData name="eq_regiao5">Leste</SimpleData>
					<SimpleData name="eq_regiao8">Leste 1</SimpleData>
					<SimpleData name="eq_ender">ORENCIO VIDIGAL DOUTOR</SimpleData>
					<SimpleData name="eq_num">212</SimpleData>
					<SimpleData name="eq_compend">AVENIDA</SimpleData>
					<SimpleData name="eq_codcep">03640000</SimpleData>
					<SimpleData name="eq_fone1">1126426777</SimpleData>
					<SimpleData name="eq_fone2">1126471491</SimpleData>
					<SimpleData name="eq_email">E034DIR@CPS.SP.GOV.BR</SimpleData>
					<SimpleData name="eq_cd_dirt">10207</SimpleData>
					<SimpleData name="eq_diretor">LESTE 1</SimpleData>
					<SimpleData name="eq_dre">PENHA</SimpleData>
					<SimpleData name="eq_cd_zona">1</SimpleData>
					<SimpleData name="eq_zona">Urbana</SimpleData>
					<SimpleData name="eq_cd_mec">35002628</SimpleData>
					<SimpleData name="eq_esfera">ESTADUAL-OUT</SimpleData>
					<SimpleData name="eq_cd_catg">1</SimpleData>
					<SimpleData name="eq_categor">ESCOLAS AUTONOMAS</SimpleData>
					<SimpleData name="eq_eol">35002628</SimpleData>
				</SchemaData>
			</ExtendedData>
			<Point>
				<coordinates>-46.5391606211294,-23.5306656158854,0</coordinates>
			</Point>
		</Placemark>
		<Placemark id="kml_8">
			<name>kml_8</name>
			<snippet></snippet>
			<description><![CDATA[<center><table><tr><th colspan='2' align='center'><em>Attributes</em></th></tr><tr bgcolor="#E3E3F3">
<th>eq_id</th>
<td>334</td>
</tr><tr bgcolor="">
<th>eq_nome</th>
<td>BASILIDES DE GODOY PROF ETEC</td>
</tr><tr bgcolor="#E3E3F3">
<th>eq_enderec</th>
<td>RUA GUAIPA 678</td>
</tr><tr bgcolor="">
<th>eq_bairro</th>
<td>VILA LEOPOLDINA</td>
</tr><tr bgcolor="#E3E3F3">
<th>eq_cep</th>
<td>05089000</td>
</tr><tr bgcolor="">
<th>eq_tipo</th>
<td>ETEC</td>
</tr><tr bgcolor="#E3E3F3">
<th>eq_classe</th>
<td>ENSINO_TECNICO_PUBLICO</td>
</tr><tr bgcolor="">
<th>eq_telefon</th>
<td>1136251934 / 1137842617</td>
</tr><tr bgcolor="#E3E3F3">
<th>eq_setor</th>
<td>355030888000032</td>
</tr><tr bgcolor="">
<th>eq_areap</th>
<td>3550308005107</td>
</tr><tr bgcolor="#E3E3F3">
<th>eq_cd_dist</th>
<td>88</td>
</tr><tr bgcolor="">
<th>eq_distr</th>
<td>VILA LEOPOLDINA</td>
</tr><tr bgcolor="#E3E3F3">
<th>eq_cd_subp</th>
<td>8</td>
</tr><tr bgcolor="">
<th>eq_subpref</th>
<td>LAPA</td>
</tr><tr bgcolor="#E3E3F3">
<th>eq_regiao5</th>
<td>Oeste</td>
</tr><tr bgcolor="">
<th>eq_regiao8</th>
<td>Oeste</td>
</tr><tr bgcolor="#E3E3F3">
<th>eq_ender</th>
<td>RUA GUAIPA</td>
</tr><tr bgcolor="">
<th>eq_num</th>
<td>678</td>
</tr><tr bgcolor="#E3E3F3">
<th>eq_compend</th>
<td>RUA</td>
</tr><tr bgcolor="">
<th>eq_codcep</th>
<td>05089000</td>
</tr><tr bgcolor="#E3E3F3">
<th>eq_fone1</th>
<td>1136251934</td>
</tr><tr bgcolor="">
<th>eq_fone2</th>
<td>1137842617</td>
</tr><tr bgcolor="#E3E3F3">
<th>eq_email</th>
<td>BASILIDES@BASILIDES.COM.BR</td>
</tr><tr bgcolor="">
<th>eq_cd_dirt</th>
<td>10312</td>
</tr><tr bgcolor="#E3E3F3">
<th>eq_diretor</th>
<td>CENTRO OESTE</td>
</tr><tr bgcolor="">
<th>eq_dre</th>
<td>PIRITUBA</td>
</tr><tr bgcolor="#E3E3F3">
<th>eq_cd_zona</th>
<td>1</td>
</tr><tr bgcolor="">
<th>eq_zona</th>
<td>Urbana</td>
</tr><tr bgcolor="#E3E3F3">
<th>eq_cd_mec</th>
<td>35003608</td>
</tr><tr bgcolor="">
<th>eq_esfera</th>
<td>ESTADUAL-OUT</td>
</tr><tr bgcolor="#E3E3F3">
<th>eq_cd_catg</th>
<td>1</td>
</tr><tr bgcolor="">
<th>eq_categor</th>
<td>ESCOLAS AUTONOMAS</td>
</tr><tr bgcolor="#E3E3F3">
<th>eq_eol</th>
<td>35003608</td>
</tr><tr bgcolor="">
<th>eq_horario</th>
<td></td>
</tr></table></center>]]></description>
			<styleUrl>#m_ylw-pushpin</styleUrl>
			<ExtendedData>
				<SchemaData schemaUrl="#kml_schema_ft_LL_WGS84_KMZ_TEMA_EDUCACAO_ENSINO_TECNICO_PUBLICO">
					<SimpleData name="eq_id">334</SimpleData>
					<SimpleData name="eq_nome">BASILIDES DE GODOY PROF ETEC</SimpleData>
					<SimpleData name="eq_enderec">RUA GUAIPA 678</SimpleData>
					<SimpleData name="eq_bairro">VILA LEOPOLDINA</SimpleData>
					<SimpleData name="eq_cep">05089000</SimpleData>
					<SimpleData name="eq_tipo">ETEC</SimpleData>
					<SimpleData name="eq_classe">ENSINO_TECNICO_PUBLICO</SimpleData>
					<SimpleData name="eq_telefon">1136251934 / 1137842617</SimpleData>
					<SimpleData name="eq_setor">355030888000032</SimpleData>
					<SimpleData name="eq_areap">3550308005107</SimpleData>
					<SimpleData name="eq_cd_dist">88</SimpleData>
					<SimpleData name="eq_distr">VILA LEOPOLDINA</SimpleData>
					<SimpleData name="eq_cd_subp">8</SimpleData>
					<SimpleData name="eq_subpref">LAPA</SimpleData>
					<SimpleData name="eq_regiao5">Oeste</SimpleData>
					<SimpleData name="eq_regiao8">Oeste</SimpleData>
					<SimpleData name="eq_ender">RUA GUAIPA</SimpleData>
					<SimpleData name="eq_num">678</SimpleData>
					<SimpleData name="eq_compend">RUA</SimpleData>
					<SimpleData name="eq_codcep">05089000</SimpleData>
					<SimpleData name="eq_fone1">1136251934</SimpleData>
					<SimpleData name="eq_fone2">1137842617</SimpleData>
					<SimpleData name="eq_email">BASILIDES@BASILIDES.COM.BR</SimpleData>
					<SimpleData name="eq_cd_dirt">10312</SimpleData>
					<SimpleData name="eq_diretor">CENTRO OESTE</SimpleData>
					<SimpleData name="eq_dre">PIRITUBA</SimpleData>
					<SimpleData name="eq_cd_zona">1</SimpleData>
					<SimpleData name="eq_zona">Urbana</SimpleData>
					<SimpleData name="eq_cd_mec">35003608</SimpleData>
					<SimpleData name="eq_esfera">ESTADUAL-OUT</SimpleData>
					<SimpleData name="eq_cd_catg">1</SimpleData>
					<SimpleData name="eq_categor">ESCOLAS AUTONOMAS</SimpleData>
					<SimpleData name="eq_eol">35003608</SimpleData>
				</SchemaData>
			</ExtendedData>
			<Point>
				<coordinates>-46.7283841317379,-23.5206450767494,0</coordinates>
			</Point>
		</Placemark>
		<Placemark id="kml_9">
			<name>kml_9</name>
			<snippet></snippet>
			<description><![CDATA[<center><table><tr><th colspan='2' align='center'><em>Attributes</em></th></tr><tr bgcolor="#E3E3F3">
<th>eq_id</th>
<td>342</td>
</tr><tr bgcolor="">
<th>eq_nome</th>
<td>GUARACY SILVEIRA ETEC</td>
</tr><tr bgcolor="#E3E3F3">
<th>eq_enderec</th>
<td>FERREIRA DE ARAUJO 527</td>
</tr><tr bgcolor="">
<th>eq_bairro</th>
<td>PINHEIROS</td>
</tr><tr bgcolor="#E3E3F3">
<th>eq_cep</th>
<td>05428000</td>
</tr><tr bgcolor="">
<th>eq_tipo</th>
<td>ETEC</td>
</tr><tr bgcolor="#E3E3F3">
<th>eq_classe</th>
<td>ENSINO_TECNICO_PUBLICO</td>
</tr><tr bgcolor="">
<th>eq_telefon</th>
<td>1130316208 / 1138133986</td>
</tr><tr bgcolor="#E3E3F3">
<th>eq_setor</th>
<td>355030862000074</td>
</tr><tr bgcolor="">
<th>eq_areap</th>
<td>3550308005053</td>
</tr><tr bgcolor="#E3E3F3">
<th>eq_cd_dist</th>
<td>62</td>
</tr><tr bgcolor="">
<th>eq_distr</th>
<td>PINHEIROS</td>
</tr><tr bgcolor="#E3E3F3">
<th>eq_cd_subp</th>
<td>11</td>
</tr><tr bgcolor="">
<th>eq_subpref</th>
<td>PINHEIROS</td>
</tr><tr bgcolor="#E3E3F3">
<th>eq_regiao5</th>
<td>Oeste</td>
</tr><tr bgcolor="">
<th>eq_regiao8</th>
<td>Oeste</td>
</tr><tr bgcolor="#E3E3F3">
<th>eq_ender</th>
<td>FERREIRA DE ARAUJO</td>
</tr><tr bgcolor="">
<th>eq_num</th>
<td>527</td>
</tr><tr bgcolor="#E3E3F3">
<th>eq_compend</th>
<td>RUA</td>
</tr><tr bgcolor="">
<th>eq_codcep</th>
<td>05428000</td>
</tr><tr bgcolor="#E3E3F3">
<th>eq_fone1</th>
<td>1130316208</td>
</tr><tr bgcolor="">
<th>eq_fone2</th>
<td>1138133986</td>
</tr><tr bgcolor="#E3E3F3">
<th>eq_email</th>
<td>E061ACAD@CPS.SP.GOV.BR</td>
</tr><tr bgcolor="">
<th>eq_cd_dirt</th>
<td>10312</td>
</tr><tr bgcolor="#E3E3F3">
<th>eq_diretor</th>
<td>CENTRO OESTE</td>
</tr><tr bgcolor="">
<th>eq_dre</th>
<td>BUTANTA</td>
</tr><tr bgcolor="#E3E3F3">
<th>eq_cd_zona</th>
<td>1</td>
</tr><tr bgcolor="">
<th>eq_zona</th>
<td>Urbana</td>
</tr><tr bgcolor="#E3E3F3">
<th>eq_cd_mec</th>
<td>35003694</td>
</tr><tr bgcolor="">
<th>eq_esfera</th>
<td>ESTADUAL-OUT</td>
</tr><tr bgcolor="#E3E3F3">
<th>eq_cd_catg</th>
<td>1</td>
</tr><tr bgcolor="">
<th>eq_categor</th>
<td>ESCOLAS AUTONOMAS</td>
</tr><tr bgcolor="#E3E3F3">
<th>eq_eol</th>
<td>35003694</td>
</tr><tr bgcolor="">
<th>eq_horario</th>
<td></td>
</tr></table></center>]]></description>
			<styleUrl>#m_ylw-pushpin</styleUrl>
			<ExtendedData>
				<SchemaData schemaUrl="#kml_schema_ft_LL_WGS84_KMZ_TEMA_EDUCACAO_ENSINO_TECNICO_PUBLICO">
					<SimpleData name="eq_id">342</SimpleData>
					<SimpleData name="eq_nome">GUARACY SILVEIRA ETEC</SimpleData>
					<SimpleData name="eq_enderec">FERREIRA DE ARAUJO 527</SimpleData>
					<SimpleData name="eq_bairro">PINHEIROS</SimpleData>
					<SimpleData name="eq_cep">05428000</SimpleData>
					<SimpleData name="eq_tipo">ETEC</SimpleData>
					<SimpleData name="eq_classe">ENSINO_TECNICO_PUBLICO</SimpleData>
					<SimpleData name="eq_telefon">1130316208 / 1138133986</SimpleData>
					<SimpleData name="eq_setor">355030862000074</SimpleData>
					<SimpleData name="eq_areap">3550308005053</SimpleData>
					<SimpleData name="eq_cd_dist">62</SimpleData>
					<SimpleData name="eq_distr">PINHEIROS</SimpleData>
					<SimpleData name="eq_cd_subp">11</SimpleData>
					<SimpleData name="eq_subpref">PINHEIROS</SimpleData>
					<SimpleData name="eq_regiao5">Oeste</SimpleData>
					<SimpleData name="eq_regiao8">Oeste</SimpleData>
					<SimpleData name="eq_ender">FERREIRA DE ARAUJO</SimpleData>
					<SimpleData name="eq_num">527</SimpleData>
					<SimpleData name="eq_compend">RUA</SimpleData>
					<SimpleData name="eq_codcep">05428000</SimpleData>
					<SimpleData name="eq_fone1">1130316208</SimpleData>
					<SimpleData name="eq_fone2">1138133986</SimpleData>
					<SimpleData name="eq_email">E061ACAD@CPS.SP.GOV.BR</SimpleData>
					<SimpleData name="eq_cd_dirt">10312</SimpleData>
					<SimpleData name="eq_diretor">CENTRO OESTE</SimpleData>
					<SimpleData name="eq_dre">BUTANTA</SimpleData>
					<SimpleData name="eq_cd_zona">1</SimpleData>
					<SimpleData name="eq_zona">Urbana</SimpleData>
					<SimpleData name="eq_cd_mec">35003694</SimpleData>
					<SimpleData name="eq_esfera">ESTADUAL-OUT</SimpleData>
					<SimpleData name="eq_cd_catg">1</SimpleData>
					<SimpleData name="eq_categor">ESCOLAS AUTONOMAS</SimpleData>
					<SimpleData name="eq_eol">35003694</SimpleData>
				</SchemaData>
			</ExtendedData>
			<Point>
				<coordinates>-46.6974950192169,-23.562466344238,0</coordinates>
			</Point>
		</Placemark>
		<Placemark id="kml_10">
			<name>kml_10</name>
			<snippet></snippet>
			<description><![CDATA[<center><table><tr><th colspan='2' align='center'><em>Attributes</em></th></tr><tr bgcolor="#E3E3F3">
<th>eq_id</th>
<td>473</td>
</tr><tr bgcolor="">
<th>eq_nome</th>
<td>GETULIO VARGAS ETEC</td>
</tr><tr bgcolor="#E3E3F3">
<th>eq_enderec</th>
<td>CLOVIS BUENO DE AZEVEDO 70</td>
</tr><tr bgcolor="">
<th>eq_bairro</th>
<td>IPIRANGA</td>
</tr><tr bgcolor="#E3E3F3">
<th>eq_cep</th>
<td>04266000</td>
</tr><tr bgcolor="">
<th>eq_tipo</th>
<td>ETEC</td>
</tr><tr bgcolor="#E3E3F3">
<th>eq_classe</th>
<td>ENSINO_TECNICO_PUBLICO</td>
</tr><tr bgcolor="">
<th>eq_telefon</th>
<td>1120662500 / 1120662504</td>
</tr><tr bgcolor="#E3E3F3">
<th>eq_setor</th>
<td>355030834000008</td>
</tr><tr bgcolor="">
<th>eq_areap</th>
<td>3550308005043</td>
</tr><tr bgcolor="#E3E3F3">
<th>eq_cd_dist</th>
<td>34</td>
</tr><tr bgcolor="">
<th>eq_distr</th>
<td>IPIRANGA</td>
</tr><tr bgcolor="#E3E3F3">
<th>eq_cd_subp</th>
<td>13</td>
</tr><tr bgcolor="">
<th>eq_subpref</th>
<td>IPIRANGA</td>
</tr><tr bgcolor="#E3E3F3">
<th>eq_regiao5</th>
<td>Sul</td>
</tr><tr bgcolor="">
<th>eq_regiao8</th>
<td>Sul 1</td>
</tr><tr bgcolor="#E3E3F3">
<th>eq_ender</th>
<td>CLOVIS BUENO DE AZEVEDO</td>
</tr><tr bgcolor="">
<th>eq_num</th>
<td>70</td>
</tr><tr bgcolor="#E3E3F3">
<th>eq_compend</th>
<td>RUA</td>
</tr><tr bgcolor="">
<th>eq_codcep</th>
<td>04266000</td>
</tr><tr bgcolor="#E3E3F3">
<th>eq_fone1</th>
<td>1120662500</td>
</tr><tr bgcolor="">
<th>eq_fone2</th>
<td>1120662504</td>
</tr><tr bgcolor="#E3E3F3">
<th>eq_email</th>
<td>E013ACAD@CPS.SP.GOV.BR</td>
</tr><tr bgcolor="">
<th>eq_cd_dirt</th>
<td>10316</td>
</tr><tr bgcolor="#E3E3F3">
<th>eq_diretor</th>
<td>CENTRO SUL</td>
</tr><tr bgcolor="">
<th>eq_dre</th>
<td>IPIRANGA</td>
</tr><tr bgcolor="#E3E3F3">
<th>eq_cd_zona</th>
<td>1</td>
</tr><tr bgcolor="">
<th>eq_zona</th>
<td>Urbana</td>
</tr><tr bgcolor="#E3E3F3">
<th>eq_cd_mec</th>
<td>35004352</td>
</tr><tr bgcolor="">
<th>eq_esfera</th>
<td>ESTADUAL-OUT</td>
</tr><tr bgcolor="#E3E3F3">
<th>eq_cd_catg</th>
<td>1</td>
</tr><tr bgcolor="">
<th>eq_categor</th>
<td>ESCOLAS AUTONOMAS</td>
</tr><tr bgcolor="#E3E3F3">
<th>eq_eol</th>
<td>35004352</td>
</tr><tr bgcolor="">
<th>eq_horario</th>
<td></td>
</tr></table></center>]]></description>
			<styleUrl>#m_ylw-pushpin</styleUrl>
			<ExtendedData>
				<SchemaData schemaUrl="#kml_schema_ft_LL_WGS84_KMZ_TEMA_EDUCACAO_ENSINO_TECNICO_PUBLICO">
					<SimpleData name="eq_id">473</SimpleData>
					<SimpleData name="eq_nome">GETULIO VARGAS ETEC</SimpleData>
					<SimpleData name="eq_enderec">CLOVIS BUENO DE AZEVEDO 70</SimpleData>
					<SimpleData name="eq_bairro">IPIRANGA</SimpleData>
					<SimpleData name="eq_cep">04266000</SimpleData>
					<SimpleData name="eq_tipo">ETEC</SimpleData>
					<SimpleData name="eq_classe">ENSINO_TECNICO_PUBLICO</SimpleData>
					<SimpleData name="eq_telefon">1120662500 / 1120662504</SimpleData>
					<SimpleData name="eq_setor">355030834000008</SimpleData>
					<SimpleData name="eq_areap">3550308005043</SimpleData>
					<SimpleData name="eq_cd_dist">34</SimpleData>
					<SimpleData name="eq_distr">IPIRANGA</SimpleData>
					<SimpleData name="eq_cd_subp">13</SimpleData>
					<SimpleData name="eq_subpref">IPIRANGA</SimpleData>
					<SimpleData name="eq_regiao5">Sul</SimpleData>
					<SimpleData name="eq_regiao8">Sul 1</SimpleData>
					<SimpleData name="eq_ender">CLOVIS BUENO DE AZEVEDO</SimpleData>
					<SimpleData name="eq_num">70</SimpleData>
					<SimpleData name="eq_compend">RUA</SimpleData>
					<SimpleData name="eq_codcep">04266000</SimpleData>
					<SimpleData name="eq_fone1">1120662500</SimpleData>
					<SimpleData name="eq_fone2">1120662504</SimpleData>
					<SimpleData name="eq_email">E013ACAD@CPS.SP.GOV.BR</SimpleData>
					<SimpleData name="eq_cd_dirt">10316</SimpleData>
					<SimpleData name="eq_diretor">CENTRO SUL</SimpleData>
					<SimpleData name="eq_dre">IPIRANGA</SimpleData>
					<SimpleData name="eq_cd_zona">1</SimpleData>
					<SimpleData name="eq_zona">Urbana</SimpleData>
					<SimpleData name="eq_cd_mec">35004352</SimpleData>
					<SimpleData name="eq_esfera">ESTADUAL-OUT</SimpleData>
					<SimpleData name="eq_cd_catg">1</SimpleData>
					<SimpleData name="eq_categor">ESCOLAS AUTONOMAS</SimpleData>
					<SimpleData name="eq_eol">35004352</SimpleData>
				</SchemaData>
			</ExtendedData>
			<Point>
				<coordinates>-46.612299408728,-23.5892676877165,0</coordinates>
			</Point>
		</Placemark>
		<Placemark id="kml_11">
			<name>kml_11</name>
			<snippet></snippet>
			<description><![CDATA[<center><table><tr><th colspan='2' align='center'><em>Attributes</em></th></tr><tr bgcolor="#E3E3F3">
<th>eq_id</th>
<td>2180</td>
</tr><tr bgcolor="">
<th>eq_nome</th>
<td>GUAIANAZES ETEC</td>
</tr><tr bgcolor="#E3E3F3">
<th>eq_enderec</th>
<td>RUA FELICIANO DE MENDONCA 290</td>
</tr><tr bgcolor="">
<th>eq_bairro</th>
<td>JARDIM SAO PAULO</td>
</tr><tr bgcolor="#E3E3F3">
<th>eq_cep</th>
<td>08460000</td>
</tr><tr bgcolor="">
<th>eq_tipo</th>
<td>ETEC</td>
</tr><tr bgcolor="#E3E3F3">
<th>eq_classe</th>
<td>ENSINO_TECNICO_PUBLICO</td>
</tr><tr bgcolor="">
<th>eq_telefon</th>
<td>1125519484 / </td>
</tr><tr bgcolor="#E3E3F3">
<th>eq_setor</th>
<td>355030831000044</td>
</tr><tr bgcolor="">
<th>eq_areap</th>
<td>3550308005266</td>
</tr><tr bgcolor="#E3E3F3">
<th>eq_cd_dist</th>
<td>31</td>
</tr><tr bgcolor="">
<th>eq_distr</th>
<td>GUAIANASES</td>
</tr><tr bgcolor="#E3E3F3">
<th>eq_cd_subp</th>
<td>28</td>
</tr><tr bgcolor="">
<th>eq_subpref</th>
<td>GUAIANASES</td>
</tr><tr bgcolor="#E3E3F3">
<th>eq_regiao5</th>
<td>Leste</td>
</tr><tr bgcolor="">
<th>eq_regiao8</th>
<td>Leste 2</td>
</tr><tr bgcolor="#E3E3F3">
<th>eq_ender</th>
<td>RUA FELICIANO DE MENDONCA</td>
</tr><tr bgcolor="">
<th>eq_num</th>
<td>290</td>
</tr><tr bgcolor="#E3E3F3">
<th>eq_compend</th>
<td>RUA</td>
</tr><tr bgcolor="">
<th>eq_codcep</th>
<td>08460000</td>
</tr><tr bgcolor="#E3E3F3">
<th>eq_fone1</th>
<td>1125519484</td>
</tr><tr bgcolor="">
<th>eq_fone2</th>
<td></td>
</tr><tr bgcolor="#E3E3F3">
<th>eq_email</th>
<td>CONTATO@ETECDEGUAIANAZES.COM.BR</td>
</tr><tr bgcolor="">
<th>eq_cd_dirt</th>
<td>10211</td>
</tr><tr bgcolor="#E3E3F3">
<th>eq_diretor</th>
<td>LESTE 3</td>
</tr><tr bgcolor="">
<th>eq_dre</th>
<td>GUAIANASES</td>
</tr><tr bgcolor="#E3E3F3">
<th>eq_cd_zona</th>
<td>1</td>
</tr><tr bgcolor="">
<th>eq_zona</th>
<td>Urbana</td>
</tr><tr bgcolor="#E3E3F3">
<th>eq_cd_mec</th>
<td>35072552</td>
</tr><tr bgcolor="">
<th>eq_esfera</th>
<td>ESTADUAL-OUT</td>
</tr><tr bgcolor="#E3E3F3">
<th>eq_cd_catg</th>
<td>1</td>
</tr><tr bgcolor="">
<th>eq_categor</th>
<td>ESCOLAS AUTONOMAS</td>
</tr><tr bgcolor="#E3E3F3">
<th>eq_eol</th>
<td>35072552</td>
</tr><tr bgcolor="">
<th>eq_horario</th>
<td></td>
</tr></table></center>]]></description>
			<styleUrl>#m_ylw-pushpin</styleUrl>
			<ExtendedData>
				<SchemaData schemaUrl="#kml_schema_ft_LL_WGS84_KMZ_TEMA_EDUCACAO_ENSINO_TECNICO_PUBLICO">
					<SimpleData name="eq_id">2180</SimpleData>
					<SimpleData name="eq_nome">GUAIANAZES ETEC</SimpleData>
					<SimpleData name="eq_enderec">RUA FELICIANO DE MENDONCA 290</SimpleData>
					<SimpleData name="eq_bairro">JARDIM SAO PAULO</SimpleData>
					<SimpleData name="eq_cep">08460000</SimpleData>
					<SimpleData name="eq_tipo">ETEC</SimpleData>
					<SimpleData name="eq_classe">ENSINO_TECNICO_PUBLICO</SimpleData>
					<SimpleData name="eq_telefon">1125519484 /</SimpleData>
					<SimpleData name="eq_setor">355030831000044</SimpleData>
					<SimpleData name="eq_areap">3550308005266</SimpleData>
					<SimpleData name="eq_cd_dist">31</SimpleData>
					<SimpleData name="eq_distr">GUAIANASES</SimpleData>
					<SimpleData name="eq_cd_subp">28</SimpleData>
					<SimpleData name="eq_subpref">GUAIANASES</SimpleData>
					<SimpleData name="eq_regiao5">Leste</SimpleData>
					<SimpleData name="eq_regiao8">Leste 2</SimpleData>
					<SimpleData name="eq_ender">RUA FELICIANO DE MENDONCA</SimpleData>
					<SimpleData name="eq_num">290</SimpleData>
					<SimpleData name="eq_compend">RUA</SimpleData>
					<SimpleData name="eq_codcep">08460000</SimpleData>
					<SimpleData name="eq_fone1">1125519484</SimpleData>
					<SimpleData name="eq_email">CONTATO@ETECDEGUAIANAZES.COM.BR</SimpleData>
					<SimpleData name="eq_cd_dirt">10211</SimpleData>
					<SimpleData name="eq_diretor">LESTE 3</SimpleData>
					<SimpleData name="eq_dre">GUAIANASES</SimpleData>
					<SimpleData name="eq_cd_zona">1</SimpleData>
					<SimpleData name="eq_zona">Urbana</SimpleData>
					<SimpleData name="eq_cd_mec">35072552</SimpleData>
					<SimpleData name="eq_esfera">ESTADUAL-OUT</SimpleData>
					<SimpleData name="eq_cd_catg">1</SimpleData>
					<SimpleData name="eq_categor">ESCOLAS AUTONOMAS</SimpleData>
					<SimpleData name="eq_eol">35072552</SimpleData>
				</SchemaData>
			</ExtendedData>
			<Point>
				<coordinates>-46.3996324954168,-23.5534730970422,0</coordinates>
			</Point>
		</Placemark>
		<Placemark id="kml_12">
			<name>kml_12</name>
			<snippet></snippet>
			<description><![CDATA[<center><table><tr><th colspan='2' align='center'><em>Attributes</em></th></tr><tr bgcolor="#E3E3F3">
<th>eq_id</th>
<td>4398</td>
</tr><tr bgcolor="">
<th>eq_nome</th>
<td>KIMIE ANDO TAVARES ESCOLA DE ENFERMAGEM</td>
</tr><tr bgcolor="#E3E3F3">
<th>eq_enderec</th>
<td>IBIRAPUERA 981</td>
</tr><tr bgcolor="">
<th>eq_bairro</th>
<td>INDIANOPOLIS</td>
</tr><tr bgcolor="#E3E3F3">
<th>eq_cep</th>
<td>04029000</td>
</tr><tr bgcolor="">
<th>eq_tipo</th>
<td>CEFOR - SAUDE</td>
</tr><tr bgcolor="#E3E3F3">
<th>eq_classe</th>
<td>ENSINO_TECNICO_PUBLICO</td>
</tr><tr bgcolor="">
<th>eq_telefon</th>
<td>1145738749 / </td>
</tr><tr bgcolor="#E3E3F3">
<th>eq_setor</th>
<td>355030832000003</td>
</tr><tr bgcolor="">
<th>eq_areap</th>
<td>3550308005049</td>
</tr><tr bgcolor="#E3E3F3">
<th>eq_cd_dist</th>
<td>32</td>
</tr><tr bgcolor="">
<th>eq_distr</th>
<td>MOEMA</td>
</tr><tr bgcolor="#E3E3F3">
<th>eq_cd_subp</th>
<td>12</td>
</tr><tr bgcolor="">
<th>eq_subpref</th>
<td>VILA MARIANA</td>
</tr><tr bgcolor="#E3E3F3">
<th>eq_regiao5</th>
<td>Sul</td>
</tr><tr bgcolor="">
<th>eq_regiao8</th>
<td>Sul 1</td>
</tr><tr bgcolor="#E3E3F3">
<th>eq_ender</th>
<td>IBIRAPUERA</td>
</tr><tr bgcolor="">
<th>eq_num</th>
<td>981</td>
</tr><tr bgcolor="#E3E3F3">
<th>eq_compend</th>
<td>AVENIDA</td>
</tr><tr bgcolor="">
<th>eq_codcep</th>
<td>04029000</td>
</tr><tr bgcolor="#E3E3F3">
<th>eq_fone1</th>
<td>1145738749</td>
</tr><tr bgcolor="">
<th>eq_fone2</th>
<td></td>
</tr><tr bgcolor="#E3E3F3">
<th>eq_email</th>
<td>EDUCCONTINUADA@IAMSPE.SP.GOV.BR</td>
</tr><tr bgcolor="">
<th>eq_cd_dirt</th>
<td>10312</td>
</tr><tr bgcolor="#E3E3F3">
<th>eq_diretor</th>
<td>CENTRO OESTE</td>
</tr><tr bgcolor="">
<th>eq_dre</th>
<td>IPIRANGA</td>
</tr><tr bgcolor="#E3E3F3">
<th>eq_cd_zona</th>
<td>1</td>
</tr><tr bgcolor="">
<th>eq_zona</th>
<td>Urbana</td>
</tr><tr bgcolor="#E3E3F3">
<th>eq_cd_mec</th>
<td>35256535</td>
</tr><tr bgcolor="">
<th>eq_esfera</th>
<td>ESTADUAL-OUT</td>
</tr><tr bgcolor="#E3E3F3">
<th>eq_cd_catg</th>
<td>1</td>
</tr><tr bgcolor="">
<th>eq_categor</th>
<td>ESCOLAS AUTONOMAS</td>
</tr><tr bgcolor="#E3E3F3">
<th>eq_eol</th>
<td>35256535</td>
</tr><tr bgcolor="">
<th>eq_horario</th>
<td></td>
</tr></table></center>]]></description>
			<styleUrl>#m_ylw-pushpin</styleUrl>
			<ExtendedData>
				<SchemaData schemaUrl="#kml_schema_ft_LL_WGS84_KMZ_TEMA_EDUCACAO_ENSINO_TECNICO_PUBLICO">
					<SimpleData name="eq_id">4398</SimpleData>
					<SimpleData name="eq_nome">KIMIE ANDO TAVARES ESCOLA DE ENFERMAGEM</SimpleData>
					<SimpleData name="eq_enderec">IBIRAPUERA 981</SimpleData>
					<SimpleData name="eq_bairro">INDIANOPOLIS</SimpleData>
					<SimpleData name="eq_cep">04029000</SimpleData>
					<SimpleData name="eq_tipo">CEFOR - SAUDE</SimpleData>
					<SimpleData name="eq_classe">ENSINO_TECNICO_PUBLICO</SimpleData>
					<SimpleData name="eq_telefon">1145738749 /</SimpleData>
					<SimpleData name="eq_setor">355030832000003</SimpleData>
					<SimpleData name="eq_areap">3550308005049</SimpleData>
					<SimpleData name="eq_cd_dist">32</SimpleData>
					<SimpleData name="eq_distr">MOEMA</SimpleData>
					<SimpleData name="eq_cd_subp">12</SimpleData>
					<SimpleData name="eq_subpref">VILA MARIANA</SimpleData>
					<SimpleData name="eq_regiao5">Sul</SimpleData>
					<SimpleData name="eq_regiao8">Sul 1</SimpleData>
					<SimpleData name="eq_ender">IBIRAPUERA</SimpleData>
					<SimpleData name="eq_num">981</SimpleData>
					<SimpleData name="eq_compend">AVENIDA</SimpleData>
					<SimpleData name="eq_codcep">04029000</SimpleData>
					<SimpleData name="eq_fone1">1145738749</SimpleData>
					<SimpleData name="eq_email">EDUCCONTINUADA@IAMSPE.SP.GOV.BR</SimpleData>
					<SimpleData name="eq_cd_dirt">10312</SimpleData>
					<SimpleData name="eq_diretor">CENTRO OESTE</SimpleData>
					<SimpleData name="eq_dre">IPIRANGA</SimpleData>
					<SimpleData name="eq_cd_zona">1</SimpleData>
					<SimpleData name="eq_zona">Urbana</SimpleData>
					<SimpleData name="eq_cd_mec">35256535</SimpleData>
					<SimpleData name="eq_esfera">ESTADUAL-OUT</SimpleData>
					<SimpleData name="eq_cd_catg">1</SimpleData>
					<SimpleData name="eq_categor">ESCOLAS AUTONOMAS</SimpleData>
					<SimpleData name="eq_eol">35256535</SimpleData>
				</SchemaData>
			</ExtendedData>
			<Point>
				<coordinates>-46.65425199989729,-23.5954000040092,0</coordinates>
			</Point>
		</Placemark>
		<Placemark id="kml_13">
			<name>kml_13</name>
			<snippet></snippet>
			<description><![CDATA[<center><table><tr><th colspan='2' align='center'><em>Attributes</em></th></tr><tr bgcolor="#E3E3F3">
<th>eq_id</th>
<td>4654</td>
</tr><tr bgcolor="">
<th>eq_nome</th>
<td>GRUPO DE ESTUDO DE EDUCACAO A DISTANCIA</td>
</tr><tr bgcolor="#E3E3F3">
<th>eq_enderec</th>
<td>CORONEL FERNANDO PRESTES 74</td>
</tr><tr bgcolor="">
<th>eq_bairro</th>
<td>BOM RETIRO</td>
</tr><tr bgcolor="#E3E3F3">
<th>eq_cep</th>
<td>01124000</td>
</tr><tr bgcolor="">
<th>eq_tipo</th>
<td>ETEC</td>
</tr><tr bgcolor="#E3E3F3">
<th>eq_classe</th>
<td>ENSINO_TECNICO_PUBLICO</td>
</tr><tr bgcolor="">
<th>eq_telefon</th>
<td>1133273060 / </td>
</tr><tr bgcolor="#E3E3F3">
<th>eq_setor</th>
<td>355030870000047</td>
</tr><tr bgcolor="">
<th>eq_areap</th>
<td>3550308005064</td>
</tr><tr bgcolor="#E3E3F3">
<th>eq_cd_dist</th>
<td>70</td>
</tr><tr bgcolor="">
<th>eq_distr</th>
<td>SANTANA</td>
</tr><tr bgcolor="#E3E3F3">
<th>eq_cd_subp</th>
<td>5</td>
</tr><tr bgcolor="">
<th>eq_subpref</th>
<td>SANTANA-TUCURUVI</td>
</tr><tr bgcolor="#E3E3F3">
<th>eq_regiao5</th>
<td>Norte</td>
</tr><tr bgcolor="">
<th>eq_regiao8</th>
<td>Norte 1</td>
</tr><tr bgcolor="#E3E3F3">
<th>eq_ender</th>
<td>CORONEL FERNANDO PRESTES</td>
</tr><tr bgcolor="">
<th>eq_num</th>
<td>74</td>
</tr><tr bgcolor="#E3E3F3">
<th>eq_compend</th>
<td></td>
</tr><tr bgcolor="">
<th>eq_codcep</th>
<td>01124000</td>
</tr><tr bgcolor="#E3E3F3">
<th>eq_fone1</th>
<td>1133273060</td>
</tr><tr bgcolor="">
<th>eq_fone2</th>
<td></td>
</tr><tr bgcolor="#E3E3F3">
<th>eq_email</th>
<td>ROGERIO.TEIXEIRA@CPS.SP.GOV.BR</td>
</tr><tr bgcolor="">
<th>eq_cd_dirt</th>
<td>10102</td>
</tr><tr bgcolor="#E3E3F3">
<th>eq_diretor</th>
<td>CENTRO</td>
</tr><tr bgcolor="">
<th>eq_dre</th>
<td>IPIRANGA</td>
</tr><tr bgcolor="#E3E3F3">
<th>eq_cd_zona</th>
<td></td>
</tr><tr bgcolor="">
<th>eq_zona</th>
<td></td>
</tr><tr bgcolor="#E3E3F3">
<th>eq_cd_mec</th>
<td>35290646</td>
</tr><tr bgcolor="">
<th>eq_esfera</th>
<td>ESTADUAL-OUT</td>
</tr><tr bgcolor="#E3E3F3">
<th>eq_cd_catg</th>
<td>1</td>
</tr><tr bgcolor="">
<th>eq_categor</th>
<td>ESCOLAS AUTONOMAS</td>
</tr><tr bgcolor="#E3E3F3">
<th>eq_eol</th>
<td>35290646</td>
</tr><tr bgcolor="">
<th>eq_horario</th>
<td></td>
</tr></table></center>]]></description>
			<styleUrl>#m_ylw-pushpin</styleUrl>
			<ExtendedData>
				<SchemaData schemaUrl="#kml_schema_ft_LL_WGS84_KMZ_TEMA_EDUCACAO_ENSINO_TECNICO_PUBLICO">
					<SimpleData name="eq_id">4654</SimpleData>
					<SimpleData name="eq_nome">GRUPO DE ESTUDO DE EDUCACAO A DISTANCIA</SimpleData>
					<SimpleData name="eq_enderec">CORONEL FERNANDO PRESTES 74</SimpleData>
					<SimpleData name="eq_bairro">BOM RETIRO</SimpleData>
					<SimpleData name="eq_cep">01124000</SimpleData>
					<SimpleData name="eq_tipo">ETEC</SimpleData>
					<SimpleData name="eq_classe">ENSINO_TECNICO_PUBLICO</SimpleData>
					<SimpleData name="eq_telefon">1133273060 /</SimpleData>
					<SimpleData name="eq_setor">355030870000047</SimpleData>
					<SimpleData name="eq_areap">3550308005064</SimpleData>
					<SimpleData name="eq_cd_dist">70</SimpleData>
					<SimpleData name="eq_distr">SANTANA</SimpleData>
					<SimpleData name="eq_cd_subp">5</SimpleData>
					<SimpleData name="eq_subpref">SANTANA-TUCURUVI</SimpleData>
					<SimpleData name="eq_regiao5">Norte</SimpleData>
					<SimpleData name="eq_regiao8">Norte 1</SimpleData>
					<SimpleData name="eq_ender">CORONEL FERNANDO PRESTES</SimpleData>
					<SimpleData name="eq_num">74</SimpleData>
					<SimpleData name="eq_codcep">01124000</SimpleData>
					<SimpleData name="eq_fone1">1133273060</SimpleData>
					<SimpleData name="eq_email">ROGERIO.TEIXEIRA@CPS.SP.GOV.BR</SimpleData>
					<SimpleData name="eq_cd_dirt">10102</SimpleData>
					<SimpleData name="eq_diretor">CENTRO</SimpleData>
					<SimpleData name="eq_dre">IPIRANGA</SimpleData>
					<SimpleData name="eq_cd_mec">35290646</SimpleData>
					<SimpleData name="eq_esfera">ESTADUAL-OUT</SimpleData>
					<SimpleData name="eq_cd_catg">1</SimpleData>
					<SimpleData name="eq_categor">ESCOLAS AUTONOMAS</SimpleData>
					<SimpleData name="eq_eol">35290646</SimpleData>
				</SchemaData>
			</ExtendedData>
			<Point>
				<coordinates>-46.6246941916104,-23.5083783215034,0</coordinates>
			</Point>
		</Placemark>
		<Placemark id="kml_14">
			<name>kml_14</name>
			<snippet></snippet>
			<description><![CDATA[<center><table><tr><th colspan='2' align='center'><em>Attributes</em></th></tr><tr bgcolor="#E3E3F3">
<th>eq_id</th>
<td>4655</td>
</tr><tr bgcolor="">
<th>eq_nome</th>
<td>ETEC CAROLINA CARINHATO SAMPAIO</td>
</tr><tr bgcolor="#E3E3F3">
<th>eq_enderec</th>
<td>FREDERICO GROTTE 322</td>
</tr><tr bgcolor="">
<th>eq_bairro</th>
<td>JARDIM VERGUEIRO</td>
</tr><tr bgcolor="#E3E3F3">
<th>eq_cep</th>
<td>05818000</td>
</tr><tr bgcolor="">
<th>eq_tipo</th>
<td>ETEC</td>
</tr><tr bgcolor="#E3E3F3">
<th>eq_classe</th>
<td>ENSINO_TECNICO_PUBLICO</td>
</tr><tr bgcolor="">
<th>eq_telefon</th>
<td>1158519315 / 1158911665</td>
</tr><tr bgcolor="#E3E3F3">
<th>eq_setor</th>
<td>355030846000238</td>
</tr><tr bgcolor="">
<th>eq_areap</th>
<td>3550308005225</td>
</tr><tr bgcolor="#E3E3F3">
<th>eq_cd_dist</th>
<td>46</td>
</tr><tr bgcolor="">
<th>eq_distr</th>
<td>JARDIM SAO LUIS</td>
</tr><tr bgcolor="#E3E3F3">
<th>eq_cd_subp</th>
<td>18</td>
</tr><tr bgcolor="">
<th>eq_subpref</th>
<td>M'BOI MIRIM</td>
</tr><tr bgcolor="#E3E3F3">
<th>eq_regiao5</th>
<td>Sul</td>
</tr><tr bgcolor="">
<th>eq_regiao8</th>
<td>Sul 2</td>
</tr><tr bgcolor="#E3E3F3">
<th>eq_ender</th>
<td>FREDERICO GROTTE</td>
</tr><tr bgcolor="">
<th>eq_num</th>
<td>322</td>
</tr><tr bgcolor="#E3E3F3">
<th>eq_compend</th>
<td>RUA</td>
</tr><tr bgcolor="">
<th>eq_codcep</th>
<td>05818000</td>
</tr><tr bgcolor="#E3E3F3">
<th>eq_fone1</th>
<td>1158519315</td>
</tr><tr bgcolor="">
<th>eq_fone2</th>
<td>1158911665</td>
</tr><tr bgcolor="#E3E3F3">
<th>eq_email</th>
<td>E134ACAD@CPS.SP.GOV.BR</td>
</tr><tr bgcolor="">
<th>eq_cd_dirt</th>
<td>10314</td>
</tr><tr bgcolor="#E3E3F3">
<th>eq_diretor</th>
<td>SUL 2</td>
</tr><tr bgcolor="">
<th>eq_dre</th>
<td>CAMPO LIMPO</td>
</tr><tr bgcolor="#E3E3F3">
<th>eq_cd_zona</th>
<td></td>
</tr><tr bgcolor="">
<th>eq_zona</th>
<td></td>
</tr><tr bgcolor="#E3E3F3">
<th>eq_cd_mec</th>
<td>35290701</td>
</tr><tr bgcolor="">
<th>eq_esfera</th>
<td>ESTADUAL-OUT</td>
</tr><tr bgcolor="#E3E3F3">
<th>eq_cd_catg</th>
<td>1</td>
</tr><tr bgcolor="">
<th>eq_categor</th>
<td>ESCOLAS AUTONOMAS</td>
</tr><tr bgcolor="#E3E3F3">
<th>eq_eol</th>
<td>35290701</td>
</tr><tr bgcolor="">
<th>eq_horario</th>
<td></td>
</tr></table></center>]]></description>
			<styleUrl>#m_ylw-pushpin</styleUrl>
			<ExtendedData>
				<SchemaData schemaUrl="#kml_schema_ft_LL_WGS84_KMZ_TEMA_EDUCACAO_ENSINO_TECNICO_PUBLICO">
					<SimpleData name="eq_id">4655</SimpleData>
					<SimpleData name="eq_nome">ETEC CAROLINA CARINHATO SAMPAIO</SimpleData>
					<SimpleData name="eq_enderec">FREDERICO GROTTE 322</SimpleData>
					<SimpleData name="eq_bairro">JARDIM VERGUEIRO</SimpleData>
					<SimpleData name="eq_cep">05818000</SimpleData>
					<SimpleData name="eq_tipo">ETEC</SimpleData>
					<SimpleData name="eq_classe">ENSINO_TECNICO_PUBLICO</SimpleData>
					<SimpleData name="eq_telefon">1158519315 / 1158911665</SimpleData>
					<SimpleData name="eq_setor">355030846000238</SimpleData>
					<SimpleData name="eq_areap">3550308005225</SimpleData>
					<SimpleData name="eq_cd_dist">46</SimpleData>
					<SimpleData name="eq_distr">JARDIM SAO LUIS</SimpleData>
					<SimpleData name="eq_cd_subp">18</SimpleData>
					<SimpleData name="eq_subpref">M&apos;BOI MIRIM</SimpleData>
					<SimpleData name="eq_regiao5">Sul</SimpleData>
					<SimpleData name="eq_regiao8">Sul 2</SimpleData>
					<SimpleData name="eq_ender">FREDERICO GROTTE</SimpleData>
					<SimpleData name="eq_num">322</SimpleData>
					<SimpleData name="eq_compend">RUA</SimpleData>
					<SimpleData name="eq_codcep">05818000</SimpleData>
					<SimpleData name="eq_fone1">1158519315</SimpleData>
					<SimpleData name="eq_fone2">1158911665</SimpleData>
					<SimpleData name="eq_email">E134ACAD@CPS.SP.GOV.BR</SimpleData>
					<SimpleData name="eq_cd_dirt">10314</SimpleData>
					<SimpleData name="eq_diretor">SUL 2</SimpleData>
					<SimpleData name="eq_dre">CAMPO LIMPO</SimpleData>
					<SimpleData name="eq_cd_mec">35290701</SimpleData>
					<SimpleData name="eq_esfera">ESTADUAL-OUT</SimpleData>
					<SimpleData name="eq_cd_catg">1</SimpleData>
					<SimpleData name="eq_categor">ESCOLAS AUTONOMAS</SimpleData>
					<SimpleData name="eq_eol">35290701</SimpleData>
				</SchemaData>
			</ExtendedData>
			<Point>
				<coordinates>-46.7290686115023,-23.6646656355796,0</coordinates>
			</Point>
		</Placemark>
		<Placemark id="kml_15">
			<name>kml_15</name>
			<snippet></snippet>
			<description><![CDATA[<center><table><tr><th colspan='2' align='center'><em>Attributes</em></th></tr><tr bgcolor="#E3E3F3">
<th>eq_id</th>
<td>4782</td>
</tr><tr bgcolor="">
<th>eq_nome</th>
<td>MARIA AUGUSTA SARAIVA DRA ETEC</td>
</tr><tr bgcolor="#E3E3F3">
<th>eq_enderec</th>
<td>RUA GUAIANASES 1385</td>
</tr><tr bgcolor="">
<th>eq_bairro</th>
<td>CAMPOS ELISEOS</td>
</tr><tr bgcolor="#E3E3F3">
<th>eq_cep</th>
<td>01204000</td>
</tr><tr bgcolor="">
<th>eq_tipo</th>
<td>ETEC</td>
</tr><tr bgcolor="#E3E3F3">
<th>eq_classe</th>
<td>ENSINO_TECNICO_PUBLICO</td>
</tr><tr bgcolor="">
<th>eq_telefon</th>
<td>1132240744 / </td>
</tr><tr bgcolor="#E3E3F3">
<th>eq_setor</th>
<td>355030869000137</td>
</tr><tr bgcolor="">
<th>eq_areap</th>
<td>3550308005014</td>
</tr><tr bgcolor="#E3E3F3">
<th>eq_cd_dist</th>
<td>69</td>
</tr><tr bgcolor="">
<th>eq_distr</th>
<td>SANTA CECILIA</td>
</tr><tr bgcolor="#E3E3F3">
<th>eq_cd_subp</th>
<td>9</td>
</tr><tr bgcolor="">
<th>eq_subpref</th>
<td>SE</td>
</tr><tr bgcolor="#E3E3F3">
<th>eq_regiao5</th>
<td>Centro</td>
</tr><tr bgcolor="">
<th>eq_regiao8</th>
<td>Centro</td>
</tr><tr bgcolor="#E3E3F3">
<th>eq_ender</th>
<td>RUA GUAIANASES</td>
</tr><tr bgcolor="">
<th>eq_num</th>
<td>1385</td>
</tr><tr bgcolor="#E3E3F3">
<th>eq_compend</th>
<td>RUA</td>
</tr><tr bgcolor="">
<th>eq_codcep</th>
<td>01204000</td>
</tr><tr bgcolor="#E3E3F3">
<th>eq_fone1</th>
<td>1132240744</td>
</tr><tr bgcolor="">
<th>eq_fone2</th>
<td></td>
</tr><tr bgcolor="#E3E3F3">
<th>eq_email</th>
<td>E154OP@CPS.SP.GOV.BR</td>
</tr><tr bgcolor="">
<th>eq_cd_dirt</th>
<td>10316</td>
</tr><tr bgcolor="#E3E3F3">
<th>eq_diretor</th>
<td>CENTRO SUL</td>
</tr><tr bgcolor="">
<th>eq_dre</th>
<td>IPIRANGA</td>
</tr><tr bgcolor="#E3E3F3">
<th>eq_cd_zona</th>
<td></td>
</tr><tr bgcolor="">
<th>eq_zona</th>
<td></td>
</tr><tr bgcolor="#E3E3F3">
<th>eq_cd_mec</th>
<td>35299364</td>
</tr><tr bgcolor="">
<th>eq_esfera</th>
<td>ESTADUAL-OUT</td>
</tr><tr bgcolor="#E3E3F3">
<th>eq_cd_catg</th>
<td>1</td>
</tr><tr bgcolor="">
<th>eq_categor</th>
<td>ESCOLAS AUTONOMAS</td>
</tr><tr bgcolor="#E3E3F3">
<th>eq_eol</th>
<td>35299364</td>
</tr><tr bgcolor="">
<th>eq_horario</th>
<td></td>
</tr></table></center>]]></description>
			<styleUrl>#m_ylw-pushpin</styleUrl>
			<ExtendedData>
				<SchemaData schemaUrl="#kml_schema_ft_LL_WGS84_KMZ_TEMA_EDUCACAO_ENSINO_TECNICO_PUBLICO">
					<SimpleData name="eq_id">4782</SimpleData>
					<SimpleData name="eq_nome">MARIA AUGUSTA SARAIVA DRA ETEC</SimpleData>
					<SimpleData name="eq_enderec">RUA GUAIANASES 1385</SimpleData>
					<SimpleData name="eq_bairro">CAMPOS ELISEOS</SimpleData>
					<SimpleData name="eq_cep">01204000</SimpleData>
					<SimpleData name="eq_tipo">ETEC</SimpleData>
					<SimpleData name="eq_classe">ENSINO_TECNICO_PUBLICO</SimpleData>
					<SimpleData name="eq_telefon">1132240744 /</SimpleData>
					<SimpleData name="eq_setor">355030869000137</SimpleData>
					<SimpleData name="eq_areap">3550308005014</SimpleData>
					<SimpleData name="eq_cd_dist">69</SimpleData>
					<SimpleData name="eq_distr">SANTA CECILIA</SimpleData>
					<SimpleData name="eq_cd_subp">9</SimpleData>
					<SimpleData name="eq_subpref">SE</SimpleData>
					<SimpleData name="eq_regiao5">Centro</SimpleData>
					<SimpleData name="eq_regiao8">Centro</SimpleData>
					<SimpleData name="eq_ender">RUA GUAIANASES</SimpleData>
					<SimpleData name="eq_num">1385</SimpleData>
					<SimpleData name="eq_compend">RUA</SimpleData>
					<SimpleData name="eq_codcep">01204000</SimpleData>
					<SimpleData name="eq_fone1">1132240744</SimpleData>
					<SimpleData name="eq_email">E154OP@CPS.SP.GOV.BR</SimpleData>
					<SimpleData name="eq_cd_dirt">10316</SimpleData>
					<SimpleData name="eq_diretor">CENTRO SUL</SimpleData>
					<SimpleData name="eq_dre">IPIRANGA</SimpleData>
					<SimpleData name="eq_cd_mec">35299364</SimpleData>
					<SimpleData name="eq_esfera">ESTADUAL-OUT</SimpleData>
					<SimpleData name="eq_cd_catg">1</SimpleData>
					<SimpleData name="eq_categor">ESCOLAS AUTONOMAS</SimpleData>
					<SimpleData name="eq_eol">35299364</SimpleData>
				</SchemaData>
			</ExtendedData>
			<Point>
				<coordinates>-46.6481465185196,-23.5309773099588,0</coordinates>
			</Point>
		</Placemark>
		<Placemark id="kml_16">
			<name>kml_16</name>
			<snippet></snippet>
			<description><![CDATA[<center><table><tr><th colspan='2' align='center'><em>Attributes</em></th></tr><tr bgcolor="#E3E3F3">
<th>eq_id</th>
<td>4818</td>
</tr><tr bgcolor="">
<th>eq_nome</th>
<td>PARQUE DA JUVENTUDE ETEC</td>
</tr><tr bgcolor="#E3E3F3">
<th>eq_enderec</th>
<td>CRUZEIRO DO SUL 2630</td>
</tr><tr bgcolor="">
<th>eq_bairro</th>
<td>CANINDE</td>
</tr><tr bgcolor="#E3E3F3">
<th>eq_cep</th>
<td>02030000</td>
</tr><tr bgcolor="">
<th>eq_tipo</th>
<td>ETEC</td>
</tr><tr bgcolor="#E3E3F3">
<th>eq_classe</th>
<td>ENSINO_TECNICO_PUBLICO</td>
</tr><tr bgcolor="">
<th>eq_telefon</th>
<td>1122210086 / 1122210098</td>
</tr><tr bgcolor="#E3E3F3">
<th>eq_setor</th>
<td>355030870000047</td>
</tr><tr bgcolor="">
<th>eq_areap</th>
<td>3550308005064</td>
</tr><tr bgcolor="#E3E3F3">
<th>eq_cd_dist</th>
<td>70</td>
</tr><tr bgcolor="">
<th>eq_distr</th>
<td>SANTANA</td>
</tr><tr bgcolor="#E3E3F3">
<th>eq_cd_subp</th>
<td>5</td>
</tr><tr bgcolor="">
<th>eq_subpref</th>
<td>SANTANA-TUCURUVI</td>
</tr><tr bgcolor="#E3E3F3">
<th>eq_regiao5</th>
<td>Norte</td>
</tr><tr bgcolor="">
<th>eq_regiao8</th>
<td>Norte 1</td>
</tr><tr bgcolor="#E3E3F3">
<th>eq_ender</th>
<td>CRUZEIRO DO SUL</td>
</tr><tr bgcolor="">
<th>eq_num</th>
<td>2630</td>
</tr><tr bgcolor="#E3E3F3">
<th>eq_compend</th>
<td>BLOCO I</td>
</tr><tr bgcolor="">
<th>eq_codcep</th>
<td>02030000</td>
</tr><tr bgcolor="#E3E3F3">
<th>eq_fone1</th>
<td>1122210086</td>
</tr><tr bgcolor="">
<th>eq_fone2</th>
<td>1122210098</td>
</tr><tr bgcolor="#E3E3F3">
<th>eq_email</th>
<td>E159ADM@CPS.SP.GOV.BR</td>
</tr><tr bgcolor="">
<th>eq_cd_dirt</th>
<td>10102</td>
</tr><tr bgcolor="#E3E3F3">
<th>eq_diretor</th>
<td>CENTRO</td>
</tr><tr bgcolor="">
<th>eq_dre</th>
<td>JACANA/TREMEMBE</td>
</tr><tr bgcolor="#E3E3F3">
<th>eq_cd_zona</th>
<td></td>
</tr><tr bgcolor="">
<th>eq_zona</th>
<td></td>
</tr><tr bgcolor="#E3E3F3">
<th>eq_cd_mec</th>
<td>35304815</td>
</tr><tr bgcolor="">
<th>eq_esfera</th>
<td>ESTADUAL-OUT</td>
</tr><tr bgcolor="#E3E3F3">
<th>eq_cd_catg</th>
<td>1</td>
</tr><tr bgcolor="">
<th>eq_categor</th>
<td>ESCOLAS AUTONOMAS</td>
</tr><tr bgcolor="#E3E3F3">
<th>eq_eol</th>
<td>35304815</td>
</tr><tr bgcolor="">
<th>eq_horario</th>
<td></td>
</tr></table></center>]]></description>
			<styleUrl>#m_ylw-pushpin</styleUrl>
			<ExtendedData>
				<SchemaData schemaUrl="#kml_schema_ft_LL_WGS84_KMZ_TEMA_EDUCACAO_ENSINO_TECNICO_PUBLICO">
					<SimpleData name="eq_id">4818</SimpleData>
					<SimpleData name="eq_nome">PARQUE DA JUVENTUDE ETEC</SimpleData>
					<SimpleData name="eq_enderec">CRUZEIRO DO SUL 2630</SimpleData>
					<SimpleData name="eq_bairro">CANINDE</SimpleData>
					<SimpleData name="eq_cep">02030000</SimpleData>
					<SimpleData name="eq_tipo">ETEC</SimpleData>
					<SimpleData name="eq_classe">ENSINO_TECNICO_PUBLICO</SimpleData>
					<SimpleData name="eq_telefon">1122210086 / 1122210098</SimpleData>
					<SimpleData name="eq_setor">355030870000047</SimpleData>
					<SimpleData name="eq_areap">3550308005064</SimpleData>
					<SimpleData name="eq_cd_dist">70</SimpleData>
					<SimpleData name="eq_distr">SANTANA</SimpleData>
					<SimpleData name="eq_cd_subp">5</SimpleData>
					<SimpleData name="eq_subpref">SANTANA-TUCURUVI</SimpleData>
					<SimpleData name="eq_regiao5">Norte</SimpleData>
					<SimpleData name="eq_regiao8">Norte 1</SimpleData>
					<SimpleData name="eq_ender">CRUZEIRO DO SUL</SimpleData>
					<SimpleData name="eq_num">2630</SimpleData>
					<SimpleData name="eq_compend">BLOCO I</SimpleData>
					<SimpleData name="eq_codcep">02030000</SimpleData>
					<SimpleData name="eq_fone1">1122210086</SimpleData>
					<SimpleData name="eq_fone2">1122210098</SimpleData>
					<SimpleData name="eq_email">E159ADM@CPS.SP.GOV.BR</SimpleData>
					<SimpleData name="eq_cd_dirt">10102</SimpleData>
					<SimpleData name="eq_diretor">CENTRO</SimpleData>
					<SimpleData name="eq_dre">JACANA/TREMEMBE</SimpleData>
					<SimpleData name="eq_cd_mec">35304815</SimpleData>
					<SimpleData name="eq_esfera">ESTADUAL-OUT</SimpleData>
					<SimpleData name="eq_cd_catg">1</SimpleData>
					<SimpleData name="eq_categor">ESCOLAS AUTONOMAS</SimpleData>
					<SimpleData name="eq_eol">35304815</SimpleData>
				</SchemaData>
			</ExtendedData>
			<Point>
				<coordinates>-46.6246941916104,-23.5083783215034,0</coordinates>
			</Point>
		</Placemark>
		<Placemark id="kml_17">
			<name>kml_17</name>
			<snippet></snippet>
			<description><![CDATA[<center><table><tr><th colspan='2' align='center'><em>Attributes</em></th></tr><tr bgcolor="#E3E3F3">
<th>eq_id</th>
<td>4930</td>
</tr><tr bgcolor="">
<th>eq_nome</th>
<td>E TECNICA ESCOLA MUNICIPAL DE ED PROF E SAUDE PUBLICA PROF MAKIGUTI</td>
</tr><tr bgcolor="#E3E3F3">
<th>eq_enderec</th>
<td>METALURGICOS 1945</td>
</tr><tr bgcolor="">
<th>eq_bairro</th>
<td>CIDADE TIRADENTES</td>
</tr><tr bgcolor="#E3E3F3">
<th>eq_cep</th>
<td>08471000</td>
</tr><tr bgcolor="">
<th>eq_tipo</th>
<td>ET</td>
</tr><tr bgcolor="#E3E3F3">
<th>eq_classe</th>
<td>ENSINO_TECNICO_PUBLICO</td>
</tr><tr bgcolor="">
<th>eq_telefon</th>
<td>1138287852 / </td>
</tr><tr bgcolor="#E3E3F3">
<th>eq_setor</th>
<td>355030825000281</td>
</tr><tr bgcolor="">
<th>eq_areap</th>
<td>3550308005272</td>
</tr><tr bgcolor="#E3E3F3">
<th>eq_cd_dist</th>
<td>25</td>
</tr><tr bgcolor="">
<th>eq_distr</th>
<td>CIDADE TIRADENTES</td>
</tr><tr bgcolor="#E3E3F3">
<th>eq_cd_subp</th>
<td>31</td>
</tr><tr bgcolor="">
<th>eq_subpref</th>
<td>CIDADE TIRADENTES</td>
</tr><tr bgcolor="#E3E3F3">
<th>eq_regiao5</th>
<td>Leste</td>
</tr><tr bgcolor="">
<th>eq_regiao8</th>
<td>Leste 2</td>
</tr><tr bgcolor="#E3E3F3">
<th>eq_ender</th>
<td>METALURGICOS</td>
</tr><tr bgcolor="">
<th>eq_num</th>
<td>1945</td>
</tr><tr bgcolor="#E3E3F3">
<th>eq_compend</th>
<td>AVENIDA</td>
</tr><tr bgcolor="">
<th>eq_codcep</th>
<td>08471000</td>
</tr><tr bgcolor="#E3E3F3">
<th>eq_fone1</th>
<td>1138287852</td>
</tr><tr bgcolor="">
<th>eq_fone2</th>
<td></td>
</tr><tr bgcolor="#E3E3F3">
<th>eq_email</th>
<td></td>
</tr><tr bgcolor="">
<th>eq_cd_dirt</th>
<td>10211</td>
</tr><tr bgcolor="#E3E3F3">
<th>eq_diretor</th>
<td>LESTE 3</td>
</tr><tr bgcolor="">
<th>eq_dre</th>
<td>GUAIANASES</td>
</tr><tr bgcolor="#E3E3F3">
<th>eq_cd_zona</th>
<td></td>
</tr><tr bgcolor="">
<th>eq_zona</th>
<td></td>
</tr><tr bgcolor="#E3E3F3">
<th>eq_cd_mec</th>
<td>35336579</td>
</tr><tr bgcolor="">
<th>eq_esfera</th>
<td>MUNICIPAL</td>
</tr><tr bgcolor="#E3E3F3">
<th>eq_cd_catg</th>
<td>1</td>
</tr><tr bgcolor="">
<th>eq_categor</th>
<td>ESCOLAS AUTONOMAS</td>
</tr><tr bgcolor="#E3E3F3">
<th>eq_eol</th>
<td>35336579</td>
</tr><tr bgcolor="">
<th>eq_horario</th>
<td></td>
</tr></table></center>]]></description>
			<styleUrl>#m_ylw-pushpin</styleUrl>
			<ExtendedData>
				<SchemaData schemaUrl="#kml_schema_ft_LL_WGS84_KMZ_TEMA_EDUCACAO_ENSINO_TECNICO_PUBLICO">
					<SimpleData name="eq_id">4930</SimpleData>
					<SimpleData name="eq_nome">E TECNICA ESCOLA MUNICIPAL DE ED PROF E SAUDE PUBLICA PROF MAKIGUTI</SimpleData>
					<SimpleData name="eq_enderec">METALURGICOS 1945</SimpleData>
					<SimpleData name="eq_bairro">CIDADE TIRADENTES</SimpleData>
					<SimpleData name="eq_cep">08471000</SimpleData>
					<SimpleData name="eq_tipo">ET</SimpleData>
					<SimpleData name="eq_classe">ENSINO_TECNICO_PUBLICO</SimpleData>
					<SimpleData name="eq_telefon">1138287852 /</SimpleData>
					<SimpleData name="eq_setor">355030825000281</SimpleData>
					<SimpleData name="eq_areap">3550308005272</SimpleData>
					<SimpleData name="eq_cd_dist">25</SimpleData>
					<SimpleData name="eq_distr">CIDADE TIRADENTES</SimpleData>
					<SimpleData name="eq_cd_subp">31</SimpleData>
					<SimpleData name="eq_subpref">CIDADE TIRADENTES</SimpleData>
					<SimpleData name="eq_regiao5">Leste</SimpleData>
					<SimpleData name="eq_regiao8">Leste 2</SimpleData>
					<SimpleData name="eq_ender">METALURGICOS</SimpleData>
					<SimpleData name="eq_num">1945</SimpleData>
					<SimpleData name="eq_compend">AVENIDA</SimpleData>
					<SimpleData name="eq_codcep">08471000</SimpleData>
					<SimpleData name="eq_fone1">1138287852</SimpleData>
					<SimpleData name="eq_cd_dirt">10211</SimpleData>
					<SimpleData name="eq_diretor">LESTE 3</SimpleData>
					<SimpleData name="eq_dre">GUAIANASES</SimpleData>
					<SimpleData name="eq_cd_mec">35336579</SimpleData>
					<SimpleData name="eq_esfera">MUNICIPAL</SimpleData>
					<SimpleData name="eq_cd_catg">1</SimpleData>
					<SimpleData name="eq_categor">ESCOLAS AUTONOMAS</SimpleData>
					<SimpleData name="eq_eol">35336579</SimpleData>
				</SchemaData>
			</ExtendedData>
			<Point>
				<coordinates>-46.4024226388251,-23.5986903056394,0</coordinates>
			</Point>
		</Placemark>
		<Placemark id="kml_18">
			<name>kml_18</name>
			<snippet></snippet>
			<description><![CDATA[<center><table><tr><th colspan='2' align='center'><em>Attributes</em></th></tr><tr bgcolor="#E3E3F3">
<th>eq_id</th>
<td>5025</td>
</tr><tr bgcolor="">
<th>eq_nome</th>
<td>ITAQUERA ETEC DE</td>
</tr><tr bgcolor="#E3E3F3">
<th>eq_enderec</th>
<td>VIRGINIA FERNI 400</td>
</tr><tr bgcolor="">
<th>eq_bairro</th>
<td>CONJUNTO RESIDENCIAL JOSE BONIFACIO</td>
</tr><tr bgcolor="#E3E3F3">
<th>eq_cep</th>
<td>08253000</td>
</tr><tr bgcolor="">
<th>eq_tipo</th>
<td>ETEC</td>
</tr><tr bgcolor="#E3E3F3">
<th>eq_classe</th>
<td>ENSINO_TECNICO_PUBLICO</td>
</tr><tr bgcolor="">
<th>eq_telefon</th>
<td>1125218188 / </td>
</tr><tr bgcolor="#E3E3F3">
<th>eq_setor</th>
<td>355030847000039</td>
</tr><tr bgcolor="">
<th>eq_areap</th>
<td>3550308005263</td>
</tr><tr bgcolor="#E3E3F3">
<th>eq_cd_dist</th>
<td>47</td>
</tr><tr bgcolor="">
<th>eq_distr</th>
<td>JOSE BONIFACIO</td>
</tr><tr bgcolor="#E3E3F3">
<th>eq_cd_subp</th>
<td>27</td>
</tr><tr bgcolor="">
<th>eq_subpref</th>
<td>ITAQUERA</td>
</tr><tr bgcolor="#E3E3F3">
<th>eq_regiao5</th>
<td>Leste</td>
</tr><tr bgcolor="">
<th>eq_regiao8</th>
<td>Leste 2</td>
</tr><tr bgcolor="#E3E3F3">
<th>eq_ender</th>
<td>VIRGINIA FERNI</td>
</tr><tr bgcolor="">
<th>eq_num</th>
<td>400</td>
</tr><tr bgcolor="#E3E3F3">
<th>eq_compend</th>
<td>RUA</td>
</tr><tr bgcolor="">
<th>eq_codcep</th>
<td>08253000</td>
</tr><tr bgcolor="#E3E3F3">
<th>eq_fone1</th>
<td>1125218188</td>
</tr><tr bgcolor="">
<th>eq_fone2</th>
<td></td>
</tr><tr bgcolor="#E3E3F3">
<th>eq_email</th>
<td>E169DIR@CPS.SP.GOV.BR</td>
</tr><tr bgcolor="">
<th>eq_cd_dirt</th>
<td>10211</td>
</tr><tr bgcolor="#E3E3F3">
<th>eq_diretor</th>
<td>LESTE 3</td>
</tr><tr bgcolor="">
<th>eq_dre</th>
<td>ITAQUERA</td>
</tr><tr bgcolor="#E3E3F3">
<th>eq_cd_zona</th>
<td></td>
</tr><tr bgcolor="">
<th>eq_zona</th>
<td></td>
</tr><tr bgcolor="#E3E3F3">
<th>eq_cd_mec</th>
<td>35363315</td>
</tr><tr bgcolor="">
<th>eq_esfera</th>
<td>ESTADUAL-OUT</td>
</tr><tr bgcolor="#E3E3F3">
<th>eq_cd_catg</th>
<td>1</td>
</tr><tr bgcolor="">
<th>eq_categor</th>
<td>ESCOLAS AUTONOMAS</td>
</tr><tr bgcolor="#E3E3F3">
<th>eq_eol</th>
<td>35363315</td>
</tr><tr bgcolor="">
<th>eq_horario</th>
<td></td>
</tr></table></center>]]></description>
			<styleUrl>#m_ylw-pushpin</styleUrl>
			<ExtendedData>
				<SchemaData schemaUrl="#kml_schema_ft_LL_WGS84_KMZ_TEMA_EDUCACAO_ENSINO_TECNICO_PUBLICO">
					<SimpleData name="eq_id">5025</SimpleData>
					<SimpleData name="eq_nome">ITAQUERA ETEC DE</SimpleData>
					<SimpleData name="eq_enderec">VIRGINIA FERNI 400</SimpleData>
					<SimpleData name="eq_bairro">CONJUNTO RESIDENCIAL JOSE BONIFACIO</SimpleData>
					<SimpleData name="eq_cep">08253000</SimpleData>
					<SimpleData name="eq_tipo">ETEC</SimpleData>
					<SimpleData name="eq_classe">ENSINO_TECNICO_PUBLICO</SimpleData>
					<SimpleData name="eq_telefon">1125218188 /</SimpleData>
					<SimpleData name="eq_setor">355030847000039</SimpleData>
					<SimpleData name="eq_areap">3550308005263</SimpleData>
					<SimpleData name="eq_cd_dist">47</SimpleData>
					<SimpleData name="eq_distr">JOSE BONIFACIO</SimpleData>
					<SimpleData name="eq_cd_subp">27</SimpleData>
					<SimpleData name="eq_subpref">ITAQUERA</SimpleData>
					<SimpleData name="eq_regiao5">Leste</SimpleData>
					<SimpleData name="eq_regiao8">Leste 2</SimpleData>
					<SimpleData name="eq_ender">VIRGINIA FERNI</SimpleData>
					<SimpleData name="eq_num">400</SimpleData>
					<SimpleData name="eq_compend">RUA</SimpleData>
					<SimpleData name="eq_codcep">08253000</SimpleData>
					<SimpleData name="eq_fone1">1125218188</SimpleData>
					<SimpleData name="eq_email">E169DIR@CPS.SP.GOV.BR</SimpleData>
					<SimpleData name="eq_cd_dirt">10211</SimpleData>
					<SimpleData name="eq_diretor">LESTE 3</SimpleData>
					<SimpleData name="eq_dre">ITAQUERA</SimpleData>
					<SimpleData name="eq_cd_mec">35363315</SimpleData>
					<SimpleData name="eq_esfera">ESTADUAL-OUT</SimpleData>
					<SimpleData name="eq_cd_catg">1</SimpleData>
					<SimpleData name="eq_categor">ESCOLAS AUTONOMAS</SimpleData>
					<SimpleData name="eq_eol">35363315</SimpleData>
				</SchemaData>
			</ExtendedData>
			<Point>
				<coordinates>-46.4394068275752,-23.5463039892428,0</coordinates>
			</Point>
		</Placemark>
		<Placemark id="kml_19">
			<name>kml_19</name>
			<snippet></snippet>
			<description><![CDATA[<center><table><tr><th colspan='2' align='center'><em>Attributes</em></th></tr><tr bgcolor="#E3E3F3">
<th>eq_id</th>
<td>5030</td>
</tr><tr bgcolor="">
<th>eq_nome</th>
<td>SAPOPEMBA ETEC DE</td>
</tr><tr bgcolor="#E3E3F3">
<th>eq_enderec</th>
<td>BENJAMIN DE TUDELA 155</td>
</tr><tr bgcolor="">
<th>eq_bairro</th>
<td>FAZENDA DA JUTA</td>
</tr><tr bgcolor="#E3E3F3">
<th>eq_cep</th>
<td>03977000</td>
</tr><tr bgcolor="">
<th>eq_tipo</th>
<td>ETEC</td>
</tr><tr bgcolor="#E3E3F3">
<th>eq_classe</th>
<td>ENSINO_TECNICO_PUBLICO</td>
</tr><tr bgcolor="">
<th>eq_telefon</th>
<td>1120191519 / 1120191533</td>
</tr><tr bgcolor="#E3E3F3">
<th>eq_setor</th>
<td>355030876000294</td>
</tr><tr bgcolor="">
<th>eq_areap</th>
<td>3550308005210</td>
</tr><tr bgcolor="#E3E3F3">
<th>eq_cd_dist</th>
<td>76</td>
</tr><tr bgcolor="">
<th>eq_distr</th>
<td>SAPOPEMBA</td>
</tr><tr bgcolor="#E3E3F3">
<th>eq_cd_subp</th>
<td>32</td>
</tr><tr bgcolor="">
<th>eq_subpref</th>
<td>SAPOPEMBA</td>
</tr><tr bgcolor="#E3E3F3">
<th>eq_regiao5</th>
<td>Leste</td>
</tr><tr bgcolor="">
<th>eq_regiao8</th>
<td>Leste 1</td>
</tr><tr bgcolor="#E3E3F3">
<th>eq_ender</th>
<td>BENJAMIN DE TUDELA</td>
</tr><tr bgcolor="">
<th>eq_num</th>
<td>155</td>
</tr><tr bgcolor="#E3E3F3">
<th>eq_compend</th>
<td>RUA</td>
</tr><tr bgcolor="">
<th>eq_codcep</th>
<td>03977000</td>
</tr><tr bgcolor="#E3E3F3">
<th>eq_fone1</th>
<td>1120191519</td>
</tr><tr bgcolor="">
<th>eq_fone2</th>
<td>1120191533</td>
</tr><tr bgcolor="#E3E3F3">
<th>eq_email</th>
<td>E172ACAD@CPS.SP.GOV.BR</td>
</tr><tr bgcolor="">
<th>eq_cd_dirt</th>
<td>10208</td>
</tr><tr bgcolor="#E3E3F3">
<th>eq_diretor</th>
<td>LESTE 4</td>
</tr><tr bgcolor="">
<th>eq_dre</th>
<td>SAO MATEUS</td>
</tr><tr bgcolor="#E3E3F3">
<th>eq_cd_zona</th>
<td></td>
</tr><tr bgcolor="">
<th>eq_zona</th>
<td></td>
</tr><tr bgcolor="#E3E3F3">
<th>eq_cd_mec</th>
<td>35365622</td>
</tr><tr bgcolor="">
<th>eq_esfera</th>
<td>ESTADUAL-OUT</td>
</tr><tr bgcolor="#E3E3F3">
<th>eq_cd_catg</th>
<td>1</td>
</tr><tr bgcolor="">
<th>eq_categor</th>
<td>ESCOLAS AUTONOMAS</td>
</tr><tr bgcolor="#E3E3F3">
<th>eq_eol</th>
<td>35365622</td>
</tr><tr bgcolor="">
<th>eq_horario</th>
<td></td>
</tr></table></center>]]></description>
			<styleUrl>#m_ylw-pushpin</styleUrl>
			<ExtendedData>
				<SchemaData schemaUrl="#kml_schema_ft_LL_WGS84_KMZ_TEMA_EDUCACAO_ENSINO_TECNICO_PUBLICO">
					<SimpleData name="eq_id">5030</SimpleData>
					<SimpleData name="eq_nome">SAPOPEMBA ETEC DE</SimpleData>
					<SimpleData name="eq_enderec">BENJAMIN DE TUDELA 155</SimpleData>
					<SimpleData name="eq_bairro">FAZENDA DA JUTA</SimpleData>
					<SimpleData name="eq_cep">03977000</SimpleData>
					<SimpleData name="eq_tipo">ETEC</SimpleData>
					<SimpleData name="eq_classe">ENSINO_TECNICO_PUBLICO</SimpleData>
					<SimpleData name="eq_telefon">1120191519 / 1120191533</SimpleData>
					<SimpleData name="eq_setor">355030876000294</SimpleData>
					<SimpleData name="eq_areap">3550308005210</SimpleData>
					<SimpleData name="eq_cd_dist">76</SimpleData>
					<SimpleData name="eq_distr">SAPOPEMBA</SimpleData>
					<SimpleData name="eq_cd_subp">32</SimpleData>
					<SimpleData name="eq_subpref">SAPOPEMBA</SimpleData>
					<SimpleData name="eq_regiao5">Leste</SimpleData>
					<SimpleData name="eq_regiao8">Leste 1</SimpleData>
					<SimpleData name="eq_ender">BENJAMIN DE TUDELA</SimpleData>
					<SimpleData name="eq_num">155</SimpleData>
					<SimpleData name="eq_compend">RUA</SimpleData>
					<SimpleData name="eq_codcep">03977000</SimpleData>
					<SimpleData name="eq_fone1">1120191519</SimpleData>
					<SimpleData name="eq_fone2">1120191533</SimpleData>
					<SimpleData name="eq_email">E172ACAD@CPS.SP.GOV.BR</SimpleData>
					<SimpleData name="eq_cd_dirt">10208</SimpleData>
					<SimpleData name="eq_diretor">LESTE 4</SimpleData>
					<SimpleData name="eq_dre">SAO MATEUS</SimpleData>
					<SimpleData name="eq_cd_mec">35365622</SimpleData>
					<SimpleData name="eq_esfera">ESTADUAL-OUT</SimpleData>
					<SimpleData name="eq_cd_catg">1</SimpleData>
					<SimpleData name="eq_categor">ESCOLAS AUTONOMAS</SimpleData>
					<SimpleData name="eq_eol">35365622</SimpleData>
				</SchemaData>
			</ExtendedData>
			<Point>
				<coordinates>-46.4869033906331,-23.6119561082413,0</coordinates>
			</Point>
		</Placemark>
		<Placemark id="kml_20">
			<name>kml_20</name>
			<snippet></snippet>
			<description><![CDATA[<center><table><tr><th colspan='2' align='center'><em>Attributes</em></th></tr><tr bgcolor="#E3E3F3">
<th>eq_id</th>
<td>5108</td>
</tr><tr bgcolor="">
<th>eq_nome</th>
<td>ARTES ETEC DE</td>
</tr><tr bgcolor="#E3E3F3">
<th>eq_enderec</th>
<td>CRUZEIRO DO SUL 2630</td>
</tr><tr bgcolor="">
<th>eq_bairro</th>
<td>CANINDE</td>
</tr><tr bgcolor="#E3E3F3">
<th>eq_cep</th>
<td>02030000</td>
</tr><tr bgcolor="">
<th>eq_tipo</th>
<td>ETEC</td>
</tr><tr bgcolor="#E3E3F3">
<th>eq_classe</th>
<td>ENSINO_TECNICO_PUBLICO</td>
</tr><tr bgcolor="">
<th>eq_telefon</th>
<td>1120890740 / 1120890741</td>
</tr><tr bgcolor="#E3E3F3">
<th>eq_setor</th>
<td>355030870000047</td>
</tr><tr bgcolor="">
<th>eq_areap</th>
<td>3550308005064</td>
</tr><tr bgcolor="#E3E3F3">
<th>eq_cd_dist</th>
<td>70</td>
</tr><tr bgcolor="">
<th>eq_distr</th>
<td>SANTANA</td>
</tr><tr bgcolor="#E3E3F3">
<th>eq_cd_subp</th>
<td>5</td>
</tr><tr bgcolor="">
<th>eq_subpref</th>
<td>SANTANA-TUCURUVI</td>
</tr><tr bgcolor="#E3E3F3">
<th>eq_regiao5</th>
<td>Norte</td>
</tr><tr bgcolor="">
<th>eq_regiao8</th>
<td>Norte 1</td>
</tr><tr bgcolor="#E3E3F3">
<th>eq_ender</th>
<td>CRUZEIRO DO SUL</td>
</tr><tr bgcolor="">
<th>eq_num</th>
<td>2630</td>
</tr><tr bgcolor="#E3E3F3">
<th>eq_compend</th>
<td>BLOCO II</td>
</tr><tr bgcolor="">
<th>eq_codcep</th>
<td>02030000</td>
</tr><tr bgcolor="#E3E3F3">
<th>eq_fone1</th>
<td>1120890740</td>
</tr><tr bgcolor="">
<th>eq_fone2</th>
<td>1120890741</td>
</tr><tr bgcolor="#E3E3F3">
<th>eq_email</th>
<td>E180ACAD@CPS.SP.GOV.BR</td>
</tr><tr bgcolor="">
<th>eq_cd_dirt</th>
<td>10102</td>
</tr><tr bgcolor="#E3E3F3">
<th>eq_diretor</th>
<td>CENTRO</td>
</tr><tr bgcolor="">
<th>eq_dre</th>
<td>JACANA/TREMEMBE</td>
</tr><tr bgcolor="#E3E3F3">
<th>eq_cd_zona</th>
<td></td>
</tr><tr bgcolor="">
<th>eq_zona</th>
<td></td>
</tr><tr bgcolor="#E3E3F3">
<th>eq_cd_mec</th>
<td>35393400</td>
</tr><tr bgcolor="">
<th>eq_esfera</th>
<td>ESTADUAL-OUT</td>
</tr><tr bgcolor="#E3E3F3">
<th>eq_cd_catg</th>
<td>1</td>
</tr><tr bgcolor="">
<th>eq_categor</th>
<td>ESCOLAS AUTONOMAS</td>
</tr><tr bgcolor="#E3E3F3">
<th>eq_eol</th>
<td>35393400</td>
</tr><tr bgcolor="">
<th>eq_horario</th>
<td></td>
</tr></table></center>]]></description>
			<styleUrl>#m_ylw-pushpin</styleUrl>
			<ExtendedData>
				<SchemaData schemaUrl="#kml_schema_ft_LL_WGS84_KMZ_TEMA_EDUCACAO_ENSINO_TECNICO_PUBLICO">
					<SimpleData name="eq_id">5108</SimpleData>
					<SimpleData name="eq_nome">ARTES ETEC DE</SimpleData>
					<SimpleData name="eq_enderec">CRUZEIRO DO SUL 2630</SimpleData>
					<SimpleData name="eq_bairro">CANINDE</SimpleData>
					<SimpleData name="eq_cep">02030000</SimpleData>
					<SimpleData name="eq_tipo">ETEC</SimpleData>
					<SimpleData name="eq_classe">ENSINO_TECNICO_PUBLICO</SimpleData>
					<SimpleData name="eq_telefon">1120890740 / 1120890741</SimpleData>
					<SimpleData name="eq_setor">355030870000047</SimpleData>
					<SimpleData name="eq_areap">3550308005064</SimpleData>
					<SimpleData name="eq_cd_dist">70</SimpleData>
					<SimpleData name="eq_distr">SANTANA</SimpleData>
					<SimpleData name="eq_cd_subp">5</SimpleData>
					<SimpleData name="eq_subpref">SANTANA-TUCURUVI</SimpleData>
					<SimpleData name="eq_regiao5">Norte</SimpleData>
					<SimpleData name="eq_regiao8">Norte 1</SimpleData>
					<SimpleData name="eq_ender">CRUZEIRO DO SUL</SimpleData>
					<SimpleData name="eq_num">2630</SimpleData>
					<SimpleData name="eq_compend">BLOCO II</SimpleData>
					<SimpleData name="eq_codcep">02030000</SimpleData>
					<SimpleData name="eq_fone1">1120890740</SimpleData>
					<SimpleData name="eq_fone2">1120890741</SimpleData>
					<SimpleData name="eq_email">E180ACAD@CPS.SP.GOV.BR</SimpleData>
					<SimpleData name="eq_cd_dirt">10102</SimpleData>
					<SimpleData name="eq_diretor">CENTRO</SimpleData>
					<SimpleData name="eq_dre">JACANA/TREMEMBE</SimpleData>
					<SimpleData name="eq_cd_mec">35393400</SimpleData>
					<SimpleData name="eq_esfera">ESTADUAL-OUT</SimpleData>
					<SimpleData name="eq_cd_catg">1</SimpleData>
					<SimpleData name="eq_categor">ESCOLAS AUTONOMAS</SimpleData>
					<SimpleData name="eq_eol">35393400</SimpleData>
				</SchemaData>
			</ExtendedData>
			<Point>
				<coordinates>-46.6246941916104,-23.5083783215034,0</coordinates>
			</Point>
		</Placemark>
		<Placemark id="kml_21">
			<name>kml_21</name>
			<snippet></snippet>
			<description><![CDATA[<center><table><tr><th colspan='2' align='center'><em>Attributes</em></th></tr><tr bgcolor="#E3E3F3">
<th>eq_id</th>
<td>5152</td>
</tr><tr bgcolor="">
<th>eq_nome</th>
<td>VILA FORMOSA ETEC DE</td>
</tr><tr bgcolor="#E3E3F3">
<th>eq_enderec</th>
<td>BACTORIA 38</td>
</tr><tr bgcolor="">
<th>eq_bairro</th>
<td>JARDIM VILA FORMOSA</td>
</tr><tr bgcolor="#E3E3F3">
<th>eq_cep</th>
<td>03472000</td>
</tr><tr bgcolor="">
<th>eq_tipo</th>
<td>ETEC</td>
</tr><tr bgcolor="#E3E3F3">
<th>eq_classe</th>
<td>ENSINO_TECNICO_PUBLICO</td>
</tr><tr bgcolor="">
<th>eq_telefon</th>
<td>1122116485 / 1129169467</td>
</tr><tr bgcolor="#E3E3F3">
<th>eq_setor</th>
<td>355030804000039</td>
</tr><tr bgcolor="">
<th>eq_areap</th>
<td>3550308005153</td>
</tr><tr bgcolor="#E3E3F3">
<th>eq_cd_dist</th>
<td>4</td>
</tr><tr bgcolor="">
<th>eq_distr</th>
<td>ARICANDUVA</td>
</tr><tr bgcolor="#E3E3F3">
<th>eq_cd_subp</th>
<td>26</td>
</tr><tr bgcolor="">
<th>eq_subpref</th>
<td>ARICANDUVA-FORMOSA-CARRAO</td>
</tr><tr bgcolor="#E3E3F3">
<th>eq_regiao5</th>
<td>Leste</td>
</tr><tr bgcolor="">
<th>eq_regiao8</th>
<td>Leste 1</td>
</tr><tr bgcolor="#E3E3F3">
<th>eq_ender</th>
<td>BACTORIA</td>
</tr><tr bgcolor="">
<th>eq_num</th>
<td>38</td>
</tr><tr bgcolor="#E3E3F3">
<th>eq_compend</th>
<td>RUA</td>
</tr><tr bgcolor="">
<th>eq_codcep</th>
<td>03472000</td>
</tr><tr bgcolor="#E3E3F3">
<th>eq_fone1</th>
<td>1122116485</td>
</tr><tr bgcolor="">
<th>eq_fone2</th>
<td>1129169467</td>
</tr><tr bgcolor="#E3E3F3">
<th>eq_email</th>
<td>E185ACAD@CPS.SP.GOV.BR</td>
</tr><tr bgcolor="">
<th>eq_cd_dirt</th>
<td>10205</td>
</tr><tr bgcolor="#E3E3F3">
<th>eq_diretor</th>
<td>LESTE 5</td>
</tr><tr bgcolor="">
<th>eq_dre</th>
<td>ITAQUERA</td>
</tr><tr bgcolor="#E3E3F3">
<th>eq_cd_zona</th>
<td></td>
</tr><tr bgcolor="">
<th>eq_zona</th>
<td></td>
</tr><tr bgcolor="#E3E3F3">
<th>eq_cd_mec</th>
<td>35405243</td>
</tr><tr bgcolor="">
<th>eq_esfera</th>
<td>ESTADUAL-OUT</td>
</tr><tr bgcolor="#E3E3F3">
<th>eq_cd_catg</th>
<td>1</td>
</tr><tr bgcolor="">
<th>eq_categor</th>
<td>ESCOLAS AUTONOMAS</td>
</tr><tr bgcolor="#E3E3F3">
<th>eq_eol</th>
<td>35405243</td>
</tr><tr bgcolor="">
<th>eq_horario</th>
<td></td>
</tr></table></center>]]></description>
			<styleUrl>#m_ylw-pushpin</styleUrl>
			<ExtendedData>
				<SchemaData schemaUrl="#kml_schema_ft_LL_WGS84_KMZ_TEMA_EDUCACAO_ENSINO_TECNICO_PUBLICO">
					<SimpleData name="eq_id">5152</SimpleData>
					<SimpleData name="eq_nome">VILA FORMOSA ETEC DE</SimpleData>
					<SimpleData name="eq_enderec">BACTORIA 38</SimpleData>
					<SimpleData name="eq_bairro">JARDIM VILA FORMOSA</SimpleData>
					<SimpleData name="eq_cep">03472000</SimpleData>
					<SimpleData name="eq_tipo">ETEC</SimpleData>
					<SimpleData name="eq_classe">ENSINO_TECNICO_PUBLICO</SimpleData>
					<SimpleData name="eq_telefon">1122116485 / 1129169467</SimpleData>
					<SimpleData name="eq_setor">355030804000039</SimpleData>
					<SimpleData name="eq_areap">3550308005153</SimpleData>
					<SimpleData name="eq_cd_dist">4</SimpleData>
					<SimpleData name="eq_distr">ARICANDUVA</SimpleData>
					<SimpleData name="eq_cd_subp">26</SimpleData>
					<SimpleData name="eq_subpref">ARICANDUVA-FORMOSA-CARRAO</SimpleData>
					<SimpleData name="eq_regiao5">Leste</SimpleData>
					<SimpleData name="eq_regiao8">Leste 1</SimpleData>
					<SimpleData name="eq_ender">BACTORIA</SimpleData>
					<SimpleData name="eq_num">38</SimpleData>
					<SimpleData name="eq_compend">RUA</SimpleData>
					<SimpleData name="eq_codcep">03472000</SimpleData>
					<SimpleData name="eq_fone1">1122116485</SimpleData>
					<SimpleData name="eq_fone2">1129169467</SimpleData>
					<SimpleData name="eq_email">E185ACAD@CPS.SP.GOV.BR</SimpleData>
					<SimpleData name="eq_cd_dirt">10205</SimpleData>
					<SimpleData name="eq_diretor">LESTE 5</SimpleData>
					<SimpleData name="eq_dre">ITAQUERA</SimpleData>
					<SimpleData name="eq_cd_mec">35405243</SimpleData>
					<SimpleData name="eq_esfera">ESTADUAL-OUT</SimpleData>
					<SimpleData name="eq_cd_catg">1</SimpleData>
					<SimpleData name="eq_categor">ESCOLAS AUTONOMAS</SimpleData>
					<SimpleData name="eq_eol">35405243</SimpleData>
				</SchemaData>
			</ExtendedData>
			<Point>
				<coordinates>-46.52466064340341,-23.5753769071201,0</coordinates>
			</Point>
		</Placemark>
		<Placemark id="kml_22">
			<name>kml_22</name>
			<snippet></snippet>
			<description><![CDATA[<center><table><tr><th colspan='2' align='center'><em>Attributes</em></th></tr><tr bgcolor="#E3E3F3">
<th>eq_id</th>
<td>5153</td>
</tr><tr bgcolor="">
<th>eq_nome</th>
<td>TEREZA APARECIDA CARDOSO NUNES DE OLIVEIRA ETEC</td>
</tr><tr bgcolor="#E3E3F3">
<th>eq_enderec</th>
<td>WALDEMAR TIETZ 1477</td>
</tr><tr bgcolor="">
<th>eq_bairro</th>
<td>CONJUNTO HABITACIONAL PADRE JOSE DE ANCHIETA</td>
</tr><tr bgcolor="#E3E3F3">
<th>eq_cep</th>
<td>03589000</td>
</tr><tr bgcolor="">
<th>eq_tipo</th>
<td>ETEC</td>
</tr><tr bgcolor="#E3E3F3">
<th>eq_classe</th>
<td>ENSINO_TECNICO_PUBLICO</td>
</tr><tr bgcolor="">
<th>eq_telefon</th>
<td>1122171409 / 1127486797</td>
</tr><tr bgcolor="#E3E3F3">
<th>eq_setor</th>
<td>355030805000091</td>
</tr><tr bgcolor="">
<th>eq_areap</th>
<td>3550308005148</td>
</tr><tr bgcolor="#E3E3F3">
<th>eq_cd_dist</th>
<td>5</td>
</tr><tr bgcolor="">
<th>eq_distr</th>
<td>ARTUR ALVIM</td>
</tr><tr bgcolor="#E3E3F3">
<th>eq_cd_subp</th>
<td>21</td>
</tr><tr bgcolor="">
<th>eq_subpref</th>
<td>PENHA</td>
</tr><tr bgcolor="#E3E3F3">
<th>eq_regiao5</th>
<td>Leste</td>
</tr><tr bgcolor="">
<th>eq_regiao8</th>
<td>Leste 1</td>
</tr><tr bgcolor="#E3E3F3">
<th>eq_ender</th>
<td>WALDEMAR TIETZ</td>
</tr><tr bgcolor="">
<th>eq_num</th>
<td>1477</td>
</tr><tr bgcolor="#E3E3F3">
<th>eq_compend</th>
<td>AVENIDA</td>
</tr><tr bgcolor="">
<th>eq_codcep</th>
<td>03589000</td>
</tr><tr bgcolor="#E3E3F3">
<th>eq_fone1</th>
<td>1122171409</td>
</tr><tr bgcolor="">
<th>eq_fone2</th>
<td>1127486797</td>
</tr><tr bgcolor="#E3E3F3">
<th>eq_email</th>
<td>E003104A@EDUCACAO.SP.GOV.BR</td>
</tr><tr bgcolor="">
<th>eq_cd_dirt</th>
<td>10208</td>
</tr><tr bgcolor="#E3E3F3">
<th>eq_diretor</th>
<td>LESTE 4</td>
</tr><tr bgcolor="">
<th>eq_dre</th>
<td>PENHA</td>
</tr><tr bgcolor="#E3E3F3">
<th>eq_cd_zona</th>
<td></td>
</tr><tr bgcolor="">
<th>eq_zona</th>
<td></td>
</tr><tr bgcolor="#E3E3F3">
<th>eq_cd_mec</th>
<td>35405322</td>
</tr><tr bgcolor="">
<th>eq_esfera</th>
<td>ESTADUAL-OUT</td>
</tr><tr bgcolor="#E3E3F3">
<th>eq_cd_catg</th>
<td>1</td>
</tr><tr bgcolor="">
<th>eq_categor</th>
<td>ESCOLAS AUTONOMAS</td>
</tr><tr bgcolor="#E3E3F3">
<th>eq_eol</th>
<td>35405322</td>
</tr><tr bgcolor="">
<th>eq_horario</th>
<td></td>
</tr></table></center>]]></description>
			<styleUrl>#m_ylw-pushpin</styleUrl>
			<ExtendedData>
				<SchemaData schemaUrl="#kml_schema_ft_LL_WGS84_KMZ_TEMA_EDUCACAO_ENSINO_TECNICO_PUBLICO">
					<SimpleData name="eq_id">5153</SimpleData>
					<SimpleData name="eq_nome">TEREZA APARECIDA CARDOSO NUNES DE OLIVEIRA ETEC</SimpleData>
					<SimpleData name="eq_enderec">WALDEMAR TIETZ 1477</SimpleData>
					<SimpleData name="eq_bairro">CONJUNTO HABITACIONAL PADRE JOSE DE ANCHIETA</SimpleData>
					<SimpleData name="eq_cep">03589000</SimpleData>
					<SimpleData name="eq_tipo">ETEC</SimpleData>
					<SimpleData name="eq_classe">ENSINO_TECNICO_PUBLICO</SimpleData>
					<SimpleData name="eq_telefon">1122171409 / 1127486797</SimpleData>
					<SimpleData name="eq_setor">355030805000091</SimpleData>
					<SimpleData name="eq_areap">3550308005148</SimpleData>
					<SimpleData name="eq_cd_dist">5</SimpleData>
					<SimpleData name="eq_distr">ARTUR ALVIM</SimpleData>
					<SimpleData name="eq_cd_subp">21</SimpleData>
					<SimpleData name="eq_subpref">PENHA</SimpleData>
					<SimpleData name="eq_regiao5">Leste</SimpleData>
					<SimpleData name="eq_regiao8">Leste 1</SimpleData>
					<SimpleData name="eq_ender">WALDEMAR TIETZ</SimpleData>
					<SimpleData name="eq_num">1477</SimpleData>
					<SimpleData name="eq_compend">AVENIDA</SimpleData>
					<SimpleData name="eq_codcep">03589000</SimpleData>
					<SimpleData name="eq_fone1">1122171409</SimpleData>
					<SimpleData name="eq_fone2">1127486797</SimpleData>
					<SimpleData name="eq_email">E003104A@EDUCACAO.SP.GOV.BR</SimpleData>
					<SimpleData name="eq_cd_dirt">10208</SimpleData>
					<SimpleData name="eq_diretor">LESTE 4</SimpleData>
					<SimpleData name="eq_dre">PENHA</SimpleData>
					<SimpleData name="eq_cd_mec">35405322</SimpleData>
					<SimpleData name="eq_esfera">ESTADUAL-OUT</SimpleData>
					<SimpleData name="eq_cd_catg">1</SimpleData>
					<SimpleData name="eq_categor">ESCOLAS AUTONOMAS</SimpleData>
					<SimpleData name="eq_eol">35405322</SimpleData>
				</SchemaData>
			</ExtendedData>
			<Point>
				<coordinates>-46.4815561207801,-23.5514458569255,0</coordinates>
			</Point>
		</Placemark>
		<Placemark id="kml_23">
			<name>kml_23</name>
			<snippet></snippet>
			<description><![CDATA[<center><table><tr><th colspan='2' align='center'><em>Attributes</em></th></tr><tr bgcolor="#E3E3F3">
<th>eq_id</th>
<td>5258</td>
</tr><tr bgcolor="">
<th>eq_nome</th>
<td>CIDADE TIRADENTES ETEC DE</td>
</tr><tr bgcolor="#E3E3F3">
<th>eq_enderec</th>
<td>IGARAPE AGUA AZUL 70</td>
</tr><tr bgcolor="">
<th>eq_bairro</th>
<td>CONJUNTO HABITACIONAL SANTA ETELVINA II</td>
</tr><tr bgcolor="#E3E3F3">
<th>eq_cep</th>
<td>08485000</td>
</tr><tr bgcolor="">
<th>eq_tipo</th>
<td>ETEC</td>
</tr><tr bgcolor="#E3E3F3">
<th>eq_classe</th>
<td>ENSINO_TECNICO_PUBLICO</td>
</tr><tr bgcolor="">
<th>eq_telefon</th>
<td>1120751044 / 1125166965</td>
</tr><tr bgcolor="#E3E3F3">
<th>eq_setor</th>
<td>355030825000127</td>
</tr><tr bgcolor="">
<th>eq_areap</th>
<td>3550308005273</td>
</tr><tr bgcolor="#E3E3F3">
<th>eq_cd_dist</th>
<td>25</td>
</tr><tr bgcolor="">
<th>eq_distr</th>
<td>CIDADE TIRADENTES</td>
</tr><tr bgcolor="#E3E3F3">
<th>eq_cd_subp</th>
<td>31</td>
</tr><tr bgcolor="">
<th>eq_subpref</th>
<td>CIDADE TIRADENTES</td>
</tr><tr bgcolor="#E3E3F3">
<th>eq_regiao5</th>
<td>Leste</td>
</tr><tr bgcolor="">
<th>eq_regiao8</th>
<td>Leste 2</td>
</tr><tr bgcolor="#E3E3F3">
<th>eq_ender</th>
<td>IGARAPE AGUA AZUL</td>
</tr><tr bgcolor="">
<th>eq_num</th>
<td>70</td>
</tr><tr bgcolor="#E3E3F3">
<th>eq_compend</th>
<td>RUA</td>
</tr><tr bgcolor="">
<th>eq_codcep</th>
<td>08485000</td>
</tr><tr bgcolor="#E3E3F3">
<th>eq_fone1</th>
<td>1120751044</td>
</tr><tr bgcolor="">
<th>eq_fone2</th>
<td>1125166965</td>
</tr><tr bgcolor="#E3E3F3">
<th>eq_email</th>
<td>E199ACAD@CPS.SP.GOV.BR</td>
</tr><tr bgcolor="">
<th>eq_cd_dirt</th>
<td>10211</td>
</tr><tr bgcolor="#E3E3F3">
<th>eq_diretor</th>
<td>LESTE 3</td>
</tr><tr bgcolor="">
<th>eq_dre</th>
<td>GUAIANASES</td>
</tr><tr bgcolor="#E3E3F3">
<th>eq_cd_zona</th>
<td></td>
</tr><tr bgcolor="">
<th>eq_zona</th>
<td></td>
</tr><tr bgcolor="#E3E3F3">
<th>eq_cd_mec</th>
<td>35428905</td>
</tr><tr bgcolor="">
<th>eq_esfera</th>
<td>ESTADUAL-OUT</td>
</tr><tr bgcolor="#E3E3F3">
<th>eq_cd_catg</th>
<td>1</td>
</tr><tr bgcolor="">
<th>eq_categor</th>
<td>ESCOLAS AUTONOMAS</td>
</tr><tr bgcolor="#E3E3F3">
<th>eq_eol</th>
<td>35428905</td>
</tr><tr bgcolor="">
<th>eq_horario</th>
<td></td>
</tr></table></center>]]></description>
			<styleUrl>#m_ylw-pushpin</styleUrl>
			<ExtendedData>
				<SchemaData schemaUrl="#kml_schema_ft_LL_WGS84_KMZ_TEMA_EDUCACAO_ENSINO_TECNICO_PUBLICO">
					<SimpleData name="eq_id">5258</SimpleData>
					<SimpleData name="eq_nome">CIDADE TIRADENTES ETEC DE</SimpleData>
					<SimpleData name="eq_enderec">IGARAPE AGUA AZUL 70</SimpleData>
					<SimpleData name="eq_bairro">CONJUNTO HABITACIONAL SANTA ETELVINA II</SimpleData>
					<SimpleData name="eq_cep">08485000</SimpleData>
					<SimpleData name="eq_tipo">ETEC</SimpleData>
					<SimpleData name="eq_classe">ENSINO_TECNICO_PUBLICO</SimpleData>
					<SimpleData name="eq_telefon">1120751044 / 1125166965</SimpleData>
					<SimpleData name="eq_setor">355030825000127</SimpleData>
					<SimpleData name="eq_areap">3550308005273</SimpleData>
					<SimpleData name="eq_cd_dist">25</SimpleData>
					<SimpleData name="eq_distr">CIDADE TIRADENTES</SimpleData>
					<SimpleData name="eq_cd_subp">31</SimpleData>
					<SimpleData name="eq_subpref">CIDADE TIRADENTES</SimpleData>
					<SimpleData name="eq_regiao5">Leste</SimpleData>
					<SimpleData name="eq_regiao8">Leste 2</SimpleData>
					<SimpleData name="eq_ender">IGARAPE AGUA AZUL</SimpleData>
					<SimpleData name="eq_num">70</SimpleData>
					<SimpleData name="eq_compend">RUA</SimpleData>
					<SimpleData name="eq_codcep">08485000</SimpleData>
					<SimpleData name="eq_fone1">1120751044</SimpleData>
					<SimpleData name="eq_fone2">1125166965</SimpleData>
					<SimpleData name="eq_email">E199ACAD@CPS.SP.GOV.BR</SimpleData>
					<SimpleData name="eq_cd_dirt">10211</SimpleData>
					<SimpleData name="eq_diretor">LESTE 3</SimpleData>
					<SimpleData name="eq_dre">GUAIANASES</SimpleData>
					<SimpleData name="eq_cd_mec">35428905</SimpleData>
					<SimpleData name="eq_esfera">ESTADUAL-OUT</SimpleData>
					<SimpleData name="eq_cd_catg">1</SimpleData>
					<SimpleData name="eq_categor">ESCOLAS AUTONOMAS</SimpleData>
					<SimpleData name="eq_eol">35428905</SimpleData>
				</SchemaData>
			</ExtendedData>
			<Point>
				<coordinates>-46.4072196798009,-23.5932753272346,0</coordinates>
			</Point>
		</Placemark>
		<Placemark id="kml_24">
			<name>kml_24</name>
			<snippet></snippet>
			<description><![CDATA[<center><table><tr><th colspan='2' align='center'><em>Attributes</em></th></tr><tr bgcolor="#E3E3F3">
<th>eq_id</th>
<td>5259</td>
</tr><tr bgcolor="">
<th>eq_nome</th>
<td>TAKASHI MORITA ETEC</td>
</tr><tr bgcolor="#E3E3F3">
<th>eq_enderec</th>
<td>MARIO LOPES LEAO 1050A</td>
</tr><tr bgcolor="">
<th>eq_bairro</th>
<td>SANTO AMARO</td>
</tr><tr bgcolor="#E3E3F3">
<th>eq_cep</th>
<td>04754000</td>
</tr><tr bgcolor="">
<th>eq_tipo</th>
<td>ETEC</td>
</tr><tr bgcolor="#E3E3F3">
<th>eq_classe</th>
<td>ENSINO_TECNICO_PUBLICO</td>
</tr><tr bgcolor="">
<th>eq_telefon</th>
<td>1155210636 / 1155247101</td>
</tr><tr bgcolor="#E3E3F3">
<th>eq_setor</th>
<td>355030871000065</td>
</tr><tr bgcolor="">
<th>eq_areap</th>
<td>3550308005174</td>
</tr><tr bgcolor="#E3E3F3">
<th>eq_cd_dist</th>
<td>71</td>
</tr><tr bgcolor="">
<th>eq_distr</th>
<td>SANTO AMARO</td>
</tr><tr bgcolor="#E3E3F3">
<th>eq_cd_subp</th>
<td>14</td>
</tr><tr bgcolor="">
<th>eq_subpref</th>
<td>SANTO AMARO</td>
</tr><tr bgcolor="#E3E3F3">
<th>eq_regiao5</th>
<td>Sul</td>
</tr><tr bgcolor="">
<th>eq_regiao8</th>
<td>Sul 2</td>
</tr><tr bgcolor="#E3E3F3">
<th>eq_ender</th>
<td>MARIO LOPES LEAO</td>
</tr><tr bgcolor="">
<th>eq_num</th>
<td>1050A</td>
</tr><tr bgcolor="#E3E3F3">
<th>eq_compend</th>
<td>AVENIDA</td>
</tr><tr bgcolor="">
<th>eq_codcep</th>
<td>04754000</td>
</tr><tr bgcolor="#E3E3F3">
<th>eq_fone1</th>
<td>1155210636</td>
</tr><tr bgcolor="">
<th>eq_fone2</th>
<td>1155247101</td>
</tr><tr bgcolor="#E3E3F3">
<th>eq_email</th>
<td>E200ACAD@CPS.SP.GOV.BR</td>
</tr><tr bgcolor="">
<th>eq_cd_dirt</th>
<td>10314</td>
</tr><tr bgcolor="#E3E3F3">
<th>eq_diretor</th>
<td>SUL 2</td>
</tr><tr bgcolor="">
<th>eq_dre</th>
<td>CAMPO LIMPO</td>
</tr><tr bgcolor="#E3E3F3">
<th>eq_cd_zona</th>
<td></td>
</tr><tr bgcolor="">
<th>eq_zona</th>
<td></td>
</tr><tr bgcolor="#E3E3F3">
<th>eq_cd_mec</th>
<td>35428929</td>
</tr><tr bgcolor="">
<th>eq_esfera</th>
<td>ESTADUAL-OUT</td>
</tr><tr bgcolor="#E3E3F3">
<th>eq_cd_catg</th>
<td>1</td>
</tr><tr bgcolor="">
<th>eq_categor</th>
<td>ESCOLAS AUTONOMAS</td>
</tr><tr bgcolor="#E3E3F3">
<th>eq_eol</th>
<td>35428929</td>
</tr><tr bgcolor="">
<th>eq_horario</th>
<td></td>
</tr></table></center>]]></description>
			<styleUrl>#m_ylw-pushpin</styleUrl>
			<ExtendedData>
				<SchemaData schemaUrl="#kml_schema_ft_LL_WGS84_KMZ_TEMA_EDUCACAO_ENSINO_TECNICO_PUBLICO">
					<SimpleData name="eq_id">5259</SimpleData>
					<SimpleData name="eq_nome">TAKASHI MORITA ETEC</SimpleData>
					<SimpleData name="eq_enderec">MARIO LOPES LEAO 1050A</SimpleData>
					<SimpleData name="eq_bairro">SANTO AMARO</SimpleData>
					<SimpleData name="eq_cep">04754000</SimpleData>
					<SimpleData name="eq_tipo">ETEC</SimpleData>
					<SimpleData name="eq_classe">ENSINO_TECNICO_PUBLICO</SimpleData>
					<SimpleData name="eq_telefon">1155210636 / 1155247101</SimpleData>
					<SimpleData name="eq_setor">355030871000065</SimpleData>
					<SimpleData name="eq_areap">3550308005174</SimpleData>
					<SimpleData name="eq_cd_dist">71</SimpleData>
					<SimpleData name="eq_distr">SANTO AMARO</SimpleData>
					<SimpleData name="eq_cd_subp">14</SimpleData>
					<SimpleData name="eq_subpref">SANTO AMARO</SimpleData>
					<SimpleData name="eq_regiao5">Sul</SimpleData>
					<SimpleData name="eq_regiao8">Sul 2</SimpleData>
					<SimpleData name="eq_ender">MARIO LOPES LEAO</SimpleData>
					<SimpleData name="eq_num">1050A</SimpleData>
					<SimpleData name="eq_compend">AVENIDA</SimpleData>
					<SimpleData name="eq_codcep">04754000</SimpleData>
					<SimpleData name="eq_fone1">1155210636</SimpleData>
					<SimpleData name="eq_fone2">1155247101</SimpleData>
					<SimpleData name="eq_email">E200ACAD@CPS.SP.GOV.BR</SimpleData>
					<SimpleData name="eq_cd_dirt">10314</SimpleData>
					<SimpleData name="eq_diretor">SUL 2</SimpleData>
					<SimpleData name="eq_dre">CAMPO LIMPO</SimpleData>
					<SimpleData name="eq_cd_mec">35428929</SimpleData>
					<SimpleData name="eq_esfera">ESTADUAL-OUT</SimpleData>
					<SimpleData name="eq_cd_catg">1</SimpleData>
					<SimpleData name="eq_categor">ESCOLAS AUTONOMAS</SimpleData>
					<SimpleData name="eq_eol">35428929</SimpleData>
				</SchemaData>
			</ExtendedData>
			<Point>
				<coordinates>-46.7163144728839,-23.6505936320714,0</coordinates>
			</Point>
		</Placemark>
		<Placemark id="kml_25">
			<name>kml_25</name>
			<snippet></snippet>
			<description><![CDATA[<center><table><tr><th colspan='2' align='center'><em>Attributes</em></th></tr><tr bgcolor="#E3E3F3">
<th>eq_id</th>
<td>5348</td>
</tr><tr bgcolor="">
<th>eq_nome</th>
<td>ADHEMAR BATISTA HEMERITAS PROF ETEC</td>
</tr><tr bgcolor="#E3E3F3">
<th>eq_enderec</th>
<td>RUA ABILENE 16</td>
</tr><tr bgcolor="">
<th>eq_bairro</th>
<td>PARQUE SANTO ANTONIO ARICANDUVA</td>
</tr><tr bgcolor="#E3E3F3">
<th>eq_cep</th>
<td>03385000</td>
</tr><tr bgcolor="">
<th>eq_tipo</th>
<td>ETEC</td>
</tr><tr bgcolor="#E3E3F3">
<th>eq_classe</th>
<td>ENSINO_TECNICO_PUBLICO</td>
</tr><tr bgcolor="">
<th>eq_telefon</th>
<td>1123011058 / </td>
</tr><tr bgcolor="#E3E3F3">
<th>eq_setor</th>
<td>355030804000061</td>
</tr><tr bgcolor="">
<th>eq_areap</th>
<td>3550308005153</td>
</tr><tr bgcolor="#E3E3F3">
<th>eq_cd_dist</th>
<td>4</td>
</tr><tr bgcolor="">
<th>eq_distr</th>
<td>ARICANDUVA</td>
</tr><tr bgcolor="#E3E3F3">
<th>eq_cd_subp</th>
<td>26</td>
</tr><tr bgcolor="">
<th>eq_subpref</th>
<td>ARICANDUVA-FORMOSA-CARRAO</td>
</tr><tr bgcolor="#E3E3F3">
<th>eq_regiao5</th>
<td>Leste</td>
</tr><tr bgcolor="">
<th>eq_regiao8</th>
<td>Leste 1</td>
</tr><tr bgcolor="#E3E3F3">
<th>eq_ender</th>
<td>RUA ABILENE</td>
</tr><tr bgcolor="">
<th>eq_num</th>
<td>16</td>
</tr><tr bgcolor="#E3E3F3">
<th>eq_compend</th>
<td>RUA</td>
</tr><tr bgcolor="">
<th>eq_codcep</th>
<td>03385000</td>
</tr><tr bgcolor="#E3E3F3">
<th>eq_fone1</th>
<td>1123011058</td>
</tr><tr bgcolor="">
<th>eq_fone2</th>
<td></td>
</tr><tr bgcolor="#E3E3F3">
<th>eq_email</th>
<td>E207DIR@CPS.SP.GOV.BR</td>
</tr><tr bgcolor="">
<th>eq_cd_dirt</th>
<td>10205</td>
</tr><tr bgcolor="#E3E3F3">
<th>eq_diretor</th>
<td>LESTE 5</td>
</tr><tr bgcolor="">
<th>eq_dre</th>
<td>ITAQUERA</td>
</tr><tr bgcolor="#E3E3F3">
<th>eq_cd_zona</th>
<td></td>
</tr><tr bgcolor="">
<th>eq_zona</th>
<td></td>
</tr><tr bgcolor="#E3E3F3">
<th>eq_cd_mec</th>
<td>35433846</td>
</tr><tr bgcolor="">
<th>eq_esfera</th>
<td>ESTADUAL-OUT</td>
</tr><tr bgcolor="#E3E3F3">
<th>eq_cd_catg</th>
<td>1</td>
</tr><tr bgcolor="">
<th>eq_categor</th>
<td>ESCOLAS AUTONOMAS</td>
</tr><tr bgcolor="#E3E3F3">
<th>eq_eol</th>
<td>35433846</td>
</tr><tr bgcolor="">
<th>eq_horario</th>
<td></td>
</tr></table></center>]]></description>
			<styleUrl>#m_ylw-pushpin</styleUrl>
			<ExtendedData>
				<SchemaData schemaUrl="#kml_schema_ft_LL_WGS84_KMZ_TEMA_EDUCACAO_ENSINO_TECNICO_PUBLICO">
					<SimpleData name="eq_id">5348</SimpleData>
					<SimpleData name="eq_nome">ADHEMAR BATISTA HEMERITAS PROF ETEC</SimpleData>
					<SimpleData name="eq_enderec">RUA ABILENE 16</SimpleData>
					<SimpleData name="eq_bairro">PARQUE SANTO ANTONIO ARICANDUVA</SimpleData>
					<SimpleData name="eq_cep">03385000</SimpleData>
					<SimpleData name="eq_tipo">ETEC</SimpleData>
					<SimpleData name="eq_classe">ENSINO_TECNICO_PUBLICO</SimpleData>
					<SimpleData name="eq_telefon">1123011058 /</SimpleData>
					<SimpleData name="eq_setor">355030804000061</SimpleData>
					<SimpleData name="eq_areap">3550308005153</SimpleData>
					<SimpleData name="eq_cd_dist">4</SimpleData>
					<SimpleData name="eq_distr">ARICANDUVA</SimpleData>
					<SimpleData name="eq_cd_subp">26</SimpleData>
					<SimpleData name="eq_subpref">ARICANDUVA-FORMOSA-CARRAO</SimpleData>
					<SimpleData name="eq_regiao5">Leste</SimpleData>
					<SimpleData name="eq_regiao8">Leste 1</SimpleData>
					<SimpleData name="eq_ender">RUA ABILENE</SimpleData>
					<SimpleData name="eq_num">16</SimpleData>
					<SimpleData name="eq_compend">RUA</SimpleData>
					<SimpleData name="eq_codcep">03385000</SimpleData>
					<SimpleData name="eq_fone1">1123011058</SimpleData>
					<SimpleData name="eq_email">E207DIR@CPS.SP.GOV.BR</SimpleData>
					<SimpleData name="eq_cd_dirt">10205</SimpleData>
					<SimpleData name="eq_diretor">LESTE 5</SimpleData>
					<SimpleData name="eq_dre">ITAQUERA</SimpleData>
					<SimpleData name="eq_cd_mec">35433846</SimpleData>
					<SimpleData name="eq_esfera">ESTADUAL-OUT</SimpleData>
					<SimpleData name="eq_cd_catg">1</SimpleData>
					<SimpleData name="eq_categor">ESCOLAS AUTONOMAS</SimpleData>
					<SimpleData name="eq_eol">35433846</SimpleData>
				</SchemaData>
			</ExtendedData>
			<Point>
				<coordinates>-46.522934625328,-23.5798699396076,0</coordinates>
			</Point>
		</Placemark>
		<Placemark id="kml_26">
			<name>kml_26</name>
			<snippet></snippet>
			<description><![CDATA[<center><table><tr><th colspan='2' align='center'><em>Attributes</em></th></tr><tr bgcolor="#E3E3F3">
<th>eq_id</th>
<td>5349</td>
</tr><tr bgcolor="">
<th>eq_nome</th>
<td>TIQUATIRA ETEC</td>
</tr><tr bgcolor="#E3E3F3">
<th>eq_enderec</th>
<td>AVENIDA CONDESSA ELISABETH DE ROBIANO 5200</td>
</tr><tr bgcolor="">
<th>eq_bairro</th>
<td>JARDIM AMERICA DA PENHA</td>
</tr><tr bgcolor="#E3E3F3">
<th>eq_cep</th>
<td>03704000</td>
</tr><tr bgcolor="">
<th>eq_tipo</th>
<td>ETEC</td>
</tr><tr bgcolor="#E3E3F3">
<th>eq_classe</th>
<td>ENSINO_TECNICO_PUBLICO</td>
</tr><tr bgcolor="">
<th>eq_telefon</th>
<td>1120932021 / 1122252504</td>
</tr><tr bgcolor="#E3E3F3">
<th>eq_setor</th>
<td>355030859000156</td>
</tr><tr bgcolor="">
<th>eq_areap</th>
<td>3550308005071</td>
</tr><tr bgcolor="#E3E3F3">
<th>eq_cd_dist</th>
<td>59</td>
</tr><tr bgcolor="">
<th>eq_distr</th>
<td>PENHA</td>
</tr><tr bgcolor="#E3E3F3">
<th>eq_cd_subp</th>
<td>21</td>
</tr><tr bgcolor="">
<th>eq_subpref</th>
<td>PENHA</td>
</tr><tr bgcolor="#E3E3F3">
<th>eq_regiao5</th>
<td>Leste</td>
</tr><tr bgcolor="">
<th>eq_regiao8</th>
<td>Leste 1</td>
</tr><tr bgcolor="#E3E3F3">
<th>eq_ender</th>
<td>AVENIDA CONDESSA ELISABETH DE ROBIANO</td>
</tr><tr bgcolor="">
<th>eq_num</th>
<td>5200</td>
</tr><tr bgcolor="#E3E3F3">
<th>eq_compend</th>
<td>AVENIDA</td>
</tr><tr bgcolor="">
<th>eq_codcep</th>
<td>03704000</td>
</tr><tr bgcolor="#E3E3F3">
<th>eq_fone1</th>
<td>1120932021</td>
</tr><tr bgcolor="">
<th>eq_fone2</th>
<td>1122252504</td>
</tr><tr bgcolor="#E3E3F3">
<th>eq_email</th>
<td>SECRETARIA@ETECTIQUATIRA.COM.BR</td>
</tr><tr bgcolor="">
<th>eq_cd_dirt</th>
<td>10207</td>
</tr><tr bgcolor="#E3E3F3">
<th>eq_diretor</th>
<td>LESTE 1</td>
</tr><tr bgcolor="">
<th>eq_dre</th>
<td>PENHA</td>
</tr><tr bgcolor="#E3E3F3">
<th>eq_cd_zona</th>
<td></td>
</tr><tr bgcolor="">
<th>eq_zona</th>
<td></td>
</tr><tr bgcolor="#E3E3F3">
<th>eq_cd_mec</th>
<td>35433858</td>
</tr><tr bgcolor="">
<th>eq_esfera</th>
<td>ESTADUAL-OUT</td>
</tr><tr bgcolor="#E3E3F3">
<th>eq_cd_catg</th>
<td>1</td>
</tr><tr bgcolor="">
<th>eq_categor</th>
<td>ESCOLAS AUTONOMAS</td>
</tr><tr bgcolor="#E3E3F3">
<th>eq_eol</th>
<td>35433858</td>
</tr><tr bgcolor="">
<th>eq_horario</th>
<td></td>
</tr></table></center>]]></description>
			<styleUrl>#m_ylw-pushpin</styleUrl>
			<ExtendedData>
				<SchemaData schemaUrl="#kml_schema_ft_LL_WGS84_KMZ_TEMA_EDUCACAO_ENSINO_TECNICO_PUBLICO">
					<SimpleData name="eq_id">5349</SimpleData>
					<SimpleData name="eq_nome">TIQUATIRA ETEC</SimpleData>
					<SimpleData name="eq_enderec">AVENIDA CONDESSA ELISABETH DE ROBIANO 5200</SimpleData>
					<SimpleData name="eq_bairro">JARDIM AMERICA DA PENHA</SimpleData>
					<SimpleData name="eq_cep">03704000</SimpleData>
					<SimpleData name="eq_tipo">ETEC</SimpleData>
					<SimpleData name="eq_classe">ENSINO_TECNICO_PUBLICO</SimpleData>
					<SimpleData name="eq_telefon">1120932021 / 1122252504</SimpleData>
					<SimpleData name="eq_setor">355030859000156</SimpleData>
					<SimpleData name="eq_areap">3550308005071</SimpleData>
					<SimpleData name="eq_cd_dist">59</SimpleData>
					<SimpleData name="eq_distr">PENHA</SimpleData>
					<SimpleData name="eq_cd_subp">21</SimpleData>
					<SimpleData name="eq_subpref">PENHA</SimpleData>
					<SimpleData name="eq_regiao5">Leste</SimpleData>
					<SimpleData name="eq_regiao8">Leste 1</SimpleData>
					<SimpleData name="eq_ender">AVENIDA CONDESSA ELISABETH DE ROBIANO</SimpleData>
					<SimpleData name="eq_num">5200</SimpleData>
					<SimpleData name="eq_compend">AVENIDA</SimpleData>
					<SimpleData name="eq_codcep">03704000</SimpleData>
					<SimpleData name="eq_fone1">1120932021</SimpleData>
					<SimpleData name="eq_fone2">1122252504</SimpleData>
					<SimpleData name="eq_email">SECRETARIA@ETECTIQUATIRA.COM.BR</SimpleData>
					<SimpleData name="eq_cd_dirt">10207</SimpleData>
					<SimpleData name="eq_diretor">LESTE 1</SimpleData>
					<SimpleData name="eq_dre">PENHA</SimpleData>
					<SimpleData name="eq_cd_mec">35433858</SimpleData>
					<SimpleData name="eq_esfera">ESTADUAL-OUT</SimpleData>
					<SimpleData name="eq_cd_catg">1</SimpleData>
					<SimpleData name="eq_categor">ESCOLAS AUTONOMAS</SimpleData>
					<SimpleData name="eq_eol">35433858</SimpleData>
				</SchemaData>
			</ExtendedData>
			<Point>
				<coordinates>-46.5547056466303,-23.5185695151551,0</coordinates>
			</Point>
		</Placemark>
		<Placemark id="kml_27">
			<name>kml_27</name>
			<snippet></snippet>
			<description><![CDATA[<center><table><tr><th colspan='2' align='center'><em>Attributes</em></th></tr><tr bgcolor="#E3E3F3">
<th>eq_id</th>
<td>5368</td>
</tr><tr bgcolor="">
<th>eq_nome</th>
<td>ETEC DE HELIOPOLIS</td>
</tr><tr bgcolor="#E3E3F3">
<th>eq_enderec</th>
<td>LAGRIMAS 2461</td>
</tr><tr bgcolor="">
<th>eq_bairro</th>
<td>IPIRANGA</td>
</tr><tr bgcolor="#E3E3F3">
<th>eq_cep</th>
<td>04232000</td>
</tr><tr bgcolor="">
<th>eq_tipo</th>
<td>ETEC</td>
</tr><tr bgcolor="#E3E3F3">
<th>eq_classe</th>
<td>ENSINO_TECNICO_PUBLICO</td>
</tr><tr bgcolor="">
<th>eq_telefon</th>
<td>1120832727 / </td>
</tr><tr bgcolor="#E3E3F3">
<th>eq_setor</th>
<td>355030868000011</td>
</tr><tr bgcolor="">
<th>eq_areap</th>
<td>3550308005085</td>
</tr><tr bgcolor="#E3E3F3">
<th>eq_cd_dist</th>
<td>68</td>
</tr><tr bgcolor="">
<th>eq_distr</th>
<td>SACOMA</td>
</tr><tr bgcolor="#E3E3F3">
<th>eq_cd_subp</th>
<td>13</td>
</tr><tr bgcolor="">
<th>eq_subpref</th>
<td>IPIRANGA</td>
</tr><tr bgcolor="#E3E3F3">
<th>eq_regiao5</th>
<td>Sul</td>
</tr><tr bgcolor="">
<th>eq_regiao8</th>
<td>Sul 1</td>
</tr><tr bgcolor="#E3E3F3">
<th>eq_ender</th>
<td>LAGRIMAS</td>
</tr><tr bgcolor="">
<th>eq_num</th>
<td>2461</td>
</tr><tr bgcolor="#E3E3F3">
<th>eq_compend</th>
<td>ESTRADA</td>
</tr><tr bgcolor="">
<th>eq_codcep</th>
<td>04232000</td>
</tr><tr bgcolor="#E3E3F3">
<th>eq_fone1</th>
<td>1120832727</td>
</tr><tr bgcolor="">
<th>eq_fone2</th>
<td></td>
</tr><tr bgcolor="#E3E3F3">
<th>eq_email</th>
<td>E205DIR@CPS.SP.GOV.BR</td>
</tr><tr bgcolor="">
<th>eq_cd_dirt</th>
<td>10316</td>
</tr><tr bgcolor="#E3E3F3">
<th>eq_diretor</th>
<td>CENTRO SUL</td>
</tr><tr bgcolor="">
<th>eq_dre</th>
<td>IPIRANGA</td>
</tr><tr bgcolor="#E3E3F3">
<th>eq_cd_zona</th>
<td></td>
</tr><tr bgcolor="">
<th>eq_zona</th>
<td></td>
</tr><tr bgcolor="#E3E3F3">
<th>eq_cd_mec</th>
<td>35434632</td>
</tr><tr bgcolor="">
<th>eq_esfera</th>
<td>ESTADUAL-OUT</td>
</tr><tr bgcolor="#E3E3F3">
<th>eq_cd_catg</th>
<td>1</td>
</tr><tr bgcolor="">
<th>eq_categor</th>
<td>ESCOLAS AUTONOMAS</td>
</tr><tr bgcolor="#E3E3F3">
<th>eq_eol</th>
<td>35434632</td>
</tr><tr bgcolor="">
<th>eq_horario</th>
<td></td>
</tr></table></center>]]></description>
			<styleUrl>#m_ylw-pushpin</styleUrl>
			<ExtendedData>
				<SchemaData schemaUrl="#kml_schema_ft_LL_WGS84_KMZ_TEMA_EDUCACAO_ENSINO_TECNICO_PUBLICO">
					<SimpleData name="eq_id">5368</SimpleData>
					<SimpleData name="eq_nome">ETEC DE HELIOPOLIS</SimpleData>
					<SimpleData name="eq_enderec">LAGRIMAS 2461</SimpleData>
					<SimpleData name="eq_bairro">IPIRANGA</SimpleData>
					<SimpleData name="eq_cep">04232000</SimpleData>
					<SimpleData name="eq_tipo">ETEC</SimpleData>
					<SimpleData name="eq_classe">ENSINO_TECNICO_PUBLICO</SimpleData>
					<SimpleData name="eq_telefon">1120832727 /</SimpleData>
					<SimpleData name="eq_setor">355030868000011</SimpleData>
					<SimpleData name="eq_areap">3550308005085</SimpleData>
					<SimpleData name="eq_cd_dist">68</SimpleData>
					<SimpleData name="eq_distr">SACOMA</SimpleData>
					<SimpleData name="eq_cd_subp">13</SimpleData>
					<SimpleData name="eq_subpref">IPIRANGA</SimpleData>
					<SimpleData name="eq_regiao5">Sul</SimpleData>
					<SimpleData name="eq_regiao8">Sul 1</SimpleData>
					<SimpleData name="eq_ender">LAGRIMAS</SimpleData>
					<SimpleData name="eq_num">2461</SimpleData>
					<SimpleData name="eq_compend">ESTRADA</SimpleData>
					<SimpleData name="eq_codcep">04232000</SimpleData>
					<SimpleData name="eq_fone1">1120832727</SimpleData>
					<SimpleData name="eq_email">E205DIR@CPS.SP.GOV.BR</SimpleData>
					<SimpleData name="eq_cd_dirt">10316</SimpleData>
					<SimpleData name="eq_diretor">CENTRO SUL</SimpleData>
					<SimpleData name="eq_dre">IPIRANGA</SimpleData>
					<SimpleData name="eq_cd_mec">35434632</SimpleData>
					<SimpleData name="eq_esfera">ESTADUAL-OUT</SimpleData>
					<SimpleData name="eq_cd_catg">1</SimpleData>
					<SimpleData name="eq_categor">ESCOLAS AUTONOMAS</SimpleData>
					<SimpleData name="eq_eol">35434632</SimpleData>
				</SchemaData>
			</ExtendedData>
			<Point>
				<coordinates>-46.5913933731297,-23.6230988475501,0</coordinates>
			</Point>
		</Placemark>
		<Placemark id="kml_28">
			<name>kml_28</name>
			<snippet></snippet>
			<description><![CDATA[<center><table><tr><th colspan='2' align='center'><em>Attributes</em></th></tr><tr bgcolor="#E3E3F3">
<th>eq_id</th>
<td>5406</td>
</tr><tr bgcolor="">
<th>eq_nome</th>
<td>SAO MATEUS ESCOLA TECNICA ESTADUAL</td>
</tr><tr bgcolor="#E3E3F3">
<th>eq_enderec</th>
<td>SOLEDADE DE MINAS SN</td>
</tr><tr bgcolor="">
<th>eq_bairro</th>
<td>JARDIM SAO CRISTOVAO</td>
</tr><tr bgcolor="#E3E3F3">
<th>eq_cep</th>
<td>03930000</td>
</tr><tr bgcolor="">
<th>eq_tipo</th>
<td>ETEC</td>
</tr><tr bgcolor="#E3E3F3">
<th>eq_classe</th>
<td>ENSINO_TECNICO_PUBLICO</td>
</tr><tr bgcolor="">
<th>eq_telefon</th>
<td>1127215111 / 1127215536</td>
</tr><tr bgcolor="#E3E3F3">
<th>eq_setor</th>
<td>355030873000187</td>
</tr><tr bgcolor="">
<th>eq_areap</th>
<td>3550308005208</td>
</tr><tr bgcolor="#E3E3F3">
<th>eq_cd_dist</th>
<td>73</td>
</tr><tr bgcolor="">
<th>eq_distr</th>
<td>SAO MATEUS</td>
</tr><tr bgcolor="#E3E3F3">
<th>eq_cd_subp</th>
<td>30</td>
</tr><tr bgcolor="">
<th>eq_subpref</th>
<td>SAO MATEUS</td>
</tr><tr bgcolor="#E3E3F3">
<th>eq_regiao5</th>
<td>Leste</td>
</tr><tr bgcolor="">
<th>eq_regiao8</th>
<td>Leste 2</td>
</tr><tr bgcolor="#E3E3F3">
<th>eq_ender</th>
<td>SOLEDADE DE MINAS</td>
</tr><tr bgcolor="">
<th>eq_num</th>
<td>SN</td>
</tr><tr bgcolor="#E3E3F3">
<th>eq_compend</th>
<td>RUA</td>
</tr><tr bgcolor="">
<th>eq_codcep</th>
<td>03930000</td>
</tr><tr bgcolor="#E3E3F3">
<th>eq_fone1</th>
<td>1127215111</td>
</tr><tr bgcolor="">
<th>eq_fone2</th>
<td>1127215536</td>
</tr><tr bgcolor="#E3E3F3">
<th>eq_email</th>
<td>E227DIR@CPS.SP.GOV.BR</td>
</tr><tr bgcolor="">
<th>eq_cd_dirt</th>
<td>10208</td>
</tr><tr bgcolor="#E3E3F3">
<th>eq_diretor</th>
<td>LESTE 4</td>
</tr><tr bgcolor="">
<th>eq_dre</th>
<td>SAO MATEUS</td>
</tr><tr bgcolor="#E3E3F3">
<th>eq_cd_zona</th>
<td></td>
</tr><tr bgcolor="">
<th>eq_zona</th>
<td></td>
</tr><tr bgcolor="#E3E3F3">
<th>eq_cd_mec</th>
<td>35438285</td>
</tr><tr bgcolor="">
<th>eq_esfera</th>
<td>ESTADUAL-OUT</td>
</tr><tr bgcolor="#E3E3F3">
<th>eq_cd_catg</th>
<td>1</td>
</tr><tr bgcolor="">
<th>eq_categor</th>
<td>ESCOLAS AUTONOMAS</td>
</tr><tr bgcolor="#E3E3F3">
<th>eq_eol</th>
<td>35438285</td>
</tr><tr bgcolor="">
<th>eq_horario</th>
<td></td>
</tr></table></center>]]></description>
			<styleUrl>#m_ylw-pushpin</styleUrl>
			<ExtendedData>
				<SchemaData schemaUrl="#kml_schema_ft_LL_WGS84_KMZ_TEMA_EDUCACAO_ENSINO_TECNICO_PUBLICO">
					<SimpleData name="eq_id">5406</SimpleData>
					<SimpleData name="eq_nome">SAO MATEUS ESCOLA TECNICA ESTADUAL</SimpleData>
					<SimpleData name="eq_enderec">SOLEDADE DE MINAS SN</SimpleData>
					<SimpleData name="eq_bairro">JARDIM SAO CRISTOVAO</SimpleData>
					<SimpleData name="eq_cep">03930000</SimpleData>
					<SimpleData name="eq_tipo">ETEC</SimpleData>
					<SimpleData name="eq_classe">ENSINO_TECNICO_PUBLICO</SimpleData>
					<SimpleData name="eq_telefon">1127215111 / 1127215536</SimpleData>
					<SimpleData name="eq_setor">355030873000187</SimpleData>
					<SimpleData name="eq_areap">3550308005208</SimpleData>
					<SimpleData name="eq_cd_dist">73</SimpleData>
					<SimpleData name="eq_distr">SAO MATEUS</SimpleData>
					<SimpleData name="eq_cd_subp">30</SimpleData>
					<SimpleData name="eq_subpref">SAO MATEUS</SimpleData>
					<SimpleData name="eq_regiao5">Leste</SimpleData>
					<SimpleData name="eq_regiao8">Leste 2</SimpleData>
					<SimpleData name="eq_ender">SOLEDADE DE MINAS</SimpleData>
					<SimpleData name="eq_num">SN</SimpleData>
					<SimpleData name="eq_compend">RUA</SimpleData>
					<SimpleData name="eq_codcep">03930000</SimpleData>
					<SimpleData name="eq_fone1">1127215111</SimpleData>
					<SimpleData name="eq_fone2">1127215536</SimpleData>
					<SimpleData name="eq_email">E227DIR@CPS.SP.GOV.BR</SimpleData>
					<SimpleData name="eq_cd_dirt">10208</SimpleData>
					<SimpleData name="eq_diretor">LESTE 4</SimpleData>
					<SimpleData name="eq_dre">SAO MATEUS</SimpleData>
					<SimpleData name="eq_cd_mec">35438285</SimpleData>
					<SimpleData name="eq_esfera">ESTADUAL-OUT</SimpleData>
					<SimpleData name="eq_cd_catg">1</SimpleData>
					<SimpleData name="eq_categor">ESCOLAS AUTONOMAS</SimpleData>
					<SimpleData name="eq_eol">35438285</SimpleData>
				</SchemaData>
			</ExtendedData>
			<Point>
				<coordinates>-46.5002673947571,-23.5793679387627,0</coordinates>
			</Point>
		</Placemark>
		<Placemark id="kml_29">
			<name>kml_29</name>
			<snippet></snippet>
			<description><![CDATA[<center><table><tr><th colspan='2' align='center'><em>Attributes</em></th></tr><tr bgcolor="#E3E3F3">
<th>eq_id</th>
<td>5413</td>
</tr><tr bgcolor="">
<th>eq_nome</th>
<td>UIRAPURU ESCOLA TECNICA ESTADUAL</td>
</tr><tr bgcolor="#E3E3F3">
<th>eq_enderec</th>
<td>CLAUDE ALBERVILLE FREI SN</td>
</tr><tr bgcolor="">
<th>eq_bairro</th>
<td>JARDIM JOAO XXIII</td>
</tr><tr bgcolor="#E3E3F3">
<th>eq_cep</th>
<td>05569000</td>
</tr><tr bgcolor="">
<th>eq_tipo</th>
<td>ETEC</td>
</tr><tr bgcolor="#E3E3F3">
<th>eq_classe</th>
<td>ENSINO_TECNICO_PUBLICO</td>
</tr><tr bgcolor="">
<th>eq_telefon</th>
<td>1137825376 / </td>
</tr><tr bgcolor="#E3E3F3">
<th>eq_setor</th>
<td>355030865000147</td>
</tr><tr bgcolor="">
<th>eq_areap</th>
<td>3550308005239</td>
</tr><tr bgcolor="#E3E3F3">
<th>eq_cd_dist</th>
<td>65</td>
</tr><tr bgcolor="">
<th>eq_distr</th>
<td>RAPOSO TAVARES</td>
</tr><tr bgcolor="#E3E3F3">
<th>eq_cd_subp</th>
<td>10</td>
</tr><tr bgcolor="">
<th>eq_subpref</th>
<td>BUTANTA</td>
</tr><tr bgcolor="#E3E3F3">
<th>eq_regiao5</th>
<td>Oeste</td>
</tr><tr bgcolor="">
<th>eq_regiao8</th>
<td>Oeste</td>
</tr><tr bgcolor="#E3E3F3">
<th>eq_ender</th>
<td>CLAUDE ALBERVILLE FREI</td>
</tr><tr bgcolor="">
<th>eq_num</th>
<td>SN</td>
</tr><tr bgcolor="#E3E3F3">
<th>eq_compend</th>
<td>RUA</td>
</tr><tr bgcolor="">
<th>eq_codcep</th>
<td>05569000</td>
</tr><tr bgcolor="#E3E3F3">
<th>eq_fone1</th>
<td>1137825376</td>
</tr><tr bgcolor="">
<th>eq_fone2</th>
<td></td>
</tr><tr bgcolor="#E3E3F3">
<th>eq_email</th>
<td>E230ACAD@CPS.SP.GOV.BR</td>
</tr><tr bgcolor="">
<th>eq_cd_dirt</th>
<td>10312</td>
</tr><tr bgcolor="#E3E3F3">
<th>eq_diretor</th>
<td>CENTRO OESTE</td>
</tr><tr bgcolor="">
<th>eq_dre</th>
<td>BUTANTA</td>
</tr><tr bgcolor="#E3E3F3">
<th>eq_cd_zona</th>
<td></td>
</tr><tr bgcolor="">
<th>eq_zona</th>
<td></td>
</tr><tr bgcolor="#E3E3F3">
<th>eq_cd_mec</th>
<td>35438418</td>
</tr><tr bgcolor="">
<th>eq_esfera</th>
<td>ESTADUAL-OUT</td>
</tr><tr bgcolor="#E3E3F3">
<th>eq_cd_catg</th>
<td>1</td>
</tr><tr bgcolor="">
<th>eq_categor</th>
<td>ESCOLAS AUTONOMAS</td>
</tr><tr bgcolor="#E3E3F3">
<th>eq_eol</th>
<td>35438418</td>
</tr><tr bgcolor="">
<th>eq_horario</th>
<td></td>
</tr></table></center>]]></description>
			<styleUrl>#m_ylw-pushpin</styleUrl>
			<ExtendedData>
				<SchemaData schemaUrl="#kml_schema_ft_LL_WGS84_KMZ_TEMA_EDUCACAO_ENSINO_TECNICO_PUBLICO">
					<SimpleData name="eq_id">5413</SimpleData>
					<SimpleData name="eq_nome">UIRAPURU ESCOLA TECNICA ESTADUAL</SimpleData>
					<SimpleData name="eq_enderec">CLAUDE ALBERVILLE FREI SN</SimpleData>
					<SimpleData name="eq_bairro">JARDIM JOAO XXIII</SimpleData>
					<SimpleData name="eq_cep">05569000</SimpleData>
					<SimpleData name="eq_tipo">ETEC</SimpleData>
					<SimpleData name="eq_classe">ENSINO_TECNICO_PUBLICO</SimpleData>
					<SimpleData name="eq_telefon">1137825376 /</SimpleData>
					<SimpleData name="eq_setor">355030865000147</SimpleData>
					<SimpleData name="eq_areap">3550308005239</SimpleData>
					<SimpleData name="eq_cd_dist">65</SimpleData>
					<SimpleData name="eq_distr">RAPOSO TAVARES</SimpleData>
					<SimpleData name="eq_cd_subp">10</SimpleData>
					<SimpleData name="eq_subpref">BUTANTA</SimpleData>
					<SimpleData name="eq_regiao5">Oeste</SimpleData>
					<SimpleData name="eq_regiao8">Oeste</SimpleData>
					<SimpleData name="eq_ender">CLAUDE ALBERVILLE FREI</SimpleData>
					<SimpleData name="eq_num">SN</SimpleData>
					<SimpleData name="eq_compend">RUA</SimpleData>
					<SimpleData name="eq_codcep">05569000</SimpleData>
					<SimpleData name="eq_fone1">1137825376</SimpleData>
					<SimpleData name="eq_email">E230ACAD@CPS.SP.GOV.BR</SimpleData>
					<SimpleData name="eq_cd_dirt">10312</SimpleData>
					<SimpleData name="eq_diretor">CENTRO OESTE</SimpleData>
					<SimpleData name="eq_dre">BUTANTA</SimpleData>
					<SimpleData name="eq_cd_mec">35438418</SimpleData>
					<SimpleData name="eq_esfera">ESTADUAL-OUT</SimpleData>
					<SimpleData name="eq_cd_catg">1</SimpleData>
					<SimpleData name="eq_categor">ESCOLAS AUTONOMAS</SimpleData>
					<SimpleData name="eq_eol">35438418</SimpleData>
				</SchemaData>
			</ExtendedData>
			<Point>
				<coordinates>-46.7903939299477,-23.5979361831323,0</coordinates>
			</Point>
		</Placemark>
		<Placemark id="kml_30">
			<name>kml_30</name>
			<snippet></snippet>
			<description><![CDATA[<center><table><tr><th colspan='2' align='center'><em>Attributes</em></th></tr><tr bgcolor="#E3E3F3">
<th>eq_id</th>
<td>5414</td>
</tr><tr bgcolor="">
<th>eq_nome</th>
<td>JARDIM ANGELA ESCOLA TECNICA ESTADUAL</td>
</tr><tr bgcolor="#E3E3F3">
<th>eq_enderec</th>
<td>ESTRADA DA BARONESA 1695</td>
</tr><tr bgcolor="">
<th>eq_bairro</th>
<td>PARQUE BOLOGNE</td>
</tr><tr bgcolor="#E3E3F3">
<th>eq_cep</th>
<td>04941000</td>
</tr><tr bgcolor="">
<th>eq_tipo</th>
<td>ETEC</td>
</tr><tr bgcolor="#E3E3F3">
<th>eq_classe</th>
<td>ENSINO_TECNICO_PUBLICO</td>
</tr><tr bgcolor="">
<th>eq_telefon</th>
<td>1158330943 / </td>
</tr><tr bgcolor="#E3E3F3">
<th>eq_setor</th>
<td>355030843000053</td>
</tr><tr bgcolor="">
<th>eq_areap</th>
<td>3550308005291</td>
</tr><tr bgcolor="#E3E3F3">
<th>eq_cd_dist</th>
<td>43</td>
</tr><tr bgcolor="">
<th>eq_distr</th>
<td>JARDIM ANGELA</td>
</tr><tr bgcolor="#E3E3F3">
<th>eq_cd_subp</th>
<td>18</td>
</tr><tr bgcolor="">
<th>eq_subpref</th>
<td>M'BOI MIRIM</td>
</tr><tr bgcolor="#E3E3F3">
<th>eq_regiao5</th>
<td>Sul</td>
</tr><tr bgcolor="">
<th>eq_regiao8</th>
<td>Sul 2</td>
</tr><tr bgcolor="#E3E3F3">
<th>eq_ender</th>
<td>ESTRADA DA BARONESA</td>
</tr><tr bgcolor="">
<th>eq_num</th>
<td>1695</td>
</tr><tr bgcolor="#E3E3F3">
<th>eq_compend</th>
<td></td>
</tr><tr bgcolor="">
<th>eq_codcep</th>
<td>04941000</td>
</tr><tr bgcolor="#E3E3F3">
<th>eq_fone1</th>
<td>1158330943</td>
</tr><tr bgcolor="">
<th>eq_fone2</th>
<td></td>
</tr><tr bgcolor="#E3E3F3">
<th>eq_email</th>
<td>E221ACAD@CPS.SP.GOV.BR</td>
</tr><tr bgcolor="">
<th>eq_cd_dirt</th>
<td>10314</td>
</tr><tr bgcolor="#E3E3F3">
<th>eq_diretor</th>
<td>SUL 2</td>
</tr><tr bgcolor="">
<th>eq_dre</th>
<td>CAMPO LIMPO</td>
</tr><tr bgcolor="#E3E3F3">
<th>eq_cd_zona</th>
<td></td>
</tr><tr bgcolor="">
<th>eq_zona</th>
<td></td>
</tr><tr bgcolor="#E3E3F3">
<th>eq_cd_mec</th>
<td>35438424</td>
</tr><tr bgcolor="">
<th>eq_esfera</th>
<td>ESTADUAL-OUT</td>
</tr><tr bgcolor="#E3E3F3">
<th>eq_cd_catg</th>
<td>1</td>
</tr><tr bgcolor="">
<th>eq_categor</th>
<td>ESCOLAS AUTONOMAS</td>
</tr><tr bgcolor="#E3E3F3">
<th>eq_eol</th>
<td>35438424</td>
</tr><tr bgcolor="">
<th>eq_horario</th>
<td></td>
</tr></table></center>]]></description>
			<styleUrl>#m_ylw-pushpin</styleUrl>
			<ExtendedData>
				<SchemaData schemaUrl="#kml_schema_ft_LL_WGS84_KMZ_TEMA_EDUCACAO_ENSINO_TECNICO_PUBLICO">
					<SimpleData name="eq_id">5414</SimpleData>
					<SimpleData name="eq_nome">JARDIM ANGELA ESCOLA TECNICA ESTADUAL</SimpleData>
					<SimpleData name="eq_enderec">ESTRADA DA BARONESA 1695</SimpleData>
					<SimpleData name="eq_bairro">PARQUE BOLOGNE</SimpleData>
					<SimpleData name="eq_cep">04941000</SimpleData>
					<SimpleData name="eq_tipo">ETEC</SimpleData>
					<SimpleData name="eq_classe">ENSINO_TECNICO_PUBLICO</SimpleData>
					<SimpleData name="eq_telefon">1158330943 /</SimpleData>
					<SimpleData name="eq_setor">355030843000053</SimpleData>
					<SimpleData name="eq_areap">3550308005291</SimpleData>
					<SimpleData name="eq_cd_dist">43</SimpleData>
					<SimpleData name="eq_distr">JARDIM ANGELA</SimpleData>
					<SimpleData name="eq_cd_subp">18</SimpleData>
					<SimpleData name="eq_subpref">M&apos;BOI MIRIM</SimpleData>
					<SimpleData name="eq_regiao5">Sul</SimpleData>
					<SimpleData name="eq_regiao8">Sul 2</SimpleData>
					<SimpleData name="eq_ender">ESTRADA DA BARONESA</SimpleData>
					<SimpleData name="eq_num">1695</SimpleData>
					<SimpleData name="eq_codcep">04941000</SimpleData>
					<SimpleData name="eq_fone1">1158330943</SimpleData>
					<SimpleData name="eq_email">E221ACAD@CPS.SP.GOV.BR</SimpleData>
					<SimpleData name="eq_cd_dirt">10314</SimpleData>
					<SimpleData name="eq_diretor">SUL 2</SimpleData>
					<SimpleData name="eq_dre">CAMPO LIMPO</SimpleData>
					<SimpleData name="eq_cd_mec">35438424</SimpleData>
					<SimpleData name="eq_esfera">ESTADUAL-OUT</SimpleData>
					<SimpleData name="eq_cd_catg">1</SimpleData>
					<SimpleData name="eq_categor">ESCOLAS AUTONOMAS</SimpleData>
					<SimpleData name="eq_eol">35438424</SimpleData>
				</SchemaData>
			</ExtendedData>
			<Point>
				<coordinates>-46.7668320411612,-23.6981466731845,0</coordinates>
			</Point>
		</Placemark>
		<Placemark id="kml_31">
			<name>kml_31</name>
			<snippet></snippet>
			<description><![CDATA[<center><table><tr><th colspan='2' align='center'><em>Attributes</em></th></tr><tr bgcolor="#E3E3F3">
<th>eq_id</th>
<td>5416</td>
</tr><tr bgcolor="">
<th>eq_nome</th>
<td>JARAGUA ESCOLA TECNICA ESTADUAL</td>
</tr><tr bgcolor="#E3E3F3">
<th>eq_enderec</th>
<td>JAIRO DE ALMEIDA MACHADO 401</td>
</tr><tr bgcolor="">
<th>eq_bairro</th>
<td>JARAGUA</td>
</tr><tr bgcolor="#E3E3F3">
<th>eq_cep</th>
<td>02998000</td>
</tr><tr bgcolor="">
<th>eq_tipo</th>
<td>ETEC</td>
</tr><tr bgcolor="#E3E3F3">
<th>eq_classe</th>
<td>ENSINO_TECNICO_PUBLICO</td>
</tr><tr bgcolor="">
<th>eq_telefon</th>
<td>1139417242 / </td>
</tr><tr bgcolor="#E3E3F3">
<th>eq_setor</th>
<td>355030842000060</td>
</tr><tr bgcolor="">
<th>eq_areap</th>
<td>3550308005187</td>
</tr><tr bgcolor="#E3E3F3">
<th>eq_cd_dist</th>
<td>42</td>
</tr><tr bgcolor="">
<th>eq_distr</th>
<td>JARAGUA</td>
</tr><tr bgcolor="#E3E3F3">
<th>eq_cd_subp</th>
<td>2</td>
</tr><tr bgcolor="">
<th>eq_subpref</th>
<td>PIRITUBA-JARAGUA</td>
</tr><tr bgcolor="#E3E3F3">
<th>eq_regiao5</th>
<td>Norte</td>
</tr><tr bgcolor="">
<th>eq_regiao8</th>
<td>Norte 2</td>
</tr><tr bgcolor="#E3E3F3">
<th>eq_ender</th>
<td>JAIRO DE ALMEIDA MACHADO</td>
</tr><tr bgcolor="">
<th>eq_num</th>
<td>401</td>
</tr><tr bgcolor="#E3E3F3">
<th>eq_compend</th>
<td>RUA</td>
</tr><tr bgcolor="">
<th>eq_codcep</th>
<td>02998000</td>
</tr><tr bgcolor="#E3E3F3">
<th>eq_fone1</th>
<td>1139417242</td>
</tr><tr bgcolor="">
<th>eq_fone2</th>
<td></td>
</tr><tr bgcolor="#E3E3F3">
<th>eq_email</th>
<td>E228ACAD@CPS.SP.GOV.BR</td>
</tr><tr bgcolor="">
<th>eq_cd_dirt</th>
<td>10101</td>
</tr><tr bgcolor="#E3E3F3">
<th>eq_diretor</th>
<td>NORTE 1</td>
</tr><tr bgcolor="">
<th>eq_dre</th>
<td>PIRITUBA</td>
</tr><tr bgcolor="#E3E3F3">
<th>eq_cd_zona</th>
<td></td>
</tr><tr bgcolor="">
<th>eq_zona</th>
<td></td>
</tr><tr bgcolor="#E3E3F3">
<th>eq_cd_mec</th>
<td>35438480</td>
</tr><tr bgcolor="">
<th>eq_esfera</th>
<td>ESTADUAL-OUT</td>
</tr><tr bgcolor="#E3E3F3">
<th>eq_cd_catg</th>
<td>1</td>
</tr><tr bgcolor="">
<th>eq_categor</th>
<td>ESCOLAS AUTONOMAS</td>
</tr><tr bgcolor="#E3E3F3">
<th>eq_eol</th>
<td>35438480</td>
</tr><tr bgcolor="">
<th>eq_horario</th>
<td></td>
</tr></table></center>]]></description>
			<styleUrl>#m_ylw-pushpin</styleUrl>
			<ExtendedData>
				<SchemaData schemaUrl="#kml_schema_ft_LL_WGS84_KMZ_TEMA_EDUCACAO_ENSINO_TECNICO_PUBLICO">
					<SimpleData name="eq_id">5416</SimpleData>
					<SimpleData name="eq_nome">JARAGUA ESCOLA TECNICA ESTADUAL</SimpleData>
					<SimpleData name="eq_enderec">JAIRO DE ALMEIDA MACHADO 401</SimpleData>
					<SimpleData name="eq_bairro">JARAGUA</SimpleData>
					<SimpleData name="eq_cep">02998000</SimpleData>
					<SimpleData name="eq_tipo">ETEC</SimpleData>
					<SimpleData name="eq_classe">ENSINO_TECNICO_PUBLICO</SimpleData>
					<SimpleData name="eq_telefon">1139417242 /</SimpleData>
					<SimpleData name="eq_setor">355030842000060</SimpleData>
					<SimpleData name="eq_areap">3550308005187</SimpleData>
					<SimpleData name="eq_cd_dist">42</SimpleData>
					<SimpleData name="eq_distr">JARAGUA</SimpleData>
					<SimpleData name="eq_cd_subp">2</SimpleData>
					<SimpleData name="eq_subpref">PIRITUBA-JARAGUA</SimpleData>
					<SimpleData name="eq_regiao5">Norte</SimpleData>
					<SimpleData name="eq_regiao8">Norte 2</SimpleData>
					<SimpleData name="eq_ender">JAIRO DE ALMEIDA MACHADO</SimpleData>
					<SimpleData name="eq_num">401</SimpleData>
					<SimpleData name="eq_compend">RUA</SimpleData>
					<SimpleData name="eq_codcep">02998000</SimpleData>
					<SimpleData name="eq_fone1">1139417242</SimpleData>
					<SimpleData name="eq_email">E228ACAD@CPS.SP.GOV.BR</SimpleData>
					<SimpleData name="eq_cd_dirt">10101</SimpleData>
					<SimpleData name="eq_diretor">NORTE 1</SimpleData>
					<SimpleData name="eq_dre">PIRITUBA</SimpleData>
					<SimpleData name="eq_cd_mec">35438480</SimpleData>
					<SimpleData name="eq_esfera">ESTADUAL-OUT</SimpleData>
					<SimpleData name="eq_cd_catg">1</SimpleData>
					<SimpleData name="eq_categor">ESCOLAS AUTONOMAS</SimpleData>
					<SimpleData name="eq_eol">35438480</SimpleData>
				</SchemaData>
			</ExtendedData>
			<Point>
				<coordinates>-46.7254798281885,-23.4428076770979,0</coordinates>
			</Point>
		</Placemark>
		<Placemark id="kml_32">
			<name>kml_32</name>
			<snippet></snippet>
			<description><![CDATA[<center><table><tr><th colspan='2' align='center'><em>Attributes</em></th></tr><tr bgcolor="#E3E3F3">
<th>eq_id</th>
<td>5423</td>
</tr><tr bgcolor="">
<th>eq_nome</th>
<td>RAPOSO TAVARES ETEC</td>
</tr><tr bgcolor="#E3E3F3">
<th>eq_enderec</th>
<td>CACHOEIRA PORAQUE 326</td>
</tr><tr bgcolor="">
<th>eq_bairro</th>
<td>CONJUNTO PROMORAR RAPOSO TAVARES</td>
</tr><tr bgcolor="#E3E3F3">
<th>eq_cep</th>
<td>05574000</td>
</tr><tr bgcolor="">
<th>eq_tipo</th>
<td>ETEC</td>
</tr><tr bgcolor="#E3E3F3">
<th>eq_classe</th>
<td>ENSINO_TECNICO_PUBLICO</td>
</tr><tr bgcolor="">
<th>eq_telefon</th>
<td>1137825529 / 1137825782</td>
</tr><tr bgcolor="#E3E3F3">
<th>eq_setor</th>
<td>355030865000072</td>
</tr><tr bgcolor="">
<th>eq_areap</th>
<td>3550308005240</td>
</tr><tr bgcolor="#E3E3F3">
<th>eq_cd_dist</th>
<td>65</td>
</tr><tr bgcolor="">
<th>eq_distr</th>
<td>RAPOSO TAVARES</td>
</tr><tr bgcolor="#E3E3F3">
<th>eq_cd_subp</th>
<td>10</td>
</tr><tr bgcolor="">
<th>eq_subpref</th>
<td>BUTANTA</td>
</tr><tr bgcolor="#E3E3F3">
<th>eq_regiao5</th>
<td>Oeste</td>
</tr><tr bgcolor="">
<th>eq_regiao8</th>
<td>Oeste</td>
</tr><tr bgcolor="#E3E3F3">
<th>eq_ender</th>
<td>CACHOEIRA PORAQUE</td>
</tr><tr bgcolor="">
<th>eq_num</th>
<td>326</td>
</tr><tr bgcolor="#E3E3F3">
<th>eq_compend</th>
<td>RUA</td>
</tr><tr bgcolor="">
<th>eq_codcep</th>
<td>05574000</td>
</tr><tr bgcolor="#E3E3F3">
<th>eq_fone1</th>
<td>1137825529</td>
</tr><tr bgcolor="">
<th>eq_fone2</th>
<td>1137825782</td>
</tr><tr bgcolor="#E3E3F3">
<th>eq_email</th>
<td>E225DIR@CPS.SP.GOV.BR</td>
</tr><tr bgcolor="">
<th>eq_cd_dirt</th>
<td>10312</td>
</tr><tr bgcolor="#E3E3F3">
<th>eq_diretor</th>
<td>CENTRO OESTE</td>
</tr><tr bgcolor="">
<th>eq_dre</th>
<td>BUTANTA</td>
</tr><tr bgcolor="#E3E3F3">
<th>eq_cd_zona</th>
<td></td>
</tr><tr bgcolor="">
<th>eq_zona</th>
<td></td>
</tr><tr bgcolor="#E3E3F3">
<th>eq_cd_mec</th>
<td>35438820</td>
</tr><tr bgcolor="">
<th>eq_esfera</th>
<td>ESTADUAL-OUT</td>
</tr><tr bgcolor="#E3E3F3">
<th>eq_cd_catg</th>
<td>1</td>
</tr><tr bgcolor="">
<th>eq_categor</th>
<td>ESCOLAS AUTONOMAS</td>
</tr><tr bgcolor="#E3E3F3">
<th>eq_eol</th>
<td>35438820</td>
</tr><tr bgcolor="">
<th>eq_horario</th>
<td></td>
</tr></table></center>]]></description>
			<styleUrl>#m_ylw-pushpin</styleUrl>
			<ExtendedData>
				<SchemaData schemaUrl="#kml_schema_ft_LL_WGS84_KMZ_TEMA_EDUCACAO_ENSINO_TECNICO_PUBLICO">
					<SimpleData name="eq_id">5423</SimpleData>
					<SimpleData name="eq_nome">RAPOSO TAVARES ETEC</SimpleData>
					<SimpleData name="eq_enderec">CACHOEIRA PORAQUE 326</SimpleData>
					<SimpleData name="eq_bairro">CONJUNTO PROMORAR RAPOSO TAVARES</SimpleData>
					<SimpleData name="eq_cep">05574000</SimpleData>
					<SimpleData name="eq_tipo">ETEC</SimpleData>
					<SimpleData name="eq_classe">ENSINO_TECNICO_PUBLICO</SimpleData>
					<SimpleData name="eq_telefon">1137825529 / 1137825782</SimpleData>
					<SimpleData name="eq_setor">355030865000072</SimpleData>
					<SimpleData name="eq_areap">3550308005240</SimpleData>
					<SimpleData name="eq_cd_dist">65</SimpleData>
					<SimpleData name="eq_distr">RAPOSO TAVARES</SimpleData>
					<SimpleData name="eq_cd_subp">10</SimpleData>
					<SimpleData name="eq_subpref">BUTANTA</SimpleData>
					<SimpleData name="eq_regiao5">Oeste</SimpleData>
					<SimpleData name="eq_regiao8">Oeste</SimpleData>
					<SimpleData name="eq_ender">CACHOEIRA PORAQUE</SimpleData>
					<SimpleData name="eq_num">326</SimpleData>
					<SimpleData name="eq_compend">RUA</SimpleData>
					<SimpleData name="eq_codcep">05574000</SimpleData>
					<SimpleData name="eq_fone1">1137825529</SimpleData>
					<SimpleData name="eq_fone2">1137825782</SimpleData>
					<SimpleData name="eq_email">E225DIR@CPS.SP.GOV.BR</SimpleData>
					<SimpleData name="eq_cd_dirt">10312</SimpleData>
					<SimpleData name="eq_diretor">CENTRO OESTE</SimpleData>
					<SimpleData name="eq_dre">BUTANTA</SimpleData>
					<SimpleData name="eq_cd_mec">35438820</SimpleData>
					<SimpleData name="eq_esfera">ESTADUAL-OUT</SimpleData>
					<SimpleData name="eq_cd_catg">1</SimpleData>
					<SimpleData name="eq_categor">ESCOLAS AUTONOMAS</SimpleData>
					<SimpleData name="eq_eol">35438820</SimpleData>
				</SchemaData>
			</ExtendedData>
			<Point>
				<coordinates>-46.7954248935689,-23.5890721127003,0</coordinates>
			</Point>
		</Placemark>
		<Placemark id="kml_33">
			<name>kml_33</name>
			<snippet></snippet>
			<description><![CDATA[<center><table><tr><th colspan='2' align='center'><em>Attributes</em></th></tr><tr bgcolor="#E3E3F3">
<th>eq_id</th>
<td>5424</td>
</tr><tr bgcolor="">
<th>eq_nome</th>
<td>PAULISTANO ETEC</td>
</tr><tr bgcolor="#E3E3F3">
<th>eq_enderec</th>
<td>ELISIO TEIXEIRA LEITE 3611</td>
</tr><tr bgcolor="">
<th>eq_bairro</th>
<td>SITIO MORRO GRANDE</td>
</tr><tr bgcolor="#E3E3F3">
<th>eq_cep</th>
<td>02810000</td>
</tr><tr bgcolor="">
<th>eq_tipo</th>
<td>ETEC</td>
</tr><tr bgcolor="#E3E3F3">
<th>eq_classe</th>
<td>ENSINO_TECNICO_PUBLICO</td>
</tr><tr bgcolor="">
<th>eq_telefon</th>
<td>1139791061 / 1139791120</td>
</tr><tr bgcolor="#E3E3F3">
<th>eq_setor</th>
<td>355030829000231</td>
</tr><tr bgcolor="">
<th>eq_areap</th>
<td>3550308005119</td>
</tr><tr bgcolor="#E3E3F3">
<th>eq_cd_dist</th>
<td>29</td>
</tr><tr bgcolor="">
<th>eq_distr</th>
<td>FREGUESIA DO O</td>
</tr><tr bgcolor="#E3E3F3">
<th>eq_cd_subp</th>
<td>3</td>
</tr><tr bgcolor="">
<th>eq_subpref</th>
<td>FREGUESIA-BRASILANDIA</td>
</tr><tr bgcolor="#E3E3F3">
<th>eq_regiao5</th>
<td>Norte</td>
</tr><tr bgcolor="">
<th>eq_regiao8</th>
<td>Norte 2</td>
</tr><tr bgcolor="#E3E3F3">
<th>eq_ender</th>
<td>ELISIO TEIXEIRA LEITE</td>
</tr><tr bgcolor="">
<th>eq_num</th>
<td>3611</td>
</tr><tr bgcolor="#E3E3F3">
<th>eq_compend</th>
<td>AVENIDA</td>
</tr><tr bgcolor="">
<th>eq_codcep</th>
<td>02810000</td>
</tr><tr bgcolor="#E3E3F3">
<th>eq_fone1</th>
<td>1139791061</td>
</tr><tr bgcolor="">
<th>eq_fone2</th>
<td>1139791120</td>
</tr><tr bgcolor="#E3E3F3">
<th>eq_email</th>
<td>E229ADM@CPS.SP.GOV.BR</td>
</tr><tr bgcolor="">
<th>eq_cd_dirt</th>
<td>10101</td>
</tr><tr bgcolor="#E3E3F3">
<th>eq_diretor</th>
<td>NORTE 1</td>
</tr><tr bgcolor="">
<th>eq_dre</th>
<td>FREGUESIA/BRASILANDIA</td>
</tr><tr bgcolor="#E3E3F3">
<th>eq_cd_zona</th>
<td></td>
</tr><tr bgcolor="">
<th>eq_zona</th>
<td></td>
</tr><tr bgcolor="#E3E3F3">
<th>eq_cd_mec</th>
<td>35439083</td>
</tr><tr bgcolor="">
<th>eq_esfera</th>
<td>ESTADUAL-OUT</td>
</tr><tr bgcolor="#E3E3F3">
<th>eq_cd_catg</th>
<td>1</td>
</tr><tr bgcolor="">
<th>eq_categor</th>
<td>ESCOLAS AUTONOMAS</td>
</tr><tr bgcolor="#E3E3F3">
<th>eq_eol</th>
<td>35439083</td>
</tr><tr bgcolor="">
<th>eq_horario</th>
<td></td>
</tr></table></center>]]></description>
			<styleUrl>#m_ylw-pushpin</styleUrl>
			<ExtendedData>
				<SchemaData schemaUrl="#kml_schema_ft_LL_WGS84_KMZ_TEMA_EDUCACAO_ENSINO_TECNICO_PUBLICO">
					<SimpleData name="eq_id">5424</SimpleData>
					<SimpleData name="eq_nome">PAULISTANO ETEC</SimpleData>
					<SimpleData name="eq_enderec">ELISIO TEIXEIRA LEITE 3611</SimpleData>
					<SimpleData name="eq_bairro">SITIO MORRO GRANDE</SimpleData>
					<SimpleData name="eq_cep">02810000</SimpleData>
					<SimpleData name="eq_tipo">ETEC</SimpleData>
					<SimpleData name="eq_classe">ENSINO_TECNICO_PUBLICO</SimpleData>
					<SimpleData name="eq_telefon">1139791061 / 1139791120</SimpleData>
					<SimpleData name="eq_setor">355030829000231</SimpleData>
					<SimpleData name="eq_areap">3550308005119</SimpleData>
					<SimpleData name="eq_cd_dist">29</SimpleData>
					<SimpleData name="eq_distr">FREGUESIA DO O</SimpleData>
					<SimpleData name="eq_cd_subp">3</SimpleData>
					<SimpleData name="eq_subpref">FREGUESIA-BRASILANDIA</SimpleData>
					<SimpleData name="eq_regiao5">Norte</SimpleData>
					<SimpleData name="eq_regiao8">Norte 2</SimpleData>
					<SimpleData name="eq_ender">ELISIO TEIXEIRA LEITE</SimpleData>
					<SimpleData name="eq_num">3611</SimpleData>
					<SimpleData name="eq_compend">AVENIDA</SimpleData>
					<SimpleData name="eq_codcep">02810000</SimpleData>
					<SimpleData name="eq_fone1">1139791061</SimpleData>
					<SimpleData name="eq_fone2">1139791120</SimpleData>
					<SimpleData name="eq_email">E229ADM@CPS.SP.GOV.BR</SimpleData>
					<SimpleData name="eq_cd_dirt">10101</SimpleData>
					<SimpleData name="eq_diretor">NORTE 1</SimpleData>
					<SimpleData name="eq_dre">FREGUESIA/BRASILANDIA</SimpleData>
					<SimpleData name="eq_cd_mec">35439083</SimpleData>
					<SimpleData name="eq_esfera">ESTADUAL-OUT</SimpleData>
					<SimpleData name="eq_cd_catg">1</SimpleData>
					<SimpleData name="eq_categor">ESCOLAS AUTONOMAS</SimpleData>
					<SimpleData name="eq_eol">35439083</SimpleData>
				</SchemaData>
			</ExtendedData>
			<Point>
				<coordinates>-46.7132928373355,-23.4633668033999,0</coordinates>
			</Point>
		</Placemark>
		<Placemark id="kml_34">
			<name>kml_34</name>
			<snippet></snippet>
			<description><![CDATA[<center><table><tr><th colspan='2' align='center'><em>Attributes</em></th></tr><tr bgcolor="#E3E3F3">
<th>eq_id</th>
<td>5427</td>
</tr><tr bgcolor="">
<th>eq_nome</th>
<td>CEPAM ETEC</td>
</tr><tr bgcolor="#E3E3F3">
<th>eq_enderec</th>
<td>LINEU PRESTES PROFESSOR 913</td>
</tr><tr bgcolor="">
<th>eq_bairro</th>
<td>BUTANTA</td>
</tr><tr bgcolor="#E3E3F3">
<th>eq_cep</th>
<td>05508000</td>
</tr><tr bgcolor="">
<th>eq_tipo</th>
<td>ETEC</td>
</tr><tr bgcolor="#E3E3F3">
<th>eq_classe</th>
<td>ENSINO_TECNICO_PUBLICO</td>
</tr><tr bgcolor="">
<th>eq_telefon</th>
<td>1132247541 / 1132247548</td>
</tr><tr bgcolor="#E3E3F3">
<th>eq_setor</th>
<td>355030812000038</td>
</tr><tr bgcolor="">
<th>eq_areap</th>
<td>3550308005105</td>
</tr><tr bgcolor="#E3E3F3">
<th>eq_cd_dist</th>
<td>12</td>
</tr><tr bgcolor="">
<th>eq_distr</th>
<td>BUTANTA</td>
</tr><tr bgcolor="#E3E3F3">
<th>eq_cd_subp</th>
<td>10</td>
</tr><tr bgcolor="">
<th>eq_subpref</th>
<td>BUTANTA</td>
</tr><tr bgcolor="#E3E3F3">
<th>eq_regiao5</th>
<td>Oeste</td>
</tr><tr bgcolor="">
<th>eq_regiao8</th>
<td>Oeste</td>
</tr><tr bgcolor="#E3E3F3">
<th>eq_ender</th>
<td>LINEU PRESTES PROFESSOR</td>
</tr><tr bgcolor="">
<th>eq_num</th>
<td>913</td>
</tr><tr bgcolor="#E3E3F3">
<th>eq_compend</th>
<td>AVENIDA</td>
</tr><tr bgcolor="">
<th>eq_codcep</th>
<td>05508000</td>
</tr><tr bgcolor="#E3E3F3">
<th>eq_fone1</th>
<td>1132247541</td>
</tr><tr bgcolor="">
<th>eq_fone2</th>
<td>1132247548</td>
</tr><tr bgcolor="#E3E3F3">
<th>eq_email</th>
<td></td>
</tr><tr bgcolor="">
<th>eq_cd_dirt</th>
<td>10312</td>
</tr><tr bgcolor="#E3E3F3">
<th>eq_diretor</th>
<td>CENTRO OESTE</td>
</tr><tr bgcolor="">
<th>eq_dre</th>
<td>BUTANTA</td>
</tr><tr bgcolor="#E3E3F3">
<th>eq_cd_zona</th>
<td></td>
</tr><tr bgcolor="">
<th>eq_zona</th>
<td></td>
</tr><tr bgcolor="#E3E3F3">
<th>eq_cd_mec</th>
<td>35439186</td>
</tr><tr bgcolor="">
<th>eq_esfera</th>
<td>ESTADUAL-OUT</td>
</tr><tr bgcolor="#E3E3F3">
<th>eq_cd_catg</th>
<td>1</td>
</tr><tr bgcolor="">
<th>eq_categor</th>
<td>ESCOLAS AUTONOMAS</td>
</tr><tr bgcolor="#E3E3F3">
<th>eq_eol</th>
<td>35439186</td>
</tr><tr bgcolor="">
<th>eq_horario</th>
<td></td>
</tr></table></center>]]></description>
			<styleUrl>#m_ylw-pushpin</styleUrl>
			<ExtendedData>
				<SchemaData schemaUrl="#kml_schema_ft_LL_WGS84_KMZ_TEMA_EDUCACAO_ENSINO_TECNICO_PUBLICO">
					<SimpleData name="eq_id">5427</SimpleData>
					<SimpleData name="eq_nome">CEPAM ETEC</SimpleData>
					<SimpleData name="eq_enderec">LINEU PRESTES PROFESSOR 913</SimpleData>
					<SimpleData name="eq_bairro">BUTANTA</SimpleData>
					<SimpleData name="eq_cep">05508000</SimpleData>
					<SimpleData name="eq_tipo">ETEC</SimpleData>
					<SimpleData name="eq_classe">ENSINO_TECNICO_PUBLICO</SimpleData>
					<SimpleData name="eq_telefon">1132247541 / 1132247548</SimpleData>
					<SimpleData name="eq_setor">355030812000038</SimpleData>
					<SimpleData name="eq_areap">3550308005105</SimpleData>
					<SimpleData name="eq_cd_dist">12</SimpleData>
					<SimpleData name="eq_distr">BUTANTA</SimpleData>
					<SimpleData name="eq_cd_subp">10</SimpleData>
					<SimpleData name="eq_subpref">BUTANTA</SimpleData>
					<SimpleData name="eq_regiao5">Oeste</SimpleData>
					<SimpleData name="eq_regiao8">Oeste</SimpleData>
					<SimpleData name="eq_ender">LINEU PRESTES PROFESSOR</SimpleData>
					<SimpleData name="eq_num">913</SimpleData>
					<SimpleData name="eq_compend">AVENIDA</SimpleData>
					<SimpleData name="eq_codcep">05508000</SimpleData>
					<SimpleData name="eq_fone1">1132247541</SimpleData>
					<SimpleData name="eq_fone2">1132247548</SimpleData>
					<SimpleData name="eq_cd_dirt">10312</SimpleData>
					<SimpleData name="eq_diretor">CENTRO OESTE</SimpleData>
					<SimpleData name="eq_dre">BUTANTA</SimpleData>
					<SimpleData name="eq_cd_mec">35439186</SimpleData>
					<SimpleData name="eq_esfera">ESTADUAL-OUT</SimpleData>
					<SimpleData name="eq_cd_catg">1</SimpleData>
					<SimpleData name="eq_categor">ESCOLAS AUTONOMAS</SimpleData>
					<SimpleData name="eq_eol">35439186</SimpleData>
				</SchemaData>
			</ExtendedData>
			<Point>
				<coordinates>-46.728418274046,-23.5680622396256,0</coordinates>
			</Point>
		</Placemark>
		<Placemark id="kml_35">
			<name>kml_35</name>
			<snippet></snippet>
			<description><![CDATA[<center><table><tr><th colspan='2' align='center'><em>Attributes</em></th></tr><tr bgcolor="#E3E3F3">
<th>eq_id</th>
<td>5428</td>
</tr><tr bgcolor="">
<th>eq_nome</th>
<td>PARQUE BELEM ETEC</td>
</tr><tr bgcolor="#E3E3F3">
<th>eq_enderec</th>
<td>ULISSES CRUZ 85</td>
</tr><tr bgcolor="">
<th>eq_bairro</th>
<td>TATUAPE</td>
</tr><tr bgcolor="#E3E3F3">
<th>eq_cep</th>
<td>03077000</td>
</tr><tr bgcolor="">
<th>eq_tipo</th>
<td>ETEC</td>
</tr><tr bgcolor="#E3E3F3">
<th>eq_classe</th>
<td>ENSINO_TECNICO_PUBLICO</td>
</tr><tr bgcolor="">
<th>eq_telefon</th>
<td>1122919293 / 1122920742</td>
</tr><tr bgcolor="#E3E3F3">
<th>eq_setor</th>
<td>355030808000008</td>
</tr><tr bgcolor="">
<th>eq_areap</th>
<td>3550308005016</td>
</tr><tr bgcolor="#E3E3F3">
<th>eq_cd_dist</th>
<td>8</td>
</tr><tr bgcolor="">
<th>eq_distr</th>
<td>BELEM</td>
</tr><tr bgcolor="#E3E3F3">
<th>eq_cd_subp</th>
<td>25</td>
</tr><tr bgcolor="">
<th>eq_subpref</th>
<td>MOOCA</td>
</tr><tr bgcolor="#E3E3F3">
<th>eq_regiao5</th>
<td>Leste</td>
</tr><tr bgcolor="">
<th>eq_regiao8</th>
<td>Leste 1</td>
</tr><tr bgcolor="#E3E3F3">
<th>eq_ender</th>
<td>ULISSES CRUZ</td>
</tr><tr bgcolor="">
<th>eq_num</th>
<td>85</td>
</tr><tr bgcolor="#E3E3F3">
<th>eq_compend</th>
<td>RUA</td>
</tr><tr bgcolor="">
<th>eq_codcep</th>
<td>03077000</td>
</tr><tr bgcolor="#E3E3F3">
<th>eq_fone1</th>
<td>1122919293</td>
</tr><tr bgcolor="">
<th>eq_fone2</th>
<td>1122920742</td>
</tr><tr bgcolor="#E3E3F3">
<th>eq_email</th>
<td>E220ACAD@CPS.SP.GOV.BR</td>
</tr><tr bgcolor="">
<th>eq_cd_dirt</th>
<td>10205</td>
</tr><tr bgcolor="#E3E3F3">
<th>eq_diretor</th>
<td>LESTE 5</td>
</tr><tr bgcolor="">
<th>eq_dre</th>
<td>PENHA</td>
</tr><tr bgcolor="#E3E3F3">
<th>eq_cd_zona</th>
<td></td>
</tr><tr bgcolor="">
<th>eq_zona</th>
<td></td>
</tr><tr bgcolor="#E3E3F3">
<th>eq_cd_mec</th>
<td>35439216</td>
</tr><tr bgcolor="">
<th>eq_esfera</th>
<td>ESTADUAL-OUT</td>
</tr><tr bgcolor="#E3E3F3">
<th>eq_cd_catg</th>
<td>1</td>
</tr><tr bgcolor="">
<th>eq_categor</th>
<td>ESCOLAS AUTONOMAS</td>
</tr><tr bgcolor="#E3E3F3">
<th>eq_eol</th>
<td>35439216</td>
</tr><tr bgcolor="">
<th>eq_horario</th>
<td></td>
</tr></table></center>]]></description>
			<styleUrl>#m_ylw-pushpin</styleUrl>
			<ExtendedData>
				<SchemaData schemaUrl="#kml_schema_ft_LL_WGS84_KMZ_TEMA_EDUCACAO_ENSINO_TECNICO_PUBLICO">
					<SimpleData name="eq_id">5428</SimpleData>
					<SimpleData name="eq_nome">PARQUE BELEM ETEC</SimpleData>
					<SimpleData name="eq_enderec">ULISSES CRUZ 85</SimpleData>
					<SimpleData name="eq_bairro">TATUAPE</SimpleData>
					<SimpleData name="eq_cep">03077000</SimpleData>
					<SimpleData name="eq_tipo">ETEC</SimpleData>
					<SimpleData name="eq_classe">ENSINO_TECNICO_PUBLICO</SimpleData>
					<SimpleData name="eq_telefon">1122919293 / 1122920742</SimpleData>
					<SimpleData name="eq_setor">355030808000008</SimpleData>
					<SimpleData name="eq_areap">3550308005016</SimpleData>
					<SimpleData name="eq_cd_dist">8</SimpleData>
					<SimpleData name="eq_distr">BELEM</SimpleData>
					<SimpleData name="eq_cd_subp">25</SimpleData>
					<SimpleData name="eq_subpref">MOOCA</SimpleData>
					<SimpleData name="eq_regiao5">Leste</SimpleData>
					<SimpleData name="eq_regiao8">Leste 1</SimpleData>
					<SimpleData name="eq_ender">ULISSES CRUZ</SimpleData>
					<SimpleData name="eq_num">85</SimpleData>
					<SimpleData name="eq_compend">RUA</SimpleData>
					<SimpleData name="eq_codcep">03077000</SimpleData>
					<SimpleData name="eq_fone1">1122919293</SimpleData>
					<SimpleData name="eq_fone2">1122920742</SimpleData>
					<SimpleData name="eq_email">E220ACAD@CPS.SP.GOV.BR</SimpleData>
					<SimpleData name="eq_cd_dirt">10205</SimpleData>
					<SimpleData name="eq_diretor">LESTE 5</SimpleData>
					<SimpleData name="eq_dre">PENHA</SimpleData>
					<SimpleData name="eq_cd_mec">35439216</SimpleData>
					<SimpleData name="eq_esfera">ESTADUAL-OUT</SimpleData>
					<SimpleData name="eq_cd_catg">1</SimpleData>
					<SimpleData name="eq_categor">ESCOLAS AUTONOMAS</SimpleData>
					<SimpleData name="eq_eol">35439216</SimpleData>
				</SchemaData>
			</ExtendedData>
			<Point>
				<coordinates>-46.5845420259536,-23.5349805532954,0</coordinates>
			</Point>
		</Placemark>
		<Placemark id="kml_36">
			<name>kml_36</name>
			<snippet></snippet>
			<description><![CDATA[<center><table><tr><th colspan='2' align='center'><em>Attributes</em></th></tr><tr bgcolor="#E3E3F3">
<th>eq_id</th>
<td>5433</td>
</tr><tr bgcolor="">
<th>eq_nome</th>
<td>GILDO MARCAL BEZERRA BRANDAO ETEC</td>
</tr><tr bgcolor="#E3E3F3">
<th>eq_enderec</th>
<td>VARGAS PRESIDENTE SN</td>
</tr><tr bgcolor="">
<th>eq_bairro</th>
<td>VILA CAIUBA</td>
</tr><tr bgcolor="#E3E3F3">
<th>eq_cep</th>
<td>05207000</td>
</tr><tr bgcolor="">
<th>eq_tipo</th>
<td>ETEC</td>
</tr><tr bgcolor="#E3E3F3">
<th>eq_classe</th>
<td>ENSINO_TECNICO_PUBLICO</td>
</tr><tr bgcolor="">
<th>eq_telefon</th>
<td>1139178263 / 1139178751</td>
</tr><tr bgcolor="#E3E3F3">
<th>eq_setor</th>
<td>355030861000012</td>
</tr><tr bgcolor="">
<th>eq_areap</th>
<td>3550308005242</td>
</tr><tr bgcolor="#E3E3F3">
<th>eq_cd_dist</th>
<td>61</td>
</tr><tr bgcolor="">
<th>eq_distr</th>
<td>PERUS</td>
</tr><tr bgcolor="#E3E3F3">
<th>eq_cd_subp</th>
<td>1</td>
</tr><tr bgcolor="">
<th>eq_subpref</th>
<td>PERUS</td>
</tr><tr bgcolor="#E3E3F3">
<th>eq_regiao5</th>
<td>Norte</td>
</tr><tr bgcolor="">
<th>eq_regiao8</th>
<td>Norte 2</td>
</tr><tr bgcolor="#E3E3F3">
<th>eq_ender</th>
<td>VARGAS PRESIDENTE</td>
</tr><tr bgcolor="">
<th>eq_num</th>
<td>SN</td>
</tr><tr bgcolor="#E3E3F3">
<th>eq_compend</th>
<td>RUA</td>
</tr><tr bgcolor="">
<th>eq_codcep</th>
<td>05207000</td>
</tr><tr bgcolor="#E3E3F3">
<th>eq_fone1</th>
<td>1139178263</td>
</tr><tr bgcolor="">
<th>eq_fone2</th>
<td>1139178751</td>
</tr><tr bgcolor="#E3E3F3">
<th>eq_email</th>
<td>E226DIR@CPS.SP.GOV.BR</td>
</tr><tr bgcolor="">
<th>eq_cd_dirt</th>
<td>10101</td>
</tr><tr bgcolor="#E3E3F3">
<th>eq_diretor</th>
<td>NORTE 1</td>
</tr><tr bgcolor="">
<th>eq_dre</th>
<td>PIRITUBA</td>
</tr><tr bgcolor="#E3E3F3">
<th>eq_cd_zona</th>
<td></td>
</tr><tr bgcolor="">
<th>eq_zona</th>
<td></td>
</tr><tr bgcolor="#E3E3F3">
<th>eq_cd_mec</th>
<td>35439447</td>
</tr><tr bgcolor="">
<th>eq_esfera</th>
<td>ESTADUAL-OUT</td>
</tr><tr bgcolor="#E3E3F3">
<th>eq_cd_catg</th>
<td>1</td>
</tr><tr bgcolor="">
<th>eq_categor</th>
<td>ESCOLAS AUTONOMAS</td>
</tr><tr bgcolor="#E3E3F3">
<th>eq_eol</th>
<td>35439447</td>
</tr><tr bgcolor="">
<th>eq_horario</th>
<td></td>
</tr></table></center>]]></description>
			<styleUrl>#m_ylw-pushpin</styleUrl>
			<ExtendedData>
				<SchemaData schemaUrl="#kml_schema_ft_LL_WGS84_KMZ_TEMA_EDUCACAO_ENSINO_TECNICO_PUBLICO">
					<SimpleData name="eq_id">5433</SimpleData>
					<SimpleData name="eq_nome">GILDO MARCAL BEZERRA BRANDAO ETEC</SimpleData>
					<SimpleData name="eq_enderec">VARGAS PRESIDENTE SN</SimpleData>
					<SimpleData name="eq_bairro">VILA CAIUBA</SimpleData>
					<SimpleData name="eq_cep">05207000</SimpleData>
					<SimpleData name="eq_tipo">ETEC</SimpleData>
					<SimpleData name="eq_classe">ENSINO_TECNICO_PUBLICO</SimpleData>
					<SimpleData name="eq_telefon">1139178263 / 1139178751</SimpleData>
					<SimpleData name="eq_setor">355030861000012</SimpleData>
					<SimpleData name="eq_areap">3550308005242</SimpleData>
					<SimpleData name="eq_cd_dist">61</SimpleData>
					<SimpleData name="eq_distr">PERUS</SimpleData>
					<SimpleData name="eq_cd_subp">1</SimpleData>
					<SimpleData name="eq_subpref">PERUS</SimpleData>
					<SimpleData name="eq_regiao5">Norte</SimpleData>
					<SimpleData name="eq_regiao8">Norte 2</SimpleData>
					<SimpleData name="eq_ender">VARGAS PRESIDENTE</SimpleData>
					<SimpleData name="eq_num">SN</SimpleData>
					<SimpleData name="eq_compend">RUA</SimpleData>
					<SimpleData name="eq_codcep">05207000</SimpleData>
					<SimpleData name="eq_fone1">1139178263</SimpleData>
					<SimpleData name="eq_fone2">1139178751</SimpleData>
					<SimpleData name="eq_email">E226DIR@CPS.SP.GOV.BR</SimpleData>
					<SimpleData name="eq_cd_dirt">10101</SimpleData>
					<SimpleData name="eq_diretor">NORTE 1</SimpleData>
					<SimpleData name="eq_dre">PIRITUBA</SimpleData>
					<SimpleData name="eq_cd_mec">35439447</SimpleData>
					<SimpleData name="eq_esfera">ESTADUAL-OUT</SimpleData>
					<SimpleData name="eq_cd_catg">1</SimpleData>
					<SimpleData name="eq_categor">ESCOLAS AUTONOMAS</SimpleData>
					<SimpleData name="eq_eol">35439447</SimpleData>
				</SchemaData>
			</ExtendedData>
			<Point>
				<coordinates>-46.7484828844948,-23.4011274553426,0</coordinates>
			</Point>
		</Placemark>
		<Placemark id="kml_37">
			<name>kml_37</name>
			<snippet></snippet>
			<description><![CDATA[<center><table><tr><th colspan='2' align='center'><em>Attributes</em></th></tr><tr bgcolor="#E3E3F3">
<th>eq_id</th>
<td>5437</td>
</tr><tr bgcolor="">
<th>eq_nome</th>
<td>ABDIAS DO NASCIMENTO ETEC</td>
</tr><tr bgcolor="#E3E3F3">
<th>eq_enderec</th>
<td>JOSE AUGUSTO DE SOUZA E SILVA DOUTOR SN</td>
</tr><tr bgcolor="">
<th>eq_bairro</th>
<td>JARDIM PARQUE MORUMBI</td>
</tr><tr bgcolor="#E3E3F3">
<th>eq_cep</th>
<td>05712000</td>
</tr><tr bgcolor="">
<th>eq_tipo</th>
<td>ETEC</td>
</tr><tr bgcolor="#E3E3F3">
<th>eq_classe</th>
<td>ENSINO_TECNICO_PUBLICO</td>
</tr><tr bgcolor="">
<th>eq_telefon</th>
<td>1135014994 / 1135077491</td>
</tr><tr bgcolor="#E3E3F3">
<th>eq_setor</th>
<td>355030883000004</td>
</tr><tr bgcolor="">
<th>eq_areap</th>
<td>3550308005176</td>
</tr><tr bgcolor="#E3E3F3">
<th>eq_cd_dist</th>
<td>83</td>
</tr><tr bgcolor="">
<th>eq_distr</th>
<td>VILA ANDRADE</td>
</tr><tr bgcolor="#E3E3F3">
<th>eq_cd_subp</th>
<td>17</td>
</tr><tr bgcolor="">
<th>eq_subpref</th>
<td>CAMPO LIMPO</td>
</tr><tr bgcolor="#E3E3F3">
<th>eq_regiao5</th>
<td>Sul</td>
</tr><tr bgcolor="">
<th>eq_regiao8</th>
<td>Sul 2</td>
</tr><tr bgcolor="#E3E3F3">
<th>eq_ender</th>
<td>JOSE AUGUSTO DE SOUZA E SILVA DOUTOR</td>
</tr><tr bgcolor="">
<th>eq_num</th>
<td>SN</td>
</tr><tr bgcolor="#E3E3F3">
<th>eq_compend</th>
<td>RUA</td>
</tr><tr bgcolor="">
<th>eq_codcep</th>
<td>05712000</td>
</tr><tr bgcolor="#E3E3F3">
<th>eq_fone1</th>
<td>1135014994</td>
</tr><tr bgcolor="">
<th>eq_fone2</th>
<td>1135077491</td>
</tr><tr bgcolor="#E3E3F3">
<th>eq_email</th>
<td>E224ACAD@CPS.SP.GOV.BR</td>
</tr><tr bgcolor="">
<th>eq_cd_dirt</th>
<td>10317</td>
</tr><tr bgcolor="#E3E3F3">
<th>eq_diretor</th>
<td>SUL 1</td>
</tr><tr bgcolor="">
<th>eq_dre</th>
<td>CAMPO LIMPO</td>
</tr><tr bgcolor="#E3E3F3">
<th>eq_cd_zona</th>
<td></td>
</tr><tr bgcolor="">
<th>eq_zona</th>
<td></td>
</tr><tr bgcolor="#E3E3F3">
<th>eq_cd_mec</th>
<td>35440620</td>
</tr><tr bgcolor="">
<th>eq_esfera</th>
<td>ESTADUAL-OUT</td>
</tr><tr bgcolor="#E3E3F3">
<th>eq_cd_catg</th>
<td>1</td>
</tr><tr bgcolor="">
<th>eq_categor</th>
<td>ESCOLAS AUTONOMAS</td>
</tr><tr bgcolor="#E3E3F3">
<th>eq_eol</th>
<td>35440620</td>
</tr><tr bgcolor="">
<th>eq_horario</th>
<td></td>
</tr></table></center>]]></description>
			<styleUrl>#m_ylw-pushpin</styleUrl>
			<ExtendedData>
				<SchemaData schemaUrl="#kml_schema_ft_LL_WGS84_KMZ_TEMA_EDUCACAO_ENSINO_TECNICO_PUBLICO">
					<SimpleData name="eq_id">5437</SimpleData>
					<SimpleData name="eq_nome">ABDIAS DO NASCIMENTO ETEC</SimpleData>
					<SimpleData name="eq_enderec">JOSE AUGUSTO DE SOUZA E SILVA DOUTOR SN</SimpleData>
					<SimpleData name="eq_bairro">JARDIM PARQUE MORUMBI</SimpleData>
					<SimpleData name="eq_cep">05712000</SimpleData>
					<SimpleData name="eq_tipo">ETEC</SimpleData>
					<SimpleData name="eq_classe">ENSINO_TECNICO_PUBLICO</SimpleData>
					<SimpleData name="eq_telefon">1135014994 / 1135077491</SimpleData>
					<SimpleData name="eq_setor">355030883000004</SimpleData>
					<SimpleData name="eq_areap">3550308005176</SimpleData>
					<SimpleData name="eq_cd_dist">83</SimpleData>
					<SimpleData name="eq_distr">VILA ANDRADE</SimpleData>
					<SimpleData name="eq_cd_subp">17</SimpleData>
					<SimpleData name="eq_subpref">CAMPO LIMPO</SimpleData>
					<SimpleData name="eq_regiao5">Sul</SimpleData>
					<SimpleData name="eq_regiao8">Sul 2</SimpleData>
					<SimpleData name="eq_ender">JOSE AUGUSTO DE SOUZA E SILVA DOUTOR</SimpleData>
					<SimpleData name="eq_num">SN</SimpleData>
					<SimpleData name="eq_compend">RUA</SimpleData>
					<SimpleData name="eq_codcep">05712000</SimpleData>
					<SimpleData name="eq_fone1">1135014994</SimpleData>
					<SimpleData name="eq_fone2">1135077491</SimpleData>
					<SimpleData name="eq_email">E224ACAD@CPS.SP.GOV.BR</SimpleData>
					<SimpleData name="eq_cd_dirt">10317</SimpleData>
					<SimpleData name="eq_diretor">SUL 1</SimpleData>
					<SimpleData name="eq_dre">CAMPO LIMPO</SimpleData>
					<SimpleData name="eq_cd_mec">35440620</SimpleData>
					<SimpleData name="eq_esfera">ESTADUAL-OUT</SimpleData>
					<SimpleData name="eq_cd_catg">1</SimpleData>
					<SimpleData name="eq_categor">ESCOLAS AUTONOMAS</SimpleData>
					<SimpleData name="eq_eol">35440620</SimpleData>
				</SchemaData>
			</ExtendedData>
			<Point>
				<coordinates>-46.7277835117561,-23.6225775185418,0</coordinates>
			</Point>
		</Placemark>
		<Placemark id="kml_38">
			<name>kml_38</name>
			<snippet></snippet>
			<description><![CDATA[<center><table><tr><th colspan='2' align='center'><em>Attributes</em></th></tr><tr bgcolor="#E3E3F3">
<th>eq_id</th>
<td>5571</td>
</tr><tr bgcolor="">
<th>eq_nome</th>
<td>IRMA AGOSTINA ETEC</td>
</tr><tr bgcolor="#E3E3F3">
<th>eq_enderec</th>
<td>FELICIANO CORREIA SN</td>
</tr><tr bgcolor="">
<th>eq_bairro</th>
<td>JARDIM SATELITE</td>
</tr><tr bgcolor="#E3E3F3">
<th>eq_cep</th>
<td>04815000</td>
</tr><tr bgcolor="">
<th>eq_tipo</th>
<td>ETEC</td>
</tr><tr bgcolor="#E3E3F3">
<th>eq_classe</th>
<td>ENSINO_TECNICO_PUBLICO</td>
</tr><tr bgcolor="">
<th>eq_telefon</th>
<td>1156673971 / 1156673973</td>
</tr><tr bgcolor="#E3E3F3">
<th>eq_setor</th>
<td>355030823000178</td>
</tr><tr bgcolor="">
<th>eq_areap</th>
<td>3550308005217</td>
</tr><tr bgcolor="#E3E3F3">
<th>eq_cd_dist</th>
<td>23</td>
</tr><tr bgcolor="">
<th>eq_distr</th>
<td>CIDADE DUTRA</td>
</tr><tr bgcolor="#E3E3F3">
<th>eq_cd_subp</th>
<td>19</td>
</tr><tr bgcolor="">
<th>eq_subpref</th>
<td>CAPELA DO SOCORRO</td>
</tr><tr bgcolor="#E3E3F3">
<th>eq_regiao5</th>
<td>Sul</td>
</tr><tr bgcolor="">
<th>eq_regiao8</th>
<td>Sul 2</td>
</tr><tr bgcolor="#E3E3F3">
<th>eq_ender</th>
<td>FELICIANO CORREIA</td>
</tr><tr bgcolor="">
<th>eq_num</th>
<td>SN</td>
</tr><tr bgcolor="#E3E3F3">
<th>eq_compend</th>
<td>AVENIDA</td>
</tr><tr bgcolor="">
<th>eq_codcep</th>
<td>04815000</td>
</tr><tr bgcolor="#E3E3F3">
<th>eq_fone1</th>
<td>1156673971</td>
</tr><tr bgcolor="">
<th>eq_fone2</th>
<td>1156673973</td>
</tr><tr bgcolor="#E3E3F3">
<th>eq_email</th>
<td>CONTATO@ETECIA.COM.BR</td>
</tr><tr bgcolor="">
<th>eq_cd_dirt</th>
<td>10318</td>
</tr><tr bgcolor="#E3E3F3">
<th>eq_diretor</th>
<td>SUL 3</td>
</tr><tr bgcolor="">
<th>eq_dre</th>
<td>CAPELA DO SOCORRO</td>
</tr><tr bgcolor="#E3E3F3">
<th>eq_cd_zona</th>
<td></td>
</tr><tr bgcolor="">
<th>eq_zona</th>
<td></td>
</tr><tr bgcolor="#E3E3F3">
<th>eq_cd_mec</th>
<td>35446695</td>
</tr><tr bgcolor="">
<th>eq_esfera</th>
<td>ESTADUAL-OUT</td>
</tr><tr bgcolor="#E3E3F3">
<th>eq_cd_catg</th>
<td>1</td>
</tr><tr bgcolor="">
<th>eq_categor</th>
<td>ESCOLAS AUTONOMAS</td>
</tr><tr bgcolor="#E3E3F3">
<th>eq_eol</th>
<td>35446695</td>
</tr><tr bgcolor="">
<th>eq_horario</th>
<td></td>
</tr></table></center>]]></description>
			<styleUrl>#m_ylw-pushpin</styleUrl>
			<ExtendedData>
				<SchemaData schemaUrl="#kml_schema_ft_LL_WGS84_KMZ_TEMA_EDUCACAO_ENSINO_TECNICO_PUBLICO">
					<SimpleData name="eq_id">5571</SimpleData>
					<SimpleData name="eq_nome">IRMA AGOSTINA ETEC</SimpleData>
					<SimpleData name="eq_enderec">FELICIANO CORREIA SN</SimpleData>
					<SimpleData name="eq_bairro">JARDIM SATELITE</SimpleData>
					<SimpleData name="eq_cep">04815000</SimpleData>
					<SimpleData name="eq_tipo">ETEC</SimpleData>
					<SimpleData name="eq_classe">ENSINO_TECNICO_PUBLICO</SimpleData>
					<SimpleData name="eq_telefon">1156673971 / 1156673973</SimpleData>
					<SimpleData name="eq_setor">355030823000178</SimpleData>
					<SimpleData name="eq_areap">3550308005217</SimpleData>
					<SimpleData name="eq_cd_dist">23</SimpleData>
					<SimpleData name="eq_distr">CIDADE DUTRA</SimpleData>
					<SimpleData name="eq_cd_subp">19</SimpleData>
					<SimpleData name="eq_subpref">CAPELA DO SOCORRO</SimpleData>
					<SimpleData name="eq_regiao5">Sul</SimpleData>
					<SimpleData name="eq_regiao8">Sul 2</SimpleData>
					<SimpleData name="eq_ender">FELICIANO CORREIA</SimpleData>
					<SimpleData name="eq_num">SN</SimpleData>
					<SimpleData name="eq_compend">AVENIDA</SimpleData>
					<SimpleData name="eq_codcep">04815000</SimpleData>
					<SimpleData name="eq_fone1">1156673971</SimpleData>
					<SimpleData name="eq_fone2">1156673973</SimpleData>
					<SimpleData name="eq_email">CONTATO@ETECIA.COM.BR</SimpleData>
					<SimpleData name="eq_cd_dirt">10318</SimpleData>
					<SimpleData name="eq_diretor">SUL 3</SimpleData>
					<SimpleData name="eq_dre">CAPELA DO SOCORRO</SimpleData>
					<SimpleData name="eq_cd_mec">35446695</SimpleData>
					<SimpleData name="eq_esfera">ESTADUAL-OUT</SimpleData>
					<SimpleData name="eq_cd_catg">1</SimpleData>
					<SimpleData name="eq_categor">ESCOLAS AUTONOMAS</SimpleData>
					<SimpleData name="eq_eol">35446695</SimpleData>
				</SchemaData>
			</ExtendedData>
			<Point>
				<coordinates>-46.6889584388301,-23.7032250026827,0</coordinates>
			</Point>
		</Placemark>
		<Placemark id="kml_39">
			<name>kml_39</name>
			<snippet></snippet>
			<description><![CDATA[<center><table><tr><th colspan='2' align='center'><em>Attributes</em></th></tr><tr bgcolor="#E3E3F3">
<th>eq_id</th>
<td>5588</td>
</tr><tr bgcolor="">
<th>eq_nome</th>
<td>MANDAQUI ETEC</td>
</tr><tr bgcolor="#E3E3F3">
<th>eq_enderec</th>
<td>LUIS LUSTOSA DA SILVA DOUTOR 303</td>
</tr><tr bgcolor="">
<th>eq_bairro</th>
<td>SANTANA</td>
</tr><tr bgcolor="#E3E3F3">
<th>eq_cep</th>
<td>02406000</td>
</tr><tr bgcolor="">
<th>eq_tipo</th>
<td>ETEC</td>
</tr><tr bgcolor="#E3E3F3">
<th>eq_classe</th>
<td>ENSINO_TECNICO_PUBLICO</td>
</tr><tr bgcolor="">
<th>eq_telefon</th>
<td>1122836603 / 1129738755</td>
</tr><tr bgcolor="#E3E3F3">
<th>eq_setor</th>
<td>355030870000111</td>
</tr><tr bgcolor="">
<th>eq_areap</th>
<td>3550308005065</td>
</tr><tr bgcolor="#E3E3F3">
<th>eq_cd_dist</th>
<td>70</td>
</tr><tr bgcolor="">
<th>eq_distr</th>
<td>SANTANA</td>
</tr><tr bgcolor="#E3E3F3">
<th>eq_cd_subp</th>
<td>5</td>
</tr><tr bgcolor="">
<th>eq_subpref</th>
<td>SANTANA-TUCURUVI</td>
</tr><tr bgcolor="#E3E3F3">
<th>eq_regiao5</th>
<td>Norte</td>
</tr><tr bgcolor="">
<th>eq_regiao8</th>
<td>Norte 1</td>
</tr><tr bgcolor="#E3E3F3">
<th>eq_ender</th>
<td>LUIS LUSTOSA DA SILVA DOUTOR</td>
</tr><tr bgcolor="">
<th>eq_num</th>
<td>303</td>
</tr><tr bgcolor="#E3E3F3">
<th>eq_compend</th>
<td>RUA</td>
</tr><tr bgcolor="">
<th>eq_codcep</th>
<td>02406000</td>
</tr><tr bgcolor="#E3E3F3">
<th>eq_fone1</th>
<td>1122836603</td>
</tr><tr bgcolor="">
<th>eq_fone2</th>
<td>1129738755</td>
</tr><tr bgcolor="#E3E3F3">
<th>eq_email</th>
<td>E247ADM@CPS.SP.GOV.BR</td>
</tr><tr bgcolor="">
<th>eq_cd_dirt</th>
<td>10102</td>
</tr><tr bgcolor="#E3E3F3">
<th>eq_diretor</th>
<td>CENTRO</td>
</tr><tr bgcolor="">
<th>eq_dre</th>
<td>JACANA/TREMEMBE</td>
</tr><tr bgcolor="#E3E3F3">
<th>eq_cd_zona</th>
<td></td>
</tr><tr bgcolor="">
<th>eq_zona</th>
<td></td>
</tr><tr bgcolor="#E3E3F3">
<th>eq_cd_mec</th>
<td>35448060</td>
</tr><tr bgcolor="">
<th>eq_esfera</th>
<td>ESTADUAL-OUT</td>
</tr><tr bgcolor="#E3E3F3">
<th>eq_cd_catg</th>
<td>1</td>
</tr><tr bgcolor="">
<th>eq_categor</th>
<td>ESCOLAS AUTONOMAS</td>
</tr><tr bgcolor="#E3E3F3">
<th>eq_eol</th>
<td>35448060</td>
</tr><tr bgcolor="">
<th>eq_horario</th>
<td></td>
</tr></table></center>]]></description>
			<styleUrl>#m_ylw-pushpin</styleUrl>
			<ExtendedData>
				<SchemaData schemaUrl="#kml_schema_ft_LL_WGS84_KMZ_TEMA_EDUCACAO_ENSINO_TECNICO_PUBLICO">
					<SimpleData name="eq_id">5588</SimpleData>
					<SimpleData name="eq_nome">MANDAQUI ETEC</SimpleData>
					<SimpleData name="eq_enderec">LUIS LUSTOSA DA SILVA DOUTOR 303</SimpleData>
					<SimpleData name="eq_bairro">SANTANA</SimpleData>
					<SimpleData name="eq_cep">02406000</SimpleData>
					<SimpleData name="eq_tipo">ETEC</SimpleData>
					<SimpleData name="eq_classe">ENSINO_TECNICO_PUBLICO</SimpleData>
					<SimpleData name="eq_telefon">1122836603 / 1129738755</SimpleData>
					<SimpleData name="eq_setor">355030870000111</SimpleData>
					<SimpleData name="eq_areap">3550308005065</SimpleData>
					<SimpleData name="eq_cd_dist">70</SimpleData>
					<SimpleData name="eq_distr">SANTANA</SimpleData>
					<SimpleData name="eq_cd_subp">5</SimpleData>
					<SimpleData name="eq_subpref">SANTANA-TUCURUVI</SimpleData>
					<SimpleData name="eq_regiao5">Norte</SimpleData>
					<SimpleData name="eq_regiao8">Norte 1</SimpleData>
					<SimpleData name="eq_ender">LUIS LUSTOSA DA SILVA DOUTOR</SimpleData>
					<SimpleData name="eq_num">303</SimpleData>
					<SimpleData name="eq_compend">RUA</SimpleData>
					<SimpleData name="eq_codcep">02406000</SimpleData>
					<SimpleData name="eq_fone1">1122836603</SimpleData>
					<SimpleData name="eq_fone2">1129738755</SimpleData>
					<SimpleData name="eq_email">E247ADM@CPS.SP.GOV.BR</SimpleData>
					<SimpleData name="eq_cd_dirt">10102</SimpleData>
					<SimpleData name="eq_diretor">CENTRO</SimpleData>
					<SimpleData name="eq_dre">JACANA/TREMEMBE</SimpleData>
					<SimpleData name="eq_cd_mec">35448060</SimpleData>
					<SimpleData name="eq_esfera">ESTADUAL-OUT</SimpleData>
					<SimpleData name="eq_cd_catg">1</SimpleData>
					<SimpleData name="eq_categor">ESCOLAS AUTONOMAS</SimpleData>
					<SimpleData name="eq_eol">35448060</SimpleData>
				</SchemaData>
			</ExtendedData>
			<Point>
				<coordinates>-46.6290201732541,-23.4866191536711,0</coordinates>
			</Point>
		</Placemark>
		<Placemark id="kml_40">
			<name>kml_40</name>
			<snippet></snippet>
			<description><![CDATA[<center><table><tr><th colspan='2' align='center'><em>Attributes</em></th></tr><tr bgcolor="#E3E3F3">
<th>eq_id</th>
<td>5712</td>
</tr><tr bgcolor="">
<th>eq_nome</th>
<td>JORNALISTA ROBERTO MARINHO ESCOLA TECNICA ESTADUAL</td>
</tr><tr bgcolor="#E3E3F3">
<th>eq_enderec</th>
<td>JORNALISTA ROBERTO MARINHO SN</td>
</tr><tr bgcolor="">
<th>eq_bairro</th>
<td>BROOKLIN PAULISTA</td>
</tr><tr bgcolor="#E3E3F3">
<th>eq_cep</th>
<td>04576000</td>
</tr><tr bgcolor="">
<th>eq_tipo</th>
<td>ETEC</td>
</tr><tr bgcolor="#E3E3F3">
<th>eq_classe</th>
<td>ENSINO_TECNICO_PUBLICO</td>
</tr><tr bgcolor="">
<th>eq_telefon</th>
<td>1151032085 / </td>
</tr><tr bgcolor="#E3E3F3">
<th>eq_setor</th>
<td>355030835000119</td>
</tr><tr bgcolor="">
<th>eq_areap</th>
<td>3550308005050</td>
</tr><tr bgcolor="#E3E3F3">
<th>eq_cd_dist</th>
<td>35</td>
</tr><tr bgcolor="">
<th>eq_distr</th>
<td>ITAIM BIBI</td>
</tr><tr bgcolor="#E3E3F3">
<th>eq_cd_subp</th>
<td>11</td>
</tr><tr bgcolor="">
<th>eq_subpref</th>
<td>PINHEIROS</td>
</tr><tr bgcolor="#E3E3F3">
<th>eq_regiao5</th>
<td>Oeste</td>
</tr><tr bgcolor="">
<th>eq_regiao8</th>
<td>Oeste</td>
</tr><tr bgcolor="#E3E3F3">
<th>eq_ender</th>
<td>JORNALISTA ROBERTO MARINHO</td>
</tr><tr bgcolor="">
<th>eq_num</th>
<td>SN</td>
</tr><tr bgcolor="#E3E3F3">
<th>eq_compend</th>
<td>AVENIDA</td>
</tr><tr bgcolor="">
<th>eq_codcep</th>
<td>04576000</td>
</tr><tr bgcolor="#E3E3F3">
<th>eq_fone1</th>
<td>1151032085</td>
</tr><tr bgcolor="">
<th>eq_fone2</th>
<td></td>
</tr><tr bgcolor="#E3E3F3">
<th>eq_email</th>
<td>E253ACAD@CPS.SP.GOV.BR</td>
</tr><tr bgcolor="">
<th>eq_cd_dirt</th>
<td>10312</td>
</tr><tr bgcolor="#E3E3F3">
<th>eq_diretor</th>
<td>CENTRO OESTE</td>
</tr><tr bgcolor="">
<th>eq_dre</th>
<td>SANTO AMARO</td>
</tr><tr bgcolor="#E3E3F3">
<th>eq_cd_zona</th>
<td></td>
</tr><tr bgcolor="">
<th>eq_zona</th>
<td></td>
</tr><tr bgcolor="#E3E3F3">
<th>eq_cd_mec</th>
<td>35457450</td>
</tr><tr bgcolor="">
<th>eq_esfera</th>
<td>ESTADUAL-OUT</td>
</tr><tr bgcolor="#E3E3F3">
<th>eq_cd_catg</th>
<td>1</td>
</tr><tr bgcolor="">
<th>eq_categor</th>
<td>ESCOLAS AUTONOMAS</td>
</tr><tr bgcolor="#E3E3F3">
<th>eq_eol</th>
<td>35457450</td>
</tr><tr bgcolor="">
<th>eq_horario</th>
<td></td>
</tr></table></center>]]></description>
			<styleUrl>#m_ylw-pushpin</styleUrl>
			<ExtendedData>
				<SchemaData schemaUrl="#kml_schema_ft_LL_WGS84_KMZ_TEMA_EDUCACAO_ENSINO_TECNICO_PUBLICO">
					<SimpleData name="eq_id">5712</SimpleData>
					<SimpleData name="eq_nome">JORNALISTA ROBERTO MARINHO ESCOLA TECNICA ESTADUAL</SimpleData>
					<SimpleData name="eq_enderec">JORNALISTA ROBERTO MARINHO SN</SimpleData>
					<SimpleData name="eq_bairro">BROOKLIN PAULISTA</SimpleData>
					<SimpleData name="eq_cep">04576000</SimpleData>
					<SimpleData name="eq_tipo">ETEC</SimpleData>
					<SimpleData name="eq_classe">ENSINO_TECNICO_PUBLICO</SimpleData>
					<SimpleData name="eq_telefon">1151032085 /</SimpleData>
					<SimpleData name="eq_setor">355030835000119</SimpleData>
					<SimpleData name="eq_areap">3550308005050</SimpleData>
					<SimpleData name="eq_cd_dist">35</SimpleData>
					<SimpleData name="eq_distr">ITAIM BIBI</SimpleData>
					<SimpleData name="eq_cd_subp">11</SimpleData>
					<SimpleData name="eq_subpref">PINHEIROS</SimpleData>
					<SimpleData name="eq_regiao5">Oeste</SimpleData>
					<SimpleData name="eq_regiao8">Oeste</SimpleData>
					<SimpleData name="eq_ender">JORNALISTA ROBERTO MARINHO</SimpleData>
					<SimpleData name="eq_num">SN</SimpleData>
					<SimpleData name="eq_compend">AVENIDA</SimpleData>
					<SimpleData name="eq_codcep">04576000</SimpleData>
					<SimpleData name="eq_fone1">1151032085</SimpleData>
					<SimpleData name="eq_email">E253ACAD@CPS.SP.GOV.BR</SimpleData>
					<SimpleData name="eq_cd_dirt">10312</SimpleData>
					<SimpleData name="eq_diretor">CENTRO OESTE</SimpleData>
					<SimpleData name="eq_dre">SANTO AMARO</SimpleData>
					<SimpleData name="eq_cd_mec">35457450</SimpleData>
					<SimpleData name="eq_esfera">ESTADUAL-OUT</SimpleData>
					<SimpleData name="eq_cd_catg">1</SimpleData>
					<SimpleData name="eq_categor">ESCOLAS AUTONOMAS</SimpleData>
					<SimpleData name="eq_eol">35457450</SimpleData>
				</SchemaData>
			</ExtendedData>
			<Point>
				<coordinates>-46.69650921266519,-23.61414250495969,0</coordinates>
			</Point>
		</Placemark>
		<Placemark id="kml_41">
			<name>kml_41</name>
			<snippet></snippet>
			<description><![CDATA[<center><table><tr><th colspan='2' align='center'><em>Attributes</em></th></tr><tr bgcolor="#E3E3F3">
<th>eq_id</th>
<td>5753</td>
</tr><tr bgcolor="">
<th>eq_nome</th>
<td>DOROTI QUIOMI KANASHIRO TOYOHARA DRA PROF ETEC</td>
</tr><tr bgcolor="#E3E3F3">
<th>eq_enderec</th>
<td>AMBROSIA DO MEXICO SN</td>
</tr><tr bgcolor="">
<th>eq_bairro</th>
<td>JARDIM CIDADE PIRITUBA</td>
</tr><tr bgcolor="#E3E3F3">
<th>eq_cep</th>
<td>02945000</td>
</tr><tr bgcolor="">
<th>eq_tipo</th>
<td>ETEC</td>
</tr><tr bgcolor="#E3E3F3">
<th>eq_classe</th>
<td>ENSINO_TECNICO_PUBLICO</td>
</tr><tr bgcolor="">
<th>eq_telefon</th>
<td>1139720333 / </td>
</tr><tr bgcolor="#E3E3F3">
<th>eq_setor</th>
<td>355030863000002</td>
</tr><tr bgcolor="">
<th>eq_areap</th>
<td>3550308005113</td>
</tr><tr bgcolor="#E3E3F3">
<th>eq_cd_dist</th>
<td>63</td>
</tr><tr bgcolor="">
<th>eq_distr</th>
<td>PIRITUBA</td>
</tr><tr bgcolor="#E3E3F3">
<th>eq_cd_subp</th>
<td>2</td>
</tr><tr bgcolor="">
<th>eq_subpref</th>
<td>PIRITUBA-JARAGUA</td>
</tr><tr bgcolor="#E3E3F3">
<th>eq_regiao5</th>
<td>Norte</td>
</tr><tr bgcolor="">
<th>eq_regiao8</th>
<td>Norte 2</td>
</tr><tr bgcolor="#E3E3F3">
<th>eq_ender</th>
<td>AMBROSIA DO MEXICO</td>
</tr><tr bgcolor="">
<th>eq_num</th>
<td>SN</td>
</tr><tr bgcolor="#E3E3F3">
<th>eq_compend</th>
<td>RUA</td>
</tr><tr bgcolor="">
<th>eq_codcep</th>
<td>02945000</td>
</tr><tr bgcolor="#E3E3F3">
<th>eq_fone1</th>
<td>1139720333</td>
</tr><tr bgcolor="">
<th>eq_fone2</th>
<td></td>
</tr><tr bgcolor="#E3E3F3">
<th>eq_email</th>
<td>E254ACAD@CPS.SP.GOV.BR</td>
</tr><tr bgcolor="">
<th>eq_cd_dirt</th>
<td>10101</td>
</tr><tr bgcolor="#E3E3F3">
<th>eq_diretor</th>
<td>NORTE 1</td>
</tr><tr bgcolor="">
<th>eq_dre</th>
<td>PIRITUBA</td>
</tr><tr bgcolor="#E3E3F3">
<th>eq_cd_zona</th>
<td></td>
</tr><tr bgcolor="">
<th>eq_zona</th>
<td></td>
</tr><tr bgcolor="#E3E3F3">
<th>eq_cd_mec</th>
<td>35461532</td>
</tr><tr bgcolor="">
<th>eq_esfera</th>
<td>ESTADUAL-OUT</td>
</tr><tr bgcolor="#E3E3F3">
<th>eq_cd_catg</th>
<td>1</td>
</tr><tr bgcolor="">
<th>eq_categor</th>
<td>ESCOLAS AUTONOMAS</td>
</tr><tr bgcolor="#E3E3F3">
<th>eq_eol</th>
<td>35461532</td>
</tr><tr bgcolor="">
<th>eq_horario</th>
<td></td>
</tr></table></center>]]></description>
			<styleUrl>#m_ylw-pushpin</styleUrl>
			<ExtendedData>
				<SchemaData schemaUrl="#kml_schema_ft_LL_WGS84_KMZ_TEMA_EDUCACAO_ENSINO_TECNICO_PUBLICO">
					<SimpleData name="eq_id">5753</SimpleData>
					<SimpleData name="eq_nome">DOROTI QUIOMI KANASHIRO TOYOHARA DRA PROF ETEC</SimpleData>
					<SimpleData name="eq_enderec">AMBROSIA DO MEXICO SN</SimpleData>
					<SimpleData name="eq_bairro">JARDIM CIDADE PIRITUBA</SimpleData>
					<SimpleData name="eq_cep">02945000</SimpleData>
					<SimpleData name="eq_tipo">ETEC</SimpleData>
					<SimpleData name="eq_classe">ENSINO_TECNICO_PUBLICO</SimpleData>
					<SimpleData name="eq_telefon">1139720333 /</SimpleData>
					<SimpleData name="eq_setor">355030863000002</SimpleData>
					<SimpleData name="eq_areap">3550308005113</SimpleData>
					<SimpleData name="eq_cd_dist">63</SimpleData>
					<SimpleData name="eq_distr">PIRITUBA</SimpleData>
					<SimpleData name="eq_cd_subp">2</SimpleData>
					<SimpleData name="eq_subpref">PIRITUBA-JARAGUA</SimpleData>
					<SimpleData name="eq_regiao5">Norte</SimpleData>
					<SimpleData name="eq_regiao8">Norte 2</SimpleData>
					<SimpleData name="eq_ender">AMBROSIA DO MEXICO</SimpleData>
					<SimpleData name="eq_num">SN</SimpleData>
					<SimpleData name="eq_compend">RUA</SimpleData>
					<SimpleData name="eq_codcep">02945000</SimpleData>
					<SimpleData name="eq_fone1">1139720333</SimpleData>
					<SimpleData name="eq_email">E254ACAD@CPS.SP.GOV.BR</SimpleData>
					<SimpleData name="eq_cd_dirt">10101</SimpleData>
					<SimpleData name="eq_diretor">NORTE 1</SimpleData>
					<SimpleData name="eq_dre">PIRITUBA</SimpleData>
					<SimpleData name="eq_cd_mec">35461532</SimpleData>
					<SimpleData name="eq_esfera">ESTADUAL-OUT</SimpleData>
					<SimpleData name="eq_cd_catg">1</SimpleData>
					<SimpleData name="eq_categor">ESCOLAS AUTONOMAS</SimpleData>
					<SimpleData name="eq_eol">35461532</SimpleData>
				</SchemaData>
			</ExtendedData>
			<Point>
				<coordinates>-46.7244739512969,-23.4842788823975,0</coordinates>
			</Point>
		</Placemark>
		<Placemark id="kml_42">
			<name>kml_42</name>
			<snippet></snippet>
			<description><![CDATA[<center><table><tr><th colspan='2' align='center'><em>Attributes</em></th></tr><tr bgcolor="#E3E3F3">
<th>eq_id</th>
<td>5896</td>
</tr><tr bgcolor="">
<th>eq_nome</th>
<td>SANTA IFIGENIA ETEC</td>
</tr><tr bgcolor="#E3E3F3">
<th>eq_enderec</th>
<td>COUTO DE MAGALHAES GENERAL 90</td>
</tr><tr bgcolor="">
<th>eq_bairro</th>
<td>SANTA EFIGENIA</td>
</tr><tr bgcolor="#E3E3F3">
<th>eq_cep</th>
<td>01212000</td>
</tr><tr bgcolor="">
<th>eq_tipo</th>
<td>ETEC</td>
</tr><tr bgcolor="#E3E3F3">
<th>eq_classe</th>
<td>ENSINO_TECNICO_PUBLICO</td>
</tr><tr bgcolor="">
<th>eq_telefon</th>
<td>1132213984 / </td>
</tr><tr bgcolor="#E3E3F3">
<th>eq_setor</th>
<td>355030866000069</td>
</tr><tr bgcolor="">
<th>eq_areap</th>
<td>3550308005003</td>
</tr><tr bgcolor="#E3E3F3">
<th>eq_cd_dist</th>
<td>66</td>
</tr><tr bgcolor="">
<th>eq_distr</th>
<td>REPUBLICA</td>
</tr><tr bgcolor="#E3E3F3">
<th>eq_cd_subp</th>
<td>9</td>
</tr><tr bgcolor="">
<th>eq_subpref</th>
<td>SE</td>
</tr><tr bgcolor="#E3E3F3">
<th>eq_regiao5</th>
<td>Centro</td>
</tr><tr bgcolor="">
<th>eq_regiao8</th>
<td>Centro</td>
</tr><tr bgcolor="#E3E3F3">
<th>eq_ender</th>
<td>COUTO DE MAGALHAES GENERAL</td>
</tr><tr bgcolor="">
<th>eq_num</th>
<td>90</td>
</tr><tr bgcolor="#E3E3F3">
<th>eq_compend</th>
<td>RUA</td>
</tr><tr bgcolor="">
<th>eq_codcep</th>
<td>01212000</td>
</tr><tr bgcolor="#E3E3F3">
<th>eq_fone1</th>
<td>1132213984</td>
</tr><tr bgcolor="">
<th>eq_fone2</th>
<td></td>
</tr><tr bgcolor="#E3E3F3">
<th>eq_email</th>
<td>E260ACAD@CPS.SP.GOV.BR</td>
</tr><tr bgcolor="">
<th>eq_cd_dirt</th>
<td>10102</td>
</tr><tr bgcolor="#E3E3F3">
<th>eq_diretor</th>
<td>CENTRO</td>
</tr><tr bgcolor="">
<th>eq_dre</th>
<td>IPIRANGA</td>
</tr><tr bgcolor="#E3E3F3">
<th>eq_cd_zona</th>
<td></td>
</tr><tr bgcolor="">
<th>eq_zona</th>
<td></td>
</tr><tr bgcolor="#E3E3F3">
<th>eq_cd_mec</th>
<td>35476365</td>
</tr><tr bgcolor="">
<th>eq_esfera</th>
<td>ESTADUAL-OUT</td>
</tr><tr bgcolor="#E3E3F3">
<th>eq_cd_catg</th>
<td>1</td>
</tr><tr bgcolor="">
<th>eq_categor</th>
<td>ESCOLAS AUTONOMAS</td>
</tr><tr bgcolor="#E3E3F3">
<th>eq_eol</th>
<td>35476365</td>
</tr><tr bgcolor="">
<th>eq_horario</th>
<td></td>
</tr></table></center>]]></description>
			<styleUrl>#m_ylw-pushpin</styleUrl>
			<ExtendedData>
				<SchemaData schemaUrl="#kml_schema_ft_LL_WGS84_KMZ_TEMA_EDUCACAO_ENSINO_TECNICO_PUBLICO">
					<SimpleData name="eq_id">5896</SimpleData>
					<SimpleData name="eq_nome">SANTA IFIGENIA ETEC</SimpleData>
					<SimpleData name="eq_enderec">COUTO DE MAGALHAES GENERAL 90</SimpleData>
					<SimpleData name="eq_bairro">SANTA EFIGENIA</SimpleData>
					<SimpleData name="eq_cep">01212000</SimpleData>
					<SimpleData name="eq_tipo">ETEC</SimpleData>
					<SimpleData name="eq_classe">ENSINO_TECNICO_PUBLICO</SimpleData>
					<SimpleData name="eq_telefon">1132213984 /</SimpleData>
					<SimpleData name="eq_setor">355030866000069</SimpleData>
					<SimpleData name="eq_areap">3550308005003</SimpleData>
					<SimpleData name="eq_cd_dist">66</SimpleData>
					<SimpleData name="eq_distr">REPUBLICA</SimpleData>
					<SimpleData name="eq_cd_subp">9</SimpleData>
					<SimpleData name="eq_subpref">SE</SimpleData>
					<SimpleData name="eq_regiao5">Centro</SimpleData>
					<SimpleData name="eq_regiao8">Centro</SimpleData>
					<SimpleData name="eq_ender">COUTO DE MAGALHAES GENERAL</SimpleData>
					<SimpleData name="eq_num">90</SimpleData>
					<SimpleData name="eq_compend">RUA</SimpleData>
					<SimpleData name="eq_codcep">01212000</SimpleData>
					<SimpleData name="eq_fone1">1132213984</SimpleData>
					<SimpleData name="eq_email">E260ACAD@CPS.SP.GOV.BR</SimpleData>
					<SimpleData name="eq_cd_dirt">10102</SimpleData>
					<SimpleData name="eq_diretor">CENTRO</SimpleData>
					<SimpleData name="eq_dre">IPIRANGA</SimpleData>
					<SimpleData name="eq_cd_mec">35476365</SimpleData>
					<SimpleData name="eq_esfera">ESTADUAL-OUT</SimpleData>
					<SimpleData name="eq_cd_catg">1</SimpleData>
					<SimpleData name="eq_categor">ESCOLAS AUTONOMAS</SimpleData>
					<SimpleData name="eq_eol">35476365</SimpleData>
				</SchemaData>
			</ExtendedData>
			<Point>
				<coordinates>-46.6364994732718,-23.5384873920402,0</coordinates>
			</Point>
		</Placemark>
		<Placemark id="kml_43">
			<name>kml_43</name>
			<snippet></snippet>
			<description><![CDATA[<center><table><tr><th colspan='2' align='center'><em>Attributes</em></th></tr><tr bgcolor="#E3E3F3">
<th>eq_id</th>
<td>6043</td>
</tr><tr bgcolor="">
<th>eq_nome</th>
<td>CURT WALTER OTTO BAUMGART ETEC DE ESPORTES</td>
</tr><tr bgcolor="#E3E3F3">
<th>eq_enderec</th>
<td>PAULO LORENZANI SN</td>
</tr><tr bgcolor="">
<th>eq_bairro</th>
<td>PARQUE NOVO MUNDO</td>
</tr><tr bgcolor="#E3E3F3">
<th>eq_cep</th>
<td>02181000</td>
</tr><tr bgcolor="">
<th>eq_tipo</th>
<td>ETEC</td>
</tr><tr bgcolor="#E3E3F3">
<th>eq_classe</th>
<td>ENSINO_TECNICO_PUBLICO</td>
</tr><tr bgcolor="">
<th>eq_telefon</th>
<td>1126316584 / 1126316596</td>
</tr><tr bgcolor="#E3E3F3">
<th>eq_setor</th>
<td>355030889000113</td>
</tr><tr bgcolor="">
<th>eq_areap</th>
<td>3550308005035</td>
</tr><tr bgcolor="#E3E3F3">
<th>eq_cd_dist</th>
<td>89</td>
</tr><tr bgcolor="">
<th>eq_distr</th>
<td>VILA MARIA</td>
</tr><tr bgcolor="#E3E3F3">
<th>eq_cd_subp</th>
<td>7</td>
</tr><tr bgcolor="">
<th>eq_subpref</th>
<td>VILA MARIA-VILA GUILHERME</td>
</tr><tr bgcolor="#E3E3F3">
<th>eq_regiao5</th>
<td>Norte</td>
</tr><tr bgcolor="">
<th>eq_regiao8</th>
<td>Norte 1</td>
</tr><tr bgcolor="#E3E3F3">
<th>eq_ender</th>
<td>PAULO LORENZANI</td>
</tr><tr bgcolor="">
<th>eq_num</th>
<td>SN</td>
</tr><tr bgcolor="#E3E3F3">
<th>eq_compend</th>
<td>RUA</td>
</tr><tr bgcolor="">
<th>eq_codcep</th>
<td>02181000</td>
</tr><tr bgcolor="#E3E3F3">
<th>eq_fone1</th>
<td>1126316584</td>
</tr><tr bgcolor="">
<th>eq_fone2</th>
<td>1126316596</td>
</tr><tr bgcolor="#E3E3F3">
<th>eq_email</th>
<td></td>
</tr><tr bgcolor="">
<th>eq_cd_dirt</th>
<td>10205</td>
</tr><tr bgcolor="#E3E3F3">
<th>eq_diretor</th>
<td>LESTE 5</td>
</tr><tr bgcolor="">
<th>eq_dre</th>
<td>JACANA/TREMEMBE</td>
</tr><tr bgcolor="#E3E3F3">
<th>eq_cd_zona</th>
<td></td>
</tr><tr bgcolor="">
<th>eq_zona</th>
<td></td>
</tr><tr bgcolor="#E3E3F3">
<th>eq_cd_mec</th>
<td>35483734</td>
</tr><tr bgcolor="">
<th>eq_esfera</th>
<td>ESTADUAL-OUT</td>
</tr><tr bgcolor="#E3E3F3">
<th>eq_cd_catg</th>
<td>1</td>
</tr><tr bgcolor="">
<th>eq_categor</th>
<td>ESCOLAS AUTONOMAS</td>
</tr><tr bgcolor="#E3E3F3">
<th>eq_eol</th>
<td>35483734</td>
</tr><tr bgcolor="">
<th>eq_horario</th>
<td></td>
</tr></table></center>]]></description>
			<styleUrl>#m_ylw-pushpin</styleUrl>
			<ExtendedData>
				<SchemaData schemaUrl="#kml_schema_ft_LL_WGS84_KMZ_TEMA_EDUCACAO_ENSINO_TECNICO_PUBLICO">
					<SimpleData name="eq_id">6043</SimpleData>
					<SimpleData name="eq_nome">CURT WALTER OTTO BAUMGART ETEC DE ESPORTES</SimpleData>
					<SimpleData name="eq_enderec">PAULO LORENZANI SN</SimpleData>
					<SimpleData name="eq_bairro">PARQUE NOVO MUNDO</SimpleData>
					<SimpleData name="eq_cep">02181000</SimpleData>
					<SimpleData name="eq_tipo">ETEC</SimpleData>
					<SimpleData name="eq_classe">ENSINO_TECNICO_PUBLICO</SimpleData>
					<SimpleData name="eq_telefon">1126316584 / 1126316596</SimpleData>
					<SimpleData name="eq_setor">355030889000113</SimpleData>
					<SimpleData name="eq_areap">3550308005035</SimpleData>
					<SimpleData name="eq_cd_dist">89</SimpleData>
					<SimpleData name="eq_distr">VILA MARIA</SimpleData>
					<SimpleData name="eq_cd_subp">7</SimpleData>
					<SimpleData name="eq_subpref">VILA MARIA-VILA GUILHERME</SimpleData>
					<SimpleData name="eq_regiao5">Norte</SimpleData>
					<SimpleData name="eq_regiao8">Norte 1</SimpleData>
					<SimpleData name="eq_ender">PAULO LORENZANI</SimpleData>
					<SimpleData name="eq_num">SN</SimpleData>
					<SimpleData name="eq_compend">RUA</SimpleData>
					<SimpleData name="eq_codcep">02181000</SimpleData>
					<SimpleData name="eq_fone1">1126316584</SimpleData>
					<SimpleData name="eq_fone2">1126316596</SimpleData>
					<SimpleData name="eq_cd_dirt">10205</SimpleData>
					<SimpleData name="eq_diretor">LESTE 5</SimpleData>
					<SimpleData name="eq_dre">JACANA/TREMEMBE</SimpleData>
					<SimpleData name="eq_cd_mec">35483734</SimpleData>
					<SimpleData name="eq_esfera">ESTADUAL-OUT</SimpleData>
					<SimpleData name="eq_cd_catg">1</SimpleData>
					<SimpleData name="eq_categor">ESCOLAS AUTONOMAS</SimpleData>
					<SimpleData name="eq_eol">35483734</SimpleData>
				</SchemaData>
			</ExtendedData>
			<Point>
				<coordinates>-46.55746370261721,-23.5184445054807,0</coordinates>
			</Point>
		</Placemark>
		<Placemark id="kml_44">
			<name>kml_44</name>
			<snippet></snippet>
			<description><![CDATA[<center><table><tr><th colspan='2' align='center'><em>Attributes</em></th></tr><tr bgcolor="#E3E3F3">
<th>eq_id</th>
<td>6141</td>
</tr><tr bgcolor="">
<th>eq_nome</th>
<td>SEBRAE ETEC</td>
</tr><tr bgcolor="#E3E3F3">
<th>eq_enderec</th>
<td>NOTHMANN 598</td>
</tr><tr bgcolor="">
<th>eq_bairro</th>
<td>CAMPOS ELISEOS</td>
</tr><tr bgcolor="#E3E3F3">
<th>eq_cep</th>
<td>01216000</td>
</tr><tr bgcolor="">
<th>eq_tipo</th>
<td>ETEC</td>
</tr><tr bgcolor="#E3E3F3">
<th>eq_classe</th>
<td>ENSINO_TECNICO_PUBLICO</td>
</tr><tr bgcolor="">
<th>eq_telefon</th>
<td>1132241260 / </td>
</tr><tr bgcolor="#E3E3F3">
<th>eq_setor</th>
<td>355030869000046</td>
</tr><tr bgcolor="">
<th>eq_areap</th>
<td>3550308005014</td>
</tr><tr bgcolor="#E3E3F3">
<th>eq_cd_dist</th>
<td>69</td>
</tr><tr bgcolor="">
<th>eq_distr</th>
<td>SANTA CECILIA</td>
</tr><tr bgcolor="#E3E3F3">
<th>eq_cd_subp</th>
<td>9</td>
</tr><tr bgcolor="">
<th>eq_subpref</th>
<td>SE</td>
</tr><tr bgcolor="#E3E3F3">
<th>eq_regiao5</th>
<td>Centro</td>
</tr><tr bgcolor="">
<th>eq_regiao8</th>
<td>Centro</td>
</tr><tr bgcolor="#E3E3F3">
<th>eq_ender</th>
<td>NOTHMANN</td>
</tr><tr bgcolor="">
<th>eq_num</th>
<td>598</td>
</tr><tr bgcolor="#E3E3F3">
<th>eq_compend</th>
<td></td>
</tr><tr bgcolor="">
<th>eq_codcep</th>
<td>01216000</td>
</tr><tr bgcolor="#E3E3F3">
<th>eq_fone1</th>
<td>1132241260</td>
</tr><tr bgcolor="">
<th>eq_fone2</th>
<td></td>
</tr><tr bgcolor="#E3E3F3">
<th>eq_email</th>
<td>E273ACAD@CPS.SP.GOV.BR</td>
</tr><tr bgcolor="">
<th>eq_cd_dirt</th>
<td>10102</td>
</tr><tr bgcolor="#E3E3F3">
<th>eq_diretor</th>
<td>CENTRO</td>
</tr><tr bgcolor="">
<th>eq_dre</th>
<td>IPIRANGA</td>
</tr><tr bgcolor="#E3E3F3">
<th>eq_cd_zona</th>
<td></td>
</tr><tr bgcolor="">
<th>eq_zona</th>
<td></td>
</tr><tr bgcolor="#E3E3F3">
<th>eq_cd_mec</th>
<td>35560112</td>
</tr><tr bgcolor="">
<th>eq_esfera</th>
<td>ESTADUAL-OUT</td>
</tr><tr bgcolor="#E3E3F3">
<th>eq_cd_catg</th>
<td>1</td>
</tr><tr bgcolor="">
<th>eq_categor</th>
<td>ESCOLAS AUTONOMAS</td>
</tr><tr bgcolor="#E3E3F3">
<th>eq_eol</th>
<td>35560112</td>
</tr><tr bgcolor="">
<th>eq_horario</th>
<td></td>
</tr></table></center>]]></description>
			<styleUrl>#m_ylw-pushpin</styleUrl>
			<ExtendedData>
				<SchemaData schemaUrl="#kml_schema_ft_LL_WGS84_KMZ_TEMA_EDUCACAO_ENSINO_TECNICO_PUBLICO">
					<SimpleData name="eq_id">6141</SimpleData>
					<SimpleData name="eq_nome">SEBRAE ETEC</SimpleData>
					<SimpleData name="eq_enderec">NOTHMANN 598</SimpleData>
					<SimpleData name="eq_bairro">CAMPOS ELISEOS</SimpleData>
					<SimpleData name="eq_cep">01216000</SimpleData>
					<SimpleData name="eq_tipo">ETEC</SimpleData>
					<SimpleData name="eq_classe">ENSINO_TECNICO_PUBLICO</SimpleData>
					<SimpleData name="eq_telefon">1132241260 /</SimpleData>
					<SimpleData name="eq_setor">355030869000046</SimpleData>
					<SimpleData name="eq_areap">3550308005014</SimpleData>
					<SimpleData name="eq_cd_dist">69</SimpleData>
					<SimpleData name="eq_distr">SANTA CECILIA</SimpleData>
					<SimpleData name="eq_cd_subp">9</SimpleData>
					<SimpleData name="eq_subpref">SE</SimpleData>
					<SimpleData name="eq_regiao5">Centro</SimpleData>
					<SimpleData name="eq_regiao8">Centro</SimpleData>
					<SimpleData name="eq_ender">NOTHMANN</SimpleData>
					<SimpleData name="eq_num">598</SimpleData>
					<SimpleData name="eq_codcep">01216000</SimpleData>
					<SimpleData name="eq_fone1">1132241260</SimpleData>
					<SimpleData name="eq_email">E273ACAD@CPS.SP.GOV.BR</SimpleData>
					<SimpleData name="eq_cd_dirt">10102</SimpleData>
					<SimpleData name="eq_diretor">CENTRO</SimpleData>
					<SimpleData name="eq_dre">IPIRANGA</SimpleData>
					<SimpleData name="eq_cd_mec">35560112</SimpleData>
					<SimpleData name="eq_esfera">ESTADUAL-OUT</SimpleData>
					<SimpleData name="eq_cd_catg">1</SimpleData>
					<SimpleData name="eq_categor">ESCOLAS AUTONOMAS</SimpleData>
					<SimpleData name="eq_eol">35560112</SimpleData>
				</SchemaData>
			</ExtendedData>
			<Point>
				<coordinates>-46.6473004698078,-23.5328443384972,0</coordinates>
			</Point>
		</Placemark>
		<Placemark id="kml_45">
			<name>kml_45</name>
			<snippet></snippet>
			<description><![CDATA[<center><table><tr><th colspan='2' align='center'><em>Attributes</em></th></tr><tr bgcolor="#E3E3F3">
<th>eq_id</th>
<td>6509</td>
</tr><tr bgcolor="">
<th>eq_nome</th>
<td>ETEC ITAQUERA II</td>
</tr><tr bgcolor="#E3E3F3">
<th>eq_enderec</th>
<td>AVENIDA MIGUEL INACIO CURI SN</td>
</tr><tr bgcolor="">
<th>eq_bairro</th>
<td>VILA CARMOSINA</td>
</tr><tr bgcolor="#E3E3F3">
<th>eq_cep</th>
<td>08295000</td>
</tr><tr bgcolor="">
<th>eq_tipo</th>
<td>ETEC</td>
</tr><tr bgcolor="#E3E3F3">
<th>eq_classe</th>
<td>ENSINO_TECNICO_PUBLICO</td>
</tr><tr bgcolor="">
<th>eq_telefon</th>
<td>1120565142 / 1120565148</td>
</tr><tr bgcolor="#E3E3F3">
<th>eq_setor</th>
<td>355030837000186</td>
</tr><tr bgcolor="">
<th>eq_areap</th>
<td>3550308005202</td>
</tr><tr bgcolor="#E3E3F3">
<th>eq_cd_dist</th>
<td>37</td>
</tr><tr bgcolor="">
<th>eq_distr</th>
<td>ITAQUERA</td>
</tr><tr bgcolor="#E3E3F3">
<th>eq_cd_subp</th>
<td>27</td>
</tr><tr bgcolor="">
<th>eq_subpref</th>
<td>ITAQUERA</td>
</tr><tr bgcolor="#E3E3F3">
<th>eq_regiao5</th>
<td>Leste</td>
</tr><tr bgcolor="">
<th>eq_regiao8</th>
<td>Leste 2</td>
</tr><tr bgcolor="#E3E3F3">
<th>eq_ender</th>
<td>AVENIDA MIGUEL INACIO CURI</td>
</tr><tr bgcolor="">
<th>eq_num</th>
<td>SN</td>
</tr><tr bgcolor="#E3E3F3">
<th>eq_compend</th>
<td>AVENIDA</td>
</tr><tr bgcolor="">
<th>eq_codcep</th>
<td>08295000</td>
</tr><tr bgcolor="#E3E3F3">
<th>eq_fone1</th>
<td>1120565142</td>
</tr><tr bgcolor="">
<th>eq_fone2</th>
<td>1120565148</td>
</tr><tr bgcolor="#E3E3F3">
<th>eq_email</th>
<td></td>
</tr><tr bgcolor="">
<th>eq_cd_dirt</th>
<td>10207</td>
</tr><tr bgcolor="#E3E3F3">
<th>eq_diretor</th>
<td>LESTE 1</td>
</tr><tr bgcolor="">
<th>eq_dre</th>
<td>ITAQUERA</td>
</tr><tr bgcolor="#E3E3F3">
<th>eq_cd_zona</th>
<td></td>
</tr><tr bgcolor="">
<th>eq_zona</th>
<td></td>
</tr><tr bgcolor="#E3E3F3">
<th>eq_cd_mec</th>
<td>35579798</td>
</tr><tr bgcolor="">
<th>eq_esfera</th>
<td>ESTADUAL-OUT</td>
</tr><tr bgcolor="#E3E3F3">
<th>eq_cd_catg</th>
<td>1</td>
</tr><tr bgcolor="">
<th>eq_categor</th>
<td>ESCOLAS AUTONOMAS</td>
</tr><tr bgcolor="#E3E3F3">
<th>eq_eol</th>
<td>35579798</td>
</tr><tr bgcolor="">
<th>eq_horario</th>
<td></td>
</tr></table></center>]]></description>
			<styleUrl>#m_ylw-pushpin</styleUrl>
			<ExtendedData>
				<SchemaData schemaUrl="#kml_schema_ft_LL_WGS84_KMZ_TEMA_EDUCACAO_ENSINO_TECNICO_PUBLICO">
					<SimpleData name="eq_id">6509</SimpleData>
					<SimpleData name="eq_nome">ETEC ITAQUERA II</SimpleData>
					<SimpleData name="eq_enderec">AVENIDA MIGUEL INACIO CURI SN</SimpleData>
					<SimpleData name="eq_bairro">VILA CARMOSINA</SimpleData>
					<SimpleData name="eq_cep">08295000</SimpleData>
					<SimpleData name="eq_tipo">ETEC</SimpleData>
					<SimpleData name="eq_classe">ENSINO_TECNICO_PUBLICO</SimpleData>
					<SimpleData name="eq_telefon">1120565142 / 1120565148</SimpleData>
					<SimpleData name="eq_setor">355030837000186</SimpleData>
					<SimpleData name="eq_areap">3550308005202</SimpleData>
					<SimpleData name="eq_cd_dist">37</SimpleData>
					<SimpleData name="eq_distr">ITAQUERA</SimpleData>
					<SimpleData name="eq_cd_subp">27</SimpleData>
					<SimpleData name="eq_subpref">ITAQUERA</SimpleData>
					<SimpleData name="eq_regiao5">Leste</SimpleData>
					<SimpleData name="eq_regiao8">Leste 2</SimpleData>
					<SimpleData name="eq_ender">AVENIDA MIGUEL INACIO CURI</SimpleData>
					<SimpleData name="eq_num">SN</SimpleData>
					<SimpleData name="eq_compend">AVENIDA</SimpleData>
					<SimpleData name="eq_codcep">08295000</SimpleData>
					<SimpleData name="eq_fone1">1120565142</SimpleData>
					<SimpleData name="eq_fone2">1120565148</SimpleData>
					<SimpleData name="eq_cd_dirt">10207</SimpleData>
					<SimpleData name="eq_diretor">LESTE 1</SimpleData>
					<SimpleData name="eq_dre">ITAQUERA</SimpleData>
					<SimpleData name="eq_cd_mec">35579798</SimpleData>
					<SimpleData name="eq_esfera">ESTADUAL-OUT</SimpleData>
					<SimpleData name="eq_cd_catg">1</SimpleData>
					<SimpleData name="eq_categor">ESCOLAS AUTONOMAS</SimpleData>
					<SimpleData name="eq_eol">35579798</SimpleData>
				</SchemaData>
			</ExtendedData>
			<Point>
				<coordinates>-46.4682330514404,-23.5449568991415,0</coordinates>
			</Point>
		</Placemark>
		<Placemark id="kml_46">
			<name>kml_46</name>
			<snippet></snippet>
			<description><![CDATA[<center><table><tr><th colspan='2' align='center'><em>Attributes</em></th></tr><tr bgcolor="#E3E3F3">
<th>eq_id</th>
<td>7094</td>
</tr><tr bgcolor="">
<th>eq_nome</th>
<td>SAO PAULO ETEC DE</td>
</tr><tr bgcolor="#E3E3F3">
<th>eq_enderec</th>
<td>FERNANDO PRESTES CORONEL 74</td>
</tr><tr bgcolor="">
<th>eq_bairro</th>
<td>BOM RETIRO</td>
</tr><tr bgcolor="#E3E3F3">
<th>eq_cep</th>
<td>01124000</td>
</tr><tr bgcolor="">
<th>eq_tipo</th>
<td>ETEC</td>
</tr><tr bgcolor="#E3E3F3">
<th>eq_classe</th>
<td>ENSINO_TECNICO_PUBLICO</td>
</tr><tr bgcolor="">
<th>eq_telefon</th>
<td>1133260993 / </td>
</tr><tr bgcolor="#E3E3F3">
<th>eq_setor</th>
<td>355030809000012</td>
</tr><tr bgcolor="">
<th>eq_areap</th>
<td>3550308005004</td>
</tr><tr bgcolor="#E3E3F3">
<th>eq_cd_dist</th>
<td>9</td>
</tr><tr bgcolor="">
<th>eq_distr</th>
<td>BOM RETIRO</td>
</tr><tr bgcolor="#E3E3F3">
<th>eq_cd_subp</th>
<td>9</td>
</tr><tr bgcolor="">
<th>eq_subpref</th>
<td>SE</td>
</tr><tr bgcolor="#E3E3F3">
<th>eq_regiao5</th>
<td>Centro</td>
</tr><tr bgcolor="">
<th>eq_regiao8</th>
<td>Centro</td>
</tr><tr bgcolor="#E3E3F3">
<th>eq_ender</th>
<td>FERNANDO PRESTES CORONEL</td>
</tr><tr bgcolor="">
<th>eq_num</th>
<td>74</td>
</tr><tr bgcolor="#E3E3F3">
<th>eq_compend</th>
<td>PREDIO ARY TORRES</td>
</tr><tr bgcolor="">
<th>eq_codcep</th>
<td>01124000</td>
</tr><tr bgcolor="#E3E3F3">
<th>eq_fone1</th>
<td>1133260993</td>
</tr><tr bgcolor="">
<th>eq_fone2</th>
<td></td>
</tr><tr bgcolor="#E3E3F3">
<th>eq_email</th>
<td>E018ACAD@CPS.SP.GOV.BR</td>
</tr><tr bgcolor="">
<th>eq_cd_dirt</th>
<td>10102</td>
</tr><tr bgcolor="#E3E3F3">
<th>eq_diretor</th>
<td>CENTRO</td>
</tr><tr bgcolor="">
<th>eq_dre</th>
<td>IPIRANGA</td>
</tr><tr bgcolor="#E3E3F3">
<th>eq_cd_zona</th>
<td></td>
</tr><tr bgcolor="">
<th>eq_zona</th>
<td></td>
</tr><tr bgcolor="#E3E3F3">
<th>eq_cd_mec</th>
<td>35910818</td>
</tr><tr bgcolor="">
<th>eq_esfera</th>
<td>ESTADUAL-OUT</td>
</tr><tr bgcolor="#E3E3F3">
<th>eq_cd_catg</th>
<td>1</td>
</tr><tr bgcolor="">
<th>eq_categor</th>
<td>ESCOLAS AUTONOMAS</td>
</tr><tr bgcolor="#E3E3F3">
<th>eq_eol</th>
<td>35910818</td>
</tr><tr bgcolor="">
<th>eq_horario</th>
<td></td>
</tr></table></center>]]></description>
			<styleUrl>#m_ylw-pushpin</styleUrl>
			<ExtendedData>
				<SchemaData schemaUrl="#kml_schema_ft_LL_WGS84_KMZ_TEMA_EDUCACAO_ENSINO_TECNICO_PUBLICO">
					<SimpleData name="eq_id">7094</SimpleData>
					<SimpleData name="eq_nome">SAO PAULO ETEC DE</SimpleData>
					<SimpleData name="eq_enderec">FERNANDO PRESTES CORONEL 74</SimpleData>
					<SimpleData name="eq_bairro">BOM RETIRO</SimpleData>
					<SimpleData name="eq_cep">01124000</SimpleData>
					<SimpleData name="eq_tipo">ETEC</SimpleData>
					<SimpleData name="eq_classe">ENSINO_TECNICO_PUBLICO</SimpleData>
					<SimpleData name="eq_telefon">1133260993 /</SimpleData>
					<SimpleData name="eq_setor">355030809000012</SimpleData>
					<SimpleData name="eq_areap">3550308005004</SimpleData>
					<SimpleData name="eq_cd_dist">9</SimpleData>
					<SimpleData name="eq_distr">BOM RETIRO</SimpleData>
					<SimpleData name="eq_cd_subp">9</SimpleData>
					<SimpleData name="eq_subpref">SE</SimpleData>
					<SimpleData name="eq_regiao5">Centro</SimpleData>
					<SimpleData name="eq_regiao8">Centro</SimpleData>
					<SimpleData name="eq_ender">FERNANDO PRESTES CORONEL</SimpleData>
					<SimpleData name="eq_num">74</SimpleData>
					<SimpleData name="eq_compend">PREDIO ARY TORRES</SimpleData>
					<SimpleData name="eq_codcep">01124000</SimpleData>
					<SimpleData name="eq_fone1">1133260993</SimpleData>
					<SimpleData name="eq_email">E018ACAD@CPS.SP.GOV.BR</SimpleData>
					<SimpleData name="eq_cd_dirt">10102</SimpleData>
					<SimpleData name="eq_diretor">CENTRO</SimpleData>
					<SimpleData name="eq_dre">IPIRANGA</SimpleData>
					<SimpleData name="eq_cd_mec">35910818</SimpleData>
					<SimpleData name="eq_esfera">ESTADUAL-OUT</SimpleData>
					<SimpleData name="eq_cd_catg">1</SimpleData>
					<SimpleData name="eq_categor">ESCOLAS AUTONOMAS</SimpleData>
					<SimpleData name="eq_eol">35910818</SimpleData>
				</SchemaData>
			</ExtendedData>
			<Point>
				<coordinates>-46.63291139476661,-23.5301343968789,0</coordinates>
			</Point>
		</Placemark>
		<Placemark id="kml_47">
			<name>kml_47</name>
			<snippet></snippet>
			<description><![CDATA[<center><table><tr><th colspan='2' align='center'><em>Attributes</em></th></tr><tr bgcolor="#E3E3F3">
<th>eq_id</th>
<td>7242</td>
</tr><tr bgcolor="">
<th>eq_nome</th>
<td>ZONA LESTE ETEC</td>
</tr><tr bgcolor="#E3E3F3">
<th>eq_enderec</th>
<td>AGUIA DE HAIA 2633</td>
</tr><tr bgcolor="">
<th>eq_bairro</th>
<td>PARQUE PAINEIRAS</td>
</tr><tr bgcolor="#E3E3F3">
<th>eq_cep</th>
<td>03694000</td>
</tr><tr bgcolor="">
<th>eq_tipo</th>
<td>ETEC</td>
</tr><tr bgcolor="#E3E3F3">
<th>eq_classe</th>
<td>ENSINO_TECNICO_PUBLICO</td>
</tr><tr bgcolor="">
<th>eq_telefon</th>
<td>1120454011 / </td>
</tr><tr bgcolor="#E3E3F3">
<th>eq_setor</th>
<td>355030805000048</td>
</tr><tr bgcolor="">
<th>eq_areap</th>
<td>3550308005146</td>
</tr><tr bgcolor="#E3E3F3">
<th>eq_cd_dist</th>
<td>5</td>
</tr><tr bgcolor="">
<th>eq_distr</th>
<td>ARTUR ALVIM</td>
</tr><tr bgcolor="#E3E3F3">
<th>eq_cd_subp</th>
<td>21</td>
</tr><tr bgcolor="">
<th>eq_subpref</th>
<td>PENHA</td>
</tr><tr bgcolor="#E3E3F3">
<th>eq_regiao5</th>
<td>Leste</td>
</tr><tr bgcolor="">
<th>eq_regiao8</th>
<td>Leste 1</td>
</tr><tr bgcolor="#E3E3F3">
<th>eq_ender</th>
<td>AGUIA DE HAIA</td>
</tr><tr bgcolor="">
<th>eq_num</th>
<td>2633</td>
</tr><tr bgcolor="#E3E3F3">
<th>eq_compend</th>
<td>AVENIDA</td>
</tr><tr bgcolor="">
<th>eq_codcep</th>
<td>03694000</td>
</tr><tr bgcolor="#E3E3F3">
<th>eq_fone1</th>
<td>1120454011</td>
</tr><tr bgcolor="">
<th>eq_fone2</th>
<td></td>
</tr><tr bgcolor="#E3E3F3">
<th>eq_email</th>
<td>E211DIR@CPS.SP.GOV.BR</td>
</tr><tr bgcolor="">
<th>eq_cd_dirt</th>
<td>10208</td>
</tr><tr bgcolor="#E3E3F3">
<th>eq_diretor</th>
<td>LESTE 4</td>
</tr><tr bgcolor="">
<th>eq_dre</th>
<td>PENHA</td>
</tr><tr bgcolor="#E3E3F3">
<th>eq_cd_zona</th>
<td></td>
</tr><tr bgcolor="">
<th>eq_zona</th>
<td></td>
</tr><tr bgcolor="#E3E3F3">
<th>eq_cd_mec</th>
<td>35925871</td>
</tr><tr bgcolor="">
<th>eq_esfera</th>
<td>ESTADUAL-OUT</td>
</tr><tr bgcolor="#E3E3F3">
<th>eq_cd_catg</th>
<td>1</td>
</tr><tr bgcolor="">
<th>eq_categor</th>
<td>ESCOLAS AUTONOMAS</td>
</tr><tr bgcolor="#E3E3F3">
<th>eq_eol</th>
<td>35925871</td>
</tr><tr bgcolor="">
<th>eq_horario</th>
<td></td>
</tr></table></center>]]></description>
			<styleUrl>#m_ylw-pushpin</styleUrl>
			<ExtendedData>
				<SchemaData schemaUrl="#kml_schema_ft_LL_WGS84_KMZ_TEMA_EDUCACAO_ENSINO_TECNICO_PUBLICO">
					<SimpleData name="eq_id">7242</SimpleData>
					<SimpleData name="eq_nome">ZONA LESTE ETEC</SimpleData>
					<SimpleData name="eq_enderec">AGUIA DE HAIA 2633</SimpleData>
					<SimpleData name="eq_bairro">PARQUE PAINEIRAS</SimpleData>
					<SimpleData name="eq_cep">03694000</SimpleData>
					<SimpleData name="eq_tipo">ETEC</SimpleData>
					<SimpleData name="eq_classe">ENSINO_TECNICO_PUBLICO</SimpleData>
					<SimpleData name="eq_telefon">1120454011 /</SimpleData>
					<SimpleData name="eq_setor">355030805000048</SimpleData>
					<SimpleData name="eq_areap">3550308005146</SimpleData>
					<SimpleData name="eq_cd_dist">5</SimpleData>
					<SimpleData name="eq_distr">ARTUR ALVIM</SimpleData>
					<SimpleData name="eq_cd_subp">21</SimpleData>
					<SimpleData name="eq_subpref">PENHA</SimpleData>
					<SimpleData name="eq_regiao5">Leste</SimpleData>
					<SimpleData name="eq_regiao8">Leste 1</SimpleData>
					<SimpleData name="eq_ender">AGUIA DE HAIA</SimpleData>
					<SimpleData name="eq_num">2633</SimpleData>
					<SimpleData name="eq_compend">AVENIDA</SimpleData>
					<SimpleData name="eq_codcep">03694000</SimpleData>
					<SimpleData name="eq_fone1">1120454011</SimpleData>
					<SimpleData name="eq_email">E211DIR@CPS.SP.GOV.BR</SimpleData>
					<SimpleData name="eq_cd_dirt">10208</SimpleData>
					<SimpleData name="eq_diretor">LESTE 4</SimpleData>
					<SimpleData name="eq_dre">PENHA</SimpleData>
					<SimpleData name="eq_cd_mec">35925871</SimpleData>
					<SimpleData name="eq_esfera">ESTADUAL-OUT</SimpleData>
					<SimpleData name="eq_cd_catg">1</SimpleData>
					<SimpleData name="eq_categor">ESCOLAS AUTONOMAS</SimpleData>
					<SimpleData name="eq_eol">35925871</SimpleData>
				</SchemaData>
			</ExtendedData>
			<Point>
				<coordinates>-46.4739690593716,-23.5315557891592,0</coordinates>
			</Point>
		</Placemark>
	</Folder>
</Document>
</kml>
