<?xml version="1.0" encoding="UTF-8"?>
<kml xmlns="http://www.opengis.net/kml/2.2" xmlns:gx="http://www.google.com/kml/ext/2.2" xmlns:kml="http://www.opengis.net/kml/2.2" xmlns:atom="http://www.w3.org/2005/Atom">
<Document>
	<name>LL_WGS84_KMZ_TEMA_EDUCACAO_SENAI-SESI-SENAC.kmz</name>
	<Schema name="LL_WGS84_KMZ_TEMA_EDUCACAO_SENAI-SESI-SENAC" id="kml_schema_ft_LL_WGS84_KMZ_TEMA_EDUCACAO_SENAI-SESI-SENAC">
		<SimpleField type="xsd:short" name="eq_id"><displayName>eq_id</displayName>
</SimpleField>
		<SimpleField type="xsd:string" name="eq_nome"><displayName>eq_nome</displayName>
</SimpleField>
		<SimpleField type="xsd:string" name="eq_enderec"><displayName>eq_enderec</displayName>
</SimpleField>
		<SimpleField type="xsd:string" name="eq_bairro"><displayName>eq_bairro</displayName>
</SimpleField>
		<SimpleField type="xsd:short" name="eq_cep"><displayName>eq_cep</displayName>
</SimpleField>
		<SimpleField type="xsd:string" name="eq_tipo"><displayName>eq_tipo</displayName>
</SimpleField>
		<SimpleField type="xsd:string" name="eq_classe"><displayName>eq_classe</displayName>
</SimpleField>
		<SimpleField type="xsd:string" name="eq_telefon"><displayName>eq_telefon</displayName>
</SimpleField>
		<SimpleField type="xsd:string" name="eq_setor"><displayName>eq_setor</displayName>
</SimpleField>
		<SimpleField type="xsd:short" name="eq_areap"><displayName>eq_areap</displayName>
</SimpleField>
		<SimpleField type="xsd:short" name="eq_cd_dist"><displayName>eq_cd_dist</displayName>
</SimpleField>
		<SimpleField type="xsd:string" name="eq_distr"><displayName>eq_distr</displayName>
</SimpleField>
		<SimpleField type="xsd:short" name="eq_cd_subp"><displayName>eq_cd_subp</displayName>
</SimpleField>
		<SimpleField type="xsd:string" name="eq_subpref"><displayName>eq_subpref</displayName>
</SimpleField>
		<SimpleField type="xsd:string" name="eq_regiao5"><displayName>eq_regiao5</displayName>
</SimpleField>
		<SimpleField type="xsd:string" name="eq_regiao8"><displayName>eq_regiao8</displayName>
</SimpleField>
		<SimpleField type="xsd:string" name="eq_ender"><displayName>eq_ender</displayName>
</SimpleField>
		<SimpleField type="xsd:string" name="eq_num"><displayName>eq_num</displayName>
</SimpleField>
		<SimpleField type="xsd:string" name="eq_compend"><displayName>eq_compend</displayName>
</SimpleField>
		<SimpleField type="xsd:short" name="eq_codcep"><displayName>eq_codcep</displayName>
</SimpleField>
		<SimpleField type="xsd:short" name="eq_fone1"><displayName>eq_fone1</displayName>
</SimpleField>
		<SimpleField type="xsd:short" name="eq_fone2"><displayName>eq_fone2</displayName>
</SimpleField>
		<SimpleField type="xsd:string" name="eq_email"><displayName>eq_email</displayName>
</SimpleField>
		<SimpleField type="xsd:short" name="eq_cd_dirt"><displayName>eq_cd_dirt</displayName>
</SimpleField>
		<SimpleField type="xsd:string" name="eq_diretor"><displayName>eq_diretor</displayName>
</SimpleField>
		<SimpleField type="xsd:string" name="eq_dre"><displayName>eq_dre</displayName>
</SimpleField>
		<SimpleField type="xsd:short" name="eq_cd_zona"><displayName>eq_cd_zona</displayName>
</SimpleField>
		<SimpleField type="xsd:string" name="eq_zona"><displayName>eq_zona</displayName>
</SimpleField>
		<SimpleField type="xsd:short" name="eq_cd_mec"><displayName>eq_cd_mec</displayName>
</SimpleField>
		<SimpleField type="xsd:string" name="eq_esfera"><displayName>eq_esfera</displayName>
</SimpleField>
		<SimpleField type="xsd:short" name="eq_cd_catg"><displayName>eq_cd_catg</displayName>
</SimpleField>
		<SimpleField type="xsd:string" name="eq_categor"><displayName>eq_categor</displayName>
</SimpleField>
		<SimpleField type="xsd:short" name="eq_eol"><displayName>eq_eol</displayName>
</SimpleField>
		<SimpleField type="xsd:string" name="eq_horario"><displayName>eq_horario</displayName>
</SimpleField>
	</Schema>
	<Style id="s_ylw-pushpin">
		<IconStyle>
			<scale>1.1</scale>
			<Icon>
				<href>files/Point_Educacao_Sistema-S.png</href>
			</Icon>
			<hotSpot x="0.5" y="0.5" xunits="fraction" yunits="fraction"/>
		</IconStyle>
		<ListStyle>
		</ListStyle>
	</Style>
	<Style id="s_ylw-pushpin_hl">
		<IconStyle>
			<scale>1.3</scale>
			<Icon>
				<href>files/Point_Educacao_Sistema-S.png</href>
			</Icon>
			<hotSpot x="0.5" y="0.5" xunits="fraction" yunits="fraction"/>
		</IconStyle>
		<ListStyle>
		</ListStyle>
	</Style>
	<StyleMap id="m_ylw-pushpin">
		<Pair>
			<key>normal</key>
			<styleUrl>#s_ylw-pushpin</styleUrl>
		</Pair>
		<Pair>
			<key>highlight</key>
			<styleUrl>#s_ylw-pushpin_hl</styleUrl>
		</Pair>
	</StyleMap>
	<Folder id="kml_ft_LL_WGS84_KMZ_TEMA_EDUCACAO_SENAI-SESI-SENAC">
		<name>LL_WGS84_KMZ_TEMA_EDUCACAO_SENAI-SESI-SENAC</name>
		<open>1</open>
		<Placemark id="kml_1">
			<name>kml_1</name>
			<snippet></snippet>
			<description><![CDATA[<center><table><tr><th colspan='2' align='center'><em>Attributes</em></th></tr><tr bgcolor="#E3E3F3">
<th>eq_id</th>
<td>566</td>
</tr><tr bgcolor="">
<th>eq_nome</th>
<td>SENAC SAO MIGUEL PAULISTA</td>
</tr><tr bgcolor="#E3E3F3">
<th>eq_enderec</th>
<td>MARECHAL TITO 1500</td>
</tr><tr bgcolor="">
<th>eq_bairro</th>
<td>SAO MIGUEL PAULISTA</td>
</tr><tr bgcolor="#E3E3F3">
<th>eq_cep</th>
<td>08010000</td>
</tr><tr bgcolor="">
<th>eq_tipo</th>
<td>SENAC</td>
</tr><tr bgcolor="#E3E3F3">
<th>eq_classe</th>
<td>SENAI-SESI-SENAC</td>
</tr><tr bgcolor="">
<th>eq_telefon</th>
<td>1125048458 / </td>
</tr><tr bgcolor="#E3E3F3">
<th>eq_setor</th>
<td>355030874000097</td>
</tr><tr bgcolor="">
<th>eq_areap</th>
<td>3550308005196</td>
</tr><tr bgcolor="#E3E3F3">
<th>eq_cd_dist</th>
<td>74</td>
</tr><tr bgcolor="">
<th>eq_distr</th>
<td>SAO MIGUEL</td>
</tr><tr bgcolor="#E3E3F3">
<th>eq_cd_subp</th>
<td>23</td>
</tr><tr bgcolor="">
<th>eq_subpref</th>
<td>SAO MIGUEL</td>
</tr><tr bgcolor="#E3E3F3">
<th>eq_regiao5</th>
<td>Leste</td>
</tr><tr bgcolor="">
<th>eq_regiao8</th>
<td>Leste 2</td>
</tr><tr bgcolor="#E3E3F3">
<th>eq_ender</th>
<td>MARECHAL TITO</td>
</tr><tr bgcolor="">
<th>eq_num</th>
<td>1500</td>
</tr><tr bgcolor="#E3E3F3">
<th>eq_compend</th>
<td></td>
</tr><tr bgcolor="">
<th>eq_codcep</th>
<td>08010000</td>
</tr><tr bgcolor="#E3E3F3">
<th>eq_fone1</th>
<td>1125048458</td>
</tr><tr bgcolor="">
<th>eq_fone2</th>
<td></td>
</tr><tr bgcolor="#E3E3F3">
<th>eq_email</th>
<td>SUPERVISAOEDUC@SP.SENAC.BR</td>
</tr><tr bgcolor="">
<th>eq_cd_dirt</th>
<td>10210</td>
</tr><tr bgcolor="#E3E3F3">
<th>eq_diretor</th>
<td>LESTE 2</td>
</tr><tr bgcolor="">
<th>eq_dre</th>
<td>SAO MIGUEL</td>
</tr><tr bgcolor="#E3E3F3">
<th>eq_cd_zona</th>
<td>1</td>
</tr><tr bgcolor="">
<th>eq_zona</th>
<td>Urbana</td>
</tr><tr bgcolor="#E3E3F3">
<th>eq_cd_mec</th>
<td>35004682</td>
</tr><tr bgcolor="">
<th>eq_esfera</th>
<td>PRIVADA</td>
</tr><tr bgcolor="#E3E3F3">
<th>eq_cd_catg</th>
<td>1</td>
</tr><tr bgcolor="">
<th>eq_categor</th>
<td>ESCOLAS AUTONOMAS</td>
</tr><tr bgcolor="#E3E3F3">
<th>eq_eol</th>
<td>35004682</td>
</tr><tr bgcolor="">
<th>eq_horario</th>
<td></td>
</tr></table></center>]]></description>
			<styleUrl>#m_ylw-pushpin</styleUrl>
			<ExtendedData>
				<SchemaData schemaUrl="#kml_schema_ft_LL_WGS84_KMZ_TEMA_EDUCACAO_SENAI-SESI-SENAC">
					<SimpleData name="eq_id">566</SimpleData>
					<SimpleData name="eq_nome">SENAC SAO MIGUEL PAULISTA</SimpleData>
					<SimpleData name="eq_enderec">MARECHAL TITO 1500</SimpleData>
					<SimpleData name="eq_bairro">SAO MIGUEL PAULISTA</SimpleData>
					<SimpleData name="eq_cep">08010000</SimpleData>
					<SimpleData name="eq_tipo">SENAC</SimpleData>
					<SimpleData name="eq_classe">SENAI-SESI-SENAC</SimpleData>
					<SimpleData name="eq_telefon">1125048458 /</SimpleData>
					<SimpleData name="eq_setor">355030874000097</SimpleData>
					<SimpleData name="eq_areap">3550308005196</SimpleData>
					<SimpleData name="eq_cd_dist">74</SimpleData>
					<SimpleData name="eq_distr">SAO MIGUEL</SimpleData>
					<SimpleData name="eq_cd_subp">23</SimpleData>
					<SimpleData name="eq_subpref">SAO MIGUEL</SimpleData>
					<SimpleData name="eq_regiao5">Leste</SimpleData>
					<SimpleData name="eq_regiao8">Leste 2</SimpleData>
					<SimpleData name="eq_ender">MARECHAL TITO</SimpleData>
					<SimpleData name="eq_num">1500</SimpleData>
					<SimpleData name="eq_codcep">08010000</SimpleData>
					<SimpleData name="eq_fone1">1125048458</SimpleData>
					<SimpleData name="eq_email">SUPERVISAOEDUC@SP.SENAC.BR</SimpleData>
					<SimpleData name="eq_cd_dirt">10210</SimpleData>
					<SimpleData name="eq_diretor">LESTE 2</SimpleData>
					<SimpleData name="eq_dre">SAO MIGUEL</SimpleData>
					<SimpleData name="eq_cd_zona">1</SimpleData>
					<SimpleData name="eq_zona">Urbana</SimpleData>
					<SimpleData name="eq_cd_mec">35004682</SimpleData>
					<SimpleData name="eq_esfera">PRIVADA</SimpleData>
					<SimpleData name="eq_cd_catg">1</SimpleData>
					<SimpleData name="eq_categor">ESCOLAS AUTONOMAS</SimpleData>
					<SimpleData name="eq_eol">35004682</SimpleData>
				</SchemaData>
			</ExtendedData>
			<Point>
				<coordinates>-46.4318340002967,-23.4956430067149,0</coordinates>
			</Point>
		</Placemark>
		<Placemark id="kml_2">
			<name>kml_2</name>
			<snippet></snippet>
			<description><![CDATA[<center><table><tr><th colspan='2' align='center'><em>Attributes</em></th></tr><tr bgcolor="#E3E3F3">
<th>eq_id</th>
<td>2444</td>
</tr><tr bgcolor="">
<th>eq_nome</th>
<td>SESI 069 CENTRO EDUCACIONAL</td>
</tr><tr bgcolor="#E3E3F3">
<th>eq_enderec</th>
<td>PRACA SANTISSIMA TRINDADE SN</td>
</tr><tr bgcolor="">
<th>eq_bairro</th>
<td>VILA ESPANHOLA</td>
</tr><tr bgcolor="#E3E3F3">
<th>eq_cep</th>
<td>02543000</td>
</tr><tr bgcolor="">
<th>eq_tipo</th>
<td>SESI-CE</td>
</tr><tr bgcolor="#E3E3F3">
<th>eq_classe</th>
<td>SENAI-SESI-SENAC</td>
</tr><tr bgcolor="">
<th>eq_telefon</th>
<td>1122398484 / </td>
</tr><tr bgcolor="#E3E3F3">
<th>eq_setor</th>
<td>355030821000098</td>
</tr><tr bgcolor="">
<th>eq_areap</th>
<td>3550308005062</td>
</tr><tr bgcolor="#E3E3F3">
<th>eq_cd_dist</th>
<td>21</td>
</tr><tr bgcolor="">
<th>eq_distr</th>
<td>CASA VERDE</td>
</tr><tr bgcolor="#E3E3F3">
<th>eq_cd_subp</th>
<td>4</td>
</tr><tr bgcolor="">
<th>eq_subpref</th>
<td>CASA VERDE-CACHOEIRINHA</td>
</tr><tr bgcolor="#E3E3F3">
<th>eq_regiao5</th>
<td>Norte</td>
</tr><tr bgcolor="">
<th>eq_regiao8</th>
<td>Norte 2</td>
</tr><tr bgcolor="#E3E3F3">
<th>eq_ender</th>
<td>PRACA SANTISSIMA TRINDADE</td>
</tr><tr bgcolor="">
<th>eq_num</th>
<td>SN</td>
</tr><tr bgcolor="#E3E3F3">
<th>eq_compend</th>
<td>PRACA</td>
</tr><tr bgcolor="">
<th>eq_codcep</th>
<td>02543000</td>
</tr><tr bgcolor="#E3E3F3">
<th>eq_fone1</th>
<td>1122398484</td>
</tr><tr bgcolor="">
<th>eq_fone2</th>
<td></td>
</tr><tr bgcolor="#E3E3F3">
<th>eq_email</th>
<td>CE069@SESISP.ORG.BR</td>
</tr><tr bgcolor="">
<th>eq_cd_dirt</th>
<td>10102</td>
</tr><tr bgcolor="#E3E3F3">
<th>eq_diretor</th>
<td>CENTRO</td>
</tr><tr bgcolor="">
<th>eq_dre</th>
<td>FREGUESIA/BRASILANDIA</td>
</tr><tr bgcolor="#E3E3F3">
<th>eq_cd_zona</th>
<td>1</td>
</tr><tr bgcolor="">
<th>eq_zona</th>
<td>Urbana</td>
</tr><tr bgcolor="#E3E3F3">
<th>eq_cd_mec</th>
<td>35100080</td>
</tr><tr bgcolor="">
<th>eq_esfera</th>
<td>PRIVADA</td>
</tr><tr bgcolor="#E3E3F3">
<th>eq_cd_catg</th>
<td>1</td>
</tr><tr bgcolor="">
<th>eq_categor</th>
<td>ESCOLAS AUTONOMAS</td>
</tr><tr bgcolor="#E3E3F3">
<th>eq_eol</th>
<td>35100080</td>
</tr><tr bgcolor="">
<th>eq_horario</th>
<td></td>
</tr></table></center>]]></description>
			<styleUrl>#m_ylw-pushpin</styleUrl>
			<ExtendedData>
				<SchemaData schemaUrl="#kml_schema_ft_LL_WGS84_KMZ_TEMA_EDUCACAO_SENAI-SESI-SENAC">
					<SimpleData name="eq_id">2444</SimpleData>
					<SimpleData name="eq_nome">SESI 069 CENTRO EDUCACIONAL</SimpleData>
					<SimpleData name="eq_enderec">PRACA SANTISSIMA TRINDADE SN</SimpleData>
					<SimpleData name="eq_bairro">VILA ESPANHOLA</SimpleData>
					<SimpleData name="eq_cep">02543000</SimpleData>
					<SimpleData name="eq_tipo">SESI-CE</SimpleData>
					<SimpleData name="eq_classe">SENAI-SESI-SENAC</SimpleData>
					<SimpleData name="eq_telefon">1122398484 /</SimpleData>
					<SimpleData name="eq_setor">355030821000098</SimpleData>
					<SimpleData name="eq_areap">3550308005062</SimpleData>
					<SimpleData name="eq_cd_dist">21</SimpleData>
					<SimpleData name="eq_distr">CASA VERDE</SimpleData>
					<SimpleData name="eq_cd_subp">4</SimpleData>
					<SimpleData name="eq_subpref">CASA VERDE-CACHOEIRINHA</SimpleData>
					<SimpleData name="eq_regiao5">Norte</SimpleData>
					<SimpleData name="eq_regiao8">Norte 2</SimpleData>
					<SimpleData name="eq_ender">PRACA SANTISSIMA TRINDADE</SimpleData>
					<SimpleData name="eq_num">SN</SimpleData>
					<SimpleData name="eq_compend">PRACA</SimpleData>
					<SimpleData name="eq_codcep">02543000</SimpleData>
					<SimpleData name="eq_fone1">1122398484</SimpleData>
					<SimpleData name="eq_email">CE069@SESISP.ORG.BR</SimpleData>
					<SimpleData name="eq_cd_dirt">10102</SimpleData>
					<SimpleData name="eq_diretor">CENTRO</SimpleData>
					<SimpleData name="eq_dre">FREGUESIA/BRASILANDIA</SimpleData>
					<SimpleData name="eq_cd_zona">1</SimpleData>
					<SimpleData name="eq_zona">Urbana</SimpleData>
					<SimpleData name="eq_cd_mec">35100080</SimpleData>
					<SimpleData name="eq_esfera">PRIVADA</SimpleData>
					<SimpleData name="eq_cd_catg">1</SimpleData>
					<SimpleData name="eq_categor">ESCOLAS AUTONOMAS</SimpleData>
					<SimpleData name="eq_eol">35100080</SimpleData>
				</SchemaData>
			</ExtendedData>
			<Point>
				<coordinates>-46.6629724824074,-23.4869000386585,0</coordinates>
			</Point>
		</Placemark>
		<Placemark id="kml_3">
			<name>kml_3</name>
			<snippet></snippet>
			<description><![CDATA[<center><table><tr><th colspan='2' align='center'><em>Attributes</em></th></tr><tr bgcolor="#E3E3F3">
<th>eq_id</th>
<td>2456</td>
</tr><tr bgcolor="">
<th>eq_nome</th>
<td>SESI 388 CENTRO EDUCACIONAL</td>
</tr><tr bgcolor="#E3E3F3">
<th>eq_enderec</th>
<td>RUA PAULO CARNEIRO 8</td>
</tr><tr bgcolor="">
<th>eq_bairro</th>
<td>LAUSANE PAULISTA</td>
</tr><tr bgcolor="#E3E3F3">
<th>eq_cep</th>
<td>02441000</td>
</tr><tr bgcolor="">
<th>eq_tipo</th>
<td>SESI-CE</td>
</tr><tr bgcolor="#E3E3F3">
<th>eq_classe</th>
<td>SENAI-SESI-SENAC</td>
</tr><tr bgcolor="">
<th>eq_telefon</th>
<td>1122316568 / 1122338000</td>
</tr><tr bgcolor="#E3E3F3">
<th>eq_setor</th>
<td>355030851000173</td>
</tr><tr bgcolor="">
<th>eq_areap</th>
<td>3550308005128</td>
</tr><tr bgcolor="#E3E3F3">
<th>eq_cd_dist</th>
<td>51</td>
</tr><tr bgcolor="">
<th>eq_distr</th>
<td>MANDAQUI</td>
</tr><tr bgcolor="#E3E3F3">
<th>eq_cd_subp</th>
<td>5</td>
</tr><tr bgcolor="">
<th>eq_subpref</th>
<td>SANTANA-TUCURUVI</td>
</tr><tr bgcolor="#E3E3F3">
<th>eq_regiao5</th>
<td>Norte</td>
</tr><tr bgcolor="">
<th>eq_regiao8</th>
<td>Norte 1</td>
</tr><tr bgcolor="#E3E3F3">
<th>eq_ender</th>
<td>RUA PAULO CARNEIRO</td>
</tr><tr bgcolor="">
<th>eq_num</th>
<td>8</td>
</tr><tr bgcolor="#E3E3F3">
<th>eq_compend</th>
<td>RUA</td>
</tr><tr bgcolor="">
<th>eq_codcep</th>
<td>02441000</td>
</tr><tr bgcolor="#E3E3F3">
<th>eq_fone1</th>
<td>1122316568</td>
</tr><tr bgcolor="">
<th>eq_fone2</th>
<td>1122338000</td>
</tr><tr bgcolor="#E3E3F3">
<th>eq_email</th>
<td>CE388@SESISP.ORG.BR</td>
</tr><tr bgcolor="">
<th>eq_cd_dirt</th>
<td>10104</td>
</tr><tr bgcolor="#E3E3F3">
<th>eq_diretor</th>
<td>NORTE 2</td>
</tr><tr bgcolor="">
<th>eq_dre</th>
<td>JACANA/TREMEMBE</td>
</tr><tr bgcolor="#E3E3F3">
<th>eq_cd_zona</th>
<td>1</td>
</tr><tr bgcolor="">
<th>eq_zona</th>
<td>Urbana</td>
</tr><tr bgcolor="#E3E3F3">
<th>eq_cd_mec</th>
<td>35100365</td>
</tr><tr bgcolor="">
<th>eq_esfera</th>
<td>PRIVADA</td>
</tr><tr bgcolor="#E3E3F3">
<th>eq_cd_catg</th>
<td>1</td>
</tr><tr bgcolor="">
<th>eq_categor</th>
<td>ESCOLAS AUTONOMAS</td>
</tr><tr bgcolor="#E3E3F3">
<th>eq_eol</th>
<td>35100365</td>
</tr><tr bgcolor="">
<th>eq_horario</th>
<td></td>
</tr></table></center>]]></description>
			<styleUrl>#m_ylw-pushpin</styleUrl>
			<ExtendedData>
				<SchemaData schemaUrl="#kml_schema_ft_LL_WGS84_KMZ_TEMA_EDUCACAO_SENAI-SESI-SENAC">
					<SimpleData name="eq_id">2456</SimpleData>
					<SimpleData name="eq_nome">SESI 388 CENTRO EDUCACIONAL</SimpleData>
					<SimpleData name="eq_enderec">RUA PAULO CARNEIRO 8</SimpleData>
					<SimpleData name="eq_bairro">LAUSANE PAULISTA</SimpleData>
					<SimpleData name="eq_cep">02441000</SimpleData>
					<SimpleData name="eq_tipo">SESI-CE</SimpleData>
					<SimpleData name="eq_classe">SENAI-SESI-SENAC</SimpleData>
					<SimpleData name="eq_telefon">1122316568 / 1122338000</SimpleData>
					<SimpleData name="eq_setor">355030851000173</SimpleData>
					<SimpleData name="eq_areap">3550308005128</SimpleData>
					<SimpleData name="eq_cd_dist">51</SimpleData>
					<SimpleData name="eq_distr">MANDAQUI</SimpleData>
					<SimpleData name="eq_cd_subp">5</SimpleData>
					<SimpleData name="eq_subpref">SANTANA-TUCURUVI</SimpleData>
					<SimpleData name="eq_regiao5">Norte</SimpleData>
					<SimpleData name="eq_regiao8">Norte 1</SimpleData>
					<SimpleData name="eq_ender">RUA PAULO CARNEIRO</SimpleData>
					<SimpleData name="eq_num">8</SimpleData>
					<SimpleData name="eq_compend">RUA</SimpleData>
					<SimpleData name="eq_codcep">02441000</SimpleData>
					<SimpleData name="eq_fone1">1122316568</SimpleData>
					<SimpleData name="eq_fone2">1122338000</SimpleData>
					<SimpleData name="eq_email">CE388@SESISP.ORG.BR</SimpleData>
					<SimpleData name="eq_cd_dirt">10104</SimpleData>
					<SimpleData name="eq_diretor">NORTE 2</SimpleData>
					<SimpleData name="eq_dre">JACANA/TREMEMBE</SimpleData>
					<SimpleData name="eq_cd_zona">1</SimpleData>
					<SimpleData name="eq_zona">Urbana</SimpleData>
					<SimpleData name="eq_cd_mec">35100365</SimpleData>
					<SimpleData name="eq_esfera">PRIVADA</SimpleData>
					<SimpleData name="eq_cd_catg">1</SimpleData>
					<SimpleData name="eq_categor">ESCOLAS AUTONOMAS</SimpleData>
					<SimpleData name="eq_eol">35100365</SimpleData>
				</SchemaData>
			</ExtendedData>
			<Point>
				<coordinates>-46.640798211504,-23.4743931050094,0</coordinates>
			</Point>
		</Placemark>
		<Placemark id="kml_4">
			<name>kml_4</name>
			<snippet></snippet>
			<description><![CDATA[<center><table><tr><th colspan='2' align='center'><em>Attributes</em></th></tr><tr bgcolor="#E3E3F3">
<th>eq_id</th>
<td>2482</td>
</tr><tr bgcolor="">
<th>eq_nome</th>
<td>SESI 032 CENTRO EDUCACIONAL</td>
</tr><tr bgcolor="#E3E3F3">
<th>eq_enderec</th>
<td>CATUMBI 318</td>
</tr><tr bgcolor="">
<th>eq_bairro</th>
<td>CATUMBI</td>
</tr><tr bgcolor="#E3E3F3">
<th>eq_cep</th>
<td>03021000</td>
</tr><tr bgcolor="">
<th>eq_tipo</th>
<td>SESI-CE</td>
</tr><tr bgcolor="#E3E3F3">
<th>eq_classe</th>
<td>SENAI-SESI-SENAC</td>
</tr><tr bgcolor="">
<th>eq_telefon</th>
<td>1133865651 / 1133865657</td>
</tr><tr bgcolor="#E3E3F3">
<th>eq_setor</th>
<td>355030808000018</td>
</tr><tr bgcolor="">
<th>eq_areap</th>
<td>3550308005016</td>
</tr><tr bgcolor="#E3E3F3">
<th>eq_cd_dist</th>
<td>8</td>
</tr><tr bgcolor="">
<th>eq_distr</th>
<td>BELEM</td>
</tr><tr bgcolor="#E3E3F3">
<th>eq_cd_subp</th>
<td>25</td>
</tr><tr bgcolor="">
<th>eq_subpref</th>
<td>MOOCA</td>
</tr><tr bgcolor="#E3E3F3">
<th>eq_regiao5</th>
<td>Leste</td>
</tr><tr bgcolor="">
<th>eq_regiao8</th>
<td>Leste 1</td>
</tr><tr bgcolor="#E3E3F3">
<th>eq_ender</th>
<td>CATUMBI</td>
</tr><tr bgcolor="">
<th>eq_num</th>
<td>318</td>
</tr><tr bgcolor="#E3E3F3">
<th>eq_compend</th>
<td>RUA</td>
</tr><tr bgcolor="">
<th>eq_codcep</th>
<td>03021000</td>
</tr><tr bgcolor="#E3E3F3">
<th>eq_fone1</th>
<td>1133865651</td>
</tr><tr bgcolor="">
<th>eq_fone2</th>
<td>1133865657</td>
</tr><tr bgcolor="#E3E3F3">
<th>eq_email</th>
<td>CE032@SESISP.ORG.BR</td>
</tr><tr bgcolor="">
<th>eq_cd_dirt</th>
<td>10205</td>
</tr><tr bgcolor="#E3E3F3">
<th>eq_diretor</th>
<td>LESTE 5</td>
</tr><tr bgcolor="">
<th>eq_dre</th>
<td>PENHA</td>
</tr><tr bgcolor="#E3E3F3">
<th>eq_cd_zona</th>
<td>1</td>
</tr><tr bgcolor="">
<th>eq_zona</th>
<td>Urbana</td>
</tr><tr bgcolor="#E3E3F3">
<th>eq_cd_mec</th>
<td>35101266</td>
</tr><tr bgcolor="">
<th>eq_esfera</th>
<td>PRIVADA</td>
</tr><tr bgcolor="#E3E3F3">
<th>eq_cd_catg</th>
<td>1</td>
</tr><tr bgcolor="">
<th>eq_categor</th>
<td>ESCOLAS AUTONOMAS</td>
</tr><tr bgcolor="#E3E3F3">
<th>eq_eol</th>
<td>35101266</td>
</tr><tr bgcolor="">
<th>eq_horario</th>
<td></td>
</tr></table></center>]]></description>
			<styleUrl>#m_ylw-pushpin</styleUrl>
			<ExtendedData>
				<SchemaData schemaUrl="#kml_schema_ft_LL_WGS84_KMZ_TEMA_EDUCACAO_SENAI-SESI-SENAC">
					<SimpleData name="eq_id">2482</SimpleData>
					<SimpleData name="eq_nome">SESI 032 CENTRO EDUCACIONAL</SimpleData>
					<SimpleData name="eq_enderec">CATUMBI 318</SimpleData>
					<SimpleData name="eq_bairro">CATUMBI</SimpleData>
					<SimpleData name="eq_cep">03021000</SimpleData>
					<SimpleData name="eq_tipo">SESI-CE</SimpleData>
					<SimpleData name="eq_classe">SENAI-SESI-SENAC</SimpleData>
					<SimpleData name="eq_telefon">1133865651 / 1133865657</SimpleData>
					<SimpleData name="eq_setor">355030808000018</SimpleData>
					<SimpleData name="eq_areap">3550308005016</SimpleData>
					<SimpleData name="eq_cd_dist">8</SimpleData>
					<SimpleData name="eq_distr">BELEM</SimpleData>
					<SimpleData name="eq_cd_subp">25</SimpleData>
					<SimpleData name="eq_subpref">MOOCA</SimpleData>
					<SimpleData name="eq_regiao5">Leste</SimpleData>
					<SimpleData name="eq_regiao8">Leste 1</SimpleData>
					<SimpleData name="eq_ender">CATUMBI</SimpleData>
					<SimpleData name="eq_num">318</SimpleData>
					<SimpleData name="eq_compend">RUA</SimpleData>
					<SimpleData name="eq_codcep">03021000</SimpleData>
					<SimpleData name="eq_fone1">1133865651</SimpleData>
					<SimpleData name="eq_fone2">1133865657</SimpleData>
					<SimpleData name="eq_email">CE032@SESISP.ORG.BR</SimpleData>
					<SimpleData name="eq_cd_dirt">10205</SimpleData>
					<SimpleData name="eq_diretor">LESTE 5</SimpleData>
					<SimpleData name="eq_dre">PENHA</SimpleData>
					<SimpleData name="eq_cd_zona">1</SimpleData>
					<SimpleData name="eq_zona">Urbana</SimpleData>
					<SimpleData name="eq_cd_mec">35101266</SimpleData>
					<SimpleData name="eq_esfera">PRIVADA</SimpleData>
					<SimpleData name="eq_cd_catg">1</SimpleData>
					<SimpleData name="eq_categor">ESCOLAS AUTONOMAS</SimpleData>
					<SimpleData name="eq_eol">35101266</SimpleData>
				</SchemaData>
			</ExtendedData>
			<Point>
				<coordinates>-46.5990821125779,-23.5348154458494,0</coordinates>
			</Point>
		</Placemark>
		<Placemark id="kml_5">
			<name>kml_5</name>
			<snippet></snippet>
			<description><![CDATA[<center><table><tr><th colspan='2' align='center'><em>Attributes</em></th></tr><tr bgcolor="#E3E3F3">
<th>eq_id</th>
<td>2500</td>
</tr><tr bgcolor="">
<th>eq_nome</th>
<td>SESI 379 CENTRO EDUCACIONAL</td>
</tr><tr bgcolor="#E3E3F3">
<th>eq_enderec</th>
<td>AVENIDA GUILHERME GIORGI 200</td>
</tr><tr bgcolor="">
<th>eq_bairro</th>
<td>VILA CARRAO</td>
</tr><tr bgcolor="#E3E3F3">
<th>eq_cep</th>
<td>03422000</td>
</tr><tr bgcolor="">
<th>eq_tipo</th>
<td>SESI-CE</td>
</tr><tr bgcolor="#E3E3F3">
<th>eq_classe</th>
<td>SENAI-SESI-SENAC</td>
</tr><tr bgcolor="">
<th>eq_telefon</th>
<td>1122969501 / 1129420913</td>
</tr><tr bgcolor="#E3E3F3">
<th>eq_setor</th>
<td>355030820000024</td>
</tr><tr bgcolor="">
<th>eq_areap</th>
<td>3550308005077</td>
</tr><tr bgcolor="#E3E3F3">
<th>eq_cd_dist</th>
<td>20</td>
</tr><tr bgcolor="">
<th>eq_distr</th>
<td>CARRAO</td>
</tr><tr bgcolor="#E3E3F3">
<th>eq_cd_subp</th>
<td>26</td>
</tr><tr bgcolor="">
<th>eq_subpref</th>
<td>ARICANDUVA-FORMOSA-CARRAO</td>
</tr><tr bgcolor="#E3E3F3">
<th>eq_regiao5</th>
<td>Leste</td>
</tr><tr bgcolor="">
<th>eq_regiao8</th>
<td>Leste 1</td>
</tr><tr bgcolor="#E3E3F3">
<th>eq_ender</th>
<td>AVENIDA GUILHERME GIORGI</td>
</tr><tr bgcolor="">
<th>eq_num</th>
<td>200</td>
</tr><tr bgcolor="#E3E3F3">
<th>eq_compend</th>
<td>AVENIDA</td>
</tr><tr bgcolor="">
<th>eq_codcep</th>
<td>03422000</td>
</tr><tr bgcolor="#E3E3F3">
<th>eq_fone1</th>
<td>1122969501</td>
</tr><tr bgcolor="">
<th>eq_fone2</th>
<td>1129420913</td>
</tr><tr bgcolor="#E3E3F3">
<th>eq_email</th>
<td>CE379@SESISP.ORG.BR</td>
</tr><tr bgcolor="">
<th>eq_cd_dirt</th>
<td>10205</td>
</tr><tr bgcolor="#E3E3F3">
<th>eq_diretor</th>
<td>LESTE 5</td>
</tr><tr bgcolor="">
<th>eq_dre</th>
<td>ITAQUERA</td>
</tr><tr bgcolor="#E3E3F3">
<th>eq_cd_zona</th>
<td>1</td>
</tr><tr bgcolor="">
<th>eq_zona</th>
<td>Urbana</td>
</tr><tr bgcolor="#E3E3F3">
<th>eq_cd_mec</th>
<td>35101771</td>
</tr><tr bgcolor="">
<th>eq_esfera</th>
<td>PRIVADA</td>
</tr><tr bgcolor="#E3E3F3">
<th>eq_cd_catg</th>
<td>1</td>
</tr><tr bgcolor="">
<th>eq_categor</th>
<td>ESCOLAS AUTONOMAS</td>
</tr><tr bgcolor="#E3E3F3">
<th>eq_eol</th>
<td>35101771</td>
</tr><tr bgcolor="">
<th>eq_horario</th>
<td></td>
</tr></table></center>]]></description>
			<styleUrl>#m_ylw-pushpin</styleUrl>
			<ExtendedData>
				<SchemaData schemaUrl="#kml_schema_ft_LL_WGS84_KMZ_TEMA_EDUCACAO_SENAI-SESI-SENAC">
					<SimpleData name="eq_id">2500</SimpleData>
					<SimpleData name="eq_nome">SESI 379 CENTRO EDUCACIONAL</SimpleData>
					<SimpleData name="eq_enderec">AVENIDA GUILHERME GIORGI 200</SimpleData>
					<SimpleData name="eq_bairro">VILA CARRAO</SimpleData>
					<SimpleData name="eq_cep">03422000</SimpleData>
					<SimpleData name="eq_tipo">SESI-CE</SimpleData>
					<SimpleData name="eq_classe">SENAI-SESI-SENAC</SimpleData>
					<SimpleData name="eq_telefon">1122969501 / 1129420913</SimpleData>
					<SimpleData name="eq_setor">355030820000024</SimpleData>
					<SimpleData name="eq_areap">3550308005077</SimpleData>
					<SimpleData name="eq_cd_dist">20</SimpleData>
					<SimpleData name="eq_distr">CARRAO</SimpleData>
					<SimpleData name="eq_cd_subp">26</SimpleData>
					<SimpleData name="eq_subpref">ARICANDUVA-FORMOSA-CARRAO</SimpleData>
					<SimpleData name="eq_regiao5">Leste</SimpleData>
					<SimpleData name="eq_regiao8">Leste 1</SimpleData>
					<SimpleData name="eq_ender">AVENIDA GUILHERME GIORGI</SimpleData>
					<SimpleData name="eq_num">200</SimpleData>
					<SimpleData name="eq_compend">AVENIDA</SimpleData>
					<SimpleData name="eq_codcep">03422000</SimpleData>
					<SimpleData name="eq_fone1">1122969501</SimpleData>
					<SimpleData name="eq_fone2">1129420913</SimpleData>
					<SimpleData name="eq_email">CE379@SESISP.ORG.BR</SimpleData>
					<SimpleData name="eq_cd_dirt">10205</SimpleData>
					<SimpleData name="eq_diretor">LESTE 5</SimpleData>
					<SimpleData name="eq_dre">ITAQUERA</SimpleData>
					<SimpleData name="eq_cd_zona">1</SimpleData>
					<SimpleData name="eq_zona">Urbana</SimpleData>
					<SimpleData name="eq_cd_mec">35101771</SimpleData>
					<SimpleData name="eq_esfera">PRIVADA</SimpleData>
					<SimpleData name="eq_cd_catg">1</SimpleData>
					<SimpleData name="eq_categor">ESCOLAS AUTONOMAS</SimpleData>
					<SimpleData name="eq_eol">35101771</SimpleData>
				</SchemaData>
			</ExtendedData>
			<Point>
				<coordinates>-46.5422906797702,-23.5484566599388,0</coordinates>
			</Point>
		</Placemark>
		<Placemark id="kml_6">
			<name>kml_6</name>
			<snippet></snippet>
			<description><![CDATA[<center><table><tr><th colspan='2' align='center'><em>Attributes</em></th></tr><tr bgcolor="#E3E3F3">
<th>eq_id</th>
<td>2522</td>
</tr><tr bgcolor="">
<th>eq_nome</th>
<td>SESI 074 CENTRO EDUCACIONAL</td>
</tr><tr bgcolor="#E3E3F3">
<th>eq_enderec</th>
<td>AVENIDA CAICARA RIO DO VENTO 252</td>
</tr><tr bgcolor="">
<th>eq_bairro</th>
<td>ERMELINO MATARAZZO</td>
</tr><tr bgcolor="#E3E3F3">
<th>eq_cep</th>
<td>03817000</td>
</tr><tr bgcolor="">
<th>eq_tipo</th>
<td>SESI-CE</td>
</tr><tr bgcolor="#E3E3F3">
<th>eq_classe</th>
<td>SENAI-SESI-SENAC</td>
</tr><tr bgcolor="">
<th>eq_telefon</th>
<td>1129431646 / </td>
</tr><tr bgcolor="#E3E3F3">
<th>eq_setor</th>
<td>355030828000123</td>
</tr><tr bgcolor="">
<th>eq_areap</th>
<td>3550308005140</td>
</tr><tr bgcolor="#E3E3F3">
<th>eq_cd_dist</th>
<td>28</td>
</tr><tr bgcolor="">
<th>eq_distr</th>
<td>ERMELINO MATARAZZO</td>
</tr><tr bgcolor="#E3E3F3">
<th>eq_cd_subp</th>
<td>22</td>
</tr><tr bgcolor="">
<th>eq_subpref</th>
<td>ERMELINO MATARAZZO</td>
</tr><tr bgcolor="#E3E3F3">
<th>eq_regiao5</th>
<td>Leste</td>
</tr><tr bgcolor="">
<th>eq_regiao8</th>
<td>Leste 2</td>
</tr><tr bgcolor="#E3E3F3">
<th>eq_ender</th>
<td>AVENIDA CAICARA RIO DO VENTO</td>
</tr><tr bgcolor="">
<th>eq_num</th>
<td>252</td>
</tr><tr bgcolor="#E3E3F3">
<th>eq_compend</th>
<td>RUA</td>
</tr><tr bgcolor="">
<th>eq_codcep</th>
<td>03817000</td>
</tr><tr bgcolor="#E3E3F3">
<th>eq_fone1</th>
<td>1129431646</td>
</tr><tr bgcolor="">
<th>eq_fone2</th>
<td></td>
</tr><tr bgcolor="#E3E3F3">
<th>eq_email</th>
<td>CE074@SESISP.ORG.BR</td>
</tr><tr bgcolor="">
<th>eq_cd_dirt</th>
<td>10207</td>
</tr><tr bgcolor="#E3E3F3">
<th>eq_diretor</th>
<td>LESTE 1</td>
</tr><tr bgcolor="">
<th>eq_dre</th>
<td>PENHA</td>
</tr><tr bgcolor="#E3E3F3">
<th>eq_cd_zona</th>
<td>1</td>
</tr><tr bgcolor="">
<th>eq_zona</th>
<td>Urbana</td>
</tr><tr bgcolor="#E3E3F3">
<th>eq_cd_mec</th>
<td>35102167</td>
</tr><tr bgcolor="">
<th>eq_esfera</th>
<td>PRIVADA</td>
</tr><tr bgcolor="#E3E3F3">
<th>eq_cd_catg</th>
<td>1</td>
</tr><tr bgcolor="">
<th>eq_categor</th>
<td>ESCOLAS AUTONOMAS</td>
</tr><tr bgcolor="#E3E3F3">
<th>eq_eol</th>
<td>35102167</td>
</tr><tr bgcolor="">
<th>eq_horario</th>
<td></td>
</tr></table></center>]]></description>
			<styleUrl>#m_ylw-pushpin</styleUrl>
			<ExtendedData>
				<SchemaData schemaUrl="#kml_schema_ft_LL_WGS84_KMZ_TEMA_EDUCACAO_SENAI-SESI-SENAC">
					<SimpleData name="eq_id">2522</SimpleData>
					<SimpleData name="eq_nome">SESI 074 CENTRO EDUCACIONAL</SimpleData>
					<SimpleData name="eq_enderec">AVENIDA CAICARA RIO DO VENTO 252</SimpleData>
					<SimpleData name="eq_bairro">ERMELINO MATARAZZO</SimpleData>
					<SimpleData name="eq_cep">03817000</SimpleData>
					<SimpleData name="eq_tipo">SESI-CE</SimpleData>
					<SimpleData name="eq_classe">SENAI-SESI-SENAC</SimpleData>
					<SimpleData name="eq_telefon">1129431646 /</SimpleData>
					<SimpleData name="eq_setor">355030828000123</SimpleData>
					<SimpleData name="eq_areap">3550308005140</SimpleData>
					<SimpleData name="eq_cd_dist">28</SimpleData>
					<SimpleData name="eq_distr">ERMELINO MATARAZZO</SimpleData>
					<SimpleData name="eq_cd_subp">22</SimpleData>
					<SimpleData name="eq_subpref">ERMELINO MATARAZZO</SimpleData>
					<SimpleData name="eq_regiao5">Leste</SimpleData>
					<SimpleData name="eq_regiao8">Leste 2</SimpleData>
					<SimpleData name="eq_ender">AVENIDA CAICARA RIO DO VENTO</SimpleData>
					<SimpleData name="eq_num">252</SimpleData>
					<SimpleData name="eq_compend">RUA</SimpleData>
					<SimpleData name="eq_codcep">03817000</SimpleData>
					<SimpleData name="eq_fone1">1129431646</SimpleData>
					<SimpleData name="eq_email">CE074@SESISP.ORG.BR</SimpleData>
					<SimpleData name="eq_cd_dirt">10207</SimpleData>
					<SimpleData name="eq_diretor">LESTE 1</SimpleData>
					<SimpleData name="eq_dre">PENHA</SimpleData>
					<SimpleData name="eq_cd_zona">1</SimpleData>
					<SimpleData name="eq_zona">Urbana</SimpleData>
					<SimpleData name="eq_cd_mec">35102167</SimpleData>
					<SimpleData name="eq_esfera">PRIVADA</SimpleData>
					<SimpleData name="eq_cd_catg">1</SimpleData>
					<SimpleData name="eq_categor">ESCOLAS AUTONOMAS</SimpleData>
					<SimpleData name="eq_eol">35102167</SimpleData>
				</SchemaData>
			</ExtendedData>
			<Point>
				<coordinates>-46.4960210889438,-23.4930185887925,0</coordinates>
			</Point>
		</Placemark>
		<Placemark id="kml_7">
			<name>kml_7</name>
			<snippet></snippet>
			<description><![CDATA[<center><table><tr><th colspan='2' align='center'><em>Attributes</em></th></tr><tr bgcolor="#E3E3F3">
<th>eq_id</th>
<td>2533</td>
</tr><tr bgcolor="">
<th>eq_nome</th>
<td>SESI 414 CENTRO EDUCACIONAL</td>
</tr><tr bgcolor="#E3E3F3">
<th>eq_enderec</th>
<td>RUA CARLOS WEBER 835</td>
</tr><tr bgcolor="">
<th>eq_bairro</th>
<td>VILA LEOPOLDINA</td>
</tr><tr bgcolor="#E3E3F3">
<th>eq_cep</th>
<td>05303000</td>
</tr><tr bgcolor="">
<th>eq_tipo</th>
<td>SESI-CE</td>
</tr><tr bgcolor="#E3E3F3">
<th>eq_classe</th>
<td>SENAI-SESI-SENAC</td>
</tr><tr bgcolor="">
<th>eq_telefon</th>
<td>1138331050 / </td>
</tr><tr bgcolor="#E3E3F3">
<th>eq_setor</th>
<td>355030888000003</td>
</tr><tr bgcolor="">
<th>eq_areap</th>
<td>3550308005107</td>
</tr><tr bgcolor="#E3E3F3">
<th>eq_cd_dist</th>
<td>88</td>
</tr><tr bgcolor="">
<th>eq_distr</th>
<td>VILA LEOPOLDINA</td>
</tr><tr bgcolor="#E3E3F3">
<th>eq_cd_subp</th>
<td>8</td>
</tr><tr bgcolor="">
<th>eq_subpref</th>
<td>LAPA</td>
</tr><tr bgcolor="#E3E3F3">
<th>eq_regiao5</th>
<td>Oeste</td>
</tr><tr bgcolor="">
<th>eq_regiao8</th>
<td>Oeste</td>
</tr><tr bgcolor="#E3E3F3">
<th>eq_ender</th>
<td>RUA CARLOS WEBER</td>
</tr><tr bgcolor="">
<th>eq_num</th>
<td>835</td>
</tr><tr bgcolor="#E3E3F3">
<th>eq_compend</th>
<td></td>
</tr><tr bgcolor="">
<th>eq_codcep</th>
<td>05303000</td>
</tr><tr bgcolor="#E3E3F3">
<th>eq_fone1</th>
<td>1138331050</td>
</tr><tr bgcolor="">
<th>eq_fone2</th>
<td></td>
</tr><tr bgcolor="#E3E3F3">
<th>eq_email</th>
<td>CE414@SESISP.ORG.BR</td>
</tr><tr bgcolor="">
<th>eq_cd_dirt</th>
<td>10312</td>
</tr><tr bgcolor="#E3E3F3">
<th>eq_diretor</th>
<td>CENTRO OESTE</td>
</tr><tr bgcolor="">
<th>eq_dre</th>
<td>PIRITUBA</td>
</tr><tr bgcolor="#E3E3F3">
<th>eq_cd_zona</th>
<td>1</td>
</tr><tr bgcolor="">
<th>eq_zona</th>
<td>Urbana</td>
</tr><tr bgcolor="#E3E3F3">
<th>eq_cd_mec</th>
<td>35102428</td>
</tr><tr bgcolor="">
<th>eq_esfera</th>
<td>PRIVADA</td>
</tr><tr bgcolor="#E3E3F3">
<th>eq_cd_catg</th>
<td>1</td>
</tr><tr bgcolor="">
<th>eq_categor</th>
<td>ESCOLAS AUTONOMAS</td>
</tr><tr bgcolor="#E3E3F3">
<th>eq_eol</th>
<td>35102428</td>
</tr><tr bgcolor="">
<th>eq_horario</th>
<td></td>
</tr></table></center>]]></description>
			<styleUrl>#m_ylw-pushpin</styleUrl>
			<ExtendedData>
				<SchemaData schemaUrl="#kml_schema_ft_LL_WGS84_KMZ_TEMA_EDUCACAO_SENAI-SESI-SENAC">
					<SimpleData name="eq_id">2533</SimpleData>
					<SimpleData name="eq_nome">SESI 414 CENTRO EDUCACIONAL</SimpleData>
					<SimpleData name="eq_enderec">RUA CARLOS WEBER 835</SimpleData>
					<SimpleData name="eq_bairro">VILA LEOPOLDINA</SimpleData>
					<SimpleData name="eq_cep">05303000</SimpleData>
					<SimpleData name="eq_tipo">SESI-CE</SimpleData>
					<SimpleData name="eq_classe">SENAI-SESI-SENAC</SimpleData>
					<SimpleData name="eq_telefon">1138331050 /</SimpleData>
					<SimpleData name="eq_setor">355030888000003</SimpleData>
					<SimpleData name="eq_areap">3550308005107</SimpleData>
					<SimpleData name="eq_cd_dist">88</SimpleData>
					<SimpleData name="eq_distr">VILA LEOPOLDINA</SimpleData>
					<SimpleData name="eq_cd_subp">8</SimpleData>
					<SimpleData name="eq_subpref">LAPA</SimpleData>
					<SimpleData name="eq_regiao5">Oeste</SimpleData>
					<SimpleData name="eq_regiao8">Oeste</SimpleData>
					<SimpleData name="eq_ender">RUA CARLOS WEBER</SimpleData>
					<SimpleData name="eq_num">835</SimpleData>
					<SimpleData name="eq_codcep">05303000</SimpleData>
					<SimpleData name="eq_fone1">1138331050</SimpleData>
					<SimpleData name="eq_email">CE414@SESISP.ORG.BR</SimpleData>
					<SimpleData name="eq_cd_dirt">10312</SimpleData>
					<SimpleData name="eq_diretor">CENTRO OESTE</SimpleData>
					<SimpleData name="eq_dre">PIRITUBA</SimpleData>
					<SimpleData name="eq_cd_zona">1</SimpleData>
					<SimpleData name="eq_zona">Urbana</SimpleData>
					<SimpleData name="eq_cd_mec">35102428</SimpleData>
					<SimpleData name="eq_esfera">PRIVADA</SimpleData>
					<SimpleData name="eq_cd_catg">1</SimpleData>
					<SimpleData name="eq_categor">ESCOLAS AUTONOMAS</SimpleData>
					<SimpleData name="eq_eol">35102428</SimpleData>
				</SchemaData>
			</ExtendedData>
			<Point>
				<coordinates>-46.7294022135647,-23.527653074994,0</coordinates>
			</Point>
		</Placemark>
		<Placemark id="kml_8">
			<name>kml_8</name>
			<snippet></snippet>
			<description><![CDATA[<center><table><tr><th colspan='2' align='center'><em>Attributes</em></th></tr><tr bgcolor="#E3E3F3">
<th>eq_id</th>
<td>2644</td>
</tr><tr bgcolor="">
<th>eq_nome</th>
<td>SESI 111 CENTRO EDUCACIONAL</td>
</tr><tr bgcolor="#E3E3F3">
<th>eq_enderec</th>
<td>RUA BOM PASTOR 654</td>
</tr><tr bgcolor="">
<th>eq_bairro</th>
<td>IPIRANGA</td>
</tr><tr bgcolor="#E3E3F3">
<th>eq_cep</th>
<td>04203000</td>
</tr><tr bgcolor="">
<th>eq_tipo</th>
<td>SESI-CE</td>
</tr><tr bgcolor="#E3E3F3">
<th>eq_classe</th>
<td>SENAI-SESI-SENAC</td>
</tr><tr bgcolor="">
<th>eq_telefon</th>
<td>1120650142 / </td>
</tr><tr bgcolor="#E3E3F3">
<th>eq_setor</th>
<td>355030834000009</td>
</tr><tr bgcolor="">
<th>eq_areap</th>
<td>3550308005019</td>
</tr><tr bgcolor="#E3E3F3">
<th>eq_cd_dist</th>
<td>34</td>
</tr><tr bgcolor="">
<th>eq_distr</th>
<td>IPIRANGA</td>
</tr><tr bgcolor="#E3E3F3">
<th>eq_cd_subp</th>
<td>13</td>
</tr><tr bgcolor="">
<th>eq_subpref</th>
<td>IPIRANGA</td>
</tr><tr bgcolor="#E3E3F3">
<th>eq_regiao5</th>
<td>Sul</td>
</tr><tr bgcolor="">
<th>eq_regiao8</th>
<td>Sul 1</td>
</tr><tr bgcolor="#E3E3F3">
<th>eq_ender</th>
<td>RUA BOM PASTOR</td>
</tr><tr bgcolor="">
<th>eq_num</th>
<td>654</td>
</tr><tr bgcolor="#E3E3F3">
<th>eq_compend</th>
<td>RUA</td>
</tr><tr bgcolor="">
<th>eq_codcep</th>
<td>04203000</td>
</tr><tr bgcolor="#E3E3F3">
<th>eq_fone1</th>
<td>1120650142</td>
</tr><tr bgcolor="">
<th>eq_fone2</th>
<td></td>
</tr><tr bgcolor="#E3E3F3">
<th>eq_email</th>
<td>CE111@SESISP.ORG.BR</td>
</tr><tr bgcolor="">
<th>eq_cd_dirt</th>
<td>10316</td>
</tr><tr bgcolor="#E3E3F3">
<th>eq_diretor</th>
<td>CENTRO SUL</td>
</tr><tr bgcolor="">
<th>eq_dre</th>
<td>IPIRANGA</td>
</tr><tr bgcolor="#E3E3F3">
<th>eq_cd_zona</th>
<td>1</td>
</tr><tr bgcolor="">
<th>eq_zona</th>
<td>Urbana</td>
</tr><tr bgcolor="#E3E3F3">
<th>eq_cd_mec</th>
<td>35106677</td>
</tr><tr bgcolor="">
<th>eq_esfera</th>
<td>PRIVADA</td>
</tr><tr bgcolor="#E3E3F3">
<th>eq_cd_catg</th>
<td>1</td>
</tr><tr bgcolor="">
<th>eq_categor</th>
<td>ESCOLAS AUTONOMAS</td>
</tr><tr bgcolor="#E3E3F3">
<th>eq_eol</th>
<td>35106677</td>
</tr><tr bgcolor="">
<th>eq_horario</th>
<td></td>
</tr></table></center>]]></description>
			<styleUrl>#m_ylw-pushpin</styleUrl>
			<ExtendedData>
				<SchemaData schemaUrl="#kml_schema_ft_LL_WGS84_KMZ_TEMA_EDUCACAO_SENAI-SESI-SENAC">
					<SimpleData name="eq_id">2644</SimpleData>
					<SimpleData name="eq_nome">SESI 111 CENTRO EDUCACIONAL</SimpleData>
					<SimpleData name="eq_enderec">RUA BOM PASTOR 654</SimpleData>
					<SimpleData name="eq_bairro">IPIRANGA</SimpleData>
					<SimpleData name="eq_cep">04203000</SimpleData>
					<SimpleData name="eq_tipo">SESI-CE</SimpleData>
					<SimpleData name="eq_classe">SENAI-SESI-SENAC</SimpleData>
					<SimpleData name="eq_telefon">1120650142 /</SimpleData>
					<SimpleData name="eq_setor">355030834000009</SimpleData>
					<SimpleData name="eq_areap">3550308005019</SimpleData>
					<SimpleData name="eq_cd_dist">34</SimpleData>
					<SimpleData name="eq_distr">IPIRANGA</SimpleData>
					<SimpleData name="eq_cd_subp">13</SimpleData>
					<SimpleData name="eq_subpref">IPIRANGA</SimpleData>
					<SimpleData name="eq_regiao5">Sul</SimpleData>
					<SimpleData name="eq_regiao8">Sul 1</SimpleData>
					<SimpleData name="eq_ender">RUA BOM PASTOR</SimpleData>
					<SimpleData name="eq_num">654</SimpleData>
					<SimpleData name="eq_compend">RUA</SimpleData>
					<SimpleData name="eq_codcep">04203000</SimpleData>
					<SimpleData name="eq_fone1">1120650142</SimpleData>
					<SimpleData name="eq_email">CE111@SESISP.ORG.BR</SimpleData>
					<SimpleData name="eq_cd_dirt">10316</SimpleData>
					<SimpleData name="eq_diretor">CENTRO SUL</SimpleData>
					<SimpleData name="eq_dre">IPIRANGA</SimpleData>
					<SimpleData name="eq_cd_zona">1</SimpleData>
					<SimpleData name="eq_zona">Urbana</SimpleData>
					<SimpleData name="eq_cd_mec">35106677</SimpleData>
					<SimpleData name="eq_esfera">PRIVADA</SimpleData>
					<SimpleData name="eq_cd_catg">1</SimpleData>
					<SimpleData name="eq_categor">ESCOLAS AUTONOMAS</SimpleData>
					<SimpleData name="eq_eol">35106677</SimpleData>
				</SchemaData>
			</ExtendedData>
			<Point>
				<coordinates>-46.6084793707662,-23.5823487004107,0</coordinates>
			</Point>
		</Placemark>
		<Placemark id="kml_9">
			<name>kml_9</name>
			<snippet></snippet>
			<description><![CDATA[<center><table><tr><th colspan='2' align='center'><em>Attributes</em></th></tr><tr bgcolor="#E3E3F3">
<th>eq_id</th>
<td>2661</td>
</tr><tr bgcolor="">
<th>eq_nome</th>
<td>SESI 402 CENTRO EDUCACIONAL</td>
</tr><tr bgcolor="#E3E3F3">
<th>eq_enderec</th>
<td>RUA JULIO FELIPE GUEDES 138</td>
</tr><tr bgcolor="">
<th>eq_bairro</th>
<td>VILA DAS MERCES</td>
</tr><tr bgcolor="#E3E3F3">
<th>eq_cep</th>
<td>04174000</td>
</tr><tr bgcolor="">
<th>eq_tipo</th>
<td>SESI-CE</td>
</tr><tr bgcolor="#E3E3F3">
<th>eq_classe</th>
<td>SENAI-SESI-SENAC</td>
</tr><tr bgcolor="">
<th>eq_telefon</th>
<td>1120834700 / </td>
</tr><tr bgcolor="#E3E3F3">
<th>eq_setor</th>
<td>355030868000072</td>
</tr><tr bgcolor="">
<th>eq_areap</th>
<td>3550308005088</td>
</tr><tr bgcolor="#E3E3F3">
<th>eq_cd_dist</th>
<td>68</td>
</tr><tr bgcolor="">
<th>eq_distr</th>
<td>SACOMA</td>
</tr><tr bgcolor="#E3E3F3">
<th>eq_cd_subp</th>
<td>13</td>
</tr><tr bgcolor="">
<th>eq_subpref</th>
<td>IPIRANGA</td>
</tr><tr bgcolor="#E3E3F3">
<th>eq_regiao5</th>
<td>Sul</td>
</tr><tr bgcolor="">
<th>eq_regiao8</th>
<td>Sul 1</td>
</tr><tr bgcolor="#E3E3F3">
<th>eq_ender</th>
<td>RUA JULIO FELIPE GUEDES</td>
</tr><tr bgcolor="">
<th>eq_num</th>
<td>138</td>
</tr><tr bgcolor="#E3E3F3">
<th>eq_compend</th>
<td>RUA</td>
</tr><tr bgcolor="">
<th>eq_codcep</th>
<td>04174000</td>
</tr><tr bgcolor="#E3E3F3">
<th>eq_fone1</th>
<td>1120834700</td>
</tr><tr bgcolor="">
<th>eq_fone2</th>
<td></td>
</tr><tr bgcolor="#E3E3F3">
<th>eq_email</th>
<td>CE402@SESISP.ORG.BR</td>
</tr><tr bgcolor="">
<th>eq_cd_dirt</th>
<td>10316</td>
</tr><tr bgcolor="#E3E3F3">
<th>eq_diretor</th>
<td>CENTRO SUL</td>
</tr><tr bgcolor="">
<th>eq_dre</th>
<td>IPIRANGA</td>
</tr><tr bgcolor="#E3E3F3">
<th>eq_cd_zona</th>
<td>1</td>
</tr><tr bgcolor="">
<th>eq_zona</th>
<td>Urbana</td>
</tr><tr bgcolor="#E3E3F3">
<th>eq_cd_mec</th>
<td>35107153</td>
</tr><tr bgcolor="">
<th>eq_esfera</th>
<td>PRIVADA</td>
</tr><tr bgcolor="#E3E3F3">
<th>eq_cd_catg</th>
<td>1</td>
</tr><tr bgcolor="">
<th>eq_categor</th>
<td>ESCOLAS AUTONOMAS</td>
</tr><tr bgcolor="#E3E3F3">
<th>eq_eol</th>
<td>35107153</td>
</tr><tr bgcolor="">
<th>eq_horario</th>
<td></td>
</tr></table></center>]]></description>
			<styleUrl>#m_ylw-pushpin</styleUrl>
			<ExtendedData>
				<SchemaData schemaUrl="#kml_schema_ft_LL_WGS84_KMZ_TEMA_EDUCACAO_SENAI-SESI-SENAC">
					<SimpleData name="eq_id">2661</SimpleData>
					<SimpleData name="eq_nome">SESI 402 CENTRO EDUCACIONAL</SimpleData>
					<SimpleData name="eq_enderec">RUA JULIO FELIPE GUEDES 138</SimpleData>
					<SimpleData name="eq_bairro">VILA DAS MERCES</SimpleData>
					<SimpleData name="eq_cep">04174000</SimpleData>
					<SimpleData name="eq_tipo">SESI-CE</SimpleData>
					<SimpleData name="eq_classe">SENAI-SESI-SENAC</SimpleData>
					<SimpleData name="eq_telefon">1120834700 /</SimpleData>
					<SimpleData name="eq_setor">355030868000072</SimpleData>
					<SimpleData name="eq_areap">3550308005088</SimpleData>
					<SimpleData name="eq_cd_dist">68</SimpleData>
					<SimpleData name="eq_distr">SACOMA</SimpleData>
					<SimpleData name="eq_cd_subp">13</SimpleData>
					<SimpleData name="eq_subpref">IPIRANGA</SimpleData>
					<SimpleData name="eq_regiao5">Sul</SimpleData>
					<SimpleData name="eq_regiao8">Sul 1</SimpleData>
					<SimpleData name="eq_ender">RUA JULIO FELIPE GUEDES</SimpleData>
					<SimpleData name="eq_num">138</SimpleData>
					<SimpleData name="eq_compend">RUA</SimpleData>
					<SimpleData name="eq_codcep">04174000</SimpleData>
					<SimpleData name="eq_fone1">1120834700</SimpleData>
					<SimpleData name="eq_email">CE402@SESISP.ORG.BR</SimpleData>
					<SimpleData name="eq_cd_dirt">10316</SimpleData>
					<SimpleData name="eq_diretor">CENTRO SUL</SimpleData>
					<SimpleData name="eq_dre">IPIRANGA</SimpleData>
					<SimpleData name="eq_cd_zona">1</SimpleData>
					<SimpleData name="eq_zona">Urbana</SimpleData>
					<SimpleData name="eq_cd_mec">35107153</SimpleData>
					<SimpleData name="eq_esfera">PRIVADA</SimpleData>
					<SimpleData name="eq_cd_catg">1</SimpleData>
					<SimpleData name="eq_categor">ESCOLAS AUTONOMAS</SimpleData>
					<SimpleData name="eq_eol">35107153</SimpleData>
				</SchemaData>
			</ExtendedData>
			<Point>
				<coordinates>-46.6065955137817,-23.6336048678849,0</coordinates>
			</Point>
		</Placemark>
		<Placemark id="kml_10">
			<name>kml_10</name>
			<snippet></snippet>
			<description><![CDATA[<center><table><tr><th colspan='2' align='center'><em>Attributes</em></th></tr><tr bgcolor="#E3E3F3">
<th>eq_id</th>
<td>2888</td>
</tr><tr bgcolor="">
<th>eq_nome</th>
<td>FRANCISCO MATARAZZO ESCOLA SENAI</td>
</tr><tr bgcolor="#E3E3F3">
<th>eq_enderec</th>
<td>CORREIA DE ANDRADE 232</td>
</tr><tr bgcolor="">
<th>eq_bairro</th>
<td>BRAS</td>
</tr><tr bgcolor="#E3E3F3">
<th>eq_cep</th>
<td>03008000</td>
</tr><tr bgcolor="">
<th>eq_tipo</th>
<td>SENAI</td>
</tr><tr bgcolor="#E3E3F3">
<th>eq_classe</th>
<td>SENAI-SESI-SENAC</td>
</tr><tr bgcolor="">
<th>eq_telefon</th>
<td>1133123550 / 1133123555</td>
</tr><tr bgcolor="#E3E3F3">
<th>eq_setor</th>
<td>355030810000005</td>
</tr><tr bgcolor="">
<th>eq_areap</th>
<td>3550308005005</td>
</tr><tr bgcolor="#E3E3F3">
<th>eq_cd_dist</th>
<td>10</td>
</tr><tr bgcolor="">
<th>eq_distr</th>
<td>BRAS</td>
</tr><tr bgcolor="#E3E3F3">
<th>eq_cd_subp</th>
<td>25</td>
</tr><tr bgcolor="">
<th>eq_subpref</th>
<td>MOOCA</td>
</tr><tr bgcolor="#E3E3F3">
<th>eq_regiao5</th>
<td>Leste</td>
</tr><tr bgcolor="">
<th>eq_regiao8</th>
<td>Leste 1</td>
</tr><tr bgcolor="#E3E3F3">
<th>eq_ender</th>
<td>CORREIA DE ANDRADE</td>
</tr><tr bgcolor="">
<th>eq_num</th>
<td>232</td>
</tr><tr bgcolor="#E3E3F3">
<th>eq_compend</th>
<td>RUA</td>
</tr><tr bgcolor="">
<th>eq_codcep</th>
<td>03008000</td>
</tr><tr bgcolor="#E3E3F3">
<th>eq_fone1</th>
<td>1133123550</td>
</tr><tr bgcolor="">
<th>eq_fone2</th>
<td>1133123555</td>
</tr><tr bgcolor="#E3E3F3">
<th>eq_email</th>
<td>CARLA.BARBOSA@SP.SENAI.BR</td>
</tr><tr bgcolor="">
<th>eq_cd_dirt</th>
<td>10316</td>
</tr><tr bgcolor="#E3E3F3">
<th>eq_diretor</th>
<td>CENTRO SUL</td>
</tr><tr bgcolor="">
<th>eq_dre</th>
<td>IPIRANGA</td>
</tr><tr bgcolor="#E3E3F3">
<th>eq_cd_zona</th>
<td>1</td>
</tr><tr bgcolor="">
<th>eq_zona</th>
<td>Urbana</td>
</tr><tr bgcolor="#E3E3F3">
<th>eq_cd_mec</th>
<td>35131520</td>
</tr><tr bgcolor="">
<th>eq_esfera</th>
<td>PRIVADA</td>
</tr><tr bgcolor="#E3E3F3">
<th>eq_cd_catg</th>
<td>1</td>
</tr><tr bgcolor="">
<th>eq_categor</th>
<td>ESCOLAS AUTONOMAS</td>
</tr><tr bgcolor="#E3E3F3">
<th>eq_eol</th>
<td>35131520</td>
</tr><tr bgcolor="">
<th>eq_horario</th>
<td></td>
</tr></table></center>]]></description>
			<styleUrl>#m_ylw-pushpin</styleUrl>
			<ExtendedData>
				<SchemaData schemaUrl="#kml_schema_ft_LL_WGS84_KMZ_TEMA_EDUCACAO_SENAI-SESI-SENAC">
					<SimpleData name="eq_id">2888</SimpleData>
					<SimpleData name="eq_nome">FRANCISCO MATARAZZO ESCOLA SENAI</SimpleData>
					<SimpleData name="eq_enderec">CORREIA DE ANDRADE 232</SimpleData>
					<SimpleData name="eq_bairro">BRAS</SimpleData>
					<SimpleData name="eq_cep">03008000</SimpleData>
					<SimpleData name="eq_tipo">SENAI</SimpleData>
					<SimpleData name="eq_classe">SENAI-SESI-SENAC</SimpleData>
					<SimpleData name="eq_telefon">1133123550 / 1133123555</SimpleData>
					<SimpleData name="eq_setor">355030810000005</SimpleData>
					<SimpleData name="eq_areap">3550308005005</SimpleData>
					<SimpleData name="eq_cd_dist">10</SimpleData>
					<SimpleData name="eq_distr">BRAS</SimpleData>
					<SimpleData name="eq_cd_subp">25</SimpleData>
					<SimpleData name="eq_subpref">MOOCA</SimpleData>
					<SimpleData name="eq_regiao5">Leste</SimpleData>
					<SimpleData name="eq_regiao8">Leste 1</SimpleData>
					<SimpleData name="eq_ender">CORREIA DE ANDRADE</SimpleData>
					<SimpleData name="eq_num">232</SimpleData>
					<SimpleData name="eq_compend">RUA</SimpleData>
					<SimpleData name="eq_codcep">03008000</SimpleData>
					<SimpleData name="eq_fone1">1133123550</SimpleData>
					<SimpleData name="eq_fone2">1133123555</SimpleData>
					<SimpleData name="eq_email">CARLA.BARBOSA@SP.SENAI.BR</SimpleData>
					<SimpleData name="eq_cd_dirt">10316</SimpleData>
					<SimpleData name="eq_diretor">CENTRO SUL</SimpleData>
					<SimpleData name="eq_dre">IPIRANGA</SimpleData>
					<SimpleData name="eq_cd_zona">1</SimpleData>
					<SimpleData name="eq_zona">Urbana</SimpleData>
					<SimpleData name="eq_cd_mec">35131520</SimpleData>
					<SimpleData name="eq_esfera">PRIVADA</SimpleData>
					<SimpleData name="eq_cd_catg">1</SimpleData>
					<SimpleData name="eq_categor">ESCOLAS AUTONOMAS</SimpleData>
					<SimpleData name="eq_eol">35131520</SimpleData>
				</SchemaData>
			</ExtendedData>
			<Point>
				<coordinates>-46.6199053389915,-23.5422924485538,0</coordinates>
			</Point>
		</Placemark>
		<Placemark id="kml_11">
			<name>kml_11</name>
			<snippet></snippet>
			<description><![CDATA[<center><table><tr><th colspan='2' align='center'><em>Attributes</em></th></tr><tr bgcolor="#E3E3F3">
<th>eq_id</th>
<td>2889</td>
</tr><tr bgcolor="">
<th>eq_nome</th>
<td>PAULO ERNESTO TOLLE ESCOLA SENAI SUICO BRASILEIRA</td>
</tr><tr bgcolor="#E3E3F3">
<th>eq_enderec</th>
<td>BENTO BRANCO DE ANDRADE FILHO 379</td>
</tr><tr bgcolor="">
<th>eq_bairro</th>
<td>JARDIM DOM BOSCO</td>
</tr><tr bgcolor="#E3E3F3">
<th>eq_cep</th>
<td>04757000</td>
</tr><tr bgcolor="">
<th>eq_tipo</th>
<td>SENAI</td>
</tr><tr bgcolor="#E3E3F3">
<th>eq_classe</th>
<td>SENAI-SESI-SENAC</td>
</tr><tr bgcolor="">
<th>eq_telefon</th>
<td>1156423400 / </td>
</tr><tr bgcolor="#E3E3F3">
<th>eq_setor</th>
<td>355030871000087</td>
</tr><tr bgcolor="">
<th>eq_areap</th>
<td>3550308005174</td>
</tr><tr bgcolor="#E3E3F3">
<th>eq_cd_dist</th>
<td>71</td>
</tr><tr bgcolor="">
<th>eq_distr</th>
<td>SANTO AMARO</td>
</tr><tr bgcolor="#E3E3F3">
<th>eq_cd_subp</th>
<td>14</td>
</tr><tr bgcolor="">
<th>eq_subpref</th>
<td>SANTO AMARO</td>
</tr><tr bgcolor="#E3E3F3">
<th>eq_regiao5</th>
<td>Sul</td>
</tr><tr bgcolor="">
<th>eq_regiao8</th>
<td>Sul 2</td>
</tr><tr bgcolor="#E3E3F3">
<th>eq_ender</th>
<td>BENTO BRANCO DE ANDRADE FILHO</td>
</tr><tr bgcolor="">
<th>eq_num</th>
<td>379</td>
</tr><tr bgcolor="#E3E3F3">
<th>eq_compend</th>
<td>RUA</td>
</tr><tr bgcolor="">
<th>eq_codcep</th>
<td>04757000</td>
</tr><tr bgcolor="#E3E3F3">
<th>eq_fone1</th>
<td>1156423400</td>
</tr><tr bgcolor="">
<th>eq_fone2</th>
<td></td>
</tr><tr bgcolor="#E3E3F3">
<th>eq_email</th>
<td>SECRETARIA115@SP.SENAI.BR</td>
</tr><tr bgcolor="">
<th>eq_cd_dirt</th>
<td>10317</td>
</tr><tr bgcolor="#E3E3F3">
<th>eq_diretor</th>
<td>SUL 1</td>
</tr><tr bgcolor="">
<th>eq_dre</th>
<td>SANTO AMARO</td>
</tr><tr bgcolor="#E3E3F3">
<th>eq_cd_zona</th>
<td>1</td>
</tr><tr bgcolor="">
<th>eq_zona</th>
<td>Urbana</td>
</tr><tr bgcolor="#E3E3F3">
<th>eq_cd_mec</th>
<td>35131544</td>
</tr><tr bgcolor="">
<th>eq_esfera</th>
<td>PRIVADA</td>
</tr><tr bgcolor="#E3E3F3">
<th>eq_cd_catg</th>
<td>1</td>
</tr><tr bgcolor="">
<th>eq_categor</th>
<td>ESCOLAS AUTONOMAS</td>
</tr><tr bgcolor="#E3E3F3">
<th>eq_eol</th>
<td>35131544</td>
</tr><tr bgcolor="">
<th>eq_horario</th>
<td></td>
</tr></table></center>]]></description>
			<styleUrl>#m_ylw-pushpin</styleUrl>
			<ExtendedData>
				<SchemaData schemaUrl="#kml_schema_ft_LL_WGS84_KMZ_TEMA_EDUCACAO_SENAI-SESI-SENAC">
					<SimpleData name="eq_id">2889</SimpleData>
					<SimpleData name="eq_nome">PAULO ERNESTO TOLLE ESCOLA SENAI SUICO BRASILEIRA</SimpleData>
					<SimpleData name="eq_enderec">BENTO BRANCO DE ANDRADE FILHO 379</SimpleData>
					<SimpleData name="eq_bairro">JARDIM DOM BOSCO</SimpleData>
					<SimpleData name="eq_cep">04757000</SimpleData>
					<SimpleData name="eq_tipo">SENAI</SimpleData>
					<SimpleData name="eq_classe">SENAI-SESI-SENAC</SimpleData>
					<SimpleData name="eq_telefon">1156423400 /</SimpleData>
					<SimpleData name="eq_setor">355030871000087</SimpleData>
					<SimpleData name="eq_areap">3550308005174</SimpleData>
					<SimpleData name="eq_cd_dist">71</SimpleData>
					<SimpleData name="eq_distr">SANTO AMARO</SimpleData>
					<SimpleData name="eq_cd_subp">14</SimpleData>
					<SimpleData name="eq_subpref">SANTO AMARO</SimpleData>
					<SimpleData name="eq_regiao5">Sul</SimpleData>
					<SimpleData name="eq_regiao8">Sul 2</SimpleData>
					<SimpleData name="eq_ender">BENTO BRANCO DE ANDRADE FILHO</SimpleData>
					<SimpleData name="eq_num">379</SimpleData>
					<SimpleData name="eq_compend">RUA</SimpleData>
					<SimpleData name="eq_codcep">04757000</SimpleData>
					<SimpleData name="eq_fone1">1156423400</SimpleData>
					<SimpleData name="eq_email">SECRETARIA115@SP.SENAI.BR</SimpleData>
					<SimpleData name="eq_cd_dirt">10317</SimpleData>
					<SimpleData name="eq_diretor">SUL 1</SimpleData>
					<SimpleData name="eq_dre">SANTO AMARO</SimpleData>
					<SimpleData name="eq_cd_zona">1</SimpleData>
					<SimpleData name="eq_zona">Urbana</SimpleData>
					<SimpleData name="eq_cd_mec">35131544</SimpleData>
					<SimpleData name="eq_esfera">PRIVADA</SimpleData>
					<SimpleData name="eq_cd_catg">1</SimpleData>
					<SimpleData name="eq_categor">ESCOLAS AUTONOMAS</SimpleData>
					<SimpleData name="eq_eol">35131544</SimpleData>
				</SchemaData>
			</ExtendedData>
			<Point>
				<coordinates>-46.72170950442679,-23.6480286291561,0</coordinates>
			</Point>
		</Placemark>
		<Placemark id="kml_12">
			<name>kml_12</name>
			<snippet></snippet>
			<description><![CDATA[<center><table><tr><th colspan='2' align='center'><em>Attributes</em></th></tr><tr bgcolor="#E3E3F3">
<th>eq_id</th>
<td>2890</td>
</tr><tr bgcolor="">
<th>eq_nome</th>
<td>THEOBALDO DE NIGRIS ESCOLA SENAI</td>
</tr><tr bgcolor="#E3E3F3">
<th>eq_enderec</th>
<td>BRESSER 2315</td>
</tr><tr bgcolor="">
<th>eq_bairro</th>
<td>MOOCA</td>
</tr><tr bgcolor="#E3E3F3">
<th>eq_cep</th>
<td>03162000</td>
</tr><tr bgcolor="">
<th>eq_tipo</th>
<td>SENAI</td>
</tr><tr bgcolor="#E3E3F3">
<th>eq_classe</th>
<td>SENAI-SESI-SENAC</td>
</tr><tr bgcolor="">
<th>eq_telefon</th>
<td>1127976309 / 1127976333</td>
</tr><tr bgcolor="#E3E3F3">
<th>eq_setor</th>
<td>355030853000057</td>
</tr><tr bgcolor="">
<th>eq_areap</th>
<td>3550308005017</td>
</tr><tr bgcolor="#E3E3F3">
<th>eq_cd_dist</th>
<td>53</td>
</tr><tr bgcolor="">
<th>eq_distr</th>
<td>MOOCA</td>
</tr><tr bgcolor="#E3E3F3">
<th>eq_cd_subp</th>
<td>25</td>
</tr><tr bgcolor="">
<th>eq_subpref</th>
<td>MOOCA</td>
</tr><tr bgcolor="#E3E3F3">
<th>eq_regiao5</th>
<td>Leste</td>
</tr><tr bgcolor="">
<th>eq_regiao8</th>
<td>Leste 1</td>
</tr><tr bgcolor="#E3E3F3">
<th>eq_ender</th>
<td>BRESSER</td>
</tr><tr bgcolor="">
<th>eq_num</th>
<td>2315</td>
</tr><tr bgcolor="#E3E3F3">
<th>eq_compend</th>
<td>RUA</td>
</tr><tr bgcolor="">
<th>eq_codcep</th>
<td>03162000</td>
</tr><tr bgcolor="#E3E3F3">
<th>eq_fone1</th>
<td>1127976309</td>
</tr><tr bgcolor="">
<th>eq_fone2</th>
<td>1127976333</td>
</tr><tr bgcolor="#E3E3F3">
<th>eq_email</th>
<td>SENAIGRAFICA@SP.SENAI.BR</td>
</tr><tr bgcolor="">
<th>eq_cd_dirt</th>
<td>10316</td>
</tr><tr bgcolor="#E3E3F3">
<th>eq_diretor</th>
<td>CENTRO SUL</td>
</tr><tr bgcolor="">
<th>eq_dre</th>
<td>PENHA</td>
</tr><tr bgcolor="#E3E3F3">
<th>eq_cd_zona</th>
<td>1</td>
</tr><tr bgcolor="">
<th>eq_zona</th>
<td>Urbana</td>
</tr><tr bgcolor="#E3E3F3">
<th>eq_cd_mec</th>
<td>35131556</td>
</tr><tr bgcolor="">
<th>eq_esfera</th>
<td>PRIVADA</td>
</tr><tr bgcolor="#E3E3F3">
<th>eq_cd_catg</th>
<td>1</td>
</tr><tr bgcolor="">
<th>eq_categor</th>
<td>ESCOLAS AUTONOMAS</td>
</tr><tr bgcolor="#E3E3F3">
<th>eq_eol</th>
<td>35131556</td>
</tr><tr bgcolor="">
<th>eq_horario</th>
<td></td>
</tr></table></center>]]></description>
			<styleUrl>#m_ylw-pushpin</styleUrl>
			<ExtendedData>
				<SchemaData schemaUrl="#kml_schema_ft_LL_WGS84_KMZ_TEMA_EDUCACAO_SENAI-SESI-SENAC">
					<SimpleData name="eq_id">2890</SimpleData>
					<SimpleData name="eq_nome">THEOBALDO DE NIGRIS ESCOLA SENAI</SimpleData>
					<SimpleData name="eq_enderec">BRESSER 2315</SimpleData>
					<SimpleData name="eq_bairro">MOOCA</SimpleData>
					<SimpleData name="eq_cep">03162000</SimpleData>
					<SimpleData name="eq_tipo">SENAI</SimpleData>
					<SimpleData name="eq_classe">SENAI-SESI-SENAC</SimpleData>
					<SimpleData name="eq_telefon">1127976309 / 1127976333</SimpleData>
					<SimpleData name="eq_setor">355030853000057</SimpleData>
					<SimpleData name="eq_areap">3550308005017</SimpleData>
					<SimpleData name="eq_cd_dist">53</SimpleData>
					<SimpleData name="eq_distr">MOOCA</SimpleData>
					<SimpleData name="eq_cd_subp">25</SimpleData>
					<SimpleData name="eq_subpref">MOOCA</SimpleData>
					<SimpleData name="eq_regiao5">Leste</SimpleData>
					<SimpleData name="eq_regiao8">Leste 1</SimpleData>
					<SimpleData name="eq_ender">BRESSER</SimpleData>
					<SimpleData name="eq_num">2315</SimpleData>
					<SimpleData name="eq_compend">RUA</SimpleData>
					<SimpleData name="eq_codcep">03162000</SimpleData>
					<SimpleData name="eq_fone1">1127976309</SimpleData>
					<SimpleData name="eq_fone2">1127976333</SimpleData>
					<SimpleData name="eq_email">SENAIGRAFICA@SP.SENAI.BR</SimpleData>
					<SimpleData name="eq_cd_dirt">10316</SimpleData>
					<SimpleData name="eq_diretor">CENTRO SUL</SimpleData>
					<SimpleData name="eq_dre">PENHA</SimpleData>
					<SimpleData name="eq_cd_zona">1</SimpleData>
					<SimpleData name="eq_zona">Urbana</SimpleData>
					<SimpleData name="eq_cd_mec">35131556</SimpleData>
					<SimpleData name="eq_esfera">PRIVADA</SimpleData>
					<SimpleData name="eq_cd_catg">1</SimpleData>
					<SimpleData name="eq_categor">ESCOLAS AUTONOMAS</SimpleData>
					<SimpleData name="eq_eol">35131556</SimpleData>
				</SchemaData>
			</ExtendedData>
			<Point>
				<coordinates>-46.6012421504109,-23.5496815687987,0</coordinates>
			</Point>
		</Placemark>
		<Placemark id="kml_13">
			<name>kml_13</name>
			<snippet></snippet>
			<description><![CDATA[<center><table><tr><th colspan='2' align='center'><em>Attributes</em></th></tr><tr bgcolor="#E3E3F3">
<th>eq_id</th>
<td>2916</td>
</tr><tr bgcolor="">
<th>eq_nome</th>
<td>SESI 415 CENTRO EDUCACIONAL</td>
</tr><tr bgcolor="#E3E3F3">
<th>eq_enderec</th>
<td>DEODATO SARAIVA DA SILVA 232</td>
</tr><tr bgcolor="">
<th>eq_bairro</th>
<td>PARQUE DAS PAINEIRAS</td>
</tr><tr bgcolor="#E3E3F3">
<th>eq_cep</th>
<td>03694000</td>
</tr><tr bgcolor="">
<th>eq_tipo</th>
<td>SESI-CE</td>
</tr><tr bgcolor="#E3E3F3">
<th>eq_classe</th>
<td>SENAI-SESI-SENAC</td>
</tr><tr bgcolor="">
<th>eq_telefon</th>
<td>1120266024 / 1120266033</td>
</tr><tr bgcolor="#E3E3F3">
<th>eq_setor</th>
<td>355030805000012</td>
</tr><tr bgcolor="">
<th>eq_areap</th>
<td>3550308005146</td>
</tr><tr bgcolor="#E3E3F3">
<th>eq_cd_dist</th>
<td>5</td>
</tr><tr bgcolor="">
<th>eq_distr</th>
<td>ARTUR ALVIM</td>
</tr><tr bgcolor="#E3E3F3">
<th>eq_cd_subp</th>
<td>21</td>
</tr><tr bgcolor="">
<th>eq_subpref</th>
<td>PENHA</td>
</tr><tr bgcolor="#E3E3F3">
<th>eq_regiao5</th>
<td>Leste</td>
</tr><tr bgcolor="">
<th>eq_regiao8</th>
<td>Leste 1</td>
</tr><tr bgcolor="#E3E3F3">
<th>eq_ender</th>
<td>DEODATO SARAIVA DA SILVA</td>
</tr><tr bgcolor="">
<th>eq_num</th>
<td>232</td>
</tr><tr bgcolor="#E3E3F3">
<th>eq_compend</th>
<td>RUA</td>
</tr><tr bgcolor="">
<th>eq_codcep</th>
<td>03694000</td>
</tr><tr bgcolor="#E3E3F3">
<th>eq_fone1</th>
<td>1120266024</td>
</tr><tr bgcolor="">
<th>eq_fone2</th>
<td>1120266033</td>
</tr><tr bgcolor="#E3E3F3">
<th>eq_email</th>
<td>CE415@SESISP.ORG.BR</td>
</tr><tr bgcolor="">
<th>eq_cd_dirt</th>
<td>10208</td>
</tr><tr bgcolor="#E3E3F3">
<th>eq_diretor</th>
<td>LESTE 4</td>
</tr><tr bgcolor="">
<th>eq_dre</th>
<td>PENHA</td>
</tr><tr bgcolor="#E3E3F3">
<th>eq_cd_zona</th>
<td>1</td>
</tr><tr bgcolor="">
<th>eq_zona</th>
<td>Urbana</td>
</tr><tr bgcolor="#E3E3F3">
<th>eq_cd_mec</th>
<td>35133401</td>
</tr><tr bgcolor="">
<th>eq_esfera</th>
<td>PRIVADA</td>
</tr><tr bgcolor="#E3E3F3">
<th>eq_cd_catg</th>
<td>1</td>
</tr><tr bgcolor="">
<th>eq_categor</th>
<td>ESCOLAS AUTONOMAS</td>
</tr><tr bgcolor="#E3E3F3">
<th>eq_eol</th>
<td>35133401</td>
</tr><tr bgcolor="">
<th>eq_horario</th>
<td></td>
</tr></table></center>]]></description>
			<styleUrl>#m_ylw-pushpin</styleUrl>
			<ExtendedData>
				<SchemaData schemaUrl="#kml_schema_ft_LL_WGS84_KMZ_TEMA_EDUCACAO_SENAI-SESI-SENAC">
					<SimpleData name="eq_id">2916</SimpleData>
					<SimpleData name="eq_nome">SESI 415 CENTRO EDUCACIONAL</SimpleData>
					<SimpleData name="eq_enderec">DEODATO SARAIVA DA SILVA 232</SimpleData>
					<SimpleData name="eq_bairro">PARQUE DAS PAINEIRAS</SimpleData>
					<SimpleData name="eq_cep">03694000</SimpleData>
					<SimpleData name="eq_tipo">SESI-CE</SimpleData>
					<SimpleData name="eq_classe">SENAI-SESI-SENAC</SimpleData>
					<SimpleData name="eq_telefon">1120266024 / 1120266033</SimpleData>
					<SimpleData name="eq_setor">355030805000012</SimpleData>
					<SimpleData name="eq_areap">3550308005146</SimpleData>
					<SimpleData name="eq_cd_dist">5</SimpleData>
					<SimpleData name="eq_distr">ARTUR ALVIM</SimpleData>
					<SimpleData name="eq_cd_subp">21</SimpleData>
					<SimpleData name="eq_subpref">PENHA</SimpleData>
					<SimpleData name="eq_regiao5">Leste</SimpleData>
					<SimpleData name="eq_regiao8">Leste 1</SimpleData>
					<SimpleData name="eq_ender">DEODATO SARAIVA DA SILVA</SimpleData>
					<SimpleData name="eq_num">232</SimpleData>
					<SimpleData name="eq_compend">RUA</SimpleData>
					<SimpleData name="eq_codcep">03694000</SimpleData>
					<SimpleData name="eq_fone1">1120266024</SimpleData>
					<SimpleData name="eq_fone2">1120266033</SimpleData>
					<SimpleData name="eq_email">CE415@SESISP.ORG.BR</SimpleData>
					<SimpleData name="eq_cd_dirt">10208</SimpleData>
					<SimpleData name="eq_diretor">LESTE 4</SimpleData>
					<SimpleData name="eq_dre">PENHA</SimpleData>
					<SimpleData name="eq_cd_zona">1</SimpleData>
					<SimpleData name="eq_zona">Urbana</SimpleData>
					<SimpleData name="eq_cd_mec">35133401</SimpleData>
					<SimpleData name="eq_esfera">PRIVADA</SimpleData>
					<SimpleData name="eq_cd_catg">1</SimpleData>
					<SimpleData name="eq_categor">ESCOLAS AUTONOMAS</SimpleData>
					<SimpleData name="eq_eol">35133401</SimpleData>
				</SchemaData>
			</ExtendedData>
			<Point>
				<coordinates>-46.4766200422056,-23.5365418328997,0</coordinates>
			</Point>
		</Placemark>
		<Placemark id="kml_14">
			<name>kml_14</name>
			<snippet></snippet>
			<description><![CDATA[<center><table><tr><th colspan='2' align='center'><em>Attributes</em></th></tr><tr bgcolor="#E3E3F3">
<th>eq_id</th>
<td>3088</td>
</tr><tr bgcolor="">
<th>eq_nome</th>
<td>JAMES C STEWART ENG CENTRO DE FORMACAO PROF SENAI</td>
</tr><tr bgcolor="#E3E3F3">
<th>eq_enderec</th>
<td>RAIMUNDO PEREIRA DE MAGALHAES 1000</td>
</tr><tr bgcolor="">
<th>eq_bairro</th>
<td>VILA ANASTACIO</td>
</tr><tr bgcolor="#E3E3F3">
<th>eq_cep</th>
<td>05092000</td>
</tr><tr bgcolor="">
<th>eq_tipo</th>
<td>SENAI</td>
</tr><tr bgcolor="#E3E3F3">
<th>eq_classe</th>
<td>SENAI-SESI-SENAC</td>
</tr><tr bgcolor="">
<th>eq_telefon</th>
<td>1137381270 / </td>
</tr><tr bgcolor="#E3E3F3">
<th>eq_setor</th>
<td>355030848000091</td>
</tr><tr bgcolor="">
<th>eq_areap</th>
<td>3550308005058</td>
</tr><tr bgcolor="#E3E3F3">
<th>eq_cd_dist</th>
<td>48</td>
</tr><tr bgcolor="">
<th>eq_distr</th>
<td>LAPA</td>
</tr><tr bgcolor="#E3E3F3">
<th>eq_cd_subp</th>
<td>8</td>
</tr><tr bgcolor="">
<th>eq_subpref</th>
<td>LAPA</td>
</tr><tr bgcolor="#E3E3F3">
<th>eq_regiao5</th>
<td>Oeste</td>
</tr><tr bgcolor="">
<th>eq_regiao8</th>
<td>Oeste</td>
</tr><tr bgcolor="#E3E3F3">
<th>eq_ender</th>
<td>RAIMUNDO PEREIRA DE MAGALHAES</td>
</tr><tr bgcolor="">
<th>eq_num</th>
<td>1000</td>
</tr><tr bgcolor="#E3E3F3">
<th>eq_compend</th>
<td>AVENIDA</td>
</tr><tr bgcolor="">
<th>eq_codcep</th>
<td>05092000</td>
</tr><tr bgcolor="#E3E3F3">
<th>eq_fone1</th>
<td>1137381270</td>
</tr><tr bgcolor="">
<th>eq_fone2</th>
<td></td>
</tr><tr bgcolor="#E3E3F3">
<th>eq_email</th>
<td>VPASCHOAL@SP.SENAI.BR</td>
</tr><tr bgcolor="">
<th>eq_cd_dirt</th>
<td>10312</td>
</tr><tr bgcolor="#E3E3F3">
<th>eq_diretor</th>
<td>CENTRO OESTE</td>
</tr><tr bgcolor="">
<th>eq_dre</th>
<td>PIRITUBA</td>
</tr><tr bgcolor="#E3E3F3">
<th>eq_cd_zona</th>
<td>1</td>
</tr><tr bgcolor="">
<th>eq_zona</th>
<td>Urbana</td>
</tr><tr bgcolor="#E3E3F3">
<th>eq_cd_mec</th>
<td>35147394</td>
</tr><tr bgcolor="">
<th>eq_esfera</th>
<td>PRIVADA</td>
</tr><tr bgcolor="#E3E3F3">
<th>eq_cd_catg</th>
<td>1</td>
</tr><tr bgcolor="">
<th>eq_categor</th>
<td>ESCOLAS AUTONOMAS</td>
</tr><tr bgcolor="#E3E3F3">
<th>eq_eol</th>
<td>35147394</td>
</tr><tr bgcolor="">
<th>eq_horario</th>
<td></td>
</tr></table></center>]]></description>
			<styleUrl>#m_ylw-pushpin</styleUrl>
			<ExtendedData>
				<SchemaData schemaUrl="#kml_schema_ft_LL_WGS84_KMZ_TEMA_EDUCACAO_SENAI-SESI-SENAC">
					<SimpleData name="eq_id">3088</SimpleData>
					<SimpleData name="eq_nome">JAMES C STEWART ENG CENTRO DE FORMACAO PROF SENAI</SimpleData>
					<SimpleData name="eq_enderec">RAIMUNDO PEREIRA DE MAGALHAES 1000</SimpleData>
					<SimpleData name="eq_bairro">VILA ANASTACIO</SimpleData>
					<SimpleData name="eq_cep">05092000</SimpleData>
					<SimpleData name="eq_tipo">SENAI</SimpleData>
					<SimpleData name="eq_classe">SENAI-SESI-SENAC</SimpleData>
					<SimpleData name="eq_telefon">1137381270 /</SimpleData>
					<SimpleData name="eq_setor">355030848000091</SimpleData>
					<SimpleData name="eq_areap">3550308005058</SimpleData>
					<SimpleData name="eq_cd_dist">48</SimpleData>
					<SimpleData name="eq_distr">LAPA</SimpleData>
					<SimpleData name="eq_cd_subp">8</SimpleData>
					<SimpleData name="eq_subpref">LAPA</SimpleData>
					<SimpleData name="eq_regiao5">Oeste</SimpleData>
					<SimpleData name="eq_regiao8">Oeste</SimpleData>
					<SimpleData name="eq_ender">RAIMUNDO PEREIRA DE MAGALHAES</SimpleData>
					<SimpleData name="eq_num">1000</SimpleData>
					<SimpleData name="eq_compend">AVENIDA</SimpleData>
					<SimpleData name="eq_codcep">05092000</SimpleData>
					<SimpleData name="eq_fone1">1137381270</SimpleData>
					<SimpleData name="eq_email">VPASCHOAL@SP.SENAI.BR</SimpleData>
					<SimpleData name="eq_cd_dirt">10312</SimpleData>
					<SimpleData name="eq_diretor">CENTRO OESTE</SimpleData>
					<SimpleData name="eq_dre">PIRITUBA</SimpleData>
					<SimpleData name="eq_cd_zona">1</SimpleData>
					<SimpleData name="eq_zona">Urbana</SimpleData>
					<SimpleData name="eq_cd_mec">35147394</SimpleData>
					<SimpleData name="eq_esfera">PRIVADA</SimpleData>
					<SimpleData name="eq_cd_catg">1</SimpleData>
					<SimpleData name="eq_categor">ESCOLAS AUTONOMAS</SimpleData>
					<SimpleData name="eq_eol">35147394</SimpleData>
				</SchemaData>
			</ExtendedData>
			<Point>
				<coordinates>-46.71386800041619,-23.5119520050443,0</coordinates>
			</Point>
		</Placemark>
		<Placemark id="kml_15">
			<name>kml_15</name>
			<snippet></snippet>
			<description><![CDATA[<center><table><tr><th colspan='2' align='center'><em>Attributes</em></th></tr><tr bgcolor="#E3E3F3">
<th>eq_id</th>
<td>3089</td>
</tr><tr bgcolor="">
<th>eq_nome</th>
<td>FREDERICO JACOB ESCOLA SENAI</td>
</tr><tr bgcolor="#E3E3F3">
<th>eq_enderec</th>
<td>RUA SAO JORGE 634</td>
</tr><tr bgcolor="">
<th>eq_bairro</th>
<td>PARQUE SAO JORGE</td>
</tr><tr bgcolor="#E3E3F3">
<th>eq_cep</th>
<td>03087000</td>
</tr><tr bgcolor="">
<th>eq_tipo</th>
<td>SENAI</td>
</tr><tr bgcolor="#E3E3F3">
<th>eq_classe</th>
<td>SENAI-SESI-SENAC</td>
</tr><tr bgcolor="">
<th>eq_telefon</th>
<td>1122278020 / </td>
</tr><tr bgcolor="#E3E3F3">
<th>eq_setor</th>
<td>355030880000055</td>
</tr><tr bgcolor="">
<th>eq_areap</th>
<td>3550308005036</td>
</tr><tr bgcolor="#E3E3F3">
<th>eq_cd_dist</th>
<td>80</td>
</tr><tr bgcolor="">
<th>eq_distr</th>
<td>TATUAPE</td>
</tr><tr bgcolor="#E3E3F3">
<th>eq_cd_subp</th>
<td>25</td>
</tr><tr bgcolor="">
<th>eq_subpref</th>
<td>MOOCA</td>
</tr><tr bgcolor="#E3E3F3">
<th>eq_regiao5</th>
<td>Leste</td>
</tr><tr bgcolor="">
<th>eq_regiao8</th>
<td>Leste 1</td>
</tr><tr bgcolor="#E3E3F3">
<th>eq_ender</th>
<td>RUA SAO JORGE</td>
</tr><tr bgcolor="">
<th>eq_num</th>
<td>634</td>
</tr><tr bgcolor="#E3E3F3">
<th>eq_compend</th>
<td>RUA</td>
</tr><tr bgcolor="">
<th>eq_codcep</th>
<td>03087000</td>
</tr><tr bgcolor="#E3E3F3">
<th>eq_fone1</th>
<td>1122278020</td>
</tr><tr bgcolor="">
<th>eq_fone2</th>
<td></td>
</tr><tr bgcolor="#E3E3F3">
<th>eq_email</th>
<td>SENAIMANUTENCAO@SP.SENAI.BR</td>
</tr><tr bgcolor="">
<th>eq_cd_dirt</th>
<td>10205</td>
</tr><tr bgcolor="#E3E3F3">
<th>eq_diretor</th>
<td>LESTE 5</td>
</tr><tr bgcolor="">
<th>eq_dre</th>
<td>PENHA</td>
</tr><tr bgcolor="#E3E3F3">
<th>eq_cd_zona</th>
<td>1</td>
</tr><tr bgcolor="">
<th>eq_zona</th>
<td>Urbana</td>
</tr><tr bgcolor="#E3E3F3">
<th>eq_cd_mec</th>
<td>35147412</td>
</tr><tr bgcolor="">
<th>eq_esfera</th>
<td>PRIVADA</td>
</tr><tr bgcolor="#E3E3F3">
<th>eq_cd_catg</th>
<td>1</td>
</tr><tr bgcolor="">
<th>eq_categor</th>
<td>ESCOLAS AUTONOMAS</td>
</tr><tr bgcolor="#E3E3F3">
<th>eq_eol</th>
<td>35147412</td>
</tr><tr bgcolor="">
<th>eq_horario</th>
<td></td>
</tr></table></center>]]></description>
			<styleUrl>#m_ylw-pushpin</styleUrl>
			<ExtendedData>
				<SchemaData schemaUrl="#kml_schema_ft_LL_WGS84_KMZ_TEMA_EDUCACAO_SENAI-SESI-SENAC">
					<SimpleData name="eq_id">3089</SimpleData>
					<SimpleData name="eq_nome">FREDERICO JACOB ESCOLA SENAI</SimpleData>
					<SimpleData name="eq_enderec">RUA SAO JORGE 634</SimpleData>
					<SimpleData name="eq_bairro">PARQUE SAO JORGE</SimpleData>
					<SimpleData name="eq_cep">03087000</SimpleData>
					<SimpleData name="eq_tipo">SENAI</SimpleData>
					<SimpleData name="eq_classe">SENAI-SESI-SENAC</SimpleData>
					<SimpleData name="eq_telefon">1122278020 /</SimpleData>
					<SimpleData name="eq_setor">355030880000055</SimpleData>
					<SimpleData name="eq_areap">3550308005036</SimpleData>
					<SimpleData name="eq_cd_dist">80</SimpleData>
					<SimpleData name="eq_distr">TATUAPE</SimpleData>
					<SimpleData name="eq_cd_subp">25</SimpleData>
					<SimpleData name="eq_subpref">MOOCA</SimpleData>
					<SimpleData name="eq_regiao5">Leste</SimpleData>
					<SimpleData name="eq_regiao8">Leste 1</SimpleData>
					<SimpleData name="eq_ender">RUA SAO JORGE</SimpleData>
					<SimpleData name="eq_num">634</SimpleData>
					<SimpleData name="eq_compend">RUA</SimpleData>
					<SimpleData name="eq_codcep">03087000</SimpleData>
					<SimpleData name="eq_fone1">1122278020</SimpleData>
					<SimpleData name="eq_email">SENAIMANUTENCAO@SP.SENAI.BR</SimpleData>
					<SimpleData name="eq_cd_dirt">10205</SimpleData>
					<SimpleData name="eq_diretor">LESTE 5</SimpleData>
					<SimpleData name="eq_dre">PENHA</SimpleData>
					<SimpleData name="eq_cd_zona">1</SimpleData>
					<SimpleData name="eq_zona">Urbana</SimpleData>
					<SimpleData name="eq_cd_mec">35147412</SimpleData>
					<SimpleData name="eq_esfera">PRIVADA</SimpleData>
					<SimpleData name="eq_cd_catg">1</SimpleData>
					<SimpleData name="eq_categor">ESCOLAS AUTONOMAS</SimpleData>
					<SimpleData name="eq_eol">35147412</SimpleData>
				</SchemaData>
			</ExtendedData>
			<Point>
				<coordinates>-46.56548475634331,-23.5275974970782,0</coordinates>
			</Point>
		</Placemark>
		<Placemark id="kml_16">
			<name>kml_16</name>
			<snippet></snippet>
			<description><![CDATA[<center><table><tr><th colspan='2' align='center'><em>Attributes</em></th></tr><tr bgcolor="#E3E3F3">
<th>eq_id</th>
<td>3090</td>
</tr><tr bgcolor="">
<th>eq_nome</th>
<td>ROBERTO SIMONSEN ESCOLA SENAI</td>
</tr><tr bgcolor="#E3E3F3">
<th>eq_enderec</th>
<td>RUA MONSENHOR ANDRADE 298</td>
</tr><tr bgcolor="">
<th>eq_bairro</th>
<td>BRAS</td>
</tr><tr bgcolor="#E3E3F3">
<th>eq_cep</th>
<td>03008000</td>
</tr><tr bgcolor="">
<th>eq_tipo</th>
<td>SENAI</td>
</tr><tr bgcolor="#E3E3F3">
<th>eq_classe</th>
<td>SENAI-SESI-SENAC</td>
</tr><tr bgcolor="">
<th>eq_telefon</th>
<td>1133225000 / 1133225029</td>
</tr><tr bgcolor="#E3E3F3">
<th>eq_setor</th>
<td>355030810000014</td>
</tr><tr bgcolor="">
<th>eq_areap</th>
<td>3550308005005</td>
</tr><tr bgcolor="#E3E3F3">
<th>eq_cd_dist</th>
<td>10</td>
</tr><tr bgcolor="">
<th>eq_distr</th>
<td>BRAS</td>
</tr><tr bgcolor="#E3E3F3">
<th>eq_cd_subp</th>
<td>25</td>
</tr><tr bgcolor="">
<th>eq_subpref</th>
<td>MOOCA</td>
</tr><tr bgcolor="#E3E3F3">
<th>eq_regiao5</th>
<td>Leste</td>
</tr><tr bgcolor="">
<th>eq_regiao8</th>
<td>Leste 1</td>
</tr><tr bgcolor="#E3E3F3">
<th>eq_ender</th>
<td>RUA MONSENHOR ANDRADE</td>
</tr><tr bgcolor="">
<th>eq_num</th>
<td>298</td>
</tr><tr bgcolor="#E3E3F3">
<th>eq_compend</th>
<td>RUA</td>
</tr><tr bgcolor="">
<th>eq_codcep</th>
<td>03008000</td>
</tr><tr bgcolor="#E3E3F3">
<th>eq_fone1</th>
<td>1133225000</td>
</tr><tr bgcolor="">
<th>eq_fone2</th>
<td>1133225029</td>
</tr><tr bgcolor="#E3E3F3">
<th>eq_email</th>
<td>CLAUDIA.DANTAS@SP.SENAI.BR</td>
</tr><tr bgcolor="">
<th>eq_cd_dirt</th>
<td>10102</td>
</tr><tr bgcolor="#E3E3F3">
<th>eq_diretor</th>
<td>CENTRO</td>
</tr><tr bgcolor="">
<th>eq_dre</th>
<td>PENHA</td>
</tr><tr bgcolor="#E3E3F3">
<th>eq_cd_zona</th>
<td>1</td>
</tr><tr bgcolor="">
<th>eq_zona</th>
<td>Urbana</td>
</tr><tr bgcolor="#E3E3F3">
<th>eq_cd_mec</th>
<td>35147758</td>
</tr><tr bgcolor="">
<th>eq_esfera</th>
<td>PRIVADA</td>
</tr><tr bgcolor="#E3E3F3">
<th>eq_cd_catg</th>
<td>1</td>
</tr><tr bgcolor="">
<th>eq_categor</th>
<td>ESCOLAS AUTONOMAS</td>
</tr><tr bgcolor="#E3E3F3">
<th>eq_eol</th>
<td>35147758</td>
</tr><tr bgcolor="">
<th>eq_horario</th>
<td></td>
</tr></table></center>]]></description>
			<styleUrl>#m_ylw-pushpin</styleUrl>
			<ExtendedData>
				<SchemaData schemaUrl="#kml_schema_ft_LL_WGS84_KMZ_TEMA_EDUCACAO_SENAI-SESI-SENAC">
					<SimpleData name="eq_id">3090</SimpleData>
					<SimpleData name="eq_nome">ROBERTO SIMONSEN ESCOLA SENAI</SimpleData>
					<SimpleData name="eq_enderec">RUA MONSENHOR ANDRADE 298</SimpleData>
					<SimpleData name="eq_bairro">BRAS</SimpleData>
					<SimpleData name="eq_cep">03008000</SimpleData>
					<SimpleData name="eq_tipo">SENAI</SimpleData>
					<SimpleData name="eq_classe">SENAI-SESI-SENAC</SimpleData>
					<SimpleData name="eq_telefon">1133225000 / 1133225029</SimpleData>
					<SimpleData name="eq_setor">355030810000014</SimpleData>
					<SimpleData name="eq_areap">3550308005005</SimpleData>
					<SimpleData name="eq_cd_dist">10</SimpleData>
					<SimpleData name="eq_distr">BRAS</SimpleData>
					<SimpleData name="eq_cd_subp">25</SimpleData>
					<SimpleData name="eq_subpref">MOOCA</SimpleData>
					<SimpleData name="eq_regiao5">Leste</SimpleData>
					<SimpleData name="eq_regiao8">Leste 1</SimpleData>
					<SimpleData name="eq_ender">RUA MONSENHOR ANDRADE</SimpleData>
					<SimpleData name="eq_num">298</SimpleData>
					<SimpleData name="eq_compend">RUA</SimpleData>
					<SimpleData name="eq_codcep">03008000</SimpleData>
					<SimpleData name="eq_fone1">1133225000</SimpleData>
					<SimpleData name="eq_fone2">1133225029</SimpleData>
					<SimpleData name="eq_email">CLAUDIA.DANTAS@SP.SENAI.BR</SimpleData>
					<SimpleData name="eq_cd_dirt">10102</SimpleData>
					<SimpleData name="eq_diretor">CENTRO</SimpleData>
					<SimpleData name="eq_dre">PENHA</SimpleData>
					<SimpleData name="eq_cd_zona">1</SimpleData>
					<SimpleData name="eq_zona">Urbana</SimpleData>
					<SimpleData name="eq_cd_mec">35147758</SimpleData>
					<SimpleData name="eq_esfera">PRIVADA</SimpleData>
					<SimpleData name="eq_cd_catg">1</SimpleData>
					<SimpleData name="eq_categor">ESCOLAS AUTONOMAS</SimpleData>
					<SimpleData name="eq_eol">35147758</SimpleData>
				</SchemaData>
			</ExtendedData>
			<Point>
				<coordinates>-46.62108828719269,-23.5429744676079,0</coordinates>
			</Point>
		</Placemark>
		<Placemark id="kml_17">
			<name>kml_17</name>
			<snippet></snippet>
			<description><![CDATA[<center><table><tr><th colspan='2' align='center'><em>Attributes</em></th></tr><tr bgcolor="#E3E3F3">
<th>eq_id</th>
<td>3091</td>
</tr><tr bgcolor="">
<th>eq_nome</th>
<td>HUMBERTO REIS COSTA ESCOLA SENAI</td>
</tr><tr bgcolor="#E3E3F3">
<th>eq_enderec</th>
<td>ARACATIMIRIM 115</td>
</tr><tr bgcolor="">
<th>eq_bairro</th>
<td>JARDIM AVELINO</td>
</tr><tr bgcolor="#E3E3F3">
<th>eq_cep</th>
<td>03227000</td>
</tr><tr bgcolor="">
<th>eq_tipo</th>
<td>SENAI</td>
</tr><tr bgcolor="#E3E3F3">
<th>eq_classe</th>
<td>SENAI-SESI-SENAC</td>
</tr><tr bgcolor="">
<th>eq_telefon</th>
<td>1121002150 / </td>
</tr><tr bgcolor="#E3E3F3">
<th>eq_setor</th>
<td>355030893000019</td>
</tr><tr bgcolor="">
<th>eq_areap</th>
<td>3550308005042</td>
</tr><tr bgcolor="#E3E3F3">
<th>eq_cd_dist</th>
<td>93</td>
</tr><tr bgcolor="">
<th>eq_distr</th>
<td>VILA PRUDENTE</td>
</tr><tr bgcolor="#E3E3F3">
<th>eq_cd_subp</th>
<td>29</td>
</tr><tr bgcolor="">
<th>eq_subpref</th>
<td>VILA PRUDENTE</td>
</tr><tr bgcolor="#E3E3F3">
<th>eq_regiao5</th>
<td>Leste</td>
</tr><tr bgcolor="">
<th>eq_regiao8</th>
<td>Leste 1</td>
</tr><tr bgcolor="#E3E3F3">
<th>eq_ender</th>
<td>ARACATIMIRIM</td>
</tr><tr bgcolor="">
<th>eq_num</th>
<td>115</td>
</tr><tr bgcolor="#E3E3F3">
<th>eq_compend</th>
<td>RUA</td>
</tr><tr bgcolor="">
<th>eq_codcep</th>
<td>03227000</td>
</tr><tr bgcolor="#E3E3F3">
<th>eq_fone1</th>
<td>1121002150</td>
</tr><tr bgcolor="">
<th>eq_fone2</th>
<td></td>
</tr><tr bgcolor="#E3E3F3">
<th>eq_email</th>
<td>SENAIVILAALPINA@SP.SENAI.BR</td>
</tr><tr bgcolor="">
<th>eq_cd_dirt</th>
<td>10316</td>
</tr><tr bgcolor="#E3E3F3">
<th>eq_diretor</th>
<td>CENTRO SUL</td>
</tr><tr bgcolor="">
<th>eq_dre</th>
<td>IPIRANGA</td>
</tr><tr bgcolor="#E3E3F3">
<th>eq_cd_zona</th>
<td>1</td>
</tr><tr bgcolor="">
<th>eq_zona</th>
<td>Urbana</td>
</tr><tr bgcolor="#E3E3F3">
<th>eq_cd_mec</th>
<td>35147761</td>
</tr><tr bgcolor="">
<th>eq_esfera</th>
<td>PRIVADA</td>
</tr><tr bgcolor="#E3E3F3">
<th>eq_cd_catg</th>
<td>1</td>
</tr><tr bgcolor="">
<th>eq_categor</th>
<td>ESCOLAS AUTONOMAS</td>
</tr><tr bgcolor="#E3E3F3">
<th>eq_eol</th>
<td>35147761</td>
</tr><tr bgcolor="">
<th>eq_horario</th>
<td></td>
</tr></table></center>]]></description>
			<styleUrl>#m_ylw-pushpin</styleUrl>
			<ExtendedData>
				<SchemaData schemaUrl="#kml_schema_ft_LL_WGS84_KMZ_TEMA_EDUCACAO_SENAI-SESI-SENAC">
					<SimpleData name="eq_id">3091</SimpleData>
					<SimpleData name="eq_nome">HUMBERTO REIS COSTA ESCOLA SENAI</SimpleData>
					<SimpleData name="eq_enderec">ARACATIMIRIM 115</SimpleData>
					<SimpleData name="eq_bairro">JARDIM AVELINO</SimpleData>
					<SimpleData name="eq_cep">03227000</SimpleData>
					<SimpleData name="eq_tipo">SENAI</SimpleData>
					<SimpleData name="eq_classe">SENAI-SESI-SENAC</SimpleData>
					<SimpleData name="eq_telefon">1121002150 /</SimpleData>
					<SimpleData name="eq_setor">355030893000019</SimpleData>
					<SimpleData name="eq_areap">3550308005042</SimpleData>
					<SimpleData name="eq_cd_dist">93</SimpleData>
					<SimpleData name="eq_distr">VILA PRUDENTE</SimpleData>
					<SimpleData name="eq_cd_subp">29</SimpleData>
					<SimpleData name="eq_subpref">VILA PRUDENTE</SimpleData>
					<SimpleData name="eq_regiao5">Leste</SimpleData>
					<SimpleData name="eq_regiao8">Leste 1</SimpleData>
					<SimpleData name="eq_ender">ARACATIMIRIM</SimpleData>
					<SimpleData name="eq_num">115</SimpleData>
					<SimpleData name="eq_compend">RUA</SimpleData>
					<SimpleData name="eq_codcep">03227000</SimpleData>
					<SimpleData name="eq_fone1">1121002150</SimpleData>
					<SimpleData name="eq_email">SENAIVILAALPINA@SP.SENAI.BR</SimpleData>
					<SimpleData name="eq_cd_dirt">10316</SimpleData>
					<SimpleData name="eq_diretor">CENTRO SUL</SimpleData>
					<SimpleData name="eq_dre">IPIRANGA</SimpleData>
					<SimpleData name="eq_cd_zona">1</SimpleData>
					<SimpleData name="eq_zona">Urbana</SimpleData>
					<SimpleData name="eq_cd_mec">35147761</SimpleData>
					<SimpleData name="eq_esfera">PRIVADA</SimpleData>
					<SimpleData name="eq_cd_catg">1</SimpleData>
					<SimpleData name="eq_categor">ESCOLAS AUTONOMAS</SimpleData>
					<SimpleData name="eq_eol">35147761</SimpleData>
				</SchemaData>
			</ExtendedData>
			<Point>
				<coordinates>-46.5680509841265,-23.5851838337151,0</coordinates>
			</Point>
		</Placemark>
		<Placemark id="kml_18">
			<name>kml_18</name>
			<snippet></snippet>
			<description><![CDATA[<center><table><tr><th colspan='2' align='center'><em>Attributes</em></th></tr><tr bgcolor="#E3E3F3">
<th>eq_id</th>
<td>3092</td>
</tr><tr bgcolor="">
<th>eq_nome</th>
<td>MORVAN FIGUEIREDO ESCOLA SENAI</td>
</tr><tr bgcolor="#E3E3F3">
<th>eq_enderec</th>
<td>ORATORIO 215</td>
</tr><tr bgcolor="">
<th>eq_bairro</th>
<td>MOOCA</td>
</tr><tr bgcolor="#E3E3F3">
<th>eq_cep</th>
<td>03117000</td>
</tr><tr bgcolor="">
<th>eq_tipo</th>
<td>SENAI</td>
</tr><tr bgcolor="#E3E3F3">
<th>eq_classe</th>
<td>SENAI-SESI-SENAC</td>
</tr><tr bgcolor="">
<th>eq_telefon</th>
<td>1120763200 / 1120763211</td>
</tr><tr bgcolor="#E3E3F3">
<th>eq_setor</th>
<td>355030853000025</td>
</tr><tr bgcolor="">
<th>eq_areap</th>
<td>3550308005018</td>
</tr><tr bgcolor="#E3E3F3">
<th>eq_cd_dist</th>
<td>53</td>
</tr><tr bgcolor="">
<th>eq_distr</th>
<td>MOOCA</td>
</tr><tr bgcolor="#E3E3F3">
<th>eq_cd_subp</th>
<td>25</td>
</tr><tr bgcolor="">
<th>eq_subpref</th>
<td>MOOCA</td>
</tr><tr bgcolor="#E3E3F3">
<th>eq_regiao5</th>
<td>Leste</td>
</tr><tr bgcolor="">
<th>eq_regiao8</th>
<td>Leste 1</td>
</tr><tr bgcolor="#E3E3F3">
<th>eq_ender</th>
<td>ORATORIO</td>
</tr><tr bgcolor="">
<th>eq_num</th>
<td>215</td>
</tr><tr bgcolor="#E3E3F3">
<th>eq_compend</th>
<td>RUA</td>
</tr><tr bgcolor="">
<th>eq_codcep</th>
<td>03117000</td>
</tr><tr bgcolor="#E3E3F3">
<th>eq_fone1</th>
<td>1120763200</td>
</tr><tr bgcolor="">
<th>eq_fone2</th>
<td>1120763211</td>
</tr><tr bgcolor="#E3E3F3">
<th>eq_email</th>
<td>SENAIMOOCA@SP.SENAI.BR</td>
</tr><tr bgcolor="">
<th>eq_cd_dirt</th>
<td>10316</td>
</tr><tr bgcolor="#E3E3F3">
<th>eq_diretor</th>
<td>CENTRO SUL</td>
</tr><tr bgcolor="">
<th>eq_dre</th>
<td>PENHA</td>
</tr><tr bgcolor="#E3E3F3">
<th>eq_cd_zona</th>
<td>1</td>
</tr><tr bgcolor="">
<th>eq_zona</th>
<td>Urbana</td>
</tr><tr bgcolor="#E3E3F3">
<th>eq_cd_mec</th>
<td>35147771</td>
</tr><tr bgcolor="">
<th>eq_esfera</th>
<td>PRIVADA</td>
</tr><tr bgcolor="#E3E3F3">
<th>eq_cd_catg</th>
<td>1</td>
</tr><tr bgcolor="">
<th>eq_categor</th>
<td>ESCOLAS AUTONOMAS</td>
</tr><tr bgcolor="#E3E3F3">
<th>eq_eol</th>
<td>35147771</td>
</tr><tr bgcolor="">
<th>eq_horario</th>
<td></td>
</tr></table></center>]]></description>
			<styleUrl>#m_ylw-pushpin</styleUrl>
			<ExtendedData>
				<SchemaData schemaUrl="#kml_schema_ft_LL_WGS84_KMZ_TEMA_EDUCACAO_SENAI-SESI-SENAC">
					<SimpleData name="eq_id">3092</SimpleData>
					<SimpleData name="eq_nome">MORVAN FIGUEIREDO ESCOLA SENAI</SimpleData>
					<SimpleData name="eq_enderec">ORATORIO 215</SimpleData>
					<SimpleData name="eq_bairro">MOOCA</SimpleData>
					<SimpleData name="eq_cep">03117000</SimpleData>
					<SimpleData name="eq_tipo">SENAI</SimpleData>
					<SimpleData name="eq_classe">SENAI-SESI-SENAC</SimpleData>
					<SimpleData name="eq_telefon">1120763200 / 1120763211</SimpleData>
					<SimpleData name="eq_setor">355030853000025</SimpleData>
					<SimpleData name="eq_areap">3550308005018</SimpleData>
					<SimpleData name="eq_cd_dist">53</SimpleData>
					<SimpleData name="eq_distr">MOOCA</SimpleData>
					<SimpleData name="eq_cd_subp">25</SimpleData>
					<SimpleData name="eq_subpref">MOOCA</SimpleData>
					<SimpleData name="eq_regiao5">Leste</SimpleData>
					<SimpleData name="eq_regiao8">Leste 1</SimpleData>
					<SimpleData name="eq_ender">ORATORIO</SimpleData>
					<SimpleData name="eq_num">215</SimpleData>
					<SimpleData name="eq_compend">RUA</SimpleData>
					<SimpleData name="eq_codcep">03117000</SimpleData>
					<SimpleData name="eq_fone1">1120763200</SimpleData>
					<SimpleData name="eq_fone2">1120763211</SimpleData>
					<SimpleData name="eq_email">SENAIMOOCA@SP.SENAI.BR</SimpleData>
					<SimpleData name="eq_cd_dirt">10316</SimpleData>
					<SimpleData name="eq_diretor">CENTRO SUL</SimpleData>
					<SimpleData name="eq_dre">PENHA</SimpleData>
					<SimpleData name="eq_cd_zona">1</SimpleData>
					<SimpleData name="eq_zona">Urbana</SimpleData>
					<SimpleData name="eq_cd_mec">35147771</SimpleData>
					<SimpleData name="eq_esfera">PRIVADA</SimpleData>
					<SimpleData name="eq_cd_catg">1</SimpleData>
					<SimpleData name="eq_categor">ESCOLAS AUTONOMAS</SimpleData>
					<SimpleData name="eq_eol">35147771</SimpleData>
				</SchemaData>
			</ExtendedData>
			<Point>
				<coordinates>-46.5983821897955,-23.5566456171542,0</coordinates>
			</Point>
		</Placemark>
		<Placemark id="kml_19">
			<name>kml_19</name>
			<snippet></snippet>
			<description><![CDATA[<center><table><tr><th colspan='2' align='center'><em>Attributes</em></th></tr><tr bgcolor="#E3E3F3">
<th>eq_id</th>
<td>3093</td>
</tr><tr bgcolor="">
<th>eq_nome</th>
<td>HORACIO AUGUSTO SILVEIRA ESCOLA SENAI</td>
</tr><tr bgcolor="#E3E3F3">
<th>eq_enderec</th>
<td>RUA TAGIPURU 242</td>
</tr><tr bgcolor="">
<th>eq_bairro</th>
<td>BARRA FUNDA</td>
</tr><tr bgcolor="#E3E3F3">
<th>eq_cep</th>
<td>01156000</td>
</tr><tr bgcolor="">
<th>eq_tipo</th>
<td>SENAI</td>
</tr><tr bgcolor="#E3E3F3">
<th>eq_classe</th>
<td>SENAI-SESI-SENAC</td>
</tr><tr bgcolor="">
<th>eq_telefon</th>
<td>1132797400 / </td>
</tr><tr bgcolor="#E3E3F3">
<th>eq_setor</th>
<td>355030806000002</td>
</tr><tr bgcolor="">
<th>eq_areap</th>
<td>3550308005029</td>
</tr><tr bgcolor="#E3E3F3">
<th>eq_cd_dist</th>
<td>6</td>
</tr><tr bgcolor="">
<th>eq_distr</th>
<td>BARRA FUNDA</td>
</tr><tr bgcolor="#E3E3F3">
<th>eq_cd_subp</th>
<td>8</td>
</tr><tr bgcolor="">
<th>eq_subpref</th>
<td>LAPA</td>
</tr><tr bgcolor="#E3E3F3">
<th>eq_regiao5</th>
<td>Oeste</td>
</tr><tr bgcolor="">
<th>eq_regiao8</th>
<td>Oeste</td>
</tr><tr bgcolor="#E3E3F3">
<th>eq_ender</th>
<td>RUA TAGIPURU</td>
</tr><tr bgcolor="">
<th>eq_num</th>
<td>242</td>
</tr><tr bgcolor="#E3E3F3">
<th>eq_compend</th>
<td>RUA</td>
</tr><tr bgcolor="">
<th>eq_codcep</th>
<td>01156000</td>
</tr><tr bgcolor="#E3E3F3">
<th>eq_fone1</th>
<td>1132797400</td>
</tr><tr bgcolor="">
<th>eq_fone2</th>
<td></td>
</tr><tr bgcolor="#E3E3F3">
<th>eq_email</th>
<td>SENAIBARRAFUNDA@SP.SENAI.BR</td>
</tr><tr bgcolor="">
<th>eq_cd_dirt</th>
<td>10102</td>
</tr><tr bgcolor="#E3E3F3">
<th>eq_diretor</th>
<td>CENTRO</td>
</tr><tr bgcolor="">
<th>eq_dre</th>
<td>PIRITUBA</td>
</tr><tr bgcolor="#E3E3F3">
<th>eq_cd_zona</th>
<td>1</td>
</tr><tr bgcolor="">
<th>eq_zona</th>
<td>Urbana</td>
</tr><tr bgcolor="#E3E3F3">
<th>eq_cd_mec</th>
<td>35147795</td>
</tr><tr bgcolor="">
<th>eq_esfera</th>
<td>PRIVADA</td>
</tr><tr bgcolor="#E3E3F3">
<th>eq_cd_catg</th>
<td>1</td>
</tr><tr bgcolor="">
<th>eq_categor</th>
<td>ESCOLAS AUTONOMAS</td>
</tr><tr bgcolor="#E3E3F3">
<th>eq_eol</th>
<td>35147795</td>
</tr><tr bgcolor="">
<th>eq_horario</th>
<td></td>
</tr></table></center>]]></description>
			<styleUrl>#m_ylw-pushpin</styleUrl>
			<ExtendedData>
				<SchemaData schemaUrl="#kml_schema_ft_LL_WGS84_KMZ_TEMA_EDUCACAO_SENAI-SESI-SENAC">
					<SimpleData name="eq_id">3093</SimpleData>
					<SimpleData name="eq_nome">HORACIO AUGUSTO SILVEIRA ESCOLA SENAI</SimpleData>
					<SimpleData name="eq_enderec">RUA TAGIPURU 242</SimpleData>
					<SimpleData name="eq_bairro">BARRA FUNDA</SimpleData>
					<SimpleData name="eq_cep">01156000</SimpleData>
					<SimpleData name="eq_tipo">SENAI</SimpleData>
					<SimpleData name="eq_classe">SENAI-SESI-SENAC</SimpleData>
					<SimpleData name="eq_telefon">1132797400 /</SimpleData>
					<SimpleData name="eq_setor">355030806000002</SimpleData>
					<SimpleData name="eq_areap">3550308005029</SimpleData>
					<SimpleData name="eq_cd_dist">6</SimpleData>
					<SimpleData name="eq_distr">BARRA FUNDA</SimpleData>
					<SimpleData name="eq_cd_subp">8</SimpleData>
					<SimpleData name="eq_subpref">LAPA</SimpleData>
					<SimpleData name="eq_regiao5">Oeste</SimpleData>
					<SimpleData name="eq_regiao8">Oeste</SimpleData>
					<SimpleData name="eq_ender">RUA TAGIPURU</SimpleData>
					<SimpleData name="eq_num">242</SimpleData>
					<SimpleData name="eq_compend">RUA</SimpleData>
					<SimpleData name="eq_codcep">01156000</SimpleData>
					<SimpleData name="eq_fone1">1132797400</SimpleData>
					<SimpleData name="eq_email">SENAIBARRAFUNDA@SP.SENAI.BR</SimpleData>
					<SimpleData name="eq_cd_dirt">10102</SimpleData>
					<SimpleData name="eq_diretor">CENTRO</SimpleData>
					<SimpleData name="eq_dre">PIRITUBA</SimpleData>
					<SimpleData name="eq_cd_zona">1</SimpleData>
					<SimpleData name="eq_zona">Urbana</SimpleData>
					<SimpleData name="eq_cd_mec">35147795</SimpleData>
					<SimpleData name="eq_esfera">PRIVADA</SimpleData>
					<SimpleData name="eq_cd_catg">1</SimpleData>
					<SimpleData name="eq_categor">ESCOLAS AUTONOMAS</SimpleData>
					<SimpleData name="eq_eol">35147795</SimpleData>
				</SchemaData>
			</ExtendedData>
			<Point>
				<coordinates>-46.6646966439559,-23.5293972904205,0</coordinates>
			</Point>
		</Placemark>
		<Placemark id="kml_20">
			<name>kml_20</name>
			<snippet></snippet>
			<description><![CDATA[<center><table><tr><th colspan='2' align='center'><em>Attributes</em></th></tr><tr bgcolor="#E3E3F3">
<th>eq_id</th>
<td>3094</td>
</tr><tr bgcolor="">
<th>eq_nome</th>
<td>MARIANO FERRAZ ESCOLA SENAI</td>
</tr><tr bgcolor="#E3E3F3">
<th>eq_enderec</th>
<td>RUA JAGUARE MIRIM 71</td>
</tr><tr bgcolor="">
<th>eq_bairro</th>
<td>VILA LEOPOLDINA</td>
</tr><tr bgcolor="#E3E3F3">
<th>eq_cep</th>
<td>05311000</td>
</tr><tr bgcolor="">
<th>eq_tipo</th>
<td>SENAI</td>
</tr><tr bgcolor="#E3E3F3">
<th>eq_classe</th>
<td>SENAI-SESI-SENAC</td>
</tr><tr bgcolor="">
<th>eq_telefon</th>
<td>1137381260 / </td>
</tr><tr bgcolor="#E3E3F3">
<th>eq_setor</th>
<td>355030888000018</td>
</tr><tr bgcolor="">
<th>eq_areap</th>
<td>3550308005107</td>
</tr><tr bgcolor="#E3E3F3">
<th>eq_cd_dist</th>
<td>88</td>
</tr><tr bgcolor="">
<th>eq_distr</th>
<td>VILA LEOPOLDINA</td>
</tr><tr bgcolor="#E3E3F3">
<th>eq_cd_subp</th>
<td>8</td>
</tr><tr bgcolor="">
<th>eq_subpref</th>
<td>LAPA</td>
</tr><tr bgcolor="#E3E3F3">
<th>eq_regiao5</th>
<td>Oeste</td>
</tr><tr bgcolor="">
<th>eq_regiao8</th>
<td>Oeste</td>
</tr><tr bgcolor="#E3E3F3">
<th>eq_ender</th>
<td>RUA JAGUARE MIRIM</td>
</tr><tr bgcolor="">
<th>eq_num</th>
<td>71</td>
</tr><tr bgcolor="#E3E3F3">
<th>eq_compend</th>
<td>RUA</td>
</tr><tr bgcolor="">
<th>eq_codcep</th>
<td>05311000</td>
</tr><tr bgcolor="#E3E3F3">
<th>eq_fone1</th>
<td>1137381260</td>
</tr><tr bgcolor="">
<th>eq_fone2</th>
<td></td>
</tr><tr bgcolor="#E3E3F3">
<th>eq_email</th>
<td>SENAILEOPOLDINA@SP.SENAI.BR</td>
</tr><tr bgcolor="">
<th>eq_cd_dirt</th>
<td>10312</td>
</tr><tr bgcolor="#E3E3F3">
<th>eq_diretor</th>
<td>CENTRO OESTE</td>
</tr><tr bgcolor="">
<th>eq_dre</th>
<td>PIRITUBA</td>
</tr><tr bgcolor="#E3E3F3">
<th>eq_cd_zona</th>
<td>1</td>
</tr><tr bgcolor="">
<th>eq_zona</th>
<td>Urbana</td>
</tr><tr bgcolor="#E3E3F3">
<th>eq_cd_mec</th>
<td>35147801</td>
</tr><tr bgcolor="">
<th>eq_esfera</th>
<td>PRIVADA</td>
</tr><tr bgcolor="#E3E3F3">
<th>eq_cd_catg</th>
<td>1</td>
</tr><tr bgcolor="">
<th>eq_categor</th>
<td>ESCOLAS AUTONOMAS</td>
</tr><tr bgcolor="#E3E3F3">
<th>eq_eol</th>
<td>35147801</td>
</tr><tr bgcolor="">
<th>eq_horario</th>
<td></td>
</tr></table></center>]]></description>
			<styleUrl>#m_ylw-pushpin</styleUrl>
			<ExtendedData>
				<SchemaData schemaUrl="#kml_schema_ft_LL_WGS84_KMZ_TEMA_EDUCACAO_SENAI-SESI-SENAC">
					<SimpleData name="eq_id">3094</SimpleData>
					<SimpleData name="eq_nome">MARIANO FERRAZ ESCOLA SENAI</SimpleData>
					<SimpleData name="eq_enderec">RUA JAGUARE MIRIM 71</SimpleData>
					<SimpleData name="eq_bairro">VILA LEOPOLDINA</SimpleData>
					<SimpleData name="eq_cep">05311000</SimpleData>
					<SimpleData name="eq_tipo">SENAI</SimpleData>
					<SimpleData name="eq_classe">SENAI-SESI-SENAC</SimpleData>
					<SimpleData name="eq_telefon">1137381260 /</SimpleData>
					<SimpleData name="eq_setor">355030888000018</SimpleData>
					<SimpleData name="eq_areap">3550308005107</SimpleData>
					<SimpleData name="eq_cd_dist">88</SimpleData>
					<SimpleData name="eq_distr">VILA LEOPOLDINA</SimpleData>
					<SimpleData name="eq_cd_subp">8</SimpleData>
					<SimpleData name="eq_subpref">LAPA</SimpleData>
					<SimpleData name="eq_regiao5">Oeste</SimpleData>
					<SimpleData name="eq_regiao8">Oeste</SimpleData>
					<SimpleData name="eq_ender">RUA JAGUARE MIRIM</SimpleData>
					<SimpleData name="eq_num">71</SimpleData>
					<SimpleData name="eq_compend">RUA</SimpleData>
					<SimpleData name="eq_codcep">05311000</SimpleData>
					<SimpleData name="eq_fone1">1137381260</SimpleData>
					<SimpleData name="eq_email">SENAILEOPOLDINA@SP.SENAI.BR</SimpleData>
					<SimpleData name="eq_cd_dirt">10312</SimpleData>
					<SimpleData name="eq_diretor">CENTRO OESTE</SimpleData>
					<SimpleData name="eq_dre">PIRITUBA</SimpleData>
					<SimpleData name="eq_cd_zona">1</SimpleData>
					<SimpleData name="eq_zona">Urbana</SimpleData>
					<SimpleData name="eq_cd_mec">35147801</SimpleData>
					<SimpleData name="eq_esfera">PRIVADA</SimpleData>
					<SimpleData name="eq_cd_catg">1</SimpleData>
					<SimpleData name="eq_categor">ESCOLAS AUTONOMAS</SimpleData>
					<SimpleData name="eq_eol">35147801</SimpleData>
				</SchemaData>
			</ExtendedData>
			<Point>
				<coordinates>-46.7358912450069,-23.5266310490768,0</coordinates>
			</Point>
		</Placemark>
		<Placemark id="kml_21">
			<name>kml_21</name>
			<snippet></snippet>
			<description><![CDATA[<center><table><tr><th colspan='2' align='center'><em>Attributes</em></th></tr><tr bgcolor="#E3E3F3">
<th>eq_id</th>
<td>3095</td>
</tr><tr bgcolor="">
<th>eq_nome</th>
<td>OSCAR RODRIGUES ALVES ESCOLA SENAI</td>
</tr><tr bgcolor="#E3E3F3">
<th>eq_enderec</th>
<td>MIL OITOCENTOS E VINTE E DOIS 76</td>
</tr><tr bgcolor="">
<th>eq_bairro</th>
<td>IPIRANGA</td>
</tr><tr bgcolor="#E3E3F3">
<th>eq_cep</th>
<td>04216000</td>
</tr><tr bgcolor="">
<th>eq_tipo</th>
<td>SENAI</td>
</tr><tr bgcolor="#E3E3F3">
<th>eq_classe</th>
<td>SENAI-SESI-SENAC</td>
</tr><tr bgcolor="">
<th>eq_telefon</th>
<td>1120652810 / </td>
</tr><tr bgcolor="#E3E3F3">
<th>eq_setor</th>
<td>355030834000050</td>
</tr><tr bgcolor="">
<th>eq_areap</th>
<td>3550308005019</td>
</tr><tr bgcolor="#E3E3F3">
<th>eq_cd_dist</th>
<td>34</td>
</tr><tr bgcolor="">
<th>eq_distr</th>
<td>IPIRANGA</td>
</tr><tr bgcolor="#E3E3F3">
<th>eq_cd_subp</th>
<td>13</td>
</tr><tr bgcolor="">
<th>eq_subpref</th>
<td>IPIRANGA</td>
</tr><tr bgcolor="#E3E3F3">
<th>eq_regiao5</th>
<td>Sul</td>
</tr><tr bgcolor="">
<th>eq_regiao8</th>
<td>Sul 1</td>
</tr><tr bgcolor="#E3E3F3">
<th>eq_ender</th>
<td>MIL OITOCENTOS E VINTE E DOIS</td>
</tr><tr bgcolor="">
<th>eq_num</th>
<td>76</td>
</tr><tr bgcolor="#E3E3F3">
<th>eq_compend</th>
<td>RUA</td>
</tr><tr bgcolor="">
<th>eq_codcep</th>
<td>04216000</td>
</tr><tr bgcolor="#E3E3F3">
<th>eq_fone1</th>
<td>1120652810</td>
</tr><tr bgcolor="">
<th>eq_fone2</th>
<td></td>
</tr><tr bgcolor="#E3E3F3">
<th>eq_email</th>
<td>NELSON.SANTOS@SP.SENAI.BR</td>
</tr><tr bgcolor="">
<th>eq_cd_dirt</th>
<td>10316</td>
</tr><tr bgcolor="#E3E3F3">
<th>eq_diretor</th>
<td>CENTRO SUL</td>
</tr><tr bgcolor="">
<th>eq_dre</th>
<td>IPIRANGA</td>
</tr><tr bgcolor="#E3E3F3">
<th>eq_cd_zona</th>
<td>1</td>
</tr><tr bgcolor="">
<th>eq_zona</th>
<td>Urbana</td>
</tr><tr bgcolor="#E3E3F3">
<th>eq_cd_mec</th>
<td>35147813</td>
</tr><tr bgcolor="">
<th>eq_esfera</th>
<td>PRIVADA</td>
</tr><tr bgcolor="#E3E3F3">
<th>eq_cd_catg</th>
<td>1</td>
</tr><tr bgcolor="">
<th>eq_categor</th>
<td>ESCOLAS AUTONOMAS</td>
</tr><tr bgcolor="#E3E3F3">
<th>eq_eol</th>
<td>35147813</td>
</tr><tr bgcolor="">
<th>eq_horario</th>
<td></td>
</tr></table></center>]]></description>
			<styleUrl>#m_ylw-pushpin</styleUrl>
			<ExtendedData>
				<SchemaData schemaUrl="#kml_schema_ft_LL_WGS84_KMZ_TEMA_EDUCACAO_SENAI-SESI-SENAC">
					<SimpleData name="eq_id">3095</SimpleData>
					<SimpleData name="eq_nome">OSCAR RODRIGUES ALVES ESCOLA SENAI</SimpleData>
					<SimpleData name="eq_enderec">MIL OITOCENTOS E VINTE E DOIS 76</SimpleData>
					<SimpleData name="eq_bairro">IPIRANGA</SimpleData>
					<SimpleData name="eq_cep">04216000</SimpleData>
					<SimpleData name="eq_tipo">SENAI</SimpleData>
					<SimpleData name="eq_classe">SENAI-SESI-SENAC</SimpleData>
					<SimpleData name="eq_telefon">1120652810 /</SimpleData>
					<SimpleData name="eq_setor">355030834000050</SimpleData>
					<SimpleData name="eq_areap">3550308005019</SimpleData>
					<SimpleData name="eq_cd_dist">34</SimpleData>
					<SimpleData name="eq_distr">IPIRANGA</SimpleData>
					<SimpleData name="eq_cd_subp">13</SimpleData>
					<SimpleData name="eq_subpref">IPIRANGA</SimpleData>
					<SimpleData name="eq_regiao5">Sul</SimpleData>
					<SimpleData name="eq_regiao8">Sul 1</SimpleData>
					<SimpleData name="eq_ender">MIL OITOCENTOS E VINTE E DOIS</SimpleData>
					<SimpleData name="eq_num">76</SimpleData>
					<SimpleData name="eq_compend">RUA</SimpleData>
					<SimpleData name="eq_codcep">04216000</SimpleData>
					<SimpleData name="eq_fone1">1120652810</SimpleData>
					<SimpleData name="eq_email">NELSON.SANTOS@SP.SENAI.BR</SimpleData>
					<SimpleData name="eq_cd_dirt">10316</SimpleData>
					<SimpleData name="eq_diretor">CENTRO SUL</SimpleData>
					<SimpleData name="eq_dre">IPIRANGA</SimpleData>
					<SimpleData name="eq_cd_zona">1</SimpleData>
					<SimpleData name="eq_zona">Urbana</SimpleData>
					<SimpleData name="eq_cd_mec">35147813</SimpleData>
					<SimpleData name="eq_esfera">PRIVADA</SimpleData>
					<SimpleData name="eq_cd_catg">1</SimpleData>
					<SimpleData name="eq_categor">ESCOLAS AUTONOMAS</SimpleData>
					<SimpleData name="eq_eol">35147813</SimpleData>
				</SchemaData>
			</ExtendedData>
			<Point>
				<coordinates>-46.5991722752597,-23.5866096846912,0</coordinates>
			</Point>
		</Placemark>
		<Placemark id="kml_22">
			<name>kml_22</name>
			<snippet></snippet>
			<description><![CDATA[<center><table><tr><th colspan='2' align='center'><em>Attributes</em></th></tr><tr bgcolor="#E3E3F3">
<th>eq_id</th>
<td>3096</td>
</tr><tr bgcolor="">
<th>eq_nome</th>
<td>ANCHIETA ESCOLA SENAI</td>
</tr><tr bgcolor="#E3E3F3">
<th>eq_enderec</th>
<td>GANDAVO 550</td>
</tr><tr bgcolor="">
<th>eq_bairro</th>
<td>VILA CLEMENTINO</td>
</tr><tr bgcolor="#E3E3F3">
<th>eq_cep</th>
<td>04023000</td>
</tr><tr bgcolor="">
<th>eq_tipo</th>
<td>SENAI</td>
</tr><tr bgcolor="#E3E3F3">
<th>eq_classe</th>
<td>SENAI-SESI-SENAC</td>
</tr><tr bgcolor="">
<th>eq_telefon</th>
<td>1159089150 / </td>
</tr><tr bgcolor="#E3E3F3">
<th>eq_setor</th>
<td>355030890000125</td>
</tr><tr bgcolor="">
<th>eq_areap</th>
<td>3550308005021</td>
</tr><tr bgcolor="#E3E3F3">
<th>eq_cd_dist</th>
<td>90</td>
</tr><tr bgcolor="">
<th>eq_distr</th>
<td>VILA MARIANA</td>
</tr><tr bgcolor="#E3E3F3">
<th>eq_cd_subp</th>
<td>12</td>
</tr><tr bgcolor="">
<th>eq_subpref</th>
<td>VILA MARIANA</td>
</tr><tr bgcolor="#E3E3F3">
<th>eq_regiao5</th>
<td>Sul</td>
</tr><tr bgcolor="">
<th>eq_regiao8</th>
<td>Sul 1</td>
</tr><tr bgcolor="#E3E3F3">
<th>eq_ender</th>
<td>GANDAVO</td>
</tr><tr bgcolor="">
<th>eq_num</th>
<td>550</td>
</tr><tr bgcolor="#E3E3F3">
<th>eq_compend</th>
<td>RUA</td>
</tr><tr bgcolor="">
<th>eq_codcep</th>
<td>04023000</td>
</tr><tr bgcolor="#E3E3F3">
<th>eq_fone1</th>
<td>1159089150</td>
</tr><tr bgcolor="">
<th>eq_fone2</th>
<td></td>
</tr><tr bgcolor="#E3E3F3">
<th>eq_email</th>
<td>MARCELPORTO@SP.SENAI.BR</td>
</tr><tr bgcolor="">
<th>eq_cd_dirt</th>
<td>10316</td>
</tr><tr bgcolor="#E3E3F3">
<th>eq_diretor</th>
<td>CENTRO SUL</td>
</tr><tr bgcolor="">
<th>eq_dre</th>
<td>IPIRANGA</td>
</tr><tr bgcolor="#E3E3F3">
<th>eq_cd_zona</th>
<td>1</td>
</tr><tr bgcolor="">
<th>eq_zona</th>
<td>Urbana</td>
</tr><tr bgcolor="#E3E3F3">
<th>eq_cd_mec</th>
<td>35147825</td>
</tr><tr bgcolor="">
<th>eq_esfera</th>
<td>PRIVADA</td>
</tr><tr bgcolor="#E3E3F3">
<th>eq_cd_catg</th>
<td>1</td>
</tr><tr bgcolor="">
<th>eq_categor</th>
<td>ESCOLAS AUTONOMAS</td>
</tr><tr bgcolor="#E3E3F3">
<th>eq_eol</th>
<td>35147825</td>
</tr><tr bgcolor="">
<th>eq_horario</th>
<td></td>
</tr></table></center>]]></description>
			<styleUrl>#m_ylw-pushpin</styleUrl>
			<ExtendedData>
				<SchemaData schemaUrl="#kml_schema_ft_LL_WGS84_KMZ_TEMA_EDUCACAO_SENAI-SESI-SENAC">
					<SimpleData name="eq_id">3096</SimpleData>
					<SimpleData name="eq_nome">ANCHIETA ESCOLA SENAI</SimpleData>
					<SimpleData name="eq_enderec">GANDAVO 550</SimpleData>
					<SimpleData name="eq_bairro">VILA CLEMENTINO</SimpleData>
					<SimpleData name="eq_cep">04023000</SimpleData>
					<SimpleData name="eq_tipo">SENAI</SimpleData>
					<SimpleData name="eq_classe">SENAI-SESI-SENAC</SimpleData>
					<SimpleData name="eq_telefon">1159089150 /</SimpleData>
					<SimpleData name="eq_setor">355030890000125</SimpleData>
					<SimpleData name="eq_areap">3550308005021</SimpleData>
					<SimpleData name="eq_cd_dist">90</SimpleData>
					<SimpleData name="eq_distr">VILA MARIANA</SimpleData>
					<SimpleData name="eq_cd_subp">12</SimpleData>
					<SimpleData name="eq_subpref">VILA MARIANA</SimpleData>
					<SimpleData name="eq_regiao5">Sul</SimpleData>
					<SimpleData name="eq_regiao8">Sul 1</SimpleData>
					<SimpleData name="eq_ender">GANDAVO</SimpleData>
					<SimpleData name="eq_num">550</SimpleData>
					<SimpleData name="eq_compend">RUA</SimpleData>
					<SimpleData name="eq_codcep">04023000</SimpleData>
					<SimpleData name="eq_fone1">1159089150</SimpleData>
					<SimpleData name="eq_email">MARCELPORTO@SP.SENAI.BR</SimpleData>
					<SimpleData name="eq_cd_dirt">10316</SimpleData>
					<SimpleData name="eq_diretor">CENTRO SUL</SimpleData>
					<SimpleData name="eq_dre">IPIRANGA</SimpleData>
					<SimpleData name="eq_cd_zona">1</SimpleData>
					<SimpleData name="eq_zona">Urbana</SimpleData>
					<SimpleData name="eq_cd_mec">35147825</SimpleData>
					<SimpleData name="eq_esfera">PRIVADA</SimpleData>
					<SimpleData name="eq_cd_catg">1</SimpleData>
					<SimpleData name="eq_categor">ESCOLAS AUTONOMAS</SimpleData>
					<SimpleData name="eq_eol">35147825</SimpleData>
				</SchemaData>
			</ExtendedData>
			<Point>
				<coordinates>-46.6451436401019,-23.5912206316697,0</coordinates>
			</Point>
		</Placemark>
		<Placemark id="kml_23">
			<name>kml_23</name>
			<snippet></snippet>
			<description><![CDATA[<center><table><tr><th colspan='2' align='center'><em>Attributes</em></th></tr><tr bgcolor="#E3E3F3">
<th>eq_id</th>
<td>3097</td>
</tr><tr bgcolor="">
<th>eq_nome</th>
<td>ORLANDO LAVIERO FERRAIUOLO ESCOLA SENAI</td>
</tr><tr bgcolor="#E3E3F3">
<th>eq_enderec</th>
<td>RUA TEIXEIRA DE MELO 106</td>
</tr><tr bgcolor="">
<th>eq_bairro</th>
<td>TATUAPE</td>
</tr><tr bgcolor="#E3E3F3">
<th>eq_cep</th>
<td>03067000</td>
</tr><tr bgcolor="">
<th>eq_tipo</th>
<td>SENAI</td>
</tr><tr bgcolor="#E3E3F3">
<th>eq_classe</th>
<td>SENAI-SESI-SENAC</td>
</tr><tr bgcolor="">
<th>eq_telefon</th>
<td>1122276900 / </td>
</tr><tr bgcolor="#E3E3F3">
<th>eq_setor</th>
<td>355030880000049</td>
</tr><tr bgcolor="">
<th>eq_areap</th>
<td>3550308005036</td>
</tr><tr bgcolor="#E3E3F3">
<th>eq_cd_dist</th>
<td>80</td>
</tr><tr bgcolor="">
<th>eq_distr</th>
<td>TATUAPE</td>
</tr><tr bgcolor="#E3E3F3">
<th>eq_cd_subp</th>
<td>25</td>
</tr><tr bgcolor="">
<th>eq_subpref</th>
<td>MOOCA</td>
</tr><tr bgcolor="#E3E3F3">
<th>eq_regiao5</th>
<td>Leste</td>
</tr><tr bgcolor="">
<th>eq_regiao8</th>
<td>Leste 1</td>
</tr><tr bgcolor="#E3E3F3">
<th>eq_ender</th>
<td>RUA TEIXEIRA DE MELO</td>
</tr><tr bgcolor="">
<th>eq_num</th>
<td>106</td>
</tr><tr bgcolor="#E3E3F3">
<th>eq_compend</th>
<td>RUA</td>
</tr><tr bgcolor="">
<th>eq_codcep</th>
<td>03067000</td>
</tr><tr bgcolor="#E3E3F3">
<th>eq_fone1</th>
<td>1122276900</td>
</tr><tr bgcolor="">
<th>eq_fone2</th>
<td></td>
</tr><tr bgcolor="#E3E3F3">
<th>eq_email</th>
<td>ROSEMEIRE.MENDES@SP.SENAI.BR</td>
</tr><tr bgcolor="">
<th>eq_cd_dirt</th>
<td>10205</td>
</tr><tr bgcolor="#E3E3F3">
<th>eq_diretor</th>
<td>LESTE 5</td>
</tr><tr bgcolor="">
<th>eq_dre</th>
<td>PENHA</td>
</tr><tr bgcolor="#E3E3F3">
<th>eq_cd_zona</th>
<td>1</td>
</tr><tr bgcolor="">
<th>eq_zona</th>
<td>Urbana</td>
</tr><tr bgcolor="#E3E3F3">
<th>eq_cd_mec</th>
<td>35147849</td>
</tr><tr bgcolor="">
<th>eq_esfera</th>
<td>PRIVADA</td>
</tr><tr bgcolor="#E3E3F3">
<th>eq_cd_catg</th>
<td>1</td>
</tr><tr bgcolor="">
<th>eq_categor</th>
<td>ESCOLAS AUTONOMAS</td>
</tr><tr bgcolor="#E3E3F3">
<th>eq_eol</th>
<td>35147849</td>
</tr><tr bgcolor="">
<th>eq_horario</th>
<td></td>
</tr></table></center>]]></description>
			<styleUrl>#m_ylw-pushpin</styleUrl>
			<ExtendedData>
				<SchemaData schemaUrl="#kml_schema_ft_LL_WGS84_KMZ_TEMA_EDUCACAO_SENAI-SESI-SENAC">
					<SimpleData name="eq_id">3097</SimpleData>
					<SimpleData name="eq_nome">ORLANDO LAVIERO FERRAIUOLO ESCOLA SENAI</SimpleData>
					<SimpleData name="eq_enderec">RUA TEIXEIRA DE MELO 106</SimpleData>
					<SimpleData name="eq_bairro">TATUAPE</SimpleData>
					<SimpleData name="eq_cep">03067000</SimpleData>
					<SimpleData name="eq_tipo">SENAI</SimpleData>
					<SimpleData name="eq_classe">SENAI-SESI-SENAC</SimpleData>
					<SimpleData name="eq_telefon">1122276900 /</SimpleData>
					<SimpleData name="eq_setor">355030880000049</SimpleData>
					<SimpleData name="eq_areap">3550308005036</SimpleData>
					<SimpleData name="eq_cd_dist">80</SimpleData>
					<SimpleData name="eq_distr">TATUAPE</SimpleData>
					<SimpleData name="eq_cd_subp">25</SimpleData>
					<SimpleData name="eq_subpref">MOOCA</SimpleData>
					<SimpleData name="eq_regiao5">Leste</SimpleData>
					<SimpleData name="eq_regiao8">Leste 1</SimpleData>
					<SimpleData name="eq_ender">RUA TEIXEIRA DE MELO</SimpleData>
					<SimpleData name="eq_num">106</SimpleData>
					<SimpleData name="eq_compend">RUA</SimpleData>
					<SimpleData name="eq_codcep">03067000</SimpleData>
					<SimpleData name="eq_fone1">1122276900</SimpleData>
					<SimpleData name="eq_email">ROSEMEIRE.MENDES@SP.SENAI.BR</SimpleData>
					<SimpleData name="eq_cd_dirt">10205</SimpleData>
					<SimpleData name="eq_diretor">LESTE 5</SimpleData>
					<SimpleData name="eq_dre">PENHA</SimpleData>
					<SimpleData name="eq_cd_zona">1</SimpleData>
					<SimpleData name="eq_zona">Urbana</SimpleData>
					<SimpleData name="eq_cd_mec">35147849</SimpleData>
					<SimpleData name="eq_esfera">PRIVADA</SimpleData>
					<SimpleData name="eq_cd_catg">1</SimpleData>
					<SimpleData name="eq_categor">ESCOLAS AUTONOMAS</SimpleData>
					<SimpleData name="eq_eol">35147849</SimpleData>
				</SchemaData>
			</ExtendedData>
			<Point>
				<coordinates>-46.5742449245945,-23.5365175900777,0</coordinates>
			</Point>
		</Placemark>
		<Placemark id="kml_24">
			<name>kml_24</name>
			<snippet></snippet>
			<description><![CDATA[<center><table><tr><th colspan='2' align='center'><em>Attributes</em></th></tr><tr bgcolor="#E3E3F3">
<th>eq_id</th>
<td>3098</td>
</tr><tr bgcolor="">
<th>eq_nome</th>
<td>ARY TORRES ESCOLA SENAI</td>
</tr><tr bgcolor="#E3E3F3">
<th>eq_enderec</th>
<td>AMADOR BUENO 504</td>
</tr><tr bgcolor="">
<th>eq_bairro</th>
<td>SANTO AMARO</td>
</tr><tr bgcolor="#E3E3F3">
<th>eq_cep</th>
<td>04752000</td>
</tr><tr bgcolor="">
<th>eq_tipo</th>
<td>SENAI</td>
</tr><tr bgcolor="#E3E3F3">
<th>eq_classe</th>
<td>SENAI-SESI-SENAC</td>
</tr><tr bgcolor="">
<th>eq_telefon</th>
<td>1155250700 / </td>
</tr><tr bgcolor="#E3E3F3">
<th>eq_setor</th>
<td>355030871000064</td>
</tr><tr bgcolor="">
<th>eq_areap</th>
<td>3550308005174</td>
</tr><tr bgcolor="#E3E3F3">
<th>eq_cd_dist</th>
<td>71</td>
</tr><tr bgcolor="">
<th>eq_distr</th>
<td>SANTO AMARO</td>
</tr><tr bgcolor="#E3E3F3">
<th>eq_cd_subp</th>
<td>14</td>
</tr><tr bgcolor="">
<th>eq_subpref</th>
<td>SANTO AMARO</td>
</tr><tr bgcolor="#E3E3F3">
<th>eq_regiao5</th>
<td>Sul</td>
</tr><tr bgcolor="">
<th>eq_regiao8</th>
<td>Sul 2</td>
</tr><tr bgcolor="#E3E3F3">
<th>eq_ender</th>
<td>AMADOR BUENO</td>
</tr><tr bgcolor="">
<th>eq_num</th>
<td>504</td>
</tr><tr bgcolor="#E3E3F3">
<th>eq_compend</th>
<td>RUA</td>
</tr><tr bgcolor="">
<th>eq_codcep</th>
<td>04752000</td>
</tr><tr bgcolor="#E3E3F3">
<th>eq_fone1</th>
<td>1155250700</td>
</tr><tr bgcolor="">
<th>eq_fone2</th>
<td></td>
</tr><tr bgcolor="#E3E3F3">
<th>eq_email</th>
<td>SENAIARYTORRES@SP.SENAI.BR</td>
</tr><tr bgcolor="">
<th>eq_cd_dirt</th>
<td>10317</td>
</tr><tr bgcolor="#E3E3F3">
<th>eq_diretor</th>
<td>SUL 1</td>
</tr><tr bgcolor="">
<th>eq_dre</th>
<td>SANTO AMARO</td>
</tr><tr bgcolor="#E3E3F3">
<th>eq_cd_zona</th>
<td>1</td>
</tr><tr bgcolor="">
<th>eq_zona</th>
<td>Urbana</td>
</tr><tr bgcolor="#E3E3F3">
<th>eq_cd_mec</th>
<td>35147850</td>
</tr><tr bgcolor="">
<th>eq_esfera</th>
<td>PRIVADA</td>
</tr><tr bgcolor="#E3E3F3">
<th>eq_cd_catg</th>
<td>1</td>
</tr><tr bgcolor="">
<th>eq_categor</th>
<td>ESCOLAS AUTONOMAS</td>
</tr><tr bgcolor="#E3E3F3">
<th>eq_eol</th>
<td>35147850</td>
</tr><tr bgcolor="">
<th>eq_horario</th>
<td></td>
</tr></table></center>]]></description>
			<styleUrl>#m_ylw-pushpin</styleUrl>
			<ExtendedData>
				<SchemaData schemaUrl="#kml_schema_ft_LL_WGS84_KMZ_TEMA_EDUCACAO_SENAI-SESI-SENAC">
					<SimpleData name="eq_id">3098</SimpleData>
					<SimpleData name="eq_nome">ARY TORRES ESCOLA SENAI</SimpleData>
					<SimpleData name="eq_enderec">AMADOR BUENO 504</SimpleData>
					<SimpleData name="eq_bairro">SANTO AMARO</SimpleData>
					<SimpleData name="eq_cep">04752000</SimpleData>
					<SimpleData name="eq_tipo">SENAI</SimpleData>
					<SimpleData name="eq_classe">SENAI-SESI-SENAC</SimpleData>
					<SimpleData name="eq_telefon">1155250700 /</SimpleData>
					<SimpleData name="eq_setor">355030871000064</SimpleData>
					<SimpleData name="eq_areap">3550308005174</SimpleData>
					<SimpleData name="eq_cd_dist">71</SimpleData>
					<SimpleData name="eq_distr">SANTO AMARO</SimpleData>
					<SimpleData name="eq_cd_subp">14</SimpleData>
					<SimpleData name="eq_subpref">SANTO AMARO</SimpleData>
					<SimpleData name="eq_regiao5">Sul</SimpleData>
					<SimpleData name="eq_regiao8">Sul 2</SimpleData>
					<SimpleData name="eq_ender">AMADOR BUENO</SimpleData>
					<SimpleData name="eq_num">504</SimpleData>
					<SimpleData name="eq_compend">RUA</SimpleData>
					<SimpleData name="eq_codcep">04752000</SimpleData>
					<SimpleData name="eq_fone1">1155250700</SimpleData>
					<SimpleData name="eq_email">SENAIARYTORRES@SP.SENAI.BR</SimpleData>
					<SimpleData name="eq_cd_dirt">10317</SimpleData>
					<SimpleData name="eq_diretor">SUL 1</SimpleData>
					<SimpleData name="eq_dre">SANTO AMARO</SimpleData>
					<SimpleData name="eq_cd_zona">1</SimpleData>
					<SimpleData name="eq_zona">Urbana</SimpleData>
					<SimpleData name="eq_cd_mec">35147850</SimpleData>
					<SimpleData name="eq_esfera">PRIVADA</SimpleData>
					<SimpleData name="eq_cd_catg">1</SimpleData>
					<SimpleData name="eq_categor">ESCOLAS AUTONOMAS</SimpleData>
					<SimpleData name="eq_eol">35147850</SimpleData>
				</SchemaData>
			</ExtendedData>
			<Point>
				<coordinates>-46.7127344263362,-23.6521756372764,0</coordinates>
			</Point>
		</Placemark>
		<Placemark id="kml_25">
			<name>kml_25</name>
			<snippet></snippet>
			<description><![CDATA[<center><table><tr><th colspan='2' align='center'><em>Attributes</em></th></tr><tr bgcolor="#E3E3F3">
<th>eq_id</th>
<td>3099</td>
</tr><tr bgcolor="">
<th>eq_nome</th>
<td>JOSE VICENTE DE AZEVEDO CONDE ESCOLA SENAI</td>
</tr><tr bgcolor="#E3E3F3">
<th>eq_enderec</th>
<td>MOREIRA DE GODOI 226</td>
</tr><tr bgcolor="">
<th>eq_bairro</th>
<td>IPIRANGA</td>
</tr><tr bgcolor="#E3E3F3">
<th>eq_cep</th>
<td>04266000</td>
</tr><tr bgcolor="">
<th>eq_tipo</th>
<td>SENAI</td>
</tr><tr bgcolor="#E3E3F3">
<th>eq_classe</th>
<td>SENAI-SESI-SENAC</td>
</tr><tr bgcolor="">
<th>eq_telefon</th>
<td>1120600219 / 1120661988</td>
</tr><tr bgcolor="#E3E3F3">
<th>eq_setor</th>
<td>355030834000008</td>
</tr><tr bgcolor="">
<th>eq_areap</th>
<td>3550308005043</td>
</tr><tr bgcolor="#E3E3F3">
<th>eq_cd_dist</th>
<td>34</td>
</tr><tr bgcolor="">
<th>eq_distr</th>
<td>IPIRANGA</td>
</tr><tr bgcolor="#E3E3F3">
<th>eq_cd_subp</th>
<td>13</td>
</tr><tr bgcolor="">
<th>eq_subpref</th>
<td>IPIRANGA</td>
</tr><tr bgcolor="#E3E3F3">
<th>eq_regiao5</th>
<td>Sul</td>
</tr><tr bgcolor="">
<th>eq_regiao8</th>
<td>Sul 1</td>
</tr><tr bgcolor="#E3E3F3">
<th>eq_ender</th>
<td>MOREIRA DE GODOI</td>
</tr><tr bgcolor="">
<th>eq_num</th>
<td>226</td>
</tr><tr bgcolor="#E3E3F3">
<th>eq_compend</th>
<td>RUA</td>
</tr><tr bgcolor="">
<th>eq_codcep</th>
<td>04266000</td>
</tr><tr bgcolor="#E3E3F3">
<th>eq_fone1</th>
<td>1120600219</td>
</tr><tr bgcolor="">
<th>eq_fone2</th>
<td>1120661988</td>
</tr><tr bgcolor="#E3E3F3">
<th>eq_email</th>
<td>ATENDIMENTO113@SP.SENAI.BR</td>
</tr><tr bgcolor="">
<th>eq_cd_dirt</th>
<td>10316</td>
</tr><tr bgcolor="#E3E3F3">
<th>eq_diretor</th>
<td>CENTRO SUL</td>
</tr><tr bgcolor="">
<th>eq_dre</th>
<td>IPIRANGA</td>
</tr><tr bgcolor="#E3E3F3">
<th>eq_cd_zona</th>
<td>1</td>
</tr><tr bgcolor="">
<th>eq_zona</th>
<td>Urbana</td>
</tr><tr bgcolor="#E3E3F3">
<th>eq_cd_mec</th>
<td>35147862</td>
</tr><tr bgcolor="">
<th>eq_esfera</th>
<td>PRIVADA</td>
</tr><tr bgcolor="#E3E3F3">
<th>eq_cd_catg</th>
<td>1</td>
</tr><tr bgcolor="">
<th>eq_categor</th>
<td>ESCOLAS AUTONOMAS</td>
</tr><tr bgcolor="#E3E3F3">
<th>eq_eol</th>
<td>35147862</td>
</tr><tr bgcolor="">
<th>eq_horario</th>
<td></td>
</tr></table></center>]]></description>
			<styleUrl>#m_ylw-pushpin</styleUrl>
			<ExtendedData>
				<SchemaData schemaUrl="#kml_schema_ft_LL_WGS84_KMZ_TEMA_EDUCACAO_SENAI-SESI-SENAC">
					<SimpleData name="eq_id">3099</SimpleData>
					<SimpleData name="eq_nome">JOSE VICENTE DE AZEVEDO CONDE ESCOLA SENAI</SimpleData>
					<SimpleData name="eq_enderec">MOREIRA DE GODOI 226</SimpleData>
					<SimpleData name="eq_bairro">IPIRANGA</SimpleData>
					<SimpleData name="eq_cep">04266000</SimpleData>
					<SimpleData name="eq_tipo">SENAI</SimpleData>
					<SimpleData name="eq_classe">SENAI-SESI-SENAC</SimpleData>
					<SimpleData name="eq_telefon">1120600219 / 1120661988</SimpleData>
					<SimpleData name="eq_setor">355030834000008</SimpleData>
					<SimpleData name="eq_areap">3550308005043</SimpleData>
					<SimpleData name="eq_cd_dist">34</SimpleData>
					<SimpleData name="eq_distr">IPIRANGA</SimpleData>
					<SimpleData name="eq_cd_subp">13</SimpleData>
					<SimpleData name="eq_subpref">IPIRANGA</SimpleData>
					<SimpleData name="eq_regiao5">Sul</SimpleData>
					<SimpleData name="eq_regiao8">Sul 1</SimpleData>
					<SimpleData name="eq_ender">MOREIRA DE GODOI</SimpleData>
					<SimpleData name="eq_num">226</SimpleData>
					<SimpleData name="eq_compend">RUA</SimpleData>
					<SimpleData name="eq_codcep">04266000</SimpleData>
					<SimpleData name="eq_fone1">1120600219</SimpleData>
					<SimpleData name="eq_fone2">1120661988</SimpleData>
					<SimpleData name="eq_email">ATENDIMENTO113@SP.SENAI.BR</SimpleData>
					<SimpleData name="eq_cd_dirt">10316</SimpleData>
					<SimpleData name="eq_diretor">CENTRO SUL</SimpleData>
					<SimpleData name="eq_dre">IPIRANGA</SimpleData>
					<SimpleData name="eq_cd_zona">1</SimpleData>
					<SimpleData name="eq_zona">Urbana</SimpleData>
					<SimpleData name="eq_cd_mec">35147862</SimpleData>
					<SimpleData name="eq_esfera">PRIVADA</SimpleData>
					<SimpleData name="eq_cd_catg">1</SimpleData>
					<SimpleData name="eq_categor">ESCOLAS AUTONOMAS</SimpleData>
					<SimpleData name="eq_eol">35147862</SimpleData>
				</SchemaData>
			</ExtendedData>
			<Point>
				<coordinates>-46.6117373616957,-23.5919927318355,0</coordinates>
			</Point>
		</Placemark>
		<Placemark id="kml_26">
			<name>kml_26</name>
			<snippet></snippet>
			<description><![CDATA[<center><table><tr><th colspan='2' align='center'><em>Attributes</em></th></tr><tr bgcolor="#E3E3F3">
<th>eq_id</th>
<td>3100</td>
</tr><tr bgcolor="">
<th>eq_nome</th>
<td>ZERRENNER FUNDACAO ESCOLA SENAI</td>
</tr><tr bgcolor="#E3E3F3">
<th>eq_enderec</th>
<td>SERRA DE PARACAINA 132</td>
</tr><tr bgcolor="">
<th>eq_bairro</th>
<td>CAMBUCI</td>
</tr><tr bgcolor="#E3E3F3">
<th>eq_cep</th>
<td>01522000</td>
</tr><tr bgcolor="">
<th>eq_tipo</th>
<td>SENAI</td>
</tr><tr bgcolor="#E3E3F3">
<th>eq_classe</th>
<td>SENAI-SESI-SENAC</td>
</tr><tr bgcolor="">
<th>eq_telefon</th>
<td>1132746700 / </td>
</tr><tr bgcolor="#E3E3F3">
<th>eq_setor</th>
<td>355030814000011</td>
</tr><tr bgcolor="">
<th>eq_areap</th>
<td>3550308005006</td>
</tr><tr bgcolor="#E3E3F3">
<th>eq_cd_dist</th>
<td>14</td>
</tr><tr bgcolor="">
<th>eq_distr</th>
<td>CAMBUCI</td>
</tr><tr bgcolor="#E3E3F3">
<th>eq_cd_subp</th>
<td>9</td>
</tr><tr bgcolor="">
<th>eq_subpref</th>
<td>SE</td>
</tr><tr bgcolor="#E3E3F3">
<th>eq_regiao5</th>
<td>Centro</td>
</tr><tr bgcolor="">
<th>eq_regiao8</th>
<td>Centro</td>
</tr><tr bgcolor="#E3E3F3">
<th>eq_ender</th>
<td>SERRA DE PARACAINA</td>
</tr><tr bgcolor="">
<th>eq_num</th>
<td>132</td>
</tr><tr bgcolor="#E3E3F3">
<th>eq_compend</th>
<td>RUA</td>
</tr><tr bgcolor="">
<th>eq_codcep</th>
<td>01522000</td>
</tr><tr bgcolor="#E3E3F3">
<th>eq_fone1</th>
<td>1132746700</td>
</tr><tr bgcolor="">
<th>eq_fone2</th>
<td></td>
</tr><tr bgcolor="#E3E3F3">
<th>eq_email</th>
<td>SENAIZERRENNER@SP.SENAI.BR</td>
</tr><tr bgcolor="">
<th>eq_cd_dirt</th>
<td>10316</td>
</tr><tr bgcolor="#E3E3F3">
<th>eq_diretor</th>
<td>CENTRO SUL</td>
</tr><tr bgcolor="">
<th>eq_dre</th>
<td>IPIRANGA</td>
</tr><tr bgcolor="#E3E3F3">
<th>eq_cd_zona</th>
<td>1</td>
</tr><tr bgcolor="">
<th>eq_zona</th>
<td>Urbana</td>
</tr><tr bgcolor="#E3E3F3">
<th>eq_cd_mec</th>
<td>35148155</td>
</tr><tr bgcolor="">
<th>eq_esfera</th>
<td>PRIVADA</td>
</tr><tr bgcolor="#E3E3F3">
<th>eq_cd_catg</th>
<td>1</td>
</tr><tr bgcolor="">
<th>eq_categor</th>
<td>ESCOLAS AUTONOMAS</td>
</tr><tr bgcolor="#E3E3F3">
<th>eq_eol</th>
<td>35148155</td>
</tr><tr bgcolor="">
<th>eq_horario</th>
<td></td>
</tr></table></center>]]></description>
			<styleUrl>#m_ylw-pushpin</styleUrl>
			<ExtendedData>
				<SchemaData schemaUrl="#kml_schema_ft_LL_WGS84_KMZ_TEMA_EDUCACAO_SENAI-SESI-SENAC">
					<SimpleData name="eq_id">3100</SimpleData>
					<SimpleData name="eq_nome">ZERRENNER FUNDACAO ESCOLA SENAI</SimpleData>
					<SimpleData name="eq_enderec">SERRA DE PARACAINA 132</SimpleData>
					<SimpleData name="eq_bairro">CAMBUCI</SimpleData>
					<SimpleData name="eq_cep">01522000</SimpleData>
					<SimpleData name="eq_tipo">SENAI</SimpleData>
					<SimpleData name="eq_classe">SENAI-SESI-SENAC</SimpleData>
					<SimpleData name="eq_telefon">1132746700 /</SimpleData>
					<SimpleData name="eq_setor">355030814000011</SimpleData>
					<SimpleData name="eq_areap">3550308005006</SimpleData>
					<SimpleData name="eq_cd_dist">14</SimpleData>
					<SimpleData name="eq_distr">CAMBUCI</SimpleData>
					<SimpleData name="eq_cd_subp">9</SimpleData>
					<SimpleData name="eq_subpref">SE</SimpleData>
					<SimpleData name="eq_regiao5">Centro</SimpleData>
					<SimpleData name="eq_regiao8">Centro</SimpleData>
					<SimpleData name="eq_ender">SERRA DE PARACAINA</SimpleData>
					<SimpleData name="eq_num">132</SimpleData>
					<SimpleData name="eq_compend">RUA</SimpleData>
					<SimpleData name="eq_codcep">01522000</SimpleData>
					<SimpleData name="eq_fone1">1132746700</SimpleData>
					<SimpleData name="eq_email">SENAIZERRENNER@SP.SENAI.BR</SimpleData>
					<SimpleData name="eq_cd_dirt">10316</SimpleData>
					<SimpleData name="eq_diretor">CENTRO SUL</SimpleData>
					<SimpleData name="eq_dre">IPIRANGA</SimpleData>
					<SimpleData name="eq_cd_zona">1</SimpleData>
					<SimpleData name="eq_zona">Urbana</SimpleData>
					<SimpleData name="eq_cd_mec">35148155</SimpleData>
					<SimpleData name="eq_esfera">PRIVADA</SimpleData>
					<SimpleData name="eq_cd_catg">1</SimpleData>
					<SimpleData name="eq_categor">ESCOLAS AUTONOMAS</SimpleData>
					<SimpleData name="eq_eol">35148155</SimpleData>
				</SchemaData>
			</ExtendedData>
			<Point>
				<coordinates>-46.6153853037457,-23.5617855057867,0</coordinates>
			</Point>
		</Placemark>
		<Placemark id="kml_27">
			<name>kml_27</name>
			<snippet></snippet>
			<description><![CDATA[<center><table><tr><th colspan='2' align='center'><em>Attributes</em></th></tr><tr bgcolor="#E3E3F3">
<th>eq_id</th>
<td>3101</td>
</tr><tr bgcolor="">
<th>eq_nome</th>
<td>ESCOLA SENAI JORGE MAHFUZ</td>
</tr><tr bgcolor="#E3E3F3">
<th>eq_enderec</th>
<td>JERONIMO TELES JUNIOR 125</td>
</tr><tr bgcolor="">
<th>eq_bairro</th>
<td>PIRITUBA</td>
</tr><tr bgcolor="#E3E3F3">
<th>eq_cep</th>
<td>05154000</td>
</tr><tr bgcolor="">
<th>eq_tipo</th>
<td>SENAI</td>
</tr><tr bgcolor="#E3E3F3">
<th>eq_classe</th>
<td>SENAI-SESI-SENAC</td>
</tr><tr bgcolor="">
<th>eq_telefon</th>
<td>1139019300 / </td>
</tr><tr bgcolor="#E3E3F3">
<th>eq_setor</th>
<td>355030895000056</td>
</tr><tr bgcolor="">
<th>eq_areap</th>
<td>3550308005110</td>
</tr><tr bgcolor="#E3E3F3">
<th>eq_cd_dist</th>
<td>95</td>
</tr><tr bgcolor="">
<th>eq_distr</th>
<td>SAO DOMINGOS</td>
</tr><tr bgcolor="#E3E3F3">
<th>eq_cd_subp</th>
<td>2</td>
</tr><tr bgcolor="">
<th>eq_subpref</th>
<td>PIRITUBA-JARAGUA</td>
</tr><tr bgcolor="#E3E3F3">
<th>eq_regiao5</th>
<td>Norte</td>
</tr><tr bgcolor="">
<th>eq_regiao8</th>
<td>Norte 2</td>
</tr><tr bgcolor="#E3E3F3">
<th>eq_ender</th>
<td>JERONIMO TELES JUNIOR</td>
</tr><tr bgcolor="">
<th>eq_num</th>
<td>125</td>
</tr><tr bgcolor="#E3E3F3">
<th>eq_compend</th>
<td>RUA</td>
</tr><tr bgcolor="">
<th>eq_codcep</th>
<td>05154000</td>
</tr><tr bgcolor="#E3E3F3">
<th>eq_fone1</th>
<td>1139019300</td>
</tr><tr bgcolor="">
<th>eq_fone2</th>
<td></td>
</tr><tr bgcolor="#E3E3F3">
<th>eq_email</th>
<td>WLEITE@SP.SENAI.BR</td>
</tr><tr bgcolor="">
<th>eq_cd_dirt</th>
<td>10101</td>
</tr><tr bgcolor="#E3E3F3">
<th>eq_diretor</th>
<td>NORTE 1</td>
</tr><tr bgcolor="">
<th>eq_dre</th>
<td>PIRITUBA</td>
</tr><tr bgcolor="#E3E3F3">
<th>eq_cd_zona</th>
<td>1</td>
</tr><tr bgcolor="">
<th>eq_zona</th>
<td>Urbana</td>
</tr><tr bgcolor="#E3E3F3">
<th>eq_cd_mec</th>
<td>35148167</td>
</tr><tr bgcolor="">
<th>eq_esfera</th>
<td>PRIVADA</td>
</tr><tr bgcolor="#E3E3F3">
<th>eq_cd_catg</th>
<td>1</td>
</tr><tr bgcolor="">
<th>eq_categor</th>
<td>ESCOLAS AUTONOMAS</td>
</tr><tr bgcolor="#E3E3F3">
<th>eq_eol</th>
<td>35148167</td>
</tr><tr bgcolor="">
<th>eq_horario</th>
<td></td>
</tr></table></center>]]></description>
			<styleUrl>#m_ylw-pushpin</styleUrl>
			<ExtendedData>
				<SchemaData schemaUrl="#kml_schema_ft_LL_WGS84_KMZ_TEMA_EDUCACAO_SENAI-SESI-SENAC">
					<SimpleData name="eq_id">3101</SimpleData>
					<SimpleData name="eq_nome">ESCOLA SENAI JORGE MAHFUZ</SimpleData>
					<SimpleData name="eq_enderec">JERONIMO TELES JUNIOR 125</SimpleData>
					<SimpleData name="eq_bairro">PIRITUBA</SimpleData>
					<SimpleData name="eq_cep">05154000</SimpleData>
					<SimpleData name="eq_tipo">SENAI</SimpleData>
					<SimpleData name="eq_classe">SENAI-SESI-SENAC</SimpleData>
					<SimpleData name="eq_telefon">1139019300 /</SimpleData>
					<SimpleData name="eq_setor">355030895000056</SimpleData>
					<SimpleData name="eq_areap">3550308005110</SimpleData>
					<SimpleData name="eq_cd_dist">95</SimpleData>
					<SimpleData name="eq_distr">SAO DOMINGOS</SimpleData>
					<SimpleData name="eq_cd_subp">2</SimpleData>
					<SimpleData name="eq_subpref">PIRITUBA-JARAGUA</SimpleData>
					<SimpleData name="eq_regiao5">Norte</SimpleData>
					<SimpleData name="eq_regiao8">Norte 2</SimpleData>
					<SimpleData name="eq_ender">JERONIMO TELES JUNIOR</SimpleData>
					<SimpleData name="eq_num">125</SimpleData>
					<SimpleData name="eq_compend">RUA</SimpleData>
					<SimpleData name="eq_codcep">05154000</SimpleData>
					<SimpleData name="eq_fone1">1139019300</SimpleData>
					<SimpleData name="eq_email">WLEITE@SP.SENAI.BR</SimpleData>
					<SimpleData name="eq_cd_dirt">10101</SimpleData>
					<SimpleData name="eq_diretor">NORTE 1</SimpleData>
					<SimpleData name="eq_dre">PIRITUBA</SimpleData>
					<SimpleData name="eq_cd_zona">1</SimpleData>
					<SimpleData name="eq_zona">Urbana</SimpleData>
					<SimpleData name="eq_cd_mec">35148167</SimpleData>
					<SimpleData name="eq_esfera">PRIVADA</SimpleData>
					<SimpleData name="eq_cd_catg">1</SimpleData>
					<SimpleData name="eq_categor">ESCOLAS AUTONOMAS</SimpleData>
					<SimpleData name="eq_eol">35148167</SimpleData>
				</SchemaData>
			</ExtendedData>
			<Point>
				<coordinates>-46.75114530736121,-23.5015528945458,0</coordinates>
			</Point>
		</Placemark>
		<Placemark id="kml_28">
			<name>kml_28</name>
			<snippet></snippet>
			<description><![CDATA[<center><table><tr><th colspan='2' align='center'><em>Attributes</em></th></tr><tr bgcolor="#E3E3F3">
<th>eq_id</th>
<td>3104</td>
</tr><tr bgcolor="">
<th>eq_nome</th>
<td>SENAC SANTANA</td>
</tr><tr bgcolor="#E3E3F3">
<th>eq_enderec</th>
<td>VOLUNTARIOS DA PATRIA 3167</td>
</tr><tr bgcolor="">
<th>eq_bairro</th>
<td>SANTANA</td>
</tr><tr bgcolor="#E3E3F3">
<th>eq_cep</th>
<td>02401000</td>
</tr><tr bgcolor="">
<th>eq_tipo</th>
<td>SENAC</td>
</tr><tr bgcolor="#E3E3F3">
<th>eq_classe</th>
<td>SENAI-SESI-SENAC</td>
</tr><tr bgcolor="">
<th>eq_telefon</th>
<td>1121468250 / </td>
</tr><tr bgcolor="#E3E3F3">
<th>eq_setor</th>
<td>355030870000035</td>
</tr><tr bgcolor="">
<th>eq_areap</th>
<td>3550308005063</td>
</tr><tr bgcolor="#E3E3F3">
<th>eq_cd_dist</th>
<td>70</td>
</tr><tr bgcolor="">
<th>eq_distr</th>
<td>SANTANA</td>
</tr><tr bgcolor="#E3E3F3">
<th>eq_cd_subp</th>
<td>5</td>
</tr><tr bgcolor="">
<th>eq_subpref</th>
<td>SANTANA-TUCURUVI</td>
</tr><tr bgcolor="#E3E3F3">
<th>eq_regiao5</th>
<td>Norte</td>
</tr><tr bgcolor="">
<th>eq_regiao8</th>
<td>Norte 1</td>
</tr><tr bgcolor="#E3E3F3">
<th>eq_ender</th>
<td>VOLUNTARIOS DA PATRIA</td>
</tr><tr bgcolor="">
<th>eq_num</th>
<td>3167</td>
</tr><tr bgcolor="#E3E3F3">
<th>eq_compend</th>
<td>RUA</td>
</tr><tr bgcolor="">
<th>eq_codcep</th>
<td>02401000</td>
</tr><tr bgcolor="#E3E3F3">
<th>eq_fone1</th>
<td>1121468250</td>
</tr><tr bgcolor="">
<th>eq_fone2</th>
<td></td>
</tr><tr bgcolor="#E3E3F3">
<th>eq_email</th>
<td>SUPERVISAOEDUC@SP.SENAC.BR</td>
</tr><tr bgcolor="">
<th>eq_cd_dirt</th>
<td>10102</td>
</tr><tr bgcolor="#E3E3F3">
<th>eq_diretor</th>
<td>CENTRO</td>
</tr><tr bgcolor="">
<th>eq_dre</th>
<td>JACANA/TREMEMBE</td>
</tr><tr bgcolor="#E3E3F3">
<th>eq_cd_zona</th>
<td>1</td>
</tr><tr bgcolor="">
<th>eq_zona</th>
<td>Urbana</td>
</tr><tr bgcolor="#E3E3F3">
<th>eq_cd_mec</th>
<td>35148573</td>
</tr><tr bgcolor="">
<th>eq_esfera</th>
<td>PRIVADA</td>
</tr><tr bgcolor="#E3E3F3">
<th>eq_cd_catg</th>
<td>1</td>
</tr><tr bgcolor="">
<th>eq_categor</th>
<td>ESCOLAS AUTONOMAS</td>
</tr><tr bgcolor="#E3E3F3">
<th>eq_eol</th>
<td>35148573</td>
</tr><tr bgcolor="">
<th>eq_horario</th>
<td></td>
</tr></table></center>]]></description>
			<styleUrl>#m_ylw-pushpin</styleUrl>
			<ExtendedData>
				<SchemaData schemaUrl="#kml_schema_ft_LL_WGS84_KMZ_TEMA_EDUCACAO_SENAI-SESI-SENAC">
					<SimpleData name="eq_id">3104</SimpleData>
					<SimpleData name="eq_nome">SENAC SANTANA</SimpleData>
					<SimpleData name="eq_enderec">VOLUNTARIOS DA PATRIA 3167</SimpleData>
					<SimpleData name="eq_bairro">SANTANA</SimpleData>
					<SimpleData name="eq_cep">02401000</SimpleData>
					<SimpleData name="eq_tipo">SENAC</SimpleData>
					<SimpleData name="eq_classe">SENAI-SESI-SENAC</SimpleData>
					<SimpleData name="eq_telefon">1121468250 /</SimpleData>
					<SimpleData name="eq_setor">355030870000035</SimpleData>
					<SimpleData name="eq_areap">3550308005063</SimpleData>
					<SimpleData name="eq_cd_dist">70</SimpleData>
					<SimpleData name="eq_distr">SANTANA</SimpleData>
					<SimpleData name="eq_cd_subp">5</SimpleData>
					<SimpleData name="eq_subpref">SANTANA-TUCURUVI</SimpleData>
					<SimpleData name="eq_regiao5">Norte</SimpleData>
					<SimpleData name="eq_regiao8">Norte 1</SimpleData>
					<SimpleData name="eq_ender">VOLUNTARIOS DA PATRIA</SimpleData>
					<SimpleData name="eq_num">3167</SimpleData>
					<SimpleData name="eq_compend">RUA</SimpleData>
					<SimpleData name="eq_codcep">02401000</SimpleData>
					<SimpleData name="eq_fone1">1121468250</SimpleData>
					<SimpleData name="eq_email">SUPERVISAOEDUC@SP.SENAC.BR</SimpleData>
					<SimpleData name="eq_cd_dirt">10102</SimpleData>
					<SimpleData name="eq_diretor">CENTRO</SimpleData>
					<SimpleData name="eq_dre">JACANA/TREMEMBE</SimpleData>
					<SimpleData name="eq_cd_zona">1</SimpleData>
					<SimpleData name="eq_zona">Urbana</SimpleData>
					<SimpleData name="eq_cd_mec">35148573</SimpleData>
					<SimpleData name="eq_esfera">PRIVADA</SimpleData>
					<SimpleData name="eq_cd_catg">1</SimpleData>
					<SimpleData name="eq_categor">ESCOLAS AUTONOMAS</SimpleData>
					<SimpleData name="eq_eol">35148573</SimpleData>
				</SchemaData>
			</ExtendedData>
			<Point>
				<coordinates>-46.6263021580426,-23.4921852474007,0</coordinates>
			</Point>
		</Placemark>
		<Placemark id="kml_29">
			<name>kml_29</name>
			<snippet></snippet>
			<description><![CDATA[<center><table><tr><th colspan='2' align='center'><em>Attributes</em></th></tr><tr bgcolor="#E3E3F3">
<th>eq_id</th>
<td>3105</td>
</tr><tr bgcolor="">
<th>eq_nome</th>
<td>SENAC VILA PRUDENTE</td>
</tr><tr bgcolor="#E3E3F3">
<th>eq_enderec</th>
<td>RUA DO ORFANATO 316</td>
</tr><tr bgcolor="">
<th>eq_bairro</th>
<td>VILA PRUDENTE</td>
</tr><tr bgcolor="#E3E3F3">
<th>eq_cep</th>
<td>03131000</td>
</tr><tr bgcolor="">
<th>eq_tipo</th>
<td>SENAC</td>
</tr><tr bgcolor="#E3E3F3">
<th>eq_classe</th>
<td>SENAI-SESI-SENAC</td>
</tr><tr bgcolor="">
<th>eq_telefon</th>
<td>1134740720 / 1134740799</td>
</tr><tr bgcolor="#E3E3F3">
<th>eq_setor</th>
<td>355030893000092</td>
</tr><tr bgcolor="">
<th>eq_areap</th>
<td>3550308005042</td>
</tr><tr bgcolor="#E3E3F3">
<th>eq_cd_dist</th>
<td>93</td>
</tr><tr bgcolor="">
<th>eq_distr</th>
<td>VILA PRUDENTE</td>
</tr><tr bgcolor="#E3E3F3">
<th>eq_cd_subp</th>
<td>29</td>
</tr><tr bgcolor="">
<th>eq_subpref</th>
<td>VILA PRUDENTE</td>
</tr><tr bgcolor="#E3E3F3">
<th>eq_regiao5</th>
<td>Leste</td>
</tr><tr bgcolor="">
<th>eq_regiao8</th>
<td>Leste 1</td>
</tr><tr bgcolor="#E3E3F3">
<th>eq_ender</th>
<td>RUA DO ORFANATO</td>
</tr><tr bgcolor="">
<th>eq_num</th>
<td>316</td>
</tr><tr bgcolor="#E3E3F3">
<th>eq_compend</th>
<td>RUA</td>
</tr><tr bgcolor="">
<th>eq_codcep</th>
<td>03131000</td>
</tr><tr bgcolor="#E3E3F3">
<th>eq_fone1</th>
<td>1134740720</td>
</tr><tr bgcolor="">
<th>eq_fone2</th>
<td>1134740799</td>
</tr><tr bgcolor="#E3E3F3">
<th>eq_email</th>
<td>SUPERVISAOEDUC@SP.SENAC.BR</td>
</tr><tr bgcolor="">
<th>eq_cd_dirt</th>
<td>10316</td>
</tr><tr bgcolor="#E3E3F3">
<th>eq_diretor</th>
<td>CENTRO SUL</td>
</tr><tr bgcolor="">
<th>eq_dre</th>
<td>IPIRANGA</td>
</tr><tr bgcolor="#E3E3F3">
<th>eq_cd_zona</th>
<td>1</td>
</tr><tr bgcolor="">
<th>eq_zona</th>
<td>Urbana</td>
</tr><tr bgcolor="#E3E3F3">
<th>eq_cd_mec</th>
<td>35148581</td>
</tr><tr bgcolor="">
<th>eq_esfera</th>
<td>PRIVADA</td>
</tr><tr bgcolor="#E3E3F3">
<th>eq_cd_catg</th>
<td>1</td>
</tr><tr bgcolor="">
<th>eq_categor</th>
<td>ESCOLAS AUTONOMAS</td>
</tr><tr bgcolor="#E3E3F3">
<th>eq_eol</th>
<td>35148581</td>
</tr><tr bgcolor="">
<th>eq_horario</th>
<td></td>
</tr></table></center>]]></description>
			<styleUrl>#m_ylw-pushpin</styleUrl>
			<ExtendedData>
				<SchemaData schemaUrl="#kml_schema_ft_LL_WGS84_KMZ_TEMA_EDUCACAO_SENAI-SESI-SENAC">
					<SimpleData name="eq_id">3105</SimpleData>
					<SimpleData name="eq_nome">SENAC VILA PRUDENTE</SimpleData>
					<SimpleData name="eq_enderec">RUA DO ORFANATO 316</SimpleData>
					<SimpleData name="eq_bairro">VILA PRUDENTE</SimpleData>
					<SimpleData name="eq_cep">03131000</SimpleData>
					<SimpleData name="eq_tipo">SENAC</SimpleData>
					<SimpleData name="eq_classe">SENAI-SESI-SENAC</SimpleData>
					<SimpleData name="eq_telefon">1134740720 / 1134740799</SimpleData>
					<SimpleData name="eq_setor">355030893000092</SimpleData>
					<SimpleData name="eq_areap">3550308005042</SimpleData>
					<SimpleData name="eq_cd_dist">93</SimpleData>
					<SimpleData name="eq_distr">VILA PRUDENTE</SimpleData>
					<SimpleData name="eq_cd_subp">29</SimpleData>
					<SimpleData name="eq_subpref">VILA PRUDENTE</SimpleData>
					<SimpleData name="eq_regiao5">Leste</SimpleData>
					<SimpleData name="eq_regiao8">Leste 1</SimpleData>
					<SimpleData name="eq_ender">RUA DO ORFANATO</SimpleData>
					<SimpleData name="eq_num">316</SimpleData>
					<SimpleData name="eq_compend">RUA</SimpleData>
					<SimpleData name="eq_codcep">03131000</SimpleData>
					<SimpleData name="eq_fone1">1134740720</SimpleData>
					<SimpleData name="eq_fone2">1134740799</SimpleData>
					<SimpleData name="eq_email">SUPERVISAOEDUC@SP.SENAC.BR</SimpleData>
					<SimpleData name="eq_cd_dirt">10316</SimpleData>
					<SimpleData name="eq_diretor">CENTRO SUL</SimpleData>
					<SimpleData name="eq_dre">IPIRANGA</SimpleData>
					<SimpleData name="eq_cd_zona">1</SimpleData>
					<SimpleData name="eq_zona">Urbana</SimpleData>
					<SimpleData name="eq_cd_mec">35148581</SimpleData>
					<SimpleData name="eq_esfera">PRIVADA</SimpleData>
					<SimpleData name="eq_cd_catg">1</SimpleData>
					<SimpleData name="eq_categor">ESCOLAS AUTONOMAS</SimpleData>
					<SimpleData name="eq_eol">35148581</SimpleData>
				</SchemaData>
			</ExtendedData>
			<Point>
				<coordinates>-46.5822501047903,-23.5804967343403,0</coordinates>
			</Point>
		</Placemark>
		<Placemark id="kml_30">
			<name>kml_30</name>
			<snippet></snippet>
			<description><![CDATA[<center><table><tr><th colspan='2' align='center'><em>Attributes</em></th></tr><tr bgcolor="#E3E3F3">
<th>eq_id</th>
<td>3106</td>
</tr><tr bgcolor="">
<th>eq_nome</th>
<td>SENAC TATUAPE</td>
</tr><tr bgcolor="#E3E3F3">
<th>eq_enderec</th>
<td>RUA CORONEL LUIS AMERICANO 130</td>
</tr><tr bgcolor="">
<th>eq_bairro</th>
<td>VILA AZEVEDO</td>
</tr><tr bgcolor="#E3E3F3">
<th>eq_cep</th>
<td>03308000</td>
</tr><tr bgcolor="">
<th>eq_tipo</th>
<td>SENAC</td>
</tr><tr bgcolor="#E3E3F3">
<th>eq_classe</th>
<td>SENAI-SESI-SENAC</td>
</tr><tr bgcolor="">
<th>eq_telefon</th>
<td>1121912900 / </td>
</tr><tr bgcolor="#E3E3F3">
<th>eq_setor</th>
<td>355030880000070</td>
</tr><tr bgcolor="">
<th>eq_areap</th>
<td>3550308005038</td>
</tr><tr bgcolor="#E3E3F3">
<th>eq_cd_dist</th>
<td>80</td>
</tr><tr bgcolor="">
<th>eq_distr</th>
<td>TATUAPE</td>
</tr><tr bgcolor="#E3E3F3">
<th>eq_cd_subp</th>
<td>25</td>
</tr><tr bgcolor="">
<th>eq_subpref</th>
<td>MOOCA</td>
</tr><tr bgcolor="#E3E3F3">
<th>eq_regiao5</th>
<td>Leste</td>
</tr><tr bgcolor="">
<th>eq_regiao8</th>
<td>Leste 1</td>
</tr><tr bgcolor="#E3E3F3">
<th>eq_ender</th>
<td>RUA CORONEL LUIS AMERICANO</td>
</tr><tr bgcolor="">
<th>eq_num</th>
<td>130</td>
</tr><tr bgcolor="#E3E3F3">
<th>eq_compend</th>
<td>RUA</td>
</tr><tr bgcolor="">
<th>eq_codcep</th>
<td>03308000</td>
</tr><tr bgcolor="#E3E3F3">
<th>eq_fone1</th>
<td>1121912900</td>
</tr><tr bgcolor="">
<th>eq_fone2</th>
<td></td>
</tr><tr bgcolor="#E3E3F3">
<th>eq_email</th>
<td>SUPERVISAOEDUC@SP.SENAC.BR</td>
</tr><tr bgcolor="">
<th>eq_cd_dirt</th>
<td>10205</td>
</tr><tr bgcolor="#E3E3F3">
<th>eq_diretor</th>
<td>LESTE 5</td>
</tr><tr bgcolor="">
<th>eq_dre</th>
<td>PENHA</td>
</tr><tr bgcolor="#E3E3F3">
<th>eq_cd_zona</th>
<td>1</td>
</tr><tr bgcolor="">
<th>eq_zona</th>
<td>Urbana</td>
</tr><tr bgcolor="#E3E3F3">
<th>eq_cd_mec</th>
<td>35148593</td>
</tr><tr bgcolor="">
<th>eq_esfera</th>
<td>PRIVADA</td>
</tr><tr bgcolor="#E3E3F3">
<th>eq_cd_catg</th>
<td>1</td>
</tr><tr bgcolor="">
<th>eq_categor</th>
<td>ESCOLAS AUTONOMAS</td>
</tr><tr bgcolor="#E3E3F3">
<th>eq_eol</th>
<td>35148593</td>
</tr><tr bgcolor="">
<th>eq_horario</th>
<td></td>
</tr></table></center>]]></description>
			<styleUrl>#m_ylw-pushpin</styleUrl>
			<ExtendedData>
				<SchemaData schemaUrl="#kml_schema_ft_LL_WGS84_KMZ_TEMA_EDUCACAO_SENAI-SESI-SENAC">
					<SimpleData name="eq_id">3106</SimpleData>
					<SimpleData name="eq_nome">SENAC TATUAPE</SimpleData>
					<SimpleData name="eq_enderec">RUA CORONEL LUIS AMERICANO 130</SimpleData>
					<SimpleData name="eq_bairro">VILA AZEVEDO</SimpleData>
					<SimpleData name="eq_cep">03308000</SimpleData>
					<SimpleData name="eq_tipo">SENAC</SimpleData>
					<SimpleData name="eq_classe">SENAI-SESI-SENAC</SimpleData>
					<SimpleData name="eq_telefon">1121912900 /</SimpleData>
					<SimpleData name="eq_setor">355030880000070</SimpleData>
					<SimpleData name="eq_areap">3550308005038</SimpleData>
					<SimpleData name="eq_cd_dist">80</SimpleData>
					<SimpleData name="eq_distr">TATUAPE</SimpleData>
					<SimpleData name="eq_cd_subp">25</SimpleData>
					<SimpleData name="eq_subpref">MOOCA</SimpleData>
					<SimpleData name="eq_regiao5">Leste</SimpleData>
					<SimpleData name="eq_regiao8">Leste 1</SimpleData>
					<SimpleData name="eq_ender">RUA CORONEL LUIS AMERICANO</SimpleData>
					<SimpleData name="eq_num">130</SimpleData>
					<SimpleData name="eq_compend">RUA</SimpleData>
					<SimpleData name="eq_codcep">03308000</SimpleData>
					<SimpleData name="eq_fone1">1121912900</SimpleData>
					<SimpleData name="eq_email">SUPERVISAOEDUC@SP.SENAC.BR</SimpleData>
					<SimpleData name="eq_cd_dirt">10205</SimpleData>
					<SimpleData name="eq_diretor">LESTE 5</SimpleData>
					<SimpleData name="eq_dre">PENHA</SimpleData>
					<SimpleData name="eq_cd_zona">1</SimpleData>
					<SimpleData name="eq_zona">Urbana</SimpleData>
					<SimpleData name="eq_cd_mec">35148593</SimpleData>
					<SimpleData name="eq_esfera">PRIVADA</SimpleData>
					<SimpleData name="eq_cd_catg">1</SimpleData>
					<SimpleData name="eq_categor">ESCOLAS AUTONOMAS</SimpleData>
					<SimpleData name="eq_eol">35148593</SimpleData>
				</SchemaData>
			</ExtendedData>
			<Point>
				<coordinates>-46.574904961869,-23.5411385833324,0</coordinates>
			</Point>
		</Placemark>
		<Placemark id="kml_31">
			<name>kml_31</name>
			<snippet></snippet>
			<description><![CDATA[<center><table><tr><th colspan='2' align='center'><em>Attributes</em></th></tr><tr bgcolor="#E3E3F3">
<th>eq_id</th>
<td>3107</td>
</tr><tr bgcolor="">
<th>eq_nome</th>
<td>SENAC FRANCISCO MATARAZZO</td>
</tr><tr bgcolor="#E3E3F3">
<th>eq_enderec</th>
<td>FRANCISCO MATARAZZO 249</td>
</tr><tr bgcolor="">
<th>eq_bairro</th>
<td>AGUA BRANCA</td>
</tr><tr bgcolor="#E3E3F3">
<th>eq_cep</th>
<td>05001000</td>
</tr><tr bgcolor="">
<th>eq_tipo</th>
<td>SENAC</td>
</tr><tr bgcolor="#E3E3F3">
<th>eq_classe</th>
<td>SENAI-SESI-SENAC</td>
</tr><tr bgcolor="">
<th>eq_telefon</th>
<td>1121892100 / </td>
</tr><tr bgcolor="#E3E3F3">
<th>eq_setor</th>
<td>355030806000014</td>
</tr><tr bgcolor="">
<th>eq_areap</th>
<td>3550308005029</td>
</tr><tr bgcolor="#E3E3F3">
<th>eq_cd_dist</th>
<td>6</td>
</tr><tr bgcolor="">
<th>eq_distr</th>
<td>BARRA FUNDA</td>
</tr><tr bgcolor="#E3E3F3">
<th>eq_cd_subp</th>
<td>8</td>
</tr><tr bgcolor="">
<th>eq_subpref</th>
<td>LAPA</td>
</tr><tr bgcolor="#E3E3F3">
<th>eq_regiao5</th>
<td>Oeste</td>
</tr><tr bgcolor="">
<th>eq_regiao8</th>
<td>Oeste</td>
</tr><tr bgcolor="#E3E3F3">
<th>eq_ender</th>
<td>FRANCISCO MATARAZZO</td>
</tr><tr bgcolor="">
<th>eq_num</th>
<td>249</td>
</tr><tr bgcolor="#E3E3F3">
<th>eq_compend</th>
<td>AVENIDA</td>
</tr><tr bgcolor="">
<th>eq_codcep</th>
<td>05001000</td>
</tr><tr bgcolor="#E3E3F3">
<th>eq_fone1</th>
<td>1121892100</td>
</tr><tr bgcolor="">
<th>eq_fone2</th>
<td></td>
</tr><tr bgcolor="#E3E3F3">
<th>eq_email</th>
<td>SUPERVISAOEDUC@SP.SENAC.BR</td>
</tr><tr bgcolor="">
<th>eq_cd_dirt</th>
<td>10102</td>
</tr><tr bgcolor="#E3E3F3">
<th>eq_diretor</th>
<td>CENTRO</td>
</tr><tr bgcolor="">
<th>eq_dre</th>
<td>IPIRANGA</td>
</tr><tr bgcolor="#E3E3F3">
<th>eq_cd_zona</th>
<td>1</td>
</tr><tr bgcolor="">
<th>eq_zona</th>
<td>Urbana</td>
</tr><tr bgcolor="#E3E3F3">
<th>eq_cd_mec</th>
<td>35148623</td>
</tr><tr bgcolor="">
<th>eq_esfera</th>
<td>PRIVADA</td>
</tr><tr bgcolor="#E3E3F3">
<th>eq_cd_catg</th>
<td>1</td>
</tr><tr bgcolor="">
<th>eq_categor</th>
<td>ESCOLAS AUTONOMAS</td>
</tr><tr bgcolor="#E3E3F3">
<th>eq_eol</th>
<td>35148623</td>
</tr><tr bgcolor="">
<th>eq_horario</th>
<td></td>
</tr></table></center>]]></description>
			<styleUrl>#m_ylw-pushpin</styleUrl>
			<ExtendedData>
				<SchemaData schemaUrl="#kml_schema_ft_LL_WGS84_KMZ_TEMA_EDUCACAO_SENAI-SESI-SENAC">
					<SimpleData name="eq_id">3107</SimpleData>
					<SimpleData name="eq_nome">SENAC FRANCISCO MATARAZZO</SimpleData>
					<SimpleData name="eq_enderec">FRANCISCO MATARAZZO 249</SimpleData>
					<SimpleData name="eq_bairro">AGUA BRANCA</SimpleData>
					<SimpleData name="eq_cep">05001000</SimpleData>
					<SimpleData name="eq_tipo">SENAC</SimpleData>
					<SimpleData name="eq_classe">SENAI-SESI-SENAC</SimpleData>
					<SimpleData name="eq_telefon">1121892100 /</SimpleData>
					<SimpleData name="eq_setor">355030806000014</SimpleData>
					<SimpleData name="eq_areap">3550308005029</SimpleData>
					<SimpleData name="eq_cd_dist">6</SimpleData>
					<SimpleData name="eq_distr">BARRA FUNDA</SimpleData>
					<SimpleData name="eq_cd_subp">8</SimpleData>
					<SimpleData name="eq_subpref">LAPA</SimpleData>
					<SimpleData name="eq_regiao5">Oeste</SimpleData>
					<SimpleData name="eq_regiao8">Oeste</SimpleData>
					<SimpleData name="eq_ender">FRANCISCO MATARAZZO</SimpleData>
					<SimpleData name="eq_num">249</SimpleData>
					<SimpleData name="eq_compend">AVENIDA</SimpleData>
					<SimpleData name="eq_codcep">05001000</SimpleData>
					<SimpleData name="eq_fone1">1121892100</SimpleData>
					<SimpleData name="eq_email">SUPERVISAOEDUC@SP.SENAC.BR</SimpleData>
					<SimpleData name="eq_cd_dirt">10102</SimpleData>
					<SimpleData name="eq_diretor">CENTRO</SimpleData>
					<SimpleData name="eq_dre">IPIRANGA</SimpleData>
					<SimpleData name="eq_cd_zona">1</SimpleData>
					<SimpleData name="eq_zona">Urbana</SimpleData>
					<SimpleData name="eq_cd_mec">35148623</SimpleData>
					<SimpleData name="eq_esfera">PRIVADA</SimpleData>
					<SimpleData name="eq_cd_catg">1</SimpleData>
					<SimpleData name="eq_categor">ESCOLAS AUTONOMAS</SimpleData>
					<SimpleData name="eq_eol">35148623</SimpleData>
				</SchemaData>
			</ExtendedData>
			<Point>
				<coordinates>-46.6661506421128,-23.5309552442317,0</coordinates>
			</Point>
		</Placemark>
		<Placemark id="kml_32">
			<name>kml_32</name>
			<snippet></snippet>
			<description><![CDATA[<center><table><tr><th colspan='2' align='center'><em>Attributes</em></th></tr><tr bgcolor="#E3E3F3">
<th>eq_id</th>
<td>3108</td>
</tr><tr bgcolor="">
<th>eq_nome</th>
<td>SENAC TIRADENTES</td>
</tr><tr bgcolor="#E3E3F3">
<th>eq_enderec</th>
<td>TIRADENTES 822</td>
</tr><tr bgcolor="">
<th>eq_bairro</th>
<td>LUZ</td>
</tr><tr bgcolor="#E3E3F3">
<th>eq_cep</th>
<td>01102000</td>
</tr><tr bgcolor="">
<th>eq_tipo</th>
<td>SENAC</td>
</tr><tr bgcolor="#E3E3F3">
<th>eq_classe</th>
<td>SENAI-SESI-SENAC</td>
</tr><tr bgcolor="">
<th>eq_telefon</th>
<td>1133662000 / </td>
</tr><tr bgcolor="#E3E3F3">
<th>eq_setor</th>
<td>355030809000011</td>
</tr><tr bgcolor="">
<th>eq_areap</th>
<td>3550308005004</td>
</tr><tr bgcolor="#E3E3F3">
<th>eq_cd_dist</th>
<td>9</td>
</tr><tr bgcolor="">
<th>eq_distr</th>
<td>BOM RETIRO</td>
</tr><tr bgcolor="#E3E3F3">
<th>eq_cd_subp</th>
<td>9</td>
</tr><tr bgcolor="">
<th>eq_subpref</th>
<td>SE</td>
</tr><tr bgcolor="#E3E3F3">
<th>eq_regiao5</th>
<td>Centro</td>
</tr><tr bgcolor="">
<th>eq_regiao8</th>
<td>Centro</td>
</tr><tr bgcolor="#E3E3F3">
<th>eq_ender</th>
<td>TIRADENTES</td>
</tr><tr bgcolor="">
<th>eq_num</th>
<td>822</td>
</tr><tr bgcolor="#E3E3F3">
<th>eq_compend</th>
<td>AVENIDA</td>
</tr><tr bgcolor="">
<th>eq_codcep</th>
<td>01102000</td>
</tr><tr bgcolor="#E3E3F3">
<th>eq_fone1</th>
<td>1133662000</td>
</tr><tr bgcolor="">
<th>eq_fone2</th>
<td></td>
</tr><tr bgcolor="#E3E3F3">
<th>eq_email</th>
<td>SUPERVISAOEDUC@SP.SENAC.BR</td>
</tr><tr bgcolor="">
<th>eq_cd_dirt</th>
<td>10102</td>
</tr><tr bgcolor="#E3E3F3">
<th>eq_diretor</th>
<td>CENTRO</td>
</tr><tr bgcolor="">
<th>eq_dre</th>
<td>IPIRANGA</td>
</tr><tr bgcolor="#E3E3F3">
<th>eq_cd_zona</th>
<td>1</td>
</tr><tr bgcolor="">
<th>eq_zona</th>
<td>Urbana</td>
</tr><tr bgcolor="#E3E3F3">
<th>eq_cd_mec</th>
<td>35148659</td>
</tr><tr bgcolor="">
<th>eq_esfera</th>
<td>PRIVADA</td>
</tr><tr bgcolor="#E3E3F3">
<th>eq_cd_catg</th>
<td>1</td>
</tr><tr bgcolor="">
<th>eq_categor</th>
<td>ESCOLAS AUTONOMAS</td>
</tr><tr bgcolor="#E3E3F3">
<th>eq_eol</th>
<td>35148659</td>
</tr><tr bgcolor="">
<th>eq_horario</th>
<td></td>
</tr></table></center>]]></description>
			<styleUrl>#m_ylw-pushpin</styleUrl>
			<ExtendedData>
				<SchemaData schemaUrl="#kml_schema_ft_LL_WGS84_KMZ_TEMA_EDUCACAO_SENAI-SESI-SENAC">
					<SimpleData name="eq_id">3108</SimpleData>
					<SimpleData name="eq_nome">SENAC TIRADENTES</SimpleData>
					<SimpleData name="eq_enderec">TIRADENTES 822</SimpleData>
					<SimpleData name="eq_bairro">LUZ</SimpleData>
					<SimpleData name="eq_cep">01102000</SimpleData>
					<SimpleData name="eq_tipo">SENAC</SimpleData>
					<SimpleData name="eq_classe">SENAI-SESI-SENAC</SimpleData>
					<SimpleData name="eq_telefon">1133662000 /</SimpleData>
					<SimpleData name="eq_setor">355030809000011</SimpleData>
					<SimpleData name="eq_areap">3550308005004</SimpleData>
					<SimpleData name="eq_cd_dist">9</SimpleData>
					<SimpleData name="eq_distr">BOM RETIRO</SimpleData>
					<SimpleData name="eq_cd_subp">9</SimpleData>
					<SimpleData name="eq_subpref">SE</SimpleData>
					<SimpleData name="eq_regiao5">Centro</SimpleData>
					<SimpleData name="eq_regiao8">Centro</SimpleData>
					<SimpleData name="eq_ender">TIRADENTES</SimpleData>
					<SimpleData name="eq_num">822</SimpleData>
					<SimpleData name="eq_compend">AVENIDA</SimpleData>
					<SimpleData name="eq_codcep">01102000</SimpleData>
					<SimpleData name="eq_fone1">1133662000</SimpleData>
					<SimpleData name="eq_email">SUPERVISAOEDUC@SP.SENAC.BR</SimpleData>
					<SimpleData name="eq_cd_dirt">10102</SimpleData>
					<SimpleData name="eq_diretor">CENTRO</SimpleData>
					<SimpleData name="eq_dre">IPIRANGA</SimpleData>
					<SimpleData name="eq_cd_zona">1</SimpleData>
					<SimpleData name="eq_zona">Urbana</SimpleData>
					<SimpleData name="eq_cd_mec">35148659</SimpleData>
					<SimpleData name="eq_esfera">PRIVADA</SimpleData>
					<SimpleData name="eq_cd_catg">1</SimpleData>
					<SimpleData name="eq_categor">ESCOLAS AUTONOMAS</SimpleData>
					<SimpleData name="eq_eol">35148659</SimpleData>
				</SchemaData>
			</ExtendedData>
			<Point>
				<coordinates>-46.63084332635629,-23.5287433805865,0</coordinates>
			</Point>
		</Placemark>
		<Placemark id="kml_33">
			<name>kml_33</name>
			<snippet></snippet>
			<description><![CDATA[<center><table><tr><th colspan='2' align='center'><em>Attributes</em></th></tr><tr bgcolor="#E3E3F3">
<th>eq_id</th>
<td>3109</td>
</tr><tr bgcolor="">
<th>eq_nome</th>
<td>SENAC JABAQUARA</td>
</tr><tr bgcolor="#E3E3F3">
<th>eq_enderec</th>
<td>CAFE 298</td>
</tr><tr bgcolor="">
<th>eq_bairro</th>
<td>VILA GUARANI Z SUL</td>
</tr><tr bgcolor="#E3E3F3">
<th>eq_cep</th>
<td>04311000</td>
</tr><tr bgcolor="">
<th>eq_tipo</th>
<td>SENAC</td>
</tr><tr bgcolor="#E3E3F3">
<th>eq_classe</th>
<td>SENAI-SESI-SENAC</td>
</tr><tr bgcolor="">
<th>eq_telefon</th>
<td>1121469150 / </td>
</tr><tr bgcolor="#E3E3F3">
<th>eq_setor</th>
<td>355030838000139</td>
</tr><tr bgcolor="">
<th>eq_areap</th>
<td>3550308005093</td>
</tr><tr bgcolor="#E3E3F3">
<th>eq_cd_dist</th>
<td>38</td>
</tr><tr bgcolor="">
<th>eq_distr</th>
<td>JABAQUARA</td>
</tr><tr bgcolor="#E3E3F3">
<th>eq_cd_subp</th>
<td>15</td>
</tr><tr bgcolor="">
<th>eq_subpref</th>
<td>JABAQUARA</td>
</tr><tr bgcolor="#E3E3F3">
<th>eq_regiao5</th>
<td>Sul</td>
</tr><tr bgcolor="">
<th>eq_regiao8</th>
<td>Sul 1</td>
</tr><tr bgcolor="#E3E3F3">
<th>eq_ender</th>
<td>CAFE</td>
</tr><tr bgcolor="">
<th>eq_num</th>
<td>298</td>
</tr><tr bgcolor="#E3E3F3">
<th>eq_compend</th>
<td>AVENIDA</td>
</tr><tr bgcolor="">
<th>eq_codcep</th>
<td>04311000</td>
</tr><tr bgcolor="#E3E3F3">
<th>eq_fone1</th>
<td>1121469150</td>
</tr><tr bgcolor="">
<th>eq_fone2</th>
<td></td>
</tr><tr bgcolor="#E3E3F3">
<th>eq_email</th>
<td>SUPERVISAOEDUC@SP.SENAC.BR</td>
</tr><tr bgcolor="">
<th>eq_cd_dirt</th>
<td>10317</td>
</tr><tr bgcolor="#E3E3F3">
<th>eq_diretor</th>
<td>SUL 1</td>
</tr><tr bgcolor="">
<th>eq_dre</th>
<td>SANTO AMARO</td>
</tr><tr bgcolor="#E3E3F3">
<th>eq_cd_zona</th>
<td>1</td>
</tr><tr bgcolor="">
<th>eq_zona</th>
<td>Urbana</td>
</tr><tr bgcolor="#E3E3F3">
<th>eq_cd_mec</th>
<td>35148702</td>
</tr><tr bgcolor="">
<th>eq_esfera</th>
<td>PRIVADA</td>
</tr><tr bgcolor="#E3E3F3">
<th>eq_cd_catg</th>
<td>1</td>
</tr><tr bgcolor="">
<th>eq_categor</th>
<td>ESCOLAS AUTONOMAS</td>
</tr><tr bgcolor="#E3E3F3">
<th>eq_eol</th>
<td>35148702</td>
</tr><tr bgcolor="">
<th>eq_horario</th>
<td></td>
</tr></table></center>]]></description>
			<styleUrl>#m_ylw-pushpin</styleUrl>
			<ExtendedData>
				<SchemaData schemaUrl="#kml_schema_ft_LL_WGS84_KMZ_TEMA_EDUCACAO_SENAI-SESI-SENAC">
					<SimpleData name="eq_id">3109</SimpleData>
					<SimpleData name="eq_nome">SENAC JABAQUARA</SimpleData>
					<SimpleData name="eq_enderec">CAFE 298</SimpleData>
					<SimpleData name="eq_bairro">VILA GUARANI Z SUL</SimpleData>
					<SimpleData name="eq_cep">04311000</SimpleData>
					<SimpleData name="eq_tipo">SENAC</SimpleData>
					<SimpleData name="eq_classe">SENAI-SESI-SENAC</SimpleData>
					<SimpleData name="eq_telefon">1121469150 /</SimpleData>
					<SimpleData name="eq_setor">355030838000139</SimpleData>
					<SimpleData name="eq_areap">3550308005093</SimpleData>
					<SimpleData name="eq_cd_dist">38</SimpleData>
					<SimpleData name="eq_distr">JABAQUARA</SimpleData>
					<SimpleData name="eq_cd_subp">15</SimpleData>
					<SimpleData name="eq_subpref">JABAQUARA</SimpleData>
					<SimpleData name="eq_regiao5">Sul</SimpleData>
					<SimpleData name="eq_regiao8">Sul 1</SimpleData>
					<SimpleData name="eq_ender">CAFE</SimpleData>
					<SimpleData name="eq_num">298</SimpleData>
					<SimpleData name="eq_compend">AVENIDA</SimpleData>
					<SimpleData name="eq_codcep">04311000</SimpleData>
					<SimpleData name="eq_fone1">1121469150</SimpleData>
					<SimpleData name="eq_email">SUPERVISAOEDUC@SP.SENAC.BR</SimpleData>
					<SimpleData name="eq_cd_dirt">10317</SimpleData>
					<SimpleData name="eq_diretor">SUL 1</SimpleData>
					<SimpleData name="eq_dre">SANTO AMARO</SimpleData>
					<SimpleData name="eq_cd_zona">1</SimpleData>
					<SimpleData name="eq_zona">Urbana</SimpleData>
					<SimpleData name="eq_cd_mec">35148702</SimpleData>
					<SimpleData name="eq_esfera">PRIVADA</SimpleData>
					<SimpleData name="eq_cd_catg">1</SimpleData>
					<SimpleData name="eq_categor">ESCOLAS AUTONOMAS</SimpleData>
					<SimpleData name="eq_eol">35148702</SimpleData>
				</SchemaData>
			</ExtendedData>
			<Point>
				<coordinates>-46.6395388113066,-23.6343428225348,0</coordinates>
			</Point>
		</Placemark>
		<Placemark id="kml_34">
			<name>kml_34</name>
			<snippet></snippet>
			<description><![CDATA[<center><table><tr><th colspan='2' align='center'><em>Attributes</em></th></tr><tr bgcolor="#E3E3F3">
<th>eq_id</th>
<td>3110</td>
</tr><tr bgcolor="">
<th>eq_nome</th>
<td>SENAC LARGO TREZE</td>
</tr><tr bgcolor="#E3E3F3">
<th>eq_enderec</th>
<td>ANTONIO BENTO DOUTOR 393</td>
</tr><tr bgcolor="">
<th>eq_bairro</th>
<td>SANTO AMARO</td>
</tr><tr bgcolor="#E3E3F3">
<th>eq_cep</th>
<td>04750000</td>
</tr><tr bgcolor="">
<th>eq_tipo</th>
<td>SENAC</td>
</tr><tr bgcolor="#E3E3F3">
<th>eq_classe</th>
<td>SENAI-SESI-SENAC</td>
</tr><tr bgcolor="">
<th>eq_telefon</th>
<td>1137373900 / </td>
</tr><tr bgcolor="#E3E3F3">
<th>eq_setor</th>
<td>355030871000013</td>
</tr><tr bgcolor="">
<th>eq_areap</th>
<td>3550308005173</td>
</tr><tr bgcolor="#E3E3F3">
<th>eq_cd_dist</th>
<td>71</td>
</tr><tr bgcolor="">
<th>eq_distr</th>
<td>SANTO AMARO</td>
</tr><tr bgcolor="#E3E3F3">
<th>eq_cd_subp</th>
<td>14</td>
</tr><tr bgcolor="">
<th>eq_subpref</th>
<td>SANTO AMARO</td>
</tr><tr bgcolor="#E3E3F3">
<th>eq_regiao5</th>
<td>Sul</td>
</tr><tr bgcolor="">
<th>eq_regiao8</th>
<td>Sul 2</td>
</tr><tr bgcolor="#E3E3F3">
<th>eq_ender</th>
<td>ANTONIO BENTO DOUTOR</td>
</tr><tr bgcolor="">
<th>eq_num</th>
<td>393</td>
</tr><tr bgcolor="#E3E3F3">
<th>eq_compend</th>
<td>RUA</td>
</tr><tr bgcolor="">
<th>eq_codcep</th>
<td>04750000</td>
</tr><tr bgcolor="#E3E3F3">
<th>eq_fone1</th>
<td>1137373900</td>
</tr><tr bgcolor="">
<th>eq_fone2</th>
<td></td>
</tr><tr bgcolor="#E3E3F3">
<th>eq_email</th>
<td>SUPERVISAOEDUC@SP.SENAC.BR</td>
</tr><tr bgcolor="">
<th>eq_cd_dirt</th>
<td>10317</td>
</tr><tr bgcolor="#E3E3F3">
<th>eq_diretor</th>
<td>SUL 1</td>
</tr><tr bgcolor="">
<th>eq_dre</th>
<td>SANTO AMARO</td>
</tr><tr bgcolor="#E3E3F3">
<th>eq_cd_zona</th>
<td>1</td>
</tr><tr bgcolor="">
<th>eq_zona</th>
<td>Urbana</td>
</tr><tr bgcolor="#E3E3F3">
<th>eq_cd_mec</th>
<td>35148714</td>
</tr><tr bgcolor="">
<th>eq_esfera</th>
<td>PRIVADA</td>
</tr><tr bgcolor="#E3E3F3">
<th>eq_cd_catg</th>
<td>1</td>
</tr><tr bgcolor="">
<th>eq_categor</th>
<td>ESCOLAS AUTONOMAS</td>
</tr><tr bgcolor="#E3E3F3">
<th>eq_eol</th>
<td>35148714</td>
</tr><tr bgcolor="">
<th>eq_horario</th>
<td></td>
</tr></table></center>]]></description>
			<styleUrl>#m_ylw-pushpin</styleUrl>
			<ExtendedData>
				<SchemaData schemaUrl="#kml_schema_ft_LL_WGS84_KMZ_TEMA_EDUCACAO_SENAI-SESI-SENAC">
					<SimpleData name="eq_id">3110</SimpleData>
					<SimpleData name="eq_nome">SENAC LARGO TREZE</SimpleData>
					<SimpleData name="eq_enderec">ANTONIO BENTO DOUTOR 393</SimpleData>
					<SimpleData name="eq_bairro">SANTO AMARO</SimpleData>
					<SimpleData name="eq_cep">04750000</SimpleData>
					<SimpleData name="eq_tipo">SENAC</SimpleData>
					<SimpleData name="eq_classe">SENAI-SESI-SENAC</SimpleData>
					<SimpleData name="eq_telefon">1137373900 /</SimpleData>
					<SimpleData name="eq_setor">355030871000013</SimpleData>
					<SimpleData name="eq_areap">3550308005173</SimpleData>
					<SimpleData name="eq_cd_dist">71</SimpleData>
					<SimpleData name="eq_distr">SANTO AMARO</SimpleData>
					<SimpleData name="eq_cd_subp">14</SimpleData>
					<SimpleData name="eq_subpref">SANTO AMARO</SimpleData>
					<SimpleData name="eq_regiao5">Sul</SimpleData>
					<SimpleData name="eq_regiao8">Sul 2</SimpleData>
					<SimpleData name="eq_ender">ANTONIO BENTO DOUTOR</SimpleData>
					<SimpleData name="eq_num">393</SimpleData>
					<SimpleData name="eq_compend">RUA</SimpleData>
					<SimpleData name="eq_codcep">04750000</SimpleData>
					<SimpleData name="eq_fone1">1137373900</SimpleData>
					<SimpleData name="eq_email">SUPERVISAOEDUC@SP.SENAC.BR</SimpleData>
					<SimpleData name="eq_cd_dirt">10317</SimpleData>
					<SimpleData name="eq_diretor">SUL 1</SimpleData>
					<SimpleData name="eq_dre">SANTO AMARO</SimpleData>
					<SimpleData name="eq_cd_zona">1</SimpleData>
					<SimpleData name="eq_zona">Urbana</SimpleData>
					<SimpleData name="eq_cd_mec">35148714</SimpleData>
					<SimpleData name="eq_esfera">PRIVADA</SimpleData>
					<SimpleData name="eq_cd_catg">1</SimpleData>
					<SimpleData name="eq_categor">ESCOLAS AUTONOMAS</SimpleData>
					<SimpleData name="eq_eol">35148714</SimpleData>
				</SchemaData>
			</ExtendedData>
			<Point>
				<coordinates>-46.70391136485801,-23.6471346517933,0</coordinates>
			</Point>
		</Placemark>
		<Placemark id="kml_35">
			<name>kml_35</name>
			<snippet></snippet>
			<description><![CDATA[<center><table><tr><th colspan='2' align='center'><em>Attributes</em></th></tr><tr bgcolor="#E3E3F3">
<th>eq_id</th>
<td>3111</td>
</tr><tr bgcolor="">
<th>eq_nome</th>
<td>SENAC LAPA SCIPIAO</td>
</tr><tr bgcolor="#E3E3F3">
<th>eq_enderec</th>
<td>RUA SCIPIAO 67</td>
</tr><tr bgcolor="">
<th>eq_bairro</th>
<td>VROMANA</td>
</tr><tr bgcolor="#E3E3F3">
<th>eq_cep</th>
<td>05047000</td>
</tr><tr bgcolor="">
<th>eq_tipo</th>
<td>SENAC</td>
</tr><tr bgcolor="#E3E3F3">
<th>eq_classe</th>
<td>SENAI-SESI-SENAC</td>
</tr><tr bgcolor="">
<th>eq_telefon</th>
<td>1134752200 / 1134752299</td>
</tr><tr bgcolor="#E3E3F3">
<th>eq_setor</th>
<td>355030848000010</td>
</tr><tr bgcolor="">
<th>eq_areap</th>
<td>3550308005058</td>
</tr><tr bgcolor="#E3E3F3">
<th>eq_cd_dist</th>
<td>48</td>
</tr><tr bgcolor="">
<th>eq_distr</th>
<td>LAPA</td>
</tr><tr bgcolor="#E3E3F3">
<th>eq_cd_subp</th>
<td>8</td>
</tr><tr bgcolor="">
<th>eq_subpref</th>
<td>LAPA</td>
</tr><tr bgcolor="#E3E3F3">
<th>eq_regiao5</th>
<td>Oeste</td>
</tr><tr bgcolor="">
<th>eq_regiao8</th>
<td>Oeste</td>
</tr><tr bgcolor="#E3E3F3">
<th>eq_ender</th>
<td>RUA SCIPIAO</td>
</tr><tr bgcolor="">
<th>eq_num</th>
<td>67</td>
</tr><tr bgcolor="#E3E3F3">
<th>eq_compend</th>
<td>RUA</td>
</tr><tr bgcolor="">
<th>eq_codcep</th>
<td>05047000</td>
</tr><tr bgcolor="#E3E3F3">
<th>eq_fone1</th>
<td>1134752200</td>
</tr><tr bgcolor="">
<th>eq_fone2</th>
<td>1134752299</td>
</tr><tr bgcolor="#E3E3F3">
<th>eq_email</th>
<td>SUPERVISAOEDUC@SP.SENAC.BR</td>
</tr><tr bgcolor="">
<th>eq_cd_dirt</th>
<td>10312</td>
</tr><tr bgcolor="#E3E3F3">
<th>eq_diretor</th>
<td>CENTRO OESTE</td>
</tr><tr bgcolor="">
<th>eq_dre</th>
<td>PIRITUBA</td>
</tr><tr bgcolor="#E3E3F3">
<th>eq_cd_zona</th>
<td>1</td>
</tr><tr bgcolor="">
<th>eq_zona</th>
<td>Urbana</td>
</tr><tr bgcolor="#E3E3F3">
<th>eq_cd_mec</th>
<td>35148994</td>
</tr><tr bgcolor="">
<th>eq_esfera</th>
<td>PRIVADA</td>
</tr><tr bgcolor="#E3E3F3">
<th>eq_cd_catg</th>
<td>1</td>
</tr><tr bgcolor="">
<th>eq_categor</th>
<td>ESCOLAS AUTONOMAS</td>
</tr><tr bgcolor="#E3E3F3">
<th>eq_eol</th>
<td>35148994</td>
</tr><tr bgcolor="">
<th>eq_horario</th>
<td></td>
</tr></table></center>]]></description>
			<styleUrl>#m_ylw-pushpin</styleUrl>
			<ExtendedData>
				<SchemaData schemaUrl="#kml_schema_ft_LL_WGS84_KMZ_TEMA_EDUCACAO_SENAI-SESI-SENAC">
					<SimpleData name="eq_id">3111</SimpleData>
					<SimpleData name="eq_nome">SENAC LAPA SCIPIAO</SimpleData>
					<SimpleData name="eq_enderec">RUA SCIPIAO 67</SimpleData>
					<SimpleData name="eq_bairro">VROMANA</SimpleData>
					<SimpleData name="eq_cep">05047000</SimpleData>
					<SimpleData name="eq_tipo">SENAC</SimpleData>
					<SimpleData name="eq_classe">SENAI-SESI-SENAC</SimpleData>
					<SimpleData name="eq_telefon">1134752200 / 1134752299</SimpleData>
					<SimpleData name="eq_setor">355030848000010</SimpleData>
					<SimpleData name="eq_areap">3550308005058</SimpleData>
					<SimpleData name="eq_cd_dist">48</SimpleData>
					<SimpleData name="eq_distr">LAPA</SimpleData>
					<SimpleData name="eq_cd_subp">8</SimpleData>
					<SimpleData name="eq_subpref">LAPA</SimpleData>
					<SimpleData name="eq_regiao5">Oeste</SimpleData>
					<SimpleData name="eq_regiao8">Oeste</SimpleData>
					<SimpleData name="eq_ender">RUA SCIPIAO</SimpleData>
					<SimpleData name="eq_num">67</SimpleData>
					<SimpleData name="eq_compend">RUA</SimpleData>
					<SimpleData name="eq_codcep">05047000</SimpleData>
					<SimpleData name="eq_fone1">1134752200</SimpleData>
					<SimpleData name="eq_fone2">1134752299</SimpleData>
					<SimpleData name="eq_email">SUPERVISAOEDUC@SP.SENAC.BR</SimpleData>
					<SimpleData name="eq_cd_dirt">10312</SimpleData>
					<SimpleData name="eq_diretor">CENTRO OESTE</SimpleData>
					<SimpleData name="eq_dre">PIRITUBA</SimpleData>
					<SimpleData name="eq_cd_zona">1</SimpleData>
					<SimpleData name="eq_zona">Urbana</SimpleData>
					<SimpleData name="eq_cd_mec">35148994</SimpleData>
					<SimpleData name="eq_esfera">PRIVADA</SimpleData>
					<SimpleData name="eq_cd_catg">1</SimpleData>
					<SimpleData name="eq_categor">ESCOLAS AUTONOMAS</SimpleData>
					<SimpleData name="eq_eol">35148994</SimpleData>
				</SchemaData>
			</ExtendedData>
			<Point>
				<coordinates>-46.6990318599489,-23.5219151465289,0</coordinates>
			</Point>
		</Placemark>
		<Placemark id="kml_36">
			<name>kml_36</name>
			<snippet></snippet>
			<description><![CDATA[<center><table><tr><th colspan='2' align='center'><em>Attributes</em></th></tr><tr bgcolor="#E3E3F3">
<th>eq_id</th>
<td>3112</td>
</tr><tr bgcolor="">
<th>eq_nome</th>
<td>SENAC LAPA FAUSTOLO</td>
</tr><tr bgcolor="#E3E3F3">
<th>eq_enderec</th>
<td>RUA FAUSTOLO 1347</td>
</tr><tr bgcolor="">
<th>eq_bairro</th>
<td>LAPA</td>
</tr><tr bgcolor="#E3E3F3">
<th>eq_cep</th>
<td>05041000</td>
</tr><tr bgcolor="">
<th>eq_tipo</th>
<td>SENAC</td>
</tr><tr bgcolor="#E3E3F3">
<th>eq_classe</th>
<td>SENAI-SESI-SENAC</td>
</tr><tr bgcolor="">
<th>eq_telefon</th>
<td>1121859800 / </td>
</tr><tr bgcolor="#E3E3F3">
<th>eq_setor</th>
<td>355030848000011</td>
</tr><tr bgcolor="">
<th>eq_areap</th>
<td>3550308005058</td>
</tr><tr bgcolor="#E3E3F3">
<th>eq_cd_dist</th>
<td>48</td>
</tr><tr bgcolor="">
<th>eq_distr</th>
<td>LAPA</td>
</tr><tr bgcolor="#E3E3F3">
<th>eq_cd_subp</th>
<td>8</td>
</tr><tr bgcolor="">
<th>eq_subpref</th>
<td>LAPA</td>
</tr><tr bgcolor="#E3E3F3">
<th>eq_regiao5</th>
<td>Oeste</td>
</tr><tr bgcolor="">
<th>eq_regiao8</th>
<td>Oeste</td>
</tr><tr bgcolor="#E3E3F3">
<th>eq_ender</th>
<td>RUA FAUSTOLO</td>
</tr><tr bgcolor="">
<th>eq_num</th>
<td>1347</td>
</tr><tr bgcolor="#E3E3F3">
<th>eq_compend</th>
<td>RUA</td>
</tr><tr bgcolor="">
<th>eq_codcep</th>
<td>05041000</td>
</tr><tr bgcolor="#E3E3F3">
<th>eq_fone1</th>
<td>1121859800</td>
</tr><tr bgcolor="">
<th>eq_fone2</th>
<td></td>
</tr><tr bgcolor="#E3E3F3">
<th>eq_email</th>
<td>SUPERVISAOEDUC@SP.SENAC.BR</td>
</tr><tr bgcolor="">
<th>eq_cd_dirt</th>
<td>10312</td>
</tr><tr bgcolor="#E3E3F3">
<th>eq_diretor</th>
<td>CENTRO OESTE</td>
</tr><tr bgcolor="">
<th>eq_dre</th>
<td>PIRITUBA</td>
</tr><tr bgcolor="#E3E3F3">
<th>eq_cd_zona</th>
<td>1</td>
</tr><tr bgcolor="">
<th>eq_zona</th>
<td>Urbana</td>
</tr><tr bgcolor="#E3E3F3">
<th>eq_cd_mec</th>
<td>35149081</td>
</tr><tr bgcolor="">
<th>eq_esfera</th>
<td>PRIVADA</td>
</tr><tr bgcolor="#E3E3F3">
<th>eq_cd_catg</th>
<td>1</td>
</tr><tr bgcolor="">
<th>eq_categor</th>
<td>ESCOLAS AUTONOMAS</td>
</tr><tr bgcolor="#E3E3F3">
<th>eq_eol</th>
<td>35149081</td>
</tr><tr bgcolor="">
<th>eq_horario</th>
<td></td>
</tr></table></center>]]></description>
			<styleUrl>#m_ylw-pushpin</styleUrl>
			<ExtendedData>
				<SchemaData schemaUrl="#kml_schema_ft_LL_WGS84_KMZ_TEMA_EDUCACAO_SENAI-SESI-SENAC">
					<SimpleData name="eq_id">3112</SimpleData>
					<SimpleData name="eq_nome">SENAC LAPA FAUSTOLO</SimpleData>
					<SimpleData name="eq_enderec">RUA FAUSTOLO 1347</SimpleData>
					<SimpleData name="eq_bairro">LAPA</SimpleData>
					<SimpleData name="eq_cep">05041000</SimpleData>
					<SimpleData name="eq_tipo">SENAC</SimpleData>
					<SimpleData name="eq_classe">SENAI-SESI-SENAC</SimpleData>
					<SimpleData name="eq_telefon">1121859800 /</SimpleData>
					<SimpleData name="eq_setor">355030848000011</SimpleData>
					<SimpleData name="eq_areap">3550308005058</SimpleData>
					<SimpleData name="eq_cd_dist">48</SimpleData>
					<SimpleData name="eq_distr">LAPA</SimpleData>
					<SimpleData name="eq_cd_subp">8</SimpleData>
					<SimpleData name="eq_subpref">LAPA</SimpleData>
					<SimpleData name="eq_regiao5">Oeste</SimpleData>
					<SimpleData name="eq_regiao8">Oeste</SimpleData>
					<SimpleData name="eq_ender">RUA FAUSTOLO</SimpleData>
					<SimpleData name="eq_num">1347</SimpleData>
					<SimpleData name="eq_compend">RUA</SimpleData>
					<SimpleData name="eq_codcep">05041000</SimpleData>
					<SimpleData name="eq_fone1">1121859800</SimpleData>
					<SimpleData name="eq_email">SUPERVISAOEDUC@SP.SENAC.BR</SimpleData>
					<SimpleData name="eq_cd_dirt">10312</SimpleData>
					<SimpleData name="eq_diretor">CENTRO OESTE</SimpleData>
					<SimpleData name="eq_dre">PIRITUBA</SimpleData>
					<SimpleData name="eq_cd_zona">1</SimpleData>
					<SimpleData name="eq_zona">Urbana</SimpleData>
					<SimpleData name="eq_cd_mec">35149081</SimpleData>
					<SimpleData name="eq_esfera">PRIVADA</SimpleData>
					<SimpleData name="eq_cd_catg">1</SimpleData>
					<SimpleData name="eq_categor">ESCOLAS AUTONOMAS</SimpleData>
					<SimpleData name="eq_eol">35149081</SimpleData>
				</SchemaData>
			</ExtendedData>
			<Point>
				<coordinates>-46.6985059414336,-23.5241631564221,0</coordinates>
			</Point>
		</Placemark>
		<Placemark id="kml_37">
			<name>kml_37</name>
			<snippet></snippet>
			<description><![CDATA[<center><table><tr><th colspan='2' align='center'><em>Attributes</em></th></tr><tr bgcolor="#E3E3F3">
<th>eq_id</th>
<td>3113</td>
</tr><tr bgcolor="">
<th>eq_nome</th>
<td>SENAC ITAQUERA</td>
</tr><tr bgcolor="#E3E3F3">
<th>eq_enderec</th>
<td>AVENIDA ITAQUERA 8266</td>
</tr><tr bgcolor="">
<th>eq_bairro</th>
<td>ITAQUERA</td>
</tr><tr bgcolor="#E3E3F3">
<th>eq_cep</th>
<td>08295000</td>
</tr><tr bgcolor="">
<th>eq_tipo</th>
<td>SENAC</td>
</tr><tr bgcolor="#E3E3F3">
<th>eq_classe</th>
<td>SENAI-SESI-SENAC</td>
</tr><tr bgcolor="">
<th>eq_telefon</th>
<td>1121859200 / </td>
</tr><tr bgcolor="#E3E3F3">
<th>eq_setor</th>
<td>355030837000048</td>
</tr><tr bgcolor="">
<th>eq_areap</th>
<td>3550308005202</td>
</tr><tr bgcolor="#E3E3F3">
<th>eq_cd_dist</th>
<td>37</td>
</tr><tr bgcolor="">
<th>eq_distr</th>
<td>ITAQUERA</td>
</tr><tr bgcolor="#E3E3F3">
<th>eq_cd_subp</th>
<td>27</td>
</tr><tr bgcolor="">
<th>eq_subpref</th>
<td>ITAQUERA</td>
</tr><tr bgcolor="#E3E3F3">
<th>eq_regiao5</th>
<td>Leste</td>
</tr><tr bgcolor="">
<th>eq_regiao8</th>
<td>Leste 2</td>
</tr><tr bgcolor="#E3E3F3">
<th>eq_ender</th>
<td>AVENIDA ITAQUERA</td>
</tr><tr bgcolor="">
<th>eq_num</th>
<td>8266</td>
</tr><tr bgcolor="#E3E3F3">
<th>eq_compend</th>
<td>AVENIDA</td>
</tr><tr bgcolor="">
<th>eq_codcep</th>
<td>08295000</td>
</tr><tr bgcolor="#E3E3F3">
<th>eq_fone1</th>
<td>1121859200</td>
</tr><tr bgcolor="">
<th>eq_fone2</th>
<td></td>
</tr><tr bgcolor="#E3E3F3">
<th>eq_email</th>
<td>SUPERVISAOEDUC@SP.SENAC.BR</td>
</tr><tr bgcolor="">
<th>eq_cd_dirt</th>
<td>10207</td>
</tr><tr bgcolor="#E3E3F3">
<th>eq_diretor</th>
<td>LESTE 1</td>
</tr><tr bgcolor="">
<th>eq_dre</th>
<td>ITAQUERA</td>
</tr><tr bgcolor="#E3E3F3">
<th>eq_cd_zona</th>
<td>1</td>
</tr><tr bgcolor="">
<th>eq_zona</th>
<td>Urbana</td>
</tr><tr bgcolor="#E3E3F3">
<th>eq_cd_mec</th>
<td>35149100</td>
</tr><tr bgcolor="">
<th>eq_esfera</th>
<td>PRIVADA</td>
</tr><tr bgcolor="#E3E3F3">
<th>eq_cd_catg</th>
<td>1</td>
</tr><tr bgcolor="">
<th>eq_categor</th>
<td>ESCOLAS AUTONOMAS</td>
</tr><tr bgcolor="#E3E3F3">
<th>eq_eol</th>
<td>35149100</td>
</tr><tr bgcolor="">
<th>eq_horario</th>
<td></td>
</tr></table></center>]]></description>
			<styleUrl>#m_ylw-pushpin</styleUrl>
			<ExtendedData>
				<SchemaData schemaUrl="#kml_schema_ft_LL_WGS84_KMZ_TEMA_EDUCACAO_SENAI-SESI-SENAC">
					<SimpleData name="eq_id">3113</SimpleData>
					<SimpleData name="eq_nome">SENAC ITAQUERA</SimpleData>
					<SimpleData name="eq_enderec">AVENIDA ITAQUERA 8266</SimpleData>
					<SimpleData name="eq_bairro">ITAQUERA</SimpleData>
					<SimpleData name="eq_cep">08295000</SimpleData>
					<SimpleData name="eq_tipo">SENAC</SimpleData>
					<SimpleData name="eq_classe">SENAI-SESI-SENAC</SimpleData>
					<SimpleData name="eq_telefon">1121859200 /</SimpleData>
					<SimpleData name="eq_setor">355030837000048</SimpleData>
					<SimpleData name="eq_areap">3550308005202</SimpleData>
					<SimpleData name="eq_cd_dist">37</SimpleData>
					<SimpleData name="eq_distr">ITAQUERA</SimpleData>
					<SimpleData name="eq_cd_subp">27</SimpleData>
					<SimpleData name="eq_subpref">ITAQUERA</SimpleData>
					<SimpleData name="eq_regiao5">Leste</SimpleData>
					<SimpleData name="eq_regiao8">Leste 2</SimpleData>
					<SimpleData name="eq_ender">AVENIDA ITAQUERA</SimpleData>
					<SimpleData name="eq_num">8266</SimpleData>
					<SimpleData name="eq_compend">AVENIDA</SimpleData>
					<SimpleData name="eq_codcep">08295000</SimpleData>
					<SimpleData name="eq_fone1">1121859200</SimpleData>
					<SimpleData name="eq_email">SUPERVISAOEDUC@SP.SENAC.BR</SimpleData>
					<SimpleData name="eq_cd_dirt">10207</SimpleData>
					<SimpleData name="eq_diretor">LESTE 1</SimpleData>
					<SimpleData name="eq_dre">ITAQUERA</SimpleData>
					<SimpleData name="eq_cd_zona">1</SimpleData>
					<SimpleData name="eq_zona">Urbana</SimpleData>
					<SimpleData name="eq_cd_mec">35149100</SimpleData>
					<SimpleData name="eq_esfera">PRIVADA</SimpleData>
					<SimpleData name="eq_cd_catg">1</SimpleData>
					<SimpleData name="eq_categor">ESCOLAS AUTONOMAS</SimpleData>
					<SimpleData name="eq_eol">35149100</SimpleData>
				</SchemaData>
			</ExtendedData>
			<Point>
				<coordinates>-46.4564048968157,-23.5398469324401,0</coordinates>
			</Point>
		</Placemark>
		<Placemark id="kml_38">
			<name>kml_38</name>
			<snippet></snippet>
			<description><![CDATA[<center><table><tr><th colspan='2' align='center'><em>Attributes</em></th></tr><tr bgcolor="#E3E3F3">
<th>eq_id</th>
<td>3114</td>
</tr><tr bgcolor="">
<th>eq_nome</th>
<td>SENAC PENHA</td>
</tr><tr bgcolor="#E3E3F3">
<th>eq_enderec</th>
<td>RUA FRANCISCO COIMBRA PENHA 403</td>
</tr><tr bgcolor="">
<th>eq_bairro</th>
<td>PENHA</td>
</tr><tr bgcolor="#E3E3F3">
<th>eq_cep</th>
<td>03639000</td>
</tr><tr bgcolor="">
<th>eq_tipo</th>
<td>SENAC</td>
</tr><tr bgcolor="#E3E3F3">
<th>eq_classe</th>
<td>SENAI-SESI-SENAC</td>
</tr><tr bgcolor="">
<th>eq_telefon</th>
<td>1121350300 / </td>
</tr><tr bgcolor="#E3E3F3">
<th>eq_setor</th>
<td>355030859000081</td>
</tr><tr bgcolor="">
<th>eq_areap</th>
<td>3550308005071</td>
</tr><tr bgcolor="#E3E3F3">
<th>eq_cd_dist</th>
<td>59</td>
</tr><tr bgcolor="">
<th>eq_distr</th>
<td>PENHA</td>
</tr><tr bgcolor="#E3E3F3">
<th>eq_cd_subp</th>
<td>21</td>
</tr><tr bgcolor="">
<th>eq_subpref</th>
<td>PENHA</td>
</tr><tr bgcolor="#E3E3F3">
<th>eq_regiao5</th>
<td>Leste</td>
</tr><tr bgcolor="">
<th>eq_regiao8</th>
<td>Leste 1</td>
</tr><tr bgcolor="#E3E3F3">
<th>eq_ender</th>
<td>RUA FRANCISCO COIMBRA PENHA</td>
</tr><tr bgcolor="">
<th>eq_num</th>
<td>403</td>
</tr><tr bgcolor="#E3E3F3">
<th>eq_compend</th>
<td>RUA</td>
</tr><tr bgcolor="">
<th>eq_codcep</th>
<td>03639000</td>
</tr><tr bgcolor="#E3E3F3">
<th>eq_fone1</th>
<td>1121350300</td>
</tr><tr bgcolor="">
<th>eq_fone2</th>
<td></td>
</tr><tr bgcolor="#E3E3F3">
<th>eq_email</th>
<td>SUPERVISAOEDUC@SP.SENAC.BR</td>
</tr><tr bgcolor="">
<th>eq_cd_dirt</th>
<td>10207</td>
</tr><tr bgcolor="#E3E3F3">
<th>eq_diretor</th>
<td>LESTE 1</td>
</tr><tr bgcolor="">
<th>eq_dre</th>
<td>PENHA</td>
</tr><tr bgcolor="#E3E3F3">
<th>eq_cd_zona</th>
<td>1</td>
</tr><tr bgcolor="">
<th>eq_zona</th>
<td>Urbana</td>
</tr><tr bgcolor="#E3E3F3">
<th>eq_cd_mec</th>
<td>35149135</td>
</tr><tr bgcolor="">
<th>eq_esfera</th>
<td>PRIVADA</td>
</tr><tr bgcolor="#E3E3F3">
<th>eq_cd_catg</th>
<td>1</td>
</tr><tr bgcolor="">
<th>eq_categor</th>
<td>ESCOLAS AUTONOMAS</td>
</tr><tr bgcolor="#E3E3F3">
<th>eq_eol</th>
<td>35149135</td>
</tr><tr bgcolor="">
<th>eq_horario</th>
<td></td>
</tr></table></center>]]></description>
			<styleUrl>#m_ylw-pushpin</styleUrl>
			<ExtendedData>
				<SchemaData schemaUrl="#kml_schema_ft_LL_WGS84_KMZ_TEMA_EDUCACAO_SENAI-SESI-SENAC">
					<SimpleData name="eq_id">3114</SimpleData>
					<SimpleData name="eq_nome">SENAC PENHA</SimpleData>
					<SimpleData name="eq_enderec">RUA FRANCISCO COIMBRA PENHA 403</SimpleData>
					<SimpleData name="eq_bairro">PENHA</SimpleData>
					<SimpleData name="eq_cep">03639000</SimpleData>
					<SimpleData name="eq_tipo">SENAC</SimpleData>
					<SimpleData name="eq_classe">SENAI-SESI-SENAC</SimpleData>
					<SimpleData name="eq_telefon">1121350300 /</SimpleData>
					<SimpleData name="eq_setor">355030859000081</SimpleData>
					<SimpleData name="eq_areap">3550308005071</SimpleData>
					<SimpleData name="eq_cd_dist">59</SimpleData>
					<SimpleData name="eq_distr">PENHA</SimpleData>
					<SimpleData name="eq_cd_subp">21</SimpleData>
					<SimpleData name="eq_subpref">PENHA</SimpleData>
					<SimpleData name="eq_regiao5">Leste</SimpleData>
					<SimpleData name="eq_regiao8">Leste 1</SimpleData>
					<SimpleData name="eq_ender">RUA FRANCISCO COIMBRA PENHA</SimpleData>
					<SimpleData name="eq_num">403</SimpleData>
					<SimpleData name="eq_compend">RUA</SimpleData>
					<SimpleData name="eq_codcep">03639000</SimpleData>
					<SimpleData name="eq_fone1">1121350300</SimpleData>
					<SimpleData name="eq_email">SUPERVISAOEDUC@SP.SENAC.BR</SimpleData>
					<SimpleData name="eq_cd_dirt">10207</SimpleData>
					<SimpleData name="eq_diretor">LESTE 1</SimpleData>
					<SimpleData name="eq_dre">PENHA</SimpleData>
					<SimpleData name="eq_cd_zona">1</SimpleData>
					<SimpleData name="eq_zona">Urbana</SimpleData>
					<SimpleData name="eq_cd_mec">35149135</SimpleData>
					<SimpleData name="eq_esfera">PRIVADA</SimpleData>
					<SimpleData name="eq_cd_catg">1</SimpleData>
					<SimpleData name="eq_categor">ESCOLAS AUTONOMAS</SimpleData>
					<SimpleData name="eq_eol">35149135</SimpleData>
				</SchemaData>
			</ExtendedData>
			<Point>
				<coordinates>-46.5409855873738,-23.5266145790782,0</coordinates>
			</Point>
		</Placemark>
		<Placemark id="kml_39">
			<name>kml_39</name>
			<snippet></snippet>
			<description><![CDATA[<center><table><tr><th colspan='2' align='center'><em>Attributes</em></th></tr><tr bgcolor="#E3E3F3">
<th>eq_id</th>
<td>3911</td>
</tr><tr bgcolor="">
<th>eq_nome</th>
<td>INFORMATICA ESCOLA SENAI</td>
</tr><tr bgcolor="#E3E3F3">
<th>eq_enderec</th>
<td>ALAMEDA BARAO DE LIMEIRA 539</td>
</tr><tr bgcolor="">
<th>eq_bairro</th>
<td>CAMPOS ELISEOS</td>
</tr><tr bgcolor="#E3E3F3">
<th>eq_cep</th>
<td>01202000</td>
</tr><tr bgcolor="">
<th>eq_tipo</th>
<td>SENAI</td>
</tr><tr bgcolor="#E3E3F3">
<th>eq_classe</th>
<td>SENAI-SESI-SENAC</td>
</tr><tr bgcolor="">
<th>eq_telefon</th>
<td>1132735000 / </td>
</tr><tr bgcolor="#E3E3F3">
<th>eq_setor</th>
<td>355030869000061</td>
</tr><tr bgcolor="">
<th>eq_areap</th>
<td>3550308005014</td>
</tr><tr bgcolor="#E3E3F3">
<th>eq_cd_dist</th>
<td>69</td>
</tr><tr bgcolor="">
<th>eq_distr</th>
<td>SANTA CECILIA</td>
</tr><tr bgcolor="#E3E3F3">
<th>eq_cd_subp</th>
<td>9</td>
</tr><tr bgcolor="">
<th>eq_subpref</th>
<td>SE</td>
</tr><tr bgcolor="#E3E3F3">
<th>eq_regiao5</th>
<td>Centro</td>
</tr><tr bgcolor="">
<th>eq_regiao8</th>
<td>Centro</td>
</tr><tr bgcolor="#E3E3F3">
<th>eq_ender</th>
<td>ALAMEDA BARAO DE LIMEIRA</td>
</tr><tr bgcolor="">
<th>eq_num</th>
<td>539</td>
</tr><tr bgcolor="#E3E3F3">
<th>eq_compend</th>
<td>ALAMEDA</td>
</tr><tr bgcolor="">
<th>eq_codcep</th>
<td>01202000</td>
</tr><tr bgcolor="#E3E3F3">
<th>eq_fone1</th>
<td>1132735000</td>
</tr><tr bgcolor="">
<th>eq_fone2</th>
<td></td>
</tr><tr bgcolor="#E3E3F3">
<th>eq_email</th>
<td>SENAIINFORMATICA@SP.SENAI.BR</td>
</tr><tr bgcolor="">
<th>eq_cd_dirt</th>
<td>10102</td>
</tr><tr bgcolor="#E3E3F3">
<th>eq_diretor</th>
<td>CENTRO</td>
</tr><tr bgcolor="">
<th>eq_dre</th>
<td>IPIRANGA</td>
</tr><tr bgcolor="#E3E3F3">
<th>eq_cd_zona</th>
<td>1</td>
</tr><tr bgcolor="">
<th>eq_zona</th>
<td>Urbana</td>
</tr><tr bgcolor="#E3E3F3">
<th>eq_cd_mec</th>
<td>35192351</td>
</tr><tr bgcolor="">
<th>eq_esfera</th>
<td>PRIVADA</td>
</tr><tr bgcolor="#E3E3F3">
<th>eq_cd_catg</th>
<td>1</td>
</tr><tr bgcolor="">
<th>eq_categor</th>
<td>ESCOLAS AUTONOMAS</td>
</tr><tr bgcolor="#E3E3F3">
<th>eq_eol</th>
<td>35192351</td>
</tr><tr bgcolor="">
<th>eq_horario</th>
<td></td>
</tr></table></center>]]></description>
			<styleUrl>#m_ylw-pushpin</styleUrl>
			<ExtendedData>
				<SchemaData schemaUrl="#kml_schema_ft_LL_WGS84_KMZ_TEMA_EDUCACAO_SENAI-SESI-SENAC">
					<SimpleData name="eq_id">3911</SimpleData>
					<SimpleData name="eq_nome">INFORMATICA ESCOLA SENAI</SimpleData>
					<SimpleData name="eq_enderec">ALAMEDA BARAO DE LIMEIRA 539</SimpleData>
					<SimpleData name="eq_bairro">CAMPOS ELISEOS</SimpleData>
					<SimpleData name="eq_cep">01202000</SimpleData>
					<SimpleData name="eq_tipo">SENAI</SimpleData>
					<SimpleData name="eq_classe">SENAI-SESI-SENAC</SimpleData>
					<SimpleData name="eq_telefon">1132735000 /</SimpleData>
					<SimpleData name="eq_setor">355030869000061</SimpleData>
					<SimpleData name="eq_areap">3550308005014</SimpleData>
					<SimpleData name="eq_cd_dist">69</SimpleData>
					<SimpleData name="eq_distr">SANTA CECILIA</SimpleData>
					<SimpleData name="eq_cd_subp">9</SimpleData>
					<SimpleData name="eq_subpref">SE</SimpleData>
					<SimpleData name="eq_regiao5">Centro</SimpleData>
					<SimpleData name="eq_regiao8">Centro</SimpleData>
					<SimpleData name="eq_ender">ALAMEDA BARAO DE LIMEIRA</SimpleData>
					<SimpleData name="eq_num">539</SimpleData>
					<SimpleData name="eq_compend">ALAMEDA</SimpleData>
					<SimpleData name="eq_codcep">01202000</SimpleData>
					<SimpleData name="eq_fone1">1132735000</SimpleData>
					<SimpleData name="eq_email">SENAIINFORMATICA@SP.SENAI.BR</SimpleData>
					<SimpleData name="eq_cd_dirt">10102</SimpleData>
					<SimpleData name="eq_diretor">CENTRO</SimpleData>
					<SimpleData name="eq_dre">IPIRANGA</SimpleData>
					<SimpleData name="eq_cd_zona">1</SimpleData>
					<SimpleData name="eq_zona">Urbana</SimpleData>
					<SimpleData name="eq_cd_mec">35192351</SimpleData>
					<SimpleData name="eq_esfera">PRIVADA</SimpleData>
					<SimpleData name="eq_cd_catg">1</SimpleData>
					<SimpleData name="eq_categor">ESCOLAS AUTONOMAS</SimpleData>
					<SimpleData name="eq_eol">35192351</SimpleData>
				</SchemaData>
			</ExtendedData>
			<Point>
				<coordinates>-46.6464095055569,-23.5365573554801,0</coordinates>
			</Point>
		</Placemark>
		<Placemark id="kml_40">
			<name>kml_40</name>
			<snippet></snippet>
			<description><![CDATA[<center><table><tr><th colspan='2' align='center'><em>Attributes</em></th></tr><tr bgcolor="#E3E3F3">
<th>eq_id</th>
<td>4491</td>
</tr><tr bgcolor="">
<th>eq_nome</th>
<td>SENAC NACOES UNIDAS</td>
</tr><tr bgcolor="#E3E3F3">
<th>eq_enderec</th>
<td>EUSEBIO STEVAUX ENGENHEIRO 823</td>
</tr><tr bgcolor="">
<th>eq_bairro</th>
<td>JURUBATUBA</td>
</tr><tr bgcolor="#E3E3F3">
<th>eq_cep</th>
<td>04696000</td>
</tr><tr bgcolor="">
<th>eq_tipo</th>
<td>SENAC</td>
</tr><tr bgcolor="#E3E3F3">
<th>eq_classe</th>
<td>SENAI-SESI-SENAC</td>
</tr><tr bgcolor="">
<th>eq_telefon</th>
<td>1156827300 / </td>
</tr><tr bgcolor="#E3E3F3">
<th>eq_setor</th>
<td>355030816000067</td>
</tr><tr bgcolor="">
<th>eq_areap</th>
<td>3550308005171</td>
</tr><tr bgcolor="#E3E3F3">
<th>eq_cd_dist</th>
<td>16</td>
</tr><tr bgcolor="">
<th>eq_distr</th>
<td>CAMPO GRANDE</td>
</tr><tr bgcolor="#E3E3F3">
<th>eq_cd_subp</th>
<td>14</td>
</tr><tr bgcolor="">
<th>eq_subpref</th>
<td>SANTO AMARO</td>
</tr><tr bgcolor="#E3E3F3">
<th>eq_regiao5</th>
<td>Sul</td>
</tr><tr bgcolor="">
<th>eq_regiao8</th>
<td>Sul 2</td>
</tr><tr bgcolor="#E3E3F3">
<th>eq_ender</th>
<td>EUSEBIO STEVAUX ENGENHEIRO</td>
</tr><tr bgcolor="">
<th>eq_num</th>
<td>823</td>
</tr><tr bgcolor="#E3E3F3">
<th>eq_compend</th>
<td>AVENIDA</td>
</tr><tr bgcolor="">
<th>eq_codcep</th>
<td>04696000</td>
</tr><tr bgcolor="#E3E3F3">
<th>eq_fone1</th>
<td>1156827300</td>
</tr><tr bgcolor="">
<th>eq_fone2</th>
<td></td>
</tr><tr bgcolor="#E3E3F3">
<th>eq_email</th>
<td>SUPERVISAOEDUC@SP.SENAC.BR</td>
</tr><tr bgcolor="">
<th>eq_cd_dirt</th>
<td>10317</td>
</tr><tr bgcolor="#E3E3F3">
<th>eq_diretor</th>
<td>SUL 1</td>
</tr><tr bgcolor="">
<th>eq_dre</th>
<td>SANTO AMARO</td>
</tr><tr bgcolor="#E3E3F3">
<th>eq_cd_zona</th>
<td></td>
</tr><tr bgcolor="">
<th>eq_zona</th>
<td></td>
</tr><tr bgcolor="#E3E3F3">
<th>eq_cd_mec</th>
<td>35269025</td>
</tr><tr bgcolor="">
<th>eq_esfera</th>
<td>PRIVADA</td>
</tr><tr bgcolor="#E3E3F3">
<th>eq_cd_catg</th>
<td>1</td>
</tr><tr bgcolor="">
<th>eq_categor</th>
<td>ESCOLAS AUTONOMAS</td>
</tr><tr bgcolor="#E3E3F3">
<th>eq_eol</th>
<td>35269025</td>
</tr><tr bgcolor="">
<th>eq_horario</th>
<td></td>
</tr></table></center>]]></description>
			<styleUrl>#m_ylw-pushpin</styleUrl>
			<ExtendedData>
				<SchemaData schemaUrl="#kml_schema_ft_LL_WGS84_KMZ_TEMA_EDUCACAO_SENAI-SESI-SENAC">
					<SimpleData name="eq_id">4491</SimpleData>
					<SimpleData name="eq_nome">SENAC NACOES UNIDAS</SimpleData>
					<SimpleData name="eq_enderec">EUSEBIO STEVAUX ENGENHEIRO 823</SimpleData>
					<SimpleData name="eq_bairro">JURUBATUBA</SimpleData>
					<SimpleData name="eq_cep">04696000</SimpleData>
					<SimpleData name="eq_tipo">SENAC</SimpleData>
					<SimpleData name="eq_classe">SENAI-SESI-SENAC</SimpleData>
					<SimpleData name="eq_telefon">1156827300 /</SimpleData>
					<SimpleData name="eq_setor">355030816000067</SimpleData>
					<SimpleData name="eq_areap">3550308005171</SimpleData>
					<SimpleData name="eq_cd_dist">16</SimpleData>
					<SimpleData name="eq_distr">CAMPO GRANDE</SimpleData>
					<SimpleData name="eq_cd_subp">14</SimpleData>
					<SimpleData name="eq_subpref">SANTO AMARO</SimpleData>
					<SimpleData name="eq_regiao5">Sul</SimpleData>
					<SimpleData name="eq_regiao8">Sul 2</SimpleData>
					<SimpleData name="eq_ender">EUSEBIO STEVAUX ENGENHEIRO</SimpleData>
					<SimpleData name="eq_num">823</SimpleData>
					<SimpleData name="eq_compend">AVENIDA</SimpleData>
					<SimpleData name="eq_codcep">04696000</SimpleData>
					<SimpleData name="eq_fone1">1156827300</SimpleData>
					<SimpleData name="eq_email">SUPERVISAOEDUC@SP.SENAC.BR</SimpleData>
					<SimpleData name="eq_cd_dirt">10317</SimpleData>
					<SimpleData name="eq_diretor">SUL 1</SimpleData>
					<SimpleData name="eq_dre">SANTO AMARO</SimpleData>
					<SimpleData name="eq_cd_mec">35269025</SimpleData>
					<SimpleData name="eq_esfera">PRIVADA</SimpleData>
					<SimpleData name="eq_cd_catg">1</SimpleData>
					<SimpleData name="eq_categor">ESCOLAS AUTONOMAS</SimpleData>
					<SimpleData name="eq_eol">35269025</SimpleData>
				</SchemaData>
			</ExtendedData>
			<Point>
				<coordinates>-46.7021904000007,-23.6687202496069,0</coordinates>
			</Point>
		</Placemark>
		<Placemark id="kml_41">
			<name>kml_41</name>
			<snippet></snippet>
			<description><![CDATA[<center><table><tr><th colspan='2' align='center'><em>Attributes</em></th></tr><tr bgcolor="#E3E3F3">
<th>eq_id</th>
<td>4618</td>
</tr><tr bgcolor="">
<th>eq_nome</th>
<td>SENAC LAPA TITO</td>
</tr><tr bgcolor="#E3E3F3">
<th>eq_enderec</th>
<td>TITO 54</td>
</tr><tr bgcolor="">
<th>eq_bairro</th>
<td>VILA ROMANA</td>
</tr><tr bgcolor="#E3E3F3">
<th>eq_cep</th>
<td>05051000</td>
</tr><tr bgcolor="">
<th>eq_tipo</th>
<td>SENAC</td>
</tr><tr bgcolor="#E3E3F3">
<th>eq_classe</th>
<td>SENAI-SESI-SENAC</td>
</tr><tr bgcolor="">
<th>eq_telefon</th>
<td>1128885500 / </td>
</tr><tr bgcolor="#E3E3F3">
<th>eq_setor</th>
<td>355030848000099</td>
</tr><tr bgcolor="">
<th>eq_areap</th>
<td>3550308005059</td>
</tr><tr bgcolor="#E3E3F3">
<th>eq_cd_dist</th>
<td>48</td>
</tr><tr bgcolor="">
<th>eq_distr</th>
<td>LAPA</td>
</tr><tr bgcolor="#E3E3F3">
<th>eq_cd_subp</th>
<td>8</td>
</tr><tr bgcolor="">
<th>eq_subpref</th>
<td>LAPA</td>
</tr><tr bgcolor="#E3E3F3">
<th>eq_regiao5</th>
<td>Oeste</td>
</tr><tr bgcolor="">
<th>eq_regiao8</th>
<td>Oeste</td>
</tr><tr bgcolor="#E3E3F3">
<th>eq_ender</th>
<td>TITO</td>
</tr><tr bgcolor="">
<th>eq_num</th>
<td>54</td>
</tr><tr bgcolor="#E3E3F3">
<th>eq_compend</th>
<td>RUA</td>
</tr><tr bgcolor="">
<th>eq_codcep</th>
<td>05051000</td>
</tr><tr bgcolor="#E3E3F3">
<th>eq_fone1</th>
<td>1128885500</td>
</tr><tr bgcolor="">
<th>eq_fone2</th>
<td></td>
</tr><tr bgcolor="#E3E3F3">
<th>eq_email</th>
<td>SUPERVISAOEDUC@SP.SENAC.BR</td>
</tr><tr bgcolor="">
<th>eq_cd_dirt</th>
<td>10312</td>
</tr><tr bgcolor="#E3E3F3">
<th>eq_diretor</th>
<td>CENTRO OESTE</td>
</tr><tr bgcolor="">
<th>eq_dre</th>
<td>PIRITUBA</td>
</tr><tr bgcolor="#E3E3F3">
<th>eq_cd_zona</th>
<td></td>
</tr><tr bgcolor="">
<th>eq_zona</th>
<td></td>
</tr><tr bgcolor="#E3E3F3">
<th>eq_cd_mec</th>
<td>35287258</td>
</tr><tr bgcolor="">
<th>eq_esfera</th>
<td>PRIVADA</td>
</tr><tr bgcolor="#E3E3F3">
<th>eq_cd_catg</th>
<td>1</td>
</tr><tr bgcolor="">
<th>eq_categor</th>
<td>ESCOLAS AUTONOMAS</td>
</tr><tr bgcolor="#E3E3F3">
<th>eq_eol</th>
<td>35287258</td>
</tr><tr bgcolor="">
<th>eq_horario</th>
<td></td>
</tr></table></center>]]></description>
			<styleUrl>#m_ylw-pushpin</styleUrl>
			<ExtendedData>
				<SchemaData schemaUrl="#kml_schema_ft_LL_WGS84_KMZ_TEMA_EDUCACAO_SENAI-SESI-SENAC">
					<SimpleData name="eq_id">4618</SimpleData>
					<SimpleData name="eq_nome">SENAC LAPA TITO</SimpleData>
					<SimpleData name="eq_enderec">TITO 54</SimpleData>
					<SimpleData name="eq_bairro">VILA ROMANA</SimpleData>
					<SimpleData name="eq_cep">05051000</SimpleData>
					<SimpleData name="eq_tipo">SENAC</SimpleData>
					<SimpleData name="eq_classe">SENAI-SESI-SENAC</SimpleData>
					<SimpleData name="eq_telefon">1128885500 /</SimpleData>
					<SimpleData name="eq_setor">355030848000099</SimpleData>
					<SimpleData name="eq_areap">3550308005059</SimpleData>
					<SimpleData name="eq_cd_dist">48</SimpleData>
					<SimpleData name="eq_distr">LAPA</SimpleData>
					<SimpleData name="eq_cd_subp">8</SimpleData>
					<SimpleData name="eq_subpref">LAPA</SimpleData>
					<SimpleData name="eq_regiao5">Oeste</SimpleData>
					<SimpleData name="eq_regiao8">Oeste</SimpleData>
					<SimpleData name="eq_ender">TITO</SimpleData>
					<SimpleData name="eq_num">54</SimpleData>
					<SimpleData name="eq_compend">RUA</SimpleData>
					<SimpleData name="eq_codcep">05051000</SimpleData>
					<SimpleData name="eq_fone1">1128885500</SimpleData>
					<SimpleData name="eq_email">SUPERVISAOEDUC@SP.SENAC.BR</SimpleData>
					<SimpleData name="eq_cd_dirt">10312</SimpleData>
					<SimpleData name="eq_diretor">CENTRO OESTE</SimpleData>
					<SimpleData name="eq_dre">PIRITUBA</SimpleData>
					<SimpleData name="eq_cd_mec">35287258</SimpleData>
					<SimpleData name="eq_esfera">PRIVADA</SimpleData>
					<SimpleData name="eq_cd_catg">1</SimpleData>
					<SimpleData name="eq_categor">ESCOLAS AUTONOMAS</SimpleData>
					<SimpleData name="eq_eol">35287258</SimpleData>
				</SchemaData>
			</ExtendedData>
			<Point>
				<coordinates>-46.69170181151809,-23.5278591642836,0</coordinates>
			</Point>
		</Placemark>
		<Placemark id="kml_42">
			<name>kml_42</name>
			<snippet></snippet>
			<description><![CDATA[<center><table><tr><th colspan='2' align='center'><em>Attributes</em></th></tr><tr bgcolor="#E3E3F3">
<th>eq_id</th>
<td>5040</td>
</tr><tr bgcolor="">
<th>eq_nome</th>
<td>SESI 036 CENTRO DE EDUCACAO INFANTIL</td>
</tr><tr bgcolor="#E3E3F3">
<th>eq_enderec</th>
<td>VASCO CINQUINI 68</td>
</tr><tr bgcolor="">
<th>eq_bairro</th>
<td>VILA BIANCA</td>
</tr><tr bgcolor="#E3E3F3">
<th>eq_cep</th>
<td>02022000</td>
</tr><tr bgcolor="">
<th>eq_tipo</th>
<td>SESI - CEI</td>
</tr><tr bgcolor="#E3E3F3">
<th>eq_classe</th>
<td>SENAI-SESI-SENAC</td>
</tr><tr bgcolor="">
<th>eq_telefon</th>
<td>1122818068 / 1122818389</td>
</tr><tr bgcolor="#E3E3F3">
<th>eq_setor</th>
<td>355030870000060</td>
</tr><tr bgcolor="">
<th>eq_areap</th>
<td>3550308005064</td>
</tr><tr bgcolor="#E3E3F3">
<th>eq_cd_dist</th>
<td>70</td>
</tr><tr bgcolor="">
<th>eq_distr</th>
<td>SANTANA</td>
</tr><tr bgcolor="#E3E3F3">
<th>eq_cd_subp</th>
<td>5</td>
</tr><tr bgcolor="">
<th>eq_subpref</th>
<td>SANTANA-TUCURUVI</td>
</tr><tr bgcolor="#E3E3F3">
<th>eq_regiao5</th>
<td>Norte</td>
</tr><tr bgcolor="">
<th>eq_regiao8</th>
<td>Norte 1</td>
</tr><tr bgcolor="#E3E3F3">
<th>eq_ender</th>
<td>VASCO CINQUINI</td>
</tr><tr bgcolor="">
<th>eq_num</th>
<td>68</td>
</tr><tr bgcolor="#E3E3F3">
<th>eq_compend</th>
<td>RUA</td>
</tr><tr bgcolor="">
<th>eq_codcep</th>
<td>02022000</td>
</tr><tr bgcolor="#E3E3F3">
<th>eq_fone1</th>
<td>1122818068</td>
</tr><tr bgcolor="">
<th>eq_fone2</th>
<td>1122818389</td>
</tr><tr bgcolor="#E3E3F3">
<th>eq_email</th>
<td>CEI36@SESISP.ORG.BR</td>
</tr><tr bgcolor="">
<th>eq_cd_dirt</th>
<td>10102</td>
</tr><tr bgcolor="#E3E3F3">
<th>eq_diretor</th>
<td>CENTRO</td>
</tr><tr bgcolor="">
<th>eq_dre</th>
<td>JACANA/TREMEMBE</td>
</tr><tr bgcolor="#E3E3F3">
<th>eq_cd_zona</th>
<td></td>
</tr><tr bgcolor="">
<th>eq_zona</th>
<td></td>
</tr><tr bgcolor="#E3E3F3">
<th>eq_cd_mec</th>
<td>35374283</td>
</tr><tr bgcolor="">
<th>eq_esfera</th>
<td>PRIVADA</td>
</tr><tr bgcolor="#E3E3F3">
<th>eq_cd_catg</th>
<td>1</td>
</tr><tr bgcolor="">
<th>eq_categor</th>
<td>ESCOLAS AUTONOMAS</td>
</tr><tr bgcolor="#E3E3F3">
<th>eq_eol</th>
<td>35374283</td>
</tr><tr bgcolor="">
<th>eq_horario</th>
<td></td>
</tr></table></center>]]></description>
			<styleUrl>#m_ylw-pushpin</styleUrl>
			<ExtendedData>
				<SchemaData schemaUrl="#kml_schema_ft_LL_WGS84_KMZ_TEMA_EDUCACAO_SENAI-SESI-SENAC">
					<SimpleData name="eq_id">5040</SimpleData>
					<SimpleData name="eq_nome">SESI 036 CENTRO DE EDUCACAO INFANTIL</SimpleData>
					<SimpleData name="eq_enderec">VASCO CINQUINI 68</SimpleData>
					<SimpleData name="eq_bairro">VILA BIANCA</SimpleData>
					<SimpleData name="eq_cep">02022000</SimpleData>
					<SimpleData name="eq_tipo">SESI - CEI</SimpleData>
					<SimpleData name="eq_classe">SENAI-SESI-SENAC</SimpleData>
					<SimpleData name="eq_telefon">1122818068 / 1122818389</SimpleData>
					<SimpleData name="eq_setor">355030870000060</SimpleData>
					<SimpleData name="eq_areap">3550308005064</SimpleData>
					<SimpleData name="eq_cd_dist">70</SimpleData>
					<SimpleData name="eq_distr">SANTANA</SimpleData>
					<SimpleData name="eq_cd_subp">5</SimpleData>
					<SimpleData name="eq_subpref">SANTANA-TUCURUVI</SimpleData>
					<SimpleData name="eq_regiao5">Norte</SimpleData>
					<SimpleData name="eq_regiao8">Norte 1</SimpleData>
					<SimpleData name="eq_ender">VASCO CINQUINI</SimpleData>
					<SimpleData name="eq_num">68</SimpleData>
					<SimpleData name="eq_compend">RUA</SimpleData>
					<SimpleData name="eq_codcep">02022000</SimpleData>
					<SimpleData name="eq_fone1">1122818068</SimpleData>
					<SimpleData name="eq_fone2">1122818389</SimpleData>
					<SimpleData name="eq_email">CEI36@SESISP.ORG.BR</SimpleData>
					<SimpleData name="eq_cd_dirt">10102</SimpleData>
					<SimpleData name="eq_diretor">CENTRO</SimpleData>
					<SimpleData name="eq_dre">JACANA/TREMEMBE</SimpleData>
					<SimpleData name="eq_cd_mec">35374283</SimpleData>
					<SimpleData name="eq_esfera">PRIVADA</SimpleData>
					<SimpleData name="eq_cd_catg">1</SimpleData>
					<SimpleData name="eq_categor">ESCOLAS AUTONOMAS</SimpleData>
					<SimpleData name="eq_eol">35374283</SimpleData>
				</SchemaData>
			</ExtendedData>
			<Point>
				<coordinates>-46.6360573378068,-23.5040252030017,0</coordinates>
			</Point>
		</Placemark>
		<Placemark id="kml_43">
			<name>kml_43</name>
			<snippet></snippet>
			<description><![CDATA[<center><table><tr><th colspan='2' align='center'><em>Attributes</em></th></tr><tr bgcolor="#E3E3F3">
<th>eq_id</th>
<td>5228</td>
</tr><tr bgcolor="">
<th>eq_nome</th>
<td>SESI 434 CENTRO EDUCACIONAL</td>
</tr><tr bgcolor="#E3E3F3">
<th>eq_enderec</th>
<td>SERRA DE BRAGANCA 990</td>
</tr><tr bgcolor="">
<th>eq_bairro</th>
<td>VILA GOMES CARDIM</td>
</tr><tr bgcolor="#E3E3F3">
<th>eq_cep</th>
<td>03318000</td>
</tr><tr bgcolor="">
<th>eq_tipo</th>
<td>SESI-CE</td>
</tr><tr bgcolor="#E3E3F3">
<th>eq_classe</th>
<td>SENAI-SESI-SENAC</td>
</tr><tr bgcolor="">
<th>eq_telefon</th>
<td>1120952372 / </td>
</tr><tr bgcolor="#E3E3F3">
<th>eq_setor</th>
<td>355030880000016</td>
</tr><tr bgcolor="">
<th>eq_areap</th>
<td>3550308005037</td>
</tr><tr bgcolor="#E3E3F3">
<th>eq_cd_dist</th>
<td>80</td>
</tr><tr bgcolor="">
<th>eq_distr</th>
<td>TATUAPE</td>
</tr><tr bgcolor="#E3E3F3">
<th>eq_cd_subp</th>
<td>25</td>
</tr><tr bgcolor="">
<th>eq_subpref</th>
<td>MOOCA</td>
</tr><tr bgcolor="#E3E3F3">
<th>eq_regiao5</th>
<td>Leste</td>
</tr><tr bgcolor="">
<th>eq_regiao8</th>
<td>Leste 1</td>
</tr><tr bgcolor="#E3E3F3">
<th>eq_ender</th>
<td>SERRA DE BRAGANCA</td>
</tr><tr bgcolor="">
<th>eq_num</th>
<td>990</td>
</tr><tr bgcolor="#E3E3F3">
<th>eq_compend</th>
<td>RUA</td>
</tr><tr bgcolor="">
<th>eq_codcep</th>
<td>03318000</td>
</tr><tr bgcolor="#E3E3F3">
<th>eq_fone1</th>
<td>1120952372</td>
</tr><tr bgcolor="">
<th>eq_fone2</th>
<td></td>
</tr><tr bgcolor="#E3E3F3">
<th>eq_email</th>
<td>CE434@SESISP.ORG.BR</td>
</tr><tr bgcolor="">
<th>eq_cd_dirt</th>
<td>10205</td>
</tr><tr bgcolor="#E3E3F3">
<th>eq_diretor</th>
<td>LESTE 5</td>
</tr><tr bgcolor="">
<th>eq_dre</th>
<td>PENHA</td>
</tr><tr bgcolor="#E3E3F3">
<th>eq_cd_zona</th>
<td></td>
</tr><tr bgcolor="">
<th>eq_zona</th>
<td></td>
</tr><tr bgcolor="#E3E3F3">
<th>eq_cd_mec</th>
<td>35419588</td>
</tr><tr bgcolor="">
<th>eq_esfera</th>
<td>PRIVADA</td>
</tr><tr bgcolor="#E3E3F3">
<th>eq_cd_catg</th>
<td>1</td>
</tr><tr bgcolor="">
<th>eq_categor</th>
<td>ESCOLAS AUTONOMAS</td>
</tr><tr bgcolor="#E3E3F3">
<th>eq_eol</th>
<td>35419588</td>
</tr><tr bgcolor="">
<th>eq_horario</th>
<td></td>
</tr></table></center>]]></description>
			<styleUrl>#m_ylw-pushpin</styleUrl>
			<ExtendedData>
				<SchemaData schemaUrl="#kml_schema_ft_LL_WGS84_KMZ_TEMA_EDUCACAO_SENAI-SESI-SENAC">
					<SimpleData name="eq_id">5228</SimpleData>
					<SimpleData name="eq_nome">SESI 434 CENTRO EDUCACIONAL</SimpleData>
					<SimpleData name="eq_enderec">SERRA DE BRAGANCA 990</SimpleData>
					<SimpleData name="eq_bairro">VILA GOMES CARDIM</SimpleData>
					<SimpleData name="eq_cep">03318000</SimpleData>
					<SimpleData name="eq_tipo">SESI-CE</SimpleData>
					<SimpleData name="eq_classe">SENAI-SESI-SENAC</SimpleData>
					<SimpleData name="eq_telefon">1120952372 /</SimpleData>
					<SimpleData name="eq_setor">355030880000016</SimpleData>
					<SimpleData name="eq_areap">3550308005037</SimpleData>
					<SimpleData name="eq_cd_dist">80</SimpleData>
					<SimpleData name="eq_distr">TATUAPE</SimpleData>
					<SimpleData name="eq_cd_subp">25</SimpleData>
					<SimpleData name="eq_subpref">MOOCA</SimpleData>
					<SimpleData name="eq_regiao5">Leste</SimpleData>
					<SimpleData name="eq_regiao8">Leste 1</SimpleData>
					<SimpleData name="eq_ender">SERRA DE BRAGANCA</SimpleData>
					<SimpleData name="eq_num">990</SimpleData>
					<SimpleData name="eq_compend">RUA</SimpleData>
					<SimpleData name="eq_codcep">03318000</SimpleData>
					<SimpleData name="eq_fone1">1120952372</SimpleData>
					<SimpleData name="eq_email">CE434@SESISP.ORG.BR</SimpleData>
					<SimpleData name="eq_cd_dirt">10205</SimpleData>
					<SimpleData name="eq_diretor">LESTE 5</SimpleData>
					<SimpleData name="eq_dre">PENHA</SimpleData>
					<SimpleData name="eq_cd_mec">35419588</SimpleData>
					<SimpleData name="eq_esfera">PRIVADA</SimpleData>
					<SimpleData name="eq_cd_catg">1</SimpleData>
					<SimpleData name="eq_categor">ESCOLAS AUTONOMAS</SimpleData>
					<SimpleData name="eq_eol">35419588</SimpleData>
				</SchemaData>
			</ExtendedData>
			<Point>
				<coordinates>-46.5658578714702,-23.5445456499804,0</coordinates>
			</Point>
		</Placemark>
		<Placemark id="kml_44">
			<name>kml_44</name>
			<snippet></snippet>
			<description><![CDATA[<center><table><tr><th colspan='2' align='center'><em>Attributes</em></th></tr><tr bgcolor="#E3E3F3">
<th>eq_id</th>
<td>5600</td>
</tr><tr bgcolor="">
<th>eq_nome</th>
<td>SENAC ACLIMACAO</td>
</tr><tr bgcolor="#E3E3F3">
<th>eq_enderec</th>
<td>PIRES DA MOTA 838</td>
</tr><tr bgcolor="">
<th>eq_bairro</th>
<td>ACLIMACAO</td>
</tr><tr bgcolor="#E3E3F3">
<th>eq_cep</th>
<td>01529000</td>
</tr><tr bgcolor="">
<th>eq_tipo</th>
<td>SENAC</td>
</tr><tr bgcolor="#E3E3F3">
<th>eq_classe</th>
<td>SENAI-SESI-SENAC</td>
</tr><tr bgcolor="">
<th>eq_telefon</th>
<td>1137951299 / </td>
</tr><tr bgcolor="#E3E3F3">
<th>eq_setor</th>
<td>355030849000053</td>
</tr><tr bgcolor="">
<th>eq_areap</th>
<td>3550308005007</td>
</tr><tr bgcolor="#E3E3F3">
<th>eq_cd_dist</th>
<td>49</td>
</tr><tr bgcolor="">
<th>eq_distr</th>
<td>LIBERDADE</td>
</tr><tr bgcolor="#E3E3F3">
<th>eq_cd_subp</th>
<td>9</td>
</tr><tr bgcolor="">
<th>eq_subpref</th>
<td>SE</td>
</tr><tr bgcolor="#E3E3F3">
<th>eq_regiao5</th>
<td>Centro</td>
</tr><tr bgcolor="">
<th>eq_regiao8</th>
<td>Centro</td>
</tr><tr bgcolor="#E3E3F3">
<th>eq_ender</th>
<td>PIRES DA MOTA</td>
</tr><tr bgcolor="">
<th>eq_num</th>
<td>838</td>
</tr><tr bgcolor="#E3E3F3">
<th>eq_compend</th>
<td>RUA</td>
</tr><tr bgcolor="">
<th>eq_codcep</th>
<td>01529000</td>
</tr><tr bgcolor="#E3E3F3">
<th>eq_fone1</th>
<td>1137951299</td>
</tr><tr bgcolor="">
<th>eq_fone2</th>
<td></td>
</tr><tr bgcolor="#E3E3F3">
<th>eq_email</th>
<td>SUPERVISAOEDUC@SP.SENAC.BR</td>
</tr><tr bgcolor="">
<th>eq_cd_dirt</th>
<td>10316</td>
</tr><tr bgcolor="#E3E3F3">
<th>eq_diretor</th>
<td>CENTRO SUL</td>
</tr><tr bgcolor="">
<th>eq_dre</th>
<td>IPIRANGA</td>
</tr><tr bgcolor="#E3E3F3">
<th>eq_cd_zona</th>
<td></td>
</tr><tr bgcolor="">
<th>eq_zona</th>
<td></td>
</tr><tr bgcolor="#E3E3F3">
<th>eq_cd_mec</th>
<td>35449477</td>
</tr><tr bgcolor="">
<th>eq_esfera</th>
<td>PRIVADA</td>
</tr><tr bgcolor="#E3E3F3">
<th>eq_cd_catg</th>
<td>1</td>
</tr><tr bgcolor="">
<th>eq_categor</th>
<td>ESCOLAS AUTONOMAS</td>
</tr><tr bgcolor="#E3E3F3">
<th>eq_eol</th>
<td>35449477</td>
</tr><tr bgcolor="">
<th>eq_horario</th>
<td></td>
</tr></table></center>]]></description>
			<styleUrl>#m_ylw-pushpin</styleUrl>
			<ExtendedData>
				<SchemaData schemaUrl="#kml_schema_ft_LL_WGS84_KMZ_TEMA_EDUCACAO_SENAI-SESI-SENAC">
					<SimpleData name="eq_id">5600</SimpleData>
					<SimpleData name="eq_nome">SENAC ACLIMACAO</SimpleData>
					<SimpleData name="eq_enderec">PIRES DA MOTA 838</SimpleData>
					<SimpleData name="eq_bairro">ACLIMACAO</SimpleData>
					<SimpleData name="eq_cep">01529000</SimpleData>
					<SimpleData name="eq_tipo">SENAC</SimpleData>
					<SimpleData name="eq_classe">SENAI-SESI-SENAC</SimpleData>
					<SimpleData name="eq_telefon">1137951299 /</SimpleData>
					<SimpleData name="eq_setor">355030849000053</SimpleData>
					<SimpleData name="eq_areap">3550308005007</SimpleData>
					<SimpleData name="eq_cd_dist">49</SimpleData>
					<SimpleData name="eq_distr">LIBERDADE</SimpleData>
					<SimpleData name="eq_cd_subp">9</SimpleData>
					<SimpleData name="eq_subpref">SE</SimpleData>
					<SimpleData name="eq_regiao5">Centro</SimpleData>
					<SimpleData name="eq_regiao8">Centro</SimpleData>
					<SimpleData name="eq_ender">PIRES DA MOTA</SimpleData>
					<SimpleData name="eq_num">838</SimpleData>
					<SimpleData name="eq_compend">RUA</SimpleData>
					<SimpleData name="eq_codcep">01529000</SimpleData>
					<SimpleData name="eq_fone1">1137951299</SimpleData>
					<SimpleData name="eq_email">SUPERVISAOEDUC@SP.SENAC.BR</SimpleData>
					<SimpleData name="eq_cd_dirt">10316</SimpleData>
					<SimpleData name="eq_diretor">CENTRO SUL</SimpleData>
					<SimpleData name="eq_dre">IPIRANGA</SimpleData>
					<SimpleData name="eq_cd_mec">35449477</SimpleData>
					<SimpleData name="eq_esfera">PRIVADA</SimpleData>
					<SimpleData name="eq_cd_catg">1</SimpleData>
					<SimpleData name="eq_categor">ESCOLAS AUTONOMAS</SimpleData>
					<SimpleData name="eq_eol">35449477</SimpleData>
				</SchemaData>
			</ExtendedData>
			<Point>
				<coordinates>-46.63628753890309,-23.5685334735853,0</coordinates>
			</Point>
		</Placemark>
		<Placemark id="kml_45">
			<name>kml_45</name>
			<snippet></snippet>
			<description><![CDATA[<center><table><tr><th colspan='2' align='center'><em>Attributes</em></th></tr><tr bgcolor="#E3E3F3">
<th>eq_id</th>
<td>5786</td>
</tr><tr bgcolor="">
<th>eq_nome</th>
<td>SENAC JARDIM PRIMAVERA</td>
</tr><tr bgcolor="#E3E3F3">
<th>eq_enderec</th>
<td>RUA MANOEL ALVES SOARES 1100</td>
</tr><tr bgcolor="">
<th>eq_bairro</th>
<td>INTERLAGOS</td>
</tr><tr bgcolor="#E3E3F3">
<th>eq_cep</th>
<td>04821000</td>
</tr><tr bgcolor="">
<th>eq_tipo</th>
<td>SENAC</td>
</tr><tr bgcolor="#E3E3F3">
<th>eq_classe</th>
<td>SENAI-SESI-SENAC</td>
</tr><tr bgcolor="">
<th>eq_telefon</th>
<td>1156629300 / </td>
</tr><tr bgcolor="#E3E3F3">
<th>eq_setor</th>
<td>355030823000111</td>
</tr><tr bgcolor="">
<th>eq_areap</th>
<td>3550308005218</td>
</tr><tr bgcolor="#E3E3F3">
<th>eq_cd_dist</th>
<td>23</td>
</tr><tr bgcolor="">
<th>eq_distr</th>
<td>CIDADE DUTRA</td>
</tr><tr bgcolor="#E3E3F3">
<th>eq_cd_subp</th>
<td>19</td>
</tr><tr bgcolor="">
<th>eq_subpref</th>
<td>CAPELA DO SOCORRO</td>
</tr><tr bgcolor="#E3E3F3">
<th>eq_regiao5</th>
<td>Sul</td>
</tr><tr bgcolor="">
<th>eq_regiao8</th>
<td>Sul 2</td>
</tr><tr bgcolor="#E3E3F3">
<th>eq_ender</th>
<td>RUA MANOEL ALVES SOARES</td>
</tr><tr bgcolor="">
<th>eq_num</th>
<td>1100</td>
</tr><tr bgcolor="#E3E3F3">
<th>eq_compend</th>
<td>AVENIDA</td>
</tr><tr bgcolor="">
<th>eq_codcep</th>
<td>04821000</td>
</tr><tr bgcolor="#E3E3F3">
<th>eq_fone1</th>
<td>1156629300</td>
</tr><tr bgcolor="">
<th>eq_fone2</th>
<td></td>
</tr><tr bgcolor="#E3E3F3">
<th>eq_email</th>
<td>SUPERVISAOEDUC@SP.SENAC.BR</td>
</tr><tr bgcolor="">
<th>eq_cd_dirt</th>
<td>10318</td>
</tr><tr bgcolor="#E3E3F3">
<th>eq_diretor</th>
<td>SUL 3</td>
</tr><tr bgcolor="">
<th>eq_dre</th>
<td>CAPELA DO SOCORRO</td>
</tr><tr bgcolor="#E3E3F3">
<th>eq_cd_zona</th>
<td></td>
</tr><tr bgcolor="">
<th>eq_zona</th>
<td></td>
</tr><tr bgcolor="#E3E3F3">
<th>eq_cd_mec</th>
<td>35463536</td>
</tr><tr bgcolor="">
<th>eq_esfera</th>
<td>PRIVADA</td>
</tr><tr bgcolor="#E3E3F3">
<th>eq_cd_catg</th>
<td>1</td>
</tr><tr bgcolor="">
<th>eq_categor</th>
<td>ESCOLAS AUTONOMAS</td>
</tr><tr bgcolor="#E3E3F3">
<th>eq_eol</th>
<td>35463536</td>
</tr><tr bgcolor="">
<th>eq_horario</th>
<td></td>
</tr></table></center>]]></description>
			<styleUrl>#m_ylw-pushpin</styleUrl>
			<ExtendedData>
				<SchemaData schemaUrl="#kml_schema_ft_LL_WGS84_KMZ_TEMA_EDUCACAO_SENAI-SESI-SENAC">
					<SimpleData name="eq_id">5786</SimpleData>
					<SimpleData name="eq_nome">SENAC JARDIM PRIMAVERA</SimpleData>
					<SimpleData name="eq_enderec">RUA MANOEL ALVES SOARES 1100</SimpleData>
					<SimpleData name="eq_bairro">INTERLAGOS</SimpleData>
					<SimpleData name="eq_cep">04821000</SimpleData>
					<SimpleData name="eq_tipo">SENAC</SimpleData>
					<SimpleData name="eq_classe">SENAI-SESI-SENAC</SimpleData>
					<SimpleData name="eq_telefon">1156629300 /</SimpleData>
					<SimpleData name="eq_setor">355030823000111</SimpleData>
					<SimpleData name="eq_areap">3550308005218</SimpleData>
					<SimpleData name="eq_cd_dist">23</SimpleData>
					<SimpleData name="eq_distr">CIDADE DUTRA</SimpleData>
					<SimpleData name="eq_cd_subp">19</SimpleData>
					<SimpleData name="eq_subpref">CAPELA DO SOCORRO</SimpleData>
					<SimpleData name="eq_regiao5">Sul</SimpleData>
					<SimpleData name="eq_regiao8">Sul 2</SimpleData>
					<SimpleData name="eq_ender">RUA MANOEL ALVES SOARES</SimpleData>
					<SimpleData name="eq_num">1100</SimpleData>
					<SimpleData name="eq_compend">AVENIDA</SimpleData>
					<SimpleData name="eq_codcep">04821000</SimpleData>
					<SimpleData name="eq_fone1">1156629300</SimpleData>
					<SimpleData name="eq_email">SUPERVISAOEDUC@SP.SENAC.BR</SimpleData>
					<SimpleData name="eq_cd_dirt">10318</SimpleData>
					<SimpleData name="eq_diretor">SUL 3</SimpleData>
					<SimpleData name="eq_dre">CAPELA DO SOCORRO</SimpleData>
					<SimpleData name="eq_cd_mec">35463536</SimpleData>
					<SimpleData name="eq_esfera">PRIVADA</SimpleData>
					<SimpleData name="eq_cd_catg">1</SimpleData>
					<SimpleData name="eq_categor">ESCOLAS AUTONOMAS</SimpleData>
					<SimpleData name="eq_eol">35463536</SimpleData>
				</SchemaData>
			</ExtendedData>
			<Point>
				<coordinates>-46.6827494674639,-23.7261621295445,0</coordinates>
			</Point>
		</Placemark>
	</Folder>
</Document>
</kml>
